2025-12-22 20:53:14,469 ----------------------------------------------------------------------------------------------------
2025-12-22 20:53:14,469 Model: "SequenceTagger(
  (embeddings): StackedEmbeddings(
    (list_embedding_0): OneHotEmbeddings(
      (embedding_layer): Embedding(2466, 300)
    )
  )
  (word_dropout): WordDropout(p=0.05)
  (locked_dropout): LockedDropout(p=0.5)
  (embedding2nn): Linear(in_features=300, out_features=300, bias=True)
  (rnn): LSTM(300, 256, batch_first=True, bidirectional=True)
  (linear): Linear(in_features=512, out_features=18, bias=True)
  (loss_function): ViterbiLoss()
  (crf): CRF()
)"
2025-12-22 20:53:14,469 ----------------------------------------------------------------------------------------------------
2025-12-22 20:53:14,469 Corpus: 412 train + 146 dev + 136 test sentences
2025-12-22 20:53:14,470 ----------------------------------------------------------------------------------------------------
2025-12-22 20:53:14,470 Train:  412 sentences
2025-12-22 20:53:14,470         (train_with_dev=False, train_with_test=False)
2025-12-22 20:53:14,470 ----------------------------------------------------------------------------------------------------
2025-12-22 20:53:14,470 Training Params:
2025-12-22 20:53:14,470  - learning_rate: "0.1" 
2025-12-22 20:53:14,470  - mini_batch_size: "32"
2025-12-22 20:53:14,470  - max_epochs: "150"
2025-12-22 20:53:14,470  - shuffle: "True"
2025-12-22 20:53:14,470 ----------------------------------------------------------------------------------------------------
2025-12-22 20:53:14,470 Plugins:
2025-12-22 20:53:14,470  - AnnealOnPlateau | patience: '3', anneal_factor: '0.5', min_learning_rate: '0.0001'
2025-12-22 20:53:14,470 ----------------------------------------------------------------------------------------------------
2025-12-22 20:53:14,470 Final evaluation on model from best epoch (best-model.pt)
2025-12-22 20:53:14,470  - metric: "('micro avg', 'f1-score')"
2025-12-22 20:53:14,470 ----------------------------------------------------------------------------------------------------
2025-12-22 20:53:14,470 Computation:
2025-12-22 20:53:14,470  - compute on device: cpu
2025-12-22 20:53:14,470  - embedding storage: none
2025-12-22 20:53:14,470 ----------------------------------------------------------------------------------------------------
2025-12-22 20:53:14,470 Model training base path: "models/flair_pos/bpe/kpv"
2025-12-22 20:53:14,470 ----------------------------------------------------------------------------------------------------
2025-12-22 20:53:14,470 ----------------------------------------------------------------------------------------------------
2025-12-22 20:53:14,560 epoch 1 - iter 1/13 - loss 3.36116382 - time (sec): 0.09 - samples/sec: 4113.07 - lr: 0.100000 - momentum: 0.000000
2025-12-22 20:53:14,668 epoch 1 - iter 2/13 - loss 3.21354632 - time (sec): 0.20 - samples/sec: 3905.44 - lr: 0.100000 - momentum: 0.000000
2025-12-22 20:53:14,758 epoch 1 - iter 3/13 - loss 3.12899604 - time (sec): 0.29 - samples/sec: 3964.88 - lr: 0.100000 - momentum: 0.000000
2025-12-22 20:53:14,839 epoch 1 - iter 4/13 - loss 3.04629212 - time (sec): 0.37 - samples/sec: 3995.84 - lr: 0.100000 - momentum: 0.000000
2025-12-22 20:53:14,915 epoch 1 - iter 5/13 - loss 2.96994742 - time (sec): 0.45 - samples/sec: 4116.33 - lr: 0.100000 - momentum: 0.000000
2025-12-22 20:53:15,066 epoch 1 - iter 6/13 - loss 2.89892697 - time (sec): 0.60 - samples/sec: 3701.03 - lr: 0.100000 - momentum: 0.000000
2025-12-22 20:53:15,196 epoch 1 - iter 7/13 - loss 2.81398103 - time (sec): 0.73 - samples/sec: 3655.74 - lr: 0.100000 - momentum: 0.000000
2025-12-22 20:53:15,343 epoch 1 - iter 8/13 - loss 2.75108292 - time (sec): 0.87 - samples/sec: 3516.02 - lr: 0.100000 - momentum: 0.000000
2025-12-22 20:53:15,422 epoch 1 - iter 9/13 - loss 2.71246053 - time (sec): 0.95 - samples/sec: 3562.01 - lr: 0.100000 - momentum: 0.000000
2025-12-22 20:53:15,530 epoch 1 - iter 10/13 - loss 2.67005583 - time (sec): 1.06 - samples/sec: 3614.75 - lr: 0.100000 - momentum: 0.000000
2025-12-22 20:53:15,621 epoch 1 - iter 11/13 - loss 2.64364540 - time (sec): 1.15 - samples/sec: 3633.52 - lr: 0.100000 - momentum: 0.000000
2025-12-22 20:53:15,723 epoch 1 - iter 12/13 - loss 2.62100860 - time (sec): 1.25 - samples/sec: 3669.11 - lr: 0.100000 - momentum: 0.000000
2025-12-22 20:53:15,792 epoch 1 - iter 13/13 - loss 2.59423668 - time (sec): 1.32 - samples/sec: 3726.03 - lr: 0.100000 - momentum: 0.000000
2025-12-22 20:53:15,793 ----------------------------------------------------------------------------------------------------
2025-12-22 20:53:15,793 EPOCH 1 done: loss 2.5942 - lr: 0.100000
2025-12-22 20:53:16,130 DEV : loss 3.349055767059326 - f1-score (micro avg)  0.1307
2025-12-22 20:53:16,131  - 0 epochs without improvement
2025-12-22 20:53:16,131 saving best model
2025-12-22 20:53:16,157 ----------------------------------------------------------------------------------------------------
2025-12-22 20:53:16,273 epoch 2 - iter 1/13 - loss 2.32277291 - time (sec): 0.12 - samples/sec: 3567.52 - lr: 0.100000 - momentum: 0.000000
2025-12-22 20:53:16,373 epoch 2 - iter 2/13 - loss 2.32977062 - time (sec): 0.22 - samples/sec: 3527.75 - lr: 0.100000 - momentum: 0.000000
2025-12-22 20:53:16,474 epoch 2 - iter 3/13 - loss 2.29037851 - time (sec): 0.32 - samples/sec: 3699.25 - lr: 0.100000 - momentum: 0.000000
2025-12-22 20:53:16,550 epoch 2 - iter 4/13 - loss 2.25491627 - time (sec): 0.39 - samples/sec: 3909.47 - lr: 0.100000 - momentum: 0.000000
2025-12-22 20:53:16,649 epoch 2 - iter 5/13 - loss 2.23449368 - time (sec): 0.49 - samples/sec: 3879.64 - lr: 0.100000 - momentum: 0.000000
2025-12-22 20:53:16,745 epoch 2 - iter 6/13 - loss 2.21036560 - time (sec): 0.59 - samples/sec: 3825.83 - lr: 0.100000 - momentum: 0.000000
2025-12-22 20:53:16,849 epoch 2 - iter 7/13 - loss 2.20585279 - time (sec): 0.69 - samples/sec: 3759.50 - lr: 0.100000 - momentum: 0.000000
2025-12-22 20:53:16,941 epoch 2 - iter 8/13 - loss 2.20192762 - time (sec): 0.78 - samples/sec: 3781.42 - lr: 0.100000 - momentum: 0.000000
2025-12-22 20:53:17,031 epoch 2 - iter 9/13 - loss 2.20607957 - time (sec): 0.87 - samples/sec: 3799.02 - lr: 0.100000 - momentum: 0.000000
2025-12-22 20:53:17,204 epoch 2 - iter 10/13 - loss 2.18937467 - time (sec): 1.05 - samples/sec: 3626.75 - lr: 0.100000 - momentum: 0.000000
2025-12-22 20:53:17,291 epoch 2 - iter 11/13 - loss 2.19015537 - time (sec): 1.13 - samples/sec: 3697.72 - lr: 0.100000 - momentum: 0.000000
2025-12-22 20:53:17,445 epoch 2 - iter 12/13 - loss 2.18774886 - time (sec): 1.29 - samples/sec: 3567.29 - lr: 0.100000 - momentum: 0.000000
2025-12-22 20:53:17,515 epoch 2 - iter 13/13 - loss 2.18301178 - time (sec): 1.36 - samples/sec: 3628.90 - lr: 0.100000 - momentum: 0.000000
2025-12-22 20:53:17,515 ----------------------------------------------------------------------------------------------------
2025-12-22 20:53:17,515 EPOCH 2 done: loss 2.1830 - lr: 0.100000
2025-12-22 20:53:17,849 DEV : loss 3.2126123905181885 - f1-score (micro avg)  0.1608
2025-12-22 20:53:17,849  - 0 epochs without improvement
2025-12-22 20:53:17,850 saving best model
2025-12-22 20:53:17,865 ----------------------------------------------------------------------------------------------------
2025-12-22 20:53:17,977 epoch 3 - iter 1/13 - loss 2.16473681 - time (sec): 0.11 - samples/sec: 3909.10 - lr: 0.100000 - momentum: 0.000000
2025-12-22 20:53:18,080 epoch 3 - iter 2/13 - loss 2.12395609 - time (sec): 0.22 - samples/sec: 3867.78 - lr: 0.100000 - momentum: 0.000000
2025-12-22 20:53:18,215 epoch 3 - iter 3/13 - loss 2.09559491 - time (sec): 0.35 - samples/sec: 3626.94 - lr: 0.100000 - momentum: 0.000000
2025-12-22 20:53:18,377 epoch 3 - iter 4/13 - loss 2.08410259 - time (sec): 0.51 - samples/sec: 3217.89 - lr: 0.100000 - momentum: 0.000000
2025-12-22 20:53:18,436 epoch 3 - iter 5/13 - loss 2.07733061 - time (sec): 0.57 - samples/sec: 3422.17 - lr: 0.100000 - momentum: 0.000000
2025-12-22 20:53:18,524 epoch 3 - iter 6/13 - loss 2.09665991 - time (sec): 0.66 - samples/sec: 3561.87 - lr: 0.100000 - momentum: 0.000000
2025-12-22 20:53:18,609 epoch 3 - iter 7/13 - loss 2.08325486 - time (sec): 0.74 - samples/sec: 3645.47 - lr: 0.100000 - momentum: 0.000000
2025-12-22 20:53:18,769 epoch 3 - iter 8/13 - loss 2.08561759 - time (sec): 0.90 - samples/sec: 3412.23 - lr: 0.100000 - momentum: 0.000000
2025-12-22 20:53:18,886 epoch 3 - iter 9/13 - loss 2.08317414 - time (sec): 1.02 - samples/sec: 3443.40 - lr: 0.100000 - momentum: 0.000000
2025-12-22 20:53:18,969 epoch 3 - iter 10/13 - loss 2.07162272 - time (sec): 1.10 - samples/sec: 3482.80 - lr: 0.100000 - momentum: 0.000000
2025-12-22 20:53:19,133 epoch 3 - iter 11/13 - loss 2.05689095 - time (sec): 1.27 - samples/sec: 3353.49 - lr: 0.100000 - momentum: 0.000000
2025-12-22 20:53:19,214 epoch 3 - iter 12/13 - loss 2.05427085 - time (sec): 1.35 - samples/sec: 3398.59 - lr: 0.100000 - momentum: 0.000000
2025-12-22 20:53:19,309 epoch 3 - iter 13/13 - loss 2.05458922 - time (sec): 1.44 - samples/sec: 3410.61 - lr: 0.100000 - momentum: 0.000000
2025-12-22 20:53:19,310 ----------------------------------------------------------------------------------------------------
2025-12-22 20:53:19,310 EPOCH 3 done: loss 2.0546 - lr: 0.100000
2025-12-22 20:53:19,643 DEV : loss 3.031935691833496 - f1-score (micro avg)  0.2126
2025-12-22 20:53:19,644  - 0 epochs without improvement
2025-12-22 20:53:19,644 saving best model
2025-12-22 20:53:19,659 ----------------------------------------------------------------------------------------------------
2025-12-22 20:53:19,759 epoch 4 - iter 1/13 - loss 1.97133621 - time (sec): 0.10 - samples/sec: 3527.57 - lr: 0.100000 - momentum: 0.000000
2025-12-22 20:53:19,829 epoch 4 - iter 2/13 - loss 2.00300168 - time (sec): 0.17 - samples/sec: 4115.52 - lr: 0.100000 - momentum: 0.000000
2025-12-22 20:53:20,000 epoch 4 - iter 3/13 - loss 1.98569629 - time (sec): 0.34 - samples/sec: 3300.47 - lr: 0.100000 - momentum: 0.000000
2025-12-22 20:53:20,085 epoch 4 - iter 4/13 - loss 1.95467748 - time (sec): 0.43 - samples/sec: 3459.30 - lr: 0.100000 - momentum: 0.000000
2025-12-22 20:53:20,176 epoch 4 - iter 5/13 - loss 1.95740725 - time (sec): 0.52 - samples/sec: 3502.43 - lr: 0.100000 - momentum: 0.000000
2025-12-22 20:53:20,271 epoch 4 - iter 6/13 - loss 1.94629493 - time (sec): 0.61 - samples/sec: 3557.11 - lr: 0.100000 - momentum: 0.000000
2025-12-22 20:53:20,394 epoch 4 - iter 7/13 - loss 1.93002205 - time (sec): 0.73 - samples/sec: 3461.55 - lr: 0.100000 - momentum: 0.000000
2025-12-22 20:53:20,505 epoch 4 - iter 8/13 - loss 1.91488415 - time (sec): 0.85 - samples/sec: 3512.14 - lr: 0.100000 - momentum: 0.000000
2025-12-22 20:53:20,688 epoch 4 - iter 9/13 - loss 1.92463962 - time (sec): 1.03 - samples/sec: 3374.56 - lr: 0.100000 - momentum: 0.000000
2025-12-22 20:53:20,781 epoch 4 - iter 10/13 - loss 1.90757763 - time (sec): 1.12 - samples/sec: 3389.75 - lr: 0.100000 - momentum: 0.000000
2025-12-22 20:53:20,874 epoch 4 - iter 11/13 - loss 1.89870496 - time (sec): 1.21 - samples/sec: 3458.61 - lr: 0.100000 - momentum: 0.000000
2025-12-22 20:53:20,970 epoch 4 - iter 12/13 - loss 1.89000334 - time (sec): 1.31 - samples/sec: 3503.01 - lr: 0.100000 - momentum: 0.000000
2025-12-22 20:53:21,064 epoch 4 - iter 13/13 - loss 1.87065351 - time (sec): 1.40 - samples/sec: 3506.69 - lr: 0.100000 - momentum: 0.000000
2025-12-22 20:53:21,065 ----------------------------------------------------------------------------------------------------
2025-12-22 20:53:21,065 EPOCH 4 done: loss 1.8707 - lr: 0.100000
2025-12-22 20:53:21,627 DEV : loss 2.8277907371520996 - f1-score (micro avg)  0.2142
2025-12-22 20:53:21,628  - 0 epochs without improvement
2025-12-22 20:53:21,628 saving best model
2025-12-22 20:53:21,641 ----------------------------------------------------------------------------------------------------
2025-12-22 20:53:21,764 epoch 5 - iter 1/13 - loss 1.66352602 - time (sec): 0.12 - samples/sec: 3810.18 - lr: 0.100000 - momentum: 0.000000
2025-12-22 20:53:21,869 epoch 5 - iter 2/13 - loss 1.70150959 - time (sec): 0.23 - samples/sec: 3578.35 - lr: 0.100000 - momentum: 0.000000
2025-12-22 20:53:21,972 epoch 5 - iter 3/13 - loss 1.71706228 - time (sec): 0.33 - samples/sec: 3664.24 - lr: 0.100000 - momentum: 0.000000
2025-12-22 20:53:22,038 epoch 5 - iter 4/13 - loss 1.73676149 - time (sec): 0.40 - samples/sec: 3822.09 - lr: 0.100000 - momentum: 0.000000
2025-12-22 20:53:22,147 epoch 5 - iter 5/13 - loss 1.73098315 - time (sec): 0.51 - samples/sec: 3698.68 - lr: 0.100000 - momentum: 0.000000
2025-12-22 20:53:22,245 epoch 5 - iter 6/13 - loss 1.72953469 - time (sec): 0.60 - samples/sec: 3781.61 - lr: 0.100000 - momentum: 0.000000
2025-12-22 20:53:22,368 epoch 5 - iter 7/13 - loss 1.72725466 - time (sec): 0.73 - samples/sec: 3631.81 - lr: 0.100000 - momentum: 0.000000
2025-12-22 20:53:22,458 epoch 5 - iter 8/13 - loss 1.72034790 - time (sec): 0.82 - samples/sec: 3671.09 - lr: 0.100000 - momentum: 0.000000
2025-12-22 20:53:22,633 epoch 5 - iter 9/13 - loss 1.74326822 - time (sec): 0.99 - samples/sec: 3418.29 - lr: 0.100000 - momentum: 0.000000
2025-12-22 20:53:22,714 epoch 5 - iter 10/13 - loss 1.73023888 - time (sec): 1.07 - samples/sec: 3506.10 - lr: 0.100000 - momentum: 0.000000
2025-12-22 20:53:22,879 epoch 5 - iter 11/13 - loss 1.73003908 - time (sec): 1.24 - samples/sec: 3401.03 - lr: 0.100000 - momentum: 0.000000
2025-12-22 20:53:22,961 epoch 5 - iter 12/13 - loss 1.73463465 - time (sec): 1.32 - samples/sec: 3472.22 - lr: 0.100000 - momentum: 0.000000
2025-12-22 20:53:23,037 epoch 5 - iter 13/13 - loss 1.72652672 - time (sec): 1.40 - samples/sec: 3529.59 - lr: 0.100000 - momentum: 0.000000
2025-12-22 20:53:23,037 ----------------------------------------------------------------------------------------------------
2025-12-22 20:53:23,037 EPOCH 5 done: loss 1.7265 - lr: 0.100000
2025-12-22 20:53:23,375 DEV : loss 2.5272409915924072 - f1-score (micro avg)  0.187
2025-12-22 20:53:23,376  - 1 epochs without improvement
2025-12-22 20:53:23,376 ----------------------------------------------------------------------------------------------------
2025-12-22 20:53:23,485 epoch 6 - iter 1/13 - loss 1.74388893 - time (sec): 0.11 - samples/sec: 3880.65 - lr: 0.100000 - momentum: 0.000000
2025-12-22 20:53:23,567 epoch 6 - iter 2/13 - loss 1.74374466 - time (sec): 0.19 - samples/sec: 4176.99 - lr: 0.100000 - momentum: 0.000000
2025-12-22 20:53:23,672 epoch 6 - iter 3/13 - loss 1.70641091 - time (sec): 0.30 - samples/sec: 4054.58 - lr: 0.100000 - momentum: 0.000000
2025-12-22 20:53:23,818 epoch 6 - iter 4/13 - loss 1.69649462 - time (sec): 0.44 - samples/sec: 3511.88 - lr: 0.100000 - momentum: 0.000000
2025-12-22 20:53:23,924 epoch 6 - iter 5/13 - loss 1.70731468 - time (sec): 0.55 - samples/sec: 3458.07 - lr: 0.100000 - momentum: 0.000000
2025-12-22 20:53:24,085 epoch 6 - iter 6/13 - loss 1.70785502 - time (sec): 0.71 - samples/sec: 3217.61 - lr: 0.100000 - momentum: 0.000000
2025-12-22 20:53:24,213 epoch 6 - iter 7/13 - loss 1.69121000 - time (sec): 0.84 - samples/sec: 3256.73 - lr: 0.100000 - momentum: 0.000000
2025-12-22 20:53:24,336 epoch 6 - iter 8/13 - loss 1.68315469 - time (sec): 0.96 - samples/sec: 3274.08 - lr: 0.100000 - momentum: 0.000000
2025-12-22 20:53:24,412 epoch 6 - iter 9/13 - loss 1.67529767 - time (sec): 1.04 - samples/sec: 3374.54 - lr: 0.100000 - momentum: 0.000000
2025-12-22 20:53:24,582 epoch 6 - iter 10/13 - loss 1.67787328 - time (sec): 1.21 - samples/sec: 3285.80 - lr: 0.100000 - momentum: 0.000000
2025-12-22 20:53:24,665 epoch 6 - iter 11/13 - loss 1.68341596 - time (sec): 1.29 - samples/sec: 3348.89 - lr: 0.100000 - momentum: 0.000000
2025-12-22 20:53:24,747 epoch 6 - iter 12/13 - loss 1.67974400 - time (sec): 1.37 - samples/sec: 3398.85 - lr: 0.100000 - momentum: 0.000000
2025-12-22 20:53:24,812 epoch 6 - iter 13/13 - loss 1.68071636 - time (sec): 1.44 - samples/sec: 3430.66 - lr: 0.100000 - momentum: 0.000000
2025-12-22 20:53:24,812 ----------------------------------------------------------------------------------------------------
2025-12-22 20:53:24,812 EPOCH 6 done: loss 1.6807 - lr: 0.100000
2025-12-22 20:53:25,182 DEV : loss 2.425112009048462 - f1-score (micro avg)  0.1952
2025-12-22 20:53:25,183  - 2 epochs without improvement
2025-12-22 20:53:25,183 ----------------------------------------------------------------------------------------------------
2025-12-22 20:53:25,303 epoch 7 - iter 1/13 - loss 1.57493664 - time (sec): 0.12 - samples/sec: 3530.47 - lr: 0.100000 - momentum: 0.000000
2025-12-22 20:53:25,392 epoch 7 - iter 2/13 - loss 1.60057442 - time (sec): 0.21 - samples/sec: 3721.08 - lr: 0.100000 - momentum: 0.000000
2025-12-22 20:53:25,548 epoch 7 - iter 3/13 - loss 1.61397935 - time (sec): 0.36 - samples/sec: 3209.84 - lr: 0.100000 - momentum: 0.000000
2025-12-22 20:53:25,608 epoch 7 - iter 4/13 - loss 1.61885390 - time (sec): 0.42 - samples/sec: 3492.56 - lr: 0.100000 - momentum: 0.000000
2025-12-22 20:53:25,703 epoch 7 - iter 5/13 - loss 1.61100718 - time (sec): 0.52 - samples/sec: 3539.11 - lr: 0.100000 - momentum: 0.000000
2025-12-22 20:53:25,850 epoch 7 - iter 6/13 - loss 1.63765728 - time (sec): 0.67 - samples/sec: 3314.19 - lr: 0.100000 - momentum: 0.000000
2025-12-22 20:53:25,952 epoch 7 - iter 7/13 - loss 1.64014572 - time (sec): 0.77 - samples/sec: 3372.57 - lr: 0.100000 - momentum: 0.000000
2025-12-22 20:53:26,069 epoch 7 - iter 8/13 - loss 1.63473841 - time (sec): 0.89 - samples/sec: 3348.95 - lr: 0.100000 - momentum: 0.000000
2025-12-22 20:53:26,168 epoch 7 - iter 9/13 - loss 1.62414445 - time (sec): 0.98 - samples/sec: 3410.67 - lr: 0.100000 - momentum: 0.000000
2025-12-22 20:53:26,234 epoch 7 - iter 10/13 - loss 1.62102904 - time (sec): 1.05 - samples/sec: 3508.28 - lr: 0.100000 - momentum: 0.000000
2025-12-22 20:53:26,349 epoch 7 - iter 11/13 - loss 1.61702776 - time (sec): 1.16 - samples/sec: 3574.87 - lr: 0.100000 - momentum: 0.000000
2025-12-22 20:53:26,439 epoch 7 - iter 12/13 - loss 1.61186997 - time (sec): 1.25 - samples/sec: 3644.74 - lr: 0.100000 - momentum: 0.000000
2025-12-22 20:53:26,536 epoch 7 - iter 13/13 - loss 1.60429488 - time (sec): 1.35 - samples/sec: 3644.07 - lr: 0.100000 - momentum: 0.000000
2025-12-22 20:53:26,536 ----------------------------------------------------------------------------------------------------
2025-12-22 20:53:26,536 EPOCH 7 done: loss 1.6043 - lr: 0.100000
2025-12-22 20:53:26,883 DEV : loss 2.5145797729492188 - f1-score (micro avg)  0.2008
2025-12-22 20:53:26,884  - 3 epochs without improvement
2025-12-22 20:53:26,884 ----------------------------------------------------------------------------------------------------
2025-12-22 20:53:27,006 epoch 8 - iter 1/13 - loss 1.53168789 - time (sec): 0.12 - samples/sec: 3734.79 - lr: 0.100000 - momentum: 0.000000
2025-12-22 20:53:27,119 epoch 8 - iter 2/13 - loss 1.54308004 - time (sec): 0.23 - samples/sec: 3711.97 - lr: 0.100000 - momentum: 0.000000
2025-12-22 20:53:27,197 epoch 8 - iter 3/13 - loss 1.53104371 - time (sec): 0.31 - samples/sec: 3942.34 - lr: 0.100000 - momentum: 0.000000
2025-12-22 20:53:27,289 epoch 8 - iter 4/13 - loss 1.55958793 - time (sec): 0.41 - samples/sec: 4122.58 - lr: 0.100000 - momentum: 0.000000
2025-12-22 20:53:27,377 epoch 8 - iter 5/13 - loss 1.54600814 - time (sec): 0.49 - samples/sec: 4085.49 - lr: 0.100000 - momentum: 0.000000
2025-12-22 20:53:27,465 epoch 8 - iter 6/13 - loss 1.53315322 - time (sec): 0.58 - samples/sec: 4126.16 - lr: 0.100000 - momentum: 0.000000
2025-12-22 20:53:27,635 epoch 8 - iter 7/13 - loss 1.54591577 - time (sec): 0.75 - samples/sec: 3790.45 - lr: 0.100000 - momentum: 0.000000
2025-12-22 20:53:27,718 epoch 8 - iter 8/13 - loss 1.53391101 - time (sec): 0.83 - samples/sec: 3784.81 - lr: 0.100000 - momentum: 0.000000
2025-12-22 20:53:27,826 epoch 8 - iter 9/13 - loss 1.52848210 - time (sec): 0.94 - samples/sec: 3801.96 - lr: 0.100000 - momentum: 0.000000
2025-12-22 20:53:27,884 epoch 8 - iter 10/13 - loss 1.52375641 - time (sec): 1.00 - samples/sec: 3875.49 - lr: 0.100000 - momentum: 0.000000
2025-12-22 20:53:28,047 epoch 8 - iter 11/13 - loss 1.51913008 - time (sec): 1.16 - samples/sec: 3703.12 - lr: 0.100000 - momentum: 0.000000
2025-12-22 20:53:28,117 epoch 8 - iter 12/13 - loss 1.51109563 - time (sec): 1.23 - samples/sec: 3759.81 - lr: 0.100000 - momentum: 0.000000
2025-12-22 20:53:28,202 epoch 8 - iter 13/13 - loss 1.51416244 - time (sec): 1.32 - samples/sec: 3738.42 - lr: 0.100000 - momentum: 0.000000
2025-12-22 20:53:28,202 ----------------------------------------------------------------------------------------------------
2025-12-22 20:53:28,202 EPOCH 8 done: loss 1.5142 - lr: 0.100000
2025-12-22 20:53:28,546 DEV : loss 2.6202547550201416 - f1-score (micro avg)  0.2538
2025-12-22 20:53:28,546  - 0 epochs without improvement
2025-12-22 20:53:28,547 saving best model
2025-12-22 20:53:28,562 ----------------------------------------------------------------------------------------------------
2025-12-22 20:53:28,676 epoch 9 - iter 1/13 - loss 1.44038263 - time (sec): 0.11 - samples/sec: 3754.58 - lr: 0.100000 - momentum: 0.000000
2025-12-22 20:53:28,766 epoch 9 - iter 2/13 - loss 1.41846853 - time (sec): 0.20 - samples/sec: 3798.33 - lr: 0.100000 - momentum: 0.000000
2025-12-22 20:53:28,896 epoch 9 - iter 3/13 - loss 1.44903097 - time (sec): 0.33 - samples/sec: 3640.32 - lr: 0.100000 - momentum: 0.000000
2025-12-22 20:53:28,970 epoch 9 - iter 4/13 - loss 1.45231833 - time (sec): 0.41 - samples/sec: 3808.05 - lr: 0.100000 - momentum: 0.000000
2025-12-22 20:53:29,045 epoch 9 - iter 5/13 - loss 1.46472877 - time (sec): 0.48 - samples/sec: 3924.66 - lr: 0.100000 - momentum: 0.000000
2025-12-22 20:53:29,147 epoch 9 - iter 6/13 - loss 1.45654046 - time (sec): 0.58 - samples/sec: 3825.79 - lr: 0.100000 - momentum: 0.000000
2025-12-22 20:53:29,214 epoch 9 - iter 7/13 - loss 1.45519276 - time (sec): 0.65 - samples/sec: 3977.97 - lr: 0.100000 - momentum: 0.000000
2025-12-22 20:53:29,368 epoch 9 - iter 8/13 - loss 1.45192572 - time (sec): 0.81 - samples/sec: 3759.85 - lr: 0.100000 - momentum: 0.000000
2025-12-22 20:53:29,546 epoch 9 - iter 9/13 - loss 1.46855467 - time (sec): 0.98 - samples/sec: 3523.34 - lr: 0.100000 - momentum: 0.000000
2025-12-22 20:53:29,632 epoch 9 - iter 10/13 - loss 1.45912256 - time (sec): 1.07 - samples/sec: 3540.16 - lr: 0.100000 - momentum: 0.000000
2025-12-22 20:53:29,738 epoch 9 - iter 11/13 - loss 1.45038983 - time (sec): 1.18 - samples/sec: 3582.81 - lr: 0.100000 - momentum: 0.000000
2025-12-22 20:53:29,843 epoch 9 - iter 12/13 - loss 1.44864376 - time (sec): 1.28 - samples/sec: 3603.01 - lr: 0.100000 - momentum: 0.000000
2025-12-22 20:53:29,936 epoch 9 - iter 13/13 - loss 1.44235238 - time (sec): 1.37 - samples/sec: 3585.55 - lr: 0.100000 - momentum: 0.000000
2025-12-22 20:53:29,936 ----------------------------------------------------------------------------------------------------
2025-12-22 20:53:29,936 EPOCH 9 done: loss 1.4424 - lr: 0.100000
2025-12-22 20:53:30,273 DEV : loss 2.741363763809204 - f1-score (micro avg)  0.2699
2025-12-22 20:53:30,273  - 0 epochs without improvement
2025-12-22 20:53:30,274 saving best model
2025-12-22 20:53:30,288 ----------------------------------------------------------------------------------------------------
2025-12-22 20:53:30,373 epoch 10 - iter 1/13 - loss 1.38335021 - time (sec): 0.08 - samples/sec: 3857.81 - lr: 0.100000 - momentum: 0.000000
2025-12-22 20:53:30,449 epoch 10 - iter 2/13 - loss 1.39120497 - time (sec): 0.16 - samples/sec: 4095.76 - lr: 0.100000 - momentum: 0.000000
2025-12-22 20:53:30,526 epoch 10 - iter 3/13 - loss 1.36651122 - time (sec): 0.24 - samples/sec: 4256.70 - lr: 0.100000 - momentum: 0.000000
2025-12-22 20:53:30,613 epoch 10 - iter 4/13 - loss 1.34994418 - time (sec): 0.32 - samples/sec: 4354.67 - lr: 0.100000 - momentum: 0.000000
2025-12-22 20:53:30,781 epoch 10 - iter 5/13 - loss 1.33819528 - time (sec): 0.49 - samples/sec: 3776.43 - lr: 0.100000 - momentum: 0.000000
2025-12-22 20:53:30,877 epoch 10 - iter 6/13 - loss 1.35497238 - time (sec): 0.59 - samples/sec: 3742.73 - lr: 0.100000 - momentum: 0.000000
2025-12-22 20:53:30,968 epoch 10 - iter 7/13 - loss 1.34889296 - time (sec): 0.68 - samples/sec: 3860.71 - lr: 0.100000 - momentum: 0.000000
2025-12-22 20:53:31,076 epoch 10 - iter 8/13 - loss 1.35540765 - time (sec): 0.79 - samples/sec: 3808.27 - lr: 0.100000 - momentum: 0.000000
2025-12-22 20:53:31,288 epoch 10 - iter 9/13 - loss 1.35333095 - time (sec): 1.00 - samples/sec: 3378.75 - lr: 0.100000 - momentum: 0.000000
2025-12-22 20:53:31,386 epoch 10 - iter 10/13 - loss 1.35829200 - time (sec): 1.10 - samples/sec: 3442.17 - lr: 0.100000 - momentum: 0.000000
2025-12-22 20:53:31,570 epoch 10 - iter 11/13 - loss 1.37266532 - time (sec): 1.28 - samples/sec: 3306.61 - lr: 0.100000 - momentum: 0.000000
2025-12-22 20:53:31,673 epoch 10 - iter 12/13 - loss 1.36863436 - time (sec): 1.38 - samples/sec: 3319.23 - lr: 0.100000 - momentum: 0.000000
2025-12-22 20:53:31,784 epoch 10 - iter 13/13 - loss 1.36612282 - time (sec): 1.50 - samples/sec: 3293.32 - lr: 0.100000 - momentum: 0.000000
2025-12-22 20:53:31,784 ----------------------------------------------------------------------------------------------------
2025-12-22 20:53:31,784 EPOCH 10 done: loss 1.3661 - lr: 0.100000
2025-12-22 20:53:32,326 DEV : loss 3.0800740718841553 - f1-score (micro avg)  0.2896
2025-12-22 20:53:32,326  - 0 epochs without improvement
2025-12-22 20:53:32,327 saving best model
2025-12-22 20:53:32,340 ----------------------------------------------------------------------------------------------------
2025-12-22 20:53:32,447 epoch 11 - iter 1/13 - loss 1.21452130 - time (sec): 0.11 - samples/sec: 3473.63 - lr: 0.100000 - momentum: 0.000000
2025-12-22 20:53:32,610 epoch 11 - iter 2/13 - loss 1.30266168 - time (sec): 0.27 - samples/sec: 2800.82 - lr: 0.100000 - momentum: 0.000000
2025-12-22 20:53:32,776 epoch 11 - iter 3/13 - loss 1.28832545 - time (sec): 0.44 - samples/sec: 2727.98 - lr: 0.100000 - momentum: 0.000000
2025-12-22 20:53:32,888 epoch 11 - iter 4/13 - loss 1.28326797 - time (sec): 0.55 - samples/sec: 2749.40 - lr: 0.100000 - momentum: 0.000000
2025-12-22 20:53:32,965 epoch 11 - iter 5/13 - loss 1.30093132 - time (sec): 0.62 - samples/sec: 2951.82 - lr: 0.100000 - momentum: 0.000000
2025-12-22 20:53:33,074 epoch 11 - iter 6/13 - loss 1.28788138 - time (sec): 0.73 - samples/sec: 3003.87 - lr: 0.100000 - momentum: 0.000000
2025-12-22 20:53:33,155 epoch 11 - iter 7/13 - loss 1.29305124 - time (sec): 0.81 - samples/sec: 3139.80 - lr: 0.100000 - momentum: 0.000000
2025-12-22 20:53:33,241 epoch 11 - iter 8/13 - loss 1.29385131 - time (sec): 0.90 - samples/sec: 3232.39 - lr: 0.100000 - momentum: 0.000000
2025-12-22 20:53:33,340 epoch 11 - iter 9/13 - loss 1.28971918 - time (sec): 1.00 - samples/sec: 3320.20 - lr: 0.100000 - momentum: 0.000000
2025-12-22 20:53:33,439 epoch 11 - iter 10/13 - loss 1.28106698 - time (sec): 1.10 - samples/sec: 3352.53 - lr: 0.100000 - momentum: 0.000000
2025-12-22 20:53:33,537 epoch 11 - iter 11/13 - loss 1.28833269 - time (sec): 1.20 - samples/sec: 3437.83 - lr: 0.100000 - momentum: 0.000000
2025-12-22 20:53:33,646 epoch 11 - iter 12/13 - loss 1.28214891 - time (sec): 1.31 - samples/sec: 3460.43 - lr: 0.100000 - momentum: 0.000000
2025-12-22 20:53:33,760 epoch 11 - iter 13/13 - loss 1.29056276 - time (sec): 1.42 - samples/sec: 3471.13 - lr: 0.100000 - momentum: 0.000000
2025-12-22 20:53:33,760 ----------------------------------------------------------------------------------------------------
2025-12-22 20:53:33,760 EPOCH 11 done: loss 1.2906 - lr: 0.100000
2025-12-22 20:53:34,105 DEV : loss 2.6080195903778076 - f1-score (micro avg)  0.3144
2025-12-22 20:53:34,106  - 0 epochs without improvement
2025-12-22 20:53:34,106 saving best model
2025-12-22 20:53:34,120 ----------------------------------------------------------------------------------------------------
2025-12-22 20:53:34,292 epoch 12 - iter 1/13 - loss 1.31812121 - time (sec): 0.17 - samples/sec: 2751.91 - lr: 0.100000 - momentum: 0.000000
2025-12-22 20:53:34,368 epoch 12 - iter 2/13 - loss 1.26727734 - time (sec): 0.25 - samples/sec: 3420.66 - lr: 0.100000 - momentum: 0.000000
2025-12-22 20:53:34,452 epoch 12 - iter 3/13 - loss 1.25236051 - time (sec): 0.33 - samples/sec: 3569.59 - lr: 0.100000 - momentum: 0.000000
2025-12-22 20:53:34,555 epoch 12 - iter 4/13 - loss 1.26185162 - time (sec): 0.43 - samples/sec: 3645.76 - lr: 0.100000 - momentum: 0.000000
2025-12-22 20:53:34,710 epoch 12 - iter 5/13 - loss 1.25625267 - time (sec): 0.59 - samples/sec: 3273.40 - lr: 0.100000 - momentum: 0.000000
2025-12-22 20:53:34,800 epoch 12 - iter 6/13 - loss 1.23337129 - time (sec): 0.68 - samples/sec: 3402.72 - lr: 0.100000 - momentum: 0.000000
2025-12-22 20:53:34,891 epoch 12 - iter 7/13 - loss 1.22190504 - time (sec): 0.77 - samples/sec: 3499.48 - lr: 0.100000 - momentum: 0.000000
2025-12-22 20:53:34,995 epoch 12 - iter 8/13 - loss 1.21702874 - time (sec): 0.87 - samples/sec: 3608.33 - lr: 0.100000 - momentum: 0.000000
2025-12-22 20:53:35,059 epoch 12 - iter 9/13 - loss 1.21952027 - time (sec): 0.94 - samples/sec: 3677.28 - lr: 0.100000 - momentum: 0.000000
2025-12-22 20:53:35,169 epoch 12 - iter 10/13 - loss 1.22465697 - time (sec): 1.05 - samples/sec: 3633.42 - lr: 0.100000 - momentum: 0.000000
2025-12-22 20:53:35,250 epoch 12 - iter 11/13 - loss 1.22005633 - time (sec): 1.13 - samples/sec: 3646.97 - lr: 0.100000 - momentum: 0.000000
2025-12-22 20:53:35,353 epoch 12 - iter 12/13 - loss 1.21777328 - time (sec): 1.23 - samples/sec: 3722.10 - lr: 0.100000 - momentum: 0.000000
2025-12-22 20:53:35,438 epoch 12 - iter 13/13 - loss 1.20855386 - time (sec): 1.32 - samples/sec: 3740.05 - lr: 0.100000 - momentum: 0.000000
2025-12-22 20:53:35,438 ----------------------------------------------------------------------------------------------------
2025-12-22 20:53:35,438 EPOCH 12 done: loss 1.2086 - lr: 0.100000
2025-12-22 20:53:35,791 DEV : loss 3.287522077560425 - f1-score (micro avg)  0.3131
2025-12-22 20:53:35,792  - 1 epochs without improvement
2025-12-22 20:53:35,792 ----------------------------------------------------------------------------------------------------
2025-12-22 20:53:35,875 epoch 13 - iter 1/13 - loss 1.08322730 - time (sec): 0.08 - samples/sec: 3790.78 - lr: 0.100000 - momentum: 0.000000
2025-12-22 20:53:35,987 epoch 13 - iter 2/13 - loss 1.16829276 - time (sec): 0.19 - samples/sec: 3751.93 - lr: 0.100000 - momentum: 0.000000
2025-12-22 20:53:36,080 epoch 13 - iter 3/13 - loss 1.18332717 - time (sec): 0.29 - samples/sec: 3873.44 - lr: 0.100000 - momentum: 0.000000
2025-12-22 20:53:36,178 epoch 13 - iter 4/13 - loss 1.17703684 - time (sec): 0.39 - samples/sec: 3868.50 - lr: 0.100000 - momentum: 0.000000
2025-12-22 20:53:36,249 epoch 13 - iter 5/13 - loss 1.16817051 - time (sec): 0.46 - samples/sec: 3900.83 - lr: 0.100000 - momentum: 0.000000
2025-12-22 20:53:36,340 epoch 13 - iter 6/13 - loss 1.15551335 - time (sec): 0.55 - samples/sec: 3952.07 - lr: 0.100000 - momentum: 0.000000
2025-12-22 20:53:36,510 epoch 13 - iter 7/13 - loss 1.16326155 - time (sec): 0.72 - samples/sec: 3622.38 - lr: 0.100000 - momentum: 0.000000
2025-12-22 20:53:36,635 epoch 13 - iter 8/13 - loss 1.15872986 - time (sec): 0.84 - samples/sec: 3599.06 - lr: 0.100000 - momentum: 0.000000
2025-12-22 20:53:36,812 epoch 13 - iter 9/13 - loss 1.14316109 - time (sec): 1.02 - samples/sec: 3380.75 - lr: 0.100000 - momentum: 0.000000
2025-12-22 20:53:36,989 epoch 13 - iter 10/13 - loss 1.13958295 - time (sec): 1.20 - samples/sec: 3205.64 - lr: 0.100000 - momentum: 0.000000
2025-12-22 20:53:37,092 epoch 13 - iter 11/13 - loss 1.12328243 - time (sec): 1.30 - samples/sec: 3227.32 - lr: 0.100000 - momentum: 0.000000
2025-12-22 20:53:37,183 epoch 13 - iter 12/13 - loss 1.11563687 - time (sec): 1.39 - samples/sec: 3273.82 - lr: 0.100000 - momentum: 0.000000
2025-12-22 20:53:37,293 epoch 13 - iter 13/13 - loss 1.11408125 - time (sec): 1.50 - samples/sec: 3281.23 - lr: 0.100000 - momentum: 0.000000
2025-12-22 20:53:37,294 ----------------------------------------------------------------------------------------------------
2025-12-22 20:53:37,294 EPOCH 13 done: loss 1.1141 - lr: 0.100000
2025-12-22 20:53:37,627 DEV : loss 2.8556337356567383 - f1-score (micro avg)  0.3285
2025-12-22 20:53:37,627  - 0 epochs without improvement
2025-12-22 20:53:37,628 saving best model
2025-12-22 20:53:37,643 ----------------------------------------------------------------------------------------------------
2025-12-22 20:53:37,827 epoch 14 - iter 1/13 - loss 1.09313492 - time (sec): 0.18 - samples/sec: 2810.56 - lr: 0.100000 - momentum: 0.000000
2025-12-22 20:53:37,914 epoch 14 - iter 2/13 - loss 1.08337719 - time (sec): 0.27 - samples/sec: 3126.99 - lr: 0.100000 - momentum: 0.000000
2025-12-22 20:53:38,015 epoch 14 - iter 3/13 - loss 1.07360264 - time (sec): 0.37 - samples/sec: 3247.30 - lr: 0.100000 - momentum: 0.000000
2025-12-22 20:53:38,103 epoch 14 - iter 4/13 - loss 1.05104426 - time (sec): 0.46 - samples/sec: 3332.25 - lr: 0.100000 - momentum: 0.000000
2025-12-22 20:53:38,205 epoch 14 - iter 5/13 - loss 1.05356277 - time (sec): 0.56 - samples/sec: 3483.20 - lr: 0.100000 - momentum: 0.000000
2025-12-22 20:53:38,280 epoch 14 - iter 6/13 - loss 1.06860273 - time (sec): 0.64 - samples/sec: 3643.09 - lr: 0.100000 - momentum: 0.000000
2025-12-22 20:53:38,391 epoch 14 - iter 7/13 - loss 1.05158923 - time (sec): 0.75 - samples/sec: 3581.58 - lr: 0.100000 - momentum: 0.000000
2025-12-22 20:53:38,466 epoch 14 - iter 8/13 - loss 1.04738175 - time (sec): 0.82 - samples/sec: 3687.18 - lr: 0.100000 - momentum: 0.000000
2025-12-22 20:53:38,551 epoch 14 - iter 9/13 - loss 1.03561589 - time (sec): 0.91 - samples/sec: 3744.56 - lr: 0.100000 - momentum: 0.000000
2025-12-22 20:53:38,718 epoch 14 - iter 10/13 - loss 1.02320824 - time (sec): 1.08 - samples/sec: 3532.57 - lr: 0.100000 - momentum: 0.000000
2025-12-22 20:53:38,804 epoch 14 - iter 11/13 - loss 1.02153794 - time (sec): 1.16 - samples/sec: 3572.13 - lr: 0.100000 - momentum: 0.000000
2025-12-22 20:53:38,902 epoch 14 - iter 12/13 - loss 1.02010302 - time (sec): 1.26 - samples/sec: 3637.07 - lr: 0.100000 - momentum: 0.000000
2025-12-22 20:53:38,998 epoch 14 - iter 13/13 - loss 1.01790734 - time (sec): 1.35 - samples/sec: 3636.63 - lr: 0.100000 - momentum: 0.000000
2025-12-22 20:53:38,998 ----------------------------------------------------------------------------------------------------
2025-12-22 20:53:38,998 EPOCH 14 done: loss 1.0179 - lr: 0.100000
2025-12-22 20:53:39,340 DEV : loss 3.1770572662353516 - f1-score (micro avg)  0.3498
2025-12-22 20:53:39,341  - 0 epochs without improvement
2025-12-22 20:53:39,342 saving best model
2025-12-22 20:53:39,358 ----------------------------------------------------------------------------------------------------
2025-12-22 20:53:39,476 epoch 15 - iter 1/13 - loss 1.03253848 - time (sec): 0.12 - samples/sec: 3148.79 - lr: 0.100000 - momentum: 0.000000
2025-12-22 20:53:39,587 epoch 15 - iter 2/13 - loss 1.02285669 - time (sec): 0.23 - samples/sec: 3707.14 - lr: 0.100000 - momentum: 0.000000
2025-12-22 20:53:39,692 epoch 15 - iter 3/13 - loss 0.99176940 - time (sec): 0.33 - samples/sec: 3658.82 - lr: 0.100000 - momentum: 0.000000
2025-12-22 20:53:39,769 epoch 15 - iter 4/13 - loss 1.00336996 - time (sec): 0.41 - samples/sec: 3749.46 - lr: 0.100000 - momentum: 0.000000
2025-12-22 20:53:39,890 epoch 15 - iter 5/13 - loss 0.97544339 - time (sec): 0.53 - samples/sec: 3797.20 - lr: 0.100000 - momentum: 0.000000
2025-12-22 20:53:39,980 epoch 15 - iter 6/13 - loss 0.95103062 - time (sec): 0.62 - samples/sec: 3801.21 - lr: 0.100000 - momentum: 0.000000
2025-12-22 20:53:40,087 epoch 15 - iter 7/13 - loss 0.94699227 - time (sec): 0.73 - samples/sec: 3785.41 - lr: 0.100000 - momentum: 0.000000
2025-12-22 20:53:40,195 epoch 15 - iter 8/13 - loss 0.95232327 - time (sec): 0.84 - samples/sec: 3756.61 - lr: 0.100000 - momentum: 0.000000
2025-12-22 20:53:40,279 epoch 15 - iter 9/13 - loss 0.94623159 - time (sec): 0.92 - samples/sec: 3810.59 - lr: 0.100000 - momentum: 0.000000
2025-12-22 20:53:40,434 epoch 15 - iter 10/13 - loss 0.95057885 - time (sec): 1.08 - samples/sec: 3604.49 - lr: 0.100000 - momentum: 0.000000
2025-12-22 20:53:40,542 epoch 15 - iter 11/13 - loss 0.94984827 - time (sec): 1.18 - samples/sec: 3554.49 - lr: 0.100000 - momentum: 0.000000
2025-12-22 20:53:40,708 epoch 15 - iter 12/13 - loss 0.94929547 - time (sec): 1.35 - samples/sec: 3428.57 - lr: 0.100000 - momentum: 0.000000
2025-12-22 20:53:40,788 epoch 15 - iter 13/13 - loss 0.94273455 - time (sec): 1.43 - samples/sec: 3444.45 - lr: 0.100000 - momentum: 0.000000
2025-12-22 20:53:40,789 ----------------------------------------------------------------------------------------------------
2025-12-22 20:53:40,789 EPOCH 15 done: loss 0.9427 - lr: 0.100000
2025-12-22 20:53:41,229 DEV : loss 3.7948179244995117 - f1-score (micro avg)  0.3456
2025-12-22 20:53:41,230  - 1 epochs without improvement
2025-12-22 20:53:41,230 ----------------------------------------------------------------------------------------------------
2025-12-22 20:53:41,339 epoch 16 - iter 1/13 - loss 0.97303015 - time (sec): 0.11 - samples/sec: 3356.78 - lr: 0.100000 - momentum: 0.000000
2025-12-22 20:53:41,424 epoch 16 - iter 2/13 - loss 0.96404364 - time (sec): 0.19 - samples/sec: 3754.75 - lr: 0.100000 - momentum: 0.000000
2025-12-22 20:53:41,510 epoch 16 - iter 3/13 - loss 0.92924373 - time (sec): 0.28 - samples/sec: 3970.31 - lr: 0.100000 - momentum: 0.000000
2025-12-22 20:53:41,592 epoch 16 - iter 4/13 - loss 0.92730579 - time (sec): 0.36 - samples/sec: 3899.99 - lr: 0.100000 - momentum: 0.000000
2025-12-22 20:53:41,707 epoch 16 - iter 5/13 - loss 0.91188810 - time (sec): 0.48 - samples/sec: 3963.87 - lr: 0.100000 - momentum: 0.000000
2025-12-22 20:53:41,803 epoch 16 - iter 6/13 - loss 0.89011963 - time (sec): 0.57 - samples/sec: 3942.93 - lr: 0.100000 - momentum: 0.000000
2025-12-22 20:53:41,958 epoch 16 - iter 7/13 - loss 0.87895977 - time (sec): 0.73 - samples/sec: 3676.72 - lr: 0.100000 - momentum: 0.000000
2025-12-22 20:53:42,063 epoch 16 - iter 8/13 - loss 0.87042992 - time (sec): 0.83 - samples/sec: 3657.23 - lr: 0.100000 - momentum: 0.000000
2025-12-22 20:53:42,152 epoch 16 - iter 9/13 - loss 0.87508492 - time (sec): 0.92 - samples/sec: 3688.15 - lr: 0.100000 - momentum: 0.000000
2025-12-22 20:53:42,225 epoch 16 - iter 10/13 - loss 0.87532673 - time (sec): 0.99 - samples/sec: 3735.17 - lr: 0.100000 - momentum: 0.000000
2025-12-22 20:53:42,399 epoch 16 - iter 11/13 - loss 0.87686390 - time (sec): 1.17 - samples/sec: 3541.93 - lr: 0.100000 - momentum: 0.000000
2025-12-22 20:53:42,543 epoch 16 - iter 12/13 - loss 0.87319862 - time (sec): 1.31 - samples/sec: 3502.31 - lr: 0.100000 - momentum: 0.000000
2025-12-22 20:53:42,620 epoch 16 - iter 13/13 - loss 0.87157336 - time (sec): 1.39 - samples/sec: 3545.09 - lr: 0.100000 - momentum: 0.000000
2025-12-22 20:53:42,620 ----------------------------------------------------------------------------------------------------
2025-12-22 20:53:42,620 EPOCH 16 done: loss 0.8716 - lr: 0.100000
2025-12-22 20:53:42,975 DEV : loss 3.341815710067749 - f1-score (micro avg)  0.3482
2025-12-22 20:53:42,976  - 2 epochs without improvement
2025-12-22 20:53:42,976 ----------------------------------------------------------------------------------------------------
2025-12-22 20:53:43,102 epoch 17 - iter 1/13 - loss 0.76225410 - time (sec): 0.13 - samples/sec: 3111.03 - lr: 0.100000 - momentum: 0.000000
2025-12-22 20:53:43,280 epoch 17 - iter 2/13 - loss 0.84522989 - time (sec): 0.30 - samples/sec: 2884.26 - lr: 0.100000 - momentum: 0.000000
2025-12-22 20:53:43,382 epoch 17 - iter 3/13 - loss 0.82356387 - time (sec): 0.41 - samples/sec: 3080.97 - lr: 0.100000 - momentum: 0.000000
2025-12-22 20:53:43,481 epoch 17 - iter 4/13 - loss 0.85942293 - time (sec): 0.50 - samples/sec: 3238.73 - lr: 0.100000 - momentum: 0.000000
2025-12-22 20:53:43,574 epoch 17 - iter 5/13 - loss 0.85162136 - time (sec): 0.60 - samples/sec: 3331.58 - lr: 0.100000 - momentum: 0.000000
2025-12-22 20:53:43,678 epoch 17 - iter 6/13 - loss 0.82747031 - time (sec): 0.70 - samples/sec: 3304.69 - lr: 0.100000 - momentum: 0.000000
2025-12-22 20:53:43,790 epoch 17 - iter 7/13 - loss 0.82229249 - time (sec): 0.81 - samples/sec: 3406.23 - lr: 0.100000 - momentum: 0.000000
2025-12-22 20:53:43,889 epoch 17 - iter 8/13 - loss 0.82787939 - time (sec): 0.91 - samples/sec: 3464.95 - lr: 0.100000 - momentum: 0.000000
2025-12-22 20:53:43,982 epoch 17 - iter 9/13 - loss 0.82021229 - time (sec): 1.01 - samples/sec: 3516.72 - lr: 0.100000 - momentum: 0.000000
2025-12-22 20:53:44,060 epoch 17 - iter 10/13 - loss 0.81720714 - time (sec): 1.08 - samples/sec: 3555.04 - lr: 0.100000 - momentum: 0.000000
2025-12-22 20:53:44,184 epoch 17 - iter 11/13 - loss 0.82164364 - time (sec): 1.21 - samples/sec: 3530.56 - lr: 0.100000 - momentum: 0.000000
2025-12-22 20:53:44,312 epoch 17 - iter 12/13 - loss 0.82853827 - time (sec): 1.33 - samples/sec: 3471.99 - lr: 0.100000 - momentum: 0.000000
2025-12-22 20:53:44,391 epoch 17 - iter 13/13 - loss 0.82722283 - time (sec): 1.41 - samples/sec: 3482.58 - lr: 0.100000 - momentum: 0.000000
2025-12-22 20:53:44,391 ----------------------------------------------------------------------------------------------------
2025-12-22 20:53:44,391 EPOCH 17 done: loss 0.8272 - lr: 0.100000
2025-12-22 20:53:44,899 DEV : loss 3.8674869537353516 - f1-score (micro avg)  0.3587
2025-12-22 20:53:44,902  - 0 epochs without improvement
2025-12-22 20:53:44,902 saving best model
2025-12-22 20:53:44,919 ----------------------------------------------------------------------------------------------------
2025-12-22 20:53:45,101 epoch 18 - iter 1/13 - loss 0.78673207 - time (sec): 0.18 - samples/sec: 2371.66 - lr: 0.100000 - momentum: 0.000000
2025-12-22 20:53:45,178 epoch 18 - iter 2/13 - loss 0.80903451 - time (sec): 0.26 - samples/sec: 2904.67 - lr: 0.100000 - momentum: 0.000000
2025-12-22 20:53:45,275 epoch 18 - iter 3/13 - loss 0.76733577 - time (sec): 0.35 - samples/sec: 3076.27 - lr: 0.100000 - momentum: 0.000000
2025-12-22 20:53:45,355 epoch 18 - iter 4/13 - loss 0.77858856 - time (sec): 0.43 - samples/sec: 3306.66 - lr: 0.100000 - momentum: 0.000000
2025-12-22 20:53:45,470 epoch 18 - iter 5/13 - loss 0.77539848 - time (sec): 0.55 - samples/sec: 3390.46 - lr: 0.100000 - momentum: 0.000000
2025-12-22 20:53:45,563 epoch 18 - iter 6/13 - loss 0.79117455 - time (sec): 0.64 - samples/sec: 3560.66 - lr: 0.100000 - momentum: 0.000000
2025-12-22 20:53:45,656 epoch 18 - iter 7/13 - loss 0.78161393 - time (sec): 0.74 - samples/sec: 3566.45 - lr: 0.100000 - momentum: 0.000000
2025-12-22 20:53:45,749 epoch 18 - iter 8/13 - loss 0.76836625 - time (sec): 0.83 - samples/sec: 3645.06 - lr: 0.100000 - momentum: 0.000000
2025-12-22 20:53:45,861 epoch 18 - iter 9/13 - loss 0.76699312 - time (sec): 0.94 - samples/sec: 3655.82 - lr: 0.100000 - momentum: 0.000000
2025-12-22 20:53:45,975 epoch 18 - iter 10/13 - loss 0.75574812 - time (sec): 1.05 - samples/sec: 3679.82 - lr: 0.100000 - momentum: 0.000000
2025-12-22 20:53:46,057 epoch 18 - iter 11/13 - loss 0.75237748 - time (sec): 1.14 - samples/sec: 3688.76 - lr: 0.100000 - momentum: 0.000000
2025-12-22 20:53:46,230 epoch 18 - iter 12/13 - loss 0.75545362 - time (sec): 1.31 - samples/sec: 3528.72 - lr: 0.100000 - momentum: 0.000000
2025-12-22 20:53:46,403 epoch 18 - iter 13/13 - loss 0.75362177 - time (sec): 1.48 - samples/sec: 3321.62 - lr: 0.100000 - momentum: 0.000000
2025-12-22 20:53:46,403 ----------------------------------------------------------------------------------------------------
2025-12-22 20:53:46,403 EPOCH 18 done: loss 0.7536 - lr: 0.100000
2025-12-22 20:53:46,846 DEV : loss 3.7382712364196777 - f1-score (micro avg)  0.339
2025-12-22 20:53:46,847  - 1 epochs without improvement
2025-12-22 20:53:46,847 ----------------------------------------------------------------------------------------------------
2025-12-22 20:53:47,014 epoch 19 - iter 1/13 - loss 0.77921167 - time (sec): 0.17 - samples/sec: 2425.96 - lr: 0.100000 - momentum: 0.000000
2025-12-22 20:53:47,107 epoch 19 - iter 2/13 - loss 0.76756149 - time (sec): 0.26 - samples/sec: 3111.11 - lr: 0.100000 - momentum: 0.000000
2025-12-22 20:53:47,186 epoch 19 - iter 3/13 - loss 0.75488364 - time (sec): 0.34 - samples/sec: 3492.06 - lr: 0.100000 - momentum: 0.000000
2025-12-22 20:53:47,271 epoch 19 - iter 4/13 - loss 0.74426126 - time (sec): 0.42 - samples/sec: 3611.27 - lr: 0.100000 - momentum: 0.000000
2025-12-22 20:53:47,356 epoch 19 - iter 5/13 - loss 0.71724905 - time (sec): 0.51 - samples/sec: 3617.32 - lr: 0.100000 - momentum: 0.000000
2025-12-22 20:53:47,461 epoch 19 - iter 6/13 - loss 0.71100108 - time (sec): 0.61 - samples/sec: 3602.76 - lr: 0.100000 - momentum: 0.000000
2025-12-22 20:53:47,575 epoch 19 - iter 7/13 - loss 0.69411397 - time (sec): 0.73 - samples/sec: 3601.46 - lr: 0.100000 - momentum: 0.000000
2025-12-22 20:53:47,747 epoch 19 - iter 8/13 - loss 0.70580027 - time (sec): 0.90 - samples/sec: 3328.06 - lr: 0.100000 - momentum: 0.000000
2025-12-22 20:53:47,833 epoch 19 - iter 9/13 - loss 0.70000208 - time (sec): 0.98 - samples/sec: 3359.67 - lr: 0.100000 - momentum: 0.000000
2025-12-22 20:53:47,937 epoch 19 - iter 10/13 - loss 0.69939013 - time (sec): 1.09 - samples/sec: 3416.28 - lr: 0.100000 - momentum: 0.000000
2025-12-22 20:53:48,072 epoch 19 - iter 11/13 - loss 0.69434655 - time (sec): 1.22 - samples/sec: 3438.64 - lr: 0.100000 - momentum: 0.000000
2025-12-22 20:53:48,188 epoch 19 - iter 12/13 - loss 0.68478362 - time (sec): 1.34 - samples/sec: 3454.57 - lr: 0.100000 - momentum: 0.000000
2025-12-22 20:53:48,257 epoch 19 - iter 13/13 - loss 0.67937670 - time (sec): 1.41 - samples/sec: 3494.23 - lr: 0.100000 - momentum: 0.000000
2025-12-22 20:53:48,258 ----------------------------------------------------------------------------------------------------
2025-12-22 20:53:48,258 EPOCH 19 done: loss 0.6794 - lr: 0.100000
2025-12-22 20:53:48,596 DEV : loss 3.893862724304199 - f1-score (micro avg)  0.3528
2025-12-22 20:53:48,597  - 2 epochs without improvement
2025-12-22 20:53:48,597 ----------------------------------------------------------------------------------------------------
2025-12-22 20:53:48,698 epoch 20 - iter 1/13 - loss 0.67458898 - time (sec): 0.10 - samples/sec: 3933.35 - lr: 0.100000 - momentum: 0.000000
2025-12-22 20:53:48,805 epoch 20 - iter 2/13 - loss 0.64094960 - time (sec): 0.21 - samples/sec: 3809.65 - lr: 0.100000 - momentum: 0.000000
2025-12-22 20:53:49,030 epoch 20 - iter 3/13 - loss 0.63926649 - time (sec): 0.43 - samples/sec: 2795.60 - lr: 0.100000 - momentum: 0.000000
2025-12-22 20:53:49,115 epoch 20 - iter 4/13 - loss 0.65955814 - time (sec): 0.52 - samples/sec: 3083.52 - lr: 0.100000 - momentum: 0.000000
2025-12-22 20:53:49,270 epoch 20 - iter 5/13 - loss 0.66373772 - time (sec): 0.67 - samples/sec: 2957.33 - lr: 0.100000 - momentum: 0.000000
2025-12-22 20:53:49,395 epoch 20 - iter 6/13 - loss 0.65072762 - time (sec): 0.80 - samples/sec: 3048.10 - lr: 0.100000 - momentum: 0.000000
2025-12-22 20:53:49,497 epoch 20 - iter 7/13 - loss 0.64137366 - time (sec): 0.90 - samples/sec: 3109.22 - lr: 0.100000 - momentum: 0.000000
2025-12-22 20:53:49,580 epoch 20 - iter 8/13 - loss 0.62952788 - time (sec): 0.98 - samples/sec: 3183.39 - lr: 0.100000 - momentum: 0.000000
2025-12-22 20:53:49,653 epoch 20 - iter 9/13 - loss 0.62179220 - time (sec): 1.06 - samples/sec: 3268.22 - lr: 0.100000 - momentum: 0.000000
2025-12-22 20:53:49,758 epoch 20 - iter 10/13 - loss 0.61800650 - time (sec): 1.16 - samples/sec: 3236.31 - lr: 0.100000 - momentum: 0.000000
2025-12-22 20:53:49,939 epoch 20 - iter 11/13 - loss 0.62979423 - time (sec): 1.34 - samples/sec: 3056.14 - lr: 0.100000 - momentum: 0.000000
2025-12-22 20:53:50,041 epoch 20 - iter 12/13 - loss 0.62953221 - time (sec): 1.44 - samples/sec: 3154.59 - lr: 0.100000 - momentum: 0.000000
2025-12-22 20:53:50,159 epoch 20 - iter 13/13 - loss 0.62543679 - time (sec): 1.56 - samples/sec: 3155.44 - lr: 0.100000 - momentum: 0.000000
2025-12-22 20:53:50,159 ----------------------------------------------------------------------------------------------------
2025-12-22 20:53:50,159 EPOCH 20 done: loss 0.6254 - lr: 0.100000
2025-12-22 20:53:50,737 DEV : loss 3.612401008605957 - f1-score (micro avg)  0.3619
2025-12-22 20:53:50,738  - 0 epochs without improvement
2025-12-22 20:53:50,739 saving best model
2025-12-22 20:53:50,760 ----------------------------------------------------------------------------------------------------
2025-12-22 20:53:50,875 epoch 21 - iter 1/13 - loss 0.58031461 - time (sec): 0.11 - samples/sec: 3067.78 - lr: 0.100000 - momentum: 0.000000
2025-12-22 20:53:51,004 epoch 21 - iter 2/13 - loss 0.59964281 - time (sec): 0.24 - samples/sec: 3081.99 - lr: 0.100000 - momentum: 0.000000
2025-12-22 20:53:51,107 epoch 21 - iter 3/13 - loss 0.62032419 - time (sec): 0.35 - samples/sec: 3239.76 - lr: 0.100000 - momentum: 0.000000
2025-12-22 20:53:51,306 epoch 21 - iter 4/13 - loss 0.58640520 - time (sec): 0.55 - samples/sec: 2825.77 - lr: 0.100000 - momentum: 0.000000
2025-12-22 20:53:51,578 epoch 21 - iter 5/13 - loss 0.58490959 - time (sec): 0.82 - samples/sec: 2342.75 - lr: 0.100000 - momentum: 0.000000
2025-12-22 20:53:51,730 epoch 21 - iter 6/13 - loss 0.59073211 - time (sec): 0.97 - samples/sec: 2323.47 - lr: 0.100000 - momentum: 0.000000
2025-12-22 20:53:51,961 epoch 21 - iter 7/13 - loss 0.60686809 - time (sec): 1.20 - samples/sec: 2283.70 - lr: 0.100000 - momentum: 0.000000
2025-12-22 20:53:52,094 epoch 21 - iter 8/13 - loss 0.59405816 - time (sec): 1.33 - samples/sec: 2315.80 - lr: 0.100000 - momentum: 0.000000
2025-12-22 20:53:52,226 epoch 21 - iter 9/13 - loss 0.58794402 - time (sec): 1.47 - samples/sec: 2339.16 - lr: 0.100000 - momentum: 0.000000
2025-12-22 20:53:52,342 epoch 21 - iter 10/13 - loss 0.58843225 - time (sec): 1.58 - samples/sec: 2412.34 - lr: 0.100000 - momentum: 0.000000
2025-12-22 20:53:52,450 epoch 21 - iter 11/13 - loss 0.58524705 - time (sec): 1.69 - samples/sec: 2467.73 - lr: 0.100000 - momentum: 0.000000
2025-12-22 20:53:52,559 epoch 21 - iter 12/13 - loss 0.58771861 - time (sec): 1.80 - samples/sec: 2527.50 - lr: 0.100000 - momentum: 0.000000
2025-12-22 20:53:52,676 epoch 21 - iter 13/13 - loss 0.58782605 - time (sec): 1.92 - samples/sec: 2571.08 - lr: 0.100000 - momentum: 0.000000
2025-12-22 20:53:52,676 ----------------------------------------------------------------------------------------------------
2025-12-22 20:53:52,677 EPOCH 21 done: loss 0.5878 - lr: 0.100000
2025-12-22 20:53:53,080 DEV : loss 3.849821090698242 - f1-score (micro avg)  0.3557
2025-12-22 20:53:53,081  - 1 epochs without improvement
2025-12-22 20:53:53,081 ----------------------------------------------------------------------------------------------------
2025-12-22 20:53:53,183 epoch 22 - iter 1/13 - loss 0.52070118 - time (sec): 0.10 - samples/sec: 3219.96 - lr: 0.100000 - momentum: 0.000000
2025-12-22 20:53:53,297 epoch 22 - iter 2/13 - loss 0.49799385 - time (sec): 0.22 - samples/sec: 3292.88 - lr: 0.100000 - momentum: 0.000000
2025-12-22 20:53:53,409 epoch 22 - iter 3/13 - loss 0.48987831 - time (sec): 0.33 - samples/sec: 3200.59 - lr: 0.100000 - momentum: 0.000000
2025-12-22 20:53:53,532 epoch 22 - iter 4/13 - loss 0.54287259 - time (sec): 0.45 - samples/sec: 3187.91 - lr: 0.100000 - momentum: 0.000000
2025-12-22 20:53:53,641 epoch 22 - iter 5/13 - loss 0.53721301 - time (sec): 0.56 - samples/sec: 3257.27 - lr: 0.100000 - momentum: 0.000000
2025-12-22 20:53:53,778 epoch 22 - iter 6/13 - loss 0.54745694 - time (sec): 0.70 - samples/sec: 3189.14 - lr: 0.100000 - momentum: 0.000000
2025-12-22 20:53:53,885 epoch 22 - iter 7/13 - loss 0.55763169 - time (sec): 0.80 - samples/sec: 3184.95 - lr: 0.100000 - momentum: 0.000000
2025-12-22 20:53:54,017 epoch 22 - iter 8/13 - loss 0.53606525 - time (sec): 0.93 - samples/sec: 3142.63 - lr: 0.100000 - momentum: 0.000000
2025-12-22 20:53:54,366 epoch 22 - iter 9/13 - loss 0.54115677 - time (sec): 1.28 - samples/sec: 2601.04 - lr: 0.100000 - momentum: 0.000000
2025-12-22 20:53:54,563 epoch 22 - iter 10/13 - loss 0.56376432 - time (sec): 1.48 - samples/sec: 2549.91 - lr: 0.100000 - momentum: 0.000000
2025-12-22 20:53:54,679 epoch 22 - iter 11/13 - loss 0.55894975 - time (sec): 1.60 - samples/sec: 2626.37 - lr: 0.100000 - momentum: 0.000000
2025-12-22 20:53:54,790 epoch 22 - iter 12/13 - loss 0.55320592 - time (sec): 1.71 - samples/sec: 2682.05 - lr: 0.100000 - momentum: 0.000000
2025-12-22 20:53:54,894 epoch 22 - iter 13/13 - loss 0.55645234 - time (sec): 1.81 - samples/sec: 2718.52 - lr: 0.100000 - momentum: 0.000000
2025-12-22 20:53:54,894 ----------------------------------------------------------------------------------------------------
2025-12-22 20:53:54,894 EPOCH 22 done: loss 0.5565 - lr: 0.100000
2025-12-22 20:53:55,304 DEV : loss 3.507791042327881 - f1-score (micro avg)  0.3596
2025-12-22 20:53:55,304  - 2 epochs without improvement
2025-12-22 20:53:55,305 ----------------------------------------------------------------------------------------------------
2025-12-22 20:53:55,387 epoch 23 - iter 1/13 - loss 0.52243854 - time (sec): 0.08 - samples/sec: 3971.91 - lr: 0.100000 - momentum: 0.000000
2025-12-22 20:53:55,486 epoch 23 - iter 2/13 - loss 0.51738253 - time (sec): 0.18 - samples/sec: 3850.75 - lr: 0.100000 - momentum: 0.000000
2025-12-22 20:53:55,596 epoch 23 - iter 3/13 - loss 0.53727786 - time (sec): 0.29 - samples/sec: 3709.78 - lr: 0.100000 - momentum: 0.000000
2025-12-22 20:53:55,796 epoch 23 - iter 4/13 - loss 0.53551269 - time (sec): 0.49 - samples/sec: 3079.16 - lr: 0.100000 - momentum: 0.000000
2025-12-22 20:53:55,942 epoch 23 - iter 5/13 - loss 0.52444407 - time (sec): 0.64 - samples/sec: 3117.43 - lr: 0.100000 - momentum: 0.000000
2025-12-22 20:53:56,089 epoch 23 - iter 6/13 - loss 0.54075695 - time (sec): 0.78 - samples/sec: 3107.31 - lr: 0.100000 - momentum: 0.000000
2025-12-22 20:53:56,280 epoch 23 - iter 7/13 - loss 0.53645459 - time (sec): 0.97 - samples/sec: 2919.16 - lr: 0.100000 - momentum: 0.000000
2025-12-22 20:53:56,393 epoch 23 - iter 8/13 - loss 0.53478985 - time (sec): 1.09 - samples/sec: 2946.03 - lr: 0.100000 - momentum: 0.000000
2025-12-22 20:53:56,546 epoch 23 - iter 9/13 - loss 0.52808631 - time (sec): 1.24 - samples/sec: 2871.76 - lr: 0.100000 - momentum: 0.000000
2025-12-22 20:53:56,651 epoch 23 - iter 10/13 - loss 0.54024076 - time (sec): 1.35 - samples/sec: 2876.52 - lr: 0.100000 - momentum: 0.000000
2025-12-22 20:53:56,762 epoch 23 - iter 11/13 - loss 0.53426203 - time (sec): 1.46 - samples/sec: 2950.40 - lr: 0.100000 - momentum: 0.000000
2025-12-22 20:53:56,856 epoch 23 - iter 12/13 - loss 0.52857602 - time (sec): 1.55 - samples/sec: 2993.39 - lr: 0.100000 - momentum: 0.000000
2025-12-22 20:53:56,959 epoch 23 - iter 13/13 - loss 0.52500469 - time (sec): 1.65 - samples/sec: 2978.12 - lr: 0.100000 - momentum: 0.000000
2025-12-22 20:53:56,959 ----------------------------------------------------------------------------------------------------
2025-12-22 20:53:56,959 EPOCH 23 done: loss 0.5250 - lr: 0.100000
2025-12-22 20:53:57,364 DEV : loss 4.237264633178711 - f1-score (micro avg)  0.3688
2025-12-22 20:53:57,365  - 0 epochs without improvement
2025-12-22 20:53:57,365 saving best model
2025-12-22 20:53:57,391 ----------------------------------------------------------------------------------------------------
2025-12-22 20:53:57,495 epoch 24 - iter 1/13 - loss 0.40425476 - time (sec): 0.10 - samples/sec: 3888.39 - lr: 0.100000 - momentum: 0.000000
2025-12-22 20:53:57,612 epoch 24 - iter 2/13 - loss 0.46509512 - time (sec): 0.22 - samples/sec: 3683.13 - lr: 0.100000 - momentum: 0.000000
2025-12-22 20:53:57,723 epoch 24 - iter 3/13 - loss 0.46563453 - time (sec): 0.33 - samples/sec: 3574.57 - lr: 0.100000 - momentum: 0.000000
2025-12-22 20:53:57,921 epoch 24 - iter 4/13 - loss 0.46859893 - time (sec): 0.53 - samples/sec: 3000.40 - lr: 0.100000 - momentum: 0.000000
2025-12-22 20:53:58,027 epoch 24 - iter 5/13 - loss 0.49036310 - time (sec): 0.64 - samples/sec: 3028.81 - lr: 0.100000 - momentum: 0.000000
2025-12-22 20:53:58,155 epoch 24 - iter 6/13 - loss 0.50111726 - time (sec): 0.76 - samples/sec: 3031.92 - lr: 0.100000 - momentum: 0.000000
2025-12-22 20:53:58,295 epoch 24 - iter 7/13 - loss 0.49438759 - time (sec): 0.90 - samples/sec: 2970.02 - lr: 0.100000 - momentum: 0.000000
2025-12-22 20:53:58,421 epoch 24 - iter 8/13 - loss 0.47715495 - time (sec): 1.03 - samples/sec: 2986.90 - lr: 0.100000 - momentum: 0.000000
2025-12-22 20:53:58,520 epoch 24 - iter 9/13 - loss 0.48379174 - time (sec): 1.13 - samples/sec: 3075.00 - lr: 0.100000 - momentum: 0.000000
2025-12-22 20:53:58,603 epoch 24 - iter 10/13 - loss 0.48544436 - time (sec): 1.21 - samples/sec: 3083.81 - lr: 0.100000 - momentum: 0.000000
2025-12-22 20:53:58,736 epoch 24 - iter 11/13 - loss 0.48307002 - time (sec): 1.34 - samples/sec: 3072.74 - lr: 0.100000 - momentum: 0.000000
2025-12-22 20:53:58,858 epoch 24 - iter 12/13 - loss 0.48241617 - time (sec): 1.47 - samples/sec: 3122.89 - lr: 0.100000 - momentum: 0.000000
2025-12-22 20:53:59,027 epoch 24 - iter 13/13 - loss 0.48404086 - time (sec): 1.64 - samples/sec: 3012.03 - lr: 0.100000 - momentum: 0.000000
2025-12-22 20:53:59,028 ----------------------------------------------------------------------------------------------------
2025-12-22 20:53:59,028 EPOCH 24 done: loss 0.4840 - lr: 0.100000
2025-12-22 20:53:59,401 DEV : loss 4.057717800140381 - f1-score (micro avg)  0.3583
2025-12-22 20:53:59,402  - 1 epochs without improvement
2025-12-22 20:53:59,402 ----------------------------------------------------------------------------------------------------
2025-12-22 20:53:59,549 epoch 25 - iter 1/13 - loss 0.45989440 - time (sec): 0.15 - samples/sec: 2941.96 - lr: 0.100000 - momentum: 0.000000
2025-12-22 20:53:59,633 epoch 25 - iter 2/13 - loss 0.43286228 - time (sec): 0.23 - samples/sec: 3329.66 - lr: 0.100000 - momentum: 0.000000
2025-12-22 20:53:59,751 epoch 25 - iter 3/13 - loss 0.46471714 - time (sec): 0.35 - samples/sec: 3315.06 - lr: 0.100000 - momentum: 0.000000
2025-12-22 20:53:59,859 epoch 25 - iter 4/13 - loss 0.45560282 - time (sec): 0.46 - samples/sec: 3333.57 - lr: 0.100000 - momentum: 0.000000
2025-12-22 20:53:59,988 epoch 25 - iter 5/13 - loss 0.46677143 - time (sec): 0.59 - samples/sec: 3259.00 - lr: 0.100000 - momentum: 0.000000
2025-12-22 20:54:00,109 epoch 25 - iter 6/13 - loss 0.46814050 - time (sec): 0.71 - samples/sec: 3232.35 - lr: 0.100000 - momentum: 0.000000
2025-12-22 20:54:00,301 epoch 25 - iter 7/13 - loss 0.49079739 - time (sec): 0.90 - samples/sec: 2983.18 - lr: 0.100000 - momentum: 0.000000
2025-12-22 20:54:00,405 epoch 25 - iter 8/13 - loss 0.48101893 - time (sec): 1.00 - samples/sec: 3044.08 - lr: 0.100000 - momentum: 0.000000
2025-12-22 20:54:00,558 epoch 25 - iter 9/13 - loss 0.49065542 - time (sec): 1.16 - samples/sec: 3017.03 - lr: 0.100000 - momentum: 0.000000
2025-12-22 20:54:00,672 epoch 25 - iter 10/13 - loss 0.48956921 - time (sec): 1.27 - samples/sec: 3058.84 - lr: 0.100000 - momentum: 0.000000
2025-12-22 20:54:00,857 epoch 25 - iter 11/13 - loss 0.48783703 - time (sec): 1.45 - samples/sec: 2933.72 - lr: 0.100000 - momentum: 0.000000
2025-12-22 20:54:00,944 epoch 25 - iter 12/13 - loss 0.48201851 - time (sec): 1.54 - samples/sec: 2972.12 - lr: 0.100000 - momentum: 0.000000
2025-12-22 20:54:01,041 epoch 25 - iter 13/13 - loss 0.48229054 - time (sec): 1.64 - samples/sec: 3004.96 - lr: 0.100000 - momentum: 0.000000
2025-12-22 20:54:01,042 ----------------------------------------------------------------------------------------------------
2025-12-22 20:54:01,042 EPOCH 25 done: loss 0.4823 - lr: 0.100000
2025-12-22 20:54:01,400 DEV : loss 3.364086627960205 - f1-score (micro avg)  0.3547
2025-12-22 20:54:01,401  - 2 epochs without improvement
2025-12-22 20:54:01,402 ----------------------------------------------------------------------------------------------------
2025-12-22 20:54:01,497 epoch 26 - iter 1/13 - loss 0.37141790 - time (sec): 0.10 - samples/sec: 3741.55 - lr: 0.100000 - momentum: 0.000000
2025-12-22 20:54:01,634 epoch 26 - iter 2/13 - loss 0.39250367 - time (sec): 0.23 - samples/sec: 3388.50 - lr: 0.100000 - momentum: 0.000000
2025-12-22 20:54:01,735 epoch 26 - iter 3/13 - loss 0.40748101 - time (sec): 0.33 - samples/sec: 3407.32 - lr: 0.100000 - momentum: 0.000000
2025-12-22 20:54:01,878 epoch 26 - iter 4/13 - loss 0.39350117 - time (sec): 0.48 - samples/sec: 3325.51 - lr: 0.100000 - momentum: 0.000000
2025-12-22 20:54:02,004 epoch 26 - iter 5/13 - loss 0.40906849 - time (sec): 0.60 - samples/sec: 3262.95 - lr: 0.100000 - momentum: 0.000000
2025-12-22 20:54:02,187 epoch 26 - iter 6/13 - loss 0.42431400 - time (sec): 0.79 - samples/sec: 2975.74 - lr: 0.100000 - momentum: 0.000000
2025-12-22 20:54:02,278 epoch 26 - iter 7/13 - loss 0.40766552 - time (sec): 0.88 - samples/sec: 3044.61 - lr: 0.100000 - momentum: 0.000000
2025-12-22 20:54:02,386 epoch 26 - iter 8/13 - loss 0.40398175 - time (sec): 0.98 - samples/sec: 3078.27 - lr: 0.100000 - momentum: 0.000000
2025-12-22 20:54:02,582 epoch 26 - iter 9/13 - loss 0.39764206 - time (sec): 1.18 - samples/sec: 2939.88 - lr: 0.100000 - momentum: 0.000000
2025-12-22 20:54:02,728 epoch 26 - iter 10/13 - loss 0.40601685 - time (sec): 1.33 - samples/sec: 2896.44 - lr: 0.100000 - momentum: 0.000000
2025-12-22 20:54:02,914 epoch 26 - iter 11/13 - loss 0.40722892 - time (sec): 1.51 - samples/sec: 2806.99 - lr: 0.100000 - momentum: 0.000000
2025-12-22 20:54:03,006 epoch 26 - iter 12/13 - loss 0.40942309 - time (sec): 1.60 - samples/sec: 2874.58 - lr: 0.100000 - momentum: 0.000000
2025-12-22 20:54:03,091 epoch 26 - iter 13/13 - loss 0.41035068 - time (sec): 1.69 - samples/sec: 2916.56 - lr: 0.100000 - momentum: 0.000000
2025-12-22 20:54:03,091 ----------------------------------------------------------------------------------------------------
2025-12-22 20:54:03,091 EPOCH 26 done: loss 0.4104 - lr: 0.100000
2025-12-22 20:54:03,713 DEV : loss 4.345024108886719 - f1-score (micro avg)  0.3885
2025-12-22 20:54:03,714  - 0 epochs without improvement
2025-12-22 20:54:03,714 saving best model
2025-12-22 20:54:03,727 ----------------------------------------------------------------------------------------------------
2025-12-22 20:54:03,846 epoch 27 - iter 1/13 - loss 0.43154538 - time (sec): 0.12 - samples/sec: 3415.45 - lr: 0.100000 - momentum: 0.000000
2025-12-22 20:54:03,933 epoch 27 - iter 2/13 - loss 0.44620641 - time (sec): 0.21 - samples/sec: 3714.17 - lr: 0.100000 - momentum: 0.000000
2025-12-22 20:54:04,049 epoch 27 - iter 3/13 - loss 0.48746973 - time (sec): 0.32 - samples/sec: 3545.45 - lr: 0.100000 - momentum: 0.000000
2025-12-22 20:54:04,264 epoch 27 - iter 4/13 - loss 0.48980783 - time (sec): 0.54 - samples/sec: 2931.79 - lr: 0.100000 - momentum: 0.000000
2025-12-22 20:54:04,422 epoch 27 - iter 5/13 - loss 0.47638472 - time (sec): 0.69 - samples/sec: 2823.31 - lr: 0.100000 - momentum: 0.000000
2025-12-22 20:54:04,516 epoch 27 - iter 6/13 - loss 0.46842217 - time (sec): 0.79 - samples/sec: 2947.35 - lr: 0.100000 - momentum: 0.000000
2025-12-22 20:54:04,612 epoch 27 - iter 7/13 - loss 0.44933035 - time (sec): 0.88 - samples/sec: 3056.91 - lr: 0.100000 - momentum: 0.000000
2025-12-22 20:54:04,758 epoch 27 - iter 8/13 - loss 0.42719670 - time (sec): 1.03 - samples/sec: 3078.84 - lr: 0.100000 - momentum: 0.000000
2025-12-22 20:54:04,882 epoch 27 - iter 9/13 - loss 0.43014234 - time (sec): 1.15 - samples/sec: 3023.10 - lr: 0.100000 - momentum: 0.000000
2025-12-22 20:54:05,004 epoch 27 - iter 10/13 - loss 0.44105206 - time (sec): 1.28 - samples/sec: 3029.49 - lr: 0.100000 - momentum: 0.000000
2025-12-22 20:54:05,189 epoch 27 - iter 11/13 - loss 0.44118296 - time (sec): 1.46 - samples/sec: 2892.05 - lr: 0.100000 - momentum: 0.000000
2025-12-22 20:54:05,296 epoch 27 - iter 12/13 - loss 0.43708939 - time (sec): 1.57 - samples/sec: 2921.85 - lr: 0.100000 - momentum: 0.000000
2025-12-22 20:54:05,392 epoch 27 - iter 13/13 - loss 0.43837204 - time (sec): 1.67 - samples/sec: 2958.28 - lr: 0.100000 - momentum: 0.000000
2025-12-22 20:54:05,393 ----------------------------------------------------------------------------------------------------
2025-12-22 20:54:05,393 EPOCH 27 done: loss 0.4384 - lr: 0.100000
2025-12-22 20:54:05,835 DEV : loss 3.9874134063720703 - f1-score (micro avg)  0.3655
2025-12-22 20:54:05,837  - 1 epochs without improvement
2025-12-22 20:54:05,838 ----------------------------------------------------------------------------------------------------
2025-12-22 20:54:05,945 epoch 28 - iter 1/13 - loss 0.33805564 - time (sec): 0.11 - samples/sec: 3384.63 - lr: 0.100000 - momentum: 0.000000
2025-12-22 20:54:06,072 epoch 28 - iter 2/13 - loss 0.35936674 - time (sec): 0.23 - samples/sec: 3161.39 - lr: 0.100000 - momentum: 0.000000
2025-12-22 20:54:06,167 epoch 28 - iter 3/13 - loss 0.34964884 - time (sec): 0.33 - samples/sec: 3419.62 - lr: 0.100000 - momentum: 0.000000
2025-12-22 20:54:06,266 epoch 28 - iter 4/13 - loss 0.34093867 - time (sec): 0.43 - samples/sec: 3538.72 - lr: 0.100000 - momentum: 0.000000
2025-12-22 20:54:06,397 epoch 28 - iter 5/13 - loss 0.35658213 - time (sec): 0.56 - samples/sec: 3388.92 - lr: 0.100000 - momentum: 0.000000
2025-12-22 20:54:06,525 epoch 28 - iter 6/13 - loss 0.37868622 - time (sec): 0.69 - samples/sec: 3343.97 - lr: 0.100000 - momentum: 0.000000
2025-12-22 20:54:06,738 epoch 28 - iter 7/13 - loss 0.37804611 - time (sec): 0.90 - samples/sec: 3052.87 - lr: 0.100000 - momentum: 0.000000
2025-12-22 20:54:06,844 epoch 28 - iter 8/13 - loss 0.37722728 - time (sec): 1.01 - samples/sec: 3079.50 - lr: 0.100000 - momentum: 0.000000
2025-12-22 20:54:06,922 epoch 28 - iter 9/13 - loss 0.37644553 - time (sec): 1.08 - samples/sec: 3147.56 - lr: 0.100000 - momentum: 0.000000
2025-12-22 20:54:07,112 epoch 28 - iter 10/13 - loss 0.39074701 - time (sec): 1.27 - samples/sec: 2996.04 - lr: 0.100000 - momentum: 0.000000
2025-12-22 20:54:07,248 epoch 28 - iter 11/13 - loss 0.39238289 - time (sec): 1.41 - samples/sec: 2949.39 - lr: 0.100000 - momentum: 0.000000
2025-12-22 20:54:07,373 epoch 28 - iter 12/13 - loss 0.39349609 - time (sec): 1.54 - samples/sec: 2998.94 - lr: 0.100000 - momentum: 0.000000
2025-12-22 20:54:07,477 epoch 28 - iter 13/13 - loss 0.39743343 - time (sec): 1.64 - samples/sec: 3004.57 - lr: 0.100000 - momentum: 0.000000
2025-12-22 20:54:07,478 ----------------------------------------------------------------------------------------------------
2025-12-22 20:54:07,478 EPOCH 28 done: loss 0.3974 - lr: 0.100000
2025-12-22 20:54:07,870 DEV : loss 3.8120431900024414 - f1-score (micro avg)  0.3619
2025-12-22 20:54:07,872  - 2 epochs without improvement
2025-12-22 20:54:07,872 ----------------------------------------------------------------------------------------------------
2025-12-22 20:54:07,973 epoch 29 - iter 1/13 - loss 0.35414659 - time (sec): 0.10 - samples/sec: 3814.56 - lr: 0.100000 - momentum: 0.000000
2025-12-22 20:54:08,183 epoch 29 - iter 2/13 - loss 0.36190397 - time (sec): 0.31 - samples/sec: 2750.53 - lr: 0.100000 - momentum: 0.000000
2025-12-22 20:54:08,328 epoch 29 - iter 3/13 - loss 0.39613918 - time (sec): 0.46 - samples/sec: 2742.22 - lr: 0.100000 - momentum: 0.000000
2025-12-22 20:54:08,458 epoch 29 - iter 4/13 - loss 0.40527359 - time (sec): 0.59 - samples/sec: 2697.15 - lr: 0.100000 - momentum: 0.000000
2025-12-22 20:54:08,568 epoch 29 - iter 5/13 - loss 0.40226725 - time (sec): 0.70 - samples/sec: 2801.64 - lr: 0.100000 - momentum: 0.000000
2025-12-22 20:54:08,661 epoch 29 - iter 6/13 - loss 0.38831790 - time (sec): 0.79 - samples/sec: 2946.94 - lr: 0.100000 - momentum: 0.000000
2025-12-22 20:54:08,766 epoch 29 - iter 7/13 - loss 0.38418302 - time (sec): 0.89 - samples/sec: 3003.49 - lr: 0.100000 - momentum: 0.000000
2025-12-22 20:54:08,890 epoch 29 - iter 8/13 - loss 0.38678194 - time (sec): 1.02 - samples/sec: 2980.67 - lr: 0.100000 - momentum: 0.000000
2025-12-22 20:54:09,002 epoch 29 - iter 9/13 - loss 0.38498279 - time (sec): 1.13 - samples/sec: 2996.91 - lr: 0.100000 - momentum: 0.000000
2025-12-22 20:54:09,104 epoch 29 - iter 10/13 - loss 0.37440287 - time (sec): 1.23 - samples/sec: 3020.12 - lr: 0.100000 - momentum: 0.000000
2025-12-22 20:54:09,221 epoch 29 - iter 11/13 - loss 0.39060878 - time (sec): 1.35 - samples/sec: 3046.92 - lr: 0.100000 - momentum: 0.000000
2025-12-22 20:54:09,335 epoch 29 - iter 12/13 - loss 0.38724868 - time (sec): 1.46 - samples/sec: 3089.84 - lr: 0.100000 - momentum: 0.000000
2025-12-22 20:54:09,508 epoch 29 - iter 13/13 - loss 0.39275838 - time (sec): 1.64 - samples/sec: 3011.80 - lr: 0.100000 - momentum: 0.000000
2025-12-22 20:54:09,508 ----------------------------------------------------------------------------------------------------
2025-12-22 20:54:09,508 EPOCH 29 done: loss 0.3928 - lr: 0.100000
2025-12-22 20:54:09,924 DEV : loss 3.871002674102783 - f1-score (micro avg)  0.3505
2025-12-22 20:54:09,924  - 3 epochs without improvement
2025-12-22 20:54:09,925 ----------------------------------------------------------------------------------------------------
2025-12-22 20:54:10,057 epoch 30 - iter 1/13 - loss 0.35655884 - time (sec): 0.13 - samples/sec: 3038.59 - lr: 0.100000 - momentum: 0.000000
2025-12-22 20:54:10,165 epoch 30 - iter 2/13 - loss 0.31516538 - time (sec): 0.24 - samples/sec: 3281.54 - lr: 0.100000 - momentum: 0.000000
2025-12-22 20:54:10,275 epoch 30 - iter 3/13 - loss 0.34638145 - time (sec): 0.35 - samples/sec: 3386.52 - lr: 0.100000 - momentum: 0.000000
2025-12-22 20:54:10,484 epoch 30 - iter 4/13 - loss 0.35655948 - time (sec): 0.56 - samples/sec: 2930.45 - lr: 0.100000 - momentum: 0.000000
2025-12-22 20:54:10,616 epoch 30 - iter 5/13 - loss 0.35085963 - time (sec): 0.69 - samples/sec: 2917.66 - lr: 0.100000 - momentum: 0.000000
2025-12-22 20:54:10,727 epoch 30 - iter 6/13 - loss 0.35107702 - time (sec): 0.80 - samples/sec: 2936.13 - lr: 0.100000 - momentum: 0.000000
2025-12-22 20:54:10,840 epoch 30 - iter 7/13 - loss 0.35333272 - time (sec): 0.91 - samples/sec: 2989.48 - lr: 0.100000 - momentum: 0.000000
2025-12-22 20:54:11,088 epoch 30 - iter 8/13 - loss 0.36112203 - time (sec): 1.16 - samples/sec: 2670.73 - lr: 0.100000 - momentum: 0.000000
2025-12-22 20:54:11,272 epoch 30 - iter 9/13 - loss 0.36372926 - time (sec): 1.35 - samples/sec: 2592.90 - lr: 0.100000 - momentum: 0.000000
2025-12-22 20:54:11,391 epoch 30 - iter 10/13 - loss 0.35689234 - time (sec): 1.47 - samples/sec: 2607.90 - lr: 0.100000 - momentum: 0.000000
2025-12-22 20:54:11,491 epoch 30 - iter 11/13 - loss 0.36301852 - time (sec): 1.57 - samples/sec: 2682.32 - lr: 0.100000 - momentum: 0.000000
2025-12-22 20:54:11,590 epoch 30 - iter 12/13 - loss 0.36712122 - time (sec): 1.67 - samples/sec: 2764.85 - lr: 0.100000 - momentum: 0.000000
2025-12-22 20:54:11,675 epoch 30 - iter 13/13 - loss 0.37343232 - time (sec): 1.75 - samples/sec: 2814.82 - lr: 0.100000 - momentum: 0.000000
2025-12-22 20:54:11,675 ----------------------------------------------------------------------------------------------------
2025-12-22 20:54:11,675 EPOCH 30 done: loss 0.3734 - lr: 0.100000
2025-12-22 20:54:12,072 DEV : loss 4.113041400909424 - f1-score (micro avg)  0.3786
2025-12-22 20:54:12,072  - 4 epochs without improvement (above 'patience')-> annealing learning_rate to [0.05]
2025-12-22 20:54:12,073 ----------------------------------------------------------------------------------------------------
2025-12-22 20:54:12,214 epoch 31 - iter 1/13 - loss 0.34889514 - time (sec): 0.14 - samples/sec: 2483.79 - lr: 0.050000 - momentum: 0.000000
2025-12-22 20:54:12,442 epoch 31 - iter 2/13 - loss 0.37767523 - time (sec): 0.37 - samples/sec: 2055.35 - lr: 0.050000 - momentum: 0.000000
2025-12-22 20:54:12,532 epoch 31 - iter 3/13 - loss 0.35979474 - time (sec): 0.46 - samples/sec: 2444.60 - lr: 0.050000 - momentum: 0.000000
2025-12-22 20:54:12,702 epoch 31 - iter 4/13 - loss 0.38001934 - time (sec): 0.63 - samples/sec: 2472.00 - lr: 0.050000 - momentum: 0.000000
2025-12-22 20:54:12,830 epoch 31 - iter 5/13 - loss 0.36782375 - time (sec): 0.76 - samples/sec: 2566.29 - lr: 0.050000 - momentum: 0.000000
2025-12-22 20:54:12,947 epoch 31 - iter 6/13 - loss 0.38108655 - time (sec): 0.87 - samples/sec: 2666.69 - lr: 0.050000 - momentum: 0.000000
2025-12-22 20:54:13,051 epoch 31 - iter 7/13 - loss 0.37281771 - time (sec): 0.98 - samples/sec: 2717.11 - lr: 0.050000 - momentum: 0.000000
2025-12-22 20:54:13,160 epoch 31 - iter 8/13 - loss 0.38136154 - time (sec): 1.09 - samples/sec: 2782.35 - lr: 0.050000 - momentum: 0.000000
2025-12-22 20:54:13,280 epoch 31 - iter 9/13 - loss 0.38952995 - time (sec): 1.21 - samples/sec: 2852.43 - lr: 0.050000 - momentum: 0.000000
2025-12-22 20:54:13,383 epoch 31 - iter 10/13 - loss 0.38095432 - time (sec): 1.31 - samples/sec: 2909.98 - lr: 0.050000 - momentum: 0.000000
2025-12-22 20:54:13,550 epoch 31 - iter 11/13 - loss 0.38400706 - time (sec): 1.48 - samples/sec: 2832.21 - lr: 0.050000 - momentum: 0.000000
2025-12-22 20:54:13,680 epoch 31 - iter 12/13 - loss 0.37948928 - time (sec): 1.61 - samples/sec: 2839.36 - lr: 0.050000 - momentum: 0.000000
2025-12-22 20:54:13,789 epoch 31 - iter 13/13 - loss 0.38542826 - time (sec): 1.72 - samples/sec: 2871.34 - lr: 0.050000 - momentum: 0.000000
2025-12-22 20:54:13,789 ----------------------------------------------------------------------------------------------------
2025-12-22 20:54:13,789 EPOCH 31 done: loss 0.3854 - lr: 0.050000
2025-12-22 20:54:14,429 DEV : loss 3.6751959323883057 - f1-score (micro avg)  0.3678
2025-12-22 20:54:14,429  - 1 epochs without improvement
2025-12-22 20:54:14,430 ----------------------------------------------------------------------------------------------------
2025-12-22 20:54:14,527 epoch 32 - iter 1/13 - loss 0.34809171 - time (sec): 0.10 - samples/sec: 3522.25 - lr: 0.050000 - momentum: 0.000000
2025-12-22 20:54:14,653 epoch 32 - iter 2/13 - loss 0.39431738 - time (sec): 0.22 - samples/sec: 3330.16 - lr: 0.050000 - momentum: 0.000000
2025-12-22 20:54:14,800 epoch 32 - iter 3/13 - loss 0.37541143 - time (sec): 0.37 - samples/sec: 3105.87 - lr: 0.050000 - momentum: 0.000000
2025-12-22 20:54:14,940 epoch 32 - iter 4/13 - loss 0.34571785 - time (sec): 0.51 - samples/sec: 3053.33 - lr: 0.050000 - momentum: 0.000000
2025-12-22 20:54:15,051 epoch 32 - iter 5/13 - loss 0.34028853 - time (sec): 0.62 - samples/sec: 3054.44 - lr: 0.050000 - momentum: 0.000000
2025-12-22 20:54:15,158 epoch 32 - iter 6/13 - loss 0.32591494 - time (sec): 0.73 - samples/sec: 3067.00 - lr: 0.050000 - momentum: 0.000000
2025-12-22 20:54:15,301 epoch 32 - iter 7/13 - loss 0.32993666 - time (sec): 0.87 - samples/sec: 2984.12 - lr: 0.050000 - momentum: 0.000000
2025-12-22 20:54:15,535 epoch 32 - iter 8/13 - loss 0.33134287 - time (sec): 1.10 - samples/sec: 2789.39 - lr: 0.050000 - momentum: 0.000000
2025-12-22 20:54:15,743 epoch 32 - iter 9/13 - loss 0.33946644 - time (sec): 1.31 - samples/sec: 2697.94 - lr: 0.050000 - momentum: 0.000000
2025-12-22 20:54:15,834 epoch 32 - iter 10/13 - loss 0.34566239 - time (sec): 1.40 - samples/sec: 2762.45 - lr: 0.050000 - momentum: 0.000000
2025-12-22 20:54:15,957 epoch 32 - iter 11/13 - loss 0.34694295 - time (sec): 1.53 - samples/sec: 2808.04 - lr: 0.050000 - momentum: 0.000000
2025-12-22 20:54:16,074 epoch 32 - iter 12/13 - loss 0.33864726 - time (sec): 1.64 - samples/sec: 2833.37 - lr: 0.050000 - momentum: 0.000000
2025-12-22 20:54:16,164 epoch 32 - iter 13/13 - loss 0.33801438 - time (sec): 1.73 - samples/sec: 2839.92 - lr: 0.050000 - momentum: 0.000000
2025-12-22 20:54:16,165 ----------------------------------------------------------------------------------------------------
2025-12-22 20:54:16,165 EPOCH 32 done: loss 0.3380 - lr: 0.050000
2025-12-22 20:54:16,566 DEV : loss 4.0754075050354 - f1-score (micro avg)  0.358
2025-12-22 20:54:16,567  - 2 epochs without improvement
2025-12-22 20:54:16,567 ----------------------------------------------------------------------------------------------------
2025-12-22 20:54:16,697 epoch 33 - iter 1/13 - loss 0.37481300 - time (sec): 0.13 - samples/sec: 3265.55 - lr: 0.050000 - momentum: 0.000000
2025-12-22 20:54:16,808 epoch 33 - iter 2/13 - loss 0.36970595 - time (sec): 0.24 - samples/sec: 3201.22 - lr: 0.050000 - momentum: 0.000000
2025-12-22 20:54:16,916 epoch 33 - iter 3/13 - loss 0.35425705 - time (sec): 0.35 - samples/sec: 3265.00 - lr: 0.050000 - momentum: 0.000000
2025-12-22 20:54:17,061 epoch 33 - iter 4/13 - loss 0.37010935 - time (sec): 0.49 - samples/sec: 3092.60 - lr: 0.050000 - momentum: 0.000000
2025-12-22 20:54:17,180 epoch 33 - iter 5/13 - loss 0.37526120 - time (sec): 0.61 - samples/sec: 3225.07 - lr: 0.050000 - momentum: 0.000000
2025-12-22 20:54:17,384 epoch 33 - iter 6/13 - loss 0.35307762 - time (sec): 0.82 - samples/sec: 2930.82 - lr: 0.050000 - momentum: 0.000000
2025-12-22 20:54:17,499 epoch 33 - iter 7/13 - loss 0.34739268 - time (sec): 0.93 - samples/sec: 2940.91 - lr: 0.050000 - momentum: 0.000000
2025-12-22 20:54:17,664 epoch 33 - iter 8/13 - loss 0.34563087 - time (sec): 1.10 - samples/sec: 2837.68 - lr: 0.050000 - momentum: 0.000000
2025-12-22 20:54:17,788 epoch 33 - iter 9/13 - loss 0.34638589 - time (sec): 1.22 - samples/sec: 2848.25 - lr: 0.050000 - momentum: 0.000000
2025-12-22 20:54:17,878 epoch 33 - iter 10/13 - loss 0.34587129 - time (sec): 1.31 - samples/sec: 2919.92 - lr: 0.050000 - momentum: 0.000000
2025-12-22 20:54:18,009 epoch 33 - iter 11/13 - loss 0.34006946 - time (sec): 1.44 - samples/sec: 2948.68 - lr: 0.050000 - momentum: 0.000000
2025-12-22 20:54:18,120 epoch 33 - iter 12/13 - loss 0.34123197 - time (sec): 1.55 - samples/sec: 2954.38 - lr: 0.050000 - momentum: 0.000000
2025-12-22 20:54:18,225 epoch 33 - iter 13/13 - loss 0.34248048 - time (sec): 1.66 - samples/sec: 2972.87 - lr: 0.050000 - momentum: 0.000000
2025-12-22 20:54:18,225 ----------------------------------------------------------------------------------------------------
2025-12-22 20:54:18,225 EPOCH 33 done: loss 0.3425 - lr: 0.050000
2025-12-22 20:54:18,635 DEV : loss 3.7967264652252197 - f1-score (micro avg)  0.3528
2025-12-22 20:54:18,636  - 3 epochs without improvement
2025-12-22 20:54:18,636 ----------------------------------------------------------------------------------------------------
2025-12-22 20:54:18,830 epoch 34 - iter 1/13 - loss 0.35271508 - time (sec): 0.19 - samples/sec: 2085.57 - lr: 0.050000 - momentum: 0.000000
2025-12-22 20:54:18,981 epoch 34 - iter 2/13 - loss 0.38807125 - time (sec): 0.34 - samples/sec: 2295.30 - lr: 0.050000 - momentum: 0.000000
2025-12-22 20:54:19,083 epoch 34 - iter 3/13 - loss 0.38059587 - time (sec): 0.45 - samples/sec: 2596.55 - lr: 0.050000 - momentum: 0.000000
2025-12-22 20:54:19,254 epoch 34 - iter 4/13 - loss 0.37017742 - time (sec): 0.62 - samples/sec: 2599.58 - lr: 0.050000 - momentum: 0.000000
2025-12-22 20:54:19,374 epoch 34 - iter 5/13 - loss 0.37047159 - time (sec): 0.74 - samples/sec: 2718.84 - lr: 0.050000 - momentum: 0.000000
2025-12-22 20:54:19,631 epoch 34 - iter 6/13 - loss 0.36597249 - time (sec): 0.99 - samples/sec: 2412.92 - lr: 0.050000 - momentum: 0.000000
2025-12-22 20:54:19,729 epoch 34 - iter 7/13 - loss 0.35784848 - time (sec): 1.09 - samples/sec: 2528.52 - lr: 0.050000 - momentum: 0.000000
2025-12-22 20:54:19,838 epoch 34 - iter 8/13 - loss 0.36452116 - time (sec): 1.20 - samples/sec: 2632.71 - lr: 0.050000 - momentum: 0.000000
2025-12-22 20:54:20,032 epoch 34 - iter 9/13 - loss 0.35972121 - time (sec): 1.40 - samples/sec: 2553.67 - lr: 0.050000 - momentum: 0.000000
2025-12-22 20:54:20,133 epoch 34 - iter 10/13 - loss 0.35544117 - time (sec): 1.50 - samples/sec: 2609.03 - lr: 0.050000 - momentum: 0.000000
2025-12-22 20:54:20,257 epoch 34 - iter 11/13 - loss 0.35591435 - time (sec): 1.62 - samples/sec: 2642.79 - lr: 0.050000 - momentum: 0.000000
2025-12-22 20:54:20,369 epoch 34 - iter 12/13 - loss 0.35407815 - time (sec): 1.73 - samples/sec: 2678.25 - lr: 0.050000 - momentum: 0.000000
2025-12-22 20:54:20,454 epoch 34 - iter 13/13 - loss 0.35379941 - time (sec): 1.82 - samples/sec: 2709.35 - lr: 0.050000 - momentum: 0.000000
2025-12-22 20:54:20,455 ----------------------------------------------------------------------------------------------------
2025-12-22 20:54:20,455 EPOCH 34 done: loss 0.3538 - lr: 0.050000
2025-12-22 20:54:20,839 DEV : loss 3.6934547424316406 - f1-score (micro avg)  0.3701
2025-12-22 20:54:20,840  - 4 epochs without improvement (above 'patience')-> annealing learning_rate to [0.025]
2025-12-22 20:54:20,840 ----------------------------------------------------------------------------------------------------
2025-12-22 20:54:20,991 epoch 35 - iter 1/13 - loss 0.30443390 - time (sec): 0.15 - samples/sec: 2563.42 - lr: 0.025000 - momentum: 0.000000
2025-12-22 20:54:21,080 epoch 35 - iter 2/13 - loss 0.30487557 - time (sec): 0.24 - samples/sec: 2928.46 - lr: 0.025000 - momentum: 0.000000
2025-12-22 20:54:21,284 epoch 35 - iter 3/13 - loss 0.31075656 - time (sec): 0.44 - samples/sec: 2604.82 - lr: 0.025000 - momentum: 0.000000
2025-12-22 20:54:21,420 epoch 35 - iter 4/13 - loss 0.32298233 - time (sec): 0.58 - samples/sec: 2627.56 - lr: 0.025000 - momentum: 0.000000
2025-12-22 20:54:21,688 epoch 35 - iter 5/13 - loss 0.30319900 - time (sec): 0.85 - samples/sec: 2288.99 - lr: 0.025000 - momentum: 0.000000
2025-12-22 20:54:21,823 epoch 35 - iter 6/13 - loss 0.31167140 - time (sec): 0.98 - samples/sec: 2317.40 - lr: 0.025000 - momentum: 0.000000
2025-12-22 20:54:21,938 epoch 35 - iter 7/13 - loss 0.30111756 - time (sec): 1.10 - samples/sec: 2447.73 - lr: 0.025000 - momentum: 0.000000
2025-12-22 20:54:22,084 epoch 35 - iter 8/13 - loss 0.30372587 - time (sec): 1.24 - samples/sec: 2445.02 - lr: 0.025000 - momentum: 0.000000
2025-12-22 20:54:22,198 epoch 35 - iter 9/13 - loss 0.31297771 - time (sec): 1.36 - samples/sec: 2551.45 - lr: 0.025000 - momentum: 0.000000
2025-12-22 20:54:22,339 epoch 35 - iter 10/13 - loss 0.31227854 - time (sec): 1.50 - samples/sec: 2579.27 - lr: 0.025000 - momentum: 0.000000
2025-12-22 20:54:22,458 epoch 35 - iter 11/13 - loss 0.31503691 - time (sec): 1.62 - samples/sec: 2610.05 - lr: 0.025000 - momentum: 0.000000
2025-12-22 20:54:22,561 epoch 35 - iter 12/13 - loss 0.31418063 - time (sec): 1.72 - samples/sec: 2667.95 - lr: 0.025000 - momentum: 0.000000
2025-12-22 20:54:22,649 epoch 35 - iter 13/13 - loss 0.31774764 - time (sec): 1.81 - samples/sec: 2724.23 - lr: 0.025000 - momentum: 0.000000
2025-12-22 20:54:22,649 ----------------------------------------------------------------------------------------------------
2025-12-22 20:54:22,649 EPOCH 35 done: loss 0.3177 - lr: 0.025000
2025-12-22 20:54:23,050 DEV : loss 3.7643635272979736 - f1-score (micro avg)  0.3626
2025-12-22 20:54:23,051  - 1 epochs without improvement
2025-12-22 20:54:23,051 ----------------------------------------------------------------------------------------------------
2025-12-22 20:54:23,268 epoch 36 - iter 1/13 - loss 0.29330507 - time (sec): 0.22 - samples/sec: 1807.31 - lr: 0.025000 - momentum: 0.000000
2025-12-22 20:54:23,392 epoch 36 - iter 2/13 - loss 0.30787330 - time (sec): 0.34 - samples/sec: 2393.22 - lr: 0.025000 - momentum: 0.000000
2025-12-22 20:54:23,548 epoch 36 - iter 3/13 - loss 0.28336616 - time (sec): 0.50 - samples/sec: 2408.84 - lr: 0.025000 - momentum: 0.000000
2025-12-22 20:54:23,635 epoch 36 - iter 4/13 - loss 0.30470648 - time (sec): 0.58 - samples/sec: 2600.24 - lr: 0.025000 - momentum: 0.000000
2025-12-22 20:54:23,753 epoch 36 - iter 5/13 - loss 0.30787171 - time (sec): 0.70 - samples/sec: 2581.65 - lr: 0.025000 - momentum: 0.000000
2025-12-22 20:54:23,872 epoch 36 - iter 6/13 - loss 0.33270252 - time (sec): 0.82 - samples/sec: 2621.22 - lr: 0.025000 - momentum: 0.000000
2025-12-22 20:54:23,996 epoch 36 - iter 7/13 - loss 0.33156450 - time (sec): 0.94 - samples/sec: 2676.87 - lr: 0.025000 - momentum: 0.000000
2025-12-22 20:54:24,190 epoch 36 - iter 8/13 - loss 0.33041801 - time (sec): 1.14 - samples/sec: 2582.34 - lr: 0.025000 - momentum: 0.000000
2025-12-22 20:54:24,299 epoch 36 - iter 9/13 - loss 0.33476804 - time (sec): 1.25 - samples/sec: 2711.62 - lr: 0.025000 - momentum: 0.000000
2025-12-22 20:54:24,417 epoch 36 - iter 10/13 - loss 0.33567027 - time (sec): 1.37 - samples/sec: 2757.00 - lr: 0.025000 - momentum: 0.000000
2025-12-22 20:54:24,530 epoch 36 - iter 11/13 - loss 0.34667951 - time (sec): 1.48 - samples/sec: 2832.30 - lr: 0.025000 - momentum: 0.000000
2025-12-22 20:54:24,648 epoch 36 - iter 12/13 - loss 0.34583571 - time (sec): 1.60 - samples/sec: 2886.98 - lr: 0.025000 - momentum: 0.000000
2025-12-22 20:54:24,741 epoch 36 - iter 13/13 - loss 0.35173760 - time (sec): 1.69 - samples/sec: 2915.86 - lr: 0.025000 - momentum: 0.000000
2025-12-22 20:54:24,741 ----------------------------------------------------------------------------------------------------
2025-12-22 20:54:24,741 EPOCH 36 done: loss 0.3517 - lr: 0.025000
2025-12-22 20:54:25,356 DEV : loss 3.774574041366577 - f1-score (micro avg)  0.3626
2025-12-22 20:54:25,357  - 2 epochs without improvement
2025-12-22 20:54:25,357 ----------------------------------------------------------------------------------------------------
2025-12-22 20:54:25,485 epoch 37 - iter 1/13 - loss 0.27799630 - time (sec): 0.13 - samples/sec: 3378.94 - lr: 0.025000 - momentum: 0.000000
2025-12-22 20:54:25,629 epoch 37 - iter 2/13 - loss 0.29770977 - time (sec): 0.27 - samples/sec: 3146.51 - lr: 0.025000 - momentum: 0.000000
2025-12-22 20:54:25,725 epoch 37 - iter 3/13 - loss 0.31672469 - time (sec): 0.37 - samples/sec: 3379.76 - lr: 0.025000 - momentum: 0.000000
2025-12-22 20:54:25,906 epoch 37 - iter 4/13 - loss 0.29366725 - time (sec): 0.55 - samples/sec: 2872.03 - lr: 0.025000 - momentum: 0.000000
2025-12-22 20:54:26,016 epoch 37 - iter 5/13 - loss 0.31062099 - time (sec): 0.66 - samples/sec: 2875.52 - lr: 0.025000 - momentum: 0.000000
2025-12-22 20:54:26,128 epoch 37 - iter 6/13 - loss 0.32370629 - time (sec): 0.77 - samples/sec: 2975.21 - lr: 0.025000 - momentum: 0.000000
2025-12-22 20:54:26,266 epoch 37 - iter 7/13 - loss 0.33143125 - time (sec): 0.91 - samples/sec: 3024.08 - lr: 0.025000 - momentum: 0.000000
2025-12-22 20:54:26,387 epoch 37 - iter 8/13 - loss 0.32629069 - time (sec): 1.03 - samples/sec: 3059.23 - lr: 0.025000 - momentum: 0.000000
2025-12-22 20:54:26,507 epoch 37 - iter 9/13 - loss 0.33312378 - time (sec): 1.15 - samples/sec: 3082.83 - lr: 0.025000 - momentum: 0.000000
2025-12-22 20:54:26,709 epoch 37 - iter 10/13 - loss 0.32629607 - time (sec): 1.35 - samples/sec: 2936.46 - lr: 0.025000 - momentum: 0.000000
2025-12-22 20:54:26,803 epoch 37 - iter 11/13 - loss 0.32968649 - time (sec): 1.45 - samples/sec: 2965.09 - lr: 0.025000 - momentum: 0.000000
2025-12-22 20:54:26,899 epoch 37 - iter 12/13 - loss 0.33155380 - time (sec): 1.54 - samples/sec: 3027.17 - lr: 0.025000 - momentum: 0.000000
2025-12-22 20:54:26,974 epoch 37 - iter 13/13 - loss 0.32963896 - time (sec): 1.62 - samples/sec: 3048.00 - lr: 0.025000 - momentum: 0.000000
2025-12-22 20:54:26,974 ----------------------------------------------------------------------------------------------------
2025-12-22 20:54:26,974 EPOCH 37 done: loss 0.3296 - lr: 0.025000
2025-12-22 20:54:27,358 DEV : loss 3.745091199874878 - f1-score (micro avg)  0.3577
2025-12-22 20:54:27,359  - 3 epochs without improvement
2025-12-22 20:54:27,359 ----------------------------------------------------------------------------------------------------
2025-12-22 20:54:27,500 epoch 38 - iter 1/13 - loss 0.38324382 - time (sec): 0.14 - samples/sec: 2557.18 - lr: 0.025000 - momentum: 0.000000
2025-12-22 20:54:27,806 epoch 38 - iter 2/13 - loss 0.35673579 - time (sec): 0.45 - samples/sec: 1840.20 - lr: 0.025000 - momentum: 0.000000
2025-12-22 20:54:27,941 epoch 38 - iter 3/13 - loss 0.33127667 - time (sec): 0.58 - samples/sec: 2120.10 - lr: 0.025000 - momentum: 0.000000
2025-12-22 20:54:28,130 epoch 38 - iter 4/13 - loss 0.33241984 - time (sec): 0.77 - samples/sec: 2180.74 - lr: 0.025000 - momentum: 0.000000
2025-12-22 20:54:28,257 epoch 38 - iter 5/13 - loss 0.31064945 - time (sec): 0.90 - samples/sec: 2321.54 - lr: 0.025000 - momentum: 0.000000
2025-12-22 20:54:28,352 epoch 38 - iter 6/13 - loss 0.31372359 - time (sec): 0.99 - samples/sec: 2472.41 - lr: 0.025000 - momentum: 0.000000
2025-12-22 20:54:28,443 epoch 38 - iter 7/13 - loss 0.31517939 - time (sec): 1.08 - samples/sec: 2525.53 - lr: 0.025000 - momentum: 0.000000
2025-12-22 20:54:28,569 epoch 38 - iter 8/13 - loss 0.31270815 - time (sec): 1.21 - samples/sec: 2562.21 - lr: 0.025000 - momentum: 0.000000
2025-12-22 20:54:28,670 epoch 38 - iter 9/13 - loss 0.31166845 - time (sec): 1.31 - samples/sec: 2703.24 - lr: 0.025000 - momentum: 0.000000
2025-12-22 20:54:28,798 epoch 38 - iter 10/13 - loss 0.31293968 - time (sec): 1.44 - samples/sec: 2699.73 - lr: 0.025000 - momentum: 0.000000
2025-12-22 20:54:28,911 epoch 38 - iter 11/13 - loss 0.31537434 - time (sec): 1.55 - samples/sec: 2754.93 - lr: 0.025000 - momentum: 0.000000
2025-12-22 20:54:29,010 epoch 38 - iter 12/13 - loss 0.32654335 - time (sec): 1.65 - samples/sec: 2822.19 - lr: 0.025000 - momentum: 0.000000
2025-12-22 20:54:29,107 epoch 38 - iter 13/13 - loss 0.32074626 - time (sec): 1.75 - samples/sec: 2818.60 - lr: 0.025000 - momentum: 0.000000
2025-12-22 20:54:29,107 ----------------------------------------------------------------------------------------------------
2025-12-22 20:54:29,107 EPOCH 38 done: loss 0.3207 - lr: 0.025000
2025-12-22 20:54:29,485 DEV : loss 3.643728017807007 - f1-score (micro avg)  0.3626
2025-12-22 20:54:29,485  - 4 epochs without improvement (above 'patience')-> annealing learning_rate to [0.0125]
2025-12-22 20:54:29,486 ----------------------------------------------------------------------------------------------------
2025-12-22 20:54:29,589 epoch 39 - iter 1/13 - loss 0.25652435 - time (sec): 0.10 - samples/sec: 3521.44 - lr: 0.012500 - momentum: 0.000000
2025-12-22 20:54:29,673 epoch 39 - iter 2/13 - loss 0.24451317 - time (sec): 0.19 - samples/sec: 3812.77 - lr: 0.012500 - momentum: 0.000000
2025-12-22 20:54:29,763 epoch 39 - iter 3/13 - loss 0.27116420 - time (sec): 0.28 - samples/sec: 3847.26 - lr: 0.012500 - momentum: 0.000000
2025-12-22 20:54:29,887 epoch 39 - iter 4/13 - loss 0.28044821 - time (sec): 0.40 - samples/sec: 3585.86 - lr: 0.012500 - momentum: 0.000000
2025-12-22 20:54:30,004 epoch 39 - iter 5/13 - loss 0.29060036 - time (sec): 0.52 - samples/sec: 3472.26 - lr: 0.012500 - momentum: 0.000000
2025-12-22 20:54:30,116 epoch 39 - iter 6/13 - loss 0.30447351 - time (sec): 0.63 - samples/sec: 3420.88 - lr: 0.012500 - momentum: 0.000000
2025-12-22 20:54:30,295 epoch 39 - iter 7/13 - loss 0.30436920 - time (sec): 0.81 - samples/sec: 3173.28 - lr: 0.012500 - momentum: 0.000000
2025-12-22 20:54:30,414 epoch 39 - iter 8/13 - loss 0.30491049 - time (sec): 0.93 - samples/sec: 3160.07 - lr: 0.012500 - momentum: 0.000000
2025-12-22 20:54:30,512 epoch 39 - iter 9/13 - loss 0.30604525 - time (sec): 1.03 - samples/sec: 3218.84 - lr: 0.012500 - momentum: 0.000000
2025-12-22 20:54:30,639 epoch 39 - iter 10/13 - loss 0.30125111 - time (sec): 1.15 - samples/sec: 3197.25 - lr: 0.012500 - momentum: 0.000000
2025-12-22 20:54:30,860 epoch 39 - iter 11/13 - loss 0.30759866 - time (sec): 1.37 - samples/sec: 2993.84 - lr: 0.012500 - momentum: 0.000000
2025-12-22 20:54:30,992 epoch 39 - iter 12/13 - loss 0.30971504 - time (sec): 1.51 - samples/sec: 3016.24 - lr: 0.012500 - momentum: 0.000000
2025-12-22 20:54:31,146 epoch 39 - iter 13/13 - loss 0.30783248 - time (sec): 1.66 - samples/sec: 2966.69 - lr: 0.012500 - momentum: 0.000000
2025-12-22 20:54:31,147 ----------------------------------------------------------------------------------------------------
2025-12-22 20:54:31,147 EPOCH 39 done: loss 0.3078 - lr: 0.012500
2025-12-22 20:54:31,542 DEV : loss 3.785092830657959 - f1-score (micro avg)  0.3655
2025-12-22 20:54:31,543  - 1 epochs without improvement
2025-12-22 20:54:31,543 ----------------------------------------------------------------------------------------------------
2025-12-22 20:54:31,671 epoch 40 - iter 1/13 - loss 0.35491783 - time (sec): 0.13 - samples/sec: 2686.15 - lr: 0.012500 - momentum: 0.000000
2025-12-22 20:54:31,785 epoch 40 - iter 2/13 - loss 0.31501774 - time (sec): 0.24 - samples/sec: 2932.54 - lr: 0.012500 - momentum: 0.000000
2025-12-22 20:54:31,883 epoch 40 - iter 3/13 - loss 0.30248952 - time (sec): 0.34 - samples/sec: 2997.69 - lr: 0.012500 - momentum: 0.000000
2025-12-22 20:54:32,003 epoch 40 - iter 4/13 - loss 0.31944279 - time (sec): 0.46 - samples/sec: 2930.35 - lr: 0.012500 - momentum: 0.000000
2025-12-22 20:54:32,153 epoch 40 - iter 5/13 - loss 0.33340141 - time (sec): 0.61 - samples/sec: 2907.87 - lr: 0.012500 - momentum: 0.000000
2025-12-22 20:54:32,353 epoch 40 - iter 6/13 - loss 0.33460846 - time (sec): 0.81 - samples/sec: 2721.47 - lr: 0.012500 - momentum: 0.000000
2025-12-22 20:54:32,480 epoch 40 - iter 7/13 - loss 0.31957395 - time (sec): 0.94 - samples/sec: 2763.98 - lr: 0.012500 - momentum: 0.000000
2025-12-22 20:54:32,673 epoch 40 - iter 8/13 - loss 0.31740650 - time (sec): 1.13 - samples/sec: 2663.33 - lr: 0.012500 - momentum: 0.000000
2025-12-22 20:54:32,813 epoch 40 - iter 9/13 - loss 0.31915001 - time (sec): 1.27 - samples/sec: 2688.74 - lr: 0.012500 - momentum: 0.000000
2025-12-22 20:54:32,925 epoch 40 - iter 10/13 - loss 0.31739684 - time (sec): 1.38 - samples/sec: 2771.45 - lr: 0.012500 - momentum: 0.000000
2025-12-22 20:54:33,037 epoch 40 - iter 11/13 - loss 0.31512566 - time (sec): 1.49 - samples/sec: 2776.03 - lr: 0.012500 - momentum: 0.000000
2025-12-22 20:54:33,161 epoch 40 - iter 12/13 - loss 0.31459623 - time (sec): 1.62 - samples/sec: 2836.79 - lr: 0.012500 - momentum: 0.000000
2025-12-22 20:54:33,278 epoch 40 - iter 13/13 - loss 0.30914502 - time (sec): 1.73 - samples/sec: 2839.65 - lr: 0.012500 - momentum: 0.000000
2025-12-22 20:54:33,278 ----------------------------------------------------------------------------------------------------
2025-12-22 20:54:33,278 EPOCH 40 done: loss 0.3091 - lr: 0.012500
2025-12-22 20:54:33,638 DEV : loss 3.7458577156066895 - f1-score (micro avg)  0.3698
2025-12-22 20:54:33,638  - 2 epochs without improvement
2025-12-22 20:54:33,639 ----------------------------------------------------------------------------------------------------
2025-12-22 20:54:33,750 epoch 41 - iter 1/13 - loss 0.34986788 - time (sec): 0.11 - samples/sec: 3376.12 - lr: 0.012500 - momentum: 0.000000
2025-12-22 20:54:33,953 epoch 41 - iter 2/13 - loss 0.35078880 - time (sec): 0.31 - samples/sec: 2640.69 - lr: 0.012500 - momentum: 0.000000
2025-12-22 20:54:34,083 epoch 41 - iter 3/13 - loss 0.32278976 - time (sec): 0.44 - samples/sec: 2819.14 - lr: 0.012500 - momentum: 0.000000
2025-12-22 20:54:34,181 epoch 41 - iter 4/13 - loss 0.33474068 - time (sec): 0.54 - samples/sec: 2904.96 - lr: 0.012500 - momentum: 0.000000
2025-12-22 20:54:34,285 epoch 41 - iter 5/13 - loss 0.31969946 - time (sec): 0.65 - samples/sec: 3016.24 - lr: 0.012500 - momentum: 0.000000
2025-12-22 20:54:34,403 epoch 41 - iter 6/13 - loss 0.31335762 - time (sec): 0.76 - samples/sec: 3014.07 - lr: 0.012500 - momentum: 0.000000
2025-12-22 20:54:34,563 epoch 41 - iter 7/13 - loss 0.30606863 - time (sec): 0.92 - samples/sec: 2941.64 - lr: 0.012500 - momentum: 0.000000
2025-12-22 20:54:34,765 epoch 41 - iter 8/13 - loss 0.32105956 - time (sec): 1.13 - samples/sec: 2814.17 - lr: 0.012500 - momentum: 0.000000
2025-12-22 20:54:34,866 epoch 41 - iter 9/13 - loss 0.32549647 - time (sec): 1.23 - samples/sec: 2858.50 - lr: 0.012500 - momentum: 0.000000
2025-12-22 20:54:35,020 epoch 41 - iter 10/13 - loss 0.31840752 - time (sec): 1.38 - samples/sec: 2835.68 - lr: 0.012500 - momentum: 0.000000
2025-12-22 20:54:35,134 epoch 41 - iter 11/13 - loss 0.31486102 - time (sec): 1.50 - samples/sec: 2843.61 - lr: 0.012500 - momentum: 0.000000
2025-12-22 20:54:35,249 epoch 41 - iter 12/13 - loss 0.31021437 - time (sec): 1.61 - samples/sec: 2843.75 - lr: 0.012500 - momentum: 0.000000
2025-12-22 20:54:35,349 epoch 41 - iter 13/13 - loss 0.31228426 - time (sec): 1.71 - samples/sec: 2881.22 - lr: 0.012500 - momentum: 0.000000
2025-12-22 20:54:35,349 ----------------------------------------------------------------------------------------------------
2025-12-22 20:54:35,349 EPOCH 41 done: loss 0.3123 - lr: 0.012500
2025-12-22 20:54:35,741 DEV : loss 3.7740471363067627 - f1-score (micro avg)  0.3698
2025-12-22 20:54:35,741  - 3 epochs without improvement
2025-12-22 20:54:35,742 ----------------------------------------------------------------------------------------------------
2025-12-22 20:54:35,842 epoch 42 - iter 1/13 - loss 0.30839653 - time (sec): 0.10 - samples/sec: 3613.27 - lr: 0.012500 - momentum: 0.000000
2025-12-22 20:54:35,971 epoch 42 - iter 2/13 - loss 0.38010763 - time (sec): 0.23 - samples/sec: 3321.66 - lr: 0.012500 - momentum: 0.000000
2025-12-22 20:54:36,063 epoch 42 - iter 3/13 - loss 0.35147186 - time (sec): 0.32 - samples/sec: 3338.76 - lr: 0.012500 - momentum: 0.000000
2025-12-22 20:54:36,191 epoch 42 - iter 4/13 - loss 0.34722387 - time (sec): 0.45 - samples/sec: 3232.58 - lr: 0.012500 - momentum: 0.000000
2025-12-22 20:54:36,378 epoch 42 - iter 5/13 - loss 0.34283671 - time (sec): 0.64 - samples/sec: 2961.15 - lr: 0.012500 - momentum: 0.000000
2025-12-22 20:54:36,529 epoch 42 - iter 6/13 - loss 0.35251367 - time (sec): 0.79 - samples/sec: 2957.76 - lr: 0.012500 - momentum: 0.000000
2025-12-22 20:54:36,627 epoch 42 - iter 7/13 - loss 0.35241437 - time (sec): 0.88 - samples/sec: 3053.89 - lr: 0.012500 - momentum: 0.000000
2025-12-22 20:54:36,742 epoch 42 - iter 8/13 - loss 0.35508128 - time (sec): 1.00 - samples/sec: 3097.28 - lr: 0.012500 - momentum: 0.000000
2025-12-22 20:54:36,819 epoch 42 - iter 9/13 - loss 0.34633703 - time (sec): 1.08 - samples/sec: 3175.43 - lr: 0.012500 - momentum: 0.000000
2025-12-22 20:54:37,013 epoch 42 - iter 10/13 - loss 0.34128859 - time (sec): 1.27 - samples/sec: 3054.90 - lr: 0.012500 - momentum: 0.000000
2025-12-22 20:54:37,123 epoch 42 - iter 11/13 - loss 0.34190683 - time (sec): 1.38 - samples/sec: 3100.77 - lr: 0.012500 - momentum: 0.000000
2025-12-22 20:54:37,298 epoch 42 - iter 12/13 - loss 0.34102806 - time (sec): 1.56 - samples/sec: 2979.30 - lr: 0.012500 - momentum: 0.000000
2025-12-22 20:54:37,427 epoch 42 - iter 13/13 - loss 0.33846950 - time (sec): 1.68 - samples/sec: 2923.60 - lr: 0.012500 - momentum: 0.000000
2025-12-22 20:54:37,428 ----------------------------------------------------------------------------------------------------
2025-12-22 20:54:37,428 EPOCH 42 done: loss 0.3385 - lr: 0.012500
2025-12-22 20:54:38,023 DEV : loss 3.748284101486206 - f1-score (micro avg)  0.3603
2025-12-22 20:54:38,024  - 4 epochs without improvement (above 'patience')-> annealing learning_rate to [0.00625]
2025-12-22 20:54:38,024 ----------------------------------------------------------------------------------------------------
2025-12-22 20:54:38,125 epoch 43 - iter 1/13 - loss 0.34558868 - time (sec): 0.10 - samples/sec: 3819.30 - lr: 0.006250 - momentum: 0.000000
2025-12-22 20:54:38,250 epoch 43 - iter 2/13 - loss 0.33732620 - time (sec): 0.23 - samples/sec: 3590.89 - lr: 0.006250 - momentum: 0.000000
2025-12-22 20:54:38,346 epoch 43 - iter 3/13 - loss 0.32900326 - time (sec): 0.32 - samples/sec: 3513.76 - lr: 0.006250 - momentum: 0.000000
2025-12-22 20:54:38,451 epoch 43 - iter 4/13 - loss 0.32929860 - time (sec): 0.43 - samples/sec: 3524.29 - lr: 0.006250 - momentum: 0.000000
2025-12-22 20:54:38,553 epoch 43 - iter 5/13 - loss 0.31963331 - time (sec): 0.53 - samples/sec: 3508.89 - lr: 0.006250 - momentum: 0.000000
2025-12-22 20:54:38,689 epoch 43 - iter 6/13 - loss 0.31435528 - time (sec): 0.66 - samples/sec: 3434.10 - lr: 0.006250 - momentum: 0.000000
2025-12-22 20:54:38,877 epoch 43 - iter 7/13 - loss 0.31582860 - time (sec): 0.85 - samples/sec: 3119.06 - lr: 0.006250 - momentum: 0.000000
2025-12-22 20:54:38,993 epoch 43 - iter 8/13 - loss 0.31110206 - time (sec): 0.97 - samples/sec: 3170.53 - lr: 0.006250 - momentum: 0.000000
2025-12-22 20:54:39,083 epoch 43 - iter 9/13 - loss 0.31056916 - time (sec): 1.06 - samples/sec: 3187.37 - lr: 0.006250 - momentum: 0.000000
2025-12-22 20:54:39,301 epoch 43 - iter 10/13 - loss 0.31373544 - time (sec): 1.28 - samples/sec: 2985.15 - lr: 0.006250 - momentum: 0.000000
2025-12-22 20:54:39,419 epoch 43 - iter 11/13 - loss 0.31201988 - time (sec): 1.39 - samples/sec: 3002.45 - lr: 0.006250 - momentum: 0.000000
2025-12-22 20:54:39,516 epoch 43 - iter 12/13 - loss 0.31467064 - time (sec): 1.49 - samples/sec: 3055.62 - lr: 0.006250 - momentum: 0.000000
2025-12-22 20:54:39,650 epoch 43 - iter 13/13 - loss 0.32261722 - time (sec): 1.63 - samples/sec: 3031.36 - lr: 0.006250 - momentum: 0.000000
2025-12-22 20:54:39,650 ----------------------------------------------------------------------------------------------------
2025-12-22 20:54:39,650 EPOCH 43 done: loss 0.3226 - lr: 0.006250
2025-12-22 20:54:40,044 DEV : loss 3.734973430633545 - f1-score (micro avg)  0.3623
2025-12-22 20:54:40,045  - 1 epochs without improvement
2025-12-22 20:54:40,045 ----------------------------------------------------------------------------------------------------
2025-12-22 20:54:40,242 epoch 44 - iter 1/13 - loss 0.33279341 - time (sec): 0.20 - samples/sec: 2001.08 - lr: 0.006250 - momentum: 0.000000
2025-12-22 20:54:40,374 epoch 44 - iter 2/13 - loss 0.32098769 - time (sec): 0.33 - samples/sec: 2435.82 - lr: 0.006250 - momentum: 0.000000
2025-12-22 20:54:40,498 epoch 44 - iter 3/13 - loss 0.33779867 - time (sec): 0.45 - samples/sec: 2648.15 - lr: 0.006250 - momentum: 0.000000
2025-12-22 20:54:40,659 epoch 44 - iter 4/13 - loss 0.33672592 - time (sec): 0.61 - samples/sec: 2665.42 - lr: 0.006250 - momentum: 0.000000
2025-12-22 20:54:40,784 epoch 44 - iter 5/13 - loss 0.33088693 - time (sec): 0.74 - samples/sec: 2778.17 - lr: 0.006250 - momentum: 0.000000
2025-12-22 20:54:40,898 epoch 44 - iter 6/13 - loss 0.31308110 - time (sec): 0.85 - samples/sec: 2836.88 - lr: 0.006250 - momentum: 0.000000
2025-12-22 20:54:40,962 epoch 44 - iter 7/13 - loss 0.31542410 - time (sec): 0.92 - samples/sec: 2951.28 - lr: 0.006250 - momentum: 0.000000
2025-12-22 20:54:41,073 epoch 44 - iter 8/13 - loss 0.31409455 - time (sec): 1.03 - samples/sec: 2983.59 - lr: 0.006250 - momentum: 0.000000
2025-12-22 20:54:41,249 epoch 44 - iter 9/13 - loss 0.30889262 - time (sec): 1.20 - samples/sec: 2916.10 - lr: 0.006250 - momentum: 0.000000
2025-12-22 20:54:41,345 epoch 44 - iter 10/13 - loss 0.30728109 - time (sec): 1.30 - samples/sec: 2972.05 - lr: 0.006250 - momentum: 0.000000
2025-12-22 20:54:41,439 epoch 44 - iter 11/13 - loss 0.31533598 - time (sec): 1.39 - samples/sec: 3007.83 - lr: 0.006250 - momentum: 0.000000
2025-12-22 20:54:41,547 epoch 44 - iter 12/13 - loss 0.30773820 - time (sec): 1.50 - samples/sec: 3072.30 - lr: 0.006250 - momentum: 0.000000
2025-12-22 20:54:41,635 epoch 44 - iter 13/13 - loss 0.30442611 - time (sec): 1.59 - samples/sec: 3099.21 - lr: 0.006250 - momentum: 0.000000
2025-12-22 20:54:41,635 ----------------------------------------------------------------------------------------------------
2025-12-22 20:54:41,635 EPOCH 44 done: loss 0.3044 - lr: 0.006250
2025-12-22 20:54:42,003 DEV : loss 3.722853899002075 - f1-score (micro avg)  0.3626
2025-12-22 20:54:42,004  - 2 epochs without improvement
2025-12-22 20:54:42,004 ----------------------------------------------------------------------------------------------------
2025-12-22 20:54:42,117 epoch 45 - iter 1/13 - loss 0.35951548 - time (sec): 0.11 - samples/sec: 3820.55 - lr: 0.006250 - momentum: 0.000000
2025-12-22 20:54:42,236 epoch 45 - iter 2/13 - loss 0.30810075 - time (sec): 0.23 - samples/sec: 3560.35 - lr: 0.006250 - momentum: 0.000000
2025-12-22 20:54:42,348 epoch 45 - iter 3/13 - loss 0.30735873 - time (sec): 0.34 - samples/sec: 3469.64 - lr: 0.006250 - momentum: 0.000000
2025-12-22 20:54:42,439 epoch 45 - iter 4/13 - loss 0.31056286 - time (sec): 0.43 - samples/sec: 3585.53 - lr: 0.006250 - momentum: 0.000000
2025-12-22 20:54:42,653 epoch 45 - iter 5/13 - loss 0.32318097 - time (sec): 0.65 - samples/sec: 3046.28 - lr: 0.006250 - momentum: 0.000000
2025-12-22 20:54:42,739 epoch 45 - iter 6/13 - loss 0.31503318 - time (sec): 0.74 - samples/sec: 3151.92 - lr: 0.006250 - momentum: 0.000000
2025-12-22 20:54:42,871 epoch 45 - iter 7/13 - loss 0.31513332 - time (sec): 0.87 - samples/sec: 3102.68 - lr: 0.006250 - momentum: 0.000000
2025-12-22 20:54:42,972 epoch 45 - iter 8/13 - loss 0.31737460 - time (sec): 0.97 - samples/sec: 3133.56 - lr: 0.006250 - momentum: 0.000000
2025-12-22 20:54:43,071 epoch 45 - iter 9/13 - loss 0.32150413 - time (sec): 1.07 - samples/sec: 3133.87 - lr: 0.006250 - momentum: 0.000000
2025-12-22 20:54:43,187 epoch 45 - iter 10/13 - loss 0.31520207 - time (sec): 1.18 - samples/sec: 3171.29 - lr: 0.006250 - momentum: 0.000000
2025-12-22 20:54:43,381 epoch 45 - iter 11/13 - loss 0.30947943 - time (sec): 1.38 - samples/sec: 3066.72 - lr: 0.006250 - momentum: 0.000000
2025-12-22 20:54:43,496 epoch 45 - iter 12/13 - loss 0.31787211 - time (sec): 1.49 - samples/sec: 3063.68 - lr: 0.006250 - momentum: 0.000000
2025-12-22 20:54:43,630 epoch 45 - iter 13/13 - loss 0.32203933 - time (sec): 1.63 - samples/sec: 3030.44 - lr: 0.006250 - momentum: 0.000000
2025-12-22 20:54:43,630 ----------------------------------------------------------------------------------------------------
2025-12-22 20:54:43,630 EPOCH 45 done: loss 0.3220 - lr: 0.006250
2025-12-22 20:54:44,010 DEV : loss 3.6673760414123535 - f1-score (micro avg)  0.3636
2025-12-22 20:54:44,011  - 3 epochs without improvement
2025-12-22 20:54:44,011 ----------------------------------------------------------------------------------------------------
2025-12-22 20:54:44,123 epoch 46 - iter 1/13 - loss 0.30331816 - time (sec): 0.11 - samples/sec: 2845.17 - lr: 0.006250 - momentum: 0.000000
2025-12-22 20:54:44,230 epoch 46 - iter 2/13 - loss 0.38601329 - time (sec): 0.22 - samples/sec: 3023.64 - lr: 0.006250 - momentum: 0.000000
2025-12-22 20:54:44,426 epoch 46 - iter 3/13 - loss 0.35819981 - time (sec): 0.41 - samples/sec: 2627.88 - lr: 0.006250 - momentum: 0.000000
2025-12-22 20:54:44,596 epoch 46 - iter 4/13 - loss 0.34744082 - time (sec): 0.58 - samples/sec: 2631.95 - lr: 0.006250 - momentum: 0.000000
2025-12-22 20:54:44,729 epoch 46 - iter 5/13 - loss 0.33038285 - time (sec): 0.72 - samples/sec: 2638.30 - lr: 0.006250 - momentum: 0.000000
2025-12-22 20:54:44,848 epoch 46 - iter 6/13 - loss 0.32304326 - time (sec): 0.84 - samples/sec: 2775.10 - lr: 0.006250 - momentum: 0.000000
2025-12-22 20:54:44,962 epoch 46 - iter 7/13 - loss 0.32077797 - time (sec): 0.95 - samples/sec: 2859.94 - lr: 0.006250 - momentum: 0.000000
2025-12-22 20:54:45,066 epoch 46 - iter 8/13 - loss 0.31992863 - time (sec): 1.05 - samples/sec: 2963.63 - lr: 0.006250 - momentum: 0.000000
2025-12-22 20:54:45,137 epoch 46 - iter 9/13 - loss 0.31741293 - time (sec): 1.13 - samples/sec: 3062.07 - lr: 0.006250 - momentum: 0.000000
2025-12-22 20:54:45,236 epoch 46 - iter 10/13 - loss 0.31089255 - time (sec): 1.22 - samples/sec: 3068.44 - lr: 0.006250 - momentum: 0.000000
2025-12-22 20:54:45,334 epoch 46 - iter 11/13 - loss 0.31725554 - time (sec): 1.32 - samples/sec: 3104.55 - lr: 0.006250 - momentum: 0.000000
2025-12-22 20:54:45,461 epoch 46 - iter 12/13 - loss 0.31862090 - time (sec): 1.45 - samples/sec: 3157.99 - lr: 0.006250 - momentum: 0.000000
2025-12-22 20:54:45,617 epoch 46 - iter 13/13 - loss 0.31606730 - time (sec): 1.61 - samples/sec: 3067.21 - lr: 0.006250 - momentum: 0.000000
2025-12-22 20:54:45,618 ----------------------------------------------------------------------------------------------------
2025-12-22 20:54:45,618 EPOCH 46 done: loss 0.3161 - lr: 0.006250
2025-12-22 20:54:46,005 DEV : loss 3.738091468811035 - f1-score (micro avg)  0.3629
2025-12-22 20:54:46,005  - 4 epochs without improvement (above 'patience')-> annealing learning_rate to [0.003125]
2025-12-22 20:54:46,006 ----------------------------------------------------------------------------------------------------
2025-12-22 20:54:46,088 epoch 47 - iter 1/13 - loss 0.24301939 - time (sec): 0.08 - samples/sec: 4277.40 - lr: 0.003125 - momentum: 0.000000
2025-12-22 20:54:46,200 epoch 47 - iter 2/13 - loss 0.24244573 - time (sec): 0.19 - samples/sec: 3750.53 - lr: 0.003125 - momentum: 0.000000
2025-12-22 20:54:46,302 epoch 47 - iter 3/13 - loss 0.25831251 - time (sec): 0.30 - samples/sec: 3659.67 - lr: 0.003125 - momentum: 0.000000
2025-12-22 20:54:46,461 epoch 47 - iter 4/13 - loss 0.26174881 - time (sec): 0.45 - samples/sec: 3249.31 - lr: 0.003125 - momentum: 0.000000
2025-12-22 20:54:46,659 epoch 47 - iter 5/13 - loss 0.27745720 - time (sec): 0.65 - samples/sec: 2904.29 - lr: 0.003125 - momentum: 0.000000
2025-12-22 20:54:46,802 epoch 47 - iter 6/13 - loss 0.30572325 - time (sec): 0.80 - samples/sec: 2870.72 - lr: 0.003125 - momentum: 0.000000
2025-12-22 20:54:46,877 epoch 47 - iter 7/13 - loss 0.30807415 - time (sec): 0.87 - samples/sec: 2981.53 - lr: 0.003125 - momentum: 0.000000
2025-12-22 20:54:46,999 epoch 47 - iter 8/13 - loss 0.30431806 - time (sec): 0.99 - samples/sec: 3004.33 - lr: 0.003125 - momentum: 0.000000
2025-12-22 20:54:47,130 epoch 47 - iter 9/13 - loss 0.31494545 - time (sec): 1.12 - samples/sec: 3059.72 - lr: 0.003125 - momentum: 0.000000
2025-12-22 20:54:47,255 epoch 47 - iter 10/13 - loss 0.31864840 - time (sec): 1.25 - samples/sec: 3099.51 - lr: 0.003125 - momentum: 0.000000
2025-12-22 20:54:47,441 epoch 47 - iter 11/13 - loss 0.31523775 - time (sec): 1.44 - samples/sec: 2971.10 - lr: 0.003125 - momentum: 0.000000
2025-12-22 20:54:47,549 epoch 47 - iter 12/13 - loss 0.31114623 - time (sec): 1.54 - samples/sec: 2990.56 - lr: 0.003125 - momentum: 0.000000
2025-12-22 20:54:47,639 epoch 47 - iter 13/13 - loss 0.31041375 - time (sec): 1.63 - samples/sec: 3016.46 - lr: 0.003125 - momentum: 0.000000
2025-12-22 20:54:47,639 ----------------------------------------------------------------------------------------------------
2025-12-22 20:54:47,639 EPOCH 47 done: loss 0.3104 - lr: 0.003125
2025-12-22 20:54:48,127 DEV : loss 3.7303593158721924 - f1-score (micro avg)  0.3629
2025-12-22 20:54:48,128  - 1 epochs without improvement
2025-12-22 20:54:48,128 ----------------------------------------------------------------------------------------------------
2025-12-22 20:54:48,326 epoch 48 - iter 1/13 - loss 0.29082345 - time (sec): 0.20 - samples/sec: 2037.95 - lr: 0.003125 - momentum: 0.000000
2025-12-22 20:54:48,433 epoch 48 - iter 2/13 - loss 0.25408131 - time (sec): 0.30 - samples/sec: 2365.83 - lr: 0.003125 - momentum: 0.000000
2025-12-22 20:54:48,572 epoch 48 - iter 3/13 - loss 0.26600068 - time (sec): 0.44 - samples/sec: 2556.95 - lr: 0.003125 - momentum: 0.000000
2025-12-22 20:54:48,704 epoch 48 - iter 4/13 - loss 0.27984587 - time (sec): 0.58 - samples/sec: 2648.26 - lr: 0.003125 - momentum: 0.000000
2025-12-22 20:54:48,801 epoch 48 - iter 5/13 - loss 0.29583329 - time (sec): 0.67 - samples/sec: 2844.87 - lr: 0.003125 - momentum: 0.000000
2025-12-22 20:54:48,894 epoch 48 - iter 6/13 - loss 0.29210361 - time (sec): 0.77 - samples/sec: 2949.36 - lr: 0.003125 - momentum: 0.000000
2025-12-22 20:54:48,997 epoch 48 - iter 7/13 - loss 0.29054709 - time (sec): 0.87 - samples/sec: 2946.53 - lr: 0.003125 - momentum: 0.000000
2025-12-22 20:54:49,110 epoch 48 - iter 8/13 - loss 0.28636518 - time (sec): 0.98 - samples/sec: 3042.27 - lr: 0.003125 - momentum: 0.000000
2025-12-22 20:54:49,300 epoch 48 - iter 9/13 - loss 0.28701360 - time (sec): 1.17 - samples/sec: 2946.62 - lr: 0.003125 - momentum: 0.000000
2025-12-22 20:54:49,398 epoch 48 - iter 10/13 - loss 0.29273485 - time (sec): 1.27 - samples/sec: 3023.44 - lr: 0.003125 - momentum: 0.000000
2025-12-22 20:54:49,525 epoch 48 - iter 11/13 - loss 0.29504345 - time (sec): 1.40 - samples/sec: 3023.76 - lr: 0.003125 - momentum: 0.000000
2025-12-22 20:54:49,621 epoch 48 - iter 12/13 - loss 0.29418175 - time (sec): 1.49 - samples/sec: 3077.96 - lr: 0.003125 - momentum: 0.000000
2025-12-22 20:54:49,805 epoch 48 - iter 13/13 - loss 0.29418712 - time (sec): 1.68 - samples/sec: 2937.45 - lr: 0.003125 - momentum: 0.000000
2025-12-22 20:54:49,806 ----------------------------------------------------------------------------------------------------
2025-12-22 20:54:49,806 EPOCH 48 done: loss 0.2942 - lr: 0.003125
2025-12-22 20:54:50,190 DEV : loss 3.761979818344116 - f1-score (micro avg)  0.3652
2025-12-22 20:54:50,190  - 2 epochs without improvement
2025-12-22 20:54:50,191 ----------------------------------------------------------------------------------------------------
2025-12-22 20:54:50,302 epoch 49 - iter 1/13 - loss 0.29776056 - time (sec): 0.11 - samples/sec: 2965.49 - lr: 0.003125 - momentum: 0.000000
2025-12-22 20:54:50,422 epoch 49 - iter 2/13 - loss 0.29725959 - time (sec): 0.23 - samples/sec: 3053.53 - lr: 0.003125 - momentum: 0.000000
2025-12-22 20:54:50,503 epoch 49 - iter 3/13 - loss 0.28232327 - time (sec): 0.31 - samples/sec: 3281.04 - lr: 0.003125 - momentum: 0.000000
2025-12-22 20:54:50,610 epoch 49 - iter 4/13 - loss 0.28011186 - time (sec): 0.42 - samples/sec: 3296.86 - lr: 0.003125 - momentum: 0.000000
2025-12-22 20:54:50,710 epoch 49 - iter 5/13 - loss 0.28951661 - time (sec): 0.52 - samples/sec: 3318.84 - lr: 0.003125 - momentum: 0.000000
2025-12-22 20:54:50,798 epoch 49 - iter 6/13 - loss 0.29393017 - time (sec): 0.61 - samples/sec: 3376.39 - lr: 0.003125 - momentum: 0.000000
2025-12-22 20:54:51,032 epoch 49 - iter 7/13 - loss 0.29197206 - time (sec): 0.84 - samples/sec: 3102.49 - lr: 0.003125 - momentum: 0.000000
2025-12-22 20:54:51,197 epoch 49 - iter 8/13 - loss 0.28874713 - time (sec): 1.01 - samples/sec: 3004.27 - lr: 0.003125 - momentum: 0.000000
2025-12-22 20:54:51,303 epoch 49 - iter 9/13 - loss 0.29037590 - time (sec): 1.11 - samples/sec: 3021.09 - lr: 0.003125 - momentum: 0.000000
2025-12-22 20:54:51,430 epoch 49 - iter 10/13 - loss 0.29310381 - time (sec): 1.24 - samples/sec: 2994.88 - lr: 0.003125 - momentum: 0.000000
2025-12-22 20:54:51,573 epoch 49 - iter 11/13 - loss 0.29979465 - time (sec): 1.38 - samples/sec: 3008.32 - lr: 0.003125 - momentum: 0.000000
2025-12-22 20:54:51,687 epoch 49 - iter 12/13 - loss 0.29865877 - time (sec): 1.50 - samples/sec: 3046.64 - lr: 0.003125 - momentum: 0.000000
2025-12-22 20:54:51,822 epoch 49 - iter 13/13 - loss 0.29787114 - time (sec): 1.63 - samples/sec: 3019.40 - lr: 0.003125 - momentum: 0.000000
2025-12-22 20:54:51,823 ----------------------------------------------------------------------------------------------------
2025-12-22 20:54:51,823 EPOCH 49 done: loss 0.2979 - lr: 0.003125
2025-12-22 20:54:52,218 DEV : loss 3.7165606021881104 - f1-score (micro avg)  0.3669
2025-12-22 20:54:52,219  - 3 epochs without improvement
2025-12-22 20:54:52,219 ----------------------------------------------------------------------------------------------------
2025-12-22 20:54:52,308 epoch 50 - iter 1/13 - loss 0.28308278 - time (sec): 0.09 - samples/sec: 3980.52 - lr: 0.003125 - momentum: 0.000000
2025-12-22 20:54:52,432 epoch 50 - iter 2/13 - loss 0.32161794 - time (sec): 0.21 - samples/sec: 3646.68 - lr: 0.003125 - momentum: 0.000000
2025-12-22 20:54:52,568 epoch 50 - iter 3/13 - loss 0.29827226 - time (sec): 0.35 - samples/sec: 3239.78 - lr: 0.003125 - momentum: 0.000000
2025-12-22 20:54:52,770 epoch 50 - iter 4/13 - loss 0.30368591 - time (sec): 0.55 - samples/sec: 2834.39 - lr: 0.003125 - momentum: 0.000000
2025-12-22 20:54:52,892 epoch 50 - iter 5/13 - loss 0.31191557 - time (sec): 0.67 - samples/sec: 2885.48 - lr: 0.003125 - momentum: 0.000000
2025-12-22 20:54:52,995 epoch 50 - iter 6/13 - loss 0.30961065 - time (sec): 0.78 - samples/sec: 2966.62 - lr: 0.003125 - momentum: 0.000000
2025-12-22 20:54:53,185 epoch 50 - iter 7/13 - loss 0.30658305 - time (sec): 0.97 - samples/sec: 2829.22 - lr: 0.003125 - momentum: 0.000000
2025-12-22 20:54:53,278 epoch 50 - iter 8/13 - loss 0.30096949 - time (sec): 1.06 - samples/sec: 2896.73 - lr: 0.003125 - momentum: 0.000000
2025-12-22 20:54:53,407 epoch 50 - iter 9/13 - loss 0.30138169 - time (sec): 1.19 - samples/sec: 2977.64 - lr: 0.003125 - momentum: 0.000000
2025-12-22 20:54:53,520 epoch 50 - iter 10/13 - loss 0.30176912 - time (sec): 1.30 - samples/sec: 3022.78 - lr: 0.003125 - momentum: 0.000000
2025-12-22 20:54:53,611 epoch 50 - iter 11/13 - loss 0.30175724 - time (sec): 1.39 - samples/sec: 3089.20 - lr: 0.003125 - momentum: 0.000000
2025-12-22 20:54:53,688 epoch 50 - iter 12/13 - loss 0.30767581 - time (sec): 1.47 - samples/sec: 3154.38 - lr: 0.003125 - momentum: 0.000000
2025-12-22 20:54:53,785 epoch 50 - iter 13/13 - loss 0.30506362 - time (sec): 1.57 - samples/sec: 3147.23 - lr: 0.003125 - momentum: 0.000000
2025-12-22 20:54:53,785 ----------------------------------------------------------------------------------------------------
2025-12-22 20:54:53,785 EPOCH 50 done: loss 0.3051 - lr: 0.003125
2025-12-22 20:54:54,170 DEV : loss 3.711552858352661 - f1-score (micro avg)  0.3669
2025-12-22 20:54:54,171  - 4 epochs without improvement (above 'patience')-> annealing learning_rate to [0.0015625]
2025-12-22 20:54:54,171 ----------------------------------------------------------------------------------------------------
2025-12-22 20:54:54,280 epoch 51 - iter 1/13 - loss 0.29037137 - time (sec): 0.11 - samples/sec: 2968.94 - lr: 0.001563 - momentum: 0.000000
2025-12-22 20:54:54,423 epoch 51 - iter 2/13 - loss 0.31715705 - time (sec): 0.25 - samples/sec: 2795.94 - lr: 0.001563 - momentum: 0.000000
2025-12-22 20:54:54,531 epoch 51 - iter 3/13 - loss 0.28608390 - time (sec): 0.36 - samples/sec: 3176.93 - lr: 0.001563 - momentum: 0.000000
2025-12-22 20:54:54,612 epoch 51 - iter 4/13 - loss 0.28371288 - time (sec): 0.44 - samples/sec: 3301.70 - lr: 0.001563 - momentum: 0.000000
2025-12-22 20:54:54,714 epoch 51 - iter 5/13 - loss 0.29914701 - time (sec): 0.54 - samples/sec: 3344.28 - lr: 0.001563 - momentum: 0.000000
2025-12-22 20:54:54,930 epoch 51 - iter 6/13 - loss 0.30983964 - time (sec): 0.76 - samples/sec: 3025.98 - lr: 0.001563 - momentum: 0.000000
2025-12-22 20:54:55,056 epoch 51 - iter 7/13 - loss 0.32048823 - time (sec): 0.88 - samples/sec: 3048.95 - lr: 0.001563 - momentum: 0.000000
2025-12-22 20:54:55,171 epoch 51 - iter 8/13 - loss 0.31374894 - time (sec): 1.00 - samples/sec: 3068.63 - lr: 0.001563 - momentum: 0.000000
2025-12-22 20:54:55,263 epoch 51 - iter 9/13 - loss 0.31633773 - time (sec): 1.09 - samples/sec: 3147.22 - lr: 0.001563 - momentum: 0.000000
2025-12-22 20:54:55,474 epoch 51 - iter 10/13 - loss 0.32223176 - time (sec): 1.30 - samples/sec: 2999.25 - lr: 0.001563 - momentum: 0.000000
2025-12-22 20:54:55,587 epoch 51 - iter 11/13 - loss 0.32790103 - time (sec): 1.42 - samples/sec: 3018.74 - lr: 0.001563 - momentum: 0.000000
2025-12-22 20:54:55,680 epoch 51 - iter 12/13 - loss 0.33388158 - time (sec): 1.51 - samples/sec: 3063.11 - lr: 0.001563 - momentum: 0.000000
2025-12-22 20:54:55,799 epoch 51 - iter 13/13 - loss 0.33315377 - time (sec): 1.63 - samples/sec: 3026.94 - lr: 0.001563 - momentum: 0.000000
2025-12-22 20:54:55,799 ----------------------------------------------------------------------------------------------------
2025-12-22 20:54:55,799 EPOCH 51 done: loss 0.3332 - lr: 0.001563
2025-12-22 20:54:56,188 DEV : loss 3.7047371864318848 - f1-score (micro avg)  0.3652
2025-12-22 20:54:56,189  - 1 epochs without improvement
2025-12-22 20:54:56,189 ----------------------------------------------------------------------------------------------------
2025-12-22 20:54:56,302 epoch 52 - iter 1/13 - loss 0.26080475 - time (sec): 0.11 - samples/sec: 3191.65 - lr: 0.001563 - momentum: 0.000000
2025-12-22 20:54:56,395 epoch 52 - iter 2/13 - loss 0.26890443 - time (sec): 0.21 - samples/sec: 3503.83 - lr: 0.001563 - momentum: 0.000000
2025-12-22 20:54:56,492 epoch 52 - iter 3/13 - loss 0.25483601 - time (sec): 0.30 - samples/sec: 3584.77 - lr: 0.001563 - momentum: 0.000000
2025-12-22 20:54:56,703 epoch 52 - iter 4/13 - loss 0.25221973 - time (sec): 0.51 - samples/sec: 2923.11 - lr: 0.001563 - momentum: 0.000000
2025-12-22 20:54:56,790 epoch 52 - iter 5/13 - loss 0.26287228 - time (sec): 0.60 - samples/sec: 3112.40 - lr: 0.001563 - momentum: 0.000000
2025-12-22 20:54:56,903 epoch 52 - iter 6/13 - loss 0.28401945 - time (sec): 0.71 - samples/sec: 3168.19 - lr: 0.001563 - momentum: 0.000000
2025-12-22 20:54:57,025 epoch 52 - iter 7/13 - loss 0.28693913 - time (sec): 0.84 - samples/sec: 3173.68 - lr: 0.001563 - momentum: 0.000000
2025-12-22 20:54:57,138 epoch 52 - iter 8/13 - loss 0.28365429 - time (sec): 0.95 - samples/sec: 3229.59 - lr: 0.001563 - momentum: 0.000000
2025-12-22 20:54:57,309 epoch 52 - iter 9/13 - loss 0.28292403 - time (sec): 1.12 - samples/sec: 3076.61 - lr: 0.001563 - momentum: 0.000000
2025-12-22 20:54:57,404 epoch 52 - iter 10/13 - loss 0.28640414 - time (sec): 1.21 - samples/sec: 3149.89 - lr: 0.001563 - momentum: 0.000000
2025-12-22 20:54:57,502 epoch 52 - iter 11/13 - loss 0.29221773 - time (sec): 1.31 - samples/sec: 3198.55 - lr: 0.001563 - momentum: 0.000000
2025-12-22 20:54:57,620 epoch 52 - iter 12/13 - loss 0.29483981 - time (sec): 1.43 - samples/sec: 3218.80 - lr: 0.001563 - momentum: 0.000000
2025-12-22 20:54:57,735 epoch 52 - iter 13/13 - loss 0.29284395 - time (sec): 1.55 - samples/sec: 3187.74 - lr: 0.001563 - momentum: 0.000000
2025-12-22 20:54:57,735 ----------------------------------------------------------------------------------------------------
2025-12-22 20:54:57,735 EPOCH 52 done: loss 0.2928 - lr: 0.001563
2025-12-22 20:54:58,470 DEV : loss 3.7185580730438232 - f1-score (micro avg)  0.3669
2025-12-22 20:54:58,471  - 2 epochs without improvement
2025-12-22 20:54:58,472 ----------------------------------------------------------------------------------------------------
2025-12-22 20:54:58,546 epoch 53 - iter 1/13 - loss 0.28719858 - time (sec): 0.07 - samples/sec: 4221.80 - lr: 0.001563 - momentum: 0.000000
2025-12-22 20:54:58,649 epoch 53 - iter 2/13 - loss 0.29172117 - time (sec): 0.18 - samples/sec: 3744.18 - lr: 0.001563 - momentum: 0.000000
2025-12-22 20:54:58,843 epoch 53 - iter 3/13 - loss 0.29156072 - time (sec): 0.37 - samples/sec: 2959.99 - lr: 0.001563 - momentum: 0.000000
2025-12-22 20:54:58,968 epoch 53 - iter 4/13 - loss 0.31223120 - time (sec): 0.50 - samples/sec: 3052.59 - lr: 0.001563 - momentum: 0.000000
2025-12-22 20:54:59,099 epoch 53 - iter 5/13 - loss 0.31381308 - time (sec): 0.63 - samples/sec: 3021.82 - lr: 0.001563 - momentum: 0.000000
2025-12-22 20:54:59,260 epoch 53 - iter 6/13 - loss 0.32490949 - time (sec): 0.79 - samples/sec: 2979.40 - lr: 0.001563 - momentum: 0.000000
2025-12-22 20:54:59,352 epoch 53 - iter 7/13 - loss 0.31227915 - time (sec): 0.88 - samples/sec: 3024.31 - lr: 0.001563 - momentum: 0.000000
2025-12-22 20:54:59,558 epoch 53 - iter 8/13 - loss 0.31434576 - time (sec): 1.09 - samples/sec: 2888.68 - lr: 0.001563 - momentum: 0.000000
2025-12-22 20:54:59,660 epoch 53 - iter 9/13 - loss 0.31495172 - time (sec): 1.19 - samples/sec: 2908.95 - lr: 0.001563 - momentum: 0.000000
2025-12-22 20:54:59,781 epoch 53 - iter 10/13 - loss 0.31480601 - time (sec): 1.31 - samples/sec: 2924.84 - lr: 0.001563 - momentum: 0.000000
2025-12-22 20:54:59,908 epoch 53 - iter 11/13 - loss 0.31432822 - time (sec): 1.44 - samples/sec: 2911.89 - lr: 0.001563 - momentum: 0.000000
2025-12-22 20:55:00,053 epoch 53 - iter 12/13 - loss 0.31016220 - time (sec): 1.58 - samples/sec: 2915.53 - lr: 0.001563 - momentum: 0.000000
2025-12-22 20:55:00,169 epoch 53 - iter 13/13 - loss 0.31173447 - time (sec): 1.70 - samples/sec: 2902.99 - lr: 0.001563 - momentum: 0.000000
2025-12-22 20:55:00,169 ----------------------------------------------------------------------------------------------------
2025-12-22 20:55:00,169 EPOCH 53 done: loss 0.3117 - lr: 0.001563
2025-12-22 20:55:00,568 DEV : loss 3.7165029048919678 - f1-score (micro avg)  0.3672
2025-12-22 20:55:00,569  - 3 epochs without improvement
2025-12-22 20:55:00,569 ----------------------------------------------------------------------------------------------------
2025-12-22 20:55:00,668 epoch 54 - iter 1/13 - loss 0.37332303 - time (sec): 0.10 - samples/sec: 3704.46 - lr: 0.001563 - momentum: 0.000000
2025-12-22 20:55:00,890 epoch 54 - iter 2/13 - loss 0.34609651 - time (sec): 0.32 - samples/sec: 2756.85 - lr: 0.001563 - momentum: 0.000000
2025-12-22 20:55:00,980 epoch 54 - iter 3/13 - loss 0.32666077 - time (sec): 0.41 - samples/sec: 2915.37 - lr: 0.001563 - momentum: 0.000000
2025-12-22 20:55:01,079 epoch 54 - iter 4/13 - loss 0.31569897 - time (sec): 0.51 - samples/sec: 3030.72 - lr: 0.001563 - momentum: 0.000000
2025-12-22 20:55:01,168 epoch 54 - iter 5/13 - loss 0.30549643 - time (sec): 0.60 - samples/sec: 3153.77 - lr: 0.001563 - momentum: 0.000000
2025-12-22 20:55:01,306 epoch 54 - iter 6/13 - loss 0.30707441 - time (sec): 0.74 - samples/sec: 3168.99 - lr: 0.001563 - momentum: 0.000000
2025-12-22 20:55:01,421 epoch 54 - iter 7/13 - loss 0.30092483 - time (sec): 0.85 - samples/sec: 3211.93 - lr: 0.001563 - momentum: 0.000000
2025-12-22 20:55:01,526 epoch 54 - iter 8/13 - loss 0.30532252 - time (sec): 0.96 - samples/sec: 3232.64 - lr: 0.001563 - momentum: 0.000000
2025-12-22 20:55:01,617 epoch 54 - iter 9/13 - loss 0.30671045 - time (sec): 1.05 - samples/sec: 3306.19 - lr: 0.001563 - momentum: 0.000000
2025-12-22 20:55:01,717 epoch 54 - iter 10/13 - loss 0.30414800 - time (sec): 1.15 - samples/sec: 3376.61 - lr: 0.001563 - momentum: 0.000000
2025-12-22 20:55:01,838 epoch 54 - iter 11/13 - loss 0.30601767 - time (sec): 1.27 - samples/sec: 3349.97 - lr: 0.001563 - momentum: 0.000000
2025-12-22 20:55:01,949 epoch 54 - iter 12/13 - loss 0.31268634 - time (sec): 1.38 - samples/sec: 3365.03 - lr: 0.001563 - momentum: 0.000000
2025-12-22 20:55:02,032 epoch 54 - iter 13/13 - loss 0.31029094 - time (sec): 1.46 - samples/sec: 3367.92 - lr: 0.001563 - momentum: 0.000000
2025-12-22 20:55:02,032 ----------------------------------------------------------------------------------------------------
2025-12-22 20:55:02,032 EPOCH 54 done: loss 0.3103 - lr: 0.001563
2025-12-22 20:55:02,421 DEV : loss 3.728342294692993 - f1-score (micro avg)  0.3678
2025-12-22 20:55:02,422  - 4 epochs without improvement (above 'patience')-> annealing learning_rate to [0.00078125]
2025-12-22 20:55:02,422 ----------------------------------------------------------------------------------------------------
2025-12-22 20:55:02,564 epoch 55 - iter 1/13 - loss 0.26280156 - time (sec): 0.14 - samples/sec: 2893.91 - lr: 0.000781 - momentum: 0.000000
2025-12-22 20:55:02,700 epoch 55 - iter 2/13 - loss 0.24573379 - time (sec): 0.28 - samples/sec: 2747.30 - lr: 0.000781 - momentum: 0.000000
2025-12-22 20:55:02,958 epoch 55 - iter 3/13 - loss 0.30008187 - time (sec): 0.54 - samples/sec: 1987.09 - lr: 0.000781 - momentum: 0.000000
2025-12-22 20:55:03,078 epoch 55 - iter 4/13 - loss 0.30745241 - time (sec): 0.66 - samples/sec: 2215.83 - lr: 0.000781 - momentum: 0.000000
2025-12-22 20:55:03,283 epoch 55 - iter 5/13 - loss 0.30032622 - time (sec): 0.86 - samples/sec: 2168.32 - lr: 0.000781 - momentum: 0.000000
2025-12-22 20:55:03,385 epoch 55 - iter 6/13 - loss 0.30157275 - time (sec): 0.96 - samples/sec: 2305.95 - lr: 0.000781 - momentum: 0.000000
2025-12-22 20:55:03,485 epoch 55 - iter 7/13 - loss 0.29962307 - time (sec): 1.06 - samples/sec: 2437.12 - lr: 0.000781 - momentum: 0.000000
2025-12-22 20:55:03,691 epoch 55 - iter 8/13 - loss 0.30714743 - time (sec): 1.27 - samples/sec: 2411.35 - lr: 0.000781 - momentum: 0.000000
2025-12-22 20:55:03,829 epoch 55 - iter 9/13 - loss 0.30403828 - time (sec): 1.41 - samples/sec: 2475.08 - lr: 0.000781 - momentum: 0.000000
2025-12-22 20:55:03,942 epoch 55 - iter 10/13 - loss 0.30287702 - time (sec): 1.52 - samples/sec: 2535.35 - lr: 0.000781 - momentum: 0.000000
2025-12-22 20:55:04,048 epoch 55 - iter 11/13 - loss 0.30113644 - time (sec): 1.63 - samples/sec: 2576.29 - lr: 0.000781 - momentum: 0.000000
2025-12-22 20:55:04,183 epoch 55 - iter 12/13 - loss 0.29824370 - time (sec): 1.76 - samples/sec: 2614.93 - lr: 0.000781 - momentum: 0.000000
2025-12-22 20:55:04,292 epoch 55 - iter 13/13 - loss 0.29698468 - time (sec): 1.87 - samples/sec: 2635.36 - lr: 0.000781 - momentum: 0.000000
2025-12-22 20:55:04,292 ----------------------------------------------------------------------------------------------------
2025-12-22 20:55:04,292 EPOCH 55 done: loss 0.2970 - lr: 0.000781
2025-12-22 20:55:04,680 DEV : loss 3.727560520172119 - f1-score (micro avg)  0.3665
2025-12-22 20:55:04,681  - 1 epochs without improvement
2025-12-22 20:55:04,681 ----------------------------------------------------------------------------------------------------
2025-12-22 20:55:04,823 epoch 56 - iter 1/13 - loss 0.29180246 - time (sec): 0.14 - samples/sec: 2343.39 - lr: 0.000781 - momentum: 0.000000
2025-12-22 20:55:05,006 epoch 56 - iter 2/13 - loss 0.35468725 - time (sec): 0.32 - samples/sec: 2404.93 - lr: 0.000781 - momentum: 0.000000
2025-12-22 20:55:05,138 epoch 56 - iter 3/13 - loss 0.34745231 - time (sec): 0.46 - samples/sec: 2553.86 - lr: 0.000781 - momentum: 0.000000
2025-12-22 20:55:05,282 epoch 56 - iter 4/13 - loss 0.34432430 - time (sec): 0.60 - samples/sec: 2630.77 - lr: 0.000781 - momentum: 0.000000
2025-12-22 20:55:05,424 epoch 56 - iter 5/13 - loss 0.32905249 - time (sec): 0.74 - samples/sec: 2693.99 - lr: 0.000781 - momentum: 0.000000
2025-12-22 20:55:05,629 epoch 56 - iter 6/13 - loss 0.32616059 - time (sec): 0.95 - samples/sec: 2557.77 - lr: 0.000781 - momentum: 0.000000
2025-12-22 20:55:05,740 epoch 56 - iter 7/13 - loss 0.32260390 - time (sec): 1.06 - samples/sec: 2677.15 - lr: 0.000781 - momentum: 0.000000
2025-12-22 20:55:05,849 epoch 56 - iter 8/13 - loss 0.31927931 - time (sec): 1.17 - samples/sec: 2702.80 - lr: 0.000781 - momentum: 0.000000
2025-12-22 20:55:06,046 epoch 56 - iter 9/13 - loss 0.31780352 - time (sec): 1.36 - samples/sec: 2600.65 - lr: 0.000781 - momentum: 0.000000
2025-12-22 20:55:06,136 epoch 56 - iter 10/13 - loss 0.31198216 - time (sec): 1.45 - samples/sec: 2681.76 - lr: 0.000781 - momentum: 0.000000
2025-12-22 20:55:06,222 epoch 56 - iter 11/13 - loss 0.31514827 - time (sec): 1.54 - samples/sec: 2771.40 - lr: 0.000781 - momentum: 0.000000
2025-12-22 20:55:06,304 epoch 56 - iter 12/13 - loss 0.31067964 - time (sec): 1.62 - samples/sec: 2842.29 - lr: 0.000781 - momentum: 0.000000
2025-12-22 20:55:06,399 epoch 56 - iter 13/13 - loss 0.31016203 - time (sec): 1.72 - samples/sec: 2867.90 - lr: 0.000781 - momentum: 0.000000
2025-12-22 20:55:06,400 ----------------------------------------------------------------------------------------------------
2025-12-22 20:55:06,400 EPOCH 56 done: loss 0.3102 - lr: 0.000781
2025-12-22 20:55:06,821 DEV : loss 3.724407911300659 - f1-score (micro avg)  0.3655
2025-12-22 20:55:06,822  - 2 epochs without improvement
2025-12-22 20:55:06,822 ----------------------------------------------------------------------------------------------------
2025-12-22 20:55:06,936 epoch 57 - iter 1/13 - loss 0.33106852 - time (sec): 0.11 - samples/sec: 3117.88 - lr: 0.000781 - momentum: 0.000000
2025-12-22 20:55:07,049 epoch 57 - iter 2/13 - loss 0.34033590 - time (sec): 0.23 - samples/sec: 3344.30 - lr: 0.000781 - momentum: 0.000000
2025-12-22 20:55:07,150 epoch 57 - iter 3/13 - loss 0.34477099 - time (sec): 0.33 - samples/sec: 3319.38 - lr: 0.000781 - momentum: 0.000000
2025-12-22 20:55:07,253 epoch 57 - iter 4/13 - loss 0.33177223 - time (sec): 0.43 - samples/sec: 3468.58 - lr: 0.000781 - momentum: 0.000000
2025-12-22 20:55:07,387 epoch 57 - iter 5/13 - loss 0.31456419 - time (sec): 0.56 - samples/sec: 3339.16 - lr: 0.000781 - momentum: 0.000000
2025-12-22 20:55:07,485 epoch 57 - iter 6/13 - loss 0.29938246 - time (sec): 0.66 - samples/sec: 3381.33 - lr: 0.000781 - momentum: 0.000000
2025-12-22 20:55:07,585 epoch 57 - iter 7/13 - loss 0.32267347 - time (sec): 0.76 - samples/sec: 3383.55 - lr: 0.000781 - momentum: 0.000000
2025-12-22 20:55:07,728 epoch 57 - iter 8/13 - loss 0.32101656 - time (sec): 0.91 - samples/sec: 3402.58 - lr: 0.000781 - momentum: 0.000000
2025-12-22 20:55:07,945 epoch 57 - iter 9/13 - loss 0.32139303 - time (sec): 1.12 - samples/sec: 3129.43 - lr: 0.000781 - momentum: 0.000000
2025-12-22 20:55:08,146 epoch 57 - iter 10/13 - loss 0.30728484 - time (sec): 1.32 - samples/sec: 2954.51 - lr: 0.000781 - momentum: 0.000000
2025-12-22 20:55:08,243 epoch 57 - iter 11/13 - loss 0.30434357 - time (sec): 1.42 - samples/sec: 2992.24 - lr: 0.000781 - momentum: 0.000000
2025-12-22 20:55:08,349 epoch 57 - iter 12/13 - loss 0.30235839 - time (sec): 1.53 - samples/sec: 3001.19 - lr: 0.000781 - momentum: 0.000000
2025-12-22 20:55:08,469 epoch 57 - iter 13/13 - loss 0.30619373 - time (sec): 1.65 - samples/sec: 2992.07 - lr: 0.000781 - momentum: 0.000000
2025-12-22 20:55:08,469 ----------------------------------------------------------------------------------------------------
2025-12-22 20:55:08,469 EPOCH 57 done: loss 0.3062 - lr: 0.000781
2025-12-22 20:55:08,873 DEV : loss 3.7132577896118164 - f1-score (micro avg)  0.3652
2025-12-22 20:55:08,874  - 3 epochs without improvement
2025-12-22 20:55:08,874 ----------------------------------------------------------------------------------------------------
2025-12-22 20:55:09,003 epoch 58 - iter 1/13 - loss 0.23524609 - time (sec): 0.13 - samples/sec: 2920.72 - lr: 0.000781 - momentum: 0.000000
2025-12-22 20:55:09,124 epoch 58 - iter 2/13 - loss 0.25511169 - time (sec): 0.25 - samples/sec: 2944.88 - lr: 0.000781 - momentum: 0.000000
2025-12-22 20:55:09,240 epoch 58 - iter 3/13 - loss 0.24152747 - time (sec): 0.37 - samples/sec: 3068.31 - lr: 0.000781 - momentum: 0.000000
2025-12-22 20:55:09,424 epoch 58 - iter 4/13 - loss 0.26336260 - time (sec): 0.55 - samples/sec: 2733.16 - lr: 0.000781 - momentum: 0.000000
2025-12-22 20:55:09,555 epoch 58 - iter 5/13 - loss 0.27973700 - time (sec): 0.68 - samples/sec: 2771.59 - lr: 0.000781 - momentum: 0.000000
2025-12-22 20:55:09,649 epoch 58 - iter 6/13 - loss 0.27370353 - time (sec): 0.77 - samples/sec: 2868.02 - lr: 0.000781 - momentum: 0.000000
2025-12-22 20:55:09,837 epoch 58 - iter 7/13 - loss 0.28841013 - time (sec): 0.96 - samples/sec: 2746.78 - lr: 0.000781 - momentum: 0.000000
2025-12-22 20:55:09,933 epoch 58 - iter 8/13 - loss 0.28435361 - time (sec): 1.06 - samples/sec: 2817.44 - lr: 0.000781 - momentum: 0.000000
2025-12-22 20:55:10,019 epoch 58 - iter 9/13 - loss 0.28994041 - time (sec): 1.14 - samples/sec: 2956.64 - lr: 0.000781 - momentum: 0.000000
2025-12-22 20:55:10,117 epoch 58 - iter 10/13 - loss 0.29408507 - time (sec): 1.24 - samples/sec: 3027.30 - lr: 0.000781 - momentum: 0.000000
2025-12-22 20:55:10,263 epoch 58 - iter 11/13 - loss 0.29090029 - time (sec): 1.39 - samples/sec: 3025.98 - lr: 0.000781 - momentum: 0.000000
2025-12-22 20:55:10,367 epoch 58 - iter 12/13 - loss 0.29767053 - time (sec): 1.49 - samples/sec: 3077.22 - lr: 0.000781 - momentum: 0.000000
2025-12-22 20:55:10,470 epoch 58 - iter 13/13 - loss 0.29448479 - time (sec): 1.60 - samples/sec: 3088.22 - lr: 0.000781 - momentum: 0.000000
2025-12-22 20:55:10,470 ----------------------------------------------------------------------------------------------------
2025-12-22 20:55:10,470 EPOCH 58 done: loss 0.2945 - lr: 0.000781
2025-12-22 20:55:11,046 DEV : loss 3.708839178085327 - f1-score (micro avg)  0.3642
2025-12-22 20:55:11,047  - 4 epochs without improvement (above 'patience')-> annealing learning_rate to [0.000390625]
2025-12-22 20:55:11,047 ----------------------------------------------------------------------------------------------------
2025-12-22 20:55:11,173 epoch 59 - iter 1/13 - loss 0.32998462 - time (sec): 0.13 - samples/sec: 3745.65 - lr: 0.000391 - momentum: 0.000000
2025-12-22 20:55:11,363 epoch 59 - iter 2/13 - loss 0.27925727 - time (sec): 0.32 - samples/sec: 2853.36 - lr: 0.000391 - momentum: 0.000000
2025-12-22 20:55:11,475 epoch 59 - iter 3/13 - loss 0.27251437 - time (sec): 0.43 - samples/sec: 2947.01 - lr: 0.000391 - momentum: 0.000000
2025-12-22 20:55:11,597 epoch 59 - iter 4/13 - loss 0.28773557 - time (sec): 0.55 - samples/sec: 3098.42 - lr: 0.000391 - momentum: 0.000000
2025-12-22 20:55:11,678 epoch 59 - iter 5/13 - loss 0.28759693 - time (sec): 0.63 - samples/sec: 3188.23 - lr: 0.000391 - momentum: 0.000000
2025-12-22 20:55:11,820 epoch 59 - iter 6/13 - loss 0.29144718 - time (sec): 0.77 - samples/sec: 3063.64 - lr: 0.000391 - momentum: 0.000000
2025-12-22 20:55:11,900 epoch 59 - iter 7/13 - loss 0.28463562 - time (sec): 0.85 - samples/sec: 3158.83 - lr: 0.000391 - momentum: 0.000000
2025-12-22 20:55:12,013 epoch 59 - iter 8/13 - loss 0.28608090 - time (sec): 0.97 - samples/sec: 3150.91 - lr: 0.000391 - momentum: 0.000000
2025-12-22 20:55:12,139 epoch 59 - iter 9/13 - loss 0.28577487 - time (sec): 1.09 - samples/sec: 3098.24 - lr: 0.000391 - momentum: 0.000000
2025-12-22 20:55:12,249 epoch 59 - iter 10/13 - loss 0.28943722 - time (sec): 1.20 - samples/sec: 3117.85 - lr: 0.000391 - momentum: 0.000000
2025-12-22 20:55:12,443 epoch 59 - iter 11/13 - loss 0.28895157 - time (sec): 1.40 - samples/sec: 2983.80 - lr: 0.000391 - momentum: 0.000000
2025-12-22 20:55:12,548 epoch 59 - iter 12/13 - loss 0.29293411 - time (sec): 1.50 - samples/sec: 3025.45 - lr: 0.000391 - momentum: 0.000000
2025-12-22 20:55:12,646 epoch 59 - iter 13/13 - loss 0.29382418 - time (sec): 1.60 - samples/sec: 3081.24 - lr: 0.000391 - momentum: 0.000000
2025-12-22 20:55:12,646 ----------------------------------------------------------------------------------------------------
2025-12-22 20:55:12,646 EPOCH 59 done: loss 0.2938 - lr: 0.000391
2025-12-22 20:55:13,032 DEV : loss 3.711919069290161 - f1-score (micro avg)  0.3649
2025-12-22 20:55:13,033  - 1 epochs without improvement
2025-12-22 20:55:13,033 ----------------------------------------------------------------------------------------------------
2025-12-22 20:55:13,138 epoch 60 - iter 1/13 - loss 0.36567398 - time (sec): 0.10 - samples/sec: 3165.70 - lr: 0.000391 - momentum: 0.000000
2025-12-22 20:55:13,301 epoch 60 - iter 2/13 - loss 0.35182240 - time (sec): 0.27 - samples/sec: 2606.45 - lr: 0.000391 - momentum: 0.000000
2025-12-22 20:55:13,500 epoch 60 - iter 3/13 - loss 0.33401843 - time (sec): 0.47 - samples/sec: 2271.77 - lr: 0.000391 - momentum: 0.000000
2025-12-22 20:55:13,611 epoch 60 - iter 4/13 - loss 0.33189125 - time (sec): 0.58 - samples/sec: 2477.84 - lr: 0.000391 - momentum: 0.000000
2025-12-22 20:55:13,719 epoch 60 - iter 5/13 - loss 0.31615523 - time (sec): 0.69 - samples/sec: 2691.68 - lr: 0.000391 - momentum: 0.000000
2025-12-22 20:55:13,821 epoch 60 - iter 6/13 - loss 0.30894610 - time (sec): 0.79 - samples/sec: 2738.10 - lr: 0.000391 - momentum: 0.000000
2025-12-22 20:55:14,071 epoch 60 - iter 7/13 - loss 0.30095376 - time (sec): 1.04 - samples/sec: 2438.13 - lr: 0.000391 - momentum: 0.000000
2025-12-22 20:55:14,174 epoch 60 - iter 8/13 - loss 0.30045291 - time (sec): 1.14 - samples/sec: 2554.89 - lr: 0.000391 - momentum: 0.000000
2025-12-22 20:55:14,342 epoch 60 - iter 9/13 - loss 0.30217768 - time (sec): 1.31 - samples/sec: 2516.81 - lr: 0.000391 - momentum: 0.000000
2025-12-22 20:55:14,450 epoch 60 - iter 10/13 - loss 0.30346462 - time (sec): 1.42 - samples/sec: 2615.51 - lr: 0.000391 - momentum: 0.000000
2025-12-22 20:55:14,559 epoch 60 - iter 11/13 - loss 0.30280049 - time (sec): 1.53 - samples/sec: 2708.25 - lr: 0.000391 - momentum: 0.000000
2025-12-22 20:55:14,656 epoch 60 - iter 12/13 - loss 0.30169596 - time (sec): 1.62 - samples/sec: 2765.49 - lr: 0.000391 - momentum: 0.000000
2025-12-22 20:55:14,858 epoch 60 - iter 13/13 - loss 0.30424893 - time (sec): 1.82 - samples/sec: 2699.29 - lr: 0.000391 - momentum: 0.000000
2025-12-22 20:55:14,859 ----------------------------------------------------------------------------------------------------
2025-12-22 20:55:14,859 EPOCH 60 done: loss 0.3042 - lr: 0.000391
2025-12-22 20:55:15,277 DEV : loss 3.7117998600006104 - f1-score (micro avg)  0.3646
2025-12-22 20:55:15,279  - 2 epochs without improvement
2025-12-22 20:55:15,280 ----------------------------------------------------------------------------------------------------
2025-12-22 20:55:15,366 epoch 61 - iter 1/13 - loss 0.29359275 - time (sec): 0.09 - samples/sec: 3682.06 - lr: 0.000391 - momentum: 0.000000
2025-12-22 20:55:15,509 epoch 61 - iter 2/13 - loss 0.26263273 - time (sec): 0.23 - samples/sec: 3632.53 - lr: 0.000391 - momentum: 0.000000
2025-12-22 20:55:15,627 epoch 61 - iter 3/13 - loss 0.29279203 - time (sec): 0.35 - samples/sec: 3508.90 - lr: 0.000391 - momentum: 0.000000
2025-12-22 20:55:15,716 epoch 61 - iter 4/13 - loss 0.30180636 - time (sec): 0.44 - samples/sec: 3535.40 - lr: 0.000391 - momentum: 0.000000
2025-12-22 20:55:15,935 epoch 61 - iter 5/13 - loss 0.31082806 - time (sec): 0.65 - samples/sec: 3142.52 - lr: 0.000391 - momentum: 0.000000
2025-12-22 20:55:16,047 epoch 61 - iter 6/13 - loss 0.31269123 - time (sec): 0.77 - samples/sec: 3118.43 - lr: 0.000391 - momentum: 0.000000
2025-12-22 20:55:16,151 epoch 61 - iter 7/13 - loss 0.30230813 - time (sec): 0.87 - samples/sec: 3139.85 - lr: 0.000391 - momentum: 0.000000
2025-12-22 20:55:16,280 epoch 61 - iter 8/13 - loss 0.30883885 - time (sec): 1.00 - samples/sec: 3054.40 - lr: 0.000391 - momentum: 0.000000
2025-12-22 20:55:16,386 epoch 61 - iter 9/13 - loss 0.30156825 - time (sec): 1.11 - samples/sec: 3072.38 - lr: 0.000391 - momentum: 0.000000
2025-12-22 20:55:16,489 epoch 61 - iter 10/13 - loss 0.29781357 - time (sec): 1.21 - samples/sec: 3095.00 - lr: 0.000391 - momentum: 0.000000
2025-12-22 20:55:16,600 epoch 61 - iter 11/13 - loss 0.30045304 - time (sec): 1.32 - samples/sec: 3123.47 - lr: 0.000391 - momentum: 0.000000
2025-12-22 20:55:16,720 epoch 61 - iter 12/13 - loss 0.29604031 - time (sec): 1.44 - samples/sec: 3157.84 - lr: 0.000391 - momentum: 0.000000
2025-12-22 20:55:16,899 epoch 61 - iter 13/13 - loss 0.29127315 - time (sec): 1.62 - samples/sec: 3043.95 - lr: 0.000391 - momentum: 0.000000
2025-12-22 20:55:16,900 ----------------------------------------------------------------------------------------------------
2025-12-22 20:55:16,900 EPOCH 61 done: loss 0.2913 - lr: 0.000391
2025-12-22 20:55:17,301 DEV : loss 3.719177007675171 - f1-score (micro avg)  0.3655
2025-12-22 20:55:17,302  - 3 epochs without improvement
2025-12-22 20:55:17,302 ----------------------------------------------------------------------------------------------------
2025-12-22 20:55:17,380 epoch 62 - iter 1/13 - loss 0.38067738 - time (sec): 0.08 - samples/sec: 3520.86 - lr: 0.000391 - momentum: 0.000000
2025-12-22 20:55:17,503 epoch 62 - iter 2/13 - loss 0.34517343 - time (sec): 0.20 - samples/sec: 3376.16 - lr: 0.000391 - momentum: 0.000000
2025-12-22 20:55:17,694 epoch 62 - iter 3/13 - loss 0.31634362 - time (sec): 0.39 - samples/sec: 2833.51 - lr: 0.000391 - momentum: 0.000000
2025-12-22 20:55:17,800 epoch 62 - iter 4/13 - loss 0.31579189 - time (sec): 0.50 - samples/sec: 2998.81 - lr: 0.000391 - momentum: 0.000000
2025-12-22 20:55:17,886 epoch 62 - iter 5/13 - loss 0.31136976 - time (sec): 0.58 - samples/sec: 3163.24 - lr: 0.000391 - momentum: 0.000000
2025-12-22 20:55:17,995 epoch 62 - iter 6/13 - loss 0.31142828 - time (sec): 0.69 - samples/sec: 3213.11 - lr: 0.000391 - momentum: 0.000000
2025-12-22 20:55:18,157 epoch 62 - iter 7/13 - loss 0.30569523 - time (sec): 0.85 - samples/sec: 3005.41 - lr: 0.000391 - momentum: 0.000000
2025-12-22 20:55:18,370 epoch 62 - iter 8/13 - loss 0.30510796 - time (sec): 1.07 - samples/sec: 2798.77 - lr: 0.000391 - momentum: 0.000000
2025-12-22 20:55:18,505 epoch 62 - iter 9/13 - loss 0.29792814 - time (sec): 1.20 - samples/sec: 2847.49 - lr: 0.000391 - momentum: 0.000000
2025-12-22 20:55:18,618 epoch 62 - iter 10/13 - loss 0.30295130 - time (sec): 1.32 - samples/sec: 2898.77 - lr: 0.000391 - momentum: 0.000000
2025-12-22 20:55:18,765 epoch 62 - iter 11/13 - loss 0.29920817 - time (sec): 1.46 - samples/sec: 2889.48 - lr: 0.000391 - momentum: 0.000000
2025-12-22 20:55:18,864 epoch 62 - iter 12/13 - loss 0.30141007 - time (sec): 1.56 - samples/sec: 2950.65 - lr: 0.000391 - momentum: 0.000000
2025-12-22 20:55:18,949 epoch 62 - iter 13/13 - loss 0.30361261 - time (sec): 1.65 - samples/sec: 2991.25 - lr: 0.000391 - momentum: 0.000000
2025-12-22 20:55:18,949 ----------------------------------------------------------------------------------------------------
2025-12-22 20:55:18,949 EPOCH 62 done: loss 0.3036 - lr: 0.000391
2025-12-22 20:55:19,336 DEV : loss 3.714470148086548 - f1-score (micro avg)  0.3649
2025-12-22 20:55:19,337  - 4 epochs without improvement (above 'patience')-> annealing learning_rate to [0.0001953125]
2025-12-22 20:55:19,337 ----------------------------------------------------------------------------------------------------
2025-12-22 20:55:19,487 epoch 63 - iter 1/13 - loss 0.28331679 - time (sec): 0.15 - samples/sec: 2826.28 - lr: 0.000195 - momentum: 0.000000
2025-12-22 20:55:19,612 epoch 63 - iter 2/13 - loss 0.25976272 - time (sec): 0.27 - samples/sec: 3069.68 - lr: 0.000195 - momentum: 0.000000
2025-12-22 20:55:19,705 epoch 63 - iter 3/13 - loss 0.30996086 - time (sec): 0.37 - samples/sec: 3222.98 - lr: 0.000195 - momentum: 0.000000
2025-12-22 20:55:19,825 epoch 63 - iter 4/13 - loss 0.30586671 - time (sec): 0.49 - samples/sec: 3306.96 - lr: 0.000195 - momentum: 0.000000
2025-12-22 20:55:19,889 epoch 63 - iter 5/13 - loss 0.32073007 - time (sec): 0.55 - samples/sec: 3430.56 - lr: 0.000195 - momentum: 0.000000
2025-12-22 20:55:19,993 epoch 63 - iter 6/13 - loss 0.33082966 - time (sec): 0.66 - samples/sec: 3449.65 - lr: 0.000195 - momentum: 0.000000
2025-12-22 20:55:20,084 epoch 63 - iter 7/13 - loss 0.33016664 - time (sec): 0.75 - samples/sec: 3498.14 - lr: 0.000195 - momentum: 0.000000
2025-12-22 20:55:20,195 epoch 63 - iter 8/13 - loss 0.31541101 - time (sec): 0.86 - samples/sec: 3431.46 - lr: 0.000195 - momentum: 0.000000
2025-12-22 20:55:20,319 epoch 63 - iter 9/13 - loss 0.31500475 - time (sec): 0.98 - samples/sec: 3367.10 - lr: 0.000195 - momentum: 0.000000
2025-12-22 20:55:20,463 epoch 63 - iter 10/13 - loss 0.31198207 - time (sec): 1.13 - samples/sec: 3300.74 - lr: 0.000195 - momentum: 0.000000
2025-12-22 20:55:20,672 epoch 63 - iter 11/13 - loss 0.30704902 - time (sec): 1.33 - samples/sec: 3148.41 - lr: 0.000195 - momentum: 0.000000
2025-12-22 20:55:20,783 epoch 63 - iter 12/13 - loss 0.30587732 - time (sec): 1.45 - samples/sec: 3139.19 - lr: 0.000195 - momentum: 0.000000
2025-12-22 20:55:20,893 epoch 63 - iter 13/13 - loss 0.29789101 - time (sec): 1.56 - samples/sec: 3167.51 - lr: 0.000195 - momentum: 0.000000
2025-12-22 20:55:20,893 ----------------------------------------------------------------------------------------------------
2025-12-22 20:55:20,893 EPOCH 63 done: loss 0.2979 - lr: 0.000195
2025-12-22 20:55:21,502 DEV : loss 3.71484375 - f1-score (micro avg)  0.3649
2025-12-22 20:55:21,503  - 1 epochs without improvement
2025-12-22 20:55:21,504 ----------------------------------------------------------------------------------------------------
2025-12-22 20:55:21,599 epoch 64 - iter 1/13 - loss 0.33897117 - time (sec): 0.10 - samples/sec: 3393.09 - lr: 0.000195 - momentum: 0.000000
2025-12-22 20:55:21,713 epoch 64 - iter 2/13 - loss 0.34158560 - time (sec): 0.21 - samples/sec: 3481.79 - lr: 0.000195 - momentum: 0.000000
2025-12-22 20:55:21,857 epoch 64 - iter 3/13 - loss 0.31935330 - time (sec): 0.35 - samples/sec: 3426.90 - lr: 0.000195 - momentum: 0.000000
2025-12-22 20:55:21,974 epoch 64 - iter 4/13 - loss 0.30066770 - time (sec): 0.47 - samples/sec: 3381.40 - lr: 0.000195 - momentum: 0.000000
2025-12-22 20:55:22,158 epoch 64 - iter 5/13 - loss 0.30489691 - time (sec): 0.65 - samples/sec: 2985.61 - lr: 0.000195 - momentum: 0.000000
2025-12-22 20:55:22,596 epoch 64 - iter 6/13 - loss 0.29023366 - time (sec): 1.09 - samples/sec: 2139.41 - lr: 0.000195 - momentum: 0.000000
2025-12-22 20:55:22,818 epoch 64 - iter 7/13 - loss 0.28748788 - time (sec): 1.31 - samples/sec: 2108.35 - lr: 0.000195 - momentum: 0.000000
2025-12-22 20:55:22,906 epoch 64 - iter 8/13 - loss 0.29795509 - time (sec): 1.40 - samples/sec: 2239.58 - lr: 0.000195 - momentum: 0.000000
2025-12-22 20:55:23,006 epoch 64 - iter 9/13 - loss 0.29515781 - time (sec): 1.50 - samples/sec: 2357.63 - lr: 0.000195 - momentum: 0.000000
2025-12-22 20:55:23,103 epoch 64 - iter 10/13 - loss 0.30339710 - time (sec): 1.60 - samples/sec: 2436.17 - lr: 0.000195 - momentum: 0.000000
2025-12-22 20:55:23,235 epoch 64 - iter 11/13 - loss 0.30015196 - time (sec): 1.73 - samples/sec: 2460.84 - lr: 0.000195 - momentum: 0.000000
2025-12-22 20:55:23,520 epoch 64 - iter 12/13 - loss 0.29488947 - time (sec): 2.02 - samples/sec: 2305.80 - lr: 0.000195 - momentum: 0.000000
2025-12-22 20:55:23,621 epoch 64 - iter 13/13 - loss 0.29088285 - time (sec): 2.12 - samples/sec: 2326.14 - lr: 0.000195 - momentum: 0.000000
2025-12-22 20:55:23,622 ----------------------------------------------------------------------------------------------------
2025-12-22 20:55:23,622 EPOCH 64 done: loss 0.2909 - lr: 0.000195
2025-12-22 20:55:24,046 DEV : loss 3.7155513763427734 - f1-score (micro avg)  0.3646
2025-12-22 20:55:24,047  - 2 epochs without improvement
2025-12-22 20:55:24,048 ----------------------------------------------------------------------------------------------------
2025-12-22 20:55:24,166 epoch 65 - iter 1/13 - loss 0.22364299 - time (sec): 0.12 - samples/sec: 3247.17 - lr: 0.000195 - momentum: 0.000000
2025-12-22 20:55:24,395 epoch 65 - iter 2/13 - loss 0.25575430 - time (sec): 0.35 - samples/sec: 2502.32 - lr: 0.000195 - momentum: 0.000000
2025-12-22 20:55:24,533 epoch 65 - iter 3/13 - loss 0.27939359 - time (sec): 0.49 - samples/sec: 2777.58 - lr: 0.000195 - momentum: 0.000000
2025-12-22 20:55:24,638 epoch 65 - iter 4/13 - loss 0.28732597 - time (sec): 0.59 - samples/sec: 2854.99 - lr: 0.000195 - momentum: 0.000000
2025-12-22 20:55:24,736 epoch 65 - iter 5/13 - loss 0.29093345 - time (sec): 0.69 - samples/sec: 2971.33 - lr: 0.000195 - momentum: 0.000000
2025-12-22 20:55:24,876 epoch 65 - iter 6/13 - loss 0.28838258 - time (sec): 0.83 - samples/sec: 2921.28 - lr: 0.000195 - momentum: 0.000000
2025-12-22 20:55:24,977 epoch 65 - iter 7/13 - loss 0.28225671 - time (sec): 0.93 - samples/sec: 2981.62 - lr: 0.000195 - momentum: 0.000000
2025-12-22 20:55:25,128 epoch 65 - iter 8/13 - loss 0.27181391 - time (sec): 1.08 - samples/sec: 2967.71 - lr: 0.000195 - momentum: 0.000000
2025-12-22 20:55:25,207 epoch 65 - iter 9/13 - loss 0.27105662 - time (sec): 1.16 - samples/sec: 3016.29 - lr: 0.000195 - momentum: 0.000000
2025-12-22 20:55:25,320 epoch 65 - iter 10/13 - loss 0.26960872 - time (sec): 1.27 - samples/sec: 3024.05 - lr: 0.000195 - momentum: 0.000000
2025-12-22 20:55:25,429 epoch 65 - iter 11/13 - loss 0.28063130 - time (sec): 1.38 - samples/sec: 3029.93 - lr: 0.000195 - momentum: 0.000000
2025-12-22 20:55:25,528 epoch 65 - iter 12/13 - loss 0.29044142 - time (sec): 1.48 - samples/sec: 3074.42 - lr: 0.000195 - momentum: 0.000000
2025-12-22 20:55:25,693 epoch 65 - iter 13/13 - loss 0.28843946 - time (sec): 1.65 - samples/sec: 2994.06 - lr: 0.000195 - momentum: 0.000000
2025-12-22 20:55:25,694 ----------------------------------------------------------------------------------------------------
2025-12-22 20:55:25,694 EPOCH 65 done: loss 0.2884 - lr: 0.000195
2025-12-22 20:55:26,079 DEV : loss 3.715250015258789 - f1-score (micro avg)  0.3646
2025-12-22 20:55:26,080  - 3 epochs without improvement
2025-12-22 20:55:26,080 ----------------------------------------------------------------------------------------------------
2025-12-22 20:55:26,220 epoch 66 - iter 1/13 - loss 0.37221631 - time (sec): 0.14 - samples/sec: 2861.07 - lr: 0.000195 - momentum: 0.000000
2025-12-22 20:55:26,333 epoch 66 - iter 2/13 - loss 0.33226312 - time (sec): 0.25 - samples/sec: 2995.37 - lr: 0.000195 - momentum: 0.000000
2025-12-22 20:55:26,511 epoch 66 - iter 3/13 - loss 0.32027630 - time (sec): 0.43 - samples/sec: 2755.69 - lr: 0.000195 - momentum: 0.000000
2025-12-22 20:55:26,600 epoch 66 - iter 4/13 - loss 0.32277468 - time (sec): 0.52 - samples/sec: 2894.00 - lr: 0.000195 - momentum: 0.000000
2025-12-22 20:55:26,684 epoch 66 - iter 5/13 - loss 0.31779669 - time (sec): 0.60 - samples/sec: 3016.39 - lr: 0.000195 - momentum: 0.000000
2025-12-22 20:55:26,873 epoch 66 - iter 6/13 - loss 0.32581860 - time (sec): 0.79 - samples/sec: 2845.93 - lr: 0.000195 - momentum: 0.000000
2025-12-22 20:55:26,969 epoch 66 - iter 7/13 - loss 0.32501699 - time (sec): 0.89 - samples/sec: 2973.78 - lr: 0.000195 - momentum: 0.000000
2025-12-22 20:55:27,084 epoch 66 - iter 8/13 - loss 0.31694494 - time (sec): 1.00 - samples/sec: 2987.00 - lr: 0.000195 - momentum: 0.000000
2025-12-22 20:55:27,208 epoch 66 - iter 9/13 - loss 0.32281254 - time (sec): 1.13 - samples/sec: 2924.48 - lr: 0.000195 - momentum: 0.000000
2025-12-22 20:55:27,314 epoch 66 - iter 10/13 - loss 0.31864522 - time (sec): 1.23 - samples/sec: 3055.94 - lr: 0.000195 - momentum: 0.000000
2025-12-22 20:55:27,428 epoch 66 - iter 11/13 - loss 0.32076564 - time (sec): 1.35 - samples/sec: 3073.50 - lr: 0.000195 - momentum: 0.000000
2025-12-22 20:55:27,541 epoch 66 - iter 12/13 - loss 0.31685915 - time (sec): 1.46 - samples/sec: 3127.84 - lr: 0.000195 - momentum: 0.000000
2025-12-22 20:55:27,642 epoch 66 - iter 13/13 - loss 0.31271004 - time (sec): 1.56 - samples/sec: 3154.15 - lr: 0.000195 - momentum: 0.000000
2025-12-22 20:55:27,643 ----------------------------------------------------------------------------------------------------
2025-12-22 20:55:27,643 EPOCH 66 done: loss 0.3127 - lr: 0.000195
2025-12-22 20:55:28,031 DEV : loss 3.7138054370880127 - f1-score (micro avg)  0.3646
2025-12-22 20:55:28,032  - 4 epochs without improvement (above 'patience')-> annealing learning_rate to [9.765625e-05]
2025-12-22 20:55:28,032 ----------------------------------------------------------------------------------------------------
2025-12-22 20:55:28,032 learning rate too small - quitting training!
2025-12-22 20:55:28,032 ----------------------------------------------------------------------------------------------------
2025-12-22 20:55:28,032 Saving model ...
2025-12-22 20:55:28,055 Done.
2025-12-22 20:55:28,055 ----------------------------------------------------------------------------------------------------
2025-12-22 20:55:28,055 Loading model from best epoch ...
2025-12-22 20:55:28,083 [b'<unk>', b'\xe2\x96\x81,', b'\xe2\x96\x81.', b'\xe2\x96\x81\xd0\xb4\xd0\xb0', b'\xe2\x96\x81\xd0\xb8', b'\xe2\x96\x81...', b'\xe2\x96\x81\xe2\x80\x94', b'-', b'\xe2\x96\x81\xd0\xbd\xd0\xb8\xd0\xbd', b'\xe2\x96\x81\xd0\xb2\xd1\x8b\xd0\xbb\xd3\xa7', b'\xe2\x96\x81\xd1\x8d\xd0\xb7', b'\xe2\x96\x81\xd0\xb2\xd3\xa7\xd0\xbb\xd1\x96', b'\xe2\x96\x81\xd0\xbc\xd1\x8b\xd0\xb9', b'\xe2\x96\x81?', b'\xe2\x96\x81\xd0\xb6\xd3\xa7', b'\xe2\x96\x81\xd0\xbe\xd0\xb7', b'\xe2\x96\x81\xd1\x81\xd1\x96\xd0\xb9\xd3\xa7', b'\xe2\x96\x81\xd0\xbd\xd0\xb0', b'\xe2\x96\x81!', b'\xe2\x96\x81-', b'\xe2\x96\x81\xd0\xb7\xd1\x8d\xd0\xb2', b'\xe2\x96\x81\xd0\xb2\xd1\x8b\xd0\xbb\xd1\x8b\xd0\xbd', b'\xe2\x96\x81\xd1\x81\xd3\xa7\xd0\xbc\xd1\x8b\xd0\xbd', b'\xe2\x96\x81\xd0\x98', b'\xe2\x96\x81\xd1\x82\xd0\xb0\xd0\xb9\xd3\xa7', b'\xe2\x96\x81\xd0\x9d\xd0\xbe', b'\xe2\x96\x81\xd1\x81\xd1\x82\xd0\xb0\xd0\xb2', b'\xe2\x96\x81\xd1\x8b\xd0\xb4\xd0\xb6\xd1\x8b\xd0\xb4', b'\xe2\x96\x81\xd0\xba\xd3\xa7', b'\xe2\x96\x81\xd1\x83\xd0\xbd\xd0\xb0', b'\xe2\x96\x81\xd1\x83\xd1\x80\xd0\xbe\xd0\xb6\xd0\xb0\xd0\xb9', b'\xe2\x96\x81\xd1\x81\xd1\x8b', b'\xe2\x96\x81\xd0\xbc\xd0\xb8\xd1\x8f\xd0\xbd', b'\xe2\x96\x81\xd0\xb4\xd1\x96\xd0\xbd\xd3\xa7', b'\xe2\x96\x81\xd0\xa2\xd0\xb0\xd0\xb9\xd3\xa7', b'\xe2\x96\x81\xd0\xbb\xd0\xbe\xd0\xbd\xd1\x8b', b'\xe2\x96\x81\xd0\xbd\xd0\xbe', b'\xe2\x96\x81\xd0\xba\xd0\xbe\xd1\x80', b'\xe2\x96\x81\xd0\xb4\xd0\xb7\xd0\xb8\xd0\xba', b'\xe2\x96\x81\xd0\xb2\xd0\xbe', b'\xe2\x96\x81\xd3\xa7\xd0\xbd\xd1\x96', b'\xe2\x96\x81\xd0\xb2\xd0\xb5\xd1\x80\xd0\xbc\xd1\x8b', b'\xe2\x96\x81\xd1\x81\xd1\x8d\xd1\x82\xd1\x88\xd3\xa7\xd0\xbc', b'\xe2\x96\x81\xd0\xba\xd0\xbe\xd0\xb4\xd1\x96', b'\xe2\x96\x81\xd3\xa7\xd1\x82\xd0\xb8', b'\xe2\x96\x81\xd0\x90', b'\xe2\x96\x81\xd0\xbf\xd1\x8b\xd1\x80', b'\xe2\x96\x81\xd0\xbc\xd0\xbe\xd0\xb7', b'\xe2\x96\x81\xd0\xb8\xd0\xb4\xd1\x80\xd0\xb0\xd0\xbb\xd3\xa7\xd0\xbc', b'\xe2\x96\x81\xd1\x83\xd0\xb4\xd0\xb6', b'\xe2\x96\x81\xd0\xb0', b'\xe2\x96\x81\xd0\xb2\xd3\xa7\xd1\x81\xd0\xbd\xd0\xb0', b'\xe2\x96\x81\xd0\xb1\xd1\x8b\xd0\xb4', b'\xe2\x96\x81\xd0\xba\xd0\xbe\xd0\xb4\xd1\x8c', b'\xe2\x96\x81\xd0\xbf\xd1\x83', b'\xe2\x96\x81\xd0\xba\xd1\x8b\xd0\xba', b'\xe2\x96\x81\xd1\x88\xd0\xbe\xd0\xbd\xd0\xb4\xd1\x96', b'\xe2\x96\x81A', b'\xe2\x96\x81\xd0\xb2\xd1\x8b\xd0\xbb\xd1\x8b\xd1\x81\xd1\x8c', b'\xe2\x96\x81\xd0\xba\xd0\xbe\xd0\xbb\xd3\xa7', b'\xe2\x96\x81\xd1\x91\xd0\xbd\xd0\xb0', b'\xe2\x96\x81\xd0\xba\xd3\xa7\xd0\xbd\xd1\x96', b'\xe2\x96\x81\xd0\xb9\xd1\x8b\xd0\xbb\xd1\x8b\xd1\x81\xd1\x8c', b'\xe2\x96\x81\xd0\xbf\xd1\x80\xd0\xb5\xd0\xb4\xd1\x81\xd0\xb5\xd0\xb4\xd0\xb0\xd1\x82\xd0\xb5\xd0\xbb\xd1\x8c\xd1\x8f\xd1\x81', b'\xe2\x96\x81\xd0\xbc\xd1\x83', b'\xe2\x96\x81\xd1\x81\xd1\x96\xd0\xb9\xd3\xa7\xd1\x81', b'\xe2\x96\x81\xd1\x8d\xd1\x81\xd1\x8c\xd0\xba\xd3\xa7', b'\xe2\x96\x81\xd0\xbe\xd0\xb3', b'\xe2\x96\x81\xd0\x9c\xd0\xb5', b'\xe2\x96\x81\xd0\xbc\xd0\xb5', b'\xe2\x96\x81\xd0\xbd\xd3\xa7\xd1\x88\xd1\x82\xd0\xb0', b'\xe2\x96\x81\xd0\xb0\xd1\x81', b'\xe2\x96\x81\xd0\xb8\xd1\x87\xd3\xa7\xd1\x82\xd0\xb8\xd0\xba', b'\xe2\x96\x81\xd1\x81\xd0\xb8\xd0\xbd', b'\xe2\x96\x81\xd0\xb1\xd3\xa7\xd1\x80\xd1\x8b\xd0\xbd', b'\xe2\x96\x81\xd0\xa1\xd1\x96\xd0\xb9\xd3\xa7', b'\xe2\x96\x81\xd0\xbc\xd0\xb5\xd0\xb4', b'\xe2\x96\x81\xd0\xb1\xd0\xb0\xd1\x80\xd0\xb0', b'\xe2\x96\x81\xd1\x8d\xd0\xb3', b'\xe2\x96\x81\xd1\x8e', b'\xe2\x96\x81\xd0\xb1\xd1\x8b\xd1\x82\xd1\x82\xd1\x8c\xd3\xa7', b'\xe2\x96\x81\xd0\x9a\xd1\x8b\xd0\xb4\xd0\xb7\xd0\xb8', b'\xe2\x96\x81\xd0\xbb\xd0\xbe\xd0\xb8', b'\xe2\x96\x81\xd1\x81\xd1\x8b\xd0\xbb\xd3\xa7\xd0\xbd', b'\xe2\x96\x81\xd0\xb2\xd3\xa7\xd0\xb2', b'\xe2\x96\x81\xd0\xb2\xd0\xb0\xd0\xb6', b'\xe2\x96\x81\xd1\x82\xd1\x8d', b'\xe2\x96\x81\xd1\x81\xd1\x8b\xd0\xbb\xd1\x8b', b'\xe2\x96\x81a', b'\xe2\x96\x81\xd0\xbc\xd1\x83\xd0\xba\xd3\xa7\xd0\xb4', b'\xe2\x96\x81\xd0\xb2\xd3\xa7\xd1\x80', b'\xe2\x96\x81\xd0\xb2\xd0\xbe\xd0\xb8\xd1\x81', b'\xe2\x96\x81\xd0\xbb\xd1\x83\xd0\xbd', b'\xe2\x96\x81\xd0\xb8\xd0\xb4\xd1\x80\xd0\xb0\xd0\xbb\xd3\xa7\xd0\xbc\xd1\x8b\xd0\xbd', b'\xe2\x96\x81\xd0\xbc\xd0\xb5\xd0\xb4\xd1\x81\xd1\x8f', b'\xe2\x96\x81\xd0\xba\xd0\xbe\xd0\xbb\xd1\x85\xd0\xbe\xd0\xb7\xd1\x8a\xd1\x8f\xd1\x81\xd1\x81\xd0\xb0', b'\xe2\x96\x81\xd1\x81\xd1\x96\xd0\xb4\xd0\xb7', b'\xe2\x96\x81\xd1\x91\xd1\x80\xd1\x82', b'\xe2\x96\x81\xd0\xba\xd0\xbe\xd0\xb4\xd1\x8a\xd1\x8f\xd1\x81', b'\xe2\x96\x81\xd0\xbc\xd0\xb5\xd0\xbd\xd3\xa7', b'\xe2\x96\x81\xd0\xb4\xd0\xbe\xd1\x80\xd3\xa7', b'\xe2\x96\x81\xd1\x81\xd1\x8d\xd1\x81\xd1\x81\xd1\x8f', b'\xe2\x96\x81\xd1\x81\xd1\x82\xd0\xb0\xd0\xb2\xd1\x8b\xd1\x81', b'\xe2\x96\x81\xd3\xa7\xd0\xb4\xd0\xb9\xd3\xa7', b'\xe2\x96\x81\xd0\xbd\xd3\xa7', b'\xe2\x96\x81\xd0\xba\xd0\xbe\xd0\xba', b'\xe2\x96\x81\xd0\xb2\xd0\xb0', b'\xe2\x96\x81\xd0\xba\xd0\xb5\xd1\x80\xd0\xba\xd0\xb0', b'\xe2\x96\x81\xd0\xb2\xd1\x8b\xd0\xbb\xd0\xb0\xd1\x81', b'\xe2\x96\x81\xd0\xba\xd1\x8b\xd0\xb4\xd0\xb7', b'\xe2\x96\x81\xd0\x9c\xd1\x8b\xd0\xb9', b'\xe2\x96\x81:', b'\xe2\x96\x81\xd0\xbc\xd1\x8b\xd0\xb9\xd0\xba\xd3\xa7', b'\xe2\x96\x81\xc2\xab', b'\xe2\x96\x81\xc2\xbb', b'\xe2\x96\x81\xd0\xbe\xd1\x80\xd0\xb4\xd3\xa7', b'\xe2\x96\x81\xd1\x81\xd0\xb0\xd0\xb9\xd1\x8b\xd0\xbd', b'\xe2\x96\x81\xd0\xbf\xd0\xbe\xd0\xb6\xd3\xa7\xd0\xbc', b'\xe2\x96\x81\xd0\x92\xd0\xb0\xd0\xbd\xd1\x8c\xd3\xa7', b'\xe2\x96\x81\xd0\x9a\xd1\x8b\xd0\xba', b'\xe2\x96\x81\xd0\xbc\xd1\x83\xd0\xbd\xd3\xa7', b'\xe2\x96\x81\xd0\xbd\xd0\xb5\xd0\xba\xd1\x83\xd1\x82\xd1\x88\xd3\xa7\xd0\xbc', b'\xe2\x96\x81\xd0\xbb\xd0\xb8\xd0\xb1\xd3\xa7', b'\xe2\x96\x81\xd1\x81\xd0\xb8\xd0\xba\xd1\x82\xd1\x81\xd0\xb0', b'\xe2\x96\x81\xe2\x80\x93', b'\xe2\x96\x81\xd0\xbd\xd0\xb5', b'\xe2\x96\x81\xd1\x88\xd0\xb5\xd0\xbf', b'\xe2\x96\x81\xd0\xb2\xd1\x8b\xd0\xbd', b'\xe2\x96\x81\xd0\xbd\xd0\xb5\xd1\x8b\xd0\xb4\xd0\xb6\xd1\x8b\xd0\xb4', b'\xe2\x96\x81\xd0\xba\xd1\x83\xd1\x82\xd1\x96\xd1\x81', b'\xe2\x96\x81\xd0\xba\xd1\x8b\xd0\xb4\xd0\xb7\xd0\xb8', b'\xe2\x96\x81\xd1\x8e\xd1\x80', b'\xe2\x96\x81\xd0\xb4\xd1\x80\xd1\x83\xd0\xb3', b'\xe2\x96\x81\xd0\xb2\xd0\xbe\xd0\xb4\xd0\xb7\xd3\xa7', b'\xe2\x96\x81\xd1\x87\xd0\xb5\xd1\x80\xd0\xb8', b'\xe2\x96\x81\xd0\xb2\xd0\xb5\xd1\x81\xd0\xb8\xd0\xb3', b'\xe2\x96\x81\xd0\xb1\xd1\x83\xd1\x80\xd0\xb0', b'\xe2\x96\x81\xd0\xbf\xd0\xb8\xd0\xbf\xd1\x83', b'\xe2\x96\x81\xd0\xba\xd1\x83\xd1\x82', b'\xe2\x96\x81\xd1\x82\xd1\x88\xd3\xa7\xd1\x82\xd1\x88', b'\xe2\x96\x81\xd0\xb2\xd1\x8b\xd0\xb2', b'\xe2\x96\x81\xd0\xa1\xd1\x8d\xd1\x81\xd1\x81\xd1\x8f', b'\xe2\x96\x81\xd0\xb0\xd0\xb1\xd1\x83', b'\xe2\x96\x81\xd0\xb4\xd1\x8b\xd1\x80\xd0\xb9\xd0\xb8', b'\xe2\x96\x81\xd0\x92\xd0\xbe\xd1\x80\xd0\xbe\xd1\x88\xd0\xb8\xd0\xbb\xd0\xbe\xd0\xb2', b'\xe2\x96\x81\xd1\x81\xd1\x8c\xd3\xa7\xd0\xba\xd1\x8b\xd0\xb4', b'\xe2\x96\x81\xd0\xb3\xd3\xa7\xd0\xb3\xd3\xa7\xd1\x80', b'\xe2\x96\x81\xd1\x82\xd0\xb0\xd1\x82\xd1\x88\xd3\xa7\xd0\xbc', b'\xe2\x96\x81\xd0\xbe\xd0\xbd', b'\xe2\x96\x81\xd0\xb4\xd1\x96\xd0\xbd\xd0\xb0\xd1\x81', b'\xe2\x96\x81\xd0\xb5\xd0\xb4\xd0\xb6\xd1\x8b\xd0\xb4', b'\xe2\x96\x81\xd1\x82\xd1\x83\xd1\x80\xd1\x83\xd0\xbd', b'\xe2\x96\x81\xd1\x82\xd0\xbe\xd0\xbc', b'\xe2\x96\x81\xd0\x9c\xd0\xb8', b'\xe2\x96\x81\xd1\x80\xd0\xb5\xd0\xb3\xd1\x8b\xd0\xb4', b'\xe2\x96\x81\xd0\x9b\xd0\xbe\xd0\xba\xd1\x82\xd0\xb0\xd1\x81', b'\xe2\x96\x81\xd0\xbb\xd1\x8b\xd0\xb4\xd1\x82\xd3\xa7\xd0\xbc', b'\xe2\x96\x81\xd0\xb2\xd0\xbe\xd3\xa7', b'\xe2\x96\x81\xd0\xbc\xd0\xb5\xd0\xb4\xd1\x8b\xd0\xbc', b'\xe2\x96\x81\xd0\xba\xd1\x83\xd0\xbb\xd1\x8c\xd1\x82\xd1\x83\xd1\x80\xd0\xb0\xd1\x8f\xd1\x81', b'\xe2\x96\x81\xd0\xb8\xd0\xb4\xd1\x80\xd0\xb0\xd0\xbb\xd3\xa7\xd0\xbc\xd0\xb0', b'\xe2\x96\x81\xd0\xbf\xd1\x80\xd3\xa7\xd1\x87\xd0\xb5\xd0\xbd\xd1\x82', b'\xe2\x96\x81\xd0\xbf\xd0\xbb\xd0\xb0\xd0\xbd', b'\xe2\x96\x81\xd0\xa3\xd1\x80\xd0\xbe\xd0\xb6\xd0\xb0\xd0\xb9', b'\xe2\x96\x81\xd0\xb1\xd3\xa7\xd1\x80\xd3\xa7', b'\xe2\x96\x81\xd0\xbc\xd0\xb0\xd1\x88\xd0\xb8\xd0\xbd\xd0\xb0\xd1\x8f\xd1\x81', b'\xe2\x96\x81\xd0\xbd\xd0\xb0\xd0\xb9\xd3\xa7\xd1\x81', b'\xe2\x96\x81\xd0\x91\xd1\x8b\xd0\xb4', b'\xe2\x96\x81\xd0\xbd\xd1\x8f\xd0\xbd\xd1\x8c', b'\xe2\x96\x81\xd1\x81\xd3\xa7\xd1\x81\xd1\x82\xd3\xa7\xd0\xbc', b'\xe2\x96\x81\xd0\xbc\xd0\xb8\xd1\x8f\xd0\xbd\xd0\xbb\xd1\x8b\xd1\x81\xd1\x8c', b'\xe2\x96\x81\xd0\xb2\xd0\xb5\xd0\xbb\xd0\xb8\xd0\xba\xd3\xa7\xd0\xb9', b'\xe2\x96\x81\xd0\xb6\xd0\xb0\xd0\xbb\xd0\xb8\xd1\x82', b'\xe2\x96\x81\xd0\xbe\xd0\xbb\xd3\xa7\xd0\xbc\xd3\xa7\xd1\x81', b'\xe2\x96\x81\xd0\x9a\xd1\x80\xd0\xb0\xd1\x81\xd0\xbd\xd3\xa7\xd0\xb9', b'\xe2\x96\x81\xd0\xbd\xd0\xb8\xd0\xbc', b'\xe2\x96\x81\xd0\xad\xd0\xb6\xd0\xb2\xd0\xb0', b'\xe2\x96\x81\xd0\xbc\xd0\xb8\xd1\x87\xd0\xb0', b'\xe2\x96\x81\xd0\xbd\xd0\xb8', b'\xe2\x96\x81\xd0\xba\xd3\xa7\xd1\x82\xd1\x8c', b'\xe2\x96\x81\xd0\xba\xd1\x83\xd1\x82\xd1\x88\xd3\xa7\xd0\xbc\xd0\xba\xd3\xa7', b'\xe2\x96\x81\xd0\xbc\xd3\xa7\xd0\xb4', b'\xe2\x96\x81\xd1\x8f\xd0\xb3', b'\xe2\x96\x81\xd0\xb4\xd0\xb7\xd0\xb8\xd0\xba\xd3\xa7\xd0\xb4\xd0\xb7', b'\xe2\x96\x81\xd0\xb2\xd0\xb5\xd1\x81\xd1\x8c\xd1\x88\xd3\xa7\xd1\x80\xd3\xa7', b'\xe2\x96\x81\xd0\xb2\xd0\xb5\xd1\x88\xd0\xb9\xd0\xb8\xd1\x81', b'\xe2\x96\x81\xd0\xbc\xd1\x83\xd0\xbd\xd0\xbd\xd1\x8b', b'\xe2\x96\x81\xd0\xb7\xd1\x8d\xd1\x80', b'\xe2\x96\x81\xd1\x81\xd1\x8d\xd1\x82\xd1\x88\xd3\xa7\xd0\xbc\xd0\xb0', b'\xe2\x96\x81\xd0\xbb\xd0\xbe\xd0\xb8\xd1\x81', b'\xe2\x96\x81\xd0\xbe\xd1\x80\xd1\x87\xd1\x87\xd3\xa7\xd0\xbd', b'\xe2\x96\x81\xd1\x83\xd0\xbb\xd1\x8b\xd0\xbd', b'\xe2\x96\x81\xd0\xb3\xd0\xb0\xd1\x88\xd0\xba\xd3\xa7', b'\xe2\x96\x81\xd0\xba\xd3\xa7\xd0\xbd\xd0\xba\xd3\xa7', b'\xe2\x96\x81\xd0\xbd\xd0\xb0\xd0\xb9\xd3\xa7', b'\xe2\x96\x81\xd1\x81\xd0\xbe', b'\xe2\x96\x81\xd1\x82\xd3\xa7\xd0\xb4', b'\xe2\x96\x81\xd0\xba\xd3\xa7\xd0\xbc', b'\xe2\x96\x81\xd1\x81\xd1\x8d\xd0\xba\xd0\xb8', b'\xe2\x96\x81\xd0\xb2\xd0\xb5\xd0\xba\xd0\xbd\xd1\x8c\xd1\x8b\xd0\xb4\xd0\xb8\xd0\xba', b'\xe2\x96\x81\xd1\x81\xd0\xb8\xd0\xba\xd1\x82', b'\xe2\x96\x81\xd0\x9a\xd0\xbb\xd0\xb8\xd0\xbc\xd0\xb5\xd0\xbd\xd1\x82', b'\xe2\x96\x81\xd0\xba\xd1\x83\xd0\xb7\xd1\x8f', b'\xe2\x96\x81\xd0\xb4\xd0\xb5\xd1\x80\xd1\x82', b'\xe2\x96\x81\xd1\x81\xd1\x82\xd0\xb0\xd0\xb2\xd1\x81\xd3\xa7', b'\xe2\x96\x81\xd0\xb0\xd1\x81\xd0\xbb\xd0\xb0\xd1\x81', b'\xe2\x96\x81\xd0\xba\xd0\xbd\xd0\xb8\xd0\xb3\xd0\xb0', b'\xe2\x96\x81\xd0\xbe\xd0\xbb\xd3\xa7\xd0\xbc\xd1\x8b\xd1\x81', b'\xe2\x96\x81\xd0\xbc\xd0\xb8', b'\xe2\x96\x81\xd0\xb1\xd0\xbe\xd0\xb5\xd0\xb2\xd3\xa7\xd0\xb9', b'\xe2\x96\x81\xd0\xba\xd1\x8b\xd1\x82\xd1\x87\xd3\xa7\xd0\xba\xd3\xa7', b'\xe2\x96\x81\xd1\x91\xd0\xbd', b'\xd3\xa7', b'\xe2\x96\x81\xd1\x81\xd1\x8d\xd0\xbd\xd1\x96', b'\xe2\x96\x81\xd0\xbf\xd1\x8b\xd1\x80\xd0\xb8\xd1\x81', b'\xe2\x96\x81\xd0\xa8\xd0\xbe\xd1\x84\xd0\xb5\xd1\x80\xd1\x8b\xd1\x81', b'\xe2\x96\x81\xd0\xbf\xd1\x8b\xd1\x82\xd1\x88\xd0\xba\xd0\xb0\xd1\x81', b'\xe2\x96\x81\xd0\xbf\xd0\xbe\xd0\xbd\xd0\xb4\xd1\x96\xd1\x81', b'\xe2\x96\x81\xd0\xbc\xd3\xa7\xd0\xb4\xd1\x96\xd1\x81', b'\xe2\x96\x81\xd1\x83\xd0\xbb\xd3\xa7', b'\xe2\x96\x81\xd3\xa7\xd1\x88\xd0\xb8\xd0\xbd\xd1\x8c', b'\xe2\x96\x81\xd0\xba\xd1\x83\xd0\xb7\xd1\x8c', b'\xe2\x96\x81\xd0\x90\xd1\x81\xd0\xba\xd0\xb8\xd0\xbd\xd0\xb0\xd1\x81', b'\xe2\x96\x81\xd1\x8d\xd1\x82\xd1\x88\xd0\xb0', b'\xe2\x96\x81\xd0\xba\xd0\xbe\xd0\xb7', b'\xe2\x96\x81\xd0\xb4\xd0\xbe\xd1\x80\xd1\x8b\xd0\xbd', b'\xe2\x96\x81\xd1\x81\xd1\x8c\xd3\xa7\xd0\xb4', b'\xe2\x96\x81\xd0\xbf\xd0\xbe\xd0\xb6\xd3\xa7\xd0\xbc\xd1\x8a\xd1\x8f\xd1\x81', b'\xe2\x96\x81\xd0\xbf\xd3\xa7\xd0\xb2', b'\xe2\x96\x81\xd0\x9c\xd0\xb5\xd0\xbd\xd0\xb0\xd0\xbc', b'\xe2\x96\x81\xd0\xb1\xd1\x83\xd1\x80\xd0\xb0\xd0\xba\xd3\xa7', b'\xe2\x96\x81\xd0\xb1\xd1\x83\xd1\x80', b'\xe2\x96\x81\xd1\x87\xd1\x83\xd0\xba\xd3\xa7\xd1\x80\xd3\xa7', b'\xe2\x96\x81\xd1\x8d\xd0\xbc', b'\xe2\x96\x81\xd1\x8e\xd1\x80\xd1\x81\xd3\xa7', b'\xe2\x96\x81\xd0\xb2\xd0\xb8\xd0\xb4\xd0\xb7\xd3\xa7\xd0\xb4\xd0\xbb\xd1\x96\xd1\x81', b'\xe2\x96\x81\xd0\xb1\xd3\xa7\xd1\x80', b'\xe2\x96\x81\xd0\xb7\xd0\xb0\xd1\x80\xd0\xbd\xd0\xb8', b'\xe2\x96\x81\xd0\x92\xd3\xa7\xd1\x80\xd1\x8a\xd1\x8e', b'\xe2\x96\x81\xd0\xbd\xd1\x83\xd0\xbd\xd1\x8b', b'\xe2\x96\x81\xd1\x81\xd0\xb8\xd1\x80', b'\xe2\x96\x81\xd0\xb4\xd1\x8b\xd1\x80', b'\xe2\x96\x81\xd0\xbf\xd0\xbe\xd0\xbd', b'\xe2\x96\x81\xd0\x9f\xd0\xb0\xd0\xb2\xd0\xb5\xd0\xbb', b'\xe2\x96\x81\xd0\xb2\xd1\x8b\xd0\xbb\xd1\x8c', b'\xe2\x96\x81\xd0\xbc\xd0\xbe\xd1\x80\xd1\x82', b'\xe2\x96\x81\xd1\x87\xd3\xa7\xd0\xb6', b'\xe2\x96\x81\xd0\x92\xd0\xb0\xd1\x80\xd1\x83\xd0\xba', b'\xe2\x96\x81\xd1\x82\xd0\xb0\xd0\xb2\xd0\xbe', b'\xe2\x96\x81\xd0\xb2\xd0\xb8\xd1\x81\xd1\x8c\xd1\x82\xd0\xb0\xd0\xbb\xd3\xa7\xd0\xbd\xd1\x8b', b'\xe2\x96\x81\xd1\x83\xd0\xbd\xd0\xb4\xd0\xb6\xd1\x8b\xd0\xba', b'\xe2\x96\x81\xd0\xb3\xd0\xb5\xd0\xba\xd1\x82\xd0\xb0\xd1\x80', b'\xe2\x96\x81\xd0\xbe\xd0\xb7\xd1\x8b\xd1\x80', b'\xe2\x96\x81\xd0\xba\xd0\xbe\xd0\xbb\xd1\x85\xd0\xbe\xd0\xb7\xd0\xbd\xd0\xb8\xd1\x86\xd0\xb0\xd1\x8f\xd1\x81', b'\xe2\x96\x81\xd1\x81\xd0\xb5\xd0\xbb\xd1\x8c\xd1\x81\xd0\xba\xd0\xbe\xd1\x85\xd0\xbe\xd0\xb7\xd1\x8f\xd0\xb9', b'\xd1\x81\xd1\x82\xd0\xb2\xd0\xb5\xd0\xbd\xd0\xbd\xd3\xa7\xd0\xb9', b'\xe2\x96\x81\xd0\xb2\xd1\x8b\xd1\x81\xd1\x82\xd0\xb0\xd0\xb2\xd0\xba\xd0\xb0', b'\xe2\x96\x81\xd0\xbd\xd1\x83\xd3\xa7\xd0\xb4\xd0\xbd\xd1\x8b', b'\xe2\x96\x81\xd0\xb2\xd0\xbe\xd1\x88\xd3\xa7\xd0\xbc\xd1\x8a\xd1\x8f\xd1\x81\xd1\x82\xd3\xa7\xd0\xb3', b'\xe2\x96\x81\xd0\xb8\xd0\xbd\xd0\xb4\xd1\x8b\xd0\xbd\xd1\x8b', b'\xe2\x96\x81\xd1\x80\xd0\xb0\xd0\xb9\xd0\xbe\xd0\xbd', b'\xe2\x96\x81\xd0\xbf\xd0\xb0\xd1\x81\xd1\x8c\xd1\x82\xd0\xb0', b'\xe2\x96\x81\xd0\xb8\xd1\x87\xd3\xa7\xd1\x82', b'\xe2\x96\x81\xd0\xb7\xd0\xb5\xd1\x80\xd0\xbd\xd0\xbe\xd0\xb2\xd3\xa7\xd0\xb9', b'\xe2\x96\x81\xd3\xa7\xd0\xbd\xd3\xa7\xd0\xb4\xd0\xb7', b'\xe2\x96\x81\xd1\x82\xd1\x8b\xd1\x88\xd3\xa7', b'\xe2\x96\x81\xd0\xb0\xd1\x81\xd0\xba\xd0\xb0\xd0\xb4\xd3\xa7', b'\xe2\x96\x81\xd0\xb2\xd0\xb8\xd1\x87\xd1\x87\xd1\x8b\xd1\x81\xd1\x8c', b'\xe2\x96\x81\xd0\xa1\xd1\x82\xd0\xb0\xd0\xbb\xd0\xb8\xd0\xbd', b'\xe2\x96\x81\xd0\xb4\xd0\xbe\xd0\xbb\xd0\xb6\xd0\xb5\xd0\xbd', b'\xe2\x96\x81\xd1\x82\xd1\x8b\xd1\x80', b'\xe2\x96\x81\xd0\xbd\xd0\xb0\xd0\xb3\xd1\x80\xd1\x83\xd0\xb7\xd0\xba\xd0\xb0\xd3\xa7\xd0\xbd', b'\xe2\x96\x81(', b'\xe2\x96\x81)', b'\xe2\x96\x81\xd0\xbd\xd0\xbe\xd0\xb2\xd0\xbb\xd3\xa7\xd0\xb4\xd0\xbb\xd3\xa7\xd0\xbd\xd1\x8b', b'\xe2\x96\x81\xd0\x9c\xd0\xb5\xd0\xb4\xd1\x8b\xd0\xbc', b'\xe2\x96\x81\xd1\x81\xd1\x83\xd0\xb2\xd1\x82\xd3\xa7\xd0\xb4\xd0\xbd\xd1\x8b', b'\xe2\x96\x81\xd0\xa1\xd1\x96\xd0\xb4\xd0\xb7', b'\xe2\x96\x81\xd0\xba\xd0\xbe\xd0\xbb\xd1\x8c\xd3\xa7\xd0\xbc', b'\xe2\x96\x81\xd0\xba\xd0\xbe\xd1\x82\xd1\x8b\xd1\x80\xd1\x82\xd0\xbd\xd1\x8b', b'\xe2\x96\x81\xd0\xa2\xd0\xb0\xd1\x82\xd1\x88\xd3\xa7\xd0\xbc', b'\xe2\x96\x81\xd0\xba\xd0\xbe\xd0\xbb\xd1\x85\xd0\xbe\xd0\xb7\xd0\xbd\xd0\xb8\xd0\xba', b'\xe2\x96\x81\xd0\xbd\xd0\xb8\xd3\xa7\xd1\x82\xd0\xb8', b'\xe2\x96\x81\xd1\x80\xd0\xb0\xd0\xb9\xd0\xbe\xd0\xbd\xd1\x8b\xd0\xbd', b'\xe2\x96\x81\xd1\x81\xd1\x8d\xd0\xba', b'\xe2\x96\x81\xd0\xbb\xd0\xbe\xd0\xb0\xd1\x81', b'\xe2\x96\x81\xd0\xb1\xd0\xbe\xd0\xbb\xd1\x8c\xd1\x88\xd0\xb5\xd0\xb2\xd0\xb8\xd1\x81\xd1\x82\xd1\x81\xd0\xba\xd3\xa7\xd0\xb9', b'.', b'\xd0\xb2', b'\xe2\x96\x81\xd0\xb2\xd0\xb8\xd1\x87\xd1\x87\xd1\x8b\xd1\x81\xd1\x8c\xd3\xa7', b'\xe2\x96\x81\xd0\x9a\xd0\xbe\xd0\xb2\xd0\xbc\xd0\xb0\xd1\x81', b'\xe2\x96\x81\xd0\xab\xd0\xb4\xd0\xb6\xd1\x8b\xd0\xb4', b'\xe2\x96\x81\xd1\x81\xd1\x82\xd1\x80\xd0\xb0\xd0\xbd\xd0\xb0\xd1\x81\xd0\xb0', b'\xe2\x96\x81\xd0\x90\xd1\x80\xd0\xbc\xd0\xb8\xd1\x8f', b'\xe2\x96\x81\xd1\x80\xd0\xb0\xd0\xb4\xd3\xa7', b'\xe2\x96\x81\xd3\xa7\xd0\xb4', b'\xe2\x96\x81\xd0\xb2\xd1\x80\xd0\xb0\xd0\xb3', b'\xe2\x96\x81\xd0\xb2\xd1\x83\xd0\xb4\xd0\xb6\xd0\xbd\xd1\x8b', b'\xe2\x96\x81\xd0\x92\xd1\x80\xd0\xb0\xd0\xb3', b'\xe2\x96\x81\xd0\x92\xd0\xbe\xd0\xb4\xd0\xb7', b'\xe2\x96\x81\xd0\xb0\xd1\x81\xd1\x8b\xd0\xbb\xd1\x8b\xd0\xbd', b'\xe2\x96\x81\xd1\x87\xd0\xb5\xd1\x80\xd0\xb8\xd1\x8b\xd1\x81', b'\xe2\x96\x81\xd1\x81\xd1\x91\xd0\xb9', b'\xe2\x96\x81\xd0\x9a\xd3\xa7\xd1\x82\xd1\x8c', b'\xe2\x96\x81\xd0\xbb\xd1\x83\xd0\xbd\xd1\x8b\xd1\x81', b'\xe2\x96\x81\xd0\xa8\xd0\xbe\xd0\xbd\xd0\xb4\xd1\x96\xd1\x8b\xd1\x81', b'\xe2\x96\x81\xd0\xb6\xd0\xb0\xd0\xbb\xd0\xb8\xd1\x82\xd1\x82\xd3\xa7\xd0\xb3', b'\xe2\x96\x81\xd0\x95\xd0\xbd\xd1\x8d\xd0\xb6\xd1\x8b\xd0\xbd', b'\xe2\x96\x81\xd1\x82\xd1\x8b\xd0\xb4\xd0\xb0\xd0\xb2', b'\xe2\x96\x81\xd1\x81\xd1\x8b\xd0\xbd\xd3\xa7\xd0\xb4\xd1\x8b\xd1\x81', b'\xe2\x96\x81\xd0\xba\xd1\x8b\xd1\x81\xd0\xba\xd0\xb8\xd1\x81', b'\xe2\x96\x81\xd0\x92\xd0\xb5\xd1\x81\xd0\xb8\xd0\xb3', b'\xe2\x96\x81\xd0\xbd\xd0\xb5\xd1\x83\xd0\xbd\xd0\xb0', b'\xe2\x96\x81\xd0\x9c\xd0\xb5\xd0\xb4', b'\xe2\x96\x81\xd1\x82\xd3\xa7\xd0\xb2\xd1\x80\xd1\x83', b'\xe2\x96\x81\xd0\xb4\xd1\x83\xd0\xbc\xd0\xb0\xd0\xb9\xd1\x82\xd0\xb0', b'\xe2\x96\x81\xd0\xba\xd0\xb5\xd0\xb6\xd1\x8b\xd1\x81\xd1\x8c', b'\xe2\x96\x81\xd0\x9b\xd1\x83\xd0\xbd', b'\xe2\x96\x81\xd0\xad\xd0\xb3', b'\xe2\x96\x81\xd0\xb2\xd0\xb5\xd1\x81\xd1\x8c\xd1\x82\xd1\x8b\xd0\xbd', b'\xe2\x96\x81\xd0\xb1\xd3\xa7\xd1\x80\xd1\x81\xd1\x8f', b'\xe2\x96\x81\xd1\x82\xd1\x8b\xd0\xb4\xd0\xbe\xd0\xb2\xd1\x82\xd1\x87\xd0\xb8\xd1\x81\xd0\xbd\xd1\x8b', b'\xe2\x96\x81\xd1\x82\xd1\x8b\xd0\xb4\xd0\xbe\xd0\xb2\xd1\x82\xd1\x87\xd0\xb8\xd1\x81', b'\xe2\x96\x81\xd0\xba\xd1\x8b\xd0\xbc\xd3\xa7\xd1\x80', b'\xe2\x96\x81\xd0\xbf\xd0\xbb\xd0\xb0\xd1\x81\xd1\x82', b'\xe2\x96\x81\xd0\xb2\xd0\xbe\xd0\xb4\xd0\xb7\xd1\x8b\xd0\xbd', b'\xe2\x96\x81\xd0\xbb\xd3\xa7\xd0\xbd\xd0\xb8\xd1\x81', b'\xe2\x96\x81\xd0\xb2\xd3\xa7\xd0\xbb\xd3\xa7\xd0\xbc\xd0\xba\xd3\xa7', b'\xe2\x96\x81\xd0\xb1\xd0\xbe\xd0\xba\xd3\xa7', b'\xe2\x96\x81\xd0\xb2\xd0\xb5\xd0\xba', b'\xe2\x96\x81\xd0\x9d\xd1\x8c\xd3\xa7\xd0\xb6\xd0\xb9\xd3\xa7\xd0\xbd\xd0\xb8\xd0\xba', b'\xe2\x96\x81\xd0\xbc\xd3\xa7\xd0\xb4\xd3\xa7\xd0\xb4\xd1\x87\xd0\xb8', b'\xe2\x96\x81\xd0\xb3\xd0\xbe\xd1\x80\xd1\x82\xd0\xbb\xd0\xb0\xd0\xbd\xd1\x8c', b'\xe2\x96\x81\xd0\xb0\xd1\x81\xd1\x8b\xd0\xb2', b'\xe2\x96\x81\xd0\xba\xd0\xb0\xd0\xb9\xd0\xbd\xd1\x8b', b'\xe2\x96\x81\xd0\xb2\xd0\xbe\xd1\x87\xd0\xb0\xd1\x81\xd3\xa7\xd0\xbd', b'\xe2\x96\x81\xd0\xb2\xd0\xb8\xd0\xb4\xd0\xb7\xd3\xa7\xd0\xb4\xd1\x96\xd0\xb3\xd0\xbc\xd0\xbe\xd0\xb7', b'\xe2\x96\x81\xd1\x81\xd1\x8c\xd3\xa7\xd0\xbb\xd3\xa7\xd0\xbc', b'\xe2\x96\x81\xd0\xb3\xd0\xbe\xd1\x80\xd1\x82\xd3\xa7\xd0\xb4\xd0\xb7', b'\xe2\x96\x81\xd3\xa6\xd0\xb4', b'\xe2\x96\x81\xd0\xbb\xd0\xbe\xd0\xba\xd1\x82\xd1\x96\xd1\x81', b'\xe2\x96\x81\xd3\xa7\xd0\xb4\xd0\xb9\xd3\xa7\xd0\xb4\xd0\xb6\xd1\x8b\xd0\xba', b'\xe2\x96\x81\xd0\xb4\xd0\xb7\xd0\xb5\xd0\xb1\xd1\x81\xd1\x8c\xd1\x8b\xd0\xbd\xd1\x8b', b'\xe2\x96\x81\xd0\x94\xd1\x80\xd1\x83\xd0\xb3', b'\xe2\x96\x81\xd1\x82\xd3\xa7\xd0\xb2', b'\xe2\x96\x81\xd0\x9c\xd0\xb5\xd0\xb4\xd0\xb1\xd3\xa7\xd1\x80\xd1\x8b\xd0\xbd', b'\xe2\x96\x81\xd1\x82\xd0\xbe\xd1\x80\xd1\x8a\xd1\x8f\xd1\x81', b'\xe2\x96\x81\xd1\x88\xd0\xb5\xd1\x80\xd1\x8b\xd1\x81', b'\xe2\x96\x81\xd0\xa2\xd1\x83\xd0\xb9\xd1\x8b\xd1\x81', b'\xe2\x96\x81\xd0\xb3\xd1\x8b\xd0\xbc\xd0\xb0\xd0\xbb\xd1\x96\xd1\x81', b'\xe2\x96\x81\xd0\xbd\xd0\xb8\xd0\xbd\xd3\xa7\xd0\xbc', b'\xe2\x96\x81\xd1\x8d\xd1\x80\xd0\xb4', b'\xe2\x96\x81\xd0\xbf\xd0\xbe\xd0\xb7\xd1\x8c', b'\xe2\x96\x81\xd0\xb2\xd0\xbe\xd1\x81\xd1\x8c\xd0\xbb\xd0\xb0\xd0\xb2\xd0\xbd\xd1\x8b', b'\xe2\x96\x81\xd0\xba\xd1\x8b\xd1\x80', b'\xe2\x96\x81\xd1\x82\xd1\x8b\xd1\x80\xd0\xbc\xd1\x8b', b'\xe2\x96\x81\xd0\xba\xd0\xb8\xd0\xbb\xd1\x8c\xd1\x87\xd3\xa7', b'\xe2\x96\x81\xd0\x9c\xd1\x8b\xd0\xb9\xd0\xbb\xd0\xb0', b'\xe2\x96\x81\xd1\x8d\xd0\xbd', b'\xe2\x96\x81\xd1\x88\xd1\x83\xd0\xb8\xd1\x81', b'\xe2\x96\x81\xd0\xbc\xd0\xb5\xd0\xbd\xd1\x8b\xd0\xbc', b'\xe2\x96\x81\xd0\x9e\xd0\xbd', b'\xe2\x96\x81\xd1\x82\xd1\x8d\xd1\x80\xd0\xbc\xd0\xb0\xd1\x81\xd1\x8c\xd3\xa7\xd0\xbc\xd3\xa7\xd0\xbd', b'\xe2\x96\x81\xd0\xba\xd0\xbe\xd1\x80\xd1\x8a\xd1\x8f\xd1\x81', b'\xe2\x96\x81\xd1\x82\xd1\x83\xd0\xb9\xd1\x8b\xd1\x81', b'\xe2\x96\x81\xd0\xa1\xd1\x82\xd0\xb0\xd0\xb2', b'\xe2\x96\x81\xd1\x87\xd0\xb5\xd0\xbb\xd1\x8f\xd0\xb4\xd1\x8c', b'\xe2\x96\x81\xd0\x95\xd1\x84\xd1\x80\xd0\xb5\xd0\xbc\xd0\xbe\xd0\xb2\xd0\xb8\xd1\x87', b'\xe2\x96\x81\xd1\x82\xd3\xa7\xd0\xb4\xd0\xbd\xd1\x8b', b'\xe2\x96\x81\xd0\xbe\xd0\xbb\xd1\x96\xd1\x81', b'\xe2\x96\x81\xd0\xba\xd0\xbe\xd0\xbc\xd0\xb0\xd0\xbd\xd0\xb4\xd0\xb8\xd1\x80\xd3\xa7\xd0\xbd', b'\xe2\x96\x81\xd0\xbf\xd0\xb0\xd0\xbd\xd1\x8b\xd0\xb4', b'\xe2\x96\x81\xd0\xbc\xd0\xbe\xd1\x80\xd3\xa7\xd1\x81', b'\xe2\x96\x81\xd0\xbf\xd0\xb5\xd1\x82\xd0\xb0\xd1\x81', b'\xe2\x96\x81\xd0\xba\xd1\x8b\xd0\xb7', b'\xe2\x96\x81\xd0\xbc\xd0\xbe\xd1\x80\xd1\x82\xd0\xbb\xd3\xa7\xd0\xbd', b'\xe2\x96\x81\xd1\x82\xd3\xa7\xd1\x80', b'\xe2\x96\x81\xd0\xba\xd0\xbe\xd1\x80\xd0\xba\xd3\xa7', b'\xe2\x96\x81\xd0\xb2\xd0\xbe\xd0\xb9', b'\xe2\x96\x81\xd0\xba\xd1\x8b\xd0\xbb\xd1\x96\xd1\x81', b'\xe2\x96\x81\xd0\xba\xd0\xb0\xd0\xb7\xd0\xb0\xd1\x86\xd0\xba\xd3\xa7\xd0\xb9', b'\xe2\x96\x81\xd0\xb2\xd1\x8b\xd0\xbb\xd1\x8c\xd1\x8b\xd1\x81\xd1\x8c', b'\xe2\x96\x81\xd1\x80\xd0\xb0\xd0\xb7\xd0\xb2\xd0\xb5\xd0\xb4\xd0\xba\xd0\xb0\xd3\xa7', b'\xe2\x96\x81\xd0\xb2\xd0\xbe\xd3\xa7\xd0\xb4\xd1\x87\xd1\x8b\xd0\xbd\xd1\x8b', b'\xe2\x96\x81\xd1\x8b\xd0\xbb\xd1\x96', b'\xe2\x96\x81\xd0\x91\xd1\x80\xd0\xbe\xd0\xbd\xd0\xb5\xd0\xb2\xd0\xb8\xd0\xba', b'\xe2\x96\x81\xd0\xb0\xd1\x87\xd1\x8b\xd1\x81', b'\xe2\x96\x81\xd0\xbc\xd1\x83\xd0\xbd\xd1\x96\xd1\x81', b'\xe2\x96\x81\xd0\xbf\xd0\xb0\xd1\x81\xd1\x8c\xd0\xba\xd1\x8b\xd0\xb4', b'\xe2\x96\x81\xd0\xba\xd1\x80\xd0\xb0\xd1\x81\xd0\xbd\xd3\xa7\xd0\xb9', b'\xe2\x96\x81\xd0\xb2\xd1\x80\xd0\xb0\xd0\xb3\xd1\x8a\xd1\x8f\xd1\x81', b'\xe2\x96\x81\xd1\x88\xd0\xbe\xd1\x84\xd0\xb5\xd1\x80\xd1\x8b\xd1\x81', b'\xe2\x96\x81\xd0\xbc\xd0\xb0\xd1\x88\xd0\xb8\xd0\xbd\xd0\xb0\xd1\x81\xd3\xa7', b'\xe2\x96\x81\xd1\x81\xd1\x8d\xd1\x82\xd1\x8b\xd1\x81\xd1\x8c', b'\xe2\x96\x81\xd0\xb9\xd3\xa7\xd0\xb7', b'\xe2\x96\x81\xd0\x9a\xd0\xb0\xd0\xb7\xd0\xb0\xd0\xba\xd1\x8a\xd1\x8f\xd1\x81', b'\xe2\x96\x81\xd0\xb3\xd0\xbe\xd1\x80\xd3\xa7\xd0\xb4\xd1\x96\xd1\x81', b'\xe2\x96\x81\xd0\xba\xd0\xbe\xd0\xbc\xd0\xb0\xd0\xbd\xd0\xb4\xd0\xb8\xd1\x80', b'\xe2\x96\x81\xd1\x88\xd1\x83\xd0\xbd\xd1\x8b', b'\xe2\x96\x81\xd0\xad\xd0\xb7', b'\xe2\x96\x81\xd0\xbf\xd0\xb5\xd1\x82\xd0\xbd\xd1\x8b', b'\xe2\x96\x81\xd0\xb2\xd0\xbe\xd1\x82', b'\xe2\x96\x81\xd0\xba\xd1\x8b\xd1\x81\xd1\x81\xd1\x8c\xd3\xa7\xd0\xbd\xd1\x8b', b'\xe2\x96\x81\xd0\xbf\xd0\xbe\xd0\xb7\xd1\x8c\xd3\xa7', b'\xe2\x96\x81\xd0\xbf\xd0\xbe\xd1\x81\xd0\xbd\xd1\x8c\xd1\x8b\xd0\xb4', b'\xe2\x96\x81\xd0\xbf\xd3\xa7\xd1\x81\xd1\x8c', b'\xe2\x96\x81\xd0\xbf\xd1\x8b\xd1\x80\xd1\x8b\xd1\x81', b'\xe2\x96\x81\xd0\xb7\xd0\xbe\xd0\xbd\xd0\xba\xd0\xb0', b'\xe2\x96\x81\xd1\x83\xd1\x81\xd0\xb8\xd1\x81', b'\xe2\x96\x81\xd0\xbd\xd0\xb5\xd0\xba\xd0\xbe\xd1\x80', b'\xe2\x96\x81\xd0\xb2\xd3\xa7\xd0\xb2\xd0\xbd\xd1\x8b', b'\xe2\x96\x81\xd0\xbf\xd0\xbe\xd0\xbd\xd0\xb4\xd0\xb0', b'\xe2\x96\x81\xd1\x82\xd0\xbe\xd1\x80\xd1\x8a\xd1\x8f\xd1\x81\xd3\xa7\xd0\xbd', b'\xe2\x96\x81\xd1\x81\xd1\x82\xd0\xb0\xd0\xb2\xd0\xbd\xd1\x8b\xd1\x81', b'\xe2\x96\x81\xd0\xbb\xd1\x91\xd0\xba', b'\xe2\x96\x81\xd0\xba\xd0\xbe\xd1\x81', b'\xe2\x96\x81\xd0\xba\xd0\xbe\xd1\x80\xd3\xa7\xd1\x81\xd1\x8c\xd3\xa7\xd0\xbd', b'\xe2\x96\x81\xd0\xbd\xd1\x8b\xd0\xb2', b'\xe2\x96\x81\xd1\x82\xd1\x88\xd0\xb0\xd0\xba', b'\xe2\x96\x81\xd0\xbf\xd1\x83\xd0\xba\xd0\xb0\xd0\xbb\xd3\xa7', b'\xe2\x96\x81\xd0\xbf\xd1\x8b\xd0\xb4\xd1\x8b\xd0\xbd', b'\xe2\x96\x81\xd0\xba\xd1\x83\xd0\xb8\xd0\xbc', b'\xe2\x96\x81\xd0\xbf\xd1\x8b\xd0\xb2\xd1\x81\xd1\x8f\xd0\xbd', b'\xe2\x96\x81\xd0\xbe\xd0\xba\xd0\xbe\xd1\x82\xd0\xb0', b'\xe2\x96\x81\xd0\xb1\xd0\xb8', b'\xe2\x96\x81\xd0\xb2\xd0\xbe\xd0\xba', b'\xe2\x96\x81\xd1\x8e\xd0\xb0\xd0\xbb\xd1\x96\xd1\x81', b'\xe2\x96\x81\xd0\xbf\xd1\x83\xd0\xba\xd1\x81\xd0\xb8', b'\xe2\x96\x81\xd0\xb1\xd0\xb5\xd1\x80\xd0\xb5\xd0\xb3', b'\xe2\x96\x81\xd1\x87\xd0\xb5\xd1\x81\xd1\x82\xd0\xbd\xd3\xa7\xd0\xb9', b'\xe2\x96\x81\xd1\x82\xd0\xb0\xd0\xbd\xd1\x96', b'\xe2\x96\x81\xd0\xb1\xd1\x8b\xd1\x80\xd0\xb8', b'\xe2\x96\x81\xd1\x82\xd3\xa7\xd0\xb2\xd1\x81\xd1\x8f', b'\xe2\x96\x81\xd0\xbf\xd1\x83\xd1\x8f\xd1\x81', b'\xe2\x96\x81\xd1\x81\xd1\x83\xd0\xbb\xd0\xb0\xd0\xbb\xd1\x96\xd1\x81\xd0\xbd\xd1\x8b', b'\xe2\x96\x81\xd1\x82\xd1\x8b\xd0\xb4\xd0\xb0\xd0\xbb\xd3\xa7', b'\xe2\x96\x81\xd1\x82\xd1\x8d\xd0\xba\xd3\xa7\xd0\xb4', b'\xe2\x96\x81\xd0\xb4\xd1\x80\xd1\x83\xd0\xb3\xd1\x8a\xd1\x8f\xd1\x81\xd3\xa7\xd0\xbd', b'\xe2\x96\x81\xd0\x9c\xd0\xb8\xd1\x82\xd1\x8f\xd1\x8f\xd1\x81\xd0\xbb\xd3\xa7\xd0\xbd', b'\xe2\x96\x81\xd0\xba\xd0\xb5\xd1\x80\xd0\xba\xd0\xb0\xd1\x8b\xd1\x81', b'\xe2\x96\x81\xd0\xb1\xd0\xbe\xd0\xba\xd1\x8b\xd0\xbd\xd0\xb4\xd0\xb6\xd1\x8b\xd0\xba', b'\xe2\x96\x81\xd0\xb3\xd1\x80\xd0\xb5\xd0\xb7\xd0\xb4\xd1\x81\xd0\xb0', b'\xe2\x96\x81\xd0\xba\xd0\xb5\xd1\x80\xd0\xba\xd0\xb0\xd1\x8f\xd1\x81\xd1\x8b\xd1\x81\xd1\x8c', b'\xe2\x96\x81\xd0\xb3\xd0\xb0\xd0\xb6\xd0\xb0', b'\xe2\x96\x81\xd0\xbc\xd0\xb5\xd1\x81\xd1\x82\xd0\xb0\xd1\x8b\xd0\xbd', b'\xd0\xbc\xd3\xa7\xd0\xb4\xd1\x8b\xd1\x81\xd1\x8c', b'\xe2\x96\x81\xd0\xbc\xd0\xb5\xd0\xb4\xd0\xb2\xd0\xbe\xd0\xb4\xd0\xb4\xd0\xb7\xd0\xb0', b'\xe2\x96\x81\xd0\xbf\xd0\xb5\xd1\x82\xd1\x96\xd1\x81', b'\xe2\x96\x81\xd0\xa1\xd1\x8b\xd0\xbb\xd3\xa7\xd0\xbd', b'\xe2\x96\x81\xd0\xbc\xd1\x8b\xd1\x80\xd1\x8a\xd1\x8f\xd1\x81', b'\xe2\x96\x81\xd0\xb2\xd0\xb0\xd0\xb0', b'\xe2\x96\x81\xd1\x81\xd1\x8c\xd3\xa7\xd0\xbc', b'\xe2\x96\x81\xd0\xa1\xd0\xb2\xd0\xb5\xd0\xb6\xd0\xbe\xd0\xb2', b'\xe2\x96\x81\xd1\x83\xd1\x81\xd0\xb8', b'\xe2\x96\x81\xd0\xbf\xd1\x8b\xd0\xb7\xd0\xb0\xd0\xbd', b'\xe2\x96\x81\xd1\x81\xd1\x83\xd0\xb4\xd1\x82\xd0\xb0', b'\xe2\x96\x81\xd0\xba\xd0\xbe\xd0\xb2', b'\xe2\x96\x81\xd0\xb2\xd0\xb5\xd0\xbb\xd3\xa7\xd0\xb4\xd0\xbd\xd1\x8b', b'\xe2\x96\x81\xd1\x87\xd0\xb5\xd1\x80\xd0\xb8\xd1\x82\xd3\xa7', b'\xe2\x96\x81\xd1\x87\xd0\xbe\xd1\x80\xd1\x8b\xd0\xb4', b'\xe2\x96\x81\xd0\xb2\xd0\xb5\xd0\xb2\xd1\x82\xd1\x82\xd0\xb8\xd1\x81', b'\xe2\x96\x81\xd0\x9c\xd0\xb8\xd0\xba\xd0\xb8\xd1\x82\xd0\xbb\xd3\xa7\xd0\xbd', b'\xe2\x96\x81\xd0\xb2\xd0\xb5\xd1\x80\xd0\xbc\xd0\xb0\xd1\x81', b'\xe2\x96\x81\xd0\xb2\xd0\xbe\xd1\x81\xd1\x8c\xd0\xba\xd0\xbe\xd0\xb2', b'\xe2\x96\x81\xd0\xb4\xd0\xb6\xd1\x83\xd0\xb4\xd0\xb6\xd1\x8b\xd0\xb4', b'\xe2\x96\x81\xd0\x9a\xd0\xbe\xd0\xbc\xd0\xb8', b'\xe2\x96\x81\xd1\x88\xd0\xbe\xd0\xb3\xd1\x8a\xd1\x8f\xd1\x81', b'\xe2\x96\x81\xd0\xba\xd0\xbe\xd0\xba\xd0\xbd\xd1\x8c\xd1\x8b\xd0\xb4\xd0\xb8\xd0\xba\xd0\xb0', b'\xe2\x96\x81\xd0\xbd\xd1\x8d\xd0\xbc', b'\xe2\x96\x81\xd0\xb2\xd0\xb8\xd0\xb4\xd0\xb7', b'\xe2\x96\x81\xd0\xba\xd0\xb8', b'\xe2\x96\x81\xd0\xb3\xd0\xb0\xd0\xbb\xd1\x8c\xd0\xba\xd0\xb8', b'\xe2\x96\x81\xd0\xbd\xd0\xb5\xd0\xba\xd0\xbe\xd0\xb4', b'\xe2\x96\x81\xd0\xba\xd1\x83\xd1\x82\xd1\x96\xd1\x81\xd0\xbd\xd1\x8b', b'\xe2\x96\x81\xd0\x92\xd3\xa7\xd1\x80', b'\xe2\x96\x81\xd0\xbf\xd1\x8b\xd1\x80\xd1\x8b\xd1\x81\xd1\x8c', b'\xe2\x96\x81\xd0\x9e\xd0\xb7', b'\xe2\x96\x81\xd1\x8b\xd0\xbb\xd3\xa7', b'\xe2\x96\x81\xd0\xbc\xd0\xb5\xd1\x81\xd1\x82\xd0\xb0', b'\xe2\x96\x81\xd1\x81\xd0\xb8\xd0\xba\xd0\xb0\xd1\x81', b'\xe2\x96\x81\xd0\xbb\xd1\x8b\xd0\xbc\xd0\xb9\xd3\xa7\xd0\xbd', b'\xe2\x96\x81\xd1\x81\xd0\xb8\xd0\xbd\xd0\xbc\xd1\x8b\xd0\xb4', b'\xe2\x96\x81\xd1\x81\xd0\xb5\xd1\x80\xd3\xa7\xd0\xb4\xd3\xa7\xd0\xbc\xd0\xb0', b'\xe2\x96\x81\xd0\xbf\xd1\x83\xd0\xb2', b'\xe2\x96\x81\xd0\xb1\xd1\x83\xd1\x80\xd0\xb5\xd1\x82\xd1\x88', b'\xe2\x96\x81\xd0\xb3\xd3\xa7\xd1\x80\xd0\xb4', b'\xe2\x96\x81\xd0\xba\xd1\x83\xd0\xbb\xd1\x8c\xd0\xbc\xd1\x8b\xd0\xbd\xd1\x8b', b'\xe2\x96\x81\xd0\xbe\xd0\xbb\xd3\xa7', b'\xe2\x96\x81\xd1\x82\xd1\x88\xd3\xa7\xd0\xba\xd1\x8b\xd0\xb4\xd0\xb0', b'\xe2\x96\x81\xd0\xbb\xd1\x8c\xd3\xa7\xd0\xbc', b'\xe2\x96\x81\xd0\xbb\xd1\x8b\xd1\x81', b'\xe2\x96\x81\xd1\x81\xd0\xbe\xd1\x80\xd0\xb0', b'\xe2\x96\x81\xd1\x8e\xd0\xb3\xd1\x8b\xd0\xb4', b'\xe2\x96\x81\xd0\x94\xd0\xb5\xd0\xbc\xd0\xb8\xd1\x82', b'\xe2\x96\x81\xd0\xb2\xd0\xbe\xd0\xbc\xd0\xb3\xd0\xbe\xd1\x80\xd1\x83\xd0\xbb\xd0\xb0\xd1\x81', b'\xe2\x96\x81\xd1\x88\xd1\x83\xd1\x8b\xd1\x88\xd1\x82\xd1\x96\xd1\x81', b'\xe2\x96\x81\xd1\x88\xd0\xba\xd0\xbe\xd0\xbb\xd0\xb0\xd3\xa7', b'\xe2\x96\x81\xd1\x82\xd0\xb0\xd1\x80', b'\xe2\x96\x81\xd0\xba\xd1\x8b\xd0\xbf\xd3\xa7\xd0\xb4\xd1\x87\xd0\xb8\xd1\x81', b'\xe2\x96\x81\xd0\x98\xd0\xb2\xd0\xb0\xd0\xbd', b'\xe2\x96\x81\xd0\xbc\xd0\xb5\xd0\xbb\xd1\x96', b'\xe2\x96\x81\xd1\x81\xd0\xb8\xd0\xbd\xd0\xbc\xd3\xa7\xd0\xbd', b'\xe2\x96\x81\xd1\x81\xd1\x83\xd0\xbb\xd0\xb0\xd0\xbb\xd3\xa7', b'\xe2\x96\x81\xd0\xb2\xd0\xb8\xd0\xb4\xd0\xb7\xd3\xa7\xd0\xb4\xd3\xa7', b'\xe2\x96\x81\xd0\xbc\xd0\xb0\xd1\x82\xd3\xa7', b'\xe2\x96\x81\xd0\xbd\xd0\xb5\xd0\xba\xd1\x8b\xd0\xb4\xd0\xb7', b'\xe2\x96\x81\xd1\x82\xd3\xa7\xd0\xb4\xd1\x87\xd0\xb8\xd1\x81', b'\xe2\x96\x81\xd0\x93\xd1\x80\xd0\xb8\xd1\x88', b'\xe2\x96\x81\xd0\x9c\xd0\xb8\xd1\x8f\xd0\xbd', b'\xe2\x96\x81\xd0\xb2\xd3\xa7\xd1\x80\xd1\x81\xd0\xb0', b'\xe2\x96\x81\xd0\x9f\xd0\xb5\xd0\xb4\xd1\x8c\xd3\xa7', b'\xe2\x96\x81\xd3\xa7\xd1\x82\xd0\xba\xd0\xb0', b'\xe2\x96\x81\xd0\xb2\xd3\xa7\xd1\x80\xd1\x8b\xd0\xbd', b'\xe2\x96\x81\xd0\xb4\xd0\xb0\xd0\xb9', b'\xe2\x96\x81\xd1\x88\xd0\xbe\xd0\xbd\xd1\x8b\xd0\xb4', b'\xe2\x96\x81\xd0\xbd\xd0\xb5\xd0\xb1\xd1\x8b\xd0\xb4', b'\xe2\x96\x81\xd0\xba\xd0\xb0\xd1\x80\xd3\xa7', b'\xe2\x96\x81\xd1\x83\xd0\xb2', b'\xe2\x96\x81\xd0\xb1\xd1\x8b\xd0\xb4\xd0\xbb\xd0\xb0\xd1\x8b\xd0\xbd', b'\xe2\x96\x81\xd3\xa6\xd1\x82\xd0\xb8', b'\xe2\x96\x81\xd0\xba\xd1\x8b\xd0\xbc\xd1\x8b\xd0\xbd', b'\xe2\x96\x81\xd1\x82\xd0\xbe', b'\xe2\x96\x81\xd0\xb3\xd0\xbe\xd1\x80\xd0\xb0\xd0\xb0', b'\xe2\x96\x81\xd0\xbf\xd0\xbe\xd0\xbd\xd1\x8a\xd1\x8f\xd1\x81', b'\xe2\x96\x81\xd1\x82\xd1\x83\xd1\x80\xd1\x83\xd0\xbd\xd1\x81\xd3\xa7', b'\xe2\x96\x81\xd0\xbf\xd0\xb0\xd1\x81\xd1\x8c\xd1\x82\xd0\xb0\xd0\xbb\xd0\xb0\xd1\x8b\xd1\x81', b'\xe2\x96\x81\xd0\xbd\xd1\x8d\xd0\xbc\xd1\x8b\xd1\x81', b'\xe2\x96\x81\xd1\x8f\xd0\xb3\xd1\x8b\xd1\x81\xd0\xbb\xd1\x8b\xd1\x81\xd1\x8c', b'\xe2\x96\x81\xd1\x82\xd1\x96', b'\xe2\x96\x81\xd0\xba\xd0\xbe\xd0\xb4\xd0\xba\xd3\xa7', b'\xe2\x96\x81\xd1\x80\xd1\x8b\xd1\x82\xd3\xa7', b'\xe2\x96\x81\xd0\xb2\xd0\xbe\xd1\x8f\xd1\x81', b'\xe2\x96\x81\xd0\xba\xd3\xa7\xd0\xb4\xd0\xb7\xd1\x8b\xd0\xb4\xd1\x8a\xd1\x8f\xd1\x81', b'\xe2\x96\x81\xd1\x81\xd1\x83\xd0\xbb\xd0\xb0\xd0\xbb\xd1\x8b\xd1\x81\xd1\x8c', b'\xe2\x96\x81\xd0\xb1\xd3\xa7\xd1\x80\xd1\x8a\xd1\x8f', b'\xe2\x96\x81\xd1\x81\xd0\xb5\xd1\x80\xd0\xb0\xd1\x8f\xd1\x81', b'\xe2\x96\x81\xd1\x82\xd0\xb0\xd0\xb9', b'\xe2\x96\x81\xd0\xa5\xd0\xbe\xd1\x85\xd0\xbe\xd0\xbb', b'\xe2\x96\x81\xd0\xa1\xd0\xb0\xd1\x88', b'\xe2\x96\x81\xd0\xbc\xd0\xbe\xd1\x80\xd0\xb5\xd1\x8b\xd1\x81', b'\xe2\x96\x81\xd3\xa6\xd1\x82\xd0\xb8\xd1\x8f\xd1\x81', b'\xe2\x96\x81\xd0\xbc\xd3\xa7\xd0\xb4\xd1\x8a\xd1\x8f\xd1\x81', b'\xe2\x96\x81\xd0\xb2\xd0\xb5\xd1\x82\xd1\x8b\xd0\xbc\xd1\x8b\xd0\xbd\xd1\x8a\xd1\x8f\xd1\x81', b'\xe2\x96\x81\xd0\xbd\xd1\x83\xd3\xa7\xd0\xbc\xd0\xb0\xd3\xa7\xd1\x81\xd1\x8c', b'\xe2\x96\x81\xd0\x9a\xd0\xbe\xd0\xb4\xd1\x8a\xd1\x8f\xd1\x81', b'\xe2\x96\x81\xd0\x9b\xd0\xb0\xd1\x81\xd0\xb5\xd0\xb9', b'\xe2\x96\x81\xd0\xb2\xd0\xb5\xd1\x80\xd0\xbc\xd1\x8b\xd1\x82\xd3\xa7\xd0\xbc', b'\xe2\x96\x81\xd0\xb2\xd0\xbe\xd0\xb4\xd0\xb7\xd1\x82\xd1\x96\xd1\x8f\xd1\x81\xd1\x82\xd3\xa7', b'\xe2\x96\x81\xd0\x91\xd1\x83\xd1\x80', b'\xe2\x96\x81\xd1\x80\xd0\xb0\xd0\xb9\xd0\xbe\xd0\xbd\xd1\x83\xd0\xb2\xd1\x81\xd0\xb0', b'\xe2\x96\x81\xd0\xba\xd0\xbe\xd0\xbb\xd1\x85\xd0\xbe\xd0\xb7\xd1\x8a\xd1\x8f\xd1\x81\xd1\x8b\xd0\xbd', b'\xe2\x96\x81\xd0\x9a\xd0\xbe\xd0\xbb\xd1\x85\xd0\xbe\xd0\xb7\xd1\x8a\xd1\x8f\xd1\x81\xd1\x81\xd1\x8f\xd0\xbd\xd1\x8c', b'\xe2\x96\x81\xd0\xb2\xd0\xbe\xd0\xb0\xd0\xbd', b'\xe2\x96\x81\xd1\x8e\xd3\xa7\xd1\x80\xd1\x8a\xd1\x8f\xd1\x81', b'\xe2\x96\x81\xd0\xba\xd0\xbe\xd0\xbb\xd1\x8f\xd0\xbd', b'\xe2\x96\x81\xd1\x81\xd0\xb5\xd1\x80\xd1\x82\xd0\xb8', b'\xe2\x96\x81\xd1\x88\xd3\xa7\xd1\x80\xd0\xba\xd0\xbe\xd0\xb4\xd1\x8f', b'\xe2\x96\x8116', b'\xe2\x96\x8118', b'\xe2\x96\x81\xd1\x86\xd0\xb5\xd0\xbd\xd1\x82\xd0\xbd\xd0\xb5\xd1\x80\xd3\xa7\xd0\xbd', b'\xe2\x96\x81\xd0\x9a\xd0\xbe\xd0\xbb\xd1\x85\xd0\xbe\xd0\xb7\xd1\x8a\xd1\x8f\xd1\x81\xd1\x8b\xd0\xbd', b'\xe2\x96\x81\xd0\xb2\xd0\xbe\xd3\xa7\xd0\xbc', b'\xe2\x96\x81\xd1\x83\xd1\x80\xd0\xbe\xd0\xb6\xd0\xb0\xd0\xb9\xd1\x81\xd3\xa7', b'\xe2\x96\x81\xd0\x9a\xd0\xbe\xd0\xbb\xd1\x85\xd0\xbe\xd0\xb7\xd0\xbd\xd0\xb8\xd0\xba\xd1\x8a\xd1\x8f\xd1\x81', b'\xe2\x96\x81\xd0\xa1\xd1\x82\xd0\xb0\xd0\xb2\xd1\x81\xd0\xbe\xd1\x8e\xd0\xb7\xd1\x81\xd0\xb0', b'\xe2\x96\x81\xd0\xb2\xd0\xb8\xd0\xb4\xd0\xb7\xd0\xbc\xd1\x83', b'\xe2\x96\x81\xd0\xbe\xd0\xb2\xd0\xbc\xd3\xa7\xd1\x81\xd0\xbb\xd1\x8b\xd1\x81\xd1\x8c', b'\xe2\x96\x81\xd0\xbf\xd0\xb5\xd1\x82\xd0\xba\xd3\xa7\xd0\xb4\xd0\xbb\xd0\xb0\xd0\xbd', b'\xe2\x96\x81\xd1\x83\xd1\x81\xd0\xbf\xd0\xb5\xd1\x85\xd1\x8a\xd1\x8f\xd1\x81\xd3\xa7\xd0\xbd', b'\xe2\x96\x81\xd0\xb2\xd0\xbe\xd0\xbe\xd0\xb4\xd1\x83\xd1\x88\xd0\xb5\xd0\xb4\xd0\xb8\xd1\x82\xd1\x87\xd3\xa7\xd0\xbc\xd3\xa7\xd0\xbd', b'\xe2\x96\x81\xd1\x83\xd1\x81\xd0\xbf\xd0\xb5\xd1\x88\xd0\xbd\xd3\xa7\xd1\x8f', b'\xe2\x96\x81\xd0\xbd\xd1\x83\xd3\xa7\xd0\xb4\xd3\xa7\xd0\xbd\xd1\x8b', b'\xe2\x96\x81\xd1\x81\xd1\x82\xd0\xb0\xd0\xbb\xd0\xb8\xd0\xbd\xd1\x81\xd0\xba\xd3\xa7\xd0\xb9', b'\xe2\x96\x81\xd0\xa2\xd0\xbe\xd1\x80\xd1\x8a\xd1\x8f', b'\xe2\x96\x81\xd0\xba\xd0\xbe\xd0\xbb\xd1\x85\xd0\xbe\xd0\xb7\xd0\xbd\xd0\xb8\xd0\xba\xd1\x8a\xd1\x8f\xd1\x81', b'\xe2\x96\x81\xd0\xb0\xd1\x81\xd1\x81\xd1\x8c\xd1\x8b\xd0\xbd\xd1\x8b\xd1\x81', b'\xe2\x96\x81\xd0\xb2\xd1\x8b\xd0\xbd\xd1\x81\xd3\xa7', b'\xe2\x96\x81\xd0\xbf\xd1\x83\xd0\xba\xd1\x82\xd3\xa7\xd0\xbd\xd1\x8b', b'\xe2\x96\x81\xd0\xb4\xd0\xb6\xd0\xb5\xd0\xbd\xd1\x8c\xd1\x8b\xd0\xb4', b'\xe2\x96\x81\xd1\x81\xd1\x80\xd0\xbe\xd0\xba\xd1\x8a\xd1\x8f\xd1\x81\xd3\xa7\xd0\xbd', b'\xe2\x96\x81\xd0\xbf\xd0\xb5\xd1\x82\xd0\xba\xd3\xa7\xd0\xb4\xd0\xbb\xd1\x8b\xd0\xbd\xd1\x8b', b'\xe2\x96\x81\xd0\xbf\xd1\x80\xd0\xbe\xd0\xb8\xd0\xb7\xd0\xb2\xd0\xbe\xd0\xb4', b'\xd0\xb8\xd1\x82\xd0\xb5\xd0\xbb\xd1\x8c\xd0\xbd\xd0\xbe\xd1\x81\xd1\x82\xd1\x8f', b'\xe2\x96\x81\xd3\xa7\xd0\xb4\xd1\x8a\xd1\x8f\xd1\x81\xd3\xa7\xd0\xbd', b'\xe2\x96\x81\xd0\xa1\xd0\xb5\xd0\xbd\xd1\x82\xd1\x8f\xd0\xb1\xd1\x80\xd1\x8c', b'\xe2\x96\x815', b'\xe2\x96\x81\xd0\xba\xd0\xb5\xd0\xb6\xd0\xbb\xd3\xa7', b'\xe2\x96\x81859', b'\xe2\x96\x8129', b'\xe2\x96\x81\xd0\xa2\xd0\xb5\xd1\x85\xd0\xbd\xd0\xb8\xd1\x87\xd0\xb5\xd1\x81\xd0\xba\xd3\xa7\xd0\xb9', b'\xe2\x96\x813', b'\xe2\x96\x81\xd0\xba\xd0\xbe\xd0\xbb\xd1\x8c\xd1\x87\xd1\x87\xd3\xa7\xd0\xbd\xd1\x8b', b'\xe2\x96\x81\xd0\xa7\xd0\xb5\xd1\x80\xd0\xbd\xd1\x8b\xd0\xb1', b'\xe2\x96\x81\xd0\xa7\xd1\x83\xd0\xbf\xd1\x80\xd0\xbe\xd0\xb2\xd0\xbe', b'\xe2\x96\x81\xd1\x81\xd0\xb5\xd0\xbb\xd1\x8c\xd1\x81\xd3\xa7\xd0\xb2\xd0\xb5\xd1\x82\xd1\x8a\xd1\x8f\xd1\x81\xd1\x81\xd0\xb0', b'\xe2\x96\x81\xd0\xba\xd0\xbe\xd0\xbb\xd1\x85\xd0\xbe\xd0\xb7\xd1\x8a\xd1\x8f\xd1\x81', b'\xe2\x96\x8112-20', b'\xe2\x96\x81\xd0\xbb\xd1\x8b\xd0\xb4\xd0\xbf\xd0\xb0\xd1\x81\xd1\x8a\xd1\x8f\xd1\x81\xd1\x8b\xd1\x81', b'\xe2\x96\x81\xd0\xbe\xd0\xb1\xd1\x89\xd0\xb5\xd1\x81\xd1\x82\xd0\xb2\xd0\xb5\xd0\xbd\xd0\xbd\xd0\xbe\xd1\x81\xd1\x82\xd1\x8c', b'\xe2\x96\x81\xd0\xba\xd0\xbe\xd0\xbb\xd1\x85\xd0\xbe\xd0\xb7\xd0\xbd\xd0\xb8\xd0\xba\xd1\x8a\xd1\x8f\xd1\x81\xd3\xa7\xd1\x81', b'\xe2\x96\x81\xd0\xbc\xd0\xbe\xd0\xb1\xd0\xb8\xd0\xbb\xd0\xb8\xd0\xb7\xd1\x83\xd0\xb9\xd1\x82\xd0\xbd\xd1\x8b', b'\xe2\x96\x81\xd0\xb1\xd0\xbe\xd1\x81\xd1\x8c\xd1\x82\xd3\xa7\xd0\xbc', b'\xe2\x96\x81\xd1\x81\xd0\xb5\xd0\xb7\xd0\xbe\xd0\xbd\xd0\xbd\xd3\xa7\xd0\xb9', b'\xe2\x96\x81\xd0\xbd\xd1\x8e\xd0\xb6\xd0\xbc\xd0\xb0\xd1\x81\xd1\x8c\xd3\xa7\xd0\xbc', b'\xe2\x96\x81\xd0\x98\xd0\xb4\xd1\x80\xd0\xb0\xd0\xbb\xd1\x96\xd0\xbd', b'\xe2\x96\x81\xd0\xb2\xd1\x8b\xd0\xb8\xd0\xb3\xd1\x80\xd0\xb0\xd0\xb9\xd1\x82\xd1\x96\xd0\xbd', b'\xe2\x96\x81\xd1\x81\xd1\x91\xd1\x80\xd0\xbc\xd3\xa7\xd0\xb4\xd1\x87\xd0\xb8\xd0\xbd', b'\xe2\x96\x81\xd0\xbf\xd1\x80\xd0\xbe\xd0\xb8\xd0\xb3\xd1\x80\xd0\xb0\xd0\xb9\xd1\x82\xd1\x96\xd0\xbd', b'\xe2\x96\x81\xd0\xba\xd1\x8b\xd0\xb2\xd1\x8a\xd1\x8f\xd1\x81\xd1\x8b\xd1\x81', b'\xe2\x96\x81\xd0\xba\xd0\xbe\xd0\xb4\xd3\xa7\xd1\x81', b'\xe2\x96\x81\xd0\xb2\xd0\xb8\xd1\x81\xd1\x8c\xd1\x82\xd0\xb0\xd0\xb2\xd0\xbb\xd1\x96\xd1\x81', b'\xe2\x96\x81\xd0\xb2\xd1\x83\xd0\xbd\xd3\xa7\xd0\xb4\xd3\xa7\xd0\xbc\xd0\xb0', b'\xe2\x96\x81\xd0\xbd\xd0\xb5\xd0\xba\xd0\xbe\xd0\xb4\xd3\xa7\xd0\xbd', b'\xe2\x96\x81\xd0\xbf\xd3\xa7\xd1\x80\xd1\x82\xd3\xa7\xd0\xbc\xd0\xb0', b'\xe2\x96\x81\xd0\xbe\xd0\xbb\xd3\xa7\xd0\xbc\xd3\xa7', b'\xe2\x96\x81\xd0\xba\xd0\xbe\xd0\xbb\xd1\x8c\xd1\x87\xd1\x87\xd3\xa7\xd0\xbc\xd0\xbb\xd3\xa7\xd0\xbd', b'\xe2\x96\x81\xd0\xbf\xd0\xbe\xd0\xbc\xd0\xba\xd0\xb0\xd1\x8b\xd1\x81', b'\xe2\x96\x81\xd1\x81\xd1\x8b\xd1\x8b\xd0\xbd', b'\xe2\x96\x81\xd1\x83\xd0\xb4\xd0\xb6\xd3\xa7\xd0\xb4\xd0\xbd\xd1\x8b', b'\xe2\x96\x81\xd1\x83\xd0\xb1\xd0\xbe\xd1\x80\xd0\xbe\xd1\x87\xd0\xbd\xd3\xa7\xd0\xb9', b'\xe2\x96\x81\xd3\xa7\xd1\x82\xd0\xba\xd1\x8b\xd0\xbc\xd1\x8b\xd0\xbd', b'\xe2\x96\x81\xd1\x83\xd0\xbc\xd1\x8b\xd1\x88\xd0\xbb\xd0\xb5\xd0\xbd\xd0\xbd\xd3\xa7\xd1\x8f', b'\xe2\x96\x81\xd1\x81\xd1\x83\xd0\xbb\xd3\xa7\xd0\xb4\xd3\xa7\xd0\xbd\xd1\x8b', b'\xe2\x96\x81\xd0\xbc\xd0\xb0\xd1\x88\xd0\xb8\xd0\xbd\xd0\xb0\xd1\x8f\xd1\x81\xd1\x81\xd3\xa7', b'\xe2\x96\x814', b'\xe2\x96\x81\xd1\x87\xd3\xa7\xd0\xb6\xd3\xa7\xd0\xbd', b'\xe2\x96\x81\xd1\x83\xd0\xb4\xd0\xb6\xd1\x82\xd3\xa7\xd0\xb3', b'\xe2\x96\x81\xd0\x92\xd1\x8b\xd0\xbb\xd1\x8c', b'\xe2\x96\x81\xd0\xbe\xd0\xbb\xd3\xa7\xd0\xbc', b'\xe2\x96\x81\xd0\xba\xd0\xbe\xd0\xbb\xd1\x85\xd0\xbe\xd0\xb7', b'\xe2\x96\x81\xd0\xbf\xd1\x80\xd0\xb5\xd0\xb4\xd1\x81\xd0\xb5\xd0\xb4\xd0\xb0\xd1\x82\xd0\xb5\xd0\xbb\xd1\x8c\xd1\x8b\xd1\x81', b'\xe2\x96\x81\xd0\x9a\xd0\xb0\xd0\xbb\xd0\xb8\xd0\xbd\xd0\xb8\xd0\xbd', b'\xe2\x96\x81\xd0\xa1\xd0\xb5\xd0\xbb\xd1\x8c\xd1\x81\xd3\xa7\xd0\xb2\xd0\xb5\xd1\x82\xd1\x8a\xd1\x8f\xd1\x81\xd1\x81\xd0\xb0', b'\xe2\x96\x81\xd0\xbf\xd0\xb0\xd1\x80\xd1\x82\xd0\xbe\xd1\x80\xd0\xb3\xd1\x8a\xd1\x8f\xd1\x81', b'\xe2\x96\x81\xd1\x80\xd0\xb5\xd1\x88\xd0\xb8\xd1\x82\xd0\xb5\xd0\xbb\xd1\x8c\xd0\xbd\xd3\xa7\xd0\xb9', b'\xe2\x96\x81\xd1\x82\xd1\x8b\xd1\x88', b'\xd0\xba\xd3\xa7\xd0\xb4', b'\xe2\x96\x81\xd0\xbd\xd0\xb5\xd0\xb4\xd0\xbe\xd0\xbe\xd1\x86\xd0\xb5\xd0\xbd\xd0\xb8', b'\xd0\xb2\xd0\xb0\xd0\xb9\xd1\x82\xd3\xa7\xd0\xbd\xd1\x8b', b'\xe2\x96\x81\xd0\xbc\xd0\xb0\xd1\x88\xd0\xb8\xd0\xbd\xd0\xbd\xd3\xa7\xd0\xb9', b'\xe2\x96\x81\xd0\xb0\xd0\xbd\xd1\x82\xd0\xb8\xd0\xbc\xd0\xb5\xd1\x85', b'\xd0\xb0\xd0\xbd\xd0\xb8\xd0\xb7\xd0\xb0\xd1\x82\xd0\xbe\xd1\x80\xd1\x81\xd0\xba\xd3\xa7\xd0\xb9', b'\xe2\x96\x81\xd0\xbd\xd0\xb0\xd1\x81\xd1\x82\xd1\x80\xd0\xbe\xd0\xb5\xd0\xbd\xd0\xb8\xd0\xb5', b'\xe2\x96\x81\xd1\x81\xd0\xbe\xd0\xb4\xd1\x82\xd1\x8b\xd0\xbd\xd1\x8b', b'\xe2\x96\x81\xd3\xa7\xd0\xb4\xd1\x8a\xd1\x8f\xd1\x81', b'\xe2\x96\x81\xd0\xb2\xd1\x83\xd0\xbd\xd0\xb4\xd0\xb0\xd0\xbd', b'\xe2\x96\x81\xd0\xbf\xd1\x80\xd0\xb8\xd1\x81\xd0\xbf\xd0\xbe\xd1\x81\xd0\xbe\xd0\xb1\xd0\xb8\xd1\x82\xd0\xbd\xd1\x8b', b'\xe2\x96\x81\xd0\xbb\xd0\xbe\xd0\xb1\xd0\xbe\xd0\xb3\xd1\x80\xd0\xb5\xd0\xb9\xd0\xba\xd0\xb0\xd3\xa7', b'\xe2\x96\x81\xd1\x8b\xd1\x82\xd1\x88\xd0\xba\xd0\xb0\xd0\xbd', b'\xe2\x96\x81\xd0\xb8\xd1\x81\xd0\xbf\xd0\xbe\xd0\xbb\xd1\x8c\xd0\xb7\xd1\x83\xd0\xb9\xd1\x82\xd0\xbd\xd1\x8b', b'\xe2\x96\x81\xd1\x81\xd0\xb5\xd1\x82\xd0\xbd\xd1\x8b', b'\xe2\x96\x81\xd1\x82\xd3\xa7\xd0\xb4\xd1\x87\xd0\xb0\xd0\xbd\xd0\xbb\xd1\x83\xd0\xbd', b'\xe2\x96\x81\xd0\xb2\xd0\xbe\xd1\x88\xd3\xa7\xd0\xbc\xd1\x8a\xd1\x8f\xd1\x81\xd0\xba\xd3\xa7\xd0\xb4', b'\xe2\x96\x81\xd1\x82\xd1\x8b\xd1\x88\xd0\xba\xd0\xb0\xd1\x81\xd1\x8c\xd3\xa7\xd0\xbc', b'\xe2\x96\x81\xd0\x92\xd1\x83\xd0\xbd\xd0\xb4\xd1\x96\xd0\xb3\xd3\xa7\xd0\xbd', b'\xe2\x96\x81\xd1\x82\xd1\x8d\xd1\x87\xd0\xb8\xd0\xb3\xd3\xa7\xd0\xbd', b'\xe2\x96\x81\xd1\x83\xd1\x81\xd1\x8c\xd3\xa7', b'\xe2\x96\x81\xd0\x9e\xd0\xb2\xd0\xbb\xd1\x8b\xd0\xb2\xd0\xbb\xd3\xa7', b'\xe2\x96\x81\xd0\xbf\xd1\x80\xd0\xb0\xd0\xba\xd1\x82\xd0\xb8\xd0\xba\xd0\xb0', b'\xe2\x96\x81\xd0\xb1\xd1\x80\xd0\xb8\xd0\xb3\xd0\xb0\xd0\xb4\xd0\xb8\xd1\x80\xd1\x8a\xd1\x8f\xd1\x81', b'\xe2\x96\x81\xd0\xbe\xd0\xba\xd1\x82\xd3\xa7\xd0\xbc', b'\xe2\x96\x81\xd0\xbb\xd1\x8b\xd0\xb4\xd0\xb4\xd1\x8c\xd3\xa7\xd0\xbd\xd1\x8b', b'\xe2\x96\x81\xd0\xba\xd0\xbe\xd0\xb2\xd1\x82\xd3\xa7\xd0\xbc\xd3\xa7\xd0\xbd', b'\xe2\x96\x81\xd0\xbd\xd0\xb0\xd1\x81\xd1\x82\xd1\x80\xd0\xbe\xd0\xb5\xd0\xbd\xd0\xb8\xd0\xb5\xd1\x8f\xd1\x81', b'\xe2\x96\x81\xd0\xba\xd0\xbe\xd0\xbb\xd1\x85\xd0\xbe\xd0\xb7\xd0\xbd\xd0\xb8\xd1\x86\xd0\xb0', b'\xe2\x96\x81\xd0\xbe\xd0\xb1\xd1\x8f\xd0\xb7\xd0\xb0\xd0\xbd\xd3\xa7\xd1\x81\xd1\x8c', b'\xe2\x96\x81\xd1\x82\xd1\x8b\xd1\x88\xd0\xba\xd0\xb0\xd1\x81\xd1\x8c\xd0\xbd\xd1\x8b', b'\xe2\x96\x81\xd0\xba\xd0\xbe\xd0\xbb\xd1\x8c', b'\xe2\x96\x81\xd0\xb1\xd1\x8b\xd0\xb4\xd3\xa7\xd0\xbd\xd0\xbb\xd1\x8b', b'\xe2\x96\x81\xd0\xb3\xd3\xa7\xd0\xb3\xd3\xa7\xd1\x80\xd0\xb2\xd0\xbe\xd0\xb0\xd0\xbd\xd0\xb0', b'\xe2\x96\x81\xd1\x81\xd1\x8c\xd3\xa7\xd0\xba\xd1\x82\xd0\xb0\xd0\xbc\xd0\xbc\xd3\xa7\xd0\xb4\xd3\xa7', b'\xe2\x96\x81\xd0\xba\xd0\xbe\xd0\xbb\xd1\x85\xd0\xbe\xd0\xb7\xd0\xbd\xd0\xb8\xd0\xba\xd0\xbb\xd1\x8b\xd1\x81\xd1\x8c', b'\xe2\x96\x81\xd1\x82\xd1\x80\xd1\x83\xd0\xb4\xd0\xbe\xd0\xb4\xd0\xb5\xd0\xbd\xd1\x8c\xd1\x81\xd3\xa7', b'\xe2\x96\x81\xd1\x82\xd1\x80\xd1\x83\xd0\xb4\xd0\xbe\xd0\xb4\xd0\xb5\xd0\xbd\xd1\x8c', b'\xe2\x96\x81\xd0\xbc\xd1\x83\xd0\xbd', b'\xe2\x96\x81\xd1\x82\xd1\x8d\xd1\x87\xd3\xa7\xd0\xbc', b'\xe2\x96\x81\xd0\xb2\xd0\xb0\xd1\x80\xd1\x82\xd3\xa7\xd0\xbc', b'\xe2\x96\x81\xd1\x84\xd0\xb0\xd0\xba\xd1\x82\xd1\x8a\xd1\x8f\xd1\x81\xd1\x8b\xd1\x81\xd0\xba\xd3\xa7\xd0\xb4', b'\xe2\x96\x81\xd0\xbc\xd0\xb8\xd1\x80\xd0\xb8\xd1\x82\xd1\x87\xd3\xa7\xd0\xbc', b'\xe2\x96\x81\xd0\x9d\xd1\x8f\xd0\xbd\xd1\x8c', b'\xe2\x96\x81\xd0\xb8\xd0\xb4\xd1\x80\xd0\xb0\xd0\xbb\xd0\xb0\xd0\xbd', b'\xe2\x96\x81\xd0\xbf\xd0\xbe\xd0\xbc\xd0\xb0\xd1\x81\xd1\x8c\xd3\xa7\xd0\xbc\xd3\xa7\xd0\xbd', b'\xe2\x96\x81\xd0\xbb\xd1\x8b\xd0\xb4\xd0\xb4\xd1\x8c\xd1\x8b\xd1\x81\xd1\x81\xd1\x8c\xd3\xa7', b'\xe2\x96\x81\xd0\xbd\xd1\x8f\xd0\xbd\xd1\x8c\xd1\x8b\xd1\x81', b'\xe2\x96\x81\xd0\xb2\xd0\xb0\xd1\x80\xd1\x82\xd3\xa7\xd0\xbc\xd0\xb0', b'\xe2\x96\x81\xd0\xbf\xd1\x83\xd0\xba\xd1\x82\xd3\xa7\xd0\xbc\xd0\xb0', b'\xe2\x96\x81\xd0\xb0\xd0\xbc\xd0\xb1\xd0\xb0\xd1\x80\xd1\x8a\xd1\x8f\xd1\x81\xd3\xa7', b'\xe2\x96\x81\xd1\x81\xd0\xba\xd0\xbb\xd0\xb0\xd0\xb4\xd1\x8a\xd1\x8f\xd1\x81\xd3\xa7', b'\xe2\x96\x81\xd0\xa1\xd0\xb8\xd0\xba\xd1\x82\xd1\x81\xd0\xb0', b'\xe2\x96\x81\xd0\xbf\xd0\xb0\xd1\x80\xd1\x82\xd0\xb8\xd0\xb9\xd0\xbd\xd0\xbe', b'\xd0\xba\xd0\xbe\xd0\xbc\xd1\x81\xd0\xbe\xd0\xbc\xd0\xbe\xd0\xbb\xd1\x8c\xd1\x81\xd0\xba\xd3\xa7\xd0\xb9', b'\xe2\x96\x81\xd0\xbe\xd1\x80\xd0\xb3\xd0\xb0\xd0\xbd\xd0\xb8\xd0\xb7\xd0\xb0\xd1\x86\xd0\xb8\xd1\x8f\xd1\x8f\xd1\x81', b'\xe2\x96\x81\xd0\xb4\xd0\xbe\xd0\xbb\xd0\xb6\xd0\xb5\xd0\xbd\xd3\xa7\xd1\x81\xd1\x8c', b'\xe2\x96\x81\xd0\xb2\xd0\xb5\xd1\x81\xd1\x8c\xd0\xba\xd3\xa7\xd0\xb4\xd0\xbd\xd1\x8b', b'\xe2\x96\x81\xd0\xb0\xd0\xb3\xd0\xb8\xd1\x82\xd0\xb0\xd1\x86\xd0\xb8\xd0\xbe\xd0\xbd\xd0\xbd\xd0\xbe', b'\xd0\xbc\xd0\xb0\xd1\x81\xd1\x81\xd3\xa7\xd0\xb2\xd3\xa7\xd0\xb9', b'\xe2\x96\x81\xd0\xbf\xd0\xb0\xd1\x81\xd1\x8c\xd0\xba\xd1\x8b\xd0\xb4\xd0\xb0', b'\xe2\x96\x81\xd1\x81\xd0\xbe\xd1\x86\xd0\xb8\xd0\xb0\xd0\xbb\xd0\xb8\xd1\x81\xd1\x82', b'\xd0\xb8\xd1\x87\xd0\xb5\xd1\x81\xd0\xba\xd3\xa7\xd0\xb9', b'\xe2\x96\x81\xd0\xbe\xd1\x80\xd0\xb4\xd0\xb9\xd1\x8b\xd1\x81\xd1\x8c\xd3\xa7\xd0\xbc', b'\xe2\x96\x81\xd0\xbe\xd0\xb1\xd0\xb5\xd1\x81\xd0\xbf\xd0\xb5\xd1\x87\xd0\xb8\xd1\x82\xd1\x96\xd1\x81', b'\xe2\x96\x81\xd1\x83\xd1\x81\xd0\xbf\xd0\xb5\xd1\x85', b'\xe2\x96\x81\xd0\xbf\xd0\xb0\xd1\x81\xd1\x8c\xd0\xba\xd3\xa7\xd0\xb4\xd0\xbd\xd1\x8b', b'\xe2\x96\x81\xd0\xb4\xd0\xb2\xd0\xb8\xd0\xb6\xd0\xb5\xd0\xbd\xd0\xb8\xd0\xb5', b'\xe2\x96\x811940', b'\xe2\x96\x81\xd0\xb2\xd0\xbe\xd1\x8b\xd0\xbd', b'\xe2\x96\x81\xd1\x81\xd1\x82\xd0\xb0\xd0\xb2\xd1\x81\xd0\xbe\xd1\x8e\xd0\xb7\xd1\x81\xd0\xb0', b'\xe2\x96\x81\xd1\x83\xd1\x87\xd0\xb0\xd1\x81\xd1\x82\xd0\xb2\xd1\x83\xd0\xb9\xd1\x82\xd0\xb0\xd0\xbd', b'\xe2\x96\x81\xd0\xbf\xd1\x80\xd0\xb0\xd0\xb2\xd0\xbe', b'\xe2\x96\x81\xd1\x88\xd0\xb5\xd0\xb4\xd3\xa7\xd0\xb4\xd3\xa7\xd0\xbc', b'\xe2\x96\x81\xd3\xa7\xd1\x82\xd0\xba\xd0\xb0\xd3\xa7\xd0\xbd', b'\xe2\x96\x81\xd0\xb1\xd1\x8b\xd0\xb4\xd1\x81\xd0\xb0', b'\xe2\x96\x81\xd0\xba\xd0\xbe\xd0\xbb\xd1\x85\xd0\xbe\xd0\xb7\xd1\x8a\xd1\x8f\xd1\x81\xd3\xa7\xd0\xbd', b'\xe2\x96\x81\xd1\x84\xd0\xb5\xd1\x80\xd0\xbc\xd0\xb0\xd1\x8f\xd1\x81\xd3\xa7\xd0\xbd', b'\xe2\x96\x81\xd1\x81', b'\xe2\x96\x81\xd0\xbf\xd0\xb0\xd1\x80\xd1\x82\xd0\xb8\xd1\x8f', b'\xe2\x96\x81\xd1\x81\xd3\xa7\xd0\xb2\xd0\xb5\xd1\x82\xd1\x81\xd0\xba\xd3\xa7\xd0\xb9', b'\xe2\x96\x81\xd0\xbf\xd1\x80\xd0\xb0\xd0\xb2\xd0\xb8\xd1\x82\xd0\xb5\xd0\xbb\xd1\x8c\xd1\x81\xd1\x82\xd0\xb2\xd0\xbe', b'\xe2\x96\x81\xd0\xb2\xd0\xbe\xd0\xb6\xd0\xb4\xd1\x8c', b'\xe2\x96\x81\xd1\x88\xd1\x83\xd0\xb4', b'\xe2\x96\x81\xd1\x82\xd0\xbe\xd0\xbc\xd0\xb9\xd3\xa7\xd0\xb7\xd0\xbb\xd3\xa7\xd0\xbd', b'\xe2\x96\x81\xd0\xb2\xd0\xb5\xd1\x81\xd1\x8c\xd0\xba\xd0\xb0\xd0\xbb\xd3\xa7\xd0\xbd\xd1\x8b', b'\xe2\x96\x81\xd0\xbf\xd0\xbe\xd1\x87\xd0\xb5\xd1\x82\xd0\xbd\xd3\xa7\xd0\xb9', b'\xe2\x96\x81\xd1\x81\xd0\xbe\xd1\x86\xd0\xb8\xd0\xb0\xd0\xbb\xd0\xb8\xd0\xb7\xd0\xbc', b'\xe2\x96\x81\xd0\xb2\xd0\xbe\xd0\xb8\xd0\xbd\xd0\xbb\xd1\x8b\xd1\x81\xd1\x8c', b'\xe2\x96\x81\xd0\xb0\xd1\x87\xd1\x8b\xd0\xbc\xd3\xa7\xd1\x81', b'\xe2\x96\x81\xd0\xbb\xd1\x8b\xd0\xb4\xd0\xb4\xd1\x8f', b'\xe2\x96\x81\xd1\x88\xd1\x83\xd0\xb4\xd0\xb0\xd3\xa7\xd0\xbd', b'\xe2\x96\x81\xd0\xb1\xd0\xbe\xd1\x81\xd1\x8c\xd1\x82\xd1\x96\xd1\x81\xd0\xbd\xd1\x8b', b'\xe2\x96\x81\xd0\xb2\xd0\xbe\xd1\x81\xd0\xbf\xd0\xb8\xd1\x82\xd0\xb0\xd0\xb9\xd1\x82\xd0\xb0\xd1\x81\xd0\xbd\xd1\x8b', b'\xe2\x96\x81\xd0\xbb\xd0\xbe\xd0\xb0', b'\xe2\x96\x81\xd0\xb2\xd0\xbe\xd0\xb8\xd0\xbd\xd3\xa7\xd0\xbd', b'\xe2\x96\x81\xd0\xba\xd1\x83\xd1\x82\xd0\xb0', b'\xe2\x96\x81\xd0\xb2\xd0\xb8\xd0\xb4\xd0\xb7\xd0\xbd\xd1\x8b', b'\xe2\x96\x81\xd1\x81\xd0\xb2\xd1\x8f\xd1\x89\xd0\xb5\xd0\xbd\xd0\xbd\xd3\xa7\xd0\xb9', b'\xe2\x96\x81\xd0\xb3\xd1\x80\xd0\xb0\xd0\xbd\xd0\xb8\xd1\x86\xd0\xb0\xd1\x8f\xd1\x81', b'\xe2\x96\x81\xd0\xb3\xd1\x80\xd0\xb0\xd0\xbd\xd0\xb8\xd1\x86\xd0\xb0', b'\xe2\x96\x81\xd0\xbb\xd1\x8b\xd1\x81\xd1\x8c\xd1\x82\xd0\xb0\xd1\x81', b'\xe2\x96\x81\xd1\x83\xd1\x81\xd1\x8c\xd0\xba\xd3\xa7\xd0\xb4\xd1\x87\xd1\x8b\xd0\xbd\xd1\x8b', b'\xe2\x96\x81\xd0\xa1\xd3\xa7\xd0\xb2\xd0\xb5\xd1\x82\xd1\x81\xd0\xba\xd3\xa7\xd0\xb9', b'\xe2\x96\x81\xd0\xb4\xd0\xb5\xd1\x80\xd0\xb6\xd0\xb0\xd0\xb2\xd0\xb0', b'\xe2\x96\x81\xd1\x81\xd0\xb5\xd1\x82\xd3\xa7\xd0\xbc\xd0\xb0', b'\xe2\x96\x81\xd0\xbe\xd1\x82\xd0\xbf\xd0\xbe\xd1\x80', b'\xe2\x96\x81\xd1\x87\xd0\xbe\xd1\x80\xd1\x8b\xd0\xb4\xd0\xb4\xd0\xb6\xd1\x8b\xd0\xba\xd3\xa7\xd1\x81', b'\xe2\x96\x81\xd0\xba\xd1\x83\xd1\x82\xd1\x88\xd3\xa7\xd0\xbc', b'\xe2\x96\x81\xd0\xa5\xd0\xb0\xd1\x81\xd0\xb0\xd0\xbd', b'\xe2\x96\x81\xd1\x82\xd1\x8b', b'\xe2\x96\x81\xd1\x8f\xd0\xbf\xd0\xbe\xd0\xbd\xd1\x81\xd0\xba\xd3\xa7\xd0\xb9', b'\xe2\x96\x81\xd1\x81\xd0\xb0\xd0\xbc\xd1\x83\xd1\x80\xd0\xb0\xd0\xb9\xd1\x8f\xd1\x81\xd0\xbb\xd1\x8b', b'\xe2\x96\x81\xd0\xb2\xd1\x80\xd0\xb0\xd0\xb3\xd3\xa7\xd1\x81', b'\xe2\x96\x81\xd0\xbc\xd3\xa7\xd0\xb4\xd0\xb0', b'\xe2\x96\x81\xd0\xbd\xd3\xa7\xd0\xb9\xd1\x82\xd0\xbd\xd1\x8b', b'\xe2\x96\x81\xd0\xbf\xd0\xbe', b'\xe2\x96\x81\xd1\x85\xd0\xb0\xd1\x81\xd0\xb0\xd0\xbd\xd0\xbe\xd0\xb2\xd1\x81\xd0\xba\xd0\xb8\xd0\xb9', b'\xe2\x96\x81\xd0\xbb\xd1\x8d\xd1\x87\xd1\x87\xd0\xb8', b'\xe2\x96\x81\xd0\xb2\xd1\x83\xd0\xb3\xd1\x80\xd0\xb0\xd1\x81\xd1\x8c\xd0\xbd\xd1\x8b', b'\xe2\x96\x81\xd0\xbc\xd1\x8b\xd0\xb9\xd0\xbb\xd0\xb0\xd0\xba\xd3\xa7', b'\xe2\x96\x81\xd0\xbd\xd0\xb5\xd0\xbc', b'\xe2\x96\x81\xd0\xbf\xd3\xa7\xd0\xb6\xd0\xb8\xd1\x81', b'\xe2\x96\x81\xd0\xba\xd1\x8b\xd0\xbc\xd3\xa7\xd1\x80\xd1\x82\xd0\xbe\xd1\x80', b'\xe2\x96\x81\xd0\x9f\xd3\xa7\xd1\x81\xd1\x8c', b'\xd1\x8d\xd0\xb1\xd3\xa7\xd1\x81\xd1\x82\xd3\xa7', b'\xe2\x96\x81\xd0\x94\xd0\xb7\xd0\xb8\xd0\xba\xd3\xa7\xd0\xb4\xd0\xb7', b'\xe2\x96\x81\xd0\xb6\xd0\xb0\xd0\xb9\xd3\xa7\xd0\xb4\xd1\x96\xd1\x81', b'\xe2\x96\x81\xd1\x8e\xd1\x81\xd1\x8f\xd0\xbd\xd1\x8c', b'\xe2\x96\x81\xd0\xbb\xd0\xbe\xd0\xba\xd1\x82\xd1\x8b\xd1\x81\xd1\x8c', b'\xe2\x96\x81\xd1\x8b\xd1\x80\xd0\xba\xd1\x8b\xd0\xb4\xd1\x8b\xd1\x81', b'\xe2\x96\x81\xd0\xba\xd0\xbe\xd0\xba\xd0\xbd\xd1\x8c\xd3\xa7\xd0\xb4', b'\xe2\x96\x81\xd0\xbc\xd0\xb8\xd1\x81\xd1\x8f', b'\xe2\x96\x81\xd0\xbf\xd3\xa7\xd0\xbb\xd1\x8c\xd1\x8b\xd1\x88\xd1\x82\xd0\xbb\xd0\xb0\xd1\x81', b'\xe2\x96\x81\xd1\x88\xd3\xa7\xd1\x80', b'\xe2\x96\x81\xd0\xba\xd0\xb0\xd0\xb4\xd0\xbb\xd0\xb0\xd0\xbd\xd1\x8c\xd1\x8b\xd1\x81', b'\xe2\x96\x81\xd0\xba\xd1\x8b\xd1\x81\xd1\x8c\xd0\xba\xd3\xa7', b'\xe2\x96\x81\xd1\x88\xd1\x83\xd1\x80', b'\xd1\x88\xd0\xb0\xd1\x80', b'\xe2\x96\x81\xd0\xba\xd0\xbe\xd0\xba\xd0\xbd\xd0\xb8\xd0\xb4\xd0\xb6\xd1\x8b\xd0\xba\xd0\xb0', b'\xe2\x96\x81\xd0\xbb\xd0\xbe\xd0\xbb\xd0\xb0\xd0\xb2\xd1\x81\xd1\x8c\xd1\x8b\xd0\xbd\xd1\x8b', b'\xe2\x96\x81\xd1\x82\xd3\xa7\xd0\xb4\xd0\xbb\xd1\x8b', b'\xe2\x96\x81\xd0\xba\xd1\x8b\xd0\xbc\xd3\xa7\xd1\x80\xd1\x82\xd0\xbe\xd1\x80\xd1\x8a\xd1\x8f\xd1\x81', b'\xe2\x96\x81\xd0\x9f\xd0\xb5\xd1\x80\xd0\xb2\xd0\xbe\xd0\xb9\xd1\x81\xd3\xa7', b'\xe2\x96\x81\xd0\xb1\xd0\xb0\xd0\xbb\xd1\x8f\xd1\x8f\xd1\x81', b'\xe2\x96\x81\xd0\xba\xd0\xbe\xd0\xb4\xd1\x8c\xd3\xa7\xd1\x81\xd1\x8c', b'\xe2\x96\x81\xd0\xbe\xd1\x82\xd0\xb0\xd0\xb4\xd0\xb6\xd1\x8b\xd0\xba\xd3\xa7\xd1\x81\xd1\x8c', b'\xe2\x96\x81\xd0\xbb\xd0\xbe\xd0\xb8\xd1\x81\xd0\xbd\xd1\x8b', b'\xe2\x96\x81\xd0\x9c\xd3\xa7\xd0\xb4\xd0\xbb\xd0\xb0\xd0\xbf\xd3\xa7\xd0\xbb\xd1\x8b\xd1\x81\xd1\x8c', b'\xe2\x96\x81\xd0\x9f\xd1\x80\xd0\xb8\xd1\x81\xd0\xb0\xd0\xb4\xd0\xb0', b'\xe2\x96\x81\xd0\xb4\xd1\x96', b'\xe2\x96\x81\xd0\xb2\xd1\x8b\xd0\xb2\xd1\x81\xd0\xb0', b'\xe2\x96\x81\xd0\xbf\xd0\xbe\xd0\xb6\xd3\xa7\xd0\xbc\xd0\xb0', b'\xe2\x96\x81\xd1\x8d\xd1\x88\xd0\xba\xd1\x8b\xd0\xbd', b'\xe2\x96\x81\xd0\xb1\xd1\x8b\xd0\xb4\xd0\xbc\xd1\x8b\xd0\xbd\xd1\x8b', b'\xe2\x96\x81\xd0\x9a\xd1\x8b\xd0\xbb\xd1\x96\xd1\x81', b'\xe2\x96\x81\xd1\x8b\xd0\xbb\xd1\x8b\xd1\x81\xd1\x8f\xd0\xbd\xd1\x8c', b'\xe2\x96\x81\xd0\xbc\xd1\x83\xd1\x80\xd0\xba\xd3\xa7\xd0\xb4\xd1\x87\xd3\xa7\xd0\xbc', b'\xe2\x96\x81\xd1\x88\xd1\x8b', b'\xe2\x96\x81\xd0\x92\xd0\xb0\xd1\x8b\xd1\x81', b'\xe2\x96\x81\xd0\xa7\xd0\xb5\xd1\x80\xd0\xb8\xd1\x8b\xd0\xb4', b'\xe2\x96\x81\xd1\x80\xd0\xb0\xd0\xbc\xd0\xbc\xd0\xb8\xd1\x81', b'\xe2\x96\x81\xd0\xb1\xd3\xa7\xd0\xb6\xd1\x81\xd3\xa7', b'\xe2\x96\x81\xd0\xbf\xd0\xb5\xd1\x82\xd0\xba\xd3\xa7\xd0\xb4\xd0\xbb\xd1\x8b', b'\xe2\x96\x81\xd0\xbc\xd0\xb0\xd0\xb9\xd1\x88\xd0\xb0\xd1\x81\xd1\x81\xd1\x8c\xd3\xa7\xd0\xbc\xd0\xb0', b'\xe2\x96\x81\xd0\x9a\xd1\x8b\xd0\xbc\xd3\xa7\xd1\x80\xd1\x8b\xd1\x81', b'\xe2\x96\x81\xd0\xbd\xd0\xb5\xd0\xb4\xd1\x8b\xd1\x80', b'\xe2\x96\x81\xd0\xbf\xd0\xbe\xd0\xb2\xd0\xb7\xd1\x8c\xd3\xa7\xd0\xb4\xd1\x87\xd3\xa7\xd0\xbc', b'\xe2\x96\x81\xd0\xb0\xd1\x87\xd1\x8b\xd0\xbc', b'\xe2\x96\x81\xd0\xb3\xd1\x80\xd3\xa7\xd0\xb7\xd0\xb8\xd1\x82\xd3\xa7', b'\xe2\x96\x81\xd0\xb5\xd0\xbd\xd1\x8d\xd0\xb6\xd1\x8b\xd1\x81', b'\xe2\x96\x81\xd0\xb3\xd1\x8b\xd0\xbc\xd0\xb0', b'\xe2\x96\x81\xd0\xb7\xd1\x8d\xd1\x80\xd3\xa7\xd0\xbd', b'\xd1\x82\xd0\xb0\xd0\xb4\xd0\xb7', b'\xe2\x96\x81\xd0\xbf\xd0\xbe\xd0\xbc\xd0\xb0\xd1\x81\xd1\x8c', b'\xe2\x96\x81\xd0\x9a\xd0\xbe\xd1\x80\xd0\xba\xd3\xa7', b'\xe2\x96\x81\xd0\xb3\xd1\x8b\xd0\xbc\xd0\xb0\xd0\xbb\xd0\xb0\xd1\x81', b'\xe2\x96\x81\xd0\xb7\xd1\x8d\xd1\x80\xd0\xb0\xd1\x81', b'\xe2\x96\x81\xd0\x9f\xd1\x83\xd0\xba\xd0\xb0\xd0\xb2\xd0\xbd\xd1\x8b', b'\xe2\x96\x81\xd0\xb2\xd0\xb0\xd0\xb4\xd0\xbe\xd1\x80\xd1\x8b\xd0\xbd', b'\xe2\x96\x81\xd1\x87\xd1\x83\xd0\xba\xd3\xa7\xd1\x80\xd1\x82\xd1\x96', b'\xe2\x96\x81\xd0\xba\xd1\x8b\xd1\x8f\xd0\xbd', b'\xe2\x96\x81\xd0\xba\xd3\xa7\xd0\xbb\xd1\x83\xd0\xb9\xd3\xa7\xd1\x81', b'\xe2\x96\x81\xd0\xa2\xd3\xa7\xd0\xb4\xd0\xbb\xd1\x8b\xd1\x82\xd3\xa7\xd0\xb3', b'\xd0\xb2\xd0\xbe\xd0\xb9\xd0\xb2\xd1\x8b\xd0\xb2\xd1\x81\xd1\x8f\xd0\xbd\xd1\x8c\xd1\x8b\xd1\x81', b'\xe2\x96\x81\xd0\xb5\xd0\xbd\xd1\x8d\xd0\xb6', b'\xe2\x96\x81\xd1\x88\xd3\xa7\xd1\x80\xd0\xbb\xd0\xb0\xd0\xbd\xd1\x8c', b'\xe2\x96\x81\xd0\xbf\xd0\xb0\xd1\x81\xd1\x8c\xd0\xba\xd0\xb0\xd0\xbb\xd1\x96\xd1\x81', b'\xe2\x96\x81\xd0\xbb\xd3\xa7\xd0\xb7\xd3\xa7\xd0\xb4\xd1\x96\xd1\x81', b'\xe2\x96\x81\xd0\xa1\xd1\x8b', b'\xe2\x96\x81\xd1\x88\xd1\x83\xd1\x88\xd1\x82\xd3\xa7\xd0\xbc', b'\xe2\x96\x81\xd0\xbb\xd0\xbe\xd0\xbb\xd1\x96', b'\xe2\x96\x81\xd0\x92\xd0\xbe\xd0\xb0', b'\xe2\x96\x81\xd0\xb7\xd1\x8d\xd1\x80\xd3\xa7\xd0\xb4\xd0\xb7\xd1\x8b\xd1\x81', b'\xe2\x96\x81\xd1\x83\xd0\xbd\xd0\xb0\xd0\xba\xd0\xbe\xd0\xb4\xd1\x8c', b'\xe2\x96\x81\xd3\xa6\xd0\xb4\xd0\xb4\xd0\xb7\xd3\xa7\xd0\xb4\xd1\x96', b'\xe2\x96\x81\xd0\xb2\xd0\xbe\xd1\x81\xd1\x8c\xd0\xba\xd0\xbe\xd0\xb2\xd1\x8a\xd1\x8f\xd1\x81\xd3\xa7\xd1\x81', b'\xe2\x96\x81\xd0\xba\xd1\x8b\xd0\xbc\xd3\xa7\xd1\x80\xd1\x8b\xd0\xb4', b'\xe2\x96\x81\xd0\x9a\xd1\x83\xd1\x82\xd1\x96\xd1\x81', b'\xe2\x96\x81\xd0\xb3\xd1\x8b\xd0\xbc\xd0\xb0\xd0\xb2\xd0\xbd\xd1\x8b', b'\xd1\x87\xd0\xb0\xd1\x80\xd0\xb4\xd0\xb0\xd0\xb2\xd0\xbd\xd1\x8b', b'\xe2\x96\x81\xd0\xb2\xd1\x8b\xd0\xbb\xd1\x96\xd1\x81\xd1\x8f\xd0\xbd\xd1\x8c', b'\xe2\x96\x81\xd0\xbc\xd3\xa7\xd0\xb4\xd3\xa7\xd0\xb4\xd1\x87\xd0\xb8\xd1\x81\xd0\xbd\xd1\x8b', b'\xe2\x96\x81\xd0\xb3\xd1\x8b\xd1\x80\xd1\x8b\xd1\x81\xd1\x8c', b'\xe2\x96\x81\xd0\xb2\xd0\xbe\xd0\xb9\xd1\x82\xd1\x8a\xd1\x8f\xd1\x81', b'\xe2\x96\x81\xd0\xa1\xd1\x8d\xd0\xba', b'\xe2\x96\x81\xd1\x83\xd0\xb4\xd0\xb8\xd1\x82\xd1\x96', b'\xe2\x96\x81\xd0\xb2\xd0\xbe\xd0\xbd\xd1\x8b', b'\xe2\x96\x81\xd1\x80\xd0\xb0\xd1\x81', b'\xe2\x96\x81\xd0\xb2\xd0\xb5\xd1\x81\xd1\x8c\xd1\x82\xd3\xa7\xd0\xb4\xd0\xb7', b'\xe2\x96\x81\xd0\x97\xd1\x8d\xd1\x80\xd1\x81\xd1\x8c\xd1\x8b\xd1\x81', b'\xe2\x96\x81\xd0\x94\xd1\x83\xd0\xbc\xd0\xb0\xd0\xb9\xd1\x82\xd0\xb0', b'\xe2\x96\x81\xd0\xba\xd3\xa7\xd1\x82\xd3\xa7\xd0\xb4\xd0\xb0\xd1\x81', b'\xe2\x96\x81\xd0\x97\xd1\x8d\xd1\x80\xd0\xb8\xd0\xb3\xd0\xb0\xd1\x81', b'\xe2\x96\x81\xd0\xba\xd0\xb0\xd1\x8f', b'\xe2\x96\x81\xd1\x82\xd1\x8d\xd1\x80\xd0\xbc\xd0\xb0\xd1\x81\xd1\x8c\xd0\xbd\xd1\x8b', b'\xd0\xb2\xd0\xbe\xd0\xb9\xd0\xb2\xd1\x8b\xd0\xb2\xd1\x81\xd1\x8f\xd0\xbd\xd1\x8c', b'\xe2\x96\x81\xd0\xbd\xd1\x8b\xd1\x80', b'\xe2\x96\x81\xd0\xbc\xd1\x83\xd1\x80\xd1\x82\xd1\x81\xd0\xb0', b'\xe2\x96\x81\xd0\xbf\xd3\xa7\xd1\x80\xd3\xa7\xd0\xb4', b'\xe2\x96\x81\xd0\x9b\xd0\xbe\xd0\xbb\xd3\xa7\xd0\xb9', b'\xe2\x96\x81\xd0\xb1\xd1\x8b\xd0\xb4\xd3\xa7\xd0\xbd', b'\xe2\x96\x81\xd1\x81\xd1\x8e\xd1\x80\xd0\xbd\xd1\x8b', b'\xe2\x96\x81\xd1\x91\xd1\x81\xd1\x8c', b'\xe2\x96\x81\xd1\x82\xd3\xa7\xd0\xbb\xd1\x8b\xd1\x81', b'\xe2\x96\x81\xd1\x81\xd0\xb0\xd1\x82\xd1\x88\xd0\xb8\xd1\x81', b'\xe2\x96\x81\xd0\xb3\xd0\xbe\xd1\x80\xd1\x88\xd3\xa7', b'\xe2\x96\x81\xd0\xa2\xd3\xa7\xd0\xb2', b'\xe2\x96\x81\xd0\xbd\xd1\x8b\xd1\x80\xd0\xba\xd3\xa7\xd0\xb4', b'\xe2\x96\x81\xd1\x80\xd1\x83\xd0\xb4\xd3\xa7\xd0\xb4\xd0\xbd\xd1\x8b', b'\xe2\x96\x81\xd1\x80\xd1\x83\xd0\xb4\xd1\x8b\xd1\x81', b'\xe2\x96\x81\xd0\xbc\xd0\xb0\xd1\x82\xd1\x8b\xd1\x81\xd1\x82\xd1\x87\xd0\xb8\xd1\x81', b'\xe2\x96\x81\xd0\xbc\xd0\xb5\xd0\xbb\xd0\xb0\xd0\xbd\xd1\x8c', b'\xe2\x96\x81\xd1\x87\xd1\x83\xd0\xb6\xd3\xa7\xd0\xbc\xd3\xa7', b'\xe2\x96\x81\xd0\xba\xd1\x83\xd1\x87\xd0\xba\xd0\xb8\xd1\x81\xd0\xbd\xd1\x8b', b'\xe2\x96\x81\xd0\xb9\xd0\xb8', b'\xe2\x96\x81\xd1\x88\xd0\xb5\xd1\x80', b'\xe2\x96\x81\xd0\x92\xd0\xbe\xd1\x81\xd1\x8c\xd0\xbb\xd0\xb0\xd0\xb2\xd0\xbd\xd1\x8b', b'\xe2\x96\x81\xd0\xb2\xd0\xb5\xd1\x80\xd0\xbc\xd1\x8b\xd0\xbd\xd1\x8b', b'\xe2\x96\x81\xd0\xa2\xd3\xa7\xd0\xbb\xd1\x8b\xd1\x81', b'\xe2\x96\x81\xd0\xbf\xd3\xa7\xd1\x80\xd3\xa7\xd0\xb4\xd1\x96\xd1\x81\xd0\xbd\xd1\x8b', b'\xe2\x96\x81\xd0\xb9\xd1\x8b\xd0\xb2\xd1\x81\xd1\x8c\xd1\x8b\xd0\xb4', b'\xe2\x96\x81\xd0\xb2\xd3\xa7\xd1\x81\xd0\xbd\xd0\xb0\xd1\x8b\xd1\x81', b'\xe2\x96\x81\xd0\x94\xd1\x83\xd0\xb3\xd0\xb4\xd1\x8b\xd0\xb2\xd1\x82\xd3\xa7\xd0\xb3', b'\xd1\x87\xd0\xb0\xd1\x80\xd0\xb4\xd0\xb0\xd0\xbb\xd1\x96\xd1\x81', b'\xe2\x96\x81\xd0\x93\xd1\x8b\xd0\xbc', b'\xd0\xb1\xd0\xb8\xd1\x8f\xd1\x81\xd1\x8b\xd1\x81', b'\xe2\x96\x81\xd0\xbe\xd1\x80\xd3\xa7\xd0\xb4\xd0\xbb\xd1\x96\xd1\x81\xd0\xbd\xd1\x8b', b'\xe2\x96\x81\xd1\x81\xd1\x8b\xd0\xbd\xd3\xa7\xd0\xb4\xd1\x81\xd3\xa7', b'\xe2\x96\x81\xd0\x92\xd3\xa7\xd1\x87\xd0\xbd\xd1\x8b', b'\xe2\x96\x81\xd0\x9f\xd1\x8b\xd1\x80\xd0\xb8', b'\xe2\x96\x81\xd1\x80\xd0\xb0\xd1\x81\xd0\xba\xd0\xb0\xd1\x81', b'\xe2\x96\x81\xd1\x81\xd1\x83\xd0\xb2\xd1\x82\xd1\x96', b'\xe2\x96\x81\xd0\x93\xd1\x8b\xd0\xbc\xd0\xb0\xd0\xbb\xd1\x96\xd0\xb3\xd0\xb0\xd0\xb4', b'\xe2\x96\x81\xd1\x81\xd1\x83\xd0\xbb\xd0\xb0\xd0\xb2\xd0\xbd\xd1\x8b', b'\xe2\x96\x81\xd0\xa2\xd0\xb0\xd1\x82\xd1\x87\xd3\xa7', b'\xe2\x96\x81\xd0\xbd\xd1\x8b\xd1\x80\xd1\x8b\xd1\x81', b'\xe2\x96\x81\xd0\xbf\xd0\xb8\xd1\x81\xd1\x8c\xd0\xba\xd3\xa7\xd0\xb4\xd1\x87\xd1\x8b', b'\xe2\x96\x81\xd1\x87\xd0\xb0\xd1\x80\xd0\xb4\xd0\xb1\xd0\xb8', b'\xe2\x96\x81\xd0\xb4\xd1\x83\xd0\xb3\xd0\xb4\xd1\x8b\xd0\xb2\xd1\x82\xd3\xa7\xd0\xb3', b'\xe2\x96\x81\xd1\x8e\xd0\xb3\xd1\x8a\xd1\x8f\xd0\xbb\xd1\x96\xd1\x81', b'\xe2\x96\x81\xd0\x90\xd1\x81', b'\xe2\x96\x81\xd0\xba\xd0\xb0\xd0\xb7\xd1\x8c\xd1\x82\xd1\x8b\xd1\x88\xd1\x82\xd1\x96', b'\xe2\x96\x81\xd0\x95\xd0\xbd\xd1\x81\xd3\xa7', b'\xe2\x96\x81\xd1\x82\xd3\xa7\xd0\xb4\xd1\x81\xd0\xb0\xd1\x8f\xd1\x81\xd3\xa7\xd1\x81', b'\xe2\x96\x81\xd1\x82\xd3\xa7\xd0\xb4\xd1\x82\xd3\xa7\xd0\xbc\xd1\x8a\xd1\x8f\xd1\x81\xd3\xa7\xd1\x81', b'\xe2\x96\x81\xd1\x8d\xd0\xbc\xd3\xa7\xd1\x81\xd1\x8c', b'\xe2\x96\x81\xd1\x8d\xd0\xbd\xd0\xbe\xd0\xb2\xd1\x82\xd0\xbd\xd1\x8b', b'\xe2\x96\x81\xd1\x82\xd1\x83\xd0\xb9', b'\xe2\x96\x81\xd0\xbc\xd0\xbe\xd1\x80\xd1\x82\xd3\xa7\xd1\x81', b'\xe2\x96\x81\xd0\x97\xd1\x8d\xd1\x80\xd1\x8b\xd1\x81', b'\xe2\x96\x81\xd0\xbc\xd3\xa7\xd0\xb4\xd3\xa7\xd0\xb4\xd1\x87\xd0\xb8\xd1\x81', b'\xe2\x96\x81\xd0\xbd\xd0\xb0\xd0\xb4\xd0\xb7\xd3\xa7\xd0\xbd\xd0\xb4\xd0\xb6\xd1\x8b\xd0\xba', b'\xe2\x96\x81\xd0\x92\xd0\xbe\xd0\xb4\xd0\xb4\xd0\xb7\xd0\xb0', b'\xe2\x96\x81\xd1\x8f\xd1\x80\xd0\xb0', b'\xe2\x96\x81\xd0\xb3\xd1\x8b\xd0\xbc\xd1\x8b\xd1\x81', b'\xe2\x96\x81\xd0\x9f\xd0\xb0\xd1\x81\xd1\x8c\xd0\xba\xd3\xa7\xd0\xbc\xd3\xa7\xd0\xb9', b'\xe2\x96\x81\xd0\xb1\xd1\x80\xd3\xa7\xd0\xb4', b'\xe2\x96\x81\xd0\x9c\xd1\x83\xd1\x80\xd1\x82\xd1\x81\xd0\xb0', b'\xe2\x96\x81\xd0\xb2\xd0\xb5\xd1\x80\xd0\xbc\xd0\xb8', b'\xe2\x96\x81\xd0\xbb\xd1\x8f\xd1\x82\xd0\xb8', b'\xe2\x96\x81\xd1\x82\xd1\x83\xd0\xb9\xd3\xa7\xd0\xb4', b'\xe2\x96\x81\xd0\x9b\xd1\x8b\xd1\x81\xd0\xb2\xd0\xb0\xd1\x8b\xd1\x81', b'\xe2\x96\x81\xd0\xb1\xd0\xbe\xd0\xbb\xd1\x81\xd0\xba\xd0\xb0\xd0\xba\xd1\x8b\xd0\xbb\xd1\x96\xd1\x81', b'\xe2\x96\x81\xd1\x81\xd0\xb0\xd0\xbf\xd3\xa7\xd0\xb3', b'\xe2\x96\x81\xd0\xbf\xd1\x8b\xd1\x82\xd1\x88\xd0\xba\xd1\x8b\xd0\xbd', b'\xe2\x96\x81\xd0\xb9\xd1\x8b\xd0\xbb\xd1\x8b\xd0\xbd', b'\xe2\x96\x81\xd0\xba\xd0\xb5\xd1\x80\xd0\xba\xd0\xb0\xd1\x8f\xd1\x81', b'\xe2\x96\x81\xd0\xa2\xd1\x8d\xd1\x80\xd1\x8b\xd0\xb1\xd0\xb4\xd0\xb6\xd1\x8b\xd0\xba\xd0\xb0', b'\xd1\x8d\xd0\xb1\xd3\xa7\xd1\x81\xd3\xa7\xd0\xb9', b'\xe2\x96\x81\xd0\x9c\xd0\xb0\xd0\xbc\xd3\xa7\xd0\xb9', b'\xe2\x96\x81\xd0\xbf\xd0\xb0\xd0\xbd\xd1\x8b\xd0\xb4\xd0\xb0\xd0\xbb\xd1\x96\xd1\x81', b'\xe2\x96\x81\xd0\xbf\xd0\xb5\xd1\x82\xd3\xa7\xd0\xbc\xd3\xa7\xd0\xbd', b'\xe2\x96\x81\xd0\xb2\xd0\xbe\xd0\xb4\xd0\xb7\xd0\xb4\xd0\xb6\xd1\x8b\xd0\xba', b'\xe2\x96\x81\xd0\xb6\xd0\xb0\xd0\xbb\xd0\xb8\xd1\x82\xd3\xa7\xd0\xbc\xd0\xbf\xd1\x8b\xd1\x80\xd1\x8b\xd1\x81\xd1\x8c', b'\xe2\x96\x81\xd1\x82\xd0\xb0\xd1\x82\xd1\x88\xd3\xa7\xd0\xbc\xd0\xb0', b'\xe2\x96\x81\xd0\xb7\xd1\x8d\xd1\x80\xd0\xbd\xd1\x8b', b'\xd0\xb3\xd1\x8b\xd0\xbc\xd0\xb0\xd0\xb2\xd0\xbd\xd1\x8b', b'\xe2\x96\x81\xd0\xba\xd1\x83\xd1\x82\xd0\xb0\xd1\x81', b'\xe2\x96\x81\xd0\xbd\xd1\x83\xd1\x80\xd0\xb1\xd1\x8b\xd0\xbb\xd1\x8c\xd1\x82\xd1\x96', b'\xe2\x96\x81\xd0\x9a\xd0\xb5\xd1\x80\xd0\xba\xd0\xb0\xd3\xa7', b'\xe2\x96\x81\xd0\xbf\xd1\x8b\xd1\x80\xd3\xa7\xd0\xbc', b'\xe2\x96\x81\xd0\xbf\xd3\xa7\xd1\x80\xd1\x87\xd1\x87\xd0\xb8', b'\xe2\x96\x81\xd1\x81\xd3\xa7\xd0\xb4\xd0\xb7', b'\xe2\x96\x81\xd0\xb2\xd0\xb0\xd3\xa7\xd0\xb4\xd0\xb7', b'\xe2\x96\x81\xd0\xba\xd3\xa7\xd1\x82\xd0\xb0\xd1\x81\xd1\x8c\xd3\xa7\xd0\xbc', b'\xd0\xbf\xd0\xb0\xd1\x81\xd1\x8c\xd0\xba\xd3\xa7\xd0\xbc\xd3\xa7\xd1\x81', b'\xe2\x96\x81\xd1\x82\xd1\x8d\xd1\x80\xd1\x8b\xd0\xb1\xd0\xb0', b'\xe2\x96\x81\xd0\xba\xd0\xb0\xd0\xb9\xd0\xb8', b'\xe2\x96\x81\xd0\xbf\xd0\xb0\xd1\x87\xd1\x87\xd3\xa7\xd1\x80', b'\xe2\x96\x81\xd1\x88\xd0\xbe\xd0\xbd\xd1\x82\xd1\x8b\xd1\x81\xd1\x8c\xd1\x8b\xd1\x88\xd1\x82\xd0\xbd\xd1\x8b', b'\xe2\x96\x81\xd1\x81\xd1\x82\xd1\x80\xd0\xb0\xd0\xba\xd1\x81\xd1\x8c\xd1\x8b\xd1\x81', b'\xe2\x96\x81\xd0\xbf\xd0\xb0\xd0\xbb\xd1\x8c\xd3\xa7\xd0\xb4\xd1\x87\xd1\x8b\xd1\x88\xd1\x82\xd0\xbd\xd1\x8b', b'\xe2\x96\x81\xd0\xa8\xd0\xb5\xd1\x80\xd1\x8b\xd1\x81', b'\xe2\x96\x81\xd0\xbe\xd0\xbc\xd3\xa7\xd0\xbb\xd1\x8c\xd1\x82\xd0\xbe\xd1\x80', b'\xe2\x96\x81\xd0\xb2\xd0\xb0\xd0\xb9\xd3\xa7\xd0\xbc\xd0\xb0', b'\xe2\x96\x81\xd1\x8f\xd1\x81\xd0\xbb\xd1\x8b', b'\xe2\x96\x81\xd0\xa7\xd0\xb5\xd0\xb3\xd0\xbb\xd0\xb0\xd0\xbb\xd3\xa7\xd0\xbc\xd0\xb0', b'\xe2\x96\x81\xd0\xba\xd0\xb0\xd1\x80\xd1\x82\xd1\x83\xd0\xbf\xd0\xb5\xd0\xbb\xd1\x8c', b'\xe2\x96\x81\xd0\xb3\xd1\x80\xd0\xb0\xd0\xb4', b'\xe2\x96\x81\xd0\xbf\xd1\x83\xd0\xba\xd1\x82\xd0\xb0\xd1\x81', b'\xe2\x96\x81\xd0\xbf\xd3\xa7\xd1\x80\xd3\xa7\xd0\xb4\xd3\xa7\xd0\xbc\xd0\xb0', b'\xe2\x96\x81\xd0\xbf\xd0\xbe\xd1\x82\xd1\x88\xd3\xa7\xd1\x81\xd1\x8a\xd1\x8f\xd1\x81', b'\xe2\x96\x81\xd0\xba\xd0\xbe\xd0\xb4\xd0\xbb\xd1\x8b\xd1\x81\xd1\x8c\xd0\xba\xd3\xa7', b'\xe2\x96\x81\xd1\x87\xd0\xb0\xd1\x88\xd0\xbd\xd0\xb8\xd1\x82\xd3\xa7\xd0\xbc\xd0\xb0', b'\xe2\x96\x81\xd0\xb2\xd0\xb5\xd0\xb2\xd1\x82\xd1\x81\xd3\xa7', b'\xe2\x96\x81\xd1\x88\xd0\xb5\xd0\xbd\xd0\xb7\xd0\xb8', b'\xe2\x96\x81\xd1\x82\xd3\xa7\xd0\xb4\xd0\xbc\xd0\xb0\xd0\xbb\xd1\x96', b'\xe2\x96\x81\xd1\x88\xd0\xb5\xd1\x80\xd1\x8b\xd1\x81\xd0\xbb\xd3\xa7\xd0\xbd', b'\xe2\x96\x81\xd0\xb2\xd3\xa7\xd0\xbb\xd3\xa7\xd0\xbc\xd0\xb0', b'\xe2\x96\x81\xd0\x9d\xd0\xb5\xd1\x8b\xd0\xbb\xd1\x8b\xd1\x81\xd1\x81\xd0\xb0', b'\xd0\xb3\xd1\x80\xd0\xb5\xd0\xb7\xd0\xb4\xd1\x8b\xd0\xbd', b'\xe2\x96\x81\xd1\x82\xd3\xa7\xd0\xb4\xd0\xbb\xd3\xa7\xd0\xbc\xd0\xb0\xd3\xa7\xd1\x81\xd1\x8c', b'\xe2\x96\x81\xd1\x81\xd1\x82\xd1\x80\xd0\xb0\xd0\xbd\xd0\xb0\xd1\x8b\xd0\xbd', b'\xe2\x96\x81\xd1\x82\xd3\xa7\xd0\xb4\xd3\xa7\xd0\xbd\xd1\x8b', b'\xe2\x96\x81\xd0\x92\xd0\xbe\xd1\x80\xd0\xbe\xd1\x88\xd0\xb8\xd0\xbb\xd0\xbe\xd0\xb2\xd3\xa7\xd1\x81', b'\xe2\x96\x81\xd0\xa1\xd0\xbe\xd0\xb2\xd0\xb5\xd1\x82\xd1\x81\xd0\xba\xd3\xa7\xd0\xb9', b'\xe2\x96\x81\xd0\xa1\xd0\xbe\xd1\x8e\xd0\xb7\xd1\x81\xd0\xb0', b'\xe2\x96\x81\xd0\xbc\xd0\xb0\xd1\x80\xd1\x88\xd0\xb0\xd0\xbb\xd3\xa7\xd1\x81', b'\xe2\x96\x81\xd0\x9e\xd0\xb1\xd0\xbe\xd1\x80\xd0\xbe\xd0\xbd\xd0\xb0', b'\xe2\x96\x81\xd0\x9d\xd0\xb0\xd1\x80\xd0\xbe\xd0\xb4\xd0\xbd\xd3\xa7\xd0\xb9', b'\xe2\x96\x81\xd0\x9a\xd0\xbe\xd0\xbc\xd0\xb8\xd1\x81\xd1\x81\xd0\xb0\xd1\x80\xd3\xa7\xd1\x81', b'\xe2\x96\x81\xd0\xa2\xd3\xa7\xd0\xb4\xd3\xa7\xd0\xbd\xd1\x8b', b'\xe2\x96\x81\xd1\x80\xd0\xb0\xd0\xb4\xd0\xb5\xd0\xb9\xd1\x82\xd3\xa7\xd0\xbd\xd1\x8b', b'\xe2\x96\x81\xd0\xba\xd3\xa7\xd1\x81\xd0\xb9\xd3\xa7\xd0\xbd\xd1\x8b', b'\xe2\x96\x81\xd0\xb8\xd1\x87\xd3\xa7\xd1\x82\xd0\xb4\xd1\x8b\xd1\x80\xd0\xb9\xd0\xb8\xd1\x8b\xd1\x81', b'\xe2\x96\x81\xd0\xb1\xd0\xbe\xd0\xbb\xd1\x8c\xd1\x88\xd0\xb5\xd0\xb2\xd0\xb8\xd0\xba\xd3\xa7\xd0\xbd', b'\xe2\x96\x81\xd0\x90\xd1\x80\xd0\xbc\xd0\xb8\xd1\x8f\xd1\x81\xd0\xb0', b'\xe2\x96\x81\xd0\xbd\xd1\x83\xd3\xa7\xd0\xb4\xd1\x96\xd1\x81', b'\xe2\x96\x81\xd0\xb1\xd0\xbe\xd0\xb9\xd3\xa7', b'\xe2\x96\x81\xd0\xb0\xd1\x80\xd0\xbc\xd0\xb8\xd1\x8f\xd1\x8f\xd1\x81\xd3\xa7\xd1\x81', b'\xe2\x96\x81\xd0\xb1\xd0\xb5\xd0\xbb\xd3\xa7\xd0\xb9\xd1\x8f\xd1\x81\xd0\xbb\xd1\x8b', b'\xe2\x96\x81\xd0\xb2\xd0\xb5\xd1\x80\xd0\xbc\xd1\x8b\xd0\xb2\xd0\xbb\xd1\x96\xd1\x81', b'\xe2\x96\x81\xd0\xb2\xd1\x80\xd0\xb0\xd0\xb3\xd1\x8a\xd1\x8f\xd1\x81\xd3\xa7\xd1\x81', b'\xe2\x96\x81\xd0\xbf\xd0\xbe\xd0\xbb\xd1\x83\xd1\x87\xd0\xb8\xd1\x82\xd1\x96\xd1\x81', b'\xe2\x96\x81\xd0\xbe\xd1\x80\xd0\xb4\xd0\xb5\xd0\xbd\xd1\x8a\xd1\x8f\xd1\x81\xd1\x81\xd3\xa7', b'\xe2\x96\x81\xd0\xb4\xd0\xb7\xd0\xb8\xd1\x80\xd0\xb4\xd0\xb0\xd0\xbb\xd3\xa7\xd0\xbd\xd1\x8b', b'\xe2\x96\x81\xd0\xbf\xd0\xb5\xd1\x80\xd0\xb2\xd0\xbe\xd0\xbc\xd0\xb0\xd0\xb9\xd1\x81\xd0\xba\xd3\xa7\xd0\xb9', b'\xe2\x96\x81\xd0\xbf\xd0\xb0\xd1\x80\xd0\xb0\xd0\xb4', b'\xe2\x96\x81\xd0\x9c\xd0\xbe\xd1\x81\xd0\xba\xd0\xbe\xd0\xb2\xd1\x81\xd0\xba\xd3\xa7\xd0\xb9', b'\xe2\x96\x81\xd0\x9a\xd1\x80\xd0\xb5\xd0\xbc\xd0\xbb\xd1\x8c\xd1\x81\xd0\xb0', b'\xe2\x96\x81\xd0\xa1\xd0\xbf\xd0\xb0\xd1\x81\xd1\x81\xd0\xba\xd3\xa7\xd0\xb9', b'\xe2\x96\x81\xd0\xb1\xd0\xb0\xd1\x88\xd0\xbd\xd1\x8f', b'\xe2\x96\x81\xd0\xb2\xd0\xbe\xd1\x80\xd0\xbe\xd1\x82\xd0\xb0\xd1\x8b\xd1\x81\xd1\x8c', b'\xe2\x96\x81\xd0\xb2\xd0\xb8\xd1\x81\xd1\x8c\xd1\x82\xd0\xb0\xd0\xb2\xd0\xbd\xd1\x8b', b'\xe2\x96\x81\xd0\xb3\xd0\xbb\xd0\xb0\xd0\xb2\xd0\xbd\xd3\xa7\xd0\xb9\xd1\x82\xd0\xbe\xd1\x80', b'\xe2\x96\x81\xd0\xb9\xd1\x8b\xd0\xb2\xd1\x81\xd1\x8c\xd1\x8b\xd1\x81', b'\xe2\x96\x81\xd0\xbb\xd0\xbe\xd0\xbb\xd1\x8b\xd0\xb2\xd0\xbb\xd1\x96\xd1\x81', b'\xe2\x96\x81\xd1\x91\xd1\x80\xd1\x82\xd0\xbb\xd3\xa7\xd0\xbd', b'\xe2\x96\x81\xd0\xb7\xd0\xb0\xd0\xbc\xd0\xb5\xd1\x87\xd0\xb0\xd1\x82\xd0\xb5\xd0\xbb\xd1\x8c\xd0\xbd\xd3\xa7\xd0\xb9', b'\xe2\x96\x81\xd0\xbe\xd0\xbb\xd3\xa7\xd0\xbc\xd0\xb0\xd1\x81', b'\xe2\x96\x81\xd0\xba\xd0\xbe\xd0\xb2\xd0\xbc\xd0\xb0\xd1\x81', b'\xe2\x96\x81\xd0\x94\xd0\xb6\xd0\xb5\xd0\xbd\xd1\x8c\xd1\x8b\xd0\xb4\xd0\xb8\xd0\xba', b'\xe2\x96\x81\xd0\xb2\xd0\xb8\xd1\x81\xd1\x8c\xd1\x82\xd3\xa7', b'\xe2\x96\x81\xd0\xba\xd0\xbd\xd0\xb8\xd0\xb3\xd0\xb0\xd0\xb0\xd1\x81', b'\xe2\x96\x81\xd0\xb2\xd0\xb8\xd1\x81\xd1\x8c\xd1\x82\xd0\xb0\xd0\xbb\xd0\xb0\xd0\xbc', b'\xe2\x96\x81\xd0\xbd\xd1\x91\xd0\xbb\xd1\x8c', b'\xe2\x96\x81\xd1\x81\xd0\xb0\xd0\xbc\xd3\xa7\xd0\xb9', b'\xe2\x96\x81\xd0\xbe\xd0\xb1\xd1\x8b\xd0\xba\xd0\xbd\xd0\xbe\xd0\xb2\xd0\xb5\xd0\xbd\xd0\xbd\xd3\xa7\xd0\xb9', b'\xe2\x96\x81\xd1\x81\xd0\xbb\xd1\x83\xd1\x87\xd0\xb0\xd0\xb9', b'\xe2\x96\x81\xd0\xb3\xd1\x80\xd0\xb0\xd0\xb6\xd0\xb4\xd0\xb0\xd0\xbd\xd1\x81\xd0\xba\xd3\xa7\xd0\xb9', b'\xe2\x96\x81\xd0\xb2\xd0\xbe\xd0\xb9\xd0\xbd\xd0\xb0', b'\xe2\x96\x81\xd0\xbb\xd1\x83\xd0\xbd\xd1\x8a\xd1\x8f\xd1\x81\xd1\x8b\xd0\xbd', b'\xe2\x96\x81\xd0\xb2\xd3\xa7\xd0\xb2\xd0\xbb\xd1\x96\xd0\xbd\xd1\x8b', b'\xe2\x96\x81\xd1\x84\xd1\x80\xd0\xbe\xd0\xbd\xd1\x82', b'\xe2\x96\x81\xd0\x95\xd1\x84\xd1\x80\xd0\xb5\xd0\xbc\xd0\xbe\xd0\xb2\xd0\xb8\xd1\x87\xd0\xba\xd3\xa7\xd0\xb4', b'\xe2\x96\x81\xd0\xbc\xd1\x83\xd0\xbd\xd1\x96\xd1\x81\xd0\xbd\xd1\x8b', b'\xe2\x96\x81\xd0\xb1\xd0\xbe\xd0\xb9\xd1\x8f\xd1\x81', b'\xe2\x96\x81\xd0\xba\xd1\x80\xd0\xb0\xd1\x81\xd0\xbd\xd0\xbe\xd0\xb0\xd1\x80\xd0\xbc\xd0\xb5\xd0\xb9\xd1\x81\xd0\xba\xd3\xa7\xd0\xb9', b'\xe2\x96\x81\xd1\x87\xd0\xb0\xd1\x81\xd1\x82\xd1\x8c\xd1\x8f\xd1\x81', b'\xe2\x96\x81\xd0\xbf\xd0\xb8\xd1\x81\xd1\x8c\xd0\xba\xd3\xa7\xd0\xb4\xd1\x87\xd0\xb8\xd1\x81\xd0\xbd\xd1\x8b', b'\xe2\x96\x81\xd1\x80\xd1\x8b\xd1\x82\xd1\x8b\xd0\xb2\xd0\xb2\xd1\x8b\xd0\xb2\xd0\xbb\xd0\xb0\xd0\xbd\xd1\x8c', b'\xe2\x96\x81\xd0\x92\xd0\xbe\xd0\xbb\xd0\xb3\xd0\xb0\xd0\xbb\xd0\xb0\xd0\xbd\xd1\x8c', b'\xe2\x96\x81\xd0\xa6\xd0\xb0\xd1\x80\xd0\xb8\xd1\x86\xd1\x8b\xd0\xbd', b'\xe2\x96\x81\xd0\xba\xd0\xb0\xd1\x80\xd0\xbb\xd0\xb0\xd0\xbd\xd1\x8c', b'\xe2\x96\x81\xd1\x88\xd1\x83\xd1\x81\xd1\x8c\xd3\xa7', b'\xe2\x96\x81\xd0\xa1\xd1\x82\xd0\xb0\xd0\xbb\xd0\xb8\xd0\xbd\xd0\xb3\xd1\x80\xd0\xb0\xd0\xb4\xd3\xa7\xd0\xbd', b'\xe2\x96\x81\xd0\xb1\xd0\xb5\xd0\xbb\xd3\xa7\xd0\xb9\xd1\x8f\xd1\x81', b'\xe2\x96\x81\xd0\xbf\xd0\xbe\xd1\x82\xd1\x88\xd0\xb8\xd1\x81\xd0\xbd\xd1\x8b', b'\xe2\x96\x81\xd0\xb1\xd0\xbe\xd0\xba\xd1\x81\xd1\x8f\xd0\xbd\xd1\x8c', b'\xe2\x96\x81\xd0\x91\xd1\x8b\xd0\xb4\xd0\xbb\xd0\xb0\xd1\x8b\xd1\x81\xd1\x8c', b'\xe2\x96\x81\xd0\xb2\xd0\xb8\xd0\xbd\xd1\x82\xd0\xbe\xd0\xb2\xd0\xba\xd0\xb0\xd1\x8f\xd1\x81\xd0\xbb\xd3\xa7\xd0\xbd', b'\xe2\x96\x81\xd1\x82\xd1\x80\xd0\xb0\xd1\x87\xd3\xa7\xd0\xb4\xd1\x87\xd3\xa7\xd0\xbc', b'\xe2\x96\x81\xd0\xbe\xd1\x80\xd1\x83\xd0\xb4\xd0\xb8\xd0\xb5\xd1\x8b\xd1\x81\xd1\x8c', b'\xe2\x96\x81\xd0\xbb\xd1\x8b\xd0\xb9\xd0\xbb\xd3\xa7\xd0\xbc', b'\xe2\x96\x81\xd0\xb2\xd0\xb7\xd1\x80\xd1\x8b\xd0\xb2\xd1\x8a\xd1\x8f\xd1\x81\xd0\xbb\xd3\xa7\xd0\xbd', b'\xe2\x96\x81\xd0\xb3\xd1\x80\xd1\x8b\xd0\xbc\xd0\xb3\xd3\xa7\xd0\xbc', b'\xe2\x96\x81\xd0\xb2\xd0\xbe\xd0\xb9\xd1\x81\xd0\xba\xd0\xb0\xd1\x8f\xd1\x81', b'\xe2\x96\x81\xd0\xb2\xd0\xbe\xd0\xb4\xd0\xb7\xd1\x81\xd1\x8c\xd1\x8b\xd0\xbd\xd1\x8b\xd1\x81', b'\xe2\x96\x81\xd1\x8b\xd0\xbb\xd1\x8b\xd1\x81\xd1\x8c', b'\xe2\x96\x81\xd0\xb0\xd0\xb4\xd0\xb4\xd0\xb7\xd0\xb8\xd1\x81\xd0\xbd\xd1\x8b', b'\xe2\x96\x81\xd0\x9f\xd1\x8f\xd1\x82\xd0\xb8\xd0\xb8\xd0\xb7\xd0\xb1\xd0\xb5\xd0\xbd\xd0\xbd\xd3\xa7\xd0\xb9', b'\xe2\x96\x81\xd1\x81\xd1\x82\xd0\xb0\xd0\xbd\xd0\xb8\xd1\x86\xd0\xb0', b'\xe2\x96\x81\xd0\xb2\xd0\xb8\xd1\x87\xd1\x87\xd1\x8b\xd1\x81\xd1\x8c\xd1\x82\xd3\xa7\xd0\xb3', b'\xe2\x96\x81\xd0\x9d\xd0\xb8', b'\xe2\x96\x81\xd0\xb3\xd0\xbe\xd1\x80\xd0\xb7\xd3\xa7\xd0\xbc\xd1\x8a\xd1\x8f\xd1\x81', b'\xe2\x96\x81\xd0\xbb\xd1\x8b\xd0\xb9\xd1\x81\xd1\x8c\xd3\xa7\xd0\xbc\xd1\x8a\xd1\x8f\xd1\x81', b'\xe2\x96\x81\xd1\x81\xd1\x8b\xd0\xbb\xd1\x96\xd1\x81', b'\xe2\x96\x81\xd0\x9a\xd1\x8b\xd1\x82\xd1\x87\xd3\xa7', b'\xe2\x96\x81\xd0\xb2\xd0\xbe\xd1\x88\xd0\xb8', b'\xe2\x96\x81\xd0\x9a\xd1\x8b\xd1\x82\xd1\x8b\xd1\x81\xd1\x8c', b'\xe2\x96\x81\xd0\xbb\xd1\x8d\xd0\xb1\xd1\x8b\xd1\x88\xd1\x82\xd0\xb0\xd1\x81', b'\xe2\x96\x81\xd0\x9d\xd0\xb5\xd0\xba\xd0\xbe\xd0\xb4', b'\xe2\x96\x81\xd0\x92\xd0\xbe\xd0\xb9\xd0\xbd\xd0\xb0', b'\xe2\x96\x81\xd0\xb3\xd3\xa7\xd0\xb3\xd3\xa7\xd1\x80\xd0\xb2\xd0\xbe\xd1\x82\xd3\xa7\xd0\xbc\xd1\x8b\xd1\x81', b'\xe2\x96\x81\xd0\xbb\xd1\x91\xd0\xba\xd0\xb4\xd0\xb6\xd1\x8b\xd0\xba', b'\xe2\x96\x81\xd0\xb1\xd0\xbe\xd0\xb9\xd1\x8b\xd1\x81\xd1\x8c', b'\xe2\x96\x81\xd0\x9d\xd0\xb5\xd0\xbf\xd1\x80\xd0\xb8\xd1\x8f\xd1\x82\xd0\xb5\xd0\xbb\xd1\x8c', b'\xe2\x96\x81\xd1\x81\xd1\x82\xd1\x80\xd0\xb0\xd1\x88\xd0\xbd\xd3\xa7\xd0\xb9', b'\xe2\x96\x81\xd0\xb2\xd3\xa7\xd1\x87\xd3\xa7', b'\xe2\x96\x81\xd0\x9a\xd0\xbe\xd0\xbb\xd3\xa7', b'\xe2\x96\x81\xd1\x81\xd0\xbc\xd0\xb5\xd0\xbb\xd3\xa7\xd0\xb9', b'\xe2\x96\x81\xd0\xbf\xd0\xb5\xd0\xbc\xd1\x8b\xd0\xb4', b'\xe2\x96\x81\xd0\xbf\xd0\xbe\xd1\x81\xd1\x91\xd0\xbb\xd0\xbe\xd0\xba\xd3\xa7', b'\xe2\x96\x81\xd1\x82\xd3\xa7\xd0\xb4\xd0\xbc\xd0\xb0\xd0\xb2\xd0\xbd\xd1\x8b', b'\xe2\x96\x81\xd0\xb4\xd0\xb7\xd0\xb5\xd0\xb1\xd1\x81\xd1\x8f\xd1\x81\xd1\x8c', b'\xe2\x96\x81\xd0\xb2\xd1\x8b\xd0\xb2\xd1\x82\xd1\x96', b'\xe2\x96\x81\xd0\xbe\xd0\xbf\xd0\xb0\xd1\x81\xd0\xbd\xd3\xa7\xd0\xb9', b'\xe2\x96\x81\xd0\xbc\xd0\xbe\xd0\xb3\xd3\xa7\xd0\xbd', b'\xe2\x96\x81\xd0\xba\xd0\xbe\xd0\xbb\xd0\xb0\xd0\xbd\xd0\xb0\xd3\xa7\xd0\xbd', b'\xe2\x96\x81\xd0\xa0\xd0\xb5\xd1\x88\xd0\xb8\xd1\x82\xd1\x96\xd1\x81\xd0\xbd\xd1\x8b', b'\xe2\x96\x81\xd1\x8b\xd1\x81\xd1\x82\xd1\x8b\xd0\xbd\xd1\x8b', b'\xe2\x96\x81\xd0\xb1\xd1\x80\xd0\xbe\xd0\xbd\xd0\xb5\xd0\xb2\xd0\xb8\xd1\x87\xd0\xbe\xd0\xba', b'\xe2\x96\x81\xd0\xbf\xd1\x83\xd0\xbb\xd0\xb5\xd0\xbc\xd1\x91\xd1\x82\xd0\xb0', b'\xe2\x96\x81\xd0\xb1\xd1\x80\xd0\xbe\xd0\xbd\xd0\xb8\xd1\x80\xd0\xbe\xd0\xb2\xd0\xb0\xd0\xbd\xd0\xbd\xd3\xa7\xd0\xb9', b'\xe2\x96\x81\xd0\xb0\xd0\xb2\xd1\x82\xd0\xbe\xd0\xbc\xd0\xbe\xd0\xb1\xd0\xb8\xd0\xbb\xd1\x8c', b'\xe2\x96\x81\xd0\xb6\xd1\x83\xd0\xb3\xd0\xbb\xd0\xb0\xd1\x81\xd1\x8c\xd3\xa7\xd0\xbc', b'\xe2\x96\x81\xd0\xbc\xd3\xa7\xd0\xb4\xd1\x82\xd0\xbe\xd1\x80', b'\xe2\x96\x81\xd0\xba\xd0\xb8\xd0\xbf\xd0\xbe\xd0\xb4', b'\xe2\x96\x81\xd1\x83\xd0\xbb\xd0\xb0\xd0\xbd\xd1\x8b\xd1\x81', b'\xe2\x96\x81\xd0\xad\xd1\x80\xd0\xb4', b'\xe2\x96\x81\xd0\xbf\xd0\xb5\xd1\x82\xd1\x96\xd0\xb3\xd3\xa7\xd0\xbd', b'\xe2\x96\x81\xd0\xb8\xd0\xb7\xd0\xb2\xd0\xb5\xd1\x81\xd1\x82\xd0\xbd\xd3\xa7', b'\xe2\x96\x81\xd0\xb1\xd1\x80\xd0\xbe\xd0\xbd\xd0\xb5\xd0\xb2\xd0\xb8\xd0\xba\xd1\x81\xd0\xb0', b'\xe2\x96\x81\xd0\xb0\xd1\x80\xd0\xbc\xd0\xb8\xd1\x8f\xd3\xa7\xd0\xbd', b'\xe2\x96\x81\xd0\xba\xd0\xbe\xd0\xbc\xd0\xb0\xd0\xbd\xd0\xb4\xd1\x83\xd0\xb9\xd1\x82\xd1\x8b\xd1\x81\xd1\x8c', b'\xe2\x96\x81\xd0\xa2\xd1\x8b\xd0\xb4\xd0\xb0\xd0\xbb\xd3\xa7', b'\xe2\x96\x81\xd1\x80\xd0\xb0\xd0\xb7\xd0\xb2\xd0\xb5\xd0\xb4\xd0\xba\xd0\xb0\xd1\x8b\xd1\x81', b'\xe2\x96\x81\xd0\xbb\xd1\x83\xd0\xbd\xd0\xbd\xd0\xb0\xd1\x81', b'\xe2\x96\x81\xd0\xb2\xd0\xb0\xd0\xb6\xd0\xbd\xd3\xa7\xd0\xb9', b'\xe2\x96\x81\xd0\xb4\xd0\xb5\xd0\xbb\xd3\xa7\xd3\xa7\xd0\xbd', b'\xe2\x96\x81\xd1\x80\xd0\xb5\xd1\x88\xd0\xb8\xd1\x82\xd1\x87\xd0\xb8\xd1\x81', b'\xe2\x96\x81\xd0\xb2\xd0\xbe\xd1\x81\xd1\x8c\xd1\x81\xd0\xb0', b'\xe2\x96\x81\xd0\xb2\xd1\x8b\xd0\xb2\xd1\x81\xd3\xa7', b'\xe2\x96\x81\xd1\x82\xd0\xbe\xd1\x80\xd0\xb9\xd3\xa7\xd0\xb4\xd1\x96\xd1\x81', b'\xe2\x96\x81\xd0\xb1\xd0\xbe\xd0\xb5\xd1\x86\xd1\x8a\xd1\x8f\xd1\x81\xd3\xa7\xd1\x81', b'\xe2\x96\x81\xd1\x81\xd0\xb8\xd0\xba\xd1\x82\xd1\x8b\xd1\x81\xd1\x8c', b'\xe2\x96\x81\xd0\xbf\xd0\xbe\xd1\x81\xd1\x91\xd0\xbb\xd0\xbe\xd0\xba\xd0\xb0\xd1\x81', b'\xe2\x96\x81\xd0\x93\xd0\xbb\xd0\xb0\xd0\xb2\xd0\xbd\xd3\xa7\xd0\xb9', b'\xe2\x96\x81\xd1\x83\xd0\xbb\xd0\xb8\xd1\x87\xd0\xb0\xd1\x8b\xd1\x81', b'\xe2\x96\x81\xd0\xba\xd1\x83\xd1\x88', b'\xe2\x96\x81\xd0\xb2\xd0\xb5\xd1\x80\xd0\xbc\xd0\xb8\xd1\x81\xd0\xbd\xd1\x8b', b'\xe2\x96\x81\xd0\xb1\xd0\xbe\xd0\xba\xd0\xb8\xd1\x81\xd0\xb0', b'\xe2\x96\x81\xd0\xbf\xd0\xb5\xd1\x80\xd0\xb5\xd1\x83\xd0\xbb\xd0\xbe\xd0\xba\xd1\x8a\xd1\x8f\xd1\x81\xd0\xb0\xd1\x81', b'\xe2\x96\x81\xd0\x9e\xd0\xb4\xd1\x81\xd3\xa7', b'\xe2\x96\x81\xd1\x87\xd0\xb8\xd0\xbd\xd1\x82\xd1\x8b\xd1\x82\xd3\xa7\xd0\xb3', b'\xe2\x96\x81\xd0\xb2\xd0\xb5\xd1\x81\xd1\x8c\xd0\xba\xd3\xa7\xd0\xb4\xd1\x96\xd1\x81', b'\xe2\x96\x81\xd0\xbf\xd0\xb5\xd1\x80\xd0\xb5\xd1\x83\xd0\xbb\xd0\xbe\xd0\xba\xd3\xa7', b'\xe2\x96\x81\xd0\xba\xd1\x80\xd1\x83\xd1\x82\xd3\xa7\xd1\x8f', b'\xe2\x96\x81\xd0\xba\xd0\xb5\xd0\xb6\xd3\xa7', b'\xe2\x96\x81\xd3\xa7\xd0\xb4\xd0\xb2\xd0\xb0', b'\xe2\x96\x81\xd0\xbc\xd0\xb0\xd1\x88\xd0\xb8\xd0\xbd\xd0\xb0\xd1\x8b\xd1\x81', b'\xe2\x96\x81\xd0\xb1\xd0\xb5\xd1\x80\xd0\xb3\xd3\xa7\xd0\xb4\xd1\x87', b'\xd0\xb0\xd0\xbd\xd1\x96\xd0\xbd\xd3\xa7\xd0\xb4\xd0\xb7\xd1\x8b\xd1\x81', b'\xe2\x96\x81\xd0\xb2\xd1\x8b\xd0\xbd\xd1\x81\xd1\x8c\xd1\x8b\xd1\x81', b'\xe2\x96\x81\xd0\xba\xd1\x83\xd1\x82\xd1\x87\xd1\x8b\xd1\x81\xd0\xb8\xd1\x81', b'\xe2\x96\x81\xd1\x82\xd0\xbe\xd1\x80\xd0\xbc\xd0\xbe\xd0\xb7', b'\xe2\x96\x81\xd0\xb3\xd3\xa7\xd0\xb3\xd3\xa7\xd1\x80\xd0\xb2\xd0\xbe\xd0\xb8\xd1\x81', b'\xe2\x96\x81\xd0\xbb\xd1\x91\xd0\xba\xd1\x82\xd0\xbe\xd1\x80', b'\xe2\x96\x81\xd0\x9f\xd0\xb5\xd1\x80\xd0\xb5\xd1\x83\xd0\xbb\xd0\xbe\xd0\xba\xd1\x8b\xd1\x81', b'\xe2\x96\x81\xd0\xbf\xd0\xbe\xd0\xbc\xd0\xb0\xd1\x81\xd0\xb8\xd1\x81', b'\xe2\x96\x81\xd1\x82\xd1\x83\xd0\xbf\xd0\xb8\xd0\xba\xd3\xa7\xd0\xbd', b'\xe2\x96\x81\xd0\x9c\xd3\xa7\xd0\xb4', b'\xe2\x96\x81\xd0\xbf\xd0\xb5\xd1\x82\xd0\xb0\xd0\xbd\xd1\x96\xd0\xbd', b'\xe2\x96\x81\xd0\xa1\xd1\x8d\xd0\xbd\xd1\x96', b'\xe2\x96\x81\xd0\xbf\xd0\xb5\xd1\x80\xd0\xb5\xd1\x83\xd0\xbb\xd0\xbe\xd0\xba', b'\xe2\x96\x81\xd0\xbf\xd0\xbe\xd0\xbc\xd0\xb0\xd1\x81', b'\xe2\x96\x81\xd0\xb7\xd0\xb0\xd0\xb1\xd0\xbe\xd1\x80\xd1\x8a\xd1\x8f\xd1\x81', b'\xe2\x96\x81\xd0\xb4\xd0\xbe\xd0\xbc\xd0\xb0\xd0\xb2\xd0\xbb\xd3\xa7\xd0\xbc\xd0\xb0\xd3\xa7\xd1\x81\xd1\x8c', b'\xe2\x96\x81\xd1\x81\xd0\xb5\xd0\xb4\xd0\xbb\xd3\xa7\xd0\xb0', b'\xe2\x96\x81\xd0\xb2\xd3\xa7\xd0\xb2\xd1\x8a\xd1\x8f\xd1\x81\xd3\xa7\xd1\x81', b'\xe2\x96\x81\xd3\xa7\xd0\xb4\xd0\xb7\xd3\xa7\xd1\x81\xd1\x8a\xd1\x8f\xd1\x81\xd1\x81\xd1\x8c\xd1\x8b\xd1\x81', b'\xe2\x96\x81\xd0\xb2\xd0\xbe\xd1\x80\xd0\xbe\xd1\x82\xd0\xb0\xd1\x8f\xd1\x81\xd1\x81\xd1\x8c\xd1\x8b\xd1\x81', b'\xe2\x96\x81\xd0\xba\xd0\xb0\xd0\xbb\xd0\xb8\xd1\x82\xd0\xba\xd0\xb0\xd1\x8f\xd1\x81\xd1\x81\xd1\x8c\xd1\x8b\xd1\x81', b'\xe2\x96\x81\xd0\xbc\xd0\xbe\xd1\x82\xd0\xbe\xd1\x80', b'\xe2\x96\x81\xd1\x88\xd1\x83\xd0\xbc', b'\xe2\x96\x81\xd0\xba\xd0\xbe\xd1\x82\xd3\xa7\xd1\x80\xd1\x82\xd1\x96\xd1\x81\xd0\xbd\xd1\x8b', b'\xe2\x96\x81\xd0\xb2\xd0\xbe\xd0\xbe\xd1\x80\xd1\x83\xd0\xb6\xd0\xb8\xd1\x82\xd1\x87\xd3\xa7\xd0\xbc', b'\xe2\x96\x81\xd0\x91\xd0\xb5\xd0\xbb\xd3\xa7\xd0\xb9\xd1\x8f\xd1\x81', b'\xe2\x96\x81\xd1\x81\xd1\x83\xd0\xb2\xd1\x82\xd3\xa7\xd0\xb4\xd1\x96\xd1\x81', b'\xe2\x96\x81\xd0\xa7\xd1\x83\xd0\xb6\xd3\xa7\xd0\xbc\xd1\x8b\xd1\x81', b'\xe2\x96\x81\xd0\xbc\xd0\xb5\xd0\xbb', b'\xe2\x96\x81\xd0\xb2\xd3\xa7\xd1\x87\xd0\xb0\xd0\xbd', b'\xe2\x96\x81\xd1\x82\xd0\xbe\xd1\x80\xd0\xbc\xd0\xbe\xd0\xb7\xd0\xb8\xd1\x82\xd1\x96\xd0\xbd', b'\xe2\x96\x81\xd0\x92\xd0\xb5\xd0\xba\xd0\xbd\xd0\xb8', b'\xe2\x96\x81\xd0\x9c\xd1\x83\xd0\xbd\xd1\x96\xd0\xb3\xd0\xbc\xd0\xbe\xd0\xb7\xd1\x8b\xd1\x81', b'\xe2\x96\x81\xd0\xb1\xd0\xb5\xd1\x80\xd0\xb3\xd3\xa7\xd0\xb4\xd1\x87\xd1\x8b\xd0\xbd\xd1\x8b\xd1\x81', b'\xe2\x96\x81\xd1\x83\xd0\xb4\xd0\xb8\xd1\x82', b'\xe2\x96\x81\xd1\x82\xd0\xb0\xd0\xb9\xd3\xa7\xd1\x81', b'\xe2\x96\x81\xd0\xba\xd0\xb0\xd0\xb7\xd0\xb0\xd0\xba\xd1\x8a\xd1\x8f\xd1\x81', b'\xe2\x96\x81\xd0\xb3\xd0\xbe\xd1\x80\xd0\xb7\xd1\x96\xd0\xb3\xd1\x82\xd1\x8b\xd1\x80\xd0\xb9\xd0\xb8', b'\xe2\x96\x81\xd1\x83\xd1\x81\xd1\x8c\xd0\xba\xd3\xa7\xd0\xb4\xd1\x87\xd0\xb8\xd1\x81\xd0\xbd\xd1\x8b', b'\xe2\x96\x81\xd0\xbc\xd0\xb0\xd1\x88\xd0\xb8\xd0\xbd\xd0\xb0\xd0\xbb\xd0\xb0\xd0\xbd\xd1\x8c', b'\xe2\x96\x81\xd0\xb1\xd1\x80\xd0\xbe\xd0\xbd\xd0\xb5\xd0\xb2\xd0\xb8\xd0\xba', b'\xe2\x96\x81\xd1\x88\xd1\x83\xd0\xbc\xd0\xb8\xd1\x82\xd0\xbd\xd1\x8b', b'\xe2\x96\x81\xd1\x82\xd1\x80\xd0\xb0\xd1\x82\xd1\x88\xd0\xba\xd0\xb0\xd0\xba\xd1\x8b\xd0\xb2\xd0\xbd\xd1\x8b', b'\xe2\x96\x81\xd1\x87\xd0\xb5\xd1\x87\xd1\x87\xd0\xb0\xd0\xb2\xd0\xbd\xd1\x8b', b'\xe2\x96\x81\xd1\x83\xd0\xb4\xd0\xb6\xd0\xb0\xd0\xb2\xd0\xbd\xd1\x8b', b'\xe2\x96\x81\xd0\xba\xd1\x80\xd0\xb0\xd1\x81\xd0\xbd\xd3\xa7\xd0\xb9\xd1\x8f\xd1\x81\xd0\xbb\xd3\xa7\xd0\xbd', b'\xe2\x96\x81\xd0\xbf\xd1\x83\xd0\xbb\xd0\xb5\xd0\xbc\xd1\x91\xd1\x82', b'\xe2\x96\x81\xd0\x90\xd0\xb3\xd0\xb0', b'\xe2\x96\x81\xd0\xba\xd0\xb0\xd0\xb6\xd0\xb8\xd1\x82\xd1\x87\xd1\x8b', b'\xe2\x96\x81\xd0\x92\xd0\xbe\xd0\xb4\xd1\x96\xd0\xbd\xd0\xbd\xd1\x8b\xd0\xb4', b'\xe2\x96\x81\xd0\xbf\xd1\x83\xd0\xbb\xd1\x8f\xd1\x8f\xd1\x81', b'\xe2\x96\x81\xd0\xb1\xd0\xb0\xd0\xbd\xd0\xb4\xd0\xb8\xd1\x82\xd1\x8a\xd1\x8f\xd1\x81', b'\xe2\x96\x81\xd0\xbf\xd0\xb0\xd1\x80\xd1\x8a\xd1\x8f\xd1\x81\xd1\x81\xd3\xa7', b'\xe2\x96\x81\xd0\xba\xd1\x83\xd1\x80\xd1\x87\xd1\x87\xd3\xa7\xd0\xbc\xd3\xa7\xd0\xbd', b'\xe2\x96\x81\xd1\x82\xd1\x80\xd0\xb0\xd0\xba\xd0\xbd\xd0\xb8\xd1\x82\xd1\x96\xd1\x81', b'\xe2\x96\x81\xd0\xb7\xd0\xb0\xd0\xb4\xd0\xbd\xd1\x8c\xd3\xa7\xd0\xb9', b'\xe2\x96\x81\xd1\x85\xd0\xbe\xd0\xb4\xd0\xbb\xd1\x8b\xd1\x81\xd1\x8c', b'\xe2\x96\x81\xd1\x80\xd1\x8b\xd1\x87\xd0\xb0\xd0\xb3\xd1\x81\xd3\xa7', b'\xe2\x96\x81\xd0\x9e\xd1\x85', b'\xe2\x96\x81\xd0\xb1\xd0\xb5\xd0\xb4\xd0\xb0', b'\xe2\x96\x81\xd0\x97\xd0\xb0\xd0\xb4\xd0\xbd\xd1\x8c\xd3\xa7\xd0\xb9', b'\xe2\x96\x81\xd1\x85\xd0\xbe\xd0\xb4\xd1\x8b\xd1\x81', b'\xe2\x96\x81\xd0\xbf\xd0\xbe\xd1\x80\xd1\x82\xd0\xb8\xd1\x82\xd1\x87\xd0\xb8\xd1\x81', b'\xe2\x96\x81\xd0\x9a\xd1\x80\xd1\x83\xd0\xba\xd0\xb0\xd1\x81\xd0\xb8\xd1\x81', b'\xe2\x96\x81\xd0\x9d\xd0\xb5', b'\xe2\x96\x81\xd0\xbc\xd0\xb8\xd1\x8f\xd0\xbd\xd0\xbb\xd1\x8b', b'\xe2\x96\x81\xd0\xb3\xd3\xa7\xd0\xb3\xd3\xa7\xd1\x80\xd0\xb2\xd0\xbe\xd0\xb8\xd1\x81\xd0\xbd\xd1\x8b', b'\xe2\x96\x81\xd0\xb1\xd1\x80\xd0\xbe\xd0\xbd\xd0\xb5\xd0\xb2\xd0\xb8\xd0\xba\xd1\x8b\xd1\x81', b'\xe2\x96\x81\xd1\x81\xd0\xb8\xd0\xb1\xd0\xb4\xd1\x96\xd1\x81', b'\xe2\x96\x81\xd0\xa1\xd1\x8e\xd1\x80\xd0\xb8\xd0\xbd\xd0\xbd\xd1\x8b\xd0\xb4', b'\xe2\x96\x81\xd1\x87\xd3\xa7\xd1\x80\xd1\x82\xd1\x8a\xd1\x8f\xd1\x81', b'\xe2\x96\x81\xd0\x9d\xd1\x83', b'\xe2\x96\x81\xd1\x82\xd1\x96\xd1\x8f\xd0\xbd\xd3\xa7\xd1\x81', b'\xe2\x96\x81\xd1\x88\xd1\x8b\xd0\xb1\xd0\xbb\xd0\xb0\xd1\x81\xd1\x8c\xd3\xa7\xd0\xbd\xd1\x8b', b'\xe2\x96\x81\xd0\xba\xd0\xb0\xd0\xbd\xd0\xb0\xd0\xb2\xd0\xb0\xd3\xa7', b'\xe2\x96\x81\xd0\xbf\xd3\xa7\xd0\xb2\xd1\x81\xd1\x82\xd1\x82\xd1\x96', b'\xe2\x96\x81\xd1\x81\xd1\x82\xd0\xb0\xd1\x80\xd0\xb0\xd0\xb9\xd1\x82\xd1\x87\xd3\xa7\xd0\xbd\xd1\x8b', b'\xe2\x96\x81\xd0\xbc\xd0\xb0\xd1\x82\xd3\xa7\xd0\xb4\xd0\xb6\xd1\x8b\xd0\xba', b'\xe2\x96\x81\xd0\x9d\xd0\xb0\xd0\xbb\xd3\xa7\xd0\xbd', b'\xe2\x96\x81\xd0\xbf\xd1\x83\xd0\xbb\xd1\x8f\xd1\x8f\xd1\x81\xd1\x8b\xd1\x81', b'\xe2\x96\x81\xd1\x81\xd1\x8f\xd1\x80\xd0\xb3\xd3\xa7\xd0\xbd\xd1\x8b', b'\xe2\x96\x81\xd0\xb1\xd1\x80\xd0\xbe\xd0\xbd\xd0\xb5\xd0\xb2\xd0\xb8\xd0\xba\xd3\xa7', b'\xe2\x96\x81\xd0\xbf\xd0\xb5\xd0\xbb\xd1\x8c\xd1\x8f\xd1\x81\xd1\x81\xd1\x8c\xd1\x8b\xd1\x81', b'\xe2\x96\x81\xd0\xbf\xd0\xb5\xd1\x80\xd0\xb5\xd0\xbf\xd0\xbe\xd0\xbd\xd0\xba\xd0\xb0\xd1\x8f\xd1\x81\xd1\x8b\xd1\x81', b'\xe2\x96\x81\xd0\xbc\xd0\xb0\xd1\x88\xd0\xb8\xd0\xbd\xd0\xb0', b'\xe2\x96\x81\xd0\xbf\xd1\x8b\xd1\x82\xd1\x88\xd1\x81\xd0\xb0', b'\xe2\x96\x81\xd0\xb9\xd3\xa7\xd0\xb7\xd0\xbb\xd3\xa7\xd0\xbd', b'\xe2\x96\x81\xd1\x87\xd1\x83\xd1\x82\xd1\x8c', b'\xe2\x96\x81\xd0\xbf\xd0\xbe\xd1\x82\xd0\xbb\xd0\xb0\xd1\x81\xd1\x8c\xd0\xbd\xd1\x8b', b'\xe2\x96\x81\xd0\x9f\xd1\x83\xd0\xbb\xd1\x8f\xd1\x8f\xd1\x81\xd1\x8b\xd1\x81', b'\xe2\x96\x81\xd0\xb6\xd1\x83\xd0\xb3\xd0\xbb\xd0\xb0\xd1\x81\xd1\x8c\xd3\xa7\xd0\xbd\xd1\x8b', b'\xe2\x96\x81\xd1\x81\xd0\xb2\xd0\xb8\xd0\xbd\xd0\xb5\xd1\x86', b'\xe2\x96\x81\xd1\x81\xd1\x82\xd0\xb0\xd0\xbb\xd1\x8c', b'\xe2\x96\x81\xd1\x82\xd0\xbe\xd1\x80\xd0\xbf\xd1\x8b\xd1\x80\xd0\xb8\xd0\xb3\xd1\x8a\xd1\x8f\xd1\x81', b'\xe2\x96\x81\xd1\x82\xd0\xbe\xd1\x80\xd0\xbf\xd1\x8b\xd1\x80\xd0\xb8\xd0\xb3\xd1\x8a\xd1\x8f\xd1\x81\xd1\x8b\xd1\x81', b'\xe2\x96\x81\xd0\xbf\xd1\x8b\xd1\x80\xd3\xa7\xd0\xbd\xd1\x8b', b'\xe2\x96\x81\xd1\x89\xd0\xb5\xd0\xbb\xd1\x8c\xd1\x8f\xd1\x81\xd3\xa7\xd0\xb4', b'\xe2\x96\x81\xd1\x80\xd0\xb0\xd0\xbd\xd0\xb8\xd1\x82\xd3\xa7\xd0\xbd\xd1\x8b', b'\xe2\x96\x81\xd0\xba\xd0\xb8\xd1\x8f\xd1\x81\xd0\xbd\xd1\x8b\xd1\x81\xd3\xa7', b'\xe2\x96\x81\xd1\x87\xd1\x83\xd0\xb6\xd3\xa7\xd0\xbc\xd0\xbd\xd1\x8b\xd1\x81\xd3\xa7', b'\xe2\x96\x81\xd1\x81\xd0\xbe\xd1\x82\xd0\xb0\xd0\xbb\xd3\xa7\xd0\xbd\xd1\x8b', b'\xe2\x96\x81\xd0\xbf\xd0\xb0\xd1\x81\xd1\x8c\xd0\xba\xd3\xa7\xd0\xbc\xd0\xbd\xd1\x8b\xd1\x81\xd3\xa7', b'\xe2\x96\x81\xd1\x80\xd0\xb0\xd1\x81\xd1\x82\xd0\xb5\xd1\x80\xd1\x8f\xd0\xb9\xd1\x82\xd1\x87\xd0\xb8\xd1\x81', b'\xe2\x96\x81\xd0\xb2\xd3\xa7\xd1\x87\xd0\xbd\xd1\x8b', b'\xe2\x96\x81\xd0\x9a\xd0\xbe\xd0\xbc\xd0\xb0\xd0\xbd\xd0\xb4\xd0\xb8\xd1\x80', b'\xe2\x96\x81\xd0\x9a\xd1\x8b\xd0\xb4\xd0\xb7', b'\xe2\x96\x81\xd0\x92\xd0\xbe\xd1\x88\xd0\xb8\xd0\xbc', b'\xe2\x96\x81\xd1\x88\xd3\xa7\xd0\xbf\xd0\xba\xd3\xa7\xd0\xb4\xd1\x96\xd1\x81', b'\xe2\x96\x81\xd0\xa7\xd0\xbe\xd1\x80\xd1\x8b\xd0\xb4', b'\xe2\x96\x81\xd0\xba\xd0\xb8\xd1\x8b\xd1\x81', b'\xe2\x96\x81\xd0\x92\xd0\xbe\xd1\x80\xd0\xbe\xd1\x88\xd0\xb8\xd0\xbb\xd0\xbe\xd0\xb2\xd0\xbb\xd3\xa7\xd0\xbd', b'\xe2\x96\x81\xd0\xbf\xd0\xb5\xd0\xbb\xd1\x8c\xd0\xbf\xd0\xbe\xd0\xbc', b'\xe2\x96\x81\xd0\x94\xd0\xb0', b'\xe2\x96\x81\xd0\x9c\xd1\x8b\xd0\xb9\xd1\x8b\xd1\x81\xd1\x8c', b'\xe2\x96\x81\xd0\xbf\xd0\xbe\xd0\xb2\xd0\xb7\xd0\xb8\xd0\xbd', b'\xe2\x96\x81\xd0\x9a\xd1\x83\xd1\x82\xd1\x87\xd1\x8b\xd1\x81\xd1\x8c', b'\xe2\x96\x81\xd1\x87\xd0\xbe\xd1\x80\xd1\x8b\xd0\xb4\xd0\xb4\xd0\xb6\xd1\x8b\xd0\xba\xd0\xb0', b'\xe2\x96\x81\xd0\xb3\xd0\xb8\xd0\xb6\xd0\xb8\xd1\x81', b'\xe2\x96\x81\xd0\x9c\xd0\xb0\xd0\xba\xd1\x81\xd0\xb8\xd0\xbc\xd0\xbb\xd1\x8b', b'\xe2\x96\x81\xd1\x81\xd1\x82\xd1\x80\xd3\xa7\xd0\xb3', b'\xe2\x96\x81\xd0\xbf\xd0\xb8\xd1\x81\xd1\x8c\xd0\xbc\xd3\xa7', b'\xe2\x96\x81\xd0\x92\xd0\xb0\xd0\xbb\xd0\xb5\xd0\xbd\xd1\x82\xd0\xb8\xd0\xbd\xd0\xb0', b'\xe2\x96\x81\xd0\x98\xd0\xb2\xd0\xb0\xd0\xbd\xd0\xbe\xd0\xb2\xd0\xbd\xd0\xb0', b'\xe2\x96\x81\xd0\xbd\xd0\xb8\xd0\xbc\xd1\x82\xd1\x96\xd1\x81', b'\xe2\x96\x81\xd1\x81\xd1\x8e\xd1\x81\xd1\x8c', b'\xe2\x96\x81\xd0\xb9\xd3\xa7\xd0\xb9\xd3\xa7\xd0\xbd', b'\xe2\x96\x81\xd0\x92\xd0\xb0', b'\xe2\x96\x81\xd0\xba\xd0\xb5\xd1\x80\xd3\xa7\xd1\x81', b'\xe2\x96\x81\xd0\xb8\xd0\xb7', b'\xe2\x96\x81\xd1\x81\xd1\x8b\xd0\xbd\xd3\xa7\xd0\xb4', b'\xe2\x96\x81\xd0\xbb\xd0\xbe\xd0\xb2\xd1\x8a\xd1\x8f\xd3\xa7\xd1\x81\xd1\x8c', b'\xe2\x96\x81\xd0\xbd\xd0\xb0\xd0\xb9\xd3\xa7\xd1\x8f\xd1\x81\xd3\xa7\xd1\x81', b'\xe2\x96\x81\xd1\x88\xd1\x83\xd3\xa7\xd0\xb9', b'\xe2\x96\x81\xd0\xba\xd1\x83\xd0\xbb\xd3\xa7\xd0\xbc', b'\xe2\x96\x81\xd1\x88\xd1\x83\xd0\xb0\xd0\xbc', b'\xe2\x96\x81\xd0\xbb\xd0\xbe\xd0\xb2\xd1\x82\xd3\xa7\xd0\xbc', b'\xe2\x96\x81\xd0\x93\xd1\x8b\xd1\x80\xd1\x8b\xd1\x81\xd1\x8c', b'\xe2\x96\x81\xd0\xba\xd0\xb0\xd1\x80\xd1\x8a\xd1\x8f\xd1\x81\xd1\x8b\xd0\xbd', b'\xe2\x96\x81\xd0\xb0\xd1\x81\xd0\xba\xd0\xb5\xd0\xb6\xd1\x8a\xd1\x8f', b'\xe2\x96\x81\xd0\xbf\xd1\x8b\xd0\xb2\xd1\x81\xd1\x8f\xd0\xbd\xd1\x8a\xd1\x8f\xd1\x81\xd1\x8b\xd0\xb4', b'\xe2\x96\x81\xd0\xb0\xd0\xb1\xd1\x83\xd3\xa7\xd1\x81\xd1\x8c', b'\xe2\x96\x81\xd3\xa7\xd1\x82\xd0\xbb\xd0\xb0\xd1\x81\xd0\xb0', b'\xe2\x96\x81\xd0\xbf\xd1\x8b\xd0\xb2\xd1\x81\xd1\x8f\xd0\xbd\xd1\x8a\xd1\x8f\xd1\x81\xd1\x8b\xd0\xbd', b'\xe2\x96\x81\xd0\xbf\xd1\x8b\xd0\xb2\xd1\x81\xd1\x8c\xd3\xa7\xd0\xbd\xd1\x8b', b'\xe2\x96\x81\xd0\xbd\xd0\xb8\xd0\xb3\xd0\xb0\xd1\x8b\xd1\x81', b'\xe2\x96\x81\xd1\x81\xd0\xb5\xd1\x82\xd0\xb0\xd1\x81', b'\xe2\x96\x81\xd1\x8e\xd0\xba\xd3\xa7\xd0\xbd', b'\xe2\x96\x81\xd1\x8b\xd0\xb2\xd0\xbb\xd0\xb0\xd0\xb2\xd1\x8b\xd0\xb2', b'\xe2\x96\x81\xd0\xb2\xd0\xb5\xd0\xbb\xd3\xa7\xd0\xb4\xd1\x8b\xd1\x81\xd1\x8c\xd0\xbb\xd1\x8b', b'\xe2\x96\x81\xd0\xa7\xd0\xb0\xd0\xba\xd0\xbe\xd1\x82\xd0\xba\xd0\xb0', b'\xe2\x96\x81\xd0\xb2\xd0\xb8\xd1\x81\xd1\x8c\xd3\xa7\xd0\xbc', b'\xe2\x96\x81\xd0\xb6\xd1\x83\xd0\xb3\xd3\xa7\xd0\xb4\xd3\xa7', b'\xe2\x96\x81\xd1\x82\xd1\x8b\xd1\x8f\xd1\x81\xd1\x82\xd3\xa7', b'\xe2\x96\x81\xd0\x93\xd0\xbe\xd1\x80\xd1\x82\xd0\xb0\xd0\xb4', b'\xe2\x96\x81\xd0\xb0\xd0\xbb\xd0\xb8', b'\xe2\x96\x81\xd1\x87\xd1\x8b\xd1\x88\xd0\xba\xd1\x8b\xd1\x81\xd1\x8c\xd3\xa7\xd0\xbd\xd1\x8b', b'\xe2\x96\x81\xd0\x94\xd0\xbe\xd0\xba\xd1\x82\xd0\xbe\xd1\x80', b'\xe2\x96\x81\xd0\xb2\xd0\xbe\xd3\xa7\xd0\xbc\xd0\xb0\xd3\xa7\xd1\x81\xd1\x8c', b'\xe2\x96\x81\xd0\x9c\xd0\xb0\xd1\x88\xd0\xb0\xd0\xbb\xd1\x8b', b'\xe2\x96\x81\xd0\xbf\xd3\xa7', b'\xe2\x96\x81\xd0\xb2\xd0\xb8\xd1\x80\xd0\xb0', b'\xe2\x96\x81\xd0\xbc\xd0\xb0\xd1\x82\xd1\x8b\xd1\x81\xd0\xbc\xd3\xa7', b'\xe2\x96\x81\xd1\x80\xd1\x8b\xd1\x82', b'\xe2\x96\x81\xd0\xb8\xd1\x8e\xd0\xbb\xd1\x8c', b'\xe2\x96\x81\xd1\x82\xd3\xa7\xd0\xbb\xd1\x8b\xd1\x81\xd1\x81\xd1\x8f', b'\xe2\x96\x81\xd0\xbf\xd3\xa7\xd0\xb6\xd3\xa7', b'\xe2\x96\x81\xd0\xba\xd0\xb8\xd1\x81\xd1\x81\xd1\x8c\xd3\xa7', b'\xe2\x96\x81\xd1\x8e\xd1\x80\xd1\x8b\xd0\xbd', b'\xe2\x96\x81\xd0\xb4\xd1\x83\xd0\xbc\xd1\x8a\xd1\x8f\xd1\x81', b'\xe2\x96\x81\xd0\xba\xd1\x8b\xd0\xbf\xd1\x8b\xd0\xb4\xd3\xa7\xd1\x81\xd1\x8c', b'\xe2\x96\x81\xd0\xb3\xd0\xb0\xd0\xb6\xd0\xb0\xd3\xa7\xd1\x81\xd1\x8c', b'\xe2\x96\x81\xd0\x9c\xd0\xbe\xd1\x80\xd1\x82\xd0\xbb\xd1\x8b', b'\xe2\x96\x81\xd0\xbe\xd0\xb2\xd0\xbb\xd3\xa7', b'\xe2\x96\x81\xd0\xb4\xd0\xbe\xd0\xbb\xd1\x8b\xd0\xb4', b'\xe2\x96\x81\xd1\x82\xd3\xa7\xd0\xb4\xd1\x81\xd0\xb0\xd0\xb8\xd0\xbd\xd3\xa7', b'\xe2\x96\x81\xd0\xbf\xd0\xb0\xd0\xbc\xd0\xb5\xd1\x82\xd1\x8f\xd0\xb4', b'\xe2\x96\x81\xd1\x87\xd1\x83\xd0\xb6\xd1\x82\xd3\xa7', b'\xe2\x96\x81\xd0\xbf\xd1\x80\xd0\xb8\xd1\x8f\xd1\x82\xd0\xbd\xd3\xa7\xd0\xb9', b'\xe2\x96\x81\xd0\xba\xd0\xb0\xd0\xb7\xd1\x8c\xd1\x82\xd1\x8b\xd0\xbb\xd3\xa7\xd0\xbc', b'\xe2\x96\x81\xd0\x9a\xd0\xbe\xd0\xbb\xd1\x8c\xd3\xa7\xd0\xbc', b'\xe2\x96\x81\xd0\xb2\xd0\xb5\xd0\xb6\xd0\xbe\xd0\xbd\xd1\x8b\xd1\x81\xd1\x8c', b'\xe2\x96\x81\xd0\xb4\xd1\x8b\xd1\x80\xd0\xb4\xd0\xb6\xd1\x8b\xd0\xba', b'\xe2\x96\x81\xd0\xb2\xd0\xb5\xd1\x82\xd0\xbb\xd3\xa7\xd0\xb4\xd0\xbb\xd1\x96', b'\xe2\x96\x81\xd0\xbc\xd0\xb5\xd1\x81\xd1\x82\xd0\xb0\xd1\x8f\xd1\x81\xd3\xa7\xd0\xb4\xd1\x8b\xd1\x81', b'\xe2\x96\x81\xd1\x83\xd0\xb7\xd1\x8c\xd0\xbb\xd1\x96', b'\xe2\x96\x81\xd0\xb2\xd0\xb5\xd1\x81\xd1\x8c\xd0\xba\xd0\xb0\xd0\xbb\xd3\xa7', b'\xe2\x96\x81\xd1\x82\xd1\x8b\xd1\x80\xd1\x82\xd3\xa7\xd0\xbc', b'\xe2\x96\x81\xd1\x81\xd0\xb0\xd1\x80\xd0\xb0\xd0\xb9\xd1\x8b\xd0\xbd', b'\xe2\x96\x81\xd0\xb2\xd0\xbe\xd1\x82\xd3\xa7\xd1\x81', b'\xe2\x96\x81\xd0\xb2\xd0\xbe\xd1\x82\xd1\x96', b'\xe2\x96\x81\xd0\xba\xd1\x8b\xd0\xb9\xd0\xb8', b'\xe2\x96\x81\xd0\xa2\xd0\xb0\xd0\xbd\xd1\x96', b'\xe2\x96\x81\xd3\xa7\xd1\x82\xd0\xbd\xd0\xb0\xd0\xbc', b'\xe2\x96\x81\xd0\x9c\xd0\xb5\xd0\xba\xd3\xa7\xd0\xb4', b'\xe2\x96\x81\xd1\x82\xd0\xbe\xd1\x88\xd0\xba\xd0\xb0', b'\xe2\x96\x81\xd1\x82\xd3\xa7\xd1\x80\xd3\xa7\xd0\xba\xd0\xb0\xd0\xbd\xd0\xbb\xd3\xa7\xd0\xbd', b'\xe2\x96\x81\xd1\x83\xd1\x81\xd0\xba\xd0\xb0', b'\xe2\x96\x81\xd0\xbc\xd1\x83\xd0\xb6\xd0\xb8\xd0\xba', b'\xe2\x96\x81\xd0\xa2\xd0\xb0\xd0\xbb\xd1\x83\xd0\xbd', b'\xe2\x96\x81\xd0\xb0\xd0\xb4\xd0\xb4\xd0\xb7\xd1\x8b\xd1\x81\xd0\xb8\xd0\xbc', b'\xe2\x96\x81\xd0\xb1\xd0\xb0\xd0\xb4\xd1\x8c', b'\xe2\x96\x81\xd0\xba\xd1\x83\xd1\x81\xd1\x82\xd1\x8a\xd1\x8f\xd1\x81', b'\xe2\x96\x81\xd0\xbf\xd3\xa7\xd0\xb2\xd1\x81\xd1\x82\xd1\x8b\xd1\x81\xd1\x8c', b'\xe2\x96\x81\xd0\xbf\xd0\xb5\xd1\x80\xd0\xb9\xd0\xb8\xd1\x81', b'\xe2\x96\x81\xd0\xbb\xd0\xb0\xd0\xb3\xd1\x83\xd0\xbd', b'\xe2\x96\x81\xd0\xbc\xd1\x8b\xd1\x87\xd1\x87\xd0\xb8\xd1\x81', b'\xe2\x96\x81\xd0\x94\xd1\x8f\xd0\xb4\xd1\x8f', b'\xe2\x96\x81\xd0\x9c\xd0\xb8\xd1\x82\xd1\x8f', b'\xe2\x96\x81\xd0\xb0\xd0\xb4\xd0\xb4\xd0\xb7\xd1\x8b\xd0\xbb\xd1\x96\xd1\x81', b'\xe2\x96\x81\xd0\xba\xd0\xb5\xd0\xb7\xd0\xb9\xd3\xa7\xd0\xb4\xd0\xbb\xd3\xa7', b'\xe2\x96\x81\xd1\x88\xd0\xbf\xd1\x8b\xd0\xbd\xd0\xbd\xd1\x8f\xd0\xbb\xd1\x96\xd1\x81', b'\xe2\x96\x81\xd0\xb2\xd0\xbe\xd0\xba\xd3\xa7', b'\xe2\x96\x81\xd0\xbe\xd0\xb2\xd0\xbd\xd1\x8b', b'\xe2\x96\x81\xd0\x9b\xd1\x8c\xd3\xa7\xd0\xbc\xd0\xb2\xd0\xb0\xd1\x82\xd3\xa7\xd0\xb3\xd1\x8b\xd1\x81', b'\xe2\x96\x81\xd0\x92\xd0\xb5\xd1\x81\xd1\x8c\xd0\xba\xd1\x8b\xd0\xb4\xd0\xb2\xd1\x8b\xd0\xbb\xd1\x8b\xd0\xbd', b'\xe2\x96\x81\xd1\x82\xd1\x8b\xd0\xb4\xd0\xb0\xd0\xbb\xd3\xa7\xd0\xbd\xd1\x8b', b'\xe2\x96\x81\xd0\xb2\xd0\xb8\xd0\xb4\xd0\xb7\xd1\x82\xd0\xbe\xd1\x80\xd1\x8a\xd1\x8f\xd1\x81', b'\xe2\x96\x81\xd0\xbb\xd0\xbe\xd0\xb3', b'\xe2\x96\x81\xd1\x81\xd1\x83\xd0\xbb\xd0\xb0\xd0\xbb\xd3\xa7\xd0\xbd\xd1\x8b', b'\xe2\x96\x81\xd0\xbf\xd3\xa7\xd0\xbb\xd1\x8b\xd0\xbd\xd1\x8c\xd1\x82\xd1\x87\xd3\xa7\xd0\xbc', b'\xe2\x96\x81\xd0\xba\xd1\x8b\xd0\xbc\xd1\x8b\xd0\xbd\xd0\xba\xd3\xa7', b'\xe2\x96\x81\xd1\x81\xd0\xb0\xd1\x80\xd0\xb0\xd0\xb9', b'\xe2\x96\x81\xd0\xb2\xd0\xb5\xd0\xb2\xd1\x82\xd3\xa7\xd0\xb4\xd0\xb7\xd1\x8b\xd1\x81', b'\xe2\x96\x81\xd0\xbc\xd1\x83\xd3\xa7', b'\xe2\x96\x81\xd0\xb2\xd3\xa7\xd0\xb9\xd3\xa7\xd0\xbc', b'\xe2\x96\x81\xd0\x9c\xd0\xb5\xd0\xbd\xd1\x8b\xd0\xbc', b'\xe2\x96\x81\xd0\xbc\xd1\x8b\xd0\xb9\xd0\xbb\xd0\xb0', b'\xe2\x96\x81\xd0\xbc\xd1\x83\xd1\x81\xd1\x82\xd3\xa7\xd0\xbc', b'\xe2\x96\x81\xd0\xbe\xd0\xbb\xd0\xb0\xd0\xbd\xd1\x96\xd0\xbd\xd1\x8b\xd1\x81', b'\xe2\x96\x81\xd1\x8e\xd0\xb0\xd0\xbb\xd1\x96', b'\xe2\x96\x81\xd0\xb2\xd1\x83\xd0\xb4\xd0\xb6\xd0\xb8\xd0\xbc', b'\xe2\x96\x81\xd0\x93\xd1\x8b\xd1\x80\xd0\xba\xd0\xb0', b'\xe2\x96\x81\xd0\xbb\xd0\xbe\xd0\xb3\xd1\x81\xd3\xa7', b'\xe2\x96\x81\xd0\xbb\xd0\xbe\xd0\xba\xd1\x82\xd1\x96\xd0\xbc', b'\xe2\x96\x81\xd0\xbc\xd0\xb5\xd0\xb4\xd0\xb4\xd0\xbe\xd1\x80', b'\xe2\x96\x81\xd0\xb2\xd0\xb5\xd0\xb2\xd1\x82\xd1\x82\xd3\xa7\xd0\xbc', b'\xe2\x96\x81\xd0\xbb\xd1\x8f\xd0\xbf\xd0\xba\xd1\x8b\xd0\xb4\xd0\xb8\xd0\xba', b'\xe2\x96\x81\xd3\xa7\xd1\x88\xd0\xb8\xd0\xbd\xd1\x8c\xd1\x8f\xd1\x81\xd1\x81\xd3\xa7', b'\xe2\x96\x81\xd0\xbf\xd3\xa7\xd0\xb2\xd0\xb9\xd3\xa7\xd0\xbd', b'\xe2\x96\x81\xd1\x82\xd1\x83\xd0\xbf\xd0\xba\xd3\xa7\xd0\xbc\xd0\xb0', b'\xe2\x96\x81\xd0\xba\xd0\xb0\xd1\x80\xd1\x82\xd0\xb0\xd1\x81\xd1\x8c\xd1\x8b\xd1\x81', b'\xe2\x96\x81\xd0\xbf\xd0\xb5\xd1\x82\xd0\xba\xd3\xa7\xd0\xb4\xd1\x96\xd1\x81', b'\xe2\x96\x81\xd1\x81\xd1\x96\xd1\x81\xd1\x8c', b'\xe2\x96\x81\xd0\xba\xd1\x8b\xd0\xb4\xd0\xb7\xd1\x8c\xd1\x8f\xd1\x81', b'\xe2\x96\x81\xd0\xbf\xd0\xb5\xd1\x81\xd1\x82\xd1\x96\xd1\x81', b'\xe2\x96\x81\xd0\xba\xd0\xb5\xd1\x80\xd0\xba\xd0\xb0\xd1\x8f\xd1\x81\xd0\xb0\xd1\x81', b'\xe2\x96\x81\xd0\xbe\xd0\xbb\xd1\x96\xd1\x81\xd0\xbd\xd1\x8b', b'\xe2\x96\x81\xd0\x9d\xd0\xb5\xd1\x82\xd1\x83\xd0\xbb\xd0\xb8\xd0\xba\xd0\xb0', b'\xe2\x96\x81\xd0\xa1\xd0\xb5\xd0\xbd\xd1\x8f', b'\xe2\x96\x81\xd0\xa2\xd1\x83\xd0\xbb\xd0\xb8\xd0\xba\xd0\xb0', b'\xe2\x96\x81\xd0\x9f\xd1\x80\xd0\xbe\xd0\xba\xd0\xbe\xd0\xbf', b'\xe2\x96\x81\xd0\x9a\xd0\xbe\xd1\x80\xd1\x81\xd1\x8e\xd1\x80\xd3\xa7', b'\xe2\x96\x81\xd1\x81\xd0\xb5\xd0\xbc\xd1\x8c\xd1\x8f\xd1\x8f\xd1\x81', b'\xe2\x96\x81\xd0\xbd\xd0\xb8\xd0\xbc\xd0\xba\xd0\xbe\xd0\xb4\xd1\x8f\xd1\x81\xd1\x8c\xd0\xbb\xd1\x96\xd1\x81\xd0\xbd\xd1\x8b', b'\xe2\x96\x81\xd0\x9a\xd1\x83\xd1\x82\xd1\x88\xd3\xa7\xd0\xbc', b'\xe2\x96\x81\xd1\x82\xd0\xb0\xd0\xbb\xd1\x83\xd0\xbd', b'\xe2\x96\x81\xd0\xb9\xd3\xa7\xd0\xb9\xd1\x81\xd1\x8f\xd0\xbc\xd3\xa7\xd0\xbc\xd3\xa7\xd0\xbd', b'\xe2\x96\x81\xd0\xbc\xd0\xb5\xd0\xb4\xd1\x8a\xd1\x91\xd0\xbd\xd0\xb0', b'\xe2\x96\x81\xd0\xbf\xd0\xbe\xd0\xb2\xd0\xb7\xd1\x8c\xd3\xa7\xd0\xb4\xd1\x87\xd3\xa7', b'\xe2\x96\x81\xd1\x81\xd1\x80\xd0\xb5\xd0\xb4\xd0\xb0', b'\xe2\x96\x81\xd0\xb2\xd0\xbe\xd0\xb9\xd3\xa7', b'\xe2\x96\x81\xd0\x92\xd0\xbe\xd0\xb9\xd0\xbd\xd0\xb0\xd1\x81', b'\xe2\x96\x81\xd0\xb4\xd0\xbe\xd1\x80\xd0\xb0\xd1\x81', b'\xe2\x96\x81\xd0\xb2\xd1\x83\xd0\xb3\xd1\x80\xd0\xb0\xd1\x81\xd1\x8f', b'\xe2\x96\x81\xd0\x9c\xd0\xbe\xd1\x80\xd1\x82\xd1\x8b\xd1\x81', b'\xe2\x96\x81\xd0\xb0\xd0\xb4\xd0\xb4\xd0\xb7\xd0\xb0', b'\xe2\x96\x81\xd0\xbf\xd1\x80\xd3\xa7\xd1\x81\xd1\x82\xd3\xa7\xd0\xb9', b'\xe2\x96\x81\xd0\xb4\xd1\x96\xd0\xbd\xd0\xb0\xd0\xb4', b'\xe2\x96\x81\xd0\xb2\xd1\x8b\xd0\xbb\xd0\xb0\xd0\xb4', b'\xe2\x96\x81\xd0\xa2\xd0\xbe\xd0\xbc\xd1\x8a\xd1\x8f\xd1\x81', b'\xe2\x96\x81\xd0\xb3\xd3\xa7\xd0\xb3\xd3\xa7\xd1\x80\xd0\xb2\xd0\xbe\xd0\xbd\xd1\x8b', b'\xe2\x96\x81\xd0\xbf\xd3\xa7\xd1\x80\xd1\x8b\xd1\x81\xd1\x8c\xd1\x8f\xd1\x81', b'\xe2\x96\x81\xd0\xba\xd0\xbe\xd0\xba\xd0\xb0\xd0\xbb\xd0\xb0\xd1\x81\xd0\xbd\xd1\x8b', b'\xe2\x96\x81\xd0\xbb\xd0\xbe\xd0\xbb\xd3\xa7\xd0\xb9', b'\xe2\x96\x81\xd1\x82\xd1\x8b\xd1\x80\xd3\xa7\xd0\xbc\xd0\xb0', b'\xe2\x96\x81\xd1\x83\xd0\xb4\xd0\xb0\xd0\xbb', b'\xe2\x96\x81\xd0\xba\xd1\x8b\xd0\xbf\xd1\x8b\xd0\xb4\xd0\xbb\xd1\x83\xd0\xbd\xd3\xa7\xd0\xbd', b'\xe2\x96\x81\xd1\x88\xd0\xbe\xd0\xb3\xd1\x8b\xd1\x81', b'\xe2\x96\x81\xd0\x90\xd0\xbd\xd1\x8f\xd0\xbb\xd3\xa7\xd0\xbd', b'\xe2\x96\x81\xd0\x9a\xd0\xb5\xd0\xbd\xd1\x8f', b'\xe2\x96\x81\xd0\xb3\xd0\xbe\xd1\x80\xd3\xa7\xd0\xbd', b'\xe2\x96\x81\xd0\xba\xd0\xb0\xd1\x82\xd1\x88\xd0\xb0', b'\xe2\x96\x81\xd0\xba\xd0\xb8\xd1\x82\xd1\x88\xd0\xba\xd3\xa7\xd0\xbc\xd3\xa7\xd0\xbd', b'\xe2\x96\x81\xd0\xbb\xd1\x8d\xd0\xb1\xd0\xb0\xd1\x87\xd1\x8c\xd1\x8f\xd1\x81\xd0\xbb\xd3\xa7\xd0\xbd', b'\xe2\x96\x81\xd0\xb4\xd0\xb7\xd0\xbe\xd0\xbb\xd1\x8c\xd0\xb7\xd1\x8c\xd3\xa7\xd0\xbc\xd3\xa7\xd0\xbd', b'\xe2\x96\x81\xd1\x83\xd0\xbd\xd0\xbc\xd1\x8b\xd1\x81\xd1\x8c', b'\xe2\x96\x81\xd0\xbf\xd0\xb0\xd0\xbb\xd1\x8f\xd0\xbb\xd3\xa7\xd0\xbc', b'\xe2\x96\x81\xd0\xbf\xd0\xb0\xd1\x80\xd0\xbc\xd0\xb0', b'\xe2\x96\x81\xd0\x9f\xd0\xb0\xd1\x81\xd1\x8c\xd1\x82\xd3\xa7\xd0\xbc', b'\xe2\x96\x81\xd1\x87\xd3\xa7\xd0\xbb\xd0\xb0', b'\xe2\x96\x81\xd0\xba\xd0\xb5\xd0\xb2\xd0\xbc\xd0\xb8\xd1\x81\xd0\xbd\xd1\x8b', b'\xe2\x96\x81\xd0\xbb\xd1\x8b\xd0\xbc\xd0\xb9\xd1\x8b\xd1\x81', b'\xe2\x96\x81\xd0\xb2', b'e', b'\xd0\xb2\xd1\x82\xd1\x82\xd0\xb8\xd1\x81', b'\xe2\x96\x81\xd0\xb2\xd1\x83\xd0\xb6\xd1\x8a\xd1\x8f\xd1\x81\xd1\x81\xd3\xa7', b'\xe2\x96\x81\xd1\x88\xd0\xb5\xd0\xb1\xd1\x80\xd0\xb0\xd1\x81\xd3\xa7\xd0\xbd', b'\xe2\x96\x81\xd0\xbf\xd0\xb0\xd1\x81\xd1\x8c\xd3\xa7\xd0\xbd', b'\xe2\x96\x81\xd0\xa2\xd0\xbe\xd0\xbc', b'\xe2\x96\x81\xd0\xba\xd0\xb0\xd0\xb4\xd1\x8b\xd0\xb4', b'\xe2\x96\x81\xd1\x82\xd1\x83\xd0\xbb\xd1\x8b\xd1\x81', b'\xe2\x96\x81\xd0\xbf\xd3\xa7\xd1\x80\xd1\x8b\xd1\x81\xd1\x8c\xd0\xbb\xd1\x83\xd0\xbd', b'\xe2\x96\x81\xd0\xb0\xd1\x80', b'\xe2\x96\x81\xd0\xbb\xd0\xbe\xd0\xb0\xd0\xbc', b'\xe2\x96\x81\xd0\x96\xd0\xb0\xd1\x80', b'\xe2\x96\x81\xd0\xb3\xd0\xbe\xd0\xb6\xd3\xa7\xd0\xbc\xd1\x8b\xd0\xbd', b'\xe2\x96\x81\xd0\xb2\xd0\xb0\xd1\x81\xd1\x8c\xd1\x8b\xd0\xb4', b'\xe2\x96\x81\xd0\xbf\xd0\xb5\xd1\x82\xd0\xb0\xd0\xb2\xd0\xbd\xd1\x8b', b'\xe2\x96\x81\xd0\xa2\xd0\xb0\xd1\x80\xd1\x8b\xd1\x82', b'\xe2\x96\x81\xd0\xb3\xd0\xbe\xd1\x80\xd1\x82\xd0\xb0\xd1\x81', b'\xe2\x96\x81\xd0\xb3\xd3\xa7\xd1\x81\xd1\x8c\xd1\x82\xd1\x8a\xd1\x8f\xd1\x81\xd3\xa7\xd1\x81', b'\xe2\x96\x81\xd0\x9a\xd3\xa7\xd1\x87', b'\xe2\x96\x81\xd0\x97\xd0\xb0\xd0\xba\xd0\xb0\xd1\x80', b'\xe2\x96\x81\xd0\x9a\xd0\xb0\xd1\x81\xd1\x8c', b'\xe2\x96\x81\xd0\x92\xd0\xb0\xd1\x81\xd1\x8c', b'\xe2\x96\x81\xd0\xbd\xd0\xb8\xd0\xbd\xd0\xba\xd3\xa7\xd0\xbc', b'\xe2\x96\x81\xd0\xba\xd1\x8b\xd1\x8b\xd1\x81\xd1\x8c', b'\xe2\x96\x81\xd0\xa0\xd1\x83\xd1\x87', b'\xe2\x96\x81\xd0\x92\xd0\xb0\xd0\xbd\xd1\x8c', b'\xe2\x96\x81\xd0\xb2\xd1\x83\xd1\x80\xd1\x83\xd0\xbd', b'\xe2\x96\x81\xd0\xbb\xd0\xb5\xd1\x82\xd1\x8b\xd1\x81\xd1\x8c', b'\xe2\x96\x81\xd0\x9f\xd1\x8b\xd1\x88', b'\xe2\x96\x81\xd0\xa2\xd0\xbe\xd1\x88', b'\xe2\x96\x81\xd0\xa1\xd0\xbf\xd0\xb8\xd1\x80\xd0\xb8\xd0\xb4\xd0\xbe\xd0\xbd', b'\xe2\x96\x81\xd0\x9f\xd0\xb5\xd1\x82\xd1\x80\xd3\xa7', b'\xe2\x96\x81\xd3\xa6\xd0\xbb\xd1\x8c\xd3\xa7\xd1\x88', b'\xe2\x96\x81\xd0\x93\xd0\xb5\xd1\x80\xd0\xbc\xd0\xb0\xd0\xbd', b'\xe2\x96\x81\xd0\x9a\xd0\xbe\xd0\xb4\xd0\xbb\xd3\xa7\xd0\xbd', b'\xe2\x96\x81\xd0\xa1\xd1\x8c\xd3\xa7\xd0\xba\xd1\x8b\xd0\xb4', b'\xe2\x96\x81\xd0\xa7\xd0\xb8\xd0\xb3', b'\xe2\x96\x81\xd0\xb3\xd0\xbe\xd1\x80\xd1\x83\xd0\xb2', b'\xe2\x96\x81\xd0\xbb\xd1\x8d\xd1\x87\xd1\x87\xd1\x8b\xd1\x88\xd1\x82\xd0\xb0\xd0\xbd', b'\xe2\x96\x81\xd0\xb2\xd0\xb8\xd0\xb7\xd1\x83\xd0\xb2\xd1\x82\xd3\xa7', b'\xe2\x96\x81\xd0\x92\xd0\xb0\xd0\xbd\xd1\x8c\xd3\xa7\xd0\xbb\xd1\x8b', b'\xe2\x96\x81\xd1\x8f\xd0\xbd\xd0\xb4\xd0\xb7\xd0\xb8\xd0\xbc', b'\xe2\x96\x81\xd0\xa2\xd0\xb0\xd1\x82\xd1\x96\xd0\xbb\xd0\xbe\xd0\xba\xd1\x8b\xd1\x81\xd1\x8c', b'\xe2\x96\x81\xd0\xbc\xd1\x8b\xd0\xb9\xd1\x82\xd0\xb0\xd0\xba\xd3\xa7', b'\xe2\x96\x81\xd0\xb1\xd1\x83\xd1\x80\xd3\xa7\xd0\xb4\xd1\x8b\xd1\x88\xd1\x82\xd0\xbd\xd1\x8b', b'\xe2\x96\x81\xd0\xb3\xd0\xbe\xd0\xb7', b'\xe2\x96\x81\xd1\x88\xd1\x8b\xd0\xbb\xd1\x8c\xd0\xba\xd0\xbd\xd0\xb8\xd1\x82\xd1\x96\xd1\x81', b'\xe2\x96\x81\xd0\xbc\xd1\x8b\xd1\x88', b'\xe2\x96\x81\xd0\xb2\xd1\x8b\xd0\xbb\xd3\xa7\xd0\xb4\xd1\x8b\xd1\x81', b'\xe2\x96\x81\xd0\x9c\xd0\xb8\xd1\x85\xd0\xb0\xd0\xb8\xd0\xbb', b'\xe2\x96\x81\xd0\x95\xd0\xbb\xd1\x8c\xd0\xba\xd0\xb8\xd0\xbd\xd0\xbb\xd3\xa7\xd0\xbd', b'\xe2\x96\x81\xd0\x9e\xd0\xb7\xd1\x8b\xd0\xbd', b'\xe2\x96\x81\xd0\xba\xd1\x8b\xd0\xb2\xd0\xb1\xd1\x83\xd1\x80\xd1\x8a\xd1\x8f\xd1\x81', b'\xe2\x96\x81\xd1\x81\xd1\x96\xd0\xb4\xd0\xb7\xd0\xb6\xd3\xa7', b'\xe2\x96\x81\xd0\xbf\xd1\x8b\xd1\x80\xd0\xb8\xd1\x81\xd0\xbd\xd1\x8b', b'\xe2\x96\x81\xd0\x9f\xd0\xb0\xd1\x80\xd0\xbc\xd0\xb0', b'\xe2\x96\x81\xd0\xb3\xd0\xbe\xd1\x80', b'\xe2\x96\x81\xd0\xb3\xd0\xb8\xd0\xb6\xd3\xa7\xd0\xb4', b'\xe2\x96\x81\xd0\x90\xd0\xb4\xd0\xb4\xd0\xb7\xd1\x8b\xd0\xb2\xd0\xbb\xd0\xb0\xd0\xbd', b'\xe2\x96\x81\xd1\x81\xd1\x8b\xd0\xbb\xd1\x8b\xd1\x81\xd1\x8c', b'\xe2\x96\x81\xd0\xb3\xd0\xb8\xd0\xb6\xd3\xa7\xd0\xb4\xd1\x8a\xd1\x8f\xd1\x81\xd1\x81\xd3\xa7', b'\xe2\x96\x81\xd0\x92\xd0\xbe\xd0\xb9\xd0\xb2\xd1\x8b\xd0\xb2', b'\xe2\x96\x81\xd0\xba\xd0\xbe\xd0\xb4\xd0\xb7\xd1\x83\xd0\xb2', b'\xe2\x96\x81\xd0\xb6\xd1\x83\xd1\x80\xd0\xbd\xd0\xb0\xd0\xbb', b'\xe2\x96\x81\xd0\xbb\xd0\xb8\xd1\x81\xd1\x82', b'\xe2\x96\x81\xd0\xb1\xd0\xbe\xd0\xba\xd1\x8a\xd1\x8f\xd1\x81', b'\xe2\x96\x81\xd0\xa1\xd1\x8e\xd1\x80\xd0\xb0', b'\xe2\x96\x81\xd0\x91\xd0\xb0\xd1\x82\xd1\x8c', b'\xe2\x96\x81\xd0\xb7\xd0\xb0\xd0\xb2\xd0\xbe\xd0\xb4\xd0\xb8\xd1\x82\xd3\xa7', b'\xe2\x96\x81\xd0\xbb\xd0\xbe\xd3\xa7', b'\xe2\x96\x81\xd0\xb0\xd1\x80\xd3\xa7\xd1\x81\xd3\xa7\xd0\xbd', b'\xd0\xb4\xd0\xb6\xd1\x8b\xd0\xbd\xd0\xb9\xd3\xa7\xd0\xbd', b'\xe2\x96\x81\xd0\x91\xd1\x8b\xd1\x80\xd3\xa7\xd0\xb4\xd3\xa7\xd0\xbc', b'\xe2\x96\x81\xd1\x82\xd1\x88\xd0\xb0\xd0\xbd', b'\xe2\x96\x81\xd0\xba\xd1\x8b\xd0\xb7\xd1\x82\xd0\xb0', b'\xe2\x96\x81\xd1\x81\xd1\x8c\xd3\xa7\xd0\xb4\xd3\xa7\xd0\xb4\xd3\xa7\xd0\xbc', b'\xe2\x96\x81\xd0\xbf\xd1\x83\xd1\x80\xd0\xb8\xd1\x82\xd3\xa7', b'\xe2\x96\x81\xd0\xb1\xd1\x8b\xd0\xb4\xd0\xbc\xd3\xa7', b'\xe2\x96\x81\xd0\xbf\xd0\xb5\xd1\x82\xd0\xb0\xd0\xbb\xd3\xa7\xd0\xbc\xd0\xb0', b'\xe2\x96\x81\xd1\x88\xd0\xbe\xd1\x87\xd0\xb8\xd0\xbd\xd0\xb8\xd0\xba', b'\xe2\x96\x81\xd0\xbf\xd0\xbe\xd0\xb6\xd3\xa7\xd0\xbc\xd1\x8b\xd1\x81', b'\xe2\x96\x81\xd0\xbf\xd0\xbe\xd1\x81\xd0\xbd\xd1\x8c\xd1\x8b\xd0\xb4\xd0\xb8\xd0\xba\xd3\xa7\xd1\x81\xd1\x8c', b'\xe2\x96\x81\xd0\xbf\xd0\xb8\xd0\xbf\xd1\x83\xd0\xbb\xd3\xa7\xd0\xbd', b'\xe2\x96\x81\xd0\xba\xd1\x8b\xd0\xb4\xd0\xb7\xd0\xbb\xd3\xa7\xd0\xbd', b'\xe2\x96\x81\xd0\xb3\xd0\xb0\xd0\xb6\xd0\xb0\xd0\xb0', b'\xe2\x96\x81\xd1\x81\xd1\x8f\xd1\x80\xd0\xb2\xd0\xb8\xd0\xb4\xd0\xb7\xd1\x8b\xd1\x81\xd1\x8c', b'\xe2\x96\x81\xd0\xb2\xd0\xb5\xd0\xb6', b'\xe2\x96\x81\xd1\x82\xd1\x88\xd3\xa7\xd0\xb3', b'\xe2\x96\x81\xd0\xba\xd0\xbe\xd1\x80\xd0\xb9\xd1\x8b\xd1\x81', b'\xe2\x96\x81\xd1\x82\xd0\xbe\xd0\xbf\xd1\x8b\xd0\xb4\xd0\xb0', b'\xe2\x96\x81\xd0\xb2\xd0\xb5\xd0\xb2\xd1\x82\xd1\x82\xd1\x8c\xd3\xa7\xd0\xbc\xd0\xb0', b'\xe2\x96\x81\xd1\x81\xd0\xb0\xd0\xb9\xd3\xa7\xd0\xb4\xd3\xa7\xd0\xbc\xd0\xb0', b'\xe2\x96\x81\xd0\xbd\xd1\x8d\xd1\x80\xd0\xb8\xd0\xbd\xd0\xb8\xd0\xba', b'\xe2\x96\x81\xd0\xbf\xd0\xbe\xd0\xb6\xd3\xa7\xd0\xbc\xd1\x8a\xd1\x8f\xd1\x81\xd3\xa7\xd1\x81', b'\xe2\x96\x81\xd1\x8e\xd0\xb3\xd1\x8b\xd0\xb4\xd1\x8b\xd1\x81\xd1\x8c', b'\xe2\x96\x81\xd0\xae\xd0\xb3\xd1\x8b\xd0\xb4', b'\xe2\x96\x81\xd0\xb0\xd0\xb7\xd1\x8b\xd0\xbc\xd0\xb0', b'\xe2\x96\x81\xd0\xbd\xd1\x8e\xd0\xbb\xd1\x96\xd1\x81', b'\xe2\x96\x81\xd0\xbf\xd0\xb0\xd1\x80\xd0\xbc\xd0\xb0\xd0\xbb\xd1\x8b\xd1\x81\xd1\x8c', b'\xe2\x96\x81\xd0\xbb\xd1\x8b\xd0\xbc\xd1\x81\xd3\xa7', b'\xe2\x96\x81\xd0\xa3\xd0\xbb\xd1\x96\xd1\x8b\xd0\xbd', b'\xe2\x96\x81\xd0\xba\xd0\xbe\xd0\xba\xd1\x83\xd0\xb2\xd1\x81\xd1\x8f\xd0\xbd\xd1\x8c\xd1\x8b\xd1\x81', b'\xe2\x96\x81\xd0\xb4\xd0\xbe\xd0\xb7\xd0\xb0', b'\xe2\x96\x81\xd0\xb2\xd0\xb8\xd0\xb7\xd1\x83\xd0\xbb\xd0\xb0', b'\xe2\x96\x81\xd1\x81\xd1\x8f\xd0\xbb\xd1\x8c\xd3\xa7\xd0\xb4\xd1\x87\xd0\xb8\xd1\x81', b'\xe2\x96\x81\xd1\x8b\xd1\x80\xd0\xba\xd0\xb0\xd0\xbb\xd3\xa7\xd0\xbc', b'\xe2\x96\x81\xd1\x81\xd1\x8c\xd3\xa7\xd0\xba\xd1\x82\xd0\xb0\xd0\xbc\xd0\xbc\xd3\xa7\xd0\xbc', b'\xe2\x96\x81\xd0\xb2\xd0\xb5\xd1\x80\xd0\xba\xd3\xa7\xd1\x81\xd3\xa7\xd0\xb4\xd1\x8b\xd1\x81', b'\xe2\x96\x81\xd1\x80\xd3\xa7\xd0\xbc\xd0\xb0', b'\xe2\x96\x81\xd0\xba\xd1\x8b\xd0\xb2\xd1\x82\xd1\x96\xd1\x81\xd0\xbd\xd1\x8b', b'\xe2\x96\x81\xd0\xb3\xd1\x8b\xd0\xbb\xd0\xb0\xd0\xbb\xd3\xa7\xd0\xbc', b'\xe2\x96\x81\xd0\x9e\xd1\x80\xd0\xb4\xd1\x8b\xd0\xbc\xd1\x8b\xd1\x81', b'\xe2\x96\x81\xd0\xb2\xd0\xb5\xd1\x81\xd1\x8c\xd0\xba\xd1\x8b\xd0\xb4\xd0\xb0\xd0\xbb\xd1\x96\xd1\x81', b'\xe2\x96\x81\xd1\x8b\xd0\xb4\xd0\xb6\xd1\x8b\xd0\xb4\xd0\xba\xd0\xbe\xd0\xb4\xd1\x8c', b'\xe2\x96\x81\xd0\xba\xd3\xa7\xd0\xb4\xd0\xb6', b'\xe2\x96\x81\xd0\xb2\xd0\xb8\xd0\xb7\xd1\x83\xd0\xb2', b'\xe2\x96\x81\xd0\xbd\xd1\x8b\xd0\xb2\xd0\xba\xd0\xb0', b'\xe2\x96\x81\xd0\xb4\xd0\xb7\xd0\xbe\xd0\xbb\xd1\x8c\xd0\xb7\xd1\x8c\xd1\x8b\xd1\x81\xd1\x8c', b'\xe2\x96\x81\xd1\x8b\xd0\xbb\xd1\x8b\xd1\x81\xd1\x82\xd1\x87\xd1\x8b\xd0\xbb\xd1\x96\xd1\x81', b'\xe2\x96\x81\xd1\x88\xd1\x83\xd3\xa7\xd0\xbd\xd1\x8b', b'\xe2\x96\x81\xd1\x82\xd1\x83\xd0\xbd\xd1\x8a\xd1\x8f\xd1\x81', b'\xe2\x96\x81\xd0\x95\xd0\xbd\xd0\xb2\xd0\xb5\xd0\xb2\xd1\x82\xd1\x8b\xd0\xbd', b'\xe2\x96\x81\xd0\x9a\xd0\xbe\xd0\xb4\xd0\xb7\xd1\x83\xd0\xb2', b'\xe2\x96\x81\xd3\xa7\xd0\xb2\xd1\x82\xd1\x8b\xd1\x88\xd1\x82\xd1\x96\xd1\x81\xd0\xbd\xd1\x8b', b'\xe2\x96\x81\xd0\xb3\xd3\xa7\xd1\x80\xd0\xb4\xd3\xa7\xd0\xb4\xd3\xa7\xd0\xbc', b'\xe2\x96\x81\xd1\x82\xd1\x83\xd0\xb3\xd0\xb0\xd0\xbd\xd1\x8a\xd1\x8f\xd1\x81\xd0\xbd\xd0\xb0\xd1\x81', b'\xe2\x96\x81\xd1\x88\xd0\xb0\xd1\x80\xd0\xb7\xd1\x8c\xd1\x8b\xd1\x88\xd1\x82\xd1\x96\xd1\x81\xd0\xbd\xd1\x8b', b'\xe2\x96\x81\xd1\x83\xd0\xb2\xd1\x8a\xd1\x8f\xd1\x81\xd0\xbd\xd0\xb0\xd1\x81', b'\xe2\x96\x81\xd0\xbc\xd3\xa7\xd0\xb4\xd1\x96\xd1\x81\xd0\xbd\xd1\x8b', b'\xe2\x96\x81\xd0\xbd\xd1\x8e\xd0\xba\xd0\xbb\xd1\x8f\xd1\x81\xd1\x8c\xd0\xbd\xd1\x8b', b'\xe2\x96\x81\xd0\xba\xd0\xbe\xd0\xbf\xd1\x8b\xd1\x80\xd1\x82\xd1\x8b\xd1\x88\xd1\x82\xd1\x96\xd1\x81', b'\xe2\x96\x81\xd3\xa7\xd0\xb2\xd1\x82\xd1\x8b\xd1\x88\xd1\x82\xd1\x96\xd1\x81', b'\xe2\x96\x81\xd0\xba\xd0\xb8\xd0\xbd\xd0\xb0\xd1\x81', b'\xe2\x96\x81\xd1\x83\xd1\x80\xd0\xba\xd0\xb0\xd0\xb9', b'\xe2\x96\x81\xd0\xba\xd0\xb5\xd1\x80\xd0\xba\xd0\xb0\xd1\x8b\xd0\xbd', b'\xe2\x96\x81\xd0\xb2\xd0\xb5\xd0\xbb\xd0\xb0\xd0\xb2\xd1\x82\xd3\xa7\xd0\xbc', b'\xe2\x96\x81\xd1\x81\xd0\xb8\xd0\xbd\xd1\x8a\xd1\x8f\xd1\x81\xd0\xbd\xd0\xb0\xd0\xb4', b'\xe2\x96\x81\xd0\xb0\xd0\xb4\xd0\xb4\xd0\xb7\xd1\x8b', b'\xe2\x96\x81\xd0\xa1\xd0\xb2\xd0\xb5\xd0\xb6\xd0\xbe\xd0\xb2\xd3\xa7\xd1\x81', b'\xe2\x96\x81\xd0\xba\xd0\xbe\xd0\xbc\xd0\xbd\xd0\xb0\xd1\x82\xd0\xb0\xd1\x81\xd3\xa7', b'\xe2\x96\x81\xd0\xba\xd1\x8b\xd1\x82\xd1\x88\xd0\xbe\xd0\xb2\xd1\x82\xd3\xa7\xd0\xbc', b'\xe2\x96\x81\xd0\xb6\xd0\xb1\xd1\x8b\xd1\x80\xd0\xba\xd0\xbd\xd0\xb8\xd1\x82\xd1\x96\xd1\x81', b'\xe2\x96\x81\xd0\xb2\xd0\xb5\xd1\x81\xd1\x8c\xd1\x82\xd1\x82\xd1\x96', b'\xe2\x96\x81\xd0\xb7\xd1\x83\xd1\x80\xd0\xb3\xd1\x8b\xd1\x81\xd0\xb8\xd1\x81', b'\xe2\x96\x81\xd1\x81\xd1\x82\xd0\xb5\xd0\xba\xd0\xbb\xd3\xa7\xd3\xa7', b'\xe2\x96\x81\xd0\xb6\xd1\x83\xd1\x8f\xd0\xbb\xd3\xa7\xd0\xbc\xd3\xa7\xd0\xbd', b'\xe2\x96\x81\xd0\xba\xd1\x83\xd0\xb9\xd0\xbb\xd1\x8b\xd1\x81\xd1\x8c', b'\xe2\x96\x81\xd0\xb1\xd1\x83\xd0\xbc\xd0\xb0\xd0\xb3\xd0\xb0\xd1\x8f\xd1\x81', b'\xe2\x96\x81\xd0\xb2\xd1\x8b\xd0\xbb\xd0\xbd\xd0\xb0\xd3\xa7', b'\xe2\x96\x81\xd0\xba\xd0\xb0\xd1\x82\xd1\x82\xd1\x8c\xd1\x8b\xd1\x81\xd0\xb8\xd1\x81', b'\xe2\x96\x81\xd0\xb2\xd0\xb5\xd1\x81\xd1\x8c\xd1\x82\xd3\xa7', b'\xe2\x96\x81\xd0\x92\xd0\xb0\xd0\xbd\xd1\x8c\xd3\xa7\xd3\xa7\xd1\x81', b'\xe2\x96\x81\xd0\xb2\xd1\x83\xd0\xb3\xd1\x80\xd0\xb0\xd1\x81\xd1\x8c\xd0\xbd\xd1\x8b\xd1\x82\xd3\xa7', b'\xe2\x96\x81\xd0\xb2\xd1\x83\xd0\xb3\xd1\x8b\xd1\x80\xd3\xa7\xd0\xbd', b'\xe2\x96\x81\xd0\xba\xd1\x8b\xd0\xba\xd0\xbd\xd0\xb0\xd0\xbd\xd3\xa7\xd0\xbd', b'\xe2\x96\x81\xd0\xbf\xd3\xa7\xd0\xbb\xd3\xa7\xd1\x81', b'\xe2\x96\x81\xd0\xbb\xd1\x8d\xd0\xbf\xd1\x82\xd1\x8b\xd0\xb2\xd0\xbb\xd1\x96\xd1\x81', b'\xe2\x96\x81\xd0\xba\xd0\xb0\xd0\xb7\xd1\x8f\xd0\xbb\xd1\x96\xd1\x81', b'\xe2\x96\x81\xd0\xb4\xd0\xb6\xd1\x8b\xd0\xbd\xd0\xb2\xd1\x8b\xd0\xb9\xd3\xa7', b'\xe2\x96\x81\xd0\xbb\xd0\xb5\xd0\xb1\xd0\xbc\xd3\xa7\xd0\xbc', b'\xe2\x96\x81\xd1\x81\xd1\x96\xd1\x81\xd1\x8c\xd0\xbc\xd3\xa7\xd0\xbc', b'\xe2\x96\x81\xd0\xba\xd0\xbe\xd0\xbb\xd0\xbe\xd0\xb4\xd0\xb0', b'\xe2\x96\x81\xd0\xbf\xd0\xb5\xd1\x81\xd0\xbe\xd0\xb2\xd1\x82\xd1\x96\xd1\x81', b'\xe2\x96\x81\xd0\xb4\xd0\xb6\xd0\xb5\xd0\xbd\xd1\x8c\xd0\xb4\xd0\xb0\xd0\xbc\xd0\xbc\xd3\xa7\xd0\xbc', b'\xe2\x96\x81y', b'\xe2\x96\x81\xd0\xb9\xd3\xa7\xd0\xb3', b'\xe2\x96\x81\xd1\x87\xd3\xa7\xd1\x81', b'\xe2\x96\x81\xd0\xb2\xd0\xb8\xd0\xb4\xd0\xb7\xd1\x87\xd1\x8b\xd1\x81\xd1\x8c\xd3\xa7\xd0\xbc\xd3\xa7\xd0\xbd', b'\xe2\x96\x81\xd1\x88\xd1\x8b\xd0\xb1\xd0\xb8\xd1\x82\xd1\x96\xd1\x81', b'\xe2\x96\x81\xd1\x83\xd0\xb2\xd1\x81\xd3\xa7', b'\xe2\x96\x81\xd0\xbf\xd3\xa7\xd0\xbb\xd3\xa7\xd1\x81\xd0\xb0', b'\xe2\x96\x81\xd0\xb4\xd0\xb7\xd0\xb0\xd0\xb2\xd1\x8a\xd1\x8f\xd1\x81', b'\xe2\x96\x81\xd0\x9e\xd0\xb7\xd1\x8b\xd1\x80\xd0\xbb\xd1\x83\xd0\xbd', b'\xe2\x96\x81\xd0\xba\xd1\x8b\xd1\x81\xd1\x81\xd1\x8c\xd3\xa7', b'\xe2\x96\x81\xd0\xbe\xd0\xb7\xd1\x8b\xd1\x80\xd0\xbb\xd1\x83\xd0\xbd', b'\xe2\x96\x81\xd0\x9c\xd1\x83\xd0\xb4\xd0\xb7\xd3\xa7\xd0\xbc', b'\xe2\x96\x81\xd0\xb1\xd3\xa7\xd1\x80\xd0\xb0\xd0\xb4', b'\xe2\x96\x81\xd0\xbf\xd0\xb8\xd0\xbd\xd1\x8f', b'\xe2\x96\x81\xd1\x82\xd1\x83\xd0\xb2', b'\xe2\x96\x81\xd1\x83\xd0\xb7\xd1\x8c\xd1\x81\xd1\x8f\xd1\x81', b'\xd1\x82\xd3\xa7\xd0\xbc\xd1\x82\xd0\xbe\xd1\x80\xd1\x8a\xd1\x8f\xd1\x81\xd1\x81\xd3\xa7', b'\xe2\x96\x81\xd0\xb4\xd0\xb7\xd0\xb8\xd1\x80\xd0\xb4\xd0\xb0\xd0\xbb\xd1\x8b\xd1\x81\xd1\x8c', b'\xe2\x96\x81\xd0\xb1\xd0\xb8\xd1\x81\xd0\xb5\xd1\x80\xd0\xb0', b'\xe2\x96\x81\xd1\x8d\xd1\x88\xd0\xba\xd1\x8b\xd0\xbd\xd3\xa7\xd0\xbd', b'\xe2\x96\x81\xd0\xbc\xd0\xb8\xd1\x87\xd0\xbb\xd1\x83\xd0\xbd\xd1\x8b\xd1\x81', b'\xe2\x96\x81\xd0\x90\xd1\x81\xd0\xbd\xd1\x8b\xd1\x80\xd0\xbe\xd0\xb2', b'\xe2\x96\x81\xd1\x82\xd3\xa7\xd0\xb4\xd1\x96\xd1\x81', b'\xe2\x96\x81\xd0\xbe\xd0\xbb\xd3\xa7\xd0\xbc\xd1\x8b\xd0\xb4', b'\xe2\x96\x81\xd0\xba\xd1\x83\xd0\xbb\xd3\xa7\xd0\xbc\xd1\x8b\xd0\xb4', b'\xe2\x96\x81\xd1\x88\xd1\x83\xd0\xb4\xd1\x8b\xd0\xb4', b'\xe2\x96\x81\xd0\xbd\xd0\xb5\xd1\x88\xd1\x83\xd0\xb4\xd1\x8b\xd0\xb4', b'\xe2\x96\x81\xd0\xa3\xd0\xbd\xd0\xb0', b'\xe2\x96\x81\xd1\x87\xd1\x83\xd0\xba\xd1\x8b\xd0\xbb\xd1\x8f', b'\xe2\x96\x81\xd0\xbc\xd0\xb8\xd1\x87\xd0\xbb\xd1\x83\xd0\xbd\xd0\xbd\xd0\xb0\xd1\x81', b'\xe2\x96\x81\xd0\xba\xd0\xb0\xd0\xb6\xd0\xb8\xd1\x82\xd1\x87\xd3\xa7', b'\xe2\x96\x81\xd0\xbe\xd1\x82\xd1\x81\xd0\xb0\xd0\xbb\xd1\x96\xd1\x81', b'\xe2\x96\x81\xd1\x83\xd0\xb4\xd0\xb6\xd0\xbb\xd1\x8b', b'\xe2\x96\x81\xd1\x88\xd0\xbe\xd0\xb3', b'\xe2\x96\x81\xd0\xb3\xd0\xb0\xd0\xb6', b'\xe2\x96\x81\xd1\x82\xd3\xa7\xd0\xb4\xd0\xbb\xd3\xa7', b'\xe2\x96\x81\xd0\xa8\xd0\xbe\xd0\xb3\xd1\x82\xd3\xa7\xd0\xb3', b'\xe2\x96\x81\xd0\xb3\xd0\xb0\xd0\xb6\xd1\x8b\xd1\x81', b'\xe2\x96\x81\xd0\xb4\xd0\xb7\xd1\x83\xd0\xb3\xd1\x8b\xd0\xbb\xd1\x8c\xd0\xbc\xd3\xa7\xd0\xb4\xd0\xbb\xd3\xa7', b'\xe2\x96\x81!..', b'\xe2\x96\x81\xd0\xa0\xd0\xbe\xd0\xba\xd1\x82\xd3\xa7', b'\xe2\x96\x81\xd0\xb2\xd1\x8b\xd0\xb9\xd1\x82\xd3\xa7', b'\xe2\x96\x81\xd0\x90\xd0\xb9', b'\xe2\x96\x81\xd0\xbd\xd0\xbe\xd0\xbc\xd0\xb9\xd1\x8b\xd0\xb4\xd0\xbb\xd1\x8b', b'\xe2\x96\x81\xd1\x8e\xd1\x8b\xd1\x88\xd1\x82\xd0\xb0\xd1\x81', b'\xe2\x96\x81\xd1\x82\xd1\x83\xd1\x80\xd1\x83\xd0\xbd\xd1\x8b\xd1\x81\xd1\x8c', b'\xe2\x96\x81\xd0\xbb\xd0\xb8', b'\xe2\x96\x81\xd0\xb4\xd0\xb7\xd0\xbe\xd1\x80\xd0\xb8\xd0\xb4\xd0\xb7\xd1\x8b\xd1\x81\xd1\x8c', b'\xe2\x96\x81\xd1\x80\xd0\xbe\xd0\xba\xd3\xa7\xd1\x81\xd1\x81\xd3\xa7', b'\xe2\x96\x81\xd0\xbf\xd3\xa7\xd1\x82', b'\xe2\x96\x81\xd0\xba\xd0\xb0\xd1\x88\xd3\xa7\xd0\xb2\xd0\xb0\xd1\x80', b'\xe2\x96\x81\xd0\x9f\xd0\xb0\xd1\x80\xd0\xb0\xd1\x81\xd1\x8c', b'\xe2\x96\x81\xd1\x82\xd1\x8c\xd3\xa7\xd1\x82\xd0\xba\xd0\xb0', b'\xe2\x96\x81\xd0\xbf\xd1\x83\xd0\xb8\xd1\x81', b'\xe2\x96\x81\xd0\xbd\xd1\x83\xd1\x80\xd1\x82\xd0\xbe\xd1\x80', b'\xe2\x96\x81\xd0\xb8\xd0\xb4', b'\xe2\x96\x81\xd1\x88\xd0\xbe\xd0\xb1\xd0\xb4\xd1\x96', b'\xe2\x96\x81\xd0\xbf\xd1\x8b\xd0\xb7\xd1\x8c\xd1\x8b\xd1\x81\xd1\x8c', b'\xe2\x96\x81\xd1\x80\xd0\xbe\xd0\xba', b'\xe2\x96\x81\xd0\xa1\xd1\x8e\xd0\xbd', b'\xe2\x96\x81\xd0\xbf\xd0\xb5\xd0\xbc\xd1\x8b\xd0\xb4\xd0\xbb\xd3\xa7\xd0\xb7', b'\xe2\x96\x81\xd0\xba\xd1\x8b\xd0\xbc\xd3\xa7\xd1\x80\xd1\x8a\xd1\x8f\xd1\x81', b'\xe2\x96\x81\xd3\xa7\xd1\x88\xd0\xb9\xd3\xa7\xd0\xbc\xd0\xb0\xd3\xa7\xd1\x81\xd1\x8c', b'\xe2\x96\x81\xd0\xb1\xd0\xb5\xd1\x80\xd0\xb4\xd0\xb0\xd1\x81', b'\xe2\x96\x81\xd1\x87\xd0\xbe\xd0\xb9', b'\xe2\x96\x81\xd3\xa7\xd1\x82\xd0\xb8\xd0\xbd\xd1\x8b\xd0\xbc', b'\xe2\x96\x81\xd0\xb4\xd0\xbe\xd0\xb7\xd0\xb9\xd3\xa7\xd0\xbd', b'\xe2\x96\x81\xd0\xbc\xd3\xa7\xd0\xb4\xd0\xbd\xd1\x8b\xd0\xbc', b'\xe2\x96\x81\xd0\xbf\xd0\xb5\xd1\x81', b'\xe2\x96\x81\xd0\xbc\xd0\xbe\xd0\xb7\xd0\xb4\xd0\xbe\xd1\x80\xd3\xa7\xd0\xbd', b'\xe2\x96\x81\xd0\xbc\xd3\xa7\xd0\xb4\xd3\xa7\xd0\xb4\xd1\x87\xd0\xb8\xd0\xbc', b'\xe2\x96\x81\xd0\xbb\xd0\xbe\xd0\xbc\xd1\x82\xd1\x8b\xd0\xbd\xd1\x8b', b'\xe2\x96\x81\xd1\x81\xd1\x82\xd0\xb0\xd1\x80\xd0\xb8\xd0\xba', b'\xe2\x96\x81\xd0\xba\xd0\xb8\xd1\x81\xd1\x8c\xd1\x82\xd1\x8b\xd1\x88\xd1\x82\xd1\x96\xd1\x81', b'\xe2\x96\x81\xd1\x88\xd0\xbe\xd1\x80', b'\xe2\x96\x81\xd0\xb2\xd0\xb0\xd1\x81\xd3\xa7', b'\xe2\x96\x81\xd1\x87\xd0\xb8\xd0\xb1\xd0\xbb\xd1\x8c\xd3\xa7\xd0\xb3\xd0\xb0\xd0\xbb\xd3\xa7\xd0\xbc', b'\xe2\x96\x81\xd0\xbf\xd1\x8b\xd0\xb4\xd3\xa7\xd1\x81', b'\xe2\x96\x81\xd0\xb4\xd0\xbe\xd0\xb7\xd0\xbc\xd3\xa7\xd1\x80\xd1\x8b\xd1\x81\xd0\xbb\xd1\x8b', b'\xe2\x96\x81\xd1\x81\xd1\x91\xd1\x8f\xd0\xbd', b'\xe2\x96\x81\xd0\xba\xd0\xbe\xd0\xba\xd0\xb0\xd0\xb2\xd0\xbd\xd1\x8b', b'\xe2\x96\x81\xd1\x81\xd1\x91\xd1\x8f\xd0\xbd\xd1\x81\xd3\xa7', b'\xe2\x96\x81\xd0\xb8\xd0\xb7\xd0\xbd\xd1\x8b', b'\xe2\x96\x81\xd0\xb3\xd0\xb0\xd0\xb4\xd0\xb4\xd1\x8f\xd1\x81', b'\xe2\x96\x81\xd0\xa7\xd1\x83\xd0\xb6\xd3\xa7\xd0\xbc\xd1\x8b\xd0\xbd', b'\xe2\x96\x81\xd0\xbc\xd0\xb5\xd0\xbd\xd0\xb0\xd0\xbc', b'\xe2\x96\x81\xd0\xba\xd3\xa7\xd0\xb4\xd0\xb7\xd0\xb4\xd3\xa7\xd0\xbc\xd0\xb0', b'\xe2\x96\x81\xd0\xb2\xd0\xb8\xd1\x80', b'\xe2\x96\x81\xd1\x81\xd1\x8c\xd3\xa7\xd0\xbb\xd3\xa7\xd0\xbc\xd1\x8b\xd0\xbd', b'\xe2\x96\x81\xd0\xbf\xd1\x83\xd3\xa7', b'\xe2\x96\x81\xd0\xb2\xd0\xbe\xd0\xba\xd1\x8a\xd1\x8f\xd1\x81', b'\xe2\x96\x81\xd0\xb7\xd0\xbe\xd0\xbd\xd0\xba\xd0\xb0\xd1\x83\xd0\xbb\xd0\xbe\xd0\xb2\xd1\x8b\xd0\xb4', b'\xe2\x96\x81\xd1\x88\xd3\xa7\xd1\x82\xd3\xa7', b'\xe2\x96\x81\xd0\xbb\xd0\xbe\xd0\xba\xd1\x82\xd3\xa7', b'\xe2\x96\x81\xd0\x9a\xd3\xa7\xd1\x80\xd0\xb0', b'\xe2\x96\x81\xd0\xba\xd3\xa7\xd0\xbb\xd1\x83\xd0\xb9\xd1\x8b\xd1\x81\xd1\x8c', b'\xe2\x96\x81\xd0\xbf\xd0\xb0\xd1\x81\xd1\x8c', b'\xe2\x96\x81\xd0\xb2\xd1\x83\xd1\x80\xd3\xa7\xd0\xbc', b'\xe2\x96\x81\xd0\x9f\xd3\xa7\xd0\xbb\xd0\xb0\xd1\x88\xd1\x8b\xd1\x81\xd1\x8c', b'\xe2\x96\x81\xd0\xbc\xd0\xb0\xd1\x81\xd1\x82\xd0\xb5\xd1\x80\xd0\xb4\xd0\xb6\xd1\x8b\xd0\xba\xd1\x8b\xd1\x81', b'\xe2\x96\x81\xd0\xbc\xd0\xb0\xd1\x82\xd1\x96\xd0\xb3\xd3\xa7\xd0\xb3\xd3\xa7\xd1\x80\xd1\x8b\xd0\xbd', b'\xe2\x96\x81\xd0\x9f\xd0\xb0\xd0\xb6\xd1\x8b\xd0\xbd', b'\xe2\x96\x81\xd0\xba\xd0\xb0\xd0\xb4\xd1\x8b\xd0\xbd', b'\xe2\x96\x81\xd0\x9a\xd1\x83\xd0\xb7\xd1\x8c\xd0\xbc\xd0\xb0', b'\xe2\x96\x81\xd0\xbd\xd1\x8b\xd0\xbb\xd0\xb0', b'\xd0\xb7\xd1\x8f\xd1\x82\xd1\x8f', b'\xe2\x96\x81\xd1\x87\xd1\x83\xd0\xba\xd3\xa7\xd1\x80\xd0\xbc\xd1\x8b\xd0\xbd\xd1\x8b', b'\xe2\x96\x81\xd0\xb7\xd0\xbe\xd0\xbd\xd0\xbf\xd0\xbe\xd1\x81\xd0\xbd\xd0\xb8', b'\xe2\x96\x81\xd1\x82\xd1\x83\xd1\x80\xd0\xb8\xd1\x8f\xd1\x81\xd3\xa7\xd0\xbd', b'\xe2\x96\x81\xd0\xb2\xd0\xb0\xd0\xb9\xd3\xa7\xd0\xbc', b'\xe2\x96\x81\xd1\x88\xd1\x83\xd0\xb4\xd1\x81\xd3\xa7', b'\xe2\x96\x81\xd0\xb3\xd3\xa7\xd0\xb3\xd3\xa7\xd1\x80\xd0\xb2\xd0\xbe\xd0\xbb\xd1\x96\xd0\xbc', b'\xe2\x96\x81\xd0\xbd\xd0\xbe\xd0\xb3', b'\xe2\x96\x81\xd0\xa2\xd0\xbe\xd0\xbc\xd0\xb0', b'\xd0\xbf\xd3\xa7\xd1\x80\xd1\x8b\xd1\x81\xd1\x8f', b'\xe2\x96\x81\xd0\xba\xd0\xb8\xd0\xb0\xd0\xbd\xd1\x8b\xd1\x81', b'\xe2\x96\x81\xd0\xbd\xd0\xb8\xd0\xb4\xd0\xb7\xd1\x83\xd0\xbb\xd0\xb0', b'\xe2\x96\x81\xd0\xbf\xd1\x83\xd1\x87\xd0\xb5\xd1\x8f', b'\xe2\x96\x81\xd1\x88\xd0\xb0\xd1\x82\xd0\xb8\xd0\xbd\xd1\x8a\xd1\x8f\xd1\x81\xd1\x81\xd3\xa7', b'\xd0\xb2\xd0\xb0', b'\xe2\x96\x81\xd1\x81\xd1\x91\xd1\x80\xd0\xbd\xd0\xb8\xd0\xbd\xd1\x8b\xd0\xbc', b'\xe2\x96\x81\xd0\xbd\xd1\x8e\xd0\xb6\xd0\xb0\xd0\xbb\xd1\x96\xd1\x81', b'\xd0\xbf\xd1\x8b\xd1\x80', b'\xe2\x96\x81\xd0\xba\xd0\xb0\xd0\xb7\xd1\x8f\xd0\xbb\xd1\x96', b'\xe2\x96\x81\xd0\xba\xd1\x83\xd1\x82\xd1\x88\xd3\xa7\xd0\xbc\xd0\xb0', b'\xe2\x96\x81\xd0\xb2\xd0\xb8\xd1\x81\xd1\x8c\xd3\xa7', b'\xe2\x96\x81\xd1\x81\xd1\x8c\xd3\xa7\xd0\xbb\xd3\xa7\xd0\xbc\xd1\x8b\xd1\x81', b'\xe2\x96\x81\xd0\xba\xd0\xbe\xd0\xbc\xd0\xb8', b'\xe2\x96\x81\xd0\xb4\xd1\x8f\xd0\xb4\xd1\x8c\xd3\xa7\xd1\x8b\xd1\x81\xd0\xbb\xd3\xa7\xd0\xbd', b'\xe2\x96\x81\xd0\xb7\xd0\xb2\xd0\xb5\xd1\x80\xd1\x8c', b'\xd0\xbf\xd3\xa7\xd1\x82\xd0\xba\xd0\xb0', b'\xe2\x96\x81\xd1\x87\xd0\xb8\xd0\xbd\xd3\xa7\xd0\xbc', b'\xe2\x96\x81\xd1\x81\xd0\xb0\xd1\x8f\xd0\xbb\xd3\xa7\xd0\xbc\xd0\xb0', b'\xd0\xbf\xd1\x83', b'\xe2\x96\x81\xd0\xba\xd0\xbe\xd1\x81\xd1\x82\xd3\xa7', b'\xe2\x96\x81\xd0\xb1\xd0\xb8\xd0\xbf\xd1\x83\xd1\x80', b'\xe2\x96\x81\xd1\x8b\xd0\xbf\xd1\x8a\xd1\x8f\xd0\xbb\xd3\xa7', b'\xe2\x96\x81\xd0\xb8\xd0\xbd\xd0\xb0\xd1\x81\xd1\x8c', b'\xe2\x96\x81\xd1\x82\xd1\x88\xd1\x8b\xd0\xb3', b'\xe2\x96\x81\xd0\xba\xd0\xb0\xd0\xb3\xd0\xb0', b'\xe2\x96\x81\xd0\xb1\xd3\xa7\xd1\x80\xd0\xb4\xd3\xa7', b'\xe2\x96\x81;', b'\xe2\x96\x81\xd0\xb2\xd0\xbe\xd0\xb9\xd0\xb1\xd1\x8b\xd0\xb4', b'\xe2\x96\x81\xd0\xb3\xd3\xa7\xd1\x82\xd1\x8b\xd1\x80', b'\xe2\x96\x81\xd1\x83\xd0\xb7\xd1\x8c', b'\xe2\x96\x81\xd0\x9a\xd1\x8b\xd0\xb2\xd0\xb7\xd1\x8b', b'\xe2\x96\x81\xd0\xbc\xd0\xb0\xd0\xbc\xd1\x82\xd3\xa7', b'\xe2\x96\x81\xd0\x9c\xd1\x8b\xd1\x87\xd1\x87\xd1\x8b\xd0\xb2', b'\xe2\x96\x81\xd1\x81\xd1\x8f\xd0\xbc\xd1\x82\xd3\xa7', b'\xe2\x96\x81\xd0\xbc\xd1\x83\xd1\x81\xd0\xb0', b'\xe2\x96\x81\xd0\x9c\xd0\xb5\xd0\xb4\xd1\x8b\xd1\x81\xd1\x8c', b'\xe2\x96\x81\xd1\x80\xd1\x83\xd0\xb4\xd0\xb0', b'\xe2\x96\x81\xd0\xbf\xd0\xb5\xd1\x80\xd0\xb9\xd3\xa7', b'\xe2\x96\x81\xd0\xb7\xd0\xbe\xd0\xbd', b'\xe2\x96\x81\xd1\x8e\xd1\x80\xd0\xb1\xd0\xb8\xd1\x82\xd3\xa7', b'\xe2\x96\x81\xd0\xbf\xd0\xbe\xd0\xbf', b'\xe2\x96\x81\xd0\xbc\xd0\xb5\xd0\xb4\xd1\x8b\xd1\x81\xd1\x8c', b'\xe2\x96\x81\xd0\xbb\xd1\x8b\xd1\x8b\xd1\x81\xd1\x8c', b'\xe2\x96\x81\xd0\xb2\xd0\xb8\xd0\xb4\xd0\xb7\xd3\xa7', b'\xe2\x96\x81\xd1\x82\xd1\x8d\xd0\xb4', b'\xe2\x96\x81\xd1\x88\xd0\xb5\xd0\xb4\xd1\x96\xd1\x81', b'\xe2\x96\x81\xd1\x82\xd1\x83\xd1\x8f\xd0\xbb\xd1\x96\xd1\x81', b'\xe2\x96\x81\xd0\xb7\xd0\xb2\xd0\xb5\xd1\x80\xd3\xa7\xd1\x81', b'\xe2\x96\x81\xd0\xbf\xd0\xbe\xd0\xb2\xd1\x82\xd3\xa7\xd0\xb3', b'\xe2\x96\x81\xd0\xb1\xd0\xb5\xd1\x80\xd0\xb3\xd3\xa7\xd0\xb4\xd0\xbb\xd1\x8b\xd1\x82\xd3\xa7\xd0\xb3', b'\xe2\x96\x81\xd0\xa7\xd0\xb5\xd1\x80\xd0\xb8\xd3\xa7\xd0\xbd', b'\xe2\x96\x81\xd0\xb7\xd0\xb2\xd0\xb5\xd1\x80\xd1\x8c\xd1\x8f\xd1\x81\xd3\xa7\xd0\xbd', b'\xe2\x96\x81\xd0\xba\xd1\x8b\xd0\xb9\xd0\xb4\xd3\xa7\xd1\x81\xd3\xa7\xd0\xbd', b'\xe2\x96\x81\xd1\x82\xd0\xb0\xd1\x82\xd1\x87\xd3\xa7', b'\xe2\x96\x81\xd0\xb9\xd3\xa7\xd0\xb7\xd1\x81\xd3\xa7', b'\xe2\x96\x81\xd0\x9a\xd1\x83\xd0\xbb\xd3\xa7\xd0\xbc\xd0\xb0\xd3\xa7\xd1\x81', b'\xe2\x96\x81\xd0\xba\xd0\xbe\xd0\xbb\xd0\xbb\xd1\x8c\xd3\xa7\xd0\xb4\xd0\xbd\xd1\x8b', b'\xe2\x96\x81\xd0\xb2\xd0\xbe\xd0\xbb\xd1\x96\xd1\x81\xd0\xbd\xd1\x8b', b'\xe2\x96\x81\xd0\xb3\xd0\xbe\xd0\xb7\xd1\x8a\xd1\x8f', b'\xe2\x96\x81\xd1\x83\xd0\xb4\xd0\xb8\xd1\x82\xd1\x96\xd1\x81', b'\xe2\x96\x81\xd0\xbb\xd1\x8b\xd0\xb4\xd0\xb4\xd1\x8c\xd3\xa7\xd0\xb4\xd0\xbb\xd1\x8b\xd0\xbd\xd1\x8b', b'\xe2\x96\x81\xd0\xba\xd1\x83\xd0\xbb\xd1\x8b\xd1\x81\xd1\x8c\xd1\x8f\xd1\x81\xd3\xa7\xd1\x81', b'\xe2\x96\x81\xd1\x87\xd1\x83\xd0\xb6\xd1\x8b\xd1\x81\xd1\x8c\xd1\x8f\xd1\x81\xd3\xa7\xd1\x81', b'\xe2\x96\x81\xd1\x81\xd0\xb0\xd0\xbb\xd0\xb4\xd0\xb0\xd1\x82\xd1\x8b\xd1\x81\xd1\x8c', b'\xe2\x96\x81\xd0\xb2\xd0\xbe\xd1\x8b\xd1\x81\xd1\x8c\xd1\x8f\xd1\x81\xd3\xa7\xd1\x81', b'\xe2\x96\x81\xd0\x9f\xd1\x8b\xd0\xb2\xd1\x81\xd1\x8f\xd0\xbd', b'\xe2\x96\x81\xd0\xb3\xd0\xbe\xd1\x80\xd0\xbd\xd1\x8b\xd0\xbc', b'\xe2\x96\x81\xd0\xb2\xd0\xb0\xd0\xb9\xd0\xbc\xd3\xa7\xd0\xbc\xd0\xb0', b'\xe2\x96\x81\xd3\xa7\xd0\xb3\xd1\x8b\xd1\x80', b'\xe2\x96\x81\xd1\x82\xd0\xbe\xd1\x80', b'\xe2\x96\x81\xd0\xba\xd0\xbe\xd0\xbb\xd1\x8c\xd3\xa7\xd0\xbc\xd0\xb0', b'\xe2\x96\x81\xd1\x80\xd0\xbe\xd0\xba\xd0\xbd\xd1\x8b\xd0\xbc', b'\xe2\x96\x81\xd0\xbf\xd1\x83\xd1\x81\xd1\x8c\xd3\xa7\xd0\xbc\xd0\xb0', b'\xe2\x96\x81\xd0\xbd\xd3\xa7\xd0\xb3\xd1\x8b\xd0\xbb\xd1\x8c\xd1\x82\xd1\x87\xd3\xa7\xd0\xbc\xd0\xb0', b'\xe2\x96\x81\xd0\x9b\xd1\x8c\xd3\xa7\xd0\xbc', b'\xe2\x96\x81\xd0\xbd\xd1\x8c\xd3\xa7\xd1\x80\xd1\x8a\xd1\x8f\xd1\x81\xd1\x8b\xd1\x81\xd1\x8c', b'\xe2\x96\x81\xd0\xbf\xd0\xb5\xd1\x81\xd3\xa7\xd0\xbc', b'\xe2\x96\x81\xd0\xb3\xd0\xb5\xd0\xb7\xd1\x8a\xd1\x8f\xd1\x81\xd3\xa7\xd0\xbd', b'\xe2\x96\x81\xd0\xbf\xd3\xa7\xd0\xb2\xd1\x81\xd1\x82\xd3\xa7\xd0\xbd', b'\xe2\x96\x81\xd0\xba\xd3\xa7\xd1\x80\xd1\x82\xd0\xb0\xd0\xb2\xd0\xbb\xd1\x96\xd0\xbc', b'\xe2\x96\x81\xd0\xbf\xd1\x83\xd1\x80\xd0\xbb\xd1\x8b\xd1\x81\xd1\x8c', b'\xe2\x96\x81\xd0\xbf\xd0\xb5\xd0\xbb\xd1\x8c\xd3\xa7\xd1\x81', b'\xe2\x96\x81\xd0\xb9\xd1\x8b\xd0\xb2\xd0\xbb\xd0\xb0\xd0\xbd\xd1\x8c', b'\xe2\x96\x81\xd0\xba\xd0\xb0\xd1\x82\xd0\xbe\xd0\xb2\xd1\x82\xd3\xa7\xd0\xbc', b'\xe2\x96\x81\xd1\x88\xd0\xbe\xd0\xbd\xd0\xb4\xd1\x96\xd1\x8b\xd1\x81', b'\xe2\x96\x81\xd0\xba\xd0\xbe\xd0\xb9\xd1\x8b\xd1\x88\xd1\x82\xd1\x96\xd1\x81', b'\xe2\x96\x81\xd0\xba\xd3\xa7\xd0\xb9\xd0\xb4\xd3\xa7\xd0\xbc', b'\xe2\x96\x81\xd1\x80\xd1\x8b\xd1\x82\xd1\x8a\xd1\x8f', b'\xe2\x96\x81\xd1\x8e\xd0\xb3\xd3\xa7\xd1\x80\xd1\x8a\xd1\x8f\xd1\x81\xd3\xa7\xd0\xbd', b'\xe2\x96\x81\xd0\xa1\xd3\xa7\xd1\x81\xd1\x82\xd3\xa7\xd0\xbc', b'\xe2\x96\x81\xd1\x88\xd0\xbe\xd0\xbd\xd1\x8b\xd0\xb4\xd0\xb0', b'\xe2\x96\x81\xd0\xba\xd1\x8b\xd1\x88\xd0\xb0\xd1\x81\xd1\x8c\xd3\xa7\xd0\xbc', b'\xe2\x96\x81\xd0\xb4\xd0\xb7\xd0\xb8\xd1\x80\xd1\x8b\xd0\xb4\xd0\xb0', b'\xe2\x96\x81\xd1\x8e\xd0\xb3\xd1\x8a\xd1\x8f\xd0\xbb\xd3\xa7', b'\xe2\x96\x81\xd1\x8d\xd0\xb7\xd1\x8b\xd1\x81\xd1\x8c', b'\xe2\x96\x81\xd0\xba\xd0\xb8\xd0\xbd\xd1\x8c\xd1\x8f\xd1\x81\xd3\xa7\xd0\xbd', b'\xe2\x96\x81\xd1\x8e\xd1\x8b\xd1\x81\xd0\xbb\xd3\xa7\xd0\xbd', b'\xe2\x96\x81\xd0\xbf\xd0\xb0\xd1\x81\xd1\x8c\xd0\xba\xd1\x8b\xd0\xb4\xd0\xba\xd0\xbe\xd0\xb4\xd1\x8c', b'\xe2\x96\x81\xd0\xba\xd0\xbe\xd0\xb2\xd1\x82\xd1\x8b\xd1\x81\xd1\x8b\xd1\x81', b'\xe2\x96\x81\xd0\xbb\xd0\xb0\xd0\xb9\xd0\xba\xd0\xbe\xd0\xb2\xd0\xbc\xd1\x83\xd0\xbd\xd3\xa7\xd0\xbc\xd0\xb0', b'\xe2\x96\x81\xd0\xba\xd0\xb0\xd1\x82\xd1\x8b\xd0\xb4\xd0\xbb\xd0\xb0\xd0\xbd\xd1\x8c', b'\xe2\x96\x81\xd0\xba\xd1\x8b\xd0\xb2\xd1\x82\xd1\x8b\xd0\xb4\xd0\xbb\xd0\xb0\xd0\xbd\xd1\x8c', b'\xe2\x96\x81\xd1\x81\xd1\x83\xd0\xb4\xd0\xb7\xd0\xbc\xd3\xa7\xd0\xbd', b'\xe2\x96\x81\xd1\x8b\xd0\xbb\xd3\xa7\xd0\xb4\xd0\xb7', b'\xe2\x96\x81\xd0\xba\xd1\x83\xd0\xb7\xd1\x8f\xd0\xbb\xd0\xb0', b'\xe2\x96\x81\xd0\xbf\xd0\xb0\xd1\x81\xd1\x8c\xd1\x82\xd0\xb0\xd0\xbb\xd0\xb0', b'\xe2\x96\x81\xd0\xb0\xd1\x80\xd0\xbb\xd3\xa7\xd0\xbd', b'\xe2\x96\x81\xd1\x8e\xd0\xb3\xd1\x8b\xd0\xb4\xd0\xb0', b'\xe2\x96\x81\xd3\xa7\xd0\xb7\xd0\xb9\xd1\x8b\xd1\x81\xd1\x8c', b'\xe2\x96\x81\xd1\x80\xd3\xa7\xd0\xbc\xd1\x8a\xd1\x8f\xd1\x81\xd3\xa7\xd0\xbd', b'\xe2\x96\x81\xd0\x93\xd3\xa7\xd0\xb3\xd3\xa7\xd1\x80', b'\xe2\x96\x81\xd3\xa7\xd1\x82\xd0\xb3\xd1\x8b\xd1\x80\xd1\x81\xd1\x8f', b'\xe2\x96\x81\xd1\x82\xd1\x88\xd0\xb5\xd1\x82\xd1\x88\xd0\xb2\xd0\xb8\xd0\xb4\xd0\xb7\xd3\xa7', b'\xe2\x96\x81\xd0\x9b\xd1\x83\xd0\xb4\xd1\x96\xd0\xba\xd3\xa7\xd0\xbd', b'\xe2\x96\x81\xd3\xa7\xd0\xb4\xd3\xa7\xd0\xbb\xd0\xb8\xd1\x82\xd0\xb0\xd1\x81', b'\xe2\x96\x81\xd3\xa7\xd0\xba\xd0\xb0\xd0\xb7\xd0\xb8\xd1\x8f\xd1\x8b\xd1\x81\xd1\x8c', b'\xe2\x96\x81\xd0\xb1\xd1\x83\xd1\x80\xd3\xa7\xd0\xbd', b'\xe2\x96\x81\xd0\xbc\xd1\x8b\xd0\xbd', b'\xe2\x96\x81\xd0\x9a\xd0\xbe\xd0\xbb\xd1\x85\xd0\xbe\xd0\xb7\xd0\xbd\xd0\xb8\xd0\xba', b'\xe2\x96\x81\xd0\xaf\xd0\xba\xd3\xa7', b'\xe2\x96\x81\xd0\xb2\xd0\xbe\xd1\x82\xd0\xbd\xd1\x8b', b'\xe2\x96\x81\xd0\xb2\xd0\xb5\xd1\x82\xd0\xbb\xd1\x96\xd1\x81', b'\xe2\x96\x81\xd1\x8f\xd0\xb3\xd3\xa7', b'\xe2\x96\x81\xd0\xa0\xd0\xbe\xd0\xb9\xd3\xa7\xd0\xbd', b'\xe2\x96\x81\xd0\xbd\xd0\xb8\xd1\x82\xd1\x88\xd1\x81\xd1\x8f\xd0\xbb\xd3\xa7\xd0\xbc', b'\xe2\x96\x81\xd1\x83\xd0\xb2\xd1\x8a\xd1\x8f\xd1\x81\xd0\xb0\xd1\x81', b'\xe2\x96\x81\xd0\xb2\xd0\xb8\xd0\xb6\xd3\xa7\xd0\xb4\xd1\x96\xd1\x81', b'\xe2\x96\x81\xd1\x87\xd0\xb8\xd0\xba\xd1\x8b\xd0\xbb\xd1\x8c\xd3\xa7\xd1\x81\xd1\x8c', b'\xe2\x96\x81\xd0\xba\xd0\xbe\xd1\x80\xd1\x8a\xd1\x8f', b'\xe2\x96\x81\xd1\x82\xd1\x96\xd0\xbb\xd1\x8c', b'\xe2\x96\x81\xd0\x9f\xd0\xb5\xd1\x87\xd0\xbe\xd1\x80\xd0\xb0\xd3\xa7\xd0\xb4\xd1\x8b\xd1\x81', b'\xe2\x96\x81\xd0\xba\xd0\xb0\xd1\x82\xd3\xa7', b'\xe2\x96\x81\xd1\x87\xd1\x83\xd0\xba\xd3\xa7\xd1\x80\xd0\xb0', b'\xe2\x96\x81\xd0\xbb\xd3\xa7\xd1\x81\xd1\x8c\xd3\xa7\xd0\xb4\xd1\x87\xd3\xa7', b'\xe2\x96\x81\xd0\xbf\xd1\x8b\xd0\xb6\xd0\xb0', b'\xe2\x96\x81\xd0\xbf\xd0\xb5\xd1\x82\xd0\xb0\xd0\xb2\xd0\xbb\xd1\x96\xd1\x81', b'\xe2\x96\x81\xd0\xb2\xd0\xbe\xd1\x81\xd1\x8c\xd1\x81\xd0\xb0\xd0\xb8\xd0\xbd\xd3\xa7', b'\xe2\x96\x81\xd1\x8e\xd0\xb3\xd1\x8b\xd0\xb4\xd1\x96\xd0\xbd\xd3\xa7', b'\xe2\x96\x81\xd0\xb1\xd0\xb5\xd1\x80\xd0\xb5\xd0\xb3\xd0\xbf\xd3\xa7\xd0\xbb\xd3\xa7\xd0\xbd\xd1\x81\xd0\xb0', b'\xe2\x96\x81\xd0\xb2\xd0\xb8\xd0\xb4\xd0\xb7\xd1\x8c\xd1\x8f\xd1\x81', b'\xe2\x96\x81\xd0\xb1\xd1\x8b\xd0\xb4\xd0\xbc\xd0\xb8\xd1\x81\xd0\xbd\xd1\x8b', b'\xe2\x96\x81\xd0\xbf\xd0\xb5\xd0\xbb\xd1\x8b\xd1\x81\xd1\x8c', b'\xe2\x96\x81\xd1\x82\xd0\xbe\xd1\x80\xd0\xb9\xd3\xa7\xd0\xbd', b'\xe2\x96\x81\xd0\x93\xd0\xb0\xd0\xb4\xd1\x8c', b'\xe2\x96\x81\xd0\xbd\xd1\x8f\xd0\xba\xd0\xbb\xd1\x8f\xd0\xbb\xd3\xa7\xd0\xbc', b'\xe2\x96\x81\xd0\xbf\xd0\xbe\xd1\x81\xd0\xbd\xd1\x8c\xd1\x8b\xd0\xb4\xd0\xb8\xd0\xba', b'\xe2\x96\x81\xd0\xb1\xd0\xb5\xd1\x80\xd0\xb5\xd0\xb3\xd1\x8b\xd1\x81', b'\xe2\x96\x81\xd0\xb0\xd1\x81\xd1\x8a\xd1\x8f', b'\xe2\x96\x81\xd0\xb2\xd0\xb5\xd1\x80\xd0\xb0\xd0\xb2\xd1\x82\xd3\xa7\xd0\xb4\xd0\xb7\xd1\x8b\xd0\xb4', b'\xe2\x96\x81\xd1\x8f\xd0\xbb\xd0\xb0\xd0\xb0', b'\xe2\x96\x81\xd1\x8f\xd0\xb3\xd1\x81\xd3\xa7', b'\xe2\x96\x81\xd0\xbc\xd1\x8b\xd0\xb9\xd1\x82\xd0\xb0', b'\xe2\x96\x81\xd0\xba\xd1\x8b\xd0\xb9\xd0\xbb\xd1\x96\xd1\x81', b'\xe2\x96\x81\xd0\xb3\xd1\x83\xd1\x80\xd0\xb8\xd0\xbd\xd0\xb0', b'\xe2\x96\x81\xd0\xb1\xd0\xb0\xd0\xb4\xd1\x8c\xd0\xba\xd0\xbe\xd1\x80\xd0\xbc\xd1\x8b\xd0\xba', b'\xe2\x96\x81\xd0\xbc\xd1\x8b\xd0\xba', b'\xe2\x96\x81\xd0\xba\xd0\xb5\xd0\xbb\xd1\x8c\xd1\x87\xd0\xb8', b'\xe2\x96\x81\xd1\x81\xd1\x8b\xd0\xbd', b'\xe2\x96\x81\xd0\x9c\xd1\x83\xd1\x80\xd3\xa7\xd1\x81\xd1\x82\xd1\x96\xd1\x81', b'\xe2\x96\x81\xd1\x83\xd0\xb2\xd1\x82\xd1\x87\xd1\x8b\xd1\x81\xd1\x8c', b'\xe2\x96\x81\xd0\xbc\xd1\x83\xd0\xbd\xd1\x82\xd3\xa7\xd0\xb4\xd0\xb7', b'\xe2\x96\x81\xd1\x80\xd1\x8b\xd1\x82\xd1\x8a\xd1\x8f\xd1\x81\xd1\x8b\xd0\xbd', b'\xe2\x96\x81\xd0\xbf\xd0\xb5\xd0\xbc\xd0\xb4\xd1\x8b\xd1\x82\xd3\xa7\xd0\xb4\xd0\xb7', b'\xe2\x96\x81\xd0\xb2\xd0\xb5\xd1\x82\xd0\xbb\xd3\xa7\xd0\xb4\xd0\xbb\xd1\x96\xd0\xbc', b'\xe2\x96\x81\xd0\xba\xd0\xbe\xd0\xb9\xd1\x82\xd1\x8a\xd1\x8f\xd1\x81', b'\xe2\x96\x81\xd0\xb2\xd0\xb5\xd1\x81\xd1\x8c\xd0\xba\xd0\xbe\xd0\xb4\xd1\x8c', b'\xe2\x96\x81\xd1\x83\xd0\xb2\xd1\x81\xd1\x8c\xd1\x8b\xd0\xbc', b'\xe2\x96\x81\xd0\xbc\xd3\xa7\xd0\xb4\xd1\x8b\xd1\x81\xd1\x8c', b'\xe2\x96\x81\xd0\xba\xd0\xbe\xd1\x82\xd1\x8b\xd1\x80', b'\xe2\x96\x81\xd0\x93\xd0\xbe\xd0\xb7', b'\xe2\x96\x81\xd0\xbf\xd0\xbe\xd0\xb2\xd0\xb7\xd1\x8c\xd3\xa7\xd0\xb4\xd0\xbb\xd1\x96\xd1\x81\xd0\xbd\xd1\x8b', b'\xe2\x96\x81\xd1\x81\xd1\x8c\xd3\xa7\xd0\xbb\xd0\xb0\xd1\x8f\xd1\x81\xd3\xa7\xd1\x81', b'\xe2\x96\x81\xd1\x80\xd3\xa7\xd1\x87', b'\xe2\x96\x81\xd1\x88\xd1\x83\xd0\xbc\xd3\xa7\xd0\xbd', b'\xe2\x96\x81\xd0\xb4\xd0\xbe\xd0\xb7\xd0\xbc\xd3\xa7\xd1\x80', b'\xe2\x96\x81\xd0\xbf\xd0\xbe\xd0\xb7\xd1\x82\xd1\x8b\xd1\x80', b'\xe2\x96\x81\xd0\x98\xd0\xb2\xd0\xb0\xd0\xbd\xd1\x8b\xd1\x87', b'\xe2\x96\x81\xd0\xbb\xd1\x83\xd0\xbd\xd3\xa7', b'\xe2\x96\x81\xd0\xba', b'o', b'\xd1\x80', b'\xe2\x96\x81\xd0\xbf\xd0\xbe\xd0\xb7\xd1\x8f\xd0\xbb\xd1\x8b\xd1\x88\xd1\x82\xd0\xb0\xd1\x81', b'\xe2\x96\x81\xd0\xbe\xd1\x82\xd0\xb4\xd0\xb5\xd0\xbb\xd1\x8a\xd1\x8f\xd1\x81', b'\xe2\x96\x81\xd0\xb3\xd1\x83\xd0\xbb\xd1\x8f\xd0\xb9\xd1\x82\xd1\x96\xd0\xb3\xd0\xbc\xd0\xbe\xd0\xb7', b'\xe2\x96\x81\xd0\xb4\xd0\xb7\xd0\xbe\xd1\x80\xd0\xb3\xd3\xa7', b'\xe2\x96\x81\xd0\xb3\xd3\xa7\xd0\xb3\xd3\xa7\xd1\x80\xd0\xb1\xd0\xbe\xd0\xba', b'\xe2\x96\x81\xd0\xbc\xd1\x83\xd1\x8b\xd1\x81\xd1\x8c', b'\xe2\x96\x81\xd1\x87\xd0\xb5\xd1\x87\xd1\x87\xd0\xb8\xd1\x81', b'\xe2\x96\x81\xd0\x93\xd3\xa7\xd0\xb3\xd1\x80\xd3\xa7\xd1\x81', b'\xe2\x96\x81\xd0\x9b\xd1\x8b\xd3\xa7\xd1\x81\xd1\x8c', b'\xe2\x96\x81\xd0\xba\xd1\x8b\xd1\x80\xd1\x8b\xd0\xbc\xd1\x81\xd3\xa7', b'\xe2\x96\x81\xd0\xbc\xd0\xb0\xd1\x82\xd3\xa7\xd0\xb4\xd1\x96\xd1\x81', b'\xe2\x96\x81\xd0\xba\xd1\x8b\xd0\xbc\xd3\xa7\xd1\x81', b'\xe2\x96\x81\xd0\xbb\xd1\x8d\xd1\x87\xd1\x87\xd1\x8b\xd1\x81\xd1\x8c', b'\xe2\x96\x81\xd1\x88\xd0\xbe\xd0\xbd\xd0\xb4\xd1\x96\xd1\x81\xd3\xa7', b'\xe2\x96\x81\xd0\xbf\xd0\xbe\xd1\x82\xd1\x88\xd0\xbd\xd1\x8b', b'\xe2\x96\x81\xd1\x81\xd0\xb8\xd0\xbd\xd0\xbc\xd0\xb0\xd1\x81', b'\xe2\x96\x81\xd0\xb8\xd0\xbd\xd0\xbc\xd3\xa7\xd0\xbc\xd1\x8b\xd1\x81\xd1\x8c', b'\xe2\x96\x81\xd0\xb1\xd1\x83\xd1\x80\xd0\xb4\xd0\xb6\xd1\x8b\xd0\xba\xd0\xb0', b'\xe2\x96\x81\xd0\xb0\xd0\xb4\xd0\xb4\xd0\xb7\xd1\x8b\xd0\xbd\xd1\x8b', b'\xe2\x96\x81\xd1\x81\xd1\x91\xd1\x80\xd0\xbd\xd0\xb8\xd1\x82\xd1\x8b\xd1\x81\xd1\x8c\xd1\x8f\xd1\x81\xd3\xa7\xd1\x81', b'\xe2\x96\x81\xd1\x88\xd0\xb5\xd0\xbc\xd3\xa7\xd1\x81', b'\xe2\x96\x81\xd0\xbb\xd1\x8d\xd0\xb1\xd1\x8b\xd1\x81\xd1\x8c', b'\xe2\x96\x81\xd0\xbe\xd1\x80\xd1\x82\xd3\xa7\xd0\xb4\xd0\xb7\xd1\x8b\xd1\x81', b'\xe2\x96\x81\xd0\xbf\xd1\x83\xd0\xba\xd1\x81\xd1\x8c\xd1\x8b', b'\xe2\x96\x81\xd0\x9a\xd3\xa7\xd0\xbc\xd1\x82\xd3\xa7\xd0\xbc', b'\xe2\x96\x81\xd0\xbf\xd1\x83\xd0\xb4\xd0\xb6\xd3\xa7\xd0\xbc', b'\xe2\x96\x81\xd0\xb3\xd0\xb0\xd1\x87', b'\xe2\x96\x81\xd0\xbf\xd0\xbe\xd0\xbc\xd1\x8a\xd1\x8f\xd1\x81\xd0\xb0', b'\xe2\x96\x81\xd0\xba\xd0\xbe\xd0\xba\xd0\xbd\xd0\xb0\xd1\x81', b'\xe2\x96\x81\xd0\xbf\xd0\xb8\xd0\xb4\xd0\xb7\xd3\xa7\xd1\x81\xd3\xa7\xd0\xb4\xd0\xb7\xd1\x8b\xd1\x81', b'\xe2\x96\x81\xd0\xbf\xd1\x8b\xd1\x80\xd0\xb0\xd0\xbb\xd1\x96\xd1\x81', b'\xe2\x96\x81\xd1\x8e\xd3\xa7', b'\xe2\x96\x81\xd0\x90\xd0\xb4\xd0\xb4\xd0\xb7\xd0\xb0\xd0\xbd', b'\xe2\x96\x81\xd0\xb3\xd0\xb8\xd0\xb6\xd0\xb0\xd0\xbd\xd0\xb1\xd0\xbe\xd1\x80\xd0\xb4', b'\xe2\x96\x81\xd0\xb1\xd1\x8b\xd0\xb4\xd0\xbc\xd3\xa7\xd0\xbc', b'\xe2\x96\x81\xd0\x92\xd0\xb8\xd1\x80\xd1\x88\xd1\x8b\xd0\xbd', b'\xe2\x96\x81\xd0\xbc\xd0\xb5\xd3\xa7', b'\xe2\x96\x81\xd0\xa3\xd0\xb4\xd0\xb6', b'\xe2\x96\x81\xd0\xba\xd1\x83\xd1\x82\xd1\x87\xd1\x8b\xd1\x81\xd1\x8c', b'\xe2\x96\x81\xd0\xba\xd0\xb8\xd1\x8f\xd1\x81\xd1\x8b\xd0\xbd', b'\xe2\x96\x81\xd0\x94\xd1\x8b\xd1\x80', b'\xe2\x96\x81\xd0\xba\xd0\xbe\xd1\x80\xd1\x81\xd0\xb8', b'\xe2\x96\x81\xd0\xb7\xd1\x96\xd0\xbb\xd1\x8f', b'\xe2\x96\x81\xd0\x92\xd0\xbe\xd0\xb8\xd1\x81\xd0\xbd\xd1\x8b', b'\xe2\x96\x81\xd0\xa1\xd0\xb8\xd0\xbd\xd1\x8a\xd1\x8f\xd1\x81\xd0\xbb\xd1\x8b', b'\xe2\x96\x81\xd1\x81\xd0\xb8\xd0\xbd\xd1\x8a\xd1\x8f\xd1\x81', b'\xe2\x96\x81\xd1\x88\xd0\xb5\xd0\xbc\xd3\xa7\xd1\x81\xd0\xb0', b'\xe2\x96\x81\xd0\xb2\xd0\xb8\xd0\xb4\xd0\xb7\xd3\xa7\xd0\xb4\xd1\x96\xd1\x81', b'\xe2\x96\x81\xd0\xb5\xd0\xbc\xd0\xb4\xd0\xbe\xd0\xbd', b'\xe2\x96\x81\xd0\xb2\xd0\xb0\xd3\xa7', b'\xe2\x96\x81\xd1\x81\xd0\xb8\xd0\xbd\xd1\x8a\xd1\x8f\xd1\x81\xd0\xbb\xd1\x8b', b'\xe2\x96\x81\xd1\x8d\xd1\x81\xd0\xba\xd1\x8b', b'\xe2\x96\x81\xd0\xa1\xd0\xb8\xd0\xbd\xd1\x8a\xd1\x8f\xd1\x81\xd0\xb0\xd1\x81', b'\xe2\x96\x81\xd0\xbc\xd0\xbe\xd1\x80\xd1\x82\xd1\x81\xd3\xa7', b'\xe2\x96\x81\xd0\xbd\xd1\x8f\xd1\x80\xd1\x8a\xd1\x8f\xd0\xbb\xd3\xa7\xd0\xbc\xd0\xb0', b'\xe2\x96\x81\xd0\xbf\xd0\xb5\xd1\x81\xd3\xa7\xd0\xbc\xd0\xb0', b'\xe2\x96\x81\xd0\x9a\xd0\xbe\xd0\xbb\xd3\xa7\xd0\xba\xd3\xa7', b'\xe2\x96\x81\xd0\xb4\xd0\xb0\xd1\x81\xd1\x8c', b'\xe2\x96\x81\xd1\x81\xd0\xba\xd3\xa7\xd1\x80\xd0\xbc\xd3\xa7\xd0\xbc\xd0\xb2\xd1\x8b\xd0\xbb\xd1\x8b\xd1\x81\xd1\x8c', b'\xe2\x96\x81\xd0\xbc\xd1\x8b\xd0\xb9\xd1\x81\xd1\x8e\xd1\x80\xd3\xa7', b'\xe2\x96\x81\xd1\x83\xd0\xbd\xd0\xb0\xd1\x82\xd0\xbe\xd1\x80', b'\xe2\x96\x81\xd0\xbb\xd1\x8b\xd0\xb4\xd0\xb4\xd1\x8c\xd3\xa7\xd0\xb4\xd0\xbb\xd1\x96\xd1\x81', b'\xe2\x96\x81\xd0\xbf\xd0\xb8\xd1\x8f\xd0\xbd\xd1\x8b\xd1\x81', b'\xe2\x96\x81\xd0\x9f\xd0\xb0\xd0\xb2\xd0\xb5\xd0\xbb\xd0\xbb\xd3\xa7\xd0\xbd', b'\xe2\x96\x81\xd0\xb4\xd0\xb5\xd1\x82\xd0\xb8\xd0\xbd\xd0\xba\xd0\xb0\xd1\x8b\xd1\x81', b'\xe2\x96\x81\xd1\x82\xd0\xbe\xd1\x80\xd0\xba\xd0\xb8\xd1\x81', b'\xe2\x96\x81\xd0\x93\xd3\xa7\xd1\x80\xd0\xb4', b'\xe2\x96\x81\xd0\xbf\xd0\xb5\xd0\xbb\xd1\x8c\xd3\xa7\xd1\x81\xd0\xb0\xd0\xb4', b'\xe2\x96\x81\xd0\xb2\xd0\xb5\xd0\xbb\xd1\x8c', b'\xe2\x96\x81\xd0\xa1\xd1\x8d\xd0\xbd', b'\xe2\x96\x81\xd0\xbb\xd1\x8b\xd0\xb4\xd0\xb4\xd1\x8c\xd1\x8b\xd1\x81\xd1\x8f\xd0\xbc', b'\xe2\x96\x81\xd1\x8e\xd0\xb3\xd0\xb4\xd1\x8b\xd1\x88\xd1\x82\xd0\xb0\xd1\x81', b'\xe2\x96\x81\xd0\xb2\xd0\xb5\xd0\xbc', b'\xe2\x96\x81\xd0\xb9\xd3\xa7\xd1\x80\xd0\xb0\xd1\x8f\xd1\x81\xd0\xbb\xd3\xa7\xd0\xbd', b'\xe2\x96\x81\xd0\xbd\xd1\x8b\xd1\x80\xd0\xb8\xd1\x81\xd1\x8b\xd0\xb4', b'\xe2\x96\x81\xd0\xb0\xd0\xb1\xd1\x83\xd0\xb4\xd0\xb6\xd1\x8b\xd0\xba', b'\xe2\x96\x81\xd0\xbb\xd3\xa7\xd0\xbd', b'\xe2\x96\x81\xd1\x81\xd1\x8e\xd1\x81\xd1\x8c\xd3\xa7\xd1\x81\xd1\x8c', b'\xe2\x96\x81\xd0\xa1\xd1\x82\xd0\xb0\xd0\xb2\xd1\x8b\xd1\x81', b'\xe2\x96\x81\xd0\xb3\xd0\xbe\xd1\x80\xd0\xb7\xd1\x96\xd1\x81\xd0\xbd\xd1\x8b', b'\xe2\x96\x81\xd0\xb2\xd3\xa7\xd1\x80\xd3\xa7\xd0\xb4\xd1\x96\xd1\x81\xd0\xbd\xd1\x8b', b'\xe2\x96\x81\xd0\xb2\xd0\xbe\xd0\xbc\xd0\xbd\xd0\xb0\xd1\x81', b'\xe2\x96\x81\xd0\x9d\xd1\x91\xd0\xbb\xd1\x8c', b'\xd0\xb2\xd0\xb8\xd1\x82', b'\xe2\x96\x81\xd0\xb0\xd1\x80\xd1\x88\xd0\xb8\xd0\xbd', b'\xe2\x96\x81\xd1\x81\xd1\x83\xd0\xb4\xd1\x82\xd0\xb0\xd0\xb0', b'\xe2\x96\x81\xd0\xba\xd0\xbe\xd1\x81\xd1\x82\xd1\x8b\xd0\xbd', b'\xe2\x96\x81\xd0\xbf\xd0\xb0\xd0\xbb\xd0\xb0\xd1\x82\xd0\xba\xd0\xb0', b'\xe2\x96\x81\xd1\x81\xd1\x83\xd0\xbb\xd0\xb0\xd0\xbb\xd1\x96\xd1\x81', b'\xe2\x96\x81\xd0\xbe\xd0\xbb\xd1\x8b\xd1\x81\xd1\x8c', b'\xe2\x96\x81\xd0\xa0\xd3\xa7\xd0\xb4\xd1\x8c\xd3\xa7', b'\xe2\x96\x81\xd0\xbf\xd1\x83\xd0\xba\xd1\x82\xd1\x96\xd1\x81\xd0\xbd\xd1\x8b', b'\xe2\x96\x81\xd0\xb4\xd0\xbe\xd0\xb4\xd0\xb4\xd1\x8c\xd3\xa7', b'\xe2\x96\x81\xd0\xbf\xd0\xb8\xd0\xbb\xd0\xb0', b'\xd1\x87\xd0\xb5\xd1\x80', b'\xe2\x96\x81\xd0\xbd\xd0\xbe\xd1\x80\xd0\xbc\xd0\xb0', b'\xe2\x96\x81\xd1\x82\xd1\x8b\xd1\x80\xd1\x82\xd1\x96\xd1\x81', b'\xe2\x96\x81\xd0\xb1\xd0\xbe\xd1\x81\xd1\x8c\xd1\x82\xd1\x96\xd1\x81', b'\xe2\x96\x81\xd0\xbc\xd1\x83\xd0\xba\xd3\xa7\xd0\xb4\xd1\x82\xd0\xbe\xd1\x80', b'\xe2\x96\x81\xd0\xb4\xd0\xb5\xd0\xb4\xd0\xb0', b'\xd0\xb2\xd0\xbd\xd1\x83\xd0\xba\xd0\xb0', b'\xe2\x96\x81\xd0\xbb\xd1\x8d\xd1\x87\xd1\x87\xd0\xb0\xd0\xbd\xd0\xb4\xd0\xbe\xd1\x80\xd3\xa7\xd0\xb4\xd0\xb7', b'\xe2\x96\x81\xd0\xba\xd1\x8b\xd0\xb9\xd0\xb8\xd1\x81\xd0\xbd\xd1\x8b', b'\xe2\x96\x81\xd1\x81\xd1\x82\xd0\xb0\xd1\x80\xd0\xb8\xd0\xba\xd0\xbb\xd1\x8b', b'\xe2\x96\x81\xd1\x82\xd3\xa7\xd0\xb4\xd1\x81\xd0\xb0', b'\xe2\x96\x81\xd0\xb3\xd3\xa7\xd0\xb1\xd0\xbb\xd1\x8c\xd3\xa7\xd0\xba\xd1\x8a\xd1\x8f\xd1\x81\xd1\x8b\xd1\x81\xd1\x8c', b'\xe2\x96\x81\xd0\xba\xd3\xa7\xd0\xba\xd1\x8a\xd1\x8f\xd0\xbc\xd1\x8b\xd1\x81', b'\xe2\x96\x81\xd0\xbd\xd1\x91\xd0\xba\xd1\x87\xd0\xb8\xd0\xbc\xd1\x8a\xd1\x8f\xd1\x81\xd3\xa7\xd0\xb4\xd1\x8b\xd1\x81', b'\xe2\x96\x81\xd0\xba\xd1\x83\xd1\x82\xd3\xa7\xd0\xbc\xd3\xa7\xd0\xbd', b'\xe2\x96\x81\xd1\x81\xd1\x8c\xd3\xa7\xd0\xba\xd1\x8b\xd0\xb4\xd0\xbf\xd1\x8b\xd1\x80\xd1\x8b\xd1\x81\xd1\x8c', b'\xe2\x96\x81\xd0\xbb\xd1\x8d\xd0\xbf\xd1\x82\xd1\x96\xd1\x81\xd0\xbd\xd1\x8b', b'\xe2\x96\x81\xd1\x81\xd0\xb8\xd1\x80\xd1\x82\xd3\xa7', b'\xe2\x96\x81\xd0\xa8\xd1\x83\xd1\x80\xd0\xb8\xd0\xba', b'\xe2\x96\x81\xd0\x9d\xd0\xbe\xd0\xb4\xd0\xb4\xd1\x8f\xd1\x81\xd1\x8f\xd0\xbd\xd1\x8c', b'\xe2\x96\x81\xd0\xbf\xd3\xa7\xd0\xb4\xd3\xa7\xd0\xbc', b'\xe2\x96\x81\xd1\x87\xd3\xa7\xd0\xb2', b'\xe2\x96\x81\xd0\xba\xd1\x8b\xd1\x82\xd1\x88\xd1\x8b\xd0\xbd', b'\xe2\x96\x81\xd1\x81\xd1\x91\xd1\x80\xd0\xbd\xd0\xb8\xd1\x82\xd1\x96\xd1\x81\xd0\xbd\xd1\x8b', b'\xe2\x96\x81\xd0\xb1\xd0\xb0\xd1\x82\xd1\x8c', b'\xe2\x96\x81\xd0\xba\xd0\xbe\xd1\x81\xd1\x82\xd0\xb0\xd1\x81', b'\xe2\x96\x81\xd0\xb4\xd0\xb8\xd0\xb2\xd0\xb0\xd0\xbd', b'\xe2\x96\x81\xd1\x81\xd0\xb0\xd0\xbd', b'\xe2\x96\x81\xd0\xbf\xd1\x83\xd1\x88\xd1\x8b\xd0\xb4', b'\xe2\x96\x81\xd0\xb3\xd3\xa7\xd0\xbd\xd0\xb0', b'\xe2\x96\x81\xd0\xba\xd1\x8b\xd1\x81\xd3\xa7', b'\xe2\x96\x81\xd0\xba\xd1\x83\xd1\x82\xd0\xba\xd1\x8b\xd1\x80\xd0\xb2\xd0\xb8\xd0\xb4\xd0\xb7\xd3\xa7', b'\xe2\x96\x81\xd0\xa2\xd1\x83\xd0\xb9\xd1\x82\xd3\xa7\xd0\xb3', b'\xe2\x96\x81\xd3\xa7\xd1\x82\xd0\xbd\xd0\xb0\xd1\x81', b'\xe2\x96\x81\xd0\xbd\xd0\xb8\xd0\xbd\xd3\xa7\xd0\xbc\xd1\x8b\xd1\x81\xd1\x8c', b'\xe2\x96\x81\xd0\xbf\xd0\xbe\xd0\xb2', b'\xe2\x96\x81\xd0\xbf\xd3\xa7\xd1\x82\xd0\xba\xd0\xb0', b'\xe2\x96\x81\xd0\xba\xd1\x8b\xd0\xb9\xd3\xa7', b'\xe2\x96\x81\xd0\xb7\xd0\xb2\xd0\xb5\xd1\x80\xd0\xbb\xd1\x8b\xd1\x81\xd1\x8c', b'\xe2\x96\x81\xd0\xb1\xd0\xbe\xd1\x81\xd1\x8c\xd1\x82\xd3\xa7', b'\xe2\x96\x81\xd0\xbb\xd0\xbe\xd0\xb2', b'\xe2\x96\x81\xd0\x92\xd3\xa7\xd1\x80\xd0\xb0\xd0\xbb\xd0\xb0\xd0\xbd', b'\xe2\x96\x81\xd0\xbe\xd1\x80\xd0\xb4\xd1\x8b\xd0\xbc\xd1\x8a\xd1\x8f\xd1\x81', b'\xe2\x96\x81\xd0\x92\xd0\xbe\xd0\xb9\xd1\x88\xd3\xa7\xd1\x80\xd1\x81\xd0\xb0', b'\xe2\x96\x81\xd0\xbd\xd0\xb5\xd0\xb1\xd0\xb5\xd1\x81\xd0\xb0', b'\xe2\x96\x81\xd0\xb2\xd0\xbe\xd1\x80\xd1\x81\xd1\x96\xd1\x81', b'\xe2\x96\x81\xd0\xb4\xd0\xb7\xd0\xb8\xd1\x80\xd1\x8b\xd0\xb4', b'\xe2\x96\x81\xd0\xba\xd0\xbe\xd0\xb4\xd0\xb7\xd1\x83\xd0\xbb\xd3\xa7\xd0\xbd', b'\xe2\x96\x81\xd0\xa3\xd0\xbb\xd0\xb8\xd1\x87\xd0\xbf\xd3\xa7\xd0\xbb\xd3\xa7\xd0\xbd\xd1\x81\xd0\xb0', b'\xe2\x96\x81\xd0\xbf\xd1\x83\xd1\x8f\xd1\x81\xd0\xbb\xd3\xa7\xd0\xbd', b'\xe2\x96\x81\xd0\xb2\xd0\xbe\xd0\xb6', b'\xe2\x96\x81\xd0\xbf\xd1\x83\xd0\xba\xd0\xb0\xd0\xbb\xd1\x96\xd1\x81', b'\xe2\x96\x81\xd1\x82\xd1\x88\xd3\xa7\xd1\x82\xd1\x82\xd3\xa7\xd0\xbc', b'\xe2\x96\x81\xd0\xbf\xd1\x8b\xd1\x88\xd0\xba\xd0\xb0\xd0\xb9', b'\xe2\x96\x81\xd3\xa6\xd1\x82\xd0\xb8\xd0\xbb\xd0\xb0\xd1\x8b\xd0\xbd', b'\xe2\x96\x81\xd0\xbc\xd1\x83\xd1\x81\xd3\xa7', b'\xe2\x96\x81\xd0\xbf\xd1\x8b\xd1\x80\xd0\xb5\xd0\xb9\xd3\xa7\xd0\xbd', b'\xe2\x96\x81\xd0\xbc\xd3\xa7\xd0\xb4\xd0\xbb\xd0\xb0\xd1\x8b\xd0\xbd', b'\xe2\x96\x81\xd0\xb3\xd1\x8b\xd0\xb0\xd1\x81\xd0\xb8\xd1\x81', b'\xe2\x96\x81\xd1\x8d\xd0\xb6\xd3\xa7\xd1\x80\xd3\xa7\xd0\xbd', b'\xe2\x96\x81\xd0\xb7\xd3\xa7\xd1\x80\xd0\xb8\xd0\xb4\xd0\xb7\xd3\xa7\xd0\xbd', b'\xe2\x96\x81\xd0\xba\xd0\xbe\xd0\xb9\xd0\xbc\xd3\xa7\xd0\xb4\xd0\xbb\xd0\xb0\xd1\x8b\xd0\xbd', b'\xe2\x96\x81\xd0\xb3\xd3\xa7\xd1\x80\xd0\xb4\xd3\xa7\xd0\xb4\xd1\x96\xd1\x81', b'\xe2\x96\x81\xd0\xba\xd0\xbb\xd0\xb5\xd0\xb2\xd0\xb5\xd1\x80\xd3\xa7\xd0\xbd', b'\xe2\x96\x81\xd0\xb5\xd0\xb4\xd0\xb6\xd0\xb4\xd3\xa7\xd0\xb4\xd1\x96\xd1\x81', b'\xe2\x96\x81\xd0\xba\xd0\xb0\xd1\x82\xd1\x88\xd0\xb0\xd1\x81\xd0\xb8\xd0\xbd\xd3\xa7\xd0\xbd', b'\xe2\x96\x81\xd1\x86\xd0\xb2\xd0\xb5\xd1\x82\xd0\xb8\xd1\x82\xd1\x96\xd1\x81', b'\xe2\x96\x81\xd0\xb4\xd0\xb7\xd0\xbe\xd1\x80\xd0\xb8\xd0\xb4\xd0\xb7\xd3\xa7\xd0\xbd', b'\xe2\x96\x81\xd0\xbf\xd0\xbe\xd0\xbf\xd0\xbb\xd3\xa7\xd0\xbd', b'\xe2\x96\x81\xd1\x83\xd1\x81\xd1\x82\xd0\xb0\xd0\xb2\xd1\x8b\xd1\x81', b'\xe2\x96\x81\xd0\xba\xd0\xb8\xd0\xbb\xd0\xbe\xd0\xbc\xd0\xb5\xd1\x82\xd1\x80', b'\xe2\x96\x81\xd0\xbb\xd1\x8b\xd0\xb4\xd0\xb4\xd1\x8c\xd1\x8b\xd0\xbd\xd1\x8b', b'\xe2\x96\x81\xd1\x88\xd0\xbf\xd0\xb0\xd0\xbb', b'\xe2\x96\x81\xd0\xba\xd1\x83\xd0\xb1\xd0\xbe\xd0\xbc\xd0\xb5\xd1\x82\xd1\x80', b'\xe2\x96\x81\xd0\x9a\xd1\x8b\xd0\xbc\xd1\x8b\xd0\xbd\xd0\xba\xd3\xa7', b'\xe2\x96\x81\xd0\xb2\xd3\xa7\xd1\x87\xd3\xa7\xd0\xbc', b'\xe2\x96\x81\xd0\xb0\xd0\xb4\xd0\xb4\xd0\xb7\xd0\xb8\xd1\x81', b'\xe2\x96\x81\xd1\x91\xd0\xba\xd0\xbc\xd1\x8b\xd0\xbb\xd1\x8c', b'\xe2\x96\x81\xd1\x87\xd0\xb0\xd1\x82\xd1\x80\xd0\xb0\xd1\x81\xd0\xb8\xd0\xb3\xd1\x82\xd1\x8b\xd1\x80', b'\xe2\x96\x81\xd1\x81\xd1\x83\xd1\x81', b'\xe2\x96\x81\xd0\xb3\xd3\xa7\xd0\xb3\xd3\xa7\xd1\x80\xd0\xb2\xd0\xbe\xd1\x82\xd3\xa7\xd0\xbc', b'\xe2\x96\x81\xd0\xbb\xd0\xbe\xd0\xb2\xd1\x8a\xd1\x8f', b'\xe2\x96\x81\xd0\xbb\xd0\xbe\xd0\xb2\xd1\x8a\xd1\x8f\xd1\x81', b'\xe2\x96\x81\xd0\x92\xd0\xb5\xd1\x80\xd1\x82\xd0\xbe\xd0\xbb\xd1\x91\xd1\x82\xd1\x8a\xd1\x8f\xd1\x81\xd1\x8b\xd0\xb4', b'\xe2\x96\x81\xd0\xbb\xd1\x8d\xd0\xb1\xd0\xb0\xd0\xbb\xd3\xa7\xd0\xbd\xd1\x8b', b'\xe2\x96\x81\xd1\x82\xd1\x83\xd0\xbd\xd0\xb4\xd1\x80\xd0\xb0\xd3\xa7', b'\xe2\x96\x81\xd0\xba\xd3\xa7\xd1\x80', b'\xe2\x96\x81\xd0\xb2\xd0\xb8\xd0\xb4\xd0\xb7\xd1\x8b\xd1\x81\xd1\x8c\xd1\x8f\xd1\x81', b'\xe2\x96\x81\xd1\x8d\xd0\xba\xd1\x81\xd0\xbf\xd0\xb5\xd0\xb4\xd0\xb8\xd1\x86\xd0\xb8\xd1\x8f\xd1\x8b\xd0\xbd', b'\xe2\x96\x81\xd1\x83\xd0\xb4\xd0\xb6\xd0\xb0\xd0\xbb\xd1\x8b\xd1\x81\xd1\x8c', b'\xe2\x96\x81\xd0\xb2\xd0\xbe\xd0\xb9\xd1\x82\xd1\x8b\xd1\x80', b'\xe2\x96\x81\xd0\xa0\xd0\xb0\xd0\xb4\xd0\xb5\xd0\xb9\xd1\x82\xd1\x96\xd1\x81\xd0\xbd\xd1\x8b', b'\xe2\x96\x81\xd0\xbd\xd1\x8b\xd0\xb2\xd0\xba\xd0\xb0\xd1\x8f\xd1\x81', b'\xe2\x96\x81\xd0\xbf\xd3\xa7\xd1\x87\xd0\xbd\xd1\x8b\xd1\x81\xd0\xbb\xd1\x8b\xd1\x81\xd1\x8c', b'\xe2\x96\x81\xd0\xbc\xd0\xbe\xd0\xb9\xd0\xb4\xd0\xba\xd1\x8b\xd0\xb2\xd1\x8a\xd1\x8f\xd1\x81\xd1\x81\xd3\xa7', b'\xe2\x96\x81\xd0\xbf\xd3\xa7\xd1\x80\xd1\x82\xd0\xbc\xd0\xb0\xd1\x81\xd0\xb8\xd1\x81\xd0\xbd\xd1\x8b', b'\xe2\x96\x81\xd0\xba\xd0\xbe\xd0\xb4\xd0\xb7\xd1\x83\xd0\xb2\xd1\x8a\xd1\x8f\xd1\x81', b'\xe2\x96\x81\xd1\x83\xd0\xbb\xd0\xb8\xd1\x87', b'\xe2\x96\x81\xd1\x83\xd0\xb2\xd1\x82\xd1\x87\xd0\xb8\xd1\x81\xd0\xbd\xd1\x8b', b'\xe2\x96\x81\xd0\x9a\xd3\xa7\xd0\xb8\xd0\xbd\xd1\x8a\xd1\x8f\xd1\x81\xd0\xbb\xd1\x8b', b'\xe2\x96\x81\xd0\xb3\xd0\xbe\xd1\x80\xd1\x82', b'\xe2\x96\x81\xd0\xba\xd1\x8b\xd1\x82\xd1\x8b\xd1\x81\xd1\x8c', b'\xe2\x96\x81\xd1\x81\xd1\x91\xd0\xb9\xd0\xbd\xd1\x8b', b'\xe2\x96\x81\xd1\x81\xd1\x8e\xd1\x80\xd0\xb0\xd1\x81', b'\xe2\x96\x81\xd0\x9f\xd0\xbe\xd0\xb6\xd1\x8a\xd1\x8f\xd1\x81\xd1\x8f\xd0\xbd', b'\xe2\x96\x81\xd0\xbc\xd0\xb5\xd1\x81\xd1\x82\xd0\xb0\xd1\x81\xd3\xa7', b'\xe2\x96\x81\xd0\x9f\xd1\x83\xd0\xbd\xd0\xb5\xd0\xb3\xd0\xbe\xd0\xb2', b'\xe2\x96\x81\xd0\x95\xd0\xbf\xd0\xb8\xd0\xbc\xd1\x8a\xd1\x8f\xd1\x81\xd0\xbb\xd3\xa7\xd0\xbd', b'\xe2\x96\x81\xd0\xba\xd0\xb5\xd1\x80\xd0\xba\xd0\xb0\xd1\x81\xd1\x8f\xd0\xbd\xd1\x8c', b'\xe2\x96\x81\xd0\xbb\xd3\xa7\xd1\x81\xd1\x8c\xd3\xa7\xd0\xb4\xd3\xa7\xd0\xbc\xd0\xb0', b'\xe2\x96\x81\xd0\x9f\xd0\xb5\xd1\x88\xd0\xba\xd0\xb8\xd0\xbd\xd1\x8a\xd1\x8f\xd1\x81\xd0\xbb\xd3\xa7\xd0\xbd', b'\xe2\x96\x81\xd0\xb9\xd3\xa7\xd1\x80\xd1\x8b\xd1\x81', b'\xe2\x96\x81\xd0\xbb\xd1\x83\xd0\xb4', b'\xe2\x96\x81\xd0\xb4\xd0\xb7\xd0\xbe\xd1\x80\xd0\xb8\xd0\xb4\xd0\xb7\xd1\x8c\xd1\x8f\xd1\x81\xd3\xa7\xd0\xbd', b'\xe2\x96\x81\xd0\xb2\xd0\xb5\xd1\x80\xd0\xb0\xd0\xbb\xd3\xa7', b'\xe2\x96\x81\xd0\x9d\xd0\xb5\xd0\xb4\xd1\x8b\xd1\x80', b'\xe2\x96\x81\xd0\xbc\xd1\x8b\xd1\x81\xd1\x82\xd0\xb8', b'\xe2\x96\x81\xd0\x9f\xd0\xb5\xd1\x88\xd0\xba\xd0\xb8\xd0\xbd\xd1\x8a\xd1\x8f\xd1\x81', b'\xe2\x96\x81\xd0\xbf\xd1\x83\xd0\xba\xd0\xb0\xd0\xbb\xd1\x96\xd1\x81\xd0\xbd\xd1\x8b', b'\xe2\x96\x81\xd0\xba\xd1\x83\xd1\x85\xd0\xbd\xd1\x8f\xd0\xb0\xd1\x81', b'\xe2\x96\x81\xd0\xba\xd0\xbb\xd0\xb5\xd1\x91\xd0\xbd\xd0\xba\xd0\xb0\xd0\xb0', b'\xe2\x96\x81\xd0\xbf\xd0\xb0\xd0\xbd\xd1\x8f\xd0\xbb\xd1\x96\xd1\x81\xd0\xbd\xd1\x8b', b'\xe2\x96\x81\xd1\x8f\xd1\x8f', b'\xe2\x96\x81\xd1\x88\xd1\x8b\xd0\xb4', b'\xe2\x96\x81\xd1\x80\xd1\x8b\xd1\x82\xd1\x8a\xd1\x8f\xd0\xb4\xd0\xbe\xd1\x80\xd1\x8b\xd1\x81', b'\xe2\x96\x81\xd0\x9c\xd0\xb8\xd0\xba\xd0\xb8\xd1\x82\xd1\x8a\xd1\x8f\xd1\x81', b'\xe2\x96\x81\xd0\xb2\xd0\xbe\xd0\xb8\xd1\x81\xd0\xbd\xd1\x8b', b'\xe2\x96\x81\xd0\xb2\xd0\xbe\xd0\xbc', b'\xe2\x96\x81\xd0\x9f\xd0\xb8\xd1\x81\xd1\x8c\xd0\xbc\xd3\xa7\xd1\x81\xd0\xb0', b'\xe2\x96\x81\xd0\xb0\xd0\xb4\xd1\x80\xd0\xb5\xd1\x81', b'\xe2\x96\x81\xd1\x81\xd0\xb5\xd1\x80\xd1\x82\xd0\xb8\xd1\x8b\xd1\x81', b'\xe2\x96\x81\xd0\xb2\xd0\xb5\xd1\x81\xd1\x8c\xd0\xba\xd3\xa7\xd0\xb4\xd1\x87\xd0\xb8\xd1\x81', b'\xe2\x96\x81\xd0\x9a\xd0\xb0\xd1\x82\xd1\x8c\xd0\xba\xd0\xb0', b'\xe2\x96\x81\xd0\xae\xd1\x80\xd1\x87\xd0\xb8\xd0\xba\xd0\xbb\xd3\xa7\xd0\xbd', b'\xe2\x96\x81\xd0\xb4\xd1\x80\xd1\x83\xd0\xb3\xd1\x8b\xd1\x81', b'\xe2\x96\x81\xd0\xa4\xd0\xb5\xd0\xb4\xd1\x8c\xd0\xba\xd0\xb0', b'\xe2\x96\x81\xd0\x9a\xd0\xbe\xd1\x81\xd1\x82\xd1\x80\xd0\xbe\xd0\xbc\xd0\xb8\xd0\xbd\xd1\x8a\xd1\x8f\xd1\x81\xd3\xa7', b'\xe2\x96\x81\xd0\xa2\xd1\x83\xd0\xbd', b'\xe2\x96\x81\xd0\xbd\xd1\x8b\xd0\xb2\xd0\xb1\xd0\xb0\xd0\xb1\xd0\xb0\xd1\x8b\xd1\x81', b'\xd0\xb0', b'\xe2\x96\x81\xd0\xa1\xd1\x82\xd0\xb0\xd0\xb2\xd1\x81\xd3\xa7', b'\xe2\x96\x81\xd1\x82\xd3\xa7\xd0\xb4\xd3\xa7', b'\xe2\x96\x81\xd0\x9a\xd3\xa7\xd1\x87\xd3\xa7\xd0\xb3', b'\xe2\x96\x81\xd0\x92\xd0\xb8\xd1\x82\xd1\x8c\xd3\xa7\xd1\x8f\xd1\x81\xd1\x8b\xd0\xbd', b'\xe2\x96\x81\xd0\xbb\xd0\xb5\xd0\xbb\xd1\x8c\xd0\xba\xd1\x83\xd0\xb9\xd1\x82\xd0\xbd\xd1\x8b', b'\xe2\x96\x81\xd0\x9c\xd0\xbe\xd1\x80\xd0\xbe\xd1\x85\xd0\xb8\xd0\xbd\xd1\x8a\xd1\x8f\xd1\x81\xd3\xa7\xd1\x81', b'\xe2\x96\x81\xd0\x9f\xd0\xb5\xd1\x82\xd0\xba\xd3\xa7\xd0\xb4\xd0\xbb\xd1\x96', b'\xe2\x96\x81\xd0\xa1\xd1\x82\xd0\xb5\xd0\xbf\xd0\xb0\xd0\xbd', b'\xe2\x96\x81\xd0\x9c\xd0\xb8\xd1\x85\xd0\xb0\xd0\xb9\xd0\xbb\xd0\xbe\xd0\xb2\xd0\xb8\xd1\x87\xd1\x8c\xd1\x8f\xd1\x81\xd0\xbb\xd1\x8b', b'\xe2\x96\x81\xd0\x98\xd0\xb2\xd0\xb0\xd0\xbd\xd1\x8b\xd1\x87\xd1\x8c\xd1\x8f\xd1\x81', b'\xe2\x96\x81\xd0\xb1\xd1\x8b\xd1\x80\xd0\xbd\xd1\x8b', b'\xe2\x96\x81\xd1\x8d\xd1\x80\xd0\xb4\xd3\xa7\xd0\xb4\xd0\xbd\xd1\x8b', b'\xe2\x96\x81\xd0\xb7\xd1\x8b\xd1\x80\xd0\xbd\xd1\x8b', b'\xe2\x96\x81\xd0\x90\xd1\x81\xd0\xbb\xd0\xb0\xd1\x81', b'\xe2\x96\x81\xd0\xbb\xd0\xb0\xd0\xb2\xd0\xba\xd0\xb0\xd1\x8b\xd0\xbd', b'\xe2\x96\x81\xd0\x9b\xd0\xb0\xd1\x82\xd0\xba\xd0\xb8\xd0\xbd', b'\xe2\x96\x81\xd0\xb2\xd1\x83\xd0\xb7\xd0\xb0\xd1\x81\xd0\xb8\xd1\x81', b'\xe2\x96\x81\xd0\xbf\xd1\x8b\xd0\xb7\xd1\x8c\xd3\xa7\xd0\xbd', b'\xe2\x96\x81\xd1\x88\xd1\x8b\xd0\xb4\xd3\xa7\xd1\x81\xd1\x8a\xd1\x8f\xd1\x81\xd3\xa7\xd0\xbd', b'\xe2\x96\x81\xd0\xba\xd1\x83\xd1\x82\xd1\x88\xd3\xa7\xd0\xbc\xd1\x81\xd1\x8e\xd1\x80\xd3\xa7', b'\xe2\x96\x81\xd1\x87\xd0\xb5\xd1\x80\xd0\xb8\xd3\xa7\xd0\xbd', b'\xe2\x96\x81\xd0\xa2\xd1\x8d', b'\xe2\x96\x81\xd0\xb2\xd1\x83\xd0\xb7\xd0\xb0\xd0\xbb\xd1\x96\xd0\xbd', b'\xe2\x96\x81\xd1\x82\xd1\x8c\xd3\xa7\xd1\x82\xd0\xba\xd0\xb0\xd1\x8b\xd1\x81\xd0\xbb\xd1\x8b', b'\xe2\x96\x81\xd1\x81\xd0\xb0\xd0\xba\xd0\xb0\xd1\x80\xd1\x81\xd3\xa7', b'\xe2\x96\x81\xd1\x88\xd1\x8b\xd0\xb4\xd3\xa7\xd1\x81\xd1\x8a\xd1\x8f\xd1\x81\xd1\x81\xd3\xa7', b'\xe2\x96\x81\xd0\x92\xd3\xa7\xd0\xbb\xd1\x96', b'\xe2\x96\x81\xd0\xb0\xd1\x81\xd0\xbb\xd0\xb0\xd0\xbd\xd1\x8b\xd1\x81', b'\xe2\x96\x81\xd0\xba\xd3\xa7\xd0\xb7\xd0\xb0', b'\xe2\x96\x81\xd0\x9a\xd1\x81\xd0\xb5\xd0\xbd\xd1\x8f', b'\xe2\x96\x81\xd0\xb2\xd0\xb0\xd1\x8f\xd0\xbb\xd1\x96\xd1\x81', b'\xe2\x96\x81\xd0\xb4\xd0\xbe\xd1\x80\xd1\x8b\xd1\x81\xd1\x8c', b'\xe2\x96\x81\xd0\xba\xd1\x8b\xd1\x82\xd1\x87\xd3\xa7', b'\xe2\x96\x81\xd1\x81\xd0\xbb\xd3\xa7\xd0\xb9\xd0\xbc\xd1\x8b\xd0\xbd\xd1\x8b', b'\xe2\x96\x81\xd0\xb1\xd1\x83\xd0\xb7\xd0\xbd\xd0\xb8\xd1\x82\xd0\xbd\xd1\x8b', b'\xe2\x96\x81\xd1\x8d\xd1\x81\xd1\x96\xd0\xb9\xd3\xa7', b'\xe2\x96\x81\xd1\x81\xd0\xbe\xd0\xb2\xd1\x8a\xd1\x8f\xd1\x81\xd1\x81\xd3\xa7', b'\xe2\x96\x81\xd0\xa7\xd3\xa7\xd1\x81\xd0\xba\xd1\x8b\xd0\xb4\xd0\xb0', b'\xe2\x96\x81\xd1\x83\xd0\xb7\xd1\x8c\xd3\xa7\xd0\xbd\xd1\x8b', b'\xe2\x96\x81\xd1\x82\xd1\x83\xd1\x80\xd1\x83\xd0\xbd\xd1\x8a\xd1\x8f\xd1\x81', b'\xe2\x96\x81\xd0\x9c\xd1\x8b\xd0\xb9\xd1\x82\xd0\xb0', b'\xe2\x96\x81\xd0\xb6\xd0\xbc\xd1\x83\xd1\x82\xd0\xb2\xd0\xb8\xd0\xb4\xd0\xb7\xd3\xa7', b'\xe2\x96\x81\xd0\xba\xd1\x8b\xd0\xb4\xd0\xb4\xd0\xb7\xd1\x8b\xd1\x81', b'\xe2\x96\x81\xd0\xbf\xd0\xb8\xd0\xbf\xd1\x83\xd1\x8b\xd1\x81', b'\xe2\x96\x81\xd1\x81\xd1\x91', b'\xe2\x96\x81\xd0\xb1\xd1\x8b\xd0\xb4\xd0\xbc\xd3\xa7\xd0\xbc\xd0\xb0\xd1\x8b\xd1\x81', b'\xe2\x96\x81\xd1\x8e\xd0\xb3\xd3\xa7\xd1\x80', b'\xe2\x96\x81\xd0\xbf\xd3\xa7\xd1\x82\xd3\xa7\xd1\x81', b'\xe2\x96\x81\xd1\x81\xd0\xbe\xd0\xb2\xd1\x8a\xd1\x8f\xd1\x81', b'\xe2\x96\x81\xd0\xb1\xd0\xbe\xd1\x81\xd1\x8c\xd1\x82\xd3\xa7\xd0\xbc\xd0\xb0\xd1\x8b\xd1\x81', b'\xe2\x96\x81\xd0\xb2\xd0\xb5\xd1\x80\xd0\xbc\xd1\x8b\xd0\xb2', b'\xe2\x96\x81\xd0\x9f\xd1\x80\xd0\xb8\xd1\x80\xd0\xbe\xd0\xb4\xd0\xb0', b'\xe2\x96\x81\xd1\x81\xd1\x8b\xd0\xb2\xd1\x8a\xd1\x8f\xd1\x81\xd3\xa7', b'\xe2\x96\x81\xd0\xb2\xd3\xa7\xd0\xb9\xd1\x82\xd1\x87\xd3\xa7\xd0\xbc\xd3\xa7\xd0\xbd', b'\xe2\x96\x81\xd0\xbd\xd0\xb8\xd0\xbc\xd0\xba\xd0\xbe\xd0\xb4\xd1\x8c\xd0\xbf\xd1\x8b\xd1\x80\xd1\x8b\xd1\x81\xd1\x8c', b'\xe2\x96\x81\xd0\xba\xd1\x8b\xd0\xbb\xd0\xb0\xd0\xbd', b'\xe2\x96\x81\xd0\xbe\xd0\xbb\xd3\xa7\xd0\xbc\xd1\x8b\xd1\x81\xd0\xbb\xd1\x8b\xd1\x81\xd1\x8c', b'\xe2\x96\x81\xd3\xa7\xd1\x82\xd1\x8b\xd1\x80\xd1\x8b\xd1\x88\xd1\x8a\xd1\x8f', b'\xe2\x96\x81\xd1\x82\xd1\x83\xd3\xa7\xd0\xbc\xd1\x81\xd3\xa7', b'\xe2\x96\x81\xd0\xb1\xd1\x8b\xd1\x80\xd0\xbb\xd3\xa7\xd0\xbd\xd1\x8b', b'\xe2\x96\x81\xd0\xb4\xd0\xbe\xd0\xb9\xd1\x8f\xd1\x81\xd1\x8b\xd0\xb4', b'\xe2\x96\x81\xd0\xb4\xd0\xbe\xd0\xbd\xd0\xb0', b'\xe2\x96\x81\xd0\xb1\xd0\xbe\xd1\x81\xd1\x8c\xd1\x82\xd0\xb0\xd0\xb4', b'\xe2\x96\x81\xd0\xa8\xd0\xbe\xd0\xb3\xd1\x8a\xd1\x8f\xd1\x81', b'\xe2\x96\x81\xd0\x90\xd1\x81\xd1\x8c\xd0\xbd\xd1\x8b\xd0\xb4', b'\xe2\x96\x81\xd0\xba\xd0\xbe\xd1\x81\xd1\x8c\xd1\x82\xd0\xb0\xd0\xb4', b'\xe2\x96\x81\xd0\x92\xd0\xb0\xd0\xb4\xd0\xbe\xd1\x80\xd3\xa7', b'\xe2\x96\x81\xd1\x82\xd1\x83\xd0\xb9\xd1\x81\xd3\xa7', b'\xe2\x96\x81\xd0\xb4\xd0\xb5\xd0\xb4', b'\xe2\x96\x81\xd1\x88\xd0\xbe\xd0\xb9\xd1\x87\xd1\x87\xd0\xb0\xd0\xbb\xd3\xa7\xd0\xbc\xd1\x8a\xd1\x8f\xd1\x81\xd3\xa7\xd0\xbd', b'\xe2\x96\x81\xd0\xb2\xd0\xb5\xd1\x88\xd0\xb9\xd1\x8b\xd0\xbd\xd1\x8b', b'\xe2\x96\x81\xd0\xb2\xd0\xbe\xd0\xb4\xd0\xb7\xd1\x81\xd1\x8c\xd1\x8b\xd1\x81', b'\xe2\x96\x81\xd0\xbc\xd0\xb5\xd0\xbb\xd1\x96\xd0\xb0', b'\xe2\x96\x81\xd0\xb2\xd0\xb8\xd0\xb4\xd0\xb7\xd3\xa7\xd0\xb4\xd0\xbb\xd3\xa7\xd0\xbc\xd1\x8a\xd1\x8f\xd1\x81\xd1\x8b\xd1\x81', b'\xe2\x96\x81\xd0\xa2\xd3\xa7\xd0\xb4', b'\xe2\x96\x81\xd0\xbc\xd0\xb5\xd0\xbc', b'\xe2\x96\x81\xd0\xba\xd0\xb0\xd0\xb4\xd1\x8a\xd1\x8f\xd1\x81', b'\xe2\x96\x81\xd0\xbc\xd1\x83\xd0\xbd\xd0\xb0\xd0\xbd', b'\xe2\x96\x81\xd0\x91\xd0\xb0\xd1\x80\xd0\xb0', b'\xe2\x96\x81\xd0\xb2\xd0\xbe\xd0\xb0\xd0\xbb\xd3\xa7\xd0\xbd\xd1\x8b', b'\xe2\x96\x81\xd0\xa3\xd1\x81\xd1\x82\xd1\x8c', b'\xd0\xa1\xd1\x8b\xd1\x81\xd0\xbe\xd0\xbb\xd1\x8c\xd1\x81\xd0\xba\xd1\x8b\xd0\xbd', b'\xe2\x96\x81\xd0\xbe\xd0\xbb\xd0\xb0\xd0\xbd', b'\xe2\x96\x81\xd0\xb1\xd0\xbe\xd1\x81\xd1\x8c\xd1\x82\xd3\xa7\xd0\xbd\xd1\x8b', b'\xe2\x96\x81\xd1\x82\xd3\xa7\xd0\xb4\xd1\x87\xd0\xb0\xd0\xbd\xd0\xb0', b'\xe2\x96\x81\xd0\xbf\xd0\xbe\xd1\x8d\xd1\x82\xd0\xbb\xd3\xa7\xd0\xbd', b'\xe2\x96\x81\xd0\xbe\xd0\xb1\xd1\x89\xd0\xb5\xd1\x81\xd1\x82\xd0\xb2\xd0\xb5\xd0\xbd\xd0\xbd\xd0\xbe', b'\xd0\xbf\xd0\xbe\xd0\xbb\xd0\xb8\xd1\x82\xd0\xb8\xd1\x87\xd0\xb5\xd1\x81\xd0\xba\xd3\xa7\xd0\xb9', b'\xe2\x96\x81\xd1\x8d\xd1\x81\xd1\x82\xd0\xb5\xd1\x82\xd0\xb8\xd1\x87\xd0\xb5\xd1\x81\xd0\xba\xd3\xa7\xd0\xb9', b'\xe2\x96\x81\xd0\xbf\xd0\xb5\xd0\xb4\xd0\xb0\xd0\xb3\xd0\xbe\xd0\xb3\xd0\xb8\xd1\x87\xd0\xb5\xd1\x81\xd0\xba\xd3\xa7\xd0\xb9', b'\xe2\x96\x81\xd0\xb2\xd0\xb8\xd0\xb4\xd0\xb7\xd3\xa7\xd0\xb4\xd0\xbb\xd0\xb0\xd1\x81\xd1\x8a\xd1\x8f\xd1\x81', b'\xe2\x96\x81\xd1\x81\xd3\xa7\xd0\xb2\xd0\xbc\xd3\xa7\xd0\xbc\xd1\x8b\xd0\xbd', b'\xe2\x96\x81\xd0\x9a\xd3\xa7\xd0\xb4\xd0\xb7\xd1\x8b\xd0\xb4\xd1\x8a\xd1\x8f\xd1\x81', b'\xe2\x96\x81\xd0\xb2\xd0\xb5\xd0\xb6\xd0\xbe\xd0\xbd', b'\xe2\x96\x81\xd1\x88\xd0\xba\xd0\xbe\xd0\xbb\xd0\xb0\xd1\x8f\xd1\x81\xd1\x8b\xd0\xbd', b'\xe2\x96\x81\xd0\x97\xd1\x8d\xd1\x80\xd1\x8a\xd1\x8f\xd1\x81', b'\xe2\x96\x81\xd0\xbe\xd0\xb9\xd0\xb4\xd1\x96\xd1\x81', b'\xe2\x96\x81\xd0\xb0\xd1\x81\xd1\x8b\xd0\xb2\xd0\xb2\xd0\xbe\xd0\xb4\xd0\xb7\xd3\xa7', b'\xe2\x96\x81\xd0\xbd\xd0\xb8\xd0\xba\xd0\xbe\xd0\xbb\xd1\x8c\xd1\x81\xd0\xba\xd3\xa7\xd0\xb9', b'\xe2\x96\x81\xd0\xbc\xd0\xbe\xd1\x80\xd0\xbe\xd0\xb7\xd1\x8a\xd1\x8f\xd1\x81', b'\xe2\x96\x81\xd1\x81\xd0\xbe\xd1\x80\xd1\x82\xd0\xbe\xd0\xb2\xd0\xba\xd0\xb0', b'\xe2\x96\x81\xd0\xbb\xd1\x8d\xd0\xb4\xd0\xb7\xd0\xb0\xd0\xbd\xd1\x96\xd0\xbd\xd1\x8b\xd0\xbd', b'\xe2\x96\x81\xd0\xba\xd3\xa7\xd1\x81\xd0\xb9\xd0\xb8\xd1\x81', b'\xe2\x96\x81\xd0\xba\xd0\xb5\xd1\x80\xd0\xb0\xd0\xb2\xd0\xbd\xd1\x8b', b'\xe2\x96\x81\xd0\x9c\xd0\xb5\xd0\xb4\xd0\xb2\xd0\xbe\xd0\xb4\xd0\xb4\xd0\xb7\xd0\xb0\xd1\x8b\xd1\x81\xd1\x8c\xd1\x81\xd3\xa7', b'\xe2\x96\x81\xd0\xba\xd1\x8b\xd0\xbd\xd3\xa7\xd0\xbc', b'\xe2\x96\x81\xd1\x81\xd1\x8e\xd0\xbc\xd0\xb0\xd0\xbb\xd3\xa7\xd0\xbc\xd1\x8b\xd1\x81', b'\xe2\x96\x81\xd0\xb2\xd0\xb5\xd0\xbd\xd1\x96\xd1\x81', b'\xe2\x96\x81\xd0\xbf\xd0\xbe\xd0\xbb\xd3\xa7\xd0\xbc\xd1\x81\xd3\xa7', b'\xe2\x96\x81\xd0\x94\xd1\x8b\xd1\x88\xd3\xa7\xd0\xb4\xd1\x96\xd1\x81', b'\xe2\x96\x81\xd0\xba\xd1\x8b\xd1\x81\xd0\xba\xd0\xb0\xd0\xb2\xd0\xbd\xd1\x8b', b'\xe2\x96\x81\xd0\xbf\xd0\xb0\xd1\x81\xd1\x8c\xd0\xba\xd3\xa7\xd0\xbc', b'\xe2\x96\x81\xd0\xbb\xd1\x8b\xd0\xbc', b'\xe2\x96\x81\xd0\xbf\xd0\xb8\xd3\xa7\xd0\xb4', b'\xe2\x96\x81\xd1\x81\xd0\xbe\xd0\xb1\xd0\xb0\xd0\xb2\xd0\xbd\xd1\x8b', b'\xe2\x96\x81\xd1\x82\xd1\x83\xd1\x80\xd3\xa7\xd0\xb1\xd1\x8a\xd1\x8f\xd1\x81', b'\xe2\x96\x81\xd0\xa1\xd1\x8c\xd3\xa7\xd0\xb4', b'\xe2\x96\x81\xd1\x83\xd1\x82\xd0\xba\xd0\xb0\xd1\x8f\xd1\x81', b'\xe2\x96\x81\xd0\xbb\xd0\xbe\xd0\xba\xd1\x82\xd3\xa7\xd0\xbd\xd1\x8b', b'\xe2\x96\x81\xd0\xa1\xd1\x96\xd0\xb4\xd0\xb7\xd0\xba\xd3\xa7', b'\xe2\x96\x81\xd0\x99\xd0\xb8', b'\xe2\x96\x81\xd1\x83\xd0\xbb\xd1\x8b\xd1\x81\xd1\x8c', b'\xe2\x96\x81\xd0\xbc\xd0\xb5\xd0\xb7\xd0\xb4\xd0\xbc\xd3\xa7\xd0\xbc', b'\xe2\x96\x81\xd1\x8b\xd0\xbf\xd1\x8a\xd1\x8f\xd0\xbb\xd1\x96\xd1\x81', b'\xe2\x96\x81\xd1\x82\xd1\x8d\xd1\x80\xd0\xbc\xd0\xb0\xd1\x81\xd0\xb8\xd1\x81', b'\xe2\x96\x81\xd0\xb0\xd1\x81\xd1\x81\xd1\x8c\xd1\x8b\xd1\x81', b'\xe2\x96\x81\xd0\xb2\xd0\xb0\xd1\x8f\xd1\x81\xd1\x81\xd3\xa7', b'\xe2\x96\x81\xd0\xb2\xd3\xa7\xd1\x80\xd1\x8a\xd1\x8f\xd1\x81\xd1\x8b\xd0\xb4', b'\xe2\x96\x81\xd0\xbf\xd0\xbe\xd0\xbc\xd1\x82\xd3\xa7\xd0\xbc\xd3\xa7\xd1\x81\xd1\x8c', b'\xe2\x96\x81\xd0\xb2\xd3\xa7\xd1\x80\xd1\x8a\xd1\x8f\xd1\x81', b'\xe2\x96\x81\xd0\xb2\xd0\xb5\xd0\xb6\xd1\x81\xd1\x8c\xd3\xa7\xd0\xbc\xd0\xb0\xd3\xa7\xd1\x81\xd1\x8c', b'\xe2\x96\x81\xd0\xa7\xd0\xbe\xd0\xb9\xd1\x8b\xd1\x81', b'\xe2\x96\x81\xd0\xbb\xd1\x8d\xd1\x87\xd1\x87\xd0\xb8\xd1\x81', b'\xe2\x96\x81\xd1\x82\xd0\xb5\xd0\xbf\xd0\xbb\xd0\xbe\xd1\x85\xd0\xbe\xd0\xb4\xd1\x8a\xd1\x8f\xd1\x81\xd0\xbd\xd0\xb0\xd1\x81', b'\xe2\x96\x81\xd0\x92\xd0\xb8\xd0\xb4\xd0\xb7', b'\xe2\x96\x81\xd0\xba\xd0\xbe\xd1\x81\xd1\x82', b'\xe2\x96\x81\xd0\xb2\xd0\xb5\xd0\xb6\xd0\xbe\xd0\xbd\xd1\x8a\xd1\x8f\xd1\x81\xd0\xbd\xd0\xb0\xd1\x81', b'\xe2\x96\x81\xd0\xbf\xd1\x80\xd0\xb8\xd0\xb4\xd0\xb0\xd0\xbd\xd0\xbd\xd3\xa7\xd0\xb9\xd3\xa7\xd0\xbd', b'\xe2\x96\x81\xd0\xbb\xd3\xa7\xd1\x81\xd1\x8c\xd3\xa7\xd0\xb4\xd1\x87\xd1\x8b\xd0\xbd\xd1\x8b', b'\xe2\x96\x81\xd0\xbd\xd0\xb5\xd0\xb2\xd0\xb5\xd1\x81\xd1\x82\xd0\xb0', b'\xe2\x96\x81\xd0\xb0\xd0\xb9', b'\xe2\x96\x81\xd0\xbc\xd0\xb0\xd0\xbc', b'\xe2\x96\x81\xd0\xbd\xd1\x8b\xd0\xbb\xd1\x8b\xd1\x81', b'\xe2\x96\x81\xd0\xb2\xd0\xbe\xd0\xbb\xd1\x8b\xd0\xbd\xd1\x8b', b'\xe2\x96\x81\xd0\xbc\xd0\xb8\xd1\x8f\xd0\xbd\xd0\xbb\xd0\xb0\xd0\xbd\xd1\x8c\xd3\xa7', b'\xe2\x96\x81\xd0\x9f\xd0\xb8\xd1\x82\xd0\xb5\xd1\x80\xd1\x8a\xd1\x8f\xd1\x81\xd1\x8b\xd0\xbd', b'\xe2\x96\x81\xd0\xb2\xd0\xb5\xd0\xbb\xd3\xa7\xd0\xb4\xd1\x87\xd3\xa7\xd0\xbd\xd1\x8b', b'\xe2\x96\x81\xd0\xb0\xd1\x80\xd0\xbb\xd1\x8b\xd0\xb4\xd3\xa7\xd0\xb9', b'\xe2\x96\x81\xd1\x83\xd0\xbd\xd0\xb8\xd0\xb2\xd0\xb5\xd1\x80', b'\xd1\x81\xd0\xb8\xd1\x82\xd0\xb5\xd1\x82\xd1\x8a\xd1\x8f\xd1\x81\xd1\x8b\xd0\xbd', b'\xe2\x96\x81\xd0\xb2\xd3\xa7\xd0\xb2\xd0\xbb\xd1\x8b', b'\xe2\x96\x81\xd0\xb3\xd1\x80\xd0\xb0\xd0\xbc\xd0\xbe\xd1\x82\xd0\xb0\xd3\xa7\xd0\xb9', b'\xe2\x96\x81\xd0\xba\xd0\xb8\xd1\x81\xd1\x8c\xd0\xbc\xd1\x8b', b'\xe2\x96\x81\xd1\x88\xd0\xbe\xd0\xbd\xd0\xb4\xd1\x96\xd1\x8f\xd1\x81\xd1\x82\xd3\xa7\xd0\xb3', b'\xe2\x96\x81\xd0\xa2\xd3\xa7\xd0\xb4\xd1\x82\xd3\xa7\xd0\xbc', b'\xe2\x96\x81\xd0\xb2\xd0\xb8\xd0\xb4\xd0\xb7\xd3\xa7\xd0\xb4\xd0\xbb\xd0\xb0\xd1\x81', b'\xe2\x96\x81\xd0\xba\xd1\x83\xd0\xba\xd0\xb0\xd0\xbd\xd1\x8c\xd1\x8f\xd1\x81\xd1\x8b\xd1\x81', b'\xe2\x96\x81\xd0\xbf\xd0\xb5\xd1\x80\xd0\xb2\xd0\xbe\xd0\xb9\xd1\x82\xd3\xa7', b'\xe2\x96\x81\xd0\xba\xd0\xb0\xd0\xb6\xd0\xb8\xd1\x82\xd1\x87\xd0\xb0\xd1\x81\xd0\xbd\xd1\x8b', b'\xe2\x96\x81\xd3\xa7\xd1\x82\xd0\xba\xd0\xbe\xd0\xb4\xd1\x8c\xd1\x8f\xd1\x81\xd3\xa7\xd0\xbd', b'\xe2\x96\x81\xd3\xa7\xd1\x82\xd0\xba\xd0\xbe\xd0\xb4\xd1\x8c', b'\xe2\x96\x81\xd1\x88\xd0\xb0\xd0\xbd\xd1\x8c\xd3\xa7\xd1\x81\xd1\x8c', b'\xe2\x96\x81\xd0\xb2\xd0\xb8\xd0\xb7\xd1\x83\xd0\xbb\xd3\xa7\xd1\x81\xd1\x8c', b'\xe2\x96\x81\xd3\xa7\xd1\x82\xd0\xb8\xd1\x8f\xd1\x81', b'\xe2\x96\x81\xd0\xbc\xd1\x83\xd0\xba\xd3\xa7\xd0\xb4\xd1\x8a\xd1\x8f\xd1\x81', b'\xe2\x96\x81\xd3\xa6\xd0\xb4\xd0\xb2\xd0\xb0', b'\xe2\x96\x81\xd3\xa7\xd0\xb7\xd1\x8a\xd1\x8f\xd1\x81', b'\xe2\x96\x81\xd0\xba\xd0\xb5\xd0\xb6\xd0\xb0\xd1\x81', b'\xe2\x96\x81\xd1\x81\xd1\x91\xd1\x80\xd0\xbd\xd0\xb8\xd1\x82\xd1\x96\xd1\x81', b'\xe2\x96\x81\xd0\xbd\xd0\xb0\xd0\xb4\xd0\xb7\xd3\xa7\xd0\xbd\xd0\xb8\xd0\xba\xd3\xa7\xd0\xbd', b'\xe2\x96\x81\xd0\xb1\xd3\xa7\xd1\x80\xd0\xb9\xd1\x8b\xd0\xbd\xd1\x8b', b'\xe2\x96\x81\xd0\xb2\xd0\xb0\xd1\x81\xd3\xa7\xd0\xb4\xd0\xbc\xd3\xa7\xd0\xbc', b'\xe2\x96\x81\xd1\x88\xd0\xbe\xd0\xbc\xd1\x8a\xd1\x8f\xd1\x81', b'\xe2\x96\x81\xd0\xbf\xd0\xb8\xd1\x8b\xd1\x81\xd1\x8c', b'\xe2\x96\x81\xd0\xba\xd0\xbe\xd1\x81\xd0\xb4\xd0\xb6\xd1\x8b\xd0\xba\xd1\x8a\xd1\x8f\xd1\x81\xd1\x81\xd3\xa7', b'\xe2\x96\x81\xd0\xbb\xd1\x8d\xd0\xb4\xd0\xb7\xd0\xb8\xd1\x81', b'\xe2\x96\x81\xd1\x81\xd0\xb0\xd0\xbc\xd3\xa7\xd0\xb2\xd0\xb0\xd1\x80\xd3\xa7', b'\xe2\x96\x81\xd0\x93\xd1\x80\xd0\xb8\xd1\x88\xd0\xbb\xd3\xa7\xd0\xbd', b'\xe2\x96\x81\xd0\xbc\xd0\xbe\xd0\xb4\xd0\xb0', b'\xd1\x82\xd0\xb0\xd1\x82\xd1\x88\xd3\xa7\xd0\xbc', b'\xe2\x96\x81\xd1\x83\xd0\xb4\xd0\xb6\xd1\x8a\xd1\x8f\xd1\x81', b'\xe2\x96\x81\xd0\xba\xd0\xb5\xd1\x81\xd0\xb9\xd3\xa7\xd0\xb4\xd0\xbb\xd1\x8b\xd0\xbd\xd1\x8b', b'\xe2\x96\x81\xd1\x82\xd0\xbe\xd0\xbc\xd0\xb4\xd0\xb6\xd1\x8b\xd0\xba\xd1\x8a\xd1\x8f\xd1\x81\xd3\xa7\xd1\x81', b'\xe2\x96\x81\xd0\x9b\xd1\x91\xd0\xba', b'\xe2\x96\x81\xd0\xb1\xd1\x83\xd1\x88\xd0\xba\xd0\xbe\xd0\xbb\xd1\x8a\xd1\x8f\xd1\x81\xd0\xb0', b'\xe2\x96\x81\xd0\x9a\xd1\x8b\xd0\xb7\xd1\x8c\xd3\xa7\xd0\xb4', b'\xe2\x96\x81\xd0\xbd\xd0\xb5\xd0\xba\xd3\xa7\xd0\xbd', b'\xe2\x96\x81\xd0\xbd\xd0\xb5\xd0\xba\xd0\xbe\xd0\xb4\xd3\xa7\xd1\x81', b'\xe2\x96\x81\xd0\x92\xd1\x8b\xd0\xbb\xd1\x8b\xd0\xbd', b'\xe2\x96\x81\xd3\xa7\xd1\x88\xd0\xb8\xd0\xbd\xd1\x8c\xd1\x8f\xd1\x81\xd0\xb0', b'\xe2\x96\x81\xd0\xb4\xd0\xb7\xd0\xb8\xd1\x80\xd1\x8a\xd1\x8f\xd0\xb0', b'\xe2\x96\x81\xd3\xa7\xd1\x88\xd0\xb8\xd0\xbd\xd1\x8e\xd0\xbb\xd3\xa7', b'\xe2\x96\x81\xd0\x99\xd3\xa7\xd1\x80\xd0\xb0', b'\xe2\x96\x81\xd1\x82\xd1\x88\xd3\xa7\xd0\xba\xd1\x82\xd1\x96\xd1\x81', b'\xe2\x96\x81\xd0\xb1\xd0\xb5\xd1\x80\xd0\xb5\xd0\xb3\xd1\x8a\xd1\x8f\xd1\x81\xd1\x82\xd3\xa7\xd0\xbc', b'\xe2\x96\x81\xd0\xb2\xd0\xb0\xd0\xbb\xd1\x8a\xd1\x8f\xd1\x81\xd0\xb8\xd1\x81', b'\xe2\x96\x81\xd0\xbf\xd1\x83\xd1\x80\xd0\xbd\xd1\x8b\xd0\xbc', b'\xe2\x96\x81\xd0\xb4\xd0\xb7\xd3\xa7\xd1\x80\xd0\xbd\xd1\x8b', b'\xe2\x96\x81\xd0\xba\xd0\xb0\xd1\x82\xd0\xbb\xd0\xb0\xd1\x81\xd1\x8c\xd0\xbd\xd1\x8b', b'\xe2\x96\x81\xd0\x9f\xd0\xbe\xd0\xb3\xd0\xbe\xd0\xbd\xd1\x8a\xd1\x8f\xd1\x81\xd1\x82\xd3\xa7\xd0\xbc', b'\xe2\x96\x81\xd0\xb2\xd0\xb8\xd0\xb6\xd0\xbe\xd0\xb2', b'\xe2\x96\x81\xd0\xba\xd0\xb8\xd1\x82\xd0\xb5\xd0\xbb\xd1\x8f', b'\xe2\x96\x81\xd0\x91\xd0\xb5\xd0\xb4\xd0\xb8\xd0\xbd\xd1\x8b\xd1\x81', b'\xe2\x96\x81\xd1\x88\xd1\x83\xd0\xb9\xd0\xb3\xd0\xb0\xd0\xbb\xd0\xb0\xd0\xb4\xd0\xbe\xd1\x80\xd0\xb0\xd1\x81', b'\xe2\x96\x81\xd0\xba\xd0\xb8\xd1\x82\xd0\xb5\xd0\xbb\xd1\x8c', b'\xe2\x96\x81\xd1\x83\xd0\xbb\xd0\xb0\xd1\x81', b'\xe2\x96\x81\xd0\xb4\xd0\xb7\xd0\xb5\xd0\xb1\xd3\xa7\xd0\xbc\xd1\x82\xd0\xbe\xd1\x80', b'\xe2\x96\x81\xd0\xa1\xd0\xbe', b'\xd0\xbf\xd0\xb0\xd1\x81\xd1\x8c\xd0\xba\xd1\x8b\xd0\xb4', b'\xe2\x96\x81\xd0\xbc\xd0\xbe\xd1\x80\xd3\xa7\xd1\x81\xd1\x8a\xd1\x8f\xd1\x81\xd0\xb0', b'\xe2\x96\x81\xd0\xb0\xd1\x80\xd1\x82\xd0\xb8\xd0\xbb\xd0\xbb\xd0\xb5\xd1\x80\xd0\xb8\xd1\x81\xd1\x82', b'\xe2\x96\x81\xd0\x94\xd0\xb6\xd1\x83\xd0\xb4\xd0\xb6\xd1\x8b\xd0\xb4', b'\xe2\x96\x81\xd1\x91\xd0\xbd\xd0\xba\xd0\xbe\xd0\xb4\xd1\x8c', b'\xe2\x96\x81\xd0\xbc\xd1\x8b\xd0\xb3\xd3\xa7\xd1\x80\xd1\x8a\xd1\x8f\xd1\x81\xd0\xb0', b'\xe2\x96\x81\xd0\xb2\xd0\xb0\xd0\xb6\xd0\xb8\xd0\xbd\xd0\xb8\xd0\xba', b'\xe2\x96\x81\xd0\xba\xd0\xbe\xd0\xb2\xd1\x82\xd0\xb0\xd0\xb0', b'\xe2\x96\x81\xd1\x8e\xd1\x80\xd0\xb0\xd1\x81', b'\xe2\x96\x81\xd1\x82\xd1\x83\xd1\x81\xd1\x8c\xd3\xa7\xd1\x81\xd1\x8c', b'\xd1\x82\xd1\x83\xd1\x81\xd1\x8c\xd3\xa7\xd1\x81\xd1\x8c', b'\xe2\x96\x81\xd1\x87\xd1\x8b\xd1\x88\xd1\x8a\xd1\x8f\xd0\xbd\xd0\xb0', b'\xe2\x96\x81\xd0\xbf\xd3\xa7\xd1\x87\xd3\xa7', b'\xe2\x96\x81\xd3\xa7\xd1\x82\xd0\xb0\xd1\x80\xd3\xa7', b'\xe2\x96\x81\xd0\xba\xd0\xbe\xd1\x82\xd3\xa7\xd1\x80\xd1\x82\xd3\xa7\xd0\xbd\xd1\x8b', b'\xe2\x96\x81\xd0\xbc\xd3\xa7\xd0\xb4\xd0\xb0\xd1\x80\xd3\xa7', b'\xe2\x96\x81\xd0\xba\xd0\xbe\xd0\xb9\xd0\xbc\xd3\xa7\xd0\xb4\xd1\x8a\xd1\x8f\xd1\x81', b'\xe2\x96\x81\xd0\xb2\xd1\x8b\xd0\xbb\xd1\x96\xd3\xa7', b'\xe2\x96\x81\xd0\xba\xd0\xb0\xd1\x82\xd1\x82\xd1\x8c\xd1\x8b\xd1\x81\xd1\x8c\xd3\xa7\xd0\xbd\xd1\x8b', b'\xe2\x96\x81\xd1\x8b\xd1\x88\xd3\xa7\xd0\xb4\xd0\xb0\xd0\xbd\xd0\xb0', b'\xe2\x96\x81\xd1\x81\xd0\xb8\xd0\xbd\xd1\x8a\xd1\x8f\xd1\x81\xd3\xa7\xd0\xbd', b'\xe2\x96\x81\xd0\xb2\xd0\xb8\xd0\xb4\xd0\xb7\xd3\xa7\xd0\xb4\xd0\xbb\xd1\x8b\xd0\xb2\xd0\xbb\xd3\xa7\xd0\xbd\xd1\x8b', b'\xe2\x96\x81\xd0\xbb\xd1\x8d\xd0\xb4\xd0\xb7\xd3\xa7\xd0\xbd\xd1\x8b', b'\xe2\x96\x81\xd1\x81\xd0\xb8\xd0\xbd\xd1\x8a\xd1\x8f\xd1\x81\xd1\x81\xd3\xa7', b'\xe2\x96\x81\xd0\x9a\xd0\xbe\xd0\xb9\xd0\xbc\xd3\xa7\xd0\xb4\xd1\x8a\xd1\x8f\xd1\x81', b'\xe2\x96\x81\xd1\x81\xd0\xbf\xd0\xb5\xd0\xba\xd1\x82\xd0\xb0\xd0\xba', b'\xe2\x96\x81\xd0\xbf\xd0\xb5\xd1\x82\xd3\xa7\xd0\xbc\xd0\xb0\xd3\xa7\xd1\x81\xd1\x8c', b'\xe2\x96\x81\xd0\xb0\xd0\xb4\xd0\xb4\xd0\xb7\xd1\x8b\xd0\xb2\xd0\xbd\xd1\x8b', b'\xe2\x96\x81\xd0\xbc\xd1\x8b\xd0\xb9\xd3\xa7\xd0\xbd', b'\xe2\x96\x81\xd0\xbf\xd0\xbe\xd0\xbc\xd0\xb0\xd1\x81\xd1\x8f\xd1\x81', b'\xe2\x96\x81\xd0\x9f\xd0\xb0\xd1\x81\xd1\x8c\xd0\xba\xd1\x8b\xd0\xb4\xd0\xba\xd0\xbe\xd0\xb4\xd1\x8c', b'\xe2\x96\x81\xd3\xa7\xd1\x82\xd0\xb0\xd1\x80', b'\xe2\x96\x81\xd0\xb4\xd0\xb6\xd1\x8b\xd0\xbd\xd1\x81\xd3\xa7', b'\xe2\x96\x81\xd0\xbf\xd3\xa7\xd1\x80\xd3\xa7\xd0\xb4\xd0\xbb\xd3\xa7\xd0\xbc\xd0\xb0\xd3\xa7\xd1\x81\xd1\x8c', b'\xe2\x96\x81\xd0\xa2\xd0\xb0\xd0\xb4\xd0\xb7\xd0\xb8', b'\xe2\x96\x81\xd1\x83\xd0\xb4\xd0\xb6\xd0\xb0\xd0\xb2\xd0\xbb\xd1\x96\xd1\x81', b'\xe2\x96\x81\xd0\xb4\xd0\xb0\xd1\x81', b'\xe2\x96\x81\xd0\xb2\xd0\xb8\xd1\x82\xd1\x8a\xd1\x8f\xd1\x81', b'\xe2\x96\x81\xd0\x9c\xd0\xb0\xd1\x80\xd1\x82\xd0\xb8\xd0\xbd', b'\xe2\x96\x81\xd0\xb1\xd1\x8b\xd1\x82\xd1\x82\xd1\x8c\xd3\xa7\xd0\xba\xd3\xa7', b'\xe2\x96\x81\xd0\xb6\xd0\xb0\xd0\xbb\xd1\x8c', b'\xe2\x96\x81\xd1\x82\xd0\xbe\xd0\xbc\xd0\xbb\xd1\x83\xd0\xbd\xd0\xb0\xd1\x81', b'\xe2\x96\x81\xd1\x81\xd0\xb0\xd1\x8f\xd1\x81', b'\xe2\x96\x81\xd0\xb1\xd0\xbe\xd1\x80\xd0\xb4', b'\xe2\x96\x81\xd0\xb9\xd1\x8b\xd0\xbb\xd3\xa7', b'\xe2\x96\x81\xd1\x81\xd1\x83\xd0\xb2\xd1\x82\xd3\xa7', b'\xe2\x96\x81\xd0\xbf\xd0\xb0\xd0\xbd\xd1\x8b\xd0\xb4\xd0\xb0\xd0\xb2', b'\xe2\x96\x81\xd0\xbc\xd1\x8b\xd0\xb2\xd0\xba\xd1\x8b\xd0\xb4', b'\xe2\x96\x81\xd0\xbc\xd0\xb0\xd1\x81\xd1\x82\xd0\xb5\xd1\x80\xd1\x8b\xd1\x81\xd0\xba\xd3\xa7\xd0\xb4', b'\xe2\x96\x81\xd0\x9a\xd0\xbe\xd0\xb4\xd1\x8a\xd1\x8f\xd1\x81\xd0\xba\xd3\xa7', b'\xe2\x96\x81\xd0\xb2\xd0\xbe\xd0\xbb\xd3\xa7\xd0\xbc\xd0\xb0\xd3\xa7\xd1\x81\xd1\x8c', b'\xe2\x96\x81\xd0\xb2\xd0\xbe\xd0\xb9\xd0\xbd\xd0\xb0\xd1\x81', b'\xe2\x96\x81\xd1\x81\xd3\xa7\xd0\xb2\xd1\x82\xd3\xa7\xd0\xbc\xd0\xb0\xd3\xa7\xd1\x81\xd1\x8c', b'\xe2\x96\x81\xd1\x81\xd1\x8d\xd1\x81\xd1\x8c', b'\xe2\x96\x81\xd1\x82\xd0\xb0\xd0\xb4\xd0\xb7\xd1\x81\xd3\xa7', b'\xe2\x96\x81\xd0\xbf\xd0\xb0\xd0\xba\xd3\xa7\xd1\x81\xd1\x82\xd0\xb8\xd1\x82\xd1\x87\xd3\xa7\xd0\xbc\xd0\xb0\xd3\xa7\xd1\x81\xd1\x8c', b'\xe2\x96\x81\xd0\xb6\xd1\x83\xd0\xb3\xd3\xa7\xd0\xb4\xd0\xbb\xd1\x8b\xd0\xbd\xd1\x8b', b'\xe2\x96\x81\xd0\x93\xd1\x80\xd0\xb8\xd0\xb3\xd0\xbe\xd1\x80\xd1\x8a\xd0\xb5\xd0\xb2\xd0\xb8\xd1\x87', b'\xe2\x96\x81\xd0\xbb\xd3\xa7\xd0\xb3', b'\xe2\x96\x81\xd1\x88\xd1\x8b\xd0\xb0\xd1\x81\xd0\xb8\xd1\x81', b'\xe2\x96\x81\xd0\x92\xd0\xb0\xd0\xb4\xd0\xb4\xd0\xbe\xd1\x80\xd1\x81\xd0\xb0', b'\xe2\x96\x81\xd0\xba\xd0\xbe\xd0\xbb\xd1\x85\xd0\xbe\xd0\xb7\xd0\xbd\xd3\xa7\xd0\xb9', b'\xe2\x96\x81\xd0\xb7\xd0\xbe\xd1\x80\xd3\xa7\xd0\xb4\xd1\x8b\xd1\x81\xd1\x8c', b'\xe2\x96\x81\xd0\xbf\xd1\x83\xd0\xba\xd1\x81\xd1\x8c\xd3\xa7\xd0\xbc', b'\xe2\x96\x81\xd1\x87\xd3\xa7\xd0\xb2\xd0\xbb\xd3\xa7\xd0\xbd\xd1\x8f\xd1\x81', b'\xe2\x96\x81\xd0\xbf\xd1\x80\xd0\xb5\xd0\xb4\xd1\x81\xd0\xb5\xd0\xb4\xd0\xb0\xd1\x82\xd0\xb5\xd0\xbb\xd1\x8c', b'\xe2\x96\x81\xd0\xa2\xd0\xb0\xd0\xb9\xd3\xa7\xd1\x8f\xd1\x81', b'\xe2\x96\x81\xd0\xb8\xd0\xbd\xd0\xb4\xd1\x96\xd1\x81', b'\xe2\x96\x81\xd1\x82\xd0\xb0\xd0\xb9\xd3\xa7\xd1\x8f\xd1\x81\xd0\xbb\xd3\xa7\xd0\xbd', b'\xe2\x96\x81\xd1\x8f\xd0\xb4\xd0\xb0', b'\xe2\x96\x81\xd1\x82\xd0\xb0\xd0\xb1\xd0\xb0\xd0\xba\xd1\x8b\xd1\x81', b'\xe2\x96\x81\xd0\x9a\xd0\xbe\xd0\xb4\xd1\x81\xd1\x8e\xd1\x80\xd3\xa7\xd1\x8f\xd1\x81', b'\xe2\x96\x81\xd0\xbc\xd0\xb0\xd1\x82\xd1\x8b\xd1\x81\xd1\x82\xd1\x87\xd1\x8b\xd0\xbb\xd1\x96\xd1\x81\xd0\xbd\xd1\x8b', b'\xe2\x96\x81\xd0\xb4\xd0\xb6\xd0\xb0\xd0\xb4\xd0\xb6\xd1\x8a\xd1\x8f\xd1\x81', b'\xe2\x96\x81\xd0\xb2\xd0\xbe\xd0\xb6\xd0\xb0', b'\xe2\x96\x81\xd0\xb2\xd0\xb8\xd0\xbb\xd0\xba\xd0\xb8\xd3\xa7\xd0\xbd', b'\xe2\x96\x81\xd1\x87\xd1\x83\xd1\x82\xd0\xbd\xd0\xb8\xd1\x82\xd0\xbb\xd3\xa7\xd0\xbc', b'\xe2\x96\x81\xd0\xb1\xd0\xbe\xd1\x81\xd1\x8c\xd1\x82\xd0\xbb\xd1\x96\xd1\x81\xd0\xbd\xd1\x8b', b'\xe2\x96\x81\xd0\xba\xd0\xbe\xd0\xbb\xd0\xb0\xd0\xbd\xd0\xb0', b'\xe2\x96\x81\xd1\x82\xd1\x83\xd0\xbf\xd3\xa7\xd1\x81\xd1\x8c\xd1\x81\xd3\xa7', b'\xe2\x96\x81\xd0\xb2\xd0\xb5\xd1\x88\xd0\xb9\xd1\x8b\xd0\xbb\xd1\x96\xd1\x81\xd0\xbd\xd1\x8b', b'\xe2\x96\x81\xd0\xba\xd0\xb0\xd1\x81\xd1\x81\xd0\xb0\xd0\xbb\xd0\xb0\xd0\xbd\xd1\x8c', b'\xe2\x96\x81\xd0\xbf\xd3\xa7\xd0\xbb\xd1\x8b\xd0\xbd\xd1\x8c\xd1\x82\xd0\xbb\xd3\xa7\xd0\xbc\xd3\xa7\xd0\xbd', b'\xe2\x96\x81\xd3\xa7\xd1\x82\xd1\x87\xd1\x8b\xd0\xb4', b'\xe2\x96\x81\xd1\x82\xd1\x83\xd0\xb8\xd1\x81', b'\xe2\x96\x81\xd0\xbf\xd1\x8b\xd0\xb4\xd3\xa7\xd1\x81\xd3\xa7', b'\xe2\x96\x81\xd0\xbc\xd1\x83\xd1\x80\xd3\xa7\xd1\x81\xd1\x82\xd1\x96\xd1\x81', b'\xe2\x96\x81\xd1\x88\xd1\x83\xd1\x80\xd0\xba\xd0\xbd\xd0\xb8\xd1\x82\xd1\x96\xd1\x81', b'\xe2\x96\x81\xd1\x82\xd1\x83\xd0\xb8\xd1\x81\xd0\xbd\xd0\xb0\xd1\x81', b'\xe2\x96\x81\xd0\x9e\xd0\xba', b'\xd1\x96', b'\xd1\x82\xd0\xb0\xd1\x82\xd1\x88\xd3\xa7\xd0\xbc\xd1\x8a\xd1\x8f\xd1\x81', b'\xe2\x96\x81\xd0\xba\xd0\xbe\xd1\x82\xd1\x80\xd0\xb0\xd0\xbb\xd0\xb0\xd0\xbd\xd0\xbd\xd1\x8b\xd0\xb4', b'\xe2\x96\x81\xd0\xba\xd1\x8b\xd1\x82\xd1\x96', b'\xe2\x96\x81\xd0\xa2\xd0\xb0\xd1\x82\xd1\x88\xd3\xa7\xd0\xbc\xd1\x8a\xd1\x8f\xd1\x81\xd1\x8b\xd0\xb4', b'\xe2\x96\x81\xd1\x82\xd1\x8d\xd1\x87\xd0\xb0\xd1\x81\xd0\xbd\xd1\x8b', b'\xe2\x96\x81\xd0\xbe\xd0\xbb\xd3\xa7\xd0\xbc\xd1\x82\xd3\xa7', b'\xe2\x96\x81\xd0\xb2\xd0\xbe\xd0\xbc\xd1\x82\xd3\xa7', b'\xe2\x96\x81\xd0\xbf\xd0\xb0\xd1\x81\xd1\x8c\xd0\xba\xd3\xa7\xd0\xb4', b'\xe2\x96\x81\xd0\xb4\xd0\xbe\xd0\xb9\xd3\xa7\xd0\xbd', b'\xe2\x96\x81\xd0\xb4\xd0\xb7\xd0\xb5\xd0\xb1\xd0\xbd\xd1\x8b', b'\xe2\x96\x81\xd0\xbb\xd3\xa7\xd0\xb3\xd0\xbb\xd1\x83\xd0\xbd\xd3\xa7\xd0\xbd', b'\xe2\x96\x81\xd1\x8b\xd1\x88\xd0\xbb\xd0\xbe\xd0\xb2\xd0\xb7\xd0\xb8\xd1\x81', b'\xe2\x96\x81\xd0\x92\xd0\xb8\xd0\xba\xd0\xb5\xd0\xbd\xd1\x8c', b'\xe2\x96\x81\xd0\xa3\xd0\xbd\xd0\xb0\xd0\xbb\xd3\xa7\xd0\xbd', b'\xe2\x96\x81\xd1\x81\xd0\xbf\xd0\xb5\xd1\x86\xd0\xb8\xd0\xb0\xd0\xbb\xd0\xb8\xd1\x81\xd1\x82\xd1\x8a\xd1\x8f\xd1\x81\xd3\xa7\xd0\xbd', b'\xe2\x96\x81\xd1\x83\xd0\xb4\xd0\xb6\xd0\xbd\xd1\x8b\xd1\x81', b'\xe2\x96\x81\xd1\x82\xd0\xb0\xd1\x8b\xd1\x81\xd1\x8c', b'\xe2\x96\x81\xd1\x81\xd1\x8d\xd1\x82\xd1\x88\xd3\xa7\xd0\xbc\xd1\x8a\xd1\x8f\xd1\x81\xd1\x8b\xd1\x81\xd0\xbb\xd3\xa7\xd0\xbd', b'\xe2\x96\x81\xd0\xb4\xd0\xbe\xd0\xbd\xd1\x8b\xd1\x81', b'\xe2\x96\x81\xd0\xb2\xd0\xb5\xd1\x82\xd0\xbb\xd1\x8b\xd1\x82\xd3\xa7\xd0\xbc', b'\xe2\x96\x81\xd1\x81\xd1\x8c\xd3\xa7\xd0\xbc\xd3\xa7', b'\xe2\x96\x81\xd0\xbf\xd3\xa7\xd1\x80\xd0\xb8', b'\xe2\x96\x81\xd0\x9c\xd0\xb8\xd1\x80\xd3\xa7\xd0\xb2\xd3\xa7\xd0\xb9', b'\xe2\x96\x81\xd0\xb2\xd0\xbe\xd0\xb9\xd0\xbd\xd0\xb0\xd3\xa7\xd0\xbd', b'\xe2\x96\x81\xd0\xb4\xd0\xb0\xd1\x80\xd0\xb5\xd0\xb2\xd0\xbe\xd0\xbb\xd1\x8e\xd1\x86\xd0\xb8\xd1\x8f\xd1\x8f\xd1\x81\xd3\xa7\xd0\xbd', b'\xe2\x96\x81\xd0\xb1\xd0\xbe\xd0\xbd\xd0\xb7\xd1\x8c\xd3\xa7\xd0\xb4\xd3\xa7\xd0\xbc', b'\xe2\x96\x81\xd0\xb2\xd0\xb8\xd1\x80\xd1\x82\xd3\xa7\xd0\xbc\xd0\xbc\xd3\xa7\xd0\xb4\xd3\xa7\xd0\xbc', b'\xe2\x96\x81\xd1\x81\xd1\x82\xd1\x80\xd0\xb0\xd0\xbd\xd0\xb0\xd3\xa7\xd1\x81', b'\xe2\x96\x81\xd0\xb3\xd3\xa7\xd0\xb3\xd3\xa7\xd1\x80\xd0\xb1\xd0\xbe\xd0\xba\xd1\x81\xd1\x8f\xd0\xbd\xd1\x8c', b'\xe2\x96\x81\xd1\x87\xd0\xb0\xd1\x88\xd0\xb9\xd0\xb8\xd1\x81\xd0\xbd\xd1\x8b', b'\xe2\x96\x81\xd3\xa7\xd1\x80\xd1\x83\xd0\xb6\xd0\xb8\xd0\xb5\xd0\xb0', b'\xe2\x96\x81\xd0\xbc\xd0\xb8\xd1\x80\xd0\xb8\xd1\x82\xd1\x87\xd1\x8b\xd0\xbd\xd1\x8b', b'\xe2\x96\x81\xd0\xb0\xd1\x81\xd0\xbb\xd0\xb0\xd0\xbd\xd1\x8b\xd0\xbc\xd1\x8a\xd1\x8f\xd1\x81', b'\xe2\x96\x81\xd0\xb3\xd0\xbe\xd1\x81\xd1\x83\xd0\xb4', b'\xd0\xb0\xd1\x80\xd1\x81\xd1\x82\xd0\xb2\xd0\xbe\xd1\x8f\xd1\x81\xd1\x8b\xd1\x81\xd1\x8c', b'\xe2\x96\x81\xd0\xb2\xd1\x83\xd0\xb2\xd0\xb7\xd1\x8c\xd1\x8b\xd1\x81\xd1\x8c\xd3\xa7\xd0\xbc\xd1\x8a\xd1\x8f\xd1\x81', b'\xe2\x96\x81\xd1\x88\xd0\xbe\xd0\xb9\xd1\x82\xd1\x87\xd1\x8b\xd0\xbd\xd1\x8b\xd1\x8f\xd1\x81\xd1\x82\xd3\xa7', b'\xe2\x96\x81\xd0\xbf\xd0\xb5\xd1\x82\xd0\xbd\xd1\x8b\xd1\x8f\xd1\x81', b'\xe2\x96\x81\xd3\xa7\xd1\x88\xd3\xa7\xd0\xb4\xd3\xa7\xd0\xbc', b'\xe2\x96\x81\xd1\x81\xd0\xbe\xd0\xb4\xd1\x82\xd3\xa7\xd0\xb4\xd1\x8a\xd1\x8f', b'\xe2\x96\x81\xd0\xbf\xd1\x80\xd0\xb8\xd0\xba\xd0\xb0\xd0\xb7\xd1\x8b\xd0\xbd', b'\xe2\x96\x81\xd0\xb1\xd0\xbe\xd1\x81\xd1\x8c\xd1\x82\xd3\xa7\xd0\xbc\xd0\xb0\xd1\x8f\xd1\x81', b'\xe2\x96\x81\xd0\xbb\xd1\x8b\xd0\xb4\xd1\x8b\xd0\xbd', b'\xe2\x96\x81\xd0\x9c\xd1\x8b\xd0\xb9\xd1\x81\xd3\xa7', b'\xe2\x96\x81\xd0\xba\xd0\xb0\xd0\xb7\xd1\x8c\xd1\x82\xd1\x8b\xd0\xb2\xd0\xbb\xd1\x8b\xd0\xbd\xd1\x8b', b'\xe2\x96\x81\xd0\xbc\xd0\xb5\xd1\x85\xd0\xb0\xd0\xbd\xd0\xb8\xd0\xb7\xd0\xb0\xd1\x82\xd0\xbe\xd1\x80\xd1\x8a\xd1\x8f\xd1\x81', b'\xe2\x96\x81\xd0\xba\xd0\xb0\xd0\xb7\xd1\x8f\xd0\xb2\xd0\xbb\xd1\x8b', b'\xe2\x96\x81\xd1\x82\xd0\xb0\xd1\x82\xd1\x88\xd3\xa7\xd0\xbc\xd1\x81\xd3\xa7', b'\xe2\x96\x81\xd1\x88\xd0\xb5\xd0\xbd\xd0\xb7\xd0\xb8\xd1\x81', b'\xe2\x96\x81\xd0\x98\xd3\xa7\xd1\x80\xd0\xb0', b'\xe2\x96\x81\xd0\x91\xd0\xb8\xd0\xbf\xd1\x83\xd1\x80', b'\xe2\x96\x81\xd0\xbf\xd0\xb5\xd1\x81\xd1\x82\xd3\xa7\xd0\xbd\xd1\x8b', b'\xe2\x96\x81\xd0\xb4\xd0\xbe\xd1\x80\xd1\x81\xd1\x8f\xd0\xbd\xd1\x8c', b'\xe2\x96\x81\xd0\xbd\xd0\xb5\xd1\x8b\xd0\xbb\xd1\x8b\xd0\xbd', b'\xe2\x96\x81\xd0\x9c\xd0\xb8\xd0\xba\xd0\xb8\xd1\x82', b'\xe2\x96\x81\xd1\x82\xd0\xb0\xd1\x82\xd3\xa7\xd0\xbd\xd1\x96', b'\xe2\x96\x81\xd0\xbd\xd0\xb5\xd3\xa7\xd1\x82\xd1\x87\xd1\x8b\xd0\xb4', b'\xe2\x96\x81\xd0\xb2\xd0\xbe\xd0\xb9\xd0\xba\xd0\xbe\xd0\xb2\xd1\x82\xd0\xbb\xd1\x96\xd1\x81', b'\xe2\x96\x81\xd0\xa2\xd0\xb0\xd0\xb2\xd0\xbe', b'\xe2\x96\x81\xd0\xbc\xd0\xb0\xd1\x82\xd1\x96\xd1\x8f\xd1\x81\xd0\xb0\xd1\x81', b'\xe2\x96\x81\xd0\xb2\xd0\xbe\xd1\x82\xd3\xa7\xd1\x81\xd1\x8b\xd1\x81']
2025-12-22 20:55:28,100 vocabulary size of 2466
2025-12-22 20:55:28,116 SequenceTagger predicts: Dictionary with 18 tags: NOUN, PUNCT, VERB, ADV, ADJ, PRON, ADP, AUX, CCONJ, <PAD>, SCONJ, DET, NUM, PROPN, PART, INTJ, <START>, <STOP>
2025-12-22 20:55:28,446 
Results:
- F-score (micro) 0.3941
- F-score (macro) 0.4409
- Accuracy 0.3941

By class:
              precision    recall  f1-score   support

        NOUN     0.1798    0.8747    0.2983       367
       <PAD>     0.8500    0.0128    0.0253      1326
       PUNCT     1.0000    0.9939    0.9970       329
        VERB     0.7400    0.2508    0.3747       295
        PRON     0.5271    0.7810    0.6294       137
         ADV     0.7551    0.6453    0.6959       172
         ADJ     0.3594    0.5974    0.4488        77
       CCONJ     0.7683    0.8289    0.7975        76
         AUX     0.8431    0.7167    0.7748        60
         ADP     0.5745    0.6279    0.6000        43
       SCONJ     0.5455    0.6000    0.5714        20
         NUM     0.4444    0.3636    0.4000        11
         DET     0.0000    0.0000    0.0000         3
       PROPN     0.0000    0.0000    0.0000         4
        INTJ     0.0000    0.0000    0.0000         3

    accuracy                         0.3941      2923
   macro avg     0.5058    0.4862    0.4409      2923
weighted avg     0.7252    0.3941    0.3321      2923

2025-12-22 20:55:28,446 ----------------------------------------------------------------------------------------------------
