2025-12-22 21:00:57,663 ----------------------------------------------------------------------------------------------------
2025-12-22 21:00:57,663 Model: "SequenceTagger(
  (embeddings): StackedEmbeddings(
    (list_embedding_0): OneHotEmbeddings(
      (embedding_layer): Embedding(4538, 300)
    )
  )
  (word_dropout): WordDropout(p=0.05)
  (locked_dropout): LockedDropout(p=0.5)
  (embedding2nn): Linear(in_features=300, out_features=300, bias=True)
  (rnn): LSTM(300, 256, batch_first=True, bidirectional=True)
  (linear): Linear(in_features=512, out_features=19, bias=True)
  (loss_function): ViterbiLoss()
  (crf): CRF()
)"
2025-12-22 21:00:57,663 ----------------------------------------------------------------------------------------------------
2025-12-22 21:00:57,663 Corpus: 918 train + 445 dev + 448 test sentences
2025-12-22 21:00:57,663 ----------------------------------------------------------------------------------------------------
2025-12-22 21:00:57,663 Train:  918 sentences
2025-12-22 21:00:57,663         (train_with_dev=False, train_with_test=False)
2025-12-22 21:00:57,663 ----------------------------------------------------------------------------------------------------
2025-12-22 21:00:57,663 Training Params:
2025-12-22 21:00:57,663  - learning_rate: "0.1" 
2025-12-22 21:00:57,663  - mini_batch_size: "32"
2025-12-22 21:00:57,664  - max_epochs: "150"
2025-12-22 21:00:57,664  - shuffle: "True"
2025-12-22 21:00:57,664 ----------------------------------------------------------------------------------------------------
2025-12-22 21:00:57,664 Plugins:
2025-12-22 21:00:57,664  - AnnealOnPlateau | patience: '3', anneal_factor: '0.5', min_learning_rate: '0.0001'
2025-12-22 21:00:57,664 ----------------------------------------------------------------------------------------------------
2025-12-22 21:00:57,664 Final evaluation on model from best epoch (best-model.pt)
2025-12-22 21:00:57,664  - metric: "('micro avg', 'f1-score')"
2025-12-22 21:00:57,664 ----------------------------------------------------------------------------------------------------
2025-12-22 21:00:57,664 Computation:
2025-12-22 21:00:57,664  - compute on device: cpu
2025-12-22 21:00:57,664  - embedding storage: none
2025-12-22 21:00:57,664 ----------------------------------------------------------------------------------------------------
2025-12-22 21:00:57,664 Model training base path: "models/flair_pos/bpe/hu"
2025-12-22 21:00:57,664 ----------------------------------------------------------------------------------------------------
2025-12-22 21:00:57,664 ----------------------------------------------------------------------------------------------------
2025-12-22 21:00:58,601 epoch 1 - iter 2/29 - loss 3.11475442 - time (sec): 0.94 - samples/sec: 2533.31 - lr: 0.100000 - momentum: 0.000000
2025-12-22 21:00:59,320 epoch 1 - iter 4/29 - loss 2.89626448 - time (sec): 1.66 - samples/sec: 2761.78 - lr: 0.100000 - momentum: 0.000000
2025-12-22 21:01:00,518 epoch 1 - iter 6/29 - loss 2.69633561 - time (sec): 2.85 - samples/sec: 2488.73 - lr: 0.100000 - momentum: 0.000000
2025-12-22 21:01:02,159 epoch 1 - iter 8/29 - loss 2.58306782 - time (sec): 4.49 - samples/sec: 2054.68 - lr: 0.100000 - momentum: 0.000000
2025-12-22 21:01:03,062 epoch 1 - iter 10/29 - loss 2.52164971 - time (sec): 5.40 - samples/sec: 2135.32 - lr: 0.100000 - momentum: 0.000000
2025-12-22 21:01:03,932 epoch 1 - iter 12/29 - loss 2.47148339 - time (sec): 6.27 - samples/sec: 2204.42 - lr: 0.100000 - momentum: 0.000000
2025-12-22 21:01:04,752 epoch 1 - iter 14/29 - loss 2.43297269 - time (sec): 7.09 - samples/sec: 2216.07 - lr: 0.100000 - momentum: 0.000000
2025-12-22 21:01:05,698 epoch 1 - iter 16/29 - loss 2.39278860 - time (sec): 8.03 - samples/sec: 2234.51 - lr: 0.100000 - momentum: 0.000000
2025-12-22 21:01:06,433 epoch 1 - iter 18/29 - loss 2.37202668 - time (sec): 8.77 - samples/sec: 2270.13 - lr: 0.100000 - momentum: 0.000000
2025-12-22 21:01:07,170 epoch 1 - iter 20/29 - loss 2.34409514 - time (sec): 9.51 - samples/sec: 2326.84 - lr: 0.100000 - momentum: 0.000000
2025-12-22 21:01:07,859 epoch 1 - iter 22/29 - loss 2.32329583 - time (sec): 10.19 - samples/sec: 2382.29 - lr: 0.100000 - momentum: 0.000000
2025-12-22 21:01:09,063 epoch 1 - iter 24/29 - loss 2.29695716 - time (sec): 11.40 - samples/sec: 2341.99 - lr: 0.100000 - momentum: 0.000000
2025-12-22 21:01:09,825 epoch 1 - iter 26/29 - loss 2.28400924 - time (sec): 12.16 - samples/sec: 2363.22 - lr: 0.100000 - momentum: 0.000000
2025-12-22 21:01:10,852 epoch 1 - iter 28/29 - loss 2.26783585 - time (sec): 13.19 - samples/sec: 2345.03 - lr: 0.100000 - momentum: 0.000000
2025-12-22 21:01:11,330 ----------------------------------------------------------------------------------------------------
2025-12-22 21:01:11,330 EPOCH 1 done: loss 2.2622 - lr: 0.100000
2025-12-22 21:01:13,761 DEV : loss 1.7762951850891113 - f1-score (micro avg)  0.4889
2025-12-22 21:01:13,766  - 0 epochs without improvement
2025-12-22 21:01:13,767 saving best model
2025-12-22 21:01:13,805 ----------------------------------------------------------------------------------------------------
2025-12-22 21:01:14,673 epoch 2 - iter 2/29 - loss 2.04142242 - time (sec): 0.87 - samples/sec: 2633.73 - lr: 0.100000 - momentum: 0.000000
2025-12-22 21:01:15,379 epoch 2 - iter 4/29 - loss 2.05542302 - time (sec): 1.57 - samples/sec: 2778.58 - lr: 0.100000 - momentum: 0.000000
2025-12-22 21:01:16,283 epoch 2 - iter 6/29 - loss 2.03163748 - time (sec): 2.48 - samples/sec: 2705.62 - lr: 0.100000 - momentum: 0.000000
2025-12-22 21:01:17,142 epoch 2 - iter 8/29 - loss 2.02631825 - time (sec): 3.34 - samples/sec: 2701.44 - lr: 0.100000 - momentum: 0.000000
2025-12-22 21:01:17,769 epoch 2 - iter 10/29 - loss 2.02646205 - time (sec): 3.96 - samples/sec: 2742.51 - lr: 0.100000 - momentum: 0.000000
2025-12-22 21:01:18,481 epoch 2 - iter 12/29 - loss 2.01557477 - time (sec): 4.68 - samples/sec: 2775.28 - lr: 0.100000 - momentum: 0.000000
2025-12-22 21:01:19,320 epoch 2 - iter 14/29 - loss 2.00238235 - time (sec): 5.51 - samples/sec: 2766.82 - lr: 0.100000 - momentum: 0.000000
2025-12-22 21:01:20,401 epoch 2 - iter 16/29 - loss 1.99483079 - time (sec): 6.59 - samples/sec: 2672.05 - lr: 0.100000 - momentum: 0.000000
2025-12-22 21:01:21,162 epoch 2 - iter 18/29 - loss 1.98934882 - time (sec): 7.36 - samples/sec: 2684.19 - lr: 0.100000 - momentum: 0.000000
2025-12-22 21:01:22,156 epoch 2 - iter 20/29 - loss 1.98520919 - time (sec): 8.35 - samples/sec: 2632.34 - lr: 0.100000 - momentum: 0.000000
2025-12-22 21:01:24,242 epoch 2 - iter 22/29 - loss 1.97535706 - time (sec): 10.43 - samples/sec: 2322.89 - lr: 0.100000 - momentum: 0.000000
2025-12-22 21:01:25,407 epoch 2 - iter 24/29 - loss 1.96645751 - time (sec): 11.60 - samples/sec: 2279.76 - lr: 0.100000 - momentum: 0.000000
2025-12-22 21:01:26,256 epoch 2 - iter 26/29 - loss 1.96401092 - time (sec): 12.45 - samples/sec: 2298.76 - lr: 0.100000 - momentum: 0.000000
2025-12-22 21:01:27,072 epoch 2 - iter 28/29 - loss 1.95724463 - time (sec): 13.27 - samples/sec: 2335.15 - lr: 0.100000 - momentum: 0.000000
2025-12-22 21:01:27,376 ----------------------------------------------------------------------------------------------------
2025-12-22 21:01:27,376 EPOCH 2 done: loss 1.9563 - lr: 0.100000
2025-12-22 21:01:29,707 DEV : loss 1.747982144355774 - f1-score (micro avg)  0.3014
2025-12-22 21:01:29,710  - 1 epochs without improvement
2025-12-22 21:01:29,711 ----------------------------------------------------------------------------------------------------
2025-12-22 21:01:30,734 epoch 3 - iter 2/29 - loss 1.92072606 - time (sec): 1.02 - samples/sec: 2102.83 - lr: 0.100000 - momentum: 0.000000
2025-12-22 21:01:31,725 epoch 3 - iter 4/29 - loss 1.92306068 - time (sec): 2.01 - samples/sec: 2211.70 - lr: 0.100000 - momentum: 0.000000
2025-12-22 21:01:32,711 epoch 3 - iter 6/29 - loss 1.89740130 - time (sec): 3.00 - samples/sec: 2227.35 - lr: 0.100000 - momentum: 0.000000
2025-12-22 21:01:33,836 epoch 3 - iter 8/29 - loss 1.88343476 - time (sec): 4.12 - samples/sec: 2159.42 - lr: 0.100000 - momentum: 0.000000
2025-12-22 21:01:34,627 epoch 3 - iter 10/29 - loss 1.87271499 - time (sec): 4.92 - samples/sec: 2236.35 - lr: 0.100000 - momentum: 0.000000
2025-12-22 21:01:35,328 epoch 3 - iter 12/29 - loss 1.87153238 - time (sec): 5.62 - samples/sec: 2323.56 - lr: 0.100000 - momentum: 0.000000
2025-12-22 21:01:36,052 epoch 3 - iter 14/29 - loss 1.86599526 - time (sec): 6.34 - samples/sec: 2403.78 - lr: 0.100000 - momentum: 0.000000
2025-12-22 21:01:36,594 epoch 3 - iter 16/29 - loss 1.85686845 - time (sec): 6.88 - samples/sec: 2501.12 - lr: 0.100000 - momentum: 0.000000
2025-12-22 21:01:37,505 epoch 3 - iter 18/29 - loss 1.85111174 - time (sec): 7.79 - samples/sec: 2504.75 - lr: 0.100000 - momentum: 0.000000
2025-12-22 21:01:38,246 epoch 3 - iter 20/29 - loss 1.84681463 - time (sec): 8.53 - samples/sec: 2569.60 - lr: 0.100000 - momentum: 0.000000
2025-12-22 21:01:39,036 epoch 3 - iter 22/29 - loss 1.83004597 - time (sec): 9.32 - samples/sec: 2584.65 - lr: 0.100000 - momentum: 0.000000
2025-12-22 21:01:39,824 epoch 3 - iter 24/29 - loss 1.81850803 - time (sec): 10.11 - samples/sec: 2607.25 - lr: 0.100000 - momentum: 0.000000
2025-12-22 21:01:40,704 epoch 3 - iter 26/29 - loss 1.79803519 - time (sec): 10.99 - samples/sec: 2618.23 - lr: 0.100000 - momentum: 0.000000
2025-12-22 21:01:41,337 epoch 3 - iter 28/29 - loss 1.77909318 - time (sec): 11.63 - samples/sec: 2662.33 - lr: 0.100000 - momentum: 0.000000
2025-12-22 21:01:41,703 ----------------------------------------------------------------------------------------------------
2025-12-22 21:01:41,703 EPOCH 3 done: loss 1.7714 - lr: 0.100000
2025-12-22 21:01:43,459 DEV : loss 1.3302077054977417 - f1-score (micro avg)  0.6117
2025-12-22 21:01:43,462  - 0 epochs without improvement
2025-12-22 21:01:43,463 saving best model
2025-12-22 21:01:43,485 ----------------------------------------------------------------------------------------------------
2025-12-22 21:01:44,417 epoch 4 - iter 2/29 - loss 1.55447127 - time (sec): 0.93 - samples/sec: 2536.50 - lr: 0.100000 - momentum: 0.000000
2025-12-22 21:01:45,011 epoch 4 - iter 4/29 - loss 1.54084756 - time (sec): 1.53 - samples/sec: 2885.01 - lr: 0.100000 - momentum: 0.000000
2025-12-22 21:01:45,673 epoch 4 - iter 6/29 - loss 1.53634637 - time (sec): 2.19 - samples/sec: 2982.32 - lr: 0.100000 - momentum: 0.000000
2025-12-22 21:01:46,471 epoch 4 - iter 8/29 - loss 1.50152202 - time (sec): 2.99 - samples/sec: 2940.83 - lr: 0.100000 - momentum: 0.000000
2025-12-22 21:01:47,242 epoch 4 - iter 10/29 - loss 1.48911390 - time (sec): 3.76 - samples/sec: 2963.63 - lr: 0.100000 - momentum: 0.000000
2025-12-22 21:01:48,020 epoch 4 - iter 12/29 - loss 1.47181165 - time (sec): 4.53 - samples/sec: 2960.86 - lr: 0.100000 - momentum: 0.000000
2025-12-22 21:01:48,656 epoch 4 - iter 14/29 - loss 1.46822230 - time (sec): 5.17 - samples/sec: 2981.52 - lr: 0.100000 - momentum: 0.000000
2025-12-22 21:01:49,315 epoch 4 - iter 16/29 - loss 1.46086206 - time (sec): 5.83 - samples/sec: 2994.62 - lr: 0.100000 - momentum: 0.000000
2025-12-22 21:01:49,943 epoch 4 - iter 18/29 - loss 1.45410265 - time (sec): 6.46 - samples/sec: 3017.39 - lr: 0.100000 - momentum: 0.000000
2025-12-22 21:01:50,736 epoch 4 - iter 20/29 - loss 1.45063513 - time (sec): 7.25 - samples/sec: 3018.12 - lr: 0.100000 - momentum: 0.000000
2025-12-22 21:01:51,607 epoch 4 - iter 22/29 - loss 1.44735077 - time (sec): 8.12 - samples/sec: 2980.19 - lr: 0.100000 - momentum: 0.000000
2025-12-22 21:01:52,506 epoch 4 - iter 24/29 - loss 1.44394082 - time (sec): 9.02 - samples/sec: 2921.15 - lr: 0.100000 - momentum: 0.000000
2025-12-22 21:01:53,359 epoch 4 - iter 26/29 - loss 1.43881011 - time (sec): 9.87 - samples/sec: 2890.00 - lr: 0.100000 - momentum: 0.000000
2025-12-22 21:01:54,241 epoch 4 - iter 28/29 - loss 1.43587937 - time (sec): 10.76 - samples/sec: 2884.12 - lr: 0.100000 - momentum: 0.000000
2025-12-22 21:01:54,526 ----------------------------------------------------------------------------------------------------
2025-12-22 21:01:54,527 EPOCH 4 done: loss 1.4327 - lr: 0.100000
2025-12-22 21:01:56,498 DEV : loss 1.237382411956787 - f1-score (micro avg)  0.6315
2025-12-22 21:01:56,501  - 0 epochs without improvement
2025-12-22 21:01:56,502 saving best model
2025-12-22 21:01:56,522 ----------------------------------------------------------------------------------------------------
2025-12-22 21:01:57,196 epoch 5 - iter 2/29 - loss 1.34541493 - time (sec): 0.67 - samples/sec: 3070.29 - lr: 0.100000 - momentum: 0.000000
2025-12-22 21:01:57,989 epoch 5 - iter 4/29 - loss 1.34971713 - time (sec): 1.47 - samples/sec: 3046.07 - lr: 0.100000 - momentum: 0.000000
2025-12-22 21:01:58,707 epoch 5 - iter 6/29 - loss 1.34987693 - time (sec): 2.18 - samples/sec: 3035.34 - lr: 0.100000 - momentum: 0.000000
2025-12-22 21:01:59,809 epoch 5 - iter 8/29 - loss 1.33822415 - time (sec): 3.29 - samples/sec: 2711.42 - lr: 0.100000 - momentum: 0.000000
2025-12-22 21:02:00,649 epoch 5 - iter 10/29 - loss 1.34148090 - time (sec): 4.13 - samples/sec: 2654.34 - lr: 0.100000 - momentum: 0.000000
2025-12-22 21:02:01,534 epoch 5 - iter 12/29 - loss 1.33278893 - time (sec): 5.01 - samples/sec: 2609.62 - lr: 0.100000 - momentum: 0.000000
2025-12-22 21:02:02,333 epoch 5 - iter 14/29 - loss 1.33633751 - time (sec): 5.81 - samples/sec: 2640.94 - lr: 0.100000 - momentum: 0.000000
2025-12-22 21:02:03,310 epoch 5 - iter 16/29 - loss 1.33417357 - time (sec): 6.79 - samples/sec: 2587.70 - lr: 0.100000 - momentum: 0.000000
2025-12-22 21:02:04,176 epoch 5 - iter 18/29 - loss 1.33731710 - time (sec): 7.65 - samples/sec: 2599.32 - lr: 0.100000 - momentum: 0.000000
2025-12-22 21:02:04,876 epoch 5 - iter 20/29 - loss 1.33148636 - time (sec): 8.35 - samples/sec: 2638.84 - lr: 0.100000 - momentum: 0.000000
2025-12-22 21:02:05,925 epoch 5 - iter 22/29 - loss 1.33122583 - time (sec): 9.40 - samples/sec: 2574.03 - lr: 0.100000 - momentum: 0.000000
2025-12-22 21:02:07,169 epoch 5 - iter 24/29 - loss 1.32609344 - time (sec): 10.65 - samples/sec: 2493.13 - lr: 0.100000 - momentum: 0.000000
2025-12-22 21:02:08,012 epoch 5 - iter 26/29 - loss 1.32453020 - time (sec): 11.49 - samples/sec: 2505.96 - lr: 0.100000 - momentum: 0.000000
2025-12-22 21:02:09,028 epoch 5 - iter 28/29 - loss 1.31801784 - time (sec): 12.51 - samples/sec: 2484.12 - lr: 0.100000 - momentum: 0.000000
2025-12-22 21:02:09,353 ----------------------------------------------------------------------------------------------------
2025-12-22 21:02:09,353 EPOCH 5 done: loss 1.3162 - lr: 0.100000
2025-12-22 21:02:11,868 DEV : loss 1.0727434158325195 - f1-score (micro avg)  0.6556
2025-12-22 21:02:11,871  - 0 epochs without improvement
2025-12-22 21:02:11,872 saving best model
2025-12-22 21:02:11,899 ----------------------------------------------------------------------------------------------------
2025-12-22 21:02:12,759 epoch 6 - iter 2/29 - loss 1.24621983 - time (sec): 0.86 - samples/sec: 2442.57 - lr: 0.100000 - momentum: 0.000000
2025-12-22 21:02:13,743 epoch 6 - iter 4/29 - loss 1.24028080 - time (sec): 1.84 - samples/sec: 2258.97 - lr: 0.100000 - momentum: 0.000000
2025-12-22 21:02:14,619 epoch 6 - iter 6/29 - loss 1.25753712 - time (sec): 2.72 - samples/sec: 2286.96 - lr: 0.100000 - momentum: 0.000000
2025-12-22 21:02:15,354 epoch 6 - iter 8/29 - loss 1.24903776 - time (sec): 3.45 - samples/sec: 2407.85 - lr: 0.100000 - momentum: 0.000000
2025-12-22 21:02:16,244 epoch 6 - iter 10/29 - loss 1.24446843 - time (sec): 4.35 - samples/sec: 2430.56 - lr: 0.100000 - momentum: 0.000000
2025-12-22 21:02:17,097 epoch 6 - iter 12/29 - loss 1.24020593 - time (sec): 5.20 - samples/sec: 2450.56 - lr: 0.100000 - momentum: 0.000000
2025-12-22 21:02:17,933 epoch 6 - iter 14/29 - loss 1.23954290 - time (sec): 6.03 - samples/sec: 2500.63 - lr: 0.100000 - momentum: 0.000000
2025-12-22 21:02:18,648 epoch 6 - iter 16/29 - loss 1.22776440 - time (sec): 6.75 - samples/sec: 2554.68 - lr: 0.100000 - momentum: 0.000000
2025-12-22 21:02:19,249 epoch 6 - iter 18/29 - loss 1.22527708 - time (sec): 7.35 - samples/sec: 2606.50 - lr: 0.100000 - momentum: 0.000000
2025-12-22 21:02:19,970 epoch 6 - iter 20/29 - loss 1.22460891 - time (sec): 8.07 - samples/sec: 2627.64 - lr: 0.100000 - momentum: 0.000000
2025-12-22 21:02:21,044 epoch 6 - iter 22/29 - loss 1.21864749 - time (sec): 9.14 - samples/sec: 2582.30 - lr: 0.100000 - momentum: 0.000000
2025-12-22 21:02:22,275 epoch 6 - iter 24/29 - loss 1.20874205 - time (sec): 10.38 - samples/sec: 2541.26 - lr: 0.100000 - momentum: 0.000000
2025-12-22 21:02:23,769 epoch 6 - iter 26/29 - loss 1.20025551 - time (sec): 11.87 - samples/sec: 2418.50 - lr: 0.100000 - momentum: 0.000000
2025-12-22 21:02:24,817 epoch 6 - iter 28/29 - loss 1.19543649 - time (sec): 12.92 - samples/sec: 2398.55 - lr: 0.100000 - momentum: 0.000000
2025-12-22 21:02:25,161 ----------------------------------------------------------------------------------------------------
2025-12-22 21:02:25,161 EPOCH 6 done: loss 1.1925 - lr: 0.100000
2025-12-22 21:02:27,229 DEV : loss 0.9830468893051147 - f1-score (micro avg)  0.6746
2025-12-22 21:02:27,233  - 0 epochs without improvement
2025-12-22 21:02:27,233 saving best model
2025-12-22 21:02:27,253 ----------------------------------------------------------------------------------------------------
2025-12-22 21:02:28,034 epoch 7 - iter 2/29 - loss 1.05395853 - time (sec): 0.78 - samples/sec: 2895.06 - lr: 0.100000 - momentum: 0.000000
2025-12-22 21:02:28,839 epoch 7 - iter 4/29 - loss 1.06455100 - time (sec): 1.59 - samples/sec: 2797.18 - lr: 0.100000 - momentum: 0.000000
2025-12-22 21:02:29,609 epoch 7 - iter 6/29 - loss 1.07262611 - time (sec): 2.36 - samples/sec: 2822.29 - lr: 0.100000 - momentum: 0.000000
2025-12-22 21:02:30,684 epoch 7 - iter 8/29 - loss 1.07760038 - time (sec): 3.43 - samples/sec: 2581.02 - lr: 0.100000 - momentum: 0.000000
2025-12-22 21:02:31,598 epoch 7 - iter 10/29 - loss 1.07065372 - time (sec): 4.34 - samples/sec: 2527.53 - lr: 0.100000 - momentum: 0.000000
2025-12-22 21:02:32,513 epoch 7 - iter 12/29 - loss 1.07735593 - time (sec): 5.26 - samples/sec: 2509.21 - lr: 0.100000 - momentum: 0.000000
2025-12-22 21:02:33,312 epoch 7 - iter 14/29 - loss 1.06914600 - time (sec): 6.06 - samples/sec: 2517.62 - lr: 0.100000 - momentum: 0.000000
2025-12-22 21:02:34,142 epoch 7 - iter 16/29 - loss 1.06230317 - time (sec): 6.89 - samples/sec: 2516.94 - lr: 0.100000 - momentum: 0.000000
2025-12-22 21:02:35,017 epoch 7 - iter 18/29 - loss 1.05807195 - time (sec): 7.76 - samples/sec: 2518.19 - lr: 0.100000 - momentum: 0.000000
2025-12-22 21:02:35,705 epoch 7 - iter 20/29 - loss 1.05581458 - time (sec): 8.45 - samples/sec: 2555.60 - lr: 0.100000 - momentum: 0.000000
2025-12-22 21:02:36,485 epoch 7 - iter 22/29 - loss 1.05264532 - time (sec): 9.23 - samples/sec: 2587.77 - lr: 0.100000 - momentum: 0.000000
2025-12-22 21:02:37,370 epoch 7 - iter 24/29 - loss 1.04719585 - time (sec): 10.12 - samples/sec: 2594.23 - lr: 0.100000 - momentum: 0.000000
2025-12-22 21:02:38,324 epoch 7 - iter 26/29 - loss 1.04010896 - time (sec): 11.07 - samples/sec: 2569.58 - lr: 0.100000 - momentum: 0.000000
2025-12-22 21:02:39,275 epoch 7 - iter 28/29 - loss 1.04087068 - time (sec): 12.02 - samples/sec: 2571.32 - lr: 0.100000 - momentum: 0.000000
2025-12-22 21:02:39,639 ----------------------------------------------------------------------------------------------------
2025-12-22 21:02:39,639 EPOCH 7 done: loss 1.0402 - lr: 0.100000
2025-12-22 21:02:41,834 DEV : loss 0.748346209526062 - f1-score (micro avg)  0.7347
2025-12-22 21:02:41,837  - 0 epochs without improvement
2025-12-22 21:02:41,839 saving best model
2025-12-22 21:02:41,860 ----------------------------------------------------------------------------------------------------
2025-12-22 21:02:42,644 epoch 8 - iter 2/29 - loss 0.95322473 - time (sec): 0.78 - samples/sec: 2697.59 - lr: 0.100000 - momentum: 0.000000
2025-12-22 21:02:43,744 epoch 8 - iter 4/29 - loss 0.93605366 - time (sec): 1.88 - samples/sec: 2410.21 - lr: 0.100000 - momentum: 0.000000
2025-12-22 21:02:44,713 epoch 8 - iter 6/29 - loss 0.92245789 - time (sec): 2.85 - samples/sec: 2373.82 - lr: 0.100000 - momentum: 0.000000
2025-12-22 21:02:45,532 epoch 8 - iter 8/29 - loss 0.92519188 - time (sec): 3.67 - samples/sec: 2422.79 - lr: 0.100000 - momentum: 0.000000
2025-12-22 21:02:46,484 epoch 8 - iter 10/29 - loss 0.91648800 - time (sec): 4.62 - samples/sec: 2409.80 - lr: 0.100000 - momentum: 0.000000
2025-12-22 21:02:47,478 epoch 8 - iter 12/29 - loss 0.90678402 - time (sec): 5.62 - samples/sec: 2399.99 - lr: 0.100000 - momentum: 0.000000
2025-12-22 21:02:48,167 epoch 8 - iter 14/29 - loss 0.91109259 - time (sec): 6.31 - samples/sec: 2463.79 - lr: 0.100000 - momentum: 0.000000
2025-12-22 21:02:49,058 epoch 8 - iter 16/29 - loss 0.90344059 - time (sec): 7.20 - samples/sec: 2452.97 - lr: 0.100000 - momentum: 0.000000
2025-12-22 21:02:49,910 epoch 8 - iter 18/29 - loss 0.90310046 - time (sec): 8.05 - samples/sec: 2450.38 - lr: 0.100000 - momentum: 0.000000
2025-12-22 21:02:50,596 epoch 8 - iter 20/29 - loss 0.90677402 - time (sec): 8.74 - samples/sec: 2494.52 - lr: 0.100000 - momentum: 0.000000
2025-12-22 21:02:51,563 epoch 8 - iter 22/29 - loss 0.91197240 - time (sec): 9.70 - samples/sec: 2485.85 - lr: 0.100000 - momentum: 0.000000
2025-12-22 21:02:52,751 epoch 8 - iter 24/29 - loss 0.90874539 - time (sec): 10.89 - samples/sec: 2435.25 - lr: 0.100000 - momentum: 0.000000
2025-12-22 21:02:53,527 epoch 8 - iter 26/29 - loss 0.90691647 - time (sec): 11.67 - samples/sec: 2460.09 - lr: 0.100000 - momentum: 0.000000
2025-12-22 21:02:54,346 epoch 8 - iter 28/29 - loss 0.90731217 - time (sec): 12.49 - samples/sec: 2483.28 - lr: 0.100000 - momentum: 0.000000
2025-12-22 21:02:54,693 ----------------------------------------------------------------------------------------------------
2025-12-22 21:02:54,693 EPOCH 8 done: loss 0.9091 - lr: 0.100000
2025-12-22 21:02:56,908 DEV : loss 0.6840434074401855 - f1-score (micro avg)  0.775
2025-12-22 21:02:56,911  - 0 epochs without improvement
2025-12-22 21:02:56,913 saving best model
2025-12-22 21:02:56,930 ----------------------------------------------------------------------------------------------------
2025-12-22 21:02:57,570 epoch 9 - iter 2/29 - loss 0.83497849 - time (sec): 0.64 - samples/sec: 3003.16 - lr: 0.100000 - momentum: 0.000000
2025-12-22 21:02:58,532 epoch 9 - iter 4/29 - loss 0.82916116 - time (sec): 1.60 - samples/sec: 2711.86 - lr: 0.100000 - momentum: 0.000000
2025-12-22 21:02:59,336 epoch 9 - iter 6/29 - loss 0.83388762 - time (sec): 2.41 - samples/sec: 2695.63 - lr: 0.100000 - momentum: 0.000000
2025-12-22 21:03:00,359 epoch 9 - iter 8/29 - loss 0.83498735 - time (sec): 3.43 - samples/sec: 2641.66 - lr: 0.100000 - momentum: 0.000000
2025-12-22 21:03:01,212 epoch 9 - iter 10/29 - loss 0.83682388 - time (sec): 4.28 - samples/sec: 2665.75 - lr: 0.100000 - momentum: 0.000000
2025-12-22 21:03:01,987 epoch 9 - iter 12/29 - loss 0.83631267 - time (sec): 5.06 - samples/sec: 2701.15 - lr: 0.100000 - momentum: 0.000000
2025-12-22 21:03:02,754 epoch 9 - iter 14/29 - loss 0.83291233 - time (sec): 5.82 - samples/sec: 2697.87 - lr: 0.100000 - momentum: 0.000000
2025-12-22 21:03:03,555 epoch 9 - iter 16/29 - loss 0.82576842 - time (sec): 6.62 - samples/sec: 2715.38 - lr: 0.100000 - momentum: 0.000000
2025-12-22 21:03:04,289 epoch 9 - iter 18/29 - loss 0.82108679 - time (sec): 7.36 - samples/sec: 2734.73 - lr: 0.100000 - momentum: 0.000000
2025-12-22 21:03:05,251 epoch 9 - iter 20/29 - loss 0.81605657 - time (sec): 8.32 - samples/sec: 2679.48 - lr: 0.100000 - momentum: 0.000000
2025-12-22 21:03:06,149 epoch 9 - iter 22/29 - loss 0.81095104 - time (sec): 9.22 - samples/sec: 2650.01 - lr: 0.100000 - momentum: 0.000000
2025-12-22 21:03:06,964 epoch 9 - iter 24/29 - loss 0.80750039 - time (sec): 10.03 - samples/sec: 2664.06 - lr: 0.100000 - momentum: 0.000000
2025-12-22 21:03:07,890 epoch 9 - iter 26/29 - loss 0.80843344 - time (sec): 10.96 - samples/sec: 2633.09 - lr: 0.100000 - momentum: 0.000000
2025-12-22 21:03:08,764 epoch 9 - iter 28/29 - loss 0.80587758 - time (sec): 11.83 - samples/sec: 2625.71 - lr: 0.100000 - momentum: 0.000000
2025-12-22 21:03:09,021 ----------------------------------------------------------------------------------------------------
2025-12-22 21:03:09,021 EPOCH 9 done: loss 0.8052 - lr: 0.100000
2025-12-22 21:03:11,088 DEV : loss 0.5671700835227966 - f1-score (micro avg)  0.8001
2025-12-22 21:03:11,092  - 0 epochs without improvement
2025-12-22 21:03:11,093 saving best model
2025-12-22 21:03:11,117 ----------------------------------------------------------------------------------------------------
2025-12-22 21:03:11,874 epoch 10 - iter 2/29 - loss 0.77899547 - time (sec): 0.76 - samples/sec: 2693.05 - lr: 0.100000 - momentum: 0.000000
2025-12-22 21:03:12,609 epoch 10 - iter 4/29 - loss 0.76414070 - time (sec): 1.49 - samples/sec: 2843.30 - lr: 0.100000 - momentum: 0.000000
2025-12-22 21:03:13,587 epoch 10 - iter 6/29 - loss 0.74981138 - time (sec): 2.47 - samples/sec: 2693.53 - lr: 0.100000 - momentum: 0.000000
2025-12-22 21:03:14,464 epoch 10 - iter 8/29 - loss 0.75086528 - time (sec): 3.35 - samples/sec: 2681.59 - lr: 0.100000 - momentum: 0.000000
2025-12-22 21:03:15,339 epoch 10 - iter 10/29 - loss 0.75689744 - time (sec): 4.22 - samples/sec: 2645.80 - lr: 0.100000 - momentum: 0.000000
2025-12-22 21:03:16,061 epoch 10 - iter 12/29 - loss 0.75524497 - time (sec): 4.94 - samples/sec: 2677.10 - lr: 0.100000 - momentum: 0.000000
2025-12-22 21:03:17,018 epoch 10 - iter 14/29 - loss 0.74932500 - time (sec): 5.90 - samples/sec: 2600.90 - lr: 0.100000 - momentum: 0.000000
2025-12-22 21:03:17,803 epoch 10 - iter 16/29 - loss 0.74851024 - time (sec): 6.69 - samples/sec: 2635.34 - lr: 0.100000 - momentum: 0.000000
2025-12-22 21:03:18,628 epoch 10 - iter 18/29 - loss 0.73866328 - time (sec): 7.51 - samples/sec: 2634.20 - lr: 0.100000 - momentum: 0.000000
2025-12-22 21:03:19,459 epoch 10 - iter 20/29 - loss 0.73687216 - time (sec): 8.34 - samples/sec: 2650.69 - lr: 0.100000 - momentum: 0.000000
2025-12-22 21:03:20,373 epoch 10 - iter 22/29 - loss 0.73266824 - time (sec): 9.26 - samples/sec: 2634.42 - lr: 0.100000 - momentum: 0.000000
2025-12-22 21:03:21,109 epoch 10 - iter 24/29 - loss 0.72823498 - time (sec): 9.99 - samples/sec: 2659.18 - lr: 0.100000 - momentum: 0.000000
2025-12-22 21:03:22,315 epoch 10 - iter 26/29 - loss 0.72666395 - time (sec): 11.20 - samples/sec: 2589.57 - lr: 0.100000 - momentum: 0.000000
2025-12-22 21:03:23,659 epoch 10 - iter 28/29 - loss 0.72513985 - time (sec): 12.54 - samples/sec: 2480.01 - lr: 0.100000 - momentum: 0.000000
2025-12-22 21:03:23,926 ----------------------------------------------------------------------------------------------------
2025-12-22 21:03:23,927 EPOCH 10 done: loss 0.7235 - lr: 0.100000
2025-12-22 21:03:26,519 DEV : loss 0.5293747782707214 - f1-score (micro avg)  0.8154
2025-12-22 21:03:26,522  - 0 epochs without improvement
2025-12-22 21:03:26,522 saving best model
2025-12-22 21:03:26,544 ----------------------------------------------------------------------------------------------------
2025-12-22 21:03:27,365 epoch 11 - iter 2/29 - loss 0.67416231 - time (sec): 0.82 - samples/sec: 2492.98 - lr: 0.100000 - momentum: 0.000000
2025-12-22 21:03:28,411 epoch 11 - iter 4/29 - loss 0.67079010 - time (sec): 1.87 - samples/sec: 2356.19 - lr: 0.100000 - momentum: 0.000000
2025-12-22 21:03:29,355 epoch 11 - iter 6/29 - loss 0.67793393 - time (sec): 2.81 - samples/sec: 2402.03 - lr: 0.100000 - momentum: 0.000000
2025-12-22 21:03:30,378 epoch 11 - iter 8/29 - loss 0.67379405 - time (sec): 3.83 - samples/sec: 2328.88 - lr: 0.100000 - momentum: 0.000000
2025-12-22 21:03:31,386 epoch 11 - iter 10/29 - loss 0.67283946 - time (sec): 4.84 - samples/sec: 2324.80 - lr: 0.100000 - momentum: 0.000000
2025-12-22 21:03:32,112 epoch 11 - iter 12/29 - loss 0.67450078 - time (sec): 5.57 - samples/sec: 2395.15 - lr: 0.100000 - momentum: 0.000000
2025-12-22 21:03:32,981 epoch 11 - iter 14/29 - loss 0.67075853 - time (sec): 6.44 - samples/sec: 2424.23 - lr: 0.100000 - momentum: 0.000000
2025-12-22 21:03:33,647 epoch 11 - iter 16/29 - loss 0.67078377 - time (sec): 7.10 - samples/sec: 2455.05 - lr: 0.100000 - momentum: 0.000000
2025-12-22 21:03:34,699 epoch 11 - iter 18/29 - loss 0.67124141 - time (sec): 8.15 - samples/sec: 2455.54 - lr: 0.100000 - momentum: 0.000000
2025-12-22 21:03:35,648 epoch 11 - iter 20/29 - loss 0.66825815 - time (sec): 9.10 - samples/sec: 2446.42 - lr: 0.100000 - momentum: 0.000000
2025-12-22 21:03:36,465 epoch 11 - iter 22/29 - loss 0.66594032 - time (sec): 9.92 - samples/sec: 2479.05 - lr: 0.100000 - momentum: 0.000000
2025-12-22 21:03:37,291 epoch 11 - iter 24/29 - loss 0.66469441 - time (sec): 10.75 - samples/sec: 2477.97 - lr: 0.100000 - momentum: 0.000000
2025-12-22 21:03:38,137 epoch 11 - iter 26/29 - loss 0.66319369 - time (sec): 11.59 - samples/sec: 2487.30 - lr: 0.100000 - momentum: 0.000000
2025-12-22 21:03:38,998 epoch 11 - iter 28/29 - loss 0.66365358 - time (sec): 12.45 - samples/sec: 2499.35 - lr: 0.100000 - momentum: 0.000000
2025-12-22 21:03:39,279 ----------------------------------------------------------------------------------------------------
2025-12-22 21:03:39,279 EPOCH 11 done: loss 0.6627 - lr: 0.100000
2025-12-22 21:03:41,349 DEV : loss 0.4801686406135559 - f1-score (micro avg)  0.8314
2025-12-22 21:03:41,352  - 0 epochs without improvement
2025-12-22 21:03:41,353 saving best model
2025-12-22 21:03:41,374 ----------------------------------------------------------------------------------------------------
2025-12-22 21:03:42,130 epoch 12 - iter 2/29 - loss 0.66283986 - time (sec): 0.76 - samples/sec: 2829.96 - lr: 0.100000 - momentum: 0.000000
2025-12-22 21:03:42,826 epoch 12 - iter 4/29 - loss 0.67097728 - time (sec): 1.45 - samples/sec: 3003.12 - lr: 0.100000 - momentum: 0.000000
2025-12-22 21:03:43,593 epoch 12 - iter 6/29 - loss 0.65491035 - time (sec): 2.22 - samples/sec: 2905.92 - lr: 0.100000 - momentum: 0.000000
2025-12-22 21:03:44,602 epoch 12 - iter 8/29 - loss 0.64950923 - time (sec): 3.23 - samples/sec: 2756.39 - lr: 0.100000 - momentum: 0.000000
2025-12-22 21:03:45,331 epoch 12 - iter 10/29 - loss 0.64562913 - time (sec): 3.96 - samples/sec: 2753.52 - lr: 0.100000 - momentum: 0.000000
2025-12-22 21:03:46,055 epoch 12 - iter 12/29 - loss 0.64254350 - time (sec): 4.68 - samples/sec: 2853.11 - lr: 0.100000 - momentum: 0.000000
2025-12-22 21:03:47,168 epoch 12 - iter 14/29 - loss 0.63753745 - time (sec): 5.79 - samples/sec: 2699.61 - lr: 0.100000 - momentum: 0.000000
2025-12-22 21:03:48,017 epoch 12 - iter 16/29 - loss 0.63571687 - time (sec): 6.64 - samples/sec: 2685.35 - lr: 0.100000 - momentum: 0.000000
2025-12-22 21:03:48,771 epoch 12 - iter 18/29 - loss 0.62863340 - time (sec): 7.40 - samples/sec: 2689.04 - lr: 0.100000 - momentum: 0.000000
2025-12-22 21:03:49,582 epoch 12 - iter 20/29 - loss 0.62687003 - time (sec): 8.21 - samples/sec: 2685.48 - lr: 0.100000 - momentum: 0.000000
2025-12-22 21:03:50,397 epoch 12 - iter 22/29 - loss 0.63017346 - time (sec): 9.02 - samples/sec: 2680.95 - lr: 0.100000 - momentum: 0.000000
2025-12-22 21:03:51,562 epoch 12 - iter 24/29 - loss 0.62642793 - time (sec): 10.19 - samples/sec: 2622.88 - lr: 0.100000 - momentum: 0.000000
2025-12-22 21:03:52,427 epoch 12 - iter 26/29 - loss 0.62032065 - time (sec): 11.05 - samples/sec: 2626.29 - lr: 0.100000 - momentum: 0.000000
2025-12-22 21:03:53,089 epoch 12 - iter 28/29 - loss 0.61995166 - time (sec): 11.72 - samples/sec: 2632.32 - lr: 0.100000 - momentum: 0.000000
2025-12-22 21:03:53,502 ----------------------------------------------------------------------------------------------------
2025-12-22 21:03:53,502 EPOCH 12 done: loss 0.6204 - lr: 0.100000
2025-12-22 21:03:55,469 DEV : loss 0.45598104596138 - f1-score (micro avg)  0.8414
2025-12-22 21:03:55,472  - 0 epochs without improvement
2025-12-22 21:03:55,472 saving best model
2025-12-22 21:03:55,494 ----------------------------------------------------------------------------------------------------
2025-12-22 21:03:56,277 epoch 13 - iter 2/29 - loss 0.55582823 - time (sec): 0.78 - samples/sec: 2811.04 - lr: 0.100000 - momentum: 0.000000
2025-12-22 21:03:57,623 epoch 13 - iter 4/29 - loss 0.58171334 - time (sec): 2.13 - samples/sec: 2109.36 - lr: 0.100000 - momentum: 0.000000
2025-12-22 21:03:58,308 epoch 13 - iter 6/29 - loss 0.56649664 - time (sec): 2.81 - samples/sec: 2274.77 - lr: 0.100000 - momentum: 0.000000
2025-12-22 21:03:59,093 epoch 13 - iter 8/29 - loss 0.56794670 - time (sec): 3.60 - samples/sec: 2408.35 - lr: 0.100000 - momentum: 0.000000
2025-12-22 21:04:00,131 epoch 13 - iter 10/29 - loss 0.57990231 - time (sec): 4.64 - samples/sec: 2408.03 - lr: 0.100000 - momentum: 0.000000
2025-12-22 21:04:01,012 epoch 13 - iter 12/29 - loss 0.57707288 - time (sec): 5.52 - samples/sec: 2420.80 - lr: 0.100000 - momentum: 0.000000
2025-12-22 21:04:01,654 epoch 13 - iter 14/29 - loss 0.57386427 - time (sec): 6.16 - samples/sec: 2489.84 - lr: 0.100000 - momentum: 0.000000
2025-12-22 21:04:02,487 epoch 13 - iter 16/29 - loss 0.57836051 - time (sec): 6.99 - samples/sec: 2500.98 - lr: 0.100000 - momentum: 0.000000
2025-12-22 21:04:03,152 epoch 13 - iter 18/29 - loss 0.57739586 - time (sec): 7.66 - samples/sec: 2532.66 - lr: 0.100000 - momentum: 0.000000
2025-12-22 21:04:03,940 epoch 13 - iter 20/29 - loss 0.57570299 - time (sec): 8.45 - samples/sec: 2587.09 - lr: 0.100000 - momentum: 0.000000
2025-12-22 21:04:04,973 epoch 13 - iter 22/29 - loss 0.57370107 - time (sec): 9.48 - samples/sec: 2563.18 - lr: 0.100000 - momentum: 0.000000
2025-12-22 21:04:05,923 epoch 13 - iter 24/29 - loss 0.57181993 - time (sec): 10.43 - samples/sec: 2561.61 - lr: 0.100000 - momentum: 0.000000
2025-12-22 21:04:06,813 epoch 13 - iter 26/29 - loss 0.57151358 - time (sec): 11.32 - samples/sec: 2561.64 - lr: 0.100000 - momentum: 0.000000
2025-12-22 21:04:07,572 epoch 13 - iter 28/29 - loss 0.57287666 - time (sec): 12.08 - samples/sec: 2570.51 - lr: 0.100000 - momentum: 0.000000
2025-12-22 21:04:07,881 ----------------------------------------------------------------------------------------------------
2025-12-22 21:04:07,881 EPOCH 13 done: loss 0.5727 - lr: 0.100000
2025-12-22 21:04:10,238 DEV : loss 0.4271550476551056 - f1-score (micro avg)  0.8545
2025-12-22 21:04:10,242  - 0 epochs without improvement
2025-12-22 21:04:10,243 saving best model
2025-12-22 21:04:10,265 ----------------------------------------------------------------------------------------------------
2025-12-22 21:04:11,027 epoch 14 - iter 2/29 - loss 0.51970585 - time (sec): 0.76 - samples/sec: 2795.73 - lr: 0.100000 - momentum: 0.000000
2025-12-22 21:04:12,010 epoch 14 - iter 4/29 - loss 0.53298545 - time (sec): 1.74 - samples/sec: 2457.89 - lr: 0.100000 - momentum: 0.000000
2025-12-22 21:04:12,860 epoch 14 - iter 6/29 - loss 0.53506471 - time (sec): 2.59 - samples/sec: 2598.09 - lr: 0.100000 - momentum: 0.000000
2025-12-22 21:04:13,767 epoch 14 - iter 8/29 - loss 0.53987307 - time (sec): 3.50 - samples/sec: 2518.42 - lr: 0.100000 - momentum: 0.000000
2025-12-22 21:04:14,582 epoch 14 - iter 10/29 - loss 0.54486823 - time (sec): 4.32 - samples/sec: 2559.81 - lr: 0.100000 - momentum: 0.000000
2025-12-22 21:04:15,364 epoch 14 - iter 12/29 - loss 0.54583037 - time (sec): 5.10 - samples/sec: 2586.13 - lr: 0.100000 - momentum: 0.000000
2025-12-22 21:04:16,215 epoch 14 - iter 14/29 - loss 0.54550605 - time (sec): 5.95 - samples/sec: 2595.38 - lr: 0.100000 - momentum: 0.000000
2025-12-22 21:04:17,144 epoch 14 - iter 16/29 - loss 0.54469544 - time (sec): 6.88 - samples/sec: 2583.31 - lr: 0.100000 - momentum: 0.000000
2025-12-22 21:04:17,965 epoch 14 - iter 18/29 - loss 0.54386961 - time (sec): 7.70 - samples/sec: 2574.98 - lr: 0.100000 - momentum: 0.000000
2025-12-22 21:04:18,660 epoch 14 - iter 20/29 - loss 0.54034632 - time (sec): 8.39 - samples/sec: 2590.64 - lr: 0.100000 - momentum: 0.000000
2025-12-22 21:04:19,568 epoch 14 - iter 22/29 - loss 0.53963443 - time (sec): 9.30 - samples/sec: 2582.07 - lr: 0.100000 - momentum: 0.000000
2025-12-22 21:04:20,324 epoch 14 - iter 24/29 - loss 0.53982716 - time (sec): 10.06 - samples/sec: 2597.99 - lr: 0.100000 - momentum: 0.000000
2025-12-22 21:04:21,157 epoch 14 - iter 26/29 - loss 0.53976649 - time (sec): 10.89 - samples/sec: 2601.96 - lr: 0.100000 - momentum: 0.000000
2025-12-22 21:04:22,131 epoch 14 - iter 28/29 - loss 0.54197125 - time (sec): 11.87 - samples/sec: 2604.05 - lr: 0.100000 - momentum: 0.000000
2025-12-22 21:04:23,038 ----------------------------------------------------------------------------------------------------
2025-12-22 21:04:23,039 EPOCH 14 done: loss 0.5437 - lr: 0.100000
2025-12-22 21:04:25,560 DEV : loss 0.41291695833206177 - f1-score (micro avg)  0.8629
2025-12-22 21:04:25,562  - 0 epochs without improvement
2025-12-22 21:04:25,563 saving best model
2025-12-22 21:04:25,582 ----------------------------------------------------------------------------------------------------
2025-12-22 21:04:26,536 epoch 15 - iter 2/29 - loss 0.50008901 - time (sec): 0.95 - samples/sec: 2383.12 - lr: 0.100000 - momentum: 0.000000
2025-12-22 21:04:27,432 epoch 15 - iter 4/29 - loss 0.50391866 - time (sec): 1.85 - samples/sec: 2425.87 - lr: 0.100000 - momentum: 0.000000
2025-12-22 21:04:28,153 epoch 15 - iter 6/29 - loss 0.51193538 - time (sec): 2.57 - samples/sec: 2524.33 - lr: 0.100000 - momentum: 0.000000
2025-12-22 21:04:28,856 epoch 15 - iter 8/29 - loss 0.51651049 - time (sec): 3.27 - samples/sec: 2589.79 - lr: 0.100000 - momentum: 0.000000
2025-12-22 21:04:29,537 epoch 15 - iter 10/29 - loss 0.51763943 - time (sec): 3.95 - samples/sec: 2700.68 - lr: 0.100000 - momentum: 0.000000
2025-12-22 21:04:30,619 epoch 15 - iter 12/29 - loss 0.51936245 - time (sec): 5.04 - samples/sec: 2546.21 - lr: 0.100000 - momentum: 0.000000
2025-12-22 21:04:31,508 epoch 15 - iter 14/29 - loss 0.51504379 - time (sec): 5.93 - samples/sec: 2564.40 - lr: 0.100000 - momentum: 0.000000
2025-12-22 21:04:32,371 epoch 15 - iter 16/29 - loss 0.52238076 - time (sec): 6.79 - samples/sec: 2572.88 - lr: 0.100000 - momentum: 0.000000
2025-12-22 21:04:33,328 epoch 15 - iter 18/29 - loss 0.52071641 - time (sec): 7.74 - samples/sec: 2593.18 - lr: 0.100000 - momentum: 0.000000
2025-12-22 21:04:34,333 epoch 15 - iter 20/29 - loss 0.52144313 - time (sec): 8.75 - samples/sec: 2584.15 - lr: 0.100000 - momentum: 0.000000
2025-12-22 21:04:35,078 epoch 15 - iter 22/29 - loss 0.52571879 - time (sec): 9.49 - samples/sec: 2569.17 - lr: 0.100000 - momentum: 0.000000
2025-12-22 21:04:36,054 epoch 15 - iter 24/29 - loss 0.52310109 - time (sec): 10.47 - samples/sec: 2532.60 - lr: 0.100000 - momentum: 0.000000
2025-12-22 21:04:36,891 epoch 15 - iter 26/29 - loss 0.52249037 - time (sec): 11.31 - samples/sec: 2527.61 - lr: 0.100000 - momentum: 0.000000
2025-12-22 21:04:37,711 epoch 15 - iter 28/29 - loss 0.52264041 - time (sec): 12.13 - samples/sec: 2550.70 - lr: 0.100000 - momentum: 0.000000
2025-12-22 21:04:38,060 ----------------------------------------------------------------------------------------------------
2025-12-22 21:04:38,060 EPOCH 15 done: loss 0.5246 - lr: 0.100000
2025-12-22 21:04:40,077 DEV : loss 0.4009071886539459 - f1-score (micro avg)  0.8684
2025-12-22 21:04:40,080  - 0 epochs without improvement
2025-12-22 21:04:40,081 saving best model
2025-12-22 21:04:40,104 ----------------------------------------------------------------------------------------------------
2025-12-22 21:04:41,025 epoch 16 - iter 2/29 - loss 0.47423087 - time (sec): 0.92 - samples/sec: 2695.74 - lr: 0.100000 - momentum: 0.000000
2025-12-22 21:04:41,788 epoch 16 - iter 4/29 - loss 0.48797222 - time (sec): 1.68 - samples/sec: 2756.22 - lr: 0.100000 - momentum: 0.000000
2025-12-22 21:04:42,420 epoch 16 - iter 6/29 - loss 0.49161866 - time (sec): 2.32 - samples/sec: 2860.83 - lr: 0.100000 - momentum: 0.000000
2025-12-22 21:04:43,193 epoch 16 - iter 8/29 - loss 0.49524582 - time (sec): 3.09 - samples/sec: 2844.43 - lr: 0.100000 - momentum: 0.000000
2025-12-22 21:04:43,924 epoch 16 - iter 10/29 - loss 0.49979347 - time (sec): 3.82 - samples/sec: 2785.64 - lr: 0.100000 - momentum: 0.000000
2025-12-22 21:04:44,857 epoch 16 - iter 12/29 - loss 0.49799816 - time (sec): 4.75 - samples/sec: 2724.55 - lr: 0.100000 - momentum: 0.000000
2025-12-22 21:04:45,935 epoch 16 - iter 14/29 - loss 0.49842073 - time (sec): 5.83 - samples/sec: 2660.22 - lr: 0.100000 - momentum: 0.000000
2025-12-22 21:04:46,788 epoch 16 - iter 16/29 - loss 0.50107048 - time (sec): 6.68 - samples/sec: 2638.65 - lr: 0.100000 - momentum: 0.000000
2025-12-22 21:04:47,678 epoch 16 - iter 18/29 - loss 0.49985954 - time (sec): 7.57 - samples/sec: 2637.66 - lr: 0.100000 - momentum: 0.000000
2025-12-22 21:04:48,527 epoch 16 - iter 20/29 - loss 0.50289216 - time (sec): 8.42 - samples/sec: 2610.58 - lr: 0.100000 - momentum: 0.000000
2025-12-22 21:04:49,429 epoch 16 - iter 22/29 - loss 0.50645079 - time (sec): 9.32 - samples/sec: 2596.14 - lr: 0.100000 - momentum: 0.000000
2025-12-22 21:04:50,341 epoch 16 - iter 24/29 - loss 0.50756528 - time (sec): 10.24 - samples/sec: 2560.82 - lr: 0.100000 - momentum: 0.000000
2025-12-22 21:04:51,203 epoch 16 - iter 26/29 - loss 0.50505743 - time (sec): 11.10 - samples/sec: 2560.83 - lr: 0.100000 - momentum: 0.000000
2025-12-22 21:04:52,206 epoch 16 - iter 28/29 - loss 0.50474741 - time (sec): 12.10 - samples/sec: 2549.62 - lr: 0.100000 - momentum: 0.000000
2025-12-22 21:04:52,666 ----------------------------------------------------------------------------------------------------
2025-12-22 21:04:52,666 EPOCH 16 done: loss 0.5031 - lr: 0.100000
2025-12-22 21:04:54,908 DEV : loss 0.3971776068210602 - f1-score (micro avg)  0.8668
2025-12-22 21:04:54,911  - 1 epochs without improvement
2025-12-22 21:04:54,912 ----------------------------------------------------------------------------------------------------
2025-12-22 21:04:55,523 epoch 17 - iter 2/29 - loss 0.49510454 - time (sec): 0.61 - samples/sec: 3418.91 - lr: 0.100000 - momentum: 0.000000
2025-12-22 21:04:56,477 epoch 17 - iter 4/29 - loss 0.49458020 - time (sec): 1.56 - samples/sec: 2878.34 - lr: 0.100000 - momentum: 0.000000
2025-12-22 21:04:57,227 epoch 17 - iter 6/29 - loss 0.48478899 - time (sec): 2.31 - samples/sec: 3002.45 - lr: 0.100000 - momentum: 0.000000
2025-12-22 21:04:58,158 epoch 17 - iter 8/29 - loss 0.49648497 - time (sec): 3.24 - samples/sec: 2852.59 - lr: 0.100000 - momentum: 0.000000
2025-12-22 21:04:59,013 epoch 17 - iter 10/29 - loss 0.49502995 - time (sec): 4.10 - samples/sec: 2803.52 - lr: 0.100000 - momentum: 0.000000
2025-12-22 21:04:59,690 epoch 17 - iter 12/29 - loss 0.49286662 - time (sec): 4.78 - samples/sec: 2844.55 - lr: 0.100000 - momentum: 0.000000
2025-12-22 21:05:00,663 epoch 17 - iter 14/29 - loss 0.48981480 - time (sec): 5.75 - samples/sec: 2760.98 - lr: 0.100000 - momentum: 0.000000
2025-12-22 21:05:01,508 epoch 17 - iter 16/29 - loss 0.48489226 - time (sec): 6.60 - samples/sec: 2735.89 - lr: 0.100000 - momentum: 0.000000
2025-12-22 21:05:02,411 epoch 17 - iter 18/29 - loss 0.48644418 - time (sec): 7.50 - samples/sec: 2659.68 - lr: 0.100000 - momentum: 0.000000
2025-12-22 21:05:03,061 epoch 17 - iter 20/29 - loss 0.48570287 - time (sec): 8.15 - samples/sec: 2711.26 - lr: 0.100000 - momentum: 0.000000
2025-12-22 21:05:04,129 epoch 17 - iter 22/29 - loss 0.48671713 - time (sec): 9.22 - samples/sec: 2674.15 - lr: 0.100000 - momentum: 0.000000
2025-12-22 21:05:04,899 epoch 17 - iter 24/29 - loss 0.48960691 - time (sec): 9.99 - samples/sec: 2674.98 - lr: 0.100000 - momentum: 0.000000
2025-12-22 21:05:05,895 epoch 17 - iter 26/29 - loss 0.48649709 - time (sec): 10.98 - samples/sec: 2647.03 - lr: 0.100000 - momentum: 0.000000
2025-12-22 21:05:07,158 epoch 17 - iter 28/29 - loss 0.48721306 - time (sec): 12.25 - samples/sec: 2549.42 - lr: 0.100000 - momentum: 0.000000
2025-12-22 21:05:07,371 ----------------------------------------------------------------------------------------------------
2025-12-22 21:05:07,371 EPOCH 17 done: loss 0.4864 - lr: 0.100000
2025-12-22 21:05:09,780 DEV : loss 0.383167564868927 - f1-score (micro avg)  0.8735
2025-12-22 21:05:09,785  - 0 epochs without improvement
2025-12-22 21:05:09,785 saving best model
2025-12-22 21:05:09,807 ----------------------------------------------------------------------------------------------------
2025-12-22 21:05:10,576 epoch 18 - iter 2/29 - loss 0.46036064 - time (sec): 0.77 - samples/sec: 2885.00 - lr: 0.100000 - momentum: 0.000000
2025-12-22 21:05:11,352 epoch 18 - iter 4/29 - loss 0.47315836 - time (sec): 1.54 - samples/sec: 2743.94 - lr: 0.100000 - momentum: 0.000000
2025-12-22 21:05:12,141 epoch 18 - iter 6/29 - loss 0.47601472 - time (sec): 2.33 - samples/sec: 2775.17 - lr: 0.100000 - momentum: 0.000000
2025-12-22 21:05:13,024 epoch 18 - iter 8/29 - loss 0.46724783 - time (sec): 3.22 - samples/sec: 2688.47 - lr: 0.100000 - momentum: 0.000000
2025-12-22 21:05:13,947 epoch 18 - iter 10/29 - loss 0.47555710 - time (sec): 4.14 - samples/sec: 2634.70 - lr: 0.100000 - momentum: 0.000000
2025-12-22 21:05:15,126 epoch 18 - iter 12/29 - loss 0.47439365 - time (sec): 5.32 - samples/sec: 2502.65 - lr: 0.100000 - momentum: 0.000000
2025-12-22 21:05:16,247 epoch 18 - iter 14/29 - loss 0.47478943 - time (sec): 6.44 - samples/sec: 2455.12 - lr: 0.100000 - momentum: 0.000000
2025-12-22 21:05:17,365 epoch 18 - iter 16/29 - loss 0.47473844 - time (sec): 7.56 - samples/sec: 2383.94 - lr: 0.100000 - momentum: 0.000000
2025-12-22 21:05:18,310 epoch 18 - iter 18/29 - loss 0.47829845 - time (sec): 8.50 - samples/sec: 2364.67 - lr: 0.100000 - momentum: 0.000000
2025-12-22 21:05:19,143 epoch 18 - iter 20/29 - loss 0.47433223 - time (sec): 9.34 - samples/sec: 2400.29 - lr: 0.100000 - momentum: 0.000000
2025-12-22 21:05:20,093 epoch 18 - iter 22/29 - loss 0.47466675 - time (sec): 10.29 - samples/sec: 2386.18 - lr: 0.100000 - momentum: 0.000000
2025-12-22 21:05:21,053 epoch 18 - iter 24/29 - loss 0.47591566 - time (sec): 11.24 - samples/sec: 2368.10 - lr: 0.100000 - momentum: 0.000000
2025-12-22 21:05:21,797 epoch 18 - iter 26/29 - loss 0.47426227 - time (sec): 11.99 - samples/sec: 2400.60 - lr: 0.100000 - momentum: 0.000000
2025-12-22 21:05:22,778 epoch 18 - iter 28/29 - loss 0.47406989 - time (sec): 12.97 - samples/sec: 2398.22 - lr: 0.100000 - momentum: 0.000000
2025-12-22 21:05:23,064 ----------------------------------------------------------------------------------------------------
2025-12-22 21:05:23,064 EPOCH 18 done: loss 0.4727 - lr: 0.100000
2025-12-22 21:05:25,053 DEV : loss 0.36903437972068787 - f1-score (micro avg)  0.8796
2025-12-22 21:05:25,056  - 0 epochs without improvement
2025-12-22 21:05:25,058 saving best model
2025-12-22 21:05:25,087 ----------------------------------------------------------------------------------------------------
2025-12-22 21:05:25,912 epoch 19 - iter 2/29 - loss 0.44699565 - time (sec): 0.82 - samples/sec: 2486.53 - lr: 0.100000 - momentum: 0.000000
2025-12-22 21:05:26,798 epoch 19 - iter 4/29 - loss 0.44611124 - time (sec): 1.71 - samples/sec: 2578.05 - lr: 0.100000 - momentum: 0.000000
2025-12-22 21:05:27,721 epoch 19 - iter 6/29 - loss 0.44252486 - time (sec): 2.63 - samples/sec: 2446.18 - lr: 0.100000 - momentum: 0.000000
2025-12-22 21:05:28,491 epoch 19 - iter 8/29 - loss 0.43938190 - time (sec): 3.40 - samples/sec: 2553.84 - lr: 0.100000 - momentum: 0.000000
2025-12-22 21:05:29,514 epoch 19 - iter 10/29 - loss 0.44272363 - time (sec): 4.43 - samples/sec: 2528.75 - lr: 0.100000 - momentum: 0.000000
2025-12-22 21:05:30,251 epoch 19 - iter 12/29 - loss 0.44371264 - time (sec): 5.16 - samples/sec: 2610.92 - lr: 0.100000 - momentum: 0.000000
2025-12-22 21:05:31,323 epoch 19 - iter 14/29 - loss 0.45005255 - time (sec): 6.24 - samples/sec: 2564.62 - lr: 0.100000 - momentum: 0.000000
2025-12-22 21:05:32,113 epoch 19 - iter 16/29 - loss 0.45037278 - time (sec): 7.03 - samples/sec: 2594.08 - lr: 0.100000 - momentum: 0.000000
2025-12-22 21:05:32,861 epoch 19 - iter 18/29 - loss 0.45215454 - time (sec): 7.77 - samples/sec: 2593.35 - lr: 0.100000 - momentum: 0.000000
2025-12-22 21:05:33,774 epoch 19 - iter 20/29 - loss 0.45579904 - time (sec): 8.69 - samples/sec: 2586.00 - lr: 0.100000 - momentum: 0.000000
2025-12-22 21:05:34,473 epoch 19 - iter 22/29 - loss 0.45762875 - time (sec): 9.39 - samples/sec: 2616.28 - lr: 0.100000 - momentum: 0.000000
2025-12-22 21:05:35,260 epoch 19 - iter 24/29 - loss 0.45813075 - time (sec): 10.17 - samples/sec: 2636.86 - lr: 0.100000 - momentum: 0.000000
2025-12-22 21:05:36,097 epoch 19 - iter 26/29 - loss 0.46145374 - time (sec): 11.01 - samples/sec: 2628.00 - lr: 0.100000 - momentum: 0.000000
2025-12-22 21:05:36,876 epoch 19 - iter 28/29 - loss 0.46021180 - time (sec): 11.79 - samples/sec: 2631.73 - lr: 0.100000 - momentum: 0.000000
2025-12-22 21:05:37,227 ----------------------------------------------------------------------------------------------------
2025-12-22 21:05:37,227 EPOCH 19 done: loss 0.4601 - lr: 0.100000
2025-12-22 21:05:39,491 DEV : loss 0.36555543541908264 - f1-score (micro avg)  0.8788
2025-12-22 21:05:39,495  - 1 epochs without improvement
2025-12-22 21:05:39,495 ----------------------------------------------------------------------------------------------------
2025-12-22 21:05:40,326 epoch 20 - iter 2/29 - loss 0.41777717 - time (sec): 0.83 - samples/sec: 2585.27 - lr: 0.100000 - momentum: 0.000000
2025-12-22 21:05:41,267 epoch 20 - iter 4/29 - loss 0.43058537 - time (sec): 1.77 - samples/sec: 2430.67 - lr: 0.100000 - momentum: 0.000000
2025-12-22 21:05:42,182 epoch 20 - iter 6/29 - loss 0.44409988 - time (sec): 2.69 - samples/sec: 2384.06 - lr: 0.100000 - momentum: 0.000000
2025-12-22 21:05:43,037 epoch 20 - iter 8/29 - loss 0.44857777 - time (sec): 3.54 - samples/sec: 2458.56 - lr: 0.100000 - momentum: 0.000000
2025-12-22 21:05:44,032 epoch 20 - iter 10/29 - loss 0.44543407 - time (sec): 4.54 - samples/sec: 2475.84 - lr: 0.100000 - momentum: 0.000000
2025-12-22 21:05:45,000 epoch 20 - iter 12/29 - loss 0.44830658 - time (sec): 5.50 - samples/sec: 2455.02 - lr: 0.100000 - momentum: 0.000000
2025-12-22 21:05:45,978 epoch 20 - iter 14/29 - loss 0.44925786 - time (sec): 6.48 - samples/sec: 2422.89 - lr: 0.100000 - momentum: 0.000000
2025-12-22 21:05:46,875 epoch 20 - iter 16/29 - loss 0.44841604 - time (sec): 7.38 - samples/sec: 2420.05 - lr: 0.100000 - momentum: 0.000000
2025-12-22 21:05:47,420 epoch 20 - iter 18/29 - loss 0.44933830 - time (sec): 7.92 - samples/sec: 2498.77 - lr: 0.100000 - momentum: 0.000000
2025-12-22 21:05:48,065 epoch 20 - iter 20/29 - loss 0.44973232 - time (sec): 8.57 - samples/sec: 2547.98 - lr: 0.100000 - momentum: 0.000000
2025-12-22 21:05:49,059 epoch 20 - iter 22/29 - loss 0.44637094 - time (sec): 9.56 - samples/sec: 2538.09 - lr: 0.100000 - momentum: 0.000000
2025-12-22 21:05:50,022 epoch 20 - iter 24/29 - loss 0.44591117 - time (sec): 10.53 - samples/sec: 2543.87 - lr: 0.100000 - momentum: 0.000000
2025-12-22 21:05:50,755 epoch 20 - iter 26/29 - loss 0.44638274 - time (sec): 11.26 - samples/sec: 2559.93 - lr: 0.100000 - momentum: 0.000000
2025-12-22 21:05:51,492 epoch 20 - iter 28/29 - loss 0.44882503 - time (sec): 12.00 - samples/sec: 2578.80 - lr: 0.100000 - momentum: 0.000000
2025-12-22 21:05:51,954 ----------------------------------------------------------------------------------------------------
2025-12-22 21:05:51,954 EPOCH 20 done: loss 0.4503 - lr: 0.100000
2025-12-22 21:05:54,193 DEV : loss 0.34718000888824463 - f1-score (micro avg)  0.8889
2025-12-22 21:05:54,196  - 0 epochs without improvement
2025-12-22 21:05:54,197 saving best model
2025-12-22 21:05:54,215 ----------------------------------------------------------------------------------------------------
2025-12-22 21:05:54,953 epoch 21 - iter 2/29 - loss 0.40124136 - time (sec): 0.74 - samples/sec: 2902.12 - lr: 0.100000 - momentum: 0.000000
2025-12-22 21:05:55,736 epoch 21 - iter 4/29 - loss 0.41055156 - time (sec): 1.52 - samples/sec: 2713.73 - lr: 0.100000 - momentum: 0.000000
2025-12-22 21:05:56,571 epoch 21 - iter 6/29 - loss 0.42452373 - time (sec): 2.36 - samples/sec: 2650.62 - lr: 0.100000 - momentum: 0.000000
2025-12-22 21:05:57,445 epoch 21 - iter 8/29 - loss 0.42909280 - time (sec): 3.23 - samples/sec: 2648.81 - lr: 0.100000 - momentum: 0.000000
2025-12-22 21:05:58,394 epoch 21 - iter 10/29 - loss 0.42674253 - time (sec): 4.18 - samples/sec: 2599.75 - lr: 0.100000 - momentum: 0.000000
2025-12-22 21:05:59,285 epoch 21 - iter 12/29 - loss 0.42667700 - time (sec): 5.07 - samples/sec: 2617.16 - lr: 0.100000 - momentum: 0.000000
2025-12-22 21:06:00,264 epoch 21 - iter 14/29 - loss 0.42465844 - time (sec): 6.05 - samples/sec: 2541.11 - lr: 0.100000 - momentum: 0.000000
2025-12-22 21:06:01,169 epoch 21 - iter 16/29 - loss 0.43132418 - time (sec): 6.95 - samples/sec: 2552.24 - lr: 0.100000 - momentum: 0.000000
2025-12-22 21:06:01,935 epoch 21 - iter 18/29 - loss 0.43221925 - time (sec): 7.72 - samples/sec: 2593.39 - lr: 0.100000 - momentum: 0.000000
2025-12-22 21:06:02,670 epoch 21 - iter 20/29 - loss 0.43378054 - time (sec): 8.46 - samples/sec: 2623.56 - lr: 0.100000 - momentum: 0.000000
2025-12-22 21:06:03,642 epoch 21 - iter 22/29 - loss 0.43680369 - time (sec): 9.43 - samples/sec: 2586.69 - lr: 0.100000 - momentum: 0.000000
2025-12-22 21:06:04,524 epoch 21 - iter 24/29 - loss 0.43539190 - time (sec): 10.31 - samples/sec: 2579.58 - lr: 0.100000 - momentum: 0.000000
2025-12-22 21:06:05,616 epoch 21 - iter 26/29 - loss 0.43723167 - time (sec): 11.40 - samples/sec: 2539.43 - lr: 0.100000 - momentum: 0.000000
2025-12-22 21:06:06,319 epoch 21 - iter 28/29 - loss 0.43533785 - time (sec): 12.10 - samples/sec: 2562.14 - lr: 0.100000 - momentum: 0.000000
2025-12-22 21:06:06,602 ----------------------------------------------------------------------------------------------------
2025-12-22 21:06:06,602 EPOCH 21 done: loss 0.4352 - lr: 0.100000
2025-12-22 21:06:08,947 DEV : loss 0.33408400416374207 - f1-score (micro avg)  0.8926
2025-12-22 21:06:08,950  - 0 epochs without improvement
2025-12-22 21:06:08,951 saving best model
2025-12-22 21:06:08,970 ----------------------------------------------------------------------------------------------------
2025-12-22 21:06:09,814 epoch 22 - iter 2/29 - loss 0.40861770 - time (sec): 0.84 - samples/sec: 2676.96 - lr: 0.100000 - momentum: 0.000000
2025-12-22 21:06:10,623 epoch 22 - iter 4/29 - loss 0.40684263 - time (sec): 1.65 - samples/sec: 2684.68 - lr: 0.100000 - momentum: 0.000000
2025-12-22 21:06:11,462 epoch 22 - iter 6/29 - loss 0.42231907 - time (sec): 2.49 - samples/sec: 2552.65 - lr: 0.100000 - momentum: 0.000000
2025-12-22 21:06:12,377 epoch 22 - iter 8/29 - loss 0.42819350 - time (sec): 3.41 - samples/sec: 2506.89 - lr: 0.100000 - momentum: 0.000000
2025-12-22 21:06:13,212 epoch 22 - iter 10/29 - loss 0.42758184 - time (sec): 4.24 - samples/sec: 2529.64 - lr: 0.100000 - momentum: 0.000000
2025-12-22 21:06:14,208 epoch 22 - iter 12/29 - loss 0.41978284 - time (sec): 5.24 - samples/sec: 2512.90 - lr: 0.100000 - momentum: 0.000000
2025-12-22 21:06:15,148 epoch 22 - iter 14/29 - loss 0.41556748 - time (sec): 6.18 - samples/sec: 2441.51 - lr: 0.100000 - momentum: 0.000000
2025-12-22 21:06:16,300 epoch 22 - iter 16/29 - loss 0.41604675 - time (sec): 7.33 - samples/sec: 2371.40 - lr: 0.100000 - momentum: 0.000000
2025-12-22 21:06:17,491 epoch 22 - iter 18/29 - loss 0.41823241 - time (sec): 8.52 - samples/sec: 2349.18 - lr: 0.100000 - momentum: 0.000000
2025-12-22 21:06:18,448 epoch 22 - iter 20/29 - loss 0.42123229 - time (sec): 9.48 - samples/sec: 2350.19 - lr: 0.100000 - momentum: 0.000000
2025-12-22 21:06:19,391 epoch 22 - iter 22/29 - loss 0.42312626 - time (sec): 10.42 - samples/sec: 2370.98 - lr: 0.100000 - momentum: 0.000000
2025-12-22 21:06:20,123 epoch 22 - iter 24/29 - loss 0.42205424 - time (sec): 11.15 - samples/sec: 2403.62 - lr: 0.100000 - momentum: 0.000000
2025-12-22 21:06:21,073 epoch 22 - iter 26/29 - loss 0.42210327 - time (sec): 12.10 - samples/sec: 2384.93 - lr: 0.100000 - momentum: 0.000000
2025-12-22 21:06:22,044 epoch 22 - iter 28/29 - loss 0.42300604 - time (sec): 13.07 - samples/sec: 2364.94 - lr: 0.100000 - momentum: 0.000000
2025-12-22 21:06:22,459 ----------------------------------------------------------------------------------------------------
2025-12-22 21:06:22,459 EPOCH 22 done: loss 0.4212 - lr: 0.100000
2025-12-22 21:06:25,557 DEV : loss 0.32656997442245483 - f1-score (micro avg)  0.8972
2025-12-22 21:06:25,565  - 0 epochs without improvement
2025-12-22 21:06:25,566 saving best model
2025-12-22 21:06:25,589 ----------------------------------------------------------------------------------------------------
2025-12-22 21:06:26,807 epoch 23 - iter 2/29 - loss 0.39985065 - time (sec): 1.22 - samples/sec: 1916.41 - lr: 0.100000 - momentum: 0.000000
2025-12-22 21:06:27,963 epoch 23 - iter 4/29 - loss 0.40932427 - time (sec): 2.37 - samples/sec: 1968.99 - lr: 0.100000 - momentum: 0.000000
2025-12-22 21:06:28,917 epoch 23 - iter 6/29 - loss 0.40346198 - time (sec): 3.33 - samples/sec: 2177.38 - lr: 0.100000 - momentum: 0.000000
2025-12-22 21:06:29,784 epoch 23 - iter 8/29 - loss 0.40518548 - time (sec): 4.19 - samples/sec: 2239.35 - lr: 0.100000 - momentum: 0.000000
2025-12-22 21:06:30,673 epoch 23 - iter 10/29 - loss 0.40426689 - time (sec): 5.08 - samples/sec: 2267.87 - lr: 0.100000 - momentum: 0.000000
2025-12-22 21:06:31,382 epoch 23 - iter 12/29 - loss 0.40753264 - time (sec): 5.79 - samples/sec: 2340.79 - lr: 0.100000 - momentum: 0.000000
2025-12-22 21:06:32,247 epoch 23 - iter 14/29 - loss 0.40339972 - time (sec): 6.66 - samples/sec: 2388.34 - lr: 0.100000 - momentum: 0.000000
2025-12-22 21:06:33,259 epoch 23 - iter 16/29 - loss 0.39896191 - time (sec): 7.67 - samples/sec: 2347.65 - lr: 0.100000 - momentum: 0.000000
2025-12-22 21:06:33,980 epoch 23 - iter 18/29 - loss 0.39905590 - time (sec): 8.39 - samples/sec: 2395.01 - lr: 0.100000 - momentum: 0.000000
2025-12-22 21:06:35,027 epoch 23 - iter 20/29 - loss 0.40162185 - time (sec): 9.44 - samples/sec: 2400.18 - lr: 0.100000 - momentum: 0.000000
2025-12-22 21:06:36,004 epoch 23 - iter 22/29 - loss 0.40067866 - time (sec): 10.41 - samples/sec: 2387.95 - lr: 0.100000 - momentum: 0.000000
2025-12-22 21:06:36,942 epoch 23 - iter 24/29 - loss 0.40155891 - time (sec): 11.35 - samples/sec: 2379.25 - lr: 0.100000 - momentum: 0.000000
2025-12-22 21:06:37,683 epoch 23 - iter 26/29 - loss 0.40348645 - time (sec): 12.09 - samples/sec: 2394.29 - lr: 0.100000 - momentum: 0.000000
2025-12-22 21:06:38,594 epoch 23 - iter 28/29 - loss 0.40553288 - time (sec): 13.00 - samples/sec: 2399.57 - lr: 0.100000 - momentum: 0.000000
2025-12-22 21:06:38,847 ----------------------------------------------------------------------------------------------------
2025-12-22 21:06:38,847 EPOCH 23 done: loss 0.4057 - lr: 0.100000
2025-12-22 21:06:41,059 DEV : loss 0.3168920576572418 - f1-score (micro avg)  0.8973
2025-12-22 21:06:41,062  - 0 epochs without improvement
2025-12-22 21:06:41,063 saving best model
2025-12-22 21:06:41,083 ----------------------------------------------------------------------------------------------------
2025-12-22 21:06:41,962 epoch 24 - iter 2/29 - loss 0.40657048 - time (sec): 0.88 - samples/sec: 2644.50 - lr: 0.100000 - momentum: 0.000000
2025-12-22 21:06:42,912 epoch 24 - iter 4/29 - loss 0.40933623 - time (sec): 1.83 - samples/sec: 2449.22 - lr: 0.100000 - momentum: 0.000000
2025-12-22 21:06:43,984 epoch 24 - iter 6/29 - loss 0.40639955 - time (sec): 2.90 - samples/sec: 2327.70 - lr: 0.100000 - momentum: 0.000000
2025-12-22 21:06:44,692 epoch 24 - iter 8/29 - loss 0.40912640 - time (sec): 3.61 - samples/sec: 2487.95 - lr: 0.100000 - momentum: 0.000000
2025-12-22 21:06:45,387 epoch 24 - iter 10/29 - loss 0.40094270 - time (sec): 4.30 - samples/sec: 2541.25 - lr: 0.100000 - momentum: 0.000000
2025-12-22 21:06:46,398 epoch 24 - iter 12/29 - loss 0.39553100 - time (sec): 5.32 - samples/sec: 2488.23 - lr: 0.100000 - momentum: 0.000000
2025-12-22 21:06:47,210 epoch 24 - iter 14/29 - loss 0.39627462 - time (sec): 6.13 - samples/sec: 2532.02 - lr: 0.100000 - momentum: 0.000000
2025-12-22 21:06:48,043 epoch 24 - iter 16/29 - loss 0.39522842 - time (sec): 6.96 - samples/sec: 2552.33 - lr: 0.100000 - momentum: 0.000000
2025-12-22 21:06:48,979 epoch 24 - iter 18/29 - loss 0.39325945 - time (sec): 7.90 - samples/sec: 2521.37 - lr: 0.100000 - momentum: 0.000000
2025-12-22 21:06:49,934 epoch 24 - iter 20/29 - loss 0.39087251 - time (sec): 8.85 - samples/sec: 2498.73 - lr: 0.100000 - momentum: 0.000000
2025-12-22 21:06:50,659 epoch 24 - iter 22/29 - loss 0.39510670 - time (sec): 9.58 - samples/sec: 2552.37 - lr: 0.100000 - momentum: 0.000000
2025-12-22 21:06:51,714 epoch 24 - iter 24/29 - loss 0.39806793 - time (sec): 10.63 - samples/sec: 2510.22 - lr: 0.100000 - momentum: 0.000000
2025-12-22 21:06:52,314 epoch 24 - iter 26/29 - loss 0.39971132 - time (sec): 11.23 - samples/sec: 2567.99 - lr: 0.100000 - momentum: 0.000000
2025-12-22 21:06:53,119 epoch 24 - iter 28/29 - loss 0.39852180 - time (sec): 12.04 - samples/sec: 2585.04 - lr: 0.100000 - momentum: 0.000000
2025-12-22 21:06:53,467 ----------------------------------------------------------------------------------------------------
2025-12-22 21:06:53,468 EPOCH 24 done: loss 0.3967 - lr: 0.100000
2025-12-22 21:06:55,761 DEV : loss 0.3119033873081207 - f1-score (micro avg)  0.9014
2025-12-22 21:06:55,766  - 0 epochs without improvement
2025-12-22 21:06:55,766 saving best model
2025-12-22 21:06:55,783 ----------------------------------------------------------------------------------------------------
2025-12-22 21:06:56,506 epoch 25 - iter 2/29 - loss 0.36957063 - time (sec): 0.72 - samples/sec: 2689.12 - lr: 0.100000 - momentum: 0.000000
2025-12-22 21:06:57,198 epoch 25 - iter 4/29 - loss 0.38008524 - time (sec): 1.41 - samples/sec: 2872.15 - lr: 0.100000 - momentum: 0.000000
2025-12-22 21:06:58,062 epoch 25 - iter 6/29 - loss 0.38977851 - time (sec): 2.28 - samples/sec: 2790.44 - lr: 0.100000 - momentum: 0.000000
2025-12-22 21:06:58,892 epoch 25 - iter 8/29 - loss 0.38229524 - time (sec): 3.11 - samples/sec: 2715.09 - lr: 0.100000 - momentum: 0.000000
2025-12-22 21:06:59,694 epoch 25 - iter 10/29 - loss 0.38510566 - time (sec): 3.91 - samples/sec: 2740.66 - lr: 0.100000 - momentum: 0.000000
2025-12-22 21:07:00,381 epoch 25 - iter 12/29 - loss 0.38469428 - time (sec): 4.60 - samples/sec: 2774.88 - lr: 0.100000 - momentum: 0.000000
2025-12-22 21:07:01,297 epoch 25 - iter 14/29 - loss 0.39082034 - time (sec): 5.51 - samples/sec: 2761.87 - lr: 0.100000 - momentum: 0.000000
2025-12-22 21:07:02,157 epoch 25 - iter 16/29 - loss 0.38633203 - time (sec): 6.37 - samples/sec: 2777.41 - lr: 0.100000 - momentum: 0.000000
2025-12-22 21:07:03,107 epoch 25 - iter 18/29 - loss 0.38922917 - time (sec): 7.32 - samples/sec: 2735.74 - lr: 0.100000 - momentum: 0.000000
2025-12-22 21:07:03,981 epoch 25 - iter 20/29 - loss 0.38986097 - time (sec): 8.20 - samples/sec: 2685.84 - lr: 0.100000 - momentum: 0.000000
2025-12-22 21:07:04,761 epoch 25 - iter 22/29 - loss 0.38919035 - time (sec): 8.98 - samples/sec: 2691.63 - lr: 0.100000 - momentum: 0.000000
2025-12-22 21:07:05,870 epoch 25 - iter 24/29 - loss 0.38945837 - time (sec): 10.09 - samples/sec: 2641.26 - lr: 0.100000 - momentum: 0.000000
2025-12-22 21:07:06,675 epoch 25 - iter 26/29 - loss 0.38789131 - time (sec): 10.89 - samples/sec: 2641.77 - lr: 0.100000 - momentum: 0.000000
2025-12-22 21:07:07,859 epoch 25 - iter 28/29 - loss 0.38857857 - time (sec): 12.08 - samples/sec: 2571.52 - lr: 0.100000 - momentum: 0.000000
2025-12-22 21:07:08,202 ----------------------------------------------------------------------------------------------------
2025-12-22 21:07:08,202 EPOCH 25 done: loss 0.3900 - lr: 0.100000
2025-12-22 21:07:10,328 DEV : loss 0.2992955446243286 - f1-score (micro avg)  0.9065
2025-12-22 21:07:10,332  - 0 epochs without improvement
2025-12-22 21:07:10,333 saving best model
2025-12-22 21:07:10,355 ----------------------------------------------------------------------------------------------------
2025-12-22 21:07:11,091 epoch 26 - iter 2/29 - loss 0.34395361 - time (sec): 0.74 - samples/sec: 3138.12 - lr: 0.100000 - momentum: 0.000000
2025-12-22 21:07:11,866 epoch 26 - iter 4/29 - loss 0.35665815 - time (sec): 1.51 - samples/sec: 2921.26 - lr: 0.100000 - momentum: 0.000000
2025-12-22 21:07:12,579 epoch 26 - iter 6/29 - loss 0.36483149 - time (sec): 2.22 - samples/sec: 2944.18 - lr: 0.100000 - momentum: 0.000000
2025-12-22 21:07:13,355 epoch 26 - iter 8/29 - loss 0.36460826 - time (sec): 3.00 - samples/sec: 2869.43 - lr: 0.100000 - momentum: 0.000000
2025-12-22 21:07:14,458 epoch 26 - iter 10/29 - loss 0.37137548 - time (sec): 4.10 - samples/sec: 2683.71 - lr: 0.100000 - momentum: 0.000000
2025-12-22 21:07:15,333 epoch 26 - iter 12/29 - loss 0.37659121 - time (sec): 4.98 - samples/sec: 2644.82 - lr: 0.100000 - momentum: 0.000000
2025-12-22 21:07:16,289 epoch 26 - iter 14/29 - loss 0.37938751 - time (sec): 5.93 - samples/sec: 2673.48 - lr: 0.100000 - momentum: 0.000000
2025-12-22 21:07:17,025 epoch 26 - iter 16/29 - loss 0.38287613 - time (sec): 6.67 - samples/sec: 2667.29 - lr: 0.100000 - momentum: 0.000000
2025-12-22 21:07:18,088 epoch 26 - iter 18/29 - loss 0.38270778 - time (sec): 7.73 - samples/sec: 2584.33 - lr: 0.100000 - momentum: 0.000000
2025-12-22 21:07:19,156 epoch 26 - iter 20/29 - loss 0.38272787 - time (sec): 8.80 - samples/sec: 2520.03 - lr: 0.100000 - momentum: 0.000000
2025-12-22 21:07:20,177 epoch 26 - iter 22/29 - loss 0.37966385 - time (sec): 9.82 - samples/sec: 2485.76 - lr: 0.100000 - momentum: 0.000000
2025-12-22 21:07:21,040 epoch 26 - iter 24/29 - loss 0.37917092 - time (sec): 10.68 - samples/sec: 2489.98 - lr: 0.100000 - momentum: 0.000000
2025-12-22 21:07:22,028 epoch 26 - iter 26/29 - loss 0.38105559 - time (sec): 11.67 - samples/sec: 2478.06 - lr: 0.100000 - momentum: 0.000000
2025-12-22 21:07:23,390 epoch 26 - iter 28/29 - loss 0.38250004 - time (sec): 13.03 - samples/sec: 2372.48 - lr: 0.100000 - momentum: 0.000000
2025-12-22 21:07:23,850 ----------------------------------------------------------------------------------------------------
2025-12-22 21:07:23,850 EPOCH 26 done: loss 0.3826 - lr: 0.100000
2025-12-22 21:07:26,587 DEV : loss 0.2911853790283203 - f1-score (micro avg)  0.9088
2025-12-22 21:07:26,592  - 0 epochs without improvement
2025-12-22 21:07:26,593 saving best model
2025-12-22 21:07:26,618 ----------------------------------------------------------------------------------------------------
2025-12-22 21:07:27,537 epoch 27 - iter 2/29 - loss 0.36649543 - time (sec): 0.92 - samples/sec: 2495.97 - lr: 0.100000 - momentum: 0.000000
2025-12-22 21:07:28,339 epoch 27 - iter 4/29 - loss 0.35477836 - time (sec): 1.72 - samples/sec: 2561.69 - lr: 0.100000 - momentum: 0.000000
2025-12-22 21:07:29,178 epoch 27 - iter 6/29 - loss 0.35775168 - time (sec): 2.56 - samples/sec: 2551.14 - lr: 0.100000 - momentum: 0.000000
2025-12-22 21:07:30,181 epoch 27 - iter 8/29 - loss 0.36008514 - time (sec): 3.56 - samples/sec: 2478.54 - lr: 0.100000 - momentum: 0.000000
2025-12-22 21:07:30,987 epoch 27 - iter 10/29 - loss 0.36702928 - time (sec): 4.37 - samples/sec: 2508.95 - lr: 0.100000 - momentum: 0.000000
2025-12-22 21:07:31,638 epoch 27 - iter 12/29 - loss 0.36984308 - time (sec): 5.02 - samples/sec: 2603.13 - lr: 0.100000 - momentum: 0.000000
2025-12-22 21:07:32,579 epoch 27 - iter 14/29 - loss 0.36703203 - time (sec): 5.96 - samples/sec: 2560.62 - lr: 0.100000 - momentum: 0.000000
2025-12-22 21:07:33,587 epoch 27 - iter 16/29 - loss 0.36970174 - time (sec): 6.97 - samples/sec: 2538.70 - lr: 0.100000 - momentum: 0.000000
2025-12-22 21:07:34,371 epoch 27 - iter 18/29 - loss 0.37044384 - time (sec): 7.75 - samples/sec: 2566.77 - lr: 0.100000 - momentum: 0.000000
2025-12-22 21:07:35,393 epoch 27 - iter 20/29 - loss 0.37068408 - time (sec): 8.78 - samples/sec: 2551.61 - lr: 0.100000 - momentum: 0.000000
2025-12-22 21:07:36,475 epoch 27 - iter 22/29 - loss 0.36837174 - time (sec): 9.86 - samples/sec: 2485.88 - lr: 0.100000 - momentum: 0.000000
2025-12-22 21:07:37,283 epoch 27 - iter 24/29 - loss 0.36990510 - time (sec): 10.66 - samples/sec: 2503.27 - lr: 0.100000 - momentum: 0.000000
2025-12-22 21:07:38,214 epoch 27 - iter 26/29 - loss 0.37238976 - time (sec): 11.60 - samples/sec: 2511.24 - lr: 0.100000 - momentum: 0.000000
2025-12-22 21:07:39,030 epoch 27 - iter 28/29 - loss 0.37217596 - time (sec): 12.41 - samples/sec: 2506.06 - lr: 0.100000 - momentum: 0.000000
2025-12-22 21:07:39,294 ----------------------------------------------------------------------------------------------------
2025-12-22 21:07:39,294 EPOCH 27 done: loss 0.3718 - lr: 0.100000
2025-12-22 21:07:41,633 DEV : loss 0.2837766408920288 - f1-score (micro avg)  0.91
2025-12-22 21:07:41,636  - 0 epochs without improvement
2025-12-22 21:07:41,637 saving best model
2025-12-22 21:07:41,657 ----------------------------------------------------------------------------------------------------
2025-12-22 21:07:42,290 epoch 28 - iter 2/29 - loss 0.38370577 - time (sec): 0.63 - samples/sec: 2964.46 - lr: 0.100000 - momentum: 0.000000
2025-12-22 21:07:43,284 epoch 28 - iter 4/29 - loss 0.36849705 - time (sec): 1.63 - samples/sec: 2626.75 - lr: 0.100000 - momentum: 0.000000
2025-12-22 21:07:44,021 epoch 28 - iter 6/29 - loss 0.37117894 - time (sec): 2.36 - samples/sec: 2745.19 - lr: 0.100000 - momentum: 0.000000
2025-12-22 21:07:44,984 epoch 28 - iter 8/29 - loss 0.36810127 - time (sec): 3.33 - samples/sec: 2552.57 - lr: 0.100000 - momentum: 0.000000
2025-12-22 21:07:45,941 epoch 28 - iter 10/29 - loss 0.37144583 - time (sec): 4.28 - samples/sec: 2486.48 - lr: 0.100000 - momentum: 0.000000
2025-12-22 21:07:46,922 epoch 28 - iter 12/29 - loss 0.36633165 - time (sec): 5.26 - samples/sec: 2489.48 - lr: 0.100000 - momentum: 0.000000
2025-12-22 21:07:47,676 epoch 28 - iter 14/29 - loss 0.36178451 - time (sec): 6.02 - samples/sec: 2512.95 - lr: 0.100000 - momentum: 0.000000
2025-12-22 21:07:48,544 epoch 28 - iter 16/29 - loss 0.36003504 - time (sec): 6.89 - samples/sec: 2499.73 - lr: 0.100000 - momentum: 0.000000
2025-12-22 21:07:49,390 epoch 28 - iter 18/29 - loss 0.36113980 - time (sec): 7.73 - samples/sec: 2523.33 - lr: 0.100000 - momentum: 0.000000
2025-12-22 21:07:50,242 epoch 28 - iter 20/29 - loss 0.35817908 - time (sec): 8.59 - samples/sec: 2550.32 - lr: 0.100000 - momentum: 0.000000
2025-12-22 21:07:51,214 epoch 28 - iter 22/29 - loss 0.35952165 - time (sec): 9.56 - samples/sec: 2519.64 - lr: 0.100000 - momentum: 0.000000
2025-12-22 21:07:52,111 epoch 28 - iter 24/29 - loss 0.36131129 - time (sec): 10.45 - samples/sec: 2524.61 - lr: 0.100000 - momentum: 0.000000
2025-12-22 21:07:52,929 epoch 28 - iter 26/29 - loss 0.36112559 - time (sec): 11.27 - samples/sec: 2554.62 - lr: 0.100000 - momentum: 0.000000
2025-12-22 21:07:53,873 epoch 28 - iter 28/29 - loss 0.36020187 - time (sec): 12.22 - samples/sec: 2550.18 - lr: 0.100000 - momentum: 0.000000
2025-12-22 21:07:54,184 ----------------------------------------------------------------------------------------------------
2025-12-22 21:07:54,185 EPOCH 28 done: loss 0.3606 - lr: 0.100000
2025-12-22 21:07:56,161 DEV : loss 0.27672603726387024 - f1-score (micro avg)  0.9158
2025-12-22 21:07:56,164  - 0 epochs without improvement
2025-12-22 21:07:56,165 saving best model
2025-12-22 21:07:56,186 ----------------------------------------------------------------------------------------------------
2025-12-22 21:07:57,142 epoch 29 - iter 2/29 - loss 0.30949656 - time (sec): 0.96 - samples/sec: 2300.13 - lr: 0.100000 - momentum: 0.000000
2025-12-22 21:07:57,954 epoch 29 - iter 4/29 - loss 0.33718915 - time (sec): 1.77 - samples/sec: 2468.96 - lr: 0.100000 - momentum: 0.000000
2025-12-22 21:07:58,731 epoch 29 - iter 6/29 - loss 0.32690316 - time (sec): 2.54 - samples/sec: 2612.62 - lr: 0.100000 - momentum: 0.000000
2025-12-22 21:07:59,358 epoch 29 - iter 8/29 - loss 0.32602845 - time (sec): 3.17 - samples/sec: 2694.24 - lr: 0.100000 - momentum: 0.000000
2025-12-22 21:08:00,392 epoch 29 - iter 10/29 - loss 0.33399256 - time (sec): 4.21 - samples/sec: 2611.53 - lr: 0.100000 - momentum: 0.000000
2025-12-22 21:08:01,167 epoch 29 - iter 12/29 - loss 0.33917803 - time (sec): 4.98 - samples/sec: 2644.83 - lr: 0.100000 - momentum: 0.000000
2025-12-22 21:08:01,990 epoch 29 - iter 14/29 - loss 0.34089132 - time (sec): 5.80 - samples/sec: 2663.72 - lr: 0.100000 - momentum: 0.000000
2025-12-22 21:08:02,927 epoch 29 - iter 16/29 - loss 0.34355564 - time (sec): 6.74 - samples/sec: 2624.77 - lr: 0.100000 - momentum: 0.000000
2025-12-22 21:08:03,849 epoch 29 - iter 18/29 - loss 0.34459843 - time (sec): 7.66 - samples/sec: 2606.97 - lr: 0.100000 - momentum: 0.000000
2025-12-22 21:08:04,550 epoch 29 - iter 20/29 - loss 0.34697745 - time (sec): 8.36 - samples/sec: 2621.15 - lr: 0.100000 - momentum: 0.000000
2025-12-22 21:08:05,501 epoch 29 - iter 22/29 - loss 0.34769614 - time (sec): 9.31 - samples/sec: 2584.07 - lr: 0.100000 - momentum: 0.000000
2025-12-22 21:08:06,467 epoch 29 - iter 24/29 - loss 0.35051849 - time (sec): 10.28 - samples/sec: 2564.72 - lr: 0.100000 - momentum: 0.000000
2025-12-22 21:08:07,212 epoch 29 - iter 26/29 - loss 0.35388927 - time (sec): 11.03 - samples/sec: 2589.76 - lr: 0.100000 - momentum: 0.000000
2025-12-22 21:08:08,079 epoch 29 - iter 28/29 - loss 0.35427596 - time (sec): 11.89 - samples/sec: 2596.08 - lr: 0.100000 - momentum: 0.000000
2025-12-22 21:08:08,619 ----------------------------------------------------------------------------------------------------
2025-12-22 21:08:08,619 EPOCH 29 done: loss 0.3557 - lr: 0.100000
2025-12-22 21:08:11,031 DEV : loss 0.27123937010765076 - f1-score (micro avg)  0.9166
2025-12-22 21:08:11,035  - 0 epochs without improvement
2025-12-22 21:08:11,035 saving best model
2025-12-22 21:08:11,059 ----------------------------------------------------------------------------------------------------
2025-12-22 21:08:11,941 epoch 30 - iter 2/29 - loss 0.31437223 - time (sec): 0.88 - samples/sec: 2494.13 - lr: 0.100000 - momentum: 0.000000
2025-12-22 21:08:12,884 epoch 30 - iter 4/29 - loss 0.33211780 - time (sec): 1.82 - samples/sec: 2380.89 - lr: 0.100000 - momentum: 0.000000
2025-12-22 21:08:13,838 epoch 30 - iter 6/29 - loss 0.34002215 - time (sec): 2.78 - samples/sec: 2498.34 - lr: 0.100000 - momentum: 0.000000
2025-12-22 21:08:14,577 epoch 30 - iter 8/29 - loss 0.33924795 - time (sec): 3.52 - samples/sec: 2596.48 - lr: 0.100000 - momentum: 0.000000
2025-12-22 21:08:15,214 epoch 30 - iter 10/29 - loss 0.33416569 - time (sec): 4.15 - samples/sec: 2714.69 - lr: 0.100000 - momentum: 0.000000
2025-12-22 21:08:16,158 epoch 30 - iter 12/29 - loss 0.34054068 - time (sec): 5.10 - samples/sec: 2682.54 - lr: 0.100000 - momentum: 0.000000
2025-12-22 21:08:16,853 epoch 30 - iter 14/29 - loss 0.33899148 - time (sec): 5.79 - samples/sec: 2701.56 - lr: 0.100000 - momentum: 0.000000
2025-12-22 21:08:17,676 epoch 30 - iter 16/29 - loss 0.33937689 - time (sec): 6.62 - samples/sec: 2701.50 - lr: 0.100000 - momentum: 0.000000
2025-12-22 21:08:18,920 epoch 30 - iter 18/29 - loss 0.33899098 - time (sec): 7.86 - samples/sec: 2528.55 - lr: 0.100000 - momentum: 0.000000
2025-12-22 21:08:19,976 epoch 30 - iter 20/29 - loss 0.33860481 - time (sec): 8.92 - samples/sec: 2474.26 - lr: 0.100000 - momentum: 0.000000
2025-12-22 21:08:20,924 epoch 30 - iter 22/29 - loss 0.34147070 - time (sec): 9.86 - samples/sec: 2480.65 - lr: 0.100000 - momentum: 0.000000
2025-12-22 21:08:21,854 epoch 30 - iter 24/29 - loss 0.34433004 - time (sec): 10.79 - samples/sec: 2479.80 - lr: 0.100000 - momentum: 0.000000
2025-12-22 21:08:23,183 epoch 30 - iter 26/29 - loss 0.34331635 - time (sec): 12.12 - samples/sec: 2376.23 - lr: 0.100000 - momentum: 0.000000
2025-12-22 21:08:24,129 epoch 30 - iter 28/29 - loss 0.34304628 - time (sec): 13.07 - samples/sec: 2375.75 - lr: 0.100000 - momentum: 0.000000
2025-12-22 21:08:24,548 ----------------------------------------------------------------------------------------------------
2025-12-22 21:08:24,548 EPOCH 30 done: loss 0.3427 - lr: 0.100000
2025-12-22 21:08:26,923 DEV : loss 0.27297243475914 - f1-score (micro avg)  0.912
2025-12-22 21:08:26,926  - 1 epochs without improvement
2025-12-22 21:08:26,927 ----------------------------------------------------------------------------------------------------
2025-12-22 21:08:27,760 epoch 31 - iter 2/29 - loss 0.30208699 - time (sec): 0.83 - samples/sec: 2676.75 - lr: 0.100000 - momentum: 0.000000
2025-12-22 21:08:28,812 epoch 31 - iter 4/29 - loss 0.32857317 - time (sec): 1.89 - samples/sec: 2401.71 - lr: 0.100000 - momentum: 0.000000
2025-12-22 21:08:29,501 epoch 31 - iter 6/29 - loss 0.33369420 - time (sec): 2.57 - samples/sec: 2565.08 - lr: 0.100000 - momentum: 0.000000
2025-12-22 21:08:30,367 epoch 31 - iter 8/29 - loss 0.33247466 - time (sec): 3.44 - samples/sec: 2537.76 - lr: 0.100000 - momentum: 0.000000
2025-12-22 21:08:31,412 epoch 31 - iter 10/29 - loss 0.33002748 - time (sec): 4.48 - samples/sec: 2480.56 - lr: 0.100000 - momentum: 0.000000
2025-12-22 21:08:32,458 epoch 31 - iter 12/29 - loss 0.32943965 - time (sec): 5.53 - samples/sec: 2449.64 - lr: 0.100000 - momentum: 0.000000
2025-12-22 21:08:33,323 epoch 31 - iter 14/29 - loss 0.33280586 - time (sec): 6.40 - samples/sec: 2456.53 - lr: 0.100000 - momentum: 0.000000
2025-12-22 21:08:34,156 epoch 31 - iter 16/29 - loss 0.33319002 - time (sec): 7.23 - samples/sec: 2472.74 - lr: 0.100000 - momentum: 0.000000
2025-12-22 21:08:35,012 epoch 31 - iter 18/29 - loss 0.33400665 - time (sec): 8.08 - samples/sec: 2467.22 - lr: 0.100000 - momentum: 0.000000
2025-12-22 21:08:35,850 epoch 31 - iter 20/29 - loss 0.33933185 - time (sec): 8.92 - samples/sec: 2467.17 - lr: 0.100000 - momentum: 0.000000
2025-12-22 21:08:36,770 epoch 31 - iter 22/29 - loss 0.33897764 - time (sec): 9.84 - samples/sec: 2499.06 - lr: 0.100000 - momentum: 0.000000
2025-12-22 21:08:37,570 epoch 31 - iter 24/29 - loss 0.33459527 - time (sec): 10.64 - samples/sec: 2512.20 - lr: 0.100000 - momentum: 0.000000
2025-12-22 21:08:38,602 epoch 31 - iter 26/29 - loss 0.33567691 - time (sec): 11.68 - samples/sec: 2478.01 - lr: 0.100000 - momentum: 0.000000
2025-12-22 21:08:39,360 epoch 31 - iter 28/29 - loss 0.33998166 - time (sec): 12.43 - samples/sec: 2475.27 - lr: 0.100000 - momentum: 0.000000
2025-12-22 21:08:39,785 ----------------------------------------------------------------------------------------------------
2025-12-22 21:08:39,785 EPOCH 31 done: loss 0.3402 - lr: 0.100000
2025-12-22 21:08:41,865 DEV : loss 0.2606053948402405 - f1-score (micro avg)  0.9185
2025-12-22 21:08:41,868  - 0 epochs without improvement
2025-12-22 21:08:41,870 saving best model
2025-12-22 21:08:41,893 ----------------------------------------------------------------------------------------------------
2025-12-22 21:08:42,785 epoch 32 - iter 2/29 - loss 0.27918380 - time (sec): 0.89 - samples/sec: 2555.85 - lr: 0.100000 - momentum: 0.000000
2025-12-22 21:08:43,806 epoch 32 - iter 4/29 - loss 0.29829562 - time (sec): 1.91 - samples/sec: 2453.15 - lr: 0.100000 - momentum: 0.000000
2025-12-22 21:08:44,582 epoch 32 - iter 6/29 - loss 0.30326774 - time (sec): 2.69 - samples/sec: 2557.91 - lr: 0.100000 - momentum: 0.000000
2025-12-22 21:08:45,329 epoch 32 - iter 8/29 - loss 0.30607461 - time (sec): 3.44 - samples/sec: 2568.64 - lr: 0.100000 - momentum: 0.000000
2025-12-22 21:08:46,137 epoch 32 - iter 10/29 - loss 0.30965467 - time (sec): 4.24 - samples/sec: 2597.29 - lr: 0.100000 - momentum: 0.000000
2025-12-22 21:08:46,915 epoch 32 - iter 12/29 - loss 0.31138372 - time (sec): 5.02 - samples/sec: 2629.33 - lr: 0.100000 - momentum: 0.000000
2025-12-22 21:08:47,818 epoch 32 - iter 14/29 - loss 0.31264659 - time (sec): 5.92 - samples/sec: 2594.32 - lr: 0.100000 - momentum: 0.000000
2025-12-22 21:08:48,713 epoch 32 - iter 16/29 - loss 0.31124501 - time (sec): 6.82 - samples/sec: 2577.20 - lr: 0.100000 - momentum: 0.000000
2025-12-22 21:08:49,437 epoch 32 - iter 18/29 - loss 0.30981212 - time (sec): 7.54 - samples/sec: 2595.01 - lr: 0.100000 - momentum: 0.000000
2025-12-22 21:08:50,414 epoch 32 - iter 20/29 - loss 0.31228395 - time (sec): 8.52 - samples/sec: 2576.69 - lr: 0.100000 - momentum: 0.000000
2025-12-22 21:08:51,186 epoch 32 - iter 22/29 - loss 0.31669553 - time (sec): 9.29 - samples/sec: 2592.49 - lr: 0.100000 - momentum: 0.000000
2025-12-22 21:08:52,027 epoch 32 - iter 24/29 - loss 0.32209896 - time (sec): 10.13 - samples/sec: 2595.53 - lr: 0.100000 - momentum: 0.000000
2025-12-22 21:08:52,934 epoch 32 - iter 26/29 - loss 0.32322053 - time (sec): 11.04 - samples/sec: 2585.56 - lr: 0.100000 - momentum: 0.000000
2025-12-22 21:08:53,785 epoch 32 - iter 28/29 - loss 0.32309185 - time (sec): 11.89 - samples/sec: 2598.09 - lr: 0.100000 - momentum: 0.000000
2025-12-22 21:08:54,252 ----------------------------------------------------------------------------------------------------
2025-12-22 21:08:54,252 EPOCH 32 done: loss 0.3218 - lr: 0.100000
2025-12-22 21:08:56,541 DEV : loss 0.2552829682826996 - f1-score (micro avg)  0.9198
2025-12-22 21:08:56,544  - 0 epochs without improvement
2025-12-22 21:08:56,545 saving best model
2025-12-22 21:08:56,563 ----------------------------------------------------------------------------------------------------
2025-12-22 21:08:57,312 epoch 33 - iter 2/29 - loss 0.30982353 - time (sec): 0.75 - samples/sec: 2838.68 - lr: 0.100000 - momentum: 0.000000
2025-12-22 21:08:58,116 epoch 33 - iter 4/29 - loss 0.32052537 - time (sec): 1.55 - samples/sec: 2829.67 - lr: 0.100000 - momentum: 0.000000
2025-12-22 21:08:58,998 epoch 33 - iter 6/29 - loss 0.31593629 - time (sec): 2.43 - samples/sec: 2792.25 - lr: 0.100000 - momentum: 0.000000
2025-12-22 21:08:59,889 epoch 33 - iter 8/29 - loss 0.30924942 - time (sec): 3.33 - samples/sec: 2727.07 - lr: 0.100000 - momentum: 0.000000
2025-12-22 21:09:00,557 epoch 33 - iter 10/29 - loss 0.30662413 - time (sec): 3.99 - samples/sec: 2787.06 - lr: 0.100000 - momentum: 0.000000
2025-12-22 21:09:01,147 epoch 33 - iter 12/29 - loss 0.31105257 - time (sec): 4.58 - samples/sec: 2844.48 - lr: 0.100000 - momentum: 0.000000
2025-12-22 21:09:02,072 epoch 33 - iter 14/29 - loss 0.31475882 - time (sec): 5.51 - samples/sec: 2771.43 - lr: 0.100000 - momentum: 0.000000
2025-12-22 21:09:02,886 epoch 33 - iter 16/29 - loss 0.31224778 - time (sec): 6.32 - samples/sec: 2761.78 - lr: 0.100000 - momentum: 0.000000
2025-12-22 21:09:03,742 epoch 33 - iter 18/29 - loss 0.31260662 - time (sec): 7.18 - samples/sec: 2711.51 - lr: 0.100000 - momentum: 0.000000
2025-12-22 21:09:04,531 epoch 33 - iter 20/29 - loss 0.31338508 - time (sec): 7.97 - samples/sec: 2726.52 - lr: 0.100000 - momentum: 0.000000
2025-12-22 21:09:05,460 epoch 33 - iter 22/29 - loss 0.31348765 - time (sec): 8.90 - samples/sec: 2723.21 - lr: 0.100000 - momentum: 0.000000
2025-12-22 21:09:06,599 epoch 33 - iter 24/29 - loss 0.31296810 - time (sec): 10.04 - samples/sec: 2671.53 - lr: 0.100000 - momentum: 0.000000
2025-12-22 21:09:07,719 epoch 33 - iter 26/29 - loss 0.31218587 - time (sec): 11.16 - samples/sec: 2601.67 - lr: 0.100000 - momentum: 0.000000
2025-12-22 21:09:08,602 epoch 33 - iter 28/29 - loss 0.31301358 - time (sec): 12.04 - samples/sec: 2578.15 - lr: 0.100000 - momentum: 0.000000
2025-12-22 21:09:09,101 ----------------------------------------------------------------------------------------------------
2025-12-22 21:09:09,102 EPOCH 33 done: loss 0.3123 - lr: 0.100000
2025-12-22 21:09:11,500 DEV : loss 0.2579089403152466 - f1-score (micro avg)  0.9194
2025-12-22 21:09:11,503  - 1 epochs without improvement
2025-12-22 21:09:11,505 ----------------------------------------------------------------------------------------------------
2025-12-22 21:09:12,513 epoch 34 - iter 2/29 - loss 0.31790963 - time (sec): 1.01 - samples/sec: 2437.47 - lr: 0.100000 - momentum: 0.000000
2025-12-22 21:09:13,433 epoch 34 - iter 4/29 - loss 0.31562877 - time (sec): 1.93 - samples/sec: 2336.12 - lr: 0.100000 - momentum: 0.000000
2025-12-22 21:09:14,452 epoch 34 - iter 6/29 - loss 0.31745369 - time (sec): 2.95 - samples/sec: 2206.51 - lr: 0.100000 - momentum: 0.000000
2025-12-22 21:09:15,433 epoch 34 - iter 8/29 - loss 0.32038013 - time (sec): 3.93 - samples/sec: 2301.13 - lr: 0.100000 - momentum: 0.000000
2025-12-22 21:09:16,236 epoch 34 - iter 10/29 - loss 0.31286524 - time (sec): 4.73 - samples/sec: 2366.10 - lr: 0.100000 - momentum: 0.000000
2025-12-22 21:09:16,918 epoch 34 - iter 12/29 - loss 0.31283578 - time (sec): 5.41 - samples/sec: 2472.54 - lr: 0.100000 - momentum: 0.000000
2025-12-22 21:09:17,796 epoch 34 - iter 14/29 - loss 0.30987000 - time (sec): 6.29 - samples/sec: 2498.00 - lr: 0.100000 - momentum: 0.000000
2025-12-22 21:09:18,485 epoch 34 - iter 16/29 - loss 0.31147309 - time (sec): 6.98 - samples/sec: 2551.25 - lr: 0.100000 - momentum: 0.000000
2025-12-22 21:09:19,530 epoch 34 - iter 18/29 - loss 0.31412746 - time (sec): 8.02 - samples/sec: 2510.31 - lr: 0.100000 - momentum: 0.000000
2025-12-22 21:09:20,269 epoch 34 - iter 20/29 - loss 0.31197856 - time (sec): 8.76 - samples/sec: 2530.52 - lr: 0.100000 - momentum: 0.000000
2025-12-22 21:09:21,242 epoch 34 - iter 22/29 - loss 0.31265637 - time (sec): 9.74 - samples/sec: 2510.44 - lr: 0.100000 - momentum: 0.000000
2025-12-22 21:09:22,081 epoch 34 - iter 24/29 - loss 0.31138999 - time (sec): 10.58 - samples/sec: 2527.53 - lr: 0.100000 - momentum: 0.000000
2025-12-22 21:09:23,425 epoch 34 - iter 26/29 - loss 0.31195234 - time (sec): 11.92 - samples/sec: 2447.10 - lr: 0.100000 - momentum: 0.000000
2025-12-22 21:09:24,250 epoch 34 - iter 28/29 - loss 0.31074702 - time (sec): 12.75 - samples/sec: 2443.22 - lr: 0.100000 - momentum: 0.000000
2025-12-22 21:09:24,515 ----------------------------------------------------------------------------------------------------
2025-12-22 21:09:24,515 EPOCH 34 done: loss 0.3109 - lr: 0.100000
2025-12-22 21:09:26,837 DEV : loss 0.24522513151168823 - f1-score (micro avg)  0.9251
2025-12-22 21:09:26,845  - 0 epochs without improvement
2025-12-22 21:09:26,846 saving best model
2025-12-22 21:09:26,875 ----------------------------------------------------------------------------------------------------
2025-12-22 21:09:28,000 epoch 35 - iter 2/29 - loss 0.30521722 - time (sec): 1.12 - samples/sec: 2033.82 - lr: 0.100000 - momentum: 0.000000
2025-12-22 21:09:28,995 epoch 35 - iter 4/29 - loss 0.29541871 - time (sec): 2.12 - samples/sec: 2073.94 - lr: 0.100000 - momentum: 0.000000
2025-12-22 21:09:29,964 epoch 35 - iter 6/29 - loss 0.29377513 - time (sec): 3.09 - samples/sec: 2101.51 - lr: 0.100000 - momentum: 0.000000
2025-12-22 21:09:30,848 epoch 35 - iter 8/29 - loss 0.28820078 - time (sec): 3.97 - samples/sec: 2217.92 - lr: 0.100000 - momentum: 0.000000
2025-12-22 21:09:31,631 epoch 35 - iter 10/29 - loss 0.28953475 - time (sec): 4.75 - samples/sec: 2306.36 - lr: 0.100000 - momentum: 0.000000
2025-12-22 21:09:32,586 epoch 35 - iter 12/29 - loss 0.29950244 - time (sec): 5.71 - samples/sec: 2348.81 - lr: 0.100000 - momentum: 0.000000
2025-12-22 21:09:33,549 epoch 35 - iter 14/29 - loss 0.30501669 - time (sec): 6.67 - samples/sec: 2339.75 - lr: 0.100000 - momentum: 0.000000
2025-12-22 21:09:34,516 epoch 35 - iter 16/29 - loss 0.30666816 - time (sec): 7.64 - samples/sec: 2353.36 - lr: 0.100000 - momentum: 0.000000
2025-12-22 21:09:35,385 epoch 35 - iter 18/29 - loss 0.30446802 - time (sec): 8.51 - samples/sec: 2379.24 - lr: 0.100000 - momentum: 0.000000
2025-12-22 21:09:36,279 epoch 35 - iter 20/29 - loss 0.30474650 - time (sec): 9.40 - samples/sec: 2383.20 - lr: 0.100000 - momentum: 0.000000
2025-12-22 21:09:36,968 epoch 35 - iter 22/29 - loss 0.30461099 - time (sec): 10.09 - samples/sec: 2413.02 - lr: 0.100000 - momentum: 0.000000
2025-12-22 21:09:37,695 epoch 35 - iter 24/29 - loss 0.30261514 - time (sec): 10.82 - samples/sec: 2438.44 - lr: 0.100000 - momentum: 0.000000
2025-12-22 21:09:38,453 epoch 35 - iter 26/29 - loss 0.30535644 - time (sec): 11.58 - samples/sec: 2477.94 - lr: 0.100000 - momentum: 0.000000
2025-12-22 21:09:39,466 epoch 35 - iter 28/29 - loss 0.30887218 - time (sec): 12.59 - samples/sec: 2479.60 - lr: 0.100000 - momentum: 0.000000
2025-12-22 21:09:39,648 ----------------------------------------------------------------------------------------------------
2025-12-22 21:09:39,648 EPOCH 35 done: loss 0.3088 - lr: 0.100000
2025-12-22 21:09:41,788 DEV : loss 0.23949266970157623 - f1-score (micro avg)  0.9285
2025-12-22 21:09:41,791  - 0 epochs without improvement
2025-12-22 21:09:41,792 saving best model
2025-12-22 21:09:41,815 ----------------------------------------------------------------------------------------------------
2025-12-22 21:09:42,682 epoch 36 - iter 2/29 - loss 0.27542042 - time (sec): 0.87 - samples/sec: 2532.56 - lr: 0.100000 - momentum: 0.000000
2025-12-22 21:09:43,839 epoch 36 - iter 4/29 - loss 0.28423530 - time (sec): 2.02 - samples/sec: 2151.62 - lr: 0.100000 - momentum: 0.000000
2025-12-22 21:09:44,562 epoch 36 - iter 6/29 - loss 0.29464227 - time (sec): 2.75 - samples/sec: 2335.38 - lr: 0.100000 - momentum: 0.000000
2025-12-22 21:09:45,205 epoch 36 - iter 8/29 - loss 0.29921419 - time (sec): 3.39 - samples/sec: 2487.27 - lr: 0.100000 - momentum: 0.000000
2025-12-22 21:09:46,144 epoch 36 - iter 10/29 - loss 0.29848689 - time (sec): 4.33 - samples/sec: 2516.55 - lr: 0.100000 - momentum: 0.000000
2025-12-22 21:09:47,128 epoch 36 - iter 12/29 - loss 0.30046427 - time (sec): 5.31 - samples/sec: 2495.67 - lr: 0.100000 - momentum: 0.000000
2025-12-22 21:09:48,012 epoch 36 - iter 14/29 - loss 0.29920425 - time (sec): 6.20 - samples/sec: 2538.17 - lr: 0.100000 - momentum: 0.000000
2025-12-22 21:09:48,939 epoch 36 - iter 16/29 - loss 0.29622666 - time (sec): 7.12 - samples/sec: 2499.83 - lr: 0.100000 - momentum: 0.000000
2025-12-22 21:09:49,667 epoch 36 - iter 18/29 - loss 0.29678420 - time (sec): 7.85 - samples/sec: 2518.69 - lr: 0.100000 - momentum: 0.000000
2025-12-22 21:09:50,421 epoch 36 - iter 20/29 - loss 0.29259922 - time (sec): 8.61 - samples/sec: 2557.96 - lr: 0.100000 - momentum: 0.000000
2025-12-22 21:09:51,221 epoch 36 - iter 22/29 - loss 0.29320009 - time (sec): 9.41 - samples/sec: 2581.14 - lr: 0.100000 - momentum: 0.000000
2025-12-22 21:09:51,981 epoch 36 - iter 24/29 - loss 0.29499080 - time (sec): 10.17 - samples/sec: 2617.35 - lr: 0.100000 - momentum: 0.000000
2025-12-22 21:09:52,947 epoch 36 - iter 26/29 - loss 0.29699020 - time (sec): 11.13 - samples/sec: 2582.22 - lr: 0.100000 - momentum: 0.000000
2025-12-22 21:09:53,877 epoch 36 - iter 28/29 - loss 0.29583544 - time (sec): 12.06 - samples/sec: 2572.82 - lr: 0.100000 - momentum: 0.000000
2025-12-22 21:09:54,126 ----------------------------------------------------------------------------------------------------
2025-12-22 21:09:54,127 EPOCH 36 done: loss 0.2955 - lr: 0.100000
2025-12-22 21:09:56,296 DEV : loss 0.22863943874835968 - f1-score (micro avg)  0.9318
2025-12-22 21:09:56,299  - 0 epochs without improvement
2025-12-22 21:09:56,300 saving best model
2025-12-22 21:09:56,320 ----------------------------------------------------------------------------------------------------
2025-12-22 21:09:57,263 epoch 37 - iter 2/29 - loss 0.30542866 - time (sec): 0.94 - samples/sec: 2460.26 - lr: 0.100000 - momentum: 0.000000
2025-12-22 21:09:58,046 epoch 37 - iter 4/29 - loss 0.30545728 - time (sec): 1.72 - samples/sec: 2636.92 - lr: 0.100000 - momentum: 0.000000
2025-12-22 21:09:58,710 epoch 37 - iter 6/29 - loss 0.30458837 - time (sec): 2.39 - samples/sec: 2708.75 - lr: 0.100000 - momentum: 0.000000
2025-12-22 21:09:59,524 epoch 37 - iter 8/29 - loss 0.30285354 - time (sec): 3.20 - samples/sec: 2686.14 - lr: 0.100000 - momentum: 0.000000
2025-12-22 21:10:00,382 epoch 37 - iter 10/29 - loss 0.30239355 - time (sec): 4.06 - samples/sec: 2675.76 - lr: 0.100000 - momentum: 0.000000
2025-12-22 21:10:01,203 epoch 37 - iter 12/29 - loss 0.29776818 - time (sec): 4.88 - samples/sec: 2751.49 - lr: 0.100000 - momentum: 0.000000
2025-12-22 21:10:02,011 epoch 37 - iter 14/29 - loss 0.29330164 - time (sec): 5.69 - samples/sec: 2717.97 - lr: 0.100000 - momentum: 0.000000
2025-12-22 21:10:02,914 epoch 37 - iter 16/29 - loss 0.28961543 - time (sec): 6.59 - samples/sec: 2689.66 - lr: 0.100000 - momentum: 0.000000
2025-12-22 21:10:04,010 epoch 37 - iter 18/29 - loss 0.29209503 - time (sec): 7.69 - samples/sec: 2625.60 - lr: 0.100000 - momentum: 0.000000
2025-12-22 21:10:04,895 epoch 37 - iter 20/29 - loss 0.29428881 - time (sec): 8.57 - samples/sec: 2599.76 - lr: 0.100000 - momentum: 0.000000
2025-12-22 21:10:06,289 epoch 37 - iter 22/29 - loss 0.29563083 - time (sec): 9.97 - samples/sec: 2469.23 - lr: 0.100000 - momentum: 0.000000
2025-12-22 21:10:07,274 epoch 37 - iter 24/29 - loss 0.29632440 - time (sec): 10.95 - samples/sec: 2449.24 - lr: 0.100000 - momentum: 0.000000
2025-12-22 21:10:07,880 epoch 37 - iter 26/29 - loss 0.29652441 - time (sec): 11.56 - samples/sec: 2488.17 - lr: 0.100000 - momentum: 0.000000
2025-12-22 21:10:08,937 epoch 37 - iter 28/29 - loss 0.29322474 - time (sec): 12.62 - samples/sec: 2458.68 - lr: 0.100000 - momentum: 0.000000
2025-12-22 21:10:09,231 ----------------------------------------------------------------------------------------------------
2025-12-22 21:10:09,231 EPOCH 37 done: loss 0.2927 - lr: 0.100000
2025-12-22 21:10:11,309 DEV : loss 0.23579929769039154 - f1-score (micro avg)  0.9278
2025-12-22 21:10:11,313  - 1 epochs without improvement
2025-12-22 21:10:11,315 ----------------------------------------------------------------------------------------------------
2025-12-22 21:10:12,230 epoch 38 - iter 2/29 - loss 0.25128168 - time (sec): 0.91 - samples/sec: 2166.21 - lr: 0.100000 - momentum: 0.000000
2025-12-22 21:10:13,173 epoch 38 - iter 4/29 - loss 0.26118423 - time (sec): 1.86 - samples/sec: 2196.23 - lr: 0.100000 - momentum: 0.000000
2025-12-22 21:10:13,901 epoch 38 - iter 6/29 - loss 0.27223773 - time (sec): 2.58 - samples/sec: 2359.80 - lr: 0.100000 - momentum: 0.000000
2025-12-22 21:10:14,903 epoch 38 - iter 8/29 - loss 0.26610711 - time (sec): 3.59 - samples/sec: 2317.49 - lr: 0.100000 - momentum: 0.000000
2025-12-22 21:10:15,852 epoch 38 - iter 10/29 - loss 0.27086744 - time (sec): 4.54 - samples/sec: 2337.92 - lr: 0.100000 - momentum: 0.000000
2025-12-22 21:10:16,722 epoch 38 - iter 12/29 - loss 0.26940199 - time (sec): 5.41 - samples/sec: 2385.77 - lr: 0.100000 - momentum: 0.000000
2025-12-22 21:10:17,588 epoch 38 - iter 14/29 - loss 0.26773760 - time (sec): 6.27 - samples/sec: 2403.98 - lr: 0.100000 - momentum: 0.000000
2025-12-22 21:10:18,691 epoch 38 - iter 16/29 - loss 0.27263085 - time (sec): 7.37 - samples/sec: 2373.20 - lr: 0.100000 - momentum: 0.000000
2025-12-22 21:10:19,505 epoch 38 - iter 18/29 - loss 0.27787809 - time (sec): 8.19 - samples/sec: 2402.75 - lr: 0.100000 - momentum: 0.000000
2025-12-22 21:10:20,223 epoch 38 - iter 20/29 - loss 0.27676124 - time (sec): 8.91 - samples/sec: 2444.10 - lr: 0.100000 - momentum: 0.000000
2025-12-22 21:10:21,088 epoch 38 - iter 22/29 - loss 0.27882070 - time (sec): 9.77 - samples/sec: 2443.84 - lr: 0.100000 - momentum: 0.000000
2025-12-22 21:10:21,842 epoch 38 - iter 24/29 - loss 0.27784372 - time (sec): 10.52 - samples/sec: 2493.50 - lr: 0.100000 - momentum: 0.000000
2025-12-22 21:10:22,713 epoch 38 - iter 26/29 - loss 0.27775487 - time (sec): 11.40 - samples/sec: 2503.76 - lr: 0.100000 - momentum: 0.000000
2025-12-22 21:10:24,002 epoch 38 - iter 28/29 - loss 0.27939310 - time (sec): 12.69 - samples/sec: 2443.28 - lr: 0.100000 - momentum: 0.000000
2025-12-22 21:10:24,350 ----------------------------------------------------------------------------------------------------
2025-12-22 21:10:24,351 EPOCH 38 done: loss 0.2793 - lr: 0.100000
2025-12-22 21:10:26,807 DEV : loss 0.22278288006782532 - f1-score (micro avg)  0.9313
2025-12-22 21:10:26,810  - 2 epochs without improvement
2025-12-22 21:10:26,811 ----------------------------------------------------------------------------------------------------
2025-12-22 21:10:27,586 epoch 39 - iter 2/29 - loss 0.23983706 - time (sec): 0.77 - samples/sec: 2829.08 - lr: 0.100000 - momentum: 0.000000
2025-12-22 21:10:28,593 epoch 39 - iter 4/29 - loss 0.25727115 - time (sec): 1.78 - samples/sec: 2613.12 - lr: 0.100000 - momentum: 0.000000
2025-12-22 21:10:29,531 epoch 39 - iter 6/29 - loss 0.25989754 - time (sec): 2.72 - samples/sec: 2548.36 - lr: 0.100000 - momentum: 0.000000
2025-12-22 21:10:30,474 epoch 39 - iter 8/29 - loss 0.26549702 - time (sec): 3.66 - samples/sec: 2491.64 - lr: 0.100000 - momentum: 0.000000
2025-12-22 21:10:31,326 epoch 39 - iter 10/29 - loss 0.26817442 - time (sec): 4.51 - samples/sec: 2502.58 - lr: 0.100000 - momentum: 0.000000
2025-12-22 21:10:32,062 epoch 39 - iter 12/29 - loss 0.26792341 - time (sec): 5.25 - samples/sec: 2522.86 - lr: 0.100000 - momentum: 0.000000
2025-12-22 21:10:32,997 epoch 39 - iter 14/29 - loss 0.26824654 - time (sec): 6.19 - samples/sec: 2536.29 - lr: 0.100000 - momentum: 0.000000
2025-12-22 21:10:33,793 epoch 39 - iter 16/29 - loss 0.26887382 - time (sec): 6.98 - samples/sec: 2546.06 - lr: 0.100000 - momentum: 0.000000
2025-12-22 21:10:34,749 epoch 39 - iter 18/29 - loss 0.27223954 - time (sec): 7.94 - samples/sec: 2517.41 - lr: 0.100000 - momentum: 0.000000
2025-12-22 21:10:35,522 epoch 39 - iter 20/29 - loss 0.27336724 - time (sec): 8.71 - samples/sec: 2543.44 - lr: 0.100000 - momentum: 0.000000
2025-12-22 21:10:36,255 epoch 39 - iter 22/29 - loss 0.27618470 - time (sec): 9.44 - samples/sec: 2577.12 - lr: 0.100000 - momentum: 0.000000
2025-12-22 21:10:37,214 epoch 39 - iter 24/29 - loss 0.27751553 - time (sec): 10.40 - samples/sec: 2541.65 - lr: 0.100000 - momentum: 0.000000
2025-12-22 21:10:38,178 epoch 39 - iter 26/29 - loss 0.27831298 - time (sec): 11.37 - samples/sec: 2542.13 - lr: 0.100000 - momentum: 0.000000
2025-12-22 21:10:39,052 epoch 39 - iter 28/29 - loss 0.27864024 - time (sec): 12.24 - samples/sec: 2548.41 - lr: 0.100000 - momentum: 0.000000
2025-12-22 21:10:39,273 ----------------------------------------------------------------------------------------------------
2025-12-22 21:10:39,274 EPOCH 39 done: loss 0.2784 - lr: 0.100000
2025-12-22 21:10:41,412 DEV : loss 0.22795185446739197 - f1-score (micro avg)  0.9311
2025-12-22 21:10:41,415  - 3 epochs without improvement
2025-12-22 21:10:41,416 ----------------------------------------------------------------------------------------------------
2025-12-22 21:10:42,212 epoch 40 - iter 2/29 - loss 0.29624843 - time (sec): 0.80 - samples/sec: 2873.81 - lr: 0.100000 - momentum: 0.000000
2025-12-22 21:10:43,009 epoch 40 - iter 4/29 - loss 0.26890253 - time (sec): 1.59 - samples/sec: 2673.09 - lr: 0.100000 - momentum: 0.000000
2025-12-22 21:10:43,788 epoch 40 - iter 6/29 - loss 0.27486760 - time (sec): 2.37 - samples/sec: 2773.74 - lr: 0.100000 - momentum: 0.000000
2025-12-22 21:10:44,709 epoch 40 - iter 8/29 - loss 0.27065653 - time (sec): 3.29 - samples/sec: 2718.20 - lr: 0.100000 - momentum: 0.000000
2025-12-22 21:10:45,706 epoch 40 - iter 10/29 - loss 0.27081199 - time (sec): 4.29 - samples/sec: 2645.04 - lr: 0.100000 - momentum: 0.000000
2025-12-22 21:10:46,403 epoch 40 - iter 12/29 - loss 0.26868074 - time (sec): 4.99 - samples/sec: 2706.33 - lr: 0.100000 - momentum: 0.000000
2025-12-22 21:10:47,189 epoch 40 - iter 14/29 - loss 0.26958179 - time (sec): 5.77 - samples/sec: 2725.00 - lr: 0.100000 - momentum: 0.000000
2025-12-22 21:10:48,082 epoch 40 - iter 16/29 - loss 0.27585775 - time (sec): 6.67 - samples/sec: 2697.49 - lr: 0.100000 - momentum: 0.000000
2025-12-22 21:10:48,916 epoch 40 - iter 18/29 - loss 0.27609129 - time (sec): 7.50 - samples/sec: 2678.14 - lr: 0.100000 - momentum: 0.000000
2025-12-22 21:10:49,776 epoch 40 - iter 20/29 - loss 0.27523232 - time (sec): 8.36 - samples/sec: 2657.99 - lr: 0.100000 - momentum: 0.000000
2025-12-22 21:10:50,571 epoch 40 - iter 22/29 - loss 0.27545406 - time (sec): 9.15 - samples/sec: 2673.84 - lr: 0.100000 - momentum: 0.000000
2025-12-22 21:10:51,544 epoch 40 - iter 24/29 - loss 0.27387629 - time (sec): 10.13 - samples/sec: 2644.76 - lr: 0.100000 - momentum: 0.000000
2025-12-22 21:10:52,427 epoch 40 - iter 26/29 - loss 0.27373791 - time (sec): 11.01 - samples/sec: 2627.82 - lr: 0.100000 - momentum: 0.000000
2025-12-22 21:10:53,363 epoch 40 - iter 28/29 - loss 0.27446935 - time (sec): 11.95 - samples/sec: 2599.33 - lr: 0.100000 - momentum: 0.000000
2025-12-22 21:10:53,638 ----------------------------------------------------------------------------------------------------
2025-12-22 21:10:53,638 EPOCH 40 done: loss 0.2743 - lr: 0.100000
2025-12-22 21:10:55,772 DEV : loss 0.21957695484161377 - f1-score (micro avg)  0.936
2025-12-22 21:10:55,776  - 0 epochs without improvement
2025-12-22 21:10:55,777 saving best model
2025-12-22 21:10:55,799 ----------------------------------------------------------------------------------------------------
2025-12-22 21:10:56,624 epoch 41 - iter 2/29 - loss 0.24483612 - time (sec): 0.82 - samples/sec: 2645.99 - lr: 0.100000 - momentum: 0.000000
2025-12-22 21:10:57,352 epoch 41 - iter 4/29 - loss 0.25334160 - time (sec): 1.55 - samples/sec: 2664.32 - lr: 0.100000 - momentum: 0.000000
2025-12-22 21:10:58,164 epoch 41 - iter 6/29 - loss 0.25826201 - time (sec): 2.36 - samples/sec: 2695.41 - lr: 0.100000 - momentum: 0.000000
2025-12-22 21:10:59,008 epoch 41 - iter 8/29 - loss 0.25689802 - time (sec): 3.21 - samples/sec: 2711.19 - lr: 0.100000 - momentum: 0.000000
2025-12-22 21:10:59,777 epoch 41 - iter 10/29 - loss 0.25743772 - time (sec): 3.98 - samples/sec: 2726.63 - lr: 0.100000 - momentum: 0.000000
2025-12-22 21:11:00,732 epoch 41 - iter 12/29 - loss 0.26003800 - time (sec): 4.93 - samples/sec: 2652.65 - lr: 0.100000 - momentum: 0.000000
2025-12-22 21:11:01,636 epoch 41 - iter 14/29 - loss 0.26583300 - time (sec): 5.84 - samples/sec: 2620.74 - lr: 0.100000 - momentum: 0.000000
2025-12-22 21:11:02,409 epoch 41 - iter 16/29 - loss 0.26634506 - time (sec): 6.61 - samples/sec: 2658.37 - lr: 0.100000 - momentum: 0.000000
2025-12-22 21:11:03,289 epoch 41 - iter 18/29 - loss 0.26838394 - time (sec): 7.49 - samples/sec: 2640.71 - lr: 0.100000 - momentum: 0.000000
2025-12-22 21:11:04,353 epoch 41 - iter 20/29 - loss 0.27007011 - time (sec): 8.55 - samples/sec: 2594.92 - lr: 0.100000 - momentum: 0.000000
2025-12-22 21:11:05,466 epoch 41 - iter 22/29 - loss 0.27156645 - time (sec): 9.67 - samples/sec: 2525.75 - lr: 0.100000 - momentum: 0.000000
2025-12-22 21:11:06,322 epoch 41 - iter 24/29 - loss 0.27017944 - time (sec): 10.52 - samples/sec: 2530.48 - lr: 0.100000 - momentum: 0.000000
2025-12-22 21:11:07,157 epoch 41 - iter 26/29 - loss 0.26904927 - time (sec): 11.36 - samples/sec: 2549.81 - lr: 0.100000 - momentum: 0.000000
2025-12-22 21:11:07,993 epoch 41 - iter 28/29 - loss 0.27013907 - time (sec): 12.19 - samples/sec: 2542.86 - lr: 0.100000 - momentum: 0.000000
2025-12-22 21:11:08,267 ----------------------------------------------------------------------------------------------------
2025-12-22 21:11:08,268 EPOCH 41 done: loss 0.2703 - lr: 0.100000
2025-12-22 21:11:10,577 DEV : loss 0.2183455228805542 - f1-score (micro avg)  0.9348
2025-12-22 21:11:10,580  - 1 epochs without improvement
2025-12-22 21:11:10,581 ----------------------------------------------------------------------------------------------------
2025-12-22 21:11:11,360 epoch 42 - iter 2/29 - loss 0.28156465 - time (sec): 0.78 - samples/sec: 2616.52 - lr: 0.100000 - momentum: 0.000000
2025-12-22 21:11:12,377 epoch 42 - iter 4/29 - loss 0.26472362 - time (sec): 1.80 - samples/sec: 2488.57 - lr: 0.100000 - momentum: 0.000000
2025-12-22 21:11:13,362 epoch 42 - iter 6/29 - loss 0.26317614 - time (sec): 2.78 - samples/sec: 2522.39 - lr: 0.100000 - momentum: 0.000000
2025-12-22 21:11:14,122 epoch 42 - iter 8/29 - loss 0.26443052 - time (sec): 3.54 - samples/sec: 2569.89 - lr: 0.100000 - momentum: 0.000000
2025-12-22 21:11:14,804 epoch 42 - iter 10/29 - loss 0.25867521 - time (sec): 4.22 - samples/sec: 2653.20 - lr: 0.100000 - momentum: 0.000000
2025-12-22 21:11:15,638 epoch 42 - iter 12/29 - loss 0.25689396 - time (sec): 5.06 - samples/sec: 2636.38 - lr: 0.100000 - momentum: 0.000000
2025-12-22 21:11:16,523 epoch 42 - iter 14/29 - loss 0.25586070 - time (sec): 5.94 - samples/sec: 2605.75 - lr: 0.100000 - momentum: 0.000000
2025-12-22 21:11:17,299 epoch 42 - iter 16/29 - loss 0.25813841 - time (sec): 6.72 - samples/sec: 2619.07 - lr: 0.100000 - momentum: 0.000000
2025-12-22 21:11:17,962 epoch 42 - iter 18/29 - loss 0.26021054 - time (sec): 7.38 - samples/sec: 2646.69 - lr: 0.100000 - momentum: 0.000000
2025-12-22 21:11:18,970 epoch 42 - iter 20/29 - loss 0.25762432 - time (sec): 8.39 - samples/sec: 2583.38 - lr: 0.100000 - momentum: 0.000000
2025-12-22 21:11:19,812 epoch 42 - iter 22/29 - loss 0.26046510 - time (sec): 9.23 - samples/sec: 2594.30 - lr: 0.100000 - momentum: 0.000000
2025-12-22 21:11:20,806 epoch 42 - iter 24/29 - loss 0.26135424 - time (sec): 10.22 - samples/sec: 2594.04 - lr: 0.100000 - momentum: 0.000000
2025-12-22 21:11:21,803 epoch 42 - iter 26/29 - loss 0.25894516 - time (sec): 11.22 - samples/sec: 2547.73 - lr: 0.100000 - momentum: 0.000000
2025-12-22 21:11:22,781 epoch 42 - iter 28/29 - loss 0.26132542 - time (sec): 12.20 - samples/sec: 2535.64 - lr: 0.100000 - momentum: 0.000000
2025-12-22 21:11:23,136 ----------------------------------------------------------------------------------------------------
2025-12-22 21:11:23,137 EPOCH 42 done: loss 0.2617 - lr: 0.100000
2025-12-22 21:11:25,741 DEV : loss 0.2124038189649582 - f1-score (micro avg)  0.9373
2025-12-22 21:11:25,744  - 0 epochs without improvement
2025-12-22 21:11:25,745 saving best model
2025-12-22 21:11:25,767 ----------------------------------------------------------------------------------------------------
2025-12-22 21:11:26,702 epoch 43 - iter 2/29 - loss 0.25920309 - time (sec): 0.93 - samples/sec: 2554.82 - lr: 0.100000 - momentum: 0.000000
2025-12-22 21:11:27,417 epoch 43 - iter 4/29 - loss 0.26351619 - time (sec): 1.65 - samples/sec: 2734.56 - lr: 0.100000 - momentum: 0.000000
2025-12-22 21:11:28,389 epoch 43 - iter 6/29 - loss 0.26745325 - time (sec): 2.62 - samples/sec: 2526.97 - lr: 0.100000 - momentum: 0.000000
2025-12-22 21:11:29,150 epoch 43 - iter 8/29 - loss 0.26621980 - time (sec): 3.38 - samples/sec: 2611.01 - lr: 0.100000 - momentum: 0.000000
2025-12-22 21:11:30,232 epoch 43 - iter 10/29 - loss 0.25986464 - time (sec): 4.46 - samples/sec: 2534.00 - lr: 0.100000 - momentum: 0.000000
2025-12-22 21:11:30,877 epoch 43 - iter 12/29 - loss 0.25868289 - time (sec): 5.11 - samples/sec: 2624.54 - lr: 0.100000 - momentum: 0.000000
2025-12-22 21:11:32,029 epoch 43 - iter 14/29 - loss 0.26083517 - time (sec): 6.26 - samples/sec: 2529.46 - lr: 0.100000 - momentum: 0.000000
2025-12-22 21:11:32,889 epoch 43 - iter 16/29 - loss 0.26077399 - time (sec): 7.12 - samples/sec: 2544.28 - lr: 0.100000 - momentum: 0.000000
2025-12-22 21:11:33,744 epoch 43 - iter 18/29 - loss 0.26068181 - time (sec): 7.98 - samples/sec: 2548.99 - lr: 0.100000 - momentum: 0.000000
2025-12-22 21:11:34,496 epoch 43 - iter 20/29 - loss 0.25700602 - time (sec): 8.73 - samples/sec: 2579.80 - lr: 0.100000 - momentum: 0.000000
2025-12-22 21:11:35,365 epoch 43 - iter 22/29 - loss 0.25745405 - time (sec): 9.60 - samples/sec: 2602.44 - lr: 0.100000 - momentum: 0.000000
2025-12-22 21:11:36,189 epoch 43 - iter 24/29 - loss 0.25818080 - time (sec): 10.42 - samples/sec: 2593.76 - lr: 0.100000 - momentum: 0.000000
2025-12-22 21:11:37,166 epoch 43 - iter 26/29 - loss 0.25857601 - time (sec): 11.40 - samples/sec: 2555.39 - lr: 0.100000 - momentum: 0.000000
2025-12-22 21:11:37,944 epoch 43 - iter 28/29 - loss 0.25792213 - time (sec): 12.18 - samples/sec: 2559.11 - lr: 0.100000 - momentum: 0.000000
2025-12-22 21:11:38,235 ----------------------------------------------------------------------------------------------------
2025-12-22 21:11:38,235 EPOCH 43 done: loss 0.2587 - lr: 0.100000
2025-12-22 21:11:40,191 DEV : loss 0.21138273179531097 - f1-score (micro avg)  0.9376
2025-12-22 21:11:40,194  - 0 epochs without improvement
2025-12-22 21:11:40,195 saving best model
2025-12-22 21:11:40,221 ----------------------------------------------------------------------------------------------------
2025-12-22 21:11:41,038 epoch 44 - iter 2/29 - loss 0.27092158 - time (sec): 0.82 - samples/sec: 2511.38 - lr: 0.100000 - momentum: 0.000000
2025-12-22 21:11:41,857 epoch 44 - iter 4/29 - loss 0.25295496 - time (sec): 1.64 - samples/sec: 2623.32 - lr: 0.100000 - momentum: 0.000000
2025-12-22 21:11:42,734 epoch 44 - iter 6/29 - loss 0.25103570 - time (sec): 2.51 - samples/sec: 2530.05 - lr: 0.100000 - momentum: 0.000000
2025-12-22 21:11:43,548 epoch 44 - iter 8/29 - loss 0.24095328 - time (sec): 3.33 - samples/sec: 2567.90 - lr: 0.100000 - momentum: 0.000000
2025-12-22 21:11:44,252 epoch 44 - iter 10/29 - loss 0.24391997 - time (sec): 4.03 - samples/sec: 2643.26 - lr: 0.100000 - momentum: 0.000000
2025-12-22 21:11:44,895 epoch 44 - iter 12/29 - loss 0.24742602 - time (sec): 4.67 - samples/sec: 2747.78 - lr: 0.100000 - momentum: 0.000000
2025-12-22 21:11:45,557 epoch 44 - iter 14/29 - loss 0.24818049 - time (sec): 5.34 - samples/sec: 2802.72 - lr: 0.100000 - momentum: 0.000000
2025-12-22 21:11:46,454 epoch 44 - iter 16/29 - loss 0.25113618 - time (sec): 6.23 - samples/sec: 2770.94 - lr: 0.100000 - momentum: 0.000000
2025-12-22 21:11:47,552 epoch 44 - iter 18/29 - loss 0.25281740 - time (sec): 7.33 - samples/sec: 2715.56 - lr: 0.100000 - momentum: 0.000000
2025-12-22 21:11:48,474 epoch 44 - iter 20/29 - loss 0.25256707 - time (sec): 8.25 - samples/sec: 2688.01 - lr: 0.100000 - momentum: 0.000000
2025-12-22 21:11:49,348 epoch 44 - iter 22/29 - loss 0.25186117 - time (sec): 9.13 - samples/sec: 2677.45 - lr: 0.100000 - momentum: 0.000000
2025-12-22 21:11:50,151 epoch 44 - iter 24/29 - loss 0.25489787 - time (sec): 9.93 - samples/sec: 2691.08 - lr: 0.100000 - momentum: 0.000000
2025-12-22 21:11:51,073 epoch 44 - iter 26/29 - loss 0.25630508 - time (sec): 10.85 - samples/sec: 2653.57 - lr: 0.100000 - momentum: 0.000000
2025-12-22 21:11:52,082 epoch 44 - iter 28/29 - loss 0.25540474 - time (sec): 11.86 - samples/sec: 2619.89 - lr: 0.100000 - momentum: 0.000000
2025-12-22 21:11:52,371 ----------------------------------------------------------------------------------------------------
2025-12-22 21:11:52,371 EPOCH 44 done: loss 0.2555 - lr: 0.100000
2025-12-22 21:11:54,801 DEV : loss 0.21019934117794037 - f1-score (micro avg)  0.9386
2025-12-22 21:11:54,804  - 0 epochs without improvement
2025-12-22 21:11:54,805 saving best model
2025-12-22 21:11:54,825 ----------------------------------------------------------------------------------------------------
2025-12-22 21:11:55,732 epoch 45 - iter 2/29 - loss 0.30232633 - time (sec): 0.91 - samples/sec: 2201.93 - lr: 0.100000 - momentum: 0.000000
2025-12-22 21:11:56,843 epoch 45 - iter 4/29 - loss 0.27144731 - time (sec): 2.02 - samples/sec: 2155.25 - lr: 0.100000 - momentum: 0.000000
2025-12-22 21:11:57,739 epoch 45 - iter 6/29 - loss 0.26632442 - time (sec): 2.91 - samples/sec: 2247.41 - lr: 0.100000 - momentum: 0.000000
2025-12-22 21:11:58,569 epoch 45 - iter 8/29 - loss 0.25945299 - time (sec): 3.74 - samples/sec: 2320.70 - lr: 0.100000 - momentum: 0.000000
2025-12-22 21:11:59,473 epoch 45 - iter 10/29 - loss 0.25715205 - time (sec): 4.65 - samples/sec: 2367.06 - lr: 0.100000 - momentum: 0.000000
2025-12-22 21:12:00,321 epoch 45 - iter 12/29 - loss 0.25691356 - time (sec): 5.49 - samples/sec: 2408.58 - lr: 0.100000 - momentum: 0.000000
2025-12-22 21:12:01,316 epoch 45 - iter 14/29 - loss 0.25541730 - time (sec): 6.49 - samples/sec: 2370.60 - lr: 0.100000 - momentum: 0.000000
2025-12-22 21:12:02,286 epoch 45 - iter 16/29 - loss 0.25114196 - time (sec): 7.46 - samples/sec: 2365.59 - lr: 0.100000 - momentum: 0.000000
2025-12-22 21:12:03,038 epoch 45 - iter 18/29 - loss 0.24916396 - time (sec): 8.21 - samples/sec: 2415.33 - lr: 0.100000 - momentum: 0.000000
2025-12-22 21:12:03,836 epoch 45 - iter 20/29 - loss 0.25009535 - time (sec): 9.01 - samples/sec: 2448.44 - lr: 0.100000 - momentum: 0.000000
2025-12-22 21:12:04,686 epoch 45 - iter 22/29 - loss 0.24913880 - time (sec): 9.86 - samples/sec: 2475.89 - lr: 0.100000 - momentum: 0.000000
2025-12-22 21:12:05,594 epoch 45 - iter 24/29 - loss 0.25022113 - time (sec): 10.77 - samples/sec: 2457.96 - lr: 0.100000 - momentum: 0.000000
2025-12-22 21:12:06,450 epoch 45 - iter 26/29 - loss 0.24889441 - time (sec): 11.62 - samples/sec: 2476.19 - lr: 0.100000 - momentum: 0.000000
2025-12-22 21:12:07,466 epoch 45 - iter 28/29 - loss 0.25024983 - time (sec): 12.64 - samples/sec: 2458.14 - lr: 0.100000 - momentum: 0.000000
2025-12-22 21:12:08,273 ----------------------------------------------------------------------------------------------------
2025-12-22 21:12:08,274 EPOCH 45 done: loss 0.2509 - lr: 0.100000
2025-12-22 21:12:10,843 DEV : loss 0.20267467200756073 - f1-score (micro avg)  0.9401
2025-12-22 21:12:10,846  - 0 epochs without improvement
2025-12-22 21:12:10,846 saving best model
2025-12-22 21:12:10,873 ----------------------------------------------------------------------------------------------------
2025-12-22 21:12:11,902 epoch 46 - iter 2/29 - loss 0.25970451 - time (sec): 1.03 - samples/sec: 2219.83 - lr: 0.100000 - momentum: 0.000000
2025-12-22 21:12:13,110 epoch 46 - iter 4/29 - loss 0.25377348 - time (sec): 2.24 - samples/sec: 2034.96 - lr: 0.100000 - momentum: 0.000000
2025-12-22 21:12:14,233 epoch 46 - iter 6/29 - loss 0.24914770 - time (sec): 3.36 - samples/sec: 2051.12 - lr: 0.100000 - momentum: 0.000000
2025-12-22 21:12:15,120 epoch 46 - iter 8/29 - loss 0.26059353 - time (sec): 4.25 - samples/sec: 2157.70 - lr: 0.100000 - momentum: 0.000000
2025-12-22 21:24:12,163 epoch 46 - iter 10/29 - loss 0.25788394 - time (sec): 721.29 - samples/sec: 15.45 - lr: 0.100000 - momentum: 0.000000
2025-12-22 21:24:13,221 epoch 46 - iter 12/29 - loss 0.25120388 - time (sec): 722.35 - samples/sec: 18.29 - lr: 0.100000 - momentum: 0.000000
2025-12-22 21:24:14,348 epoch 46 - iter 14/29 - loss 0.25251157 - time (sec): 723.48 - samples/sec: 21.25 - lr: 0.100000 - momentum: 0.000000
2025-12-22 21:24:15,245 epoch 46 - iter 16/29 - loss 0.25169092 - time (sec): 724.37 - samples/sec: 24.36 - lr: 0.100000 - momentum: 0.000000
2025-12-22 21:24:16,954 epoch 46 - iter 18/29 - loss 0.25206657 - time (sec): 726.08 - samples/sec: 27.22 - lr: 0.100000 - momentum: 0.000000
2025-12-22 21:24:17,901 epoch 46 - iter 20/29 - loss 0.24804625 - time (sec): 727.03 - samples/sec: 30.10 - lr: 0.100000 - momentum: 0.000000
2025-12-22 21:24:18,912 epoch 46 - iter 22/29 - loss 0.24684252 - time (sec): 728.04 - samples/sec: 33.06 - lr: 0.100000 - momentum: 0.000000
2025-12-22 21:24:20,061 epoch 46 - iter 24/29 - loss 0.24603983 - time (sec): 729.19 - samples/sec: 36.14 - lr: 0.100000 - momentum: 0.000000
2025-12-22 21:24:21,141 epoch 46 - iter 26/29 - loss 0.24485006 - time (sec): 730.27 - samples/sec: 39.22 - lr: 0.100000 - momentum: 0.000000
2025-12-22 21:24:21,967 epoch 46 - iter 28/29 - loss 0.24693976 - time (sec): 731.09 - samples/sec: 42.43 - lr: 0.100000 - momentum: 0.000000
2025-12-22 21:24:22,261 ----------------------------------------------------------------------------------------------------
2025-12-22 21:24:22,262 EPOCH 46 done: loss 0.2463 - lr: 0.100000
2025-12-22 21:24:24,669 DEV : loss 0.19906245172023773 - f1-score (micro avg)  0.9407
2025-12-22 21:24:24,672  - 0 epochs without improvement
2025-12-22 21:24:24,672 saving best model
2025-12-22 21:24:24,696 ----------------------------------------------------------------------------------------------------
2025-12-22 21:24:25,516 epoch 47 - iter 2/29 - loss 0.23041861 - time (sec): 0.82 - samples/sec: 2493.34 - lr: 0.100000 - momentum: 0.000000
2025-12-22 21:24:26,410 epoch 47 - iter 4/29 - loss 0.24513621 - time (sec): 1.71 - samples/sec: 2486.01 - lr: 0.100000 - momentum: 0.000000
2025-12-22 21:24:27,292 epoch 47 - iter 6/29 - loss 0.23757639 - time (sec): 2.60 - samples/sec: 2498.10 - lr: 0.100000 - momentum: 0.000000
2025-12-22 21:24:28,141 epoch 47 - iter 8/29 - loss 0.24163756 - time (sec): 3.45 - samples/sec: 2546.83 - lr: 0.100000 - momentum: 0.000000
2025-12-22 21:24:29,994 epoch 47 - iter 10/29 - loss 0.24463526 - time (sec): 5.30 - samples/sec: 2074.91 - lr: 0.100000 - momentum: 0.000000
2025-12-22 21:24:31,226 epoch 47 - iter 12/29 - loss 0.24314397 - time (sec): 6.53 - samples/sec: 2046.51 - lr: 0.100000 - momentum: 0.000000
2025-12-22 21:24:32,551 epoch 47 - iter 14/29 - loss 0.23897687 - time (sec): 7.86 - samples/sec: 2033.85 - lr: 0.100000 - momentum: 0.000000
2025-12-22 21:24:33,276 epoch 47 - iter 16/29 - loss 0.23895914 - time (sec): 8.58 - samples/sec: 2092.92 - lr: 0.100000 - momentum: 0.000000
2025-12-22 21:24:34,313 epoch 47 - iter 18/29 - loss 0.23862479 - time (sec): 9.62 - samples/sec: 2105.74 - lr: 0.100000 - momentum: 0.000000
2025-12-22 21:24:35,136 epoch 47 - iter 20/29 - loss 0.23761293 - time (sec): 10.44 - samples/sec: 2147.71 - lr: 0.100000 - momentum: 0.000000
2025-12-22 21:24:35,987 epoch 47 - iter 22/29 - loss 0.23881638 - time (sec): 11.29 - samples/sec: 2174.63 - lr: 0.100000 - momentum: 0.000000
2025-12-22 21:24:37,183 epoch 47 - iter 24/29 - loss 0.24077872 - time (sec): 12.49 - samples/sec: 2157.85 - lr: 0.100000 - momentum: 0.000000
2025-12-22 21:24:38,143 epoch 47 - iter 26/29 - loss 0.24301777 - time (sec): 13.45 - samples/sec: 2152.49 - lr: 0.100000 - momentum: 0.000000
2025-12-22 21:24:38,927 epoch 47 - iter 28/29 - loss 0.24471016 - time (sec): 14.23 - samples/sec: 2186.07 - lr: 0.100000 - momentum: 0.000000
2025-12-22 21:24:39,214 ----------------------------------------------------------------------------------------------------
2025-12-22 21:24:39,214 EPOCH 47 done: loss 0.2449 - lr: 0.100000
2025-12-22 21:24:42,539 DEV : loss 0.202724888920784 - f1-score (micro avg)  0.9397
2025-12-22 21:24:42,548  - 1 epochs without improvement
2025-12-22 21:24:42,549 ----------------------------------------------------------------------------------------------------
2025-12-22 21:24:43,674 epoch 48 - iter 2/29 - loss 0.21115862 - time (sec): 1.12 - samples/sec: 1762.95 - lr: 0.100000 - momentum: 0.000000
2025-12-22 21:24:44,631 epoch 48 - iter 4/29 - loss 0.21053308 - time (sec): 2.08 - samples/sec: 2094.54 - lr: 0.100000 - momentum: 0.000000
2025-12-22 21:24:45,803 epoch 48 - iter 6/29 - loss 0.21250205 - time (sec): 3.25 - samples/sec: 2054.30 - lr: 0.100000 - momentum: 0.000000
2025-12-22 21:24:47,485 epoch 48 - iter 8/29 - loss 0.21733575 - time (sec): 4.94 - samples/sec: 1837.90 - lr: 0.100000 - momentum: 0.000000
2025-12-22 21:24:48,554 epoch 48 - iter 10/29 - loss 0.22133030 - time (sec): 6.00 - samples/sec: 1881.14 - lr: 0.100000 - momentum: 0.000000
2025-12-22 21:24:49,458 epoch 48 - iter 12/29 - loss 0.21843560 - time (sec): 6.91 - samples/sec: 1923.83 - lr: 0.100000 - momentum: 0.000000
2025-12-22 21:24:50,466 epoch 48 - iter 14/29 - loss 0.22090150 - time (sec): 7.92 - samples/sec: 1968.02 - lr: 0.100000 - momentum: 0.000000
2025-12-22 21:24:51,301 epoch 48 - iter 16/29 - loss 0.22723204 - time (sec): 8.75 - samples/sec: 2030.81 - lr: 0.100000 - momentum: 0.000000
2025-12-22 21:24:52,150 epoch 48 - iter 18/29 - loss 0.22858759 - time (sec): 9.60 - samples/sec: 2060.78 - lr: 0.100000 - momentum: 0.000000
2025-12-22 21:24:52,995 epoch 48 - iter 20/29 - loss 0.23321686 - time (sec): 10.45 - samples/sec: 2105.81 - lr: 0.100000 - momentum: 0.000000
2025-12-22 21:24:53,856 epoch 48 - iter 22/29 - loss 0.23285630 - time (sec): 11.31 - samples/sec: 2134.71 - lr: 0.100000 - momentum: 0.000000
2025-12-22 21:24:55,240 epoch 48 - iter 24/29 - loss 0.23655220 - time (sec): 12.69 - samples/sec: 2082.40 - lr: 0.100000 - momentum: 0.000000
2025-12-22 21:24:56,754 epoch 48 - iter 26/29 - loss 0.23641396 - time (sec): 14.20 - samples/sec: 2038.41 - lr: 0.100000 - momentum: 0.000000
2025-12-22 21:24:57,585 epoch 48 - iter 28/29 - loss 0.23691323 - time (sec): 15.04 - samples/sec: 2065.39 - lr: 0.100000 - momentum: 0.000000
2025-12-22 21:24:57,913 ----------------------------------------------------------------------------------------------------
2025-12-22 21:24:57,913 EPOCH 48 done: loss 0.2374 - lr: 0.100000
2025-12-22 21:25:00,897 DEV : loss 0.20339064300060272 - f1-score (micro avg)  0.9388
2025-12-22 21:25:00,901  - 2 epochs without improvement
2025-12-22 21:25:00,902 ----------------------------------------------------------------------------------------------------
2025-12-22 21:25:01,752 epoch 49 - iter 2/29 - loss 0.21875051 - time (sec): 0.85 - samples/sec: 2232.90 - lr: 0.100000 - momentum: 0.000000
2025-12-22 21:25:02,956 epoch 49 - iter 4/29 - loss 0.22635082 - time (sec): 2.05 - samples/sec: 2138.94 - lr: 0.100000 - momentum: 0.000000
2025-12-22 21:25:03,867 epoch 49 - iter 6/29 - loss 0.21930302 - time (sec): 2.96 - samples/sec: 2203.35 - lr: 0.100000 - momentum: 0.000000
2025-12-22 21:25:04,982 epoch 49 - iter 8/29 - loss 0.22169903 - time (sec): 4.08 - samples/sec: 2178.36 - lr: 0.100000 - momentum: 0.000000
2025-12-22 21:25:06,186 epoch 49 - iter 10/29 - loss 0.21847302 - time (sec): 5.28 - samples/sec: 2165.21 - lr: 0.100000 - momentum: 0.000000
2025-12-22 21:25:07,073 epoch 49 - iter 12/29 - loss 0.22175214 - time (sec): 6.17 - samples/sec: 2229.99 - lr: 0.100000 - momentum: 0.000000
2025-12-22 21:25:07,920 epoch 49 - iter 14/29 - loss 0.22033833 - time (sec): 7.02 - samples/sec: 2252.26 - lr: 0.100000 - momentum: 0.000000
2025-12-22 21:25:09,095 epoch 49 - iter 16/29 - loss 0.21863107 - time (sec): 8.19 - samples/sec: 2241.21 - lr: 0.100000 - momentum: 0.000000
2025-12-22 21:25:10,037 epoch 49 - iter 18/29 - loss 0.22057809 - time (sec): 9.13 - samples/sec: 2231.71 - lr: 0.100000 - momentum: 0.000000
2025-12-22 21:25:10,844 epoch 49 - iter 20/29 - loss 0.22133293 - time (sec): 9.94 - samples/sec: 2277.30 - lr: 0.100000 - momentum: 0.000000
2025-12-22 21:25:11,905 epoch 49 - iter 22/29 - loss 0.21983032 - time (sec): 11.00 - samples/sec: 2269.50 - lr: 0.100000 - momentum: 0.000000
2025-12-22 21:25:12,668 epoch 49 - iter 24/29 - loss 0.22002579 - time (sec): 11.77 - samples/sec: 2290.32 - lr: 0.100000 - momentum: 0.000000
2025-12-22 21:25:13,573 epoch 49 - iter 26/29 - loss 0.22206151 - time (sec): 12.67 - samples/sec: 2277.91 - lr: 0.100000 - momentum: 0.000000
2025-12-22 21:25:14,463 epoch 49 - iter 28/29 - loss 0.22316314 - time (sec): 13.56 - samples/sec: 2287.14 - lr: 0.100000 - momentum: 0.000000
2025-12-22 21:25:14,766 ----------------------------------------------------------------------------------------------------
2025-12-22 21:25:14,766 EPOCH 49 done: loss 0.2237 - lr: 0.100000
2025-12-22 21:25:16,902 DEV : loss 0.19889579713344574 - f1-score (micro avg)  0.9428
2025-12-22 21:25:16,906  - 0 epochs without improvement
2025-12-22 21:25:16,907 saving best model
2025-12-22 21:25:16,936 ----------------------------------------------------------------------------------------------------
2025-12-22 21:25:18,162 epoch 50 - iter 2/29 - loss 0.21864355 - time (sec): 1.22 - samples/sec: 1894.96 - lr: 0.100000 - momentum: 0.000000
2025-12-22 21:25:19,090 epoch 50 - iter 4/29 - loss 0.21418816 - time (sec): 2.15 - samples/sec: 2129.44 - lr: 0.100000 - momentum: 0.000000
2025-12-22 21:25:19,858 epoch 50 - iter 6/29 - loss 0.22595548 - time (sec): 2.92 - samples/sec: 2255.16 - lr: 0.100000 - momentum: 0.000000
2025-12-22 21:25:20,579 epoch 50 - iter 8/29 - loss 0.22708603 - time (sec): 3.64 - samples/sec: 2293.57 - lr: 0.100000 - momentum: 0.000000
2025-12-22 21:25:21,486 epoch 50 - iter 10/29 - loss 0.22839978 - time (sec): 4.55 - samples/sec: 2340.52 - lr: 0.100000 - momentum: 0.000000
2025-12-22 21:25:22,551 epoch 50 - iter 12/29 - loss 0.22555095 - time (sec): 5.61 - samples/sec: 2282.23 - lr: 0.100000 - momentum: 0.000000
2025-12-22 21:25:23,667 epoch 50 - iter 14/29 - loss 0.22480921 - time (sec): 6.73 - samples/sec: 2241.72 - lr: 0.100000 - momentum: 0.000000
2025-12-22 21:25:24,359 epoch 50 - iter 16/29 - loss 0.22250531 - time (sec): 7.42 - samples/sec: 2302.32 - lr: 0.100000 - momentum: 0.000000
2025-12-22 21:25:25,457 epoch 50 - iter 18/29 - loss 0.22278055 - time (sec): 8.52 - samples/sec: 2273.17 - lr: 0.100000 - momentum: 0.000000
2025-12-22 21:25:26,234 epoch 50 - iter 20/29 - loss 0.22395533 - time (sec): 9.30 - samples/sec: 2320.64 - lr: 0.100000 - momentum: 0.000000
2025-12-22 21:25:27,287 epoch 50 - iter 22/29 - loss 0.22560896 - time (sec): 10.35 - samples/sec: 2307.59 - lr: 0.100000 - momentum: 0.000000
2025-12-22 21:25:28,589 epoch 50 - iter 24/29 - loss 0.22479601 - time (sec): 11.65 - samples/sec: 2273.22 - lr: 0.100000 - momentum: 0.000000
2025-12-22 21:25:30,061 epoch 50 - iter 26/29 - loss 0.22767631 - time (sec): 13.12 - samples/sec: 2194.13 - lr: 0.100000 - momentum: 0.000000
2025-12-22 21:25:31,146 epoch 50 - iter 28/29 - loss 0.22643938 - time (sec): 14.21 - samples/sec: 2185.45 - lr: 0.100000 - momentum: 0.000000
2025-12-22 21:25:31,512 ----------------------------------------------------------------------------------------------------
2025-12-22 21:25:31,512 EPOCH 50 done: loss 0.2260 - lr: 0.100000
2025-12-22 21:25:34,388 DEV : loss 0.19007183611392975 - f1-score (micro avg)  0.9455
2025-12-22 21:25:34,391  - 0 epochs without improvement
2025-12-22 21:25:34,392 saving best model
2025-12-22 21:25:34,414 ----------------------------------------------------------------------------------------------------
2025-12-22 21:25:35,552 epoch 51 - iter 2/29 - loss 0.20407972 - time (sec): 1.14 - samples/sec: 1768.12 - lr: 0.100000 - momentum: 0.000000
2025-12-22 21:25:36,857 epoch 51 - iter 4/29 - loss 0.21534192 - time (sec): 2.44 - samples/sec: 1717.81 - lr: 0.100000 - momentum: 0.000000
2025-12-22 21:25:37,977 epoch 51 - iter 6/29 - loss 0.21457582 - time (sec): 3.56 - samples/sec: 1797.71 - lr: 0.100000 - momentum: 0.000000
2025-12-22 21:25:39,167 epoch 51 - iter 8/29 - loss 0.22160526 - time (sec): 4.75 - samples/sec: 1808.03 - lr: 0.100000 - momentum: 0.000000
2025-12-22 21:25:40,203 epoch 51 - iter 10/29 - loss 0.22150017 - time (sec): 5.79 - samples/sec: 1896.32 - lr: 0.100000 - momentum: 0.000000
2025-12-22 21:25:42,307 epoch 51 - iter 12/29 - loss 0.22531886 - time (sec): 7.89 - samples/sec: 1657.19 - lr: 0.100000 - momentum: 0.000000
2025-12-22 21:25:43,263 epoch 51 - iter 14/29 - loss 0.22322798 - time (sec): 8.85 - samples/sec: 1702.75 - lr: 0.100000 - momentum: 0.000000
2025-12-22 21:25:44,765 epoch 51 - iter 16/29 - loss 0.22191581 - time (sec): 10.35 - samples/sec: 1679.03 - lr: 0.100000 - momentum: 0.000000
2025-12-22 21:25:46,357 epoch 51 - iter 18/29 - loss 0.22115606 - time (sec): 11.94 - samples/sec: 1635.81 - lr: 0.100000 - momentum: 0.000000
2025-12-22 21:25:47,429 epoch 51 - iter 20/29 - loss 0.22326321 - time (sec): 13.01 - samples/sec: 1668.00 - lr: 0.100000 - momentum: 0.000000
2025-12-22 21:25:48,459 epoch 51 - iter 22/29 - loss 0.22483677 - time (sec): 14.04 - samples/sec: 1693.98 - lr: 0.100000 - momentum: 0.000000
2025-12-22 21:25:49,781 epoch 51 - iter 24/29 - loss 0.22439519 - time (sec): 15.37 - samples/sec: 1706.64 - lr: 0.100000 - momentum: 0.000000
2025-12-22 21:25:50,942 epoch 51 - iter 26/29 - loss 0.22840634 - time (sec): 16.53 - samples/sec: 1725.88 - lr: 0.100000 - momentum: 0.000000
2025-12-22 21:25:52,070 epoch 51 - iter 28/29 - loss 0.22881027 - time (sec): 17.66 - samples/sec: 1748.84 - lr: 0.100000 - momentum: 0.000000
2025-12-22 21:25:52,584 ----------------------------------------------------------------------------------------------------
2025-12-22 21:25:52,584 EPOCH 51 done: loss 0.2276 - lr: 0.100000
2025-12-22 21:25:55,992 DEV : loss 0.18713445961475372 - f1-score (micro avg)  0.9473
2025-12-22 21:25:55,996  - 0 epochs without improvement
2025-12-22 21:25:55,996 saving best model
2025-12-22 21:25:56,019 ----------------------------------------------------------------------------------------------------
2025-12-22 21:25:56,955 epoch 52 - iter 2/29 - loss 0.23311577 - time (sec): 0.94 - samples/sec: 2126.01 - lr: 0.100000 - momentum: 0.000000
2025-12-22 21:25:58,008 epoch 52 - iter 4/29 - loss 0.21873846 - time (sec): 1.99 - samples/sec: 2128.21 - lr: 0.100000 - momentum: 0.000000
2025-12-22 21:25:59,277 epoch 52 - iter 6/29 - loss 0.21022867 - time (sec): 3.26 - samples/sec: 2026.36 - lr: 0.100000 - momentum: 0.000000
2025-12-22 21:26:00,463 epoch 52 - iter 8/29 - loss 0.22807364 - time (sec): 4.44 - samples/sec: 2012.81 - lr: 0.100000 - momentum: 0.000000
2025-12-22 21:26:01,821 epoch 52 - iter 10/29 - loss 0.22600305 - time (sec): 5.80 - samples/sec: 1935.71 - lr: 0.100000 - momentum: 0.000000
2025-12-22 21:26:02,938 epoch 52 - iter 12/29 - loss 0.22323351 - time (sec): 6.92 - samples/sec: 1928.39 - lr: 0.100000 - momentum: 0.000000
2025-12-22 21:26:04,169 epoch 52 - iter 14/29 - loss 0.22250861 - time (sec): 8.15 - samples/sec: 1933.37 - lr: 0.100000 - momentum: 0.000000
2025-12-22 21:26:05,208 epoch 52 - iter 16/29 - loss 0.22372139 - time (sec): 9.19 - samples/sec: 1950.98 - lr: 0.100000 - momentum: 0.000000
2025-12-22 21:26:06,246 epoch 52 - iter 18/29 - loss 0.22461780 - time (sec): 10.23 - samples/sec: 1950.34 - lr: 0.100000 - momentum: 0.000000
2025-12-22 21:26:07,203 epoch 52 - iter 20/29 - loss 0.22339146 - time (sec): 11.18 - samples/sec: 1977.53 - lr: 0.100000 - momentum: 0.000000
2025-12-22 21:26:08,340 epoch 52 - iter 22/29 - loss 0.22109581 - time (sec): 12.32 - samples/sec: 1989.84 - lr: 0.100000 - momentum: 0.000000
2025-12-22 21:26:09,481 epoch 52 - iter 24/29 - loss 0.22238346 - time (sec): 13.46 - samples/sec: 1983.88 - lr: 0.100000 - momentum: 0.000000
2025-12-22 21:26:10,311 epoch 52 - iter 26/29 - loss 0.22350503 - time (sec): 14.29 - samples/sec: 2015.56 - lr: 0.100000 - momentum: 0.000000
2025-12-22 21:26:12,111 epoch 52 - iter 28/29 - loss 0.22252432 - time (sec): 16.09 - samples/sec: 1923.22 - lr: 0.100000 - momentum: 0.000000
2025-12-22 21:26:12,620 ----------------------------------------------------------------------------------------------------
2025-12-22 21:26:12,620 EPOCH 52 done: loss 0.2224 - lr: 0.100000
2025-12-22 21:26:15,369 DEV : loss 0.1873808205127716 - f1-score (micro avg)  0.9476
2025-12-22 21:26:15,372  - 0 epochs without improvement
2025-12-22 21:26:15,373 saving best model
2025-12-22 21:26:15,399 ----------------------------------------------------------------------------------------------------
2025-12-22 21:26:16,529 epoch 53 - iter 2/29 - loss 0.18997320 - time (sec): 1.13 - samples/sec: 2053.76 - lr: 0.100000 - momentum: 0.000000
2025-12-22 21:26:17,456 epoch 53 - iter 4/29 - loss 0.20202707 - time (sec): 2.06 - samples/sec: 2194.51 - lr: 0.100000 - momentum: 0.000000
2025-12-22 21:26:18,877 epoch 53 - iter 6/29 - loss 0.20496698 - time (sec): 3.48 - samples/sec: 1915.33 - lr: 0.100000 - momentum: 0.000000
2025-12-22 21:26:20,112 epoch 53 - iter 8/29 - loss 0.20941878 - time (sec): 4.71 - samples/sec: 1898.02 - lr: 0.100000 - momentum: 0.000000
2025-12-22 21:26:21,182 epoch 53 - iter 10/29 - loss 0.21496095 - time (sec): 5.78 - samples/sec: 1916.34 - lr: 0.100000 - momentum: 0.000000
2025-12-22 21:26:22,253 epoch 53 - iter 12/29 - loss 0.21011822 - time (sec): 6.85 - samples/sec: 1937.80 - lr: 0.100000 - momentum: 0.000000
2025-12-22 21:26:23,574 epoch 53 - iter 14/29 - loss 0.20854541 - time (sec): 8.17 - samples/sec: 1913.76 - lr: 0.100000 - momentum: 0.000000
2025-12-22 21:26:24,993 epoch 53 - iter 16/29 - loss 0.21046656 - time (sec): 9.59 - samples/sec: 1884.36 - lr: 0.100000 - momentum: 0.000000
2025-12-22 21:26:26,391 epoch 53 - iter 18/29 - loss 0.21073529 - time (sec): 10.99 - samples/sec: 1841.45 - lr: 0.100000 - momentum: 0.000000
2025-12-22 21:26:27,686 epoch 53 - iter 20/29 - loss 0.21188374 - time (sec): 12.29 - samples/sec: 1826.96 - lr: 0.100000 - momentum: 0.000000
2025-12-22 21:26:28,874 epoch 53 - iter 22/29 - loss 0.21313431 - time (sec): 13.48 - samples/sec: 1827.22 - lr: 0.100000 - momentum: 0.000000
2025-12-22 21:26:29,977 epoch 53 - iter 24/29 - loss 0.21248077 - time (sec): 14.58 - samples/sec: 1835.99 - lr: 0.100000 - momentum: 0.000000
2025-12-22 21:26:31,064 epoch 53 - iter 26/29 - loss 0.21335856 - time (sec): 15.66 - samples/sec: 1847.91 - lr: 0.100000 - momentum: 0.000000
2025-12-22 21:26:32,220 epoch 53 - iter 28/29 - loss 0.21367866 - time (sec): 16.82 - samples/sec: 1845.90 - lr: 0.100000 - momentum: 0.000000
2025-12-22 21:26:32,557 ----------------------------------------------------------------------------------------------------
2025-12-22 21:26:32,558 EPOCH 53 done: loss 0.2127 - lr: 0.100000
2025-12-22 21:26:35,352 DEV : loss 0.19222919642925262 - f1-score (micro avg)  0.9441
2025-12-22 21:26:35,355  - 1 epochs without improvement
2025-12-22 21:26:35,356 ----------------------------------------------------------------------------------------------------
2025-12-22 21:26:36,204 epoch 54 - iter 2/29 - loss 0.23567630 - time (sec): 0.85 - samples/sec: 2437.83 - lr: 0.100000 - momentum: 0.000000
2025-12-22 21:26:37,125 epoch 54 - iter 4/29 - loss 0.21398678 - time (sec): 1.77 - samples/sec: 2424.17 - lr: 0.100000 - momentum: 0.000000
2025-12-22 21:26:38,192 epoch 54 - iter 6/29 - loss 0.21070065 - time (sec): 2.83 - samples/sec: 2256.09 - lr: 0.100000 - momentum: 0.000000
2025-12-22 21:26:39,438 epoch 54 - iter 8/29 - loss 0.21699517 - time (sec): 4.08 - samples/sec: 2199.62 - lr: 0.100000 - momentum: 0.000000
2025-12-22 21:26:40,729 epoch 54 - iter 10/29 - loss 0.21509186 - time (sec): 5.37 - samples/sec: 2051.74 - lr: 0.100000 - momentum: 0.000000
2025-12-22 21:26:41,949 epoch 54 - iter 12/29 - loss 0.21670396 - time (sec): 6.59 - samples/sec: 2045.68 - lr: 0.100000 - momentum: 0.000000
2025-12-22 21:26:43,015 epoch 54 - iter 14/29 - loss 0.21609135 - time (sec): 7.66 - samples/sec: 2044.27 - lr: 0.100000 - momentum: 0.000000
2025-12-22 21:26:44,423 epoch 54 - iter 16/29 - loss 0.21767026 - time (sec): 9.07 - samples/sec: 1986.68 - lr: 0.100000 - momentum: 0.000000
2025-12-22 21:26:45,363 epoch 54 - iter 18/29 - loss 0.21647598 - time (sec): 10.01 - samples/sec: 2016.66 - lr: 0.100000 - momentum: 0.000000
2025-12-22 21:26:46,651 epoch 54 - iter 20/29 - loss 0.21721619 - time (sec): 11.29 - samples/sec: 1979.83 - lr: 0.100000 - momentum: 0.000000
2025-12-22 21:26:47,659 epoch 54 - iter 22/29 - loss 0.21706767 - time (sec): 12.30 - samples/sec: 1989.75 - lr: 0.100000 - momentum: 0.000000
2025-12-22 21:26:48,769 epoch 54 - iter 24/29 - loss 0.22007015 - time (sec): 13.41 - samples/sec: 2001.35 - lr: 0.100000 - momentum: 0.000000
2025-12-22 21:26:49,627 epoch 54 - iter 26/29 - loss 0.21674580 - time (sec): 14.27 - samples/sec: 2024.61 - lr: 0.100000 - momentum: 0.000000
2025-12-22 21:26:50,724 epoch 54 - iter 28/29 - loss 0.21874880 - time (sec): 15.37 - samples/sec: 2017.81 - lr: 0.100000 - momentum: 0.000000
2025-12-22 21:26:51,150 ----------------------------------------------------------------------------------------------------
2025-12-22 21:26:51,150 EPOCH 54 done: loss 0.2182 - lr: 0.100000
2025-12-22 21:26:54,035 DEV : loss 0.19726717472076416 - f1-score (micro avg)  0.9433
2025-12-22 21:26:54,039  - 2 epochs without improvement
2025-12-22 21:26:54,039 ----------------------------------------------------------------------------------------------------
2025-12-22 21:26:55,170 epoch 55 - iter 2/29 - loss 0.21986341 - time (sec): 1.13 - samples/sec: 1901.02 - lr: 0.100000 - momentum: 0.000000
2025-12-22 21:26:55,972 epoch 55 - iter 4/29 - loss 0.23373533 - time (sec): 1.93 - samples/sec: 2236.72 - lr: 0.100000 - momentum: 0.000000
2025-12-22 21:26:57,117 epoch 55 - iter 6/29 - loss 0.21275687 - time (sec): 3.08 - samples/sec: 2166.13 - lr: 0.100000 - momentum: 0.000000
2025-12-22 21:26:58,095 epoch 55 - iter 8/29 - loss 0.21664638 - time (sec): 4.06 - samples/sec: 2228.98 - lr: 0.100000 - momentum: 0.000000
2025-12-22 21:26:59,134 epoch 55 - iter 10/29 - loss 0.21037450 - time (sec): 5.09 - samples/sec: 2201.55 - lr: 0.100000 - momentum: 0.000000
2025-12-22 21:27:00,244 epoch 55 - iter 12/29 - loss 0.20831279 - time (sec): 6.20 - samples/sec: 2096.62 - lr: 0.100000 - momentum: 0.000000
2025-12-22 21:27:01,673 epoch 55 - iter 14/29 - loss 0.20816324 - time (sec): 7.63 - samples/sec: 2023.25 - lr: 0.100000 - momentum: 0.000000
2025-12-22 21:27:02,794 epoch 55 - iter 16/29 - loss 0.20755881 - time (sec): 8.75 - samples/sec: 2014.94 - lr: 0.100000 - momentum: 0.000000
2025-12-22 21:27:03,891 epoch 55 - iter 18/29 - loss 0.20567060 - time (sec): 9.85 - samples/sec: 2035.55 - lr: 0.100000 - momentum: 0.000000
2025-12-22 21:27:04,653 epoch 55 - iter 20/29 - loss 0.20493382 - time (sec): 10.61 - samples/sec: 2085.03 - lr: 0.100000 - momentum: 0.000000
2025-12-22 21:27:05,629 epoch 55 - iter 22/29 - loss 0.20621690 - time (sec): 11.59 - samples/sec: 2080.98 - lr: 0.100000 - momentum: 0.000000
2025-12-22 21:27:06,573 epoch 55 - iter 24/29 - loss 0.20838943 - time (sec): 12.53 - samples/sec: 2093.71 - lr: 0.100000 - momentum: 0.000000
2025-12-22 21:27:07,509 epoch 55 - iter 26/29 - loss 0.20763141 - time (sec): 13.47 - samples/sec: 2122.75 - lr: 0.100000 - momentum: 0.000000
2025-12-22 21:27:08,573 epoch 55 - iter 28/29 - loss 0.20943704 - time (sec): 14.53 - samples/sec: 2130.32 - lr: 0.100000 - momentum: 0.000000
2025-12-22 21:27:09,118 ----------------------------------------------------------------------------------------------------
2025-12-22 21:27:09,119 EPOCH 55 done: loss 0.2089 - lr: 0.100000
2025-12-22 21:27:12,231 DEV : loss 0.19182473421096802 - f1-score (micro avg)  0.9448
2025-12-22 21:27:12,236  - 3 epochs without improvement
2025-12-22 21:27:12,236 ----------------------------------------------------------------------------------------------------
2025-12-22 21:27:13,308 epoch 56 - iter 2/29 - loss 0.20927407 - time (sec): 1.07 - samples/sec: 2146.39 - lr: 0.100000 - momentum: 0.000000
2025-12-22 21:27:14,409 epoch 56 - iter 4/29 - loss 0.20165116 - time (sec): 2.17 - samples/sec: 2147.79 - lr: 0.100000 - momentum: 0.000000
2025-12-22 21:27:15,487 epoch 56 - iter 6/29 - loss 0.19026993 - time (sec): 3.25 - samples/sec: 2085.39 - lr: 0.100000 - momentum: 0.000000
2025-12-22 21:27:16,577 epoch 56 - iter 8/29 - loss 0.19600617 - time (sec): 4.34 - samples/sec: 2039.33 - lr: 0.100000 - momentum: 0.000000
2025-12-22 21:27:17,809 epoch 56 - iter 10/29 - loss 0.19091502 - time (sec): 5.57 - samples/sec: 2018.95 - lr: 0.100000 - momentum: 0.000000
2025-12-22 21:27:18,612 epoch 56 - iter 12/29 - loss 0.19525800 - time (sec): 6.38 - samples/sec: 2074.33 - lr: 0.100000 - momentum: 0.000000
2025-12-22 21:27:19,884 epoch 56 - iter 14/29 - loss 0.19563302 - time (sec): 7.65 - samples/sec: 2032.74 - lr: 0.100000 - momentum: 0.000000
2025-12-22 21:27:20,817 epoch 56 - iter 16/29 - loss 0.19650855 - time (sec): 8.58 - samples/sec: 2089.70 - lr: 0.100000 - momentum: 0.000000
2025-12-22 21:27:21,828 epoch 56 - iter 18/29 - loss 0.19677353 - time (sec): 9.59 - samples/sec: 2106.62 - lr: 0.100000 - momentum: 0.000000
2025-12-22 21:27:22,899 epoch 56 - iter 20/29 - loss 0.19622649 - time (sec): 10.66 - samples/sec: 2124.02 - lr: 0.100000 - momentum: 0.000000
2025-12-22 21:27:23,820 epoch 56 - iter 22/29 - loss 0.19651617 - time (sec): 11.58 - samples/sec: 2140.13 - lr: 0.100000 - momentum: 0.000000
2025-12-22 21:27:24,652 epoch 56 - iter 24/29 - loss 0.19532202 - time (sec): 12.42 - samples/sec: 2156.43 - lr: 0.100000 - momentum: 0.000000
2025-12-22 21:27:25,602 epoch 56 - iter 26/29 - loss 0.19528821 - time (sec): 13.37 - samples/sec: 2183.49 - lr: 0.100000 - momentum: 0.000000
2025-12-22 21:27:26,563 epoch 56 - iter 28/29 - loss 0.19854588 - time (sec): 14.33 - samples/sec: 2183.23 - lr: 0.100000 - momentum: 0.000000
2025-12-22 21:27:26,768 ----------------------------------------------------------------------------------------------------
2025-12-22 21:27:26,768 EPOCH 56 done: loss 0.1995 - lr: 0.100000
2025-12-22 21:27:28,884 DEV : loss 0.18248659372329712 - f1-score (micro avg)  0.9483
2025-12-22 21:27:28,888  - 0 epochs without improvement
2025-12-22 21:27:28,889 saving best model
2025-12-22 21:27:28,910 ----------------------------------------------------------------------------------------------------
2025-12-22 21:27:29,752 epoch 57 - iter 2/29 - loss 0.18072124 - time (sec): 0.84 - samples/sec: 2558.95 - lr: 0.100000 - momentum: 0.000000
2025-12-22 21:27:30,579 epoch 57 - iter 4/29 - loss 0.18471370 - time (sec): 1.67 - samples/sec: 2564.20 - lr: 0.100000 - momentum: 0.000000
2025-12-22 21:27:31,574 epoch 57 - iter 6/29 - loss 0.19926756 - time (sec): 2.66 - samples/sec: 2486.55 - lr: 0.100000 - momentum: 0.000000
2025-12-22 21:27:32,353 epoch 57 - iter 8/29 - loss 0.20162780 - time (sec): 3.44 - samples/sec: 2490.48 - lr: 0.100000 - momentum: 0.000000
2025-12-22 21:27:33,347 epoch 57 - iter 10/29 - loss 0.20104766 - time (sec): 4.44 - samples/sec: 2463.51 - lr: 0.100000 - momentum: 0.000000
2025-12-22 21:27:34,621 epoch 57 - iter 12/29 - loss 0.20988096 - time (sec): 5.71 - samples/sec: 2268.65 - lr: 0.100000 - momentum: 0.000000
2025-12-22 21:27:35,632 epoch 57 - iter 14/29 - loss 0.21167961 - time (sec): 6.72 - samples/sec: 2302.33 - lr: 0.100000 - momentum: 0.000000
2025-12-22 21:27:36,718 epoch 57 - iter 16/29 - loss 0.20705395 - time (sec): 7.81 - samples/sec: 2269.82 - lr: 0.100000 - momentum: 0.000000
2025-12-22 21:27:37,917 epoch 57 - iter 18/29 - loss 0.20764188 - time (sec): 9.01 - samples/sec: 2233.33 - lr: 0.100000 - momentum: 0.000000
2025-12-22 21:27:38,870 epoch 57 - iter 20/29 - loss 0.20578004 - time (sec): 9.96 - samples/sec: 2246.04 - lr: 0.100000 - momentum: 0.000000
2025-12-22 21:27:39,862 epoch 57 - iter 22/29 - loss 0.20537205 - time (sec): 10.95 - samples/sec: 2239.27 - lr: 0.100000 - momentum: 0.000000
2025-12-22 21:27:40,909 epoch 57 - iter 24/29 - loss 0.20499379 - time (sec): 12.00 - samples/sec: 2210.03 - lr: 0.100000 - momentum: 0.000000
2025-12-22 21:27:41,835 epoch 57 - iter 26/29 - loss 0.20498125 - time (sec): 12.92 - samples/sec: 2229.06 - lr: 0.100000 - momentum: 0.000000
2025-12-22 21:27:42,817 epoch 57 - iter 28/29 - loss 0.20432785 - time (sec): 13.91 - samples/sec: 2231.05 - lr: 0.100000 - momentum: 0.000000
2025-12-22 21:27:43,199 ----------------------------------------------------------------------------------------------------
2025-12-22 21:27:43,199 EPOCH 57 done: loss 0.2034 - lr: 0.100000
2025-12-22 21:27:45,820 DEV : loss 0.1832931786775589 - f1-score (micro avg)  0.9463
2025-12-22 21:27:45,823  - 1 epochs without improvement
2025-12-22 21:27:45,824 ----------------------------------------------------------------------------------------------------
2025-12-22 21:27:46,919 epoch 58 - iter 2/29 - loss 0.17057643 - time (sec): 1.09 - samples/sec: 2031.41 - lr: 0.100000 - momentum: 0.000000
2025-12-22 21:27:47,825 epoch 58 - iter 4/29 - loss 0.18366511 - time (sec): 2.00 - samples/sec: 2217.01 - lr: 0.100000 - momentum: 0.000000
2025-12-22 21:27:48,930 epoch 58 - iter 6/29 - loss 0.19457715 - time (sec): 3.11 - samples/sec: 2177.43 - lr: 0.100000 - momentum: 0.000000
2025-12-22 21:27:49,914 epoch 58 - iter 8/29 - loss 0.19277200 - time (sec): 4.09 - samples/sec: 2224.22 - lr: 0.100000 - momentum: 0.000000
2025-12-22 21:27:51,066 epoch 58 - iter 10/29 - loss 0.19208440 - time (sec): 5.24 - samples/sec: 2217.73 - lr: 0.100000 - momentum: 0.000000
2025-12-22 21:27:51,904 epoch 58 - iter 12/29 - loss 0.19475722 - time (sec): 6.08 - samples/sec: 2252.53 - lr: 0.100000 - momentum: 0.000000
2025-12-22 21:27:52,698 epoch 58 - iter 14/29 - loss 0.19886868 - time (sec): 6.87 - samples/sec: 2268.68 - lr: 0.100000 - momentum: 0.000000
2025-12-22 21:27:53,675 epoch 58 - iter 16/29 - loss 0.19504798 - time (sec): 7.85 - samples/sec: 2267.21 - lr: 0.100000 - momentum: 0.000000
2025-12-22 21:27:54,694 epoch 58 - iter 18/29 - loss 0.19520466 - time (sec): 8.87 - samples/sec: 2262.49 - lr: 0.100000 - momentum: 0.000000
2025-12-22 21:27:55,928 epoch 58 - iter 20/29 - loss 0.19654006 - time (sec): 10.10 - samples/sec: 2225.21 - lr: 0.100000 - momentum: 0.000000
2025-12-22 21:27:56,843 epoch 58 - iter 22/29 - loss 0.19945496 - time (sec): 11.02 - samples/sec: 2223.54 - lr: 0.100000 - momentum: 0.000000
2025-12-22 21:27:57,894 epoch 58 - iter 24/29 - loss 0.19974671 - time (sec): 12.07 - samples/sec: 2216.66 - lr: 0.100000 - momentum: 0.000000
2025-12-22 21:27:58,925 epoch 58 - iter 26/29 - loss 0.20052501 - time (sec): 13.10 - samples/sec: 2220.28 - lr: 0.100000 - momentum: 0.000000
2025-12-22 21:28:00,342 epoch 58 - iter 28/29 - loss 0.20215885 - time (sec): 14.52 - samples/sec: 2144.86 - lr: 0.100000 - momentum: 0.000000
2025-12-22 21:28:00,698 ----------------------------------------------------------------------------------------------------
2025-12-22 21:28:00,698 EPOCH 58 done: loss 0.2021 - lr: 0.100000
2025-12-22 21:28:03,486 DEV : loss 0.1808614283800125 - f1-score (micro avg)  0.9482
2025-12-22 21:28:03,489  - 2 epochs without improvement
2025-12-22 21:28:03,491 ----------------------------------------------------------------------------------------------------
2025-12-22 21:28:04,592 epoch 59 - iter 2/29 - loss 0.17771623 - time (sec): 1.10 - samples/sec: 2051.93 - lr: 0.100000 - momentum: 0.000000
2025-12-22 21:28:05,464 epoch 59 - iter 4/29 - loss 0.17930860 - time (sec): 1.97 - samples/sec: 2261.99 - lr: 0.100000 - momentum: 0.000000
2025-12-22 21:28:06,220 epoch 59 - iter 6/29 - loss 0.18234137 - time (sec): 2.73 - samples/sec: 2315.46 - lr: 0.100000 - momentum: 0.000000
2025-12-22 21:28:07,101 epoch 59 - iter 8/29 - loss 0.18835155 - time (sec): 3.61 - samples/sec: 2365.38 - lr: 0.100000 - momentum: 0.000000
2025-12-22 21:28:08,473 epoch 59 - iter 10/29 - loss 0.19871752 - time (sec): 4.98 - samples/sec: 2164.53 - lr: 0.100000 - momentum: 0.000000
2025-12-22 21:28:09,452 epoch 59 - iter 12/29 - loss 0.19807077 - time (sec): 5.96 - samples/sec: 2181.87 - lr: 0.100000 - momentum: 0.000000
2025-12-22 21:28:10,659 epoch 59 - iter 14/29 - loss 0.19975846 - time (sec): 7.17 - samples/sec: 2150.95 - lr: 0.100000 - momentum: 0.000000
2025-12-22 21:28:11,676 epoch 59 - iter 16/29 - loss 0.20246395 - time (sec): 8.18 - samples/sec: 2178.58 - lr: 0.100000 - momentum: 0.000000
2025-12-22 21:28:12,765 epoch 59 - iter 18/29 - loss 0.19684290 - time (sec): 9.27 - samples/sec: 2162.20 - lr: 0.100000 - momentum: 0.000000
2025-12-22 21:28:13,983 epoch 59 - iter 20/29 - loss 0.19876845 - time (sec): 10.49 - samples/sec: 2117.36 - lr: 0.100000 - momentum: 0.000000
2025-12-22 21:28:15,004 epoch 59 - iter 22/29 - loss 0.19862730 - time (sec): 11.51 - samples/sec: 2123.16 - lr: 0.100000 - momentum: 0.000000
2025-12-22 21:28:15,903 epoch 59 - iter 24/29 - loss 0.19677322 - time (sec): 12.41 - samples/sec: 2144.64 - lr: 0.100000 - momentum: 0.000000
2025-12-22 21:28:17,076 epoch 59 - iter 26/29 - loss 0.19600053 - time (sec): 13.58 - samples/sec: 2140.67 - lr: 0.100000 - momentum: 0.000000
2025-12-22 21:28:17,884 epoch 59 - iter 28/29 - loss 0.19635966 - time (sec): 14.39 - samples/sec: 2159.57 - lr: 0.100000 - momentum: 0.000000
2025-12-22 21:28:18,255 ----------------------------------------------------------------------------------------------------
2025-12-22 21:28:18,255 EPOCH 59 done: loss 0.1962 - lr: 0.100000
2025-12-22 21:28:20,667 DEV : loss 0.1786767840385437 - f1-score (micro avg)  0.949
2025-12-22 21:28:20,670  - 0 epochs without improvement
2025-12-22 21:28:20,671 saving best model
2025-12-22 21:28:20,692 ----------------------------------------------------------------------------------------------------
2025-12-22 21:28:21,796 epoch 60 - iter 2/29 - loss 0.18264001 - time (sec): 1.10 - samples/sec: 1900.93 - lr: 0.100000 - momentum: 0.000000
2025-12-22 21:28:22,806 epoch 60 - iter 4/29 - loss 0.19684845 - time (sec): 2.11 - samples/sec: 2007.97 - lr: 0.100000 - momentum: 0.000000
2025-12-22 21:28:23,718 epoch 60 - iter 6/29 - loss 0.19711059 - time (sec): 3.02 - samples/sec: 2153.19 - lr: 0.100000 - momentum: 0.000000
2025-12-22 21:28:24,549 epoch 60 - iter 8/29 - loss 0.19359511 - time (sec): 3.86 - samples/sec: 2244.40 - lr: 0.100000 - momentum: 0.000000
2025-12-22 21:28:25,383 epoch 60 - iter 10/29 - loss 0.19213312 - time (sec): 4.69 - samples/sec: 2279.15 - lr: 0.100000 - momentum: 0.000000
2025-12-22 21:28:26,297 epoch 60 - iter 12/29 - loss 0.19372721 - time (sec): 5.60 - samples/sec: 2281.66 - lr: 0.100000 - momentum: 0.000000
2025-12-22 21:28:27,397 epoch 60 - iter 14/29 - loss 0.19419250 - time (sec): 6.70 - samples/sec: 2266.74 - lr: 0.100000 - momentum: 0.000000
2025-12-22 21:28:28,488 epoch 60 - iter 16/29 - loss 0.19893232 - time (sec): 7.80 - samples/sec: 2274.31 - lr: 0.100000 - momentum: 0.000000
2025-12-22 21:28:29,539 epoch 60 - iter 18/29 - loss 0.19564427 - time (sec): 8.85 - samples/sec: 2254.33 - lr: 0.100000 - momentum: 0.000000
2025-12-22 21:28:30,477 epoch 60 - iter 20/29 - loss 0.19400522 - time (sec): 9.78 - samples/sec: 2253.32 - lr: 0.100000 - momentum: 0.000000
2025-12-22 21:28:31,642 epoch 60 - iter 22/29 - loss 0.19449848 - time (sec): 10.95 - samples/sec: 2223.45 - lr: 0.100000 - momentum: 0.000000
2025-12-22 21:28:32,551 epoch 60 - iter 24/29 - loss 0.19356924 - time (sec): 11.86 - samples/sec: 2241.44 - lr: 0.100000 - momentum: 0.000000
2025-12-22 21:28:33,784 epoch 60 - iter 26/29 - loss 0.19277390 - time (sec): 13.09 - samples/sec: 2206.47 - lr: 0.100000 - momentum: 0.000000
2025-12-22 21:28:34,822 epoch 60 - iter 28/29 - loss 0.19486681 - time (sec): 14.13 - samples/sec: 2206.98 - lr: 0.100000 - momentum: 0.000000
2025-12-22 21:28:35,097 ----------------------------------------------------------------------------------------------------
2025-12-22 21:28:35,097 EPOCH 60 done: loss 0.1950 - lr: 0.100000
2025-12-22 21:28:37,939 DEV : loss 0.1768241822719574 - f1-score (micro avg)  0.9496
2025-12-22 21:28:37,942  - 0 epochs without improvement
2025-12-22 21:28:37,942 saving best model
2025-12-22 21:28:37,962 ----------------------------------------------------------------------------------------------------
2025-12-22 21:28:38,933 epoch 61 - iter 2/29 - loss 0.21911207 - time (sec): 0.97 - samples/sec: 2275.14 - lr: 0.100000 - momentum: 0.000000
2025-12-22 21:28:39,814 epoch 61 - iter 4/29 - loss 0.20439333 - time (sec): 1.85 - samples/sec: 2375.33 - lr: 0.100000 - momentum: 0.000000
2025-12-22 21:28:40,471 epoch 61 - iter 6/29 - loss 0.19978703 - time (sec): 2.51 - samples/sec: 2535.51 - lr: 0.100000 - momentum: 0.000000
2025-12-22 21:28:41,474 epoch 61 - iter 8/29 - loss 0.19863761 - time (sec): 3.51 - samples/sec: 2421.24 - lr: 0.100000 - momentum: 0.000000
2025-12-22 21:28:42,590 epoch 61 - iter 10/29 - loss 0.20159096 - time (sec): 4.63 - samples/sec: 2372.86 - lr: 0.100000 - momentum: 0.000000
2025-12-22 21:28:43,469 epoch 61 - iter 12/29 - loss 0.20170744 - time (sec): 5.51 - samples/sec: 2417.56 - lr: 0.100000 - momentum: 0.000000
2025-12-22 21:28:44,489 epoch 61 - iter 14/29 - loss 0.19646205 - time (sec): 6.53 - samples/sec: 2392.62 - lr: 0.100000 - momentum: 0.000000
2025-12-22 21:28:45,385 epoch 61 - iter 16/29 - loss 0.19612572 - time (sec): 7.42 - samples/sec: 2392.06 - lr: 0.100000 - momentum: 0.000000
2025-12-22 21:28:46,532 epoch 61 - iter 18/29 - loss 0.19406683 - time (sec): 8.57 - samples/sec: 2318.85 - lr: 0.100000 - momentum: 0.000000
2025-12-22 21:28:47,687 epoch 61 - iter 20/29 - loss 0.19115007 - time (sec): 9.72 - samples/sec: 2272.94 - lr: 0.100000 - momentum: 0.000000
2025-12-22 21:28:48,729 epoch 61 - iter 22/29 - loss 0.18951662 - time (sec): 10.77 - samples/sec: 2260.12 - lr: 0.100000 - momentum: 0.000000
2025-12-22 21:28:49,957 epoch 61 - iter 24/29 - loss 0.19014396 - time (sec): 11.99 - samples/sec: 2219.78 - lr: 0.100000 - momentum: 0.000000
2025-12-22 21:28:50,913 epoch 61 - iter 26/29 - loss 0.19255304 - time (sec): 12.95 - samples/sec: 2225.94 - lr: 0.100000 - momentum: 0.000000
2025-12-22 21:28:51,916 epoch 61 - iter 28/29 - loss 0.19447751 - time (sec): 13.95 - samples/sec: 2212.75 - lr: 0.100000 - momentum: 0.000000
2025-12-22 21:28:52,431 ----------------------------------------------------------------------------------------------------
2025-12-22 21:28:52,432 EPOCH 61 done: loss 0.1944 - lr: 0.100000
2025-12-22 21:28:55,130 DEV : loss 0.1892874538898468 - f1-score (micro avg)  0.9439
2025-12-22 21:28:55,133  - 1 epochs without improvement
2025-12-22 21:28:55,134 ----------------------------------------------------------------------------------------------------
2025-12-22 21:28:55,898 epoch 62 - iter 2/29 - loss 0.20248269 - time (sec): 0.76 - samples/sec: 2634.62 - lr: 0.100000 - momentum: 0.000000
2025-12-22 21:28:56,782 epoch 62 - iter 4/29 - loss 0.19269756 - time (sec): 1.65 - samples/sec: 2420.20 - lr: 0.100000 - momentum: 0.000000
2025-12-22 21:28:57,892 epoch 62 - iter 6/29 - loss 0.18052552 - time (sec): 2.76 - samples/sec: 2244.32 - lr: 0.100000 - momentum: 0.000000
2025-12-22 21:28:58,720 epoch 62 - iter 8/29 - loss 0.17910485 - time (sec): 3.59 - samples/sec: 2290.18 - lr: 0.100000 - momentum: 0.000000
2025-12-22 21:28:59,755 epoch 62 - iter 10/29 - loss 0.18505272 - time (sec): 4.62 - samples/sec: 2266.71 - lr: 0.100000 - momentum: 0.000000
2025-12-22 21:29:00,763 epoch 62 - iter 12/29 - loss 0.18649390 - time (sec): 5.63 - samples/sec: 2278.50 - lr: 0.100000 - momentum: 0.000000
2025-12-22 21:29:01,955 epoch 62 - iter 14/29 - loss 0.18859381 - time (sec): 6.82 - samples/sec: 2205.53 - lr: 0.100000 - momentum: 0.000000
2025-12-22 21:29:02,890 epoch 62 - iter 16/29 - loss 0.18988460 - time (sec): 7.76 - samples/sec: 2221.01 - lr: 0.100000 - momentum: 0.000000
2025-12-22 21:29:03,940 epoch 62 - iter 18/29 - loss 0.18950719 - time (sec): 8.81 - samples/sec: 2229.87 - lr: 0.100000 - momentum: 0.000000
2025-12-22 21:29:05,129 epoch 62 - iter 20/29 - loss 0.18772198 - time (sec): 9.99 - samples/sec: 2222.08 - lr: 0.100000 - momentum: 0.000000
2025-12-22 21:29:06,363 epoch 62 - iter 22/29 - loss 0.18746931 - time (sec): 11.23 - samples/sec: 2187.60 - lr: 0.100000 - momentum: 0.000000
2025-12-22 21:29:07,159 epoch 62 - iter 24/29 - loss 0.18993767 - time (sec): 12.02 - samples/sec: 2205.34 - lr: 0.100000 - momentum: 0.000000
2025-12-22 21:29:08,128 epoch 62 - iter 26/29 - loss 0.19037913 - time (sec): 12.99 - samples/sec: 2213.31 - lr: 0.100000 - momentum: 0.000000
2025-12-22 21:29:09,199 epoch 62 - iter 28/29 - loss 0.19051829 - time (sec): 14.06 - samples/sec: 2203.76 - lr: 0.100000 - momentum: 0.000000
2025-12-22 21:29:09,742 ----------------------------------------------------------------------------------------------------
2025-12-22 21:29:09,742 EPOCH 62 done: loss 0.1896 - lr: 0.100000
2025-12-22 21:29:12,328 DEV : loss 0.1796523779630661 - f1-score (micro avg)  0.9489
2025-12-22 21:29:12,334  - 2 epochs without improvement
2025-12-22 21:29:12,335 ----------------------------------------------------------------------------------------------------
2025-12-22 21:29:13,536 epoch 63 - iter 2/29 - loss 0.18764562 - time (sec): 1.20 - samples/sec: 1844.03 - lr: 0.100000 - momentum: 0.000000
2025-12-22 21:29:14,416 epoch 63 - iter 4/29 - loss 0.17693706 - time (sec): 2.08 - samples/sec: 2040.15 - lr: 0.100000 - momentum: 0.000000
2025-12-22 21:29:15,223 epoch 63 - iter 6/29 - loss 0.17712094 - time (sec): 2.89 - samples/sec: 2206.52 - lr: 0.100000 - momentum: 0.000000
2025-12-22 21:29:16,132 epoch 63 - iter 8/29 - loss 0.17757928 - time (sec): 3.80 - samples/sec: 2199.30 - lr: 0.100000 - momentum: 0.000000
2025-12-22 21:29:17,177 epoch 63 - iter 10/29 - loss 0.17580991 - time (sec): 4.84 - samples/sec: 2196.03 - lr: 0.100000 - momentum: 0.000000
2025-12-22 21:29:18,399 epoch 63 - iter 12/29 - loss 0.17815805 - time (sec): 6.06 - samples/sec: 2118.77 - lr: 0.100000 - momentum: 0.000000
2025-12-22 21:29:19,368 epoch 63 - iter 14/29 - loss 0.17560791 - time (sec): 7.03 - samples/sec: 2142.27 - lr: 0.100000 - momentum: 0.000000
2025-12-22 21:29:20,630 epoch 63 - iter 16/29 - loss 0.17687591 - time (sec): 8.30 - samples/sec: 2098.36 - lr: 0.100000 - momentum: 0.000000
2025-12-22 21:29:21,631 epoch 63 - iter 18/29 - loss 0.17804725 - time (sec): 9.30 - samples/sec: 2079.12 - lr: 0.100000 - momentum: 0.000000
2025-12-22 21:29:22,901 epoch 63 - iter 20/29 - loss 0.18005558 - time (sec): 10.57 - samples/sec: 2061.85 - lr: 0.100000 - momentum: 0.000000
2025-12-22 21:29:23,922 epoch 63 - iter 22/29 - loss 0.18061038 - time (sec): 11.59 - samples/sec: 2066.20 - lr: 0.100000 - momentum: 0.000000
2025-12-22 21:29:24,947 epoch 63 - iter 24/29 - loss 0.18179977 - time (sec): 12.61 - samples/sec: 2091.72 - lr: 0.100000 - momentum: 0.000000
2025-12-22 21:29:26,042 epoch 63 - iter 26/29 - loss 0.18410185 - time (sec): 13.71 - samples/sec: 2085.28 - lr: 0.100000 - momentum: 0.000000
2025-12-22 21:29:26,989 epoch 63 - iter 28/29 - loss 0.18417601 - time (sec): 14.65 - samples/sec: 2111.14 - lr: 0.100000 - momentum: 0.000000
2025-12-22 21:29:27,320 ----------------------------------------------------------------------------------------------------
2025-12-22 21:29:27,320 EPOCH 63 done: loss 0.1839 - lr: 0.100000
2025-12-22 21:29:29,920 DEV : loss 0.17452889680862427 - f1-score (micro avg)  0.9497
2025-12-22 21:29:29,924  - 0 epochs without improvement
2025-12-22 21:29:29,924 saving best model
2025-12-22 21:29:29,950 ----------------------------------------------------------------------------------------------------
2025-12-22 21:29:31,046 epoch 64 - iter 2/29 - loss 0.16745609 - time (sec): 1.10 - samples/sec: 1992.98 - lr: 0.100000 - momentum: 0.000000
2025-12-22 21:29:32,018 epoch 64 - iter 4/29 - loss 0.17003025 - time (sec): 2.07 - samples/sec: 2009.59 - lr: 0.100000 - momentum: 0.000000
2025-12-22 21:29:33,145 epoch 64 - iter 6/29 - loss 0.17604891 - time (sec): 3.19 - samples/sec: 2038.20 - lr: 0.100000 - momentum: 0.000000
2025-12-22 21:29:34,065 epoch 64 - iter 8/29 - loss 0.17615074 - time (sec): 4.11 - samples/sec: 2091.30 - lr: 0.100000 - momentum: 0.000000
2025-12-22 21:29:35,045 epoch 64 - iter 10/29 - loss 0.18047589 - time (sec): 5.09 - samples/sec: 2141.48 - lr: 0.100000 - momentum: 0.000000
2025-12-22 21:29:36,040 epoch 64 - iter 12/29 - loss 0.17994758 - time (sec): 6.09 - samples/sec: 2170.64 - lr: 0.100000 - momentum: 0.000000
2025-12-22 21:29:36,915 epoch 64 - iter 14/29 - loss 0.17672948 - time (sec): 6.96 - samples/sec: 2207.20 - lr: 0.100000 - momentum: 0.000000
2025-12-22 21:29:38,239 epoch 64 - iter 16/29 - loss 0.17685367 - time (sec): 8.29 - samples/sec: 2120.46 - lr: 0.100000 - momentum: 0.000000
2025-12-22 21:29:39,345 epoch 64 - iter 18/29 - loss 0.17899051 - time (sec): 9.39 - samples/sec: 2093.52 - lr: 0.100000 - momentum: 0.000000
2025-12-22 21:29:40,434 epoch 64 - iter 20/29 - loss 0.17607781 - time (sec): 10.48 - samples/sec: 2078.95 - lr: 0.100000 - momentum: 0.000000
2025-12-22 21:29:41,919 epoch 64 - iter 22/29 - loss 0.18221591 - time (sec): 11.97 - samples/sec: 2024.84 - lr: 0.100000 - momentum: 0.000000
2025-12-22 21:29:42,889 epoch 64 - iter 24/29 - loss 0.18461679 - time (sec): 12.94 - samples/sec: 2033.46 - lr: 0.100000 - momentum: 0.000000
2025-12-22 21:29:44,120 epoch 64 - iter 26/29 - loss 0.18336489 - time (sec): 14.17 - samples/sec: 2022.94 - lr: 0.100000 - momentum: 0.000000
2025-12-22 21:29:45,124 epoch 64 - iter 28/29 - loss 0.18389951 - time (sec): 15.17 - samples/sec: 2042.66 - lr: 0.100000 - momentum: 0.000000
2025-12-22 21:29:45,490 ----------------------------------------------------------------------------------------------------
2025-12-22 21:29:45,490 EPOCH 64 done: loss 0.1855 - lr: 0.100000
2025-12-22 21:29:48,140 DEV : loss 0.17272797226905823 - f1-score (micro avg)  0.9515
2025-12-22 21:29:48,143  - 0 epochs without improvement
2025-12-22 21:29:48,145 saving best model
2025-12-22 21:29:48,164 ----------------------------------------------------------------------------------------------------
2025-12-22 21:29:49,171 epoch 65 - iter 2/29 - loss 0.19750590 - time (sec): 1.01 - samples/sec: 2007.63 - lr: 0.100000 - momentum: 0.000000
2025-12-22 21:29:50,490 epoch 65 - iter 4/29 - loss 0.18759781 - time (sec): 2.33 - samples/sec: 1966.44 - lr: 0.100000 - momentum: 0.000000
2025-12-22 21:29:51,520 epoch 65 - iter 6/29 - loss 0.19017194 - time (sec): 3.36 - samples/sec: 2009.85 - lr: 0.100000 - momentum: 0.000000
2025-12-22 21:29:52,533 epoch 65 - iter 8/29 - loss 0.18435550 - time (sec): 4.37 - samples/sec: 2100.29 - lr: 0.100000 - momentum: 0.000000
2025-12-22 21:29:53,568 epoch 65 - iter 10/29 - loss 0.18320374 - time (sec): 5.40 - samples/sec: 2114.17 - lr: 0.100000 - momentum: 0.000000
2025-12-22 21:29:54,474 epoch 65 - iter 12/29 - loss 0.18317445 - time (sec): 6.31 - samples/sec: 2155.10 - lr: 0.100000 - momentum: 0.000000
2025-12-22 21:29:55,630 epoch 65 - iter 14/29 - loss 0.18255937 - time (sec): 7.47 - samples/sec: 2126.98 - lr: 0.100000 - momentum: 0.000000
2025-12-22 21:29:56,646 epoch 65 - iter 16/29 - loss 0.18169251 - time (sec): 8.48 - samples/sec: 2137.01 - lr: 0.100000 - momentum: 0.000000
2025-12-22 21:29:57,526 epoch 65 - iter 18/29 - loss 0.18219724 - time (sec): 9.36 - samples/sec: 2164.10 - lr: 0.100000 - momentum: 0.000000
2025-12-22 21:29:58,880 epoch 65 - iter 20/29 - loss 0.18101181 - time (sec): 10.72 - samples/sec: 2116.73 - lr: 0.100000 - momentum: 0.000000
2025-12-22 21:29:59,868 epoch 65 - iter 22/29 - loss 0.18059042 - time (sec): 11.70 - samples/sec: 2107.52 - lr: 0.100000 - momentum: 0.000000
2025-12-22 21:30:01,023 epoch 65 - iter 24/29 - loss 0.18087938 - time (sec): 12.86 - samples/sec: 2082.17 - lr: 0.100000 - momentum: 0.000000
2025-12-22 21:30:02,361 epoch 65 - iter 26/29 - loss 0.18230396 - time (sec): 14.20 - samples/sec: 2047.52 - lr: 0.100000 - momentum: 0.000000
2025-12-22 21:30:03,158 epoch 65 - iter 28/29 - loss 0.18141762 - time (sec): 14.99 - samples/sec: 2069.64 - lr: 0.100000 - momentum: 0.000000
2025-12-22 21:30:03,614 ----------------------------------------------------------------------------------------------------
2025-12-22 21:30:03,614 EPOCH 65 done: loss 0.1821 - lr: 0.100000
2025-12-22 21:30:06,092 DEV : loss 0.17595191299915314 - f1-score (micro avg)  0.9503
2025-12-22 21:30:06,098  - 1 epochs without improvement
2025-12-22 21:30:06,100 ----------------------------------------------------------------------------------------------------
2025-12-22 21:30:07,456 epoch 66 - iter 2/29 - loss 0.18775552 - time (sec): 1.36 - samples/sec: 1835.85 - lr: 0.100000 - momentum: 0.000000
2025-12-22 21:30:08,807 epoch 66 - iter 4/29 - loss 0.18230599 - time (sec): 2.71 - samples/sec: 1729.62 - lr: 0.100000 - momentum: 0.000000
2025-12-22 21:30:10,536 epoch 66 - iter 6/29 - loss 0.17968957 - time (sec): 4.44 - samples/sec: 1591.87 - lr: 0.100000 - momentum: 0.000000
2025-12-22 21:30:12,336 epoch 66 - iter 8/29 - loss 0.17669104 - time (sec): 6.24 - samples/sec: 1510.48 - lr: 0.100000 - momentum: 0.000000
2025-12-22 21:30:13,361 epoch 66 - iter 10/29 - loss 0.17314603 - time (sec): 7.26 - samples/sec: 1584.12 - lr: 0.100000 - momentum: 0.000000
2025-12-22 21:30:14,292 epoch 66 - iter 12/29 - loss 0.17188210 - time (sec): 8.19 - samples/sec: 1662.04 - lr: 0.100000 - momentum: 0.000000
2025-12-22 21:30:15,281 epoch 66 - iter 14/29 - loss 0.17244279 - time (sec): 9.18 - samples/sec: 1709.23 - lr: 0.100000 - momentum: 0.000000
2025-12-22 21:30:16,387 epoch 66 - iter 16/29 - loss 0.17181524 - time (sec): 10.29 - samples/sec: 1742.87 - lr: 0.100000 - momentum: 0.000000
2025-12-22 21:30:17,483 epoch 66 - iter 18/29 - loss 0.17152935 - time (sec): 11.38 - samples/sec: 1758.85 - lr: 0.100000 - momentum: 0.000000
2025-12-22 21:30:18,283 epoch 66 - iter 20/29 - loss 0.17186512 - time (sec): 12.18 - samples/sec: 1817.15 - lr: 0.100000 - momentum: 0.000000
2025-12-22 21:30:19,701 epoch 66 - iter 22/29 - loss 0.17199017 - time (sec): 13.60 - samples/sec: 1809.84 - lr: 0.100000 - momentum: 0.000000
2025-12-22 21:30:20,708 epoch 66 - iter 24/29 - loss 0.17405689 - time (sec): 14.61 - samples/sec: 1832.12 - lr: 0.100000 - momentum: 0.000000
2025-12-22 21:30:21,572 epoch 66 - iter 26/29 - loss 0.17301026 - time (sec): 15.47 - samples/sec: 1852.32 - lr: 0.100000 - momentum: 0.000000
2025-12-22 21:30:22,717 epoch 66 - iter 28/29 - loss 0.17437532 - time (sec): 16.62 - samples/sec: 1861.78 - lr: 0.100000 - momentum: 0.000000
2025-12-22 21:30:23,116 ----------------------------------------------------------------------------------------------------
2025-12-22 21:30:23,116 EPOCH 66 done: loss 0.1757 - lr: 0.100000
2025-12-22 21:30:26,111 DEV : loss 0.1747961789369583 - f1-score (micro avg)  0.951
2025-12-22 21:30:26,115  - 2 epochs without improvement
2025-12-22 21:30:26,116 ----------------------------------------------------------------------------------------------------
2025-12-22 21:30:27,522 epoch 67 - iter 2/29 - loss 0.18534870 - time (sec): 1.41 - samples/sec: 1696.70 - lr: 0.100000 - momentum: 0.000000
2025-12-22 21:30:28,479 epoch 67 - iter 4/29 - loss 0.18027021 - time (sec): 2.36 - samples/sec: 1923.90 - lr: 0.100000 - momentum: 0.000000
2025-12-22 21:30:29,620 epoch 67 - iter 6/29 - loss 0.17599950 - time (sec): 3.50 - samples/sec: 1905.73 - lr: 0.100000 - momentum: 0.000000
2025-12-22 21:30:30,952 epoch 67 - iter 8/29 - loss 0.17645941 - time (sec): 4.84 - samples/sec: 1888.96 - lr: 0.100000 - momentum: 0.000000
2025-12-22 21:30:32,403 epoch 67 - iter 10/29 - loss 0.17304715 - time (sec): 6.29 - samples/sec: 1796.49 - lr: 0.100000 - momentum: 0.000000
2025-12-22 21:30:33,455 epoch 67 - iter 12/29 - loss 0.17710740 - time (sec): 7.34 - samples/sec: 1833.55 - lr: 0.100000 - momentum: 0.000000
2025-12-22 21:30:34,389 epoch 67 - iter 14/29 - loss 0.17935898 - time (sec): 8.27 - samples/sec: 1890.91 - lr: 0.100000 - momentum: 0.000000
2025-12-22 21:30:35,335 epoch 67 - iter 16/29 - loss 0.17513333 - time (sec): 9.22 - samples/sec: 1936.31 - lr: 0.100000 - momentum: 0.000000
2025-12-22 21:30:36,451 epoch 67 - iter 18/29 - loss 0.17465777 - time (sec): 10.33 - samples/sec: 1935.43 - lr: 0.100000 - momentum: 0.000000
2025-12-22 21:30:37,860 epoch 67 - iter 20/29 - loss 0.17349148 - time (sec): 11.74 - samples/sec: 1905.28 - lr: 0.100000 - momentum: 0.000000
2025-12-22 21:30:38,818 epoch 67 - iter 22/29 - loss 0.17429087 - time (sec): 12.70 - samples/sec: 1916.63 - lr: 0.100000 - momentum: 0.000000
2025-12-22 21:30:40,239 epoch 67 - iter 24/29 - loss 0.17599194 - time (sec): 14.12 - samples/sec: 1875.72 - lr: 0.100000 - momentum: 0.000000
2025-12-22 21:30:41,613 epoch 67 - iter 26/29 - loss 0.17605321 - time (sec): 15.50 - samples/sec: 1861.70 - lr: 0.100000 - momentum: 0.000000
2025-12-22 21:30:43,090 epoch 67 - iter 28/29 - loss 0.17791903 - time (sec): 16.97 - samples/sec: 1832.98 - lr: 0.100000 - momentum: 0.000000
2025-12-22 21:30:43,440 ----------------------------------------------------------------------------------------------------
2025-12-22 21:30:43,440 EPOCH 67 done: loss 0.1772 - lr: 0.100000
2025-12-22 21:30:47,131 DEV : loss 0.18224333226680756 - f1-score (micro avg)  0.9495
2025-12-22 21:30:47,136  - 3 epochs without improvement
2025-12-22 21:30:47,137 ----------------------------------------------------------------------------------------------------
2025-12-22 21:30:48,346 epoch 68 - iter 2/29 - loss 0.17095040 - time (sec): 1.21 - samples/sec: 1976.12 - lr: 0.100000 - momentum: 0.000000
2025-12-22 21:30:49,381 epoch 68 - iter 4/29 - loss 0.16974703 - time (sec): 2.24 - samples/sec: 2055.23 - lr: 0.100000 - momentum: 0.000000
2025-12-22 21:30:50,541 epoch 68 - iter 6/29 - loss 0.17189304 - time (sec): 3.40 - samples/sec: 1988.46 - lr: 0.100000 - momentum: 0.000000
2025-12-22 21:30:51,529 epoch 68 - iter 8/29 - loss 0.17620073 - time (sec): 4.39 - samples/sec: 2031.75 - lr: 0.100000 - momentum: 0.000000
2025-12-22 21:30:52,715 epoch 68 - iter 10/29 - loss 0.17983380 - time (sec): 5.58 - samples/sec: 1957.04 - lr: 0.100000 - momentum: 0.000000
2025-12-22 21:30:53,843 epoch 68 - iter 12/29 - loss 0.17749892 - time (sec): 6.70 - samples/sec: 1982.73 - lr: 0.100000 - momentum: 0.000000
2025-12-22 21:30:54,989 epoch 68 - iter 14/29 - loss 0.17667732 - time (sec): 7.85 - samples/sec: 1989.18 - lr: 0.100000 - momentum: 0.000000
2025-12-22 21:30:56,563 epoch 68 - iter 16/29 - loss 0.17522963 - time (sec): 9.42 - samples/sec: 1913.22 - lr: 0.100000 - momentum: 0.000000
2025-12-22 21:30:57,725 epoch 68 - iter 18/29 - loss 0.17446050 - time (sec): 10.59 - samples/sec: 1910.71 - lr: 0.100000 - momentum: 0.000000
2025-12-22 21:30:58,807 epoch 68 - iter 20/29 - loss 0.17336477 - time (sec): 11.67 - samples/sec: 1920.47 - lr: 0.100000 - momentum: 0.000000
2025-12-22 21:31:00,144 epoch 68 - iter 22/29 - loss 0.17428038 - time (sec): 13.01 - samples/sec: 1872.84 - lr: 0.100000 - momentum: 0.000000
2025-12-22 21:31:01,292 epoch 68 - iter 24/29 - loss 0.17451576 - time (sec): 14.15 - samples/sec: 1886.11 - lr: 0.100000 - momentum: 0.000000
2025-12-22 21:31:02,939 epoch 68 - iter 26/29 - loss 0.17785768 - time (sec): 15.80 - samples/sec: 1847.55 - lr: 0.100000 - momentum: 0.000000
2025-12-22 21:31:04,212 epoch 68 - iter 28/29 - loss 0.17714074 - time (sec): 17.07 - samples/sec: 1820.06 - lr: 0.100000 - momentum: 0.000000
2025-12-22 21:31:04,594 ----------------------------------------------------------------------------------------------------
2025-12-22 21:31:04,594 EPOCH 68 done: loss 0.1783 - lr: 0.100000
2025-12-22 21:31:07,408 DEV : loss 0.18325787782669067 - f1-score (micro avg)  0.9476
2025-12-22 21:31:07,412  - 4 epochs without improvement (above 'patience')-> annealing learning_rate to [0.05]
2025-12-22 21:31:07,414 ----------------------------------------------------------------------------------------------------
2025-12-22 21:31:08,515 epoch 69 - iter 2/29 - loss 0.18014183 - time (sec): 1.10 - samples/sec: 2026.08 - lr: 0.050000 - momentum: 0.000000
2025-12-22 21:31:09,739 epoch 69 - iter 4/29 - loss 0.16752877 - time (sec): 2.32 - samples/sec: 1935.45 - lr: 0.050000 - momentum: 0.000000
2025-12-22 21:31:11,051 epoch 69 - iter 6/29 - loss 0.16451131 - time (sec): 3.64 - samples/sec: 1901.51 - lr: 0.050000 - momentum: 0.000000
2025-12-22 21:31:12,089 epoch 69 - iter 8/29 - loss 0.16510536 - time (sec): 4.67 - samples/sec: 1906.61 - lr: 0.050000 - momentum: 0.000000
2025-12-22 21:31:13,107 epoch 69 - iter 10/29 - loss 0.16093163 - time (sec): 5.69 - samples/sec: 1923.07 - lr: 0.050000 - momentum: 0.000000
2025-12-22 21:31:14,320 epoch 69 - iter 12/29 - loss 0.15968125 - time (sec): 6.91 - samples/sec: 1916.71 - lr: 0.050000 - momentum: 0.000000
2025-12-22 21:31:15,330 epoch 69 - iter 14/29 - loss 0.16031286 - time (sec): 7.92 - samples/sec: 1977.36 - lr: 0.050000 - momentum: 0.000000
2025-12-22 21:31:16,142 epoch 69 - iter 16/29 - loss 0.16041169 - time (sec): 8.73 - samples/sec: 2017.28 - lr: 0.050000 - momentum: 0.000000
2025-12-22 21:31:17,163 epoch 69 - iter 18/29 - loss 0.16144452 - time (sec): 9.75 - samples/sec: 2025.93 - lr: 0.050000 - momentum: 0.000000
2025-12-22 21:31:18,274 epoch 69 - iter 20/29 - loss 0.16589939 - time (sec): 10.86 - samples/sec: 2054.21 - lr: 0.050000 - momentum: 0.000000
2025-12-22 21:31:19,375 epoch 69 - iter 22/29 - loss 0.16674451 - time (sec): 11.96 - samples/sec: 2049.94 - lr: 0.050000 - momentum: 0.000000
2025-12-22 21:31:20,398 epoch 69 - iter 24/29 - loss 0.16734697 - time (sec): 12.98 - samples/sec: 2053.49 - lr: 0.050000 - momentum: 0.000000
2025-12-22 21:31:21,495 epoch 69 - iter 26/29 - loss 0.16679543 - time (sec): 14.08 - samples/sec: 2055.08 - lr: 0.050000 - momentum: 0.000000
2025-12-22 21:31:22,458 epoch 69 - iter 28/29 - loss 0.16812734 - time (sec): 15.04 - samples/sec: 2066.37 - lr: 0.050000 - momentum: 0.000000
2025-12-22 21:31:22,859 ----------------------------------------------------------------------------------------------------
2025-12-22 21:31:22,859 EPOCH 69 done: loss 0.1676 - lr: 0.050000
2025-12-22 21:31:25,965 DEV : loss 0.17131659388542175 - f1-score (micro avg)  0.952
2025-12-22 21:31:25,968  - 0 epochs without improvement
2025-12-22 21:31:25,970 saving best model
2025-12-22 21:31:25,994 ----------------------------------------------------------------------------------------------------
2025-12-22 21:31:27,199 epoch 70 - iter 2/29 - loss 0.17260998 - time (sec): 1.20 - samples/sec: 1979.73 - lr: 0.050000 - momentum: 0.000000
2025-12-22 21:31:28,163 epoch 70 - iter 4/29 - loss 0.16806801 - time (sec): 2.17 - samples/sec: 2159.66 - lr: 0.050000 - momentum: 0.000000
2025-12-22 21:31:29,144 epoch 70 - iter 6/29 - loss 0.16305350 - time (sec): 3.15 - samples/sec: 2169.65 - lr: 0.050000 - momentum: 0.000000
2025-12-22 21:31:30,276 epoch 70 - iter 8/29 - loss 0.16960092 - time (sec): 4.28 - samples/sec: 2149.28 - lr: 0.050000 - momentum: 0.000000
2025-12-22 21:31:31,319 epoch 70 - iter 10/29 - loss 0.16608785 - time (sec): 5.32 - samples/sec: 2140.74 - lr: 0.050000 - momentum: 0.000000
2025-12-22 21:31:32,136 epoch 70 - iter 12/29 - loss 0.16213939 - time (sec): 6.14 - samples/sec: 2171.90 - lr: 0.050000 - momentum: 0.000000
2025-12-22 21:31:33,128 epoch 70 - iter 14/29 - loss 0.16072394 - time (sec): 7.13 - samples/sec: 2182.48 - lr: 0.050000 - momentum: 0.000000
2025-12-22 21:31:34,161 epoch 70 - iter 16/29 - loss 0.15876353 - time (sec): 8.17 - samples/sec: 2177.73 - lr: 0.050000 - momentum: 0.000000
2025-12-22 21:31:35,388 epoch 70 - iter 18/29 - loss 0.15986724 - time (sec): 9.39 - samples/sec: 2115.87 - lr: 0.050000 - momentum: 0.000000
2025-12-22 21:31:36,238 epoch 70 - iter 20/29 - loss 0.15914687 - time (sec): 10.24 - samples/sec: 2147.01 - lr: 0.050000 - momentum: 0.000000
2025-12-22 21:31:37,288 epoch 70 - iter 22/29 - loss 0.15782842 - time (sec): 11.29 - samples/sec: 2138.24 - lr: 0.050000 - momentum: 0.000000
2025-12-22 21:31:38,691 epoch 70 - iter 24/29 - loss 0.15868048 - time (sec): 12.70 - samples/sec: 2087.03 - lr: 0.050000 - momentum: 0.000000
2025-12-22 21:31:39,864 epoch 70 - iter 26/29 - loss 0.15897512 - time (sec): 13.87 - samples/sec: 2069.60 - lr: 0.050000 - momentum: 0.000000
2025-12-22 21:31:41,292 epoch 70 - iter 28/29 - loss 0.16013505 - time (sec): 15.30 - samples/sec: 2026.90 - lr: 0.050000 - momentum: 0.000000
2025-12-22 21:31:41,674 ----------------------------------------------------------------------------------------------------
2025-12-22 21:31:41,674 EPOCH 70 done: loss 0.1620 - lr: 0.050000
2025-12-22 21:31:44,779 DEV : loss 0.16854843497276306 - f1-score (micro avg)  0.9523
2025-12-22 21:31:44,783  - 0 epochs without improvement
2025-12-22 21:31:44,784 saving best model
2025-12-22 21:31:44,805 ----------------------------------------------------------------------------------------------------
2025-12-22 21:31:46,075 epoch 71 - iter 2/29 - loss 0.19295214 - time (sec): 1.27 - samples/sec: 1916.62 - lr: 0.050000 - momentum: 0.000000
2025-12-22 21:31:46,938 epoch 71 - iter 4/29 - loss 0.17008056 - time (sec): 2.13 - samples/sec: 2135.75 - lr: 0.050000 - momentum: 0.000000
2025-12-22 21:31:47,745 epoch 71 - iter 6/29 - loss 0.16290900 - time (sec): 2.94 - samples/sec: 2234.21 - lr: 0.050000 - momentum: 0.000000
2025-12-22 21:31:48,870 epoch 71 - iter 8/29 - loss 0.16150287 - time (sec): 4.06 - samples/sec: 2128.69 - lr: 0.050000 - momentum: 0.000000
2025-12-22 21:31:49,972 epoch 71 - iter 10/29 - loss 0.16070594 - time (sec): 5.17 - samples/sec: 2122.34 - lr: 0.050000 - momentum: 0.000000
2025-12-22 21:31:51,054 epoch 71 - iter 12/29 - loss 0.16055534 - time (sec): 6.25 - samples/sec: 2146.59 - lr: 0.050000 - momentum: 0.000000
2025-12-22 21:31:51,978 epoch 71 - iter 14/29 - loss 0.15918718 - time (sec): 7.17 - samples/sec: 2218.06 - lr: 0.050000 - momentum: 0.000000
2025-12-22 21:31:53,007 epoch 71 - iter 16/29 - loss 0.15716771 - time (sec): 8.20 - samples/sec: 2215.45 - lr: 0.050000 - momentum: 0.000000
2025-12-22 21:31:54,138 epoch 71 - iter 18/29 - loss 0.16168900 - time (sec): 9.33 - samples/sec: 2185.13 - lr: 0.050000 - momentum: 0.000000
2025-12-22 21:31:55,101 epoch 71 - iter 20/29 - loss 0.16231391 - time (sec): 10.30 - samples/sec: 2187.41 - lr: 0.050000 - momentum: 0.000000
2025-12-22 21:31:56,343 epoch 71 - iter 22/29 - loss 0.16437514 - time (sec): 11.54 - samples/sec: 2159.96 - lr: 0.050000 - momentum: 0.000000
2025-12-22 21:31:57,353 epoch 71 - iter 24/29 - loss 0.16466875 - time (sec): 12.55 - samples/sec: 2173.74 - lr: 0.050000 - momentum: 0.000000
2025-12-22 21:31:58,369 epoch 71 - iter 26/29 - loss 0.16354808 - time (sec): 13.56 - samples/sec: 2153.85 - lr: 0.050000 - momentum: 0.000000
2025-12-22 21:31:59,148 epoch 71 - iter 28/29 - loss 0.16290330 - time (sec): 14.34 - samples/sec: 2164.61 - lr: 0.050000 - momentum: 0.000000
2025-12-22 21:31:59,644 ----------------------------------------------------------------------------------------------------
2025-12-22 21:31:59,645 EPOCH 71 done: loss 0.1631 - lr: 0.050000
2025-12-22 21:32:02,532 DEV : loss 0.16872529685497284 - f1-score (micro avg)  0.9523
2025-12-22 21:32:02,536  - 0 epochs without improvement
2025-12-22 21:32:02,537 saving best model
2025-12-22 21:32:02,559 ----------------------------------------------------------------------------------------------------
2025-12-22 21:32:04,011 epoch 72 - iter 2/29 - loss 0.13807410 - time (sec): 1.45 - samples/sec: 1671.80 - lr: 0.050000 - momentum: 0.000000
2025-12-22 21:32:04,921 epoch 72 - iter 4/29 - loss 0.13683583 - time (sec): 2.36 - samples/sec: 1907.23 - lr: 0.050000 - momentum: 0.000000
2025-12-22 21:32:05,971 epoch 72 - iter 6/29 - loss 0.15182545 - time (sec): 3.41 - samples/sec: 2073.89 - lr: 0.050000 - momentum: 0.000000
2025-12-22 21:32:06,930 epoch 72 - iter 8/29 - loss 0.15412795 - time (sec): 4.37 - samples/sec: 2103.20 - lr: 0.050000 - momentum: 0.000000
2025-12-22 21:32:08,119 epoch 72 - iter 10/29 - loss 0.15685718 - time (sec): 5.56 - samples/sec: 2058.50 - lr: 0.050000 - momentum: 0.000000
2025-12-22 21:32:09,377 epoch 72 - iter 12/29 - loss 0.16126839 - time (sec): 6.82 - samples/sec: 2020.03 - lr: 0.050000 - momentum: 0.000000
2025-12-22 21:32:10,438 epoch 72 - iter 14/29 - loss 0.16011550 - time (sec): 7.88 - samples/sec: 2041.23 - lr: 0.050000 - momentum: 0.000000
2025-12-22 21:32:11,500 epoch 72 - iter 16/29 - loss 0.15928363 - time (sec): 8.94 - samples/sec: 2046.02 - lr: 0.050000 - momentum: 0.000000
2025-12-22 21:32:12,490 epoch 72 - iter 18/29 - loss 0.16054808 - time (sec): 9.93 - samples/sec: 2056.02 - lr: 0.050000 - momentum: 0.000000
2025-12-22 21:32:13,250 epoch 72 - iter 20/29 - loss 0.16181407 - time (sec): 10.69 - samples/sec: 2083.95 - lr: 0.050000 - momentum: 0.000000
2025-12-22 21:32:14,135 epoch 72 - iter 22/29 - loss 0.16237094 - time (sec): 11.58 - samples/sec: 2098.73 - lr: 0.050000 - momentum: 0.000000
2025-12-22 21:32:15,027 epoch 72 - iter 24/29 - loss 0.16146631 - time (sec): 12.47 - samples/sec: 2127.06 - lr: 0.050000 - momentum: 0.000000
2025-12-22 21:32:16,160 epoch 72 - iter 26/29 - loss 0.16015031 - time (sec): 13.60 - samples/sec: 2126.85 - lr: 0.050000 - momentum: 0.000000
2025-12-22 21:32:17,091 epoch 72 - iter 28/29 - loss 0.16174642 - time (sec): 14.53 - samples/sec: 2130.48 - lr: 0.050000 - momentum: 0.000000
2025-12-22 21:32:17,711 ----------------------------------------------------------------------------------------------------
2025-12-22 21:32:17,711 EPOCH 72 done: loss 0.1623 - lr: 0.050000
2025-12-22 21:32:20,378 DEV : loss 0.16925767064094543 - f1-score (micro avg)  0.9528
2025-12-22 21:32:20,382  - 0 epochs without improvement
2025-12-22 21:32:20,382 saving best model
2025-12-22 21:32:20,403 ----------------------------------------------------------------------------------------------------
2025-12-22 21:32:21,556 epoch 73 - iter 2/29 - loss 0.17993029 - time (sec): 1.15 - samples/sec: 2041.94 - lr: 0.050000 - momentum: 0.000000
2025-12-22 21:32:22,669 epoch 73 - iter 4/29 - loss 0.16660501 - time (sec): 2.27 - samples/sec: 1978.53 - lr: 0.050000 - momentum: 0.000000
2025-12-22 21:32:23,576 epoch 73 - iter 6/29 - loss 0.15843998 - time (sec): 3.17 - samples/sec: 2080.36 - lr: 0.050000 - momentum: 0.000000
2025-12-22 21:32:24,578 epoch 73 - iter 8/29 - loss 0.15191017 - time (sec): 4.17 - samples/sec: 2142.47 - lr: 0.050000 - momentum: 0.000000
2025-12-22 21:32:25,519 epoch 73 - iter 10/29 - loss 0.14498588 - time (sec): 5.12 - samples/sec: 2172.93 - lr: 0.050000 - momentum: 0.000000
2025-12-22 21:32:26,576 epoch 73 - iter 12/29 - loss 0.14985980 - time (sec): 6.17 - samples/sec: 2186.41 - lr: 0.050000 - momentum: 0.000000
2025-12-22 21:32:27,415 epoch 73 - iter 14/29 - loss 0.15282007 - time (sec): 7.01 - samples/sec: 2223.07 - lr: 0.050000 - momentum: 0.000000
2025-12-22 21:32:28,187 epoch 73 - iter 16/29 - loss 0.15240870 - time (sec): 7.78 - samples/sec: 2238.82 - lr: 0.050000 - momentum: 0.000000
2025-12-22 21:32:28,981 epoch 73 - iter 18/29 - loss 0.15401865 - time (sec): 8.58 - samples/sec: 2280.50 - lr: 0.050000 - momentum: 0.000000
2025-12-22 21:32:30,201 epoch 73 - iter 20/29 - loss 0.15318987 - time (sec): 9.80 - samples/sec: 2236.49 - lr: 0.050000 - momentum: 0.000000
2025-12-22 21:32:31,327 epoch 73 - iter 22/29 - loss 0.15399228 - time (sec): 10.92 - samples/sec: 2210.70 - lr: 0.050000 - momentum: 0.000000
2025-12-22 21:32:32,255 epoch 73 - iter 24/29 - loss 0.15573831 - time (sec): 11.85 - samples/sec: 2211.99 - lr: 0.050000 - momentum: 0.000000
2025-12-22 21:32:33,418 epoch 73 - iter 26/29 - loss 0.15692456 - time (sec): 13.01 - samples/sec: 2208.53 - lr: 0.050000 - momentum: 0.000000
2025-12-22 21:32:34,478 epoch 73 - iter 28/29 - loss 0.15876493 - time (sec): 14.07 - samples/sec: 2213.54 - lr: 0.050000 - momentum: 0.000000
2025-12-22 21:32:34,838 ----------------------------------------------------------------------------------------------------
2025-12-22 21:32:34,838 EPOCH 73 done: loss 0.1587 - lr: 0.050000
2025-12-22 21:32:37,546 DEV : loss 0.17248761653900146 - f1-score (micro avg)  0.9512
2025-12-22 21:32:37,549  - 1 epochs without improvement
2025-12-22 21:32:37,550 ----------------------------------------------------------------------------------------------------
2025-12-22 21:32:38,643 epoch 74 - iter 2/29 - loss 0.15291004 - time (sec): 1.09 - samples/sec: 2074.36 - lr: 0.050000 - momentum: 0.000000
2025-12-22 21:32:39,865 epoch 74 - iter 4/29 - loss 0.15885343 - time (sec): 2.31 - samples/sec: 2111.86 - lr: 0.050000 - momentum: 0.000000
2025-12-22 21:32:40,802 epoch 74 - iter 6/29 - loss 0.16312081 - time (sec): 3.25 - samples/sec: 2101.60 - lr: 0.050000 - momentum: 0.000000
2025-12-22 21:32:41,999 epoch 74 - iter 8/29 - loss 0.16053773 - time (sec): 4.45 - samples/sec: 2036.01 - lr: 0.050000 - momentum: 0.000000
2025-12-22 21:32:43,065 epoch 74 - iter 10/29 - loss 0.16194926 - time (sec): 5.51 - samples/sec: 2034.09 - lr: 0.050000 - momentum: 0.000000
2025-12-22 21:32:44,046 epoch 74 - iter 12/29 - loss 0.16297077 - time (sec): 6.50 - samples/sec: 2056.10 - lr: 0.050000 - momentum: 0.000000
2025-12-22 21:32:44,925 epoch 74 - iter 14/29 - loss 0.16158644 - time (sec): 7.37 - samples/sec: 2107.81 - lr: 0.050000 - momentum: 0.000000
2025-12-22 21:32:46,106 epoch 74 - iter 16/29 - loss 0.15959594 - time (sec): 8.55 - samples/sec: 2068.29 - lr: 0.050000 - momentum: 0.000000
2025-12-22 21:32:47,050 epoch 74 - iter 18/29 - loss 0.16244011 - time (sec): 9.50 - samples/sec: 2102.50 - lr: 0.050000 - momentum: 0.000000
2025-12-22 21:32:48,265 epoch 74 - iter 20/29 - loss 0.16168783 - time (sec): 10.71 - samples/sec: 2081.30 - lr: 0.050000 - momentum: 0.000000
2025-12-22 21:32:49,136 epoch 74 - iter 22/29 - loss 0.16338129 - time (sec): 11.59 - samples/sec: 2093.72 - lr: 0.050000 - momentum: 0.000000
2025-12-22 21:32:50,120 epoch 74 - iter 24/29 - loss 0.16182441 - time (sec): 12.57 - samples/sec: 2105.67 - lr: 0.050000 - momentum: 0.000000
2025-12-22 21:32:50,958 epoch 74 - iter 26/29 - loss 0.16253989 - time (sec): 13.41 - samples/sec: 2142.80 - lr: 0.050000 - momentum: 0.000000
2025-12-22 21:32:51,863 epoch 74 - iter 28/29 - loss 0.16036322 - time (sec): 14.31 - samples/sec: 2166.17 - lr: 0.050000 - momentum: 0.000000
2025-12-22 21:32:52,272 ----------------------------------------------------------------------------------------------------
2025-12-22 21:32:52,272 EPOCH 74 done: loss 0.1596 - lr: 0.050000
2025-12-22 21:32:54,532 DEV : loss 0.16861411929130554 - f1-score (micro avg)  0.9529
2025-12-22 21:32:54,536  - 0 epochs without improvement
2025-12-22 21:32:54,537 saving best model
2025-12-22 21:32:54,560 ----------------------------------------------------------------------------------------------------
2025-12-22 21:32:55,469 epoch 75 - iter 2/29 - loss 0.15703619 - time (sec): 0.91 - samples/sec: 2479.15 - lr: 0.050000 - momentum: 0.000000
2025-12-22 21:32:56,449 epoch 75 - iter 4/29 - loss 0.15071396 - time (sec): 1.89 - samples/sec: 2364.27 - lr: 0.050000 - momentum: 0.000000
2025-12-22 21:32:57,794 epoch 75 - iter 6/29 - loss 0.14991177 - time (sec): 3.23 - samples/sec: 2114.14 - lr: 0.050000 - momentum: 0.000000
2025-12-22 21:32:58,885 epoch 75 - iter 8/29 - loss 0.15146414 - time (sec): 4.32 - samples/sec: 2110.47 - lr: 0.050000 - momentum: 0.000000
2025-12-22 21:33:00,187 epoch 75 - iter 10/29 - loss 0.15547907 - time (sec): 5.63 - samples/sec: 2008.99 - lr: 0.050000 - momentum: 0.000000
2025-12-22 21:33:01,655 epoch 75 - iter 12/29 - loss 0.15633374 - time (sec): 7.09 - samples/sec: 1921.63 - lr: 0.050000 - momentum: 0.000000
2025-12-22 21:33:02,703 epoch 75 - iter 14/29 - loss 0.15565105 - time (sec): 8.14 - samples/sec: 1945.43 - lr: 0.050000 - momentum: 0.000000
2025-12-22 21:33:03,595 epoch 75 - iter 16/29 - loss 0.15430649 - time (sec): 9.03 - samples/sec: 1989.13 - lr: 0.050000 - momentum: 0.000000
2025-12-22 21:33:04,598 epoch 75 - iter 18/29 - loss 0.15096594 - time (sec): 10.04 - samples/sec: 2003.42 - lr: 0.050000 - momentum: 0.000000
2025-12-22 21:33:05,545 epoch 75 - iter 20/29 - loss 0.15262180 - time (sec): 10.98 - samples/sec: 2035.24 - lr: 0.050000 - momentum: 0.000000
2025-12-22 21:33:06,612 epoch 75 - iter 22/29 - loss 0.15176794 - time (sec): 12.05 - samples/sec: 2032.22 - lr: 0.050000 - momentum: 0.000000
2025-12-22 21:33:07,577 epoch 75 - iter 24/29 - loss 0.15102473 - time (sec): 13.02 - samples/sec: 2055.38 - lr: 0.050000 - momentum: 0.000000
2025-12-22 21:33:08,569 epoch 75 - iter 26/29 - loss 0.15222167 - time (sec): 14.01 - samples/sec: 2062.56 - lr: 0.050000 - momentum: 0.000000
2025-12-22 21:33:09,345 epoch 75 - iter 28/29 - loss 0.15180422 - time (sec): 14.78 - samples/sec: 2098.33 - lr: 0.050000 - momentum: 0.000000
2025-12-22 21:33:09,769 ----------------------------------------------------------------------------------------------------
2025-12-22 21:33:09,769 EPOCH 75 done: loss 0.1519 - lr: 0.050000
2025-12-22 21:33:13,457 DEV : loss 0.17112718522548676 - f1-score (micro avg)  0.952
2025-12-22 21:33:13,467  - 1 epochs without improvement
2025-12-22 21:33:13,467 ----------------------------------------------------------------------------------------------------
2025-12-22 21:33:14,603 epoch 76 - iter 2/29 - loss 0.15020799 - time (sec): 1.14 - samples/sec: 1954.46 - lr: 0.050000 - momentum: 0.000000
2025-12-22 21:33:15,732 epoch 76 - iter 4/29 - loss 0.13858091 - time (sec): 2.26 - samples/sec: 2010.33 - lr: 0.050000 - momentum: 0.000000
2025-12-22 21:33:16,725 epoch 76 - iter 6/29 - loss 0.13857915 - time (sec): 3.26 - samples/sec: 1998.27 - lr: 0.050000 - momentum: 0.000000
2025-12-22 21:33:17,562 epoch 76 - iter 8/29 - loss 0.14666723 - time (sec): 4.09 - samples/sec: 2086.96 - lr: 0.050000 - momentum: 0.000000
2025-12-22 21:33:18,837 epoch 76 - iter 10/29 - loss 0.15140173 - time (sec): 5.37 - samples/sec: 1990.40 - lr: 0.050000 - momentum: 0.000000
2025-12-22 21:33:19,832 epoch 76 - iter 12/29 - loss 0.15070979 - time (sec): 6.36 - samples/sec: 1994.72 - lr: 0.050000 - momentum: 0.000000
2025-12-22 21:33:20,792 epoch 76 - iter 14/29 - loss 0.15231817 - time (sec): 7.32 - samples/sec: 2042.88 - lr: 0.050000 - momentum: 0.000000
2025-12-22 21:33:21,825 epoch 76 - iter 16/29 - loss 0.15456271 - time (sec): 8.36 - samples/sec: 2045.80 - lr: 0.050000 - momentum: 0.000000
2025-12-22 21:33:22,937 epoch 76 - iter 18/29 - loss 0.15395596 - time (sec): 9.47 - samples/sec: 2050.20 - lr: 0.050000 - momentum: 0.000000
2025-12-22 21:33:24,126 epoch 76 - iter 20/29 - loss 0.15674720 - time (sec): 10.66 - samples/sec: 2034.84 - lr: 0.050000 - momentum: 0.000000
2025-12-22 21:33:25,350 epoch 76 - iter 22/29 - loss 0.15708166 - time (sec): 11.88 - samples/sec: 2016.35 - lr: 0.050000 - momentum: 0.000000
2025-12-22 21:33:26,639 epoch 76 - iter 24/29 - loss 0.15654705 - time (sec): 13.17 - samples/sec: 1994.29 - lr: 0.050000 - momentum: 0.000000
2025-12-22 21:33:27,610 epoch 76 - iter 26/29 - loss 0.15523857 - time (sec): 14.14 - samples/sec: 2035.66 - lr: 0.050000 - momentum: 0.000000
2025-12-22 21:33:28,640 epoch 76 - iter 28/29 - loss 0.15663749 - time (sec): 15.17 - samples/sec: 2054.39 - lr: 0.050000 - momentum: 0.000000
2025-12-22 21:33:28,903 ----------------------------------------------------------------------------------------------------
2025-12-22 21:33:28,903 EPOCH 76 done: loss 0.1567 - lr: 0.050000
2025-12-22 21:33:31,685 DEV : loss 0.17064830660820007 - f1-score (micro avg)  0.9519
2025-12-22 21:33:31,689  - 2 epochs without improvement
2025-12-22 21:33:31,690 ----------------------------------------------------------------------------------------------------
2025-12-22 21:33:33,183 epoch 77 - iter 2/29 - loss 0.15640960 - time (sec): 1.49 - samples/sec: 1693.07 - lr: 0.050000 - momentum: 0.000000
2025-12-22 21:33:34,052 epoch 77 - iter 4/29 - loss 0.15794205 - time (sec): 2.36 - samples/sec: 1995.34 - lr: 0.050000 - momentum: 0.000000
2025-12-22 21:33:35,053 epoch 77 - iter 6/29 - loss 0.15854503 - time (sec): 3.36 - samples/sec: 2080.01 - lr: 0.050000 - momentum: 0.000000
2025-12-22 21:33:36,214 epoch 77 - iter 8/29 - loss 0.15919727 - time (sec): 4.52 - samples/sec: 2025.76 - lr: 0.050000 - momentum: 0.000000
2025-12-22 21:33:37,096 epoch 77 - iter 10/29 - loss 0.15373392 - time (sec): 5.41 - samples/sec: 2119.22 - lr: 0.050000 - momentum: 0.000000
2025-12-22 21:33:37,979 epoch 77 - iter 12/29 - loss 0.15535713 - time (sec): 6.29 - samples/sec: 2124.48 - lr: 0.050000 - momentum: 0.000000
2025-12-22 21:33:38,851 epoch 77 - iter 14/29 - loss 0.15880406 - time (sec): 7.16 - samples/sec: 2142.88 - lr: 0.050000 - momentum: 0.000000
2025-12-22 21:33:39,830 epoch 77 - iter 16/29 - loss 0.15686523 - time (sec): 8.14 - samples/sec: 2162.72 - lr: 0.050000 - momentum: 0.000000
2025-12-22 21:33:40,793 epoch 77 - iter 18/29 - loss 0.15716203 - time (sec): 9.10 - samples/sec: 2177.99 - lr: 0.050000 - momentum: 0.000000
2025-12-22 21:33:41,694 epoch 77 - iter 20/29 - loss 0.15734985 - time (sec): 10.00 - samples/sec: 2178.97 - lr: 0.050000 - momentum: 0.000000
2025-12-22 21:33:42,787 epoch 77 - iter 22/29 - loss 0.16095860 - time (sec): 11.10 - samples/sec: 2160.15 - lr: 0.050000 - momentum: 0.000000
2025-12-22 21:33:44,000 epoch 77 - iter 24/29 - loss 0.16023448 - time (sec): 12.31 - samples/sec: 2151.95 - lr: 0.050000 - momentum: 0.000000
2025-12-22 21:33:44,937 epoch 77 - iter 26/29 - loss 0.15967934 - time (sec): 13.25 - samples/sec: 2177.77 - lr: 0.050000 - momentum: 0.000000
2025-12-22 21:33:45,865 epoch 77 - iter 28/29 - loss 0.15852868 - time (sec): 14.17 - samples/sec: 2185.06 - lr: 0.050000 - momentum: 0.000000
2025-12-22 21:33:46,325 ----------------------------------------------------------------------------------------------------
2025-12-22 21:33:46,325 EPOCH 77 done: loss 0.1585 - lr: 0.050000
2025-12-22 21:33:48,688 DEV : loss 0.16858555376529694 - f1-score (micro avg)  0.9531
2025-12-22 21:33:48,692  - 0 epochs without improvement
2025-12-22 21:33:48,693 saving best model
2025-12-22 21:33:48,751 ----------------------------------------------------------------------------------------------------
2025-12-22 21:33:49,872 epoch 78 - iter 2/29 - loss 0.16438595 - time (sec): 1.12 - samples/sec: 1821.20 - lr: 0.050000 - momentum: 0.000000
2025-12-22 21:33:50,878 epoch 78 - iter 4/29 - loss 0.16393773 - time (sec): 2.13 - samples/sec: 2016.80 - lr: 0.050000 - momentum: 0.000000
2025-12-22 21:33:51,969 epoch 78 - iter 6/29 - loss 0.15876141 - time (sec): 3.22 - samples/sec: 1933.33 - lr: 0.050000 - momentum: 0.000000
2025-12-22 21:33:52,912 epoch 78 - iter 8/29 - loss 0.15545770 - time (sec): 4.16 - samples/sec: 2052.09 - lr: 0.050000 - momentum: 0.000000
2025-12-22 21:33:54,155 epoch 78 - iter 10/29 - loss 0.15679881 - time (sec): 5.40 - samples/sec: 1979.33 - lr: 0.050000 - momentum: 0.000000
2025-12-22 21:33:55,391 epoch 78 - iter 12/29 - loss 0.15686313 - time (sec): 6.64 - samples/sec: 1951.48 - lr: 0.050000 - momentum: 0.000000
2025-12-22 21:33:56,448 epoch 78 - iter 14/29 - loss 0.15704550 - time (sec): 7.70 - samples/sec: 1992.27 - lr: 0.050000 - momentum: 0.000000
2025-12-22 21:33:57,426 epoch 78 - iter 16/29 - loss 0.15517708 - time (sec): 8.67 - samples/sec: 2016.40 - lr: 0.050000 - momentum: 0.000000
2025-12-22 21:33:58,403 epoch 78 - iter 18/29 - loss 0.15557999 - time (sec): 9.65 - samples/sec: 2028.90 - lr: 0.050000 - momentum: 0.000000
2025-12-22 21:33:59,591 epoch 78 - iter 20/29 - loss 0.15481767 - time (sec): 10.84 - samples/sec: 2013.14 - lr: 0.050000 - momentum: 0.000000
2025-12-22 21:34:00,680 epoch 78 - iter 22/29 - loss 0.15482720 - time (sec): 11.93 - samples/sec: 2029.86 - lr: 0.050000 - momentum: 0.000000
2025-12-22 21:34:02,027 epoch 78 - iter 24/29 - loss 0.15411447 - time (sec): 13.28 - samples/sec: 1997.06 - lr: 0.050000 - momentum: 0.000000
2025-12-22 21:34:02,969 epoch 78 - iter 26/29 - loss 0.15493850 - time (sec): 14.22 - samples/sec: 2027.51 - lr: 0.050000 - momentum: 0.000000
2025-12-22 21:34:04,030 epoch 78 - iter 28/29 - loss 0.15356903 - time (sec): 15.28 - samples/sec: 2036.28 - lr: 0.050000 - momentum: 0.000000
2025-12-22 21:34:04,401 ----------------------------------------------------------------------------------------------------
2025-12-22 21:34:04,401 EPOCH 78 done: loss 0.1535 - lr: 0.050000
2025-12-22 21:34:07,210 DEV : loss 0.1688501089811325 - f1-score (micro avg)  0.9541
2025-12-22 21:34:07,214  - 0 epochs without improvement
2025-12-22 21:34:07,215 saving best model
2025-12-22 21:34:07,240 ----------------------------------------------------------------------------------------------------
2025-12-22 21:34:08,345 epoch 79 - iter 2/29 - loss 0.14478287 - time (sec): 1.10 - samples/sec: 1715.06 - lr: 0.050000 - momentum: 0.000000
2025-12-22 21:34:09,432 epoch 79 - iter 4/29 - loss 0.14833767 - time (sec): 2.19 - samples/sec: 1965.65 - lr: 0.050000 - momentum: 0.000000
2025-12-22 21:34:10,498 epoch 79 - iter 6/29 - loss 0.15043874 - time (sec): 3.26 - samples/sec: 2018.38 - lr: 0.050000 - momentum: 0.000000
2025-12-22 21:34:11,508 epoch 79 - iter 8/29 - loss 0.15204841 - time (sec): 4.27 - samples/sec: 2024.41 - lr: 0.050000 - momentum: 0.000000
2025-12-22 21:34:12,825 epoch 79 - iter 10/29 - loss 0.15014183 - time (sec): 5.58 - samples/sec: 1907.46 - lr: 0.050000 - momentum: 0.000000
2025-12-22 21:34:14,219 epoch 79 - iter 12/29 - loss 0.15243639 - time (sec): 6.98 - samples/sec: 1850.33 - lr: 0.050000 - momentum: 0.000000
2025-12-22 21:34:15,349 epoch 79 - iter 14/29 - loss 0.15568030 - time (sec): 8.11 - samples/sec: 1871.18 - lr: 0.050000 - momentum: 0.000000
2025-12-22 21:34:16,619 epoch 79 - iter 16/29 - loss 0.15797352 - time (sec): 9.38 - samples/sec: 1881.51 - lr: 0.050000 - momentum: 0.000000
2025-12-22 21:34:17,743 epoch 79 - iter 18/29 - loss 0.15747118 - time (sec): 10.50 - samples/sec: 1892.56 - lr: 0.050000 - momentum: 0.000000
2025-12-22 21:34:18,900 epoch 79 - iter 20/29 - loss 0.15607440 - time (sec): 11.66 - samples/sec: 1896.36 - lr: 0.050000 - momentum: 0.000000
2025-12-22 21:34:19,963 epoch 79 - iter 22/29 - loss 0.15654222 - time (sec): 12.72 - samples/sec: 1900.16 - lr: 0.050000 - momentum: 0.000000
2025-12-22 21:34:20,978 epoch 79 - iter 24/29 - loss 0.15612898 - time (sec): 13.74 - samples/sec: 1930.12 - lr: 0.050000 - momentum: 0.000000
2025-12-22 21:34:21,923 epoch 79 - iter 26/29 - loss 0.15451637 - time (sec): 14.68 - samples/sec: 1952.95 - lr: 0.050000 - momentum: 0.000000
2025-12-22 21:34:23,027 epoch 79 - iter 28/29 - loss 0.15329705 - time (sec): 15.79 - samples/sec: 1970.72 - lr: 0.050000 - momentum: 0.000000
2025-12-22 21:34:23,387 ----------------------------------------------------------------------------------------------------
2025-12-22 21:34:23,387 EPOCH 79 done: loss 0.1537 - lr: 0.050000
2025-12-22 21:34:26,628 DEV : loss 0.17071853578090668 - f1-score (micro avg)  0.9523
2025-12-22 21:34:26,637  - 1 epochs without improvement
2025-12-22 21:34:26,639 ----------------------------------------------------------------------------------------------------
2025-12-22 21:34:27,541 epoch 80 - iter 2/29 - loss 0.14300832 - time (sec): 0.90 - samples/sec: 2041.71 - lr: 0.050000 - momentum: 0.000000
2025-12-22 21:34:28,612 epoch 80 - iter 4/29 - loss 0.13885789 - time (sec): 1.97 - samples/sec: 2064.74 - lr: 0.050000 - momentum: 0.000000
2025-12-22 21:34:29,612 epoch 80 - iter 6/29 - loss 0.13518375 - time (sec): 2.97 - samples/sec: 2116.49 - lr: 0.050000 - momentum: 0.000000
2025-12-22 21:34:30,777 epoch 80 - iter 8/29 - loss 0.14669407 - time (sec): 4.14 - samples/sec: 2034.95 - lr: 0.050000 - momentum: 0.000000
2025-12-22 21:34:32,178 epoch 80 - iter 10/29 - loss 0.15054087 - time (sec): 5.54 - samples/sec: 1964.68 - lr: 0.050000 - momentum: 0.000000
2025-12-22 21:34:33,387 epoch 80 - iter 12/29 - loss 0.15184466 - time (sec): 6.75 - samples/sec: 1948.41 - lr: 0.050000 - momentum: 0.000000
2025-12-22 21:34:34,518 epoch 80 - iter 14/29 - loss 0.15087694 - time (sec): 7.88 - samples/sec: 1952.91 - lr: 0.050000 - momentum: 0.000000
2025-12-22 21:34:35,593 epoch 80 - iter 16/29 - loss 0.15462643 - time (sec): 8.95 - samples/sec: 2009.56 - lr: 0.050000 - momentum: 0.000000
2025-12-22 21:34:36,502 epoch 80 - iter 18/29 - loss 0.15422350 - time (sec): 9.86 - samples/sec: 2034.90 - lr: 0.050000 - momentum: 0.000000
2025-12-22 21:34:37,368 epoch 80 - iter 20/29 - loss 0.15457933 - time (sec): 10.73 - samples/sec: 2076.87 - lr: 0.050000 - momentum: 0.000000
2025-12-22 21:34:38,457 epoch 80 - iter 22/29 - loss 0.15702138 - time (sec): 11.82 - samples/sec: 2083.87 - lr: 0.050000 - momentum: 0.000000
2025-12-22 21:34:39,743 epoch 80 - iter 24/29 - loss 0.15901477 - time (sec): 13.10 - samples/sec: 2025.35 - lr: 0.050000 - momentum: 0.000000
2025-12-22 21:34:40,918 epoch 80 - iter 26/29 - loss 0.15859615 - time (sec): 14.28 - samples/sec: 2025.82 - lr: 0.050000 - momentum: 0.000000
2025-12-22 21:34:42,366 epoch 80 - iter 28/29 - loss 0.15860105 - time (sec): 15.73 - samples/sec: 1974.66 - lr: 0.050000 - momentum: 0.000000
2025-12-22 21:34:43,070 ----------------------------------------------------------------------------------------------------
2025-12-22 21:34:43,071 EPOCH 80 done: loss 0.1584 - lr: 0.050000
2025-12-22 21:34:45,526 DEV : loss 0.1674363762140274 - f1-score (micro avg)  0.9536
2025-12-22 21:34:45,530  - 2 epochs without improvement
2025-12-22 21:34:45,530 ----------------------------------------------------------------------------------------------------
2025-12-22 21:34:47,386 epoch 81 - iter 2/29 - loss 0.16109928 - time (sec): 1.86 - samples/sec: 1255.83 - lr: 0.050000 - momentum: 0.000000
2025-12-22 21:34:48,721 epoch 81 - iter 4/29 - loss 0.15103127 - time (sec): 3.19 - samples/sec: 1433.15 - lr: 0.050000 - momentum: 0.000000
2025-12-22 21:34:49,986 epoch 81 - iter 6/29 - loss 0.14555716 - time (sec): 4.46 - samples/sec: 1514.59 - lr: 0.050000 - momentum: 0.000000
2025-12-22 21:34:51,050 epoch 81 - iter 8/29 - loss 0.14618511 - time (sec): 5.52 - samples/sec: 1588.10 - lr: 0.050000 - momentum: 0.000000
2025-12-22 21:34:52,142 epoch 81 - iter 10/29 - loss 0.14883476 - time (sec): 6.61 - samples/sec: 1701.45 - lr: 0.050000 - momentum: 0.000000
2025-12-22 21:34:53,134 epoch 81 - iter 12/29 - loss 0.15166361 - time (sec): 7.60 - samples/sec: 1752.19 - lr: 0.050000 - momentum: 0.000000
2025-12-22 21:34:54,364 epoch 81 - iter 14/29 - loss 0.15518126 - time (sec): 8.83 - samples/sec: 1790.57 - lr: 0.050000 - momentum: 0.000000
2025-12-22 21:34:55,559 epoch 81 - iter 16/29 - loss 0.15268258 - time (sec): 10.03 - samples/sec: 1801.92 - lr: 0.050000 - momentum: 0.000000
2025-12-22 21:34:56,550 epoch 81 - iter 18/29 - loss 0.15336388 - time (sec): 11.02 - samples/sec: 1812.41 - lr: 0.050000 - momentum: 0.000000
2025-12-22 21:34:57,855 epoch 81 - iter 20/29 - loss 0.15415530 - time (sec): 12.32 - samples/sec: 1815.67 - lr: 0.050000 - momentum: 0.000000
2025-12-22 21:34:59,013 epoch 81 - iter 22/29 - loss 0.15425540 - time (sec): 13.48 - samples/sec: 1832.11 - lr: 0.050000 - momentum: 0.000000
2025-12-22 21:35:00,098 epoch 81 - iter 24/29 - loss 0.15420834 - time (sec): 14.57 - samples/sec: 1846.73 - lr: 0.050000 - momentum: 0.000000
2025-12-22 21:35:01,050 epoch 81 - iter 26/29 - loss 0.15472006 - time (sec): 15.52 - samples/sec: 1881.12 - lr: 0.050000 - momentum: 0.000000
2025-12-22 21:35:01,955 epoch 81 - iter 28/29 - loss 0.15590093 - time (sec): 16.42 - samples/sec: 1893.58 - lr: 0.050000 - momentum: 0.000000
2025-12-22 21:35:02,285 ----------------------------------------------------------------------------------------------------
2025-12-22 21:35:02,285 EPOCH 81 done: loss 0.1553 - lr: 0.050000
2025-12-22 21:35:05,138 DEV : loss 0.17070798575878143 - f1-score (micro avg)  0.9524
2025-12-22 21:35:05,142  - 3 epochs without improvement
2025-12-22 21:35:05,143 ----------------------------------------------------------------------------------------------------
2025-12-22 21:35:06,434 epoch 82 - iter 2/29 - loss 0.13865962 - time (sec): 1.29 - samples/sec: 1913.93 - lr: 0.050000 - momentum: 0.000000
2025-12-22 21:35:07,739 epoch 82 - iter 4/29 - loss 0.15280896 - time (sec): 2.60 - samples/sec: 1891.37 - lr: 0.050000 - momentum: 0.000000
2025-12-22 21:35:08,781 epoch 82 - iter 6/29 - loss 0.14897632 - time (sec): 3.64 - samples/sec: 1991.64 - lr: 0.050000 - momentum: 0.000000
2025-12-22 21:35:09,905 epoch 82 - iter 8/29 - loss 0.14484547 - time (sec): 4.76 - samples/sec: 2008.12 - lr: 0.050000 - momentum: 0.000000
2025-12-22 21:35:10,992 epoch 82 - iter 10/29 - loss 0.14326671 - time (sec): 5.85 - samples/sec: 1985.03 - lr: 0.050000 - momentum: 0.000000
2025-12-22 21:35:12,068 epoch 82 - iter 12/29 - loss 0.14713344 - time (sec): 6.93 - samples/sec: 1995.26 - lr: 0.050000 - momentum: 0.000000
2025-12-22 21:35:13,439 epoch 82 - iter 14/29 - loss 0.14660686 - time (sec): 8.30 - samples/sec: 1964.39 - lr: 0.050000 - momentum: 0.000000
2025-12-22 21:35:14,296 epoch 82 - iter 16/29 - loss 0.14824536 - time (sec): 9.15 - samples/sec: 2000.13 - lr: 0.050000 - momentum: 0.000000
2025-12-22 21:35:15,515 epoch 82 - iter 18/29 - loss 0.14890409 - time (sec): 10.37 - samples/sec: 1979.00 - lr: 0.050000 - momentum: 0.000000
2025-12-22 21:35:16,629 epoch 82 - iter 20/29 - loss 0.14871471 - time (sec): 11.49 - samples/sec: 1972.81 - lr: 0.050000 - momentum: 0.000000
2025-12-22 21:35:17,639 epoch 82 - iter 22/29 - loss 0.14889479 - time (sec): 12.50 - samples/sec: 1990.76 - lr: 0.050000 - momentum: 0.000000
2025-12-22 21:35:18,691 epoch 82 - iter 24/29 - loss 0.14757379 - time (sec): 13.55 - samples/sec: 1984.46 - lr: 0.050000 - momentum: 0.000000
2025-12-22 21:35:19,819 epoch 82 - iter 26/29 - loss 0.14772634 - time (sec): 14.68 - samples/sec: 1980.68 - lr: 0.050000 - momentum: 0.000000
2025-12-22 21:35:20,939 epoch 82 - iter 28/29 - loss 0.14735997 - time (sec): 15.80 - samples/sec: 1967.99 - lr: 0.050000 - momentum: 0.000000
2025-12-22 21:35:21,366 ----------------------------------------------------------------------------------------------------
2025-12-22 21:35:21,367 EPOCH 82 done: loss 0.1475 - lr: 0.050000
2025-12-22 21:35:24,683 DEV : loss 0.17200273275375366 - f1-score (micro avg)  0.9524
2025-12-22 21:35:24,688  - 4 epochs without improvement (above 'patience')-> annealing learning_rate to [0.025]
2025-12-22 21:35:24,689 ----------------------------------------------------------------------------------------------------
2025-12-22 21:35:25,666 epoch 83 - iter 2/29 - loss 0.13612219 - time (sec): 0.97 - samples/sec: 1944.29 - lr: 0.025000 - momentum: 0.000000
2025-12-22 21:35:27,072 epoch 83 - iter 4/29 - loss 0.14705394 - time (sec): 2.38 - samples/sec: 1732.12 - lr: 0.025000 - momentum: 0.000000
2025-12-22 21:35:28,113 epoch 83 - iter 6/29 - loss 0.14341341 - time (sec): 3.42 - samples/sec: 1861.58 - lr: 0.025000 - momentum: 0.000000
2025-12-22 21:35:29,208 epoch 83 - iter 8/29 - loss 0.15407731 - time (sec): 4.52 - samples/sec: 1884.00 - lr: 0.025000 - momentum: 0.000000
2025-12-22 21:35:30,065 epoch 83 - iter 10/29 - loss 0.15235949 - time (sec): 5.38 - samples/sec: 2008.87 - lr: 0.025000 - momentum: 0.000000
2025-12-22 21:35:31,268 epoch 83 - iter 12/29 - loss 0.15428446 - time (sec): 6.58 - samples/sec: 1997.55 - lr: 0.025000 - momentum: 0.000000
2025-12-22 21:35:32,418 epoch 83 - iter 14/29 - loss 0.15274012 - time (sec): 7.73 - samples/sec: 1971.97 - lr: 0.025000 - momentum: 0.000000
2025-12-22 21:35:33,407 epoch 83 - iter 16/29 - loss 0.15048519 - time (sec): 8.72 - samples/sec: 1992.52 - lr: 0.025000 - momentum: 0.000000
2025-12-22 21:35:34,363 epoch 83 - iter 18/29 - loss 0.14784264 - time (sec): 9.67 - samples/sec: 2017.95 - lr: 0.025000 - momentum: 0.000000
2025-12-22 21:35:35,373 epoch 83 - iter 20/29 - loss 0.14469396 - time (sec): 10.68 - samples/sec: 2023.10 - lr: 0.025000 - momentum: 0.000000
2025-12-22 21:35:36,475 epoch 83 - iter 22/29 - loss 0.14516239 - time (sec): 11.79 - samples/sec: 2022.00 - lr: 0.025000 - momentum: 0.000000
2025-12-22 21:35:37,572 epoch 83 - iter 24/29 - loss 0.14468689 - time (sec): 12.88 - samples/sec: 2020.71 - lr: 0.025000 - momentum: 0.000000
2025-12-22 21:35:39,076 epoch 83 - iter 26/29 - loss 0.14660278 - time (sec): 14.39 - samples/sec: 1995.62 - lr: 0.025000 - momentum: 0.000000
2025-12-22 21:35:40,100 epoch 83 - iter 28/29 - loss 0.14634980 - time (sec): 15.41 - samples/sec: 2012.10 - lr: 0.025000 - momentum: 0.000000
2025-12-22 21:35:40,675 ----------------------------------------------------------------------------------------------------
2025-12-22 21:35:40,675 EPOCH 83 done: loss 0.1466 - lr: 0.025000
2025-12-22 21:35:43,987 DEV : loss 0.16879770159721375 - f1-score (micro avg)  0.9537
2025-12-22 21:35:43,993  - 1 epochs without improvement
2025-12-22 21:35:43,994 ----------------------------------------------------------------------------------------------------
2025-12-22 21:35:45,434 epoch 84 - iter 2/29 - loss 0.13309126 - time (sec): 1.44 - samples/sec: 1523.44 - lr: 0.025000 - momentum: 0.000000
2025-12-22 21:35:46,464 epoch 84 - iter 4/29 - loss 0.13577697 - time (sec): 2.47 - samples/sec: 1705.42 - lr: 0.025000 - momentum: 0.000000
2025-12-22 21:35:47,779 epoch 84 - iter 6/29 - loss 0.14220706 - time (sec): 3.78 - samples/sec: 1725.96 - lr: 0.025000 - momentum: 0.000000
2025-12-22 21:35:48,956 epoch 84 - iter 8/29 - loss 0.13938336 - time (sec): 4.96 - samples/sec: 1811.76 - lr: 0.025000 - momentum: 0.000000
2025-12-22 21:35:50,029 epoch 84 - iter 10/29 - loss 0.13701945 - time (sec): 6.03 - samples/sec: 1893.22 - lr: 0.025000 - momentum: 0.000000
2025-12-22 21:35:51,417 epoch 84 - iter 12/29 - loss 0.14161860 - time (sec): 7.42 - samples/sec: 1830.52 - lr: 0.025000 - momentum: 0.000000
2025-12-22 21:35:52,779 epoch 84 - iter 14/29 - loss 0.14276291 - time (sec): 8.78 - samples/sec: 1820.56 - lr: 0.025000 - momentum: 0.000000
2025-12-22 21:35:53,912 epoch 84 - iter 16/29 - loss 0.14539886 - time (sec): 9.92 - samples/sec: 1840.92 - lr: 0.025000 - momentum: 0.000000
2025-12-22 21:35:54,938 epoch 84 - iter 18/29 - loss 0.14545233 - time (sec): 10.94 - samples/sec: 1875.53 - lr: 0.025000 - momentum: 0.000000
2025-12-22 21:35:56,305 epoch 84 - iter 20/29 - loss 0.14662014 - time (sec): 12.31 - samples/sec: 1850.40 - lr: 0.025000 - momentum: 0.000000
2025-12-22 21:35:57,239 epoch 84 - iter 22/29 - loss 0.14505005 - time (sec): 13.24 - samples/sec: 1875.91 - lr: 0.025000 - momentum: 0.000000
2025-12-22 21:35:58,336 epoch 84 - iter 24/29 - loss 0.14436734 - time (sec): 14.34 - samples/sec: 1900.65 - lr: 0.025000 - momentum: 0.000000
2025-12-22 21:35:59,220 epoch 84 - iter 26/29 - loss 0.14262213 - time (sec): 15.23 - samples/sec: 1928.12 - lr: 0.025000 - momentum: 0.000000
2025-12-22 21:36:00,226 epoch 84 - iter 28/29 - loss 0.14328768 - time (sec): 16.23 - samples/sec: 1926.32 - lr: 0.025000 - momentum: 0.000000
2025-12-22 21:36:00,490 ----------------------------------------------------------------------------------------------------
2025-12-22 21:36:00,490 EPOCH 84 done: loss 0.1446 - lr: 0.025000
2025-12-22 21:36:03,433 DEV : loss 0.16918052732944489 - f1-score (micro avg)  0.954
2025-12-22 21:36:03,436  - 2 epochs without improvement
2025-12-22 21:36:03,437 ----------------------------------------------------------------------------------------------------
2025-12-22 21:36:04,368 epoch 85 - iter 2/29 - loss 0.12386976 - time (sec): 0.93 - samples/sec: 2137.95 - lr: 0.025000 - momentum: 0.000000
2025-12-22 21:36:05,617 epoch 85 - iter 4/29 - loss 0.13302298 - time (sec): 2.18 - samples/sec: 2055.88 - lr: 0.025000 - momentum: 0.000000
2025-12-22 21:36:06,558 epoch 85 - iter 6/29 - loss 0.13052269 - time (sec): 3.12 - samples/sec: 2093.27 - lr: 0.025000 - momentum: 0.000000
2025-12-22 21:36:07,619 epoch 85 - iter 8/29 - loss 0.13099307 - time (sec): 4.18 - samples/sec: 2141.68 - lr: 0.025000 - momentum: 0.000000
2025-12-22 21:36:08,816 epoch 85 - iter 10/29 - loss 0.12674349 - time (sec): 5.38 - samples/sec: 2068.08 - lr: 0.025000 - momentum: 0.000000
2025-12-22 21:36:09,807 epoch 85 - iter 12/29 - loss 0.12580346 - time (sec): 6.37 - samples/sec: 2076.10 - lr: 0.025000 - momentum: 0.000000
2025-12-22 21:36:11,196 epoch 85 - iter 14/29 - loss 0.12590206 - time (sec): 7.76 - samples/sec: 2023.91 - lr: 0.025000 - momentum: 0.000000
2025-12-22 21:36:12,496 epoch 85 - iter 16/29 - loss 0.12856330 - time (sec): 9.06 - samples/sec: 1975.75 - lr: 0.025000 - momentum: 0.000000
2025-12-22 21:36:14,217 epoch 85 - iter 18/29 - loss 0.13342535 - time (sec): 10.78 - samples/sec: 1879.80 - lr: 0.025000 - momentum: 0.000000
2025-12-22 21:36:15,236 epoch 85 - iter 20/29 - loss 0.13534226 - time (sec): 11.80 - samples/sec: 1906.66 - lr: 0.025000 - momentum: 0.000000
2025-12-22 21:36:16,536 epoch 85 - iter 22/29 - loss 0.13786501 - time (sec): 13.10 - samples/sec: 1891.75 - lr: 0.025000 - momentum: 0.000000
2025-12-22 21:36:17,596 epoch 85 - iter 24/29 - loss 0.13994411 - time (sec): 14.16 - samples/sec: 1905.78 - lr: 0.025000 - momentum: 0.000000
2025-12-22 21:36:18,596 epoch 85 - iter 26/29 - loss 0.14149622 - time (sec): 15.16 - samples/sec: 1918.45 - lr: 0.025000 - momentum: 0.000000
2025-12-22 21:36:19,547 epoch 85 - iter 28/29 - loss 0.14135736 - time (sec): 16.11 - samples/sec: 1922.78 - lr: 0.025000 - momentum: 0.000000
2025-12-22 21:36:19,925 ----------------------------------------------------------------------------------------------------
2025-12-22 21:36:19,925 EPOCH 85 done: loss 0.1414 - lr: 0.025000
2025-12-22 21:36:22,717 DEV : loss 0.17041996121406555 - f1-score (micro avg)  0.9535
2025-12-22 21:36:22,720  - 3 epochs without improvement
2025-12-22 21:36:22,720 ----------------------------------------------------------------------------------------------------
2025-12-22 21:36:23,791 epoch 86 - iter 2/29 - loss 0.12922019 - time (sec): 1.07 - samples/sec: 2206.27 - lr: 0.025000 - momentum: 0.000000
2025-12-22 21:36:24,735 epoch 86 - iter 4/29 - loss 0.13471330 - time (sec): 2.01 - samples/sec: 2223.55 - lr: 0.025000 - momentum: 0.000000
2025-12-22 21:36:25,605 epoch 86 - iter 6/29 - loss 0.13274217 - time (sec): 2.88 - samples/sec: 2315.51 - lr: 0.025000 - momentum: 0.000000
2025-12-22 21:36:26,594 epoch 86 - iter 8/29 - loss 0.13442115 - time (sec): 3.87 - samples/sec: 2261.14 - lr: 0.025000 - momentum: 0.000000
2025-12-22 21:36:27,536 epoch 86 - iter 10/29 - loss 0.13514612 - time (sec): 4.82 - samples/sec: 2273.68 - lr: 0.025000 - momentum: 0.000000
2025-12-22 21:36:28,524 epoch 86 - iter 12/29 - loss 0.13802795 - time (sec): 5.80 - samples/sec: 2231.63 - lr: 0.025000 - momentum: 0.000000
2025-12-22 21:36:29,779 epoch 86 - iter 14/29 - loss 0.13905377 - time (sec): 7.06 - samples/sec: 2164.80 - lr: 0.025000 - momentum: 0.000000
2025-12-22 21:36:30,932 epoch 86 - iter 16/29 - loss 0.13927889 - time (sec): 8.21 - samples/sec: 2111.63 - lr: 0.025000 - momentum: 0.000000
2025-12-22 21:36:31,957 epoch 86 - iter 18/29 - loss 0.13719667 - time (sec): 9.24 - samples/sec: 2138.74 - lr: 0.025000 - momentum: 0.000000
2025-12-22 21:36:33,344 epoch 86 - iter 20/29 - loss 0.13900095 - time (sec): 10.62 - samples/sec: 2084.41 - lr: 0.025000 - momentum: 0.000000
2025-12-22 21:36:34,380 epoch 86 - iter 22/29 - loss 0.13958309 - time (sec): 11.66 - samples/sec: 2084.09 - lr: 0.025000 - momentum: 0.000000
2025-12-22 21:36:35,630 epoch 86 - iter 24/29 - loss 0.14237439 - time (sec): 12.91 - samples/sec: 2079.66 - lr: 0.025000 - momentum: 0.000000
2025-12-22 21:36:36,693 epoch 86 - iter 26/29 - loss 0.14108366 - time (sec): 13.97 - samples/sec: 2066.71 - lr: 0.025000 - momentum: 0.000000
2025-12-22 21:36:37,878 epoch 86 - iter 28/29 - loss 0.14053915 - time (sec): 15.16 - samples/sec: 2047.28 - lr: 0.025000 - momentum: 0.000000
2025-12-22 21:36:38,302 ----------------------------------------------------------------------------------------------------
2025-12-22 21:36:38,302 EPOCH 86 done: loss 0.1402 - lr: 0.025000
2025-12-22 21:36:40,905 DEV : loss 0.17047308385372162 - f1-score (micro avg)  0.9537
2025-12-22 21:36:40,909  - 4 epochs without improvement (above 'patience')-> annealing learning_rate to [0.0125]
2025-12-22 21:36:40,910 ----------------------------------------------------------------------------------------------------
2025-12-22 21:36:42,350 epoch 87 - iter 2/29 - loss 0.15252366 - time (sec): 1.44 - samples/sec: 1470.53 - lr: 0.012500 - momentum: 0.000000
2025-12-22 21:36:43,916 epoch 87 - iter 4/29 - loss 0.15025080 - time (sec): 3.00 - samples/sec: 1474.29 - lr: 0.012500 - momentum: 0.000000
2025-12-22 21:36:45,508 epoch 87 - iter 6/29 - loss 0.13811983 - time (sec): 4.60 - samples/sec: 1550.57 - lr: 0.012500 - momentum: 0.000000
2025-12-22 21:36:46,808 epoch 87 - iter 8/29 - loss 0.14232177 - time (sec): 5.90 - samples/sec: 1583.21 - lr: 0.012500 - momentum: 0.000000
2025-12-22 21:36:47,902 epoch 87 - iter 10/29 - loss 0.14023141 - time (sec): 6.99 - samples/sec: 1627.64 - lr: 0.012500 - momentum: 0.000000
2025-12-22 21:36:48,854 epoch 87 - iter 12/29 - loss 0.13654627 - time (sec): 7.94 - samples/sec: 1695.54 - lr: 0.012500 - momentum: 0.000000
2025-12-22 21:36:49,916 epoch 87 - iter 14/29 - loss 0.13536994 - time (sec): 9.01 - samples/sec: 1749.78 - lr: 0.012500 - momentum: 0.000000
2025-12-22 21:36:50,728 epoch 87 - iter 16/29 - loss 0.13748996 - time (sec): 9.82 - samples/sec: 1806.67 - lr: 0.012500 - momentum: 0.000000
2025-12-22 21:36:51,726 epoch 87 - iter 18/29 - loss 0.13734274 - time (sec): 10.82 - samples/sec: 1841.61 - lr: 0.012500 - momentum: 0.000000
2025-12-22 21:36:53,529 epoch 87 - iter 20/29 - loss 0.13695161 - time (sec): 12.62 - samples/sec: 1768.04 - lr: 0.012500 - momentum: 0.000000
2025-12-22 21:36:54,422 epoch 87 - iter 22/29 - loss 0.13804509 - time (sec): 13.51 - samples/sec: 1807.43 - lr: 0.012500 - momentum: 0.000000
2025-12-22 21:36:55,394 epoch 87 - iter 24/29 - loss 0.13919146 - time (sec): 14.48 - samples/sec: 1833.89 - lr: 0.012500 - momentum: 0.000000
2025-12-22 21:36:56,641 epoch 87 - iter 26/29 - loss 0.13959136 - time (sec): 15.73 - samples/sec: 1835.86 - lr: 0.012500 - momentum: 0.000000
2025-12-22 21:36:57,584 epoch 87 - iter 28/29 - loss 0.14108883 - time (sec): 16.67 - samples/sec: 1855.10 - lr: 0.012500 - momentum: 0.000000
2025-12-22 21:36:58,081 ----------------------------------------------------------------------------------------------------
2025-12-22 21:36:58,082 EPOCH 87 done: loss 0.1415 - lr: 0.012500
2025-12-22 21:37:01,205 DEV : loss 0.16947127878665924 - f1-score (micro avg)  0.9538
2025-12-22 21:37:01,208  - 1 epochs without improvement
2025-12-22 21:37:01,209 ----------------------------------------------------------------------------------------------------
2025-12-22 21:37:02,272 epoch 88 - iter 2/29 - loss 0.13400727 - time (sec): 1.06 - samples/sec: 2223.46 - lr: 0.012500 - momentum: 0.000000
2025-12-22 21:37:03,227 epoch 88 - iter 4/29 - loss 0.14447841 - time (sec): 2.02 - samples/sec: 2207.92 - lr: 0.012500 - momentum: 0.000000
2025-12-22 21:37:04,397 epoch 88 - iter 6/29 - loss 0.13612191 - time (sec): 3.19 - samples/sec: 2101.26 - lr: 0.012500 - momentum: 0.000000
2025-12-22 21:37:05,632 epoch 88 - iter 8/29 - loss 0.13971251 - time (sec): 4.42 - samples/sec: 1989.04 - lr: 0.012500 - momentum: 0.000000
2025-12-22 21:37:06,759 epoch 88 - iter 10/29 - loss 0.13848372 - time (sec): 5.55 - samples/sec: 1990.19 - lr: 0.012500 - momentum: 0.000000
2025-12-22 21:37:07,634 epoch 88 - iter 12/29 - loss 0.13781519 - time (sec): 6.42 - samples/sec: 2016.28 - lr: 0.012500 - momentum: 0.000000
2025-12-22 21:37:09,708 epoch 88 - iter 14/29 - loss 0.14091974 - time (sec): 8.50 - samples/sec: 1851.61 - lr: 0.012500 - momentum: 0.000000
2025-12-22 21:37:10,800 epoch 88 - iter 16/29 - loss 0.14357336 - time (sec): 9.59 - samples/sec: 1881.48 - lr: 0.012500 - momentum: 0.000000
2025-12-22 21:37:11,746 epoch 88 - iter 18/29 - loss 0.14167287 - time (sec): 10.54 - samples/sec: 1897.64 - lr: 0.012500 - momentum: 0.000000
2025-12-22 21:37:12,581 epoch 88 - iter 20/29 - loss 0.14119741 - time (sec): 11.37 - samples/sec: 1938.43 - lr: 0.012500 - momentum: 0.000000
2025-12-22 21:37:13,604 epoch 88 - iter 22/29 - loss 0.14250800 - time (sec): 12.39 - samples/sec: 1978.69 - lr: 0.012500 - momentum: 0.000000
2025-12-22 21:37:14,612 epoch 88 - iter 24/29 - loss 0.14153141 - time (sec): 13.40 - samples/sec: 2001.45 - lr: 0.012500 - momentum: 0.000000
2025-12-22 21:37:15,385 epoch 88 - iter 26/29 - loss 0.14235320 - time (sec): 14.18 - samples/sec: 2037.44 - lr: 0.012500 - momentum: 0.000000
2025-12-22 21:37:16,369 epoch 88 - iter 28/29 - loss 0.14138744 - time (sec): 15.16 - samples/sec: 2054.58 - lr: 0.012500 - momentum: 0.000000
2025-12-22 21:37:16,654 ----------------------------------------------------------------------------------------------------
2025-12-22 21:37:16,654 EPOCH 88 done: loss 0.1410 - lr: 0.012500
2025-12-22 21:37:19,179 DEV : loss 0.16826404631137848 - f1-score (micro avg)  0.954
2025-12-22 21:37:19,182  - 2 epochs without improvement
2025-12-22 21:37:19,182 ----------------------------------------------------------------------------------------------------
2025-12-22 21:37:20,202 epoch 89 - iter 2/29 - loss 0.12803756 - time (sec): 1.02 - samples/sec: 2014.40 - lr: 0.012500 - momentum: 0.000000
2025-12-22 21:37:21,293 epoch 89 - iter 4/29 - loss 0.14788805 - time (sec): 2.11 - samples/sec: 2178.76 - lr: 0.012500 - momentum: 0.000000
2025-12-22 21:37:22,060 epoch 89 - iter 6/29 - loss 0.13998670 - time (sec): 2.88 - samples/sec: 2307.45 - lr: 0.012500 - momentum: 0.000000
2025-12-22 21:37:22,982 epoch 89 - iter 8/29 - loss 0.13885560 - time (sec): 3.80 - samples/sec: 2302.62 - lr: 0.012500 - momentum: 0.000000
2025-12-22 21:37:24,032 epoch 89 - iter 10/29 - loss 0.14288345 - time (sec): 4.85 - samples/sec: 2224.05 - lr: 0.012500 - momentum: 0.000000
2025-12-22 21:37:24,805 epoch 89 - iter 12/29 - loss 0.14108930 - time (sec): 5.62 - samples/sec: 2238.01 - lr: 0.012500 - momentum: 0.000000
2025-12-22 21:37:26,001 epoch 89 - iter 14/29 - loss 0.13959288 - time (sec): 6.82 - samples/sec: 2204.00 - lr: 0.012500 - momentum: 0.000000
2025-12-22 21:37:27,117 epoch 89 - iter 16/29 - loss 0.13843650 - time (sec): 7.93 - samples/sec: 2172.20 - lr: 0.012500 - momentum: 0.000000
2025-12-22 21:37:28,037 epoch 89 - iter 18/29 - loss 0.13997726 - time (sec): 8.85 - samples/sec: 2190.89 - lr: 0.012500 - momentum: 0.000000
2025-12-22 21:37:29,264 epoch 89 - iter 20/29 - loss 0.13733821 - time (sec): 10.08 - samples/sec: 2160.55 - lr: 0.012500 - momentum: 0.000000
2025-12-22 21:37:30,226 epoch 89 - iter 22/29 - loss 0.13881778 - time (sec): 11.04 - samples/sec: 2179.24 - lr: 0.012500 - momentum: 0.000000
2025-12-22 21:37:31,094 epoch 89 - iter 24/29 - loss 0.13858590 - time (sec): 11.91 - samples/sec: 2206.65 - lr: 0.012500 - momentum: 0.000000
2025-12-22 21:37:32,374 epoch 89 - iter 26/29 - loss 0.13817557 - time (sec): 13.19 - samples/sec: 2181.14 - lr: 0.012500 - momentum: 0.000000
2025-12-22 21:37:33,322 epoch 89 - iter 28/29 - loss 0.13927837 - time (sec): 14.14 - samples/sec: 2193.44 - lr: 0.012500 - momentum: 0.000000
2025-12-22 21:37:33,743 ----------------------------------------------------------------------------------------------------
2025-12-22 21:37:33,743 EPOCH 89 done: loss 0.1387 - lr: 0.012500
2025-12-22 21:37:36,513 DEV : loss 0.16868361830711365 - f1-score (micro avg)  0.9539
2025-12-22 21:37:36,516  - 3 epochs without improvement
2025-12-22 21:37:36,517 ----------------------------------------------------------------------------------------------------
2025-12-22 21:37:37,340 epoch 90 - iter 2/29 - loss 0.14980206 - time (sec): 0.82 - samples/sec: 2435.93 - lr: 0.012500 - momentum: 0.000000
2025-12-22 21:37:38,541 epoch 90 - iter 4/29 - loss 0.15151846 - time (sec): 2.02 - samples/sec: 2197.29 - lr: 0.012500 - momentum: 0.000000
2025-12-22 21:37:39,486 epoch 90 - iter 6/29 - loss 0.15370896 - time (sec): 2.97 - samples/sec: 2297.38 - lr: 0.012500 - momentum: 0.000000
2025-12-22 21:37:40,372 epoch 90 - iter 8/29 - loss 0.15161855 - time (sec): 3.86 - samples/sec: 2376.29 - lr: 0.012500 - momentum: 0.000000
2025-12-22 21:37:41,240 epoch 90 - iter 10/29 - loss 0.14746839 - time (sec): 4.72 - samples/sec: 2415.42 - lr: 0.012500 - momentum: 0.000000
2025-12-22 21:37:42,192 epoch 90 - iter 12/29 - loss 0.14459287 - time (sec): 5.68 - samples/sec: 2368.22 - lr: 0.012500 - momentum: 0.000000
2025-12-22 21:37:43,229 epoch 90 - iter 14/29 - loss 0.14549587 - time (sec): 6.71 - samples/sec: 2350.92 - lr: 0.012500 - momentum: 0.000000
2025-12-22 21:37:44,129 epoch 90 - iter 16/29 - loss 0.14459567 - time (sec): 7.61 - samples/sec: 2342.11 - lr: 0.012500 - momentum: 0.000000
2025-12-22 21:37:44,992 epoch 90 - iter 18/29 - loss 0.14171227 - time (sec): 8.47 - samples/sec: 2342.90 - lr: 0.012500 - momentum: 0.000000
2025-12-22 21:37:46,120 epoch 90 - iter 20/29 - loss 0.14344096 - time (sec): 9.60 - samples/sec: 2327.70 - lr: 0.012500 - momentum: 0.000000
2025-12-22 21:37:47,017 epoch 90 - iter 22/29 - loss 0.14158043 - time (sec): 10.50 - samples/sec: 2336.59 - lr: 0.012500 - momentum: 0.000000
2025-12-22 21:37:48,169 epoch 90 - iter 24/29 - loss 0.14205985 - time (sec): 11.65 - samples/sec: 2300.89 - lr: 0.012500 - momentum: 0.000000
2025-12-22 21:37:49,229 epoch 90 - iter 26/29 - loss 0.14312378 - time (sec): 12.71 - samples/sec: 2279.42 - lr: 0.012500 - momentum: 0.000000
2025-12-22 21:37:50,097 epoch 90 - iter 28/29 - loss 0.14241305 - time (sec): 13.58 - samples/sec: 2280.85 - lr: 0.012500 - momentum: 0.000000
2025-12-22 21:37:50,557 ----------------------------------------------------------------------------------------------------
2025-12-22 21:37:50,557 EPOCH 90 done: loss 0.1429 - lr: 0.012500
2025-12-22 21:37:53,205 DEV : loss 0.16823257505893707 - f1-score (micro avg)  0.9543
2025-12-22 21:37:53,210  - 0 epochs without improvement
2025-12-22 21:37:53,211 saving best model
2025-12-22 21:37:53,237 ----------------------------------------------------------------------------------------------------
2025-12-22 21:37:54,457 epoch 91 - iter 2/29 - loss 0.12387032 - time (sec): 1.22 - samples/sec: 1952.08 - lr: 0.012500 - momentum: 0.000000
2025-12-22 21:37:55,625 epoch 91 - iter 4/29 - loss 0.13412633 - time (sec): 2.39 - samples/sec: 1985.76 - lr: 0.012500 - momentum: 0.000000
2025-12-22 21:37:56,590 epoch 91 - iter 6/29 - loss 0.14653387 - time (sec): 3.35 - samples/sec: 2142.49 - lr: 0.012500 - momentum: 0.000000
2025-12-22 21:37:57,455 epoch 91 - iter 8/29 - loss 0.15097578 - time (sec): 4.22 - samples/sec: 2193.35 - lr: 0.012500 - momentum: 0.000000
2025-12-22 21:37:58,367 epoch 91 - iter 10/29 - loss 0.15426505 - time (sec): 5.13 - samples/sec: 2225.98 - lr: 0.012500 - momentum: 0.000000
2025-12-22 21:37:59,083 epoch 91 - iter 12/29 - loss 0.14939164 - time (sec): 5.85 - samples/sec: 2295.06 - lr: 0.012500 - momentum: 0.000000
2025-12-22 21:38:00,036 epoch 91 - iter 14/29 - loss 0.15152679 - time (sec): 6.80 - samples/sec: 2265.46 - lr: 0.012500 - momentum: 0.000000
2025-12-22 21:38:01,024 epoch 91 - iter 16/29 - loss 0.14927337 - time (sec): 7.79 - samples/sec: 2260.80 - lr: 0.012500 - momentum: 0.000000
2025-12-22 21:38:02,156 epoch 91 - iter 18/29 - loss 0.14771555 - time (sec): 8.92 - samples/sec: 2246.40 - lr: 0.012500 - momentum: 0.000000
2025-12-22 21:38:02,991 epoch 91 - iter 20/29 - loss 0.14661336 - time (sec): 9.75 - samples/sec: 2283.10 - lr: 0.012500 - momentum: 0.000000
2025-12-22 21:38:04,268 epoch 91 - iter 22/29 - loss 0.14729861 - time (sec): 11.03 - samples/sec: 2262.91 - lr: 0.012500 - momentum: 0.000000
2025-12-22 21:38:05,001 epoch 91 - iter 24/29 - loss 0.14653461 - time (sec): 11.76 - samples/sec: 2292.24 - lr: 0.012500 - momentum: 0.000000
2025-12-22 21:38:05,985 epoch 91 - iter 26/29 - loss 0.14592710 - time (sec): 12.75 - samples/sec: 2264.67 - lr: 0.012500 - momentum: 0.000000
2025-12-22 21:38:07,041 epoch 91 - iter 28/29 - loss 0.14466106 - time (sec): 13.80 - samples/sec: 2254.35 - lr: 0.012500 - momentum: 0.000000
2025-12-22 21:38:07,337 ----------------------------------------------------------------------------------------------------
2025-12-22 21:38:07,337 EPOCH 91 done: loss 0.1443 - lr: 0.012500
2025-12-22 21:38:10,000 DEV : loss 0.16805735230445862 - f1-score (micro avg)  0.9546
2025-12-22 21:38:10,004  - 0 epochs without improvement
2025-12-22 21:38:10,004 saving best model
2025-12-22 21:38:10,024 ----------------------------------------------------------------------------------------------------
2025-12-22 21:38:10,918 epoch 92 - iter 2/29 - loss 0.14803381 - time (sec): 0.89 - samples/sec: 2579.37 - lr: 0.012500 - momentum: 0.000000
2025-12-22 21:38:12,182 epoch 92 - iter 4/29 - loss 0.14610119 - time (sec): 2.16 - samples/sec: 2069.64 - lr: 0.012500 - momentum: 0.000000
2025-12-22 21:38:13,255 epoch 92 - iter 6/29 - loss 0.14165292 - time (sec): 3.23 - samples/sec: 2083.93 - lr: 0.012500 - momentum: 0.000000
2025-12-22 21:38:14,246 epoch 92 - iter 8/29 - loss 0.14368654 - time (sec): 4.22 - samples/sec: 2122.91 - lr: 0.012500 - momentum: 0.000000
2025-12-22 21:38:15,406 epoch 92 - iter 10/29 - loss 0.14417627 - time (sec): 5.38 - samples/sec: 2090.61 - lr: 0.012500 - momentum: 0.000000
2025-12-22 21:38:16,201 epoch 92 - iter 12/29 - loss 0.14250807 - time (sec): 6.18 - samples/sec: 2162.19 - lr: 0.012500 - momentum: 0.000000
2025-12-22 21:38:17,356 epoch 92 - iter 14/29 - loss 0.14138842 - time (sec): 7.33 - samples/sec: 2106.74 - lr: 0.012500 - momentum: 0.000000
2025-12-22 21:38:18,225 epoch 92 - iter 16/29 - loss 0.13914822 - time (sec): 8.20 - samples/sec: 2130.49 - lr: 0.012500 - momentum: 0.000000
2025-12-22 21:38:19,435 epoch 92 - iter 18/29 - loss 0.14142246 - time (sec): 9.41 - samples/sec: 2112.59 - lr: 0.012500 - momentum: 0.000000
2025-12-22 21:38:20,305 epoch 92 - iter 20/29 - loss 0.14085987 - time (sec): 10.28 - samples/sec: 2148.41 - lr: 0.012500 - momentum: 0.000000
2025-12-22 21:38:21,275 epoch 92 - iter 22/29 - loss 0.13865099 - time (sec): 11.25 - samples/sec: 2157.38 - lr: 0.012500 - momentum: 0.000000
2025-12-22 21:38:22,413 epoch 92 - iter 24/29 - loss 0.14056683 - time (sec): 12.39 - samples/sec: 2144.01 - lr: 0.012500 - momentum: 0.000000
2025-12-22 21:38:23,604 epoch 92 - iter 26/29 - loss 0.14058326 - time (sec): 13.58 - samples/sec: 2129.71 - lr: 0.012500 - momentum: 0.000000
2025-12-22 21:38:24,484 epoch 92 - iter 28/29 - loss 0.13954707 - time (sec): 14.46 - samples/sec: 2153.37 - lr: 0.012500 - momentum: 0.000000
2025-12-22 21:38:24,865 ----------------------------------------------------------------------------------------------------
2025-12-22 21:38:24,865 EPOCH 92 done: loss 0.1397 - lr: 0.012500
2025-12-22 21:38:27,397 DEV : loss 0.1681113988161087 - f1-score (micro avg)  0.9545
2025-12-22 21:38:27,401  - 1 epochs without improvement
2025-12-22 21:38:27,402 ----------------------------------------------------------------------------------------------------
2025-12-22 21:38:28,314 epoch 93 - iter 2/29 - loss 0.13288161 - time (sec): 0.91 - samples/sec: 2601.66 - lr: 0.012500 - momentum: 0.000000
2025-12-22 21:38:29,280 epoch 93 - iter 4/29 - loss 0.13397424 - time (sec): 1.88 - samples/sec: 2431.57 - lr: 0.012500 - momentum: 0.000000
2025-12-22 21:38:30,117 epoch 93 - iter 6/29 - loss 0.13365788 - time (sec): 2.71 - samples/sec: 2388.32 - lr: 0.012500 - momentum: 0.000000
2025-12-22 21:38:30,914 epoch 93 - iter 8/29 - loss 0.13429564 - time (sec): 3.51 - samples/sec: 2362.73 - lr: 0.012500 - momentum: 0.000000
2025-12-22 21:38:31,729 epoch 93 - iter 10/29 - loss 0.13356963 - time (sec): 4.33 - samples/sec: 2416.05 - lr: 0.012500 - momentum: 0.000000
2025-12-22 21:38:32,646 epoch 93 - iter 12/29 - loss 0.13979081 - time (sec): 5.24 - samples/sec: 2447.22 - lr: 0.012500 - momentum: 0.000000
2025-12-22 21:38:33,672 epoch 93 - iter 14/29 - loss 0.13765439 - time (sec): 6.27 - samples/sec: 2416.47 - lr: 0.012500 - momentum: 0.000000
2025-12-22 21:38:35,099 epoch 93 - iter 16/29 - loss 0.13758972 - time (sec): 7.70 - samples/sec: 2290.08 - lr: 0.012500 - momentum: 0.000000
2025-12-22 21:38:36,094 epoch 93 - iter 18/29 - loss 0.13634160 - time (sec): 8.69 - samples/sec: 2271.69 - lr: 0.012500 - momentum: 0.000000
2025-12-22 21:38:37,025 epoch 93 - iter 20/29 - loss 0.13554786 - time (sec): 9.62 - samples/sec: 2307.26 - lr: 0.012500 - momentum: 0.000000
2025-12-22 21:38:37,991 epoch 93 - iter 22/29 - loss 0.13402954 - time (sec): 10.59 - samples/sec: 2305.92 - lr: 0.012500 - momentum: 0.000000
2025-12-22 21:38:39,106 epoch 93 - iter 24/29 - loss 0.13636101 - time (sec): 11.70 - samples/sec: 2278.97 - lr: 0.012500 - momentum: 0.000000
2025-12-22 21:38:40,144 epoch 93 - iter 26/29 - loss 0.13548912 - time (sec): 12.74 - samples/sec: 2261.16 - lr: 0.012500 - momentum: 0.000000
2025-12-22 21:38:40,995 epoch 93 - iter 28/29 - loss 0.13409379 - time (sec): 13.59 - samples/sec: 2275.88 - lr: 0.012500 - momentum: 0.000000
2025-12-22 21:38:41,557 ----------------------------------------------------------------------------------------------------
2025-12-22 21:38:41,557 EPOCH 93 done: loss 0.1341 - lr: 0.012500
2025-12-22 21:38:44,048 DEV : loss 0.1680842936038971 - f1-score (micro avg)  0.9546
2025-12-22 21:38:44,051  - 2 epochs without improvement
2025-12-22 21:38:44,052 ----------------------------------------------------------------------------------------------------
2025-12-22 21:38:45,119 epoch 94 - iter 2/29 - loss 0.15054883 - time (sec): 1.07 - samples/sec: 2041.95 - lr: 0.012500 - momentum: 0.000000
2025-12-22 21:38:46,044 epoch 94 - iter 4/29 - loss 0.14301192 - time (sec): 1.99 - samples/sec: 2132.03 - lr: 0.012500 - momentum: 0.000000
2025-12-22 21:38:47,128 epoch 94 - iter 6/29 - loss 0.14119694 - time (sec): 3.08 - samples/sec: 2018.60 - lr: 0.012500 - momentum: 0.000000
2025-12-22 21:38:48,265 epoch 94 - iter 8/29 - loss 0.14510461 - time (sec): 4.21 - samples/sec: 2050.18 - lr: 0.012500 - momentum: 0.000000
2025-12-22 21:38:49,340 epoch 94 - iter 10/29 - loss 0.14435516 - time (sec): 5.29 - samples/sec: 2110.10 - lr: 0.012500 - momentum: 0.000000
2025-12-22 21:38:50,210 epoch 94 - iter 12/29 - loss 0.14227395 - time (sec): 6.16 - samples/sec: 2171.60 - lr: 0.012500 - momentum: 0.000000
2025-12-22 21:38:50,963 epoch 94 - iter 14/29 - loss 0.14119365 - time (sec): 6.91 - samples/sec: 2267.12 - lr: 0.012500 - momentum: 0.000000
2025-12-22 21:38:52,039 epoch 94 - iter 16/29 - loss 0.14253915 - time (sec): 7.99 - samples/sec: 2224.21 - lr: 0.012500 - momentum: 0.000000
2025-12-22 21:38:52,931 epoch 94 - iter 18/29 - loss 0.14227519 - time (sec): 8.88 - samples/sec: 2250.13 - lr: 0.012500 - momentum: 0.000000
2025-12-22 21:38:53,983 epoch 94 - iter 20/29 - loss 0.14087220 - time (sec): 9.93 - samples/sec: 2236.50 - lr: 0.012500 - momentum: 0.000000
2025-12-22 21:38:54,882 epoch 94 - iter 22/29 - loss 0.13836877 - time (sec): 10.83 - samples/sec: 2254.37 - lr: 0.012500 - momentum: 0.000000
2025-12-22 21:38:56,068 epoch 94 - iter 24/29 - loss 0.13800202 - time (sec): 12.02 - samples/sec: 2228.24 - lr: 0.012500 - momentum: 0.000000
2025-12-22 21:38:57,136 epoch 94 - iter 26/29 - loss 0.13965823 - time (sec): 13.08 - samples/sec: 2226.14 - lr: 0.012500 - momentum: 0.000000
2025-12-22 21:38:57,926 epoch 94 - iter 28/29 - loss 0.14085096 - time (sec): 13.87 - samples/sec: 2241.89 - lr: 0.012500 - momentum: 0.000000
2025-12-22 21:38:58,294 ----------------------------------------------------------------------------------------------------
2025-12-22 21:38:58,294 EPOCH 94 done: loss 0.1406 - lr: 0.012500
2025-12-22 21:39:01,120 DEV : loss 0.17041723430156708 - f1-score (micro avg)  0.9533
2025-12-22 21:39:01,123  - 3 epochs without improvement
2025-12-22 21:39:01,125 ----------------------------------------------------------------------------------------------------
2025-12-22 21:39:01,945 epoch 95 - iter 2/29 - loss 0.11159350 - time (sec): 0.82 - samples/sec: 2467.57 - lr: 0.012500 - momentum: 0.000000
2025-12-22 21:39:02,858 epoch 95 - iter 4/29 - loss 0.12712030 - time (sec): 1.73 - samples/sec: 2296.46 - lr: 0.012500 - momentum: 0.000000
2025-12-22 21:39:03,979 epoch 95 - iter 6/29 - loss 0.13782635 - time (sec): 2.85 - samples/sec: 2188.68 - lr: 0.012500 - momentum: 0.000000
2025-12-22 21:39:05,049 epoch 95 - iter 8/29 - loss 0.13836153 - time (sec): 3.92 - samples/sec: 2131.75 - lr: 0.012500 - momentum: 0.000000
2025-12-22 21:39:05,885 epoch 95 - iter 10/29 - loss 0.14327194 - time (sec): 4.76 - samples/sec: 2184.06 - lr: 0.012500 - momentum: 0.000000
2025-12-22 21:39:07,067 epoch 95 - iter 12/29 - loss 0.14260798 - time (sec): 5.94 - samples/sec: 2130.33 - lr: 0.012500 - momentum: 0.000000
2025-12-22 21:39:08,014 epoch 95 - iter 14/29 - loss 0.14296499 - time (sec): 6.89 - samples/sec: 2169.38 - lr: 0.012500 - momentum: 0.000000
2025-12-22 21:39:08,841 epoch 95 - iter 16/29 - loss 0.14137275 - time (sec): 7.72 - samples/sec: 2217.50 - lr: 0.012500 - momentum: 0.000000
2025-12-22 21:39:09,537 epoch 95 - iter 18/29 - loss 0.14320805 - time (sec): 8.41 - samples/sec: 2259.69 - lr: 0.012500 - momentum: 0.000000
2025-12-22 21:39:10,654 epoch 95 - iter 20/29 - loss 0.14342060 - time (sec): 9.53 - samples/sec: 2262.48 - lr: 0.012500 - momentum: 0.000000
2025-12-22 21:39:11,861 epoch 95 - iter 22/29 - loss 0.14290195 - time (sec): 10.74 - samples/sec: 2235.47 - lr: 0.012500 - momentum: 0.000000
2025-12-22 21:39:12,873 epoch 95 - iter 24/29 - loss 0.14252840 - time (sec): 11.75 - samples/sec: 2226.99 - lr: 0.012500 - momentum: 0.000000
2025-12-22 21:39:14,018 epoch 95 - iter 26/29 - loss 0.14193312 - time (sec): 12.89 - samples/sec: 2213.30 - lr: 0.012500 - momentum: 0.000000
2025-12-22 21:39:15,075 epoch 95 - iter 28/29 - loss 0.14157075 - time (sec): 13.95 - samples/sec: 2215.23 - lr: 0.012500 - momentum: 0.000000
2025-12-22 21:39:15,495 ----------------------------------------------------------------------------------------------------
2025-12-22 21:39:15,495 EPOCH 95 done: loss 0.1423 - lr: 0.012500
2025-12-22 21:39:18,413 DEV : loss 0.17035627365112305 - f1-score (micro avg)  0.9529
2025-12-22 21:39:18,416  - 4 epochs without improvement (above 'patience')-> annealing learning_rate to [0.00625]
2025-12-22 21:39:18,416 ----------------------------------------------------------------------------------------------------
2025-12-22 21:39:19,479 epoch 96 - iter 2/29 - loss 0.12366095 - time (sec): 1.06 - samples/sec: 1913.50 - lr: 0.006250 - momentum: 0.000000
2025-12-22 21:39:20,357 epoch 96 - iter 4/29 - loss 0.11952813 - time (sec): 1.94 - samples/sec: 2130.21 - lr: 0.006250 - momentum: 0.000000
2025-12-22 21:39:21,712 epoch 96 - iter 6/29 - loss 0.11797126 - time (sec): 3.30 - samples/sec: 1982.54 - lr: 0.006250 - momentum: 0.000000
2025-12-22 21:39:22,860 epoch 96 - iter 8/29 - loss 0.12052103 - time (sec): 4.44 - samples/sec: 2015.80 - lr: 0.006250 - momentum: 0.000000
2025-12-22 21:39:24,192 epoch 96 - iter 10/29 - loss 0.12121803 - time (sec): 5.78 - samples/sec: 1957.75 - lr: 0.006250 - momentum: 0.000000
2025-12-22 21:39:25,116 epoch 96 - iter 12/29 - loss 0.12368968 - time (sec): 6.70 - samples/sec: 1994.70 - lr: 0.006250 - momentum: 0.000000
2025-12-22 21:39:26,031 epoch 96 - iter 14/29 - loss 0.12717669 - time (sec): 7.61 - samples/sec: 2066.44 - lr: 0.006250 - momentum: 0.000000
2025-12-22 21:39:26,879 epoch 96 - iter 16/29 - loss 0.12915064 - time (sec): 8.46 - samples/sec: 2093.35 - lr: 0.006250 - momentum: 0.000000
2025-12-22 21:39:27,957 epoch 96 - iter 18/29 - loss 0.13084855 - time (sec): 9.54 - samples/sec: 2109.26 - lr: 0.006250 - momentum: 0.000000
2025-12-22 21:39:28,955 epoch 96 - iter 20/29 - loss 0.13131126 - time (sec): 10.54 - samples/sec: 2124.81 - lr: 0.006250 - momentum: 0.000000
2025-12-22 21:39:29,964 epoch 96 - iter 22/29 - loss 0.13216597 - time (sec): 11.55 - samples/sec: 2130.93 - lr: 0.006250 - momentum: 0.000000
2025-12-22 21:39:30,939 epoch 96 - iter 24/29 - loss 0.13122961 - time (sec): 12.52 - samples/sec: 2144.53 - lr: 0.006250 - momentum: 0.000000
2025-12-22 21:39:31,724 epoch 96 - iter 26/29 - loss 0.13190506 - time (sec): 13.31 - samples/sec: 2169.90 - lr: 0.006250 - momentum: 0.000000
2025-12-22 21:39:32,662 epoch 96 - iter 28/29 - loss 0.13137186 - time (sec): 14.25 - samples/sec: 2176.19 - lr: 0.006250 - momentum: 0.000000
2025-12-22 21:39:33,245 ----------------------------------------------------------------------------------------------------
2025-12-22 21:39:33,245 EPOCH 96 done: loss 0.1309 - lr: 0.006250
2025-12-22 21:39:35,623 DEV : loss 0.16924656927585602 - f1-score (micro avg)  0.9532
2025-12-22 21:39:35,627  - 1 epochs without improvement
2025-12-22 21:39:35,628 ----------------------------------------------------------------------------------------------------
2025-12-22 21:39:36,746 epoch 97 - iter 2/29 - loss 0.14843210 - time (sec): 1.12 - samples/sec: 2101.66 - lr: 0.006250 - momentum: 0.000000
2025-12-22 21:39:37,666 epoch 97 - iter 4/29 - loss 0.15697967 - time (sec): 2.04 - samples/sec: 2173.39 - lr: 0.006250 - momentum: 0.000000
2025-12-22 21:39:38,549 epoch 97 - iter 6/29 - loss 0.14964416 - time (sec): 2.92 - samples/sec: 2285.83 - lr: 0.006250 - momentum: 0.000000
2025-12-22 21:39:39,694 epoch 97 - iter 8/29 - loss 0.15032921 - time (sec): 4.07 - samples/sec: 2186.45 - lr: 0.006250 - momentum: 0.000000
2025-12-22 21:39:40,529 epoch 97 - iter 10/29 - loss 0.14712939 - time (sec): 4.90 - samples/sec: 2238.25 - lr: 0.006250 - momentum: 0.000000
2025-12-22 21:39:41,429 epoch 97 - iter 12/29 - loss 0.14595192 - time (sec): 5.80 - samples/sec: 2265.67 - lr: 0.006250 - momentum: 0.000000
2025-12-22 21:39:42,688 epoch 97 - iter 14/29 - loss 0.14498492 - time (sec): 7.06 - samples/sec: 2204.29 - lr: 0.006250 - momentum: 0.000000
2025-12-22 21:39:43,720 epoch 97 - iter 16/29 - loss 0.14405442 - time (sec): 8.09 - samples/sec: 2202.58 - lr: 0.006250 - momentum: 0.000000
2025-12-22 21:39:44,672 epoch 97 - iter 18/29 - loss 0.14342721 - time (sec): 9.04 - samples/sec: 2228.62 - lr: 0.006250 - momentum: 0.000000
2025-12-22 21:39:45,648 epoch 97 - iter 20/29 - loss 0.14174918 - time (sec): 10.02 - samples/sec: 2239.39 - lr: 0.006250 - momentum: 0.000000
2025-12-22 21:39:46,665 epoch 97 - iter 22/29 - loss 0.14089814 - time (sec): 11.04 - samples/sec: 2249.79 - lr: 0.006250 - momentum: 0.000000
2025-12-22 21:39:47,518 epoch 97 - iter 24/29 - loss 0.13841136 - time (sec): 11.89 - samples/sec: 2260.82 - lr: 0.006250 - momentum: 0.000000
2025-12-22 21:39:48,419 epoch 97 - iter 26/29 - loss 0.13587556 - time (sec): 12.79 - samples/sec: 2270.25 - lr: 0.006250 - momentum: 0.000000
2025-12-22 21:39:49,354 epoch 97 - iter 28/29 - loss 0.13742532 - time (sec): 13.73 - samples/sec: 2269.66 - lr: 0.006250 - momentum: 0.000000
2025-12-22 21:39:49,764 ----------------------------------------------------------------------------------------------------
2025-12-22 21:39:49,764 EPOCH 97 done: loss 0.1373 - lr: 0.006250
2025-12-22 21:39:52,386 DEV : loss 0.16986283659934998 - f1-score (micro avg)  0.9537
2025-12-22 21:39:52,390  - 2 epochs without improvement
2025-12-22 21:39:52,390 ----------------------------------------------------------------------------------------------------
2025-12-22 21:39:53,439 epoch 98 - iter 2/29 - loss 0.13054821 - time (sec): 1.05 - samples/sec: 2098.91 - lr: 0.006250 - momentum: 0.000000
2025-12-22 21:39:54,663 epoch 98 - iter 4/29 - loss 0.12968059 - time (sec): 2.27 - samples/sec: 1965.48 - lr: 0.006250 - momentum: 0.000000
2025-12-22 21:39:55,787 epoch 98 - iter 6/29 - loss 0.13324922 - time (sec): 3.40 - samples/sec: 2018.42 - lr: 0.006250 - momentum: 0.000000
2025-12-22 21:39:56,895 epoch 98 - iter 8/29 - loss 0.14081020 - time (sec): 4.50 - samples/sec: 2027.49 - lr: 0.006250 - momentum: 0.000000
2025-12-22 21:39:58,021 epoch 98 - iter 10/29 - loss 0.14134336 - time (sec): 5.63 - samples/sec: 2034.76 - lr: 0.006250 - momentum: 0.000000
2025-12-22 21:39:59,075 epoch 98 - iter 12/29 - loss 0.14242016 - time (sec): 6.68 - samples/sec: 2009.80 - lr: 0.006250 - momentum: 0.000000
2025-12-22 21:40:00,052 epoch 98 - iter 14/29 - loss 0.14230327 - time (sec): 7.66 - samples/sec: 2028.63 - lr: 0.006250 - momentum: 0.000000
2025-12-22 21:40:01,044 epoch 98 - iter 16/29 - loss 0.14298741 - time (sec): 8.65 - samples/sec: 2076.63 - lr: 0.006250 - momentum: 0.000000
2025-12-22 21:40:01,872 epoch 98 - iter 18/29 - loss 0.14284451 - time (sec): 9.48 - samples/sec: 2143.89 - lr: 0.006250 - momentum: 0.000000
2025-12-22 21:40:02,590 epoch 98 - iter 20/29 - loss 0.14099494 - time (sec): 10.20 - samples/sec: 2179.73 - lr: 0.006250 - momentum: 0.000000
2025-12-22 21:40:03,584 epoch 98 - iter 22/29 - loss 0.14110403 - time (sec): 11.19 - samples/sec: 2201.47 - lr: 0.006250 - momentum: 0.000000
2025-12-22 21:40:04,395 epoch 98 - iter 24/29 - loss 0.14092631 - time (sec): 12.00 - samples/sec: 2228.85 - lr: 0.006250 - momentum: 0.000000
2025-12-22 21:40:05,526 epoch 98 - iter 26/29 - loss 0.14091892 - time (sec): 13.14 - samples/sec: 2198.13 - lr: 0.006250 - momentum: 0.000000
2025-12-22 21:40:06,591 epoch 98 - iter 28/29 - loss 0.14184093 - time (sec): 14.20 - samples/sec: 2184.09 - lr: 0.006250 - momentum: 0.000000
2025-12-22 21:40:06,995 ----------------------------------------------------------------------------------------------------
2025-12-22 21:40:06,995 EPOCH 98 done: loss 0.1410 - lr: 0.006250
2025-12-22 21:40:09,738 DEV : loss 0.1687696874141693 - f1-score (micro avg)  0.9541
2025-12-22 21:40:09,742  - 3 epochs without improvement
2025-12-22 21:40:09,743 ----------------------------------------------------------------------------------------------------
2025-12-22 21:40:10,659 epoch 99 - iter 2/29 - loss 0.13029232 - time (sec): 0.92 - samples/sec: 2281.94 - lr: 0.006250 - momentum: 0.000000
2025-12-22 21:40:11,797 epoch 99 - iter 4/29 - loss 0.14368170 - time (sec): 2.05 - samples/sec: 2115.86 - lr: 0.006250 - momentum: 0.000000
2025-12-22 21:40:12,567 epoch 99 - iter 6/29 - loss 0.14440820 - time (sec): 2.82 - samples/sec: 2215.57 - lr: 0.006250 - momentum: 0.000000
2025-12-22 21:40:13,486 epoch 99 - iter 8/29 - loss 0.13805838 - time (sec): 3.74 - samples/sec: 2261.32 - lr: 0.006250 - momentum: 0.000000
2025-12-22 21:40:14,491 epoch 99 - iter 10/29 - loss 0.13587284 - time (sec): 4.75 - samples/sec: 2236.09 - lr: 0.006250 - momentum: 0.000000
2025-12-22 21:40:15,641 epoch 99 - iter 12/29 - loss 0.13947059 - time (sec): 5.90 - samples/sec: 2198.40 - lr: 0.006250 - momentum: 0.000000
2025-12-22 21:40:16,761 epoch 99 - iter 14/29 - loss 0.13807475 - time (sec): 7.02 - samples/sec: 2177.45 - lr: 0.006250 - momentum: 0.000000
2025-12-22 21:40:17,836 epoch 99 - iter 16/29 - loss 0.13613264 - time (sec): 8.09 - samples/sec: 2160.00 - lr: 0.006250 - momentum: 0.000000
2025-12-22 21:40:19,091 epoch 99 - iter 18/29 - loss 0.13678118 - time (sec): 9.35 - samples/sec: 2126.92 - lr: 0.006250 - momentum: 0.000000
2025-12-22 21:40:20,108 epoch 99 - iter 20/29 - loss 0.13874658 - time (sec): 10.36 - samples/sec: 2137.89 - lr: 0.006250 - momentum: 0.000000
2025-12-22 21:40:21,076 epoch 99 - iter 22/29 - loss 0.13798785 - time (sec): 11.33 - samples/sec: 2151.90 - lr: 0.006250 - momentum: 0.000000
2025-12-22 21:40:22,076 epoch 99 - iter 24/29 - loss 0.14107091 - time (sec): 12.33 - samples/sec: 2158.68 - lr: 0.006250 - momentum: 0.000000
2025-12-22 21:40:23,248 epoch 99 - iter 26/29 - loss 0.14094492 - time (sec): 13.50 - samples/sec: 2133.27 - lr: 0.006250 - momentum: 0.000000
2025-12-22 21:40:24,299 epoch 99 - iter 28/29 - loss 0.14101827 - time (sec): 14.56 - samples/sec: 2130.13 - lr: 0.006250 - momentum: 0.000000
2025-12-22 21:40:24,720 ----------------------------------------------------------------------------------------------------
2025-12-22 21:40:24,720 EPOCH 99 done: loss 0.1411 - lr: 0.006250
2025-12-22 21:40:27,013 DEV : loss 0.1690284162759781 - f1-score (micro avg)  0.9538
2025-12-22 21:40:27,020  - 4 epochs without improvement (above 'patience')-> annealing learning_rate to [0.003125]
2025-12-22 21:40:27,022 ----------------------------------------------------------------------------------------------------
2025-12-22 21:40:27,780 epoch 100 - iter 2/29 - loss 0.12351670 - time (sec): 0.76 - samples/sec: 2790.70 - lr: 0.003125 - momentum: 0.000000
2025-12-22 21:40:29,003 epoch 100 - iter 4/29 - loss 0.13631243 - time (sec): 1.98 - samples/sec: 2249.73 - lr: 0.003125 - momentum: 0.000000
2025-12-22 21:40:30,232 epoch 100 - iter 6/29 - loss 0.13490540 - time (sec): 3.21 - samples/sec: 2091.64 - lr: 0.003125 - momentum: 0.000000
2025-12-22 21:40:31,292 epoch 100 - iter 8/29 - loss 0.12938839 - time (sec): 4.27 - samples/sec: 2048.04 - lr: 0.003125 - momentum: 0.000000
2025-12-22 21:40:32,227 epoch 100 - iter 10/29 - loss 0.12835411 - time (sec): 5.20 - samples/sec: 2117.15 - lr: 0.003125 - momentum: 0.000000
2025-12-22 21:40:33,210 epoch 100 - iter 12/29 - loss 0.13265233 - time (sec): 6.19 - samples/sec: 2145.02 - lr: 0.003125 - momentum: 0.000000
2025-12-22 21:40:34,225 epoch 100 - iter 14/29 - loss 0.13480305 - time (sec): 7.20 - samples/sec: 2137.06 - lr: 0.003125 - momentum: 0.000000
2025-12-22 21:40:35,032 epoch 100 - iter 16/29 - loss 0.13630207 - time (sec): 8.01 - samples/sec: 2160.78 - lr: 0.003125 - momentum: 0.000000
2025-12-22 21:40:35,953 epoch 100 - iter 18/29 - loss 0.13720143 - time (sec): 8.93 - samples/sec: 2205.32 - lr: 0.003125 - momentum: 0.000000
2025-12-22 21:40:37,000 epoch 100 - iter 20/29 - loss 0.13811096 - time (sec): 9.98 - samples/sec: 2206.95 - lr: 0.003125 - momentum: 0.000000
2025-12-22 21:40:38,205 epoch 100 - iter 22/29 - loss 0.13723393 - time (sec): 11.18 - samples/sec: 2181.70 - lr: 0.003125 - momentum: 0.000000
2025-12-22 21:40:39,267 epoch 100 - iter 24/29 - loss 0.13703612 - time (sec): 12.24 - samples/sec: 2165.89 - lr: 0.003125 - momentum: 0.000000
2025-12-22 21:40:40,410 epoch 100 - iter 26/29 - loss 0.13886686 - time (sec): 13.39 - samples/sec: 2151.87 - lr: 0.003125 - momentum: 0.000000
2025-12-22 21:40:41,541 epoch 100 - iter 28/29 - loss 0.14021842 - time (sec): 14.52 - samples/sec: 2145.19 - lr: 0.003125 - momentum: 0.000000
2025-12-22 21:40:41,848 ----------------------------------------------------------------------------------------------------
2025-12-22 21:40:41,848 EPOCH 100 done: loss 0.1401 - lr: 0.003125
2025-12-22 21:40:44,582 DEV : loss 0.16883519291877747 - f1-score (micro avg)  0.954
2025-12-22 21:40:44,585  - 1 epochs without improvement
2025-12-22 21:40:44,587 ----------------------------------------------------------------------------------------------------
2025-12-22 21:40:45,736 epoch 101 - iter 2/29 - loss 0.11594926 - time (sec): 1.15 - samples/sec: 2253.52 - lr: 0.003125 - momentum: 0.000000
2025-12-22 21:40:46,804 epoch 101 - iter 4/29 - loss 0.13216647 - time (sec): 2.22 - samples/sec: 2168.48 - lr: 0.003125 - momentum: 0.000000
2025-12-22 21:40:47,781 epoch 101 - iter 6/29 - loss 0.13360560 - time (sec): 3.19 - samples/sec: 2220.07 - lr: 0.003125 - momentum: 0.000000
2025-12-22 21:40:48,863 epoch 101 - iter 8/29 - loss 0.13257939 - time (sec): 4.28 - samples/sec: 2137.94 - lr: 0.003125 - momentum: 0.000000
2025-12-22 21:40:50,089 epoch 101 - iter 10/29 - loss 0.13645053 - time (sec): 5.50 - samples/sec: 2085.70 - lr: 0.003125 - momentum: 0.000000
2025-12-22 21:40:50,988 epoch 101 - iter 12/29 - loss 0.13255413 - time (sec): 6.40 - samples/sec: 2130.32 - lr: 0.003125 - momentum: 0.000000
2025-12-22 21:40:51,983 epoch 101 - iter 14/29 - loss 0.13247094 - time (sec): 7.40 - samples/sec: 2138.04 - lr: 0.003125 - momentum: 0.000000
2025-12-22 21:40:52,874 epoch 101 - iter 16/29 - loss 0.13472949 - time (sec): 8.29 - samples/sec: 2155.75 - lr: 0.003125 - momentum: 0.000000
2025-12-22 21:40:53,888 epoch 101 - iter 18/29 - loss 0.13460064 - time (sec): 9.30 - samples/sec: 2120.33 - lr: 0.003125 - momentum: 0.000000
2025-12-22 21:40:55,010 epoch 101 - iter 20/29 - loss 0.13615693 - time (sec): 10.42 - samples/sec: 2100.33 - lr: 0.003125 - momentum: 0.000000
2025-12-22 21:40:56,076 epoch 101 - iter 22/29 - loss 0.13734526 - time (sec): 11.49 - samples/sec: 2094.99 - lr: 0.003125 - momentum: 0.000000
2025-12-22 21:40:56,889 epoch 101 - iter 24/29 - loss 0.13899978 - time (sec): 12.30 - samples/sec: 2143.65 - lr: 0.003125 - momentum: 0.000000
2025-12-22 21:40:57,857 epoch 101 - iter 26/29 - loss 0.13999553 - time (sec): 13.27 - samples/sec: 2151.42 - lr: 0.003125 - momentum: 0.000000
2025-12-22 21:40:59,004 epoch 101 - iter 28/29 - loss 0.13975830 - time (sec): 14.42 - samples/sec: 2153.04 - lr: 0.003125 - momentum: 0.000000
2025-12-22 21:40:59,404 ----------------------------------------------------------------------------------------------------
2025-12-22 21:40:59,404 EPOCH 101 done: loss 0.1393 - lr: 0.003125
2025-12-22 21:41:02,195 DEV : loss 0.16856864094734192 - f1-score (micro avg)  0.9537
2025-12-22 21:41:02,198  - 2 epochs without improvement
2025-12-22 21:41:02,200 ----------------------------------------------------------------------------------------------------
2025-12-22 21:41:03,078 epoch 102 - iter 2/29 - loss 0.12470487 - time (sec): 0.88 - samples/sec: 2463.68 - lr: 0.003125 - momentum: 0.000000
2025-12-22 21:41:04,186 epoch 102 - iter 4/29 - loss 0.13411994 - time (sec): 1.99 - samples/sec: 2204.21 - lr: 0.003125 - momentum: 0.000000
2025-12-22 21:41:05,057 epoch 102 - iter 6/29 - loss 0.13365747 - time (sec): 2.86 - samples/sec: 2262.67 - lr: 0.003125 - momentum: 0.000000
2025-12-22 21:41:05,992 epoch 102 - iter 8/29 - loss 0.13548670 - time (sec): 3.79 - samples/sec: 2321.12 - lr: 0.003125 - momentum: 0.000000
2025-12-22 21:41:06,783 epoch 102 - iter 10/29 - loss 0.13347099 - time (sec): 4.58 - samples/sec: 2375.07 - lr: 0.003125 - momentum: 0.000000
2025-12-22 21:41:07,909 epoch 102 - iter 12/29 - loss 0.13442294 - time (sec): 5.71 - samples/sec: 2281.69 - lr: 0.003125 - momentum: 0.000000
2025-12-22 21:41:08,705 epoch 102 - iter 14/29 - loss 0.13137384 - time (sec): 6.50 - samples/sec: 2319.61 - lr: 0.003125 - momentum: 0.000000
2025-12-22 21:41:09,837 epoch 102 - iter 16/29 - loss 0.13537858 - time (sec): 7.64 - samples/sec: 2277.55 - lr: 0.003125 - momentum: 0.000000
2025-12-22 21:41:10,721 epoch 102 - iter 18/29 - loss 0.13510159 - time (sec): 8.52 - samples/sec: 2286.86 - lr: 0.003125 - momentum: 0.000000
2025-12-22 21:41:11,995 epoch 102 - iter 20/29 - loss 0.13552252 - time (sec): 9.79 - samples/sec: 2224.91 - lr: 0.003125 - momentum: 0.000000
2025-12-22 21:41:13,260 epoch 102 - iter 22/29 - loss 0.13648392 - time (sec): 11.06 - samples/sec: 2173.33 - lr: 0.003125 - momentum: 0.000000
2025-12-22 21:41:14,947 epoch 102 - iter 24/29 - loss 0.13637030 - time (sec): 12.75 - samples/sec: 2067.16 - lr: 0.003125 - momentum: 0.000000
2025-12-22 21:41:15,864 epoch 102 - iter 26/29 - loss 0.13469234 - time (sec): 13.66 - samples/sec: 2104.69 - lr: 0.003125 - momentum: 0.000000
2025-12-22 21:41:16,784 epoch 102 - iter 28/29 - loss 0.13648319 - time (sec): 14.58 - samples/sec: 2133.29 - lr: 0.003125 - momentum: 0.000000
2025-12-22 21:41:17,163 ----------------------------------------------------------------------------------------------------
2025-12-22 21:41:17,163 EPOCH 102 done: loss 0.1372 - lr: 0.003125
2025-12-22 21:41:19,605 DEV : loss 0.16909755766391754 - f1-score (micro avg)  0.9537
2025-12-22 21:41:19,608  - 3 epochs without improvement
2025-12-22 21:41:19,609 ----------------------------------------------------------------------------------------------------
2025-12-22 22:23:23,888 epoch 103 - iter 2/29 - loss 0.15121654 - time (sec): 2524.28 - samples/sec: 0.95 - lr: 0.003125 - momentum: 0.000000
2025-12-22 22:23:25,170 epoch 103 - iter 4/29 - loss 0.13448093 - time (sec): 2525.56 - samples/sec: 1.80 - lr: 0.003125 - momentum: 0.000000
2025-12-22 22:23:26,473 epoch 103 - iter 6/29 - loss 0.13636927 - time (sec): 2526.86 - samples/sec: 2.77 - lr: 0.003125 - momentum: 0.000000
2025-12-22 22:23:27,360 epoch 103 - iter 8/29 - loss 0.13224023 - time (sec): 2527.75 - samples/sec: 3.51 - lr: 0.003125 - momentum: 0.000000
2025-12-22 22:23:28,490 epoch 103 - iter 10/29 - loss 0.13811710 - time (sec): 2528.88 - samples/sec: 4.42 - lr: 0.003125 - momentum: 0.000000
2025-12-22 22:23:29,948 epoch 103 - iter 12/29 - loss 0.14054547 - time (sec): 2530.34 - samples/sec: 5.31 - lr: 0.003125 - momentum: 0.000000
2025-12-22 22:23:31,135 epoch 103 - iter 14/29 - loss 0.13784326 - time (sec): 2531.53 - samples/sec: 6.22 - lr: 0.003125 - momentum: 0.000000
2025-12-22 22:23:32,322 epoch 103 - iter 16/29 - loss 0.13811859 - time (sec): 2532.71 - samples/sec: 7.10 - lr: 0.003125 - momentum: 0.000000
2025-12-22 22:23:33,922 epoch 103 - iter 18/29 - loss 0.13890137 - time (sec): 2534.31 - samples/sec: 8.01 - lr: 0.003125 - momentum: 0.000000
2025-12-22 22:23:35,038 epoch 103 - iter 20/29 - loss 0.13730487 - time (sec): 2535.43 - samples/sec: 8.91 - lr: 0.003125 - momentum: 0.000000
2025-12-22 22:23:36,363 epoch 103 - iter 22/29 - loss 0.13861128 - time (sec): 2536.75 - samples/sec: 9.86 - lr: 0.003125 - momentum: 0.000000
2025-12-22 22:23:37,156 epoch 103 - iter 24/29 - loss 0.13808011 - time (sec): 2537.55 - samples/sec: 10.59 - lr: 0.003125 - momentum: 0.000000
2025-12-22 22:23:38,056 epoch 103 - iter 26/29 - loss 0.13895514 - time (sec): 2538.45 - samples/sec: 11.39 - lr: 0.003125 - momentum: 0.000000
2025-12-22 22:23:39,057 epoch 103 - iter 28/29 - loss 0.13842496 - time (sec): 2539.45 - samples/sec: 12.27 - lr: 0.003125 - momentum: 0.000000
2025-12-22 22:23:39,396 ----------------------------------------------------------------------------------------------------
2025-12-22 22:23:39,396 EPOCH 103 done: loss 0.1383 - lr: 0.003125
2025-12-22 22:23:42,916 DEV : loss 0.16917870938777924 - f1-score (micro avg)  0.9538
2025-12-22 22:23:42,921  - 4 epochs without improvement (above 'patience')-> annealing learning_rate to [0.0015625]
2025-12-22 22:23:42,921 ----------------------------------------------------------------------------------------------------
2025-12-22 22:23:44,028 epoch 104 - iter 2/29 - loss 0.16025761 - time (sec): 1.11 - samples/sec: 2072.02 - lr: 0.001563 - momentum: 0.000000
2025-12-22 22:23:44,896 epoch 104 - iter 4/29 - loss 0.14843728 - time (sec): 1.97 - samples/sec: 2273.43 - lr: 0.001563 - momentum: 0.000000
2025-12-22 22:23:45,943 epoch 104 - iter 6/29 - loss 0.14291685 - time (sec): 3.02 - samples/sec: 2268.70 - lr: 0.001563 - momentum: 0.000000
2025-12-22 22:23:47,241 epoch 104 - iter 8/29 - loss 0.13572366 - time (sec): 4.32 - samples/sec: 2196.28 - lr: 0.001563 - momentum: 0.000000
2025-12-22 22:23:48,423 epoch 104 - iter 10/29 - loss 0.13214278 - time (sec): 5.50 - samples/sec: 2116.13 - lr: 0.001563 - momentum: 0.000000
2025-12-22 22:23:49,655 epoch 104 - iter 12/29 - loss 0.13172530 - time (sec): 6.73 - samples/sec: 2092.08 - lr: 0.001563 - momentum: 0.000000
2025-12-22 22:23:50,895 epoch 104 - iter 14/29 - loss 0.13087545 - time (sec): 7.97 - samples/sec: 2072.00 - lr: 0.001563 - momentum: 0.000000
2025-12-22 22:23:51,973 epoch 104 - iter 16/29 - loss 0.12949201 - time (sec): 9.05 - samples/sec: 2066.86 - lr: 0.001563 - momentum: 0.000000
2025-12-22 22:23:53,007 epoch 104 - iter 18/29 - loss 0.13072327 - time (sec): 10.09 - samples/sec: 2053.96 - lr: 0.001563 - momentum: 0.000000
2025-12-22 22:23:54,186 epoch 104 - iter 20/29 - loss 0.13036844 - time (sec): 11.26 - samples/sec: 2005.45 - lr: 0.001563 - momentum: 0.000000
2025-12-22 22:23:55,432 epoch 104 - iter 22/29 - loss 0.13045954 - time (sec): 12.51 - samples/sec: 1968.66 - lr: 0.001563 - momentum: 0.000000
2025-12-22 22:23:56,508 epoch 104 - iter 24/29 - loss 0.13206414 - time (sec): 13.59 - samples/sec: 1970.17 - lr: 0.001563 - momentum: 0.000000
2025-12-22 22:23:57,765 epoch 104 - iter 26/29 - loss 0.13428161 - time (sec): 14.84 - samples/sec: 1949.75 - lr: 0.001563 - momentum: 0.000000
2025-12-22 22:23:58,705 epoch 104 - iter 28/29 - loss 0.13312993 - time (sec): 15.78 - samples/sec: 1970.60 - lr: 0.001563 - momentum: 0.000000
2025-12-22 22:23:59,017 ----------------------------------------------------------------------------------------------------
2025-12-22 22:23:59,017 EPOCH 104 done: loss 0.1331 - lr: 0.001563
2025-12-22 22:24:02,398 DEV : loss 0.16890905797481537 - f1-score (micro avg)  0.9539
2025-12-22 22:24:02,402  - 1 epochs without improvement
2025-12-22 22:24:02,403 ----------------------------------------------------------------------------------------------------
2025-12-22 22:24:03,657 epoch 105 - iter 2/29 - loss 0.11147106 - time (sec): 1.25 - samples/sec: 1754.58 - lr: 0.001563 - momentum: 0.000000
2025-12-22 22:24:04,590 epoch 105 - iter 4/29 - loss 0.13239756 - time (sec): 2.19 - samples/sec: 1935.71 - lr: 0.001563 - momentum: 0.000000
2025-12-22 22:24:05,905 epoch 105 - iter 6/29 - loss 0.13567981 - time (sec): 3.50 - samples/sec: 1783.57 - lr: 0.001563 - momentum: 0.000000
2025-12-22 22:24:07,202 epoch 105 - iter 8/29 - loss 0.13303246 - time (sec): 4.80 - samples/sec: 1805.04 - lr: 0.001563 - momentum: 0.000000
2025-12-22 22:24:08,622 epoch 105 - iter 10/29 - loss 0.13609233 - time (sec): 6.22 - samples/sec: 1788.11 - lr: 0.001563 - momentum: 0.000000
2025-12-22 22:24:09,644 epoch 105 - iter 12/29 - loss 0.13700137 - time (sec): 7.24 - samples/sec: 1829.62 - lr: 0.001563 - momentum: 0.000000
2025-12-22 22:24:10,894 epoch 105 - iter 14/29 - loss 0.13796831 - time (sec): 8.49 - samples/sec: 1844.34 - lr: 0.001563 - momentum: 0.000000
2025-12-22 22:24:12,254 epoch 105 - iter 16/29 - loss 0.13664287 - time (sec): 9.85 - samples/sec: 1828.92 - lr: 0.001563 - momentum: 0.000000
2025-12-22 22:24:13,084 epoch 105 - iter 18/29 - loss 0.13755158 - time (sec): 10.68 - samples/sec: 1864.49 - lr: 0.001563 - momentum: 0.000000
2025-12-22 22:24:13,920 epoch 105 - iter 20/29 - loss 0.13873565 - time (sec): 11.52 - samples/sec: 1926.49 - lr: 0.001563 - momentum: 0.000000
2025-12-22 22:24:14,839 epoch 105 - iter 22/29 - loss 0.14156527 - time (sec): 12.44 - samples/sec: 1956.08 - lr: 0.001563 - momentum: 0.000000
2025-12-22 22:24:15,857 epoch 105 - iter 24/29 - loss 0.14022394 - time (sec): 13.45 - samples/sec: 1973.58 - lr: 0.001563 - momentum: 0.000000
2025-12-22 22:24:16,958 epoch 105 - iter 26/29 - loss 0.13968681 - time (sec): 14.56 - samples/sec: 1981.01 - lr: 0.001563 - momentum: 0.000000
2025-12-22 22:24:17,893 epoch 105 - iter 28/29 - loss 0.13845759 - time (sec): 15.49 - samples/sec: 1998.88 - lr: 0.001563 - momentum: 0.000000
2025-12-22 22:24:18,262 ----------------------------------------------------------------------------------------------------
2025-12-22 22:24:18,263 EPOCH 105 done: loss 0.1381 - lr: 0.001563
2025-12-22 22:24:20,669 DEV : loss 0.16876567900180817 - f1-score (micro avg)  0.954
2025-12-22 22:24:20,673  - 2 epochs without improvement
2025-12-22 22:24:20,674 ----------------------------------------------------------------------------------------------------
2025-12-22 22:24:22,011 epoch 106 - iter 2/29 - loss 0.15153559 - time (sec): 1.34 - samples/sec: 1595.83 - lr: 0.001563 - momentum: 0.000000
2025-12-22 22:24:23,193 epoch 106 - iter 4/29 - loss 0.13602182 - time (sec): 2.52 - samples/sec: 1711.98 - lr: 0.001563 - momentum: 0.000000
2025-12-22 22:24:24,415 epoch 106 - iter 6/29 - loss 0.14015791 - time (sec): 3.74 - samples/sec: 1749.41 - lr: 0.001563 - momentum: 0.000000
2025-12-22 22:24:25,428 epoch 106 - iter 8/29 - loss 0.14014615 - time (sec): 4.75 - samples/sec: 1863.26 - lr: 0.001563 - momentum: 0.000000
2025-12-22 22:24:26,316 epoch 106 - iter 10/29 - loss 0.13624141 - time (sec): 5.64 - samples/sec: 1945.43 - lr: 0.001563 - momentum: 0.000000
2025-12-22 22:24:27,589 epoch 106 - iter 12/29 - loss 0.13699535 - time (sec): 6.92 - samples/sec: 1895.71 - lr: 0.001563 - momentum: 0.000000
2025-12-22 22:24:28,503 epoch 106 - iter 14/29 - loss 0.13899780 - time (sec): 7.83 - samples/sec: 1965.33 - lr: 0.001563 - momentum: 0.000000
2025-12-22 22:24:29,441 epoch 106 - iter 16/29 - loss 0.13829528 - time (sec): 8.77 - samples/sec: 1969.30 - lr: 0.001563 - momentum: 0.000000
2025-12-22 22:24:30,654 epoch 106 - iter 18/29 - loss 0.13841857 - time (sec): 9.98 - samples/sec: 1954.31 - lr: 0.001563 - momentum: 0.000000
2025-12-22 22:24:31,715 epoch 106 - iter 20/29 - loss 0.13514621 - time (sec): 11.04 - samples/sec: 1967.33 - lr: 0.001563 - momentum: 0.000000
2025-12-22 22:24:33,205 epoch 106 - iter 22/29 - loss 0.13343494 - time (sec): 12.53 - samples/sec: 1938.77 - lr: 0.001563 - momentum: 0.000000
2025-12-22 22:24:34,325 epoch 106 - iter 24/29 - loss 0.13301999 - time (sec): 13.65 - samples/sec: 1930.37 - lr: 0.001563 - momentum: 0.000000
2025-12-22 22:24:35,490 epoch 106 - iter 26/29 - loss 0.13424777 - time (sec): 14.82 - samples/sec: 1933.23 - lr: 0.001563 - momentum: 0.000000
2025-12-22 22:24:36,408 epoch 106 - iter 28/29 - loss 0.13362771 - time (sec): 15.73 - samples/sec: 1968.34 - lr: 0.001563 - momentum: 0.000000
2025-12-22 22:24:36,840 ----------------------------------------------------------------------------------------------------
2025-12-22 22:24:36,840 EPOCH 106 done: loss 0.1329 - lr: 0.001563
2025-12-22 22:24:39,356 DEV : loss 0.16875585913658142 - f1-score (micro avg)  0.9543
2025-12-22 22:24:39,359  - 3 epochs without improvement
2025-12-22 22:24:39,360 ----------------------------------------------------------------------------------------------------
2025-12-22 22:24:40,417 epoch 107 - iter 2/29 - loss 0.11607556 - time (sec): 1.06 - samples/sec: 2144.32 - lr: 0.001563 - momentum: 0.000000
2025-12-22 22:24:42,046 epoch 107 - iter 4/29 - loss 0.13194991 - time (sec): 2.69 - samples/sec: 1678.14 - lr: 0.001563 - momentum: 0.000000
2025-12-22 22:24:43,347 epoch 107 - iter 6/29 - loss 0.13788871 - time (sec): 3.99 - samples/sec: 1691.05 - lr: 0.001563 - momentum: 0.000000
2025-12-22 22:24:44,636 epoch 107 - iter 8/29 - loss 0.14141103 - time (sec): 5.28 - samples/sec: 1718.71 - lr: 0.001563 - momentum: 0.000000
2025-12-22 22:24:45,608 epoch 107 - iter 10/29 - loss 0.14255755 - time (sec): 6.25 - samples/sec: 1792.45 - lr: 0.001563 - momentum: 0.000000
2025-12-22 22:24:46,676 epoch 107 - iter 12/29 - loss 0.14302476 - time (sec): 7.32 - samples/sec: 1835.13 - lr: 0.001563 - momentum: 0.000000
2025-12-22 22:24:47,783 epoch 107 - iter 14/29 - loss 0.13788941 - time (sec): 8.42 - samples/sec: 1844.73 - lr: 0.001563 - momentum: 0.000000
2025-12-22 22:24:48,976 epoch 107 - iter 16/29 - loss 0.13809166 - time (sec): 9.62 - samples/sec: 1853.67 - lr: 0.001563 - momentum: 0.000000
2025-12-22 22:24:50,207 epoch 107 - iter 18/29 - loss 0.13749056 - time (sec): 10.85 - samples/sec: 1831.55 - lr: 0.001563 - momentum: 0.000000
2025-12-22 22:24:51,597 epoch 107 - iter 20/29 - loss 0.13693628 - time (sec): 12.24 - samples/sec: 1803.90 - lr: 0.001563 - momentum: 0.000000
2025-12-22 22:24:52,703 epoch 107 - iter 22/29 - loss 0.13740833 - time (sec): 13.34 - samples/sec: 1814.91 - lr: 0.001563 - momentum: 0.000000
2025-12-22 22:24:53,783 epoch 107 - iter 24/29 - loss 0.13704638 - time (sec): 14.42 - samples/sec: 1826.30 - lr: 0.001563 - momentum: 0.000000
2025-12-22 22:24:55,302 epoch 107 - iter 26/29 - loss 0.13697396 - time (sec): 15.94 - samples/sec: 1797.37 - lr: 0.001563 - momentum: 0.000000
2025-12-22 22:24:56,402 epoch 107 - iter 28/29 - loss 0.13831805 - time (sec): 17.04 - samples/sec: 1817.70 - lr: 0.001563 - momentum: 0.000000
2025-12-22 22:24:56,931 ----------------------------------------------------------------------------------------------------
2025-12-22 22:24:56,931 EPOCH 107 done: loss 0.1373 - lr: 0.001563
2025-12-22 22:24:59,865 DEV : loss 0.1688823103904724 - f1-score (micro avg)  0.954
2025-12-22 22:24:59,869  - 4 epochs without improvement (above 'patience')-> annealing learning_rate to [0.00078125]
2025-12-22 22:24:59,869 ----------------------------------------------------------------------------------------------------
2025-12-22 22:25:01,226 epoch 108 - iter 2/29 - loss 0.15001812 - time (sec): 1.36 - samples/sec: 1629.05 - lr: 0.000781 - momentum: 0.000000
2025-12-22 22:25:02,369 epoch 108 - iter 4/29 - loss 0.13887684 - time (sec): 2.50 - samples/sec: 1837.45 - lr: 0.000781 - momentum: 0.000000
2025-12-22 22:25:03,280 epoch 108 - iter 6/29 - loss 0.13766399 - time (sec): 3.41 - samples/sec: 1974.44 - lr: 0.000781 - momentum: 0.000000
2025-12-22 22:25:04,609 epoch 108 - iter 8/29 - loss 0.13706332 - time (sec): 4.74 - samples/sec: 1936.41 - lr: 0.000781 - momentum: 0.000000
2025-12-22 22:25:05,591 epoch 108 - iter 10/29 - loss 0.13667199 - time (sec): 5.72 - samples/sec: 1963.82 - lr: 0.000781 - momentum: 0.000000
2025-12-22 22:25:06,565 epoch 108 - iter 12/29 - loss 0.13603227 - time (sec): 6.70 - samples/sec: 1981.06 - lr: 0.000781 - momentum: 0.000000
2025-12-22 22:25:07,588 epoch 108 - iter 14/29 - loss 0.13516657 - time (sec): 7.72 - samples/sec: 2008.57 - lr: 0.000781 - momentum: 0.000000
2025-12-22 22:25:09,210 epoch 108 - iter 16/29 - loss 0.13290895 - time (sec): 9.34 - samples/sec: 1929.57 - lr: 0.000781 - momentum: 0.000000
2025-12-22 22:25:10,230 epoch 108 - iter 18/29 - loss 0.13167032 - time (sec): 10.36 - samples/sec: 1936.86 - lr: 0.000781 - momentum: 0.000000
2025-12-22 22:25:11,281 epoch 108 - iter 20/29 - loss 0.13022681 - time (sec): 11.41 - samples/sec: 1946.74 - lr: 0.000781 - momentum: 0.000000
2025-12-22 22:25:12,411 epoch 108 - iter 22/29 - loss 0.13046251 - time (sec): 12.54 - samples/sec: 1945.58 - lr: 0.000781 - momentum: 0.000000
2025-12-22 22:25:13,610 epoch 108 - iter 24/29 - loss 0.13083991 - time (sec): 13.74 - samples/sec: 1939.17 - lr: 0.000781 - momentum: 0.000000
2025-12-22 22:25:14,618 epoch 108 - iter 26/29 - loss 0.12965630 - time (sec): 14.75 - samples/sec: 1956.79 - lr: 0.000781 - momentum: 0.000000
2025-12-22 22:25:15,566 epoch 108 - iter 28/29 - loss 0.12953652 - time (sec): 15.70 - samples/sec: 1977.06 - lr: 0.000781 - momentum: 0.000000
2025-12-22 22:25:15,984 ----------------------------------------------------------------------------------------------------
2025-12-22 22:25:15,984 EPOCH 108 done: loss 0.1291 - lr: 0.000781
2025-12-22 22:25:18,456 DEV : loss 0.1690109521150589 - f1-score (micro avg)  0.954
2025-12-22 22:25:18,460  - 1 epochs without improvement
2025-12-22 22:25:18,461 ----------------------------------------------------------------------------------------------------
2025-12-22 22:25:19,877 epoch 109 - iter 2/29 - loss 0.12466932 - time (sec): 1.42 - samples/sec: 1826.53 - lr: 0.000781 - momentum: 0.000000
2025-12-22 22:25:21,248 epoch 109 - iter 4/29 - loss 0.12249681 - time (sec): 2.79 - samples/sec: 1732.92 - lr: 0.000781 - momentum: 0.000000
2025-12-22 22:25:22,265 epoch 109 - iter 6/29 - loss 0.12766157 - time (sec): 3.80 - samples/sec: 1840.91 - lr: 0.000781 - momentum: 0.000000
2025-12-22 22:25:23,500 epoch 109 - iter 8/29 - loss 0.13502652 - time (sec): 5.04 - samples/sec: 1792.32 - lr: 0.000781 - momentum: 0.000000
2025-12-22 22:25:24,376 epoch 109 - iter 10/29 - loss 0.13758430 - time (sec): 5.92 - samples/sec: 1892.96 - lr: 0.000781 - momentum: 0.000000
2025-12-22 22:25:25,267 epoch 109 - iter 12/29 - loss 0.13459817 - time (sec): 6.81 - samples/sec: 1951.94 - lr: 0.000781 - momentum: 0.000000
2025-12-22 22:25:26,467 epoch 109 - iter 14/29 - loss 0.13441285 - time (sec): 8.01 - samples/sec: 1912.31 - lr: 0.000781 - momentum: 0.000000
2025-12-22 22:25:27,658 epoch 109 - iter 16/29 - loss 0.13435719 - time (sec): 9.20 - samples/sec: 1922.92 - lr: 0.000781 - momentum: 0.000000
2025-12-22 22:25:28,869 epoch 109 - iter 18/29 - loss 0.13468229 - time (sec): 10.41 - samples/sec: 1926.48 - lr: 0.000781 - momentum: 0.000000
2025-12-22 22:25:29,787 epoch 109 - iter 20/29 - loss 0.13235444 - time (sec): 11.33 - samples/sec: 1942.99 - lr: 0.000781 - momentum: 0.000000
2025-12-22 22:25:30,734 epoch 109 - iter 22/29 - loss 0.13253438 - time (sec): 12.27 - samples/sec: 1969.80 - lr: 0.000781 - momentum: 0.000000
2025-12-22 22:25:31,818 epoch 109 - iter 24/29 - loss 0.13314994 - time (sec): 13.36 - samples/sec: 1979.23 - lr: 0.000781 - momentum: 0.000000
2025-12-22 22:25:33,071 epoch 109 - iter 26/29 - loss 0.13492760 - time (sec): 14.61 - samples/sec: 1965.53 - lr: 0.000781 - momentum: 0.000000
2025-12-22 22:25:34,113 epoch 109 - iter 28/29 - loss 0.13370093 - time (sec): 15.65 - samples/sec: 1986.55 - lr: 0.000781 - momentum: 0.000000
2025-12-22 22:25:34,470 ----------------------------------------------------------------------------------------------------
2025-12-22 22:25:34,470 EPOCH 109 done: loss 0.1343 - lr: 0.000781
2025-12-22 22:25:37,214 DEV : loss 0.16890577971935272 - f1-score (micro avg)  0.9539
2025-12-22 22:25:37,218  - 2 epochs without improvement
2025-12-22 22:25:37,218 ----------------------------------------------------------------------------------------------------
2025-12-22 22:25:38,064 epoch 110 - iter 2/29 - loss 0.11551776 - time (sec): 0.85 - samples/sec: 2494.35 - lr: 0.000781 - momentum: 0.000000
2025-12-22 22:25:39,115 epoch 110 - iter 4/29 - loss 0.11986760 - time (sec): 1.90 - samples/sec: 2314.44 - lr: 0.000781 - momentum: 0.000000
2025-12-22 22:25:39,878 epoch 110 - iter 6/29 - loss 0.12878076 - time (sec): 2.66 - samples/sec: 2495.87 - lr: 0.000781 - momentum: 0.000000
2025-12-22 22:25:40,923 epoch 110 - iter 8/29 - loss 0.13018042 - time (sec): 3.70 - samples/sec: 2392.74 - lr: 0.000781 - momentum: 0.000000
2025-12-22 22:25:42,168 epoch 110 - iter 10/29 - loss 0.13355051 - time (sec): 4.95 - samples/sec: 2223.14 - lr: 0.000781 - momentum: 0.000000
2025-12-22 22:25:43,127 epoch 110 - iter 12/29 - loss 0.13354554 - time (sec): 5.91 - samples/sec: 2223.37 - lr: 0.000781 - momentum: 0.000000
2025-12-22 22:25:44,544 epoch 110 - iter 14/29 - loss 0.13403176 - time (sec): 7.33 - samples/sec: 2120.39 - lr: 0.000781 - momentum: 0.000000
2025-12-22 22:25:45,807 epoch 110 - iter 16/29 - loss 0.13456399 - time (sec): 8.59 - samples/sec: 2095.49 - lr: 0.000781 - momentum: 0.000000
2025-12-22 22:25:46,946 epoch 110 - iter 18/29 - loss 0.13512444 - time (sec): 9.73 - samples/sec: 2066.16 - lr: 0.000781 - momentum: 0.000000
2025-12-22 22:25:47,958 epoch 110 - iter 20/29 - loss 0.13332926 - time (sec): 10.74 - samples/sec: 2065.89 - lr: 0.000781 - momentum: 0.000000
2025-12-22 22:25:49,242 epoch 110 - iter 22/29 - loss 0.13202439 - time (sec): 12.02 - samples/sec: 2031.68 - lr: 0.000781 - momentum: 0.000000
2025-12-22 22:25:50,198 epoch 110 - iter 24/29 - loss 0.13215463 - time (sec): 12.98 - samples/sec: 2035.01 - lr: 0.000781 - momentum: 0.000000
2025-12-22 22:25:51,525 epoch 110 - iter 26/29 - loss 0.13332444 - time (sec): 14.31 - samples/sec: 2006.39 - lr: 0.000781 - momentum: 0.000000
2025-12-22 22:25:52,760 epoch 110 - iter 28/29 - loss 0.13350263 - time (sec): 15.54 - samples/sec: 1997.60 - lr: 0.000781 - momentum: 0.000000
2025-12-22 22:25:53,236 ----------------------------------------------------------------------------------------------------
2025-12-22 22:25:53,236 EPOCH 110 done: loss 0.1337 - lr: 0.000781
2025-12-22 22:25:56,264 DEV : loss 0.16893671452999115 - f1-score (micro avg)  0.954
2025-12-22 22:25:56,267  - 3 epochs without improvement
2025-12-22 22:25:56,268 ----------------------------------------------------------------------------------------------------
2025-12-22 22:25:57,334 epoch 111 - iter 2/29 - loss 0.13495563 - time (sec): 1.06 - samples/sec: 1901.95 - lr: 0.000781 - momentum: 0.000000
2025-12-22 22:25:58,250 epoch 111 - iter 4/29 - loss 0.13602398 - time (sec): 1.98 - samples/sec: 2081.67 - lr: 0.000781 - momentum: 0.000000
2025-12-22 22:25:59,484 epoch 111 - iter 6/29 - loss 0.13231094 - time (sec): 3.21 - samples/sec: 2082.13 - lr: 0.000781 - momentum: 0.000000
2025-12-22 22:26:00,424 epoch 111 - iter 8/29 - loss 0.14061977 - time (sec): 4.16 - samples/sec: 2112.20 - lr: 0.000781 - momentum: 0.000000
2025-12-22 22:26:01,586 epoch 111 - iter 10/29 - loss 0.14168091 - time (sec): 5.32 - samples/sec: 2104.14 - lr: 0.000781 - momentum: 0.000000
2025-12-22 22:26:02,669 epoch 111 - iter 12/29 - loss 0.13821367 - time (sec): 6.40 - samples/sec: 2123.29 - lr: 0.000781 - momentum: 0.000000
2025-12-22 22:26:03,746 epoch 111 - iter 14/29 - loss 0.13613493 - time (sec): 7.48 - samples/sec: 2130.15 - lr: 0.000781 - momentum: 0.000000
2025-12-22 22:26:04,846 epoch 111 - iter 16/29 - loss 0.13362398 - time (sec): 8.58 - samples/sec: 2105.59 - lr: 0.000781 - momentum: 0.000000
2025-12-22 22:26:05,818 epoch 111 - iter 18/29 - loss 0.13332308 - time (sec): 9.55 - samples/sec: 2109.35 - lr: 0.000781 - momentum: 0.000000
2025-12-22 22:26:06,924 epoch 111 - iter 20/29 - loss 0.13463830 - time (sec): 10.65 - samples/sec: 2101.23 - lr: 0.000781 - momentum: 0.000000
2025-12-22 22:26:08,222 epoch 111 - iter 22/29 - loss 0.13544320 - time (sec): 11.95 - samples/sec: 2068.59 - lr: 0.000781 - momentum: 0.000000
2025-12-22 22:26:09,047 epoch 111 - iter 24/29 - loss 0.13592801 - time (sec): 12.78 - samples/sec: 2067.56 - lr: 0.000781 - momentum: 0.000000
2025-12-22 22:26:10,081 epoch 111 - iter 26/29 - loss 0.13541048 - time (sec): 13.81 - samples/sec: 2074.78 - lr: 0.000781 - momentum: 0.000000
2025-12-22 22:26:11,114 epoch 111 - iter 28/29 - loss 0.13607994 - time (sec): 14.84 - samples/sec: 2082.67 - lr: 0.000781 - momentum: 0.000000
2025-12-22 22:26:11,550 ----------------------------------------------------------------------------------------------------
2025-12-22 22:26:11,550 EPOCH 111 done: loss 0.1361 - lr: 0.000781
2025-12-22 22:26:13,982 DEV : loss 0.16886812448501587 - f1-score (micro avg)  0.954
2025-12-22 22:26:13,988  - 4 epochs without improvement (above 'patience')-> annealing learning_rate to [0.000390625]
2025-12-22 22:26:13,988 ----------------------------------------------------------------------------------------------------
2025-12-22 22:26:15,009 epoch 112 - iter 2/29 - loss 0.11387806 - time (sec): 1.02 - samples/sec: 2148.45 - lr: 0.000391 - momentum: 0.000000
2025-12-22 22:26:15,788 epoch 112 - iter 4/29 - loss 0.12853190 - time (sec): 1.80 - samples/sec: 2341.46 - lr: 0.000391 - momentum: 0.000000
2025-12-22 22:26:16,982 epoch 112 - iter 6/29 - loss 0.12675091 - time (sec): 2.99 - samples/sec: 2240.83 - lr: 0.000391 - momentum: 0.000000
2025-12-22 22:26:18,069 epoch 112 - iter 8/29 - loss 0.13028842 - time (sec): 4.08 - samples/sec: 2191.42 - lr: 0.000391 - momentum: 0.000000
2025-12-22 22:26:19,009 epoch 112 - iter 10/29 - loss 0.13328456 - time (sec): 5.02 - samples/sec: 2206.26 - lr: 0.000391 - momentum: 0.000000
2025-12-22 22:26:20,038 epoch 112 - iter 12/29 - loss 0.13250978 - time (sec): 6.05 - samples/sec: 2199.97 - lr: 0.000391 - momentum: 0.000000
2025-12-22 22:26:21,061 epoch 112 - iter 14/29 - loss 0.13154705 - time (sec): 7.07 - samples/sec: 2186.33 - lr: 0.000391 - momentum: 0.000000
2025-12-22 22:26:22,278 epoch 112 - iter 16/29 - loss 0.13081688 - time (sec): 8.29 - samples/sec: 2140.61 - lr: 0.000391 - momentum: 0.000000
2025-12-22 22:26:23,429 epoch 112 - iter 18/29 - loss 0.13046053 - time (sec): 9.44 - samples/sec: 2096.01 - lr: 0.000391 - momentum: 0.000000
2025-12-22 22:26:24,729 epoch 112 - iter 20/29 - loss 0.12938533 - time (sec): 10.74 - samples/sec: 2040.39 - lr: 0.000391 - momentum: 0.000000
2025-12-22 22:26:25,654 epoch 112 - iter 22/29 - loss 0.13112606 - time (sec): 11.66 - samples/sec: 2059.94 - lr: 0.000391 - momentum: 0.000000
2025-12-22 22:26:26,813 epoch 112 - iter 24/29 - loss 0.13181755 - time (sec): 12.82 - samples/sec: 2058.75 - lr: 0.000391 - momentum: 0.000000
2025-12-22 22:26:27,829 epoch 112 - iter 26/29 - loss 0.13228973 - time (sec): 13.84 - samples/sec: 2072.27 - lr: 0.000391 - momentum: 0.000000
2025-12-22 22:26:28,632 epoch 112 - iter 28/29 - loss 0.13146313 - time (sec): 14.64 - samples/sec: 2108.20 - lr: 0.000391 - momentum: 0.000000
2025-12-22 22:26:29,024 ----------------------------------------------------------------------------------------------------
2025-12-22 22:26:29,025 EPOCH 112 done: loss 0.1316 - lr: 0.000391
2025-12-22 22:26:31,568 DEV : loss 0.16888177394866943 - f1-score (micro avg)  0.954
2025-12-22 22:26:31,571  - 1 epochs without improvement
2025-12-22 22:26:31,572 ----------------------------------------------------------------------------------------------------
2025-12-22 22:26:32,418 epoch 113 - iter 2/29 - loss 0.13125467 - time (sec): 0.85 - samples/sec: 2519.84 - lr: 0.000391 - momentum: 0.000000
2025-12-22 22:26:33,657 epoch 113 - iter 4/29 - loss 0.14093979 - time (sec): 2.08 - samples/sec: 2066.95 - lr: 0.000391 - momentum: 0.000000
2025-12-22 22:26:34,787 epoch 113 - iter 6/29 - loss 0.13965585 - time (sec): 3.21 - samples/sec: 2050.37 - lr: 0.000391 - momentum: 0.000000
2025-12-22 22:26:35,505 epoch 113 - iter 8/29 - loss 0.13800961 - time (sec): 3.93 - samples/sec: 2197.65 - lr: 0.000391 - momentum: 0.000000
2025-12-22 22:26:36,387 epoch 113 - iter 10/29 - loss 0.13727103 - time (sec): 4.81 - samples/sec: 2246.85 - lr: 0.000391 - momentum: 0.000000
2025-12-22 22:26:37,446 epoch 113 - iter 12/29 - loss 0.13908849 - time (sec): 5.87 - samples/sec: 2223.75 - lr: 0.000391 - momentum: 0.000000
2025-12-22 22:26:38,654 epoch 113 - iter 14/29 - loss 0.14371574 - time (sec): 7.08 - samples/sec: 2191.81 - lr: 0.000391 - momentum: 0.000000
2025-12-22 22:26:39,611 epoch 113 - iter 16/29 - loss 0.14303159 - time (sec): 8.04 - samples/sec: 2184.41 - lr: 0.000391 - momentum: 0.000000
2025-12-22 22:26:40,638 epoch 113 - iter 18/29 - loss 0.14069336 - time (sec): 9.07 - samples/sec: 2208.96 - lr: 0.000391 - momentum: 0.000000
2025-12-22 22:26:41,580 epoch 113 - iter 20/29 - loss 0.14036140 - time (sec): 10.01 - samples/sec: 2225.10 - lr: 0.000391 - momentum: 0.000000
2025-12-22 22:26:42,654 epoch 113 - iter 22/29 - loss 0.13717014 - time (sec): 11.08 - samples/sec: 2209.39 - lr: 0.000391 - momentum: 0.000000
2025-12-22 22:26:43,596 epoch 113 - iter 24/29 - loss 0.13655787 - time (sec): 12.02 - samples/sec: 2228.28 - lr: 0.000391 - momentum: 0.000000
2025-12-22 22:26:44,535 epoch 113 - iter 26/29 - loss 0.13714397 - time (sec): 12.96 - samples/sec: 2221.47 - lr: 0.000391 - momentum: 0.000000
2025-12-22 22:26:45,450 epoch 113 - iter 28/29 - loss 0.13677484 - time (sec): 13.88 - samples/sec: 2235.46 - lr: 0.000391 - momentum: 0.000000
2025-12-22 22:26:45,968 ----------------------------------------------------------------------------------------------------
2025-12-22 22:26:45,968 EPOCH 113 done: loss 0.1361 - lr: 0.000391
2025-12-22 22:26:48,524 DEV : loss 0.16894125938415527 - f1-score (micro avg)  0.954
2025-12-22 22:26:48,527  - 2 epochs without improvement
2025-12-22 22:26:48,528 ----------------------------------------------------------------------------------------------------
2025-12-22 22:26:49,423 epoch 114 - iter 2/29 - loss 0.12982320 - time (sec): 0.89 - samples/sec: 2490.34 - lr: 0.000391 - momentum: 0.000000
2025-12-22 22:26:50,429 epoch 114 - iter 4/29 - loss 0.13006133 - time (sec): 1.90 - samples/sec: 2374.78 - lr: 0.000391 - momentum: 0.000000
2025-12-22 22:26:51,357 epoch 114 - iter 6/29 - loss 0.13799511 - time (sec): 2.83 - samples/sec: 2321.02 - lr: 0.000391 - momentum: 0.000000
2025-12-22 22:26:52,265 epoch 114 - iter 8/29 - loss 0.13768501 - time (sec): 3.74 - samples/sec: 2358.14 - lr: 0.000391 - momentum: 0.000000
2025-12-22 22:26:53,067 epoch 114 - iter 10/29 - loss 0.13222381 - time (sec): 4.54 - samples/sec: 2375.09 - lr: 0.000391 - momentum: 0.000000
2025-12-22 22:26:53,982 epoch 114 - iter 12/29 - loss 0.13494457 - time (sec): 5.45 - samples/sec: 2374.55 - lr: 0.000391 - momentum: 0.000000
2025-12-22 22:26:55,003 epoch 114 - iter 14/29 - loss 0.13529740 - time (sec): 6.47 - samples/sec: 2363.29 - lr: 0.000391 - momentum: 0.000000
2025-12-22 22:26:56,063 epoch 114 - iter 16/29 - loss 0.13234205 - time (sec): 7.53 - samples/sec: 2340.37 - lr: 0.000391 - momentum: 0.000000
2025-12-22 22:26:56,926 epoch 114 - iter 18/29 - loss 0.13219224 - time (sec): 8.40 - samples/sec: 2330.49 - lr: 0.000391 - momentum: 0.000000
2025-12-22 22:26:58,080 epoch 114 - iter 20/29 - loss 0.13390902 - time (sec): 9.55 - samples/sec: 2282.43 - lr: 0.000391 - momentum: 0.000000
2025-12-22 22:26:59,261 epoch 114 - iter 22/29 - loss 0.13217464 - time (sec): 10.73 - samples/sec: 2268.35 - lr: 0.000391 - momentum: 0.000000
2025-12-22 22:27:00,442 epoch 114 - iter 24/29 - loss 0.13234584 - time (sec): 11.91 - samples/sec: 2235.02 - lr: 0.000391 - momentum: 0.000000
2025-12-22 22:27:01,463 epoch 114 - iter 26/29 - loss 0.13175854 - time (sec): 12.93 - samples/sec: 2243.47 - lr: 0.000391 - momentum: 0.000000
2025-12-22 22:27:02,646 epoch 114 - iter 28/29 - loss 0.13136120 - time (sec): 14.12 - samples/sec: 2200.99 - lr: 0.000391 - momentum: 0.000000
2025-12-22 22:27:03,224 ----------------------------------------------------------------------------------------------------
2025-12-22 22:27:03,225 EPOCH 114 done: loss 0.1308 - lr: 0.000391
2025-12-22 22:27:05,618 DEV : loss 0.16894890367984772 - f1-score (micro avg)  0.9539
2025-12-22 22:27:05,621  - 3 epochs without improvement
2025-12-22 22:27:05,623 ----------------------------------------------------------------------------------------------------
2025-12-22 22:27:06,670 epoch 115 - iter 2/29 - loss 0.12683846 - time (sec): 1.05 - samples/sec: 2238.88 - lr: 0.000391 - momentum: 0.000000
2025-12-22 22:27:07,678 epoch 115 - iter 4/29 - loss 0.12948756 - time (sec): 2.05 - samples/sec: 2320.09 - lr: 0.000391 - momentum: 0.000000
2025-12-22 22:27:08,753 epoch 115 - iter 6/29 - loss 0.13520203 - time (sec): 3.13 - samples/sec: 2229.19 - lr: 0.000391 - momentum: 0.000000
2025-12-22 22:27:09,768 epoch 115 - iter 8/29 - loss 0.13413171 - time (sec): 4.14 - samples/sec: 2183.78 - lr: 0.000391 - momentum: 0.000000
2025-12-22 22:27:10,800 epoch 115 - iter 10/29 - loss 0.13401100 - time (sec): 5.18 - samples/sec: 2213.71 - lr: 0.000391 - momentum: 0.000000
2025-12-22 22:27:11,623 epoch 115 - iter 12/29 - loss 0.13356695 - time (sec): 6.00 - samples/sec: 2240.35 - lr: 0.000391 - momentum: 0.000000
2025-12-22 22:27:12,686 epoch 115 - iter 14/29 - loss 0.13451863 - time (sec): 7.06 - samples/sec: 2218.21 - lr: 0.000391 - momentum: 0.000000
2025-12-22 22:27:13,846 epoch 115 - iter 16/29 - loss 0.13581064 - time (sec): 8.22 - samples/sec: 2175.86 - lr: 0.000391 - momentum: 0.000000
2025-12-22 22:27:14,878 epoch 115 - iter 18/29 - loss 0.13845068 - time (sec): 9.25 - samples/sec: 2151.21 - lr: 0.000391 - momentum: 0.000000
2025-12-22 22:27:16,056 epoch 115 - iter 20/29 - loss 0.13809736 - time (sec): 10.43 - samples/sec: 2140.19 - lr: 0.000391 - momentum: 0.000000
2025-12-22 22:27:16,894 epoch 115 - iter 22/29 - loss 0.13795874 - time (sec): 11.27 - samples/sec: 2170.25 - lr: 0.000391 - momentum: 0.000000
2025-12-22 22:27:17,944 epoch 115 - iter 24/29 - loss 0.13812606 - time (sec): 12.32 - samples/sec: 2170.53 - lr: 0.000391 - momentum: 0.000000
2025-12-22 22:27:19,052 epoch 115 - iter 26/29 - loss 0.13890075 - time (sec): 13.43 - samples/sec: 2154.32 - lr: 0.000391 - momentum: 0.000000
2025-12-22 22:27:19,695 epoch 115 - iter 28/29 - loss 0.13779331 - time (sec): 14.07 - samples/sec: 2199.02 - lr: 0.000391 - momentum: 0.000000
2025-12-22 22:27:19,983 ----------------------------------------------------------------------------------------------------
2025-12-22 22:27:19,983 EPOCH 115 done: loss 0.1381 - lr: 0.000391
2025-12-22 22:27:22,401 DEV : loss 0.16893598437309265 - f1-score (micro avg)  0.9539
2025-12-22 22:27:22,405  - 4 epochs without improvement (above 'patience')-> annealing learning_rate to [0.0001953125]
2025-12-22 22:27:22,406 ----------------------------------------------------------------------------------------------------
2025-12-22 22:27:23,475 epoch 116 - iter 2/29 - loss 0.15012783 - time (sec): 1.07 - samples/sec: 1923.97 - lr: 0.000195 - momentum: 0.000000
2025-12-22 22:27:24,381 epoch 116 - iter 4/29 - loss 0.13117472 - time (sec): 1.98 - samples/sec: 2138.69 - lr: 0.000195 - momentum: 0.000000
2025-12-22 22:27:25,541 epoch 116 - iter 6/29 - loss 0.13612111 - time (sec): 3.13 - samples/sec: 2081.29 - lr: 0.000195 - momentum: 0.000000
2025-12-22 22:27:26,456 epoch 116 - iter 8/29 - loss 0.13637182 - time (sec): 4.05 - samples/sec: 2140.24 - lr: 0.000195 - momentum: 0.000000
2025-12-22 22:27:27,514 epoch 116 - iter 10/29 - loss 0.13660570 - time (sec): 5.11 - samples/sec: 2154.48 - lr: 0.000195 - momentum: 0.000000
2025-12-22 22:27:28,674 epoch 116 - iter 12/29 - loss 0.13629592 - time (sec): 6.27 - samples/sec: 2100.92 - lr: 0.000195 - momentum: 0.000000
2025-12-22 22:27:29,717 epoch 116 - iter 14/29 - loss 0.13837883 - time (sec): 7.31 - samples/sec: 2118.38 - lr: 0.000195 - momentum: 0.000000
2025-12-22 22:27:30,674 epoch 116 - iter 16/29 - loss 0.13688629 - time (sec): 8.27 - samples/sec: 2143.84 - lr: 0.000195 - momentum: 0.000000
2025-12-22 22:27:31,527 epoch 116 - iter 18/29 - loss 0.13777578 - time (sec): 9.12 - samples/sec: 2170.17 - lr: 0.000195 - momentum: 0.000000
2025-12-22 22:27:32,696 epoch 116 - iter 20/29 - loss 0.13579033 - time (sec): 10.29 - samples/sec: 2136.89 - lr: 0.000195 - momentum: 0.000000
2025-12-22 22:27:33,594 epoch 116 - iter 22/29 - loss 0.13594215 - time (sec): 11.19 - samples/sec: 2162.94 - lr: 0.000195 - momentum: 0.000000
2025-12-22 22:27:34,528 epoch 116 - iter 24/29 - loss 0.13693264 - time (sec): 12.12 - samples/sec: 2186.85 - lr: 0.000195 - momentum: 0.000000
2025-12-22 22:27:35,392 epoch 116 - iter 26/29 - loss 0.13761911 - time (sec): 12.99 - samples/sec: 2205.62 - lr: 0.000195 - momentum: 0.000000
2025-12-22 22:27:36,487 epoch 116 - iter 28/29 - loss 0.13796951 - time (sec): 14.08 - samples/sec: 2192.02 - lr: 0.000195 - momentum: 0.000000
2025-12-22 22:27:37,066 ----------------------------------------------------------------------------------------------------
2025-12-22 22:27:37,066 EPOCH 116 done: loss 0.1380 - lr: 0.000195
2025-12-22 22:27:39,547 DEV : loss 0.16890814900398254 - f1-score (micro avg)  0.9539
2025-12-22 22:27:39,551  - 1 epochs without improvement
2025-12-22 22:27:39,551 ----------------------------------------------------------------------------------------------------
2025-12-22 22:27:40,377 epoch 117 - iter 2/29 - loss 0.13802894 - time (sec): 0.83 - samples/sec: 2724.57 - lr: 0.000195 - momentum: 0.000000
2025-12-22 22:27:41,416 epoch 117 - iter 4/29 - loss 0.13595927 - time (sec): 1.86 - samples/sec: 2511.43 - lr: 0.000195 - momentum: 0.000000
2025-12-22 22:27:42,321 epoch 117 - iter 6/29 - loss 0.13886068 - time (sec): 2.77 - samples/sec: 2426.15 - lr: 0.000195 - momentum: 0.000000
2025-12-22 22:27:43,346 epoch 117 - iter 8/29 - loss 0.13989187 - time (sec): 3.79 - samples/sec: 2377.95 - lr: 0.000195 - momentum: 0.000000
2025-12-22 22:27:44,294 epoch 117 - iter 10/29 - loss 0.13823710 - time (sec): 4.74 - samples/sec: 2345.64 - lr: 0.000195 - momentum: 0.000000
2025-12-22 22:27:45,407 epoch 117 - iter 12/29 - loss 0.13825500 - time (sec): 5.86 - samples/sec: 2308.81 - lr: 0.000195 - momentum: 0.000000
2025-12-22 22:27:46,202 epoch 117 - iter 14/29 - loss 0.13670212 - time (sec): 6.65 - samples/sec: 2357.02 - lr: 0.000195 - momentum: 0.000000
2025-12-22 22:27:47,065 epoch 117 - iter 16/29 - loss 0.13798886 - time (sec): 7.51 - samples/sec: 2339.31 - lr: 0.000195 - momentum: 0.000000
2025-12-22 22:27:47,903 epoch 117 - iter 18/29 - loss 0.13691592 - time (sec): 8.35 - samples/sec: 2372.40 - lr: 0.000195 - momentum: 0.000000
2025-12-22 22:27:49,307 epoch 117 - iter 20/29 - loss 0.13805017 - time (sec): 9.76 - samples/sec: 2274.07 - lr: 0.000195 - momentum: 0.000000
2025-12-22 22:27:50,322 epoch 117 - iter 22/29 - loss 0.14008325 - time (sec): 10.77 - samples/sec: 2260.30 - lr: 0.000195 - momentum: 0.000000
2025-12-22 22:27:51,271 epoch 117 - iter 24/29 - loss 0.13799550 - time (sec): 11.72 - samples/sec: 2267.37 - lr: 0.000195 - momentum: 0.000000
2025-12-22 22:27:52,204 epoch 117 - iter 26/29 - loss 0.13880626 - time (sec): 12.65 - samples/sec: 2284.85 - lr: 0.000195 - momentum: 0.000000
2025-12-22 22:27:53,045 epoch 117 - iter 28/29 - loss 0.13858552 - time (sec): 13.49 - samples/sec: 2292.92 - lr: 0.000195 - momentum: 0.000000
2025-12-22 22:27:53,629 ----------------------------------------------------------------------------------------------------
2025-12-22 22:27:53,630 EPOCH 117 done: loss 0.1377 - lr: 0.000195
2025-12-22 22:27:56,069 DEV : loss 0.16889159381389618 - f1-score (micro avg)  0.9539
2025-12-22 22:27:56,073  - 2 epochs without improvement
2025-12-22 22:27:56,074 ----------------------------------------------------------------------------------------------------
2025-12-22 22:27:57,252 epoch 118 - iter 2/29 - loss 0.13598917 - time (sec): 1.18 - samples/sec: 2116.32 - lr: 0.000195 - momentum: 0.000000
2025-12-22 22:27:58,076 epoch 118 - iter 4/29 - loss 0.14182452 - time (sec): 2.00 - samples/sec: 2216.86 - lr: 0.000195 - momentum: 0.000000
2025-12-22 22:27:59,150 epoch 118 - iter 6/29 - loss 0.14093292 - time (sec): 3.08 - samples/sec: 2158.47 - lr: 0.000195 - momentum: 0.000000
2025-12-22 22:28:00,159 epoch 118 - iter 8/29 - loss 0.13849437 - time (sec): 4.08 - samples/sec: 2132.35 - lr: 0.000195 - momentum: 0.000000
2025-12-22 22:28:01,282 epoch 118 - iter 10/29 - loss 0.13673574 - time (sec): 5.21 - samples/sec: 2119.07 - lr: 0.000195 - momentum: 0.000000
2025-12-22 22:28:02,236 epoch 118 - iter 12/29 - loss 0.13527909 - time (sec): 6.16 - samples/sec: 2123.86 - lr: 0.000195 - momentum: 0.000000
2025-12-22 22:28:03,353 epoch 118 - iter 14/29 - loss 0.13404086 - time (sec): 7.28 - samples/sec: 2107.52 - lr: 0.000195 - momentum: 0.000000
2025-12-22 22:28:04,051 epoch 118 - iter 16/29 - loss 0.13355625 - time (sec): 7.98 - samples/sec: 2155.52 - lr: 0.000195 - momentum: 0.000000
2025-12-22 22:28:05,206 epoch 118 - iter 18/29 - loss 0.13476908 - time (sec): 9.13 - samples/sec: 2134.50 - lr: 0.000195 - momentum: 0.000000
2025-12-22 22:28:06,456 epoch 118 - iter 20/29 - loss 0.13453663 - time (sec): 10.38 - samples/sec: 2099.84 - lr: 0.000195 - momentum: 0.000000
2025-12-22 22:28:07,475 epoch 118 - iter 22/29 - loss 0.13531046 - time (sec): 11.40 - samples/sec: 2104.53 - lr: 0.000195 - momentum: 0.000000
2025-12-22 22:28:08,557 epoch 118 - iter 24/29 - loss 0.13684007 - time (sec): 12.48 - samples/sec: 2116.47 - lr: 0.000195 - momentum: 0.000000
2025-12-22 22:28:09,589 epoch 118 - iter 26/29 - loss 0.13634808 - time (sec): 13.51 - samples/sec: 2114.74 - lr: 0.000195 - momentum: 0.000000
2025-12-22 22:28:10,489 epoch 118 - iter 28/29 - loss 0.13638146 - time (sec): 14.41 - samples/sec: 2142.82 - lr: 0.000195 - momentum: 0.000000
2025-12-22 22:28:10,885 ----------------------------------------------------------------------------------------------------
2025-12-22 22:28:10,886 EPOCH 118 done: loss 0.1364 - lr: 0.000195
2025-12-22 22:28:13,648 DEV : loss 0.16889068484306335 - f1-score (micro avg)  0.9539
2025-12-22 22:28:13,654  - 3 epochs without improvement
2025-12-22 22:28:13,656 ----------------------------------------------------------------------------------------------------
2025-12-22 22:28:14,975 epoch 119 - iter 2/29 - loss 0.14733280 - time (sec): 1.32 - samples/sec: 1768.96 - lr: 0.000195 - momentum: 0.000000
2025-12-22 22:28:16,062 epoch 119 - iter 4/29 - loss 0.13808943 - time (sec): 2.41 - samples/sec: 1838.38 - lr: 0.000195 - momentum: 0.000000
2025-12-22 22:28:17,010 epoch 119 - iter 6/29 - loss 0.13935635 - time (sec): 3.35 - samples/sec: 2008.96 - lr: 0.000195 - momentum: 0.000000
2025-12-22 22:28:17,941 epoch 119 - iter 8/29 - loss 0.13728715 - time (sec): 4.29 - samples/sec: 2094.95 - lr: 0.000195 - momentum: 0.000000
2025-12-22 22:28:18,887 epoch 119 - iter 10/29 - loss 0.13090687 - time (sec): 5.23 - samples/sec: 2130.84 - lr: 0.000195 - momentum: 0.000000
2025-12-22 22:28:19,859 epoch 119 - iter 12/29 - loss 0.13197034 - time (sec): 6.20 - samples/sec: 2135.73 - lr: 0.000195 - momentum: 0.000000
2025-12-22 22:28:21,020 epoch 119 - iter 14/29 - loss 0.13225409 - time (sec): 7.36 - samples/sec: 2102.03 - lr: 0.000195 - momentum: 0.000000
2025-12-22 22:28:22,273 epoch 119 - iter 16/29 - loss 0.13451111 - time (sec): 8.62 - samples/sec: 2072.88 - lr: 0.000195 - momentum: 0.000000
2025-12-22 22:28:23,438 epoch 119 - iter 18/29 - loss 0.13426168 - time (sec): 9.78 - samples/sec: 2052.40 - lr: 0.000195 - momentum: 0.000000
2025-12-22 22:28:24,508 epoch 119 - iter 20/29 - loss 0.13367405 - time (sec): 10.85 - samples/sec: 2049.27 - lr: 0.000195 - momentum: 0.000000
2025-12-22 22:28:25,434 epoch 119 - iter 22/29 - loss 0.13505201 - time (sec): 11.78 - samples/sec: 2079.77 - lr: 0.000195 - momentum: 0.000000
2025-12-22 22:28:26,314 epoch 119 - iter 24/29 - loss 0.13512644 - time (sec): 12.66 - samples/sec: 2104.55 - lr: 0.000195 - momentum: 0.000000
2025-12-22 22:28:27,576 epoch 119 - iter 26/29 - loss 0.13454263 - time (sec): 13.92 - samples/sec: 2068.37 - lr: 0.000195 - momentum: 0.000000
2025-12-22 22:28:28,420 epoch 119 - iter 28/29 - loss 0.13434232 - time (sec): 14.76 - samples/sec: 2093.95 - lr: 0.000195 - momentum: 0.000000
2025-12-22 22:28:28,965 ----------------------------------------------------------------------------------------------------
2025-12-22 22:28:28,965 EPOCH 119 done: loss 0.1352 - lr: 0.000195
2025-12-22 22:28:31,698 DEV : loss 0.16890905797481537 - f1-score (micro avg)  0.9539
2025-12-22 22:28:31,702  - 4 epochs without improvement (above 'patience')-> annealing learning_rate to [9.765625e-05]
2025-12-22 22:28:31,702 ----------------------------------------------------------------------------------------------------
2025-12-22 22:28:31,702 learning rate too small - quitting training!
2025-12-22 22:28:31,702 ----------------------------------------------------------------------------------------------------
2025-12-22 22:28:31,702 Saving model ...
2025-12-22 22:28:31,739 Done.
2025-12-22 22:28:31,739 ----------------------------------------------------------------------------------------------------
2025-12-22 22:28:31,740 Loading model from best epoch ...
2025-12-22 22:28:31,790 [b'<unk>', b'\xe2\x96\x81,', b'\xe2\x96\x81a', b'\xe2\x96\x81.', b'\xe2\x96\x81az', b'\xe2\x96\x81A', b'\xe2\x96\x81\xc3\xa9s', b'\xe2\x96\x81is', b'\xe2\x96\x81\xe2\x80\x94', b'\xe2\x96\x81hogy', b'i', b'-', b'\xe2\x96\x81nem', b'\xe2\x96\x81"', b'\xe2\x96\x81meg', b'\xe2\x96\x81Az', b'\xe2\x96\x81egy', b'a', b'\xe2\x96\x81s', b'e', b'ban', b'ben', b'ek', b'\xe2\x96\x81el', b't', b'nak', b'ok', b'\xe2\x96\x81:', b'es', b'ik', b'en', b'\xe2\x96\x81m\xc3\xa1r', b'et', b'nek', b'\xc3\xa1t', b'ott', b'\xe2\x96\x81ki', b'\xe2\x96\x81fel', b'\xe2\x96\x81volt', b'\xe2\x96\x81de', b'on', b'\xe2\x96\x81csak', b'ni', b'\xc3\xa9t', b'\xc3\xb3', b'at', b'\xe2\x96\x81szerint', b'ot', b'\xe2\x96\x81m\xc3\xa9g', b'ja', b'\xe2\x96\x81azt', b'\xe2\x96\x81k\xc3\xa9t', b'ra', b'os', b'\xc5\x91', b'er', b'k', b's', b'\xc3\xa1s', b'\xe2\x96\x81(', b'\xe2\x96\x81)', b'em', b're', b'.', b'\xe2\x96\x81t\xc3\xb6bb', b'\xc3\xa1n', b'\xe2\x96\x81sem', b'ett', b'\xe2\x96\x81b', b'\xe2\x96\x81sz', b'el', b'an', b'\xe2\x96\x81t', b'\xe2\x96\x81mint', b'\xe2\x96\x81magyar', b'it', b'\xc3\xa1ban', b'\xc3\xa1r', b'\xc3\xa9nek', b'\xe2\x96\x81pedig', b'\xc3\xa9s', b'\xe2\x96\x81ut\xc3\xa1n', b'\xe2\x96\x81ha', b'\xe2\x96\x81ez', b'ak', b'\xe2\x96\x81M', b'\xc3\xa9ben', b'\xe2\x96\x81milli\xc3\xb3', b'\xe2\x96\x81k\xc3\xb6z\xc3\xb6tt', b'\xe2\x96\x81\xc3\xa9v', b'\xe2\x96\x81kell', b'\xe2\x96\x81T', b'eket', b'\xe2\x96\x81aki', b'j\xc3\xa1k', b'\xe2\x96\x81k', b'\xe2\x96\x81h', b'r', b'\xe2\x96\x81van', b'ba', b'v', b'okat', b's\xc3\xa9g', b'sz', b'\xe2\x96\x81milli\xc3\xa1rd', b'l', b'\xc3\xa9k', b'\xc3\xb3k', b'\xe2\x96\x81amely', b'om', b'\xe2\x96\x81K', b'\xe2\x96\x81\xc3\xa1t', b'\xe2\x96\x81f', b'\xc3\xa1sa', b'\xe2\x96\x81H', b'\xc3\xba', b'd', b'\xe2\x96\x81egyik', b'\xc3\xa1nak', b'ta', b'\xe2\x96\x81minden', b'\xc5\xb1', b'or', b'\xe2\x96\x81nagy', b'z', b'\xe2\x96\x81r', b'\xe2\x96\x81Sz', b'\xc3\xa9rt', b'\xe2\x96\x81orosz', b'\xe2\x96\x81k\xc3\xb6z', b'\xe2\x96\x81ami', b'\xe2\x96\x81korm\xc3\xa1ny', b'ul', b'h', b'\xe2\x96\x81S', b'p', b'ai', b'\xe2\x96\x81p', b'\xc3\xbcl', b'\xe2\x96\x81m', b'j', b'm', b'al', b'\xe2\x96\x81majd', b'\xe2\x96\x81be', b'ad', b'\xe2\x96\x81V', b'ar', b'y', b'\xe2\x96\x81szerb', b'\xe2\x96\x81lehet', b'\xc3\xa9n', b'be', b'ei', b'r\xc5\x91l', b'b\xc5\x91l', b'\xc3\xa1k', b'\xe2\x96\x81l', b'ette', b'\xe2\x96\x81\xc3\xbaj', b'ol', b'\xe2\x96\x81mind', b'\xe2\x96\x81B', b'\xe2\x96\x81el\xc5\x91', b'\xe2\x96\x81\xc3\xa1ltal', b'b\xc3\xb3l', b'\xc3\xbck', b'te', b'elt', b'\xe2\x96\x81vil\xc3\xa1g', b'r\xc3\xb3l', b'\xc3\xa1s\xc3\xa1t', b'\xc3\xadt', b'n', b'\xe2\x96\x81olyan', b'\xc3\xa1l', b'\xc3\xb3t', b'\xe2\x96\x81\xc3\xb3ta', b'\xe2\x96\x81most', b'\xc3\xa9se', b'\xe2\x96\x81annak', b'\xe2\x96\x81P', b'as', b'\xe2\x96\x81jelent', b'am', b'\xe2\x96\x81id\xc5\x91', b'b', b'\xe2\x96\x81d', b'\xc3\xa9', b'\xe2\x96\x81\xc3\xa1llam', b'\xe2\x96\x81', b'\xe2\x96\x81f\xc5\x91', b'\xe2\x96\x81els\xc5\x91', b'\xe2\x96\x81c\xc3\xa9g', b'\xe2\x96\x81eln\xc3\xb6k', b'\xe2\x96\x81akkor', b'\xe2\x96\x81arra', b'g', b'\xe2\x96\x81ezt', b'\xe2\x96\x81ugyan', b'f', b'\xe2\x96\x81lesz', b'hoz', b'ult', b'\xe2\x96\x81tart', b'hat', b's\xc3\xa1g', b't\xc3\xa1k', b'eg', b'\xe2\x96\x81le', b'\xc3\xa9re', b'\xe2\x96\x81hat', b'\xe2\x96\x81ma', b'\xc5\x91k', b'\xe2\x96\x81Ez', b'\xc3\xa9l', b'\xc3\xa1sok', b'\xc3\xa1ra', b'\xe2\x96\x81azonban', b'tak', b'\xe2\x96\x81mert', b'\xc3\xa1z', b'\xe2\x96\x81sz\xc3\xa1m', b'\xe2\x96\x81hanem', b'\xe2\x96\x81v', b'\xe2\x96\x81\xc3\xa9l', b'szer', b'ig', b'\xe2\x96\x812', b'k\xc3\xa9nt', b'\xe2\x96\x81miatt', b'in', b'\xe2\x96\x81ember', b'\xe2\x96\x81el\xc5\x91tt', b'\xe2\x96\x81cseh', b'\xe2\x96\x81t\xc3\xb6r\xc3\xb6k', b'\xe2\x96\x81gazdas\xc3\xa1gi', b'eti', b'enek', b'esen', b'\xe2\x96\x81tud', b'\xe2\x96\x81politikai', b'ed', b'\xe2\x96\x81v\xc3\xa1lt', b'\xc3\xadtott', b'\xe2\x96\x81h\xc3\xb3', b'\xe2\x96\x81R', b'va', b'\xe2\x96\x81mond', b'\xe2\x96\x81mintegy', b'o', b'\xe2\x96\x81\xc3\xa9let', b'\xe2\x96\x81forint', b'\xe2\x96\x81c\xc3\xadm\xc5\xb1', b'\xe2\x96\x81\xc3\xa9vek', b'\xe2\x96\x81vagy', b'\xe2\x96\x81?', b'\xc3\xa1si', b'\xe2\x96\x81mellett', b'ekben', b'uk', b'cs', b'\xe2\x96\x81L', b'je', b'\xe2\x96\x81\xc3\xbagy', b'us', b'ez', b'\xe2\x96\x81G', b'\xe2\x96\x81amelynek', b'\xe2\x96\x81gazdas\xc3\xa1g', b'olt', b'\xe2\x96\x81J', b'\xe2\x96\x81orsz\xc3\xa1g', b'\xe2\x96\x81egyes', b'\xe2\x96\x81p\xc3\xa9ld\xc3\xa1ul', b'\xe2\x96\x81ker\xc3\xbcl', b'\xe2\x96\x81h\xc3\xa1rom', b's\xc3\xa9ge', b'\xe2\x96\x81eg\xc3\xa9sz', b'\xe2\x96\x81v\xc3\xa1laszt', b'ir', b'\xe2\x96\x81hely', b'\xe2\x96\x81az\xc3\xa9rt', b'\xe2\x96\x81\xc5\x91', b'\xe2\x96\x81alap', b'\xe2\x96\x81cs', b'u', b'\xc3\xb3i', b'\xe2\x96\x81hiszen', b'\xc3\xa9ny', b'\xc3\xa9vel', b'il', b'\xc3\xa9p', b'ut', b'eit', b'osan', b'ny', b'\xe2\x96\x81nev', b'\xe2\x96\x81\xc3\xa1ll', b'\xe2\x96\x81sok', b'unk', b'\xe2\x96\x81D', b'\xe2\x96\x81nemzetk\xc3\xb6zi', b'\xe2\x96\x81n\xc3\xa9gy', b'\xc3\xb6tt', b'\xc3\xa1rt', b'lat', b'\xe2\x96\x81m\xc5\xb1', b'\xe2\x96\x81kis', b'\xe2\x96\x81\xc3\xb6ssz', b'ett\xc3\xa9k', b'\xe2\x96\x81szem\xc3\xa9ly', b'\xc3\xa1st', b'c', b'\xc3\xa9st', b'\xe2\x96\x81v\xc3\xa1ros', b'ani', b'ia', b'\xe2\x96\x81szlov\xc3\xa1k', b'\xe2\x96\x81r\xc3\xa9sz', b'\xe2\x96\x81Kft', b'ter', b'\xe2\x96\x81p\xc3\xa9nz', b'oz', b'\xe2\x96\x81\xc3\xa9r', b'tek', b'\xe2\x96\x81Nem', b'\xc3\xb6k', b'\xe2\x96\x81legnagyobb', b'\xe2\x96\x81sz\xc3\xa1m\xc3\xa1ra', b'\xc3\xa1lt', b'\xc3\xa9s\xc3\xa9t', b'od', b'\xe2\x96\x81F', b'\xe2\x96\x81al', b'\xe2\x96\x81\xc3\xa9rt', b'\xe2\x96\x81mi', b'\xe2\x96\x81l\xc3\xa1t', b'is', b'\xe2\x96\x81helyzet', b'\xe2\x96\x81ir\xc3\xa1ny', b'\xe2\x96\x81leg', b'ebb', b'\xe2\x96\x81ezer', b'\xe2\x96\x81sz\xc3\xa9p', b'het', b'ur', b'hez', b'\xe2\x96\x81koszov\xc3\xb3i', b'\xe2\x96\x81t\xc3\xadz', b'\xe2\x96\x81g', b'\xc3\xadt\xc3\xa1s', b'hat\xc3\xb3', b'abb', b'im', b'\xe2\x96\x81ut\xc3\xb3bbi', b'\xe2\x96\x81\xc3\xa9ppen', b'\xe2\x96\x81alatt', b'ikus', b'\xe2\x96\x81mindig', b'\xe2\x96\x81E', b'end', b'\xe2\x96\x81n', b'\xc3\xa1ll', b'egy', b'\xe2\x96\x81h\xc3\xa9t', b'\xe2\x96\x81k\xc3\xb6r', b'\xe2\x96\x81z', b'\xe2\x96\x81j', b'\xe2\x96\x81c', b'ent', b'\xe2\x96\x81ter', b'\xe2\x96\x81megt', b'\xe2\x96\x81rend', b'vezet', b'\xe2\x96\x81\xc3\xadgy', b'ev', b've', b'\xe2\x96\x81ahol', b'\xe2\x96\x81\xc3\xa1m', b'\xc3\xa9r', b'tam', b'\xe2\x96\x81ad', b'\xe2\x96\x81I', b'\xe2\x96\x81darab', b'\xe2\x96\x81ki\xc3\xa1ll\xc3\xadt\xc3\xa1s', b'\xe2\x96\x81\xc3\xa1llami', b'\xe2\x96\x81alb\xc3\xa1nok', b'\xe2\x96\x81f\xc3\xb6ldreng\xc3\xa9s', b'\xe2\x96\x81ilyen', b'el\xc5\x91', b'\xe2\x96\x81szerep', b'\xe2\x96\x81bel\xc3\xbcl', b't\xc3\xb3l', b'vel', b'vet', b'\xe2\x96\x81k\xc3\xa9rd\xc3\xa9s', b'\xe2\x96\x81rendszer', b'\xc3\xa1ny', b'atok', b'\xe2\x96\x81nyom', b'\xe2\x96\x81K\xc3\xb6z', b'asz', b'az', b'ont', b'\xc3\xa1b\xc3\xb3l', b'\xc3\xbcnk', b'\xe2\x96\x81amikor', b'\xe2\x96\x81n\xc3\xa9met', b'\xe2\x96\x81egy\xc3\xbctt', b'\xe2\x96\x81J\xc3\xa1nos', b'\xe2\x96\x81nincs', b'\xc3\xadtett', b'\xe2\x96\x81illetve', b'\xe2\x96\x81Rt', b'\xe2\x96\x813', b'\xe2\x96\x81szer', b'ika', b'\xe2\x96\x81p\xc3\xa1rt', b'\xe2\x96\x81mely', b'\xe2\x96\x81sz\xc3\xadn', b'\xe2\x96\x81viszony', b'\xc3\xadr', b'\xe2\x96\x81Ha', b'j\xc3\xa1t', b'\xe2\x96\x81\xc3\xbcgy', b'ozott', b'\xe2\x96\x81nagyon', b'\xe2\x96\x81tiszt', b'\xe2\x96\x81k\xc3\xa9sz', b'\xe2\x96\x81C', b'\xe2\x96\x81ENSZ', b'\xe2\x96\x81szoci\xc3\xa1ldemokrat', b'szak', b'\xe2\x96\x81mag', b'\xe2\x96\x81nap', b'\xe2\x96\x81n\xc3\xb6veked', b'\xe2\x96\x81h\xc3\xb3nap', b'ep', b'\xe2\x96\x81\xc3\xa1r', b'ezett', b'\xe2\x96\x81ellen', b'\xe2\x96\x81megsz', b'oz\xc3\xa1s', b'\xe2\x96\x81v\xc3\xa9g', b'elem', b'\xe2\x96\x81j\xc3\xa1r', b'eni', b'\xe2\x96\x81\xc3\xbat', b'\xe2\x96\x81r\xc3\xa9szt', b'\xe2\x96\x81tavaly', b'\xe2\x96\x81k\xc3\xa9p', b'\xe2\x96\x81folytat', b'\xe2\x96\x81N', b'\xe2\x96\x818', b'\xe2\x96\x81k\xc3\xb6z\xc3\xbcl', b'\xc3\xa9sz', b'\xe2\x96\x81m\xc3\xa1s', b'oknak', b'\xe2\x96\x81form', b'\xe2\x96\x81f\xc5\x91v\xc3\xa1ros', b'\xe2\x96\x8130', b'\xe2\x96\x81\xc3\xbajra', b'\xc3\xa1r\xc3\xb3l', b'\xe2\x96\x81bizony', b'\xe2\x96\x81kezd', b'\xc3\xb6r', b'\xe2\x96\x81j\xc3\xb3', b'\xc3\xb6n', b'ap', b'\xe2\x96\x81m\xc3\xa1sik', b'um', b'\xe2\x96\x81name', b'aj', b'\xe2\x96\x81lak', b'\xc3\xadt\xc3\xa9s', b'oz\xc3\xb3', b'\xe2\x96\x81alak', b'usz', b'0', b'\xc3\xb3s', b'\xe2\x96\x81k\xc3\xa9pvisel\xc5\x91', b'\xe2\x96\x81\xc3\xa1ll\xc3\xb3', b'\xe2\x96\x81egyszer', b'\xe2\x96\x81minisztereln\xc3\xb6k', b'\xe2\x96\x81m\xc3\xbalt', b'\xc3\xa9r\xc5\x91l', b'\xe2\x96\x81fontos', b'\xe2\x96\x81k\xc3\xa9sz\xc3\xbclt', b'\xe2\x96\x81kor', b'\xe2\x96\x81k\xc3\xb6z\xc3\xb6s', b'\xe2\x96\x81korm\xc3\xa1nyf\xc5\x91', b'5', b'\xe2\x96\x81bank', b'\xe2\x96\x81SPD', b'\xe2\x96\x81szerbek', b'\xe2\x96\x81\xc3\xa9ve', b'\xe2\x96\x81valamint', b'ess\xc3\xa9g', b'\xc3\xa1lat', b'\xe2\x96\x81fog', b'\xc3\xa1lis', b'\xe2\x96\x81lehetett', b'\xe2\x96\x81U', b'\xe2\x96\x81mutat', b'\xe2\x96\x81\xc3\x8dgy', b'\xe2\x96\x81t\xc3\xbal', b'ata', b'\xe2\x96\x81szabad', b'av', b'\xe2\x96\x81f\xc3\xa9l', b'\xe2\x96\x81elej\xc3\xa9n', b'\xc3\xa1ja', b'\xe2\x96\x81sz\xc3\xa1m\xc3\xadt', b'\xe2\x96\x814', b'eknek', b'\xe2\x96\x81hivatalos', b'\xe2\x96\x81n\xc3\xa9h\xc3\xa1ny', b'okban', b'\xc3\xbclet', b'\xe2\x96\x81munk', b's\xc3\xa9get', b'\xe2\x96\x81tagja', b'\xe2\x96\x81Ferenc', b'\xe2\x96\x81ellen\xc3\xa9re', b'\xe2\x96\x81val', b'oszt', b'\xe2\x96\x81pr', b'\xe2\x96\x81vezet\xc5\x91je', b't\xc5\x91l', b'ing', b'kel', b'\xe2\x96\x81ir', b'\xe2\x96\x81ugyanis', b'\xe2\x96\x81Magyar', b'\xe2\x96\x81tan', b'\xe2\x96\x81mondta', b'\xe2\x96\x81szem', b'\xe2\x96\x81oper', b'\xc3\xb6t', b'ad\xc3\xb3', b'9', b'\xe2\x96\x81akar', b'\xe2\x96\x81jelent\xc3\xa9s', b'\xc3\xa1val', b'ell', b'\xc3\xa9sre', b'\xe2\x96\x81l\xc3\xa1that\xc3\xb3', b'\xe2\x96\x81t\xc3\xb6rv\xc3\xa9ny', b'\xe2\x96\x81megny', b'\xe2\x96\x81gondol', b'\xe2\x96\x81l\xc3\xa9p', b'\xe2\x96\x81hang', b'\xe2\x96\x81am', b'\xe2\x96\x81orvos', b'\xe2\x96\x81viszont', b'\xe2\x96\x81t\xc3\xa1v', b'\xc3\xa1m', b'ezte', b'\xe2\x96\x81l\xc3\xa1togat', b'\xe2\x96\x81Budapest', b'\xe2\x96\x81EU', b'\xe2\x96\x81terv', b'\xe2\x96\x81ez\xc3\xa9rt', b'\xc3\xa9g', b'\xe2\x96\x81j\xc3\xb6v\xc5\x91', b'\xe2\x96\x81parlament', b'\xe2\x96\x81Dubcek', b'\xe2\x96\x815', b'\xe2\x96\x81szervez', b'\xe2\x96\x81korl\xc3\xa1t', b'\xe2\x96\x81cs\xc3\xb6kkent', b'\xc3\xa9s\xc3\xa9vel', b'\xe2\x96\x81Ennek', b'\xe2\x96\x81t\xc3\xb6rt\xc3\xa9n', b'\xe2\x96\x81egyre', b'\xe2\x96\x81l\xc3\xa9g', b'ikai', b'kor', b'\xe2\x96\x81jut', b'\xe2\x96\x81szemben', b'\xe2\x96\x81jelenleg', b'\xe2\x96\x81k\xc3\xb6zel', b'\xc3\xb3s\xc3\xa1g', b'\xe2\x96\x81von', b'\xe2\x96\x81\xc3\xa9vben', b'\xc3\xbcgyi', b'\xe2\x96\x81id\xc3\xa9n', b'est', b'\xe2\x96\x81lenne', b'tag', b'\xe2\x96\x81rom', b'\xc3\xa1sra', b'hetnek', b'\xe2\x96\x81alapj\xc3\xa1n', b'ag', b'\xc3\xb3l', b'\xe2\x96\x81este', b'\xc3\xadtotta', b'\xe2\x96\x81\xc3\xbaton', b'leg', b'\xc3\xa1', b'\xc3\xa1ba', b'ud', b'\xe2\x96\x81dolgoz', b'\xe2\x96\x81El', b'\xe2\x96\x81mar', b'\xe2\x96\x81igaz', b'\xe2\x96\x81ker\xc3\xbclt', b'\xe2\x96\x81-', b'\xe2\x96\x81tan\xc3\xa1cs', b'\xc3\xa1ly', b'\xe2\x96\x81elv', b'\xe2\x96\x81egyetlen', b'ab', b'ert', b'ekre', b'\xc5\x91l', b'\xe2\x96\x81Egy', b'\xe2\x96\x81hal', b'\xe2\x96\x816', b'ov', b'\xe2\x96\x81kellett', b'ch', b'\xe2\x96\x81jelent\xc5\x91s', b'\xe2\x96\x81s\xc5\x91t', b'\xe2\x96\x81hatalom', b'\xc3\xa9ly', b'\xe2\x96\x81kap', b'\xe2\x96\x81semmi', b'osz', b'\xe2\x96\x81ott', b'\xe2\x96\x81ok', b'\xe2\x96\x81alk', b'\xe2\x96\x81amit', b'\xe2\x96\x81\xc3\xadr', b'\xe2\x96\x81mag\xc3\xa1n', b'\xc3\xb3ja', b'em\xc3\xa9ny', b'\xe2\x96\x81akik', b'\xe2\x96\x81\xc3\xa9rdek', b'\xe2\x96\x81sor', b'\xe2\x96\x81terh', b'\xc3\xb6lt', b'otta', b'\xc5\x91en', b'\xe2\x96\x81tag', b'\xe2\x96\x81els\xc5\x91sorban', b'\xe2\x96\x81\xc3\xa9nek', b'art', b'\xe2\x96\x81ism\xc3\xa9t', b'\xe2\x96\x81m\xc5\xb1v\xc3\xa9sz', b'\xe2\x96\x81W', b'\xe2\x96\x81film', b'\xe2\x96\x81l\xc3\xa9v\xc5\x91', b'\xe2\x96\x81hivatal', b'\xe2\x96\x81csecsen', b'\xe2\x96\x81doll\xc3\xa1r', b'm\xc3\xa1ny', b'\xe2\x96\x81vit', b'\xe2\x96\x81gyors', b'\xe2\x96\x81t\xc3\xa9ny', b'k\xc3\xa9p', b's\xc3\xa9gek', b'\xe2\x96\x81megb', b'\xe2\x96\x81gyakorlat', b'\xe2\x96\x81kor\xc3\xa1bban', b'olja', b'\xe2\x96\x81d\xc3\xa9l', b'\xe2\x96\x81legfontosabb', b'iai', b'\xc3\xa9si', b'\xe2\x96\x81\xc3\xb6n', b'\xe2\x96\x81Fel', b'ezet', b'ci', b'\xe2\x96\x81elm\xc3\xbalt', b'\xe2\x96\x81emberek', b'\xe2\x96\x81ezen', b'\xe2\x96\x81feladat', b'\xe2\x96\x81foglalkoz', b'zet', b'\xe2\x96\x81nagyobb', b'ony', b'\xe2\x96\x81v\xc3\xa1rhat\xc3\xb3an', b'pr', b'\xe2\x96\x81sz\xc3\xa1z', b'\xe2\x96\x81\xc3\xa1ll\xc3\xa1s', b'\xe2\x96\x81lehet\xc5\x91s\xc3\xa9g', b'00', b'etlen', b'\xe2\x96\x81hozz', b'\xc3\xa1sz', b'eres', b'\xe2\x96\x81kez', b'\xe2\x96\x81seg\xc3\xadt', b'\xe2\x96\x81\xc3\x89s', b't\xc3\xa9k', b'\xe2\x96\x81maga', b'\xe2\x96\x81szerd\xc3\xa1n', b'\xe2\x96\x81persze', b'\xe2\x96\x8111', b'1', b'\xe2\x96\x81vannak', b'ant', b'\xc3\xa1sokat', b'\xe2\x96\x81Cs', b'ob', b'\xe2\x96\x81al\xc3\xa1', b'\xc3\xa1l\xc3\xa1s', b'eget', b'edett', b'\xe2\x96\x81b\xc3\xa1r', b'\xc3\xa1t\xc3\xb3l', b'h\xc3\xa1z', b'\xe2\x96\x81sz\xc3\xb3', b'\xe2\x96\x81ezek', b'\xe2\x96\x81h\xc3\xa9ten', b'ottak', b'\xe2\x96\x81t\xc3\xb6r', b'\xe2\x96\x81parlamenti', b'\xe2\x96\x81szavak', b'\xe2\x96\x81volna', b'j\xc3\xa1nak', b'\xe2\x96\x81hal\xc3\xa1l', b'\xe2\x96\x81legyen', b'\xc3\xa9m', b'\xe2\x96\x81f\xc3\xa9rfi', b'\xe2\x96\x81t\xc3\xa1rsas\xc3\xa1g', b'\xe2\x96\x81arr\xc3\xb3l', b'esz', b'\xe2\x96\x81k\xc3\xb6vet\xc5\x91en', b'\xe2\x96\x81jog', b'\xe2\x96\x81bel', b'\xe2\x96\x81jelen', b'\xe2\x96\x81magas', b'\xe2\x96\x81tulajdon', b'\xe2\x96\x81\xc3\xa9p\xc3\xadt', b'\xe2\x96\x81t\xc3\xb6rt\xc3\xa9net', b'\xe2\x96\x81el\xc3\xa9g', b'm\xc3\xa9ny', b'\xe2\x96\x81Tito', b'\xc3\xb3dik', b'telen', b'\xe2\x96\x81miut\xc3\xa1n', b'\xe2\x96\x81\xc5\x91t', b'\xe2\x96\x81tett', b'elte', b'7', b'\xe2\x96\x81p\xc3\xa1ly', b'\xe2\x96\x81tov\xc3\xa1bb', b'\xe2\x96\x81szeptember', b'\xc3\xa9z', b'iz', b'\xe2\x96\x81ezel\xc5\x91tt', b'\xe2\x96\x81saj\xc3\xa1t', b'\xe2\x96\x81lett', b'\xe2\x96\x81biztons\xc3\xa1g', b'\xe2\x96\x81besz\xc3\xa9l', b'\xe2\x96\x81amelyben', b'\xe2\x96\x81v\xc3\xa1llal', b'\xe2\x96\x81\xc3\xa9n', b'zs', b'ic', b'\xe2\x96\x81k\xc3\xa9sz\xc3\xbcl', b'j\xc3\xa1ban', b'rel', b'\xe2\x96\x81\xc3\xa9rt\xc3\xa9k', b'\xe2\x96\x81t\xc3\xa1mogat', b'\xe2\x96\x81h\xc3\xadr', b'\xe2\x96\x81abban', b'\xe2\x96\x81eln\xc3\xb6ke', b'\xe2\x96\x81\xc3\xa1llamf\xc5\x91', b'\xe2\x96\x811', b'\xe2\x96\x81rend\xc5\x91r', b'\xe2\x96\x81ugyancsak', b'\xe2\x96\x81HVG', b'\xe2\x96\x81jegyzett', b'.-', b'\xe2\x96\x81T\xc3\xb6r\xc3\xb6korsz\xc3\xa1g', b'\xe2\x96\x81imm\xc3\xa1r', b'n\xc3\xa1l', b'\xe2\x96\x81hosszabb', b'\xe2\x96\x81t\xc5\x91k', b'\xc3\xa1ci\xc3\xb3', b'\xe2\x96\x81P\xc3\xa9ter', b'gazdas\xc3\xa1g', b'hat\xc3\xa1r', b'\xe2\x96\x81tette', b'\xe2\x96\x81lehet\xc5\x91v\xc3\xa9', b'\xe2\x96\x81;', b'\xc3\xa9v', b'\xe2\x96\x81ig\xc3\xa9ny', b'\xe2\x96\x81eredm\xc3\xa9ny', b'\xe2\x96\x81\xc3\xa9letben', b'4', b'elm', b'\xe2\x96\x81nemzeti', b'\xe2\x96\x81tapasztal', b'gat', b'\xe2\x96\x81Ma', b'elet', b'\xe2\x96\x81eddig', b'\xe2\x96\x81tal\xc3\xa1n', b'\xc3\xa9nt', b'\xc3\xb6s', b'\xe2\x96\x81jogi', b'\xe2\x96\x81Meg', b'atot', b'\xe2\x96\x81Magyarorsz\xc3\xa1gon', b'szik', b'it\xc3\xa1s', b'\xe2\x96\x81k\xc3\xb6zvetlen', b'kedelmi', b'\xe2\x96\x81t\xc3\xb6rt\xc3\xa9nt', b'\xe2\x96\x81j\xc3\xb6v\xc5\x91re', b'ind', b'\xe2\x96\x81rendez', b'5-', b'\xe2\x96\x81v\xc3\xa1r', b'\xe2\x96\x81sz\xc3\xa1ma', b'\xe2\x96\x81ter\xc3\xbclet', b'\xc3\xa1kat', b'\xe2\x96\x81kapcsolat', b'okra', b'eny', b'\xe2\x96\x81\xc5\x91ket', b'\xe2\x96\x81alig', b'\xe2\x96\x81Pedig', b'el\xc3\xa9s', b'\xc3\xa9hez', b'\xe2\x96\x81vezet\xc5\x91', b'l\xc5\x91', b'\xe2\x96\x81busz', b'\xe2\x96\x81n\xc3\xa9lk\xc3\xbcl', b'\xe2\x96\x81De', b'eln\xc3\xb6k', b'\xe2\x96\x81ment', b'ait', b'adt', b'\xc3\xb3kat', b'un', b'att', b'\xc3\xad', b'inak', b'anak', b'\xc3\xb3r', b'\xe2\x96\x81egy\xc3\xa9bk\xc3\xa9nt', b'val', b'\xe2\x96\x81telep\xc3\xbcl\xc3\xa9s', b'\xe2\x96\x81nyolc', b'\xc3\xadteni', b'eszt', b's\xc3\xa9g\xc3\xa9t', b'\xe2\x96\x81v\xc3\xa9g\xc3\xa9n', b'\xe2\x96\x81hajland\xc3\xb3', b'hely', b'\xe2\x96\x81fal', b'\xe2\x96\x81csal\xc3\xa1d', b'elt\xc3\xa9k', b'\xe2\x96\x81n\xc3\xa9z', b'\xe2\x96\x81legal\xc3\xa1bb', b'\xe2\x96\x81ind', b'k\xc3\xb6z', b'\xe2\x96\x81s\xc3\xad', b'tt', b'\xe2\x96\x81100', b'\xc3\xb6l', b'iszt', b'\xe2\x96\x81bet', b'\xe2\x96\x81megmutat', b'\xe2\x96\x81tekint', b'\xe2\x96\x81sz\xc3\xb3l', b'agy', b'\xe2\x96\x81kon', b'tat', b'id', b'\xe2\x96\x81fenntart', b'\xe2\x96\x81nyelv', b'\xe2\x96\x81semm', b'almas', b'\xe2\x96\x81lev\xc3\xa9l', b'\xe2\x96\x81\xc3\xa1ll\xc3\xadt', b'ver', b'\xe2\x96\x81hasonl\xc3\xb3', b'\xe2\x96\x81mik\xc3\xb6zben', b'szem', b'\xe2\x96\x81aj\xc3\xa1n', b'\xe2\x96\x81bar\xc3\xa1t', b'\xe2\x96\x81Al', b'\xe2\x96\x81katolikus', b'\xe2\x96\x81meg\xc3\xa9rkez', b'\xe2\x96\x81k\xc3\xb6tel', b'\xe2\x96\x81november', b'okkal', b'\xe2\x96\x81olasz', b'\xe2\x96\x81szinte', b'\xc3\xb6z', b'\xe2\x96\x81jelentette', b'\xe2\x96\x81gy\xc5\x91z', b'\xe2\x96\x81ellenz\xc3\xa9ki', b'\xe2\x96\x81olaj', b'\xe2\x96\x81min', b'\xe2\x96\x81zen', b'\xe2\x96\x81el\xc5\x91sz\xc3\xb6r', b'\xe2\x96\x81vesz', b'hatja', b'\xe2\x96\x81vissz', b'\xe2\x96\x81200', b'\xe2\x96\x81nyit', b'\xe2\x96\x8110', b'\xe2\x96\x81ismert', b'7-', b'\xe2\x96\x81d\xc3\xb6nt', b'\xe2\x96\x8140', b's\xc3\xa9gi', b'\xe2\x96\x81Koszov\xc3\xb3', b'\xe2\x96\x81Orb\xc3\xa1n', b'\xe2\x96\x81b\xc3\xadr', b'\xe2\x96\x81hitel', b',5', b'\xe2\x96\x81tartom\xc3\xa1ny', b'\xe2\x96\x81m\xc3\xa9rt\xc3\xa9k', b'\xe2\x96\x81L\xc3\xa1szl\xc3\xb3', b'og', b'\xc3\xb3d', b'ozat', b'\xe2\x96\x81foly', b'\xe2\x96\x81munka', b'\xe2\x96\x81harc', b'\xe2\x96\x81fizet', b'\xe2\x96\x81\xc3\xa9rdek\xc3\xa9ben', b'\xe2\x96\x81v\xc3\xa1llalatok', b'\xe2\x96\x81teh\xc3\xa1t', b'\xe2\x96\x81elm', b'\xe2\x96\x81kutat', b'\xe2\x96\x81oldal', b'\xe2\x96\x81r\xc3\xb6vid', b'\xc3\xb6', b'\xe2\x96\x81moz', b'\xe2\x96\x81\xc3\xbajabb', b'\xe2\x96\x81re', b'alom', b'v\xc3\xa1lt', b'szor', b'almaz', b'\xe2\x96\x81t\xc3\xa9r', b'\xe2\x96\x81k\xc3\xb6z\xc3\xb6tti', b'zott', b'\xc3\xa9let', b'\xe2\x96\x81Mik', b'ked', b'\xe2\x96\x81csup\xc3\xa1n', b'\xc3\xb6nt', b'len', b'\xe2\x96\x81er\xc5\x91s', b'\xc3\xadt\xc5\x91', b'\xe2\x96\x81infl\xc3\xa1ci\xc3\xb3', b'nia', b'\xe2\x96\x81szak\xc3\xa9rt\xc5\x91k', b'\xe2\x96\x81keres', b'ul\xc3\xa1s', b'el\xc5\x91tt', b'\xe2\x96\x81j\xc3\xa1tsz', b'ott\xc3\xa1k', b'\xe2\x96\x81\xc3\xa9rkez', b'\xe2\x96\x81hi\xc3\xa1ny', b'\xe2\x96\x81sz\xc3\xa1zal\xc3\xa9kos', b'\xe2\x96\x81k\xc3\xb6r\xc3\xbcl', b'\xe2\x96\x81szak', b'\xe2\x96\x81tervez', b'\xe2\x96\x81hagy', b'ukat', b'\xe2\x96\x81nemcsak', b'esek', b'\xe2\x96\x81k\xc3\xb6vet', b'kal', b'kez', b'\xe2\x96\x81e', b'bb', b'\xc3\xb3knak', b'\xc5\x91t', b'\xe2\x96\x81voltak', b'\xe2\x96\x81k\xc3\xbczd', b'\xc3\xbat', b'\xe2\x96\x81\xc3\xbcl', b'\xe2\x96\x81Tud', b'\xe2\x96\x81let', b'\xe2\x96\x81p\xc3\xa1r', b'\xe2\x96\x81r\xc3\xa1', b'\xe2\x96\x81dolg', b'\xe2\x96\x81probl\xc3\xa9m', b'\xe2\x96\x81vezet\xc5\x91i', b'okb\xc3\xb3l', b'\xe2\x96\x81kar', b'ad\xc3\xa1s', b'\xc3\xa1lta', b'\xe2\x96\x81siker\xc3\xbclt', b'\xe2\x96\x81kif', b'\xe2\x96\x81elleni', b'\xe2\x96\x81teszi', b'\xe2\x96\x81Kov\xc3\xa1cs', b'ej', b'nyi', b'\xe2\x96\x81figy', b'j\xc3\xa1r', b'\xc3\xa1g', b'elik', b'\xc5\x91leg', b'juk', b'\xe2\x96\x81tel', b'\xe2\x96\x81kik', b'\xe2\x96\x81n\xc3\xa9p', b'\xe2\x96\x81lap', b'\xe2\x96\x81tal\xc3\xa1lt', b'\xe2\x96\x81sz\xc3\xa1ll\xc3\xadt', b'\xe2\x96\x81Z', b'\xe2\x96\x81tudni', b'\xe2\x96\x81eml\xc3\xa9k', b'\xc5\x91z', b'\xe2\x96\x81z\xc3\xa1r', b'\xc3\xa9rt\xc3\xa9k', b'op', b'\xe2\x96\x81megy\xc3\xa9ben', b'\xe2\x96\x81\xc3\xa1llt', b'\xe2\x96\x81itt', b'\xe2\x96\x81teljes', b'\xe2\x96\x81rendk\xc3\xadv\xc3\xbcli', b'\xe2\x96\x81test\xc3\xbclet', b'fel', b'ultak', b'\xe2\x96\x81teljesen', b'2', b'6', b'\xe2\x96\x81pontosan', b'\xe2\x96\x81Sv\xc3\xa1jc', b'\xc3\xa1j\xc3\xa1t', b'\xe2\x96\x81mag\xc3\xa1t', b'\xe2\x96\x81ellenz\xc3\xa9k', b'\xe2\x96\x81t\xc3\xb6bbs\xc3\xa9g', b'\xe2\x96\x81l\xc3\xa1that', b'ha', b'ak\xc3\xa9nt', b'\xe2\x96\x81\xc3\xadrta', b'\xe2\x96\x81gy', b'j\xc3\xa1n', b'\xc3\xa9s\xc3\xa9nek', b'ven', b'\xe2\x96\x81Magyarorsz\xc3\xa1g', b'ne', b'\xe2\x96\x81alap\xc3\xadtv\xc3\xa1ny', b'is\xc3\xa9g', b'\xe2\x96\x81kellene', b's\xc3\xa9ges', b'\xe2\x96\x81akit', b'\xe2\x96\x81benne', b'old', b'\xe2\x96\x81egyszer\xc5\xb1', b'\xe2\x96\x81jugoszl\xc3\xa1v', b'\xe2\x96\x81In', b'\xe2\x96\x81fiatal', b'\xe2\x96\x81adott', b'\xe2\x96\x81szervezet', b'utat', b'\xe2\x96\x81194', b'\xe2\x96\x81Gy', b'\xe2\x96\x81katonai', b'\xe2\x96\x81szovjet', b'\xe2\x96\x81horv\xc3\xa1t', b'\xc3\xb3z', b'\xc3\xbclt', b'\xe2\x96\x81sz\xc3\xadv', b'\xe2\x96\x81ny', b'ez\xc5\x91', b'v\xc3\xa9tel', b'\xe2\x96\x81megfelel\xc5\x91', b'\xe2\x96\x81\xc3\xa9rint', b'\xe2\x96\x81Eur\xc3\xb3pai', b'\xe2\x96\x81akad', b'\xe2\x96\x81jel', b'\xe2\x96\x81idej\xc3\xa9n', b'\xe2\x96\x81siker', b'ez\xc3\xa9s', b'end\xc5\x91', b'\xe2\x96\x81Szerb', b'\xe2\x96\x81EBESZ', b'ung', b'\xe2\x96\x81hol', b'ist', b'\xe2\x96\x81\xc3\xbcnnep', b'\xe2\x96\x81\xc3\xa9l\xc5\x91', b'\xe2\x96\x81el\xc5\x91ad\xc3\xa1s', b'\xe2\x96\x81szeretem', b'\xe2\x96\x81sz\xc3\xadnpadra', b'\xe2\x96\x81budapesti', b'emben', b'\xe2\x96\x81ennek', b'\xe2\x96\x81em', b'\xe2\x96\x81m\xc5\xb1faj', b'\xe2\x96\x81tal\xc3\xa1lkoz', b'\xe2\x96\x81alkot', b'\xe2\x96\x81ebben', b'\xe2\x96\x81k\xc3\xa9z', b'\xe2\x96\x81biztos', b'oss\xc3\xa1g', b'het\xc5\x91', b'\xe2\x96\x81marad', b'ekt', b'\xe2\x96\x81v\xc3\xa1laszt\xc3\xa1sok', b'pont', b'\xc3\xa1llam', b'\xe2\x96\x81moszkvai', b'\xe2\x96\x81k\xc3\xbcl\xc3\xbcgyminiszter', b'ugatra', b'\xe2\x96\x81politikus', b'\xe2\x96\x81int\xc3\xa9z', b'\xe2\x96\x81AIDS', b'\xe2\x96\x811997', b'\xe2\x96\x81sz\xc3\xa1zal\xc3\xa9k', b'\xe2\x96\x81Simicska', b'\xe2\x96\x81IMF', b'\xe2\x96\x81eddigi', b'\xc3\xa1sai', b'\xe2\x96\x81tartott', b'ad\xc3\xa1st', b'ium', b'okon', b'\xc3\xadv', b'\xe2\x96\x81verseny', b'\xe2\x96\x81piac', b'\xe2\x96\x81megjelen', b'\xe2\x96\x81n\xc3\xb6v', b'hetik', b'\xe2\x96\x81anyagi', b'\xe2\x96\x81megteremt', b'ist\xc3\xa1k', b'adni', b'\xe2\x96\x81t\xc3\xa1vol', b'\xe2\x96\x81v\xc3\xa1ls\xc3\xa1g', b'\xe2\x96\x81katasztr\xc3\xb3fa', b'S', b'\xe2\x96\x81m\xc3\xb6g\xc3\xb6tt', b'\xe2\x96\x81biz', b'hatatlan', b'oz\xc3\xa1sok', b'\xe2\x96\x81sz\xc3\xa9l', b'\xe2\x96\x81ezzel', b'\xe2\x96\x81k\xc3\xbcl\xc3\xb6nb', b'enn', b'\xe2\x96\x81vizsg', b'\xe2\x96\x81Ny', b'kod', b'igazgat', b'rendszer', b'form', b'jon', b'\xe2\x96\x81k\xc3\xb6zleked\xc3\xa9si', b'\xc3\xa1s\xc3\xba', b'\xe2\x96\x81neh\xc3\xa9z', b'\xe2\x96\x81venni', b'\xc3\xadtottak', b'\xe2\x96\x81tavalyi', b'\xe2\x96\x81fogyaszt', b'\xe2\x96\x81rossz', b'szerep', b'\xe2\x96\x81teljes\xc3\xadtm\xc3\xa9ny', b'ex', b'\xe2\x96\x81Budapesti', b'and\xc3\xb3', b'\xe2\x96\x81di\xc3\xa1k', b'\xe2\x96\x81ar\xc3\xa1ny', b'hatnak', b'\xe2\x96\x81hallgat', b'\xe2\x96\x81f\xc5\x91k\xc3\xa9nt', b'ina', b'\xe2\x96\x81egyetem', b'sor', b'\xe2\x96\x81m\xc3\xb3dszer', b'\xe2\x96\x81hogyan', b'\xe2\x96\x81int', b'\xe2\x96\x81gy\xc5\xb1jt', b'ug', b'hattak', b'\xe2\x96\x81otthon', b'\xe2\x96\x81elsz', b'\xe2\x96\x81magukat', b'\xc3\xb6g', b'\xe2\x96\x81utas', b'\xe2\x96\x81per', b'\xe2\x96\x81vissza', b'v\xc3\xa1ri', b'\xe2\x96\x81helyi', b'\xe2\x96\x81az\xc3\xb3ta', b'\xe2\x96\x81elt', b'okba', b'\xe2\x96\x81ker', b'szabad', b'\xc3\xa1d', b'\xe2\x96\x81napirend', b'\xe2\x96\x81t\xc3\xb6meg', b'eltek', b'\xe2\x96\x81szab', b'fer', b'\xe2\x96\x81hozz\xc3\xa1', b'\xc3\xa1b', b'\xe2\x96\x81\xc3\xbajs\xc3\xa1g', b'\xe2\x96\x81valami', b'\xe2\x96\x81elind', b'0-', b'\xe2\x96\x81vas', b'erg', b'\xc5\x91d', b'sz\xc3\xa1z', b'\xe2\x96\x81m\xc3\xa9ter', b'oda', b'\xe2\x96\x81hamarosan', b'\xc3\xadtani', b'\xe2\x96\x81Mind', b'\xc3\xa1lja', b'\xe2\x96\x81azt\xc3\xa1n', b'\xe2\x96\x81indul', b'\xe2\x96\x81El\xc5\x91', b'z\xc5\x91', b'\xe2\x96\x81forgalom', b'\xe2\x96\x81akad\xc3\xa1ly', b'\xe2\x96\x81kim', b'\xe2\x96\x81Ak', b'ka', b'\xe2\x96\x81Er', b'\xe2\x96\x81polg\xc3\xa1rmester', b'\xc3\xa1juk', b'\xe2\x96\x81megye', b'ub', b'\xe2\x96\x81megyei', b'\xe2\x96\x81szor', b'talan', b'\xe2\x96\x81bizotts\xc3\xa1g', b'eb', b'uttat', b'\xe2\x96\x81j\xc3\xa1rm\xc5\xb1', b'\xc3\xadt\xc3\xa9s\xc3\xa9t', b'\xc3\xadt\xc3\xa1si', b'\xe2\x96\x81k\xc3\xb6zleked', b'\xe2\x96\x81pont', b'oz\xc3\xa1st', b'\xe2\x96\x81h\xc3\xa1zak', b'\xe2\x96\x81\xc3\xb6ssze', b's\xc3\xb3', b'\xe2\x96\x81helyet', b'\xe2\x96\x81Or', b'\xe2\x96\x81ell\xc3\xa1t', b'\xe2\x96\x81okozott', b'M', b',', b'\xe2\x96\x81lez\xc3\xa1r', b'alak', b'\xc3\xadt\xc3\xa1s\xc3\xa1t', b'\xc3\xbcgyelet', b'har', b'gyel', b'\xe2\x96\x81hatalmas', b'akon', b'kos', b'\xe2\x96\x81szerd', b'\xe2\x96\x81Ki', b'olta', b'\xe2\x96\x81vezet', b'\xe2\x96\x81v\xc3\xa1rosban', b'\xc3\xbcr', b'\xe2\x96\x81baleset', b'\xe2\x96\x81tudott', b'\xe2\x96\x81egym\xc3\xa1s', b'\xe2\x96\x81Minden', b'ezi', b'\xe2\x96\x81rendszerv\xc3\xa1lt\xc3\xa1s', b'\xe2\x96\x81\xc3\xa9rtelm', b'\xe2\x96\x81sz\xc3\xb3t', b'ista', b'\xc3\xadt\xc3\xb3', b'\xe2\x96\x81or', b'\xc3\xb6rt\xc3\xa9n', b'l\xc3\xa9s', b'\xe2\x96\x81melynek', b'ond', b'\xe2\x96\x81mi\xc3\xa9rt', b'\xe2\x96\x81an', b'\xe2\x96\x81val\xc3\xb3', b'\xe2\x96\x81jutott', b'\xc3\xa9n\xc3\xa9l', b'\xe2\x96\x81besz\xc3\xa9d', b'lanul', b'\xe2\x96\x81l\xc3\xa9t', b'\xe2\x96\x81for', b'\xe2\x96\x81kereszt', b'p\xc3\xa9nz', b'\xe2\x96\x81nyilv\xc3\xa1n', b'\xe2\x96\x81magyarorsz\xc3\xa1gi', b'ens', b'\xe2\x96\x81tal\xc3\xa1l', b'\xe2\x96\x81akiknek', b'\xe2\x96\x81m\xc3\xadg', b'ainak', b'\xe2\x96\x81embere', b'\xe2\x96\x81haza', b'\xe2\x96\x81vele', b'\xe2\x96\x81oszt', b'\xe2\x96\x81j\xc3\xb3llehet', b'k\xc3\xb6vet', b'\xe2\x96\x81es', b'\xe2\x96\x81f\xc3\xb6l', b'an\xc3\xa1cs', b'\xe2\x96\x81\xc3\xa1ldozat', b'\xe2\x96\x81amelyet', b'\xe2\x96\x81m\xc3\xa1rcius', b'\xe2\x96\x81csoport', b'ink', b'\xe2\x96\x81k\xc3\xbcld', b'\xe2\x96\x81kiem', b'\xc3\xa1l\xc3\xa1sa', b'\xe2\x96\x81diplom', b'\xe2\x96\x81felt', b'ard', b'\xe2\x96\x81m\xc5\xb1k\xc3\xb6dik', b'\xe2\x96\x81akkori', b'\xe2\x96\x81fr', b'\xc3\xb3n', b'oh', b'\xe2\x96\x81balk\xc3\xa1ni', b'\xe2\x96\x81h\xc3\xa1bor\xc3\xba', b'\xc3\xa1ltal', b'koz', b'\xe2\x96\x81ak\xc3\xa1r', b'\xe2\x96\x81fogad', b'csoport', b'\xe2\x96\x81\xc3\xa9ven', b'\xe2\x96\x81teh', b'\xe2\x96\x81Uni\xc3\xb3', b'\xe2\x96\x81f\xc5\xb1t\xc5\x91olaj', b'\xe2\x96\x81szerbiai', b'\xe2\x96\x81hat\xc3\xb3s\xc3\xa1g', b'\xe2\x96\x81erre', b'\xe2\x96\x81NATO', b'\xe2\x96\x81finom', b'\xe2\x96\x81seg\xc3\xa9ly', b'\xe2\x96\x81egy\xc3\xbcttm\xc5\xb1k\xc3\xb6d\xc3\xa9s', b'\xe2\x96\x81javaslat', b'\xe2\x96\x81\xc3\xb6sszeg', b'\xe2\x96\x81\xc3\xa9ves', b'\xe2\x96\x81kedvez\xc5\x91', b'\xe2\x96\x81\xc3\xa9p', b'\xe2\x96\x81n\xc5\x91', b'ki', b'lan', b'\xe2\x96\x81bariton', b'j\xc3\xa1val', b'\xe2\x96\x81azonnal', b'\xe2\x96\x81\xc3\xa9vtized', b'jai', b'\xc3\xa1nt', b'\xe2\x96\x81elismer', b'ol\xc3\xa1s', b'\xe2\x96\x81k\xc3\xbcl\xc3\xb6n\xc3\xb6sen', b'\xe2\x96\x81jegy', b'\xe2\x96\x81produkci\xc3\xb3', b'vil\xc3\xa1g', b'\xe2\x96\x81k\xc3\xadv\xc3\xa1n', b'\xe2\x96\x81szolg', b'\xe2\x96\x81muzsik', b'\xe2\x96\x81tesz', b'zen', b'\xe2\x96\x81negyed', b'k\xc3\xa9t', b'\xe2\x96\x81album', b'\xe2\x96\x81m\xc3\xa9gis', b'\xe2\x96\x81\xc3\xa1ll\xc3\xadtja', b'ossz', b'\xe2\x96\x81sz\xc3\xa1zal\xc3\xa9ka', b'oll', b'\xe2\x96\x81febru\xc3\xa1r', b'\xe2\x96\x81\xc3\xa9rdekl\xc5\x91d\xc5\x91k', b'\xe2\x96\x81k\xc3\xb6nyv', b'\xe2\x96\x81\xc3\xa9rt\xc3\xa9kes', b'\xe2\x96\x81anyag', b'\xe2\x96\x81\xc3\xa1rver', b'alm', b'8', b'\xe2\x96\x81Gerhard', b'\xe2\x96\x81szobor', b'aki', b'\xc5\x91n', b'\xe2\x96\x81Ez\xc3\xa9rt', b'\xe2\x96\x81utal', b'\xe2\x96\x81O', b'\xc3\xa1j', b'\xe2\x96\x81egykori', b'\xe2\x96\x81k\xc3\xb6rny\xc3\xa9k', b'\xe2\x96\x81akci\xc3\xb3', b'j\xc3\xa1ra', b'itet', b'\xe2\x96\x81Tudjman', b'\xe2\x96\x81helyettes\xc3\xadt\xc3\xa9s', b'\xe2\x96\x81eset', b'\xe2\x96\x81ideiglenes', b'\xe2\x96\x81Zeman', b'\xe2\x96\x81meg\xc3\xa1llapod\xc3\xa1s', b'\xe2\x96\x81Pr', b'kincs', b'\xe2\x96\x81\xc3\xa9rtelm\xc3\xa9ben', b'\xe2\x96\x81Kouchner', b'\xe2\x96\x81k\xc3\xb6z\xc3\xb6lte', b'\xe2\x96\x81b\xc3\xadr\xc3\xa1lat', b'\xe2\x96\x81Martonyi', b'\xe2\x96\x81k\xc3\xa9rd\xc3\xa9sek', b'\xe2\x96\x81199', b'\xe2\x96\x81Viktor', b'\xe2\x96\x81hat\xc3\xa1r', b'orsz\xc3\xa1gi', b'\xe2\x96\x8120', b'\xe2\x96\x81r\xc3\xa9v\xc3\xa9n', b'biz', b'\xe2\x96\x81vett', b'\xe2\x96\x817', b'\xe2\x96\x81j\xc3\xbanius', b'\xe2\x96\x81program', b'\xe2\x96\x81gar', b'\xe2\x96\x81t\xc3\xa1mad\xc3\xa1sok', b'\xe2\x96\x81sz\xc3\xa1zal\xc3\xa9k\xc3\xa1t', b'\xe2\x96\x81forintra', b'\xe2\x96\x81London', b'\xe2\x96\x81kanton', b'\xe2\x96\x81Kfor', b'\xe2\x96\x81tart\xc3\xb3', b'\xe2\x96\x81konjunkt\xc3\xbara', b'id\xc5\x91', b'\xe2\x96\x81fejl', b'\xe2\x96\x81t\xc3\xb6bbek', b'\xe2\x96\x81gyakor', b'\xc3\xbcgyminiszter', b'\xe2\x96\x81Kat', b'\xe2\x96\x81Kar', b'\xe2\x96\x81keret\xc3\xa9ben', b'\xe2\x96\x81energia', b'\xe2\x96\x81nincsenek', b'm\xc3\xa9ret\xc5\xb1', b'iaci', b'\xc3\xadz', b'\xe2\x96\x81m\xc3\xa1rk', b'\xc5\x91s\xc3\xa9g', b'\xe2\x96\x81t\xc5\x91ket', b'\xc3\xb6bb', b'let', b'\xe2\x96\x81l\xc3\xa9tre', b'\xe2\x96\x81k\xc3\xads\xc3\xa9r', b'\xe2\x96\x81k\xc3\xb6vetkez', b'\xe2\x96\x81eltelt', b'ipari', b'\xe2\x96\x81kor\xc3\xa1bbi', b'\xe2\x96\x81helyett', b'\xe2\x96\x81m\xc3\xbalva', b'\xe2\x96\x81felh', b'\xe2\x96\x81keret', b'eken', b'oszt\xc3\xa1s', b'\xe2\x96\x81Egyes', b'\xe2\x96\x81v\xc3\xa9lem\xc3\xa9ny', b'aszt\xc3\xb3', b'\xe2\x96\x81ink\xc3\xa1bb', b'tu\xc3\xa1lis', b'atai', b'meg', b'A', b'\xe2\x96\x81k\xc3\xa9pes', b'\xe2\x96\x81jellemz\xc5\x91', b'olni', b'\xe2\x96\x81eszk\xc3\xb6z', b'gazdas\xc3\xa1gi', b'\xc5\x91dik', b'tel', b'\xe2\x96\x81Magyarorsz\xc3\xa1gra', b'\xe2\x96\x81k\xc3\xbclkeres', b'\xe2\x96\x81sz\xc3\xbcks\xc3\xa9g', b'\xe2\x96\x81alkalmaz', b'\xe2\x96\x81ahhoz', b'\xe2\x96\x81kommun', b'ember', b'\xe2\x96\x81szerepet', b'\xe2\x96\x81tol', b'hetetlen', b'enci', b'\xe2\x96\x81hi\xc3\xa1nya', b'\xe2\x96\x81kisebb', b'\xe2\x96\x81bels\xc5\x91', b'\xe2\x96\x81m\xc3\xa9rs\xc3\xa9k', b'\xc3\xbcl\xc3\xa9se', b'\xe2\x96\x81fogja', b'szt', b'\xe2\x96\x81export', b'\xe2\x96\x81ad\xc3\xb3ss\xc3\xa1g', b'\xe2\x96\x81n\xc3\xb6vekv\xc5\x91', b'\xe2\x96\x81cs\xc3\xb6kken', b'isz', b'elmi', b'\xe2\x96\x81term\xc3\xa9k', b'\xe2\x96\x81k\xc3\xb6zpont', b'ezer', b'\xe2\x96\x8131', b'\xe2\x96\x81rendezv\xc3\xa9ny', b'\xe2\x96\x81bemutat', b'elk', b'\xe2\x96\x81ismer', b'\xe2\x96\x81viselked', b'janak', b'iket', b'\xe2\x96\x81kiadv\xc3\xa1ny', b'\xe2\x96\x81k\xc3\xb6t', b'\xe2\x96\x81telep\xc3\xbcl\xc3\xa9sek', b'\xe2\x96\x81napra', b'\xe2\x96\x81ez\xc3\xbattal', b'\xe2\x96\x81kilom\xc3\xa9ter', b'\xe2\x96\x81fekv\xc5\x91', b'\xc3\xb3val', b'\xe2\x96\x81mell', b'vonal', b'\xe2\x96\x81\xc3\xb3ri\xc3\xa1si', b'\xe2\x96\x81keleti', b'gel', b'\xe2\x96\x81csin\xc3\xa1l', b'\xe2\x96\x81term\xc3\xa9szet', b'\xe2\x96\x81kapott', b'\xc3\xbcnt', b'\xe2\x96\x81kedvez', b'\xe2\x96\x81veszt', b's\xc3\xa1gi', b'\xe2\x96\x81t\xc3\xbals\xc3\xa1gosan', b'\xe2\x96\x8112', b'\xe2\x96\x81egyes\xc3\xbclet', b'\xe2\x96\x81term\xc3\xa9szetesen', b'ul\xc3\xb3', b'\xe2\x96\x81Amikor', b'\xe2\x96\x81becs', b'\xe2\x96\x81mit', b'\xe2\x96\x81sz\xc3\xa1nd\xc3\xa9k', b'\xe2\x96\x81utaz', b'\xe2\x96\x81aut', b'\xe2\x96\x81egym\xc3\xa1st', b'\xe2\x96\x81lelkes', b'\xe2\x96\x81hi', b'\xe2\x96\x81hi\xc3\xa1ba', b'\xe2\x96\x81k\xc3\xa9r', b'f\xc3\xa9le', b'\xe2\x96\x81mondja', b'iv', b'\xe2\x96\x81Persze', b'\xe2\x96\x81K\xc3\xa9t', b'ern', b'\xe2\x96\x81j\xc3\xb3l', b'\xe2\x96\x81csin', b'ogat', b'\xe2\x96\x8115', b'\xe2\x96\x81m\xc3\xa1sok', b'\xe2\x96\x81puszt', b'\xe2\x96\x81men', b'ulni', b'\xe2\x96\x81\xc3\x9aj', b'\xe2\x96\x81sz\xc3\xbcletett', b'\xe2\x96\x81h\xc3\xa1z', b'\xe2\x96\x81nyug', b'etik', b'\xe2\x96\x81\xc5\x90', b'akt', b'\xc3\xa9\xc3\xa9rt', b'\xe2\x96\x81Azt', b'szt\xc3\xb6n', b'\xe2\x96\x81legy', b'akad', b'\xe2\x96\x81sz\xc3\xa1mos', b'osa', b'\xe2\x96\x81id', b'\xe2\x96\x81t\xc3\xa1j\xc3\xa9koztatta', b'\xe2\x96\x81lapunkat', b'\xe2\x96\x81v\xc3\xa9d', b'omb', b'\xe2\x96\x81szenv', b'\xe2\x96\x81k\xc3\xb3rh\xc3\xa1zba', b'\xc3\xa1ll\xc3\xa1s', b'sz\xc3\xa1ll\xc3\xadt', b'\xc3\xa1ll\xc3\xadtani', b'\xe2\x96\x81oszt\xc3\xa1ly', b'\xc5\x91je', b'ota', b'\xe2\x96\x81rendel', b'\xe2\x96\x81felk\xc3\xa9rt', b'\xe2\x96\x81Mint', b'ol\xc3\xb3', b'mel', b'ber', b'zat', b'eire', b'1-', b'\xe2\x96\x81felad', b'zi', b'\xc3\xbcl\xc3\xa9s', b'\xe2\x96\x81F\xc5\x91', b'\xe2\x96\x81k\xc3\xa9s', b'\xe2\x96\x81c\xc3\xa9l', b'x', b'\xe2\x96\x81Olyan', b'\xe2\x96\x81mer', b'\xe2\x96\x81ut', b'\xe2\x96\x81k\xc3\xb6vetkezt\xc3\xa9ben', b'zetes', b'\xe2\x96\x81viz', b'v\xc3\xa9ny', b'\xe2\x96\x81tartom\xc3\xa1nyban', b'3', b'akat', b'ekkel', b'\xc3\xa9seket', b'\xe2\x96\x81esik', b'atik\xc3\xa1n', b'\xe2\x96\x81...', b'\xe2\x96\x81vesztes', b'\xc3\xbcket', b'\xe2\x96\x81sz\xc3\xa1zad', b'\xe2\x96\x81felk', b'\xe2\x96\x81n\xc3\xa9lk\xc3\xbcli', b'szky', b'\xe2\x96\x81Kiad\xc3\xb3', b'\xe2\x96\x81igazgat', b'\xe2\x96\x81k\xc3\xa9ny', b'szer\xc5\xb1', b'\xe2\x96\x81er', b'adik', b'\xe2\x96\x81fordul', b'\xe2\x96\x81hozott', b'\xc5\xb1nt', b'elmet', b'\xe2\x96\x81v\xc3\xa9l', b'\xe2\x96\x81elj', b'\xe2\x96\x81h\xc3\xadres', b'\xe2\x96\x81t\xc3\xa1rsadalom', b'\xc3\xadt\xc3\xa1s\xc3\xa1ra', b'\xe2\x96\x81ahogyan', b'\xe2\x96\x81szab\xc3\xa1ly', b'\xe2\x96\x81\xc3\xa9rv\xc3\xa9nyes', b'\xe2\x96\x81nagyk\xc3\xb6vets\xc3\xa9g', b'\xe2\x96\x81nagyk\xc3\xb6vet', b'\xe2\x96\x81l\xc3\xa1tv\xc3\xa1ny', b'\xe2\x96\x81level', b'\xe2\x96\x81akinek', b'\xe2\x96\x81d\xc3\xadja', b'zon', b'\xe2\x96\x81\xc3\xadr\xc3\xb3ja', b'ezik', b'\xe2\x96\x81tisztess\xc3\xa9g', b'\xe2\x96\x81tetsz', b'\xc3\xa9ppen', b'\xe2\x96\x81lemond', b'fi', b'\xe2\x96\x81alkalmazott', b'atlan', b'vis', b'esebb', b'\xe2\x96\x81Van', b'\xe2\x96\x81s\xc3\xadr', b'\xe2\x96\x81utol', b'get', b'\xe2\x96\x81l\xc3\xa9lek', b'\xe2\x96\x81sz\xc3\xa1rmaz', b'\xe2\x96\x81val\xc3\xb3ban', b'\xe2\x96\x81tanul', b'\xe2\x96\x81kiv\xc3\xa1l\xc3\xb3', b'\xe2\x96\x81b\xc3\xa1ny', b'\xc3\xa1ros', b'\xe2\x96\x81hat\xc3\xb3s\xc3\xa1gok', b'\xe2\x96\x81zsid\xc3\xb3', b'\xe2\x96\x81tem', b'\xc3\xa1ll\xc3\xadt\xc3\xa1s', b'\xe2\x96\x81hideg', b'\xe2\x96\x81haz', b'\xe2\x96\x8119', b'\xe2\x96\x81feny', b'\xc3\xa1bb', b'\xe2\x96\x81igen', b'\xe2\x96\x81seb', b'es\xc3\xbclt', b'\xc5\x91j', b'\xe2\x96\x81Mert', b'\xe2\x96\x81h\xc5\x91s', b'\xe2\x96\x81\xc3\xbct', b'l\xc3\xa1s', b'\xe2\x96\x81megszer', b's\xc3\xa1ga', b'ked\xc3\xa9s', b'\xe2\x96\x81tov\xc3\xa1bb\xc3\xa1', b'\xe2\x96\x81vezet\xc5\x91k', b'\xe2\x96\x81valam', b'\xe2\x96\x81!', b'hang', b'\xe2\x96\x81ford', b'\xe2\x96\x81Br', b'\xe2\x96\x81adtak', b'\xe2\x96\x81bev', b'\xe2\x96\x81azzal', b'azon', b'\xe2\x96\x81Aki', b'\xc3\xb6ny', b'\xe2\x96\x81\xc3\xa9vekben', b'\xe2\x96\x81bal', b'rem', b'\xe2\x96\x81ur', b'\xe2\x96\x81december', b'ari', b'\xe2\x96\x81in', b'\xe2\x96\x81amint', b'\xe2\x96\x81csat', b'\xe2\x96\x81olvas', b'\xe2\x96\x81\xc5\x91r', b'\xe2\x96\x81szomsz\xc3\xa9d', b'\xe2\x96\x81t\xc3\xb6lt', b'\xe2\x96\x81n\xc3\xa9mi', b'\xe2\x96\x81mikor', b'\xe2\x96\x81polg\xc3\xa1r', b'\xe2\x96\x81sz\xc3\xa9t', b'\xe2\x96\x81f\xc3\xbcgg', b'\xe2\x96\x81att\xc3\xb3l', b'\xe2\x96\x81azon', b'ess', b'\xc3\xa1ssal', b'\xe2\x96\x81B\xc3\xa1r', b'na', b'\xe2\x96\x81hasonl\xc3\xb3an', b'\xc3\xa9ves', b'\xe2\x96\x81fejleszt\xc3\xa9si', b'\xe2\x96\x81folyamatosan', b'\xe2\x96\x81\xc3\xa9vvel', b'\xe2\x96\x81beruh\xc3\xa1z', b'\xe2\x96\x81k\xc3\xb6lts\xc3\xa9gvet', b'st', b'\xe2\x96\x81szorgalmaz', b'za', b'\xc5\x91r', b'eme', b'\xe2\x96\x81bele', b'\xe2\x96\x81k\xc3\xb6z\xc3\xb6ns\xc3\xa9g', b'men', b'\xe2\x96\x81dr', b'h\xc3\xa1zban', b'm\xc5\xb1', b'agyon', b'\xe2\x96\x81esz', b'sz\xc3\xadn', b'\xe2\x96\x81Egy\xc3\xa9bk\xc3\xa9nt', b'\xe2\x96\x81sz\xc3\xadnpad', b'\xe2\x96\x81rem\xc3\xa9nyked', b'\xe2\x96\x81t\xc3\xa1von', b'h\xc3\xa1znak', b'\xe2\x96\x81m\xc3\xb3don', b'\xe2\x96\x81\xc3\x89n', b'\xe2\x96\x81szav', b'ejt', b'\xe2\x96\x81szint\xc3\xa9n', b'rep', b'\xe2\x96\x81k\xc3\xbclf\xc3\xb6ldi', b'\xe2\x96\x81soha', b'\xe2\x96\x81ny\xc3\xbajt', b'\xe2\x96\x81Mikl\xc3\xb3s', b'\xe2\x96\x81i', b'\xe2\x96\x81\xc3\xa9rdekes', b'\xe2\x96\x81zeneszerz\xc5\x91', b'\xe2\x96\x81eur\xc3\xb3pai', b'okhoz', b'dal', b'\xe2\x96\x81v\xc3\xa9gzett', b'\xe2\x96\x81koncert', b'inda', b'\xe2\x96\x81megh', b'\xe2\x96\x81lemez', b'felv\xc3\xa9tel', b'\xe2\x96\x81napokban', b'\xe2\x96\x81fej', b't\xc3\xbadi\xc3\xb3', b'\xe2\x96\x81nemr\xc3\xa9g', b'\xe2\x96\x81\xc3\x81', b'\xc3\xa1shoz', b'\xe2\x96\x81kort\xc3\xa1rs', b'\xe2\x96\x81harm', b'eje', b'ileg', b'ce', b'\xe2\x96\x81vagyok', b'\xe2\x96\x81Zsolnay', b'\xc3\xa1rgyak', b'\xe2\x96\x81k\xc3\xb6zelm\xc3\xbaltban', b'\xe2\x96\x81gy\xc3\xa1r', b'\xe2\x96\x81fest', b'i\xc3\xa1ban', b'\xe2\x96\x81gond', b'\xe2\x96\x81janu\xc3\xa1r', b'\xe2\x96\x81Istv\xc3\xa1n', b'm\xc5\xb1v\xc3\xa9szeti', b'\xe2\x96\x81kiad', b'ilyen', b'\xe2\x96\x81\xc3\x81r', b'\xe2\x96\x81kult', b'\xe2\x96\x81igazi', b'i\xc3\xb3', b'\xe2\x96\x81k\xc3\xbcl\xc3\xb6nleges', b'\xe2\x96\x81tulajdonosa', b'\xe2\x96\x81tulajdonos', b'\xc3\xbc', b'\xe2\x96\x81kil', b'\xc5\x91i', b'ektet', b'\xe2\x96\x81vas\xc3\xa1rnap', b'\xe2\x96\x81Mar', b'\xc3\xa1i', b'm\xc5\xb1v\xc3\xa9sz', b'\xe2\x96\x81st', b'\xe2\x96\x819', b'ekedett', b'r\xc3\xa9szt', b'\xe2\x96\x81milyen', b'\xe2\x96\x81tudja', b'\xe2\x96\x81szobrot', b'\xe2\x96\x81ak', b'\xe2\x96\x81azaz', b'\xe2\x96\x81\xc3\xb6t', b'\xe2\x96\x81vesz\xc3\xa9ly', b'\xe2\x96\x81n\xc3\xa9v', b'etlen\xc3\xbcl', b'\xc3\xa1ll\xc3\xb3', b'\xe2\x96\x81tervezett', b'\xe2\x96\x81err\xc5\x91l', b'\xe2\x96\x81f\xc5\x91v\xc3\xa1rosban', b'\xc3\xa1lt\xc3\xa1k', b'k\xc3\xb6r', b'\xe2\x96\x81Tarzan', b'\xe2\x96\x81rajzfilm', b'\xe2\x96\x81kaland', b'\xe2\x96\x81dzs', b'\xe2\x96\x81csal\xc3\xa1di', b'oztat', b'\xe2\x96\x81B\xc3\xa9cs', b'\xe2\x96\x81osztr\xc3\xa1k', b'\xe2\x96\x81fed', b'z\xc5\x91k', b'\xe2\x96\x81t\xc3\xb6rv\xc3\xa9nyt', b'\xc3\xa9szt', b'\xe2\x96\x81elfogad', b'\xe2\x96\x81k\xc3\xb6zt\xc3\xa1rsas\xc3\xa1gi', b'\xe2\x96\x81korm\xc3\xa1nynak', b'\xe2\x96\x81alkotm\xc3\xa1ny', b'\xe2\x96\x8160', b'D', b'\xe2\x96\x81hivatkoz', b'\xe2\x96\x81hivatkozva', b'\xe2\x96\x81k\xc3\xb6vet\xc5\x91', b'\xc5\x91s\xc3\xadtette', b'\xe2\x96\x81nappal', b'\xe2\x96\x81napilap', b'\xe2\x96\x81Milos', b'\xe2\x96\x81Pozsony', b'\xe2\x96\x81v\xc3\xa9gre', b'\xe2\x96\x81koron', b'\xe2\x96\x81Bank', b'\xe2\x96\x81kitev\xc5\x91', b'\xe2\x96\x81sz\xc3\xb6vets\xc3\xa9gi', b',2', b'\xc3\xadt\xc3\xa9si', b'\xe2\x96\x81alb\xc3\xa1n', b'\xe2\x96\x81kedden', b'\xe2\x96\x81k\xc3\xadv\xc3\xbcl', b'\xe2\x96\x81k\xc3\xa9toldal\xc3\xba', b'\xe2\x96\x81szerepel', b'\xe2\x96\x81m\xc3\xa1jus', b'\xe2\x96\x81Moszkv\xc3\xa1ban', b'\xc3\xbcgy', b'\xe2\x96\x81k\xc3\xb6r\xc3\xbcli', b'\xe2\x96\x81nyilatkoz', b'\xc3\xa1s\xc3\xa1nak', b'orosz', b'\xe2\x96\x81Oroszorsz\xc3\xa1g', b'\xe2\x96\x81doll\xc3\xa1ros', b'\xe2\x96\x81kialak', b'\xe2\x96\x81parancsnok', b'\xe2\x96\x81er\xc5\x91k', b'\xe2\x96\x81had', b'\xe2\x96\x81er\xc5\x91', b'\xe2\x96\x81h\xc3\xa9tf\xc5\x91n', b'\xe2\x96\x81k\xc3\xb6rzet', b'ozta', b'\xe2\x96\x81vezette', b'\xe2\x96\x81Rezn\xc3\xadk', b'\xe2\x96\x81gyan', b'\xe2\x96\x81ellent\xc3\xa9tben', b'eli', b'\xe2\x96\x81k\xc3\xb6r\xc3\xbclm\xc3\xa9nyek', b'\xe2\x96\x81lebont', b',6', b'\xe2\x96\x81egyh\xc3\xa1z', b'\xe2\x96\x81p\xc3\xbcsp\xc3\xb6k', b'\xe2\x96\x81j\xc3\xb6v\xc5\x91ben', b'\xe2\x96\x81n\xc5\x91k', b'\xe2\x96\x81Mitr', b'\xc3\xadtania', b'\xe2\x96\x81Ikar', b'ort', b'\xe2\x96\x81ekkor', b'\xe2\x96\x811999', b'\xe2\x96\x81kit', b'\xe2\x96\x8150', b'\xe2\x96\x81vehet', b'\xe2\x96\x81forintnyi', b'\xe2\x96\x811999.', b'v\xc3\xa1llal', b'\xe2\x96\x81j\xc3\xbalius', b'\xe2\x96\x81\xc3\xa1tmeneti', b'\xe2\x96\x81t\xc5\x91k\xc3\xa9j', b'keres', b'\xe2\x96\x81\xc3\xa1rbev\xc3\xa9tel', b'\xe2\x96\x81t\xc5\x91keemel\xc3\xa9s', b'\xe2\x96\x81Erste', b'\xe2\x96\x81doll\xc3\xa1rnyi', b'\xe2\x96\x81reform', b'\xe2\x96\x81k\xc3\xa1r', b'\xe2\x96\x81nyugd\xc3\xadj', b'elme', b'\xe2\x96\x81nyugat', b'\xe2\x96\x81Schr\xc3\xb6der', b'\xe2\x96\x81kancell\xc3\xa1r', b'\xe2\x96\x81takar\xc3\xa9koss\xc3\xa1gi', b'\xe2\x96\x81csomagter', b'\xe2\x96\x81tartom\xc3\xa1nyi', b'\xe2\x96\x81Trajkovics', b'\xe2\x96\x81folyamatos', b'\xe2\x96\x81fellend\xc3\xbcl\xc3\xa9s', b'entr', b'\xe2\x96\x81globaliz\xc3\xa1ci\xc3\xb3', b'\xc3\xa9kes', b'\xe2\x96\x81Egyetem', b'om\xc3\xa1ny', b'\xe2\x96\x81Bar', b'ovics', b'\xe2\x96\x81Akad\xc3\xa9mia', b'\xe2\x96\x81k\xc3\xb6z\xc3\xb6sen', b'\xe2\x96\x81t\xc3\xa9nyez\xc5\x91', b'hord', b'oz\xc3\xb3k', b'\xe2\x96\x81inform\xc3\xa1ci\xc3\xb3', b'\xe2\x96\x81techn', b'\xe2\x96\x81kereslet', b'eng', b'\xc3\xa1\xc3\xa9rt', b'\xe2\x96\x81ut\xc3\xb3bb', b'\xe2\x96\x81korszer\xc5\xb1', b'\xe2\x96\x81v\xc3\xa9letlen', b'eret', b'\xe2\x96\x81j\xc3\xb6nnek', b'ezhet\xc5\x91', b'm\xc3\xa9nye', b'\xe2\x96\x81sokkal', b'\xe2\x96\x81hasznos', b'\xc3\xadtj\xc3\xa1k', b'\xe2\x96\x81kett', b'\xe2\x96\x81\xc3\xa1tlag', b'\xe2\x96\x81m\xc3\xa1sf\xc3\xa9l', b'aszn\xc3\xa1l', b'\xe2\x96\x81polg\xc3\xa1ri', b'\xe2\x96\x81termel\xc3\xa9s', b'\xe2\x96\x81befoly\xc3\xa1s', b'\xe2\x96\x81j\xc3\xb6ved', b'\xe2\x96\x81vir', b'\xc3\xb6m', b'ion', b'keleti', b'aliz', b'\xc3\xa1l\xc3\xb3d', b'\xc5\xb1n', b'\xc3\xa1s\xc3\xa1val', b'\xe2\x96\x81kezd\xc5\x91d\xc3\xb6tt', b'akkor', b'\xe2\x96\x81ing', b'\xe2\x96\x81pszich', b'\xe2\x96\x81b\xc3\xbcntet', b'\xe2\x96\x81v\xc3\xa1lik', b'ess\xc3\xa9ge', b'\xe2\x96\x81integr', b'gal', b'\xe2\x96\x81k\xc3\xb6z\xc3\xa9p', b'\xe2\x96\x81int\xc3\xa9zm\xc3\xa9ny', b'\xe2\x96\x81alakult', b'\xe2\x96\x81teremt', b'\xe2\x96\x81infrastruk', b'ur\xc3\xa1lis', b'\xe2\x96\x81felt\xc3\xa9tel', b'\xe2\x96\x81k\xc3\xa9pz', b'\xe2\x96\x81stabil', b'ancia', b'\xe2\x96\x81megsz\xc3\xbcntet', b'almat', b'azdas\xc3\xa1g', b'\xe2\x96\x81tartani', b'tat\xc3\xa1s', b'\xc3\xa9s\xc3\xa9ben', b'\xc3\xadt\xc3\xa9s\xc3\xa9ben', b'\xe2\x96\x81m\xc3\xa9rleg', b'\xe2\x96\x81amire', b'\xe2\x96\x81k\xc3\xb6sz\xc3\xb6nhet\xc5\x91', b'\xe2\x96\x81m\xc3\xa1sodik', b'\xc3\xa9vi', b'\xe2\x96\x81meghal', b'utt', b'\xe2\x96\x81szerkezet', b'\xe2\x96\x81\xc3\xa1talak', b'\xe2\x96\x81beruh\xc3\xa1z\xc3\xa1sok', b'\xe2\x96\x81lass', b'\xc3\xa1ltak', b'\xe2\x96\x81p\xc3\xb3t', b'\xe2\x96\x81sz\xc3\xbcks\xc3\xa9ges', b'\xe2\x96\x81legk', b'ritikus', b'\xe2\x96\x81tov\xc3\xa1bbra', b'\xe2\x96\x81emelked', b'\xe2\x96\x81vegy', b'\xe2\x96\x81g\xc3\xa9p', b'avas', b'szal', b'\xe2\x96\x81kilenc', b'\xe2\x96\x81M\xc5\xb1szaki', b'\xe2\x96\x81\xc3\xa9p\xc3\xbclet', b'\xe2\x96\x81mind\xc3\xb6ssze', b'\xe2\x96\x81v\xc3\xa1llalat', b'\xe2\x96\x812000', b'atikus', b'amos', b'\xc3\xb6ket', b'\xe2\x96\x81kerestek', b'kez\xc5\x91', b'\xe2\x96\x81megh\xc3\xadv', b'\xe2\x96\x81konk', b'\xe2\x96\x81amelyen', b'\xe2\x96\x81jobban', b'erj', b'\xe2\x96\x81sor\xc3\xa1n', b'\xc3\xb3bb', b'm\xc3\xa9r', b'\xe2\x96\x8145', b'\xe2\x96\x81p\xc3\xa9ld\xc3\xa1ny', b'uz', b'\xe2\x96\x81n\xc3\xa9pszer\xc5\xb1', b'\xe2\x96\x81szem\xc3\xa9lyes', b'hatj\xc3\xa1k', b'\xe2\x96\x81lak\xc3\xb3i', b'n\xc3\xa9l', b'\xe2\x96\x81er\xc5\x91sebb', b'\xe2\x96\x81havaz', b'\xe2\x96\x81esztend\xc5\x91', b'\xe2\x96\x81k\xc3\xbclvil\xc3\xa1g', b'\xe2\x96\x81napon', b'dul', b'ehavaz', b'\xc3\xb3dtak', b'elts\xc3\xa9g', b'\xe2\x96\x81\xc3\xa9rz', b'\xe2\x96\x81egyed\xc3\xbcl', b'\xe2\x96\x81Megyei', b'enntart', b'\xe2\x96\x81haj', b'\xe2\x96\x81Pilissz\xc3\xa1nt', b'ek\xc3\xb6t', b'\xc3\xa9lnek', b'\xe2\x96\x81t\xc3\xa9rni', b'\xe2\x96\x81Hiszen', b'or\xc3\xadt', b'\xe2\x96\x81elemek', b'\xe2\x96\x81k\xc3\xb6nny', b'\xe2\x96\x81emberi', b'\xe2\x96\x81\xc3\x96n', b'\xc5\xb1z', b'\xe2\x96\x81okoz', b'\xe2\x96\x81d\xc3\xb6nt\xc3\xa9s', b'fog', b'\xc3\xa1cs', b'orz', b'\xe2\x96\x81am\xc3\xbagy', b'\xc3\xadtja', b'\xe2\x96\x81\xc3\xb3r\xc3\xa1k', b'\xe2\x96\x81\xc3\xb6nk\xc3\xa9ntes', b'\xe2\x96\x81t\xc5\xb1zolt\xc3\xb3k', b'at\xc3\xadv', b'\xe2\x96\x81\xc3\xa9j', b'\xe2\x96\x81aut\xc3\xb3busz', b'\xe2\x96\x81keny', b'kocsi', b'\xe2\x96\x81pan', b'\xc3\xbch', b'\xe2\x96\x81sof\xc5\x91r', b'\xe2\x96\x81m\xc3\xa9r', b'\xe2\x96\x81mes', b'\xe2\x96\x81elakadt', b'\xe2\x96\x81\xc3\xadt\xc3\xa9let', b'inek', b'\xe2\x96\x81Hi\xc3\xa1ba', b'\xc3\xb3b\xc3\xa1l', b'\xe2\x96\x81csap', b'jel', b'k\xc3\xb6zben', b'\xe2\x96\x81elhangzott', b'\xc3\xadrt', b'eztet', b'\xe2\x96\x81h\xc3\xb3munk\xc3\xa1sok', b'\xe2\x96\x81k\xc3\xb6ny', b'\xe2\x96\x81k\xc3\xa9nyszer', b'\xe2\x96\x81hajt', b'\xe2\x96\x81t\xc5\xb1z', b'uc', b'g\xc3\xa9p', b'kocsik', b'\xe2\x96\x81h\xc3\xb3l\xc3\xa1nc', b'felszer', b'\xe2\x96\x81t\xc3\xb6', b'ro', b'\xe2\x96\x81kocs', b'nie', b'\xe2\x96\x81mod', b'fal', b'tehet', b'igy', b'\xe2\x96\x81pill', b'z\xc3\xb3', b'\xe2\x96\x81aut\xc3\xb3', b'\xe2\x96\x81tehet', b'\xe2\x96\x81ber', b'\xc3\xb6rt', b'\xe2\x96\x81baj', b'pad', b'aszkod', b'\xc3\xbatkezel\xc5\x91', b'\xe2\x96\x81perc', b'\xe2\x96\x81mon', b'hagy', b'szk', b'\xe2\x96\x81igyekeznek', b'ely', b'v\xc3\xa1riak', b'demes', b'ok\xc3\xa1s', b'\xe2\x96\x81el\xc3\xa9', b'\xe2\x96\x81elfoglalt', b'\xc3\xa9tel', b'\xe2\x96\x81kez\xc3\xa9ben', b'\xe2\x96\x81gyerek', b'\xe2\x96\x81\xc3\xa9lvez', b'kas', b'jen', b'csak', b'csi', b's\xc3\xa1got', b'\xe2\x96\x81\xc3\xa9lelmet', b'\xe2\x96\x81tr', b'\xe2\x96\x81Veszpr\xc3\xa9m', b'\xe2\x96\x81Fej\xc3\xa9r', b'\xe2\x96\x81Mit', b'adtak', b'\xe2\x96\x81seg\xc3\xadts\xc3\xa9g', b'\xe2\x96\x81megfogad', b'k\xc3\xb6zel', b'\xe2\x96\x81\xc3\xb6', b'eik', b'\xe2\x96\x81h\xc3\xa1l', b'\xe2\x96\x816-', b'\xe2\x96\x81kelet', b'\xc3\xb3d\xc3\xa1s', b'\xe2\x96\x81id\xc5\x91re', b'f\xc3\xb6ld', b'\xe2\x96\x81egy\xc3\xa1ltal\xc3\xa1n', b'\xe2\x96\x81megk\xc3\xb6zel', b'\xe2\x96\x81titk\xc3\xa1ra', b'\xe2\x96\x81Tegnap', b'ost', b'entes', b'v\xc3\xa9d', b'v\xc3\xa1r', b'\xe2\x96\x81cs\xc3\xbct\xc3\xb6rt\xc3\xb6k', b'\xe2\x96\x81okozza', b'\xe2\x96\x81kamionok', b'\xe2\x96\x81buszok', b'pal', b'\xe2\x96\x81Bal', b'ogh', b'\xe2\x96\x81Andr\xc3\xa1s', b'\xe2\x96\x81igazgat\xc3\xb3ja', b'almi', b'\xc3\xa1st\xc3\xb3l', b'\xc3\xa1rs', b'ogy', b'szob', b'\xe2\x96\x81ideiglenesen', b'\xe2\x96\x81sz\xc3\xb6vet', b'h\xc3\xa1zi', b'eged', b'\xe2\x96\x81J\xc3\xb3zsef', b'\xc3\xa9d', b'\xe2\x96\x81Kap', b'\xe2\x96\x81\xc3\x89', b'\xe2\x96\x81Vol\xc3\xa1n', b'\xe2\x96\x81aut\xc3\xb3p\xc3\xa1ly', b'\xe2\x96\x81mivel', b'\xe2\x96\x81rend\xc5\x91rs\xc3\xa9g', b'\xe2\x96\x81Szer', b'\xe2\x96\x81kialakult', b'\xe2\x96\x81kezel\xc3\xa9s', b'\xc3\xadzott', b'leked\xc3\xa9si', b'ord', b'\xe2\x96\x81\xc3\xa1llamtitk', b'atokkal', b'olg\xc3\xa1ltat', b'\xe2\x96\x81Bel', b'\xc3\xbcgyminiszt\xc3\xa9rium', b'ete', b'olg\xc3\xa1lat', b'\xe2\x96\x81Eur\xc3\xb3p', b'\xe2\x96\x81\xc3\xb3r\xc3\xa1s', b'\xe2\x96\x81haszn', b'\xe2\x96\x81szerencs', b'\xe2\x96\x81r\xc3\xa9sze', b'\xc3\xb3ban', b'\xe2\x96\x81t\xc3\xa9l', b'\xe2\x96\x8128', b'\xe2\x96\x81adatok', b'emberg', b'\xe2\x96\x81195', b's\xc3\xa9gbe', b'\xe2\x96\x81villany', b'\xe2\x96\x81\xc3\xa1llapot', b'\xe2\x96\x81N\xc3\xa9metorsz\xc3\xa1gban', b'\xe2\x96\x81Bad', b'W', b'orsz\xc3\xa1gban', b'\xe2\x96\x81egyar\xc3\xa1nt', b'\xe2\x96\x81\xc3\xa9let\xc3\xa9t', b'\xc3\xa9r\xc3\xbcl\xc3\xa9s', b'\xe2\x96\x81rep\xc3\xbcl\xc5\x91t\xc3\xa9r', b'\xe2\x96\x81\xc3\xb3r', b'\xe2\x96\x81Egyes\xc3\xbclt', b'\xe2\x96\x81\xc3\x81llam', b'\xc3\xa1j\xc3\xa1n', b'\xe2\x96\x81k\xc3\xb6zt\xc3\xbck', b'\xe2\x96\x81rengeteg', b'\xe2\x96\x81amer', b'\xe2\x96\x81s\xc3\xbalyos', b'sel', b'\xe2\x96\x81szemantikai', b'\xe2\x96\x81puccs', b'\xe2\x96\x81akarja', b'\xe2\x96\x81szen', b'\xc3\xa1tor', b'oldalon', b'\xe2\x96\x81Leg', b'el\xc3\xa9seket', b'\xe2\x96\x81\xc3\xa9lt', b'\xe2\x96\x81Orosz', b'\xe2\x96\x81szabads\xc3\xa1g', b'elv\xc5\xb1', b'\xe2\x96\x81sz\xc3\xb3t\xc3\xa1r', b'\xe2\x96\x81ar', b'\xe2\x96\x81Mag', b'\xe2\x96\x81szeretn\xc3\xa9', b'einek', b'\xc3\xa9lt', b'etlens\xc3\xa9get', b'\xe2\x96\x81szavai', b'\xe2\x96\x81nyilv\xc3\xa1noss\xc3\xa1g', b'm\xc3\xa1', b'w', b'\xe2\x96\x81198', b'\xe2\x96\x81sz\xc3\xb3l\xc3\xb3', b'\xe2\x96\x81reg\xc3\xa9ny', b'r\xc3\xa1z', b'\xe2\x96\x81negat\xc3\xadv', b'\xe2\x96\x81nyelvi', b'\xc3\xb3p', b'\xe2\x96\x81m\xc3\xbaltban', b'\xe2\x96\x81mindenki', b'lep', b'etek', b'ong', b'besz\xc3\xa9d', b'\xe2\x96\x81\xc3\xbatj\xc3\xa1n', b'orlaszokat', b'eztek', b'\xe2\x96\x81tized', b'\xe2\x96\x81Ami', b'\xe2\x96\x81f\xc3\xa9nyk\xc3\xa9p', b'\xe2\x96\x81k\xc3\xa9rd', b'\xe2\x96\x81sincs', b'\xe2\x96\x81\xc3\xa1llap', b'sa', b'\xe2\x96\x81demokr', b'\xc3\xa1cia', b'\xe2\x96\x81demokratikus', b'alommal', b'alkod', b'\xe2\x96\x81kult\xc3\xbara', b'\xe2\x96\x81\xc3\xb6r\xc3\xb6k', b'mond', b'\xc5\xb1r', b'\xe2\x96\x81partner', b'\xe2\x96\x81\xc3\xadrva', b'\xe2\x96\x81tilt', b'\xe2\x96\x81gondolt', b'\xe2\x96\x81p\xc3\xa9ld', b'\xe2\x96\x81legut\xc3\xb3bbi', b'\xe2\x96\x81K\xc3\xb6zt\xc3\xa1rsas\xc3\xa1g', b'ekb\xc5\x91l', b'\xe2\x96\x81w', b'toni', b'\xe2\x96\x81fizetett', b'tatott', b'\xe2\x96\x81c\xc3\xadm', b'\xe2\x96\x81hangs\xc3\xbaly', b'pap\xc3\xadr', b'onz', b'\xe2\x96\x81\xc3\xbajs\xc3\xa1g\xc3\xadr', b'\xc3\xa1l\xc3\xb3', b'polit', b'eiben', b'\xe2\x96\x81\xc3\x89r', b'\xe2\x96\x81tet', b'\xe2\x96\x81tran', b'ezt', b'jelent', b'zottak', b'telenek', b'\xe2\x96\x81poszt', b'\xe2\x96\x81nekik', b'\xc3\xa1l\xc3\xb3dott', b'ebben', b'\xe2\x96\x81rang', b'\xe2\x96\x81Any', b'\xe2\x96\x81hagyom\xc3\xa1ny', b'\xe2\x96\x81v\xc3\xa1rhat\xc3\xb3', b'\xe2\x96\x81esett', b'hat\xc3\xb3k', b'\xe2\x96\x81bizonnyal', b'oj', b'els', b'\xe2\x96\x81j\xc3\xb3val', b'\xe2\x96\x81\xc3\xa9vig', b'\xe2\x96\x81hom', b'\xe2\x96\x81vel', b'\xe2\x96\x81\xc3\xa9lnek', b'\xe2\x96\x81\xc3\xb6reg', b'cs\xc5\x91j', b'\xc3\xa9ig', b'\xc3\xb6tte', b'\xc3\xb6rgyi', b'\xe2\x96\x81rajta', b'\xe2\x96\x81roppant', b'\xe2\x96\x81menjen', b'olog', b'kod\xc3\xb3', b'\xe2\x96\x81vall', b'\xe2\x96\x81megfontol\xc3\xa1sok', b'\xe2\x96\x81\xc3\xa1tt', b'\xe2\x96\x81k\xc3\xbcl\xc3\xb6n', b'\xe2\x96\x81ifj', b'\xc3\xadg', b'\xe2\x96\x81zs\xc3\xbafolt', b'\xc3\xadtheti', b'ezni', b'\xe2\x96\x81eleji', b'\xe2\x96\x81c\xc3\xa9gek', b'\xe2\x96\x81hegy', b'\xc3\xa1hoz', b'as\xc3\xa1g', b'\xe2\x96\x81gy\xc3\xb3gy', b'\xe2\x96\x81mag\xc3\xa1', b'4.', b'nem', b'\xe2\x96\x81szakad', b'orban', b'\xe2\x96\x81partiz\xc3\xa1nok', b'\xe2\x96\x81Jugoszl\xc3\xa1v', b'\xe2\x96\x81tiltak', b'v\xc3\xa1n', b'\xc3\xb3gy\xc3\xa1sz', b'\xe2\x96\x81angol', b'p\xc3\xb3t', b'\xe2\x96\x81partiz\xc3\xa1n', b'h\xc3\xa1bor\xc3\xba', b'itt', b'vez', b'visel', b'\xe2\x96\x81bonyolult', b'\xe2\x96\x81vet', b'\xe2\x96\x81tiszteletben', b'\xe2\x96\x81ideg', b'\xe2\x96\x81megbesz\xc3\xa9l\xc3\xa9s', b'\xc3\xb3ra', b'elyik', b'ovic', b'\xe2\x96\x81megfel', b'ulat', b'er\xc3\xbclt', b'ad\xc3\xa1sul', b'\xe2\x96\x81dolgozott', b'\xe2\x96\x81tev\xc3\xa9kenys\xc3\xa9g\xc3\xa9t', b'ef', b'\xe2\x96\x81v\xc3\xa9gig', b'\xe2\x96\x81hossz\xc3\xba', b'\xe2\x96\x81titkos', b'rit', b'mus', b'ip', b'\xe2\x96\x81m\xc3\xb3d', b'all', b'\xe2\x96\x81felold', b't\xc3\xa1rs', b'\xc5\x91k\xc3\xa9nt', b'\xe2\x96\x81elk', b'\xe2\x96\x81\xc3\xa9rte', b'\xe2\x96\x81n\xc3\xa9metek', b'\xe2\x96\x81ellene', b'\xe2\x96\x81kedvel', b'\xe2\x96\x81h\xc3\xa1t', b'\xe2\x96\x81harag', b'\xe2\x96\x81benn', b'\xe2\x96\x81vil\xc3\xa1gh\xc3\xa1bor\xc3\xba', b'\xe2\x96\x81politik', b'\xe2\x96\x81azokban', b'\xe2\x96\x81\xc3\xa9vsz\xc3\xa1zad', b'\xe2\x96\x81igaz\xc3\xa1n', b'\xe2\x96\x81csod', b'\xc3\xb6sen', b'zel', b'm\xc3\xb3d', b'\xe2\x96\x81d\xc3\xadsz', b'\xe2\x96\x81Budapestre', b'\xe2\x96\x81katon\xc3\xa1k', b'ajd', b'\xe2\x96\x81lel', b'mann', b'\xe2\x96\x81\xc3\xa9szrev', b'r\xc3\xb3', b'\xe2\x96\x81megkezdett', b'\xe2\x96\x81kiz\xc3\xa1r\xc3\xb3lag', b'\xe2\x96\x81k\xc3\xb6nnyen', b'mez\xc5\x91', b'\xe2\x96\x81meg\xc3\xa1llapod', b'\xe2\x96\x81k\xc3\xb6sz\xc3\xb6nhet', b'\xe2\x96\x81korm\xc3\xa1nyp\xc3\xa1rt', b'\xe2\x96\x81Nis', b'\xe2\x96\x81Pirot', b'\xc3\xb3it', b'heti', b'\xe2\x96\x81bef', b'ci\xc3\xb3k', b'\xe2\x96\x81tonna', b'\xe2\x96\x81sz\xc3\xa1ll\xc3\xadtm\xc3\xa1ny', b'imista', b'\xe2\x96\x81en', b'ellett', b'\xe2\x96\x81el\xc5\x91bb', b'\xe2\x96\x81fognak', b'it\xc3\xa1ssal', b'\xe2\x96\x81m\xc5\xb1k\xc3\xb6d', b'vid\xc3\xa9k', b'\xe2\x96\x81mostani', b'\xc3\xb3b', b'\xe2\x96\x81tov\xc3\xa1bbi', b'szel', b'\xe2\x96\x81sikeres', b'emokrat', b'\xe2\x96\x81Moz', b'galom', b'ics', b'\xe2\x96\x81isztambuli', b'\xe2\x96\x81sokak', b'\xc3\xa1ci', b'\xc3\xbcntet', b'\xe2\x96\x81fele', b'\xe2\x96\x81hi\xc3\xa1ny\xc3\xa1ban', b'\xc5\x91s\xc3\xa9g\xc5\xb1', b'szab', b'el\xc3\xa9g', b'par', b'\xc3\xbacs', b'\xe2\x96\x81m\xc3\xa9ly', b'j\xc3\xb6n', b'\xe2\x96\x81zene', b'\xe2\x96\x81hib\xc3\xa1t', b'\xc3\xa1di', b'\xe2\x96\x81okt\xc3\xb3ber', b'\xe2\x96\x81Car', b'\xe2\x96\x81Gy\xc3\xb6rgy', b'\xc3\xa9s\xc3\xa9r\xc5\x91l', b'ly', b'\xe2\x96\x81hum', b'ff', b'\xe2\x96\x81remek', b'\xe2\x96\x81dal', b'at\xc3\xb3rium', b'sz\xc3\xb3l', b'\xe2\x96\x81m\xc5\xb1v', b'\xe2\x96\x81Opera', b'sal', b'\xc3\xb6ntik', b'd\xc3\xa9s', b'\xe2\x96\x81\xc3\xa9vfordul\xc3\xb3', b'\xe2\x96\x81fel\xc3\xa9ben', b'\xe2\x96\x81hangz', b'ig\xc3\xa1ny', b'sz\xc3\xb6r', b'\xe2\x96\x81megkap', b'\xe2\x96\x81szerep\xc3\xa9t', b'\xe2\x96\x81muzs', b'\xe2\x96\x81el\xc5\x91ad\xc3\xa1s\xc3\xa1ban', b'\xe2\x96\x81szerepelt', b'\xe2\x96\x81\xc3\xb6tven', b'\xe2\x96\x81gazd', b'se', b'\xe2\x96\x81ritmus', b'\xe2\x96\x81nehez', b'ilag', b'elh', b'essenek', b'\xe2\x96\x81nekem', b'\xe2\x96\x81l\xc3\xa9pett', b'\xc3\xb6ny\xc3\xb6r\xc5\xb1', b'\xe2\x96\x81embert', b'\xe2\x96\x81tuc', b'\xe2\x96\x81Em', b'\xe2\x96\x81el\xc3\xa9gedett', b'lott', b'\xe2\x96\x81vend\xc3\xa9g', b'z\xc3\xa9s', b'\xe2\x96\x81k\xc3\xb6vetkez\xc5\x91', b'elked\xc5\x91', b'\xe2\x96\x81\xc3\x9agy', b'\xe2\x96\x81\xc3\xa1p', b'ol\xc3\xa1sa', b'\xe2\x96\x81En', b'\xe2\x96\x81kit\xc3\xbcntet', b'\xe2\x96\x81Zeneakad', b'oln', b'\xe2\x96\x81legsz', b'\xe2\x96\x81\xc3\xa9szre', b'\xe2\x96\x81l\xc3\xa9nyeg', b'r\xc3\xa1n', b'tiszt', b'hattam', b'ukci\xc3\xb3k', b'esetre', b'\xe2\x96\x81munk\xc3\xa1t', b'\xc3\xa1ltam', b'oz\xc3\xadci\xc3\xb3', b'\xe2\x96\x81egyedi', b'\xe2\x96\x81etn', b'iskol\xc3\xa1n', b'\xc3\xadt\xc3\xb3ja', b'\xe2\x96\x811990-', b'l\xc3\xa1sa', b'\xe2\x96\x81tev\xc3\xa9keny', b'\xe2\x96\x81kompon', b'\xe2\x96\x81kamar', b'\xe2\x96\x81sz\xc3\xadnh\xc3\xa1zi', b'\xe2\x96\x81est', b'Z', b'\xe2\x96\x81Amad', b'hir', b'\xe2\x96\x81ap', b'uszon', b'\xe2\x96\x81sorozat', b'\xe2\x96\x81rem', b'essel', b'szerek', b'lt', b'ci\xc3\xb3kat', b'\xe2\x96\x81zen\xc3\xa9t', b'\xe2\x96\x81hozz\xc3\xa1t', b'\xe2\x96\x81r\xc3\xa9teg', b'\xe2\x96\x81alkot\xc3\xb3', b'\xe2\x96\x81\xc3\xadr\xc3\xb3', b'\xe2\x96\x81min\xc3\xa9l', b'\xe2\x96\x81sikert', b'\xe2\x96\x81k\xc3\xb6z\xc3\xa9', b'\xe2\x96\x81f\xc3\xa9lre\xc3\xa9rt', b'\xe2\x96\x81ebb\xc5\x91l', b'\xe2\x96\x81Makk', b'\xe2\x96\x81munk\xc3\xa1m', b'\xc3\xa1s\xc3\xa1hoz', b'rend', b'\xe2\x96\x81Bl', b'\xe2\x96\x81kev', b'\xe2\x96\x81v\xc3\xa1l', b'\xe2\x96\x81v\xc3\xa1ltozat', b'ull', b'hogy', b'\xe2\x96\x81Fortuna', b'\xe2\x96\x81Gal\xc3\xa9r', b'nok', b'\xe2\x96\x81egyben', b'\xe2\x96\x81k\xc3\xa9zzel', b'fordul', b'ze', b'\xe2\x96\x81v\xc3\xa1s\xc3\xa1r', b'beli', b'\xe2\x96\x815-', b'\xe2\x96\x81k\xc3\xa9pei', b'\xe2\x96\x81m\xc5\xb1t\xc3\xa1rgyak', b'\xe2\x96\x81megv\xc3\xa1s\xc3\xa1r', b'\xe2\x96\x81M\xc3\xbazeum', b'ical', b'\xe2\x96\x81utc', b'\xc3\xa1ll\xc3\xadt', b'\xe2\x96\x81f\xc5\xb1z', b'\xe2\x96\x81Els\xc5\x91', b'\xe2\x96\x81kegyt\xc3\xa1rgyak', b'm\xc3\xa9nyek', b'\xe2\x96\x81szak\xc3\xa9rt', b'\xe2\x96\x81besz\xc3\xa1m', b'\xe2\x96\x81kiv', b'\xe2\x96\x81k\xc3\xadv\xc3\xa1nja', b'\xe2\x96\x81saj\xc3\xa1tos', b'\xe2\x96\x81aukci\xc3\xb3', b'\xe2\x96\x81arany', b'\xc3\xadti', b'fajta', b'\xe2\x96\x81hoz', b'\xe2\x96\x81\xc5\x91szi', b'\xc3\xa9sen', b'\xe2\x96\x81t\xc3\xa1rgy', b'\xe2\x96\x81list\xc3\xa1n', b'\xe2\x96\x81\xc3\xa1ron', b'tr', b'\xe2\x96\x81c\xc3\xadmmel', b'\xe2\x96\x81M\xc3\xa1r', b'api', b'\xe2\x96\x81Pier', b'\xe2\x96\x81munk\xc3\xa1', b'cher', b'\xe2\x96\x81Bernard', b'ti', b'\xe2\x96\x81v\xc3\xa9g\xc3\xa9ig', b'\xe2\x96\x81Tui', b'\xe2\x96\x81Jagu\xc3\xa1r', b'\xe2\x96\x81fot', b'\xe2\x96\x81legkev\xc3\xa9sb\xc3\xa9', b'\xe2\x96\x81szobr\xc3\xa1sz', b'\xe2\x96\x81kedv', b'\xe2\x96\x81ismeretlen', b'\xe2\x96\x81Vladim', b'\xc5\x91s\xc3\xa9ge', b'\xe2\x96\x81v\xc3\xa1lasz', b'aszt', b'\xe2\x96\x81t\xc5\xb1nik', b'\xe2\x96\x81fel\xc3\xa9', b'\xe2\x96\x81mondt\xc3\xa1k', b'\xe2\x96\x81l\xc3\xa1thatatlan', b'\xc3\xa1ll\xc3\xadt\xc3\xa1sa', b's\xc3\xa1g\xc3\xa1t', b'\xe2\x96\x81hihetetlen', b'\xe2\x96\x81neki', b'\xe2\x96\x81\xc3\xbcress\xc3\xa9g', b'\xe2\x96\x81magasabb', b'\xe2\x96\x81visz', b'\xe2\x96\x81\xc3\xadt\xc3\xa9l', b'\xe2\x96\x81kapcsol', b'odalom', b'\xe2\x96\x81t\xc3\xb6rt\xc3\xa9nelmi', b'\xe2\x96\x81kolozs', b'\xe2\x96\x81t\xc3\xa1rs', b'\xe2\x96\x811992-', b'assz', b'\xe2\x96\x81196', b'tet', b'\xe2\x96\x81ny\xc3\xbajtott', b'\xe2\x96\x81eredeti', b'zett', b'\xe2\x96\x81fot\xc3\xb3', b'\xe2\x96\x81\xc3\xbajj', b'\xe2\x96\x81feln\xc5\x91tt', b'\xe2\x96\x81Bond', b'\xe2\x96\x81\xc3\xa9letre', b'ill', b'dolg', b'\xe2\x96\x81szemmel', b'\xe2\x96\x81helyezett', b'for', b'ane', b'int', b'up', b'\xc3\xa1nti', b'\xe2\x96\x81elv\xc3\xa1r', b'\xe2\x96\x81el\xc5\x91d', b'\xe2\x96\x81kevesebb', b'\xe2\x96\x81ker\xc3\xbclhet', b'\xe2\x96\x81elk\xc3\xa9p', b'\xe2\x96\x81megment', b'\xe2\x96\x81Szovjetuni\xc3\xb3', b'tenger', b'\xe2\x96\x81Merthogy', b'\xe2\x96\x81kapcsolatok', b'ier', b'\xe2\x96\x81sajt\xc3\xb3', b'\xe2\x96\x81tartj\xc3\xa1k', b'\xe2\x96\x811-', b'\xe2\x96\x8110-', b'sz\xc3\xa1m', b'\xe2\x96\x81alkotm\xc3\xa1nyerej\xc5\xb1', b'\xe2\x96\x81helyettes', b'\xe2\x96\x81k\xc3\xb6zt\xc3\xa1rsas\xc3\xa1g', b'\xe2\x96\x81Franjo', b'l\xc3\xa9k', b'\xe2\x96\x81\xc3\xbcl\xc3\xa9s\xc3\xa9n', b'\xe2\x96\x81szavaz', b's\xc3\xa9g\xc3\xa9b\xc5\x91l', b'\xe2\x96\x81k\xc3\xb3rh\xc3\xa1zban', b'olnak', b'\xe2\x96\x81alkotm\xc3\xa1nyban', b'\xe2\x96\x81tart\xc3\xb3s', b'\xe2\x96\x81akad\xc3\xa1lyoztat', b'v\xc3\xa1laszt', b'\xe2\x96\x81legfeljebb', b'\xe2\x96\x81fenn', b'\xe2\x96\x81kezdem\xc3\xa9ny', b'akci\xc3\xb3', b'\xe2\x96\x81p\xc3\xa1rtja', b'j\xc3\xa1r\xc3\xb3l', b'\xe2\x96\x81Csehszlov\xc3\xa1kia', b'\xe2\x96\x81ut\xc3\xb3d', b'ezetlen', b'\xe2\x96\x81vagyon', b'\xe2\x96\x81szerz\xc5\x91d\xc3\xa9s', b'\xe2\x96\x811992', b'\xe2\x96\x81m\xc3\xa1ris', b'\xe2\x96\x81egyez', b'\xe2\x96\x81ratifik\xc3\xa1lta', b'\xe2\x96\x81francia', b'\xe2\x96\x81k\xc3\xbcl\xc3\xb6nmegb\xc3\xadzott', b'\xe2\x96\x81elmondta', b'\xe2\x96\x8117', b'\xe2\x96\x81Koszov\xc3\xb3ban', b'\xe2\x96\x81k\xc3\xa9rd\xc3\xa9st', b'\xe2\x96\x81fegyveresek', b'\xe2\x96\x81k\xc3\xb6zlem\xc3\xa9ny', b'\xe2\x96\x81t\xc3\xa1m', b'\xe2\x96\x81t\xc3\xa1mad', b'\xe2\x96\x81t\xc3\xa9m', b'\xc5\x91d\xc5\x91', b'\xc3\xa1s\xc3\xa1n', b'\xe2\x96\x81k\xc3\xbcl', b'\xe2\x96\x81vit\xc3\xa1s', b'\xe2\x96\x81j\xc3\xa1rt', b'\xe2\x96\x81\xc3\xa1llamad\xc3\xb3ss\xc3\xa1g', b'\xe2\x96\x81restit\xc3\xbaci\xc3\xb3', b'\xe2\x96\x81Ivanov', b'son', b'\xe2\x96\x81Kontra', b'\xe2\x96\x81t\xc3\xa1rgyal\xc3\xa1sok', b'\xe2\x96\x81val\xc3\xb3sz\xc3\xadn\xc5\xb1', b'\xc3\xa9s\xc3\xa9re', b'\xe2\x96\x81es\xc3\xa9ly', b'\xe2\x96\x81k\xc3\xb6lcs\xc3\xb6n\xc3\xb6s', b'\xe2\x96\x81Groznijt', b'\xe2\x96\x81nevezte', b'\xe2\x96\x81maradnak', b'\xe2\x96\x81oroszok', b'\xe2\x96\x81forr', b'\xe2\x96\x81bet\xc3\xb6lt', b'\xe2\x96\x81t\xc3\xa1rgyal', b'\xe2\x96\x811994-', b'6-', b'n\xc3\xa1', b'\xe2\x96\x81fegy', b'\xe2\x96\x81fogj\xc3\xa1k', b'\xe2\x96\x811993', b'\xe2\x96\x81szerencs\xc3\xa9tlen', b'\xe2\x96\x81g\xc3\xa9pkocsivezet', b'\xe2\x96\x81Jaroslav', b'\xe2\x96\x81Volf', b'\xe2\x96\x81per\xc3\xbajra', b'\xe2\x96\x81V\xc3\xa1clav', b'\xe2\x96\x81Hav', b'\xe2\x96\x81legal\xc3\xa1bbis', b'\xe2\x96\x81senki', b'\xe2\x96\x81okozta', b'\xe2\x96\x81illet\xc3\xa9kes', b'\xe2\x96\x81sz\xc3\xa9khely\xc5\xb1', b'\xe2\x96\x81Inter', b'\xe2\x96\x81csehorsz\xc3\xa1gi', b'etett', b'oztak', b'K', b'\xc3\xa1laszt', b'\xe2\x96\x81nyilatkozat', b'\xe2\x96\x81enged', b'\xe2\x96\x81p\xc3\xbcsp\xc3\xb6k\xc3\xb6k', b'\xe2\x96\x81p\xc3\xa1pa', b'\xe2\x96\x81level\xc3\xa9ben', b'\xe2\x96\x81irod\xc3\xa1k', b'\xe2\x96\x81igazol\xc3\xa1sok', b'\xe2\x96\x81tan\xc3\xa1csad\xc3\xa1s', b'olt\xc3\xa1k', b'\xe2\x96\x81szolg\xc3\xa1l\xc3\xb3', b'\xe2\x96\x81KGB', b'ez\xc3\xa9se', b'orr', b'\xe2\x96\x81Babiuc', b'\xe2\x96\x81t\xc3\xa1bornok', b'\xe2\x96\x81attas', b'\xe2\x96\x81egyel\xc5\x91re', b'\xe2\x96\x81kom', b'\xe2\x96\x81megk', b'\xe2\x96\x81szekta', b'\xe2\x96\x81betegs\xc3\xa9g', b'\xe2\x96\x81fert\xc5\x91z\xc3\xb6tt', b'\xe2\x96\x8133', b'aiban', b'\xe2\x96\x81\xc3\x81llamok', b'olva', b'\xe2\x96\x8175', b'\xe2\x96\x81koal\xc3\xadci\xc3\xb3', b'olidar', b'\xe2\x96\x81hat\xc3\xa1ly', b'\xe2\x96\x81szolg\xc3\xa1ltat', b'om\xc3\xa1nyos', b'\xe2\x96\x81N\xc3\xa9metorsz\xc3\xa1g', b'\xe2\x96\x81konz', b'\xe2\x96\x81kezess\xc3\xa9g', b'\xe2\x96\x81indok', b'\xc3\xa1mogat', b'hivatal', b'\xe2\x96\x81Fidesz', b'\xe2\x96\x81sz\xc3\xa9k', b'\xe2\x96\x81trag\xc3\xa9d', b'\xe2\x96\x81v\xc3\xa9gleg', b'\xc5\x91d\xc3\xb6tt', b'\xe2\x96\x81privatiz\xc3\xa1ci\xc3\xb3', b'\xe2\x96\x81tulajdon\xc3\xa1ban', b'\xe2\x96\x81Corso', b'\xe2\x96\x81k\xc3\xb6zgy\xc5\xb1l\xc3\xa9s', b'\xe2\x96\x81elad\xc3\xa1s', b'iz\xc3\xa1ci\xc3\xb3', b'\xe2\x96\x81ingatlan', b'\xe2\x96\x81privatiz', b'kat', b'\xc3\xa9get', b'\xe2\x96\x811997-', b'\xe2\x96\x81T\xc5\x91kep', b'\xe2\x96\x81Br\xc3\xb3ker', b'\xe2\x96\x81tudta', b'\xe2\x96\x81forintos', b'\xe2\x96\x81t\xc3\xb6rzst\xc5\x91k', b'\xe2\x96\x81midibusz', b'\xe2\x96\x81Krav', b'tex', b'\xe2\x96\x81sz\xc3\xa1zal\xc3\xa9kkal', b'\xe2\x96\x81r\xc3\xa9szv\xc3\xa9ny', b'int\xc3\xa9zet', b'l\xc3\xa9sek', b'\xe2\x96\x81t\xc3\xbal\xc3\xa9l', b'v\xc3\xa1ny', b'\xe2\x96\x81s\xc3\xbajtott', b'\xe2\x96\x81helyre', b'\xe2\x96\x81defic', b'\xe2\x96\x81kabinet', b'\xe2\x96\x81d\xc3\xb6nt\xc5\x91', b'\xe2\x96\x81bevezet', b'\xe2\x96\x81lakoss\xc3\xa1g', b'\xe2\x96\x81h\xc3\xbasz', b'\xe2\x96\x81iszl\xc3\xa1m', b'sereg', b'\xe2\x96\x81ut\xc3\xa1ni', b'\xe2\x96\x81Hans', b'\xe2\x96\x81NSZK', b'\xe2\x96\x81megoszt', b'\xe2\x96\x81Eichel', b'\xe2\x96\x81m\xc3\xa1rk\xc3\xa1t', b'\xe2\x96\x81Saar', b'\xe2\x96\x81szavazat', b'\xe2\x96\x81Welteke', b'\xe2\x96\x81Bundesbank', b'\xe2\x96\x81Tietmeyer', b'\xe2\x96\x81menek\xc3\xbcl\xc3\xa9s', b'\xe2\x96\x81Orahovacban', b'\xe2\x96\x81elvet', b'\xc5\x91d\xc3\xa9s\xc3\xa9t', b'jeszti', b'\xc3\xa1nos', b'jed', b'ekonc', b'\xe2\x96\x81P\xc3\xa1z', b'olikus', b'tud', b'ank', b'\xe2\x96\x81Fal', b'udi', b'\xe2\x96\x81id\xc3\xa9z', b'\xe2\x96\x81szint', b'\xe2\x96\x81term\xc3\xa9sz', b'ez\xc5\x91k', b'\xe2\x96\x81nyers', b'anyag', b'er\xc5\x91', b'ol\xc3\xb3g', b'i\xc3\xa1\xc3\xa9rt', b'\xe2\x96\x81v\xc3\xadv', b'\xe2\x96\x81foly\xc3\xb3', b'\xe2\x96\x81vers', b'\xe2\x96\x81k\xc3\xb6lt', b's\xc3\xa9ggel', b's\xc3\xa1ggal', b'jaink', b'\xe2\x96\x81h\xc3\xa1tt', b'c\xc3\xa9g', b'\xe2\x96\x81R\xc3\xa9gen', b'\xe2\x96\x81hadi', b'\xe2\x96\x813-', b'\xe2\x96\x81k\xc3\xadn', b'\xe2\x96\x81agg', b'\xe2\x96\x81re\xc3\xa1l', b'\xe2\x96\x81elv\xc3\xa1l', b'iac', b'\xe2\x96\x81mozg', b'\xe2\x96\x81pessz', b'ukk', b'kez\xc5\x91leg', b'\xe2\x96\x81reg', b'r\xc3\xadzis', b'\xe2\x96\x81lok', b'aliz\xc3\xa1lt', b'\xe2\x96\x81jap\xc3\xa1n', b'\xc3\xa9lk', b'ull\xc3\xa1m', b'ekci\xc3\xb3', b'\xe2\x96\x81egy\xc3\xa9b', b'folyam', b'\xe2\x96\x81gyak', b'ran', b'sz\xc3\xa1m\xc3\xadt', b'in\xc3\xa9l', b'\xe2\x96\x81vajon', b'\xe2\x96\x81der', b'\xc5\xb1l\xc3\xa1t', b'\xc3\xb6v\xc5\x91', b'\xc3\xa1lni', b'\xe2\x96\x81k\xc3\xb6rny', b'\xe2\x96\x81sz\xc5\xb1k', b'eur\xc3\xb3pai', b'spe', b'h\xc3\xa1l\xc3\xb3', b'arad\xc3\xa1s', b'\xc3\xa1ci\xc3\xb3s', b'\xe2\x96\x81konv', b'ert\xc3\xa1l', b'\xe2\x96\x81j\xc3\xa1t', b'akrog', b'ens\xc3\xbaly', b'\xe2\x96\x81seg', b'\xe2\x96\x81beav', b'atkoz', b'\xe2\x96\x81Id\xc3\xa9n', b'esszi\xc3\xb3', b'l\xc5\x91d', b'\xe2\x96\x81b\xc5\x91v', b'erm', b'\xe2\x96\x81GDP', b'\xe2\x96\x81J\xc3\xb3', b'enci\xc3\xa1t', b'\xe2\x96\x812000.', b'avaly', b'\xe2\x96\x81dinam', b'lottak', b'h\xc3\xa1ztart', b'\xe2\x96\x81k\xc3\xbclf\xc3\xb6ld', b'\xe2\x96\x81\xc3\xa1ra', b'\xe2\x96\x81M\xc5\xb1', b'etem', b'\xe2\x96\x81\xc3\x81ll\xc3\xa1s', b'\xe2\x96\x81\xc3\xa1', b'ilis', b'\xc3\xa1j\xc3\xa1ban', b'\xe2\x96\x81f\xc3\xb3rum', b'\xe2\x96\x811991-', b'aj\xc3\xa1nlat', b'ekszik', b'bel\xc3\xbcl', b'z\xc5\x91s', b'\xe2\x96\x81vill', b'm\xc3\xa9rn\xc3\xb6k', b'ekr\xc5\x91l', b'cion', b'r\xc3\xa9t', b'aik', b'ny\xc3\xa1', b'\xe2\x96\x81Napok', b'keres\xc3\xa9s', b'jenek', b'\xe2\x96\x81mik', b'\xe2\x96\x81mut', b'ass\xc3\xa1k', b'b\xc3\xb6rze', b'elm\xc3\xa9ny', b'mai', b'ala', b'\xe2\x96\x81t\xc3\xa1j\xc3\xa9k', b'\xc3\xbclte', b'\xe2\x96\x81eld', b'\xe2\x96\x81k\xc3\xb6zep', b'\xe2\x96\x81elz\xc3\xa1r', b'v\xc3\xa1ros', b'\xe2\x96\x81\xc3\xbajdon', b'\xe2\x96\x81napok', b'j\xc3\xa1r\xc3\xa1sa', b'tt\xc5\x91l', b'ilisi', b'ismert', b'iget', b'\xe2\x96\x81Sokan', b'orlasz', b'\xe2\x96\x81v\xc3\xa1g', b'\xe2\x96\x81Pest', b'\xc3\xa1llal', b'\xe2\x96\x81h\xc3\xb3mar', b'\xc3\xb3g\xc3\xa9p', b'nalban', b'ut\xc3\xa1n', b'\xe2\x96\x81Pilis', b'\xe2\x96\x81im', b'\xe2\x96\x81m\xc3\xa1sod', b'perc', b'f\xc3\xa9l', b'\xe2\x96\x81V\xc3\xb6r\xc3\xb6s', b'tuk', b'\xe2\x96\x81domb', b'\xe2\x96\x81aut\xc3\xb3s', b'\xe2\x96\x81\xc3\xa1rk', b'\xe2\x96\x81kora', b'\xe2\x96\x81k\xc3\xa1v', b'\xc3\xbcnet', b'aut\xc3\xb3', b'ekv\xc5\x91', b'\xc3\xadt\xc3\xa1sa', b'\xc3\xa1radat', b'\xe2\x96\x81akt\xc3\xadv', b'\xe2\x96\x81kivon', b'\xe2\x96\x81brig', b'\xc3\xbasz', b'\xc3\xb6d', b'ektor', b'\xe2\x96\x81ab', b'\xe2\x96\x81M\xc3\xa9gis', b'dik', b'\xc3\xa9li', b'\xe2\x96\x81\xc3\xb3ra', b'\xe2\x96\x81Zsolt', b'\xc3\xbckig', b'\xc3\xbcppedt', b'aikat', b'jesen', b'\xe2\x96\x81r\xc3\xa1di\xc3\xb3', b'\xe2\x96\x81Azt\xc3\xa1n', b'\xe2\x96\x81\xc3\xa1s', b'20', b'\xe2\x96\x81op', b'\xe2\x96\x81pomp', b'\xe2\x96\x81Qu', b'j\xc3\xa9t', b'hol', b'megy', b'\xe2\x96\x81\xc3\xa9bred', b'ton', b'\xe2\x96\x81ide', b'hetett', b'\xe2\x96\x81l\xc3\xa1tsz', b'ancs', b'\xc3\xa1rg', b'str', b'hat\xc3\xb3v\xc3\xa1', b'\xc3\xbclni', b'\xe2\x96\x81v\xc3\xb6r\xc3\xb6s', b'\xc3\xb3iak', b'iet', b'ehova', b'atkozik', b'\xe2\x96\x81hav', b'\xe2\x96\x81f\xc3\xa9l\xc3\xb3r', b'odtan', b'uty\xc3\xa1k', b'\xc3\xadt\xc3\xa9sek', b'uv', b'\xc3\xa1sznak', b'\xe2\x96\x81l\xc3\xa1ba', b'in\xc3\xa1l', b'bat', b'taknak', b'\xe2\x96\x81Ch', b'oke', b'hi', b'\xe2\x96\x81h\xc3\xbaz', b'\xe2\x96\x81\xc5\x91s', b'\xe2\x96\x81rag', b'\xe2\x96\x81\xc3\xbatm', b'ednek', b'olv', b'\xe2\x96\x81h\xc3\xb3f\xc3\xbav', b'szerte', b'n\xc3\xa9', b'\xe2\x96\x81B\xc3\xa1cs', b'Kiskun', b'\xe2\x96\x81190', b'kezett', b'orl', b'\xe2\x96\x81hid', b'red', b'\xe2\x96\x81ves', b'\xe2\x96\x81Kiem', b'\xe2\x96\x81vitt', b'\xe2\x96\x81Bod', b'\xc3\xa9rtes', b'ogl', b'\xe2\x96\x81vid', b'\xe2\x96\x81bej\xc3\xa1r', b'\xc3\xa9kesf', b'eh\xc3\xa9r', b'\xe2\x96\x81reked', b'\xe2\x96\x81megy', b'esz\xc3\xa9k', b'helyen', b'jei', b'veiket', b'\xe2\x96\x81Kht', b'\xe2\x96\x81Kam', b'ennak', b'jain', b'\xe2\x96\x818-', b'\xc3\xa9ti', b'\xe2\x96\x81kamion', b'\xe2\x96\x81ny\xc3\xa1r', b'ival', b'ht', b'\xe2\x96\x81forg', b'\xe2\x96\x81Erre', b'\xe2\x96\x81miniszter', b'\xe2\x96\x81telep', b'\xe2\x96\x81Andr', b'\xe2\x96\x81KHVM', b'\xe2\x96\x81s\xc3\xbalya', b'\xc5\x91lt', b'\xe2\x96\x81h\xc3\xa9', b'ttag', b'\xc3\xb6lt\xc3\xb6z', b'kezet', b'\xc3\xa1sban', b'olj\xc3\xa1k', b'\xe2\x96\x81par', b'ukra', b'en\xc5\x91', b'\xe2\x96\x81Sch', b'olg\xc3\xa1r', b'sz\xc3\xa1gos', b'viv\xc5\x91je', b'\xe2\x96\x81elz', b'\xc3\xa1kkal', b'\xc5\x91k\xc3\xa9sz', b'\xe2\x96\x81mat', b'cot', b'\xe2\x96\x81M\xc3\x81V', b'\xe2\x96\x81h\xc3\xa1l\xc3\xb3', b'\xc3\xbctt', b'osv\xc3\xa1r', b'ecs', b'ugat', b'agyar', b'orsz\xc3\xa1g', b'\xe2\x96\x81Bak', b'any', b'\xe2\x96\x81k\xc3\xa1osz', b'\xe2\x96\x81H\xc3\xadr', b'\xe2\x96\x81t\xc3\xa1rca', b'\xe2\x96\x81B\xc3\xa1n', b'\xe2\x96\x81Tam\xc3\xa1s', b'\xc3\xa9ssel', b'\xc3\xbatvon', b'alakon', b'\xe2\x96\x81dug', b'\xe2\x96\x81ta', b'\xe2\x96\x81b\xc3\xa9r', b'\xc3\xa9sek', b'\xe2\x96\x81\xc3\xbcg', b'baj', b'leked\xc3\xa9s', b'\xe2\x96\x81cs\xc5\x91d', b'raj', b'\xe2\x96\x8113', b'szi', b'prop', b'eck', b'\xe2\x96\x81falu', b'\xc3\xa9kre', b'\xc3\xb3dott', b'mozdony', b'att\xc3\xa1k', b'\xe2\x96\x8186', b'\xe2\x96\x81lakos', b'\xe2\x96\x8116', b'ib', b'\xe2\x96\x81110', b'\xe2\x96\x81l\xc3\xa9git', b'\xc3\xa1rsas\xc3\xa1g', b'\xe2\x96\x81t\xc3\xb6bbi', b'ich', b'aleset', b'gy\xc5\xb1l\xc3\xa9si', b'\xe2\x96\x81matem', b'ut\xc3\xb3bb', b'tunk', b'ekl\xc3\xa1m', b'lak\xc3\xa1tot', b'kori', b'gette', b'\xe2\x96\x81\xc3\x89ppen', b'ilt', b'\xe2\x96\x81ki\xc3\xbcr', b'\xe2\x96\x81tizen', b'enc', b'\xe2\x96\x81\xc5\x91r\xc3\xbclt', b'iltotta', b'\xc3\xb6vet', b'alit', b'ius', b'\xe2\x96\x81Pilin', b'\xe2\x96\x811964-', b'atos', b'lel', b'\xc5\x91nek', b'i\xc3\xa1ja', b'hi\xc3\xa1ny', b'\xe2\x96\x81erej', b'ilkos', b'\xe2\x96\x81\xc3\xba', b'elm\xc3\xa9t', b'\xe2\x96\x81kelt', b'utott', b'\xe2\x96\x81oda', b'ci\xc3\xb3', b'imit', b'\xe2\x96\x81t\xc3\xa9v', b'ezn\xc3\xa9', b'lani', b'\xe2\x96\x81civil', b'emokratikus', b'\xe2\x96\x81gyeng', b'\xc3\xb6vetel', b'h\xc3\xbaz', b'n\xc3\xa9m', b'gr', b'\xe2\x96\x81egyed', b'haszn', b'\xe2\x96\x81k\xc3\xa9rni', b'\xe2\x96\x81Mivel', b'\xe2\x96\x81fogva', b'k\xc3\xb6', b'ez\xc3\xa9si', b's\xc3\xa9gen', b'\xe2\x96\x81m\xc3\xbal', b'\xe2\x96\x81kimar', b'omp', b'\xe2\x96\x81megfog', b'\xe2\x96\x81sz\xc3\xb6v', b'\xe2\x96\x81utat', b'\xe2\x96\x81veszi', b'gatta', b'ashing', b'\xe2\x96\x81\xc3\xadrt', b'\xc3\xa9b\xc5\x91l', b'\xe2\x96\x81\xc3\xa9vre', b'levelet', b'v\xc3\xa9l', b'hetn\xc3\xa9', b'\xe2\x96\x81uni', b'zum', b'\xe2\x96\x81k\xc3\xb6', b'\xe2\x96\x81ill', b'\xc3\xb3m', b'\xc3\xb3jel', b'\xe2\x96\x81z\xc3\xa1rva', b'\xe2\x96\x81t\xc3\xa1rsad', b'rier', b'\xe2\x96\x81amik', b'elemre', b'\xe2\x96\x81m\xc3\xa9lt\xc3\xb3', b'\xe2\x96\x81assz', b'ideszes', b'\xe2\x96\x81legm', b'\xc3\xa1llap', b'\xe2\x96\x81ci', b'\xe2\x96\x81hird', b'\xe2\x96\x81k\xc3\xb6zt', b'visel\xc5\x91', b'\xc3\xadtv\xc3\xa1ny', b'\xe2\x96\x81Len', b'szkij', b'h\xc3\xadv', b'ik\xc3\xa9ppen', b'ked\xc3\xa9st', b'\xe2\x96\x81Goebb', b'ester', b'\xe2\x96\x81elnev', b'nyit', b'\xe2\x96\x81vis', b'atban', b'gett\xc3\xa9k', b'erus', b'ocs', b'\xc3\xa1szl', b'avart', b'ust', b'G', b'\xe2\x96\x81apja', b'elked', b'\xc3\xb6tt\xc3\xa9k', b'adi', b'\xc3\xa9r\xc3\xa9st', b'egedi', b'ma', b'hatta', b'd\xc3\xadj', b'\xe2\x96\x81tud\xc3\xb3s', b'parti', b'of', b'gyen', b'eh\xc3\xadv', b'\xe2\x96\x81Bor', b'\xe2\x96\x81hoz\xc3\xb3', b'\xe2\x96\x81rab', b'unk\xc3\xa1t', b'h\xc3\xa1rom', b'avez\xc3\xa9ny', b'asztal', b'\xe2\x96\x81meggy', b'oltak', b'ess\xc3\xa9g\xc3\xbck', b'arab', b'yal', b'asson', b'\xe2\x96\x81illet', b'\xe2\x96\x81durv', b'\xe2\x96\x81\xc3\xadzben', b'port', b'\xe2\x96\x81h\xc5\x91se', b'\xe2\x96\x81megjel', b'\xe2\x96\x81ily', b'\xc5\x91f', b'\xc3\xbcltek', b'unknak', b'\xe2\x96\x81belgy', b'i\xc3\xa1ter', b't\xc5\x91', b'had', b'\xe2\x96\x81\xc3\xa1lm', b'\xe2\x96\x81mont', b'enegr', b'alm\xc3\xa1t', b'ang', b'flikt', b'usok', b'izonyos', b'sall', b'\xe2\x96\x81hozta', b'\xe2\x96\x81h\xc3\xadrt', b'ukban', b'\xe2\x96\x81Rank', b'\xe2\x96\x81t\xc3\xb6k', b'\xe2\x96\x81kid', b'\xc3\xa9ban', b'enyh', b'ezs', b'\xe2\x96\x81szugg', b'\xe2\x96\x81Zsig', b'ellem', b'\xe2\x96\x81leb', b'\xe2\x96\x81b\xc3\xa1zis', b'z\xc3\xa9si', b'\xe2\x96\x81kics', b'\xc3\xa9tek', b'\xe2\x96\x81n\xc3\xa9m', b'lim', b'em\xc5\xb1', b'\xe2\x96\x81Akkor', b't\xc3\xa1lin', b'\xc3\xbcld', b'\xe2\x96\x81Pel', b'ag\xc3\xa9j\xc3\xa1t', b'\xe2\x96\x81\xc3\xbczen', b'\xe2\x96\x81Moszkv', b'\xc3\xa1nyt', b'azd', b'\xe2\x96\x81v\xc3\xa1d', b'mint', b'\xe2\x96\x81Tit\xc3\xb3t', b'enni', b'idesz', b'elmeket', b'\xe2\x96\x81ehhez', b'\xe2\x96\x81ahogy', b'\xe2\x96\x81l\xc3\xa1ng', b'jait', b'efej', b'\xe2\x96\x81szel', b'\xc3\xbajt', b'\xe2\x96\x81\xc3\x96', b'besz', b'\xc3\xa9l\xc3\xa9s', b'\xe2\x96\x81beleb', b'm\xc3\xa9ter', b'eleg', b'udv', b'\xc3\xb3ni', b'i\xc3\xa1t', b'vit', b'olyan', b'ock', b'\xe2\x96\x81\xc3\xbc', b'\xe2\x96\x81R\xc3\xa1k', b'osi', b'\xc3\xa1ty\xc3\xa1s', b'\xe2\x96\x81r\xc3\xa1z', b'kinek', b'\xe2\x96\x81G\xc3\xa1bor', b'\xe2\x96\x81mese', b'omra', b'kez\xc3\xa9si', b'\xe2\x96\x81forma', b'\xe2\x96\x81dil', b'omba', b'egs\xc3\xa9g', b'onyi', b'\xe2\x96\x81szank', b'\xe2\x96\x81elt\xc3\xb6r', b'l\xc3\xa9s\xc3\xa9t', b'\xe2\x96\x81350', b'k\xc3\xb6d\xc3\xa9s', b'\xe2\x96\x81Op', b'\xe2\x96\x81lelk', b'etnek', b'alista', b'nyire', b'amar', b'\xe2\x96\x81kapac', b'tart', b'\xc3\xa9t\xc5\x91l', b'\xe2\x96\x81Br\xc3\xbc', b'ereg', b'\xe2\x96\x81addig', b'\xe2\x96\x81P\xc3\xa1rt', b'\xc3\xbaj', b'\xe2\x96\x81SPO', b'\xe2\x96\x81Zoran', b'kon', b'kovics', b'\xe2\x96\x81s\xc3\xbcr', b'\xe2\x96\x81oly', b'\xe2\x96\x81sokat', b'fog\xc3\xa1s', b'\xe2\x96\x81vez\xc3\xa9r', b'\xe2\x96\x81f\xc3\xa9r', b'enged', b'\xe2\x96\x81\xc5\x91k', b'\xe2\x96\x81u', b'\xe2\x96\x81ter\xc3\xa9n', b'\xe2\x96\x81Am', b'\xe2\x96\x81lenn', b'\xe2\x96\x81elnap', b'lik', b'bben', b'\xe2\x96\x81megj', b'\xe2\x96\x81fejleszt', b'\xe2\x96\x81javas', b'val\xc3\xb3s', b'\xe2\x96\x81szeml', b'korm\xc3\xa1ny', b'\xe2\x96\x81t\xc3\xa9tel', b'\xe2\x96\x81500', b'val\xc3\xb3', b'\xc3\xa1ci\xc3\xb3k', b'szoros', b'\xe2\x96\x81ezr', b'mester', b'\xe2\x96\x81aut\xc3\xb3k', b'cion\xc3\xa1l', b'ekkor', b'\xe2\x96\x81sz\xc3\xa9d', b'\xe2\x96\x81Ebben', b'\xc3\xa9be', b'\xe2\x96\x81z\xc3\xa1rta', b'\xe2\x96\x81sz\xc3\xb3lt', b'9.', b'\xe2\x96\x8118-', b'\xe2\x96\x81Melis', b'\xe2\x96\x81opera', b'orral', b'\xe2\x96\x81l\xc3\xadrai', b'asz\xc3\xadn', b'\xc3\xa9nekes', b'\xe2\x96\x81Ybl', b'\xe2\x96\x81k\xc3\xb6z\xc3\xb6n', b'\xe2\x96\x81fan', b'von\xc3\xa1sa', b'\xe2\x96\x81Mi\xc3\xa9rt', b'\xe2\x96\x81Don', b'fon', b'li', b'iloz\xc3\xb3', b'ann', b'\xe2\x96\x81m\xc5\xb1ve', b'embe', b'\xe2\x96\x81\xc3\xa9vfordul', b'\xe2\x96\x81igyekez', b'kodni', b'\xe2\x96\x81K\xc3\xbcl\xc3\xb6n', b'koriban', b'tem', b'\xe2\x96\x81b\xc3\xa1n', b'all\xc3\xb3', b'\xe2\x96\x81Imre', b'acs', b'hatott', b'\xc3\xa9nak', b'ner', b'\xe2\x96\x81Ezt', b'fr', b'\xe2\x96\x81fel\xc3\xbaj', b'\xe2\x96\x81dirig', b'\xe2\x96\x81Wal', b'senste', b'erbe', b'\xe2\x96\x81k\xc3\xadv', b'\xe2\x96\x81velem', b'elni', b'\xc5\x91z\xc5\x91', b'\xe2\x96\x81kiejt', b'oll\xc3\xa9g', b'\xc3\xa1j\xc3\xa1nak', b'inc', b'd\xc3\xadjat', b'\xe2\x96\x81v\xc3\xa9lem', b'ogg\xc3\xa1', b'\xe2\x96\x81d\xc3\xadj', b'\xc3\xa9mi\xc3\xa1n', b'enie', b'anunk', b'\xc3\xa9nnyel', b'esztiv', b'esnek', b'n\xc3\xb6k', b'andit\xc3\xa1k', b'\xe2\x96\x81prod', b'\xe2\x96\x81Eg\xc3\xa9sz', b'\xe2\x96\x81n\xc3\xa9z\xc5\x91k', b'\xe2\x96\x81m\xc3\xa1st', b'altat', b'\xc3\xbckh\xc3\xb6z', b'\xc5\xb1ek', b'szerz\xc5\x91', b'v\xc3\xa9sz', b'79-', b'\xe2\x96\x81180-', b'atnyi', b'\xe2\x96\x81szerz\xc5\x91', b'nap', b'raf', b'E', b'egy\xc3\xbctt', b'i\xc3\xb3dus', b'zem\xc3\xa9ny', b'ise', b'\xc3\xa9ja', b'allgat', b'anyag\xc3\xa1t', b'\xe2\x96\x81Igen', b'\xe2\x96\x81CD', b'\xe2\x96\x81Vid', b'ag\xc3\xb3', b'\xc3\xa9lhet', b'\xe2\x96\x81\xc3\xbct\xc5\x91', b'\xe2\x96\x81komp', b'oz\xc3\xad', b'to', b'\xe2\x96\x81afr', b'\xe2\x96\x81magam', b'ozik', b'\xe2\x96\x81\xc3\xbct\xc5\x91s', b'et\xc3\xa9se', b'eh', b'\xe2\x96\x81Haz', b'z\xc3\xa9st', b'ttal', b'hattunk', b'\xe2\x96\x81arat', b'\xc3\xadtva', b'\xe2\x96\x81eng', b'\xe2\x96\x81R\xc3\xa1', b'\xc3\xa1ris', b'jaim', b'\xc3\xa9ket', b'\xc5\x91zen\xc3\xa9', b'\xe2\x96\x81Vall\xc3\xb3', b'\xe2\x96\x81Kiss', b'j\xc3\xa9nek', b'\xe2\x96\x81G\xc3\xb6d', b'br', b'\xe2\x96\x81sz\xc3\xbclet', b'ack', b'\xe2\x96\x81and', b'\xe2\x96\x81White', b'\xe2\x96\x81mai', b'\xe2\x96\x81t\xc3\xa1nc', b'veg', b'\xe2\x96\x81ham', b'\xe2\x96\x81te', b'ikusok', b'\xe2\x96\x81b\xc5\x91ven', b'\xe2\x96\x8110.', b'\xc3\xa1miat', b'z\xc3\xa1ci\xc3\xb3', b'\xc3\xa1za', b'\xc3\xa9csi', b'ogr', b'\xe2\x96\x81k\xc3\xa1ly', b'\xe2\x96\x81kand', b'\xe2\x96\x81megm', b'\xe2\x96\x81Sz\xc3\xa9p', b'\xe2\x96\x81Bib', b'\xe2\x96\x81World', b'allery', b'abi', b't\xc3\xa1rgy', b'\xc3\xa1mos', b'\xe2\x96\x81k\xc3\xb6tet', b'udaika', b'\xe2\x96\x81kal', b'ap\xc3\xa1cs', b'\xe2\x96\x81Raj', b'itkas\xc3\xa1g', b'\xe2\x96\x81sz\xc3\xa1nt', b'\xe2\x96\x81Ilyen', b'ford', b'i\xc3\xa1lt\xc3\xa1si', b'\xe2\x96\x81kur', b'\xe2\x96\x81XVIII', b'ercs', b'9-', b'rag', b'\xe2\x96\x8118', b'\xe2\x96\x81por', b'cel', b'k\xc3\xa9ppen', b'\xe2\x96\x81sz\xc3\xadnf', b'gy', b'tekint', b'\xe2\x96\x81Hotel', b'\xe2\x96\x81ny\xc3\xadl', b'van', b'hes', b'ir\xc3\xb3', b'\xe2\x96\x81An', b'\xe2\x96\x81Ed', b'illi', b'da', b'ins', b'\xe2\x96\x81\xc3\xa9p\xc3\xbcl', b'ola', b'uma', b'\xe2\x96\x81Hajd', b'leges', b'\xe2\x96\x81otth', b'\xe2\x96\x81Mai', b'\xe2\x96\x81Man\xc3\xb3', b'\xe2\x96\x81H\xc3\xa1z', b'\xc3\xa1f', b'\xe2\x96\x81fig', b'\xe2\x96\x81jelz\xc5\x91', b'\xe2\x96\x81Sor', b'\xc3\xa1lunk', b'\xe2\x96\x81p\xc3\xa9nzt', b'\xc3\xa9rz\xc3\xa9k', b'\xe2\x96\x81m\xc5\xb1vei', b's\xc3\xa9gre', b'k\xc3\xb6d\xc5\x91', b't\xc3\xb3', b'\xe2\x96\x81M\xc3\xa1s', b'\xe2\x96\x81abba', b'\xe2\x96\x81\xc3\x96r', b'mal', b'\xe2\x96\x81szob', b'\xe2\x96\x81jobb', b'el\xc3\xa9st', b'artam', b'u\xc3\xa1lis', b'\xe2\x96\x81m\xc3\xadt', b'magyar', b'felejt', b'\xe2\x96\x81r\xc3\xa9gi', b'sz\xc3\xb3lag', b'koz\xc3\xa1sa', b'szek', b'\xe2\x96\x81sar', b'ividu', b'ad\xc3\xa1shoz', b'\xe2\x96\x81\xc3\xa9rz\xc3\xa9k', b'osza', b'\xe2\x96\x81adja', b'agu\xc3\xa1r', b'\xe2\x96\x81ed', b'\xe2\x96\x81test', b'\xe2\x96\x81ejt', b'sem', b'\xe2\x96\x81j\xc3\xb3t', b'\xe2\x96\x81H\xc3\xa1rom', b'\xe2\x96\x81\xc3\xb6r', b'\xe2\x96\x81fot\xc3\xb3k', b'\xe2\x96\x81Most', b'osak', b'\xe2\x96\x81J\xc3\xa1r', b'\xe2\x96\x81\xc3\xa9des', b'\xe2\x96\x81Ebb\xc5\x91l', b'entgy', b'\xe2\x96\x81Kl', b'\xe2\x96\x811950-', b't\xc3\xa9zet', b'\xe2\x96\x811948-', b'\xe2\x96\x81emleg', b'\xc3\xadni', b'j\xc3\xa1t\xc3\xa9k', b'\xe2\x96\x81tap', b'\xe2\x96\x81Sz\xc3\xadn', b'gus', b'\xe2\x96\x81Zs', b'oldos', b'i\xc3\xa1k', b'idej\xc5\xb1', b'\xe2\x96\x81120', b'\xe2\x96\x81gyerm', b'\xe2\x96\x81James', b'\xc5\x91s', b'\xe2\x96\x81Disne', b'erek', b'esz\xc3\xbclt', b'\xe2\x96\x81k\xc3\xb6lcs\xc3\xb6n', b'z\xc3\xb6tt', b'\xe2\x96\x81mozog', b'ungel', b'\xe2\x96\x81szeret', b'\xe2\x96\x81prof', b'ron', b'\xc3\xadl', b'\xe2\x96\x8119.', b'osnan', b'anci\xc3\xa1ja', b'v\xc3\xa9re', b'edt', b'szen', b'eszt\xc5\x91', b'\xe2\x96\x81els\xc3\xbcl', b'illi\xc3\xa1rd', b'\xe2\x96\x81atom', b'\xe2\x96\x81Rich', b'\xc3\xb3pont', b'l\xc3\xa1v', b'ussal', b'\xe2\x96\x81t\xc3\xb6ri', b'or\xc3\xba', b'eg\xc3\xa9ny', b'\xc3\xb3ri', b'\xe2\x96\x81\xc3\xbcld\xc3\xb6z', b'\xe2\x96\x81motor', b'is\xc3\xa9get', b'\xe2\x96\x81Gyula', b'k\xc3\xb6znapi', b'ontos', b'\xe2\x96\x81\xc3\xa9p\xc3\xadt\xc5\x91', b'letek', b'ilv\xc3\xa1n', b'\xc3\xa9s\xc3\xa9hez', b't\xc3\xadz', b'\xe2\x96\x81lic', b'\xc3\xbcl\xc3\xa9sek', b'\xe2\x96\x81neves', b's\xc3\xa1k', b'\xe2\x96\x81r\xc3\xb6gz', b'\xc3\xadrta', b'\xe2\x96\x81foglal', b'\xe2\x96\x81d\xc3\xa1tum', b'b\xc3\xadr', b'\xe2\x96\x81napig', b'\xc3\xb6ss\xc3\xa9g', b'ebek', b'aival', b'\xe2\x96\x81foszt', b'\xc3\xa1gr\xc3\xa1bi', b'lob', b'ek\xc3\xb6vet', b'j\xc3\xa9n', b'\xe2\x96\x81v\xc3\xa9r', b'\xe2\x96\x81List', b'enz\xc3\xadv', b'\xe2\x96\x81meger', b'\xe2\x96\x81Dub', b'\xe2\x96\x81Dzur', b'\xe2\x96\x81Cseh', b'lov\xc3\xa1k', b'\xe2\x96\x81befej', b'hajt', b'\xc3\xa1ga', b'\xe2\x96\x81pr\xc3\xa1g', b'\xc3\xa1nc\xc3\xa9l', b'\xe2\x96\x81\xc3\x81ll', b'm\xc3\xa9nyt', b'\xe2\x96\x81c\xc3\xa9lz\xc3\xb3', b'\xe2\x96\x81er\xc5\x91f', b'esz\xc3\xadt\xc3\xa9s', b'\xc3\xa1\xc3\xa9p', b'\xe2\x96\x81Hol', b'\xe2\x96\x81t\xc3\xbczet', b'\xc5\x91rre', b'\xe2\x96\x81\xc3\xb6v', b'\xe2\x96\x81megs', b'\xe2\x96\x81RTS', b'\xe2\x96\x81t\xc3\xa9v\xc3\xa9', b'onc', b'eraut\xc3\xb3', b'j\xc3\xb6tt', b'biai', b'ac', b'\xe2\x96\x81elmond', b'mecs', b'asztott', b'viz', b'\xe2\x96\x81kir', b'obban', b'F', b'\xe2\x96\x81b\xc3\xadzik', b'ugtat\xc3\xb3', b'\xc3\xa1zni', b'\xe2\x96\x81Igor', b'helyett', b'ere', b'\xe2\x96\x81400', b'egyenl', b'\xc3\xadt\xc3\xa9se', b'leszt', b'z\xc3\xa9k', b'\xe2\x96\x81k\xc3\xa9rte', b'hozatal', b'\xc3\xa1j\xc3\xa1r', b'osok', b'\xe2\x96\x81d\xc3\xa9lre', b'\xe2\x96\x81mened', b'\xe2\x96\x81d\xc3\xa9lny', b'\xe2\x96\x81hev', b'helyez', b'ked\xc5\x91', b'sz\xc3\xa1ma', b'\xe2\x96\x81Kn', b'ogasson', b'ecsen', b'\xe2\x96\x81\xc3\xadg\xc3\xa9rt', b'\xe2\x96\x81fegyveres', b'utyin', b'\xc3\xa1bor\xc3\xbat', b'\xe2\x96\x81b\xc5\xb1n', b'bocs', b'avaz', b'rom', b'akt\xc3\xa1r', b'niuk', b'\xe2\x96\x81l\xc3\xa1tni', b'\xc3\xa1ig', b'exander', b'\xe2\x96\x81elfog', b'\xe2\x96\x81ver', b'\xe2\x96\x81Bud', b'onyos', b'lov\xc3\xa1kia', b'\xe2\x96\x81Szoci', b'\xe2\x96\x81Lib', b'\xe2\x96\x81Leksa', b'\xc3\xbajukat', b'\xe2\x96\x81k\xc3\xb6v', b'ettek', b'\xc3\xa9telt', b'folytat', b'j\xc3\xa9vel', b'\xe2\x96\x81Klaus', b'ozz\xc3\xa1k', b'\xc3\xa1l\xc3\xa1s\xc3\xa1t', b'\xe2\x96\x81h\xc3\xadve', b'\xe2\x96\x81nemzet', b'\xc3\xadci\xc3\xb3', b'oc', b'\xc3\xbas', b'\xe2\x96\x81Kor', b'tons\xc3\xa1g', b'semmis', b'\xe2\x96\x81kiz', b'\xe2\x96\x81zs', b'\xe2\x96\x81Szak', b'ssz', b'\xe2\x96\x81\xc3\x9asti', b'\xe2\x96\x81nad', b'\xe2\x96\x81Lab', b',8', b'\xc3\xbaz', b'\xe2\x96\x81roma', b'T', b'\xc3\xbcgyn\xc3\xb6k', b't\xc3\xb6bb', b'\xe2\x96\x81k\xc3\xb6zz\xc3\xa9', b'lak', b'\xe2\x96\x81m\xc3\xb3dos', b'encia', b'burgban', b'\xe2\x96\x8127', b'atkoz\xc3\xb3', b'\xe2\x96\x81Bundes', b'f\xc5\x91', b'\xe2\x96\x81v\xc3\xa9lik', b'\xc3\xb3lag', b'ohin', b'\xe2\x96\x81\xc3\xb3vat', b'\xe2\x96\x81szerv', b'era', b'\xe2\x96\x81nevet', b'\xe2\x96\x81titk', b'ir\xc3\xb3l', b'\xe2\x96\x81f\xc5\x91s', b'hit', b'\xe2\x96\x81adta', b'\xe2\x96\x81megf', b'egette', b'\xc3\xa1llod', b'ttest', b'oki', b'\xe2\x96\x81fia', b'eset', b'fed', b'ev\xc3\xadzi\xc3\xb3', b'\xe2\x96\x81Vil\xc3\xa1g', b'\xe2\x96\x81HIV', b'v\xc3\xadrus', b'\xe2\x96\x81eleje', b'\xc3\xbcl\xc3\xbck', b'\xe2\x96\x81dokum', b'entum', b'\xc3\xbcgg', b'an\xc3\xa9lk', b'\xc3\xbcliek', b'\xe2\x96\x81j\xc3\xb3r', b'\xe2\x96\x81300', b'\xe2\x96\x81doll', b'\xe2\x96\x81Csal', b'\xc3\xa1dok', b'esi', b'pesi', b'\xc3\xa9st\xc5\x91l', b'\xe2\x96\x81szoci', b'\xe2\x96\x81ton', b'\xe2\x96\x81s\xc3\xbaly', b'\xe2\x96\x81liber', b'\xe2\x96\x81mez\xc5\x91', b'\xe2\x96\x81uni\xc3\xb3s', b'ennyi', b'\xe2\x96\x81180', b'\xc3\xb3j\xc3\xa1n', b'nemesek', b'\xe2\x96\x81MDF', b'\xe2\x96\x814.', b'ervgy\xc3\xa1r', b',3', b'fizet', b'\xc3\xadt\xc3\xb3i', b'pari', b'\xe2\x96\x81lik', b'vid', b'ezteti', b'anci', b'gy\xc3\xa1rt', b'\xe2\x96\x81kam', b'\xe2\x96\x81hit', b'\xe2\x96\x81gy\xc3\xa1rt', b'\xe2\x96\x81Lajos', b'ed\xc5\x91', b'\xe2\x96\x811998.', b'\xe2\x96\x81pesti', b'\xe2\x96\x81Napi', b'\xe2\x96\x81APEH', b'asonl\xc3\xb3', b'\xe2\x96\x811998-', b'\xe2\x96\x81G\xc3\xa1nt', b'K\xc5\x91', b'T\xc5\x91zeg', b'\xe2\x96\x81k\xc3\xbcls\xc5\x91', b'ost\xc3\xa1rs', b'kezik', b'\xc3\xa9rdek', b'\xe2\x96\x81ideig', b'\xe2\x96\x81QI', b'\xe2\x96\x81nev\xc5\xb1', b'elsz\xc3\xa1m', b'\xe2\x96\x81cip\xc5\x91k', b'vanas', b'\xe2\x96\x81\xc3\xbcz', b'\xe2\x96\x81v\xc3\xa9tel', b'\xe2\x96\x81p\xc3\xa1ros', b'kezel\xc5\x91', b'\xe2\x96\x81P\xc3\xa9nz', b'\xe2\x96\x81\xc3\x81PTF', b'\xe2\x96\x81aug', b'usztus', b'fordult', b't\xc5\x91zs', b'd\xc3\xa9n', b'\xe2\x96\x81Br\xc3\xb3k', b'ern\xc3\xa9l', b'it\xc3\xa1si', b'\xe2\x96\x81v\xc3\xa9ge', b'\xe2\x96\x81FIK', b'r\xc3\xa9sz', b'\xe2\x96\x81\xc3\x89p\xc3\xadt\xc5\x91', b'\xc3\xa9j\xc5\xb1', b'chardt', b'\xe2\x96\x81Tibor', b'nat', b'ional', b'\xe2\x96\x81Gam', b'omot', b'\xe2\x96\x81Y', b'v\xc3\xa1rosi', b'gatlan', b'\xe2\x96\x81gy\xc5\x91ri', b'\xe2\x96\x81hazai', b'ut\xc3\xb3', b'\xe2\x96\x81R\xc3\xa1ba', b'\xe2\x96\x81olcs', b'hold', b'\xe2\x96\x81Krank', b'\xe2\x96\x81600', b'40', b'bef', b'av\xc3\xa1s\xc3\xa1r', b'\xc3\xb3s\xc3\xa1g\xc3\xa1t', b',9', b'\xe2\x96\x81v\xc3\xa9gi', b'\xe2\x96\x81t\xc5\x91k\xc3\xa9t', b'\xe2\x96\x81k\xc3\xa1rt', b'karai', b'tassa', b'ed\xc5\x91lt', b'\xe2\x96\x81ipari', b'\xe2\x96\x81eml', b'\xe2\x96\x81Tupr', b'\xe2\x96\x81Izmit', b'\xe2\x96\x81taks', b'\xc3\xa1lj\xc3\xa1k', b'\xe2\x96\x81elem', b'bank', b'\xc3\xa1t\xc3\xa1sba', b'\xc3\xbal', b'\xe2\x96\x81sz\xc3\xbck', b'\xe2\x96\x81Ankar', b'\xe2\x96\x81idei', b'ass', b'\xe2\x96\x81tb', b'\xe2\x96\x81vonul', b'\xe2\x96\x81parlam', b'enttel', b'b\xc3\xadr\xc3\xa1s', b'kod\xc3\xa1st', b'\xe2\x96\x81M\xc3\xa1rp', b'edig', b'\xe2\x96\x812002-', b'\xe2\x96\x81T\xc3\xbcrk', b'elek', b'\xe2\x96\x81b\xc3\xbaz', b'ene', b'\xe2\x96\x81sv\xc3\xa9d', b'sztambul', b'tat\xc3\xbcrk', b'\xe2\x96\x81at', b'jobb', b'orn', b'edni', b'\xc3\xa9szeti', b'senek', b'\xe2\x96\x81ossz', b'\xe2\x96\x81\xc3\xa9rzik', b'kozik', b'\xe2\x96\x81polit', b'lal', b'm\xc3\xa1nnyal', b'\xe2\x96\x81vizet', b'\xe2\x96\x81maguk', b'okr', b'amosan', b'\xe2\x96\x81kapcs', b'\xe2\x96\x81ellent\xc3\xa9t', b'n\xc3\xa9met', b'elmut', b'\xe2\x96\x81Kohl', b'\xe2\x96\x811959-', b'\xe2\x96\x81God', b'esberg', b'otts\xc3\xa1g', b'lini', b'\xc3\xa1sait', b'jeszt', b'\xe2\x96\x81Schr\xc3\xb6d', b'f\xc5\x91bb', b'i\xc3\xa1val', b'fur', b'ine', b'\xe2\x96\x81kamat', b'\xe2\x96\x81ann\xc3\xa1l', b'\xe2\x96\x81Brand', b'\xe2\x96\x81\xc5\x91riz', b'br\xc3\xbc', b'ckenben', b'\xe2\x96\x81Re', b'\xe2\x96\x81kamp', b'\xe2\x96\x81brit', b'\xe2\x96\x81megpr', b'\xc3\xa9rd', b'erte', b'\xe2\x96\x81beik', b'ek\xc3\xa9nt', b'\xe2\x96\x81eur\xc3\xb3', b'\xe2\x96\x81Jack', b'er\xc5\x91k', b'\xe2\x96\x81\xc3\xa9sz', b'oszov\xc3\xb3i', b'osovs', b'ovica', b'istin', b'enek\xc3\xbclt', b'aniuk', b'\xe2\x96\x81\xc3\xbatt', b'\xe2\x96\x81b\xc3\xa9k', b'n\xc3\xa9nek', b'istinai', b'\xe2\x96\x81Gnjil', b'nemzet', b'is\xc3\xa9g\xc5\xb1', b'\xe2\x96\x81Koszov', b'\xe2\x96\x81\xc3\xbcl\xc3\xa9se', b'gr\xc3\xa1d', b'\xe2\x96\x81folyamat', b'\xe2\x96\x81hamar', b'\xe2\x96\x81k\xc3\xb6zelm\xc3\xbalt', b'\xe2\x96\x81glob', b'dek', b'junkt\xc3\xbara', b'\xe2\x96\x81hajland', b'\xe2\x96\x81k\xc3\xb6zvet', b'egr', b'\xe2\x96\x81t\xc5\x91ke', b'\xc3\xb6v', b'eked', b'b\xc3\xb6r', b'\xe2\x96\x81inform', b'szaki', b'\xe2\x96\x81legfel', b'udap', b'egnap', b'\xc3\xb6r\xc3\xb6s', b'cek', b'\xc3\xbczd', b'\xe2\x96\x81Ig', b'k\xc3\xa9ntes', b'\xc3\xb3ta', b'\xe2\x96\x81igy', b'fl', b'lak\xc3\xa1t', b'ania', b'\xe2\x96\x81nek', b'\xe2\x96\x81Akad', b'\xe2\x96\x81f\xc3\xa9lre', b'sz\xc3\xa1nt', b'h\xc3\xa1ny', b'\xe2\x96\x81ism', b'\xe2\x96\x81bem', b'r\xc3\xa9g', b'unk\xc3\xa1sok', b'\xe2\x96\x81t\xc5\xb1zolt', b'\xe2\x96\x81t\xc5\xb1n', b'\xe2\x96\x81m\xc3\xb6g', b'\xe2\x96\x81lez', b'una', b'\xe2\x96\x81h\xc3\xb3m', b'\xc3\xa1nc', b'\xc3\xa1rca', b'\xc3\xa1rd', b'ancsnok', b'\xe2\x96\x81takar', b'olna', b'l\xc3\xa9si', b'iniszt\xc3\xa9rium', b'\xe2\x96\x81ko', b'\xe2\x96\x81b\xc3\xadz', b'iniszter', b'ivatal', b'vi', b'kocs', b'h\xc3\xb6z', b'\xe2\x96\x81g\xc3\xa9pkocsi', b'olaj', b'ozs', b'akadt', b'\xe2\x96\x81hossz', b'\xc3\xbcn', b'\xc3\xb3p\xc3\xa1ly', b'megb', b'\xc3\xbaf', b'4-', b'ej\xc5\xb1', b'\xc3\xads', b'egyed', b'\xc3\xa9b', b'\xe2\x96\x81sik', b'\xe2\x96\x81rem\xc3\xa9ny', b'lev', b'mun', b'\xe2\x96\x81ne', b'\xc5\xb1k', b'ismer', b'des', b'vos', b'aus', b'unkat', b'\xc3\xa9v\xc3\xa9n', b'olg', b'\xc3\xa1ng', b'odt', b'ck', b'\xe2\x96\x81Mi', b'egyei', b'\xe2\x96\x81t\xc3\xa1bor', b'\xc3\xb3gy', b'\xe2\x96\x81menek', b'\xe2\x96\x81k\xc3\xb3rh\xc3\xa1z', b'\xc3\xa9j', b'don', b'nal', b'\xe2\x96\x81f\xc3\xa9ny', b'\xe2\x96\x81J\xc3\xb3zs', b'onyol', b'end\xc3\xa9g', b'\xc3\xa1szl\xc3\xb3', b'von', b'szich', b'\xc3\xb6lte', b'l\xc3\xb3', b'\xc3\xa9gen', b'rig', b'\xc5\x91v', b'd\xc3\xa9k', b'aszn', b'\xe2\x96\x81bej', b'ni\xc3\xb3', b'\xc3\xa1zis', b'\xc3\xbalt', b'\xe2\x96\x81fin', b'lag', b'vas', b'igaz', b'eum', b'iber', b'\xe2\x96\x81fi', b'\xe2\x96\x81saj', b'\xc3\xa4', b'\xe2\x96\x81Fer', b'encs', b'\xc3\xa9nyeg', b'\xe2\x96\x81h\xc3\xadv', b'lin', b'\xe2\x96\x81meg\xc3\xa9r', b'\xe2\x96\x81d\xc3\xad', b'dib', b'sz\xc3\xa1zad', b'aly', b'\xe2\x96\x81t\xc3\xb6rzs', b'\xe2\x96\x81Nap', b't\xc3\xba', b'ezn', b'lam', b'\xe2\x96\x81bar', b'isk', b'iss', b'\xe2\x96\x81isz', b'sze', b'ca', b't\xc3\xa1rgyak', b'\xe2\x96\x81mu', b'zal', b'\xc3\xa9mia', b'\xe2\x96\x81kegy', b'al\xc3\xa9r', b'\xc3\xa1sba', b'uch', b'2-', b'\xe2\x96\x81Mel', b'\xe2\x96\x81tek', b'ev\xc5\x91', b'iat', b'\xc3\xa1rm', b'\xe2\x96\x81term', b'gy\xc5\xb1', b'jt', b'\xe2\x96\x81rajz', b'enne', b'foly', b'\xe2\x96\x81kult\xc3\xba', b'r\xc3\xa1k', b'\xe2\x96\x81rendk\xc3\xadv', b'b\xc3\xa1n', b'\xe2\x96\x81din', b'ep\xc3\xbcl', b'\xe2\x96\x81rep\xc3\xbcl', b'\xe2\x96\x81\xc3\xbcr', b'v\xc3\xa1', b'\xe2\x96\x81T\xc3\xb6r\xc3\xb6k', b'nev', b'olozs', b'chn', b'dr', b'\xe2\x96\x81eszt', b't\xc3\xb3ber', b'cember', b'v\xc3\xa1s\xc3\xa1r', b'\xe2\x96\x81Tam', b'\xe2\x96\x81Gr', b'al\xc3\xa1d', b'dem', b"'", b'yer', b'\xe2\x96\x81ang', b'film', b'v\xc3\xadr', b'P', b'\xc3\xa1tt', b'\xe2\x96\x81kedd', b'\xc3\xa1bor', b'\xc3\xb6zben', b'\xe2\x96\x81\xc3\xa9rv\xc3\xa9ny', b'orv\xc3\xa1t', b'\xc3\xbaly', b'\xe2\x96\x81Tudj', b'ilap', b'f\xc3\xba', b'ash', b'nj', b'oldal', b'\xe2\x96\x81l\xc3\xa9l', b'v\xc3\xa1lt\xc3\xa1s', b'\xe2\x96\x81ratifik', b'ergia', b'O', b'R', b'\xe2\x96\x81legut', b'\xe2\x96\x81kan', b'\xe2\x96\x81K\xc3\xbcl', b'\xe2\x96\x81n\xc3\xa9', b'\xe2\x96\x81\xc3\xbcl\xc3\xa9s', b'\xc3\xa1rmaz', b'\xe2\x96\x81jellem', b'bev', b'oszk', b'enki', b'\xc3\xbcz', b'\xe2\x96\x8135', b'orv', b'\xc3\xa9v\xc5\x91', b'\xe2\x96\x81fegyv', b'\xe2\x96\x81Vl', b'\xe2\x96\x81Grozni', b'\xe2\x96\x81els', b'\xe2\x96\x81aut\xc3\xb3b', b'gyan', b'\xc3\xa1ldemokrat', b'oslav', b'emek', b'abinet', b'ism', b'kezd', b'\xc3\xa1bbi', b'ov\xc3\xa1bb', b'incs', b'ajos', b'sg', b'I', b'uszt', b'\xe2\x96\x81megfont', b's\xc3\xa9k', b'ajt', b'\xe2\x96\x81tev', b'\xe2\x96\x81katon', b'\xe2\x96\x81elej', b'\xe2\x96\x81list', b'\xe2\x96\x81egy\xc3\xbcttm\xc5\xb1', b'k\xc3\xb6d', b'ifik', b'\xe2\x96\x81imm', b'\xe2\x96\x81Fran', b'\xc3\xa1bban', b'\xe2\x96\x81k\xc3\xb3r', b'ogyaszt', b'ev\xc3\xa9sb\xc3\xa9', b'\xc3\xa9sb\xc3\xa9', b'v\xc3\xa1j', b'\xc3\xbcli', b'8-', b'burg', b'r\xc3\xb3f', b'\xc3\xbanius', b'amb', b'erv', b'if', b'ukci\xc3\xb3', b'amat', b'\xe2\x96\x81h\xc3\xa9tf\xc5\x91', b'\xe2\x96\x81\xc3\x9a', b'galmaz', b'SZ', b'ulajdon', b'sti', b'essz', b'\xc5\x91zeg', b'\xc3\xa1s\xc3\xa1r', b'ivat', b'\xe2\x96\x81tal', b'izet', b'tat\xc3\xb3', b't\xc5\x91k', b'\xe2\x96\x81k\xc3\xb6zz', b'\xe2\x96\x81Tib', b'\xe2\x96\x811998', b'v\xc5\x91', b'gy\xc3\xa1r', b'B', b'ft', b'\xc3\x81', b'ap\xc3\xadr', b'\xe2\x96\x81k\xc3\xb6zgy\xc5\xb1', b'al\xc3\xa9k', b'\xc3\xbattal', b'g\xc3\xa1', b'alan', b'me', b'\xe2\x96\x81part', b'\xe2\x96\x81f\xc3\xb6ld', b'moz', b'\xe2\x96\x81milli', b'\xe2\x96\x81k\xc3\xb6lts\xc3\xa9g', b'\xe2\x96\x81s\xc3\xbajt', b'\xe2\x96\x81befoly', b'\xe2\x96\x81k\xc3\xb6lcs', b'\xe2\x96\x81eur', b'enger', b'enl', b'\xc3\xa1llapod', b'\xe2\x96\x81f\xc3\xb6ldreng', b'ttel', b'tos', b't\xc3\xbara', b'\xe2\x96\x81rest', b'\xe2\x96\x81egym', b'zmit', b'ozni', b'eg\xc3\xa9sz', b'aliz\xc3\xa1ci\xc3\xb3', b'tabil', b'\xe2\x96\x81igyek', b'y\xc3\xa1s', b'oha', b'\xe2\x96\x81M\xc3\xa9g', b'\xe2\x96\x81katasztr\xc3\xb3f', b'ozz', b'olit', b'el\xc5\x91re', b'\xe2\x96\x81N\xc3\xa9met', b'\xe2\x96\x81j\xc3\xb6n', b'fontos', b'sp', b'\xe2\x96\x81hivat', b'and', b'J', b'ogram', b'"', b'emel\xc3\xa9s', b'\xe2\x96\x81infl', b'\xe2\x96\x81takar\xc3\xa9k', b'rank', b'sz\xc3\xb6n', b's\xc5\x91', b'hard', b'omag', b'kar', b'ondon', b'enben', b'eptember', b'\xe2\x96\x81Weltek', b'oly', b'titk', b'N', b'IK', b'\xe2\x96\x81\xc3\xa1ld', b'\xe2\x96\x81megkezd', b'\xe2\x96\x81Orahovac', b'd\xc3\xb6z', b'land', b'\xe2\x96\x81r\xc3\xb6g', b'hov', b'\xe2\x96\x81sz\xc3\xa9khely', b'\xc5\x91tt', b'esz\xc3\xa9l\xc3\xa9s', b'\xe2\x96\x81\xc3\xa9rdekl\xc5\x91d', b'enz', b'\xc3\xa1ltat', b'assa', b'meneti', b'oztatta', b'nagy', b'C', b'\xc3\xa9mi']
2025-12-22 22:28:31,807 vocabulary size of 4538
2025-12-22 22:28:31,833 SequenceTagger predicts: Dictionary with 19 tags: <PAD>, NOUN, PUNCT, ADJ, DET, VERB, ADV, PROPN, CCONJ, PRON, NUM, ADP, SCONJ, AUX, PART, X, INTJ, <START>, <STOP>
2025-12-22 22:28:33,720 
Results:
- F-score (micro) 0.9509
- F-score (macro) 0.793
- Accuracy 0.9509

By class:
              precision    recall  f1-score   support

       <PAD>     0.9993    0.9964    0.9979     10266
        NOUN     0.8992    0.8760    0.8874      2362
       PUNCT     0.9986    0.9966    0.9976      1479
         ADJ     0.8215    0.8497    0.8354      1311
         DET     0.9480    0.9802    0.9638      1264
        VERB     0.8842    0.8975    0.8908       927
         ADV     0.8882    0.8452    0.8661       846
       PROPN     0.8339    0.9307    0.8796       750
       CCONJ     0.9493    0.9393    0.9443       478
         NUM     0.9100    0.8806    0.8951       310
        PRON     0.8289    0.7390    0.7814       295
         ADP     0.9323    0.9086    0.9203       197
       SCONJ     0.9557    0.9497    0.9527       159
         AUX     0.8200    0.8039    0.8119        51
        PART     0.7895    0.9375    0.8571        16
           X     0.0000    0.0000    0.0000         2
        INTJ     0.0000    0.0000    0.0000         1

    accuracy                         0.9509     20714
   macro avg     0.7917    0.7959    0.7930     20714
weighted avg     0.9511    0.9509    0.9508     20714

2025-12-22 22:28:33,720 ----------------------------------------------------------------------------------------------------
