2025-11-18 09:27:23,663 ----------------------------------------------------------------------------------------------------
2025-11-18 09:27:23,663 Model: "SequenceTagger(
  (embeddings): StackedEmbeddings(
    (list_embedding_0): WordEmbeddings(
      'glove'
      (embedding): Embedding(400001, 100)
    )
  )
  (word_dropout): WordDropout(p=0.05)
  (locked_dropout): LockedDropout(p=0.5)
  (embedding2nn): Linear(in_features=100, out_features=100, bias=True)
  (rnn): LSTM(100, 256, batch_first=True, bidirectional=True)
  (linear): Linear(in_features=512, out_features=20, bias=True)
  (loss_function): ViterbiLoss()
  (crf): CRF()
)"
2025-11-18 09:27:23,663 ----------------------------------------------------------------------------------------------------
2025-11-18 09:27:23,664 Corpus: 5444 train + 833 dev + 913 test sentences
2025-11-18 09:27:23,664 ----------------------------------------------------------------------------------------------------
2025-11-18 09:27:23,664 Train:  5444 sentences
2025-11-18 09:27:23,664         (train_with_dev=False, train_with_test=False)
2025-11-18 09:27:23,664 ----------------------------------------------------------------------------------------------------
2025-11-18 09:27:23,664 Training Params:
2025-11-18 09:27:23,664  - learning_rate: "0.1" 
2025-11-18 09:27:23,664  - mini_batch_size: "32"
2025-11-18 09:27:23,664  - max_epochs: "150"
2025-11-18 09:27:23,664  - shuffle: "True"
2025-11-18 09:27:23,664 ----------------------------------------------------------------------------------------------------
2025-11-18 09:27:23,664 Plugins:
2025-11-18 09:27:23,664  - AnnealOnPlateau | patience: '3', anneal_factor: '0.5', min_learning_rate: '0.0001'
2025-11-18 09:27:23,664 ----------------------------------------------------------------------------------------------------
2025-11-18 09:27:23,664 Final evaluation on model from best epoch (best-model.pt)
2025-11-18 09:27:23,664  - metric: "('micro avg', 'f1-score')"
2025-11-18 09:27:23,664 ----------------------------------------------------------------------------------------------------
2025-11-18 09:27:23,664 Computation:
2025-11-18 09:27:23,664  - compute on device: cpu
2025-11-18 09:27:23,664  - embedding storage: cpu
2025-11-18 09:27:23,664 ----------------------------------------------------------------------------------------------------
2025-11-18 09:27:23,664 Model training base path: "models/pos_obpe"
2025-11-18 09:27:23,664 ----------------------------------------------------------------------------------------------------
2025-11-18 09:27:23,664 ----------------------------------------------------------------------------------------------------
2025-11-18 09:27:26,376 epoch 1 - iter 17/171 - loss 2.51277331 - time (sec): 2.71 - samples/sec: 4028.81 - lr: 0.100000 - momentum: 0.000000
2025-11-18 09:27:29,975 epoch 1 - iter 34/171 - loss 2.35841290 - time (sec): 6.31 - samples/sec: 3581.00 - lr: 0.100000 - momentum: 0.000000
2025-11-18 09:27:33,402 epoch 1 - iter 51/171 - loss 2.25005603 - time (sec): 9.74 - samples/sec: 3487.93 - lr: 0.100000 - momentum: 0.000000
2025-11-18 09:27:36,318 epoch 1 - iter 68/171 - loss 2.17725335 - time (sec): 12.65 - samples/sec: 3592.71 - lr: 0.100000 - momentum: 0.000000
2025-11-18 09:27:39,674 epoch 1 - iter 85/171 - loss 2.11342403 - time (sec): 16.01 - samples/sec: 3562.07 - lr: 0.100000 - momentum: 0.000000
2025-11-18 09:27:43,644 epoch 1 - iter 102/171 - loss 2.06183386 - time (sec): 19.98 - samples/sec: 3474.87 - lr: 0.100000 - momentum: 0.000000
2025-11-18 09:27:46,535 epoch 1 - iter 119/171 - loss 2.01962463 - time (sec): 22.87 - samples/sec: 3520.00 - lr: 0.100000 - momentum: 0.000000
2025-11-18 09:27:49,667 epoch 1 - iter 136/171 - loss 1.98387435 - time (sec): 26.00 - samples/sec: 3535.80 - lr: 0.100000 - momentum: 0.000000
2025-11-18 09:27:53,501 epoch 1 - iter 153/171 - loss 1.95127237 - time (sec): 29.84 - samples/sec: 3486.91 - lr: 0.100000 - momentum: 0.000000
2025-11-18 09:27:57,038 epoch 1 - iter 170/171 - loss 1.92960436 - time (sec): 33.37 - samples/sec: 3475.52 - lr: 0.100000 - momentum: 0.000000
2025-11-18 09:27:57,144 ----------------------------------------------------------------------------------------------------
2025-11-18 09:27:57,144 EPOCH 1 done: loss 1.9293 - lr: 0.100000
2025-11-18 09:27:59,842 DEV : loss 1.6776541471481323 - f1-score (micro avg)  0.1435
2025-11-18 09:27:59,865  - 0 epochs without improvement
2025-11-18 09:27:59,865 saving best model
2025-11-18 09:28:00,527 ----------------------------------------------------------------------------------------------------
2025-11-18 09:28:03,520 epoch 2 - iter 17/171 - loss 1.68986022 - time (sec): 2.99 - samples/sec: 3719.40 - lr: 0.100000 - momentum: 0.000000
2025-11-18 09:28:06,612 epoch 2 - iter 34/171 - loss 1.68091565 - time (sec): 6.08 - samples/sec: 3694.94 - lr: 0.100000 - momentum: 0.000000
2025-11-18 09:28:09,585 epoch 2 - iter 51/171 - loss 1.66594418 - time (sec): 9.06 - samples/sec: 3684.13 - lr: 0.100000 - momentum: 0.000000
2025-11-18 09:28:14,350 epoch 2 - iter 68/171 - loss 1.66518992 - time (sec): 13.82 - samples/sec: 3293.45 - lr: 0.100000 - momentum: 0.000000
2025-11-18 09:28:17,992 epoch 2 - iter 85/171 - loss 1.65955230 - time (sec): 17.46 - samples/sec: 3288.17 - lr: 0.100000 - momentum: 0.000000
2025-11-18 09:28:21,540 epoch 2 - iter 102/171 - loss 1.65449296 - time (sec): 21.01 - samples/sec: 3295.02 - lr: 0.100000 - momentum: 0.000000
2025-11-18 09:28:24,982 epoch 2 - iter 119/171 - loss 1.65050553 - time (sec): 24.45 - samples/sec: 3316.55 - lr: 0.100000 - momentum: 0.000000
2025-11-18 09:28:29,125 epoch 2 - iter 136/171 - loss 1.64619112 - time (sec): 28.60 - samples/sec: 3237.80 - lr: 0.100000 - momentum: 0.000000
2025-11-18 09:28:32,208 epoch 2 - iter 153/171 - loss 1.63940652 - time (sec): 31.68 - samples/sec: 3291.00 - lr: 0.100000 - momentum: 0.000000
2025-11-18 09:28:35,433 epoch 2 - iter 170/171 - loss 1.63868345 - time (sec): 34.90 - samples/sec: 3323.83 - lr: 0.100000 - momentum: 0.000000
2025-11-18 09:28:35,539 ----------------------------------------------------------------------------------------------------
2025-11-18 09:28:35,539 EPOCH 2 done: loss 1.6391 - lr: 0.100000
2025-11-18 09:28:37,451 DEV : loss 1.5857486724853516 - f1-score (micro avg)  0.1175
2025-11-18 09:28:37,475  - 1 epochs without improvement
2025-11-18 09:28:37,475 ----------------------------------------------------------------------------------------------------
2025-11-18 09:28:40,703 epoch 3 - iter 17/171 - loss 1.59894796 - time (sec): 3.23 - samples/sec: 3526.15 - lr: 0.100000 - momentum: 0.000000
2025-11-18 09:28:43,928 epoch 3 - iter 34/171 - loss 1.60473980 - time (sec): 6.45 - samples/sec: 3531.38 - lr: 0.100000 - momentum: 0.000000
2025-11-18 09:28:46,964 epoch 3 - iter 51/171 - loss 1.58834240 - time (sec): 9.49 - samples/sec: 3610.75 - lr: 0.100000 - momentum: 0.000000
2025-11-18 09:28:51,010 epoch 3 - iter 68/171 - loss 1.58558800 - time (sec): 13.53 - samples/sec: 3424.89 - lr: 0.100000 - momentum: 0.000000
2025-11-18 09:28:54,634 epoch 3 - iter 85/171 - loss 1.58261350 - time (sec): 17.16 - samples/sec: 3359.42 - lr: 0.100000 - momentum: 0.000000
2025-11-18 09:28:58,000 epoch 3 - iter 102/171 - loss 1.58245196 - time (sec): 20.52 - samples/sec: 3355.71 - lr: 0.100000 - momentum: 0.000000
2025-11-18 09:29:01,695 epoch 3 - iter 119/171 - loss 1.58393197 - time (sec): 24.22 - samples/sec: 3339.20 - lr: 0.100000 - momentum: 0.000000
2025-11-18 09:29:05,073 epoch 3 - iter 136/171 - loss 1.58206588 - time (sec): 27.60 - samples/sec: 3346.93 - lr: 0.100000 - momentum: 0.000000
2025-11-18 09:29:08,589 epoch 3 - iter 153/171 - loss 1.58206920 - time (sec): 31.11 - samples/sec: 3348.26 - lr: 0.100000 - momentum: 0.000000
2025-11-18 09:29:12,222 epoch 3 - iter 170/171 - loss 1.58368202 - time (sec): 34.75 - samples/sec: 3339.29 - lr: 0.100000 - momentum: 0.000000
2025-11-18 09:29:12,274 ----------------------------------------------------------------------------------------------------
2025-11-18 09:29:12,274 EPOCH 3 done: loss 1.5835 - lr: 0.100000
2025-11-18 09:29:14,182 DEV : loss 1.5507564544677734 - f1-score (micro avg)  0.1235
2025-11-18 09:29:14,206  - 2 epochs without improvement
2025-11-18 09:29:14,207 ----------------------------------------------------------------------------------------------------
2025-11-18 09:29:17,819 epoch 4 - iter 17/171 - loss 1.57970400 - time (sec): 3.61 - samples/sec: 3193.72 - lr: 0.100000 - momentum: 0.000000
2025-11-18 09:29:20,599 epoch 4 - iter 34/171 - loss 1.57604828 - time (sec): 6.39 - samples/sec: 3454.70 - lr: 0.100000 - momentum: 0.000000
2025-11-18 09:29:24,172 epoch 4 - iter 51/171 - loss 1.57489349 - time (sec): 9.96 - samples/sec: 3362.74 - lr: 0.100000 - momentum: 0.000000
2025-11-18 09:29:27,338 epoch 4 - iter 68/171 - loss 1.56063100 - time (sec): 13.13 - samples/sec: 3381.36 - lr: 0.100000 - momentum: 0.000000
2025-11-18 09:29:31,123 epoch 4 - iter 85/171 - loss 1.55674757 - time (sec): 16.92 - samples/sec: 3337.92 - lr: 0.100000 - momentum: 0.000000
2025-11-18 09:29:37,861 epoch 4 - iter 102/171 - loss 1.55703256 - time (sec): 23.65 - samples/sec: 2880.31 - lr: 0.100000 - momentum: 0.000000
2025-11-18 09:29:42,626 epoch 4 - iter 119/171 - loss 1.55434912 - time (sec): 28.42 - samples/sec: 2831.27 - lr: 0.100000 - momentum: 0.000000
2025-11-18 09:29:46,683 epoch 4 - iter 136/171 - loss 1.55425511 - time (sec): 32.48 - samples/sec: 2839.42 - lr: 0.100000 - momentum: 0.000000
2025-11-18 09:29:52,432 epoch 4 - iter 153/171 - loss 1.55297857 - time (sec): 38.22 - samples/sec: 2729.28 - lr: 0.100000 - momentum: 0.000000
2025-11-18 09:29:57,427 epoch 4 - iter 170/171 - loss 1.55194541 - time (sec): 43.22 - samples/sec: 2684.82 - lr: 0.100000 - momentum: 0.000000
2025-11-18 09:29:57,508 ----------------------------------------------------------------------------------------------------
2025-11-18 09:29:57,508 EPOCH 4 done: loss 1.5519 - lr: 0.100000
2025-11-18 09:29:59,682 DEV : loss 1.5080426931381226 - f1-score (micro avg)  0.2498
2025-11-18 09:29:59,708  - 0 epochs without improvement
2025-11-18 09:29:59,708 saving best model
2025-11-18 09:30:00,468 ----------------------------------------------------------------------------------------------------
2025-11-18 09:30:04,372 epoch 5 - iter 17/171 - loss 1.55846691 - time (sec): 3.90 - samples/sec: 2813.03 - lr: 0.100000 - momentum: 0.000000
2025-11-18 09:30:08,682 epoch 5 - iter 34/171 - loss 1.54762740 - time (sec): 8.21 - samples/sec: 2841.43 - lr: 0.100000 - momentum: 0.000000
2025-11-18 09:30:12,809 epoch 5 - iter 51/171 - loss 1.53971028 - time (sec): 12.34 - samples/sec: 2825.46 - lr: 0.100000 - momentum: 0.000000
2025-11-18 09:30:17,180 epoch 5 - iter 68/171 - loss 1.53410658 - time (sec): 16.71 - samples/sec: 2809.75 - lr: 0.100000 - momentum: 0.000000
2025-11-18 09:30:21,575 epoch 5 - iter 85/171 - loss 1.53103311 - time (sec): 21.11 - samples/sec: 2772.79 - lr: 0.100000 - momentum: 0.000000
2025-11-18 09:30:25,048 epoch 5 - iter 102/171 - loss 1.52899582 - time (sec): 24.58 - samples/sec: 2829.49 - lr: 0.100000 - momentum: 0.000000
2025-11-18 09:30:28,928 epoch 5 - iter 119/171 - loss 1.53049870 - time (sec): 28.46 - samples/sec: 2848.80 - lr: 0.100000 - momentum: 0.000000
2025-11-18 09:30:33,423 epoch 5 - iter 136/171 - loss 1.53384775 - time (sec): 32.96 - samples/sec: 2814.18 - lr: 0.100000 - momentum: 0.000000
2025-11-18 09:30:37,711 epoch 5 - iter 153/171 - loss 1.52826837 - time (sec): 37.24 - samples/sec: 2786.60 - lr: 0.100000 - momentum: 0.000000
2025-11-18 09:30:44,198 epoch 5 - iter 170/171 - loss 1.52998174 - time (sec): 43.73 - samples/sec: 2654.59 - lr: 0.100000 - momentum: 0.000000
2025-11-18 09:30:44,258 ----------------------------------------------------------------------------------------------------
2025-11-18 09:30:44,258 EPOCH 5 done: loss 1.5300 - lr: 0.100000
2025-11-18 09:30:46,807 DEV : loss 1.5049470663070679 - f1-score (micro avg)  0.1577
2025-11-18 09:30:46,834  - 1 epochs without improvement
2025-11-18 09:30:46,835 ----------------------------------------------------------------------------------------------------
2025-11-18 09:30:52,120 epoch 6 - iter 17/171 - loss 1.51757880 - time (sec): 5.28 - samples/sec: 2228.66 - lr: 0.100000 - momentum: 0.000000
2025-11-18 09:30:57,776 epoch 6 - iter 34/171 - loss 1.51778998 - time (sec): 10.94 - samples/sec: 2180.06 - lr: 0.100000 - momentum: 0.000000
2025-11-18 09:31:02,610 epoch 6 - iter 51/171 - loss 1.53156701 - time (sec): 15.77 - samples/sec: 2242.26 - lr: 0.100000 - momentum: 0.000000
2025-11-18 09:31:07,106 epoch 6 - iter 68/171 - loss 1.52134236 - time (sec): 20.27 - samples/sec: 2317.45 - lr: 0.100000 - momentum: 0.000000
2025-11-18 09:31:11,467 epoch 6 - iter 85/171 - loss 1.51989062 - time (sec): 24.63 - samples/sec: 2342.41 - lr: 0.100000 - momentum: 0.000000
2025-11-18 09:31:16,896 epoch 6 - iter 102/171 - loss 1.51956045 - time (sec): 30.06 - samples/sec: 2304.93 - lr: 0.100000 - momentum: 0.000000
2025-11-18 09:31:21,908 epoch 6 - iter 119/171 - loss 1.52096059 - time (sec): 35.07 - samples/sec: 2302.56 - lr: 0.100000 - momentum: 0.000000
2025-11-18 09:31:27,184 epoch 6 - iter 136/171 - loss 1.51767450 - time (sec): 40.35 - samples/sec: 2299.34 - lr: 0.100000 - momentum: 0.000000
2025-11-18 09:31:32,734 epoch 6 - iter 153/171 - loss 1.51635527 - time (sec): 45.90 - samples/sec: 2276.45 - lr: 0.100000 - momentum: 0.000000
2025-11-18 09:31:37,677 epoch 6 - iter 170/171 - loss 1.51555112 - time (sec): 50.84 - samples/sec: 2283.20 - lr: 0.100000 - momentum: 0.000000
2025-11-18 09:31:37,738 ----------------------------------------------------------------------------------------------------
2025-11-18 09:31:37,738 EPOCH 6 done: loss 1.5155 - lr: 0.100000
2025-11-18 09:31:42,037 DEV : loss 1.477431058883667 - f1-score (micro avg)  0.2318
2025-11-18 09:31:42,073  - 2 epochs without improvement
2025-11-18 09:31:42,074 ----------------------------------------------------------------------------------------------------
2025-11-18 09:31:47,201 epoch 7 - iter 17/171 - loss 1.48503567 - time (sec): 5.13 - samples/sec: 2155.31 - lr: 0.100000 - momentum: 0.000000
2025-11-18 09:31:52,937 epoch 7 - iter 34/171 - loss 1.49485176 - time (sec): 10.86 - samples/sec: 2059.38 - lr: 0.100000 - momentum: 0.000000
2025-11-18 09:31:58,257 epoch 7 - iter 51/171 - loss 1.49897698 - time (sec): 16.18 - samples/sec: 2117.46 - lr: 0.100000 - momentum: 0.000000
2025-11-18 09:32:04,112 epoch 7 - iter 68/171 - loss 1.50612140 - time (sec): 22.04 - samples/sec: 2101.49 - lr: 0.100000 - momentum: 0.000000
2025-11-18 09:32:08,942 epoch 7 - iter 85/171 - loss 1.50826393 - time (sec): 26.87 - samples/sec: 2136.12 - lr: 0.100000 - momentum: 0.000000
2025-11-18 09:32:13,396 epoch 7 - iter 102/171 - loss 1.50821738 - time (sec): 31.32 - samples/sec: 2196.96 - lr: 0.100000 - momentum: 0.000000
2025-11-18 09:32:19,092 epoch 7 - iter 119/171 - loss 1.50531979 - time (sec): 37.02 - samples/sec: 2179.65 - lr: 0.100000 - momentum: 0.000000
2025-11-18 09:32:24,078 epoch 7 - iter 136/171 - loss 1.50599521 - time (sec): 42.00 - samples/sec: 2211.77 - lr: 0.100000 - momentum: 0.000000
2025-11-18 09:32:29,121 epoch 7 - iter 153/171 - loss 1.50864241 - time (sec): 47.05 - samples/sec: 2214.62 - lr: 0.100000 - momentum: 0.000000
2025-11-18 09:32:34,697 epoch 7 - iter 170/171 - loss 1.50723490 - time (sec): 52.62 - samples/sec: 2206.18 - lr: 0.100000 - momentum: 0.000000
2025-11-18 09:32:34,763 ----------------------------------------------------------------------------------------------------
2025-11-18 09:32:34,763 EPOCH 7 done: loss 1.5074 - lr: 0.100000
2025-11-18 09:32:37,330 DEV : loss 1.4706190824508667 - f1-score (micro avg)  0.2471
2025-11-18 09:32:37,359  - 3 epochs without improvement
2025-11-18 09:32:37,360 ----------------------------------------------------------------------------------------------------
2025-11-18 09:32:42,688 epoch 8 - iter 17/171 - loss 1.50809630 - time (sec): 5.33 - samples/sec: 2184.06 - lr: 0.100000 - momentum: 0.000000
2025-11-18 09:32:47,310 epoch 8 - iter 34/171 - loss 1.51634759 - time (sec): 9.95 - samples/sec: 2307.64 - lr: 0.100000 - momentum: 0.000000
2025-11-18 09:32:52,857 epoch 8 - iter 51/171 - loss 1.49345997 - time (sec): 15.50 - samples/sec: 2264.85 - lr: 0.100000 - momentum: 0.000000
2025-11-18 09:32:58,546 epoch 8 - iter 68/171 - loss 1.49956100 - time (sec): 21.19 - samples/sec: 2243.89 - lr: 0.100000 - momentum: 0.000000
2025-11-18 09:33:04,216 epoch 8 - iter 85/171 - loss 1.50147707 - time (sec): 26.85 - samples/sec: 2216.50 - lr: 0.100000 - momentum: 0.000000
2025-11-18 09:33:09,529 epoch 8 - iter 102/171 - loss 1.50050334 - time (sec): 32.17 - samples/sec: 2214.62 - lr: 0.100000 - momentum: 0.000000
2025-11-18 09:33:14,317 epoch 8 - iter 119/171 - loss 1.49966357 - time (sec): 36.96 - samples/sec: 2216.96 - lr: 0.100000 - momentum: 0.000000
2025-11-18 09:33:20,428 epoch 8 - iter 136/171 - loss 1.49686641 - time (sec): 43.07 - samples/sec: 2174.73 - lr: 0.100000 - momentum: 0.000000
2025-11-18 09:33:25,936 epoch 8 - iter 153/171 - loss 1.49553258 - time (sec): 48.58 - samples/sec: 2154.69 - lr: 0.100000 - momentum: 0.000000
2025-11-18 09:33:30,942 epoch 8 - iter 170/171 - loss 1.49918829 - time (sec): 53.58 - samples/sec: 2165.54 - lr: 0.100000 - momentum: 0.000000
2025-11-18 09:33:31,040 ----------------------------------------------------------------------------------------------------
2025-11-18 09:33:31,040 EPOCH 8 done: loss 1.4992 - lr: 0.100000
2025-11-18 09:33:33,437 DEV : loss 1.4969075918197632 - f1-score (micro avg)  0.2556
2025-11-18 09:33:33,461  - 0 epochs without improvement
2025-11-18 09:33:33,463 saving best model
2025-11-18 09:33:34,142 ----------------------------------------------------------------------------------------------------
2025-11-18 09:33:39,953 epoch 9 - iter 17/171 - loss 1.52252081 - time (sec): 5.81 - samples/sec: 2061.01 - lr: 0.100000 - momentum: 0.000000
2025-11-18 09:33:45,728 epoch 9 - iter 34/171 - loss 1.50151254 - time (sec): 11.59 - samples/sec: 2051.04 - lr: 0.100000 - momentum: 0.000000
2025-11-18 09:33:50,618 epoch 9 - iter 51/171 - loss 1.49459462 - time (sec): 16.48 - samples/sec: 2138.62 - lr: 0.100000 - momentum: 0.000000
2025-11-18 09:33:56,669 epoch 9 - iter 68/171 - loss 1.49320582 - time (sec): 22.53 - samples/sec: 2093.59 - lr: 0.100000 - momentum: 0.000000
2025-11-18 09:34:03,026 epoch 9 - iter 85/171 - loss 1.49194388 - time (sec): 28.88 - samples/sec: 2027.08 - lr: 0.100000 - momentum: 0.000000
2025-11-18 09:34:09,428 epoch 9 - iter 102/171 - loss 1.49264989 - time (sec): 35.29 - samples/sec: 1988.85 - lr: 0.100000 - momentum: 0.000000
2025-11-18 09:34:14,758 epoch 9 - iter 119/171 - loss 1.49317403 - time (sec): 40.62 - samples/sec: 2013.33 - lr: 0.100000 - momentum: 0.000000
2025-11-18 09:34:19,815 epoch 9 - iter 136/171 - loss 1.49297685 - time (sec): 45.67 - samples/sec: 2041.56 - lr: 0.100000 - momentum: 0.000000
2025-11-18 09:34:25,209 epoch 9 - iter 153/171 - loss 1.49108901 - time (sec): 51.07 - samples/sec: 2049.71 - lr: 0.100000 - momentum: 0.000000
2025-11-18 09:34:31,014 epoch 9 - iter 170/171 - loss 1.49194505 - time (sec): 56.87 - samples/sec: 2040.83 - lr: 0.100000 - momentum: 0.000000
2025-11-18 09:34:31,086 ----------------------------------------------------------------------------------------------------
2025-11-18 09:34:31,086 EPOCH 9 done: loss 1.4919 - lr: 0.100000
2025-11-18 09:34:33,925 DEV : loss 1.4835450649261475 - f1-score (micro avg)  0.2317
2025-11-18 09:34:33,953  - 1 epochs without improvement
2025-11-18 09:34:33,954 ----------------------------------------------------------------------------------------------------
2025-11-18 09:34:40,085 epoch 10 - iter 17/171 - loss 1.48718301 - time (sec): 6.13 - samples/sec: 1878.96 - lr: 0.100000 - momentum: 0.000000
2025-11-18 09:34:45,876 epoch 10 - iter 34/171 - loss 1.48946625 - time (sec): 11.92 - samples/sec: 1944.74 - lr: 0.100000 - momentum: 0.000000
2025-11-18 09:34:51,528 epoch 10 - iter 51/171 - loss 1.48280659 - time (sec): 17.57 - samples/sec: 1942.89 - lr: 0.100000 - momentum: 0.000000
2025-11-18 09:34:58,361 epoch 10 - iter 68/171 - loss 1.48733632 - time (sec): 24.41 - samples/sec: 1879.44 - lr: 0.100000 - momentum: 0.000000
2025-11-18 09:35:04,550 epoch 10 - iter 85/171 - loss 1.48518944 - time (sec): 30.60 - samples/sec: 1879.92 - lr: 0.100000 - momentum: 0.000000
2025-11-18 09:35:10,581 epoch 10 - iter 102/171 - loss 1.48781929 - time (sec): 36.63 - samples/sec: 1887.65 - lr: 0.100000 - momentum: 0.000000
2025-11-18 09:35:16,632 epoch 10 - iter 119/171 - loss 1.48827786 - time (sec): 42.68 - samples/sec: 1910.94 - lr: 0.100000 - momentum: 0.000000
2025-11-18 09:35:22,371 epoch 10 - iter 136/171 - loss 1.48480797 - time (sec): 48.42 - samples/sec: 1927.55 - lr: 0.100000 - momentum: 0.000000
2025-11-18 09:35:27,792 epoch 10 - iter 153/171 - loss 1.48694476 - time (sec): 53.84 - samples/sec: 1951.76 - lr: 0.100000 - momentum: 0.000000
2025-11-18 09:35:33,676 epoch 10 - iter 170/171 - loss 1.48866920 - time (sec): 59.72 - samples/sec: 1943.80 - lr: 0.100000 - momentum: 0.000000
2025-11-18 09:35:33,792 ----------------------------------------------------------------------------------------------------
2025-11-18 09:35:33,792 EPOCH 10 done: loss 1.4887 - lr: 0.100000
2025-11-18 09:35:36,902 DEV : loss 1.4757633209228516 - f1-score (micro avg)  0.243
2025-11-18 09:35:36,929  - 2 epochs without improvement
2025-11-18 09:35:36,930 ----------------------------------------------------------------------------------------------------
2025-11-18 09:35:43,603 epoch 11 - iter 17/171 - loss 1.51666551 - time (sec): 6.67 - samples/sec: 1721.89 - lr: 0.100000 - momentum: 0.000000
2025-11-18 09:35:50,533 epoch 11 - iter 34/171 - loss 1.49636917 - time (sec): 13.60 - samples/sec: 1765.40 - lr: 0.100000 - momentum: 0.000000
2025-11-18 09:35:57,455 epoch 11 - iter 51/171 - loss 1.49787750 - time (sec): 20.52 - samples/sec: 1753.88 - lr: 0.100000 - momentum: 0.000000
2025-11-18 09:36:03,595 epoch 11 - iter 68/171 - loss 1.49716955 - time (sec): 26.66 - samples/sec: 1780.79 - lr: 0.100000 - momentum: 0.000000
2025-11-18 09:36:10,298 epoch 11 - iter 85/171 - loss 1.49633821 - time (sec): 33.37 - samples/sec: 1773.62 - lr: 0.100000 - momentum: 0.000000
2025-11-18 09:36:15,493 epoch 11 - iter 102/171 - loss 1.49662100 - time (sec): 38.56 - samples/sec: 1819.01 - lr: 0.100000 - momentum: 0.000000
2025-11-18 09:36:21,098 epoch 11 - iter 119/171 - loss 1.49411566 - time (sec): 44.17 - samples/sec: 1837.71 - lr: 0.100000 - momentum: 0.000000
2025-11-18 09:36:26,332 epoch 11 - iter 136/171 - loss 1.49036732 - time (sec): 49.40 - samples/sec: 1880.11 - lr: 0.100000 - momentum: 0.000000
2025-11-18 09:36:32,416 epoch 11 - iter 153/171 - loss 1.48976503 - time (sec): 55.49 - samples/sec: 1887.92 - lr: 0.100000 - momentum: 0.000000
2025-11-18 09:36:37,217 epoch 11 - iter 170/171 - loss 1.48880169 - time (sec): 60.29 - samples/sec: 1925.24 - lr: 0.100000 - momentum: 0.000000
2025-11-18 09:36:37,296 ----------------------------------------------------------------------------------------------------
2025-11-18 09:36:37,296 EPOCH 11 done: loss 1.4886 - lr: 0.100000
2025-11-18 09:36:41,402 DEV : loss 1.492466926574707 - f1-score (micro avg)  0.3004
2025-11-18 09:36:41,437  - 0 epochs without improvement
2025-11-18 09:36:41,437 saving best model
2025-11-18 09:36:42,311 ----------------------------------------------------------------------------------------------------
2025-11-18 09:36:48,723 epoch 12 - iter 17/171 - loss 1.48347396 - time (sec): 6.41 - samples/sec: 1807.87 - lr: 0.100000 - momentum: 0.000000
2025-11-18 09:36:55,598 epoch 12 - iter 34/171 - loss 1.48628802 - time (sec): 13.29 - samples/sec: 1779.32 - lr: 0.100000 - momentum: 0.000000
2025-11-18 09:37:01,912 epoch 12 - iter 51/171 - loss 1.48787921 - time (sec): 19.60 - samples/sec: 1775.68 - lr: 0.100000 - momentum: 0.000000
2025-11-18 09:37:07,171 epoch 12 - iter 68/171 - loss 1.48248428 - time (sec): 24.86 - samples/sec: 1839.85 - lr: 0.100000 - momentum: 0.000000
2025-11-18 09:37:13,115 epoch 12 - iter 85/171 - loss 1.48512212 - time (sec): 30.80 - samples/sec: 1887.36 - lr: 0.100000 - momentum: 0.000000
2025-11-18 09:37:18,742 epoch 12 - iter 102/171 - loss 1.48405250 - time (sec): 36.43 - samples/sec: 1911.10 - lr: 0.100000 - momentum: 0.000000
2025-11-18 09:37:24,631 epoch 12 - iter 119/171 - loss 1.48363320 - time (sec): 42.32 - samples/sec: 1932.07 - lr: 0.100000 - momentum: 0.000000
2025-11-18 09:37:30,081 epoch 12 - iter 136/171 - loss 1.48086434 - time (sec): 47.77 - samples/sec: 1956.64 - lr: 0.100000 - momentum: 0.000000
2025-11-18 09:37:35,060 epoch 12 - iter 153/171 - loss 1.48151769 - time (sec): 52.75 - samples/sec: 1985.66 - lr: 0.100000 - momentum: 0.000000
2025-11-18 09:37:41,265 epoch 12 - iter 170/171 - loss 1.48291948 - time (sec): 58.95 - samples/sec: 1968.77 - lr: 0.100000 - momentum: 0.000000
2025-11-18 09:37:41,338 ----------------------------------------------------------------------------------------------------
2025-11-18 09:37:41,338 EPOCH 12 done: loss 1.4829 - lr: 0.100000
2025-11-18 09:37:44,331 DEV : loss 1.4481360912322998 - f1-score (micro avg)  0.2644
2025-11-18 09:37:44,362  - 1 epochs without improvement
2025-11-18 09:37:44,363 ----------------------------------------------------------------------------------------------------
2025-11-18 09:37:50,293 epoch 13 - iter 17/171 - loss 1.50671574 - time (sec): 5.93 - samples/sec: 1890.71 - lr: 0.100000 - momentum: 0.000000
2025-11-18 09:37:56,586 epoch 13 - iter 34/171 - loss 1.48486200 - time (sec): 12.22 - samples/sec: 1881.58 - lr: 0.100000 - momentum: 0.000000
2025-11-18 09:38:02,525 epoch 13 - iter 51/171 - loss 1.46698215 - time (sec): 18.16 - samples/sec: 1884.22 - lr: 0.100000 - momentum: 0.000000
2025-11-18 09:38:08,128 epoch 13 - iter 68/171 - loss 1.47357342 - time (sec): 23.76 - samples/sec: 1915.90 - lr: 0.100000 - momentum: 0.000000
2025-11-18 09:38:14,545 epoch 13 - iter 85/171 - loss 1.47556731 - time (sec): 30.18 - samples/sec: 1922.45 - lr: 0.100000 - momentum: 0.000000
2025-11-18 09:38:20,191 epoch 13 - iter 102/171 - loss 1.47619749 - time (sec): 35.83 - samples/sec: 1937.90 - lr: 0.100000 - momentum: 0.000000
2025-11-18 09:38:25,890 epoch 13 - iter 119/171 - loss 1.47636963 - time (sec): 41.53 - samples/sec: 1962.42 - lr: 0.100000 - momentum: 0.000000
2025-11-18 09:38:31,333 epoch 13 - iter 136/171 - loss 1.47905480 - time (sec): 46.97 - samples/sec: 1991.70 - lr: 0.100000 - momentum: 0.000000
2025-11-18 09:38:36,405 epoch 13 - iter 153/171 - loss 1.47907463 - time (sec): 52.04 - samples/sec: 2011.61 - lr: 0.100000 - momentum: 0.000000
2025-11-18 09:38:42,713 epoch 13 - iter 170/171 - loss 1.47967586 - time (sec): 58.35 - samples/sec: 1989.05 - lr: 0.100000 - momentum: 0.000000
2025-11-18 09:38:42,843 ----------------------------------------------------------------------------------------------------
2025-11-18 09:38:42,843 EPOCH 13 done: loss 1.4796 - lr: 0.100000
2025-11-18 09:38:46,043 DEV : loss 1.4633469581604004 - f1-score (micro avg)  0.1116
2025-11-18 09:38:46,084  - 2 epochs without improvement
2025-11-18 09:38:46,087 ----------------------------------------------------------------------------------------------------
2025-11-18 09:38:52,623 epoch 14 - iter 17/171 - loss 1.49586836 - time (sec): 6.54 - samples/sec: 1793.17 - lr: 0.100000 - momentum: 0.000000
2025-11-18 09:38:57,936 epoch 14 - iter 34/171 - loss 1.48134039 - time (sec): 11.85 - samples/sec: 1932.02 - lr: 0.100000 - momentum: 0.000000
2025-11-18 09:39:03,459 epoch 14 - iter 51/171 - loss 1.47462804 - time (sec): 17.37 - samples/sec: 1998.19 - lr: 0.100000 - momentum: 0.000000
2025-11-18 09:39:08,531 epoch 14 - iter 68/171 - loss 1.47048394 - time (sec): 22.44 - samples/sec: 2060.16 - lr: 0.100000 - momentum: 0.000000
2025-11-18 09:39:14,151 epoch 14 - iter 85/171 - loss 1.47177322 - time (sec): 28.06 - samples/sec: 2063.68 - lr: 0.100000 - momentum: 0.000000
2025-11-18 09:39:19,769 epoch 14 - iter 102/171 - loss 1.47016811 - time (sec): 33.68 - samples/sec: 2078.57 - lr: 0.100000 - momentum: 0.000000
2025-11-18 09:39:25,759 epoch 14 - iter 119/171 - loss 1.47258442 - time (sec): 39.67 - samples/sec: 2048.28 - lr: 0.100000 - momentum: 0.000000
2025-11-18 09:39:31,489 epoch 14 - iter 136/171 - loss 1.47699732 - time (sec): 45.40 - samples/sec: 2054.82 - lr: 0.100000 - momentum: 0.000000
2025-11-18 09:39:37,120 epoch 14 - iter 153/171 - loss 1.47754255 - time (sec): 51.03 - samples/sec: 2053.77 - lr: 0.100000 - momentum: 0.000000
2025-11-18 09:39:42,935 epoch 14 - iter 170/171 - loss 1.47663769 - time (sec): 56.85 - samples/sec: 2041.03 - lr: 0.100000 - momentum: 0.000000
2025-11-18 09:39:43,076 ----------------------------------------------------------------------------------------------------
2025-11-18 09:39:43,076 EPOCH 14 done: loss 1.4764 - lr: 0.100000
2025-11-18 09:39:46,818 DEV : loss 1.466525912284851 - f1-score (micro avg)  0.2641
2025-11-18 09:39:46,844  - 3 epochs without improvement
2025-11-18 09:39:46,846 ----------------------------------------------------------------------------------------------------
2025-11-18 09:39:53,216 epoch 15 - iter 17/171 - loss 1.48164745 - time (sec): 6.37 - samples/sec: 1827.70 - lr: 0.100000 - momentum: 0.000000
2025-11-18 09:39:59,034 epoch 15 - iter 34/171 - loss 1.46761200 - time (sec): 12.19 - samples/sec: 1915.28 - lr: 0.100000 - momentum: 0.000000
2025-11-18 09:40:04,962 epoch 15 - iter 51/171 - loss 1.46922945 - time (sec): 18.12 - samples/sec: 1913.85 - lr: 0.100000 - momentum: 0.000000
2025-11-18 09:40:11,651 epoch 15 - iter 68/171 - loss 1.47340942 - time (sec): 24.80 - samples/sec: 1874.49 - lr: 0.100000 - momentum: 0.000000
2025-11-18 09:40:16,738 epoch 15 - iter 85/171 - loss 1.47549150 - time (sec): 29.89 - samples/sec: 1910.39 - lr: 0.100000 - momentum: 0.000000
2025-11-18 09:40:23,274 epoch 15 - iter 102/171 - loss 1.47485574 - time (sec): 36.43 - samples/sec: 1897.66 - lr: 0.100000 - momentum: 0.000000
2025-11-18 09:40:28,419 epoch 15 - iter 119/171 - loss 1.47423554 - time (sec): 41.57 - samples/sec: 1936.89 - lr: 0.100000 - momentum: 0.000000
2025-11-18 09:40:34,225 epoch 15 - iter 136/171 - loss 1.47499141 - time (sec): 47.38 - samples/sec: 1952.17 - lr: 0.100000 - momentum: 0.000000
2025-11-18 09:40:40,299 epoch 15 - iter 153/171 - loss 1.47391679 - time (sec): 53.45 - samples/sec: 1955.82 - lr: 0.100000 - momentum: 0.000000
2025-11-18 09:40:46,434 epoch 15 - iter 170/171 - loss 1.47374957 - time (sec): 59.59 - samples/sec: 1948.09 - lr: 0.100000 - momentum: 0.000000
2025-11-18 09:40:46,495 ----------------------------------------------------------------------------------------------------
2025-11-18 09:40:46,495 EPOCH 15 done: loss 1.4736 - lr: 0.100000
2025-11-18 09:40:50,798 DEV : loss 1.4601916074752808 - f1-score (micro avg)  0.2427
2025-11-18 09:40:50,830  - 4 epochs without improvement (above 'patience')-> annealing learning_rate to [0.05]
2025-11-18 09:40:50,832 ----------------------------------------------------------------------------------------------------
2025-11-18 09:40:56,627 epoch 16 - iter 17/171 - loss 1.46395537 - time (sec): 5.79 - samples/sec: 1961.26 - lr: 0.050000 - momentum: 0.000000
2025-11-18 09:41:02,245 epoch 16 - iter 34/171 - loss 1.46208269 - time (sec): 11.41 - samples/sec: 2016.04 - lr: 0.050000 - momentum: 0.000000
2025-11-18 09:41:09,051 epoch 16 - iter 51/171 - loss 1.46632042 - time (sec): 18.22 - samples/sec: 1932.06 - lr: 0.050000 - momentum: 0.000000
2025-11-18 09:41:15,942 epoch 16 - iter 68/171 - loss 1.45541042 - time (sec): 25.11 - samples/sec: 1865.51 - lr: 0.050000 - momentum: 0.000000
2025-11-18 09:41:22,925 epoch 16 - iter 85/171 - loss 1.45280744 - time (sec): 32.09 - samples/sec: 1819.94 - lr: 0.050000 - momentum: 0.000000
2025-11-18 09:41:30,204 epoch 16 - iter 102/171 - loss 1.45149418 - time (sec): 39.37 - samples/sec: 1767.52 - lr: 0.050000 - momentum: 0.000000
2025-11-18 09:41:37,236 epoch 16 - iter 119/171 - loss 1.45290974 - time (sec): 46.40 - samples/sec: 1751.94 - lr: 0.050000 - momentum: 0.000000
2025-11-18 09:41:43,899 epoch 16 - iter 136/171 - loss 1.45267118 - time (sec): 53.07 - samples/sec: 1747.37 - lr: 0.050000 - momentum: 0.000000
2025-11-18 09:41:49,558 epoch 16 - iter 153/171 - loss 1.45230221 - time (sec): 58.73 - samples/sec: 1778.20 - lr: 0.050000 - momentum: 0.000000
2025-11-18 09:41:55,105 epoch 16 - iter 170/171 - loss 1.44997559 - time (sec): 64.27 - samples/sec: 1805.31 - lr: 0.050000 - momentum: 0.000000
2025-11-18 09:41:55,225 ----------------------------------------------------------------------------------------------------
2025-11-18 09:41:55,225 EPOCH 16 done: loss 1.4503 - lr: 0.050000
2025-11-18 09:41:58,000 DEV : loss 1.4313242435455322 - f1-score (micro avg)  0.2889
2025-11-18 09:41:58,027  - 1 epochs without improvement
2025-11-18 09:41:58,028 ----------------------------------------------------------------------------------------------------
2025-11-18 09:42:04,243 epoch 17 - iter 17/171 - loss 1.43695617 - time (sec): 6.21 - samples/sec: 1881.60 - lr: 0.050000 - momentum: 0.000000
2025-11-18 09:42:09,348 epoch 17 - iter 34/171 - loss 1.44991345 - time (sec): 11.32 - samples/sec: 2058.20 - lr: 0.050000 - momentum: 0.000000
2025-11-18 09:42:14,399 epoch 17 - iter 51/171 - loss 1.44931701 - time (sec): 16.37 - samples/sec: 2117.14 - lr: 0.050000 - momentum: 0.000000
2025-11-18 09:42:19,359 epoch 17 - iter 68/171 - loss 1.44717581 - time (sec): 21.33 - samples/sec: 2137.19 - lr: 0.050000 - momentum: 0.000000
2025-11-18 09:42:25,295 epoch 17 - iter 85/171 - loss 1.45303784 - time (sec): 27.27 - samples/sec: 2106.15 - lr: 0.050000 - momentum: 0.000000
2025-11-18 09:42:30,732 epoch 17 - iter 102/171 - loss 1.44805849 - time (sec): 32.70 - samples/sec: 2123.70 - lr: 0.050000 - momentum: 0.000000
2025-11-18 09:42:36,442 epoch 17 - iter 119/171 - loss 1.44572994 - time (sec): 38.41 - samples/sec: 2112.80 - lr: 0.050000 - momentum: 0.000000
2025-11-18 09:42:42,590 epoch 17 - iter 136/171 - loss 1.44667776 - time (sec): 44.56 - samples/sec: 2087.23 - lr: 0.050000 - momentum: 0.000000
2025-11-18 09:42:48,670 epoch 17 - iter 153/171 - loss 1.44779182 - time (sec): 50.64 - samples/sec: 2062.01 - lr: 0.050000 - momentum: 0.000000
2025-11-18 09:42:54,785 epoch 17 - iter 170/171 - loss 1.44900218 - time (sec): 56.76 - samples/sec: 2044.51 - lr: 0.050000 - momentum: 0.000000
2025-11-18 09:42:54,902 ----------------------------------------------------------------------------------------------------
2025-11-18 09:42:54,902 EPOCH 17 done: loss 1.4494 - lr: 0.050000
2025-11-18 09:42:57,624 DEV : loss 1.4291388988494873 - f1-score (micro avg)  0.2606
2025-11-18 09:42:57,651  - 2 epochs without improvement
2025-11-18 09:42:57,653 ----------------------------------------------------------------------------------------------------
2025-11-18 09:43:04,056 epoch 18 - iter 17/171 - loss 1.43065934 - time (sec): 6.40 - samples/sec: 1884.84 - lr: 0.050000 - momentum: 0.000000
2025-11-18 09:43:09,496 epoch 18 - iter 34/171 - loss 1.43676353 - time (sec): 11.84 - samples/sec: 1940.12 - lr: 0.050000 - momentum: 0.000000
2025-11-18 09:43:15,269 epoch 18 - iter 51/171 - loss 1.44451394 - time (sec): 17.62 - samples/sec: 1965.33 - lr: 0.050000 - momentum: 0.000000
2025-11-18 09:43:21,794 epoch 18 - iter 68/171 - loss 1.45225814 - time (sec): 24.14 - samples/sec: 1922.24 - lr: 0.050000 - momentum: 0.000000
2025-11-18 09:43:28,622 epoch 18 - iter 85/171 - loss 1.44798212 - time (sec): 30.97 - samples/sec: 1876.90 - lr: 0.050000 - momentum: 0.000000
2025-11-18 09:43:35,598 epoch 18 - iter 102/171 - loss 1.45074824 - time (sec): 37.95 - samples/sec: 1834.60 - lr: 0.050000 - momentum: 0.000000
2025-11-18 09:43:41,821 epoch 18 - iter 119/171 - loss 1.44947045 - time (sec): 44.17 - samples/sec: 1832.20 - lr: 0.050000 - momentum: 0.000000
2025-11-18 09:43:47,271 epoch 18 - iter 136/171 - loss 1.44770672 - time (sec): 49.62 - samples/sec: 1867.56 - lr: 0.050000 - momentum: 0.000000
2025-11-18 09:43:53,673 epoch 18 - iter 153/171 - loss 1.44875786 - time (sec): 56.02 - samples/sec: 1862.53 - lr: 0.050000 - momentum: 0.000000
2025-11-18 09:44:02,289 epoch 18 - iter 170/171 - loss 1.44698294 - time (sec): 64.64 - samples/sec: 1795.42 - lr: 0.050000 - momentum: 0.000000
2025-11-18 09:44:02,375 ----------------------------------------------------------------------------------------------------
2025-11-18 09:44:02,375 EPOCH 18 done: loss 1.4473 - lr: 0.050000
2025-11-18 09:44:05,245 DEV : loss 1.423606038093567 - f1-score (micro avg)  0.256
2025-11-18 09:44:05,274  - 3 epochs without improvement
2025-11-18 09:44:05,274 ----------------------------------------------------------------------------------------------------
2025-11-18 09:44:10,936 epoch 19 - iter 17/171 - loss 1.44953588 - time (sec): 5.66 - samples/sec: 2060.68 - lr: 0.050000 - momentum: 0.000000
2025-11-18 09:44:16,511 epoch 19 - iter 34/171 - loss 1.44290540 - time (sec): 11.24 - samples/sec: 2049.88 - lr: 0.050000 - momentum: 0.000000
2025-11-18 09:44:22,594 epoch 19 - iter 51/171 - loss 1.43963672 - time (sec): 17.32 - samples/sec: 2003.48 - lr: 0.050000 - momentum: 0.000000
2025-11-18 09:44:28,530 epoch 19 - iter 68/171 - loss 1.44998058 - time (sec): 23.26 - samples/sec: 1979.70 - lr: 0.050000 - momentum: 0.000000
2025-11-18 09:44:34,034 epoch 19 - iter 85/171 - loss 1.44739754 - time (sec): 28.76 - samples/sec: 1991.39 - lr: 0.050000 - momentum: 0.000000
2025-11-18 09:44:41,126 epoch 19 - iter 102/171 - loss 1.44890396 - time (sec): 35.85 - samples/sec: 1918.45 - lr: 0.050000 - momentum: 0.000000
2025-11-18 09:44:48,555 epoch 19 - iter 119/171 - loss 1.44710480 - time (sec): 43.28 - samples/sec: 1868.00 - lr: 0.050000 - momentum: 0.000000
2025-11-18 09:44:54,771 epoch 19 - iter 136/171 - loss 1.44615525 - time (sec): 49.50 - samples/sec: 1872.43 - lr: 0.050000 - momentum: 0.000000
2025-11-18 09:45:02,119 epoch 19 - iter 153/171 - loss 1.44733322 - time (sec): 56.84 - samples/sec: 1841.23 - lr: 0.050000 - momentum: 0.000000
2025-11-18 09:45:08,111 epoch 19 - iter 170/171 - loss 1.44537751 - time (sec): 62.84 - samples/sec: 1847.50 - lr: 0.050000 - momentum: 0.000000
2025-11-18 09:45:08,182 ----------------------------------------------------------------------------------------------------
2025-11-18 09:45:08,183 EPOCH 19 done: loss 1.4454 - lr: 0.050000
2025-11-18 09:45:11,014 DEV : loss 1.429582118988037 - f1-score (micro avg)  0.307
2025-11-18 09:45:11,041  - 0 epochs without improvement
2025-11-18 09:45:11,042 saving best model
2025-11-18 09:45:11,856 ----------------------------------------------------------------------------------------------------
2025-11-18 09:45:17,283 epoch 20 - iter 17/171 - loss 1.42012341 - time (sec): 5.43 - samples/sec: 1964.54 - lr: 0.050000 - momentum: 0.000000
2025-11-18 09:45:23,240 epoch 20 - iter 34/171 - loss 1.44066899 - time (sec): 11.38 - samples/sec: 1986.59 - lr: 0.050000 - momentum: 0.000000
2025-11-18 09:45:28,759 epoch 20 - iter 51/171 - loss 1.43177132 - time (sec): 16.90 - samples/sec: 1997.06 - lr: 0.050000 - momentum: 0.000000
2025-11-18 09:45:34,323 epoch 20 - iter 68/171 - loss 1.43515059 - time (sec): 22.47 - samples/sec: 2042.42 - lr: 0.050000 - momentum: 0.000000
2025-11-18 09:45:40,331 epoch 20 - iter 85/171 - loss 1.44068928 - time (sec): 28.47 - samples/sec: 2007.59 - lr: 0.050000 - momentum: 0.000000
2025-11-18 09:45:47,519 epoch 20 - iter 102/171 - loss 1.43922869 - time (sec): 35.66 - samples/sec: 1923.37 - lr: 0.050000 - momentum: 0.000000
2025-11-18 09:45:54,295 epoch 20 - iter 119/171 - loss 1.43958344 - time (sec): 42.44 - samples/sec: 1895.54 - lr: 0.050000 - momentum: 0.000000
2025-11-18 09:46:00,040 epoch 20 - iter 136/171 - loss 1.44081092 - time (sec): 48.18 - samples/sec: 1918.98 - lr: 0.050000 - momentum: 0.000000
2025-11-18 09:46:06,352 epoch 20 - iter 153/171 - loss 1.44172617 - time (sec): 54.50 - samples/sec: 1916.92 - lr: 0.050000 - momentum: 0.000000
2025-11-18 09:46:12,499 epoch 20 - iter 170/171 - loss 1.44150626 - time (sec): 60.64 - samples/sec: 1914.59 - lr: 0.050000 - momentum: 0.000000
2025-11-18 09:46:12,543 ----------------------------------------------------------------------------------------------------
2025-11-18 09:46:12,543 EPOCH 20 done: loss 1.4414 - lr: 0.050000
2025-11-18 09:46:15,741 DEV : loss 1.425309419631958 - f1-score (micro avg)  0.1332
2025-11-18 09:46:15,768  - 1 epochs without improvement
2025-11-18 09:46:15,770 ----------------------------------------------------------------------------------------------------
2025-11-18 09:46:21,375 epoch 21 - iter 17/171 - loss 1.41656502 - time (sec): 5.60 - samples/sec: 2068.57 - lr: 0.050000 - momentum: 0.000000
2025-11-18 09:46:26,569 epoch 21 - iter 34/171 - loss 1.42732056 - time (sec): 10.80 - samples/sec: 2143.99 - lr: 0.050000 - momentum: 0.000000
2025-11-18 09:46:33,822 epoch 21 - iter 51/171 - loss 1.43340116 - time (sec): 18.05 - samples/sec: 1933.41 - lr: 0.050000 - momentum: 0.000000
2025-11-18 09:46:39,381 epoch 21 - iter 68/171 - loss 1.43705690 - time (sec): 23.61 - samples/sec: 1943.68 - lr: 0.050000 - momentum: 0.000000
2025-11-18 09:46:49,186 epoch 21 - iter 85/171 - loss 1.43707003 - time (sec): 33.42 - samples/sec: 1717.83 - lr: 0.050000 - momentum: 0.000000
2025-11-18 09:46:56,137 epoch 21 - iter 102/171 - loss 1.43540755 - time (sec): 40.37 - samples/sec: 1709.19 - lr: 0.050000 - momentum: 0.000000
2025-11-18 09:47:03,275 epoch 21 - iter 119/171 - loss 1.43736782 - time (sec): 47.50 - samples/sec: 1701.58 - lr: 0.050000 - momentum: 0.000000
2025-11-18 09:47:09,681 epoch 21 - iter 136/171 - loss 1.43690869 - time (sec): 53.91 - samples/sec: 1713.84 - lr: 0.050000 - momentum: 0.000000
2025-11-18 09:47:16,460 epoch 21 - iter 153/171 - loss 1.43714279 - time (sec): 60.69 - samples/sec: 1718.43 - lr: 0.050000 - momentum: 0.000000
2025-11-18 09:47:22,951 epoch 21 - iter 170/171 - loss 1.44068379 - time (sec): 67.18 - samples/sec: 1727.54 - lr: 0.050000 - momentum: 0.000000
2025-11-18 09:47:23,038 ----------------------------------------------------------------------------------------------------
2025-11-18 09:47:23,038 EPOCH 21 done: loss 1.4405 - lr: 0.050000
2025-11-18 09:47:26,991 DEV : loss 1.4249416589736938 - f1-score (micro avg)  0.3079
2025-11-18 09:47:27,016  - 0 epochs without improvement
2025-11-18 09:47:27,017 saving best model
2025-11-18 09:47:27,726 ----------------------------------------------------------------------------------------------------
2025-11-18 09:47:33,374 epoch 22 - iter 17/171 - loss 1.44764077 - time (sec): 5.65 - samples/sec: 1976.38 - lr: 0.050000 - momentum: 0.000000
2025-11-18 09:47:38,948 epoch 22 - iter 34/171 - loss 1.43740687 - time (sec): 11.22 - samples/sec: 2023.06 - lr: 0.050000 - momentum: 0.000000
2025-11-18 09:47:46,952 epoch 22 - iter 51/171 - loss 1.43601056 - time (sec): 19.23 - samples/sec: 1806.74 - lr: 0.050000 - momentum: 0.000000
2025-11-18 09:47:52,365 epoch 22 - iter 68/171 - loss 1.43970715 - time (sec): 24.64 - samples/sec: 1880.90 - lr: 0.050000 - momentum: 0.000000
2025-11-18 09:47:59,029 epoch 22 - iter 85/171 - loss 1.44055112 - time (sec): 31.30 - samples/sec: 1845.71 - lr: 0.050000 - momentum: 0.000000
2025-11-18 09:48:05,843 epoch 22 - iter 102/171 - loss 1.44209782 - time (sec): 38.12 - samples/sec: 1821.63 - lr: 0.050000 - momentum: 0.000000
2025-11-18 09:48:11,648 epoch 22 - iter 119/171 - loss 1.43932588 - time (sec): 43.92 - samples/sec: 1852.16 - lr: 0.050000 - momentum: 0.000000
2025-11-18 09:48:17,760 epoch 22 - iter 136/171 - loss 1.44280855 - time (sec): 50.03 - samples/sec: 1857.81 - lr: 0.050000 - momentum: 0.000000
2025-11-18 09:48:23,270 epoch 22 - iter 153/171 - loss 1.44187853 - time (sec): 55.54 - samples/sec: 1880.84 - lr: 0.050000 - momentum: 0.000000
2025-11-18 09:48:29,338 epoch 22 - iter 170/171 - loss 1.44103305 - time (sec): 61.61 - samples/sec: 1884.03 - lr: 0.050000 - momentum: 0.000000
2025-11-18 09:48:29,400 ----------------------------------------------------------------------------------------------------
2025-11-18 09:48:29,400 EPOCH 22 done: loss 1.4411 - lr: 0.050000
2025-11-18 09:48:32,170 DEV : loss 1.4371048212051392 - f1-score (micro avg)  0.3042
2025-11-18 09:48:32,196  - 1 epochs without improvement
2025-11-18 09:48:32,198 ----------------------------------------------------------------------------------------------------
2025-11-18 09:48:38,925 epoch 23 - iter 17/171 - loss 1.44097584 - time (sec): 6.73 - samples/sec: 1688.80 - lr: 0.050000 - momentum: 0.000000
2025-11-18 09:48:45,823 epoch 23 - iter 34/171 - loss 1.43719004 - time (sec): 13.62 - samples/sec: 1707.35 - lr: 0.050000 - momentum: 0.000000
2025-11-18 09:48:52,273 epoch 23 - iter 51/171 - loss 1.43428839 - time (sec): 20.07 - samples/sec: 1724.06 - lr: 0.050000 - momentum: 0.000000
2025-11-18 09:48:57,670 epoch 23 - iter 68/171 - loss 1.43718339 - time (sec): 25.47 - samples/sec: 1810.53 - lr: 0.050000 - momentum: 0.000000
2025-11-18 09:49:04,040 epoch 23 - iter 85/171 - loss 1.43746776 - time (sec): 31.84 - samples/sec: 1799.24 - lr: 0.050000 - momentum: 0.000000
2025-11-18 09:49:10,140 epoch 23 - iter 102/171 - loss 1.43777127 - time (sec): 37.94 - samples/sec: 1831.55 - lr: 0.050000 - momentum: 0.000000
2025-11-18 09:49:16,157 epoch 23 - iter 119/171 - loss 1.43982561 - time (sec): 43.96 - samples/sec: 1846.23 - lr: 0.050000 - momentum: 0.000000
2025-11-18 09:49:21,939 epoch 23 - iter 136/171 - loss 1.43927513 - time (sec): 49.74 - samples/sec: 1864.91 - lr: 0.050000 - momentum: 0.000000
2025-11-18 09:49:28,069 epoch 23 - iter 153/171 - loss 1.43920178 - time (sec): 55.87 - samples/sec: 1868.84 - lr: 0.050000 - momentum: 0.000000
2025-11-18 09:49:33,922 epoch 23 - iter 170/171 - loss 1.43836131 - time (sec): 61.72 - samples/sec: 1880.09 - lr: 0.050000 - momentum: 0.000000
2025-11-18 09:49:34,016 ----------------------------------------------------------------------------------------------------
2025-11-18 09:49:34,017 EPOCH 23 done: loss 1.4382 - lr: 0.050000
2025-11-18 09:49:36,746 DEV : loss 1.4138261079788208 - f1-score (micro avg)  0.3075
2025-11-18 09:49:36,770  - 2 epochs without improvement
2025-11-18 09:49:36,771 ----------------------------------------------------------------------------------------------------
2025-11-18 09:49:44,765 epoch 24 - iter 17/171 - loss 1.43595410 - time (sec): 7.99 - samples/sec: 1382.75 - lr: 0.050000 - momentum: 0.000000
2025-11-18 09:49:50,948 epoch 24 - iter 34/171 - loss 1.42846894 - time (sec): 14.18 - samples/sec: 1631.48 - lr: 0.050000 - momentum: 0.000000
2025-11-18 09:49:56,166 epoch 24 - iter 51/171 - loss 1.42863375 - time (sec): 19.40 - samples/sec: 1802.06 - lr: 0.050000 - momentum: 0.000000
2025-11-18 09:50:02,595 epoch 24 - iter 68/171 - loss 1.44034683 - time (sec): 25.82 - samples/sec: 1814.02 - lr: 0.050000 - momentum: 0.000000
2025-11-18 09:50:08,873 epoch 24 - iter 85/171 - loss 1.44099500 - time (sec): 32.10 - samples/sec: 1838.32 - lr: 0.050000 - momentum: 0.000000
2025-11-18 09:50:14,878 epoch 24 - iter 102/171 - loss 1.43577497 - time (sec): 38.11 - samples/sec: 1863.36 - lr: 0.050000 - momentum: 0.000000
2025-11-18 09:50:20,278 epoch 24 - iter 119/171 - loss 1.43502466 - time (sec): 43.51 - samples/sec: 1889.18 - lr: 0.050000 - momentum: 0.000000
2025-11-18 09:50:25,601 epoch 24 - iter 136/171 - loss 1.43782692 - time (sec): 48.83 - samples/sec: 1923.80 - lr: 0.050000 - momentum: 0.000000
2025-11-18 09:50:30,506 epoch 24 - iter 153/171 - loss 1.43605875 - time (sec): 53.73 - samples/sec: 1948.44 - lr: 0.050000 - momentum: 0.000000
2025-11-18 09:50:35,441 epoch 24 - iter 170/171 - loss 1.43546175 - time (sec): 58.67 - samples/sec: 1978.96 - lr: 0.050000 - momentum: 0.000000
2025-11-18 09:50:35,477 ----------------------------------------------------------------------------------------------------
2025-11-18 09:50:35,477 EPOCH 24 done: loss 1.4355 - lr: 0.050000
2025-11-18 09:50:38,117 DEV : loss 1.4086318016052246 - f1-score (micro avg)  0.207
2025-11-18 09:50:38,142  - 3 epochs without improvement
2025-11-18 09:50:38,143 ----------------------------------------------------------------------------------------------------
2025-11-18 09:50:44,978 epoch 25 - iter 17/171 - loss 1.45385084 - time (sec): 6.83 - samples/sec: 1698.39 - lr: 0.050000 - momentum: 0.000000
2025-11-18 09:50:51,022 epoch 25 - iter 34/171 - loss 1.44797619 - time (sec): 12.88 - samples/sec: 1797.76 - lr: 0.050000 - momentum: 0.000000
2025-11-18 09:50:55,854 epoch 25 - iter 51/171 - loss 1.43692152 - time (sec): 17.71 - samples/sec: 1948.38 - lr: 0.050000 - momentum: 0.000000
2025-11-18 09:51:01,167 epoch 25 - iter 68/171 - loss 1.43389751 - time (sec): 23.02 - samples/sec: 1990.85 - lr: 0.050000 - momentum: 0.000000
2025-11-18 09:51:06,711 epoch 25 - iter 85/171 - loss 1.43457604 - time (sec): 28.57 - samples/sec: 2016.57 - lr: 0.050000 - momentum: 0.000000
2025-11-18 09:51:12,091 epoch 25 - iter 102/171 - loss 1.43068707 - time (sec): 33.95 - samples/sec: 2047.21 - lr: 0.050000 - momentum: 0.000000
2025-11-18 09:51:18,237 epoch 25 - iter 119/171 - loss 1.43620454 - time (sec): 40.09 - samples/sec: 2042.21 - lr: 0.050000 - momentum: 0.000000
2025-11-18 09:51:24,302 epoch 25 - iter 136/171 - loss 1.43356691 - time (sec): 46.16 - samples/sec: 2017.89 - lr: 0.050000 - momentum: 0.000000
2025-11-18 09:51:30,380 epoch 25 - iter 153/171 - loss 1.43295162 - time (sec): 52.24 - samples/sec: 2001.05 - lr: 0.050000 - momentum: 0.000000
2025-11-18 09:51:36,095 epoch 25 - iter 170/171 - loss 1.43348595 - time (sec): 57.95 - samples/sec: 2002.98 - lr: 0.050000 - momentum: 0.000000
2025-11-18 09:51:36,164 ----------------------------------------------------------------------------------------------------
2025-11-18 09:51:36,165 EPOCH 25 done: loss 1.4335 - lr: 0.050000
2025-11-18 09:51:39,883 DEV : loss 1.415610671043396 - f1-score (micro avg)  0.3064
2025-11-18 09:51:39,920  - 4 epochs without improvement (above 'patience')-> annealing learning_rate to [0.025]
2025-11-18 09:51:39,921 ----------------------------------------------------------------------------------------------------
2025-11-18 09:51:46,526 epoch 26 - iter 17/171 - loss 1.42060106 - time (sec): 6.60 - samples/sec: 1739.95 - lr: 0.025000 - momentum: 0.000000
2025-11-18 09:51:52,075 epoch 26 - iter 34/171 - loss 1.42270882 - time (sec): 12.15 - samples/sec: 1904.05 - lr: 0.025000 - momentum: 0.000000
2025-11-18 09:51:59,172 epoch 26 - iter 51/171 - loss 1.42773654 - time (sec): 19.25 - samples/sec: 1827.40 - lr: 0.025000 - momentum: 0.000000
2025-11-18 09:52:05,424 epoch 26 - iter 68/171 - loss 1.43144082 - time (sec): 25.50 - samples/sec: 1822.19 - lr: 0.025000 - momentum: 0.000000
2025-11-18 09:52:11,457 epoch 26 - iter 85/171 - loss 1.42931795 - time (sec): 31.54 - samples/sec: 1844.19 - lr: 0.025000 - momentum: 0.000000
2025-11-18 09:52:16,731 epoch 26 - iter 102/171 - loss 1.42961471 - time (sec): 36.81 - samples/sec: 1891.26 - lr: 0.025000 - momentum: 0.000000
2025-11-18 09:52:22,843 epoch 26 - iter 119/171 - loss 1.43022040 - time (sec): 42.92 - samples/sec: 1889.43 - lr: 0.025000 - momentum: 0.000000
2025-11-18 09:52:28,612 epoch 26 - iter 136/171 - loss 1.42739809 - time (sec): 48.69 - samples/sec: 1904.59 - lr: 0.025000 - momentum: 0.000000
2025-11-18 09:52:35,193 epoch 26 - iter 153/171 - loss 1.42599361 - time (sec): 55.27 - samples/sec: 1892.65 - lr: 0.025000 - momentum: 0.000000
2025-11-18 09:52:41,778 epoch 26 - iter 170/171 - loss 1.42789406 - time (sec): 61.86 - samples/sec: 1876.97 - lr: 0.025000 - momentum: 0.000000
2025-11-18 09:52:41,867 ----------------------------------------------------------------------------------------------------
2025-11-18 09:52:41,867 EPOCH 26 done: loss 1.4281 - lr: 0.025000
2025-11-18 09:52:45,067 DEV : loss 1.4001089334487915 - f1-score (micro avg)  0.2087
2025-11-18 09:52:45,096  - 1 epochs without improvement
2025-11-18 09:52:45,097 ----------------------------------------------------------------------------------------------------
2025-11-18 09:52:51,757 epoch 27 - iter 17/171 - loss 1.43193056 - time (sec): 6.66 - samples/sec: 1793.77 - lr: 0.025000 - momentum: 0.000000
2025-11-18 09:52:59,036 epoch 27 - iter 34/171 - loss 1.43329672 - time (sec): 13.94 - samples/sec: 1680.45 - lr: 0.025000 - momentum: 0.000000
2025-11-18 09:53:04,848 epoch 27 - iter 51/171 - loss 1.43861933 - time (sec): 19.75 - samples/sec: 1773.09 - lr: 0.025000 - momentum: 0.000000
2025-11-18 09:53:11,305 epoch 27 - iter 68/171 - loss 1.44060852 - time (sec): 26.21 - samples/sec: 1790.22 - lr: 0.025000 - momentum: 0.000000
2025-11-18 09:53:17,541 epoch 27 - iter 85/171 - loss 1.43563691 - time (sec): 32.44 - samples/sec: 1799.78 - lr: 0.025000 - momentum: 0.000000
2025-11-18 09:53:23,320 epoch 27 - iter 102/171 - loss 1.42858245 - time (sec): 38.22 - samples/sec: 1830.84 - lr: 0.025000 - momentum: 0.000000
2025-11-18 09:53:29,257 epoch 27 - iter 119/171 - loss 1.42845361 - time (sec): 44.16 - samples/sec: 1844.18 - lr: 0.025000 - momentum: 0.000000
2025-11-18 09:53:36,954 epoch 27 - iter 136/171 - loss 1.42412210 - time (sec): 51.86 - samples/sec: 1791.33 - lr: 0.025000 - momentum: 0.000000
2025-11-18 09:53:44,139 epoch 27 - iter 153/171 - loss 1.42604675 - time (sec): 59.04 - samples/sec: 1771.27 - lr: 0.025000 - momentum: 0.000000
2025-11-18 09:53:49,822 epoch 27 - iter 170/171 - loss 1.42731120 - time (sec): 64.72 - samples/sec: 1793.78 - lr: 0.025000 - momentum: 0.000000
2025-11-18 09:53:49,891 ----------------------------------------------------------------------------------------------------
2025-11-18 09:53:49,892 EPOCH 27 done: loss 1.4273 - lr: 0.025000
2025-11-18 09:53:52,696 DEV : loss 1.3980544805526733 - f1-score (micro avg)  0.2812
2025-11-18 09:53:52,721  - 2 epochs without improvement
2025-11-18 09:53:52,722 ----------------------------------------------------------------------------------------------------
2025-11-18 09:53:58,534 epoch 28 - iter 17/171 - loss 1.42565940 - time (sec): 5.81 - samples/sec: 1943.75 - lr: 0.025000 - momentum: 0.000000
2025-11-18 09:54:04,874 epoch 28 - iter 34/171 - loss 1.42108298 - time (sec): 12.15 - samples/sec: 1922.17 - lr: 0.025000 - momentum: 0.000000
2025-11-18 09:54:10,865 epoch 28 - iter 51/171 - loss 1.42849178 - time (sec): 18.14 - samples/sec: 1945.78 - lr: 0.025000 - momentum: 0.000000
2025-11-18 09:54:15,978 epoch 28 - iter 68/171 - loss 1.42201768 - time (sec): 23.26 - samples/sec: 1986.08 - lr: 0.025000 - momentum: 0.000000
2025-11-18 09:54:20,845 epoch 28 - iter 85/171 - loss 1.42317304 - time (sec): 28.12 - samples/sec: 2041.82 - lr: 0.025000 - momentum: 0.000000
2025-11-18 09:54:26,436 epoch 28 - iter 102/171 - loss 1.42227156 - time (sec): 33.71 - samples/sec: 2056.42 - lr: 0.025000 - momentum: 0.000000
2025-11-18 09:54:33,523 epoch 28 - iter 119/171 - loss 1.42264253 - time (sec): 40.80 - samples/sec: 1982.38 - lr: 0.025000 - momentum: 0.000000
2025-11-18 09:54:39,082 epoch 28 - iter 136/171 - loss 1.42225729 - time (sec): 46.36 - samples/sec: 1995.53 - lr: 0.025000 - momentum: 0.000000
2025-11-18 09:54:46,451 epoch 28 - iter 153/171 - loss 1.42460449 - time (sec): 53.73 - samples/sec: 1945.90 - lr: 0.025000 - momentum: 0.000000
2025-11-18 09:54:52,871 epoch 28 - iter 170/171 - loss 1.42398264 - time (sec): 60.15 - samples/sec: 1930.01 - lr: 0.025000 - momentum: 0.000000
2025-11-18 09:54:52,952 ----------------------------------------------------------------------------------------------------
2025-11-18 09:54:52,953 EPOCH 28 done: loss 1.4239 - lr: 0.025000
2025-11-18 09:54:55,759 DEV : loss 1.403233528137207 - f1-score (micro avg)  0.3069
2025-11-18 09:54:55,782  - 3 epochs without improvement
2025-11-18 09:54:55,783 ----------------------------------------------------------------------------------------------------
2025-11-18 09:55:02,119 epoch 29 - iter 17/171 - loss 1.43513568 - time (sec): 6.34 - samples/sec: 1872.01 - lr: 0.025000 - momentum: 0.000000
2025-11-18 09:55:07,413 epoch 29 - iter 34/171 - loss 1.41355023 - time (sec): 11.63 - samples/sec: 1990.65 - lr: 0.025000 - momentum: 0.000000
2025-11-18 09:55:12,738 epoch 29 - iter 51/171 - loss 1.42327199 - time (sec): 16.95 - samples/sec: 2046.24 - lr: 0.025000 - momentum: 0.000000
2025-11-18 09:55:18,600 epoch 29 - iter 68/171 - loss 1.42782668 - time (sec): 22.82 - samples/sec: 2039.32 - lr: 0.025000 - momentum: 0.000000
2025-11-18 09:55:25,140 epoch 29 - iter 85/171 - loss 1.42507355 - time (sec): 29.36 - samples/sec: 1976.64 - lr: 0.025000 - momentum: 0.000000
2025-11-18 09:55:30,348 epoch 29 - iter 102/171 - loss 1.42450231 - time (sec): 34.57 - samples/sec: 2003.84 - lr: 0.025000 - momentum: 0.000000
2025-11-18 09:55:36,451 epoch 29 - iter 119/171 - loss 1.42595694 - time (sec): 40.67 - samples/sec: 1981.04 - lr: 0.025000 - momentum: 0.000000
2025-11-18 09:55:42,574 epoch 29 - iter 136/171 - loss 1.42457739 - time (sec): 46.79 - samples/sec: 1970.53 - lr: 0.025000 - momentum: 0.000000
2025-11-18 09:55:48,083 epoch 29 - iter 153/171 - loss 1.42352778 - time (sec): 52.30 - samples/sec: 1986.20 - lr: 0.025000 - momentum: 0.000000
2025-11-18 09:55:54,512 epoch 29 - iter 170/171 - loss 1.42432751 - time (sec): 58.73 - samples/sec: 1976.54 - lr: 0.025000 - momentum: 0.000000
2025-11-18 09:55:54,590 ----------------------------------------------------------------------------------------------------
2025-11-18 09:55:54,590 EPOCH 29 done: loss 1.4241 - lr: 0.025000
2025-11-18 09:55:57,280 DEV : loss 1.410634160041809 - f1-score (micro avg)  0.2861
2025-11-18 09:55:57,305  - 4 epochs without improvement (above 'patience')-> annealing learning_rate to [0.0125]
2025-11-18 09:55:57,307 ----------------------------------------------------------------------------------------------------
2025-11-18 09:56:02,050 epoch 30 - iter 17/171 - loss 1.40965464 - time (sec): 4.74 - samples/sec: 2335.21 - lr: 0.012500 - momentum: 0.000000
2025-11-18 09:56:08,493 epoch 30 - iter 34/171 - loss 1.41257416 - time (sec): 11.19 - samples/sec: 2026.86 - lr: 0.012500 - momentum: 0.000000
2025-11-18 09:56:14,188 epoch 30 - iter 51/171 - loss 1.42613547 - time (sec): 16.88 - samples/sec: 2042.04 - lr: 0.012500 - momentum: 0.000000
2025-11-18 09:56:20,014 epoch 30 - iter 68/171 - loss 1.42652955 - time (sec): 22.71 - samples/sec: 1998.26 - lr: 0.012500 - momentum: 0.000000
2025-11-18 09:56:25,474 epoch 30 - iter 85/171 - loss 1.42742500 - time (sec): 28.17 - samples/sec: 2020.49 - lr: 0.012500 - momentum: 0.000000
2025-11-18 09:56:31,674 epoch 30 - iter 102/171 - loss 1.42318429 - time (sec): 34.37 - samples/sec: 1983.60 - lr: 0.012500 - momentum: 0.000000
2025-11-18 09:56:37,228 epoch 30 - iter 119/171 - loss 1.42073155 - time (sec): 39.92 - samples/sec: 1999.79 - lr: 0.012500 - momentum: 0.000000
2025-11-18 09:56:44,319 epoch 30 - iter 136/171 - loss 1.42054049 - time (sec): 47.01 - samples/sec: 1960.07 - lr: 0.012500 - momentum: 0.000000
2025-11-18 09:56:50,596 epoch 30 - iter 153/171 - loss 1.42302906 - time (sec): 53.29 - samples/sec: 1955.81 - lr: 0.012500 - momentum: 0.000000
2025-11-18 09:56:56,346 epoch 30 - iter 170/171 - loss 1.42072931 - time (sec): 59.04 - samples/sec: 1966.48 - lr: 0.012500 - momentum: 0.000000
2025-11-18 09:56:56,399 ----------------------------------------------------------------------------------------------------
2025-11-18 09:56:56,399 EPOCH 30 done: loss 1.4207 - lr: 0.012500
2025-11-18 09:56:59,256 DEV : loss 1.3957206010818481 - f1-score (micro avg)  0.2856
2025-11-18 09:56:59,282  - 1 epochs without improvement
2025-11-18 09:56:59,282 ----------------------------------------------------------------------------------------------------
2025-11-18 09:57:05,295 epoch 31 - iter 17/171 - loss 1.39876106 - time (sec): 6.01 - samples/sec: 1974.22 - lr: 0.012500 - momentum: 0.000000
2025-11-18 09:57:11,360 epoch 31 - iter 34/171 - loss 1.41144915 - time (sec): 12.08 - samples/sec: 1964.73 - lr: 0.012500 - momentum: 0.000000
2025-11-18 09:57:16,571 epoch 31 - iter 51/171 - loss 1.41030231 - time (sec): 17.29 - samples/sec: 2022.68 - lr: 0.012500 - momentum: 0.000000
2025-11-18 09:57:22,850 epoch 31 - iter 68/171 - loss 1.40741086 - time (sec): 23.57 - samples/sec: 1986.14 - lr: 0.012500 - momentum: 0.000000
2025-11-18 09:57:28,257 epoch 31 - iter 85/171 - loss 1.41483953 - time (sec): 28.97 - samples/sec: 2016.81 - lr: 0.012500 - momentum: 0.000000
2025-11-18 09:57:34,181 epoch 31 - iter 102/171 - loss 1.41466810 - time (sec): 34.90 - samples/sec: 2004.74 - lr: 0.012500 - momentum: 0.000000
2025-11-18 09:57:40,888 epoch 31 - iter 119/171 - loss 1.41490168 - time (sec): 41.60 - samples/sec: 1962.20 - lr: 0.012500 - momentum: 0.000000
2025-11-18 09:57:48,333 epoch 31 - iter 136/171 - loss 1.41524552 - time (sec): 49.05 - samples/sec: 1903.32 - lr: 0.012500 - momentum: 0.000000
2025-11-18 09:57:54,742 epoch 31 - iter 153/171 - loss 1.41736097 - time (sec): 55.46 - samples/sec: 1894.74 - lr: 0.012500 - momentum: 0.000000
2025-11-18 09:58:00,300 epoch 31 - iter 170/171 - loss 1.41973528 - time (sec): 61.02 - samples/sec: 1902.37 - lr: 0.012500 - momentum: 0.000000
2025-11-18 09:58:00,385 ----------------------------------------------------------------------------------------------------
2025-11-18 09:58:00,385 EPOCH 31 done: loss 1.4196 - lr: 0.012500
2025-11-18 09:58:04,297 DEV : loss 1.3955185413360596 - f1-score (micro avg)  0.2878
2025-11-18 09:58:04,323  - 2 epochs without improvement
2025-11-18 09:58:04,324 ----------------------------------------------------------------------------------------------------
2025-11-18 09:58:10,601 epoch 32 - iter 17/171 - loss 1.43069984 - time (sec): 6.28 - samples/sec: 1879.10 - lr: 0.012500 - momentum: 0.000000
2025-11-18 09:58:15,827 epoch 32 - iter 34/171 - loss 1.42482511 - time (sec): 11.50 - samples/sec: 2020.20 - lr: 0.012500 - momentum: 0.000000
2025-11-18 09:58:21,550 epoch 32 - iter 51/171 - loss 1.42725099 - time (sec): 17.23 - samples/sec: 2017.76 - lr: 0.012500 - momentum: 0.000000
2025-11-18 09:58:28,302 epoch 32 - iter 68/171 - loss 1.42501442 - time (sec): 23.98 - samples/sec: 1935.30 - lr: 0.012500 - momentum: 0.000000
2025-11-18 09:58:34,193 epoch 32 - iter 85/171 - loss 1.42786687 - time (sec): 29.87 - samples/sec: 1938.99 - lr: 0.012500 - momentum: 0.000000
2025-11-18 09:58:40,078 epoch 32 - iter 102/171 - loss 1.42925608 - time (sec): 35.75 - samples/sec: 1952.35 - lr: 0.012500 - momentum: 0.000000
2025-11-18 09:58:47,501 epoch 32 - iter 119/171 - loss 1.42687102 - time (sec): 43.18 - samples/sec: 1892.23 - lr: 0.012500 - momentum: 0.000000
2025-11-18 09:58:52,997 epoch 32 - iter 136/171 - loss 1.42508417 - time (sec): 48.67 - samples/sec: 1904.50 - lr: 0.012500 - momentum: 0.000000
2025-11-18 09:58:58,320 epoch 32 - iter 153/171 - loss 1.42498996 - time (sec): 54.00 - samples/sec: 1931.29 - lr: 0.012500 - momentum: 0.000000
2025-11-18 09:59:04,838 epoch 32 - iter 170/171 - loss 1.42215528 - time (sec): 60.51 - samples/sec: 1917.99 - lr: 0.012500 - momentum: 0.000000
2025-11-18 09:59:04,912 ----------------------------------------------------------------------------------------------------
2025-11-18 09:59:04,912 EPOCH 32 done: loss 1.4221 - lr: 0.012500
2025-11-18 09:59:07,550 DEV : loss 1.3962435722351074 - f1-score (micro avg)  0.2615
2025-11-18 09:59:07,579  - 3 epochs without improvement
2025-11-18 09:59:07,579 ----------------------------------------------------------------------------------------------------
2025-11-18 09:59:13,118 epoch 33 - iter 17/171 - loss 1.41525923 - time (sec): 5.54 - samples/sec: 2110.27 - lr: 0.012500 - momentum: 0.000000
2025-11-18 09:59:18,666 epoch 33 - iter 34/171 - loss 1.41570667 - time (sec): 11.09 - samples/sec: 2026.04 - lr: 0.012500 - momentum: 0.000000
2025-11-18 09:59:23,980 epoch 33 - iter 51/171 - loss 1.41100141 - time (sec): 16.40 - samples/sec: 2054.25 - lr: 0.012500 - momentum: 0.000000
2025-11-18 09:59:29,506 epoch 33 - iter 68/171 - loss 1.40551463 - time (sec): 21.93 - samples/sec: 2063.63 - lr: 0.012500 - momentum: 0.000000
2025-11-18 09:59:35,412 epoch 33 - iter 85/171 - loss 1.40814446 - time (sec): 27.83 - samples/sec: 2057.69 - lr: 0.012500 - momentum: 0.000000
2025-11-18 09:59:43,021 epoch 33 - iter 102/171 - loss 1.40800816 - time (sec): 35.44 - samples/sec: 1948.94 - lr: 0.012500 - momentum: 0.000000
2025-11-18 09:59:48,751 epoch 33 - iter 119/171 - loss 1.41152364 - time (sec): 41.17 - samples/sec: 1954.85 - lr: 0.012500 - momentum: 0.000000
2025-11-18 09:59:56,661 epoch 33 - iter 136/171 - loss 1.41354348 - time (sec): 49.08 - samples/sec: 1883.51 - lr: 0.012500 - momentum: 0.000000
2025-11-18 10:00:03,074 epoch 33 - iter 153/171 - loss 1.41646907 - time (sec): 55.49 - samples/sec: 1876.91 - lr: 0.012500 - momentum: 0.000000
2025-11-18 10:00:08,941 epoch 33 - iter 170/171 - loss 1.41852505 - time (sec): 61.36 - samples/sec: 1891.07 - lr: 0.012500 - momentum: 0.000000
2025-11-18 10:00:09,010 ----------------------------------------------------------------------------------------------------
2025-11-18 10:00:09,010 EPOCH 33 done: loss 1.4186 - lr: 0.012500
2025-11-18 10:00:11,879 DEV : loss 1.3943744897842407 - f1-score (micro avg)  0.2716
2025-11-18 10:00:11,906  - 4 epochs without improvement (above 'patience')-> annealing learning_rate to [0.00625]
2025-11-18 10:00:11,907 ----------------------------------------------------------------------------------------------------
2025-11-18 10:00:17,046 epoch 34 - iter 17/171 - loss 1.40264334 - time (sec): 5.14 - samples/sec: 2161.97 - lr: 0.006250 - momentum: 0.000000
2025-11-18 10:00:22,368 epoch 34 - iter 34/171 - loss 1.40038171 - time (sec): 10.46 - samples/sec: 2163.21 - lr: 0.006250 - momentum: 0.000000
2025-11-18 10:00:28,893 epoch 34 - iter 51/171 - loss 1.40398489 - time (sec): 16.99 - samples/sec: 2040.03 - lr: 0.006250 - momentum: 0.000000
2025-11-18 10:00:35,253 epoch 34 - iter 68/171 - loss 1.40451276 - time (sec): 23.35 - samples/sec: 1996.38 - lr: 0.006250 - momentum: 0.000000
2025-11-18 10:00:46,040 epoch 34 - iter 85/171 - loss 1.40751589 - time (sec): 34.13 - samples/sec: 1711.42 - lr: 0.006250 - momentum: 0.000000
2025-11-18 10:00:51,157 epoch 34 - iter 102/171 - loss 1.41174885 - time (sec): 39.25 - samples/sec: 1799.84 - lr: 0.006250 - momentum: 0.000000
2025-11-18 10:00:55,675 epoch 34 - iter 119/171 - loss 1.41610223 - time (sec): 43.77 - samples/sec: 1857.61 - lr: 0.006250 - momentum: 0.000000
2025-11-18 10:01:01,322 epoch 34 - iter 136/171 - loss 1.41777284 - time (sec): 49.41 - samples/sec: 1871.60 - lr: 0.006250 - momentum: 0.000000
2025-11-18 10:01:06,963 epoch 34 - iter 153/171 - loss 1.41723418 - time (sec): 55.06 - samples/sec: 1900.81 - lr: 0.006250 - momentum: 0.000000
2025-11-18 10:01:11,895 epoch 34 - iter 170/171 - loss 1.41694081 - time (sec): 59.99 - samples/sec: 1934.74 - lr: 0.006250 - momentum: 0.000000
2025-11-18 10:01:11,975 ----------------------------------------------------------------------------------------------------
2025-11-18 10:01:11,975 EPOCH 34 done: loss 1.4167 - lr: 0.006250
2025-11-18 10:01:14,848 DEV : loss 1.3969829082489014 - f1-score (micro avg)  0.3008
2025-11-18 10:01:14,875  - 1 epochs without improvement
2025-11-18 10:01:14,876 ----------------------------------------------------------------------------------------------------
2025-11-18 10:01:20,130 epoch 35 - iter 17/171 - loss 1.40039854 - time (sec): 5.25 - samples/sec: 2249.24 - lr: 0.006250 - momentum: 0.000000
2025-11-18 10:01:24,867 epoch 35 - iter 34/171 - loss 1.41315444 - time (sec): 9.99 - samples/sec: 2355.69 - lr: 0.006250 - momentum: 0.000000
2025-11-18 10:01:30,258 epoch 35 - iter 51/171 - loss 1.41416064 - time (sec): 15.38 - samples/sec: 2291.96 - lr: 0.006250 - momentum: 0.000000
2025-11-18 10:01:36,184 epoch 35 - iter 68/171 - loss 1.41812362 - time (sec): 21.31 - samples/sec: 2196.59 - lr: 0.006250 - momentum: 0.000000
2025-11-18 10:01:40,878 epoch 35 - iter 85/171 - loss 1.41319474 - time (sec): 26.00 - samples/sec: 2229.21 - lr: 0.006250 - momentum: 0.000000
2025-11-18 10:01:46,627 epoch 35 - iter 102/171 - loss 1.41635653 - time (sec): 31.75 - samples/sec: 2203.44 - lr: 0.006250 - momentum: 0.000000
2025-11-18 10:01:51,769 epoch 35 - iter 119/171 - loss 1.41846395 - time (sec): 36.89 - samples/sec: 2213.43 - lr: 0.006250 - momentum: 0.000000
2025-11-18 10:01:56,856 epoch 35 - iter 136/171 - loss 1.41763472 - time (sec): 41.98 - samples/sec: 2219.00 - lr: 0.006250 - momentum: 0.000000
2025-11-18 10:02:01,900 epoch 35 - iter 153/171 - loss 1.41794736 - time (sec): 47.02 - samples/sec: 2225.12 - lr: 0.006250 - momentum: 0.000000
2025-11-18 10:02:06,687 epoch 35 - iter 170/171 - loss 1.41610389 - time (sec): 51.81 - samples/sec: 2240.58 - lr: 0.006250 - momentum: 0.000000
2025-11-18 10:02:06,741 ----------------------------------------------------------------------------------------------------
2025-11-18 10:02:06,741 EPOCH 35 done: loss 1.4160 - lr: 0.006250
2025-11-18 10:02:09,147 DEV : loss 1.395629644393921 - f1-score (micro avg)  0.3069
2025-11-18 10:02:09,170  - 2 epochs without improvement
2025-11-18 10:02:09,171 ----------------------------------------------------------------------------------------------------
2025-11-18 10:02:13,870 epoch 36 - iter 17/171 - loss 1.42042305 - time (sec): 4.70 - samples/sec: 2345.45 - lr: 0.006250 - momentum: 0.000000
2025-11-18 10:02:18,705 epoch 36 - iter 34/171 - loss 1.42115453 - time (sec): 9.53 - samples/sec: 2402.93 - lr: 0.006250 - momentum: 0.000000
2025-11-18 10:02:23,815 epoch 36 - iter 51/171 - loss 1.42494416 - time (sec): 14.64 - samples/sec: 2352.59 - lr: 0.006250 - momentum: 0.000000
2025-11-18 10:02:29,085 epoch 36 - iter 68/171 - loss 1.41981437 - time (sec): 19.91 - samples/sec: 2312.51 - lr: 0.006250 - momentum: 0.000000
2025-11-18 10:02:34,190 epoch 36 - iter 85/171 - loss 1.41658637 - time (sec): 25.02 - samples/sec: 2305.10 - lr: 0.006250 - momentum: 0.000000
2025-11-18 10:02:38,612 epoch 36 - iter 102/171 - loss 1.41595941 - time (sec): 29.44 - samples/sec: 2337.01 - lr: 0.006250 - momentum: 0.000000
2025-11-18 10:02:44,742 epoch 36 - iter 119/171 - loss 1.41409708 - time (sec): 35.57 - samples/sec: 2269.27 - lr: 0.006250 - momentum: 0.000000
2025-11-18 10:02:50,122 epoch 36 - iter 136/171 - loss 1.41412201 - time (sec): 40.95 - samples/sec: 2262.56 - lr: 0.006250 - momentum: 0.000000
2025-11-18 10:02:55,269 epoch 36 - iter 153/171 - loss 1.41740124 - time (sec): 46.10 - samples/sec: 2261.64 - lr: 0.006250 - momentum: 0.000000
2025-11-18 10:03:00,512 epoch 36 - iter 170/171 - loss 1.41640561 - time (sec): 51.34 - samples/sec: 2261.11 - lr: 0.006250 - momentum: 0.000000
2025-11-18 10:03:00,564 ----------------------------------------------------------------------------------------------------
2025-11-18 10:03:00,564 EPOCH 36 done: loss 1.4163 - lr: 0.006250
2025-11-18 10:03:04,211 DEV : loss 1.3946589231491089 - f1-score (micro avg)  0.301
2025-11-18 10:03:04,236  - 3 epochs without improvement
2025-11-18 10:03:04,237 ----------------------------------------------------------------------------------------------------
2025-11-18 10:03:08,978 epoch 37 - iter 17/171 - loss 1.42549816 - time (sec): 4.74 - samples/sec: 2341.31 - lr: 0.006250 - momentum: 0.000000
2025-11-18 10:03:13,549 epoch 37 - iter 34/171 - loss 1.41598236 - time (sec): 9.31 - samples/sec: 2370.37 - lr: 0.006250 - momentum: 0.000000
2025-11-18 10:03:18,993 epoch 37 - iter 51/171 - loss 1.40577289 - time (sec): 14.76 - samples/sec: 2301.71 - lr: 0.006250 - momentum: 0.000000
2025-11-18 10:03:24,846 epoch 37 - iter 68/171 - loss 1.41333946 - time (sec): 20.61 - samples/sec: 2219.80 - lr: 0.006250 - momentum: 0.000000
2025-11-18 10:03:29,591 epoch 37 - iter 85/171 - loss 1.41557378 - time (sec): 25.35 - samples/sec: 2258.67 - lr: 0.006250 - momentum: 0.000000
2025-11-18 10:03:34,813 epoch 37 - iter 102/171 - loss 1.41795461 - time (sec): 30.58 - samples/sec: 2260.86 - lr: 0.006250 - momentum: 0.000000
2025-11-18 10:03:40,372 epoch 37 - iter 119/171 - loss 1.41964717 - time (sec): 36.13 - samples/sec: 2234.34 - lr: 0.006250 - momentum: 0.000000
2025-11-18 10:03:46,229 epoch 37 - iter 136/171 - loss 1.41591391 - time (sec): 41.99 - samples/sec: 2206.41 - lr: 0.006250 - momentum: 0.000000
2025-11-18 10:03:52,128 epoch 37 - iter 153/171 - loss 1.41497912 - time (sec): 47.89 - samples/sec: 2181.28 - lr: 0.006250 - momentum: 0.000000
2025-11-18 10:03:56,737 epoch 37 - iter 170/171 - loss 1.41561943 - time (sec): 52.50 - samples/sec: 2209.51 - lr: 0.006250 - momentum: 0.000000
2025-11-18 10:03:56,909 ----------------------------------------------------------------------------------------------------
2025-11-18 10:03:56,910 EPOCH 37 done: loss 1.4158 - lr: 0.006250
2025-11-18 10:03:59,449 DEV : loss 1.3919247388839722 - f1-score (micro avg)  0.289
2025-11-18 10:03:59,485  - 4 epochs without improvement (above 'patience')-> annealing learning_rate to [0.003125]
2025-11-18 10:03:59,486 ----------------------------------------------------------------------------------------------------
2025-11-18 10:04:05,088 epoch 38 - iter 17/171 - loss 1.41323725 - time (sec): 5.60 - samples/sec: 2130.91 - lr: 0.003125 - momentum: 0.000000
2025-11-18 10:04:12,176 epoch 38 - iter 34/171 - loss 1.41431420 - time (sec): 12.69 - samples/sec: 1844.30 - lr: 0.003125 - momentum: 0.000000
2025-11-18 10:04:17,249 epoch 38 - iter 51/171 - loss 1.42047755 - time (sec): 17.76 - samples/sec: 1964.73 - lr: 0.003125 - momentum: 0.000000
2025-11-18 10:04:23,554 epoch 38 - iter 68/171 - loss 1.41639917 - time (sec): 24.07 - samples/sec: 1955.15 - lr: 0.003125 - momentum: 0.000000
2025-11-18 10:04:28,478 epoch 38 - iter 85/171 - loss 1.41922501 - time (sec): 28.99 - samples/sec: 2056.76 - lr: 0.003125 - momentum: 0.000000
2025-11-18 10:04:33,821 epoch 38 - iter 102/171 - loss 1.41524735 - time (sec): 34.33 - samples/sec: 2060.89 - lr: 0.003125 - momentum: 0.000000
2025-11-18 10:04:39,185 epoch 38 - iter 119/171 - loss 1.41546051 - time (sec): 39.70 - samples/sec: 2078.95 - lr: 0.003125 - momentum: 0.000000
2025-11-18 10:04:44,643 epoch 38 - iter 136/171 - loss 1.41566948 - time (sec): 45.16 - samples/sec: 2076.67 - lr: 0.003125 - momentum: 0.000000
2025-11-18 10:04:49,754 epoch 38 - iter 153/171 - loss 1.41247142 - time (sec): 50.27 - samples/sec: 2087.81 - lr: 0.003125 - momentum: 0.000000
2025-11-18 10:04:54,401 epoch 38 - iter 170/171 - loss 1.41345651 - time (sec): 54.91 - samples/sec: 2112.70 - lr: 0.003125 - momentum: 0.000000
2025-11-18 10:04:54,639 ----------------------------------------------------------------------------------------------------
2025-11-18 10:04:54,639 EPOCH 38 done: loss 1.4139 - lr: 0.003125
2025-11-18 10:04:57,086 DEV : loss 1.3902415037155151 - f1-score (micro avg)  0.2758
2025-11-18 10:04:57,111  - 1 epochs without improvement
2025-11-18 10:04:57,112 ----------------------------------------------------------------------------------------------------
2025-11-18 10:05:02,092 epoch 39 - iter 17/171 - loss 1.40344461 - time (sec): 4.98 - samples/sec: 2276.90 - lr: 0.003125 - momentum: 0.000000
2025-11-18 10:05:07,409 epoch 39 - iter 34/171 - loss 1.39835686 - time (sec): 10.30 - samples/sec: 2251.24 - lr: 0.003125 - momentum: 0.000000
2025-11-18 10:05:12,858 epoch 39 - iter 51/171 - loss 1.40889964 - time (sec): 15.75 - samples/sec: 2210.01 - lr: 0.003125 - momentum: 0.000000
2025-11-18 10:05:18,297 epoch 39 - iter 68/171 - loss 1.41292437 - time (sec): 21.19 - samples/sec: 2186.32 - lr: 0.003125 - momentum: 0.000000
2025-11-18 10:05:23,569 epoch 39 - iter 85/171 - loss 1.41375678 - time (sec): 26.46 - samples/sec: 2207.26 - lr: 0.003125 - momentum: 0.000000
2025-11-18 10:05:28,637 epoch 39 - iter 102/171 - loss 1.40835792 - time (sec): 31.52 - samples/sec: 2217.93 - lr: 0.003125 - momentum: 0.000000
2025-11-18 10:05:33,490 epoch 39 - iter 119/171 - loss 1.41510190 - time (sec): 36.38 - samples/sec: 2243.56 - lr: 0.003125 - momentum: 0.000000
2025-11-18 10:05:38,233 epoch 39 - iter 136/171 - loss 1.41284637 - time (sec): 41.12 - samples/sec: 2256.64 - lr: 0.003125 - momentum: 0.000000
2025-11-18 10:05:44,344 epoch 39 - iter 153/171 - loss 1.41537294 - time (sec): 47.23 - samples/sec: 2219.13 - lr: 0.003125 - momentum: 0.000000
2025-11-18 10:05:48,705 epoch 39 - iter 170/171 - loss 1.41612316 - time (sec): 51.59 - samples/sec: 2249.20 - lr: 0.003125 - momentum: 0.000000
2025-11-18 10:05:48,823 ----------------------------------------------------------------------------------------------------
2025-11-18 10:05:48,824 EPOCH 39 done: loss 1.4159 - lr: 0.003125
2025-11-18 10:05:51,446 DEV : loss 1.3911346197128296 - f1-score (micro avg)  0.2918
2025-11-18 10:05:51,470  - 2 epochs without improvement
2025-11-18 10:05:51,470 ----------------------------------------------------------------------------------------------------
2025-11-18 10:05:56,216 epoch 40 - iter 17/171 - loss 1.41545409 - time (sec): 4.74 - samples/sec: 2445.76 - lr: 0.003125 - momentum: 0.000000
2025-11-18 10:06:01,090 epoch 40 - iter 34/171 - loss 1.41211484 - time (sec): 9.62 - samples/sec: 2394.60 - lr: 0.003125 - momentum: 0.000000
2025-11-18 10:06:05,953 epoch 40 - iter 51/171 - loss 1.40591874 - time (sec): 14.48 - samples/sec: 2360.32 - lr: 0.003125 - momentum: 0.000000
2025-11-18 10:06:11,216 epoch 40 - iter 68/171 - loss 1.40694980 - time (sec): 19.75 - samples/sec: 2338.96 - lr: 0.003125 - momentum: 0.000000
2025-11-18 10:06:15,696 epoch 40 - iter 85/171 - loss 1.40844451 - time (sec): 24.23 - samples/sec: 2381.31 - lr: 0.003125 - momentum: 0.000000
2025-11-18 10:06:21,021 epoch 40 - iter 102/171 - loss 1.41218201 - time (sec): 29.55 - samples/sec: 2359.67 - lr: 0.003125 - momentum: 0.000000
2025-11-18 10:06:27,412 epoch 40 - iter 119/171 - loss 1.41561977 - time (sec): 35.94 - samples/sec: 2270.20 - lr: 0.003125 - momentum: 0.000000
2025-11-18 10:06:32,312 epoch 40 - iter 136/171 - loss 1.41659270 - time (sec): 40.84 - samples/sec: 2285.25 - lr: 0.003125 - momentum: 0.000000
2025-11-18 10:06:36,773 epoch 40 - iter 153/171 - loss 1.41515622 - time (sec): 45.30 - samples/sec: 2308.82 - lr: 0.003125 - momentum: 0.000000
2025-11-18 10:06:41,813 epoch 40 - iter 170/171 - loss 1.41517442 - time (sec): 50.34 - samples/sec: 2305.36 - lr: 0.003125 - momentum: 0.000000
2025-11-18 10:06:42,012 ----------------------------------------------------------------------------------------------------
2025-11-18 10:06:42,012 EPOCH 40 done: loss 1.4151 - lr: 0.003125
2025-11-18 10:06:44,704 DEV : loss 1.3928732872009277 - f1-score (micro avg)  0.2977
2025-11-18 10:06:44,728  - 3 epochs without improvement
2025-11-18 10:06:44,730 ----------------------------------------------------------------------------------------------------
2025-11-18 10:06:52,004 epoch 41 - iter 17/171 - loss 1.40921584 - time (sec): 7.27 - samples/sec: 1575.95 - lr: 0.003125 - momentum: 0.000000
2025-11-18 10:06:57,368 epoch 41 - iter 34/171 - loss 1.39771312 - time (sec): 12.64 - samples/sec: 1839.65 - lr: 0.003125 - momentum: 0.000000
2025-11-18 10:07:02,643 epoch 41 - iter 51/171 - loss 1.40100058 - time (sec): 17.91 - samples/sec: 1941.36 - lr: 0.003125 - momentum: 0.000000
2025-11-18 10:07:07,657 epoch 41 - iter 68/171 - loss 1.40551381 - time (sec): 22.93 - samples/sec: 2010.28 - lr: 0.003125 - momentum: 0.000000
2025-11-18 10:07:13,045 epoch 41 - iter 85/171 - loss 1.41127097 - time (sec): 28.31 - samples/sec: 2036.78 - lr: 0.003125 - momentum: 0.000000
2025-11-18 10:07:17,760 epoch 41 - iter 102/171 - loss 1.41256909 - time (sec): 33.03 - samples/sec: 2080.94 - lr: 0.003125 - momentum: 0.000000
2025-11-18 10:07:22,837 epoch 41 - iter 119/171 - loss 1.40843695 - time (sec): 38.11 - samples/sec: 2117.11 - lr: 0.003125 - momentum: 0.000000
2025-11-18 10:07:28,253 epoch 41 - iter 136/171 - loss 1.41365063 - time (sec): 43.52 - samples/sec: 2125.70 - lr: 0.003125 - momentum: 0.000000
2025-11-18 10:07:33,273 epoch 41 - iter 153/171 - loss 1.41590996 - time (sec): 48.54 - samples/sec: 2151.86 - lr: 0.003125 - momentum: 0.000000
2025-11-18 10:07:38,301 epoch 41 - iter 170/171 - loss 1.41565800 - time (sec): 53.57 - samples/sec: 2166.59 - lr: 0.003125 - momentum: 0.000000
2025-11-18 10:07:38,382 ----------------------------------------------------------------------------------------------------
2025-11-18 10:07:38,382 EPOCH 41 done: loss 1.4157 - lr: 0.003125
2025-11-18 10:07:42,121 DEV : loss 1.390550136566162 - f1-score (micro avg)  0.2691
2025-11-18 10:07:42,149  - 4 epochs without improvement (above 'patience')-> annealing learning_rate to [0.0015625]
2025-11-18 10:07:42,149 ----------------------------------------------------------------------------------------------------
2025-11-18 10:07:47,154 epoch 42 - iter 17/171 - loss 1.40983511 - time (sec): 5.00 - samples/sec: 2256.24 - lr: 0.001563 - momentum: 0.000000
2025-11-18 10:07:52,418 epoch 42 - iter 34/171 - loss 1.41974478 - time (sec): 10.27 - samples/sec: 2197.02 - lr: 0.001563 - momentum: 0.000000
2025-11-18 10:07:57,990 epoch 42 - iter 51/171 - loss 1.42292594 - time (sec): 15.84 - samples/sec: 2140.74 - lr: 0.001563 - momentum: 0.000000
2025-11-18 10:08:03,024 epoch 42 - iter 68/171 - loss 1.41933775 - time (sec): 20.87 - samples/sec: 2165.66 - lr: 0.001563 - momentum: 0.000000
2025-11-18 10:08:08,310 epoch 42 - iter 85/171 - loss 1.41568292 - time (sec): 26.16 - samples/sec: 2178.06 - lr: 0.001563 - momentum: 0.000000
2025-11-18 10:08:13,911 epoch 42 - iter 102/171 - loss 1.41233111 - time (sec): 31.76 - samples/sec: 2181.02 - lr: 0.001563 - momentum: 0.000000
2025-11-18 10:08:18,962 epoch 42 - iter 119/171 - loss 1.41629460 - time (sec): 36.81 - samples/sec: 2202.65 - lr: 0.001563 - momentum: 0.000000
2025-11-18 10:08:24,254 epoch 42 - iter 136/171 - loss 1.41406942 - time (sec): 42.10 - samples/sec: 2206.31 - lr: 0.001563 - momentum: 0.000000
2025-11-18 10:08:29,619 epoch 42 - iter 153/171 - loss 1.41425945 - time (sec): 47.47 - samples/sec: 2201.91 - lr: 0.001563 - momentum: 0.000000
2025-11-18 10:08:34,109 epoch 42 - iter 170/171 - loss 1.41329553 - time (sec): 51.96 - samples/sec: 2232.04 - lr: 0.001563 - momentum: 0.000000
2025-11-18 10:08:34,244 ----------------------------------------------------------------------------------------------------
2025-11-18 10:08:34,244 EPOCH 42 done: loss 1.4135 - lr: 0.001563
2025-11-18 10:08:36,566 DEV : loss 1.391987681388855 - f1-score (micro avg)  0.2887
2025-11-18 10:08:36,590  - 1 epochs without improvement
2025-11-18 10:08:36,592 ----------------------------------------------------------------------------------------------------
2025-11-18 10:08:42,300 epoch 43 - iter 17/171 - loss 1.40056270 - time (sec): 5.71 - samples/sec: 2066.38 - lr: 0.001563 - momentum: 0.000000
2025-11-18 10:08:47,756 epoch 43 - iter 34/171 - loss 1.40529861 - time (sec): 11.16 - samples/sec: 2077.26 - lr: 0.001563 - momentum: 0.000000
2025-11-18 10:08:52,753 epoch 43 - iter 51/171 - loss 1.40597361 - time (sec): 16.16 - samples/sec: 2131.53 - lr: 0.001563 - momentum: 0.000000
2025-11-18 10:08:57,979 epoch 43 - iter 68/171 - loss 1.40605706 - time (sec): 21.39 - samples/sec: 2149.35 - lr: 0.001563 - momentum: 0.000000
2025-11-18 10:09:02,708 epoch 43 - iter 85/171 - loss 1.40632076 - time (sec): 26.12 - samples/sec: 2197.00 - lr: 0.001563 - momentum: 0.000000
2025-11-18 10:09:07,246 epoch 43 - iter 102/171 - loss 1.40706940 - time (sec): 30.65 - samples/sec: 2238.63 - lr: 0.001563 - momentum: 0.000000
2025-11-18 10:09:11,891 epoch 43 - iter 119/171 - loss 1.40570092 - time (sec): 35.30 - samples/sec: 2293.13 - lr: 0.001563 - momentum: 0.000000
2025-11-18 10:09:17,199 epoch 43 - iter 136/171 - loss 1.41012885 - time (sec): 40.61 - samples/sec: 2280.43 - lr: 0.001563 - momentum: 0.000000
2025-11-18 10:09:21,207 epoch 43 - iter 153/171 - loss 1.41241021 - time (sec): 44.61 - samples/sec: 2339.06 - lr: 0.001563 - momentum: 0.000000
2025-11-18 10:09:25,502 epoch 43 - iter 170/171 - loss 1.41304157 - time (sec): 48.91 - samples/sec: 2372.78 - lr: 0.001563 - momentum: 0.000000
2025-11-18 10:09:25,586 ----------------------------------------------------------------------------------------------------
2025-11-18 10:09:25,586 EPOCH 43 done: loss 1.4132 - lr: 0.001563
2025-11-18 10:09:27,603 DEV : loss 1.3919755220413208 - f1-score (micro avg)  0.2981
2025-11-18 10:09:27,626  - 2 epochs without improvement
2025-11-18 10:09:27,627 ----------------------------------------------------------------------------------------------------
2025-11-18 10:09:31,002 epoch 44 - iter 17/171 - loss 1.40457363 - time (sec): 3.37 - samples/sec: 3281.46 - lr: 0.001563 - momentum: 0.000000
2025-11-18 10:09:34,980 epoch 44 - iter 34/171 - loss 1.41535986 - time (sec): 7.35 - samples/sec: 3052.45 - lr: 0.001563 - momentum: 0.000000
2025-11-18 10:09:38,869 epoch 44 - iter 51/171 - loss 1.41085398 - time (sec): 11.24 - samples/sec: 3032.93 - lr: 0.001563 - momentum: 0.000000
2025-11-18 10:09:43,828 epoch 44 - iter 68/171 - loss 1.41504462 - time (sec): 16.20 - samples/sec: 2884.80 - lr: 0.001563 - momentum: 0.000000
2025-11-18 10:09:47,676 epoch 44 - iter 85/171 - loss 1.41276896 - time (sec): 20.05 - samples/sec: 2931.48 - lr: 0.001563 - momentum: 0.000000
2025-11-18 10:09:51,594 epoch 44 - iter 102/171 - loss 1.41466029 - time (sec): 23.97 - samples/sec: 2952.43 - lr: 0.001563 - momentum: 0.000000
2025-11-18 10:09:55,908 epoch 44 - iter 119/171 - loss 1.41761426 - time (sec): 28.28 - samples/sec: 2910.68 - lr: 0.001563 - momentum: 0.000000
2025-11-18 10:09:59,731 epoch 44 - iter 136/171 - loss 1.41602154 - time (sec): 32.10 - samples/sec: 2909.84 - lr: 0.001563 - momentum: 0.000000
2025-11-18 10:10:03,447 epoch 44 - iter 153/171 - loss 1.41604972 - time (sec): 35.82 - samples/sec: 2915.54 - lr: 0.001563 - momentum: 0.000000
2025-11-18 10:10:07,246 epoch 44 - iter 170/171 - loss 1.41485084 - time (sec): 39.62 - samples/sec: 2930.12 - lr: 0.001563 - momentum: 0.000000
2025-11-18 10:10:07,284 ----------------------------------------------------------------------------------------------------
2025-11-18 10:10:07,284 EPOCH 44 done: loss 1.4149 - lr: 0.001563
2025-11-18 10:10:09,317 DEV : loss 1.391566514968872 - f1-score (micro avg)  0.2948
2025-11-18 10:10:09,341  - 3 epochs without improvement
2025-11-18 10:10:09,341 ----------------------------------------------------------------------------------------------------
2025-11-18 10:10:13,477 epoch 45 - iter 17/171 - loss 1.40724344 - time (sec): 4.14 - samples/sec: 2906.10 - lr: 0.001563 - momentum: 0.000000
2025-11-18 10:10:17,624 epoch 45 - iter 34/171 - loss 1.41891815 - time (sec): 8.28 - samples/sec: 2893.90 - lr: 0.001563 - momentum: 0.000000
2025-11-18 10:10:22,062 epoch 45 - iter 51/171 - loss 1.41569920 - time (sec): 12.72 - samples/sec: 2817.89 - lr: 0.001563 - momentum: 0.000000
2025-11-18 10:10:25,673 epoch 45 - iter 68/171 - loss 1.41071791 - time (sec): 16.33 - samples/sec: 2850.10 - lr: 0.001563 - momentum: 0.000000
2025-11-18 10:10:29,642 epoch 45 - iter 85/171 - loss 1.40825240 - time (sec): 20.30 - samples/sec: 2865.73 - lr: 0.001563 - momentum: 0.000000
2025-11-18 10:10:33,572 epoch 45 - iter 102/171 - loss 1.40973924 - time (sec): 24.23 - samples/sec: 2870.84 - lr: 0.001563 - momentum: 0.000000
2025-11-18 10:10:37,002 epoch 45 - iter 119/171 - loss 1.41403823 - time (sec): 27.66 - samples/sec: 2913.35 - lr: 0.001563 - momentum: 0.000000
2025-11-18 10:10:42,025 epoch 45 - iter 136/171 - loss 1.41427879 - time (sec): 32.68 - samples/sec: 2825.71 - lr: 0.001563 - momentum: 0.000000
2025-11-18 10:10:46,386 epoch 45 - iter 153/171 - loss 1.41270703 - time (sec): 37.04 - samples/sec: 2810.54 - lr: 0.001563 - momentum: 0.000000
2025-11-18 10:10:50,970 epoch 45 - iter 170/171 - loss 1.41284759 - time (sec): 41.63 - samples/sec: 2787.62 - lr: 0.001563 - momentum: 0.000000
2025-11-18 10:10:51,077 ----------------------------------------------------------------------------------------------------
2025-11-18 10:10:51,077 EPOCH 45 done: loss 1.4130 - lr: 0.001563
2025-11-18 10:10:53,113 DEV : loss 1.3900128602981567 - f1-score (micro avg)  0.284
2025-11-18 10:10:53,136  - 4 epochs without improvement (above 'patience')-> annealing learning_rate to [0.00078125]
2025-11-18 10:10:53,136 ----------------------------------------------------------------------------------------------------
2025-11-18 10:10:57,026 epoch 46 - iter 17/171 - loss 1.41534953 - time (sec): 3.89 - samples/sec: 3010.73 - lr: 0.000781 - momentum: 0.000000
2025-11-18 10:11:01,589 epoch 46 - iter 34/171 - loss 1.41714623 - time (sec): 8.45 - samples/sec: 2827.12 - lr: 0.000781 - momentum: 0.000000
2025-11-18 10:11:05,732 epoch 46 - iter 51/171 - loss 1.41961168 - time (sec): 12.60 - samples/sec: 2805.36 - lr: 0.000781 - momentum: 0.000000
2025-11-18 10:11:10,254 epoch 46 - iter 68/171 - loss 1.41859016 - time (sec): 17.12 - samples/sec: 2762.89 - lr: 0.000781 - momentum: 0.000000
2025-11-18 10:11:13,955 epoch 46 - iter 85/171 - loss 1.41695816 - time (sec): 20.82 - samples/sec: 2817.26 - lr: 0.000781 - momentum: 0.000000
2025-11-18 10:11:18,007 epoch 46 - iter 102/171 - loss 1.41494415 - time (sec): 24.87 - samples/sec: 2833.99 - lr: 0.000781 - momentum: 0.000000
2025-11-18 10:11:21,467 epoch 46 - iter 119/171 - loss 1.41211795 - time (sec): 28.33 - samples/sec: 2868.89 - lr: 0.000781 - momentum: 0.000000
2025-11-18 10:11:25,091 epoch 46 - iter 136/171 - loss 1.41525337 - time (sec): 31.95 - samples/sec: 2892.71 - lr: 0.000781 - momentum: 0.000000
2025-11-18 10:11:29,000 epoch 46 - iter 153/171 - loss 1.41211569 - time (sec): 35.86 - samples/sec: 2901.26 - lr: 0.000781 - momentum: 0.000000
2025-11-18 10:11:33,292 epoch 46 - iter 170/171 - loss 1.41298980 - time (sec): 40.16 - samples/sec: 2891.50 - lr: 0.000781 - momentum: 0.000000
2025-11-18 10:11:33,313 ----------------------------------------------------------------------------------------------------
2025-11-18 10:11:33,314 EPOCH 46 done: loss 1.4130 - lr: 0.000781
2025-11-18 10:11:36,083 DEV : loss 1.3910518884658813 - f1-score (micro avg)  0.2922
2025-11-18 10:11:36,106  - 1 epochs without improvement
2025-11-18 10:11:36,107 ----------------------------------------------------------------------------------------------------
2025-11-18 10:11:40,176 epoch 47 - iter 17/171 - loss 1.42723351 - time (sec): 4.07 - samples/sec: 2801.70 - lr: 0.000781 - momentum: 0.000000
2025-11-18 10:11:44,074 epoch 47 - iter 34/171 - loss 1.42249787 - time (sec): 7.97 - samples/sec: 2853.61 - lr: 0.000781 - momentum: 0.000000
2025-11-18 10:11:48,292 epoch 47 - iter 51/171 - loss 1.41896093 - time (sec): 12.18 - samples/sec: 2866.94 - lr: 0.000781 - momentum: 0.000000
2025-11-18 10:11:52,470 epoch 47 - iter 68/171 - loss 1.41510539 - time (sec): 16.36 - samples/sec: 2907.62 - lr: 0.000781 - momentum: 0.000000
2025-11-18 10:11:56,220 epoch 47 - iter 85/171 - loss 1.41354598 - time (sec): 20.11 - samples/sec: 2918.32 - lr: 0.000781 - momentum: 0.000000
2025-11-18 10:12:00,227 epoch 47 - iter 102/171 - loss 1.41603463 - time (sec): 24.12 - samples/sec: 2913.16 - lr: 0.000781 - momentum: 0.000000
2025-11-18 10:12:04,255 epoch 47 - iter 119/171 - loss 1.41382648 - time (sec): 28.15 - samples/sec: 2897.64 - lr: 0.000781 - momentum: 0.000000
2025-11-18 10:12:08,298 epoch 47 - iter 136/171 - loss 1.41196606 - time (sec): 32.19 - samples/sec: 2896.56 - lr: 0.000781 - momentum: 0.000000
2025-11-18 10:12:12,639 epoch 47 - iter 153/171 - loss 1.41425450 - time (sec): 36.53 - samples/sec: 2863.21 - lr: 0.000781 - momentum: 0.000000
2025-11-18 10:12:16,323 epoch 47 - iter 170/171 - loss 1.41272937 - time (sec): 40.22 - samples/sec: 2885.17 - lr: 0.000781 - momentum: 0.000000
2025-11-18 10:12:16,389 ----------------------------------------------------------------------------------------------------
2025-11-18 10:12:16,389 EPOCH 47 done: loss 1.4128 - lr: 0.000781
2025-11-18 10:12:18,396 DEV : loss 1.3906701803207397 - f1-score (micro avg)  0.285
2025-11-18 10:12:18,422  - 2 epochs without improvement
2025-11-18 10:12:18,424 ----------------------------------------------------------------------------------------------------
2025-11-18 10:12:22,357 epoch 48 - iter 17/171 - loss 1.40944821 - time (sec): 3.93 - samples/sec: 2856.60 - lr: 0.000781 - momentum: 0.000000
2025-11-18 10:12:26,137 epoch 48 - iter 34/171 - loss 1.40310738 - time (sec): 7.71 - samples/sec: 2943.50 - lr: 0.000781 - momentum: 0.000000
2025-11-18 10:12:30,071 epoch 48 - iter 51/171 - loss 1.41452169 - time (sec): 11.65 - samples/sec: 2941.63 - lr: 0.000781 - momentum: 0.000000
2025-11-18 10:12:34,010 epoch 48 - iter 68/171 - loss 1.41145366 - time (sec): 15.59 - samples/sec: 2929.38 - lr: 0.000781 - momentum: 0.000000
2025-11-18 10:12:38,126 epoch 48 - iter 85/171 - loss 1.40948892 - time (sec): 19.70 - samples/sec: 2922.41 - lr: 0.000781 - momentum: 0.000000
2025-11-18 10:12:41,858 epoch 48 - iter 102/171 - loss 1.41334258 - time (sec): 23.43 - samples/sec: 2926.02 - lr: 0.000781 - momentum: 0.000000
2025-11-18 10:12:45,648 epoch 48 - iter 119/171 - loss 1.41017426 - time (sec): 27.22 - samples/sec: 2946.59 - lr: 0.000781 - momentum: 0.000000
2025-11-18 10:12:49,781 epoch 48 - iter 136/171 - loss 1.40968493 - time (sec): 31.36 - samples/sec: 2958.08 - lr: 0.000781 - momentum: 0.000000
2025-11-18 10:12:53,756 epoch 48 - iter 153/171 - loss 1.40866186 - time (sec): 35.33 - samples/sec: 2959.88 - lr: 0.000781 - momentum: 0.000000
2025-11-18 10:12:57,698 epoch 48 - iter 170/171 - loss 1.41240542 - time (sec): 39.27 - samples/sec: 2953.74 - lr: 0.000781 - momentum: 0.000000
2025-11-18 10:12:57,804 ----------------------------------------------------------------------------------------------------
2025-11-18 10:12:57,804 EPOCH 48 done: loss 1.4129 - lr: 0.000781
2025-11-18 10:12:59,812 DEV : loss 1.3903608322143555 - f1-score (micro avg)  0.2847
2025-11-18 10:12:59,835  - 3 epochs without improvement
2025-11-18 10:12:59,836 ----------------------------------------------------------------------------------------------------
2025-11-18 10:13:04,037 epoch 49 - iter 17/171 - loss 1.39514976 - time (sec): 4.20 - samples/sec: 2807.42 - lr: 0.000781 - momentum: 0.000000
2025-11-18 10:13:07,843 epoch 49 - iter 34/171 - loss 1.40195604 - time (sec): 8.01 - samples/sec: 2915.81 - lr: 0.000781 - momentum: 0.000000
2025-11-18 10:13:11,776 epoch 49 - iter 51/171 - loss 1.40954007 - time (sec): 11.94 - samples/sec: 2949.77 - lr: 0.000781 - momentum: 0.000000
2025-11-18 10:13:15,657 epoch 49 - iter 68/171 - loss 1.41695869 - time (sec): 15.82 - samples/sec: 2970.67 - lr: 0.000781 - momentum: 0.000000
2025-11-18 10:13:20,096 epoch 49 - iter 85/171 - loss 1.41461308 - time (sec): 20.26 - samples/sec: 2907.17 - lr: 0.000781 - momentum: 0.000000
2025-11-18 10:13:23,668 epoch 49 - iter 102/171 - loss 1.41474295 - time (sec): 23.83 - samples/sec: 2956.88 - lr: 0.000781 - momentum: 0.000000
2025-11-18 10:13:27,296 epoch 49 - iter 119/171 - loss 1.41611797 - time (sec): 27.46 - samples/sec: 2964.43 - lr: 0.000781 - momentum: 0.000000
2025-11-18 10:13:31,216 epoch 49 - iter 136/171 - loss 1.41437397 - time (sec): 31.38 - samples/sec: 2941.74 - lr: 0.000781 - momentum: 0.000000
2025-11-18 10:13:34,896 epoch 49 - iter 153/171 - loss 1.41267325 - time (sec): 35.06 - samples/sec: 2965.45 - lr: 0.000781 - momentum: 0.000000
2025-11-18 10:13:39,891 epoch 49 - iter 170/171 - loss 1.41150751 - time (sec): 40.05 - samples/sec: 2895.84 - lr: 0.000781 - momentum: 0.000000
2025-11-18 10:13:39,989 ----------------------------------------------------------------------------------------------------
2025-11-18 10:13:39,989 EPOCH 49 done: loss 1.4116 - lr: 0.000781
2025-11-18 10:13:41,983 DEV : loss 1.3914953470230103 - f1-score (micro avg)  0.2926
2025-11-18 10:13:42,006  - 4 epochs without improvement (above 'patience')-> annealing learning_rate to [0.000390625]
2025-11-18 10:13:42,006 ----------------------------------------------------------------------------------------------------
2025-11-18 10:13:46,125 epoch 50 - iter 17/171 - loss 1.41423613 - time (sec): 4.12 - samples/sec: 2841.81 - lr: 0.000391 - momentum: 0.000000
2025-11-18 10:13:49,839 epoch 50 - iter 34/171 - loss 1.39923709 - time (sec): 7.83 - samples/sec: 2985.26 - lr: 0.000391 - momentum: 0.000000
2025-11-18 10:13:53,546 epoch 50 - iter 51/171 - loss 1.40496500 - time (sec): 11.54 - samples/sec: 3049.97 - lr: 0.000391 - momentum: 0.000000
2025-11-18 10:13:57,436 epoch 50 - iter 68/171 - loss 1.40838035 - time (sec): 15.43 - samples/sec: 3019.71 - lr: 0.000391 - momentum: 0.000000
2025-11-18 10:14:01,462 epoch 50 - iter 85/171 - loss 1.41318763 - time (sec): 19.46 - samples/sec: 2989.61 - lr: 0.000391 - momentum: 0.000000
2025-11-18 10:14:05,494 epoch 50 - iter 102/171 - loss 1.41277360 - time (sec): 23.49 - samples/sec: 2969.32 - lr: 0.000391 - momentum: 0.000000
2025-11-18 10:14:09,596 epoch 50 - iter 119/171 - loss 1.41363049 - time (sec): 27.59 - samples/sec: 2946.68 - lr: 0.000391 - momentum: 0.000000
2025-11-18 10:14:13,485 epoch 50 - iter 136/171 - loss 1.41160389 - time (sec): 31.48 - samples/sec: 2940.79 - lr: 0.000391 - momentum: 0.000000
2025-11-18 10:14:17,591 epoch 50 - iter 153/171 - loss 1.41061177 - time (sec): 35.59 - samples/sec: 2931.22 - lr: 0.000391 - momentum: 0.000000
2025-11-18 10:14:21,622 epoch 50 - iter 170/171 - loss 1.41248336 - time (sec): 39.62 - samples/sec: 2930.66 - lr: 0.000391 - momentum: 0.000000
2025-11-18 10:14:21,662 ----------------------------------------------------------------------------------------------------
2025-11-18 10:14:21,662 EPOCH 50 done: loss 1.4126 - lr: 0.000391
2025-11-18 10:14:23,648 DEV : loss 1.3906563520431519 - f1-score (micro avg)  0.2871
2025-11-18 10:14:23,671  - 1 epochs without improvement
2025-11-18 10:14:23,672 ----------------------------------------------------------------------------------------------------
2025-11-18 10:14:27,802 epoch 51 - iter 17/171 - loss 1.40931567 - time (sec): 4.13 - samples/sec: 2841.74 - lr: 0.000391 - momentum: 0.000000
2025-11-18 10:14:31,962 epoch 51 - iter 34/171 - loss 1.41465417 - time (sec): 8.29 - samples/sec: 2794.46 - lr: 0.000391 - momentum: 0.000000
2025-11-18 10:14:35,834 epoch 51 - iter 51/171 - loss 1.41631338 - time (sec): 12.16 - samples/sec: 2828.06 - lr: 0.000391 - momentum: 0.000000
2025-11-18 10:14:39,776 epoch 51 - iter 68/171 - loss 1.41614232 - time (sec): 16.10 - samples/sec: 2872.46 - lr: 0.000391 - momentum: 0.000000
2025-11-18 10:14:43,818 epoch 51 - iter 85/171 - loss 1.41310259 - time (sec): 20.15 - samples/sec: 2875.10 - lr: 0.000391 - momentum: 0.000000
2025-11-18 10:14:47,952 epoch 51 - iter 102/171 - loss 1.41339351 - time (sec): 24.28 - samples/sec: 2875.79 - lr: 0.000391 - momentum: 0.000000
2025-11-18 10:14:51,883 epoch 51 - iter 119/171 - loss 1.41140394 - time (sec): 28.21 - samples/sec: 2897.71 - lr: 0.000391 - momentum: 0.000000
2025-11-18 10:14:55,690 epoch 51 - iter 136/171 - loss 1.40917813 - time (sec): 32.02 - samples/sec: 2899.41 - lr: 0.000391 - momentum: 0.000000
2025-11-18 10:15:00,630 epoch 51 - iter 153/171 - loss 1.41316990 - time (sec): 36.96 - samples/sec: 2830.99 - lr: 0.000391 - momentum: 0.000000
2025-11-18 10:15:04,367 epoch 51 - iter 170/171 - loss 1.41284947 - time (sec): 40.69 - samples/sec: 2852.18 - lr: 0.000391 - momentum: 0.000000
2025-11-18 10:15:04,415 ----------------------------------------------------------------------------------------------------
2025-11-18 10:15:04,416 EPOCH 51 done: loss 1.4127 - lr: 0.000391
2025-11-18 10:15:06,455 DEV : loss 1.3912508487701416 - f1-score (micro avg)  0.291
2025-11-18 10:15:06,478  - 2 epochs without improvement
2025-11-18 10:15:06,479 ----------------------------------------------------------------------------------------------------
2025-11-18 10:15:10,451 epoch 52 - iter 17/171 - loss 1.41931399 - time (sec): 3.97 - samples/sec: 2788.94 - lr: 0.000391 - momentum: 0.000000
2025-11-18 10:15:14,523 epoch 52 - iter 34/171 - loss 1.40096231 - time (sec): 8.04 - samples/sec: 2788.79 - lr: 0.000391 - momentum: 0.000000
2025-11-18 10:15:18,566 epoch 52 - iter 51/171 - loss 1.39740878 - time (sec): 12.09 - samples/sec: 2818.72 - lr: 0.000391 - momentum: 0.000000
2025-11-18 10:15:22,671 epoch 52 - iter 68/171 - loss 1.40401966 - time (sec): 16.19 - samples/sec: 2813.58 - lr: 0.000391 - momentum: 0.000000
2025-11-18 10:15:26,523 epoch 52 - iter 85/171 - loss 1.40716677 - time (sec): 20.04 - samples/sec: 2841.93 - lr: 0.000391 - momentum: 0.000000
2025-11-18 10:15:30,403 epoch 52 - iter 102/171 - loss 1.40709280 - time (sec): 23.92 - samples/sec: 2864.54 - lr: 0.000391 - momentum: 0.000000
2025-11-18 10:15:34,741 epoch 52 - iter 119/171 - loss 1.40967224 - time (sec): 28.26 - samples/sec: 2845.18 - lr: 0.000391 - momentum: 0.000000
2025-11-18 10:15:38,970 epoch 52 - iter 136/171 - loss 1.40954397 - time (sec): 32.49 - samples/sec: 2848.78 - lr: 0.000391 - momentum: 0.000000
2025-11-18 10:15:43,165 epoch 52 - iter 153/171 - loss 1.41023742 - time (sec): 36.69 - samples/sec: 2842.82 - lr: 0.000391 - momentum: 0.000000
2025-11-18 10:15:47,794 epoch 52 - iter 170/171 - loss 1.41088349 - time (sec): 41.32 - samples/sec: 2810.04 - lr: 0.000391 - momentum: 0.000000
2025-11-18 10:15:47,831 ----------------------------------------------------------------------------------------------------
2025-11-18 10:15:47,832 EPOCH 52 done: loss 1.4108 - lr: 0.000391
2025-11-18 10:15:50,834 DEV : loss 1.3904783725738525 - f1-score (micro avg)  0.2864
2025-11-18 10:15:50,859  - 3 epochs without improvement
2025-11-18 10:15:50,859 ----------------------------------------------------------------------------------------------------
2025-11-18 10:15:55,188 epoch 53 - iter 17/171 - loss 1.40283275 - time (sec): 4.33 - samples/sec: 2712.97 - lr: 0.000391 - momentum: 0.000000
2025-11-18 10:15:58,880 epoch 53 - iter 34/171 - loss 1.40784485 - time (sec): 8.02 - samples/sec: 2872.53 - lr: 0.000391 - momentum: 0.000000
2025-11-18 10:16:02,860 epoch 53 - iter 51/171 - loss 1.40416150 - time (sec): 12.00 - samples/sec: 2891.11 - lr: 0.000391 - momentum: 0.000000
2025-11-18 10:16:06,877 epoch 53 - iter 68/171 - loss 1.40285515 - time (sec): 16.02 - samples/sec: 2873.90 - lr: 0.000391 - momentum: 0.000000
2025-11-18 10:16:11,590 epoch 53 - iter 85/171 - loss 1.40347935 - time (sec): 20.73 - samples/sec: 2797.65 - lr: 0.000391 - momentum: 0.000000
2025-11-18 10:16:15,801 epoch 53 - iter 102/171 - loss 1.40676218 - time (sec): 24.94 - samples/sec: 2804.98 - lr: 0.000391 - momentum: 0.000000
2025-11-18 10:16:19,989 epoch 53 - iter 119/171 - loss 1.40814251 - time (sec): 29.13 - samples/sec: 2814.26 - lr: 0.000391 - momentum: 0.000000
2025-11-18 10:16:24,542 epoch 53 - iter 136/171 - loss 1.40792465 - time (sec): 33.68 - samples/sec: 2789.07 - lr: 0.000391 - momentum: 0.000000
2025-11-18 10:16:28,088 epoch 53 - iter 153/171 - loss 1.40932478 - time (sec): 37.23 - samples/sec: 2824.78 - lr: 0.000391 - momentum: 0.000000
2025-11-18 10:16:31,688 epoch 53 - iter 170/171 - loss 1.41314418 - time (sec): 40.83 - samples/sec: 2842.42 - lr: 0.000391 - momentum: 0.000000
2025-11-18 10:16:31,759 ----------------------------------------------------------------------------------------------------
2025-11-18 10:16:31,759 EPOCH 53 done: loss 1.4133 - lr: 0.000391
2025-11-18 10:16:33,829 DEV : loss 1.390224814414978 - f1-score (micro avg)  0.2858
2025-11-18 10:16:33,852  - 4 epochs without improvement (above 'patience')-> annealing learning_rate to [0.0001953125]
2025-11-18 10:16:33,854 ----------------------------------------------------------------------------------------------------
2025-11-18 10:16:37,486 epoch 54 - iter 17/171 - loss 1.43223625 - time (sec): 3.63 - samples/sec: 3186.70 - lr: 0.000195 - momentum: 0.000000
2025-11-18 10:16:41,536 epoch 54 - iter 34/171 - loss 1.42373630 - time (sec): 7.68 - samples/sec: 3009.78 - lr: 0.000195 - momentum: 0.000000
2025-11-18 10:16:45,422 epoch 54 - iter 51/171 - loss 1.42470225 - time (sec): 11.57 - samples/sec: 3015.46 - lr: 0.000195 - momentum: 0.000000
2025-11-18 10:16:49,567 epoch 54 - iter 68/171 - loss 1.42172080 - time (sec): 15.71 - samples/sec: 2948.74 - lr: 0.000195 - momentum: 0.000000
2025-11-18 10:16:53,912 epoch 54 - iter 85/171 - loss 1.41145475 - time (sec): 20.06 - samples/sec: 2863.69 - lr: 0.000195 - momentum: 0.000000
2025-11-18 10:16:58,813 epoch 54 - iter 102/171 - loss 1.41157655 - time (sec): 24.96 - samples/sec: 2789.31 - lr: 0.000195 - momentum: 0.000000
2025-11-18 10:17:02,962 epoch 54 - iter 119/171 - loss 1.41101676 - time (sec): 29.11 - samples/sec: 2795.79 - lr: 0.000195 - momentum: 0.000000
2025-11-18 10:17:06,907 epoch 54 - iter 136/171 - loss 1.41048699 - time (sec): 33.05 - samples/sec: 2811.73 - lr: 0.000195 - momentum: 0.000000
2025-11-18 10:17:11,837 epoch 54 - iter 153/171 - loss 1.41202650 - time (sec): 37.98 - samples/sec: 2753.46 - lr: 0.000195 - momentum: 0.000000
2025-11-18 10:17:15,888 epoch 54 - iter 170/171 - loss 1.41248532 - time (sec): 42.03 - samples/sec: 2760.82 - lr: 0.000195 - momentum: 0.000000
2025-11-18 10:17:15,968 ----------------------------------------------------------------------------------------------------
2025-11-18 10:17:15,968 EPOCH 54 done: loss 1.4129 - lr: 0.000195
2025-11-18 10:17:18,115 DEV : loss 1.3904768228530884 - f1-score (micro avg)  0.287
2025-11-18 10:17:18,138  - 1 epochs without improvement
2025-11-18 10:17:18,139 ----------------------------------------------------------------------------------------------------
2025-11-18 10:17:22,304 epoch 55 - iter 17/171 - loss 1.41598646 - time (sec): 4.17 - samples/sec: 2745.48 - lr: 0.000195 - momentum: 0.000000
2025-11-18 10:17:26,671 epoch 55 - iter 34/171 - loss 1.41860255 - time (sec): 8.53 - samples/sec: 2659.93 - lr: 0.000195 - momentum: 0.000000
2025-11-18 10:17:30,426 epoch 55 - iter 51/171 - loss 1.42506514 - time (sec): 12.29 - samples/sec: 2795.42 - lr: 0.000195 - momentum: 0.000000
2025-11-18 10:17:34,362 epoch 55 - iter 68/171 - loss 1.41981224 - time (sec): 16.22 - samples/sec: 2796.92 - lr: 0.000195 - momentum: 0.000000
2025-11-18 10:17:38,157 epoch 55 - iter 85/171 - loss 1.42475978 - time (sec): 20.02 - samples/sec: 2837.82 - lr: 0.000195 - momentum: 0.000000
2025-11-18 10:17:42,929 epoch 55 - iter 102/171 - loss 1.42369709 - time (sec): 24.79 - samples/sec: 2765.97 - lr: 0.000195 - momentum: 0.000000
2025-11-18 10:17:47,916 epoch 55 - iter 119/171 - loss 1.41959872 - time (sec): 29.78 - samples/sec: 2713.70 - lr: 0.000195 - momentum: 0.000000
2025-11-18 10:17:51,882 epoch 55 - iter 136/171 - loss 1.41787952 - time (sec): 33.74 - samples/sec: 2746.46 - lr: 0.000195 - momentum: 0.000000
2025-11-18 10:17:56,364 epoch 55 - iter 153/171 - loss 1.41514874 - time (sec): 38.23 - samples/sec: 2728.87 - lr: 0.000195 - momentum: 0.000000
2025-11-18 10:18:01,026 epoch 55 - iter 170/171 - loss 1.41373074 - time (sec): 42.89 - samples/sec: 2706.30 - lr: 0.000195 - momentum: 0.000000
2025-11-18 10:18:01,079 ----------------------------------------------------------------------------------------------------
2025-11-18 10:18:01,080 EPOCH 55 done: loss 1.4137 - lr: 0.000195
2025-11-18 10:18:03,143 DEV : loss 1.3905341625213623 - f1-score (micro avg)  0.289
2025-11-18 10:18:03,167  - 2 epochs without improvement
2025-11-18 10:18:03,168 ----------------------------------------------------------------------------------------------------
2025-11-18 10:18:07,507 epoch 56 - iter 17/171 - loss 1.41776673 - time (sec): 4.34 - samples/sec: 2821.19 - lr: 0.000195 - momentum: 0.000000
2025-11-18 10:18:11,075 epoch 56 - iter 34/171 - loss 1.41132308 - time (sec): 7.91 - samples/sec: 2965.48 - lr: 0.000195 - momentum: 0.000000
2025-11-18 10:18:15,204 epoch 56 - iter 51/171 - loss 1.41623882 - time (sec): 12.04 - samples/sec: 2870.04 - lr: 0.000195 - momentum: 0.000000
2025-11-18 10:18:19,406 epoch 56 - iter 68/171 - loss 1.41733472 - time (sec): 16.24 - samples/sec: 2849.46 - lr: 0.000195 - momentum: 0.000000
2025-11-18 10:18:23,965 epoch 56 - iter 85/171 - loss 1.41359600 - time (sec): 20.80 - samples/sec: 2768.06 - lr: 0.000195 - momentum: 0.000000
2025-11-18 10:18:27,870 epoch 56 - iter 102/171 - loss 1.41743319 - time (sec): 24.70 - samples/sec: 2795.47 - lr: 0.000195 - momentum: 0.000000
2025-11-18 10:18:31,766 epoch 56 - iter 119/171 - loss 1.41755958 - time (sec): 28.60 - samples/sec: 2810.90 - lr: 0.000195 - momentum: 0.000000
2025-11-18 10:18:35,514 epoch 56 - iter 136/171 - loss 1.41435829 - time (sec): 32.35 - samples/sec: 2846.58 - lr: 0.000195 - momentum: 0.000000
2025-11-18 10:18:40,065 epoch 56 - iter 153/171 - loss 1.41561450 - time (sec): 36.90 - samples/sec: 2820.47 - lr: 0.000195 - momentum: 0.000000
2025-11-18 10:18:44,175 epoch 56 - iter 170/171 - loss 1.41515139 - time (sec): 41.01 - samples/sec: 2830.03 - lr: 0.000195 - momentum: 0.000000
2025-11-18 10:18:44,249 ----------------------------------------------------------------------------------------------------
2025-11-18 10:18:44,249 EPOCH 56 done: loss 1.4151 - lr: 0.000195
2025-11-18 10:18:46,272 DEV : loss 1.3906757831573486 - f1-score (micro avg)  0.2889
2025-11-18 10:18:46,294  - 3 epochs without improvement
2025-11-18 10:18:46,296 ----------------------------------------------------------------------------------------------------
2025-11-18 10:18:50,183 epoch 57 - iter 17/171 - loss 1.42420858 - time (sec): 3.89 - samples/sec: 2923.97 - lr: 0.000195 - momentum: 0.000000
2025-11-18 10:18:54,188 epoch 57 - iter 34/171 - loss 1.41183452 - time (sec): 7.89 - samples/sec: 2933.44 - lr: 0.000195 - momentum: 0.000000
2025-11-18 10:18:58,055 epoch 57 - iter 51/171 - loss 1.42944178 - time (sec): 11.76 - samples/sec: 2906.58 - lr: 0.000195 - momentum: 0.000000
2025-11-18 10:19:01,972 epoch 57 - iter 68/171 - loss 1.42038008 - time (sec): 15.68 - samples/sec: 2891.10 - lr: 0.000195 - momentum: 0.000000
2025-11-18 10:19:06,437 epoch 57 - iter 85/171 - loss 1.41584248 - time (sec): 20.14 - samples/sec: 2832.33 - lr: 0.000195 - momentum: 0.000000
2025-11-18 10:19:10,548 epoch 57 - iter 102/171 - loss 1.41297015 - time (sec): 24.25 - samples/sec: 2831.75 - lr: 0.000195 - momentum: 0.000000
2025-11-18 10:19:15,166 epoch 57 - iter 119/171 - loss 1.41677162 - time (sec): 28.87 - samples/sec: 2788.05 - lr: 0.000195 - momentum: 0.000000
2025-11-18 10:19:19,347 epoch 57 - iter 136/171 - loss 1.41726348 - time (sec): 33.05 - samples/sec: 2791.96 - lr: 0.000195 - momentum: 0.000000
2025-11-18 10:19:24,301 epoch 57 - iter 153/171 - loss 1.41376276 - time (sec): 38.00 - samples/sec: 2738.08 - lr: 0.000195 - momentum: 0.000000
2025-11-18 10:19:28,490 epoch 57 - iter 170/171 - loss 1.41339098 - time (sec): 42.19 - samples/sec: 2749.40 - lr: 0.000195 - momentum: 0.000000
2025-11-18 10:19:28,586 ----------------------------------------------------------------------------------------------------
2025-11-18 10:19:28,586 EPOCH 57 done: loss 1.4134 - lr: 0.000195
2025-11-18 10:19:31,337 DEV : loss 1.3906471729278564 - f1-score (micro avg)  0.2882
2025-11-18 10:19:31,359  - 4 epochs without improvement (above 'patience')-> annealing learning_rate to [9.765625e-05]
2025-11-18 10:19:31,360 ----------------------------------------------------------------------------------------------------
2025-11-18 10:19:31,360 learning rate too small - quitting training!
2025-11-18 10:19:31,360 ----------------------------------------------------------------------------------------------------
2025-11-18 10:19:31,360 Saving model ...
2025-11-18 10:19:32,142 Done.
2025-11-18 10:19:32,142 ----------------------------------------------------------------------------------------------------
2025-11-18 10:19:32,143 Loading model from best epoch ...
2025-11-18 10:19:32,812 SequenceTagger predicts: Dictionary with 20 tags: NOUN, VERB, ADV, PUNCT, ADJ, PROPN, PRON, AUX, O, CCONJ, DET, SCONJ, ADP, NUM, INTJ, SYM, X, PART, <START>, <STOP>
2025-11-18 10:19:34,813 
Results:
- F-score (micro) 0.3247
- F-score (macro) 0.0924
- Accuracy 0.3138

By class:
              precision    recall  f1-score   support

        NOUN     0.2984    0.9160    0.4501      6903
       PROPN     0.4068    0.2959    0.3426      2464
       PUNCT     0.6477    0.2358    0.3457      2697
        VERB     0.3478    0.0133    0.0257      2997
         ADV     0.2576    0.0143    0.0271      2374
         ADJ     0.0000    0.0000    0.0000      1917
        PRON     0.2000    0.0018    0.0035      1134
         AUX     0.2000    0.0011    0.0021       933
       CCONJ     0.0000    0.0000    0.0000       605
         NUM     0.3059    0.0670    0.1099       388
         DET     0.3108    0.0582    0.0981       395
       SCONJ     0.0000    0.0000    0.0000       374
         ADP     0.0000    0.0000    0.0000       326
        INTJ     0.5385    0.0398    0.0741       176
           X     0.0000    0.0000    0.0000        48
         SYM     0.0000    0.0000    0.0000        42

   micro avg     0.3205    0.3290    0.3247     23773
   macro avg     0.2196    0.1027    0.0924     23773
weighted avg     0.3034    0.3290    0.2156     23773

2025-11-18 10:19:34,813 ----------------------------------------------------------------------------------------------------
