2025-12-22 17:45:23,961 ----------------------------------------------------------------------------------------------------
2025-12-22 17:45:23,962 Model: "SequenceTagger(
  (embeddings): StackedEmbeddings(
    (list_embedding_0): OneHotEmbeddings(
      (embedding_layer): Embedding(1818, 300)
    )
  )
  (word_dropout): WordDropout(p=0.05)
  (locked_dropout): LockedDropout(p=0.5)
  (embedding2nn): Linear(in_features=300, out_features=300, bias=True)
  (rnn): LSTM(300, 256, batch_first=True, bidirectional=True)
  (linear): Linear(in_features=512, out_features=17, bias=True)
  (loss_function): ViterbiLoss()
  (crf): CRF()
)"
2025-12-22 17:45:23,962 ----------------------------------------------------------------------------------------------------
2025-12-22 17:45:23,962 Corpus: 1872 train + 624 dev + 624 test sentences
2025-12-22 17:45:23,962 ----------------------------------------------------------------------------------------------------
2025-12-22 17:45:23,962 Train:  1872 sentences
2025-12-22 17:45:23,962         (train_with_dev=False, train_with_test=False)
2025-12-22 17:45:23,962 ----------------------------------------------------------------------------------------------------
2025-12-22 17:45:23,962 Training Params:
2025-12-22 17:45:23,962  - learning_rate: "0.1" 
2025-12-22 17:45:23,962  - mini_batch_size: "32"
2025-12-22 17:45:23,962  - max_epochs: "150"
2025-12-22 17:45:23,962  - shuffle: "True"
2025-12-22 17:45:23,962 ----------------------------------------------------------------------------------------------------
2025-12-22 17:45:23,962 Plugins:
2025-12-22 17:45:23,962  - AnnealOnPlateau | patience: '3', anneal_factor: '0.5', min_learning_rate: '0.0001'
2025-12-22 17:45:23,962 ----------------------------------------------------------------------------------------------------
2025-12-22 17:45:23,962 Final evaluation on model from best epoch (best-model.pt)
2025-12-22 17:45:23,962  - metric: "('micro avg', 'f1-score')"
2025-12-22 17:45:23,962 ----------------------------------------------------------------------------------------------------
2025-12-22 17:45:23,962 Computation:
2025-12-22 17:45:23,962  - compute on device: cpu
2025-12-22 17:45:23,962  - embedding storage: none
2025-12-22 17:45:23,962 ----------------------------------------------------------------------------------------------------
2025-12-22 17:45:23,962 Model training base path: "models/flair_pos/obpe/sme"
2025-12-22 17:45:23,962 ----------------------------------------------------------------------------------------------------
2025-12-22 17:45:23,962 ----------------------------------------------------------------------------------------------------
2025-12-22 17:45:25,071 epoch 1 - iter 5/59 - loss 2.35019996 - time (sec): 1.11 - samples/sec: 2974.80 - lr: 0.100000 - momentum: 0.000000
2025-12-22 17:45:25,968 epoch 1 - iter 10/59 - loss 2.09256529 - time (sec): 2.01 - samples/sec: 3154.96 - lr: 0.100000 - momentum: 0.000000
2025-12-22 17:45:26,934 epoch 1 - iter 15/59 - loss 1.95471373 - time (sec): 2.97 - samples/sec: 3298.49 - lr: 0.100000 - momentum: 0.000000
2025-12-22 17:45:27,949 epoch 1 - iter 20/59 - loss 1.87055886 - time (sec): 3.99 - samples/sec: 3311.61 - lr: 0.100000 - momentum: 0.000000
2025-12-22 17:45:28,867 epoch 1 - iter 25/59 - loss 1.81978033 - time (sec): 4.90 - samples/sec: 3330.87 - lr: 0.100000 - momentum: 0.000000
2025-12-22 17:45:29,768 epoch 1 - iter 30/59 - loss 1.77962389 - time (sec): 5.81 - samples/sec: 3371.73 - lr: 0.100000 - momentum: 0.000000
2025-12-22 17:45:30,807 epoch 1 - iter 35/59 - loss 1.74755955 - time (sec): 6.84 - samples/sec: 3351.27 - lr: 0.100000 - momentum: 0.000000
2025-12-22 17:45:31,708 epoch 1 - iter 40/59 - loss 1.72418396 - time (sec): 7.75 - samples/sec: 3345.57 - lr: 0.100000 - momentum: 0.000000
2025-12-22 17:45:32,513 epoch 1 - iter 45/59 - loss 1.70620900 - time (sec): 8.55 - samples/sec: 3382.12 - lr: 0.100000 - momentum: 0.000000
2025-12-22 17:45:34,319 epoch 1 - iter 50/59 - loss 1.68726543 - time (sec): 10.36 - samples/sec: 3103.05 - lr: 0.100000 - momentum: 0.000000
2025-12-22 17:45:35,372 epoch 1 - iter 55/59 - loss 1.67352930 - time (sec): 11.41 - samples/sec: 3091.16 - lr: 0.100000 - momentum: 0.000000
2025-12-22 17:45:36,017 ----------------------------------------------------------------------------------------------------
2025-12-22 17:45:36,017 EPOCH 1 done: loss 1.6598 - lr: 0.100000
2025-12-22 17:45:36,835 DEV : loss 1.4144126176834106 - f1-score (micro avg)  0.6194
2025-12-22 17:45:36,837  - 0 epochs without improvement
2025-12-22 17:45:36,837 saving best model
2025-12-22 17:45:36,868 ----------------------------------------------------------------------------------------------------
2025-12-22 17:45:37,855 epoch 2 - iter 5/59 - loss 1.49201597 - time (sec): 0.99 - samples/sec: 3142.66 - lr: 0.100000 - momentum: 0.000000
2025-12-22 17:45:38,983 epoch 2 - iter 10/59 - loss 1.47014794 - time (sec): 2.11 - samples/sec: 3078.55 - lr: 0.100000 - momentum: 0.000000
2025-12-22 17:45:40,031 epoch 2 - iter 15/59 - loss 1.46238889 - time (sec): 3.16 - samples/sec: 3069.19 - lr: 0.100000 - momentum: 0.000000
2025-12-22 17:45:40,785 epoch 2 - iter 20/59 - loss 1.45994236 - time (sec): 3.92 - samples/sec: 3247.00 - lr: 0.100000 - momentum: 0.000000
2025-12-22 17:45:41,816 epoch 2 - iter 25/59 - loss 1.45690339 - time (sec): 4.95 - samples/sec: 3258.89 - lr: 0.100000 - momentum: 0.000000
2025-12-22 17:45:42,756 epoch 2 - iter 30/59 - loss 1.45793167 - time (sec): 5.89 - samples/sec: 3286.30 - lr: 0.100000 - momentum: 0.000000
2025-12-22 17:45:43,688 epoch 2 - iter 35/59 - loss 1.45088865 - time (sec): 6.82 - samples/sec: 3280.69 - lr: 0.100000 - momentum: 0.000000
2025-12-22 17:45:44,707 epoch 2 - iter 40/59 - loss 1.44479974 - time (sec): 7.84 - samples/sec: 3286.77 - lr: 0.100000 - momentum: 0.000000
2025-12-22 17:45:45,554 epoch 2 - iter 45/59 - loss 1.43668897 - time (sec): 8.69 - samples/sec: 3314.45 - lr: 0.100000 - momentum: 0.000000
2025-12-22 17:45:46,448 epoch 2 - iter 50/59 - loss 1.43176070 - time (sec): 9.58 - samples/sec: 3328.54 - lr: 0.100000 - momentum: 0.000000
2025-12-22 17:45:47,438 epoch 2 - iter 55/59 - loss 1.42645461 - time (sec): 10.57 - samples/sec: 3342.39 - lr: 0.100000 - momentum: 0.000000
2025-12-22 17:45:48,298 ----------------------------------------------------------------------------------------------------
2025-12-22 17:45:48,298 EPOCH 2 done: loss 1.4178 - lr: 0.100000
2025-12-22 17:45:49,140 DEV : loss 1.2550914287567139 - f1-score (micro avg)  0.6338
2025-12-22 17:45:49,143  - 0 epochs without improvement
2025-12-22 17:45:49,143 saving best model
2025-12-22 17:45:49,158 ----------------------------------------------------------------------------------------------------
2025-12-22 17:45:50,108 epoch 3 - iter 5/59 - loss 1.31637811 - time (sec): 0.95 - samples/sec: 3114.43 - lr: 0.100000 - momentum: 0.000000
2025-12-22 17:45:51,109 epoch 3 - iter 10/59 - loss 1.28897407 - time (sec): 1.95 - samples/sec: 3209.48 - lr: 0.100000 - momentum: 0.000000
2025-12-22 17:45:52,041 epoch 3 - iter 15/59 - loss 1.28588147 - time (sec): 2.88 - samples/sec: 3247.49 - lr: 0.100000 - momentum: 0.000000
2025-12-22 17:45:52,884 epoch 3 - iter 20/59 - loss 1.26939790 - time (sec): 3.73 - samples/sec: 3352.01 - lr: 0.100000 - momentum: 0.000000
2025-12-22 17:45:53,875 epoch 3 - iter 25/59 - loss 1.27316534 - time (sec): 4.72 - samples/sec: 3325.79 - lr: 0.100000 - momentum: 0.000000
2025-12-22 17:45:54,956 epoch 3 - iter 30/59 - loss 1.26874958 - time (sec): 5.80 - samples/sec: 3295.22 - lr: 0.100000 - momentum: 0.000000
2025-12-22 17:45:55,984 epoch 3 - iter 35/59 - loss 1.25447882 - time (sec): 6.83 - samples/sec: 3293.95 - lr: 0.100000 - momentum: 0.000000
2025-12-22 17:45:56,959 epoch 3 - iter 40/59 - loss 1.24303921 - time (sec): 7.80 - samples/sec: 3295.72 - lr: 0.100000 - momentum: 0.000000
2025-12-22 17:45:58,034 epoch 3 - iter 45/59 - loss 1.23649624 - time (sec): 8.88 - samples/sec: 3267.62 - lr: 0.100000 - momentum: 0.000000
2025-12-22 17:45:59,024 epoch 3 - iter 50/59 - loss 1.23122733 - time (sec): 9.87 - samples/sec: 3243.20 - lr: 0.100000 - momentum: 0.000000
2025-12-22 17:46:00,280 epoch 3 - iter 55/59 - loss 1.22505850 - time (sec): 11.12 - samples/sec: 3179.44 - lr: 0.100000 - momentum: 0.000000
2025-12-22 17:46:00,981 ----------------------------------------------------------------------------------------------------
2025-12-22 17:46:00,981 EPOCH 3 done: loss 1.2174 - lr: 0.100000
2025-12-22 17:46:02,068 DEV : loss 1.0115822553634644 - f1-score (micro avg)  0.6701
2025-12-22 17:46:02,071  - 0 epochs without improvement
2025-12-22 17:46:02,072 saving best model
2025-12-22 17:46:02,084 ----------------------------------------------------------------------------------------------------
2025-12-22 17:46:03,335 epoch 4 - iter 5/59 - loss 1.10705952 - time (sec): 1.25 - samples/sec: 2631.68 - lr: 0.100000 - momentum: 0.000000
2025-12-22 17:46:04,498 epoch 4 - iter 10/59 - loss 1.08917613 - time (sec): 2.41 - samples/sec: 2755.70 - lr: 0.100000 - momentum: 0.000000
2025-12-22 17:46:05,516 epoch 4 - iter 15/59 - loss 1.07506032 - time (sec): 3.43 - samples/sec: 2901.09 - lr: 0.100000 - momentum: 0.000000
2025-12-22 17:46:06,465 epoch 4 - iter 20/59 - loss 1.06084825 - time (sec): 4.38 - samples/sec: 2965.19 - lr: 0.100000 - momentum: 0.000000
2025-12-22 17:46:07,452 epoch 4 - iter 25/59 - loss 1.05488937 - time (sec): 5.37 - samples/sec: 2982.29 - lr: 0.100000 - momentum: 0.000000
2025-12-22 17:46:08,897 epoch 4 - iter 30/59 - loss 1.05836248 - time (sec): 6.81 - samples/sec: 2821.69 - lr: 0.100000 - momentum: 0.000000
2025-12-22 17:46:09,893 epoch 4 - iter 35/59 - loss 1.05496063 - time (sec): 7.81 - samples/sec: 2829.39 - lr: 0.100000 - momentum: 0.000000
2025-12-22 17:46:10,891 epoch 4 - iter 40/59 - loss 1.04971340 - time (sec): 8.81 - samples/sec: 2870.90 - lr: 0.100000 - momentum: 0.000000
2025-12-22 17:46:11,866 epoch 4 - iter 45/59 - loss 1.04762670 - time (sec): 9.78 - samples/sec: 2925.74 - lr: 0.100000 - momentum: 0.000000
2025-12-22 17:46:12,799 epoch 4 - iter 50/59 - loss 1.04422576 - time (sec): 10.71 - samples/sec: 2985.54 - lr: 0.100000 - momentum: 0.000000
2025-12-22 17:46:13,839 epoch 4 - iter 55/59 - loss 1.03747949 - time (sec): 11.75 - samples/sec: 3003.30 - lr: 0.100000 - momentum: 0.000000
2025-12-22 17:46:14,558 ----------------------------------------------------------------------------------------------------
2025-12-22 17:46:14,558 EPOCH 4 done: loss 1.0360 - lr: 0.100000
2025-12-22 17:46:15,480 DEV : loss 0.920509397983551 - f1-score (micro avg)  0.6958
2025-12-22 17:46:15,482  - 0 epochs without improvement
2025-12-22 17:46:15,482 saving best model
2025-12-22 17:46:15,493 ----------------------------------------------------------------------------------------------------
2025-12-22 17:46:16,295 epoch 5 - iter 5/59 - loss 0.95482625 - time (sec): 0.80 - samples/sec: 3657.74 - lr: 0.100000 - momentum: 0.000000
2025-12-22 17:46:17,397 epoch 5 - iter 10/59 - loss 0.98336753 - time (sec): 1.90 - samples/sec: 3364.20 - lr: 0.100000 - momentum: 0.000000
2025-12-22 17:46:18,339 epoch 5 - iter 15/59 - loss 0.97119880 - time (sec): 2.85 - samples/sec: 3398.63 - lr: 0.100000 - momentum: 0.000000
2025-12-22 17:46:19,248 epoch 5 - iter 20/59 - loss 0.97248461 - time (sec): 3.75 - samples/sec: 3473.47 - lr: 0.100000 - momentum: 0.000000
2025-12-22 17:46:20,125 epoch 5 - iter 25/59 - loss 0.97503895 - time (sec): 4.63 - samples/sec: 3453.84 - lr: 0.100000 - momentum: 0.000000
2025-12-22 17:46:21,009 epoch 5 - iter 30/59 - loss 0.97470180 - time (sec): 5.52 - samples/sec: 3511.89 - lr: 0.100000 - momentum: 0.000000
2025-12-22 17:46:21,826 epoch 5 - iter 35/59 - loss 0.96858431 - time (sec): 6.33 - samples/sec: 3551.08 - lr: 0.100000 - momentum: 0.000000
2025-12-22 17:46:23,079 epoch 5 - iter 40/59 - loss 0.96815084 - time (sec): 7.59 - samples/sec: 3417.26 - lr: 0.100000 - momentum: 0.000000
2025-12-22 17:46:24,022 epoch 5 - iter 45/59 - loss 0.96748192 - time (sec): 8.53 - samples/sec: 3412.77 - lr: 0.100000 - momentum: 0.000000
2025-12-22 17:46:24,964 epoch 5 - iter 50/59 - loss 0.96280234 - time (sec): 9.47 - samples/sec: 3412.63 - lr: 0.100000 - momentum: 0.000000
2025-12-22 17:46:25,905 epoch 5 - iter 55/59 - loss 0.95968039 - time (sec): 10.41 - samples/sec: 3394.63 - lr: 0.100000 - momentum: 0.000000
2025-12-22 17:46:26,609 ----------------------------------------------------------------------------------------------------
2025-12-22 17:46:26,609 EPOCH 5 done: loss 0.9587 - lr: 0.100000
2025-12-22 17:46:27,414 DEV : loss 0.8683335185050964 - f1-score (micro avg)  0.7118
2025-12-22 17:46:27,416  - 0 epochs without improvement
2025-12-22 17:46:27,416 saving best model
2025-12-22 17:46:27,429 ----------------------------------------------------------------------------------------------------
2025-12-22 17:46:28,386 epoch 6 - iter 5/59 - loss 0.92978349 - time (sec): 0.96 - samples/sec: 3564.50 - lr: 0.100000 - momentum: 0.000000
2025-12-22 17:46:29,302 epoch 6 - iter 10/59 - loss 0.92363596 - time (sec): 1.87 - samples/sec: 3478.31 - lr: 0.100000 - momentum: 0.000000
2025-12-22 17:46:30,277 epoch 6 - iter 15/59 - loss 0.91703740 - time (sec): 2.85 - samples/sec: 3401.38 - lr: 0.100000 - momentum: 0.000000
2025-12-22 17:46:31,235 epoch 6 - iter 20/59 - loss 0.92211058 - time (sec): 3.80 - samples/sec: 3484.71 - lr: 0.100000 - momentum: 0.000000
2025-12-22 17:46:32,131 epoch 6 - iter 25/59 - loss 0.91733436 - time (sec): 4.70 - samples/sec: 3480.00 - lr: 0.100000 - momentum: 0.000000
2025-12-22 17:46:32,922 epoch 6 - iter 30/59 - loss 0.91131061 - time (sec): 5.49 - samples/sec: 3564.91 - lr: 0.100000 - momentum: 0.000000
2025-12-22 17:46:33,709 epoch 6 - iter 35/59 - loss 0.90870792 - time (sec): 6.28 - samples/sec: 3568.34 - lr: 0.100000 - momentum: 0.000000
2025-12-22 17:46:34,865 epoch 6 - iter 40/59 - loss 0.91149856 - time (sec): 7.44 - samples/sec: 3450.26 - lr: 0.100000 - momentum: 0.000000
2025-12-22 17:46:35,972 epoch 6 - iter 45/59 - loss 0.90766630 - time (sec): 8.54 - samples/sec: 3387.07 - lr: 0.100000 - momentum: 0.000000
2025-12-22 17:46:36,953 epoch 6 - iter 50/59 - loss 0.90641727 - time (sec): 9.52 - samples/sec: 3392.05 - lr: 0.100000 - momentum: 0.000000
2025-12-22 17:46:37,958 epoch 6 - iter 55/59 - loss 0.90722836 - time (sec): 10.53 - samples/sec: 3374.25 - lr: 0.100000 - momentum: 0.000000
2025-12-22 17:46:38,582 ----------------------------------------------------------------------------------------------------
2025-12-22 17:46:38,582 EPOCH 6 done: loss 0.9038 - lr: 0.100000
2025-12-22 17:46:39,604 DEV : loss 0.8216066956520081 - f1-score (micro avg)  0.7236
2025-12-22 17:46:39,606  - 0 epochs without improvement
2025-12-22 17:46:39,607 saving best model
2025-12-22 17:46:39,624 ----------------------------------------------------------------------------------------------------
2025-12-22 17:46:40,481 epoch 7 - iter 5/59 - loss 0.88192055 - time (sec): 0.86 - samples/sec: 3796.86 - lr: 0.100000 - momentum: 0.000000
2025-12-22 17:46:41,471 epoch 7 - iter 10/59 - loss 0.85556934 - time (sec): 1.85 - samples/sec: 3556.27 - lr: 0.100000 - momentum: 0.000000
2025-12-22 17:46:42,390 epoch 7 - iter 15/59 - loss 0.85748208 - time (sec): 2.77 - samples/sec: 3550.86 - lr: 0.100000 - momentum: 0.000000
2025-12-22 17:46:43,515 epoch 7 - iter 20/59 - loss 0.86287883 - time (sec): 3.89 - samples/sec: 3385.75 - lr: 0.100000 - momentum: 0.000000
2025-12-22 17:46:44,698 epoch 7 - iter 25/59 - loss 0.86005762 - time (sec): 5.07 - samples/sec: 3260.66 - lr: 0.100000 - momentum: 0.000000
2025-12-22 17:46:45,675 epoch 7 - iter 30/59 - loss 0.85700590 - time (sec): 6.05 - samples/sec: 3277.29 - lr: 0.100000 - momentum: 0.000000
2025-12-22 17:46:46,675 epoch 7 - iter 35/59 - loss 0.85576801 - time (sec): 7.05 - samples/sec: 3258.13 - lr: 0.100000 - momentum: 0.000000
2025-12-22 17:46:47,562 epoch 7 - iter 40/59 - loss 0.85482596 - time (sec): 7.94 - samples/sec: 3296.67 - lr: 0.100000 - momentum: 0.000000
2025-12-22 17:46:48,394 epoch 7 - iter 45/59 - loss 0.85399029 - time (sec): 8.77 - samples/sec: 3321.64 - lr: 0.100000 - momentum: 0.000000
2025-12-22 17:46:49,197 epoch 7 - iter 50/59 - loss 0.85175274 - time (sec): 9.57 - samples/sec: 3343.55 - lr: 0.100000 - momentum: 0.000000
2025-12-22 17:46:49,982 epoch 7 - iter 55/59 - loss 0.84536461 - time (sec): 10.36 - samples/sec: 3399.72 - lr: 0.100000 - momentum: 0.000000
2025-12-22 17:46:50,680 ----------------------------------------------------------------------------------------------------
2025-12-22 17:46:50,680 EPOCH 7 done: loss 0.8419 - lr: 0.100000
2025-12-22 17:46:51,504 DEV : loss 0.7364592552185059 - f1-score (micro avg)  0.7574
2025-12-22 17:46:51,506  - 0 epochs without improvement
2025-12-22 17:46:51,506 saving best model
2025-12-22 17:46:51,518 ----------------------------------------------------------------------------------------------------
2025-12-22 17:46:52,520 epoch 8 - iter 5/59 - loss 0.78119889 - time (sec): 1.00 - samples/sec: 3482.88 - lr: 0.100000 - momentum: 0.000000
2025-12-22 17:46:53,574 epoch 8 - iter 10/59 - loss 0.79011383 - time (sec): 2.06 - samples/sec: 3272.60 - lr: 0.100000 - momentum: 0.000000
2025-12-22 17:46:54,719 epoch 8 - iter 15/59 - loss 0.77469780 - time (sec): 3.20 - samples/sec: 3180.36 - lr: 0.100000 - momentum: 0.000000
2025-12-22 17:46:55,918 epoch 8 - iter 20/59 - loss 0.77593146 - time (sec): 4.40 - samples/sec: 3067.21 - lr: 0.100000 - momentum: 0.000000
2025-12-22 17:46:56,940 epoch 8 - iter 25/59 - loss 0.76648485 - time (sec): 5.42 - samples/sec: 3085.99 - lr: 0.100000 - momentum: 0.000000
2025-12-22 17:46:57,733 epoch 8 - iter 30/59 - loss 0.76594801 - time (sec): 6.21 - samples/sec: 3184.47 - lr: 0.100000 - momentum: 0.000000
2025-12-22 17:46:58,694 epoch 8 - iter 35/59 - loss 0.75996665 - time (sec): 7.18 - samples/sec: 3172.04 - lr: 0.100000 - momentum: 0.000000
2025-12-22 17:46:59,633 epoch 8 - iter 40/59 - loss 0.75428569 - time (sec): 8.11 - samples/sec: 3206.13 - lr: 0.100000 - momentum: 0.000000
2025-12-22 17:47:00,410 epoch 8 - iter 45/59 - loss 0.75118839 - time (sec): 8.89 - samples/sec: 3250.68 - lr: 0.100000 - momentum: 0.000000
2025-12-22 17:47:01,163 epoch 8 - iter 50/59 - loss 0.74540115 - time (sec): 9.64 - samples/sec: 3300.75 - lr: 0.100000 - momentum: 0.000000
2025-12-22 17:47:02,096 epoch 8 - iter 55/59 - loss 0.73885921 - time (sec): 10.58 - samples/sec: 3338.67 - lr: 0.100000 - momentum: 0.000000
2025-12-22 17:47:02,691 ----------------------------------------------------------------------------------------------------
2025-12-22 17:47:02,691 EPOCH 8 done: loss 0.7361 - lr: 0.100000
2025-12-22 17:47:03,784 DEV : loss 0.6114609837532043 - f1-score (micro avg)  0.7998
2025-12-22 17:47:03,786  - 0 epochs without improvement
2025-12-22 17:47:03,787 saving best model
2025-12-22 17:47:03,796 ----------------------------------------------------------------------------------------------------
2025-12-22 17:47:04,693 epoch 9 - iter 5/59 - loss 0.65826839 - time (sec): 0.90 - samples/sec: 3609.64 - lr: 0.100000 - momentum: 0.000000
2025-12-22 17:47:05,513 epoch 9 - iter 10/59 - loss 0.65078192 - time (sec): 1.72 - samples/sec: 3633.50 - lr: 0.100000 - momentum: 0.000000
2025-12-22 17:47:06,790 epoch 9 - iter 15/59 - loss 0.64168009 - time (sec): 2.99 - samples/sec: 3207.55 - lr: 0.100000 - momentum: 0.000000
2025-12-22 17:47:08,062 epoch 9 - iter 20/59 - loss 0.64324983 - time (sec): 4.27 - samples/sec: 3053.79 - lr: 0.100000 - momentum: 0.000000
2025-12-22 17:47:09,091 epoch 9 - iter 25/59 - loss 0.64269569 - time (sec): 5.29 - samples/sec: 3083.28 - lr: 0.100000 - momentum: 0.000000
2025-12-22 17:47:09,970 epoch 9 - iter 30/59 - loss 0.64200311 - time (sec): 6.17 - samples/sec: 3128.47 - lr: 0.100000 - momentum: 0.000000
2025-12-22 17:47:10,864 epoch 9 - iter 35/59 - loss 0.63593530 - time (sec): 7.07 - samples/sec: 3200.60 - lr: 0.100000 - momentum: 0.000000
2025-12-22 17:47:11,759 epoch 9 - iter 40/59 - loss 0.63184773 - time (sec): 7.96 - samples/sec: 3239.32 - lr: 0.100000 - momentum: 0.000000
2025-12-22 17:47:12,678 epoch 9 - iter 45/59 - loss 0.62762005 - time (sec): 8.88 - samples/sec: 3258.27 - lr: 0.100000 - momentum: 0.000000
2025-12-22 17:47:13,664 epoch 9 - iter 50/59 - loss 0.62470403 - time (sec): 9.87 - samples/sec: 3261.55 - lr: 0.100000 - momentum: 0.000000
2025-12-22 17:47:14,512 epoch 9 - iter 55/59 - loss 0.62175825 - time (sec): 10.72 - samples/sec: 3291.23 - lr: 0.100000 - momentum: 0.000000
2025-12-22 17:47:15,184 ----------------------------------------------------------------------------------------------------
2025-12-22 17:47:15,184 EPOCH 9 done: loss 0.6212 - lr: 0.100000
2025-12-22 17:47:16,041 DEV : loss 0.526305615901947 - f1-score (micro avg)  0.8298
2025-12-22 17:47:16,043  - 0 epochs without improvement
2025-12-22 17:47:16,043 saving best model
2025-12-22 17:47:16,063 ----------------------------------------------------------------------------------------------------
2025-12-22 17:47:16,910 epoch 10 - iter 5/59 - loss 0.59152099 - time (sec): 0.85 - samples/sec: 3667.51 - lr: 0.100000 - momentum: 0.000000
2025-12-22 17:47:17,722 epoch 10 - iter 10/59 - loss 0.56933189 - time (sec): 1.66 - samples/sec: 3744.69 - lr: 0.100000 - momentum: 0.000000
2025-12-22 17:47:18,608 epoch 10 - iter 15/59 - loss 0.57181376 - time (sec): 2.55 - samples/sec: 3780.09 - lr: 0.100000 - momentum: 0.000000
2025-12-22 17:47:19,630 epoch 10 - iter 20/59 - loss 0.56693279 - time (sec): 3.57 - samples/sec: 3683.23 - lr: 0.100000 - momentum: 0.000000
2025-12-22 17:47:20,979 epoch 10 - iter 25/59 - loss 0.56509888 - time (sec): 4.92 - samples/sec: 3376.46 - lr: 0.100000 - momentum: 0.000000
2025-12-22 17:47:21,787 epoch 10 - iter 30/59 - loss 0.56042358 - time (sec): 5.72 - samples/sec: 3422.44 - lr: 0.100000 - momentum: 0.000000
2025-12-22 17:47:22,700 epoch 10 - iter 35/59 - loss 0.55939640 - time (sec): 6.64 - samples/sec: 3420.09 - lr: 0.100000 - momentum: 0.000000
2025-12-22 17:47:23,928 epoch 10 - iter 40/59 - loss 0.56280177 - time (sec): 7.86 - samples/sec: 3302.67 - lr: 0.100000 - momentum: 0.000000
2025-12-22 17:47:24,884 epoch 10 - iter 45/59 - loss 0.56238266 - time (sec): 8.82 - samples/sec: 3311.73 - lr: 0.100000 - momentum: 0.000000
2025-12-22 17:47:25,869 epoch 10 - iter 50/59 - loss 0.56365828 - time (sec): 9.81 - samples/sec: 3286.27 - lr: 0.100000 - momentum: 0.000000
2025-12-22 17:47:26,863 epoch 10 - iter 55/59 - loss 0.56223790 - time (sec): 10.80 - samples/sec: 3290.16 - lr: 0.100000 - momentum: 0.000000
2025-12-22 17:47:27,438 ----------------------------------------------------------------------------------------------------
2025-12-22 17:47:27,438 EPOCH 10 done: loss 0.5604 - lr: 0.100000
2025-12-22 17:47:28,307 DEV : loss 0.47924959659576416 - f1-score (micro avg)  0.8461
2025-12-22 17:47:28,308  - 0 epochs without improvement
2025-12-22 17:47:28,309 saving best model
2025-12-22 17:47:28,320 ----------------------------------------------------------------------------------------------------
2025-12-22 17:47:29,267 epoch 11 - iter 5/59 - loss 0.53223042 - time (sec): 0.95 - samples/sec: 3279.02 - lr: 0.100000 - momentum: 0.000000
2025-12-22 17:47:30,163 epoch 11 - iter 10/59 - loss 0.52747250 - time (sec): 1.84 - samples/sec: 3371.98 - lr: 0.100000 - momentum: 0.000000
2025-12-22 17:47:31,118 epoch 11 - iter 15/59 - loss 0.53028655 - time (sec): 2.80 - samples/sec: 3309.37 - lr: 0.100000 - momentum: 0.000000
2025-12-22 17:47:31,990 epoch 11 - iter 20/59 - loss 0.52665017 - time (sec): 3.67 - samples/sec: 3364.65 - lr: 0.100000 - momentum: 0.000000
2025-12-22 17:47:32,911 epoch 11 - iter 25/59 - loss 0.52193727 - time (sec): 4.59 - samples/sec: 3389.63 - lr: 0.100000 - momentum: 0.000000
2025-12-22 17:47:34,242 epoch 11 - iter 30/59 - loss 0.51675988 - time (sec): 5.92 - samples/sec: 3211.38 - lr: 0.100000 - momentum: 0.000000
2025-12-22 17:47:35,314 epoch 11 - iter 35/59 - loss 0.51219282 - time (sec): 6.99 - samples/sec: 3191.26 - lr: 0.100000 - momentum: 0.000000
2025-12-22 17:47:36,309 epoch 11 - iter 40/59 - loss 0.51602758 - time (sec): 7.99 - samples/sec: 3194.79 - lr: 0.100000 - momentum: 0.000000
2025-12-22 17:47:37,257 epoch 11 - iter 45/59 - loss 0.51822894 - time (sec): 8.94 - samples/sec: 3221.54 - lr: 0.100000 - momentum: 0.000000
2025-12-22 17:47:38,182 epoch 11 - iter 50/59 - loss 0.51863029 - time (sec): 9.86 - samples/sec: 3263.84 - lr: 0.100000 - momentum: 0.000000
2025-12-22 17:47:39,173 epoch 11 - iter 55/59 - loss 0.51752094 - time (sec): 10.85 - samples/sec: 3263.91 - lr: 0.100000 - momentum: 0.000000
2025-12-22 17:47:39,783 ----------------------------------------------------------------------------------------------------
2025-12-22 17:47:39,783 EPOCH 11 done: loss 0.5167 - lr: 0.100000
2025-12-22 17:47:40,869 DEV : loss 0.43893787264823914 - f1-score (micro avg)  0.8588
2025-12-22 17:47:40,871  - 0 epochs without improvement
2025-12-22 17:47:40,872 saving best model
2025-12-22 17:47:40,881 ----------------------------------------------------------------------------------------------------
2025-12-22 17:47:41,806 epoch 12 - iter 5/59 - loss 0.49757673 - time (sec): 0.92 - samples/sec: 3465.99 - lr: 0.100000 - momentum: 0.000000
2025-12-22 17:47:42,758 epoch 12 - iter 10/59 - loss 0.48672892 - time (sec): 1.88 - samples/sec: 3506.67 - lr: 0.100000 - momentum: 0.000000
2025-12-22 17:47:43,723 epoch 12 - iter 15/59 - loss 0.49063465 - time (sec): 2.84 - samples/sec: 3477.41 - lr: 0.100000 - momentum: 0.000000
2025-12-22 17:47:44,575 epoch 12 - iter 20/59 - loss 0.49189774 - time (sec): 3.69 - samples/sec: 3530.39 - lr: 0.100000 - momentum: 0.000000
2025-12-22 17:47:45,576 epoch 12 - iter 25/59 - loss 0.48736820 - time (sec): 4.69 - samples/sec: 3449.16 - lr: 0.100000 - momentum: 0.000000
2025-12-22 17:47:46,558 epoch 12 - iter 30/59 - loss 0.48424956 - time (sec): 5.68 - samples/sec: 3392.68 - lr: 0.100000 - momentum: 0.000000
2025-12-22 17:47:47,473 epoch 12 - iter 35/59 - loss 0.48362940 - time (sec): 6.59 - samples/sec: 3407.84 - lr: 0.100000 - momentum: 0.000000
2025-12-22 17:47:48,316 epoch 12 - iter 40/59 - loss 0.48253362 - time (sec): 7.43 - samples/sec: 3443.50 - lr: 0.100000 - momentum: 0.000000
2025-12-22 17:47:49,569 epoch 12 - iter 45/59 - loss 0.48170170 - time (sec): 8.69 - samples/sec: 3338.96 - lr: 0.100000 - momentum: 0.000000
2025-12-22 17:47:50,504 epoch 12 - iter 50/59 - loss 0.48397228 - time (sec): 9.62 - samples/sec: 3352.50 - lr: 0.100000 - momentum: 0.000000
2025-12-22 17:47:51,431 epoch 12 - iter 55/59 - loss 0.48507519 - time (sec): 10.55 - samples/sec: 3341.60 - lr: 0.100000 - momentum: 0.000000
2025-12-22 17:47:52,129 ----------------------------------------------------------------------------------------------------
2025-12-22 17:47:52,129 EPOCH 12 done: loss 0.4853 - lr: 0.100000
2025-12-22 17:47:52,999 DEV : loss 0.4145124852657318 - f1-score (micro avg)  0.8655
2025-12-22 17:47:53,001  - 0 epochs without improvement
2025-12-22 17:47:53,001 saving best model
2025-12-22 17:47:53,011 ----------------------------------------------------------------------------------------------------
2025-12-22 17:47:54,200 epoch 13 - iter 5/59 - loss 0.45125654 - time (sec): 1.19 - samples/sec: 2982.84 - lr: 0.100000 - momentum: 0.000000
2025-12-22 17:47:55,384 epoch 13 - iter 10/59 - loss 0.45309561 - time (sec): 2.37 - samples/sec: 2842.91 - lr: 0.100000 - momentum: 0.000000
2025-12-22 17:47:56,340 epoch 13 - iter 15/59 - loss 0.45818231 - time (sec): 3.33 - samples/sec: 3045.18 - lr: 0.100000 - momentum: 0.000000
2025-12-22 17:47:57,364 epoch 13 - iter 20/59 - loss 0.45728351 - time (sec): 4.35 - samples/sec: 3032.01 - lr: 0.100000 - momentum: 0.000000
2025-12-22 17:47:58,263 epoch 13 - iter 25/59 - loss 0.45391220 - time (sec): 5.25 - samples/sec: 3151.96 - lr: 0.100000 - momentum: 0.000000
2025-12-22 17:47:59,117 epoch 13 - iter 30/59 - loss 0.45516018 - time (sec): 6.11 - samples/sec: 3237.45 - lr: 0.100000 - momentum: 0.000000
2025-12-22 17:48:00,012 epoch 13 - iter 35/59 - loss 0.45924221 - time (sec): 7.00 - samples/sec: 3281.95 - lr: 0.100000 - momentum: 0.000000
2025-12-22 17:48:00,919 epoch 13 - iter 40/59 - loss 0.45772323 - time (sec): 7.91 - samples/sec: 3295.01 - lr: 0.100000 - momentum: 0.000000
2025-12-22 17:48:01,904 epoch 13 - iter 45/59 - loss 0.45418542 - time (sec): 8.89 - samples/sec: 3275.34 - lr: 0.100000 - momentum: 0.000000
2025-12-22 17:48:02,794 epoch 13 - iter 50/59 - loss 0.45650918 - time (sec): 9.78 - samples/sec: 3292.65 - lr: 0.100000 - momentum: 0.000000
2025-12-22 17:48:03,666 epoch 13 - iter 55/59 - loss 0.45933578 - time (sec): 10.65 - samples/sec: 3328.42 - lr: 0.100000 - momentum: 0.000000
2025-12-22 17:48:04,357 ----------------------------------------------------------------------------------------------------
2025-12-22 17:48:04,357 EPOCH 13 done: loss 0.4579 - lr: 0.100000
2025-12-22 17:48:05,172 DEV : loss 0.3959645926952362 - f1-score (micro avg)  0.873
2025-12-22 17:48:05,174  - 0 epochs without improvement
2025-12-22 17:48:05,174 saving best model
2025-12-22 17:48:05,185 ----------------------------------------------------------------------------------------------------
2025-12-22 17:48:06,128 epoch 14 - iter 5/59 - loss 0.40652956 - time (sec): 0.94 - samples/sec: 3275.98 - lr: 0.100000 - momentum: 0.000000
2025-12-22 17:48:07,036 epoch 14 - iter 10/59 - loss 0.41607448 - time (sec): 1.85 - samples/sec: 3563.47 - lr: 0.100000 - momentum: 0.000000
2025-12-22 17:48:07,941 epoch 14 - iter 15/59 - loss 0.42430956 - time (sec): 2.76 - samples/sec: 3520.94 - lr: 0.100000 - momentum: 0.000000
2025-12-22 17:48:08,895 epoch 14 - iter 20/59 - loss 0.43676827 - time (sec): 3.71 - samples/sec: 3428.20 - lr: 0.100000 - momentum: 0.000000
2025-12-22 17:48:09,896 epoch 14 - iter 25/59 - loss 0.43737756 - time (sec): 4.71 - samples/sec: 3363.22 - lr: 0.100000 - momentum: 0.000000
2025-12-22 17:48:11,058 epoch 14 - iter 30/59 - loss 0.43585701 - time (sec): 5.87 - samples/sec: 3230.44 - lr: 0.100000 - momentum: 0.000000
2025-12-22 17:48:12,079 epoch 14 - iter 35/59 - loss 0.43480357 - time (sec): 6.89 - samples/sec: 3204.07 - lr: 0.100000 - momentum: 0.000000
2025-12-22 17:48:12,950 epoch 14 - iter 40/59 - loss 0.43332576 - time (sec): 7.76 - samples/sec: 3251.96 - lr: 0.100000 - momentum: 0.000000
2025-12-22 17:48:13,982 epoch 14 - iter 45/59 - loss 0.43210459 - time (sec): 8.80 - samples/sec: 3225.16 - lr: 0.100000 - momentum: 0.000000
2025-12-22 17:48:15,005 epoch 14 - iter 50/59 - loss 0.42919704 - time (sec): 9.82 - samples/sec: 3235.27 - lr: 0.100000 - momentum: 0.000000
2025-12-22 17:48:16,170 epoch 14 - iter 55/59 - loss 0.42942516 - time (sec): 10.99 - samples/sec: 3216.73 - lr: 0.100000 - momentum: 0.000000
2025-12-22 17:48:16,845 ----------------------------------------------------------------------------------------------------
2025-12-22 17:48:16,846 EPOCH 14 done: loss 0.4302 - lr: 0.100000
2025-12-22 17:48:17,872 DEV : loss 0.37967920303344727 - f1-score (micro avg)  0.874
2025-12-22 17:48:17,874  - 0 epochs without improvement
2025-12-22 17:48:17,874 saving best model
2025-12-22 17:48:17,883 ----------------------------------------------------------------------------------------------------
2025-12-22 17:48:18,988 epoch 15 - iter 5/59 - loss 0.41431773 - time (sec): 1.10 - samples/sec: 3009.51 - lr: 0.100000 - momentum: 0.000000
2025-12-22 17:48:19,976 epoch 15 - iter 10/59 - loss 0.41519325 - time (sec): 2.09 - samples/sec: 3075.99 - lr: 0.100000 - momentum: 0.000000
2025-12-22 17:48:20,888 epoch 15 - iter 15/59 - loss 0.41463961 - time (sec): 3.00 - samples/sec: 3176.10 - lr: 0.100000 - momentum: 0.000000
2025-12-22 17:48:21,824 epoch 15 - iter 20/59 - loss 0.41427290 - time (sec): 3.94 - samples/sec: 3239.11 - lr: 0.100000 - momentum: 0.000000
2025-12-22 17:48:22,900 epoch 15 - iter 25/59 - loss 0.41235399 - time (sec): 5.02 - samples/sec: 3213.96 - lr: 0.100000 - momentum: 0.000000
2025-12-22 17:48:23,833 epoch 15 - iter 30/59 - loss 0.41409520 - time (sec): 5.95 - samples/sec: 3245.70 - lr: 0.100000 - momentum: 0.000000
2025-12-22 17:48:24,951 epoch 15 - iter 35/59 - loss 0.41343862 - time (sec): 7.07 - samples/sec: 3207.46 - lr: 0.100000 - momentum: 0.000000
2025-12-22 17:48:25,833 epoch 15 - iter 40/59 - loss 0.41608779 - time (sec): 7.95 - samples/sec: 3249.71 - lr: 0.100000 - momentum: 0.000000
2025-12-22 17:48:26,702 epoch 15 - iter 45/59 - loss 0.41237153 - time (sec): 8.82 - samples/sec: 3286.63 - lr: 0.100000 - momentum: 0.000000
2025-12-22 17:48:27,658 epoch 15 - iter 50/59 - loss 0.40930638 - time (sec): 9.77 - samples/sec: 3278.48 - lr: 0.100000 - momentum: 0.000000
2025-12-22 17:48:28,621 epoch 15 - iter 55/59 - loss 0.40860482 - time (sec): 10.74 - samples/sec: 3294.64 - lr: 0.100000 - momentum: 0.000000
2025-12-22 17:48:29,193 ----------------------------------------------------------------------------------------------------
2025-12-22 17:48:29,193 EPOCH 15 done: loss 0.4103 - lr: 0.100000
2025-12-22 17:48:30,017 DEV : loss 0.35451340675354004 - f1-score (micro avg)  0.8842
2025-12-22 17:48:30,019  - 0 epochs without improvement
2025-12-22 17:48:30,019 saving best model
2025-12-22 17:48:30,033 ----------------------------------------------------------------------------------------------------
2025-12-22 17:48:31,016 epoch 16 - iter 5/59 - loss 0.38477506 - time (sec): 0.98 - samples/sec: 3108.88 - lr: 0.100000 - momentum: 0.000000
2025-12-22 17:48:31,982 epoch 16 - iter 10/59 - loss 0.37373983 - time (sec): 1.95 - samples/sec: 3164.61 - lr: 0.100000 - momentum: 0.000000
2025-12-22 17:48:32,939 epoch 16 - iter 15/59 - loss 0.37494420 - time (sec): 2.91 - samples/sec: 3215.84 - lr: 0.100000 - momentum: 0.000000
2025-12-22 17:48:34,135 epoch 16 - iter 20/59 - loss 0.37783672 - time (sec): 4.10 - samples/sec: 3072.05 - lr: 0.100000 - momentum: 0.000000
2025-12-22 17:48:35,096 epoch 16 - iter 25/59 - loss 0.38153100 - time (sec): 5.06 - samples/sec: 3094.04 - lr: 0.100000 - momentum: 0.000000
2025-12-22 17:48:35,996 epoch 16 - iter 30/59 - loss 0.38304951 - time (sec): 5.96 - samples/sec: 3203.81 - lr: 0.100000 - momentum: 0.000000
2025-12-22 17:48:36,934 epoch 16 - iter 35/59 - loss 0.38378116 - time (sec): 6.90 - samples/sec: 3239.49 - lr: 0.100000 - momentum: 0.000000
2025-12-22 17:48:37,890 epoch 16 - iter 40/59 - loss 0.38294042 - time (sec): 7.86 - samples/sec: 3262.42 - lr: 0.100000 - momentum: 0.000000
2025-12-22 17:48:38,824 epoch 16 - iter 45/59 - loss 0.38719820 - time (sec): 8.79 - samples/sec: 3265.03 - lr: 0.100000 - momentum: 0.000000
2025-12-22 17:48:39,761 epoch 16 - iter 50/59 - loss 0.38800778 - time (sec): 9.73 - samples/sec: 3278.49 - lr: 0.100000 - momentum: 0.000000
2025-12-22 17:48:40,705 epoch 16 - iter 55/59 - loss 0.38664345 - time (sec): 10.67 - samples/sec: 3299.72 - lr: 0.100000 - momentum: 0.000000
2025-12-22 17:48:41,549 ----------------------------------------------------------------------------------------------------
2025-12-22 17:48:41,549 EPOCH 16 done: loss 0.3863 - lr: 0.100000
2025-12-22 17:48:42,684 DEV : loss 0.329914391040802 - f1-score (micro avg)  0.8921
2025-12-22 17:48:42,686  - 0 epochs without improvement
2025-12-22 17:48:42,686 saving best model
2025-12-22 17:48:42,695 ----------------------------------------------------------------------------------------------------
2025-12-22 17:48:43,632 epoch 17 - iter 5/59 - loss 0.36573794 - time (sec): 0.94 - samples/sec: 3412.51 - lr: 0.100000 - momentum: 0.000000
2025-12-22 17:48:44,672 epoch 17 - iter 10/59 - loss 0.36522788 - time (sec): 1.98 - samples/sec: 3270.31 - lr: 0.100000 - momentum: 0.000000
2025-12-22 17:48:45,561 epoch 17 - iter 15/59 - loss 0.37451759 - time (sec): 2.87 - samples/sec: 3368.38 - lr: 0.100000 - momentum: 0.000000
2025-12-22 17:48:46,451 epoch 17 - iter 20/59 - loss 0.36719911 - time (sec): 3.76 - samples/sec: 3459.43 - lr: 0.100000 - momentum: 0.000000
2025-12-22 17:48:47,368 epoch 17 - iter 25/59 - loss 0.36984110 - time (sec): 4.67 - samples/sec: 3493.65 - lr: 0.100000 - momentum: 0.000000
2025-12-22 17:48:48,614 epoch 17 - iter 30/59 - loss 0.36626862 - time (sec): 5.92 - samples/sec: 3357.30 - lr: 0.100000 - momentum: 0.000000
2025-12-22 17:48:49,658 epoch 17 - iter 35/59 - loss 0.36812903 - time (sec): 6.96 - samples/sec: 3297.63 - lr: 0.100000 - momentum: 0.000000
2025-12-22 17:48:50,482 epoch 17 - iter 40/59 - loss 0.37009151 - time (sec): 7.79 - samples/sec: 3323.67 - lr: 0.100000 - momentum: 0.000000
2025-12-22 17:48:51,375 epoch 17 - iter 45/59 - loss 0.37242527 - time (sec): 8.68 - samples/sec: 3344.63 - lr: 0.100000 - momentum: 0.000000
2025-12-22 17:48:52,343 epoch 17 - iter 50/59 - loss 0.37357285 - time (sec): 9.65 - samples/sec: 3343.45 - lr: 0.100000 - momentum: 0.000000
2025-12-22 17:48:53,274 epoch 17 - iter 55/59 - loss 0.37269030 - time (sec): 10.58 - samples/sec: 3353.88 - lr: 0.100000 - momentum: 0.000000
2025-12-22 17:48:54,035 ----------------------------------------------------------------------------------------------------
2025-12-22 17:48:54,035 EPOCH 17 done: loss 0.3721 - lr: 0.100000
2025-12-22 17:48:54,916 DEV : loss 0.32280153036117554 - f1-score (micro avg)  0.8933
2025-12-22 17:48:54,917  - 0 epochs without improvement
2025-12-22 17:48:54,918 saving best model
2025-12-22 17:48:54,930 ----------------------------------------------------------------------------------------------------
2025-12-22 17:48:55,824 epoch 18 - iter 5/59 - loss 0.32613825 - time (sec): 0.89 - samples/sec: 3507.27 - lr: 0.100000 - momentum: 0.000000
2025-12-22 17:48:56,808 epoch 18 - iter 10/59 - loss 0.33554997 - time (sec): 1.88 - samples/sec: 3341.97 - lr: 0.100000 - momentum: 0.000000
2025-12-22 17:48:57,834 epoch 18 - iter 15/59 - loss 0.32962473 - time (sec): 2.90 - samples/sec: 3340.73 - lr: 0.100000 - momentum: 0.000000
2025-12-22 17:48:58,826 epoch 18 - iter 20/59 - loss 0.33776916 - time (sec): 3.90 - samples/sec: 3307.83 - lr: 0.100000 - momentum: 0.000000
2025-12-22 17:48:59,846 epoch 18 - iter 25/59 - loss 0.34248591 - time (sec): 4.92 - samples/sec: 3335.45 - lr: 0.100000 - momentum: 0.000000
2025-12-22 17:49:00,683 epoch 18 - iter 30/59 - loss 0.34123696 - time (sec): 5.75 - samples/sec: 3398.26 - lr: 0.100000 - momentum: 0.000000
2025-12-22 17:49:01,684 epoch 18 - iter 35/59 - loss 0.34332815 - time (sec): 6.75 - samples/sec: 3400.88 - lr: 0.100000 - momentum: 0.000000
2025-12-22 17:49:02,741 epoch 18 - iter 40/59 - loss 0.34593261 - time (sec): 7.81 - samples/sec: 3359.64 - lr: 0.100000 - momentum: 0.000000
2025-12-22 17:49:03,748 epoch 18 - iter 45/59 - loss 0.34599848 - time (sec): 8.82 - samples/sec: 3309.16 - lr: 0.100000 - momentum: 0.000000
2025-12-22 17:49:04,563 epoch 18 - iter 50/59 - loss 0.34750909 - time (sec): 9.63 - samples/sec: 3346.63 - lr: 0.100000 - momentum: 0.000000
2025-12-22 17:49:05,458 epoch 18 - iter 55/59 - loss 0.34683737 - time (sec): 10.53 - samples/sec: 3364.51 - lr: 0.100000 - momentum: 0.000000
2025-12-22 17:49:06,414 ----------------------------------------------------------------------------------------------------
2025-12-22 17:49:06,414 EPOCH 18 done: loss 0.3472 - lr: 0.100000
2025-12-22 17:49:07,258 DEV : loss 0.3002668023109436 - f1-score (micro avg)  0.9011
2025-12-22 17:49:07,259  - 0 epochs without improvement
2025-12-22 17:49:07,260 saving best model
2025-12-22 17:49:07,271 ----------------------------------------------------------------------------------------------------
2025-12-22 17:49:08,810 epoch 19 - iter 5/59 - loss 0.33321227 - time (sec): 1.54 - samples/sec: 2310.74 - lr: 0.100000 - momentum: 0.000000
2025-12-22 17:49:09,983 epoch 19 - iter 10/59 - loss 0.33153746 - time (sec): 2.71 - samples/sec: 2549.28 - lr: 0.100000 - momentum: 0.000000
2025-12-22 17:49:11,051 epoch 19 - iter 15/59 - loss 0.33025822 - time (sec): 3.78 - samples/sec: 2685.69 - lr: 0.100000 - momentum: 0.000000
2025-12-22 17:49:11,995 epoch 19 - iter 20/59 - loss 0.32668380 - time (sec): 4.72 - samples/sec: 2832.62 - lr: 0.100000 - momentum: 0.000000
2025-12-22 17:49:12,931 epoch 19 - iter 25/59 - loss 0.33460766 - time (sec): 5.66 - samples/sec: 2916.72 - lr: 0.100000 - momentum: 0.000000
2025-12-22 17:49:13,830 epoch 19 - iter 30/59 - loss 0.33655819 - time (sec): 6.56 - samples/sec: 2976.72 - lr: 0.100000 - momentum: 0.000000
2025-12-22 17:49:14,690 epoch 19 - iter 35/59 - loss 0.33389353 - time (sec): 7.42 - samples/sec: 3059.68 - lr: 0.100000 - momentum: 0.000000
2025-12-22 17:49:15,612 epoch 19 - iter 40/59 - loss 0.33566822 - time (sec): 8.34 - samples/sec: 3098.17 - lr: 0.100000 - momentum: 0.000000
2025-12-22 17:49:16,453 epoch 19 - iter 45/59 - loss 0.33616744 - time (sec): 9.18 - samples/sec: 3159.10 - lr: 0.100000 - momentum: 0.000000
2025-12-22 17:49:17,346 epoch 19 - iter 50/59 - loss 0.33568001 - time (sec): 10.07 - samples/sec: 3189.21 - lr: 0.100000 - momentum: 0.000000
2025-12-22 17:49:18,376 epoch 19 - iter 55/59 - loss 0.33486084 - time (sec): 11.10 - samples/sec: 3193.98 - lr: 0.100000 - momentum: 0.000000
2025-12-22 17:49:19,042 ----------------------------------------------------------------------------------------------------
2025-12-22 17:49:19,042 EPOCH 19 done: loss 0.3366 - lr: 0.100000
2025-12-22 17:49:20,165 DEV : loss 0.29061177372932434 - f1-score (micro avg)  0.9024
2025-12-22 17:49:20,167  - 0 epochs without improvement
2025-12-22 17:49:20,167 saving best model
2025-12-22 17:49:20,176 ----------------------------------------------------------------------------------------------------
2025-12-22 17:49:20,987 epoch 20 - iter 5/59 - loss 0.33274486 - time (sec): 0.81 - samples/sec: 3807.19 - lr: 0.100000 - momentum: 0.000000
2025-12-22 17:49:22,015 epoch 20 - iter 10/59 - loss 0.32936583 - time (sec): 1.84 - samples/sec: 3495.10 - lr: 0.100000 - momentum: 0.000000
2025-12-22 17:49:23,006 epoch 20 - iter 15/59 - loss 0.32306726 - time (sec): 2.83 - samples/sec: 3416.50 - lr: 0.100000 - momentum: 0.000000
2025-12-22 17:49:23,927 epoch 20 - iter 20/59 - loss 0.32273711 - time (sec): 3.75 - samples/sec: 3418.24 - lr: 0.100000 - momentum: 0.000000
2025-12-22 17:49:24,853 epoch 20 - iter 25/59 - loss 0.32575988 - time (sec): 4.68 - samples/sec: 3424.47 - lr: 0.100000 - momentum: 0.000000
2025-12-22 17:49:25,740 epoch 20 - iter 30/59 - loss 0.32690210 - time (sec): 5.56 - samples/sec: 3463.21 - lr: 0.100000 - momentum: 0.000000
2025-12-22 17:49:26,630 epoch 20 - iter 35/59 - loss 0.32414497 - time (sec): 6.45 - samples/sec: 3469.30 - lr: 0.100000 - momentum: 0.000000
2025-12-22 17:49:27,430 epoch 20 - iter 40/59 - loss 0.32007520 - time (sec): 7.25 - samples/sec: 3503.12 - lr: 0.100000 - momentum: 0.000000
2025-12-22 17:49:28,719 epoch 20 - iter 45/59 - loss 0.31648251 - time (sec): 8.54 - samples/sec: 3372.22 - lr: 0.100000 - momentum: 0.000000
2025-12-22 17:49:29,625 epoch 20 - iter 50/59 - loss 0.31512356 - time (sec): 9.45 - samples/sec: 3383.15 - lr: 0.100000 - momentum: 0.000000
2025-12-22 17:49:30,578 epoch 20 - iter 55/59 - loss 0.31780899 - time (sec): 10.40 - samples/sec: 3381.41 - lr: 0.100000 - momentum: 0.000000
2025-12-22 17:49:31,236 ----------------------------------------------------------------------------------------------------
2025-12-22 17:49:31,236 EPOCH 20 done: loss 0.3176 - lr: 0.100000
2025-12-22 17:49:32,058 DEV : loss 0.27783775329589844 - f1-score (micro avg)  0.9075
2025-12-22 17:49:32,060  - 0 epochs without improvement
2025-12-22 17:49:32,061 saving best model
2025-12-22 17:49:32,071 ----------------------------------------------------------------------------------------------------
2025-12-22 17:49:33,073 epoch 21 - iter 5/59 - loss 0.28407624 - time (sec): 1.00 - samples/sec: 3415.22 - lr: 0.100000 - momentum: 0.000000
2025-12-22 17:49:34,403 epoch 21 - iter 10/59 - loss 0.29893740 - time (sec): 2.33 - samples/sec: 2842.02 - lr: 0.100000 - momentum: 0.000000
2025-12-22 17:49:35,582 epoch 21 - iter 15/59 - loss 0.30197142 - time (sec): 3.51 - samples/sec: 2833.38 - lr: 0.100000 - momentum: 0.000000
2025-12-22 17:49:36,748 epoch 21 - iter 20/59 - loss 0.30183523 - time (sec): 4.68 - samples/sec: 2827.96 - lr: 0.100000 - momentum: 0.000000
2025-12-22 17:49:37,773 epoch 21 - iter 25/59 - loss 0.29852037 - time (sec): 5.70 - samples/sec: 2871.40 - lr: 0.100000 - momentum: 0.000000
2025-12-22 17:49:38,796 epoch 21 - iter 30/59 - loss 0.29697424 - time (sec): 6.73 - samples/sec: 2947.63 - lr: 0.100000 - momentum: 0.000000
2025-12-22 17:49:39,621 epoch 21 - iter 35/59 - loss 0.29861232 - time (sec): 7.55 - samples/sec: 3008.63 - lr: 0.100000 - momentum: 0.000000
2025-12-22 17:49:40,481 epoch 21 - iter 40/59 - loss 0.29882888 - time (sec): 8.41 - samples/sec: 3062.68 - lr: 0.100000 - momentum: 0.000000
2025-12-22 17:49:41,470 epoch 21 - iter 45/59 - loss 0.29729739 - time (sec): 9.40 - samples/sec: 3087.73 - lr: 0.100000 - momentum: 0.000000
2025-12-22 17:49:42,371 epoch 21 - iter 50/59 - loss 0.29868101 - time (sec): 10.30 - samples/sec: 3136.16 - lr: 0.100000 - momentum: 0.000000
2025-12-22 17:49:43,740 epoch 21 - iter 55/59 - loss 0.30057461 - time (sec): 11.67 - samples/sec: 3033.28 - lr: 0.100000 - momentum: 0.000000
2025-12-22 17:49:44,414 ----------------------------------------------------------------------------------------------------
2025-12-22 17:49:44,415 EPOCH 21 done: loss 0.3010 - lr: 0.100000
2025-12-22 17:49:45,244 DEV : loss 0.26697206497192383 - f1-score (micro avg)  0.9102
2025-12-22 17:49:45,247  - 0 epochs without improvement
2025-12-22 17:49:45,247 saving best model
2025-12-22 17:49:45,262 ----------------------------------------------------------------------------------------------------
2025-12-22 17:49:46,173 epoch 22 - iter 5/59 - loss 0.26982765 - time (sec): 0.91 - samples/sec: 3314.17 - lr: 0.100000 - momentum: 0.000000
2025-12-22 17:49:47,044 epoch 22 - iter 10/59 - loss 0.28512465 - time (sec): 1.78 - samples/sec: 3476.31 - lr: 0.100000 - momentum: 0.000000
2025-12-22 17:49:47,970 epoch 22 - iter 15/59 - loss 0.27681103 - time (sec): 2.71 - samples/sec: 3554.54 - lr: 0.100000 - momentum: 0.000000
2025-12-22 17:49:48,961 epoch 22 - iter 20/59 - loss 0.28331682 - time (sec): 3.70 - samples/sec: 3496.15 - lr: 0.100000 - momentum: 0.000000
2025-12-22 17:49:49,787 epoch 22 - iter 25/59 - loss 0.28475549 - time (sec): 4.52 - samples/sec: 3574.63 - lr: 0.100000 - momentum: 0.000000
2025-12-22 17:49:50,644 epoch 22 - iter 30/59 - loss 0.29309169 - time (sec): 5.38 - samples/sec: 3532.94 - lr: 0.100000 - momentum: 0.000000
2025-12-22 17:49:51,655 epoch 22 - iter 35/59 - loss 0.29417091 - time (sec): 6.39 - samples/sec: 3495.14 - lr: 0.100000 - momentum: 0.000000
2025-12-22 17:49:52,734 epoch 22 - iter 40/59 - loss 0.29451986 - time (sec): 7.47 - samples/sec: 3461.14 - lr: 0.100000 - momentum: 0.000000
2025-12-22 17:49:53,644 epoch 22 - iter 45/59 - loss 0.29642692 - time (sec): 8.38 - samples/sec: 3454.45 - lr: 0.100000 - momentum: 0.000000
2025-12-22 17:49:54,594 epoch 22 - iter 50/59 - loss 0.29593622 - time (sec): 9.33 - samples/sec: 3437.27 - lr: 0.100000 - momentum: 0.000000
2025-12-22 17:49:55,534 epoch 22 - iter 55/59 - loss 0.29520771 - time (sec): 10.27 - samples/sec: 3439.17 - lr: 0.100000 - momentum: 0.000000
2025-12-22 17:49:56,386 ----------------------------------------------------------------------------------------------------
2025-12-22 17:49:56,386 EPOCH 22 done: loss 0.2932 - lr: 0.100000
2025-12-22 17:49:57,485 DEV : loss 0.2713693380355835 - f1-score (micro avg)  0.9068
2025-12-22 17:49:57,487  - 1 epochs without improvement
2025-12-22 17:49:57,487 ----------------------------------------------------------------------------------------------------
2025-12-22 17:49:58,359 epoch 23 - iter 5/59 - loss 0.26249302 - time (sec): 0.87 - samples/sec: 3579.16 - lr: 0.100000 - momentum: 0.000000
2025-12-22 17:49:59,313 epoch 23 - iter 10/59 - loss 0.26844077 - time (sec): 1.83 - samples/sec: 3558.96 - lr: 0.100000 - momentum: 0.000000
2025-12-22 17:50:00,275 epoch 23 - iter 15/59 - loss 0.27268749 - time (sec): 2.79 - samples/sec: 3514.70 - lr: 0.100000 - momentum: 0.000000
2025-12-22 17:50:01,135 epoch 23 - iter 20/59 - loss 0.27023716 - time (sec): 3.65 - samples/sec: 3551.49 - lr: 0.100000 - momentum: 0.000000
2025-12-22 17:50:02,034 epoch 23 - iter 25/59 - loss 0.27192473 - time (sec): 4.55 - samples/sec: 3519.48 - lr: 0.100000 - momentum: 0.000000
2025-12-22 17:50:03,104 epoch 23 - iter 30/59 - loss 0.27566159 - time (sec): 5.62 - samples/sec: 3471.95 - lr: 0.100000 - momentum: 0.000000
2025-12-22 17:50:04,017 epoch 23 - iter 35/59 - loss 0.27517398 - time (sec): 6.53 - samples/sec: 3468.57 - lr: 0.100000 - momentum: 0.000000
2025-12-22 17:50:04,785 epoch 23 - iter 40/59 - loss 0.27520200 - time (sec): 7.30 - samples/sec: 3506.09 - lr: 0.100000 - momentum: 0.000000
2025-12-22 17:50:05,952 epoch 23 - iter 45/59 - loss 0.27664302 - time (sec): 8.47 - samples/sec: 3410.64 - lr: 0.100000 - momentum: 0.000000
2025-12-22 17:50:06,940 epoch 23 - iter 50/59 - loss 0.27918100 - time (sec): 9.45 - samples/sec: 3393.15 - lr: 0.100000 - momentum: 0.000000
2025-12-22 17:50:07,953 epoch 23 - iter 55/59 - loss 0.27776814 - time (sec): 10.47 - samples/sec: 3379.58 - lr: 0.100000 - momentum: 0.000000
2025-12-22 17:50:08,791 ----------------------------------------------------------------------------------------------------
2025-12-22 17:50:08,791 EPOCH 23 done: loss 0.2784 - lr: 0.100000
2025-12-22 17:50:09,608 DEV : loss 0.2622343599796295 - f1-score (micro avg)  0.9135
2025-12-22 17:50:09,610  - 0 epochs without improvement
2025-12-22 17:50:09,611 saving best model
2025-12-22 17:50:09,621 ----------------------------------------------------------------------------------------------------
2025-12-22 17:50:10,495 epoch 24 - iter 5/59 - loss 0.25187673 - time (sec): 0.87 - samples/sec: 3665.59 - lr: 0.100000 - momentum: 0.000000
2025-12-22 17:50:11,497 epoch 24 - iter 10/59 - loss 0.26189672 - time (sec): 1.88 - samples/sec: 3382.30 - lr: 0.100000 - momentum: 0.000000
2025-12-22 17:50:12,404 epoch 24 - iter 15/59 - loss 0.27211213 - time (sec): 2.78 - samples/sec: 3455.43 - lr: 0.100000 - momentum: 0.000000
2025-12-22 17:50:13,467 epoch 24 - iter 20/59 - loss 0.27411761 - time (sec): 3.85 - samples/sec: 3337.19 - lr: 0.100000 - momentum: 0.000000
2025-12-22 17:50:14,283 epoch 24 - iter 25/59 - loss 0.27453337 - time (sec): 4.66 - samples/sec: 3407.94 - lr: 0.100000 - momentum: 0.000000
2025-12-22 17:50:15,095 epoch 24 - iter 30/59 - loss 0.27242501 - time (sec): 5.47 - samples/sec: 3446.13 - lr: 0.100000 - momentum: 0.000000
2025-12-22 17:50:15,901 epoch 24 - iter 35/59 - loss 0.27034087 - time (sec): 6.28 - samples/sec: 3531.65 - lr: 0.100000 - momentum: 0.000000
2025-12-22 17:50:16,840 epoch 24 - iter 40/59 - loss 0.26968009 - time (sec): 7.22 - samples/sec: 3499.48 - lr: 0.100000 - momentum: 0.000000
2025-12-22 17:50:17,940 epoch 24 - iter 45/59 - loss 0.26763435 - time (sec): 8.32 - samples/sec: 3460.60 - lr: 0.100000 - momentum: 0.000000
2025-12-22 17:50:18,920 epoch 24 - iter 50/59 - loss 0.26788747 - time (sec): 9.30 - samples/sec: 3432.73 - lr: 0.100000 - momentum: 0.000000
2025-12-22 17:50:19,942 epoch 24 - iter 55/59 - loss 0.26938464 - time (sec): 10.32 - samples/sec: 3433.23 - lr: 0.100000 - momentum: 0.000000
2025-12-22 17:50:20,575 ----------------------------------------------------------------------------------------------------
2025-12-22 17:50:20,575 EPOCH 24 done: loss 0.2702 - lr: 0.100000
2025-12-22 17:50:21,383 DEV : loss 0.25465893745422363 - f1-score (micro avg)  0.9162
2025-12-22 17:50:21,385  - 0 epochs without improvement
2025-12-22 17:50:21,385 saving best model
2025-12-22 17:50:21,396 ----------------------------------------------------------------------------------------------------
2025-12-22 17:50:22,354 epoch 25 - iter 5/59 - loss 0.28416284 - time (sec): 0.96 - samples/sec: 3544.37 - lr: 0.100000 - momentum: 0.000000
2025-12-22 17:50:23,529 epoch 25 - iter 10/59 - loss 0.26701067 - time (sec): 2.13 - samples/sec: 3196.56 - lr: 0.100000 - momentum: 0.000000
2025-12-22 17:50:24,475 epoch 25 - iter 15/59 - loss 0.26883519 - time (sec): 3.08 - samples/sec: 3310.98 - lr: 0.100000 - momentum: 0.000000
2025-12-22 17:50:25,402 epoch 25 - iter 20/59 - loss 0.26541727 - time (sec): 4.01 - samples/sec: 3331.21 - lr: 0.100000 - momentum: 0.000000
2025-12-22 17:50:26,416 epoch 25 - iter 25/59 - loss 0.25866518 - time (sec): 5.02 - samples/sec: 3278.95 - lr: 0.100000 - momentum: 0.000000
2025-12-22 17:50:27,325 epoch 25 - iter 30/59 - loss 0.25609179 - time (sec): 5.93 - samples/sec: 3328.66 - lr: 0.100000 - momentum: 0.000000
2025-12-22 17:50:28,182 epoch 25 - iter 35/59 - loss 0.25631360 - time (sec): 6.79 - samples/sec: 3395.25 - lr: 0.100000 - momentum: 0.000000
2025-12-22 17:50:29,182 epoch 25 - iter 40/59 - loss 0.25733622 - time (sec): 7.79 - samples/sec: 3374.64 - lr: 0.100000 - momentum: 0.000000
2025-12-22 17:50:30,063 epoch 25 - iter 45/59 - loss 0.25677041 - time (sec): 8.67 - samples/sec: 3383.39 - lr: 0.100000 - momentum: 0.000000
2025-12-22 17:50:31,093 epoch 25 - iter 50/59 - loss 0.25692569 - time (sec): 9.70 - samples/sec: 3361.53 - lr: 0.100000 - momentum: 0.000000
2025-12-22 17:50:31,936 epoch 25 - iter 55/59 - loss 0.25824289 - time (sec): 10.54 - samples/sec: 3367.80 - lr: 0.100000 - momentum: 0.000000
2025-12-22 17:50:32,599 ----------------------------------------------------------------------------------------------------
2025-12-22 17:50:32,599 EPOCH 25 done: loss 0.2600 - lr: 0.100000
2025-12-22 17:50:33,500 DEV : loss 0.24911081790924072 - f1-score (micro avg)  0.9189
2025-12-22 17:50:33,503  - 0 epochs without improvement
2025-12-22 17:50:33,503 saving best model
2025-12-22 17:50:33,524 ----------------------------------------------------------------------------------------------------
2025-12-22 17:50:34,465 epoch 26 - iter 5/59 - loss 0.25407011 - time (sec): 0.94 - samples/sec: 3299.77 - lr: 0.100000 - momentum: 0.000000
2025-12-22 17:50:35,365 epoch 26 - iter 10/59 - loss 0.25666273 - time (sec): 1.84 - samples/sec: 3301.72 - lr: 0.100000 - momentum: 0.000000
2025-12-22 17:50:36,204 epoch 26 - iter 15/59 - loss 0.25372623 - time (sec): 2.68 - samples/sec: 3403.66 - lr: 0.100000 - momentum: 0.000000
2025-12-22 17:50:37,228 epoch 26 - iter 20/59 - loss 0.24876375 - time (sec): 3.70 - samples/sec: 3400.28 - lr: 0.100000 - momentum: 0.000000
2025-12-22 17:50:38,385 epoch 26 - iter 25/59 - loss 0.24946867 - time (sec): 4.86 - samples/sec: 3342.22 - lr: 0.100000 - momentum: 0.000000
2025-12-22 17:50:39,392 epoch 26 - iter 30/59 - loss 0.25323361 - time (sec): 5.87 - samples/sec: 3301.45 - lr: 0.100000 - momentum: 0.000000
2025-12-22 17:50:40,366 epoch 26 - iter 35/59 - loss 0.25059234 - time (sec): 6.84 - samples/sec: 3312.71 - lr: 0.100000 - momentum: 0.000000
2025-12-22 17:50:41,577 epoch 26 - iter 40/59 - loss 0.24852418 - time (sec): 8.05 - samples/sec: 3226.22 - lr: 0.100000 - momentum: 0.000000
2025-12-22 17:50:42,605 epoch 26 - iter 45/59 - loss 0.25051712 - time (sec): 9.08 - samples/sec: 3205.39 - lr: 0.100000 - momentum: 0.000000
2025-12-22 17:50:43,441 epoch 26 - iter 50/59 - loss 0.24867188 - time (sec): 9.92 - samples/sec: 3264.65 - lr: 0.100000 - momentum: 0.000000
2025-12-22 17:50:44,350 epoch 26 - iter 55/59 - loss 0.25148208 - time (sec): 10.82 - samples/sec: 3266.25 - lr: 0.100000 - momentum: 0.000000
2025-12-22 17:50:44,990 ----------------------------------------------------------------------------------------------------
2025-12-22 17:50:44,990 EPOCH 26 done: loss 0.2505 - lr: 0.100000
2025-12-22 17:50:45,862 DEV : loss 0.24328278005123138 - f1-score (micro avg)  0.9195
2025-12-22 17:50:45,864  - 0 epochs without improvement
2025-12-22 17:50:45,864 saving best model
2025-12-22 17:50:45,873 ----------------------------------------------------------------------------------------------------
2025-12-22 17:50:46,706 epoch 27 - iter 5/59 - loss 0.23613924 - time (sec): 0.83 - samples/sec: 3743.19 - lr: 0.100000 - momentum: 0.000000
2025-12-22 17:50:47,690 epoch 27 - iter 10/59 - loss 0.24195486 - time (sec): 1.82 - samples/sec: 3436.41 - lr: 0.100000 - momentum: 0.000000
2025-12-22 17:50:48,677 epoch 27 - iter 15/59 - loss 0.24037380 - time (sec): 2.80 - samples/sec: 3394.50 - lr: 0.100000 - momentum: 0.000000
2025-12-22 17:50:49,633 epoch 27 - iter 20/59 - loss 0.24432968 - time (sec): 3.76 - samples/sec: 3410.61 - lr: 0.100000 - momentum: 0.000000
2025-12-22 17:50:50,612 epoch 27 - iter 25/59 - loss 0.24728483 - time (sec): 4.74 - samples/sec: 3329.07 - lr: 0.100000 - momentum: 0.000000
2025-12-22 17:50:51,622 epoch 27 - iter 30/59 - loss 0.24625800 - time (sec): 5.75 - samples/sec: 3311.74 - lr: 0.100000 - momentum: 0.000000
2025-12-22 17:50:52,450 epoch 27 - iter 35/59 - loss 0.24556724 - time (sec): 6.58 - samples/sec: 3362.19 - lr: 0.100000 - momentum: 0.000000
2025-12-22 17:50:53,401 epoch 27 - iter 40/59 - loss 0.24172499 - time (sec): 7.53 - samples/sec: 3388.23 - lr: 0.100000 - momentum: 0.000000
2025-12-22 17:50:54,325 epoch 27 - iter 45/59 - loss 0.24529528 - time (sec): 8.45 - samples/sec: 3383.85 - lr: 0.100000 - momentum: 0.000000
2025-12-22 17:50:55,431 epoch 27 - iter 50/59 - loss 0.24681055 - time (sec): 9.56 - samples/sec: 3344.51 - lr: 0.100000 - momentum: 0.000000
2025-12-22 17:50:56,348 epoch 27 - iter 55/59 - loss 0.24692222 - time (sec): 10.47 - samples/sec: 3353.87 - lr: 0.100000 - momentum: 0.000000
2025-12-22 17:50:57,019 ----------------------------------------------------------------------------------------------------
2025-12-22 17:50:57,020 EPOCH 27 done: loss 0.2469 - lr: 0.100000
2025-12-22 17:50:58,142 DEV : loss 0.2352972775697708 - f1-score (micro avg)  0.922
2025-12-22 17:50:58,144  - 0 epochs without improvement
2025-12-22 17:50:58,145 saving best model
2025-12-22 17:50:58,157 ----------------------------------------------------------------------------------------------------
2025-12-22 17:50:59,131 epoch 28 - iter 5/59 - loss 0.22468522 - time (sec): 0.97 - samples/sec: 3234.31 - lr: 0.100000 - momentum: 0.000000
2025-12-22 17:51:00,034 epoch 28 - iter 10/59 - loss 0.22631983 - time (sec): 1.88 - samples/sec: 3446.88 - lr: 0.100000 - momentum: 0.000000
2025-12-22 17:51:01,104 epoch 28 - iter 15/59 - loss 0.22858474 - time (sec): 2.95 - samples/sec: 3289.11 - lr: 0.100000 - momentum: 0.000000
2025-12-22 17:51:02,163 epoch 28 - iter 20/59 - loss 0.22919325 - time (sec): 4.01 - samples/sec: 3208.36 - lr: 0.100000 - momentum: 0.000000
2025-12-22 17:51:03,089 epoch 28 - iter 25/59 - loss 0.23145904 - time (sec): 4.93 - samples/sec: 3266.03 - lr: 0.100000 - momentum: 0.000000
2025-12-22 17:51:04,111 epoch 28 - iter 30/59 - loss 0.23690134 - time (sec): 5.95 - samples/sec: 3258.97 - lr: 0.100000 - momentum: 0.000000
2025-12-22 17:51:04,880 epoch 28 - iter 35/59 - loss 0.23810890 - time (sec): 6.72 - samples/sec: 3326.12 - lr: 0.100000 - momentum: 0.000000
2025-12-22 17:51:05,808 epoch 28 - iter 40/59 - loss 0.23611569 - time (sec): 7.65 - samples/sec: 3342.66 - lr: 0.100000 - momentum: 0.000000
2025-12-22 17:51:06,687 epoch 28 - iter 45/59 - loss 0.23785575 - time (sec): 8.53 - samples/sec: 3339.01 - lr: 0.100000 - momentum: 0.000000
2025-12-22 17:51:07,665 epoch 28 - iter 50/59 - loss 0.23589782 - time (sec): 9.51 - samples/sec: 3341.37 - lr: 0.100000 - momentum: 0.000000
2025-12-22 17:51:08,881 epoch 28 - iter 55/59 - loss 0.23742914 - time (sec): 10.72 - samples/sec: 3280.18 - lr: 0.100000 - momentum: 0.000000
2025-12-22 17:51:09,550 ----------------------------------------------------------------------------------------------------
2025-12-22 17:51:09,550 EPOCH 28 done: loss 0.2380 - lr: 0.100000
2025-12-22 17:51:10,464 DEV : loss 0.22672253847122192 - f1-score (micro avg)  0.9236
2025-12-22 17:51:10,466  - 0 epochs without improvement
2025-12-22 17:51:10,467 saving best model
2025-12-22 17:51:10,481 ----------------------------------------------------------------------------------------------------
2025-12-22 17:51:11,348 epoch 29 - iter 5/59 - loss 0.22150822 - time (sec): 0.87 - samples/sec: 3711.37 - lr: 0.100000 - momentum: 0.000000
2025-12-22 17:51:12,332 epoch 29 - iter 10/59 - loss 0.22262763 - time (sec): 1.85 - samples/sec: 3449.12 - lr: 0.100000 - momentum: 0.000000
2025-12-22 17:51:13,115 epoch 29 - iter 15/59 - loss 0.22717742 - time (sec): 2.63 - samples/sec: 3560.51 - lr: 0.100000 - momentum: 0.000000
2025-12-22 17:51:14,634 epoch 29 - iter 20/59 - loss 0.22819158 - time (sec): 4.15 - samples/sec: 3073.34 - lr: 0.100000 - momentum: 0.000000
2025-12-22 17:51:15,770 epoch 29 - iter 25/59 - loss 0.22773102 - time (sec): 5.29 - samples/sec: 3047.82 - lr: 0.100000 - momentum: 0.000000
2025-12-22 17:51:16,689 epoch 29 - iter 30/59 - loss 0.22994216 - time (sec): 6.21 - samples/sec: 3104.99 - lr: 0.100000 - momentum: 0.000000
2025-12-22 17:51:17,802 epoch 29 - iter 35/59 - loss 0.23135636 - time (sec): 7.32 - samples/sec: 3086.86 - lr: 0.100000 - momentum: 0.000000
2025-12-22 17:51:18,883 epoch 29 - iter 40/59 - loss 0.22989053 - time (sec): 8.40 - samples/sec: 3092.29 - lr: 0.100000 - momentum: 0.000000
2025-12-22 17:51:19,915 epoch 29 - iter 45/59 - loss 0.22932919 - time (sec): 9.43 - samples/sec: 3100.65 - lr: 0.100000 - momentum: 0.000000
2025-12-22 17:51:20,781 epoch 29 - iter 50/59 - loss 0.22858191 - time (sec): 10.30 - samples/sec: 3146.16 - lr: 0.100000 - momentum: 0.000000
2025-12-22 17:51:21,656 epoch 29 - iter 55/59 - loss 0.22870878 - time (sec): 11.17 - samples/sec: 3162.97 - lr: 0.100000 - momentum: 0.000000
2025-12-22 17:51:22,285 ----------------------------------------------------------------------------------------------------
2025-12-22 17:51:22,286 EPOCH 29 done: loss 0.2305 - lr: 0.100000
2025-12-22 17:51:23,099 DEV : loss 0.2348678559064865 - f1-score (micro avg)  0.9229
2025-12-22 17:51:23,101  - 1 epochs without improvement
2025-12-22 17:51:23,102 ----------------------------------------------------------------------------------------------------
2025-12-22 17:51:24,180 epoch 30 - iter 5/59 - loss 0.19584106 - time (sec): 1.08 - samples/sec: 3003.28 - lr: 0.100000 - momentum: 0.000000
2025-12-22 17:51:25,006 epoch 30 - iter 10/59 - loss 0.19595873 - time (sec): 1.90 - samples/sec: 3306.49 - lr: 0.100000 - momentum: 0.000000
2025-12-22 17:51:25,958 epoch 30 - iter 15/59 - loss 0.20539400 - time (sec): 2.86 - samples/sec: 3351.07 - lr: 0.100000 - momentum: 0.000000
2025-12-22 17:51:26,900 epoch 30 - iter 20/59 - loss 0.20244534 - time (sec): 3.80 - samples/sec: 3398.06 - lr: 0.100000 - momentum: 0.000000
2025-12-22 17:51:27,783 epoch 30 - iter 25/59 - loss 0.20859917 - time (sec): 4.68 - samples/sec: 3425.82 - lr: 0.100000 - momentum: 0.000000
2025-12-22 17:51:28,705 epoch 30 - iter 30/59 - loss 0.21034928 - time (sec): 5.60 - samples/sec: 3460.62 - lr: 0.100000 - momentum: 0.000000
2025-12-22 17:51:29,640 epoch 30 - iter 35/59 - loss 0.20955897 - time (sec): 6.54 - samples/sec: 3469.65 - lr: 0.100000 - momentum: 0.000000
2025-12-22 17:51:30,551 epoch 30 - iter 40/59 - loss 0.21115323 - time (sec): 7.45 - samples/sec: 3451.11 - lr: 0.100000 - momentum: 0.000000
2025-12-22 17:51:31,724 epoch 30 - iter 45/59 - loss 0.21606738 - time (sec): 8.62 - samples/sec: 3365.71 - lr: 0.100000 - momentum: 0.000000
2025-12-22 17:51:32,792 epoch 30 - iter 50/59 - loss 0.21890924 - time (sec): 9.69 - samples/sec: 3349.54 - lr: 0.100000 - momentum: 0.000000
2025-12-22 17:51:33,777 epoch 30 - iter 55/59 - loss 0.21969355 - time (sec): 10.68 - samples/sec: 3326.14 - lr: 0.100000 - momentum: 0.000000
2025-12-22 17:51:34,411 ----------------------------------------------------------------------------------------------------
2025-12-22 17:51:34,411 EPOCH 30 done: loss 0.2202 - lr: 0.100000
2025-12-22 17:51:35,533 DEV : loss 0.22251886129379272 - f1-score (micro avg)  0.9299
2025-12-22 17:51:35,535  - 0 epochs without improvement
2025-12-22 17:51:35,535 saving best model
2025-12-22 17:51:35,547 ----------------------------------------------------------------------------------------------------
2025-12-22 17:51:36,483 epoch 31 - iter 5/59 - loss 0.21633091 - time (sec): 0.94 - samples/sec: 3318.59 - lr: 0.100000 - momentum: 0.000000
2025-12-22 17:51:37,491 epoch 31 - iter 10/59 - loss 0.21135460 - time (sec): 1.94 - samples/sec: 3259.77 - lr: 0.100000 - momentum: 0.000000
2025-12-22 17:51:38,596 epoch 31 - iter 15/59 - loss 0.20310343 - time (sec): 3.05 - samples/sec: 3154.81 - lr: 0.100000 - momentum: 0.000000
2025-12-22 17:51:39,387 epoch 31 - iter 20/59 - loss 0.20883004 - time (sec): 3.84 - samples/sec: 3305.86 - lr: 0.100000 - momentum: 0.000000
2025-12-22 17:51:40,351 epoch 31 - iter 25/59 - loss 0.20904429 - time (sec): 4.80 - samples/sec: 3328.39 - lr: 0.100000 - momentum: 0.000000
2025-12-22 17:51:41,296 epoch 31 - iter 30/59 - loss 0.21161725 - time (sec): 5.75 - samples/sec: 3322.68 - lr: 0.100000 - momentum: 0.000000
2025-12-22 17:51:42,147 epoch 31 - iter 35/59 - loss 0.21126583 - time (sec): 6.60 - samples/sec: 3390.88 - lr: 0.100000 - momentum: 0.000000
2025-12-22 17:51:43,318 epoch 31 - iter 40/59 - loss 0.21040060 - time (sec): 7.77 - samples/sec: 3310.10 - lr: 0.100000 - momentum: 0.000000
2025-12-22 17:51:44,226 epoch 31 - iter 45/59 - loss 0.21405422 - time (sec): 8.68 - samples/sec: 3310.14 - lr: 0.100000 - momentum: 0.000000
2025-12-22 17:51:45,252 epoch 31 - iter 50/59 - loss 0.21523936 - time (sec): 9.70 - samples/sec: 3311.91 - lr: 0.100000 - momentum: 0.000000
2025-12-22 17:51:46,214 epoch 31 - iter 55/59 - loss 0.21439517 - time (sec): 10.67 - samples/sec: 3308.91 - lr: 0.100000 - momentum: 0.000000
2025-12-22 17:51:46,872 ----------------------------------------------------------------------------------------------------
2025-12-22 17:51:46,872 EPOCH 31 done: loss 0.2145 - lr: 0.100000
2025-12-22 17:51:47,698 DEV : loss 0.22893238067626953 - f1-score (micro avg)  0.9225
2025-12-22 17:51:47,700  - 1 epochs without improvement
2025-12-22 17:51:47,701 ----------------------------------------------------------------------------------------------------
2025-12-22 17:51:48,620 epoch 32 - iter 5/59 - loss 0.22525250 - time (sec): 0.92 - samples/sec: 3512.59 - lr: 0.100000 - momentum: 0.000000
2025-12-22 17:51:49,568 epoch 32 - iter 10/59 - loss 0.21643864 - time (sec): 1.87 - samples/sec: 3441.16 - lr: 0.100000 - momentum: 0.000000
2025-12-22 17:51:50,483 epoch 32 - iter 15/59 - loss 0.21416453 - time (sec): 2.78 - samples/sec: 3496.58 - lr: 0.100000 - momentum: 0.000000
2025-12-22 17:51:51,318 epoch 32 - iter 20/59 - loss 0.21680097 - time (sec): 3.62 - samples/sec: 3559.81 - lr: 0.100000 - momentum: 0.000000
2025-12-22 17:51:52,220 epoch 32 - iter 25/59 - loss 0.21268869 - time (sec): 4.52 - samples/sec: 3549.54 - lr: 0.100000 - momentum: 0.000000
2025-12-22 17:51:53,426 epoch 32 - iter 30/59 - loss 0.21206082 - time (sec): 5.73 - samples/sec: 3401.43 - lr: 0.100000 - momentum: 0.000000
2025-12-22 17:51:54,450 epoch 32 - iter 35/59 - loss 0.20859546 - time (sec): 6.75 - samples/sec: 3363.24 - lr: 0.100000 - momentum: 0.000000
2025-12-22 17:51:55,473 epoch 32 - iter 40/59 - loss 0.20768139 - time (sec): 7.77 - samples/sec: 3348.36 - lr: 0.100000 - momentum: 0.000000
2025-12-22 17:51:56,423 epoch 32 - iter 45/59 - loss 0.20875804 - time (sec): 8.72 - samples/sec: 3343.70 - lr: 0.100000 - momentum: 0.000000
2025-12-22 17:51:57,245 epoch 32 - iter 50/59 - loss 0.20700005 - time (sec): 9.54 - samples/sec: 3363.39 - lr: 0.100000 - momentum: 0.000000
2025-12-22 17:51:58,076 epoch 32 - iter 55/59 - loss 0.20818071 - time (sec): 10.37 - samples/sec: 3394.36 - lr: 0.100000 - momentum: 0.000000
2025-12-22 17:51:58,779 ----------------------------------------------------------------------------------------------------
2025-12-22 17:51:58,779 EPOCH 32 done: loss 0.2090 - lr: 0.100000
2025-12-22 17:51:59,621 DEV : loss 0.21311897039413452 - f1-score (micro avg)  0.9307
2025-12-22 17:51:59,623  - 0 epochs without improvement
2025-12-22 17:51:59,624 saving best model
2025-12-22 17:51:59,635 ----------------------------------------------------------------------------------------------------
2025-12-22 17:52:00,658 epoch 33 - iter 5/59 - loss 0.18909142 - time (sec): 1.02 - samples/sec: 3256.68 - lr: 0.100000 - momentum: 0.000000
2025-12-22 17:52:01,540 epoch 33 - iter 10/59 - loss 0.19444062 - time (sec): 1.90 - samples/sec: 3443.54 - lr: 0.100000 - momentum: 0.000000
2025-12-22 17:52:02,490 epoch 33 - iter 15/59 - loss 0.19526700 - time (sec): 2.85 - samples/sec: 3387.48 - lr: 0.100000 - momentum: 0.000000
2025-12-22 17:52:03,664 epoch 33 - iter 20/59 - loss 0.19793079 - time (sec): 4.03 - samples/sec: 3225.76 - lr: 0.100000 - momentum: 0.000000
2025-12-22 17:52:04,718 epoch 33 - iter 25/59 - loss 0.19604754 - time (sec): 5.08 - samples/sec: 3213.83 - lr: 0.100000 - momentum: 0.000000
2025-12-22 17:52:05,729 epoch 33 - iter 30/59 - loss 0.19971942 - time (sec): 6.09 - samples/sec: 3195.12 - lr: 0.100000 - momentum: 0.000000
2025-12-22 17:52:06,655 epoch 33 - iter 35/59 - loss 0.20216852 - time (sec): 7.02 - samples/sec: 3165.89 - lr: 0.100000 - momentum: 0.000000
2025-12-22 17:52:07,556 epoch 33 - iter 40/59 - loss 0.20204043 - time (sec): 7.92 - samples/sec: 3212.13 - lr: 0.100000 - momentum: 0.000000
2025-12-22 17:52:08,387 epoch 33 - iter 45/59 - loss 0.20147121 - time (sec): 8.75 - samples/sec: 3285.29 - lr: 0.100000 - momentum: 0.000000
2025-12-22 17:52:09,223 epoch 33 - iter 50/59 - loss 0.19979266 - time (sec): 9.59 - samples/sec: 3347.94 - lr: 0.100000 - momentum: 0.000000
2025-12-22 17:52:10,203 epoch 33 - iter 55/59 - loss 0.20153525 - time (sec): 10.57 - samples/sec: 3343.86 - lr: 0.100000 - momentum: 0.000000
2025-12-22 17:52:10,776 ----------------------------------------------------------------------------------------------------
2025-12-22 17:52:10,776 EPOCH 33 done: loss 0.2016 - lr: 0.100000
2025-12-22 17:52:11,636 DEV : loss 0.2104530930519104 - f1-score (micro avg)  0.9307
2025-12-22 17:52:11,638  - 0 epochs without improvement
2025-12-22 17:52:11,639 ----------------------------------------------------------------------------------------------------
2025-12-22 17:52:12,634 epoch 34 - iter 5/59 - loss 0.16778132 - time (sec): 0.99 - samples/sec: 3401.57 - lr: 0.100000 - momentum: 0.000000
2025-12-22 17:52:13,601 epoch 34 - iter 10/59 - loss 0.18275614 - time (sec): 1.96 - samples/sec: 3376.49 - lr: 0.100000 - momentum: 0.000000
2025-12-22 17:52:14,643 epoch 34 - iter 15/59 - loss 0.18777188 - time (sec): 3.00 - samples/sec: 3229.35 - lr: 0.100000 - momentum: 0.000000
2025-12-22 17:52:15,581 epoch 34 - iter 20/59 - loss 0.19157802 - time (sec): 3.94 - samples/sec: 3265.56 - lr: 0.100000 - momentum: 0.000000
2025-12-22 17:52:16,954 epoch 34 - iter 25/59 - loss 0.18958966 - time (sec): 5.32 - samples/sec: 3091.05 - lr: 0.100000 - momentum: 0.000000
2025-12-22 17:52:17,946 epoch 34 - iter 30/59 - loss 0.18722689 - time (sec): 6.31 - samples/sec: 3131.97 - lr: 0.100000 - momentum: 0.000000
2025-12-22 17:52:18,841 epoch 34 - iter 35/59 - loss 0.18749167 - time (sec): 7.20 - samples/sec: 3180.43 - lr: 0.100000 - momentum: 0.000000
2025-12-22 17:52:19,844 epoch 34 - iter 40/59 - loss 0.19248120 - time (sec): 8.21 - samples/sec: 3220.85 - lr: 0.100000 - momentum: 0.000000
2025-12-22 17:52:20,693 epoch 34 - iter 45/59 - loss 0.19264164 - time (sec): 9.05 - samples/sec: 3251.55 - lr: 0.100000 - momentum: 0.000000
2025-12-22 17:52:21,479 epoch 34 - iter 50/59 - loss 0.19349711 - time (sec): 9.84 - samples/sec: 3314.00 - lr: 0.100000 - momentum: 0.000000
2025-12-22 17:52:22,458 epoch 34 - iter 55/59 - loss 0.19346560 - time (sec): 10.82 - samples/sec: 3286.54 - lr: 0.100000 - momentum: 0.000000
2025-12-22 17:52:23,071 ----------------------------------------------------------------------------------------------------
2025-12-22 17:52:23,071 EPOCH 34 done: loss 0.1941 - lr: 0.100000
2025-12-22 17:52:23,910 DEV : loss 0.21109317243099213 - f1-score (micro avg)  0.9326
2025-12-22 17:52:23,912  - 0 epochs without improvement
2025-12-22 17:52:23,913 saving best model
2025-12-22 17:52:23,928 ----------------------------------------------------------------------------------------------------
2025-12-22 17:52:24,812 epoch 35 - iter 5/59 - loss 0.21256588 - time (sec): 0.88 - samples/sec: 3546.69 - lr: 0.100000 - momentum: 0.000000
2025-12-22 17:52:25,805 epoch 35 - iter 10/59 - loss 0.19896890 - time (sec): 1.88 - samples/sec: 3374.50 - lr: 0.100000 - momentum: 0.000000
2025-12-22 17:52:26,686 epoch 35 - iter 15/59 - loss 0.19104564 - time (sec): 2.76 - samples/sec: 3447.04 - lr: 0.100000 - momentum: 0.000000
2025-12-22 17:52:27,672 epoch 35 - iter 20/59 - loss 0.18461178 - time (sec): 3.74 - samples/sec: 3444.56 - lr: 0.100000 - momentum: 0.000000
2025-12-22 17:52:28,572 epoch 35 - iter 25/59 - loss 0.18705957 - time (sec): 4.64 - samples/sec: 3436.56 - lr: 0.100000 - momentum: 0.000000
2025-12-22 17:52:29,472 epoch 35 - iter 30/59 - loss 0.18909084 - time (sec): 5.54 - samples/sec: 3458.64 - lr: 0.100000 - momentum: 0.000000
2025-12-22 17:52:30,429 epoch 35 - iter 35/59 - loss 0.19115768 - time (sec): 6.50 - samples/sec: 3445.90 - lr: 0.100000 - momentum: 0.000000
2025-12-22 17:52:31,381 epoch 35 - iter 40/59 - loss 0.19250872 - time (sec): 7.45 - samples/sec: 3431.20 - lr: 0.100000 - momentum: 0.000000
2025-12-22 17:52:32,444 epoch 35 - iter 45/59 - loss 0.19220643 - time (sec): 8.52 - samples/sec: 3401.73 - lr: 0.100000 - momentum: 0.000000
2025-12-22 17:52:33,403 epoch 35 - iter 50/59 - loss 0.19268551 - time (sec): 9.47 - samples/sec: 3400.40 - lr: 0.100000 - momentum: 0.000000
2025-12-22 17:52:34,443 epoch 35 - iter 55/59 - loss 0.19273605 - time (sec): 10.51 - samples/sec: 3363.31 - lr: 0.100000 - momentum: 0.000000
2025-12-22 17:52:35,341 ----------------------------------------------------------------------------------------------------
2025-12-22 17:52:35,341 EPOCH 35 done: loss 0.1930 - lr: 0.100000
2025-12-22 17:52:36,393 DEV : loss 0.208436980843544 - f1-score (micro avg)  0.9327
2025-12-22 17:52:36,395  - 0 epochs without improvement
2025-12-22 17:52:36,395 saving best model
2025-12-22 17:52:36,406 ----------------------------------------------------------------------------------------------------
2025-12-22 17:52:37,410 epoch 36 - iter 5/59 - loss 0.20166794 - time (sec): 1.00 - samples/sec: 3313.80 - lr: 0.100000 - momentum: 0.000000
2025-12-22 17:52:38,323 epoch 36 - iter 10/59 - loss 0.19165731 - time (sec): 1.92 - samples/sec: 3425.48 - lr: 0.100000 - momentum: 0.000000
2025-12-22 17:52:39,250 epoch 36 - iter 15/59 - loss 0.18801223 - time (sec): 2.84 - samples/sec: 3449.09 - lr: 0.100000 - momentum: 0.000000
2025-12-22 17:52:40,234 epoch 36 - iter 20/59 - loss 0.18417000 - time (sec): 3.83 - samples/sec: 3411.82 - lr: 0.100000 - momentum: 0.000000
2025-12-22 17:52:41,194 epoch 36 - iter 25/59 - loss 0.18456398 - time (sec): 4.79 - samples/sec: 3412.40 - lr: 0.100000 - momentum: 0.000000
2025-12-22 17:52:42,231 epoch 36 - iter 30/59 - loss 0.18557655 - time (sec): 5.82 - samples/sec: 3328.15 - lr: 0.100000 - momentum: 0.000000
2025-12-22 17:52:43,232 epoch 36 - iter 35/59 - loss 0.18900513 - time (sec): 6.83 - samples/sec: 3308.03 - lr: 0.100000 - momentum: 0.000000
2025-12-22 17:52:44,071 epoch 36 - iter 40/59 - loss 0.19448649 - time (sec): 7.66 - samples/sec: 3344.16 - lr: 0.100000 - momentum: 0.000000
2025-12-22 17:52:45,208 epoch 36 - iter 45/59 - loss 0.19471831 - time (sec): 8.80 - samples/sec: 3300.46 - lr: 0.100000 - momentum: 0.000000
2025-12-22 17:52:46,038 epoch 36 - iter 50/59 - loss 0.19412873 - time (sec): 9.63 - samples/sec: 3332.27 - lr: 0.100000 - momentum: 0.000000
2025-12-22 17:52:46,902 epoch 36 - iter 55/59 - loss 0.19121341 - time (sec): 10.50 - samples/sec: 3361.88 - lr: 0.100000 - momentum: 0.000000
2025-12-22 17:52:47,508 ----------------------------------------------------------------------------------------------------
2025-12-22 17:52:47,508 EPOCH 36 done: loss 0.1908 - lr: 0.100000
2025-12-22 17:52:48,351 DEV : loss 0.20462654531002045 - f1-score (micro avg)  0.9369
2025-12-22 17:52:48,353  - 0 epochs without improvement
2025-12-22 17:52:48,353 saving best model
2025-12-22 17:52:48,364 ----------------------------------------------------------------------------------------------------
2025-12-22 17:52:49,202 epoch 37 - iter 5/59 - loss 0.18396576 - time (sec): 0.84 - samples/sec: 3671.44 - lr: 0.100000 - momentum: 0.000000
2025-12-22 17:52:50,138 epoch 37 - iter 10/59 - loss 0.17333938 - time (sec): 1.77 - samples/sec: 3533.82 - lr: 0.100000 - momentum: 0.000000
2025-12-22 17:52:51,157 epoch 37 - iter 15/59 - loss 0.17815971 - time (sec): 2.79 - samples/sec: 3424.62 - lr: 0.100000 - momentum: 0.000000
2025-12-22 17:52:52,149 epoch 37 - iter 20/59 - loss 0.18207999 - time (sec): 3.78 - samples/sec: 3439.79 - lr: 0.100000 - momentum: 0.000000
2025-12-22 17:52:53,011 epoch 37 - iter 25/59 - loss 0.18193670 - time (sec): 4.65 - samples/sec: 3478.74 - lr: 0.100000 - momentum: 0.000000
2025-12-22 17:52:53,785 epoch 37 - iter 30/59 - loss 0.18083052 - time (sec): 5.42 - samples/sec: 3556.09 - lr: 0.100000 - momentum: 0.000000
2025-12-22 17:52:54,612 epoch 37 - iter 35/59 - loss 0.18153349 - time (sec): 6.25 - samples/sec: 3570.93 - lr: 0.100000 - momentum: 0.000000
2025-12-22 17:52:55,677 epoch 37 - iter 40/59 - loss 0.18209726 - time (sec): 7.31 - samples/sec: 3503.12 - lr: 0.100000 - momentum: 0.000000
2025-12-22 17:52:56,721 epoch 37 - iter 45/59 - loss 0.18189172 - time (sec): 8.36 - samples/sec: 3484.07 - lr: 0.100000 - momentum: 0.000000
2025-12-22 17:52:57,768 epoch 37 - iter 50/59 - loss 0.18189540 - time (sec): 9.40 - samples/sec: 3426.47 - lr: 0.100000 - momentum: 0.000000
2025-12-22 17:52:58,726 epoch 37 - iter 55/59 - loss 0.18198072 - time (sec): 10.36 - samples/sec: 3424.70 - lr: 0.100000 - momentum: 0.000000
2025-12-22 17:52:59,266 ----------------------------------------------------------------------------------------------------
2025-12-22 17:52:59,266 EPOCH 37 done: loss 0.1812 - lr: 0.100000
2025-12-22 17:53:00,102 DEV : loss 0.2041109949350357 - f1-score (micro avg)  0.9353
2025-12-22 17:53:00,103  - 1 epochs without improvement
2025-12-22 17:53:00,104 ----------------------------------------------------------------------------------------------------
2025-12-22 17:53:01,032 epoch 38 - iter 5/59 - loss 0.16206901 - time (sec): 0.93 - samples/sec: 3403.35 - lr: 0.100000 - momentum: 0.000000
2025-12-22 17:53:02,123 epoch 38 - iter 10/59 - loss 0.16664545 - time (sec): 2.02 - samples/sec: 3340.23 - lr: 0.100000 - momentum: 0.000000
2025-12-22 17:53:03,206 epoch 38 - iter 15/59 - loss 0.16977123 - time (sec): 3.10 - samples/sec: 3261.70 - lr: 0.100000 - momentum: 0.000000
2025-12-22 17:53:04,135 epoch 38 - iter 20/59 - loss 0.16974877 - time (sec): 4.03 - samples/sec: 3281.53 - lr: 0.100000 - momentum: 0.000000
2025-12-22 17:53:05,020 epoch 38 - iter 25/59 - loss 0.17018287 - time (sec): 4.92 - samples/sec: 3325.19 - lr: 0.100000 - momentum: 0.000000
2025-12-22 17:53:06,236 epoch 38 - iter 30/59 - loss 0.17067324 - time (sec): 6.13 - samples/sec: 3209.61 - lr: 0.100000 - momentum: 0.000000
2025-12-22 17:53:07,127 epoch 38 - iter 35/59 - loss 0.17282571 - time (sec): 7.02 - samples/sec: 3267.98 - lr: 0.100000 - momentum: 0.000000
2025-12-22 17:53:08,069 epoch 38 - iter 40/59 - loss 0.17430923 - time (sec): 7.96 - samples/sec: 3296.18 - lr: 0.100000 - momentum: 0.000000
2025-12-22 17:53:08,900 epoch 38 - iter 45/59 - loss 0.17504591 - time (sec): 8.80 - samples/sec: 3321.38 - lr: 0.100000 - momentum: 0.000000
2025-12-22 17:53:09,875 epoch 38 - iter 50/59 - loss 0.17816662 - time (sec): 9.77 - samples/sec: 3283.95 - lr: 0.100000 - momentum: 0.000000
2025-12-22 17:53:10,970 epoch 38 - iter 55/59 - loss 0.17913384 - time (sec): 10.87 - samples/sec: 3249.82 - lr: 0.100000 - momentum: 0.000000
2025-12-22 17:53:11,634 ----------------------------------------------------------------------------------------------------
2025-12-22 17:53:11,634 EPOCH 38 done: loss 0.1804 - lr: 0.100000
2025-12-22 17:53:12,768 DEV : loss 0.196390300989151 - f1-score (micro avg)  0.9373
2025-12-22 17:53:12,769  - 0 epochs without improvement
2025-12-22 17:53:12,770 saving best model
2025-12-22 17:53:12,779 ----------------------------------------------------------------------------------------------------
2025-12-22 17:53:13,652 epoch 39 - iter 5/59 - loss 0.16831692 - time (sec): 0.87 - samples/sec: 3598.11 - lr: 0.100000 - momentum: 0.000000
2025-12-22 17:53:14,552 epoch 39 - iter 10/59 - loss 0.17707001 - time (sec): 1.77 - samples/sec: 3678.55 - lr: 0.100000 - momentum: 0.000000
2025-12-22 17:53:15,633 epoch 39 - iter 15/59 - loss 0.17670485 - time (sec): 2.85 - samples/sec: 3383.32 - lr: 0.100000 - momentum: 0.000000
2025-12-22 17:53:16,634 epoch 39 - iter 20/59 - loss 0.17311779 - time (sec): 3.85 - samples/sec: 3361.56 - lr: 0.100000 - momentum: 0.000000
2025-12-22 17:53:17,697 epoch 39 - iter 25/59 - loss 0.17160523 - time (sec): 4.92 - samples/sec: 3331.37 - lr: 0.100000 - momentum: 0.000000
2025-12-22 17:53:18,506 epoch 39 - iter 30/59 - loss 0.17241022 - time (sec): 5.73 - samples/sec: 3401.07 - lr: 0.100000 - momentum: 0.000000
2025-12-22 17:53:19,661 epoch 39 - iter 35/59 - loss 0.17197283 - time (sec): 6.88 - samples/sec: 3328.50 - lr: 0.100000 - momentum: 0.000000
2025-12-22 17:53:20,731 epoch 39 - iter 40/59 - loss 0.17274380 - time (sec): 7.95 - samples/sec: 3309.83 - lr: 0.100000 - momentum: 0.000000
2025-12-22 17:53:21,603 epoch 39 - iter 45/59 - loss 0.17449482 - time (sec): 8.82 - samples/sec: 3329.90 - lr: 0.100000 - momentum: 0.000000
2025-12-22 17:53:22,443 epoch 39 - iter 50/59 - loss 0.17546466 - time (sec): 9.66 - samples/sec: 3357.77 - lr: 0.100000 - momentum: 0.000000
2025-12-22 17:53:23,197 epoch 39 - iter 55/59 - loss 0.17573330 - time (sec): 10.42 - samples/sec: 3393.98 - lr: 0.100000 - momentum: 0.000000
2025-12-22 17:53:23,832 ----------------------------------------------------------------------------------------------------
2025-12-22 17:53:23,832 EPOCH 39 done: loss 0.1744 - lr: 0.100000
2025-12-22 17:53:24,643 DEV : loss 0.199397474527359 - f1-score (micro avg)  0.9354
2025-12-22 17:53:24,645  - 1 epochs without improvement
2025-12-22 17:53:24,645 ----------------------------------------------------------------------------------------------------
2025-12-22 17:53:25,869 epoch 40 - iter 5/59 - loss 0.16649593 - time (sec): 1.22 - samples/sec: 2701.90 - lr: 0.100000 - momentum: 0.000000
2025-12-22 17:53:26,843 epoch 40 - iter 10/59 - loss 0.16625784 - time (sec): 2.20 - samples/sec: 3108.24 - lr: 0.100000 - momentum: 0.000000
2025-12-22 17:53:27,852 epoch 40 - iter 15/59 - loss 0.16455815 - time (sec): 3.21 - samples/sec: 3122.74 - lr: 0.100000 - momentum: 0.000000
2025-12-22 17:53:28,769 epoch 40 - iter 20/59 - loss 0.16362780 - time (sec): 4.12 - samples/sec: 3211.24 - lr: 0.100000 - momentum: 0.000000
2025-12-22 17:53:29,603 epoch 40 - iter 25/59 - loss 0.16831776 - time (sec): 4.96 - samples/sec: 3286.03 - lr: 0.100000 - momentum: 0.000000
2025-12-22 17:53:30,456 epoch 40 - iter 30/59 - loss 0.17008001 - time (sec): 5.81 - samples/sec: 3339.52 - lr: 0.100000 - momentum: 0.000000
2025-12-22 17:53:31,286 epoch 40 - iter 35/59 - loss 0.17058620 - time (sec): 6.64 - samples/sec: 3423.60 - lr: 0.100000 - momentum: 0.000000
2025-12-22 17:53:32,234 epoch 40 - iter 40/59 - loss 0.17041352 - time (sec): 7.59 - samples/sec: 3407.63 - lr: 0.100000 - momentum: 0.000000
2025-12-22 17:53:33,473 epoch 40 - iter 45/59 - loss 0.17120273 - time (sec): 8.83 - samples/sec: 3314.47 - lr: 0.100000 - momentum: 0.000000
2025-12-22 17:53:34,280 epoch 40 - iter 50/59 - loss 0.17183186 - time (sec): 9.63 - samples/sec: 3376.11 - lr: 0.100000 - momentum: 0.000000
2025-12-22 17:53:35,131 epoch 40 - iter 55/59 - loss 0.17200211 - time (sec): 10.49 - samples/sec: 3389.20 - lr: 0.100000 - momentum: 0.000000
2025-12-22 17:53:35,636 ----------------------------------------------------------------------------------------------------
2025-12-22 17:53:35,636 EPOCH 40 done: loss 0.1734 - lr: 0.100000
2025-12-22 17:53:36,373 DEV : loss 0.19128355383872986 - f1-score (micro avg)  0.9406
2025-12-22 17:53:36,375  - 0 epochs without improvement
2025-12-22 17:53:36,375 saving best model
2025-12-22 17:53:36,391 ----------------------------------------------------------------------------------------------------
2025-12-22 17:53:37,588 epoch 41 - iter 5/59 - loss 0.14609524 - time (sec): 1.20 - samples/sec: 2634.93 - lr: 0.100000 - momentum: 0.000000
2025-12-22 17:53:38,485 epoch 41 - iter 10/59 - loss 0.15272069 - time (sec): 2.09 - samples/sec: 3058.06 - lr: 0.100000 - momentum: 0.000000
2025-12-22 17:53:39,276 epoch 41 - iter 15/59 - loss 0.15983164 - time (sec): 2.88 - samples/sec: 3344.31 - lr: 0.100000 - momentum: 0.000000
2025-12-22 17:53:39,974 epoch 41 - iter 20/59 - loss 0.16176310 - time (sec): 3.58 - samples/sec: 3572.09 - lr: 0.100000 - momentum: 0.000000
2025-12-22 17:53:40,694 epoch 41 - iter 25/59 - loss 0.16438683 - time (sec): 4.30 - samples/sec: 3705.55 - lr: 0.100000 - momentum: 0.000000
2025-12-22 17:53:41,521 epoch 41 - iter 30/59 - loss 0.16123296 - time (sec): 5.13 - samples/sec: 3681.65 - lr: 0.100000 - momentum: 0.000000
2025-12-22 17:53:42,383 epoch 41 - iter 35/59 - loss 0.16206220 - time (sec): 5.99 - samples/sec: 3710.72 - lr: 0.100000 - momentum: 0.000000
2025-12-22 17:53:43,308 epoch 41 - iter 40/59 - loss 0.16159183 - time (sec): 6.92 - samples/sec: 3693.92 - lr: 0.100000 - momentum: 0.000000
2025-12-22 17:53:44,195 epoch 41 - iter 45/59 - loss 0.16228026 - time (sec): 7.80 - samples/sec: 3691.43 - lr: 0.100000 - momentum: 0.000000
2025-12-22 17:53:44,974 epoch 41 - iter 50/59 - loss 0.16387680 - time (sec): 8.58 - samples/sec: 3730.51 - lr: 0.100000 - momentum: 0.000000
2025-12-22 17:53:45,846 epoch 41 - iter 55/59 - loss 0.16584151 - time (sec): 9.45 - samples/sec: 3731.85 - lr: 0.100000 - momentum: 0.000000
2025-12-22 17:53:46,378 ----------------------------------------------------------------------------------------------------
2025-12-22 17:53:46,379 EPOCH 41 done: loss 0.1683 - lr: 0.100000
2025-12-22 17:53:47,104 DEV : loss 0.19282062351703644 - f1-score (micro avg)  0.9377
2025-12-22 17:53:47,106  - 1 epochs without improvement
2025-12-22 17:53:47,106 ----------------------------------------------------------------------------------------------------
2025-12-22 17:53:48,050 epoch 42 - iter 5/59 - loss 0.16381057 - time (sec): 0.94 - samples/sec: 3686.20 - lr: 0.100000 - momentum: 0.000000
2025-12-22 17:53:48,881 epoch 42 - iter 10/59 - loss 0.16133742 - time (sec): 1.77 - samples/sec: 3733.69 - lr: 0.100000 - momentum: 0.000000
2025-12-22 17:53:49,724 epoch 42 - iter 15/59 - loss 0.16300683 - time (sec): 2.62 - samples/sec: 3788.87 - lr: 0.100000 - momentum: 0.000000
2025-12-22 17:53:50,482 epoch 42 - iter 20/59 - loss 0.16508344 - time (sec): 3.38 - samples/sec: 3845.40 - lr: 0.100000 - momentum: 0.000000
2025-12-22 17:53:51,351 epoch 42 - iter 25/59 - loss 0.16391520 - time (sec): 4.25 - samples/sec: 3849.70 - lr: 0.100000 - momentum: 0.000000
2025-12-22 17:53:52,261 epoch 42 - iter 30/59 - loss 0.16636651 - time (sec): 5.15 - samples/sec: 3836.02 - lr: 0.100000 - momentum: 0.000000
2025-12-22 17:53:53,110 epoch 42 - iter 35/59 - loss 0.16207068 - time (sec): 6.00 - samples/sec: 3803.93 - lr: 0.100000 - momentum: 0.000000
2025-12-22 17:53:53,919 epoch 42 - iter 40/59 - loss 0.16071383 - time (sec): 6.81 - samples/sec: 3803.44 - lr: 0.100000 - momentum: 0.000000
2025-12-22 17:53:54,876 epoch 42 - iter 45/59 - loss 0.16252264 - time (sec): 7.77 - samples/sec: 3744.61 - lr: 0.100000 - momentum: 0.000000
2025-12-22 17:53:55,576 epoch 42 - iter 50/59 - loss 0.16253174 - time (sec): 8.47 - samples/sec: 3801.74 - lr: 0.100000 - momentum: 0.000000
2025-12-22 17:53:56,384 epoch 42 - iter 55/59 - loss 0.16222482 - time (sec): 9.28 - samples/sec: 3809.89 - lr: 0.100000 - momentum: 0.000000
2025-12-22 17:53:56,946 ----------------------------------------------------------------------------------------------------
2025-12-22 17:53:56,947 EPOCH 42 done: loss 0.1634 - lr: 0.100000
2025-12-22 17:53:57,693 DEV : loss 0.18945442140102386 - f1-score (micro avg)  0.9401
2025-12-22 17:53:57,695  - 2 epochs without improvement
2025-12-22 17:53:57,695 ----------------------------------------------------------------------------------------------------
2025-12-22 17:53:58,571 epoch 43 - iter 5/59 - loss 0.16091918 - time (sec): 0.88 - samples/sec: 3609.88 - lr: 0.100000 - momentum: 0.000000
2025-12-22 17:53:59,282 epoch 43 - iter 10/59 - loss 0.16502804 - time (sec): 1.59 - samples/sec: 4020.29 - lr: 0.100000 - momentum: 0.000000
2025-12-22 17:54:00,082 epoch 43 - iter 15/59 - loss 0.15576795 - time (sec): 2.39 - samples/sec: 4073.91 - lr: 0.100000 - momentum: 0.000000
2025-12-22 17:54:00,973 epoch 43 - iter 20/59 - loss 0.15873368 - time (sec): 3.28 - samples/sec: 3997.26 - lr: 0.100000 - momentum: 0.000000
2025-12-22 17:54:01,783 epoch 43 - iter 25/59 - loss 0.16067387 - time (sec): 4.09 - samples/sec: 3932.80 - lr: 0.100000 - momentum: 0.000000
2025-12-22 17:54:02,459 epoch 43 - iter 30/59 - loss 0.16144489 - time (sec): 4.76 - samples/sec: 3985.82 - lr: 0.100000 - momentum: 0.000000
2025-12-22 17:54:03,277 epoch 43 - iter 35/59 - loss 0.16208516 - time (sec): 5.58 - samples/sec: 3984.94 - lr: 0.100000 - momentum: 0.000000
2025-12-22 17:54:04,080 epoch 43 - iter 40/59 - loss 0.16175096 - time (sec): 6.38 - samples/sec: 3982.84 - lr: 0.100000 - momentum: 0.000000
2025-12-22 17:54:04,990 epoch 43 - iter 45/59 - loss 0.16061539 - time (sec): 7.29 - samples/sec: 3916.50 - lr: 0.100000 - momentum: 0.000000
2025-12-22 17:54:05,862 epoch 43 - iter 50/59 - loss 0.15902071 - time (sec): 8.17 - samples/sec: 3904.78 - lr: 0.100000 - momentum: 0.000000
2025-12-22 17:54:06,860 epoch 43 - iter 55/59 - loss 0.16084546 - time (sec): 9.16 - samples/sec: 3858.31 - lr: 0.100000 - momentum: 0.000000
2025-12-22 17:54:07,500 ----------------------------------------------------------------------------------------------------
2025-12-22 17:54:07,500 EPOCH 43 done: loss 0.1609 - lr: 0.100000
2025-12-22 17:54:08,468 DEV : loss 0.19584150612354279 - f1-score (micro avg)  0.9346
2025-12-22 17:54:08,473  - 3 epochs without improvement
2025-12-22 17:54:08,474 ----------------------------------------------------------------------------------------------------
2025-12-22 17:54:09,357 epoch 44 - iter 5/59 - loss 0.15002831 - time (sec): 0.88 - samples/sec: 3653.23 - lr: 0.100000 - momentum: 0.000000
2025-12-22 17:54:10,182 epoch 44 - iter 10/59 - loss 0.14673909 - time (sec): 1.71 - samples/sec: 3744.28 - lr: 0.100000 - momentum: 0.000000
2025-12-22 17:54:11,140 epoch 44 - iter 15/59 - loss 0.14864071 - time (sec): 2.67 - samples/sec: 3485.99 - lr: 0.100000 - momentum: 0.000000
2025-12-22 17:54:11,875 epoch 44 - iter 20/59 - loss 0.15567303 - time (sec): 3.40 - samples/sec: 3615.93 - lr: 0.100000 - momentum: 0.000000
2025-12-22 17:54:12,861 epoch 44 - iter 25/59 - loss 0.15678918 - time (sec): 4.39 - samples/sec: 3578.07 - lr: 0.100000 - momentum: 0.000000
2025-12-22 17:54:13,619 epoch 44 - iter 30/59 - loss 0.15508460 - time (sec): 5.15 - samples/sec: 3661.03 - lr: 0.100000 - momentum: 0.000000
2025-12-22 17:54:14,439 epoch 44 - iter 35/59 - loss 0.15559735 - time (sec): 5.97 - samples/sec: 3702.72 - lr: 0.100000 - momentum: 0.000000
2025-12-22 17:54:15,614 epoch 44 - iter 40/59 - loss 0.15669058 - time (sec): 7.14 - samples/sec: 3581.63 - lr: 0.100000 - momentum: 0.000000
2025-12-22 17:54:16,448 epoch 44 - iter 45/59 - loss 0.15841677 - time (sec): 7.97 - samples/sec: 3639.19 - lr: 0.100000 - momentum: 0.000000
2025-12-22 17:54:17,374 epoch 44 - iter 50/59 - loss 0.15894965 - time (sec): 8.90 - samples/sec: 3609.09 - lr: 0.100000 - momentum: 0.000000
2025-12-22 17:54:18,177 epoch 44 - iter 55/59 - loss 0.16013231 - time (sec): 9.70 - samples/sec: 3636.14 - lr: 0.100000 - momentum: 0.000000
2025-12-22 17:54:18,776 ----------------------------------------------------------------------------------------------------
2025-12-22 17:54:18,776 EPOCH 44 done: loss 0.1587 - lr: 0.100000
2025-12-22 17:54:19,508 DEV : loss 0.1921103149652481 - f1-score (micro avg)  0.938
2025-12-22 17:54:19,510  - 4 epochs without improvement (above 'patience')-> annealing learning_rate to [0.05]
2025-12-22 17:54:19,510 ----------------------------------------------------------------------------------------------------
2025-12-22 17:54:20,449 epoch 45 - iter 5/59 - loss 0.14824802 - time (sec): 0.94 - samples/sec: 3266.68 - lr: 0.050000 - momentum: 0.000000
2025-12-22 17:54:21,208 epoch 45 - iter 10/59 - loss 0.14768491 - time (sec): 1.70 - samples/sec: 3764.35 - lr: 0.050000 - momentum: 0.000000
2025-12-22 17:54:22,134 epoch 45 - iter 15/59 - loss 0.14402125 - time (sec): 2.62 - samples/sec: 3607.70 - lr: 0.050000 - momentum: 0.000000
2025-12-22 17:54:22,974 epoch 45 - iter 20/59 - loss 0.14720876 - time (sec): 3.46 - samples/sec: 3772.56 - lr: 0.050000 - momentum: 0.000000
2025-12-22 17:54:23,917 epoch 45 - iter 25/59 - loss 0.15036289 - time (sec): 4.41 - samples/sec: 3735.53 - lr: 0.050000 - momentum: 0.000000
2025-12-22 17:54:24,677 epoch 45 - iter 30/59 - loss 0.14919907 - time (sec): 5.17 - samples/sec: 3785.34 - lr: 0.050000 - momentum: 0.000000
2025-12-22 17:54:25,521 epoch 45 - iter 35/59 - loss 0.15021057 - time (sec): 6.01 - samples/sec: 3819.15 - lr: 0.050000 - momentum: 0.000000
2025-12-22 17:54:26,405 epoch 45 - iter 40/59 - loss 0.15056890 - time (sec): 6.89 - samples/sec: 3826.79 - lr: 0.050000 - momentum: 0.000000
2025-12-22 17:54:27,296 epoch 45 - iter 45/59 - loss 0.14989246 - time (sec): 7.79 - samples/sec: 3812.00 - lr: 0.050000 - momentum: 0.000000
2025-12-22 17:54:28,075 epoch 45 - iter 50/59 - loss 0.14976352 - time (sec): 8.56 - samples/sec: 3814.50 - lr: 0.050000 - momentum: 0.000000
2025-12-22 17:54:28,791 epoch 45 - iter 55/59 - loss 0.14880312 - time (sec): 9.28 - samples/sec: 3833.92 - lr: 0.050000 - momentum: 0.000000
2025-12-22 17:54:29,357 ----------------------------------------------------------------------------------------------------
2025-12-22 17:54:29,358 EPOCH 45 done: loss 0.1499 - lr: 0.050000
2025-12-22 17:54:30,066 DEV : loss 0.19436465203762054 - f1-score (micro avg)  0.939
2025-12-22 17:54:30,068  - 1 epochs without improvement
2025-12-22 17:54:30,068 ----------------------------------------------------------------------------------------------------
2025-12-22 17:54:30,799 epoch 46 - iter 5/59 - loss 0.14660364 - time (sec): 0.73 - samples/sec: 4044.33 - lr: 0.050000 - momentum: 0.000000
2025-12-22 17:54:31,643 epoch 46 - iter 10/59 - loss 0.14420689 - time (sec): 1.57 - samples/sec: 3902.48 - lr: 0.050000 - momentum: 0.000000
2025-12-22 17:54:32,446 epoch 46 - iter 15/59 - loss 0.14130251 - time (sec): 2.38 - samples/sec: 3897.96 - lr: 0.050000 - momentum: 0.000000
2025-12-22 17:54:33,489 epoch 46 - iter 20/59 - loss 0.14055213 - time (sec): 3.42 - samples/sec: 3688.46 - lr: 0.050000 - momentum: 0.000000
2025-12-22 17:54:34,685 epoch 46 - iter 25/59 - loss 0.13768309 - time (sec): 4.62 - samples/sec: 3435.76 - lr: 0.050000 - momentum: 0.000000
2025-12-22 17:54:35,526 epoch 46 - iter 30/59 - loss 0.14045329 - time (sec): 5.46 - samples/sec: 3469.90 - lr: 0.050000 - momentum: 0.000000
2025-12-22 17:54:36,485 epoch 46 - iter 35/59 - loss 0.13747959 - time (sec): 6.42 - samples/sec: 3452.90 - lr: 0.050000 - momentum: 0.000000
2025-12-22 17:54:37,278 epoch 46 - iter 40/59 - loss 0.13882906 - time (sec): 7.21 - samples/sec: 3505.32 - lr: 0.050000 - momentum: 0.000000
2025-12-22 17:54:38,170 epoch 46 - iter 45/59 - loss 0.14215188 - time (sec): 8.10 - samples/sec: 3525.68 - lr: 0.050000 - momentum: 0.000000
2025-12-22 17:54:39,163 epoch 46 - iter 50/59 - loss 0.14183641 - time (sec): 9.09 - samples/sec: 3504.94 - lr: 0.050000 - momentum: 0.000000
2025-12-22 17:54:40,044 epoch 46 - iter 55/59 - loss 0.14139143 - time (sec): 9.98 - samples/sec: 3526.52 - lr: 0.050000 - momentum: 0.000000
2025-12-22 17:54:40,618 ----------------------------------------------------------------------------------------------------
2025-12-22 17:54:40,618 EPOCH 46 done: loss 0.1429 - lr: 0.050000
2025-12-22 17:54:41,564 DEV : loss 0.18749672174453735 - f1-score (micro avg)  0.9391
2025-12-22 17:54:41,566  - 2 epochs without improvement
2025-12-22 17:54:41,566 ----------------------------------------------------------------------------------------------------
2025-12-22 17:54:42,518 epoch 47 - iter 5/59 - loss 0.13226945 - time (sec): 0.95 - samples/sec: 3315.21 - lr: 0.050000 - momentum: 0.000000
2025-12-22 17:54:43,325 epoch 47 - iter 10/59 - loss 0.13281813 - time (sec): 1.76 - samples/sec: 3650.66 - lr: 0.050000 - momentum: 0.000000
2025-12-22 17:54:44,178 epoch 47 - iter 15/59 - loss 0.13642129 - time (sec): 2.61 - samples/sec: 3717.45 - lr: 0.050000 - momentum: 0.000000
2025-12-22 17:54:45,005 epoch 47 - iter 20/59 - loss 0.13313361 - time (sec): 3.44 - samples/sec: 3799.63 - lr: 0.050000 - momentum: 0.000000
2025-12-22 17:54:45,805 epoch 47 - iter 25/59 - loss 0.13760219 - time (sec): 4.24 - samples/sec: 3879.42 - lr: 0.050000 - momentum: 0.000000
2025-12-22 17:54:46,755 epoch 47 - iter 30/59 - loss 0.13576190 - time (sec): 5.19 - samples/sec: 3839.04 - lr: 0.050000 - momentum: 0.000000
2025-12-22 17:54:47,551 epoch 47 - iter 35/59 - loss 0.13615868 - time (sec): 5.98 - samples/sec: 3866.51 - lr: 0.050000 - momentum: 0.000000
2025-12-22 17:54:48,317 epoch 47 - iter 40/59 - loss 0.13846289 - time (sec): 6.75 - samples/sec: 3857.13 - lr: 0.050000 - momentum: 0.000000
2025-12-22 17:54:49,162 epoch 47 - iter 45/59 - loss 0.14016477 - time (sec): 7.60 - samples/sec: 3831.87 - lr: 0.050000 - momentum: 0.000000
2025-12-22 17:54:49,918 epoch 47 - iter 50/59 - loss 0.14084362 - time (sec): 8.35 - samples/sec: 3863.28 - lr: 0.050000 - momentum: 0.000000
2025-12-22 17:54:50,698 epoch 47 - iter 55/59 - loss 0.14175395 - time (sec): 9.13 - samples/sec: 3877.37 - lr: 0.050000 - momentum: 0.000000
2025-12-22 17:54:51,258 ----------------------------------------------------------------------------------------------------
2025-12-22 17:54:51,258 EPOCH 47 done: loss 0.1409 - lr: 0.050000
2025-12-22 17:54:51,972 DEV : loss 0.18648956716060638 - f1-score (micro avg)  0.939
2025-12-22 17:54:51,974  - 3 epochs without improvement
2025-12-22 17:54:51,974 ----------------------------------------------------------------------------------------------------
2025-12-22 17:54:52,953 epoch 48 - iter 5/59 - loss 0.12772541 - time (sec): 0.98 - samples/sec: 3385.08 - lr: 0.050000 - momentum: 0.000000
2025-12-22 17:54:53,664 epoch 48 - iter 10/59 - loss 0.13874792 - time (sec): 1.69 - samples/sec: 3670.67 - lr: 0.050000 - momentum: 0.000000
2025-12-22 17:54:54,571 epoch 48 - iter 15/59 - loss 0.14288460 - time (sec): 2.60 - samples/sec: 3588.09 - lr: 0.050000 - momentum: 0.000000
2025-12-22 17:54:55,307 epoch 48 - iter 20/59 - loss 0.14040368 - time (sec): 3.33 - samples/sec: 3762.13 - lr: 0.050000 - momentum: 0.000000
2025-12-22 17:54:56,167 epoch 48 - iter 25/59 - loss 0.14191810 - time (sec): 4.19 - samples/sec: 3748.97 - lr: 0.050000 - momentum: 0.000000
2025-12-22 17:54:57,167 epoch 48 - iter 30/59 - loss 0.14417782 - time (sec): 5.19 - samples/sec: 3655.46 - lr: 0.050000 - momentum: 0.000000
2025-12-22 17:54:58,018 epoch 48 - iter 35/59 - loss 0.14223476 - time (sec): 6.04 - samples/sec: 3696.31 - lr: 0.050000 - momentum: 0.000000
2025-12-22 17:54:58,848 epoch 48 - iter 40/59 - loss 0.14289892 - time (sec): 6.87 - samples/sec: 3717.95 - lr: 0.050000 - momentum: 0.000000
2025-12-22 17:54:59,535 epoch 48 - iter 45/59 - loss 0.14160569 - time (sec): 7.56 - samples/sec: 3772.62 - lr: 0.050000 - momentum: 0.000000
2025-12-22 17:55:00,408 epoch 48 - iter 50/59 - loss 0.14312349 - time (sec): 8.43 - samples/sec: 3787.59 - lr: 0.050000 - momentum: 0.000000
2025-12-22 17:55:01,251 epoch 48 - iter 55/59 - loss 0.14288997 - time (sec): 9.28 - samples/sec: 3793.77 - lr: 0.050000 - momentum: 0.000000
2025-12-22 17:55:01,831 ----------------------------------------------------------------------------------------------------
2025-12-22 17:55:01,831 EPOCH 48 done: loss 0.1418 - lr: 0.050000
2025-12-22 17:55:02,562 DEV : loss 0.1875564306974411 - f1-score (micro avg)  0.9395
2025-12-22 17:55:02,564  - 4 epochs without improvement (above 'patience')-> annealing learning_rate to [0.025]
2025-12-22 17:55:02,565 ----------------------------------------------------------------------------------------------------
2025-12-22 17:55:03,322 epoch 49 - iter 5/59 - loss 0.13304615 - time (sec): 0.76 - samples/sec: 4180.19 - lr: 0.025000 - momentum: 0.000000
2025-12-22 17:55:04,190 epoch 49 - iter 10/59 - loss 0.12931999 - time (sec): 1.63 - samples/sec: 4001.35 - lr: 0.025000 - momentum: 0.000000
2025-12-22 17:55:05,021 epoch 49 - iter 15/59 - loss 0.13794384 - time (sec): 2.46 - samples/sec: 3848.12 - lr: 0.025000 - momentum: 0.000000
2025-12-22 17:55:05,876 epoch 49 - iter 20/59 - loss 0.13501087 - time (sec): 3.31 - samples/sec: 3791.58 - lr: 0.025000 - momentum: 0.000000
2025-12-22 17:55:06,928 epoch 49 - iter 25/59 - loss 0.13571347 - time (sec): 4.36 - samples/sec: 3615.27 - lr: 0.025000 - momentum: 0.000000
2025-12-22 17:55:07,555 epoch 49 - iter 30/59 - loss 0.13596498 - time (sec): 4.99 - samples/sec: 3748.96 - lr: 0.025000 - momentum: 0.000000
2025-12-22 17:55:08,338 epoch 49 - iter 35/59 - loss 0.13447243 - time (sec): 5.77 - samples/sec: 3814.92 - lr: 0.025000 - momentum: 0.000000
2025-12-22 17:55:09,282 epoch 49 - iter 40/59 - loss 0.13496200 - time (sec): 6.72 - samples/sec: 3771.09 - lr: 0.025000 - momentum: 0.000000
2025-12-22 17:55:10,186 epoch 49 - iter 45/59 - loss 0.13510907 - time (sec): 7.62 - samples/sec: 3774.35 - lr: 0.025000 - momentum: 0.000000
2025-12-22 17:55:10,981 epoch 49 - iter 50/59 - loss 0.13277788 - time (sec): 8.42 - samples/sec: 3822.73 - lr: 0.025000 - momentum: 0.000000
2025-12-22 17:55:11,803 epoch 49 - iter 55/59 - loss 0.13326467 - time (sec): 9.24 - samples/sec: 3837.00 - lr: 0.025000 - momentum: 0.000000
2025-12-22 17:55:12,400 ----------------------------------------------------------------------------------------------------
2025-12-22 17:55:12,400 EPOCH 49 done: loss 0.1342 - lr: 0.025000
2025-12-22 17:55:13,436 DEV : loss 0.1865626722574234 - f1-score (micro avg)  0.941
2025-12-22 17:55:13,438  - 0 epochs without improvement
2025-12-22 17:55:13,438 saving best model
2025-12-22 17:55:13,453 ----------------------------------------------------------------------------------------------------
2025-12-22 17:55:14,425 epoch 50 - iter 5/59 - loss 0.13256800 - time (sec): 0.97 - samples/sec: 3500.15 - lr: 0.025000 - momentum: 0.000000
2025-12-22 17:55:15,383 epoch 50 - iter 10/59 - loss 0.13953673 - time (sec): 1.93 - samples/sec: 3351.45 - lr: 0.025000 - momentum: 0.000000
2025-12-22 17:55:16,132 epoch 50 - iter 15/59 - loss 0.13653821 - time (sec): 2.68 - samples/sec: 3571.26 - lr: 0.025000 - momentum: 0.000000
2025-12-22 17:55:17,000 epoch 50 - iter 20/59 - loss 0.13745998 - time (sec): 3.55 - samples/sec: 3633.58 - lr: 0.025000 - momentum: 0.000000
2025-12-22 17:55:17,826 epoch 50 - iter 25/59 - loss 0.13786104 - time (sec): 4.37 - samples/sec: 3661.24 - lr: 0.025000 - momentum: 0.000000
2025-12-22 17:55:18,589 epoch 50 - iter 30/59 - loss 0.13825618 - time (sec): 5.14 - samples/sec: 3706.82 - lr: 0.025000 - momentum: 0.000000
2025-12-22 17:55:19,471 epoch 50 - iter 35/59 - loss 0.13795972 - time (sec): 6.02 - samples/sec: 3737.72 - lr: 0.025000 - momentum: 0.000000
2025-12-22 17:55:20,496 epoch 50 - iter 40/59 - loss 0.13793182 - time (sec): 7.04 - samples/sec: 3653.80 - lr: 0.025000 - momentum: 0.000000
2025-12-22 17:55:21,434 epoch 50 - iter 45/59 - loss 0.13702830 - time (sec): 7.98 - samples/sec: 3613.01 - lr: 0.025000 - momentum: 0.000000
2025-12-22 17:55:22,262 epoch 50 - iter 50/59 - loss 0.13567203 - time (sec): 8.81 - samples/sec: 3666.77 - lr: 0.025000 - momentum: 0.000000
2025-12-22 17:55:23,150 epoch 50 - iter 55/59 - loss 0.13575156 - time (sec): 9.70 - samples/sec: 3659.67 - lr: 0.025000 - momentum: 0.000000
2025-12-22 17:55:23,724 ----------------------------------------------------------------------------------------------------
2025-12-22 17:55:23,724 EPOCH 50 done: loss 0.1358 - lr: 0.025000
2025-12-22 17:55:24,427 DEV : loss 0.188655287027359 - f1-score (micro avg)  0.939
2025-12-22 17:55:24,429  - 1 epochs without improvement
2025-12-22 17:55:24,430 ----------------------------------------------------------------------------------------------------
2025-12-22 17:55:25,269 epoch 51 - iter 5/59 - loss 0.14992186 - time (sec): 0.84 - samples/sec: 3668.33 - lr: 0.025000 - momentum: 0.000000
2025-12-22 17:55:26,116 epoch 51 - iter 10/59 - loss 0.14219146 - time (sec): 1.69 - samples/sec: 3846.87 - lr: 0.025000 - momentum: 0.000000
2025-12-22 17:55:26,896 epoch 51 - iter 15/59 - loss 0.13554222 - time (sec): 2.47 - samples/sec: 3944.86 - lr: 0.025000 - momentum: 0.000000
2025-12-22 17:55:27,699 epoch 51 - iter 20/59 - loss 0.13538308 - time (sec): 3.27 - samples/sec: 3920.91 - lr: 0.025000 - momentum: 0.000000
2025-12-22 17:55:28,406 epoch 51 - iter 25/59 - loss 0.13453245 - time (sec): 3.98 - samples/sec: 3920.35 - lr: 0.025000 - momentum: 0.000000
2025-12-22 17:55:29,180 epoch 51 - iter 30/59 - loss 0.13229572 - time (sec): 4.75 - samples/sec: 3938.47 - lr: 0.025000 - momentum: 0.000000
2025-12-22 17:55:30,089 epoch 51 - iter 35/59 - loss 0.13082539 - time (sec): 5.66 - samples/sec: 3968.28 - lr: 0.025000 - momentum: 0.000000
2025-12-22 17:55:31,061 epoch 51 - iter 40/59 - loss 0.12975774 - time (sec): 6.63 - samples/sec: 3894.34 - lr: 0.025000 - momentum: 0.000000
2025-12-22 17:55:32,048 epoch 51 - iter 45/59 - loss 0.12968420 - time (sec): 7.62 - samples/sec: 3824.35 - lr: 0.025000 - momentum: 0.000000
2025-12-22 17:55:32,856 epoch 51 - iter 50/59 - loss 0.13057697 - time (sec): 8.43 - samples/sec: 3841.47 - lr: 0.025000 - momentum: 0.000000
2025-12-22 17:55:33,732 epoch 51 - iter 55/59 - loss 0.13096926 - time (sec): 9.30 - samples/sec: 3809.16 - lr: 0.025000 - momentum: 0.000000
2025-12-22 17:55:34,330 ----------------------------------------------------------------------------------------------------
2025-12-22 17:55:34,330 EPOCH 51 done: loss 0.1305 - lr: 0.025000
2025-12-22 17:55:35,327 DEV : loss 0.18459434807300568 - f1-score (micro avg)  0.9406
2025-12-22 17:55:35,329  - 2 epochs without improvement
2025-12-22 17:55:35,330 ----------------------------------------------------------------------------------------------------
2025-12-22 17:55:36,157 epoch 52 - iter 5/59 - loss 0.14024363 - time (sec): 0.83 - samples/sec: 3789.66 - lr: 0.025000 - momentum: 0.000000
2025-12-22 17:55:36,934 epoch 52 - iter 10/59 - loss 0.12827943 - time (sec): 1.60 - samples/sec: 3836.89 - lr: 0.025000 - momentum: 0.000000
2025-12-22 17:55:37,854 epoch 52 - iter 15/59 - loss 0.12930396 - time (sec): 2.52 - samples/sec: 3821.69 - lr: 0.025000 - momentum: 0.000000
2025-12-22 17:55:38,742 epoch 52 - iter 20/59 - loss 0.12877234 - time (sec): 3.41 - samples/sec: 3757.02 - lr: 0.025000 - momentum: 0.000000
2025-12-22 17:55:39,522 epoch 52 - iter 25/59 - loss 0.13021795 - time (sec): 4.19 - samples/sec: 3831.95 - lr: 0.025000 - momentum: 0.000000
2025-12-22 17:55:40,355 epoch 52 - iter 30/59 - loss 0.13342139 - time (sec): 5.03 - samples/sec: 3816.01 - lr: 0.025000 - momentum: 0.000000
2025-12-22 17:55:41,187 epoch 52 - iter 35/59 - loss 0.13320814 - time (sec): 5.86 - samples/sec: 3813.91 - lr: 0.025000 - momentum: 0.000000
2025-12-22 17:55:41,993 epoch 52 - iter 40/59 - loss 0.13385093 - time (sec): 6.66 - samples/sec: 3859.40 - lr: 0.025000 - momentum: 0.000000
2025-12-22 17:55:42,697 epoch 52 - iter 45/59 - loss 0.13255367 - time (sec): 7.37 - samples/sec: 3942.72 - lr: 0.025000 - momentum: 0.000000
2025-12-22 17:55:43,367 epoch 52 - iter 50/59 - loss 0.13244055 - time (sec): 8.04 - samples/sec: 4007.21 - lr: 0.025000 - momentum: 0.000000
2025-12-22 17:55:44,189 epoch 52 - iter 55/59 - loss 0.13349571 - time (sec): 8.86 - samples/sec: 3990.47 - lr: 0.025000 - momentum: 0.000000
2025-12-22 17:55:44,749 ----------------------------------------------------------------------------------------------------
2025-12-22 17:55:44,750 EPOCH 52 done: loss 0.1346 - lr: 0.025000
2025-12-22 17:55:45,427 DEV : loss 0.18768726289272308 - f1-score (micro avg)  0.9388
2025-12-22 17:55:45,428  - 3 epochs without improvement
2025-12-22 17:55:45,429 ----------------------------------------------------------------------------------------------------
2025-12-22 17:55:46,134 epoch 53 - iter 5/59 - loss 0.13678778 - time (sec): 0.70 - samples/sec: 4637.88 - lr: 0.025000 - momentum: 0.000000
2025-12-22 17:55:46,944 epoch 53 - iter 10/59 - loss 0.14004985 - time (sec): 1.52 - samples/sec: 4102.52 - lr: 0.025000 - momentum: 0.000000
2025-12-22 17:55:47,689 epoch 53 - iter 15/59 - loss 0.13515360 - time (sec): 2.26 - samples/sec: 4103.41 - lr: 0.025000 - momentum: 0.000000
2025-12-22 17:55:48,467 epoch 53 - iter 20/59 - loss 0.14371565 - time (sec): 3.04 - samples/sec: 4086.08 - lr: 0.025000 - momentum: 0.000000
2025-12-22 17:55:49,169 epoch 53 - iter 25/59 - loss 0.14281547 - time (sec): 3.74 - samples/sec: 4171.58 - lr: 0.025000 - momentum: 0.000000
2025-12-22 17:55:50,106 epoch 53 - iter 30/59 - loss 0.14123848 - time (sec): 4.68 - samples/sec: 4023.80 - lr: 0.025000 - momentum: 0.000000
2025-12-22 17:55:50,996 epoch 53 - iter 35/59 - loss 0.13822026 - time (sec): 5.57 - samples/sec: 4016.23 - lr: 0.025000 - momentum: 0.000000
2025-12-22 17:55:51,705 epoch 53 - iter 40/59 - loss 0.14016441 - time (sec): 6.28 - samples/sec: 4062.66 - lr: 0.025000 - momentum: 0.000000
2025-12-22 17:55:52,429 epoch 53 - iter 45/59 - loss 0.13749798 - time (sec): 7.00 - samples/sec: 4105.17 - lr: 0.025000 - momentum: 0.000000
2025-12-22 17:55:53,131 epoch 53 - iter 50/59 - loss 0.13628853 - time (sec): 7.70 - samples/sec: 4160.88 - lr: 0.025000 - momentum: 0.000000
2025-12-22 17:55:53,817 epoch 53 - iter 55/59 - loss 0.13484976 - time (sec): 8.39 - samples/sec: 4205.25 - lr: 0.025000 - momentum: 0.000000
2025-12-22 17:55:54,352 ----------------------------------------------------------------------------------------------------
2025-12-22 17:55:54,352 EPOCH 53 done: loss 0.1360 - lr: 0.025000
2025-12-22 17:55:54,996 DEV : loss 0.18558044731616974 - f1-score (micro avg)  0.9404
2025-12-22 17:55:54,998  - 4 epochs without improvement (above 'patience')-> annealing learning_rate to [0.0125]
2025-12-22 17:55:54,998 ----------------------------------------------------------------------------------------------------
2025-12-22 17:55:55,776 epoch 54 - iter 5/59 - loss 0.12471091 - time (sec): 0.78 - samples/sec: 4246.20 - lr: 0.012500 - momentum: 0.000000
2025-12-22 17:55:56,529 epoch 54 - iter 10/59 - loss 0.13236834 - time (sec): 1.53 - samples/sec: 4337.80 - lr: 0.012500 - momentum: 0.000000
2025-12-22 17:55:57,214 epoch 54 - iter 15/59 - loss 0.13219773 - time (sec): 2.22 - samples/sec: 4342.07 - lr: 0.012500 - momentum: 0.000000
2025-12-22 17:55:57,805 epoch 54 - iter 20/59 - loss 0.13052596 - time (sec): 2.81 - samples/sec: 4496.86 - lr: 0.012500 - momentum: 0.000000
2025-12-22 17:55:58,505 epoch 54 - iter 25/59 - loss 0.13136469 - time (sec): 3.51 - samples/sec: 4453.35 - lr: 0.012500 - momentum: 0.000000
2025-12-22 17:55:59,459 epoch 54 - iter 30/59 - loss 0.13335337 - time (sec): 4.46 - samples/sec: 4242.24 - lr: 0.012500 - momentum: 0.000000
2025-12-22 17:56:00,233 epoch 54 - iter 35/59 - loss 0.13118084 - time (sec): 5.23 - samples/sec: 4264.29 - lr: 0.012500 - momentum: 0.000000
2025-12-22 17:56:01,017 epoch 54 - iter 40/59 - loss 0.13168886 - time (sec): 6.02 - samples/sec: 4290.25 - lr: 0.012500 - momentum: 0.000000
2025-12-22 17:56:01,727 epoch 54 - iter 45/59 - loss 0.13159202 - time (sec): 6.73 - samples/sec: 4338.69 - lr: 0.012500 - momentum: 0.000000
2025-12-22 17:56:02,428 epoch 54 - iter 50/59 - loss 0.13068507 - time (sec): 7.43 - samples/sec: 4343.31 - lr: 0.012500 - momentum: 0.000000
2025-12-22 17:56:03,077 epoch 54 - iter 55/59 - loss 0.13107160 - time (sec): 8.08 - samples/sec: 4382.61 - lr: 0.012500 - momentum: 0.000000
2025-12-22 17:56:03,693 ----------------------------------------------------------------------------------------------------
2025-12-22 17:56:03,694 EPOCH 54 done: loss 0.1305 - lr: 0.012500
2025-12-22 17:56:04,533 DEV : loss 0.18581967055797577 - f1-score (micro avg)  0.9411
2025-12-22 17:56:04,535  - 0 epochs without improvement
2025-12-22 17:56:04,536 saving best model
2025-12-22 17:56:04,547 ----------------------------------------------------------------------------------------------------
2025-12-22 17:56:05,317 epoch 55 - iter 5/59 - loss 0.11551106 - time (sec): 0.77 - samples/sec: 4280.43 - lr: 0.012500 - momentum: 0.000000
2025-12-22 17:56:05,981 epoch 55 - iter 10/59 - loss 0.11796174 - time (sec): 1.43 - samples/sec: 4550.56 - lr: 0.012500 - momentum: 0.000000
2025-12-22 17:56:06,849 epoch 55 - iter 15/59 - loss 0.12468557 - time (sec): 2.30 - samples/sec: 4195.01 - lr: 0.012500 - momentum: 0.000000
2025-12-22 17:56:07,627 epoch 55 - iter 20/59 - loss 0.12732224 - time (sec): 3.08 - samples/sec: 4236.15 - lr: 0.012500 - momentum: 0.000000
2025-12-22 17:56:08,420 epoch 55 - iter 25/59 - loss 0.12886472 - time (sec): 3.87 - samples/sec: 4214.18 - lr: 0.012500 - momentum: 0.000000
2025-12-22 17:56:09,130 epoch 55 - iter 30/59 - loss 0.12832748 - time (sec): 4.58 - samples/sec: 4166.15 - lr: 0.012500 - momentum: 0.000000
2025-12-22 17:56:09,915 epoch 55 - iter 35/59 - loss 0.12788741 - time (sec): 5.37 - samples/sec: 4157.47 - lr: 0.012500 - momentum: 0.000000
2025-12-22 17:56:10,679 epoch 55 - iter 40/59 - loss 0.12734435 - time (sec): 6.13 - samples/sec: 4162.79 - lr: 0.012500 - momentum: 0.000000
2025-12-22 17:56:11,352 epoch 55 - iter 45/59 - loss 0.12705427 - time (sec): 6.80 - samples/sec: 4226.41 - lr: 0.012500 - momentum: 0.000000
2025-12-22 17:56:12,108 epoch 55 - iter 50/59 - loss 0.12621317 - time (sec): 7.56 - samples/sec: 4229.40 - lr: 0.012500 - momentum: 0.000000
2025-12-22 17:56:12,819 epoch 55 - iter 55/59 - loss 0.12643216 - time (sec): 8.27 - samples/sec: 4272.94 - lr: 0.012500 - momentum: 0.000000
2025-12-22 17:56:13,346 ----------------------------------------------------------------------------------------------------
2025-12-22 17:56:13,346 EPOCH 55 done: loss 0.1253 - lr: 0.012500
2025-12-22 17:56:13,995 DEV : loss 0.1872589886188507 - f1-score (micro avg)  0.9408
2025-12-22 17:56:13,997  - 1 epochs without improvement
2025-12-22 17:56:13,998 ----------------------------------------------------------------------------------------------------
2025-12-22 17:56:15,176 epoch 56 - iter 5/59 - loss 0.12366550 - time (sec): 1.18 - samples/sec: 2780.14 - lr: 0.012500 - momentum: 0.000000
2025-12-22 17:56:15,795 epoch 56 - iter 10/59 - loss 0.12459864 - time (sec): 1.80 - samples/sec: 3556.19 - lr: 0.012500 - momentum: 0.000000
2025-12-22 17:56:16,528 epoch 56 - iter 15/59 - loss 0.12214878 - time (sec): 2.53 - samples/sec: 3777.05 - lr: 0.012500 - momentum: 0.000000
2025-12-22 17:56:17,280 epoch 56 - iter 20/59 - loss 0.12797222 - time (sec): 3.28 - samples/sec: 3928.32 - lr: 0.012500 - momentum: 0.000000
2025-12-22 17:56:18,071 epoch 56 - iter 25/59 - loss 0.12536438 - time (sec): 4.07 - samples/sec: 3951.59 - lr: 0.012500 - momentum: 0.000000
2025-12-22 17:56:18,934 epoch 56 - iter 30/59 - loss 0.12598526 - time (sec): 4.94 - samples/sec: 3947.09 - lr: 0.012500 - momentum: 0.000000
2025-12-22 17:56:19,941 epoch 56 - iter 35/59 - loss 0.12775023 - time (sec): 5.94 - samples/sec: 3754.28 - lr: 0.012500 - momentum: 0.000000
2025-12-22 17:56:20,727 epoch 56 - iter 40/59 - loss 0.12883534 - time (sec): 6.73 - samples/sec: 3848.49 - lr: 0.012500 - momentum: 0.000000
2025-12-22 17:56:21,441 epoch 56 - iter 45/59 - loss 0.12989125 - time (sec): 7.44 - samples/sec: 3881.46 - lr: 0.012500 - momentum: 0.000000
2025-12-22 17:56:22,354 epoch 56 - iter 50/59 - loss 0.12983461 - time (sec): 8.36 - samples/sec: 3849.99 - lr: 0.012500 - momentum: 0.000000
2025-12-22 17:56:23,035 epoch 56 - iter 55/59 - loss 0.12956749 - time (sec): 9.04 - samples/sec: 3899.65 - lr: 0.012500 - momentum: 0.000000
2025-12-22 17:56:23,801 ----------------------------------------------------------------------------------------------------
2025-12-22 17:56:23,802 EPOCH 56 done: loss 0.1278 - lr: 0.012500
2025-12-22 17:56:24,450 DEV : loss 0.18736876547336578 - f1-score (micro avg)  0.94
2025-12-22 17:56:24,452  - 2 epochs without improvement
2025-12-22 17:56:24,452 ----------------------------------------------------------------------------------------------------
2025-12-22 17:56:25,071 epoch 57 - iter 5/59 - loss 0.12189771 - time (sec): 0.62 - samples/sec: 4811.95 - lr: 0.012500 - momentum: 0.000000
2025-12-22 17:56:25,821 epoch 57 - iter 10/59 - loss 0.12231465 - time (sec): 1.37 - samples/sec: 4525.77 - lr: 0.012500 - momentum: 0.000000
2025-12-22 17:56:26,489 epoch 57 - iter 15/59 - loss 0.12320174 - time (sec): 2.04 - samples/sec: 4536.83 - lr: 0.012500 - momentum: 0.000000
2025-12-22 17:56:27,257 epoch 57 - iter 20/59 - loss 0.12164508 - time (sec): 2.80 - samples/sec: 4409.54 - lr: 0.012500 - momentum: 0.000000
2025-12-22 17:56:28,033 epoch 57 - iter 25/59 - loss 0.11962965 - time (sec): 3.58 - samples/sec: 4423.83 - lr: 0.012500 - momentum: 0.000000
2025-12-22 17:56:29,097 epoch 57 - iter 30/59 - loss 0.11666423 - time (sec): 4.64 - samples/sec: 4167.25 - lr: 0.012500 - momentum: 0.000000
2025-12-22 17:56:29,834 epoch 57 - iter 35/59 - loss 0.12069072 - time (sec): 5.38 - samples/sec: 4193.25 - lr: 0.012500 - momentum: 0.000000
2025-12-22 17:56:30,695 epoch 57 - iter 40/59 - loss 0.12162601 - time (sec): 6.24 - samples/sec: 4140.52 - lr: 0.012500 - momentum: 0.000000
2025-12-22 17:56:31,529 epoch 57 - iter 45/59 - loss 0.12232135 - time (sec): 7.08 - samples/sec: 4114.16 - lr: 0.012500 - momentum: 0.000000
2025-12-22 17:56:32,249 epoch 57 - iter 50/59 - loss 0.12309238 - time (sec): 7.80 - samples/sec: 4137.01 - lr: 0.012500 - momentum: 0.000000
2025-12-22 17:56:32,882 epoch 57 - iter 55/59 - loss 0.12293957 - time (sec): 8.43 - samples/sec: 4193.66 - lr: 0.012500 - momentum: 0.000000
2025-12-22 17:56:33,524 ----------------------------------------------------------------------------------------------------
2025-12-22 17:56:33,524 EPOCH 57 done: loss 0.1233 - lr: 0.012500
2025-12-22 17:56:34,469 DEV : loss 0.186266228556633 - f1-score (micro avg)  0.9413
2025-12-22 17:56:34,470  - 0 epochs without improvement
2025-12-22 17:56:34,471 saving best model
2025-12-22 17:56:34,482 ----------------------------------------------------------------------------------------------------
2025-12-22 17:56:35,154 epoch 58 - iter 5/59 - loss 0.13430193 - time (sec): 0.67 - samples/sec: 4523.16 - lr: 0.012500 - momentum: 0.000000
2025-12-22 17:56:35,910 epoch 58 - iter 10/59 - loss 0.13753133 - time (sec): 1.43 - samples/sec: 4302.40 - lr: 0.012500 - momentum: 0.000000
2025-12-22 17:56:36,575 epoch 58 - iter 15/59 - loss 0.13557245 - time (sec): 2.09 - samples/sec: 4502.82 - lr: 0.012500 - momentum: 0.000000
2025-12-22 17:56:37,306 epoch 58 - iter 20/59 - loss 0.13072334 - time (sec): 2.82 - samples/sec: 4427.59 - lr: 0.012500 - momentum: 0.000000
2025-12-22 17:56:38,033 epoch 58 - iter 25/59 - loss 0.13062921 - time (sec): 3.55 - samples/sec: 4416.88 - lr: 0.012500 - momentum: 0.000000
2025-12-22 17:56:38,760 epoch 58 - iter 30/59 - loss 0.12865678 - time (sec): 4.28 - samples/sec: 4383.88 - lr: 0.012500 - momentum: 0.000000
2025-12-22 17:56:39,455 epoch 58 - iter 35/59 - loss 0.12743453 - time (sec): 4.97 - samples/sec: 4386.50 - lr: 0.012500 - momentum: 0.000000
2025-12-22 17:56:40,331 epoch 58 - iter 40/59 - loss 0.12816217 - time (sec): 5.85 - samples/sec: 4305.02 - lr: 0.012500 - momentum: 0.000000
2025-12-22 17:56:41,399 epoch 58 - iter 45/59 - loss 0.12594936 - time (sec): 6.92 - samples/sec: 4183.16 - lr: 0.012500 - momentum: 0.000000
2025-12-22 17:56:42,249 epoch 58 - iter 50/59 - loss 0.12717880 - time (sec): 7.77 - samples/sec: 4171.72 - lr: 0.012500 - momentum: 0.000000
2025-12-22 17:56:42,920 epoch 58 - iter 55/59 - loss 0.12654990 - time (sec): 8.44 - samples/sec: 4208.43 - lr: 0.012500 - momentum: 0.000000
2025-12-22 17:56:43,490 ----------------------------------------------------------------------------------------------------
2025-12-22 17:56:43,490 EPOCH 58 done: loss 0.1261 - lr: 0.012500
2025-12-22 17:56:44,125 DEV : loss 0.18667572736740112 - f1-score (micro avg)  0.9416
2025-12-22 17:56:44,127  - 0 epochs without improvement
2025-12-22 17:56:44,127 saving best model
2025-12-22 17:56:44,142 ----------------------------------------------------------------------------------------------------
2025-12-22 17:56:44,858 epoch 59 - iter 5/59 - loss 0.13705935 - time (sec): 0.72 - samples/sec: 4391.07 - lr: 0.012500 - momentum: 0.000000
2025-12-22 17:56:45,550 epoch 59 - iter 10/59 - loss 0.12894176 - time (sec): 1.41 - samples/sec: 4407.41 - lr: 0.012500 - momentum: 0.000000
2025-12-22 17:56:46,332 epoch 59 - iter 15/59 - loss 0.12566248 - time (sec): 2.19 - samples/sec: 4303.24 - lr: 0.012500 - momentum: 0.000000
2025-12-22 17:56:47,365 epoch 59 - iter 20/59 - loss 0.12510952 - time (sec): 3.22 - samples/sec: 3995.77 - lr: 0.012500 - momentum: 0.000000
2025-12-22 17:56:48,117 epoch 59 - iter 25/59 - loss 0.12397659 - time (sec): 3.97 - samples/sec: 4054.54 - lr: 0.012500 - momentum: 0.000000
2025-12-22 17:56:48,889 epoch 59 - iter 30/59 - loss 0.12449360 - time (sec): 4.75 - samples/sec: 4071.31 - lr: 0.012500 - momentum: 0.000000
2025-12-22 17:56:49,585 epoch 59 - iter 35/59 - loss 0.12441314 - time (sec): 5.44 - samples/sec: 4146.81 - lr: 0.012500 - momentum: 0.000000
2025-12-22 17:56:50,265 epoch 59 - iter 40/59 - loss 0.12413215 - time (sec): 6.12 - samples/sec: 4181.64 - lr: 0.012500 - momentum: 0.000000
2025-12-22 17:56:50,958 epoch 59 - iter 45/59 - loss 0.12372980 - time (sec): 6.82 - samples/sec: 4226.95 - lr: 0.012500 - momentum: 0.000000
2025-12-22 17:56:51,796 epoch 59 - iter 50/59 - loss 0.12422410 - time (sec): 7.65 - samples/sec: 4191.08 - lr: 0.012500 - momentum: 0.000000
2025-12-22 17:56:52,676 epoch 59 - iter 55/59 - loss 0.12385539 - time (sec): 8.53 - samples/sec: 4173.19 - lr: 0.012500 - momentum: 0.000000
2025-12-22 17:56:53,096 ----------------------------------------------------------------------------------------------------
2025-12-22 17:56:53,096 EPOCH 59 done: loss 0.1247 - lr: 0.012500
2025-12-22 17:56:53,772 DEV : loss 0.1868779957294464 - f1-score (micro avg)  0.9408
2025-12-22 17:56:53,774  - 1 epochs without improvement
2025-12-22 17:56:53,774 ----------------------------------------------------------------------------------------------------
2025-12-22 17:56:54,568 epoch 60 - iter 5/59 - loss 0.14096340 - time (sec): 0.79 - samples/sec: 4044.94 - lr: 0.012500 - momentum: 0.000000
2025-12-22 17:56:55,563 epoch 60 - iter 10/59 - loss 0.12693188 - time (sec): 1.79 - samples/sec: 3779.46 - lr: 0.012500 - momentum: 0.000000
2025-12-22 17:56:56,221 epoch 60 - iter 15/59 - loss 0.13048805 - time (sec): 2.45 - samples/sec: 4017.58 - lr: 0.012500 - momentum: 0.000000
2025-12-22 17:56:57,169 epoch 60 - iter 20/59 - loss 0.12913213 - time (sec): 3.39 - samples/sec: 3905.89 - lr: 0.012500 - momentum: 0.000000
2025-12-22 17:56:57,849 epoch 60 - iter 25/59 - loss 0.12856069 - time (sec): 4.08 - samples/sec: 3954.36 - lr: 0.012500 - momentum: 0.000000
2025-12-22 17:56:58,560 epoch 60 - iter 30/59 - loss 0.12782153 - time (sec): 4.79 - samples/sec: 4021.67 - lr: 0.012500 - momentum: 0.000000
2025-12-22 17:56:59,359 epoch 60 - iter 35/59 - loss 0.12741020 - time (sec): 5.58 - samples/sec: 4011.60 - lr: 0.012500 - momentum: 0.000000
2025-12-22 17:57:00,056 epoch 60 - iter 40/59 - loss 0.12929016 - time (sec): 6.28 - samples/sec: 4081.89 - lr: 0.012500 - momentum: 0.000000
2025-12-22 17:57:00,952 epoch 60 - iter 45/59 - loss 0.12908433 - time (sec): 7.18 - samples/sec: 4066.46 - lr: 0.012500 - momentum: 0.000000
2025-12-22 17:57:01,553 epoch 60 - iter 50/59 - loss 0.12935108 - time (sec): 7.78 - samples/sec: 4133.17 - lr: 0.012500 - momentum: 0.000000
2025-12-22 17:57:02,284 epoch 60 - iter 55/59 - loss 0.12980388 - time (sec): 8.51 - samples/sec: 4164.82 - lr: 0.012500 - momentum: 0.000000
2025-12-22 17:57:02,888 ----------------------------------------------------------------------------------------------------
2025-12-22 17:57:02,888 EPOCH 60 done: loss 0.1296 - lr: 0.012500
2025-12-22 17:57:03,535 DEV : loss 0.18833638727664948 - f1-score (micro avg)  0.9405
2025-12-22 17:57:03,536  - 2 epochs without improvement
2025-12-22 17:57:03,537 ----------------------------------------------------------------------------------------------------
2025-12-22 17:57:04,246 epoch 61 - iter 5/59 - loss 0.14048111 - time (sec): 0.71 - samples/sec: 4674.32 - lr: 0.012500 - momentum: 0.000000
2025-12-22 17:57:04,983 epoch 61 - iter 10/59 - loss 0.13312216 - time (sec): 1.45 - samples/sec: 4628.30 - lr: 0.012500 - momentum: 0.000000
2025-12-22 17:57:05,622 epoch 61 - iter 15/59 - loss 0.13038854 - time (sec): 2.08 - samples/sec: 4683.98 - lr: 0.012500 - momentum: 0.000000
2025-12-22 17:57:06,405 epoch 61 - iter 20/59 - loss 0.13137200 - time (sec): 2.87 - samples/sec: 4511.09 - lr: 0.012500 - momentum: 0.000000
2025-12-22 17:57:07,024 epoch 61 - iter 25/59 - loss 0.13360988 - time (sec): 3.49 - samples/sec: 4553.38 - lr: 0.012500 - momentum: 0.000000
2025-12-22 17:57:07,818 epoch 61 - iter 30/59 - loss 0.13048551 - time (sec): 4.28 - samples/sec: 4495.13 - lr: 0.012500 - momentum: 0.000000
2025-12-22 17:57:08,675 epoch 61 - iter 35/59 - loss 0.12917170 - time (sec): 5.14 - samples/sec: 4338.12 - lr: 0.012500 - momentum: 0.000000
2025-12-22 17:57:09,584 epoch 61 - iter 40/59 - loss 0.12837358 - time (sec): 6.05 - samples/sec: 4260.71 - lr: 0.012500 - momentum: 0.000000
2025-12-22 17:57:10,307 epoch 61 - iter 45/59 - loss 0.12860859 - time (sec): 6.77 - samples/sec: 4282.71 - lr: 0.012500 - momentum: 0.000000
2025-12-22 17:57:11,115 epoch 61 - iter 50/59 - loss 0.12930882 - time (sec): 7.58 - samples/sec: 4259.88 - lr: 0.012500 - momentum: 0.000000
2025-12-22 17:57:11,985 epoch 61 - iter 55/59 - loss 0.12935364 - time (sec): 8.45 - samples/sec: 4197.26 - lr: 0.012500 - momentum: 0.000000
2025-12-22 17:57:12,475 ----------------------------------------------------------------------------------------------------
2025-12-22 17:57:12,475 EPOCH 61 done: loss 0.1284 - lr: 0.012500
2025-12-22 17:57:13,131 DEV : loss 0.18757808208465576 - f1-score (micro avg)  0.9402
2025-12-22 17:57:13,133  - 3 epochs without improvement
2025-12-22 17:57:13,134 ----------------------------------------------------------------------------------------------------
2025-12-22 17:57:13,943 epoch 62 - iter 5/59 - loss 0.14081943 - time (sec): 0.81 - samples/sec: 3684.15 - lr: 0.012500 - momentum: 0.000000
2025-12-22 17:57:14,760 epoch 62 - iter 10/59 - loss 0.13195608 - time (sec): 1.63 - samples/sec: 3821.79 - lr: 0.012500 - momentum: 0.000000
2025-12-22 17:57:15,786 epoch 62 - iter 15/59 - loss 0.12673511 - time (sec): 2.65 - samples/sec: 3593.69 - lr: 0.012500 - momentum: 0.000000
2025-12-22 17:57:16,589 epoch 62 - iter 20/59 - loss 0.12578634 - time (sec): 3.46 - samples/sec: 3739.07 - lr: 0.012500 - momentum: 0.000000
2025-12-22 17:57:17,180 epoch 62 - iter 25/59 - loss 0.12722528 - time (sec): 4.05 - samples/sec: 3906.50 - lr: 0.012500 - momentum: 0.000000
2025-12-22 17:57:18,085 epoch 62 - iter 30/59 - loss 0.12830706 - time (sec): 4.95 - samples/sec: 3861.90 - lr: 0.012500 - momentum: 0.000000
2025-12-22 17:57:18,901 epoch 62 - iter 35/59 - loss 0.12481749 - time (sec): 5.77 - samples/sec: 3904.53 - lr: 0.012500 - momentum: 0.000000
2025-12-22 17:57:19,863 epoch 62 - iter 40/59 - loss 0.12565865 - time (sec): 6.73 - samples/sec: 3806.97 - lr: 0.012500 - momentum: 0.000000
2025-12-22 17:57:20,509 epoch 62 - iter 45/59 - loss 0.12465428 - time (sec): 7.38 - samples/sec: 3871.04 - lr: 0.012500 - momentum: 0.000000
2025-12-22 17:57:21,390 epoch 62 - iter 50/59 - loss 0.12568322 - time (sec): 8.26 - samples/sec: 3874.36 - lr: 0.012500 - momentum: 0.000000
2025-12-22 17:57:22,083 epoch 62 - iter 55/59 - loss 0.12513903 - time (sec): 8.95 - samples/sec: 3921.53 - lr: 0.012500 - momentum: 0.000000
2025-12-22 17:57:22,680 ----------------------------------------------------------------------------------------------------
2025-12-22 17:57:22,680 EPOCH 62 done: loss 0.1247 - lr: 0.012500
2025-12-22 17:57:23,546 DEV : loss 0.18747924268245697 - f1-score (micro avg)  0.9415
2025-12-22 17:57:23,548  - 4 epochs without improvement (above 'patience')-> annealing learning_rate to [0.00625]
2025-12-22 17:57:23,549 ----------------------------------------------------------------------------------------------------
2025-12-22 17:57:24,312 epoch 63 - iter 5/59 - loss 0.11764101 - time (sec): 0.76 - samples/sec: 4121.80 - lr: 0.006250 - momentum: 0.000000
2025-12-22 17:57:25,008 epoch 63 - iter 10/59 - loss 0.13062142 - time (sec): 1.46 - samples/sec: 4218.26 - lr: 0.006250 - momentum: 0.000000
2025-12-22 17:57:25,719 epoch 63 - iter 15/59 - loss 0.12970430 - time (sec): 2.17 - samples/sec: 4399.77 - lr: 0.006250 - momentum: 0.000000
2025-12-22 17:57:26,510 epoch 63 - iter 20/59 - loss 0.12994668 - time (sec): 2.96 - samples/sec: 4287.95 - lr: 0.006250 - momentum: 0.000000
2025-12-22 17:57:27,195 epoch 63 - iter 25/59 - loss 0.13104192 - time (sec): 3.65 - samples/sec: 4360.91 - lr: 0.006250 - momentum: 0.000000
2025-12-22 17:57:28,156 epoch 63 - iter 30/59 - loss 0.12793998 - time (sec): 4.61 - samples/sec: 4149.31 - lr: 0.006250 - momentum: 0.000000
2025-12-22 17:57:28,935 epoch 63 - iter 35/59 - loss 0.12755711 - time (sec): 5.39 - samples/sec: 4152.95 - lr: 0.006250 - momentum: 0.000000
2025-12-22 17:57:29,729 epoch 63 - iter 40/59 - loss 0.12737377 - time (sec): 6.18 - samples/sec: 4148.65 - lr: 0.006250 - momentum: 0.000000
2025-12-22 17:57:30,478 epoch 63 - iter 45/59 - loss 0.12570300 - time (sec): 6.93 - samples/sec: 4187.39 - lr: 0.006250 - momentum: 0.000000
2025-12-22 17:57:31,240 epoch 63 - iter 50/59 - loss 0.12647562 - time (sec): 7.69 - samples/sec: 4164.59 - lr: 0.006250 - momentum: 0.000000
2025-12-22 17:57:32,004 epoch 63 - iter 55/59 - loss 0.12699679 - time (sec): 8.46 - samples/sec: 4172.26 - lr: 0.006250 - momentum: 0.000000
2025-12-22 17:57:32,566 ----------------------------------------------------------------------------------------------------
2025-12-22 17:57:32,566 EPOCH 63 done: loss 0.1276 - lr: 0.006250
2025-12-22 17:57:33,217 DEV : loss 0.18671159446239471 - f1-score (micro avg)  0.9408
2025-12-22 17:57:33,219  - 1 epochs without improvement
2025-12-22 17:57:33,219 ----------------------------------------------------------------------------------------------------
2025-12-22 17:57:33,885 epoch 64 - iter 5/59 - loss 0.11324188 - time (sec): 0.67 - samples/sec: 4345.08 - lr: 0.006250 - momentum: 0.000000
2025-12-22 17:57:34,585 epoch 64 - iter 10/59 - loss 0.10534539 - time (sec): 1.37 - samples/sec: 4512.82 - lr: 0.006250 - momentum: 0.000000
2025-12-22 17:57:35,470 epoch 64 - iter 15/59 - loss 0.10723586 - time (sec): 2.25 - samples/sec: 4142.27 - lr: 0.006250 - momentum: 0.000000
2025-12-22 17:57:36,236 epoch 64 - iter 20/59 - loss 0.11188478 - time (sec): 3.02 - samples/sec: 4058.06 - lr: 0.006250 - momentum: 0.000000
2025-12-22 17:57:37,127 epoch 64 - iter 25/59 - loss 0.11720837 - time (sec): 3.91 - samples/sec: 4077.03 - lr: 0.006250 - momentum: 0.000000
2025-12-22 17:57:37,883 epoch 64 - iter 30/59 - loss 0.11674484 - time (sec): 4.66 - samples/sec: 4105.86 - lr: 0.006250 - momentum: 0.000000
2025-12-22 17:57:38,634 epoch 64 - iter 35/59 - loss 0.11610373 - time (sec): 5.41 - samples/sec: 4129.60 - lr: 0.006250 - momentum: 0.000000
2025-12-22 17:57:39,458 epoch 64 - iter 40/59 - loss 0.11753495 - time (sec): 6.24 - samples/sec: 4121.93 - lr: 0.006250 - momentum: 0.000000
2025-12-22 17:57:40,228 epoch 64 - iter 45/59 - loss 0.11848643 - time (sec): 7.01 - samples/sec: 4148.28 - lr: 0.006250 - momentum: 0.000000
2025-12-22 17:57:40,958 epoch 64 - iter 50/59 - loss 0.11856511 - time (sec): 7.74 - samples/sec: 4191.37 - lr: 0.006250 - momentum: 0.000000
2025-12-22 17:57:41,713 epoch 64 - iter 55/59 - loss 0.11921283 - time (sec): 8.49 - samples/sec: 4177.52 - lr: 0.006250 - momentum: 0.000000
2025-12-22 17:57:42,214 ----------------------------------------------------------------------------------------------------
2025-12-22 17:57:42,214 EPOCH 64 done: loss 0.1189 - lr: 0.006250
2025-12-22 17:57:42,871 DEV : loss 0.18629325926303864 - f1-score (micro avg)  0.9412
2025-12-22 17:57:42,873  - 2 epochs without improvement
2025-12-22 17:57:42,873 ----------------------------------------------------------------------------------------------------
2025-12-22 17:57:43,626 epoch 65 - iter 5/59 - loss 0.12045149 - time (sec): 0.75 - samples/sec: 4485.00 - lr: 0.006250 - momentum: 0.000000
2025-12-22 17:57:44,491 epoch 65 - iter 10/59 - loss 0.12681093 - time (sec): 1.62 - samples/sec: 4134.83 - lr: 0.006250 - momentum: 0.000000
2025-12-22 17:57:45,222 epoch 65 - iter 15/59 - loss 0.12772805 - time (sec): 2.35 - samples/sec: 4158.15 - lr: 0.006250 - momentum: 0.000000
2025-12-22 17:57:45,882 epoch 65 - iter 20/59 - loss 0.12598009 - time (sec): 3.01 - samples/sec: 4279.36 - lr: 0.006250 - momentum: 0.000000
2025-12-22 17:57:46,560 epoch 65 - iter 25/59 - loss 0.12423582 - time (sec): 3.69 - samples/sec: 4328.09 - lr: 0.006250 - momentum: 0.000000
2025-12-22 17:57:47,175 epoch 65 - iter 30/59 - loss 0.12307728 - time (sec): 4.30 - samples/sec: 4391.00 - lr: 0.006250 - momentum: 0.000000
2025-12-22 17:57:48,014 epoch 65 - iter 35/59 - loss 0.12233662 - time (sec): 5.14 - samples/sec: 4287.36 - lr: 0.006250 - momentum: 0.000000
2025-12-22 17:57:48,757 epoch 65 - iter 40/59 - loss 0.12554857 - time (sec): 5.88 - samples/sec: 4274.26 - lr: 0.006250 - momentum: 0.000000
2025-12-22 17:57:49,760 epoch 65 - iter 45/59 - loss 0.12471068 - time (sec): 6.89 - samples/sec: 4168.86 - lr: 0.006250 - momentum: 0.000000
2025-12-22 17:57:50,525 epoch 65 - iter 50/59 - loss 0.12491655 - time (sec): 7.65 - samples/sec: 4183.82 - lr: 0.006250 - momentum: 0.000000
2025-12-22 17:57:51,301 epoch 65 - iter 55/59 - loss 0.12546067 - time (sec): 8.43 - samples/sec: 4180.07 - lr: 0.006250 - momentum: 0.000000
2025-12-22 17:57:51,853 ----------------------------------------------------------------------------------------------------
2025-12-22 17:57:51,853 EPOCH 65 done: loss 0.1257 - lr: 0.006250
2025-12-22 17:57:52,737 DEV : loss 0.18576990067958832 - f1-score (micro avg)  0.9415
2025-12-22 17:57:52,739  - 3 epochs without improvement
2025-12-22 17:57:52,739 ----------------------------------------------------------------------------------------------------
2025-12-22 17:57:53,434 epoch 66 - iter 5/59 - loss 0.13702031 - time (sec): 0.69 - samples/sec: 4326.49 - lr: 0.006250 - momentum: 0.000000
2025-12-22 17:57:54,271 epoch 66 - iter 10/59 - loss 0.13377675 - time (sec): 1.53 - samples/sec: 4093.01 - lr: 0.006250 - momentum: 0.000000
2025-12-22 17:57:55,030 epoch 66 - iter 15/59 - loss 0.13020887 - time (sec): 2.29 - samples/sec: 4072.31 - lr: 0.006250 - momentum: 0.000000
2025-12-22 17:57:55,825 epoch 66 - iter 20/59 - loss 0.12628371 - time (sec): 3.09 - samples/sec: 4075.16 - lr: 0.006250 - momentum: 0.000000
2025-12-22 17:57:56,594 epoch 66 - iter 25/59 - loss 0.12338871 - time (sec): 3.85 - samples/sec: 4121.89 - lr: 0.006250 - momentum: 0.000000
2025-12-22 17:57:57,359 epoch 66 - iter 30/59 - loss 0.12315428 - time (sec): 4.62 - samples/sec: 4155.86 - lr: 0.006250 - momentum: 0.000000
2025-12-22 17:57:58,225 epoch 66 - iter 35/59 - loss 0.12295535 - time (sec): 5.49 - samples/sec: 4103.19 - lr: 0.006250 - momentum: 0.000000
2025-12-22 17:57:59,070 epoch 66 - iter 40/59 - loss 0.12314597 - time (sec): 6.33 - samples/sec: 4056.15 - lr: 0.006250 - momentum: 0.000000
2025-12-22 17:57:59,940 epoch 66 - iter 45/59 - loss 0.12284636 - time (sec): 7.20 - samples/sec: 4044.71 - lr: 0.006250 - momentum: 0.000000
2025-12-22 17:58:00,747 epoch 66 - iter 50/59 - loss 0.12247696 - time (sec): 8.01 - samples/sec: 4037.40 - lr: 0.006250 - momentum: 0.000000
2025-12-22 17:58:01,396 epoch 66 - iter 55/59 - loss 0.12316452 - time (sec): 8.66 - samples/sec: 4102.39 - lr: 0.006250 - momentum: 0.000000
2025-12-22 17:58:01,827 ----------------------------------------------------------------------------------------------------
2025-12-22 17:58:01,828 EPOCH 66 done: loss 0.1228 - lr: 0.006250
2025-12-22 17:58:02,488 DEV : loss 0.18694287538528442 - f1-score (micro avg)  0.9409
2025-12-22 17:58:02,490  - 4 epochs without improvement (above 'patience')-> annealing learning_rate to [0.003125]
2025-12-22 17:58:02,490 ----------------------------------------------------------------------------------------------------
2025-12-22 17:58:03,712 epoch 67 - iter 5/59 - loss 0.12329699 - time (sec): 1.22 - samples/sec: 2877.11 - lr: 0.003125 - momentum: 0.000000
2025-12-22 17:58:04,541 epoch 67 - iter 10/59 - loss 0.11784975 - time (sec): 2.05 - samples/sec: 3329.46 - lr: 0.003125 - momentum: 0.000000
2025-12-22 17:58:05,438 epoch 67 - iter 15/59 - loss 0.11987827 - time (sec): 2.95 - samples/sec: 3426.83 - lr: 0.003125 - momentum: 0.000000
2025-12-22 17:58:06,201 epoch 67 - iter 20/59 - loss 0.12345847 - time (sec): 3.71 - samples/sec: 3597.19 - lr: 0.003125 - momentum: 0.000000
2025-12-22 17:58:06,887 epoch 67 - iter 25/59 - loss 0.12270078 - time (sec): 4.40 - samples/sec: 3721.11 - lr: 0.003125 - momentum: 0.000000
2025-12-22 17:58:07,527 epoch 67 - iter 30/59 - loss 0.12110126 - time (sec): 5.04 - samples/sec: 3874.00 - lr: 0.003125 - momentum: 0.000000
2025-12-22 17:58:08,158 epoch 67 - iter 35/59 - loss 0.12250642 - time (sec): 5.67 - samples/sec: 3962.94 - lr: 0.003125 - momentum: 0.000000
2025-12-22 17:58:08,868 epoch 67 - iter 40/59 - loss 0.12384944 - time (sec): 6.38 - samples/sec: 4013.78 - lr: 0.003125 - momentum: 0.000000
2025-12-22 17:58:09,712 epoch 67 - iter 45/59 - loss 0.12276615 - time (sec): 7.22 - samples/sec: 3983.25 - lr: 0.003125 - momentum: 0.000000
2025-12-22 17:58:10,673 epoch 67 - iter 50/59 - loss 0.12383171 - time (sec): 8.18 - samples/sec: 3950.40 - lr: 0.003125 - momentum: 0.000000
2025-12-22 17:58:11,470 epoch 67 - iter 55/59 - loss 0.12374652 - time (sec): 8.98 - samples/sec: 3944.96 - lr: 0.003125 - momentum: 0.000000
2025-12-22 17:58:11,928 ----------------------------------------------------------------------------------------------------
2025-12-22 17:58:11,929 EPOCH 67 done: loss 0.1239 - lr: 0.003125
2025-12-22 17:58:12,595 DEV : loss 0.186878502368927 - f1-score (micro avg)  0.9406
2025-12-22 17:58:12,596  - 1 epochs without improvement
2025-12-22 17:58:12,597 ----------------------------------------------------------------------------------------------------
2025-12-22 17:58:13,277 epoch 68 - iter 5/59 - loss 0.10570445 - time (sec): 0.68 - samples/sec: 4634.88 - lr: 0.003125 - momentum: 0.000000
2025-12-22 17:58:14,195 epoch 68 - iter 10/59 - loss 0.12027577 - time (sec): 1.60 - samples/sec: 4069.78 - lr: 0.003125 - momentum: 0.000000
2025-12-22 17:58:15,187 epoch 68 - iter 15/59 - loss 0.12273420 - time (sec): 2.59 - samples/sec: 3732.29 - lr: 0.003125 - momentum: 0.000000
2025-12-22 17:58:16,025 epoch 68 - iter 20/59 - loss 0.12228298 - time (sec): 3.43 - samples/sec: 3777.11 - lr: 0.003125 - momentum: 0.000000
2025-12-22 17:58:16,810 epoch 68 - iter 25/59 - loss 0.12230371 - time (sec): 4.21 - samples/sec: 3874.35 - lr: 0.003125 - momentum: 0.000000
2025-12-22 17:58:17,523 epoch 68 - iter 30/59 - loss 0.12255930 - time (sec): 4.93 - samples/sec: 3948.36 - lr: 0.003125 - momentum: 0.000000
2025-12-22 17:58:18,282 epoch 68 - iter 35/59 - loss 0.12357688 - time (sec): 5.68 - samples/sec: 3995.81 - lr: 0.003125 - momentum: 0.000000
2025-12-22 17:58:18,956 epoch 68 - iter 40/59 - loss 0.12197570 - time (sec): 6.36 - samples/sec: 4055.76 - lr: 0.003125 - momentum: 0.000000
2025-12-22 17:58:19,937 epoch 68 - iter 45/59 - loss 0.12195095 - time (sec): 7.34 - samples/sec: 3933.88 - lr: 0.003125 - momentum: 0.000000
2025-12-22 17:58:20,758 epoch 68 - iter 50/59 - loss 0.12124804 - time (sec): 8.16 - samples/sec: 3952.83 - lr: 0.003125 - momentum: 0.000000
2025-12-22 17:58:21,465 epoch 68 - iter 55/59 - loss 0.12157355 - time (sec): 8.87 - samples/sec: 3991.22 - lr: 0.003125 - momentum: 0.000000
2025-12-22 17:58:22,020 ----------------------------------------------------------------------------------------------------
2025-12-22 17:58:22,020 EPOCH 68 done: loss 0.1218 - lr: 0.003125
2025-12-22 17:58:22,878 DEV : loss 0.18658065795898438 - f1-score (micro avg)  0.9406
2025-12-22 17:58:22,880  - 2 epochs without improvement
2025-12-22 17:58:22,880 ----------------------------------------------------------------------------------------------------
2025-12-22 17:58:23,954 epoch 69 - iter 5/59 - loss 0.11708027 - time (sec): 1.07 - samples/sec: 3631.17 - lr: 0.003125 - momentum: 0.000000
2025-12-22 17:58:24,582 epoch 69 - iter 10/59 - loss 0.11732659 - time (sec): 1.70 - samples/sec: 4008.16 - lr: 0.003125 - momentum: 0.000000
2025-12-22 17:58:25,378 epoch 69 - iter 15/59 - loss 0.11898696 - time (sec): 2.50 - samples/sec: 4019.90 - lr: 0.003125 - momentum: 0.000000
2025-12-22 17:58:26,146 epoch 69 - iter 20/59 - loss 0.11243173 - time (sec): 3.27 - samples/sec: 4070.86 - lr: 0.003125 - momentum: 0.000000
2025-12-22 17:58:26,917 epoch 69 - iter 25/59 - loss 0.11237407 - time (sec): 4.04 - samples/sec: 4102.78 - lr: 0.003125 - momentum: 0.000000
2025-12-22 17:58:27,726 epoch 69 - iter 30/59 - loss 0.11302610 - time (sec): 4.85 - samples/sec: 4090.59 - lr: 0.003125 - momentum: 0.000000
2025-12-22 17:58:28,422 epoch 69 - iter 35/59 - loss 0.11584493 - time (sec): 5.54 - samples/sec: 4151.32 - lr: 0.003125 - momentum: 0.000000
2025-12-22 17:58:29,084 epoch 69 - iter 40/59 - loss 0.11707160 - time (sec): 6.20 - samples/sec: 4193.67 - lr: 0.003125 - momentum: 0.000000
2025-12-22 17:58:29,907 epoch 69 - iter 45/59 - loss 0.11852984 - time (sec): 7.03 - samples/sec: 4180.26 - lr: 0.003125 - momentum: 0.000000
2025-12-22 17:58:30,509 epoch 69 - iter 50/59 - loss 0.11898901 - time (sec): 7.63 - samples/sec: 4227.00 - lr: 0.003125 - momentum: 0.000000
2025-12-22 17:58:31,112 epoch 69 - iter 55/59 - loss 0.11993407 - time (sec): 8.23 - samples/sec: 4270.62 - lr: 0.003125 - momentum: 0.000000
2025-12-22 17:58:31,702 ----------------------------------------------------------------------------------------------------
2025-12-22 17:58:31,702 EPOCH 69 done: loss 0.1198 - lr: 0.003125
2025-12-22 17:58:32,324 DEV : loss 0.18674220144748688 - f1-score (micro avg)  0.9405
2025-12-22 17:58:32,325  - 3 epochs without improvement
2025-12-22 17:58:32,326 ----------------------------------------------------------------------------------------------------
2025-12-22 17:58:33,031 epoch 70 - iter 5/59 - loss 0.11906319 - time (sec): 0.71 - samples/sec: 4301.57 - lr: 0.003125 - momentum: 0.000000
2025-12-22 17:58:33,913 epoch 70 - iter 10/59 - loss 0.12144602 - time (sec): 1.59 - samples/sec: 3998.90 - lr: 0.003125 - momentum: 0.000000
2025-12-22 17:58:34,682 epoch 70 - iter 15/59 - loss 0.12155053 - time (sec): 2.36 - samples/sec: 4021.01 - lr: 0.003125 - momentum: 0.000000
2025-12-22 17:58:35,540 epoch 70 - iter 20/59 - loss 0.11846240 - time (sec): 3.21 - samples/sec: 3982.10 - lr: 0.003125 - momentum: 0.000000
2025-12-22 17:58:36,484 epoch 70 - iter 25/59 - loss 0.11860872 - time (sec): 4.16 - samples/sec: 3972.84 - lr: 0.003125 - momentum: 0.000000
2025-12-22 17:58:37,182 epoch 70 - iter 30/59 - loss 0.11908566 - time (sec): 4.86 - samples/sec: 4070.53 - lr: 0.003125 - momentum: 0.000000
2025-12-22 17:58:37,933 epoch 70 - iter 35/59 - loss 0.11889971 - time (sec): 5.61 - samples/sec: 4090.82 - lr: 0.003125 - momentum: 0.000000
2025-12-22 17:58:38,663 epoch 70 - iter 40/59 - loss 0.12031608 - time (sec): 6.34 - samples/sec: 4102.96 - lr: 0.003125 - momentum: 0.000000
2025-12-22 17:58:39,288 epoch 70 - iter 45/59 - loss 0.11978320 - time (sec): 6.96 - samples/sec: 4143.86 - lr: 0.003125 - momentum: 0.000000
2025-12-22 17:58:40,023 epoch 70 - iter 50/59 - loss 0.11922811 - time (sec): 7.70 - samples/sec: 4161.77 - lr: 0.003125 - momentum: 0.000000
2025-12-22 17:58:41,059 epoch 70 - iter 55/59 - loss 0.11868526 - time (sec): 8.73 - samples/sec: 4049.66 - lr: 0.003125 - momentum: 0.000000
2025-12-22 17:58:41,608 ----------------------------------------------------------------------------------------------------
2025-12-22 17:58:41,608 EPOCH 70 done: loss 0.1179 - lr: 0.003125
2025-12-22 17:58:42,469 DEV : loss 0.18667066097259521 - f1-score (micro avg)  0.9415
2025-12-22 17:58:42,470  - 4 epochs without improvement (above 'patience')-> annealing learning_rate to [0.0015625]
2025-12-22 17:58:42,470 ----------------------------------------------------------------------------------------------------
2025-12-22 17:58:43,287 epoch 71 - iter 5/59 - loss 0.12908755 - time (sec): 0.82 - samples/sec: 4095.32 - lr: 0.001563 - momentum: 0.000000
2025-12-22 17:58:43,958 epoch 71 - iter 10/59 - loss 0.12187581 - time (sec): 1.49 - samples/sec: 4473.77 - lr: 0.001563 - momentum: 0.000000
2025-12-22 17:58:44,938 epoch 71 - iter 15/59 - loss 0.11550558 - time (sec): 2.47 - samples/sec: 4101.11 - lr: 0.001563 - momentum: 0.000000
2025-12-22 17:58:45,637 epoch 71 - iter 20/59 - loss 0.11968724 - time (sec): 3.17 - samples/sec: 4129.98 - lr: 0.001563 - momentum: 0.000000
2025-12-22 17:58:46,388 epoch 71 - iter 25/59 - loss 0.12093320 - time (sec): 3.92 - samples/sec: 4185.08 - lr: 0.001563 - momentum: 0.000000
2025-12-22 17:58:47,040 epoch 71 - iter 30/59 - loss 0.12146480 - time (sec): 4.57 - samples/sec: 4241.25 - lr: 0.001563 - momentum: 0.000000
2025-12-22 17:58:47,731 epoch 71 - iter 35/59 - loss 0.12261982 - time (sec): 5.26 - samples/sec: 4273.84 - lr: 0.001563 - momentum: 0.000000
2025-12-22 17:58:48,629 epoch 71 - iter 40/59 - loss 0.12286636 - time (sec): 6.16 - samples/sec: 4194.56 - lr: 0.001563 - momentum: 0.000000
2025-12-22 17:58:49,366 epoch 71 - iter 45/59 - loss 0.12390968 - time (sec): 6.90 - samples/sec: 4208.73 - lr: 0.001563 - momentum: 0.000000
2025-12-22 17:58:50,207 epoch 71 - iter 50/59 - loss 0.12548753 - time (sec): 7.74 - samples/sec: 4187.14 - lr: 0.001563 - momentum: 0.000000
2025-12-22 17:58:50,986 epoch 71 - iter 55/59 - loss 0.12392017 - time (sec): 8.52 - samples/sec: 4182.25 - lr: 0.001563 - momentum: 0.000000
2025-12-22 17:58:51,428 ----------------------------------------------------------------------------------------------------
2025-12-22 17:58:51,429 EPOCH 71 done: loss 0.1244 - lr: 0.001563
2025-12-22 17:58:52,046 DEV : loss 0.18664424121379852 - f1-score (micro avg)  0.9412
2025-12-22 17:58:52,047  - 1 epochs without improvement
2025-12-22 17:58:52,048 ----------------------------------------------------------------------------------------------------
2025-12-22 17:58:52,744 epoch 72 - iter 5/59 - loss 0.12344621 - time (sec): 0.70 - samples/sec: 4495.13 - lr: 0.001563 - momentum: 0.000000
2025-12-22 17:58:53,470 epoch 72 - iter 10/59 - loss 0.12028542 - time (sec): 1.42 - samples/sec: 4391.62 - lr: 0.001563 - momentum: 0.000000
2025-12-22 17:58:54,271 epoch 72 - iter 15/59 - loss 0.12314085 - time (sec): 2.22 - samples/sec: 4361.44 - lr: 0.001563 - momentum: 0.000000
2025-12-22 17:58:54,922 epoch 72 - iter 20/59 - loss 0.12673542 - time (sec): 2.87 - samples/sec: 4424.77 - lr: 0.001563 - momentum: 0.000000
2025-12-22 17:58:55,626 epoch 72 - iter 25/59 - loss 0.12654154 - time (sec): 3.58 - samples/sec: 4443.55 - lr: 0.001563 - momentum: 0.000000
2025-12-22 17:58:56,313 epoch 72 - iter 30/59 - loss 0.12646852 - time (sec): 4.27 - samples/sec: 4454.66 - lr: 0.001563 - momentum: 0.000000
2025-12-22 17:58:57,262 epoch 72 - iter 35/59 - loss 0.12552470 - time (sec): 5.21 - samples/sec: 4275.67 - lr: 0.001563 - momentum: 0.000000
2025-12-22 17:58:58,108 epoch 72 - iter 40/59 - loss 0.12551026 - time (sec): 6.06 - samples/sec: 4233.76 - lr: 0.001563 - momentum: 0.000000
2025-12-22 17:58:58,886 epoch 72 - iter 45/59 - loss 0.12500920 - time (sec): 6.84 - samples/sec: 4215.77 - lr: 0.001563 - momentum: 0.000000
2025-12-22 17:58:59,732 epoch 72 - iter 50/59 - loss 0.12401283 - time (sec): 7.68 - samples/sec: 4193.08 - lr: 0.001563 - momentum: 0.000000
2025-12-22 17:59:00,398 epoch 72 - iter 55/59 - loss 0.12445025 - time (sec): 8.35 - samples/sec: 4223.63 - lr: 0.001563 - momentum: 0.000000
2025-12-22 17:59:00,950 ----------------------------------------------------------------------------------------------------
2025-12-22 17:59:00,950 EPOCH 72 done: loss 0.1240 - lr: 0.001563
2025-12-22 17:59:01,636 DEV : loss 0.18653316795825958 - f1-score (micro avg)  0.9404
2025-12-22 17:59:01,638  - 2 epochs without improvement
2025-12-22 17:59:01,639 ----------------------------------------------------------------------------------------------------
2025-12-22 17:59:02,291 epoch 73 - iter 5/59 - loss 0.11103688 - time (sec): 0.65 - samples/sec: 4605.87 - lr: 0.001563 - momentum: 0.000000
2025-12-22 17:59:03,004 epoch 73 - iter 10/59 - loss 0.12445098 - time (sec): 1.36 - samples/sec: 4552.78 - lr: 0.001563 - momentum: 0.000000
2025-12-22 17:59:03,709 epoch 73 - iter 15/59 - loss 0.12679862 - time (sec): 2.07 - samples/sec: 4545.06 - lr: 0.001563 - momentum: 0.000000
2025-12-22 17:59:04,667 epoch 73 - iter 20/59 - loss 0.12423868 - time (sec): 3.03 - samples/sec: 4232.37 - lr: 0.001563 - momentum: 0.000000
2025-12-22 17:59:05,445 epoch 73 - iter 25/59 - loss 0.12451527 - time (sec): 3.81 - samples/sec: 4258.18 - lr: 0.001563 - momentum: 0.000000
2025-12-22 17:59:06,288 epoch 73 - iter 30/59 - loss 0.12249011 - time (sec): 4.65 - samples/sec: 4202.39 - lr: 0.001563 - momentum: 0.000000
2025-12-22 17:59:06,955 epoch 73 - iter 35/59 - loss 0.12155545 - time (sec): 5.32 - samples/sec: 4222.55 - lr: 0.001563 - momentum: 0.000000
2025-12-22 17:59:07,626 epoch 73 - iter 40/59 - loss 0.12203643 - time (sec): 5.99 - samples/sec: 4269.85 - lr: 0.001563 - momentum: 0.000000
2025-12-22 17:59:08,616 epoch 73 - iter 45/59 - loss 0.12138487 - time (sec): 6.98 - samples/sec: 4172.64 - lr: 0.001563 - momentum: 0.000000
2025-12-22 17:59:09,503 epoch 73 - iter 50/59 - loss 0.12256846 - time (sec): 7.86 - samples/sec: 4120.31 - lr: 0.001563 - momentum: 0.000000
2025-12-22 17:59:10,140 epoch 73 - iter 55/59 - loss 0.12340229 - time (sec): 8.50 - samples/sec: 4164.76 - lr: 0.001563 - momentum: 0.000000
2025-12-22 17:59:10,617 ----------------------------------------------------------------------------------------------------
2025-12-22 17:59:10,617 EPOCH 73 done: loss 0.1234 - lr: 0.001563
2025-12-22 17:59:11,462 DEV : loss 0.1863410472869873 - f1-score (micro avg)  0.9406
2025-12-22 17:59:11,464  - 3 epochs without improvement
2025-12-22 17:59:11,465 ----------------------------------------------------------------------------------------------------
2025-12-22 17:59:12,266 epoch 74 - iter 5/59 - loss 0.14336470 - time (sec): 0.80 - samples/sec: 3774.08 - lr: 0.001563 - momentum: 0.000000
2025-12-22 17:59:13,024 epoch 74 - iter 10/59 - loss 0.13863854 - time (sec): 1.56 - samples/sec: 4020.12 - lr: 0.001563 - momentum: 0.000000
2025-12-22 17:59:13,803 epoch 74 - iter 15/59 - loss 0.13495050 - time (sec): 2.34 - samples/sec: 4057.77 - lr: 0.001563 - momentum: 0.000000
2025-12-22 17:59:14,538 epoch 74 - iter 20/59 - loss 0.12916673 - time (sec): 3.07 - samples/sec: 4136.62 - lr: 0.001563 - momentum: 0.000000
2025-12-22 17:59:15,561 epoch 74 - iter 25/59 - loss 0.12827076 - time (sec): 4.10 - samples/sec: 3875.00 - lr: 0.001563 - momentum: 0.000000
2025-12-22 17:59:16,278 epoch 74 - iter 30/59 - loss 0.12911703 - time (sec): 4.81 - samples/sec: 3963.27 - lr: 0.001563 - momentum: 0.000000
2025-12-22 17:59:17,077 epoch 74 - iter 35/59 - loss 0.12770053 - time (sec): 5.61 - samples/sec: 3985.85 - lr: 0.001563 - momentum: 0.000000
2025-12-22 17:59:17,801 epoch 74 - iter 40/59 - loss 0.12864137 - time (sec): 6.34 - samples/sec: 4055.34 - lr: 0.001563 - momentum: 0.000000
2025-12-22 17:59:18,556 epoch 74 - iter 45/59 - loss 0.12785052 - time (sec): 7.09 - samples/sec: 4064.83 - lr: 0.001563 - momentum: 0.000000
2025-12-22 17:59:19,318 epoch 74 - iter 50/59 - loss 0.12656754 - time (sec): 7.85 - samples/sec: 4094.19 - lr: 0.001563 - momentum: 0.000000
2025-12-22 17:59:20,472 epoch 74 - iter 55/59 - loss 0.12711891 - time (sec): 9.01 - samples/sec: 3931.06 - lr: 0.001563 - momentum: 0.000000
2025-12-22 17:59:21,195 ----------------------------------------------------------------------------------------------------
2025-12-22 17:59:21,196 EPOCH 74 done: loss 0.1259 - lr: 0.001563
2025-12-22 17:59:21,859 DEV : loss 0.18632951378822327 - f1-score (micro avg)  0.9409
2025-12-22 17:59:21,861  - 4 epochs without improvement (above 'patience')-> annealing learning_rate to [0.00078125]
2025-12-22 17:59:21,862 ----------------------------------------------------------------------------------------------------
2025-12-22 17:59:22,681 epoch 75 - iter 5/59 - loss 0.11783974 - time (sec): 0.82 - samples/sec: 3973.96 - lr: 0.000781 - momentum: 0.000000
2025-12-22 17:59:23,509 epoch 75 - iter 10/59 - loss 0.12367084 - time (sec): 1.65 - samples/sec: 3787.91 - lr: 0.000781 - momentum: 0.000000
2025-12-22 17:59:24,280 epoch 75 - iter 15/59 - loss 0.12610111 - time (sec): 2.42 - samples/sec: 3891.30 - lr: 0.000781 - momentum: 0.000000
2025-12-22 17:59:25,226 epoch 75 - iter 20/59 - loss 0.12232936 - time (sec): 3.36 - samples/sec: 3827.44 - lr: 0.000781 - momentum: 0.000000
2025-12-22 17:59:25,904 epoch 75 - iter 25/59 - loss 0.12261558 - time (sec): 4.04 - samples/sec: 3981.29 - lr: 0.000781 - momentum: 0.000000
2025-12-22 17:59:26,626 epoch 75 - iter 30/59 - loss 0.12214960 - time (sec): 4.76 - samples/sec: 4039.83 - lr: 0.000781 - momentum: 0.000000
2025-12-22 17:59:27,406 epoch 75 - iter 35/59 - loss 0.12214689 - time (sec): 5.54 - samples/sec: 4062.18 - lr: 0.000781 - momentum: 0.000000
2025-12-22 17:59:28,222 epoch 75 - iter 40/59 - loss 0.12116614 - time (sec): 6.36 - samples/sec: 4059.41 - lr: 0.000781 - momentum: 0.000000
2025-12-22 17:59:28,886 epoch 75 - iter 45/59 - loss 0.12052764 - time (sec): 7.02 - samples/sec: 4122.50 - lr: 0.000781 - momentum: 0.000000
2025-12-22 17:59:29,610 epoch 75 - iter 50/59 - loss 0.12093032 - time (sec): 7.75 - samples/sec: 4156.54 - lr: 0.000781 - momentum: 0.000000
2025-12-22 17:59:30,372 epoch 75 - iter 55/59 - loss 0.12163614 - time (sec): 8.51 - samples/sec: 4170.29 - lr: 0.000781 - momentum: 0.000000
2025-12-22 17:59:30,829 ----------------------------------------------------------------------------------------------------
2025-12-22 17:59:30,829 EPOCH 75 done: loss 0.1208 - lr: 0.000781
2025-12-22 17:59:31,458 DEV : loss 0.18636488914489746 - f1-score (micro avg)  0.941
2025-12-22 17:59:31,460  - 1 epochs without improvement
2025-12-22 17:59:31,460 ----------------------------------------------------------------------------------------------------
2025-12-22 17:59:32,156 epoch 76 - iter 5/59 - loss 0.12729248 - time (sec): 0.70 - samples/sec: 4772.67 - lr: 0.000781 - momentum: 0.000000
2025-12-22 17:59:32,898 epoch 76 - iter 10/59 - loss 0.12893914 - time (sec): 1.44 - samples/sec: 4667.12 - lr: 0.000781 - momentum: 0.000000
2025-12-22 17:59:33,713 epoch 76 - iter 15/59 - loss 0.12269464 - time (sec): 2.25 - samples/sec: 4358.23 - lr: 0.000781 - momentum: 0.000000
2025-12-22 17:59:34,301 epoch 76 - iter 20/59 - loss 0.12081021 - time (sec): 2.84 - samples/sec: 4421.79 - lr: 0.000781 - momentum: 0.000000
2025-12-22 17:59:35,127 epoch 76 - iter 25/59 - loss 0.11985229 - time (sec): 3.67 - samples/sec: 4306.20 - lr: 0.000781 - momentum: 0.000000
2025-12-22 17:59:35,839 epoch 76 - iter 30/59 - loss 0.12320134 - time (sec): 4.38 - samples/sec: 4335.70 - lr: 0.000781 - momentum: 0.000000
2025-12-22 17:59:36,735 epoch 76 - iter 35/59 - loss 0.12263330 - time (sec): 5.27 - samples/sec: 4246.95 - lr: 0.000781 - momentum: 0.000000
2025-12-22 17:59:37,580 epoch 76 - iter 40/59 - loss 0.12168688 - time (sec): 6.12 - samples/sec: 4178.06 - lr: 0.000781 - momentum: 0.000000
2025-12-22 17:59:38,494 epoch 76 - iter 45/59 - loss 0.12064321 - time (sec): 7.03 - samples/sec: 4075.63 - lr: 0.000781 - momentum: 0.000000
2025-12-22 17:59:39,327 epoch 76 - iter 50/59 - loss 0.12083038 - time (sec): 7.87 - samples/sec: 4072.70 - lr: 0.000781 - momentum: 0.000000
2025-12-22 17:59:40,104 epoch 76 - iter 55/59 - loss 0.12060953 - time (sec): 8.64 - samples/sec: 4100.15 - lr: 0.000781 - momentum: 0.000000
2025-12-22 17:59:40,603 ----------------------------------------------------------------------------------------------------
2025-12-22 17:59:40,603 EPOCH 76 done: loss 0.1206 - lr: 0.000781
2025-12-22 17:59:41,470 DEV : loss 0.18650834262371063 - f1-score (micro avg)  0.9412
2025-12-22 17:59:41,472  - 2 epochs without improvement
2025-12-22 17:59:41,472 ----------------------------------------------------------------------------------------------------
2025-12-22 17:59:42,210 epoch 77 - iter 5/59 - loss 0.11263918 - time (sec): 0.74 - samples/sec: 4131.48 - lr: 0.000781 - momentum: 0.000000
2025-12-22 17:59:42,900 epoch 77 - iter 10/59 - loss 0.11845713 - time (sec): 1.43 - samples/sec: 4215.11 - lr: 0.000781 - momentum: 0.000000
2025-12-22 17:59:43,751 epoch 77 - iter 15/59 - loss 0.12580837 - time (sec): 2.28 - samples/sec: 4197.53 - lr: 0.000781 - momentum: 0.000000
2025-12-22 17:59:44,419 epoch 77 - iter 20/59 - loss 0.12490296 - time (sec): 2.95 - samples/sec: 4274.94 - lr: 0.000781 - momentum: 0.000000
2025-12-22 17:59:45,156 epoch 77 - iter 25/59 - loss 0.12497250 - time (sec): 3.68 - samples/sec: 4295.99 - lr: 0.000781 - momentum: 0.000000
2025-12-22 17:59:45,939 epoch 77 - iter 30/59 - loss 0.12469524 - time (sec): 4.47 - samples/sec: 4272.57 - lr: 0.000781 - momentum: 0.000000
2025-12-22 17:59:46,681 epoch 77 - iter 35/59 - loss 0.12579059 - time (sec): 5.21 - samples/sec: 4241.23 - lr: 0.000781 - momentum: 0.000000
2025-12-22 17:59:47,502 epoch 77 - iter 40/59 - loss 0.12743404 - time (sec): 6.03 - samples/sec: 4199.07 - lr: 0.000781 - momentum: 0.000000
2025-12-22 17:59:48,248 epoch 77 - iter 45/59 - loss 0.12719550 - time (sec): 6.78 - samples/sec: 4181.30 - lr: 0.000781 - momentum: 0.000000
2025-12-22 17:59:49,056 epoch 77 - iter 50/59 - loss 0.12711724 - time (sec): 7.58 - samples/sec: 4171.01 - lr: 0.000781 - momentum: 0.000000
2025-12-22 17:59:50,076 epoch 77 - iter 55/59 - loss 0.12671014 - time (sec): 8.60 - samples/sec: 4093.34 - lr: 0.000781 - momentum: 0.000000
2025-12-22 17:59:50,582 ----------------------------------------------------------------------------------------------------
2025-12-22 17:59:50,583 EPOCH 77 done: loss 0.1261 - lr: 0.000781
2025-12-22 17:59:51,279 DEV : loss 0.1865311861038208 - f1-score (micro avg)  0.9415
2025-12-22 17:59:51,280  - 3 epochs without improvement
2025-12-22 17:59:51,281 ----------------------------------------------------------------------------------------------------
2025-12-22 17:59:52,053 epoch 78 - iter 5/59 - loss 0.14484933 - time (sec): 0.77 - samples/sec: 3823.37 - lr: 0.000781 - momentum: 0.000000
2025-12-22 17:59:52,777 epoch 78 - iter 10/59 - loss 0.13469127 - time (sec): 1.50 - samples/sec: 4096.56 - lr: 0.000781 - momentum: 0.000000
2025-12-22 17:59:53,556 epoch 78 - iter 15/59 - loss 0.13297815 - time (sec): 2.27 - samples/sec: 4083.01 - lr: 0.000781 - momentum: 0.000000
2025-12-22 17:59:54,160 epoch 78 - iter 20/59 - loss 0.13048700 - time (sec): 2.88 - samples/sec: 4301.42 - lr: 0.000781 - momentum: 0.000000
2025-12-22 17:59:55,053 epoch 78 - iter 25/59 - loss 0.12720288 - time (sec): 3.77 - samples/sec: 4173.51 - lr: 0.000781 - momentum: 0.000000
2025-12-22 17:59:55,835 epoch 78 - iter 30/59 - loss 0.12692141 - time (sec): 4.55 - samples/sec: 4154.52 - lr: 0.000781 - momentum: 0.000000
2025-12-22 17:59:56,635 epoch 78 - iter 35/59 - loss 0.12686168 - time (sec): 5.35 - samples/sec: 4125.00 - lr: 0.000781 - momentum: 0.000000
2025-12-22 17:59:57,332 epoch 78 - iter 40/59 - loss 0.12574448 - time (sec): 6.05 - samples/sec: 4162.27 - lr: 0.000781 - momentum: 0.000000
2025-12-22 17:59:58,058 epoch 78 - iter 45/59 - loss 0.12418851 - time (sec): 6.78 - samples/sec: 4219.92 - lr: 0.000781 - momentum: 0.000000
2025-12-22 17:59:58,867 epoch 78 - iter 50/59 - loss 0.12596713 - time (sec): 7.59 - samples/sec: 4216.39 - lr: 0.000781 - momentum: 0.000000
2025-12-22 17:59:59,809 epoch 78 - iter 55/59 - loss 0.12607947 - time (sec): 8.53 - samples/sec: 4136.66 - lr: 0.000781 - momentum: 0.000000
2025-12-22 18:00:00,365 ----------------------------------------------------------------------------------------------------
2025-12-22 18:00:00,366 EPOCH 78 done: loss 0.1272 - lr: 0.000781
2025-12-22 18:00:01,278 DEV : loss 0.18649135529994965 - f1-score (micro avg)  0.9414
2025-12-22 18:00:01,280  - 4 epochs without improvement (above 'patience')-> annealing learning_rate to [0.000390625]
2025-12-22 18:00:01,280 ----------------------------------------------------------------------------------------------------
2025-12-22 18:00:01,981 epoch 79 - iter 5/59 - loss 0.10028119 - time (sec): 0.70 - samples/sec: 4474.77 - lr: 0.000391 - momentum: 0.000000
2025-12-22 18:00:02,933 epoch 79 - iter 10/59 - loss 0.10946855 - time (sec): 1.65 - samples/sec: 3939.56 - lr: 0.000391 - momentum: 0.000000
2025-12-22 18:00:03,806 epoch 79 - iter 15/59 - loss 0.11487963 - time (sec): 2.53 - samples/sec: 3904.86 - lr: 0.000391 - momentum: 0.000000
2025-12-22 18:00:04,432 epoch 79 - iter 20/59 - loss 0.11814228 - time (sec): 3.15 - samples/sec: 4061.82 - lr: 0.000391 - momentum: 0.000000
2025-12-22 18:00:05,160 epoch 79 - iter 25/59 - loss 0.11840590 - time (sec): 3.88 - samples/sec: 4074.14 - lr: 0.000391 - momentum: 0.000000
2025-12-22 18:00:05,866 epoch 79 - iter 30/59 - loss 0.11966439 - time (sec): 4.59 - samples/sec: 4105.95 - lr: 0.000391 - momentum: 0.000000
2025-12-22 18:00:06,686 epoch 79 - iter 35/59 - loss 0.11906128 - time (sec): 5.41 - samples/sec: 4103.82 - lr: 0.000391 - momentum: 0.000000
2025-12-22 18:00:07,451 epoch 79 - iter 40/59 - loss 0.11721338 - time (sec): 6.17 - samples/sec: 4128.45 - lr: 0.000391 - momentum: 0.000000
2025-12-22 18:00:08,455 epoch 79 - iter 45/59 - loss 0.11604107 - time (sec): 7.17 - samples/sec: 4012.42 - lr: 0.000391 - momentum: 0.000000
2025-12-22 18:00:09,335 epoch 79 - iter 50/59 - loss 0.11578342 - time (sec): 8.06 - samples/sec: 3996.09 - lr: 0.000391 - momentum: 0.000000
2025-12-22 18:00:10,165 epoch 79 - iter 55/59 - loss 0.11660641 - time (sec): 8.88 - samples/sec: 3984.23 - lr: 0.000391 - momentum: 0.000000
2025-12-22 18:00:10,686 ----------------------------------------------------------------------------------------------------
2025-12-22 18:00:10,686 EPOCH 79 done: loss 0.1183 - lr: 0.000391
2025-12-22 18:00:11,351 DEV : loss 0.18641018867492676 - f1-score (micro avg)  0.9413
2025-12-22 18:00:11,353  - 1 epochs without improvement
2025-12-22 18:00:11,353 ----------------------------------------------------------------------------------------------------
2025-12-22 18:00:12,084 epoch 80 - iter 5/59 - loss 0.11038220 - time (sec): 0.73 - samples/sec: 4123.78 - lr: 0.000391 - momentum: 0.000000
2025-12-22 18:00:12,905 epoch 80 - iter 10/59 - loss 0.11543170 - time (sec): 1.55 - samples/sec: 3979.75 - lr: 0.000391 - momentum: 0.000000
2025-12-22 18:00:13,841 epoch 80 - iter 15/59 - loss 0.11655292 - time (sec): 2.49 - samples/sec: 3818.02 - lr: 0.000391 - momentum: 0.000000
2025-12-22 18:00:14,490 epoch 80 - iter 20/59 - loss 0.11736056 - time (sec): 3.14 - samples/sec: 4008.67 - lr: 0.000391 - momentum: 0.000000
2025-12-22 18:00:15,990 epoch 80 - iter 25/59 - loss 0.11915708 - time (sec): 4.64 - samples/sec: 3412.19 - lr: 0.000391 - momentum: 0.000000
2025-12-22 18:00:16,891 epoch 80 - iter 30/59 - loss 0.12154091 - time (sec): 5.54 - samples/sec: 3443.56 - lr: 0.000391 - momentum: 0.000000
2025-12-22 18:00:17,674 epoch 80 - iter 35/59 - loss 0.12075793 - time (sec): 6.32 - samples/sec: 3567.32 - lr: 0.000391 - momentum: 0.000000
2025-12-22 18:00:18,511 epoch 80 - iter 40/59 - loss 0.12290991 - time (sec): 7.16 - samples/sec: 3601.32 - lr: 0.000391 - momentum: 0.000000
2025-12-22 18:00:19,288 epoch 80 - iter 45/59 - loss 0.12287086 - time (sec): 7.93 - samples/sec: 3641.90 - lr: 0.000391 - momentum: 0.000000
2025-12-22 18:00:20,286 epoch 80 - iter 50/59 - loss 0.12293056 - time (sec): 8.93 - samples/sec: 3586.94 - lr: 0.000391 - momentum: 0.000000
2025-12-22 18:00:20,996 epoch 80 - iter 55/59 - loss 0.12352746 - time (sec): 9.64 - samples/sec: 3656.03 - lr: 0.000391 - momentum: 0.000000
2025-12-22 18:00:21,539 ----------------------------------------------------------------------------------------------------
2025-12-22 18:00:21,539 EPOCH 80 done: loss 0.1229 - lr: 0.000391
2025-12-22 18:00:22,183 DEV : loss 0.1864345222711563 - f1-score (micro avg)  0.9414
2025-12-22 18:00:22,185  - 2 epochs without improvement
2025-12-22 18:00:22,185 ----------------------------------------------------------------------------------------------------
2025-12-22 18:00:22,953 epoch 81 - iter 5/59 - loss 0.11829709 - time (sec): 0.77 - samples/sec: 4428.73 - lr: 0.000391 - momentum: 0.000000
2025-12-22 18:00:23,679 epoch 81 - iter 10/59 - loss 0.12622434 - time (sec): 1.49 - samples/sec: 4443.08 - lr: 0.000391 - momentum: 0.000000
2025-12-22 18:00:24,379 epoch 81 - iter 15/59 - loss 0.12581365 - time (sec): 2.19 - samples/sec: 4382.60 - lr: 0.000391 - momentum: 0.000000
2025-12-22 18:00:25,019 epoch 81 - iter 20/59 - loss 0.12434636 - time (sec): 2.83 - samples/sec: 4427.30 - lr: 0.000391 - momentum: 0.000000
2025-12-22 18:00:25,733 epoch 81 - iter 25/59 - loss 0.12309196 - time (sec): 3.55 - samples/sec: 4418.12 - lr: 0.000391 - momentum: 0.000000
2025-12-22 18:00:26,545 epoch 81 - iter 30/59 - loss 0.12371365 - time (sec): 4.36 - samples/sec: 4393.13 - lr: 0.000391 - momentum: 0.000000
2025-12-22 18:00:27,462 epoch 81 - iter 35/59 - loss 0.12448766 - time (sec): 5.28 - samples/sec: 4279.83 - lr: 0.000391 - momentum: 0.000000
2025-12-22 18:00:28,293 epoch 81 - iter 40/59 - loss 0.12161629 - time (sec): 6.11 - samples/sec: 4240.12 - lr: 0.000391 - momentum: 0.000000
2025-12-22 18:00:29,082 epoch 81 - iter 45/59 - loss 0.12276769 - time (sec): 6.90 - samples/sec: 4229.46 - lr: 0.000391 - momentum: 0.000000
2025-12-22 18:00:29,884 epoch 81 - iter 50/59 - loss 0.12310628 - time (sec): 7.70 - samples/sec: 4210.63 - lr: 0.000391 - momentum: 0.000000
2025-12-22 18:00:30,635 epoch 81 - iter 55/59 - loss 0.12354422 - time (sec): 8.45 - samples/sec: 4202.68 - lr: 0.000391 - momentum: 0.000000
2025-12-22 18:00:31,127 ----------------------------------------------------------------------------------------------------
2025-12-22 18:00:31,127 EPOCH 81 done: loss 0.1235 - lr: 0.000391
2025-12-22 18:00:31,969 DEV : loss 0.18641802668571472 - f1-score (micro avg)  0.9412
2025-12-22 18:00:31,971  - 3 epochs without improvement
2025-12-22 18:00:31,971 ----------------------------------------------------------------------------------------------------
2025-12-22 18:00:32,814 epoch 82 - iter 5/59 - loss 0.12005789 - time (sec): 0.84 - samples/sec: 4164.40 - lr: 0.000391 - momentum: 0.000000
2025-12-22 18:00:33,725 epoch 82 - iter 10/59 - loss 0.12014897 - time (sec): 1.75 - samples/sec: 3873.38 - lr: 0.000391 - momentum: 0.000000
2025-12-22 18:00:34,496 epoch 82 - iter 15/59 - loss 0.11552959 - time (sec): 2.52 - samples/sec: 3940.28 - lr: 0.000391 - momentum: 0.000000
2025-12-22 18:00:35,204 epoch 82 - iter 20/59 - loss 0.11883469 - time (sec): 3.23 - samples/sec: 4071.28 - lr: 0.000391 - momentum: 0.000000
2025-12-22 18:00:36,016 epoch 82 - iter 25/59 - loss 0.11860978 - time (sec): 4.04 - samples/sec: 4050.95 - lr: 0.000391 - momentum: 0.000000
2025-12-22 18:00:36,901 epoch 82 - iter 30/59 - loss 0.11824795 - time (sec): 4.93 - samples/sec: 3950.57 - lr: 0.000391 - momentum: 0.000000
2025-12-22 18:00:37,721 epoch 82 - iter 35/59 - loss 0.11604304 - time (sec): 5.75 - samples/sec: 3957.67 - lr: 0.000391 - momentum: 0.000000
2025-12-22 18:00:38,451 epoch 82 - iter 40/59 - loss 0.11660395 - time (sec): 6.48 - samples/sec: 4024.96 - lr: 0.000391 - momentum: 0.000000
2025-12-22 18:00:39,103 epoch 82 - iter 45/59 - loss 0.11660723 - time (sec): 7.13 - samples/sec: 4075.88 - lr: 0.000391 - momentum: 0.000000
2025-12-22 18:00:39,782 epoch 82 - iter 50/59 - loss 0.11686272 - time (sec): 7.81 - samples/sec: 4137.17 - lr: 0.000391 - momentum: 0.000000
2025-12-22 18:00:40,504 epoch 82 - iter 55/59 - loss 0.11782140 - time (sec): 8.53 - samples/sec: 4154.19 - lr: 0.000391 - momentum: 0.000000
2025-12-22 18:00:41,068 ----------------------------------------------------------------------------------------------------
2025-12-22 18:00:41,068 EPOCH 82 done: loss 0.1174 - lr: 0.000391
2025-12-22 18:00:41,720 DEV : loss 0.18646632134914398 - f1-score (micro avg)  0.9413
2025-12-22 18:00:41,722  - 4 epochs without improvement (above 'patience')-> annealing learning_rate to [0.0001953125]
2025-12-22 18:00:41,722 ----------------------------------------------------------------------------------------------------
2025-12-22 18:00:42,417 epoch 83 - iter 5/59 - loss 0.12393405 - time (sec): 0.69 - samples/sec: 4625.22 - lr: 0.000195 - momentum: 0.000000
2025-12-22 18:00:43,165 epoch 83 - iter 10/59 - loss 0.12209143 - time (sec): 1.44 - samples/sec: 4341.98 - lr: 0.000195 - momentum: 0.000000
2025-12-22 18:00:44,209 epoch 83 - iter 15/59 - loss 0.12151352 - time (sec): 2.49 - samples/sec: 3853.82 - lr: 0.000195 - momentum: 0.000000
2025-12-22 18:00:44,864 epoch 83 - iter 20/59 - loss 0.12113604 - time (sec): 3.14 - samples/sec: 4008.76 - lr: 0.000195 - momentum: 0.000000
2025-12-22 18:00:45,535 epoch 83 - iter 25/59 - loss 0.12023508 - time (sec): 3.81 - samples/sec: 4109.72 - lr: 0.000195 - momentum: 0.000000
2025-12-22 18:00:46,380 epoch 83 - iter 30/59 - loss 0.12025721 - time (sec): 4.66 - samples/sec: 4141.32 - lr: 0.000195 - momentum: 0.000000
2025-12-22 18:00:47,078 epoch 83 - iter 35/59 - loss 0.12109006 - time (sec): 5.36 - samples/sec: 4201.14 - lr: 0.000195 - momentum: 0.000000
2025-12-22 18:00:47,869 epoch 83 - iter 40/59 - loss 0.12282467 - time (sec): 6.15 - samples/sec: 4202.76 - lr: 0.000195 - momentum: 0.000000
2025-12-22 18:00:48,642 epoch 83 - iter 45/59 - loss 0.12223094 - time (sec): 6.92 - samples/sec: 4230.42 - lr: 0.000195 - momentum: 0.000000
2025-12-22 18:00:49,378 epoch 83 - iter 50/59 - loss 0.12401710 - time (sec): 7.66 - samples/sec: 4228.57 - lr: 0.000195 - momentum: 0.000000
2025-12-22 18:00:50,122 epoch 83 - iter 55/59 - loss 0.12446571 - time (sec): 8.40 - samples/sec: 4217.54 - lr: 0.000195 - momentum: 0.000000
2025-12-22 18:00:50,699 ----------------------------------------------------------------------------------------------------
2025-12-22 18:00:50,699 EPOCH 83 done: loss 0.1257 - lr: 0.000195
2025-12-22 18:00:51,358 DEV : loss 0.1864815205335617 - f1-score (micro avg)  0.9414
2025-12-22 18:00:51,360  - 1 epochs without improvement
2025-12-22 18:00:51,360 ----------------------------------------------------------------------------------------------------
2025-12-22 18:00:52,108 epoch 84 - iter 5/59 - loss 0.11440398 - time (sec): 0.75 - samples/sec: 4158.34 - lr: 0.000195 - momentum: 0.000000
2025-12-22 18:00:52,787 epoch 84 - iter 10/59 - loss 0.11600588 - time (sec): 1.43 - samples/sec: 4338.03 - lr: 0.000195 - momentum: 0.000000
2025-12-22 18:00:53,720 epoch 84 - iter 15/59 - loss 0.11376333 - time (sec): 2.36 - samples/sec: 4070.34 - lr: 0.000195 - momentum: 0.000000
2025-12-22 18:00:54,466 epoch 84 - iter 20/59 - loss 0.11208378 - time (sec): 3.11 - samples/sec: 4131.43 - lr: 0.000195 - momentum: 0.000000
2025-12-22 18:00:55,132 epoch 84 - iter 25/59 - loss 0.11272796 - time (sec): 3.77 - samples/sec: 4190.20 - lr: 0.000195 - momentum: 0.000000
2025-12-22 18:00:55,797 epoch 84 - iter 30/59 - loss 0.11448200 - time (sec): 4.44 - samples/sec: 4273.17 - lr: 0.000195 - momentum: 0.000000
2025-12-22 18:00:56,603 epoch 84 - iter 35/59 - loss 0.11398492 - time (sec): 5.24 - samples/sec: 4218.87 - lr: 0.000195 - momentum: 0.000000
2025-12-22 18:00:57,326 epoch 84 - iter 40/59 - loss 0.11616826 - time (sec): 5.97 - samples/sec: 4242.03 - lr: 0.000195 - momentum: 0.000000
2025-12-22 18:00:58,103 epoch 84 - iter 45/59 - loss 0.11701152 - time (sec): 6.74 - samples/sec: 4268.52 - lr: 0.000195 - momentum: 0.000000
2025-12-22 18:00:58,845 epoch 84 - iter 50/59 - loss 0.11614378 - time (sec): 7.48 - samples/sec: 4277.35 - lr: 0.000195 - momentum: 0.000000
2025-12-22 18:00:59,655 epoch 84 - iter 55/59 - loss 0.11787957 - time (sec): 8.29 - samples/sec: 4246.20 - lr: 0.000195 - momentum: 0.000000
2025-12-22 18:01:00,228 ----------------------------------------------------------------------------------------------------
2025-12-22 18:01:00,228 EPOCH 84 done: loss 0.1183 - lr: 0.000195
2025-12-22 18:01:01,123 DEV : loss 0.18651460111141205 - f1-score (micro avg)  0.9414
2025-12-22 18:01:01,125  - 2 epochs without improvement
2025-12-22 18:01:01,126 ----------------------------------------------------------------------------------------------------
2025-12-22 18:01:01,939 epoch 85 - iter 5/59 - loss 0.11029460 - time (sec): 0.81 - samples/sec: 3961.67 - lr: 0.000195 - momentum: 0.000000
2025-12-22 18:01:02,964 epoch 85 - iter 10/59 - loss 0.11533194 - time (sec): 1.84 - samples/sec: 3604.60 - lr: 0.000195 - momentum: 0.000000
2025-12-22 18:01:03,716 epoch 85 - iter 15/59 - loss 0.11939977 - time (sec): 2.59 - samples/sec: 3820.73 - lr: 0.000195 - momentum: 0.000000
2025-12-22 18:01:04,396 epoch 85 - iter 20/59 - loss 0.12315784 - time (sec): 3.27 - samples/sec: 3916.01 - lr: 0.000195 - momentum: 0.000000
2025-12-22 18:01:05,175 epoch 85 - iter 25/59 - loss 0.11914889 - time (sec): 4.05 - samples/sec: 4026.63 - lr: 0.000195 - momentum: 0.000000
2025-12-22 18:01:05,835 epoch 85 - iter 30/59 - loss 0.11929093 - time (sec): 4.71 - samples/sec: 4107.23 - lr: 0.000195 - momentum: 0.000000
2025-12-22 18:01:06,702 epoch 85 - iter 35/59 - loss 0.11961753 - time (sec): 5.58 - samples/sec: 4042.62 - lr: 0.000195 - momentum: 0.000000
2025-12-22 18:01:07,531 epoch 85 - iter 40/59 - loss 0.12168039 - time (sec): 6.41 - samples/sec: 4014.76 - lr: 0.000195 - momentum: 0.000000
2025-12-22 18:01:08,279 epoch 85 - iter 45/59 - loss 0.12295316 - time (sec): 7.15 - samples/sec: 4060.90 - lr: 0.000195 - momentum: 0.000000
2025-12-22 18:01:08,951 epoch 85 - iter 50/59 - loss 0.12221027 - time (sec): 7.83 - samples/sec: 4102.56 - lr: 0.000195 - momentum: 0.000000
2025-12-22 18:01:09,722 epoch 85 - iter 55/59 - loss 0.12131656 - time (sec): 8.60 - samples/sec: 4110.02 - lr: 0.000195 - momentum: 0.000000
2025-12-22 18:01:10,279 ----------------------------------------------------------------------------------------------------
2025-12-22 18:01:10,279 EPOCH 85 done: loss 0.1215 - lr: 0.000195
2025-12-22 18:01:10,959 DEV : loss 0.18655432760715485 - f1-score (micro avg)  0.9414
2025-12-22 18:01:10,961  - 3 epochs without improvement
2025-12-22 18:01:10,961 ----------------------------------------------------------------------------------------------------
2025-12-22 18:01:11,918 epoch 86 - iter 5/59 - loss 0.11176768 - time (sec): 0.96 - samples/sec: 3529.63 - lr: 0.000195 - momentum: 0.000000
2025-12-22 18:01:12,866 epoch 86 - iter 10/59 - loss 0.11893752 - time (sec): 1.90 - samples/sec: 3632.99 - lr: 0.000195 - momentum: 0.000000
2025-12-22 18:01:13,619 epoch 86 - iter 15/59 - loss 0.11982523 - time (sec): 2.66 - samples/sec: 3818.40 - lr: 0.000195 - momentum: 0.000000
2025-12-22 18:01:14,250 epoch 86 - iter 20/59 - loss 0.11875196 - time (sec): 3.29 - samples/sec: 4024.51 - lr: 0.000195 - momentum: 0.000000
2025-12-22 18:01:15,163 epoch 86 - iter 25/59 - loss 0.12208921 - time (sec): 4.20 - samples/sec: 3923.13 - lr: 0.000195 - momentum: 0.000000
2025-12-22 18:01:16,076 epoch 86 - iter 30/59 - loss 0.12409779 - time (sec): 5.11 - samples/sec: 3806.18 - lr: 0.000195 - momentum: 0.000000
2025-12-22 18:01:16,846 epoch 86 - iter 35/59 - loss 0.12177688 - time (sec): 5.88 - samples/sec: 3852.77 - lr: 0.000195 - momentum: 0.000000
2025-12-22 18:01:17,566 epoch 86 - iter 40/59 - loss 0.12285651 - time (sec): 6.60 - samples/sec: 3902.92 - lr: 0.000195 - momentum: 0.000000
2025-12-22 18:01:18,319 epoch 86 - iter 45/59 - loss 0.12275527 - time (sec): 7.36 - samples/sec: 3940.72 - lr: 0.000195 - momentum: 0.000000
2025-12-22 18:01:19,247 epoch 86 - iter 50/59 - loss 0.12037782 - time (sec): 8.29 - samples/sec: 3890.80 - lr: 0.000195 - momentum: 0.000000
2025-12-22 18:01:20,429 epoch 86 - iter 55/59 - loss 0.11970917 - time (sec): 9.47 - samples/sec: 3734.36 - lr: 0.000195 - momentum: 0.000000
2025-12-22 18:01:20,916 ----------------------------------------------------------------------------------------------------
2025-12-22 18:01:20,917 EPOCH 86 done: loss 0.1191 - lr: 0.000195
2025-12-22 18:01:21,568 DEV : loss 0.18651936948299408 - f1-score (micro avg)  0.9414
2025-12-22 18:01:21,570  - 4 epochs without improvement (above 'patience')-> annealing learning_rate to [9.765625e-05]
2025-12-22 18:01:21,570 ----------------------------------------------------------------------------------------------------
2025-12-22 18:01:21,570 learning rate too small - quitting training!
2025-12-22 18:01:21,570 ----------------------------------------------------------------------------------------------------
2025-12-22 18:01:21,570 Saving model ...
2025-12-22 18:01:21,589 Done.
2025-12-22 18:01:21,589 ----------------------------------------------------------------------------------------------------
2025-12-22 18:01:21,589 Loading model from best epoch ...
2025-12-22 18:01:21,613 [b'<unk>', b'.</w>', b'ja</w>', b',</w>', b'lea</w>', b'i</w>', b'\xc3\xa1', b'leat</w>', b'go</w>', b'ii</w>', b'b', b'in</w>', b's</w>', b'v', b'd', b'it</w>', b'\xc3\xa1</w>', b't</w>', b'u</w>', b'da', b'at</w>', b's', b'?</w>', b'id', b'lei</w>', b'a</w>', b'e</w>', b'd\xc3\xa1', b'\xc5\xa1', b'ea', b'n', b'do', b'la', b'al', b'ga</w>', b'du', b'\xc4\x91', b'dan</w>', b'ge</w>', b'i', b'et</w>', b'h', b'ahte</w>', b'gu', b'an</w>', b'\xc4\x8d', b'-</w>', b'oa', b'go', b'de</w>', b'aid</w>', b'\xc5\xa1</w>', b'a', b'o', b'v\xc3\xa1', b'D', b'la\xc5\xa1</w>', b'ut</w>', b's\xc3\xa1', b'us</w>', b'iid</w>', b'g', b'mii</w>', b'e', b'G', b'ga', b'tt', b'lo', b't', b'ledje</w>', b'\xc3\xa1n</w>', b'id</w>', b'ide</w>', b'gg', b'ma', b'dat</w>', b'\xc3\xa1h', b'S', b'is</w>', b'na', b'ra', b'f', b'\xc3\xa1i', b'r\xc3\xa1', b'Son</w>', b'M', b'j', b'm\xc3\xa1', b'r', b'maid</w>', b'de', b'dit</w>', b'g\xc3\xa1', b'hk', b'an', b'\xc3\xa1l', b'k', b'kka', b'ra</w>', b'dd', b'\xc3\xa1r', b'E', b'l\xc3\xa1', b'ja', b'di', b'!</w>', b'ss', b'mi', b'mu', b'u', b'\xc5\x8b', b'bu', b'p', b'as</w>', b'sa</w>', b'ar', b'ht', b'Mun</w>', b'son</w>', b'vuo', b'ma</w>', b'gea', b'vi', b'hta', b'bo', b'be', b'or', b'va', b's\xc3\xa1mi</w>', b'nu</w>', b'jo', b'\xc3\xa1v', b'lu', b'bar', b'\xc3\x81', b'v\xc3\xa1l', b'is', b'tta</w>', b'ah', b'd\xc3\xa1n</w>', b'gi', b'oh', b'er', b'ro', b'guov', b'ge', b'll', b'Dat</w>', b'guo', b'o</w>', b'eah', b'gal</w>', b'la\xc4\x8d\xc4\x8dat</w>', b'ih', b'ov', b'hu', b'sat</w>', b'hea', b'B', b'muhto</w>', b'jit</w>', b'vu', b'mielde</w>', b'kk', b'luo', b'O', b'iin</w>', b'f\xc3\xa1', b'lean</w>', b'\xc5\xbe', b'min</w>', b'sa', b'eai</w>', b'l', b'\xc3\xa1i</w>', b'ai', b'mat</w>', b're', b'je', b'b\xc3\xa1', b'h\xc3\xa1', b'Ja</w>', b'mis</w>', b'ha', b'nu', b'tti</w>', b'lla', b'_</w>', b'birra</w>', b'ollu</w>', b'ju', b'j\xc3\xa1', b'st\xc3\xa1', b'ad', b'miid</w>', b'mi</w>', b'ie', b'ear', b'galg\xc3\xa1</w>', b'le', b'sii</w>', b'l</w>', b'ba', b'htt', b'boa', b'vv', b'juvvon</w>', b'hta</w>', b'\xc3\xa1t</w>', b'su</w>', b'ol', b'st', b':</w>', b'su', b'vie', b'bea', b'buot</w>', b'N', b'mu</w>', b'ii', b'\xc4\x91\xc4\x91', b'L', b'guin</w>', b'ddj', b'\xc3\xa1lbmo', b'pp', b'bb', b'gga', b'gie', b'da</w>', b'vo', b'c', b'gga</w>', b'cc', b'du\xc5\xa1\xc5\xa1e</w>', b'hka', b'mun</w>', b'jagi</w>', b'r</w>', b'\xc4\x8d\xc4\x8d', b'ri', b'un</w>', b'tto', b'llu</w>', b'nn', b'maidd\xc3\xa1i</w>', b'mo', b'dahje</w>', b's\xc3\xa1htt\xc3\xa1</w>', b'mma</w>', b'duo', b'at', b'm', b'no', b'ke', b'ta', b'he', b'it', b'\xc4\x8duo', b'\xc4\x8d\xc3\xa1', b'goa', b'biv', b'gis</w>', b've', b'kka</w>', b'si', b'ba</w>', b'vai</w>', b'b\xc3\xa1l', b'\xc3\xa1sa', b'I', b'Sii</w>', b'vvon</w>', b'Ii</w>', b'meah', b'juo', b'eatna', b'te', b'bi', b'dea', b'Mu', b'li', b'mear', b'lea', b'ko', b'uv', b'sta', b'na</w>', b'ka</w>', b'ne</w>', b'\xc5\xbe\xc5\xbe', b'mm', b'gat</w>', b'giid</w>', b'die\xc4\x91', b'llo', b'suo', b'il', b'\xc5\xa1ad', b'ji</w>', b'boazodo', b'dii</w>', b'vvo</w>', b'hte</w>', b'oah', b'ta</w>', b'don</w>', b'oahpa', b'Mii</w>', b'in', b'dje</w>', b'eall', b'ppi</w>', b'V', b'en', b'okta', b'gi</w>', b'dj', b'\xc3\xa1s</w>', b'ni</w>', b'Lea</w>', b'dda', b'ot</w>', b'olbmot</w>', b'av', b'ru', b'me', b'kii</w>', b'uid</w>', b'dus</w>', b'kan', b'H', b'daga</w>', b'me</w>', b'bid', b'gii</w>', b'muita', b'llu', b'juvvo</w>', b'ttu', b'ain</w>', b'M\xc3\xa1', b'tte', b'el', b'gal', b'tta', b'd\xc3\xa1</w>', b'gan</w>', b'Muhto</w>', b'die', b'ear\xc3\xa1</w>', b'\xc5\xa1\xc5\xa1', b'iv', b'ala', b'buo', b'l\xc3\xa1v', b'mie', b'stit</w>', b'hku</w>', b'skuvllas</w>', b'us', b'sea', b'se', b'mit</w>', b'sin</w>', b'du</w>', b'mus</w>', b'vuohta</w>', b'sis</w>', b'gas', b'bo\xc4\x91ii</w>', b'S\xc3\xa1', b'geat</w>', b'ka', b's\xc3\xa1me', b'all', b'ne', b'bor', b'vuol', b'ku', b'oai', b'ovdda', b'miin</w>', b'd\xc3\xa1l</w>', b'g\xc3\xa1r', b'z', b'hit</w>', b'doaimma', b'o\xc4\x91\xc4\x91a</w>', b'skuvlla</w>', b'intern\xc3\xa1htta', b'rat</w>', b'as', b'ttis</w>', b'ssa</w>', b'doai', b'lit</w>', b'vtt', b'ui</w>', b'hk\xc3\xa1</w>', b'ok', b'A', b's\xc3\xa1htt', b'vuo\xc4\x91', b'idda</w>', b'hkat</w>', b'D\xc3\xa1t</w>', b'htu', b'mann', b'lle</w>', b'\xc4\x8d\xc3\xa1ll', b'stu', b'uh', b'ti', b'Go</w>', b'girj', b'sse', b'kul', b'on</w>', b'ss\xc3\xa1', b'han</w>', b'\xc5\xa1at</w>', b'inn', b'git</w>', b'nie', b'g\xc3\xa1i', b'\xc4\x8d\xc4\x8dat</w>', b'gol', b'said</w>', b'Vuo', b'd\xc3\xa1l', b'leama\xc5\xa1</w>', b'jedje</w>', b'ie\xc5\xbeas</w>', b'vvo', b'eal', b'v\xc3\xa1r', b'ast', b'daga', b'stuor', b'J', b'gu</w>', b'De</w>', b'bargg', b'kki</w>', b'D\xc3\xa1', b'kk\xc3\xa1r</w>', b'Ol', b'idit</w>', b'la\xc5\xa1vuo\xc4\x91', b'beal', b'idea', b'skuvla', b'R', b'lan', b'\xc3\xa1la</w>', b'n\xc3\xa1', b'ie\xc5\xbe', b'dov', b'hui</w>', b's\xc3\xa1pme', b'geava', b'ha</w>', b'olb', b'oai</w>', b'munnje</w>', b'vea', b'Boa', b'guokte</w>', b'g\xc3\xa1</w>', b'kki', b'va\xc5\xa1</w>', b'lle', b'div\xc5\xa1\xc5\xa1', b'Soai</w>', b';</w>', b'tu', b'ggas</w>', b'n\xc3\xa1</w>', b'Dan</w>', b'\xc5\xa1uv', b'm\xc3\xa1n\xc3\xa1', b'pa', b'oahpp', b'inna</w>', b'siid</w>', b'ide', b'htte</w>', b'fuo', b'tte</w>', b'gas</w>', b'eret</w>', b'juvvo', b'ddi</w>', b'husa</w>', b'dis</w>', b'la\xc4\x8d\xc4\x8d', b'en</w>', b's\xc3\xa1megiela</w>', b'dearvva\xc5\xa1vuo\xc4\x91a', b'arr', b'34</w>', b'oa\xc5\xbe\xc5\xbe', b'buor', b'uo', b'j\xc3\xa1</w>', b'g\xc3\xa1v', b'ru</w>', b'ma\xc5\x8b\xc5\x8b', b'Juo', b'galget</w>', b'dde</w>', b'ik', b'F', b'ir', b'S\xc3\xa1mi</w>', b'hkan</w>', b'g\xc3\xa1h', b'T', b'\xc4\x8da\xc4\x91', b'mas</w>', b'ttu</w>', b'unn\xc3\xa1n</w>', b'tn', b'dan', b'dusa</w>', b'daid</w>', b'mean', b'lusa</w>', b'l\xc3\xa1h', b'\xc4\x91e</w>', b'r\xc3\xa1hka', b'ovttas', b'barggu</w>', b'vel</w>', b'm\xc3\xa1ks', b'ki', b'eav', b'geavah', b'llat</w>', b'v\xc3\xa1zz', b'guh', b'\xc4\x8doh', b'Buo', b'la</w>', b'&</w>', b'#</w>', b'gaskkas</w>', b'van</w>', b'b\xc3\xa1r', b'giel', b'hto', b'riek', b'lli</w>', b'op', b'lah', b'joav', b'kku', b'ras</w>', b'ggo', b'pmi</w>', b'dakk\xc3\xa1r</w>', b'det</w>', b'\xc3\xa1\xc5\xa1\xc5\xa1i</w>', b'sus</w>', b'jat</w>', b'd\xc3\xa1r', b'iiguin</w>', b'fas</w>', b'set</w>', b'm\xc3\xa1n\xc3\xa1id</w>', b'eanet</w>', b'dde', b'llii</w>', b'm\xc3\xa1n\xc3\xa1t</w>', b'vuo\xc4\x91a</w>', b'pro', b'hall', b'das</w>', b'vuor', b'os</w>', b'ai</w>', b'boaht\xc3\xa1n</w>', b'ovdal</w>', b'guovdd\xc3\xa1', b'g\xc3\xa1vd', b'D\xc3\xa1n</w>', b'va</w>', b'd\xc3\xa1hp\xc3\xa1hu', b'Ma', b'bir', b'nat</w>', b'kk\xc3\xa1', b'gear', b'r\xc3\xa1jes</w>', b'ul', b'oll', b'sis', b'kan</w>', b'muhtun</w>', b'din</w>', b'S\xc3\xa1mediggi</w>', b'oha', b'd\xc3\xa1ro', b'nj', b'\xc4\x8duov', b'kto', b'stuora</w>', b'm\xc3\xa1\xc5\x8b', b'ht\xc3\xa1</w>', b'ovddas</w>', b'vis', b'olbmo</w>', b'hke</w>', b'tt\xc3\xa1</w>', b'jo\xc4\x91', b'ana</w>', b'njuol', b'sta</w>', b'galgga', b'pe', b'buorre</w>', b'\xc4\x8doahkki', b'htas</w>', b'De', b'bear', b'stiv', b'sihke</w>', b'bero\xc5\xa1', b'htii</w>', b'\xc3\xa1igg', b'leaba</w>', b'tnje</w>', b'\xc3\xa1iggi</w>', b'liv\xc4\x8d\xc4\x8d', b'jen</w>', b'beaivvi</w>', b'vuoigatvuohta</w>', b'ean', b'mma', b'ferte', b'sas</w>', b'so', b'dagaid</w>', b'gitta</w>', b'dagas</w>', b'd\xc3\xa1t</w>', b'dohko</w>', b'\xc5\xa7', b'bma</w>', b'h\xc3\xa1r', b'ruv', b'riikka', b'\xc4\x8c', b'sa\xc5\xa1</w>', b'ovdd', b'juo</w>', b'vuo\xc4\x91as</w>', b'Lin\xc3\xa1</w>', b'boaht', b'bii', b'Biret</w>', b'Moai</w>', b'ji', b'doppe</w>', b'\xc3\xa1\xc5\xa1', b'bargo', b'\xc3\x81l', b'\xc5\xbea</w>', b'headdj', b'd\xc3\xa1rbba\xc5\xa1', b'sier', b'tti', b'D\xc3\xa1l</w>', b'skuvla</w>', b'\xc4\x8diel', b'fil', b'geah\xc4\x8d\xc4\x8d', b'juohke</w>', b'suoh', b'men', b'S\xc3\xa1medikki</w>', b'alu</w>', b'seamma</w>', b'l\xc3\xa1g', b'bme', b'muor', b'Ipmi', b'mannat</w>', b'zz', b'\xc3\xa1hu', b'ppe</w>', b'tuvr', b'sain</w>', b'tall', b'Finnm\xc3\xa1rkku</w>', b'Le', b'uov', b'mu\xc5\xa1', b'riev', b'dusaid</w>', b'\xc3\xa1lgo', b'\xc3\xa1\xc5\xa1\xc5\xa1', b'mearrid', b'vuo\xc4\x91\xc4\x91', b'kkis</w>', b'get</w>', b'tne', b'vuov', b'hti', b'jur', b'bohte</w>', b'j\xc3\xa1v', b'manai</w>', b'ovd', b'anin</w>', b'vejo', b'gaska', b'kon', b'Norgga</w>', b'alu', b'Mus</w>', b'Nor', b'nit</w>', b'Rom', b'M\xc3\xa1n\xc3\xa1', b'h\xc3\xa1li', b'idii</w>', b'nuor', b'nuo', b'o\xc5\xbe\xc5\xbeon</w>', b'met</w>', b'olbmuid</w>', b'nna</w>', b'eana\xc5\xa1</w>', b'kit</w>', b'oam\xc3\xa1', b'bokte</w>', b'ida</w>', b'un', b'oahpaheaddj', b'Oah', b'giin</w>', b'dah', b'h\xc4\x8d\xc4\x8d', b'ssii</w>', b'm\xc3\xa1</w>', b'liid</w>', b'uor', b'rie', b'goh', b'dji', b'ppa', b'vuostta\xc5\xa1</w>', b'kko</w>', b'\xc4\x8doa', b'po', b'iguin</w>', b'mearr\xc3\xa1', b'ise', b'mo</w>', b'vuoigatvuo\xc4\x91aid</w>', b'\xc3\xa1igge</w>', b'gust', b'bbi</w>', b'Finnm\xc3\xa1rkkuopmo', b'ssi</w>', b'je</w>', b'uks', b'geah', b'\xc5\x8bgg', b'log', b'ie\xc5\xbeaset</w>', b'buohcce', b'K\xc3\xa1r\xc3\xa1\xc5\xa1jogas</w>', b'gielat</w>', b'jiid</w>', b'g\xc3\xa1vpo', b'okti', b'M\xc3\xa1h', b'l\xc3\xa1hka', b'duo\xc4\x91', b'o\xc5\xbe\xc5\xbe', b'dadj', b'men</w>', b'bma', b'mielas</w>', b'al</w>', b'v\xc3\xa1i', b'S\xc3\xa1medi', b'valu', b'dasa</w>', b'd\xc3\xa1i</w>', b'\xc5\xa1ie', b'm\xc3\xa1v', b'vvui</w>', b'kt', b'lgg', b'dalle</w>', b's\xc3\xa1v', b'dego</w>', b'man', b'Guovdageainnus</w>', b'\xc3\xa1n', b'\xc3\xa1rvvo\xc5\xa1', b'nddu', b'ser', b'\xc3\xa1lo</w>', b've</w>', b'vuost\xc3\xa1</w>', b'ferte</w>', b'oaidn', b'h\xc3\xa1ldda\xc5\xa1', b'lii', b'hear', b'bargat</w>', b'ca', b'stea', b'pm\xc3\xa1i</w>', b'kte', b'jien', b'mearridit</w>', b'es</w>', b'hke', b'soa', b'\xc4\x91i</w>', b'hedje</w>', b'ggi</w>', b'ppa</w>', b'ma\xc5\x8b\xc5\x8b\xc3\xa1</w>', b'sih', b'sosi', b'ti</w>', b'ie\xc5\xa1', b'giella</w>', b'\xc5\x8b\xc5\x8b', b'skuvlii</w>', b'llen</w>', b'\xc3\xa1sahu', b'ht\xc3\xa1n</w>', b'\xc4\x8da', b'dii', b'beaivv', b'mm\xc3\xa1</w>', b'boaht\xc3\xa1</w>', b'adje', b'behtet</w>', b'Don</w>', b'oahpaheaddji</w>', b'oahppit</w>', b'lla</w>', b'dihte</w>', b'ovttas</w>', b'\xc3\xa1\xc5\xa1\xc5\xa1iid</w>', b'oid', b'lie', b'ttain</w>', b'tur', b'sullii</w>', b'mmi', b'St\xc3\xa1', b'Da', b'K', b'ohc', b'\xc4\x8d\xc3\xa1je', b'Div', b'oaidn\xc3\xa1n</w>', b'dean', b'orj', b'ttaid</w>', b'llis\xc3\xa1', b'giela</w>', b'pa</w>', b'pm\xc3\xa1', b'siin</w>', b'\xc4\x8dil', b's\xc3\xa1r', b'hpet</w>', b'l\xc3\xa1i', b'idis</w>', b'\xc5\xa1attai</w>', b'gaid</w>', b'dego', b'\xc5\xa1uvnn', b'kti', b'bures</w>', b'olbmu', b'hkke', b'bbo</w>', b'nupp', b'ikku', b'ttas</w>', b'lass', b'dil\xc3\xa1', b'hp', b'(</w>', b')</w>', b'olmmo\xc5\xa1</w>', b'ruo', b'ks', b'\xc3\xa1ig', b'jos</w>', b'sear', b'kku</w>', b'm\xc3\xa1nn', b'f\xc3\xa1r', b'v\xc3\xa1cc', b'geah\xc4\x8d\xc4\x8dat</w>', b'oa\xc4\x91\xc4\x91', b'Ruo', b'll\xc3\xa1i</w>', b'bmo', b'buore', b'ere', b'ur', b'vuoi', b'\xc3\xa1lgga', b'itt', b'joh', b'ruovttu', b'gir', b'L\xc3\xa1', b'hii</w>', b'moa', b'orro</w>', b'h\xc3\xa1l', b'gil', b'intern\xc3\xa1htas</w>', b'd\xc3\xa1b\xc3\xa1la\xc5\xa1</w>', b'ruov', b'dne</w>', b'ce', b'vii', b'd</w>', b'ara', b'eren', b'no</w>', b'\xc4\x91ii</w>', b'Bar', b'hist', b'fe', b'goi', b'boar', b'att', b'vuoigatvuo\xc4\x91', b'Al', b'jan</w>', b'eat', b'vi</w>', b'led', b'Guov', b'3</w>', b'yl', b'vai', b'ku</w>', b'departe', b'di</w>', b'llan</w>', b'o\xc4\x91\xc4\x91', b'isa', b'kte</w>', b'nis', b'arja', b'asi', b'sp', b'llus</w>', b'Finnm\xc3\xa1r', b'lan</w>', b'boaz', b'ike</w>', b'tka', b'sso', b'ist', b'ala</w>', b'In</w>', b'\xc4\x8di', b'm\xc3\xa1r', b'alle</w>', b'fer', b'lei', b'skuvlla', b'Nie', b'ris</w>', b'htet</w>', b'intern\xc3\xa1', b'ttii</w>', b'alit</w>', b'si</w>', b'ama', b'polit', b'K\xc3\xa1r\xc3\xa1\xc5\xa1jo', b'ssa', b'Inter', b'ssat</w>', b'sen</w>', b'tan</w>', b'div', b'ske', b'sit</w>', b'viid', b'sset</w>', b'reiv', b'llet</w>', b'rr', b'mmo', b'Suo', b'ek', b'ste', b'hte', b'il</w>', b'dda\xc5\xa1', b'pme', b'sk', b'juol', b'las</w>', b'et', b'unn', b'Di', b'miel', b'rii', b'gen</w>', b'asta</w>', b'gel', b'addj', b'mmu', b'kuv', b'Os', b'vat</w>', b'hei', b'idan</w>', b'ges</w>', b'vr', b'va\xc5\xa1vuo\xc4\x91', b'kana</w>', b'das', b'n</w>', b'Man', b'var', b'kkas</w>', b'lii</w>', b'lat</w>', b'tui</w>', b'radi', b'mer', b'riin</w>', b'vier', b'Gi', b'vvu', b'im', b'nii</w>', b'Pi', b'ust', b'kke', b'las', b'mmat</w>', b'jus</w>', b'ven', b'fi', b'rab', b'ei</w>', b'mmas</w>', b'on', b'Ar', b'1</w>', b'intern\xc3\xa1h', b'00</w>', b'los</w>', b'nan', b'ima</w>', b'vil', b'Du', b'gar', b'Go', b'beai', b'12</w>', b'lis</w>', b'Bi', b'ras', b'dor', b'vah', b'cce', b'olo', b'\xc5\xa1a', b'hah', b'jo</w>', b'sur', b'gur', b'ste</w>', b'Tommi</w>', b'organ', b'kkara', b'journ', b'ana\xc5\xa1</w>', b'n\xc3\xa1h', b'\xe2\x80\x93</w>', b'sui</w>', b'van', b'val', b'bora', b'iver', b'site', b'18', b'd\xc3\xa1b\xc3\xa1', b'ri</w>', b'eh', b'era</w>', b'Lea', b'han', b'ppi', b'Jo', b'opp', b'k</w>', b'vis</w>', b'jal', b'nd', b'pu</w>', b'ohu', b'Guovdageainn', b'ff', b'An', b'Ju', b'kko', b'hus</w>', b'ana', b'\xc5\xa1e', b'\xc3\xb8', b'ena</w>', b'ver', b'muo', b'idu', b'muht', b'sto', b'sai', b'man</w>', b'ali</w>', b'lis', b'ul</w>', b'Nu', b'ihan', b'par', b'parte', b're</w>', b'vel', b'rea', b'jul', b'dettiin</w>', b'ran</w>', b'Bo', b'kat</w>', b'y</w>', b'ssin</w>', b'dal</w>', b'kas</w>', b'dd\xc3\xa1', b'stuo', b'dearvva\xc5\xa1vuo\xc4\x91', b'hil', b'jin</w>', b'hka</w>', b'K\xc3\xa1r\xc3\xa1\xc5\xa1', b'dik', b'2</w>', b'ite', b'Por', b'htin', b'rit</w>', b'vih', b'Duo', b'kkiin</w>', b'ber', b'Je', b'min', b'llan', b'ko</w>', b'Hea', b'pmi', b'st\xc3\xa1</w>', b'Oh', b'ci</w>', b'tit</w>', b'sko', b'kur', b'lli', b'kin</w>', b'sti', b'ke</w>', b'cu', b'vas</w>', b'm</w>', b'nan</w>', b'maid', b'ger', b'imet</w>', b'0', b'tasa', b'ime</w>', b'ovtta', b'oo', b'llut</w>', b'far', b'nen</w>', b'za', b'imu', b'vir', b'idn', b'ettiin</w>', b'ki</w>', b'li</w>', b'ttiin</w>', b'pu', b'ren', b'rah', b'suor', b'vara', b'gan', b'd\xc3\xa1rbba', b'loh', b'ann', b'usti', b'ista', b'jet</w>', b'9</w>', b'ilu</w>', b'alla', b'te</w>', b'bur', b'000</w>', b'tuo', b'ska</w>', b'tuor', b'194', b'hat</w>', b'kut</w>', b'ran', b'llain</w>', b'ren</w>', b'Tur', b'les</w>', b'medi', b'ikke', b'arv', b'run', b'jiin</w>', b'presi', b'el</w>', b'eks', b'bu\xc5\xa1', b'lasi', b'mmi</w>', b'Ra', b'Sa', b'es', b'din', b'ara</w>', b'sai</w>', b'La', b'dearv', b'vuostta', b'P', b'ho', b'sil', b'ni', b'imus</w>', b'tki', b'dar', b'pri', b'istit</w>', b'rot</w>', b'ui', b'son', b'o\xc5\xa1', b'stan', b'dohk', b'udu', b'bal', b'mes</w>', b'Ri', b'Jos</w>', b'ola</w>', b'sie', b'nal', b'ab', b'Ge', b'iss', b'imin</w>', b'gist', b'Dan', b'tke', b'So', b'gin</w>', b'sii', b'prin', b'teh', b'Joh', b'rin</w>', b'ron</w>', b'Vai', b'keh', b'mate', b'mati', b'lo</w>', b'usi</w>', b'kest', b'Be', b'Un', b'olle', b'fa', b'geainn', b'basi', b'bba', b'C', b'D</w>', b'den</w>', b'nne</w>', b'197', b'hti</w>', b'20</w>', b'alan', b'Sin</w>', b'kkel', b'rid', b'U', b'ster', b'fan', b'vu</w>', b'munn', b'Si', b'Len', b'\xc5\xa1\xc5\xa1e</w>', b'dus', b'ona', b'Ja', b'kol', b'pide', b'Po', b'gat', b'oli', b'last', b'50</w>', b'ksen</w>', b'to</w>', b'iva', b'sir', b'pen', b'her', b'vuos', b'kiin</w>', b'ell', b'kon</w>', b'mana</w>', b'Gu', b'tten</w>', b'hal', b'\xc5\xa0', b'Luo', b'luott', b'odo', b'pi', b'por', b'mana', b'\xc3\xa1hka', b'alla</w>', b'inne</w>', b'ski', b'nni', b'eng', b'up', b'sto</w>', b'ukset</w>', b'innut</w>', b'ett', b'hto</w>', b'aktiiv', b'ria</w>', b'ppo</w>', b'Sir', b'ris', b'0</w>', b'1970</w>', b'1980</w>', b'for', b'198', b'Lu', b'vissa</w>', b'Pro', b'Val', b'L</w>', b'ly', b'kea', b'10</w>', b'2005</w>', b'th</w>', b'mil', b'199', b'skuv', b'iset</w>', b'iste', b'ita', b'8</w>', b'psy', b'Ha', b'Na', b'ida', b'd\xc3\xa1hp', b'ten</w>', b'6</w>', b'pan', b'alan</w>', b'ei', b'ssiin</w>', b'Pe', b'hkki', b'3', b'res</w>', b'He', b'ton', b'4', b'os', b'sku', b'menne', b'hin</w>', b'istan</w>', b'nno', b'Var', b'koht', b'Ru', b'aja', b'Ul', b'Juh', b'TV</w>', b'Dor', b'g</w>', b'vo</w>', b'Mo', b'Mie', b'ska', b'mass', b'sti</w>', b'Ka', b'\xc3\xa5', b'ron', b'der', b'kos', b'Tu', b'san</w>', b'ee', b'Ro', b'Se', b'sen', b'Guovda', b'kala', b'iti</w>', b'lin', b'ter', b'ito', b'mme', b'aha</w>', b'raha', b'milla', b'tila', b'ag', b'ttan', b'let</w>', b'ci', b'nel', b'tk', b'oike', b'he</w>', b'iso</w>', b'isti</w>', b'nni</w>', b'Va', b'Wi', b'lasku', b'alis', b'oppa', b'tan', b'bli', b'ro</w>', b'Kes', b'talo</w>', b'anne', b'ili', b'\xc5\xa1o', b'Sto', b'ven</w>', b'pesi', b'au', b'buoh', b'1995</w>', b'lai', b'jai', b'ssan</w>', b'lin</w>', b'Re', b'ina</w>', b'rist', b'mpp', b'hur', b'ssi', b'f</w>', b'itu', b'16', b'kot</w>', b'/</w>', b'sla', b'p\xc3\xa4\xc3\xa4</w>', b'lj', b'St', b'mies', b'7', b'19', b'pah', b'7</w>', b'189', b'195', b'4</w>', b'70</w>', b'17</w>', b'tro', b'kana', b'kes', b'ord', b'17', b'80</w>', b'ut', b'Bu', b'iti', b'suoma', b'nii', b'pala', b'ttui</w>', b'pit', b'politii', b'kun</w>', b'ita</w>', b'lot', b'istui</w>', b'nor', b'fo', b'200</w>', b'lun</w>', b'aid', b'am', b'ekono', b'ikko', b'ikki', b'Gra', b'ona</w>', b'Han', b'isa</w>', b'ppe', b'urn', b'ikan</w>', b'Kon', b'nss', b'kurss', b'Lii', b'5</w>', b'anna</w>', b'era', b'hi', b'Euro', b'Ber', b'fi</w>', b'ali', b'14</w>', b'niin</w>', b'Lon', b'ck</w>', b'w</w>', b'w', b'per', b'tto</w>', b'olin</w>', b'kin', b'nut</w>', b'Vie', b'galg', b'johtu', b'via</w>', b'Ste', b'inf', b'araha', b'ani', b'Te', b'lat', b'lit', b'\xc3\x98', b'pan</w>', b'M</w>', b'ihan</w>', b'Vi', b'Lar', b'alin</w>', b'aa', b'No', b'Har', b'viin</w>', b'rai', b'iso', b'ttai</w>', b'len', b'\xc3\xa6', b'2010</w>', b'leama', b'sc', b'TV', b'hy', b'vast', b'tin</w>', b'sten</w>', b'eli', b'ista</w>', b'rajo', b'oli</w>', b'Vir', b'rapor', b'vall', b'kuin</w>', b'llon</w>', b'le</w>', b'ein</w>', b'\xe2\x80\x94</w>', b'sal', b'stra', b'ele', b'\xc2\xbb</w>', b'kah', b'N</w>', b'mper', b'laske', b'nta</w>', b'rabi', b'pid', b'ari', b'sia', b'kansa', b'ry', b'parlamen', b'nsa</w>', b'met', b'\xc5\xa1vuo\xc4\x91', b'Kol', b'gra', b'ym', b'tiiv', b'196', b'ano', b'ck', b'est', b'Lin', b'ppo', b'leh', b'ovat</w>', b'ajo', b'ten', b'sul', b'S</w>', b'ds', b'ys', b'ede', b'juh', b'26</w>', b'nolo', b'anss', b'60</w>', b'ansa</w>', b'\xc2\xb6</w>', b'puhe', b'iska', b'22</w>', b'elo', b'to', b'dire', b'193', b'isin</w>', b'oluo', b'usla', b'19</w>', b'vvo\xc5\xa1', b'sin', b'itu</w>', b'ssain</w>', b'mp', b'osta', b'kar', b'orin</w>', b'raja', b'stan</w>', b'vuok', b'arti', b'dio', b'rit', b'ari</w>', b'jon', b'ppu', b'9', b'500</w>', b'Ke', b'mieh', b'ksi</w>', b'Wil', b'hel', b'der</w>', b'63</w>', b'ans', b'\xc2\xa7</w>', b'ent', b'jat', b'To', b'osi', b'amma', b'15</w>', b'lia</w>', b'hii', b'johto', b'ssan', b'Hel', b'liv', b'gri', b'osa</w>', b'innat</w>', b'A</w>', b'Hen', b'miin', b'kse</w>', b'antu', b'Microsof', b'mista</w>', b'von</w>', b'se</w>', b'kot', b'enn', b'Lo', b'kilo', b'isu', b'Is', b'Mi', b'Mol', b'innan</w>', b'kat', b'ain', b'ina', b'ce</w>', b'ssut</w>', b'W', b'O</w>', b'Ny', b'\xc3\xb8</w>', b'imen</w>', b'2', b'300</w>', b'ohe', b'ilin</w>', b'johta', b'6', b'sol', b'Rii', b'pol', b'idi</w>', b'vali', b'ote', b'aj', b'mot</w>', b'y', b'mpia</w>', b'20', b'IK', b'T</w>', b'8', b'mel', b'prose', b'assa</w>', b'akti', b'vista</w>', b'arin</w>', b'avi', b'ulo', b'anal', b'lap', b'nin</w>', b'1', b'30</w>', b'Vil', b'int', b'ensi', b'ulu', b'Van', b'Do', b'alka', b'pist', b'rav', b'ero', b'issa</w>', b'Ni', b'Ver', b'koh', b'mur', b'Sar', b'aika</w>', b'pin</w>', b'bri', b'Ba', b'oi', b'Ne', b'Pon', b'lev', b'Hy', b'Par', b'ine', b'h</w>', b'ing', b'35</w>', b'bile', b'Ku', b'mme</w>', b'mmo\xc5\xa1</w>']
2025-12-22 18:01:21,613 vocabulary size of 1818
2025-12-22 18:01:21,620 SequenceTagger predicts: Dictionary with 17 tags: <PAD>, NOUN, VERB, PUNCT, PRON, ADV, AUX, ADJ, CCONJ, PROPN, ADP, SCONJ, NUM, PART, INTJ, <START>, <STOP>
2025-12-22 18:01:22,499 
Results:
- F-score (micro) 0.9264
- F-score (macro) 0.8164
- Accuracy 0.9264

By class:
              precision    recall  f1-score   support

       <PAD>     0.9942    0.9992    0.9967      6575
        NOUN     0.7641    0.8615    0.8099      1083
        VERB     0.7568    0.7773    0.7669       853
       PUNCT     1.0000    0.9861    0.9930       866
        PRON     0.9489    0.9453    0.9471       530
         ADV     0.7575    0.8241    0.7894       398
         AUX     0.8421    0.7824    0.8112       409
         ADJ     0.8280    0.6330    0.7175       327
       PROPN     0.7812    0.6173    0.6897       243
       CCONJ     0.9610    0.9737    0.9673       152
       SCONJ     0.8365    0.8878    0.8614        98
         ADP     0.7619    0.7356    0.7485        87
         NUM     0.9016    0.5288    0.6667       104
        PART     0.9242    0.7262    0.8133        84
        INTJ     1.0000    0.5000    0.6667         4

    accuracy                         0.9264     11813
   macro avg     0.8706    0.7852    0.8164     11813
weighted avg     0.9274    0.9264    0.9254     11813

2025-12-22 18:01:22,499 ----------------------------------------------------------------------------------------------------
