2025-12-22 20:53:50,558 ----------------------------------------------------------------------------------------------------
2025-12-22 20:53:50,558 Model: "SequenceTagger(
  (embeddings): StackedEmbeddings(
    (list_embedding_0): OneHotEmbeddings(
      (embedding_layer): Embedding(1781, 300)
    )
  )
  (word_dropout): WordDropout(p=0.05)
  (locked_dropout): LockedDropout(p=0.5)
  (embedding2nn): Linear(in_features=300, out_features=300, bias=True)
  (rnn): LSTM(300, 256, batch_first=True, bidirectional=True)
  (linear): Linear(in_features=512, out_features=18, bias=True)
  (loss_function): ViterbiLoss()
  (crf): CRF()
)"
2025-12-22 20:53:50,559 ----------------------------------------------------------------------------------------------------
2025-12-22 20:53:50,559 Corpus: 412 train + 146 dev + 136 test sentences
2025-12-22 20:53:50,559 ----------------------------------------------------------------------------------------------------
2025-12-22 20:53:50,559 Train:  412 sentences
2025-12-22 20:53:50,559         (train_with_dev=False, train_with_test=False)
2025-12-22 20:53:50,559 ----------------------------------------------------------------------------------------------------
2025-12-22 20:53:50,559 Training Params:
2025-12-22 20:53:50,559  - learning_rate: "0.1" 
2025-12-22 20:53:50,559  - mini_batch_size: "32"
2025-12-22 20:53:50,559  - max_epochs: "150"
2025-12-22 20:53:50,559  - shuffle: "True"
2025-12-22 20:53:50,559 ----------------------------------------------------------------------------------------------------
2025-12-22 20:53:50,559 Plugins:
2025-12-22 20:53:50,559  - AnnealOnPlateau | patience: '3', anneal_factor: '0.5', min_learning_rate: '0.0001'
2025-12-22 20:53:50,559 ----------------------------------------------------------------------------------------------------
2025-12-22 20:53:50,559 Final evaluation on model from best epoch (best-model.pt)
2025-12-22 20:53:50,559  - metric: "('micro avg', 'f1-score')"
2025-12-22 20:53:50,559 ----------------------------------------------------------------------------------------------------
2025-12-22 20:53:50,559 Computation:
2025-12-22 20:53:50,559  - compute on device: cpu
2025-12-22 20:53:50,559  - embedding storage: none
2025-12-22 20:53:50,559 ----------------------------------------------------------------------------------------------------
2025-12-22 20:53:50,559 Model training base path: "models/flair_pos/unigram/kpv"
2025-12-22 20:53:50,559 ----------------------------------------------------------------------------------------------------
2025-12-22 20:53:50,559 ----------------------------------------------------------------------------------------------------
2025-12-22 20:53:51,070 epoch 1 - iter 1/13 - loss 3.25973117 - time (sec): 0.51 - samples/sec: 1445.52 - lr: 0.100000 - momentum: 0.000000
2025-12-22 20:53:51,352 epoch 1 - iter 2/13 - loss 3.12234367 - time (sec): 0.79 - samples/sec: 1802.54 - lr: 0.100000 - momentum: 0.000000
2025-12-22 20:53:51,834 epoch 1 - iter 3/13 - loss 3.00584099 - time (sec): 1.27 - samples/sec: 1698.47 - lr: 0.100000 - momentum: 0.000000
2025-12-22 20:53:52,189 epoch 1 - iter 4/13 - loss 2.90222304 - time (sec): 1.63 - samples/sec: 1817.11 - lr: 0.100000 - momentum: 0.000000
2025-12-22 20:53:52,413 epoch 1 - iter 5/13 - loss 2.81149711 - time (sec): 1.85 - samples/sec: 1981.20 - lr: 0.100000 - momentum: 0.000000
2025-12-22 20:53:52,661 epoch 1 - iter 6/13 - loss 2.71511774 - time (sec): 2.10 - samples/sec: 2123.33 - lr: 0.100000 - momentum: 0.000000
2025-12-22 20:53:52,896 epoch 1 - iter 7/13 - loss 2.63557330 - time (sec): 2.34 - samples/sec: 2210.18 - lr: 0.100000 - momentum: 0.000000
2025-12-22 20:53:53,211 epoch 1 - iter 8/13 - loss 2.54963909 - time (sec): 2.65 - samples/sec: 2264.78 - lr: 0.100000 - momentum: 0.000000
2025-12-22 20:53:53,380 epoch 1 - iter 9/13 - loss 2.51074847 - time (sec): 2.82 - samples/sec: 2329.18 - lr: 0.100000 - momentum: 0.000000
2025-12-22 20:53:53,633 epoch 1 - iter 10/13 - loss 2.47818413 - time (sec): 3.07 - samples/sec: 2332.43 - lr: 0.100000 - momentum: 0.000000
2025-12-22 20:53:53,952 epoch 1 - iter 11/13 - loss 2.44163384 - time (sec): 3.39 - samples/sec: 2323.83 - lr: 0.100000 - momentum: 0.000000
2025-12-22 20:53:54,276 epoch 1 - iter 12/13 - loss 2.40351708 - time (sec): 3.72 - samples/sec: 2289.99 - lr: 0.100000 - momentum: 0.000000
2025-12-22 20:53:54,508 epoch 1 - iter 13/13 - loss 2.37339149 - time (sec): 3.95 - samples/sec: 2316.54 - lr: 0.100000 - momentum: 0.000000
2025-12-22 20:53:54,508 ----------------------------------------------------------------------------------------------------
2025-12-22 20:53:54,508 EPOCH 1 done: loss 2.3734 - lr: 0.100000
2025-12-22 20:53:55,002 DEV : loss 1.7563749551773071 - f1-score (micro avg)  0.4877
2025-12-22 20:53:55,003  - 0 epochs without improvement
2025-12-22 20:53:55,003 saving best model
2025-12-22 20:53:55,029 ----------------------------------------------------------------------------------------------------
2025-12-22 20:53:55,301 epoch 2 - iter 1/13 - loss 1.91897112 - time (sec): 0.27 - samples/sec: 3026.69 - lr: 0.100000 - momentum: 0.000000
2025-12-22 20:53:55,517 epoch 2 - iter 2/13 - loss 1.96127062 - time (sec): 0.49 - samples/sec: 3156.68 - lr: 0.100000 - momentum: 0.000000
2025-12-22 20:53:55,754 epoch 2 - iter 3/13 - loss 1.93042645 - time (sec): 0.73 - samples/sec: 3067.05 - lr: 0.100000 - momentum: 0.000000
2025-12-22 20:53:56,266 epoch 2 - iter 4/13 - loss 1.92583634 - time (sec): 1.24 - samples/sec: 2389.23 - lr: 0.100000 - momentum: 0.000000
2025-12-22 20:53:56,445 epoch 2 - iter 5/13 - loss 1.92737959 - time (sec): 1.42 - samples/sec: 2542.20 - lr: 0.100000 - momentum: 0.000000
2025-12-22 20:53:56,826 epoch 2 - iter 6/13 - loss 1.91588373 - time (sec): 1.80 - samples/sec: 2378.22 - lr: 0.100000 - momentum: 0.000000
2025-12-22 20:53:57,049 epoch 2 - iter 7/13 - loss 1.91383050 - time (sec): 2.02 - samples/sec: 2497.32 - lr: 0.100000 - momentum: 0.000000
2025-12-22 20:53:57,236 epoch 2 - iter 8/13 - loss 1.90613888 - time (sec): 2.21 - samples/sec: 2560.45 - lr: 0.100000 - momentum: 0.000000
2025-12-22 20:53:57,511 epoch 2 - iter 9/13 - loss 1.89660506 - time (sec): 2.48 - samples/sec: 2528.75 - lr: 0.100000 - momentum: 0.000000
2025-12-22 20:53:57,733 epoch 2 - iter 10/13 - loss 1.88514934 - time (sec): 2.70 - samples/sec: 2600.05 - lr: 0.100000 - momentum: 0.000000
2025-12-22 20:53:57,962 epoch 2 - iter 11/13 - loss 1.88101122 - time (sec): 2.93 - samples/sec: 2619.29 - lr: 0.100000 - momentum: 0.000000
2025-12-22 20:53:58,172 epoch 2 - iter 12/13 - loss 1.86709683 - time (sec): 3.14 - samples/sec: 2650.89 - lr: 0.100000 - momentum: 0.000000
2025-12-22 20:53:58,477 epoch 2 - iter 13/13 - loss 1.86823529 - time (sec): 3.45 - samples/sec: 2652.66 - lr: 0.100000 - momentum: 0.000000
2025-12-22 20:53:58,477 ----------------------------------------------------------------------------------------------------
2025-12-22 20:53:58,477 EPOCH 2 done: loss 1.8682 - lr: 0.100000
2025-12-22 20:53:59,136 DEV : loss 1.6915489435195923 - f1-score (micro avg)  0.3456
2025-12-22 20:53:59,137  - 1 epochs without improvement
2025-12-22 20:53:59,137 ----------------------------------------------------------------------------------------------------
2025-12-22 20:53:59,331 epoch 3 - iter 1/13 - loss 1.79774063 - time (sec): 0.19 - samples/sec: 3051.94 - lr: 0.100000 - momentum: 0.000000
2025-12-22 20:53:59,512 epoch 3 - iter 2/13 - loss 1.76807172 - time (sec): 0.37 - samples/sec: 3191.38 - lr: 0.100000 - momentum: 0.000000
2025-12-22 20:53:59,823 epoch 3 - iter 3/13 - loss 1.78679550 - time (sec): 0.69 - samples/sec: 2882.20 - lr: 0.100000 - momentum: 0.000000
2025-12-22 20:54:00,048 epoch 3 - iter 4/13 - loss 1.77415364 - time (sec): 0.91 - samples/sec: 2963.03 - lr: 0.100000 - momentum: 0.000000
2025-12-22 20:54:00,266 epoch 3 - iter 5/13 - loss 1.77093221 - time (sec): 1.13 - samples/sec: 2978.85 - lr: 0.100000 - momentum: 0.000000
2025-12-22 20:54:00,785 epoch 3 - iter 6/13 - loss 1.76806520 - time (sec): 1.65 - samples/sec: 2579.64 - lr: 0.100000 - momentum: 0.000000
2025-12-22 20:54:00,977 epoch 3 - iter 7/13 - loss 1.75919692 - time (sec): 1.84 - samples/sec: 2642.86 - lr: 0.100000 - momentum: 0.000000
2025-12-22 20:54:01,202 epoch 3 - iter 8/13 - loss 1.75256431 - time (sec): 2.06 - samples/sec: 2684.97 - lr: 0.100000 - momentum: 0.000000
2025-12-22 20:54:01,432 epoch 3 - iter 9/13 - loss 1.74615630 - time (sec): 2.29 - samples/sec: 2691.37 - lr: 0.100000 - momentum: 0.000000
2025-12-22 20:54:01,709 epoch 3 - iter 10/13 - loss 1.74152100 - time (sec): 2.57 - samples/sec: 2652.93 - lr: 0.100000 - momentum: 0.000000
2025-12-22 20:54:02,230 epoch 3 - iter 11/13 - loss 1.74146600 - time (sec): 3.09 - samples/sec: 2501.21 - lr: 0.100000 - momentum: 0.000000
2025-12-22 20:54:02,594 epoch 3 - iter 12/13 - loss 1.74893873 - time (sec): 3.46 - samples/sec: 2489.38 - lr: 0.100000 - momentum: 0.000000
2025-12-22 20:54:02,798 epoch 3 - iter 13/13 - loss 1.74433605 - time (sec): 3.66 - samples/sec: 2498.61 - lr: 0.100000 - momentum: 0.000000
2025-12-22 20:54:02,798 ----------------------------------------------------------------------------------------------------
2025-12-22 20:54:02,798 EPOCH 3 done: loss 1.7443 - lr: 0.100000
2025-12-22 20:54:03,275 DEV : loss 1.5097532272338867 - f1-score (micro avg)  0.5621
2025-12-22 20:54:03,276  - 0 epochs without improvement
2025-12-22 20:54:03,277 saving best model
2025-12-22 20:54:03,291 ----------------------------------------------------------------------------------------------------
2025-12-22 20:54:03,496 epoch 4 - iter 1/13 - loss 1.69262027 - time (sec): 0.20 - samples/sec: 2955.72 - lr: 0.100000 - momentum: 0.000000
2025-12-22 20:54:03,811 epoch 4 - iter 2/13 - loss 1.65816594 - time (sec): 0.52 - samples/sec: 2633.58 - lr: 0.100000 - momentum: 0.000000
2025-12-22 20:54:04,031 epoch 4 - iter 3/13 - loss 1.66205821 - time (sec): 0.74 - samples/sec: 2695.01 - lr: 0.100000 - momentum: 0.000000
2025-12-22 20:54:04,557 epoch 4 - iter 4/13 - loss 1.68979774 - time (sec): 1.27 - samples/sec: 2264.06 - lr: 0.100000 - momentum: 0.000000
2025-12-22 20:54:04,803 epoch 4 - iter 5/13 - loss 1.68602642 - time (sec): 1.51 - samples/sec: 2367.17 - lr: 0.100000 - momentum: 0.000000
2025-12-22 20:54:05,154 epoch 4 - iter 6/13 - loss 1.68231862 - time (sec): 1.86 - samples/sec: 2327.09 - lr: 0.100000 - momentum: 0.000000
2025-12-22 20:54:05,394 epoch 4 - iter 7/13 - loss 1.68491767 - time (sec): 2.10 - samples/sec: 2387.32 - lr: 0.100000 - momentum: 0.000000
2025-12-22 20:54:05,634 epoch 4 - iter 8/13 - loss 1.68191166 - time (sec): 2.34 - samples/sec: 2429.96 - lr: 0.100000 - momentum: 0.000000
2025-12-22 20:54:05,857 epoch 4 - iter 9/13 - loss 1.67376160 - time (sec): 2.57 - samples/sec: 2489.30 - lr: 0.100000 - momentum: 0.000000
2025-12-22 20:54:06,249 epoch 4 - iter 10/13 - loss 1.67379023 - time (sec): 2.96 - samples/sec: 2420.18 - lr: 0.100000 - momentum: 0.000000
2025-12-22 20:54:06,467 epoch 4 - iter 11/13 - loss 1.66879767 - time (sec): 3.18 - samples/sec: 2489.41 - lr: 0.100000 - momentum: 0.000000
2025-12-22 20:54:06,816 epoch 4 - iter 12/13 - loss 1.66271922 - time (sec): 3.52 - samples/sec: 2472.47 - lr: 0.100000 - momentum: 0.000000
2025-12-22 20:54:06,955 epoch 4 - iter 13/13 - loss 1.65542046 - time (sec): 3.66 - samples/sec: 2496.51 - lr: 0.100000 - momentum: 0.000000
2025-12-22 20:54:06,956 ----------------------------------------------------------------------------------------------------
2025-12-22 20:54:06,956 EPOCH 4 done: loss 1.6554 - lr: 0.100000
2025-12-22 20:54:07,469 DEV : loss 1.442752718925476 - f1-score (micro avg)  0.4497
2025-12-22 20:54:07,470  - 1 epochs without improvement
2025-12-22 20:54:07,470 ----------------------------------------------------------------------------------------------------
2025-12-22 20:54:07,800 epoch 5 - iter 1/13 - loss 1.54488323 - time (sec): 0.33 - samples/sec: 2532.17 - lr: 0.100000 - momentum: 0.000000
2025-12-22 20:54:08,014 epoch 5 - iter 2/13 - loss 1.54197539 - time (sec): 0.54 - samples/sec: 2778.54 - lr: 0.100000 - momentum: 0.000000
2025-12-22 20:54:08,266 epoch 5 - iter 3/13 - loss 1.56638954 - time (sec): 0.80 - samples/sec: 2625.10 - lr: 0.100000 - momentum: 0.000000
2025-12-22 20:54:08,603 epoch 5 - iter 4/13 - loss 1.57008976 - time (sec): 1.13 - samples/sec: 2557.17 - lr: 0.100000 - momentum: 0.000000
2025-12-22 20:54:09,093 epoch 5 - iter 5/13 - loss 1.55642769 - time (sec): 1.62 - samples/sec: 2193.87 - lr: 0.100000 - momentum: 0.000000
2025-12-22 20:54:09,289 epoch 5 - iter 6/13 - loss 1.55832532 - time (sec): 1.82 - samples/sec: 2260.45 - lr: 0.100000 - momentum: 0.000000
2025-12-22 20:54:09,511 epoch 5 - iter 7/13 - loss 1.55208294 - time (sec): 2.04 - samples/sec: 2405.83 - lr: 0.100000 - momentum: 0.000000
2025-12-22 20:54:09,838 epoch 5 - iter 8/13 - loss 1.53578632 - time (sec): 2.37 - samples/sec: 2413.45 - lr: 0.100000 - momentum: 0.000000
2025-12-22 20:54:10,102 epoch 5 - iter 9/13 - loss 1.53219770 - time (sec): 2.63 - samples/sec: 2465.23 - lr: 0.100000 - momentum: 0.000000
2025-12-22 20:54:10,314 epoch 5 - iter 10/13 - loss 1.53396616 - time (sec): 2.84 - samples/sec: 2502.62 - lr: 0.100000 - momentum: 0.000000
2025-12-22 20:54:10,514 epoch 5 - iter 11/13 - loss 1.52694360 - time (sec): 3.04 - samples/sec: 2547.74 - lr: 0.100000 - momentum: 0.000000
2025-12-22 20:54:10,964 epoch 5 - iter 12/13 - loss 1.52456431 - time (sec): 3.49 - samples/sec: 2431.84 - lr: 0.100000 - momentum: 0.000000
2025-12-22 20:54:11,227 epoch 5 - iter 13/13 - loss 1.52095795 - time (sec): 3.76 - samples/sec: 2434.55 - lr: 0.100000 - momentum: 0.000000
2025-12-22 20:54:11,228 ----------------------------------------------------------------------------------------------------
2025-12-22 20:54:11,228 EPOCH 5 done: loss 1.5210 - lr: 0.100000
2025-12-22 20:54:11,715 DEV : loss 1.3820159435272217 - f1-score (micro avg)  0.5252
2025-12-22 20:54:11,716  - 2 epochs without improvement
2025-12-22 20:54:11,716 ----------------------------------------------------------------------------------------------------
2025-12-22 20:54:11,957 epoch 6 - iter 1/13 - loss 1.50343356 - time (sec): 0.24 - samples/sec: 2829.35 - lr: 0.100000 - momentum: 0.000000
2025-12-22 20:54:12,395 epoch 6 - iter 2/13 - loss 1.51980785 - time (sec): 0.68 - samples/sec: 2112.36 - lr: 0.100000 - momentum: 0.000000
2025-12-22 20:54:12,624 epoch 6 - iter 3/13 - loss 1.51722851 - time (sec): 0.91 - samples/sec: 2268.52 - lr: 0.100000 - momentum: 0.000000
2025-12-22 20:54:12,875 epoch 6 - iter 4/13 - loss 1.51597350 - time (sec): 1.16 - samples/sec: 2486.45 - lr: 0.100000 - momentum: 0.000000
2025-12-22 20:54:13,118 epoch 6 - iter 5/13 - loss 1.49705001 - time (sec): 1.40 - samples/sec: 2561.28 - lr: 0.100000 - momentum: 0.000000
2025-12-22 20:54:13,616 epoch 6 - iter 6/13 - loss 1.48845407 - time (sec): 1.90 - samples/sec: 2365.76 - lr: 0.100000 - momentum: 0.000000
2025-12-22 20:54:13,973 epoch 6 - iter 7/13 - loss 1.47749109 - time (sec): 2.26 - samples/sec: 2389.56 - lr: 0.100000 - momentum: 0.000000
2025-12-22 20:54:14,221 epoch 6 - iter 8/13 - loss 1.48565915 - time (sec): 2.50 - samples/sec: 2414.77 - lr: 0.100000 - momentum: 0.000000
2025-12-22 20:54:14,460 epoch 6 - iter 9/13 - loss 1.48287459 - time (sec): 2.74 - samples/sec: 2459.74 - lr: 0.100000 - momentum: 0.000000
2025-12-22 20:54:14,622 epoch 6 - iter 10/13 - loss 1.47436357 - time (sec): 2.91 - samples/sec: 2521.76 - lr: 0.100000 - momentum: 0.000000
2025-12-22 20:54:14,816 epoch 6 - iter 11/13 - loss 1.47055932 - time (sec): 3.10 - samples/sec: 2545.97 - lr: 0.100000 - momentum: 0.000000
2025-12-22 20:54:15,036 epoch 6 - iter 12/13 - loss 1.46533149 - time (sec): 3.32 - samples/sec: 2571.90 - lr: 0.100000 - momentum: 0.000000
2025-12-22 20:54:15,247 epoch 6 - iter 13/13 - loss 1.46508375 - time (sec): 3.53 - samples/sec: 2591.15 - lr: 0.100000 - momentum: 0.000000
2025-12-22 20:54:15,247 ----------------------------------------------------------------------------------------------------
2025-12-22 20:54:15,247 EPOCH 6 done: loss 1.4651 - lr: 0.100000
2025-12-22 20:54:15,819 DEV : loss 1.2375987768173218 - f1-score (micro avg)  0.6118
2025-12-22 20:54:15,820  - 0 epochs without improvement
2025-12-22 20:54:15,820 saving best model
2025-12-22 20:54:15,836 ----------------------------------------------------------------------------------------------------
2025-12-22 20:54:16,090 epoch 7 - iter 1/13 - loss 1.44101840 - time (sec): 0.25 - samples/sec: 2780.71 - lr: 0.100000 - momentum: 0.000000
2025-12-22 20:54:16,292 epoch 7 - iter 2/13 - loss 1.41023288 - time (sec): 0.46 - samples/sec: 3046.98 - lr: 0.100000 - momentum: 0.000000
2025-12-22 20:54:16,501 epoch 7 - iter 3/13 - loss 1.41388128 - time (sec): 0.66 - samples/sec: 2923.74 - lr: 0.100000 - momentum: 0.000000
2025-12-22 20:54:16,925 epoch 7 - iter 4/13 - loss 1.41940187 - time (sec): 1.09 - samples/sec: 2598.40 - lr: 0.100000 - momentum: 0.000000
2025-12-22 20:54:17,137 epoch 7 - iter 5/13 - loss 1.40901993 - time (sec): 1.30 - samples/sec: 2639.85 - lr: 0.100000 - momentum: 0.000000
2025-12-22 20:54:17,435 epoch 7 - iter 6/13 - loss 1.40838465 - time (sec): 1.60 - samples/sec: 2558.69 - lr: 0.100000 - momentum: 0.000000
2025-12-22 20:54:17,700 epoch 7 - iter 7/13 - loss 1.40068395 - time (sec): 1.86 - samples/sec: 2677.50 - lr: 0.100000 - momentum: 0.000000
2025-12-22 20:54:17,947 epoch 7 - iter 8/13 - loss 1.39509643 - time (sec): 2.11 - samples/sec: 2669.28 - lr: 0.100000 - momentum: 0.000000
2025-12-22 20:54:18,242 epoch 7 - iter 9/13 - loss 1.38295509 - time (sec): 2.41 - samples/sec: 2648.27 - lr: 0.100000 - momentum: 0.000000
2025-12-22 20:54:18,727 epoch 7 - iter 10/13 - loss 1.37935580 - time (sec): 2.89 - samples/sec: 2454.51 - lr: 0.100000 - momentum: 0.000000
2025-12-22 20:54:19,051 epoch 7 - iter 11/13 - loss 1.37433290 - time (sec): 3.21 - samples/sec: 2460.56 - lr: 0.100000 - momentum: 0.000000
2025-12-22 20:54:19,220 epoch 7 - iter 12/13 - loss 1.36889547 - time (sec): 3.38 - samples/sec: 2496.22 - lr: 0.100000 - momentum: 0.000000
2025-12-22 20:54:19,440 epoch 7 - iter 13/13 - loss 1.36779656 - time (sec): 3.60 - samples/sec: 2538.47 - lr: 0.100000 - momentum: 0.000000
2025-12-22 20:54:19,440 ----------------------------------------------------------------------------------------------------
2025-12-22 20:54:19,440 EPOCH 7 done: loss 1.3678 - lr: 0.100000
2025-12-22 20:54:20,285 DEV : loss 1.1909255981445312 - f1-score (micro avg)  0.6066
2025-12-22 20:54:20,286  - 1 epochs without improvement
2025-12-22 20:54:20,287 ----------------------------------------------------------------------------------------------------
2025-12-22 20:54:20,509 epoch 8 - iter 1/13 - loss 1.34124966 - time (sec): 0.22 - samples/sec: 3133.52 - lr: 0.100000 - momentum: 0.000000
2025-12-22 20:54:20,727 epoch 8 - iter 2/13 - loss 1.33987211 - time (sec): 0.44 - samples/sec: 2953.05 - lr: 0.100000 - momentum: 0.000000
2025-12-22 20:54:21,216 epoch 8 - iter 3/13 - loss 1.34492793 - time (sec): 0.93 - samples/sec: 2268.05 - lr: 0.100000 - momentum: 0.000000
2025-12-22 20:54:21,627 epoch 8 - iter 4/13 - loss 1.33582342 - time (sec): 1.34 - samples/sec: 2064.20 - lr: 0.100000 - momentum: 0.000000
2025-12-22 20:54:21,889 epoch 8 - iter 5/13 - loss 1.32043012 - time (sec): 1.60 - samples/sec: 2160.40 - lr: 0.100000 - momentum: 0.000000
2025-12-22 20:54:22,279 epoch 8 - iter 6/13 - loss 1.30321758 - time (sec): 1.99 - samples/sec: 2078.40 - lr: 0.100000 - momentum: 0.000000
2025-12-22 20:54:22,571 epoch 8 - iter 7/13 - loss 1.28985103 - time (sec): 2.28 - samples/sec: 2141.18 - lr: 0.100000 - momentum: 0.000000
2025-12-22 20:54:22,850 epoch 8 - iter 8/13 - loss 1.27741532 - time (sec): 2.56 - samples/sec: 2214.92 - lr: 0.100000 - momentum: 0.000000
2025-12-22 20:54:22,986 epoch 8 - iter 9/13 - loss 1.27005432 - time (sec): 2.70 - samples/sec: 2288.41 - lr: 0.100000 - momentum: 0.000000
2025-12-22 20:54:23,265 epoch 8 - iter 10/13 - loss 1.26593508 - time (sec): 2.98 - samples/sec: 2326.19 - lr: 0.100000 - momentum: 0.000000
2025-12-22 20:54:23,585 epoch 8 - iter 11/13 - loss 1.25918866 - time (sec): 3.30 - samples/sec: 2323.70 - lr: 0.100000 - momentum: 0.000000
2025-12-22 20:54:23,818 epoch 8 - iter 12/13 - loss 1.25089334 - time (sec): 3.53 - samples/sec: 2386.27 - lr: 0.100000 - momentum: 0.000000
2025-12-22 20:54:24,123 epoch 8 - iter 13/13 - loss 1.25047651 - time (sec): 3.84 - samples/sec: 2384.64 - lr: 0.100000 - momentum: 0.000000
2025-12-22 20:54:24,123 ----------------------------------------------------------------------------------------------------
2025-12-22 20:54:24,123 EPOCH 8 done: loss 1.2505 - lr: 0.100000
2025-12-22 20:54:24,646 DEV : loss 0.9686177968978882 - f1-score (micro avg)  0.6999
2025-12-22 20:54:24,647  - 0 epochs without improvement
2025-12-22 20:54:24,647 saving best model
2025-12-22 20:54:24,661 ----------------------------------------------------------------------------------------------------
2025-12-22 20:54:24,891 epoch 9 - iter 1/13 - loss 1.17311198 - time (sec): 0.23 - samples/sec: 2875.77 - lr: 0.100000 - momentum: 0.000000
2025-12-22 20:54:25,125 epoch 9 - iter 2/13 - loss 1.17308034 - time (sec): 0.46 - samples/sec: 2806.86 - lr: 0.100000 - momentum: 0.000000
2025-12-22 20:54:25,392 epoch 9 - iter 3/13 - loss 1.12019352 - time (sec): 0.73 - samples/sec: 2824.17 - lr: 0.100000 - momentum: 0.000000
2025-12-22 20:54:25,595 epoch 9 - iter 4/13 - loss 1.15280082 - time (sec): 0.93 - samples/sec: 2907.29 - lr: 0.100000 - momentum: 0.000000
2025-12-22 20:54:25,788 epoch 9 - iter 5/13 - loss 1.15280806 - time (sec): 1.13 - samples/sec: 2965.28 - lr: 0.100000 - momentum: 0.000000
2025-12-22 20:54:26,192 epoch 9 - iter 6/13 - loss 1.13500730 - time (sec): 1.53 - samples/sec: 2712.26 - lr: 0.100000 - momentum: 0.000000
2025-12-22 20:54:26,431 epoch 9 - iter 7/13 - loss 1.12325363 - time (sec): 1.77 - samples/sec: 2700.73 - lr: 0.100000 - momentum: 0.000000
2025-12-22 20:54:26,795 epoch 9 - iter 8/13 - loss 1.13180864 - time (sec): 2.13 - samples/sec: 2715.31 - lr: 0.100000 - momentum: 0.000000
2025-12-22 20:54:27,018 epoch 9 - iter 9/13 - loss 1.13410260 - time (sec): 2.36 - samples/sec: 2731.87 - lr: 0.100000 - momentum: 0.000000
2025-12-22 20:54:27,547 epoch 9 - iter 10/13 - loss 1.12684107 - time (sec): 2.89 - samples/sec: 2524.62 - lr: 0.100000 - momentum: 0.000000
2025-12-22 20:54:27,918 epoch 9 - iter 11/13 - loss 1.12505052 - time (sec): 3.26 - samples/sec: 2455.89 - lr: 0.100000 - momentum: 0.000000
2025-12-22 20:54:28,110 epoch 9 - iter 12/13 - loss 1.12374181 - time (sec): 3.45 - samples/sec: 2515.25 - lr: 0.100000 - momentum: 0.000000
2025-12-22 20:54:28,315 epoch 9 - iter 13/13 - loss 1.12004125 - time (sec): 3.65 - samples/sec: 2503.73 - lr: 0.100000 - momentum: 0.000000
2025-12-22 20:54:28,315 ----------------------------------------------------------------------------------------------------
2025-12-22 20:54:28,315 EPOCH 9 done: loss 1.1200 - lr: 0.100000
2025-12-22 20:54:28,804 DEV : loss 0.8483456969261169 - f1-score (micro avg)  0.7242
2025-12-22 20:54:28,805  - 0 epochs without improvement
2025-12-22 20:54:28,805 saving best model
2025-12-22 20:54:28,817 ----------------------------------------------------------------------------------------------------
2025-12-22 20:54:29,133 epoch 10 - iter 1/13 - loss 1.00023851 - time (sec): 0.32 - samples/sec: 2467.68 - lr: 0.100000 - momentum: 0.000000
2025-12-22 20:54:29,346 epoch 10 - iter 2/13 - loss 1.02800223 - time (sec): 0.53 - samples/sec: 2649.35 - lr: 0.100000 - momentum: 0.000000
2025-12-22 20:54:29,521 epoch 10 - iter 3/13 - loss 1.05155976 - time (sec): 0.70 - samples/sec: 2808.94 - lr: 0.100000 - momentum: 0.000000
2025-12-22 20:54:29,742 epoch 10 - iter 4/13 - loss 1.05784893 - time (sec): 0.92 - samples/sec: 2876.85 - lr: 0.100000 - momentum: 0.000000
2025-12-22 20:54:29,928 epoch 10 - iter 5/13 - loss 1.06196758 - time (sec): 1.11 - samples/sec: 2897.59 - lr: 0.100000 - momentum: 0.000000
2025-12-22 20:54:30,195 epoch 10 - iter 6/13 - loss 1.07091680 - time (sec): 1.38 - samples/sec: 2926.95 - lr: 0.100000 - momentum: 0.000000
2025-12-22 20:54:30,408 epoch 10 - iter 7/13 - loss 1.04943023 - time (sec): 1.59 - samples/sec: 2977.13 - lr: 0.100000 - momentum: 0.000000
2025-12-22 20:54:30,928 epoch 10 - iter 8/13 - loss 1.04660379 - time (sec): 2.11 - samples/sec: 2649.21 - lr: 0.100000 - momentum: 0.000000
2025-12-22 20:54:31,247 epoch 10 - iter 9/13 - loss 1.05041773 - time (sec): 2.43 - samples/sec: 2598.07 - lr: 0.100000 - momentum: 0.000000
2025-12-22 20:54:31,493 epoch 10 - iter 10/13 - loss 1.05253345 - time (sec): 2.68 - samples/sec: 2615.50 - lr: 0.100000 - momentum: 0.000000
2025-12-22 20:54:31,783 epoch 10 - iter 11/13 - loss 1.04705439 - time (sec): 2.97 - samples/sec: 2606.29 - lr: 0.100000 - momentum: 0.000000
2025-12-22 20:54:32,182 epoch 10 - iter 12/13 - loss 1.04348328 - time (sec): 3.36 - samples/sec: 2543.13 - lr: 0.100000 - momentum: 0.000000
2025-12-22 20:54:32,364 epoch 10 - iter 13/13 - loss 1.04394659 - time (sec): 3.55 - samples/sec: 2578.84 - lr: 0.100000 - momentum: 0.000000
2025-12-22 20:54:32,365 ----------------------------------------------------------------------------------------------------
2025-12-22 20:54:32,365 EPOCH 10 done: loss 1.0439 - lr: 0.100000
2025-12-22 20:54:32,842 DEV : loss 0.8270021080970764 - f1-score (micro avg)  0.7336
2025-12-22 20:54:32,842  - 0 epochs without improvement
2025-12-22 20:54:32,843 saving best model
2025-12-22 20:54:32,854 ----------------------------------------------------------------------------------------------------
2025-12-22 20:54:33,073 epoch 11 - iter 1/13 - loss 1.04277247 - time (sec): 0.22 - samples/sec: 2773.13 - lr: 0.100000 - momentum: 0.000000
2025-12-22 20:54:33,455 epoch 11 - iter 2/13 - loss 1.04796934 - time (sec): 0.60 - samples/sec: 2316.13 - lr: 0.100000 - momentum: 0.000000
2025-12-22 20:54:33,652 epoch 11 - iter 3/13 - loss 1.03423846 - time (sec): 0.80 - samples/sec: 2599.01 - lr: 0.100000 - momentum: 0.000000
2025-12-22 20:54:33,879 epoch 11 - iter 4/13 - loss 1.00732099 - time (sec): 1.03 - samples/sec: 2658.72 - lr: 0.100000 - momentum: 0.000000
2025-12-22 20:54:34,099 epoch 11 - iter 5/13 - loss 1.00410171 - time (sec): 1.25 - samples/sec: 2738.81 - lr: 0.100000 - momentum: 0.000000
2025-12-22 20:54:34,401 epoch 11 - iter 6/13 - loss 0.98883634 - time (sec): 1.55 - samples/sec: 2622.25 - lr: 0.100000 - momentum: 0.000000
2025-12-22 20:54:34,678 epoch 11 - iter 7/13 - loss 0.98734951 - time (sec): 1.82 - samples/sec: 2694.23 - lr: 0.100000 - momentum: 0.000000
2025-12-22 20:54:34,927 epoch 11 - iter 8/13 - loss 0.99558184 - time (sec): 2.07 - samples/sec: 2656.82 - lr: 0.100000 - momentum: 0.000000
2025-12-22 20:54:35,243 epoch 11 - iter 9/13 - loss 0.99587217 - time (sec): 2.39 - samples/sec: 2554.32 - lr: 0.100000 - momentum: 0.000000
2025-12-22 20:54:35,502 epoch 11 - iter 10/13 - loss 0.99209791 - time (sec): 2.65 - samples/sec: 2594.36 - lr: 0.100000 - momentum: 0.000000
2025-12-22 20:54:35,711 epoch 11 - iter 11/13 - loss 0.98933390 - time (sec): 2.86 - samples/sec: 2662.55 - lr: 0.100000 - momentum: 0.000000
2025-12-22 20:54:36,247 epoch 11 - iter 12/13 - loss 0.98252947 - time (sec): 3.39 - samples/sec: 2530.20 - lr: 0.100000 - momentum: 0.000000
2025-12-22 20:54:36,460 epoch 11 - iter 13/13 - loss 0.98595040 - time (sec): 3.61 - samples/sec: 2536.89 - lr: 0.100000 - momentum: 0.000000
2025-12-22 20:54:36,460 ----------------------------------------------------------------------------------------------------
2025-12-22 20:54:36,460 EPOCH 11 done: loss 0.9860 - lr: 0.100000
2025-12-22 20:54:37,186 DEV : loss 0.7452824711799622 - f1-score (micro avg)  0.7363
2025-12-22 20:54:37,190  - 0 epochs without improvement
2025-12-22 20:54:37,195 saving best model
2025-12-22 20:54:37,220 ----------------------------------------------------------------------------------------------------
2025-12-22 20:54:37,417 epoch 12 - iter 1/13 - loss 0.96195639 - time (sec): 0.20 - samples/sec: 3175.06 - lr: 0.100000 - momentum: 0.000000
2025-12-22 20:54:37,653 epoch 12 - iter 2/13 - loss 0.98119682 - time (sec): 0.43 - samples/sec: 2981.70 - lr: 0.100000 - momentum: 0.000000
2025-12-22 20:54:38,039 epoch 12 - iter 3/13 - loss 0.95557290 - time (sec): 0.82 - samples/sec: 2573.01 - lr: 0.100000 - momentum: 0.000000
2025-12-22 20:54:38,229 epoch 12 - iter 4/13 - loss 0.96270904 - time (sec): 1.01 - samples/sec: 2708.87 - lr: 0.100000 - momentum: 0.000000
2025-12-22 20:54:38,453 epoch 12 - iter 5/13 - loss 0.95536195 - time (sec): 1.23 - samples/sec: 2814.57 - lr: 0.100000 - momentum: 0.000000
2025-12-22 20:54:38,690 epoch 12 - iter 6/13 - loss 0.96297202 - time (sec): 1.47 - samples/sec: 2806.34 - lr: 0.100000 - momentum: 0.000000
2025-12-22 20:54:39,009 epoch 12 - iter 7/13 - loss 0.95557131 - time (sec): 1.79 - samples/sec: 2697.34 - lr: 0.100000 - momentum: 0.000000
2025-12-22 20:54:39,272 epoch 12 - iter 8/13 - loss 0.94637617 - time (sec): 2.05 - samples/sec: 2763.19 - lr: 0.100000 - momentum: 0.000000
2025-12-22 20:54:39,573 epoch 12 - iter 9/13 - loss 0.94622180 - time (sec): 2.35 - samples/sec: 2692.87 - lr: 0.100000 - momentum: 0.000000
2025-12-22 20:54:39,807 epoch 12 - iter 10/13 - loss 0.94211748 - time (sec): 2.59 - samples/sec: 2721.07 - lr: 0.100000 - momentum: 0.000000
2025-12-22 20:54:40,023 epoch 12 - iter 11/13 - loss 0.93820515 - time (sec): 2.80 - samples/sec: 2750.16 - lr: 0.100000 - momentum: 0.000000
2025-12-22 20:54:40,245 epoch 12 - iter 12/13 - loss 0.93580048 - time (sec): 3.02 - samples/sec: 2763.46 - lr: 0.100000 - momentum: 0.000000
2025-12-22 20:54:40,745 epoch 12 - iter 13/13 - loss 0.93587803 - time (sec): 3.52 - samples/sec: 2594.93 - lr: 0.100000 - momentum: 0.000000
2025-12-22 20:54:40,746 ----------------------------------------------------------------------------------------------------
2025-12-22 20:54:40,746 EPOCH 12 done: loss 0.9359 - lr: 0.100000
2025-12-22 20:54:41,210 DEV : loss 0.7332850098609924 - f1-score (micro avg)  0.7619
2025-12-22 20:54:41,211  - 0 epochs without improvement
2025-12-22 20:54:41,212 saving best model
2025-12-22 20:54:41,227 ----------------------------------------------------------------------------------------------------
2025-12-22 20:54:41,490 epoch 13 - iter 1/13 - loss 0.92315336 - time (sec): 0.26 - samples/sec: 2819.89 - lr: 0.100000 - momentum: 0.000000
2025-12-22 20:54:41,734 epoch 13 - iter 2/13 - loss 0.86738117 - time (sec): 0.51 - samples/sec: 3053.55 - lr: 0.100000 - momentum: 0.000000
2025-12-22 20:54:41,903 epoch 13 - iter 3/13 - loss 0.89512057 - time (sec): 0.68 - samples/sec: 3183.78 - lr: 0.100000 - momentum: 0.000000
2025-12-22 20:54:42,132 epoch 13 - iter 4/13 - loss 0.88573911 - time (sec): 0.90 - samples/sec: 3066.16 - lr: 0.100000 - momentum: 0.000000
2025-12-22 20:54:42,390 epoch 13 - iter 5/13 - loss 0.89165628 - time (sec): 1.16 - samples/sec: 3035.55 - lr: 0.100000 - momentum: 0.000000
2025-12-22 20:54:42,635 epoch 13 - iter 6/13 - loss 0.89683334 - time (sec): 1.41 - samples/sec: 2976.63 - lr: 0.100000 - momentum: 0.000000
2025-12-22 20:54:42,829 epoch 13 - iter 7/13 - loss 0.89949426 - time (sec): 1.60 - samples/sec: 3053.27 - lr: 0.100000 - momentum: 0.000000
2025-12-22 20:54:43,144 epoch 13 - iter 8/13 - loss 0.88876428 - time (sec): 1.92 - samples/sec: 2934.56 - lr: 0.100000 - momentum: 0.000000
2025-12-22 20:54:43,443 epoch 13 - iter 9/13 - loss 0.88879145 - time (sec): 2.22 - samples/sec: 2853.00 - lr: 0.100000 - momentum: 0.000000
2025-12-22 20:54:43,748 epoch 13 - iter 10/13 - loss 0.89019303 - time (sec): 2.52 - samples/sec: 2798.26 - lr: 0.100000 - momentum: 0.000000
2025-12-22 20:54:43,967 epoch 13 - iter 11/13 - loss 0.89222868 - time (sec): 2.74 - samples/sec: 2811.31 - lr: 0.100000 - momentum: 0.000000
2025-12-22 20:54:44,501 epoch 13 - iter 12/13 - loss 0.88893548 - time (sec): 3.27 - samples/sec: 2624.05 - lr: 0.100000 - momentum: 0.000000
2025-12-22 20:54:44,727 epoch 13 - iter 13/13 - loss 0.89215740 - time (sec): 3.50 - samples/sec: 2613.27 - lr: 0.100000 - momentum: 0.000000
2025-12-22 20:54:44,728 ----------------------------------------------------------------------------------------------------
2025-12-22 20:54:44,728 EPOCH 13 done: loss 0.8922 - lr: 0.100000
2025-12-22 20:54:45,200 DEV : loss 0.6878165006637573 - f1-score (micro avg)  0.763
2025-12-22 20:54:45,200  - 0 epochs without improvement
2025-12-22 20:54:45,201 saving best model
2025-12-22 20:54:45,213 ----------------------------------------------------------------------------------------------------
2025-12-22 20:54:45,460 epoch 14 - iter 1/13 - loss 0.95336178 - time (sec): 0.25 - samples/sec: 2962.76 - lr: 0.100000 - momentum: 0.000000
2025-12-22 20:54:45,945 epoch 14 - iter 2/13 - loss 0.88840001 - time (sec): 0.73 - samples/sec: 2093.47 - lr: 0.100000 - momentum: 0.000000
2025-12-22 20:54:46,171 epoch 14 - iter 3/13 - loss 0.87081881 - time (sec): 0.96 - samples/sec: 2234.25 - lr: 0.100000 - momentum: 0.000000
2025-12-22 20:54:46,429 epoch 14 - iter 4/13 - loss 0.88220323 - time (sec): 1.22 - samples/sec: 2313.94 - lr: 0.100000 - momentum: 0.000000
2025-12-22 20:54:46,787 epoch 14 - iter 5/13 - loss 0.87149381 - time (sec): 1.57 - samples/sec: 2349.16 - lr: 0.100000 - momentum: 0.000000
2025-12-22 20:54:47,007 epoch 14 - iter 6/13 - loss 0.87257776 - time (sec): 1.79 - samples/sec: 2415.33 - lr: 0.100000 - momentum: 0.000000
2025-12-22 20:54:47,191 epoch 14 - iter 7/13 - loss 0.86210106 - time (sec): 1.98 - samples/sec: 2504.96 - lr: 0.100000 - momentum: 0.000000
2025-12-22 20:54:47,418 epoch 14 - iter 8/13 - loss 0.85275541 - time (sec): 2.20 - samples/sec: 2546.06 - lr: 0.100000 - momentum: 0.000000
2025-12-22 20:54:47,649 epoch 14 - iter 9/13 - loss 0.85342994 - time (sec): 2.44 - samples/sec: 2566.21 - lr: 0.100000 - momentum: 0.000000
2025-12-22 20:54:47,868 epoch 14 - iter 10/13 - loss 0.85114151 - time (sec): 2.65 - samples/sec: 2629.68 - lr: 0.100000 - momentum: 0.000000
2025-12-22 20:54:48,106 epoch 14 - iter 11/13 - loss 0.85176835 - time (sec): 2.89 - samples/sec: 2675.77 - lr: 0.100000 - momentum: 0.000000
2025-12-22 20:54:48,534 epoch 14 - iter 12/13 - loss 0.85398912 - time (sec): 3.32 - samples/sec: 2575.93 - lr: 0.100000 - momentum: 0.000000
2025-12-22 20:54:48,744 epoch 14 - iter 13/13 - loss 0.85665139 - time (sec): 3.53 - samples/sec: 2590.69 - lr: 0.100000 - momentum: 0.000000
2025-12-22 20:54:48,744 ----------------------------------------------------------------------------------------------------
2025-12-22 20:54:48,744 EPOCH 14 done: loss 0.8567 - lr: 0.100000
2025-12-22 20:54:49,210 DEV : loss 0.6572818756103516 - f1-score (micro avg)  0.7641
2025-12-22 20:54:49,211  - 0 epochs without improvement
2025-12-22 20:54:49,211 saving best model
2025-12-22 20:54:49,223 ----------------------------------------------------------------------------------------------------
2025-12-22 20:54:49,478 epoch 15 - iter 1/13 - loss 0.83056947 - time (sec): 0.25 - samples/sec: 3123.16 - lr: 0.100000 - momentum: 0.000000
2025-12-22 20:54:49,857 epoch 15 - iter 2/13 - loss 0.81270904 - time (sec): 0.63 - samples/sec: 2433.75 - lr: 0.100000 - momentum: 0.000000
2025-12-22 20:54:50,073 epoch 15 - iter 3/13 - loss 0.83062134 - time (sec): 0.85 - samples/sec: 2645.63 - lr: 0.100000 - momentum: 0.000000
2025-12-22 20:54:50,302 epoch 15 - iter 4/13 - loss 0.84127189 - time (sec): 1.08 - samples/sec: 2749.23 - lr: 0.100000 - momentum: 0.000000
2025-12-22 20:54:50,598 epoch 15 - iter 5/13 - loss 0.83921861 - time (sec): 1.37 - samples/sec: 2719.48 - lr: 0.100000 - momentum: 0.000000
2025-12-22 20:54:50,794 epoch 15 - iter 6/13 - loss 0.84190641 - time (sec): 1.57 - samples/sec: 2757.68 - lr: 0.100000 - momentum: 0.000000
2025-12-22 20:54:51,037 epoch 15 - iter 7/13 - loss 0.84742738 - time (sec): 1.81 - samples/sec: 2776.98 - lr: 0.100000 - momentum: 0.000000
2025-12-22 20:54:51,292 epoch 15 - iter 8/13 - loss 0.85350891 - time (sec): 2.07 - samples/sec: 2726.09 - lr: 0.100000 - momentum: 0.000000
2025-12-22 20:54:51,630 epoch 15 - iter 9/13 - loss 0.84201096 - time (sec): 2.41 - samples/sec: 2652.38 - lr: 0.100000 - momentum: 0.000000
2025-12-22 20:54:52,024 epoch 15 - iter 10/13 - loss 0.84309810 - time (sec): 2.80 - samples/sec: 2535.39 - lr: 0.100000 - momentum: 0.000000
2025-12-22 20:54:52,530 epoch 15 - iter 11/13 - loss 0.84267528 - time (sec): 3.31 - samples/sec: 2377.59 - lr: 0.100000 - momentum: 0.000000
2025-12-22 20:54:52,796 epoch 15 - iter 12/13 - loss 0.84228507 - time (sec): 3.57 - samples/sec: 2419.45 - lr: 0.100000 - momentum: 0.000000
2025-12-22 20:54:52,970 epoch 15 - iter 13/13 - loss 0.84002039 - time (sec): 3.75 - samples/sec: 2441.00 - lr: 0.100000 - momentum: 0.000000
2025-12-22 20:54:52,971 ----------------------------------------------------------------------------------------------------
2025-12-22 20:54:52,971 EPOCH 15 done: loss 0.8400 - lr: 0.100000
2025-12-22 20:54:53,456 DEV : loss 0.6372777223587036 - f1-score (micro avg)  0.7824
2025-12-22 20:54:53,457  - 0 epochs without improvement
2025-12-22 20:54:53,457 saving best model
2025-12-22 20:54:53,471 ----------------------------------------------------------------------------------------------------
2025-12-22 20:54:53,714 epoch 16 - iter 1/13 - loss 0.76009484 - time (sec): 0.24 - samples/sec: 3090.87 - lr: 0.100000 - momentum: 0.000000
2025-12-22 20:54:53,941 epoch 16 - iter 2/13 - loss 0.79441989 - time (sec): 0.47 - samples/sec: 3192.20 - lr: 0.100000 - momentum: 0.000000
2025-12-22 20:54:54,162 epoch 16 - iter 3/13 - loss 0.79921405 - time (sec): 0.69 - samples/sec: 3043.36 - lr: 0.100000 - momentum: 0.000000
2025-12-22 20:54:54,420 epoch 16 - iter 4/13 - loss 0.81024003 - time (sec): 0.95 - samples/sec: 3080.48 - lr: 0.100000 - momentum: 0.000000
2025-12-22 20:54:54,722 epoch 16 - iter 5/13 - loss 0.82388291 - time (sec): 1.25 - samples/sec: 2951.70 - lr: 0.100000 - momentum: 0.000000
2025-12-22 20:54:55,031 epoch 16 - iter 6/13 - loss 0.83466148 - time (sec): 1.56 - samples/sec: 2835.66 - lr: 0.100000 - momentum: 0.000000
2025-12-22 20:54:55,254 epoch 16 - iter 7/13 - loss 0.83708397 - time (sec): 1.78 - samples/sec: 2838.59 - lr: 0.100000 - momentum: 0.000000
2025-12-22 20:54:55,577 epoch 16 - iter 8/13 - loss 0.82783312 - time (sec): 2.11 - samples/sec: 2778.98 - lr: 0.100000 - momentum: 0.000000
2025-12-22 20:54:56,092 epoch 16 - iter 9/13 - loss 0.82287029 - time (sec): 2.62 - samples/sec: 2545.88 - lr: 0.100000 - momentum: 0.000000
2025-12-22 20:54:56,303 epoch 16 - iter 10/13 - loss 0.82383160 - time (sec): 2.83 - samples/sec: 2580.55 - lr: 0.100000 - momentum: 0.000000
2025-12-22 20:54:56,495 epoch 16 - iter 11/13 - loss 0.82092652 - time (sec): 3.02 - samples/sec: 2630.63 - lr: 0.100000 - momentum: 0.000000
2025-12-22 20:54:56,898 epoch 16 - iter 12/13 - loss 0.81707534 - time (sec): 3.43 - samples/sec: 2521.41 - lr: 0.100000 - momentum: 0.000000
2025-12-22 20:54:57,040 epoch 16 - iter 13/13 - loss 0.81208731 - time (sec): 3.57 - samples/sec: 2563.33 - lr: 0.100000 - momentum: 0.000000
2025-12-22 20:54:57,041 ----------------------------------------------------------------------------------------------------
2025-12-22 20:54:57,041 EPOCH 16 done: loss 0.8121 - lr: 0.100000
2025-12-22 20:54:57,664 DEV : loss 0.6191365718841553 - f1-score (micro avg)  0.7822
2025-12-22 20:54:57,665  - 1 epochs without improvement
2025-12-22 20:54:57,666 ----------------------------------------------------------------------------------------------------
2025-12-22 20:54:58,003 epoch 17 - iter 1/13 - loss 0.82193527 - time (sec): 0.34 - samples/sec: 1895.78 - lr: 0.100000 - momentum: 0.000000
2025-12-22 20:54:58,301 epoch 17 - iter 2/13 - loss 0.80647604 - time (sec): 0.64 - samples/sec: 2240.68 - lr: 0.100000 - momentum: 0.000000
2025-12-22 20:54:58,579 epoch 17 - iter 3/13 - loss 0.82018648 - time (sec): 0.91 - samples/sec: 2502.34 - lr: 0.100000 - momentum: 0.000000
2025-12-22 20:54:58,826 epoch 17 - iter 4/13 - loss 0.83415117 - time (sec): 1.16 - samples/sec: 2605.98 - lr: 0.100000 - momentum: 0.000000
2025-12-22 20:54:59,055 epoch 17 - iter 5/13 - loss 0.82605478 - time (sec): 1.39 - samples/sec: 2700.91 - lr: 0.100000 - momentum: 0.000000
2025-12-22 20:54:59,290 epoch 17 - iter 6/13 - loss 0.82305079 - time (sec): 1.62 - samples/sec: 2716.66 - lr: 0.100000 - momentum: 0.000000
2025-12-22 20:54:59,503 epoch 17 - iter 7/13 - loss 0.81722750 - time (sec): 1.84 - samples/sec: 2781.91 - lr: 0.100000 - momentum: 0.000000
2025-12-22 20:54:59,694 epoch 17 - iter 8/13 - loss 0.81366960 - time (sec): 2.03 - samples/sec: 2816.72 - lr: 0.100000 - momentum: 0.000000
2025-12-22 20:55:00,144 epoch 17 - iter 9/13 - loss 0.80467014 - time (sec): 2.48 - samples/sec: 2576.93 - lr: 0.100000 - momentum: 0.000000
2025-12-22 20:55:00,378 epoch 17 - iter 10/13 - loss 0.79768003 - time (sec): 2.71 - samples/sec: 2586.25 - lr: 0.100000 - momentum: 0.000000
2025-12-22 20:55:00,693 epoch 17 - iter 11/13 - loss 0.79081436 - time (sec): 3.03 - samples/sec: 2560.19 - lr: 0.100000 - momentum: 0.000000
2025-12-22 20:55:01,173 epoch 17 - iter 12/13 - loss 0.79082451 - time (sec): 3.51 - samples/sec: 2401.32 - lr: 0.100000 - momentum: 0.000000
2025-12-22 20:55:01,456 epoch 17 - iter 13/13 - loss 0.78453323 - time (sec): 3.79 - samples/sec: 2413.42 - lr: 0.100000 - momentum: 0.000000
2025-12-22 20:55:01,456 ----------------------------------------------------------------------------------------------------
2025-12-22 20:55:01,456 EPOCH 17 done: loss 0.7845 - lr: 0.100000
2025-12-22 20:55:01,906 DEV : loss 0.5960775017738342 - f1-score (micro avg)  0.7835
2025-12-22 20:55:01,907  - 0 epochs without improvement
2025-12-22 20:55:01,907 saving best model
2025-12-22 20:55:01,920 ----------------------------------------------------------------------------------------------------
2025-12-22 20:55:02,143 epoch 18 - iter 1/13 - loss 0.76092331 - time (sec): 0.22 - samples/sec: 2629.75 - lr: 0.100000 - momentum: 0.000000
2025-12-22 20:55:02,445 epoch 18 - iter 2/13 - loss 0.76194477 - time (sec): 0.52 - samples/sec: 2517.08 - lr: 0.100000 - momentum: 0.000000
2025-12-22 20:55:02,677 epoch 18 - iter 3/13 - loss 0.76061388 - time (sec): 0.76 - samples/sec: 2561.40 - lr: 0.100000 - momentum: 0.000000
2025-12-22 20:55:03,093 epoch 18 - iter 4/13 - loss 0.76511785 - time (sec): 1.17 - samples/sec: 2228.10 - lr: 0.100000 - momentum: 0.000000
2025-12-22 20:55:03,501 epoch 18 - iter 5/13 - loss 0.77485597 - time (sec): 1.58 - samples/sec: 2165.83 - lr: 0.100000 - momentum: 0.000000
2025-12-22 20:55:03,739 epoch 18 - iter 6/13 - loss 0.77513159 - time (sec): 1.82 - samples/sec: 2199.71 - lr: 0.100000 - momentum: 0.000000
2025-12-22 20:55:03,950 epoch 18 - iter 7/13 - loss 0.76986026 - time (sec): 2.03 - samples/sec: 2345.14 - lr: 0.100000 - momentum: 0.000000
2025-12-22 20:55:04,469 epoch 18 - iter 8/13 - loss 0.76646761 - time (sec): 2.55 - samples/sec: 2192.78 - lr: 0.100000 - momentum: 0.000000
2025-12-22 20:55:04,800 epoch 18 - iter 9/13 - loss 0.76128018 - time (sec): 2.88 - samples/sec: 2183.07 - lr: 0.100000 - momentum: 0.000000
2025-12-22 20:55:05,108 epoch 18 - iter 10/13 - loss 0.76677064 - time (sec): 3.19 - samples/sec: 2213.67 - lr: 0.100000 - momentum: 0.000000
2025-12-22 20:55:05,363 epoch 18 - iter 11/13 - loss 0.76823741 - time (sec): 3.44 - samples/sec: 2266.43 - lr: 0.100000 - momentum: 0.000000
2025-12-22 20:55:05,667 epoch 18 - iter 12/13 - loss 0.76298920 - time (sec): 3.75 - samples/sec: 2258.12 - lr: 0.100000 - momentum: 0.000000
2025-12-22 20:55:05,895 epoch 18 - iter 13/13 - loss 0.75969319 - time (sec): 3.97 - samples/sec: 2301.51 - lr: 0.100000 - momentum: 0.000000
2025-12-22 20:55:05,896 ----------------------------------------------------------------------------------------------------
2025-12-22 20:55:05,896 EPOCH 18 done: loss 0.7597 - lr: 0.100000
2025-12-22 20:55:06,387 DEV : loss 0.5745545625686646 - f1-score (micro avg)  0.7972
2025-12-22 20:55:06,388  - 0 epochs without improvement
2025-12-22 20:55:06,389 saving best model
2025-12-22 20:55:06,405 ----------------------------------------------------------------------------------------------------
2025-12-22 20:55:06,711 epoch 19 - iter 1/13 - loss 0.74869227 - time (sec): 0.31 - samples/sec: 2452.06 - lr: 0.100000 - momentum: 0.000000
2025-12-22 20:55:06,945 epoch 19 - iter 2/13 - loss 0.76358808 - time (sec): 0.54 - samples/sec: 2688.35 - lr: 0.100000 - momentum: 0.000000
2025-12-22 20:55:07,425 epoch 19 - iter 3/13 - loss 0.74186026 - time (sec): 1.02 - samples/sec: 2138.29 - lr: 0.100000 - momentum: 0.000000
2025-12-22 20:55:07,623 epoch 19 - iter 4/13 - loss 0.73477832 - time (sec): 1.22 - samples/sec: 2299.51 - lr: 0.100000 - momentum: 0.000000
2025-12-22 20:55:07,888 epoch 19 - iter 5/13 - loss 0.72919902 - time (sec): 1.48 - samples/sec: 2345.30 - lr: 0.100000 - momentum: 0.000000
2025-12-22 20:55:08,107 epoch 19 - iter 6/13 - loss 0.72210505 - time (sec): 1.70 - samples/sec: 2395.13 - lr: 0.100000 - momentum: 0.000000
2025-12-22 20:55:08,343 epoch 19 - iter 7/13 - loss 0.73837062 - time (sec): 1.94 - samples/sec: 2470.64 - lr: 0.100000 - momentum: 0.000000
2025-12-22 20:55:08,638 epoch 19 - iter 8/13 - loss 0.74026463 - time (sec): 2.23 - samples/sec: 2479.94 - lr: 0.100000 - momentum: 0.000000
2025-12-22 20:55:08,850 epoch 19 - iter 9/13 - loss 0.73455052 - time (sec): 2.44 - samples/sec: 2567.17 - lr: 0.100000 - momentum: 0.000000
2025-12-22 20:55:09,236 epoch 19 - iter 10/13 - loss 0.74031676 - time (sec): 2.83 - samples/sec: 2513.05 - lr: 0.100000 - momentum: 0.000000
2025-12-22 20:55:09,478 epoch 19 - iter 11/13 - loss 0.73709700 - time (sec): 3.07 - samples/sec: 2531.07 - lr: 0.100000 - momentum: 0.000000
2025-12-22 20:55:09,708 epoch 19 - iter 12/13 - loss 0.73751779 - time (sec): 3.30 - samples/sec: 2577.31 - lr: 0.100000 - momentum: 0.000000
2025-12-22 20:55:09,884 epoch 19 - iter 13/13 - loss 0.73418848 - time (sec): 3.48 - samples/sec: 2629.60 - lr: 0.100000 - momentum: 0.000000
2025-12-22 20:55:09,884 ----------------------------------------------------------------------------------------------------
2025-12-22 20:55:09,885 EPOCH 19 done: loss 0.7342 - lr: 0.100000
2025-12-22 20:55:10,340 DEV : loss 0.5544997453689575 - f1-score (micro avg)  0.7989
2025-12-22 20:55:10,341  - 0 epochs without improvement
2025-12-22 20:55:10,341 saving best model
2025-12-22 20:55:10,352 ----------------------------------------------------------------------------------------------------
2025-12-22 20:55:10,551 epoch 20 - iter 1/13 - loss 0.70378432 - time (sec): 0.20 - samples/sec: 3463.40 - lr: 0.100000 - momentum: 0.000000
2025-12-22 20:55:10,817 epoch 20 - iter 2/13 - loss 0.73013151 - time (sec): 0.46 - samples/sec: 3143.26 - lr: 0.100000 - momentum: 0.000000
2025-12-22 20:55:11,044 epoch 20 - iter 3/13 - loss 0.73431809 - time (sec): 0.69 - samples/sec: 3101.84 - lr: 0.100000 - momentum: 0.000000
2025-12-22 20:55:11,214 epoch 20 - iter 4/13 - loss 0.74169761 - time (sec): 0.86 - samples/sec: 3175.04 - lr: 0.100000 - momentum: 0.000000
2025-12-22 20:55:11,442 epoch 20 - iter 5/13 - loss 0.73540889 - time (sec): 1.09 - samples/sec: 3110.48 - lr: 0.100000 - momentum: 0.000000
2025-12-22 20:55:11,660 epoch 20 - iter 6/13 - loss 0.73380369 - time (sec): 1.31 - samples/sec: 3100.13 - lr: 0.100000 - momentum: 0.000000
2025-12-22 20:55:12,152 epoch 20 - iter 7/13 - loss 0.72331238 - time (sec): 1.80 - samples/sec: 2681.32 - lr: 0.100000 - momentum: 0.000000
2025-12-22 20:55:12,300 epoch 20 - iter 8/13 - loss 0.72399601 - time (sec): 1.95 - samples/sec: 2804.07 - lr: 0.100000 - momentum: 0.000000
2025-12-22 20:55:12,634 epoch 20 - iter 9/13 - loss 0.71671583 - time (sec): 2.28 - samples/sec: 2759.14 - lr: 0.100000 - momentum: 0.000000
2025-12-22 20:55:12,849 epoch 20 - iter 10/13 - loss 0.72112581 - time (sec): 2.50 - samples/sec: 2790.88 - lr: 0.100000 - momentum: 0.000000
2025-12-22 20:55:13,361 epoch 20 - iter 11/13 - loss 0.71368652 - time (sec): 3.01 - samples/sec: 2595.71 - lr: 0.100000 - momentum: 0.000000
2025-12-22 20:55:13,658 epoch 20 - iter 12/13 - loss 0.70990505 - time (sec): 3.31 - samples/sec: 2582.08 - lr: 0.100000 - momentum: 0.000000
2025-12-22 20:55:13,926 epoch 20 - iter 13/13 - loss 0.70959741 - time (sec): 3.57 - samples/sec: 2559.98 - lr: 0.100000 - momentum: 0.000000
2025-12-22 20:55:13,926 ----------------------------------------------------------------------------------------------------
2025-12-22 20:55:13,926 EPOCH 20 done: loss 0.7096 - lr: 0.100000
2025-12-22 20:55:14,744 DEV : loss 0.5426998138427734 - f1-score (micro avg)  0.8088
2025-12-22 20:55:14,745  - 0 epochs without improvement
2025-12-22 20:55:14,745 saving best model
2025-12-22 20:55:14,756 ----------------------------------------------------------------------------------------------------
2025-12-22 20:55:15,036 epoch 21 - iter 1/13 - loss 0.68951333 - time (sec): 0.28 - samples/sec: 2640.47 - lr: 0.100000 - momentum: 0.000000
2025-12-22 20:55:15,269 epoch 21 - iter 2/13 - loss 0.68929697 - time (sec): 0.51 - samples/sec: 2791.18 - lr: 0.100000 - momentum: 0.000000
2025-12-22 20:55:15,589 epoch 21 - iter 3/13 - loss 0.68342045 - time (sec): 0.83 - samples/sec: 2709.27 - lr: 0.100000 - momentum: 0.000000
2025-12-22 20:55:15,789 epoch 21 - iter 4/13 - loss 0.69164285 - time (sec): 1.03 - samples/sec: 2760.18 - lr: 0.100000 - momentum: 0.000000
2025-12-22 20:55:16,048 epoch 21 - iter 5/13 - loss 0.70686747 - time (sec): 1.29 - samples/sec: 2721.33 - lr: 0.100000 - momentum: 0.000000
2025-12-22 20:55:16,351 epoch 21 - iter 6/13 - loss 0.70582066 - time (sec): 1.59 - samples/sec: 2649.24 - lr: 0.100000 - momentum: 0.000000
2025-12-22 20:55:16,568 epoch 21 - iter 7/13 - loss 0.70784468 - time (sec): 1.81 - samples/sec: 2688.64 - lr: 0.100000 - momentum: 0.000000
2025-12-22 20:55:16,809 epoch 21 - iter 8/13 - loss 0.70650114 - time (sec): 2.05 - samples/sec: 2724.63 - lr: 0.100000 - momentum: 0.000000
2025-12-22 20:55:17,099 epoch 21 - iter 9/13 - loss 0.69956767 - time (sec): 2.34 - samples/sec: 2651.83 - lr: 0.100000 - momentum: 0.000000
2025-12-22 20:55:17,621 epoch 21 - iter 10/13 - loss 0.70095439 - time (sec): 2.86 - samples/sec: 2465.21 - lr: 0.100000 - momentum: 0.000000
2025-12-22 20:55:18,015 epoch 21 - iter 11/13 - loss 0.70424730 - time (sec): 3.26 - samples/sec: 2412.39 - lr: 0.100000 - momentum: 0.000000
2025-12-22 20:55:18,271 epoch 21 - iter 12/13 - loss 0.69754769 - time (sec): 3.51 - samples/sec: 2438.71 - lr: 0.100000 - momentum: 0.000000
2025-12-22 20:55:18,501 epoch 21 - iter 13/13 - loss 0.69958036 - time (sec): 3.74 - samples/sec: 2443.23 - lr: 0.100000 - momentum: 0.000000
2025-12-22 20:55:18,501 ----------------------------------------------------------------------------------------------------
2025-12-22 20:55:18,501 EPOCH 21 done: loss 0.6996 - lr: 0.100000
2025-12-22 20:55:19,020 DEV : loss 0.5380889773368835 - f1-score (micro avg)  0.8053
2025-12-22 20:55:19,021  - 1 epochs without improvement
2025-12-22 20:55:19,021 ----------------------------------------------------------------------------------------------------
2025-12-22 20:55:19,341 epoch 22 - iter 1/13 - loss 0.62798683 - time (sec): 0.32 - samples/sec: 2356.34 - lr: 0.100000 - momentum: 0.000000
2025-12-22 20:55:19,566 epoch 22 - iter 2/13 - loss 0.65885104 - time (sec): 0.54 - samples/sec: 2577.78 - lr: 0.100000 - momentum: 0.000000
2025-12-22 20:55:19,779 epoch 22 - iter 3/13 - loss 0.66865343 - time (sec): 0.76 - samples/sec: 2619.85 - lr: 0.100000 - momentum: 0.000000
2025-12-22 20:55:19,999 epoch 22 - iter 4/13 - loss 0.67568785 - time (sec): 0.98 - samples/sec: 2748.45 - lr: 0.100000 - momentum: 0.000000
2025-12-22 20:55:20,274 epoch 22 - iter 5/13 - loss 0.67960999 - time (sec): 1.25 - samples/sec: 2670.30 - lr: 0.100000 - momentum: 0.000000
2025-12-22 20:55:20,577 epoch 22 - iter 6/13 - loss 0.67593791 - time (sec): 1.56 - samples/sec: 2642.01 - lr: 0.100000 - momentum: 0.000000
2025-12-22 20:55:20,821 epoch 22 - iter 7/13 - loss 0.66673421 - time (sec): 1.80 - samples/sec: 2726.74 - lr: 0.100000 - momentum: 0.000000
2025-12-22 20:55:21,018 epoch 22 - iter 8/13 - loss 0.66522915 - time (sec): 2.00 - samples/sec: 2798.08 - lr: 0.100000 - momentum: 0.000000
2025-12-22 20:55:21,235 epoch 22 - iter 9/13 - loss 0.66990586 - time (sec): 2.21 - samples/sec: 2824.72 - lr: 0.100000 - momentum: 0.000000
2025-12-22 20:55:21,531 epoch 22 - iter 10/13 - loss 0.66733786 - time (sec): 2.51 - samples/sec: 2796.70 - lr: 0.100000 - momentum: 0.000000
2025-12-22 20:55:21,743 epoch 22 - iter 11/13 - loss 0.67262262 - time (sec): 2.72 - samples/sec: 2809.72 - lr: 0.100000 - momentum: 0.000000
2025-12-22 20:55:22,578 epoch 22 - iter 12/13 - loss 0.67290778 - time (sec): 3.56 - samples/sec: 2374.21 - lr: 0.100000 - momentum: 0.000000
2025-12-22 20:55:22,834 epoch 22 - iter 13/13 - loss 0.67363323 - time (sec): 3.81 - samples/sec: 2399.25 - lr: 0.100000 - momentum: 0.000000
2025-12-22 20:55:22,834 ----------------------------------------------------------------------------------------------------
2025-12-22 20:55:22,834 EPOCH 22 done: loss 0.6736 - lr: 0.100000
2025-12-22 20:55:23,497 DEV : loss 0.5148914456367493 - f1-score (micro avg)  0.8164
2025-12-22 20:55:23,498  - 0 epochs without improvement
2025-12-22 20:55:23,500 saving best model
2025-12-22 20:55:23,530 ----------------------------------------------------------------------------------------------------
2025-12-22 20:55:23,893 epoch 23 - iter 1/13 - loss 0.60392591 - time (sec): 0.36 - samples/sec: 2063.57 - lr: 0.100000 - momentum: 0.000000
2025-12-22 20:55:24,124 epoch 23 - iter 2/13 - loss 0.64149336 - time (sec): 0.59 - samples/sec: 2393.92 - lr: 0.100000 - momentum: 0.000000
2025-12-22 20:55:24,433 epoch 23 - iter 3/13 - loss 0.63296976 - time (sec): 0.90 - samples/sec: 2264.23 - lr: 0.100000 - momentum: 0.000000
2025-12-22 20:55:24,645 epoch 23 - iter 4/13 - loss 0.66456225 - time (sec): 1.11 - samples/sec: 2447.45 - lr: 0.100000 - momentum: 0.000000
2025-12-22 20:55:25,153 epoch 23 - iter 5/13 - loss 0.64864251 - time (sec): 1.62 - samples/sec: 2174.34 - lr: 0.100000 - momentum: 0.000000
2025-12-22 20:55:25,570 epoch 23 - iter 6/13 - loss 0.65668542 - time (sec): 2.04 - samples/sec: 2147.61 - lr: 0.100000 - momentum: 0.000000
2025-12-22 20:55:25,821 epoch 23 - iter 7/13 - loss 0.65127130 - time (sec): 2.29 - samples/sec: 2195.53 - lr: 0.100000 - momentum: 0.000000
2025-12-22 20:55:26,036 epoch 23 - iter 8/13 - loss 0.65064357 - time (sec): 2.50 - samples/sec: 2259.90 - lr: 0.100000 - momentum: 0.000000
2025-12-22 20:55:26,333 epoch 23 - iter 9/13 - loss 0.65843042 - time (sec): 2.80 - samples/sec: 2302.20 - lr: 0.100000 - momentum: 0.000000
2025-12-22 20:55:26,521 epoch 23 - iter 10/13 - loss 0.65509557 - time (sec): 2.99 - samples/sec: 2389.46 - lr: 0.100000 - momentum: 0.000000
2025-12-22 20:55:26,745 epoch 23 - iter 11/13 - loss 0.65838295 - time (sec): 3.21 - samples/sec: 2445.73 - lr: 0.100000 - momentum: 0.000000
2025-12-22 20:55:26,948 epoch 23 - iter 12/13 - loss 0.65825770 - time (sec): 3.42 - samples/sec: 2485.25 - lr: 0.100000 - momentum: 0.000000
2025-12-22 20:55:27,186 epoch 23 - iter 13/13 - loss 0.65520041 - time (sec): 3.65 - samples/sec: 2503.25 - lr: 0.100000 - momentum: 0.000000
2025-12-22 20:55:27,186 ----------------------------------------------------------------------------------------------------
2025-12-22 20:55:27,186 EPOCH 23 done: loss 0.6552 - lr: 0.100000
2025-12-22 20:55:27,658 DEV : loss 0.502813994884491 - f1-score (micro avg)  0.8177
2025-12-22 20:55:27,659  - 0 epochs without improvement
2025-12-22 20:55:27,659 saving best model
2025-12-22 20:55:27,671 ----------------------------------------------------------------------------------------------------
2025-12-22 20:55:28,164 epoch 24 - iter 1/13 - loss 0.58079060 - time (sec): 0.49 - samples/sec: 1563.10 - lr: 0.100000 - momentum: 0.000000
2025-12-22 20:55:28,393 epoch 24 - iter 2/13 - loss 0.64308555 - time (sec): 0.72 - samples/sec: 2048.99 - lr: 0.100000 - momentum: 0.000000
2025-12-22 20:55:28,807 epoch 24 - iter 3/13 - loss 0.64674457 - time (sec): 1.14 - samples/sec: 2088.00 - lr: 0.100000 - momentum: 0.000000
2025-12-22 20:55:29,138 epoch 24 - iter 4/13 - loss 0.65279473 - time (sec): 1.47 - samples/sec: 2115.02 - lr: 0.100000 - momentum: 0.000000
2025-12-22 20:55:29,397 epoch 24 - iter 5/13 - loss 0.65074685 - time (sec): 1.73 - samples/sec: 2251.85 - lr: 0.100000 - momentum: 0.000000
2025-12-22 20:55:29,598 epoch 24 - iter 6/13 - loss 0.65442577 - time (sec): 1.93 - samples/sec: 2376.77 - lr: 0.100000 - momentum: 0.000000
2025-12-22 20:55:29,910 epoch 24 - iter 7/13 - loss 0.65129043 - time (sec): 2.24 - samples/sec: 2380.57 - lr: 0.100000 - momentum: 0.000000
2025-12-22 20:55:30,116 epoch 24 - iter 8/13 - loss 0.65040121 - time (sec): 2.45 - samples/sec: 2453.06 - lr: 0.100000 - momentum: 0.000000
2025-12-22 20:55:30,297 epoch 24 - iter 9/13 - loss 0.64374084 - time (sec): 2.63 - samples/sec: 2513.78 - lr: 0.100000 - momentum: 0.000000
2025-12-22 20:55:30,511 epoch 24 - iter 10/13 - loss 0.63801940 - time (sec): 2.84 - samples/sec: 2595.89 - lr: 0.100000 - momentum: 0.000000
2025-12-22 20:55:30,716 epoch 24 - iter 11/13 - loss 0.64303007 - time (sec): 3.05 - samples/sec: 2608.10 - lr: 0.100000 - momentum: 0.000000
2025-12-22 20:55:30,898 epoch 24 - iter 12/13 - loss 0.64104675 - time (sec): 3.23 - samples/sec: 2658.27 - lr: 0.100000 - momentum: 0.000000
2025-12-22 20:55:31,075 epoch 24 - iter 13/13 - loss 0.63781249 - time (sec): 3.40 - samples/sec: 2687.23 - lr: 0.100000 - momentum: 0.000000
2025-12-22 20:55:31,075 ----------------------------------------------------------------------------------------------------
2025-12-22 20:55:31,075 EPOCH 24 done: loss 0.6378 - lr: 0.100000
2025-12-22 20:55:31,580 DEV : loss 0.47697219252586365 - f1-score (micro avg)  0.835
2025-12-22 20:55:31,581  - 0 epochs without improvement
2025-12-22 20:55:31,581 saving best model
2025-12-22 20:55:31,592 ----------------------------------------------------------------------------------------------------
2025-12-22 20:55:31,838 epoch 25 - iter 1/13 - loss 0.61779656 - time (sec): 0.25 - samples/sec: 2703.72 - lr: 0.100000 - momentum: 0.000000
2025-12-22 20:55:32,035 epoch 25 - iter 2/13 - loss 0.57875769 - time (sec): 0.44 - samples/sec: 3246.78 - lr: 0.100000 - momentum: 0.000000
2025-12-22 20:55:32,292 epoch 25 - iter 3/13 - loss 0.60491352 - time (sec): 0.70 - samples/sec: 2980.29 - lr: 0.100000 - momentum: 0.000000
2025-12-22 20:55:32,656 epoch 25 - iter 4/13 - loss 0.61680400 - time (sec): 1.06 - samples/sec: 2693.85 - lr: 0.100000 - momentum: 0.000000
2025-12-22 20:55:32,819 epoch 25 - iter 5/13 - loss 0.61945556 - time (sec): 1.23 - samples/sec: 2820.54 - lr: 0.100000 - momentum: 0.000000
2025-12-22 20:55:33,314 epoch 25 - iter 6/13 - loss 0.60947359 - time (sec): 1.72 - samples/sec: 2563.66 - lr: 0.100000 - momentum: 0.000000
2025-12-22 20:55:33,524 epoch 25 - iter 7/13 - loss 0.60412128 - time (sec): 1.93 - samples/sec: 2598.98 - lr: 0.100000 - momentum: 0.000000
2025-12-22 20:55:33,801 epoch 25 - iter 8/13 - loss 0.60533170 - time (sec): 2.21 - samples/sec: 2596.81 - lr: 0.100000 - momentum: 0.000000
2025-12-22 20:55:34,017 epoch 25 - iter 9/13 - loss 0.60224690 - time (sec): 2.42 - samples/sec: 2682.62 - lr: 0.100000 - momentum: 0.000000
2025-12-22 20:55:34,221 epoch 25 - iter 10/13 - loss 0.60203585 - time (sec): 2.63 - samples/sec: 2749.93 - lr: 0.100000 - momentum: 0.000000
2025-12-22 20:55:34,456 epoch 25 - iter 11/13 - loss 0.60493669 - time (sec): 2.86 - samples/sec: 2780.53 - lr: 0.100000 - momentum: 0.000000
2025-12-22 20:55:34,668 epoch 25 - iter 12/13 - loss 0.60591139 - time (sec): 3.08 - samples/sec: 2811.12 - lr: 0.100000 - momentum: 0.000000
2025-12-22 20:55:34,815 epoch 25 - iter 13/13 - loss 0.60072985 - time (sec): 3.22 - samples/sec: 2838.58 - lr: 0.100000 - momentum: 0.000000
2025-12-22 20:55:34,815 ----------------------------------------------------------------------------------------------------
2025-12-22 20:55:34,815 EPOCH 25 done: loss 0.6007 - lr: 0.100000
2025-12-22 20:55:35,437 DEV : loss 0.4634157717227936 - f1-score (micro avg)  0.839
2025-12-22 20:55:35,437  - 0 epochs without improvement
2025-12-22 20:55:35,438 saving best model
2025-12-22 20:55:35,448 ----------------------------------------------------------------------------------------------------
2025-12-22 20:55:35,622 epoch 26 - iter 1/13 - loss 0.56548699 - time (sec): 0.17 - samples/sec: 3494.93 - lr: 0.100000 - momentum: 0.000000
2025-12-22 20:55:35,801 epoch 26 - iter 2/13 - loss 0.58755742 - time (sec): 0.35 - samples/sec: 3305.32 - lr: 0.100000 - momentum: 0.000000
2025-12-22 20:55:36,023 epoch 26 - iter 3/13 - loss 0.59938318 - time (sec): 0.57 - samples/sec: 3290.60 - lr: 0.100000 - momentum: 0.000000
2025-12-22 20:55:36,214 epoch 26 - iter 4/13 - loss 0.60719021 - time (sec): 0.77 - samples/sec: 3449.74 - lr: 0.100000 - momentum: 0.000000
2025-12-22 20:55:36,382 epoch 26 - iter 5/13 - loss 0.59773480 - time (sec): 0.93 - samples/sec: 3575.56 - lr: 0.100000 - momentum: 0.000000
2025-12-22 20:55:36,680 epoch 26 - iter 6/13 - loss 0.58949471 - time (sec): 1.23 - samples/sec: 3338.45 - lr: 0.100000 - momentum: 0.000000
2025-12-22 20:55:37,062 epoch 26 - iter 7/13 - loss 0.59103757 - time (sec): 1.61 - samples/sec: 3078.28 - lr: 0.100000 - momentum: 0.000000
2025-12-22 20:55:37,475 epoch 26 - iter 8/13 - loss 0.59212390 - time (sec): 2.03 - samples/sec: 2778.83 - lr: 0.100000 - momentum: 0.000000
2025-12-22 20:55:37,702 epoch 26 - iter 9/13 - loss 0.59443050 - time (sec): 2.25 - samples/sec: 2842.26 - lr: 0.100000 - momentum: 0.000000
2025-12-22 20:55:37,991 epoch 26 - iter 10/13 - loss 0.59274325 - time (sec): 2.54 - samples/sec: 2780.51 - lr: 0.100000 - momentum: 0.000000
2025-12-22 20:55:38,241 epoch 26 - iter 11/13 - loss 0.59420379 - time (sec): 2.79 - samples/sec: 2788.17 - lr: 0.100000 - momentum: 0.000000
2025-12-22 20:55:38,465 epoch 26 - iter 12/13 - loss 0.59101996 - time (sec): 3.02 - samples/sec: 2812.24 - lr: 0.100000 - momentum: 0.000000
2025-12-22 20:55:38,675 epoch 26 - iter 13/13 - loss 0.58972556 - time (sec): 3.23 - samples/sec: 2834.64 - lr: 0.100000 - momentum: 0.000000
2025-12-22 20:55:38,676 ----------------------------------------------------------------------------------------------------
2025-12-22 20:55:38,676 EPOCH 26 done: loss 0.5897 - lr: 0.100000
2025-12-22 20:55:39,094 DEV : loss 0.4642774164676666 - f1-score (micro avg)  0.8398
2025-12-22 20:55:39,095  - 0 epochs without improvement
2025-12-22 20:55:39,096 saving best model
2025-12-22 20:55:39,107 ----------------------------------------------------------------------------------------------------
2025-12-22 20:55:39,336 epoch 27 - iter 1/13 - loss 0.51756304 - time (sec): 0.23 - samples/sec: 3525.93 - lr: 0.100000 - momentum: 0.000000
2025-12-22 20:55:39,507 epoch 27 - iter 2/13 - loss 0.56223903 - time (sec): 0.40 - samples/sec: 3370.35 - lr: 0.100000 - momentum: 0.000000
2025-12-22 20:55:39,718 epoch 27 - iter 3/13 - loss 0.57592701 - time (sec): 0.61 - samples/sec: 3305.89 - lr: 0.100000 - momentum: 0.000000
2025-12-22 20:55:39,903 epoch 27 - iter 4/13 - loss 0.59252344 - time (sec): 0.80 - samples/sec: 3405.44 - lr: 0.100000 - momentum: 0.000000
2025-12-22 20:55:40,194 epoch 27 - iter 5/13 - loss 0.59150163 - time (sec): 1.09 - samples/sec: 3198.61 - lr: 0.100000 - momentum: 0.000000
2025-12-22 20:55:40,422 epoch 27 - iter 6/13 - loss 0.58884892 - time (sec): 1.32 - samples/sec: 3150.14 - lr: 0.100000 - momentum: 0.000000
2025-12-22 20:55:40,617 epoch 27 - iter 7/13 - loss 0.58186231 - time (sec): 1.51 - samples/sec: 3211.40 - lr: 0.100000 - momentum: 0.000000
2025-12-22 20:55:41,064 epoch 27 - iter 8/13 - loss 0.57169517 - time (sec): 1.96 - samples/sec: 2874.71 - lr: 0.100000 - momentum: 0.000000
2025-12-22 20:55:41,431 epoch 27 - iter 9/13 - loss 0.56807416 - time (sec): 2.32 - samples/sec: 2719.47 - lr: 0.100000 - momentum: 0.000000
2025-12-22 20:55:41,631 epoch 27 - iter 10/13 - loss 0.57235232 - time (sec): 2.52 - samples/sec: 2753.36 - lr: 0.100000 - momentum: 0.000000
2025-12-22 20:55:41,839 epoch 27 - iter 11/13 - loss 0.56690626 - time (sec): 2.73 - samples/sec: 2789.18 - lr: 0.100000 - momentum: 0.000000
2025-12-22 20:55:42,054 epoch 27 - iter 12/13 - loss 0.56255418 - time (sec): 2.95 - samples/sec: 2822.98 - lr: 0.100000 - momentum: 0.000000
2025-12-22 20:55:42,348 epoch 27 - iter 13/13 - loss 0.55966891 - time (sec): 3.24 - samples/sec: 2822.48 - lr: 0.100000 - momentum: 0.000000
2025-12-22 20:55:42,348 ----------------------------------------------------------------------------------------------------
2025-12-22 20:55:42,348 EPOCH 27 done: loss 0.5597 - lr: 0.100000
2025-12-22 20:55:42,771 DEV : loss 0.4496161937713623 - f1-score (micro avg)  0.8466
2025-12-22 20:55:42,772  - 0 epochs without improvement
2025-12-22 20:55:42,773 saving best model
2025-12-22 20:55:42,784 ----------------------------------------------------------------------------------------------------
2025-12-22 20:55:43,017 epoch 28 - iter 1/13 - loss 0.52734314 - time (sec): 0.23 - samples/sec: 3445.35 - lr: 0.100000 - momentum: 0.000000
2025-12-22 20:55:43,273 epoch 28 - iter 2/13 - loss 0.51675355 - time (sec): 0.49 - samples/sec: 3033.60 - lr: 0.100000 - momentum: 0.000000
2025-12-22 20:55:43,462 epoch 28 - iter 3/13 - loss 0.51776871 - time (sec): 0.68 - samples/sec: 3203.21 - lr: 0.100000 - momentum: 0.000000
2025-12-22 20:55:43,681 epoch 28 - iter 4/13 - loss 0.51808113 - time (sec): 0.90 - samples/sec: 3219.58 - lr: 0.100000 - momentum: 0.000000
2025-12-22 20:55:43,910 epoch 28 - iter 5/13 - loss 0.50365396 - time (sec): 1.13 - samples/sec: 3195.12 - lr: 0.100000 - momentum: 0.000000
2025-12-22 20:55:44,393 epoch 28 - iter 6/13 - loss 0.50980124 - time (sec): 1.61 - samples/sec: 2694.44 - lr: 0.100000 - momentum: 0.000000
2025-12-22 20:55:44,599 epoch 28 - iter 7/13 - loss 0.52291977 - time (sec): 1.81 - samples/sec: 2732.88 - lr: 0.100000 - momentum: 0.000000
2025-12-22 20:55:44,825 epoch 28 - iter 8/13 - loss 0.52317204 - time (sec): 2.04 - samples/sec: 2767.52 - lr: 0.100000 - momentum: 0.000000
2025-12-22 20:55:44,984 epoch 28 - iter 9/13 - loss 0.53003035 - time (sec): 2.20 - samples/sec: 2846.14 - lr: 0.100000 - momentum: 0.000000
2025-12-22 20:55:45,255 epoch 28 - iter 10/13 - loss 0.53325218 - time (sec): 2.47 - samples/sec: 2828.36 - lr: 0.100000 - momentum: 0.000000
2025-12-22 20:55:45,533 epoch 28 - iter 11/13 - loss 0.53503761 - time (sec): 2.75 - samples/sec: 2793.27 - lr: 0.100000 - momentum: 0.000000
2025-12-22 20:55:45,899 epoch 28 - iter 12/13 - loss 0.53342844 - time (sec): 3.11 - samples/sec: 2731.03 - lr: 0.100000 - momentum: 0.000000
2025-12-22 20:55:46,104 epoch 28 - iter 13/13 - loss 0.53429862 - time (sec): 3.32 - samples/sec: 2756.09 - lr: 0.100000 - momentum: 0.000000
2025-12-22 20:55:46,104 ----------------------------------------------------------------------------------------------------
2025-12-22 20:55:46,104 EPOCH 28 done: loss 0.5343 - lr: 0.100000
2025-12-22 20:55:46,539 DEV : loss 0.4414122998714447 - f1-score (micro avg)  0.8512
2025-12-22 20:55:46,540  - 0 epochs without improvement
2025-12-22 20:55:46,540 saving best model
2025-12-22 20:55:46,552 ----------------------------------------------------------------------------------------------------
2025-12-22 20:55:46,760 epoch 29 - iter 1/13 - loss 0.49390622 - time (sec): 0.21 - samples/sec: 3259.46 - lr: 0.100000 - momentum: 0.000000
2025-12-22 20:55:46,950 epoch 29 - iter 2/13 - loss 0.50135337 - time (sec): 0.40 - samples/sec: 3220.01 - lr: 0.100000 - momentum: 0.000000
2025-12-22 20:55:47,191 epoch 29 - iter 3/13 - loss 0.49578164 - time (sec): 0.64 - samples/sec: 3365.80 - lr: 0.100000 - momentum: 0.000000
2025-12-22 20:55:47,485 epoch 29 - iter 4/13 - loss 0.51280713 - time (sec): 0.93 - samples/sec: 3142.28 - lr: 0.100000 - momentum: 0.000000
2025-12-22 20:55:47,728 epoch 29 - iter 5/13 - loss 0.50996790 - time (sec): 1.18 - samples/sec: 3040.24 - lr: 0.100000 - momentum: 0.000000
2025-12-22 20:55:47,921 epoch 29 - iter 6/13 - loss 0.50739237 - time (sec): 1.37 - samples/sec: 3088.30 - lr: 0.100000 - momentum: 0.000000
2025-12-22 20:55:48,389 epoch 29 - iter 7/13 - loss 0.51071667 - time (sec): 1.84 - samples/sec: 2760.18 - lr: 0.100000 - momentum: 0.000000
2025-12-22 20:55:48,764 epoch 29 - iter 8/13 - loss 0.51680868 - time (sec): 2.21 - samples/sec: 2675.03 - lr: 0.100000 - momentum: 0.000000
2025-12-22 20:55:48,918 epoch 29 - iter 9/13 - loss 0.51612999 - time (sec): 2.37 - samples/sec: 2742.68 - lr: 0.100000 - momentum: 0.000000
2025-12-22 20:55:49,118 epoch 29 - iter 10/13 - loss 0.51702545 - time (sec): 2.57 - samples/sec: 2816.23 - lr: 0.100000 - momentum: 0.000000
2025-12-22 20:55:49,277 epoch 29 - iter 11/13 - loss 0.52211364 - time (sec): 2.72 - samples/sec: 2869.10 - lr: 0.100000 - momentum: 0.000000
2025-12-22 20:55:49,486 epoch 29 - iter 12/13 - loss 0.52362939 - time (sec): 2.93 - samples/sec: 2918.41 - lr: 0.100000 - momentum: 0.000000
2025-12-22 20:55:49,677 epoch 29 - iter 13/13 - loss 0.52596816 - time (sec): 3.12 - samples/sec: 2927.22 - lr: 0.100000 - momentum: 0.000000
2025-12-22 20:55:49,678 ----------------------------------------------------------------------------------------------------
2025-12-22 20:55:49,678 EPOCH 29 done: loss 0.5260 - lr: 0.100000
2025-12-22 20:55:50,196 DEV : loss 0.4252203106880188 - f1-score (micro avg)  0.8585
2025-12-22 20:55:50,197  - 0 epochs without improvement
2025-12-22 20:55:50,197 saving best model
2025-12-22 20:55:50,207 ----------------------------------------------------------------------------------------------------
2025-12-22 20:55:50,425 epoch 30 - iter 1/13 - loss 0.48456588 - time (sec): 0.22 - samples/sec: 3139.29 - lr: 0.100000 - momentum: 0.000000
2025-12-22 20:55:50,657 epoch 30 - iter 2/13 - loss 0.52451505 - time (sec): 0.45 - samples/sec: 3193.57 - lr: 0.100000 - momentum: 0.000000
2025-12-22 20:55:50,905 epoch 30 - iter 3/13 - loss 0.52005529 - time (sec): 0.70 - samples/sec: 3170.18 - lr: 0.100000 - momentum: 0.000000
2025-12-22 20:55:51,082 epoch 30 - iter 4/13 - loss 0.51308910 - time (sec): 0.87 - samples/sec: 3243.47 - lr: 0.100000 - momentum: 0.000000
2025-12-22 20:55:51,344 epoch 30 - iter 5/13 - loss 0.50393748 - time (sec): 1.14 - samples/sec: 3108.62 - lr: 0.100000 - momentum: 0.000000
2025-12-22 20:55:51,824 epoch 30 - iter 6/13 - loss 0.50455661 - time (sec): 1.62 - samples/sec: 2665.93 - lr: 0.100000 - momentum: 0.000000
2025-12-22 20:55:52,003 epoch 30 - iter 7/13 - loss 0.50215691 - time (sec): 1.80 - samples/sec: 2772.21 - lr: 0.100000 - momentum: 0.000000
2025-12-22 20:55:52,236 epoch 30 - iter 8/13 - loss 0.50176941 - time (sec): 2.03 - samples/sec: 2826.45 - lr: 0.100000 - momentum: 0.000000
2025-12-22 20:55:52,495 epoch 30 - iter 9/13 - loss 0.50614452 - time (sec): 2.29 - samples/sec: 2789.24 - lr: 0.100000 - momentum: 0.000000
2025-12-22 20:55:52,688 epoch 30 - iter 10/13 - loss 0.50808632 - time (sec): 2.48 - samples/sec: 2814.78 - lr: 0.100000 - momentum: 0.000000
2025-12-22 20:55:52,909 epoch 30 - iter 11/13 - loss 0.50677343 - time (sec): 2.70 - samples/sec: 2891.46 - lr: 0.100000 - momentum: 0.000000
2025-12-22 20:55:53,092 epoch 30 - iter 12/13 - loss 0.50407288 - time (sec): 2.88 - samples/sec: 2928.58 - lr: 0.100000 - momentum: 0.000000
2025-12-22 20:55:53,431 epoch 30 - iter 13/13 - loss 0.50976205 - time (sec): 3.22 - samples/sec: 2837.45 - lr: 0.100000 - momentum: 0.000000
2025-12-22 20:55:53,431 ----------------------------------------------------------------------------------------------------
2025-12-22 20:55:53,431 EPOCH 30 done: loss 0.5098 - lr: 0.100000
2025-12-22 20:55:53,901 DEV : loss 0.4118654429912567 - f1-score (micro avg)  0.8665
2025-12-22 20:55:53,902  - 0 epochs without improvement
2025-12-22 20:55:53,903 saving best model
2025-12-22 20:55:53,914 ----------------------------------------------------------------------------------------------------
2025-12-22 20:55:54,182 epoch 31 - iter 1/13 - loss 0.47774139 - time (sec): 0.27 - samples/sec: 2434.60 - lr: 0.100000 - momentum: 0.000000
2025-12-22 20:55:54,610 epoch 31 - iter 2/13 - loss 0.48315784 - time (sec): 0.70 - samples/sec: 1982.56 - lr: 0.100000 - momentum: 0.000000
2025-12-22 20:55:54,786 epoch 31 - iter 3/13 - loss 0.49378851 - time (sec): 0.87 - samples/sec: 2273.26 - lr: 0.100000 - momentum: 0.000000
2025-12-22 20:55:55,075 epoch 31 - iter 4/13 - loss 0.49864863 - time (sec): 1.16 - samples/sec: 2323.10 - lr: 0.100000 - momentum: 0.000000
2025-12-22 20:55:55,291 epoch 31 - iter 5/13 - loss 0.48477699 - time (sec): 1.38 - samples/sec: 2428.85 - lr: 0.100000 - momentum: 0.000000
2025-12-22 20:55:55,466 epoch 31 - iter 6/13 - loss 0.48592958 - time (sec): 1.55 - samples/sec: 2604.65 - lr: 0.100000 - momentum: 0.000000
2025-12-22 20:55:55,669 epoch 31 - iter 7/13 - loss 0.48584645 - time (sec): 1.76 - samples/sec: 2695.02 - lr: 0.100000 - momentum: 0.000000
2025-12-22 20:55:55,913 epoch 31 - iter 8/13 - loss 0.48678329 - time (sec): 2.00 - samples/sec: 2773.32 - lr: 0.100000 - momentum: 0.000000
2025-12-22 20:55:56,192 epoch 31 - iter 9/13 - loss 0.48630745 - time (sec): 2.28 - samples/sec: 2737.02 - lr: 0.100000 - momentum: 0.000000
2025-12-22 20:55:56,353 epoch 31 - iter 10/13 - loss 0.49039885 - time (sec): 2.44 - samples/sec: 2806.43 - lr: 0.100000 - momentum: 0.000000
2025-12-22 20:55:56,561 epoch 31 - iter 11/13 - loss 0.49311300 - time (sec): 2.65 - samples/sec: 2875.28 - lr: 0.100000 - momentum: 0.000000
2025-12-22 20:55:56,787 epoch 31 - iter 12/13 - loss 0.49122399 - time (sec): 2.87 - samples/sec: 2929.01 - lr: 0.100000 - momentum: 0.000000
2025-12-22 20:55:57,119 epoch 31 - iter 13/13 - loss 0.48814150 - time (sec): 3.21 - samples/sec: 2853.63 - lr: 0.100000 - momentum: 0.000000
2025-12-22 20:55:57,120 ----------------------------------------------------------------------------------------------------
2025-12-22 20:55:57,120 EPOCH 31 done: loss 0.4881 - lr: 0.100000
2025-12-22 20:55:57,660 DEV : loss 0.41447705030441284 - f1-score (micro avg)  0.8641
2025-12-22 20:55:57,661  - 1 epochs without improvement
2025-12-22 20:55:57,661 ----------------------------------------------------------------------------------------------------
2025-12-22 20:55:57,942 epoch 32 - iter 1/13 - loss 0.44480872 - time (sec): 0.28 - samples/sec: 2692.71 - lr: 0.100000 - momentum: 0.000000
2025-12-22 20:55:58,180 epoch 32 - iter 2/13 - loss 0.49413702 - time (sec): 0.52 - samples/sec: 2614.63 - lr: 0.100000 - momentum: 0.000000
2025-12-22 20:55:58,656 epoch 32 - iter 3/13 - loss 0.50621061 - time (sec): 1.00 - samples/sec: 2277.23 - lr: 0.100000 - momentum: 0.000000
2025-12-22 20:55:58,874 epoch 32 - iter 4/13 - loss 0.49999837 - time (sec): 1.21 - samples/sec: 2475.97 - lr: 0.100000 - momentum: 0.000000
2025-12-22 20:55:59,048 epoch 32 - iter 5/13 - loss 0.49018344 - time (sec): 1.39 - samples/sec: 2626.45 - lr: 0.100000 - momentum: 0.000000
2025-12-22 20:55:59,255 epoch 32 - iter 6/13 - loss 0.48457632 - time (sec): 1.59 - samples/sec: 2732.82 - lr: 0.100000 - momentum: 0.000000
2025-12-22 20:55:59,447 epoch 32 - iter 7/13 - loss 0.48405124 - time (sec): 1.79 - samples/sec: 2842.57 - lr: 0.100000 - momentum: 0.000000
2025-12-22 20:55:59,585 epoch 32 - iter 8/13 - loss 0.47944089 - time (sec): 1.92 - samples/sec: 2914.56 - lr: 0.100000 - momentum: 0.000000
2025-12-22 20:55:59,817 epoch 32 - iter 9/13 - loss 0.47314886 - time (sec): 2.16 - samples/sec: 2979.55 - lr: 0.100000 - momentum: 0.000000
2025-12-22 20:56:00,193 epoch 32 - iter 10/13 - loss 0.47321554 - time (sec): 2.53 - samples/sec: 2868.06 - lr: 0.100000 - momentum: 0.000000
2025-12-22 20:56:00,387 epoch 32 - iter 11/13 - loss 0.47575698 - time (sec): 2.73 - samples/sec: 2856.16 - lr: 0.100000 - momentum: 0.000000
2025-12-22 20:56:00,617 epoch 32 - iter 12/13 - loss 0.47718855 - time (sec): 2.96 - samples/sec: 2867.08 - lr: 0.100000 - momentum: 0.000000
2025-12-22 20:56:00,859 epoch 32 - iter 13/13 - loss 0.47425663 - time (sec): 3.20 - samples/sec: 2860.69 - lr: 0.100000 - momentum: 0.000000
2025-12-22 20:56:00,859 ----------------------------------------------------------------------------------------------------
2025-12-22 20:56:00,860 EPOCH 32 done: loss 0.4743 - lr: 0.100000
2025-12-22 20:56:01,270 DEV : loss 0.4229143559932709 - f1-score (micro avg)  0.8644
2025-12-22 20:56:01,271  - 2 epochs without improvement
2025-12-22 20:56:01,271 ----------------------------------------------------------------------------------------------------
2025-12-22 20:56:01,538 epoch 33 - iter 1/13 - loss 0.42523777 - time (sec): 0.27 - samples/sec: 2793.52 - lr: 0.100000 - momentum: 0.000000
2025-12-22 20:56:01,710 epoch 33 - iter 2/13 - loss 0.46524751 - time (sec): 0.44 - samples/sec: 3070.71 - lr: 0.100000 - momentum: 0.000000
2025-12-22 20:56:01,858 epoch 33 - iter 3/13 - loss 0.45717804 - time (sec): 0.59 - samples/sec: 3319.92 - lr: 0.100000 - momentum: 0.000000
2025-12-22 20:56:02,198 epoch 33 - iter 4/13 - loss 0.46584690 - time (sec): 0.93 - samples/sec: 2794.82 - lr: 0.100000 - momentum: 0.000000
2025-12-22 20:56:02,410 epoch 33 - iter 5/13 - loss 0.46144502 - time (sec): 1.14 - samples/sec: 2943.66 - lr: 0.100000 - momentum: 0.000000
2025-12-22 20:56:02,704 epoch 33 - iter 6/13 - loss 0.46134879 - time (sec): 1.43 - samples/sec: 2912.98 - lr: 0.100000 - momentum: 0.000000
2025-12-22 20:56:02,929 epoch 33 - iter 7/13 - loss 0.45410789 - time (sec): 1.66 - samples/sec: 2981.16 - lr: 0.100000 - momentum: 0.000000
2025-12-22 20:56:03,090 epoch 33 - iter 8/13 - loss 0.44789582 - time (sec): 1.82 - samples/sec: 3092.35 - lr: 0.100000 - momentum: 0.000000
2025-12-22 20:56:03,316 epoch 33 - iter 9/13 - loss 0.45289017 - time (sec): 2.04 - samples/sec: 3130.07 - lr: 0.100000 - momentum: 0.000000
2025-12-22 20:56:03,596 epoch 33 - iter 10/13 - loss 0.45269391 - time (sec): 2.32 - samples/sec: 3022.54 - lr: 0.100000 - momentum: 0.000000
2025-12-22 20:56:03,823 epoch 33 - iter 11/13 - loss 0.45513809 - time (sec): 2.55 - samples/sec: 2996.72 - lr: 0.100000 - momentum: 0.000000
2025-12-22 20:56:03,980 epoch 33 - iter 12/13 - loss 0.45830116 - time (sec): 2.71 - samples/sec: 3070.38 - lr: 0.100000 - momentum: 0.000000
2025-12-22 20:56:04,435 epoch 33 - iter 13/13 - loss 0.45440637 - time (sec): 3.16 - samples/sec: 2891.29 - lr: 0.100000 - momentum: 0.000000
2025-12-22 20:56:04,435 ----------------------------------------------------------------------------------------------------
2025-12-22 20:56:04,436 EPOCH 33 done: loss 0.4544 - lr: 0.100000
2025-12-22 20:56:04,896 DEV : loss 0.400308221578598 - f1-score (micro avg)  0.8754
2025-12-22 20:56:04,897  - 0 epochs without improvement
2025-12-22 20:56:04,897 saving best model
2025-12-22 20:56:04,913 ----------------------------------------------------------------------------------------------------
2025-12-22 20:56:05,185 epoch 34 - iter 1/13 - loss 0.39702946 - time (sec): 0.27 - samples/sec: 2667.80 - lr: 0.100000 - momentum: 0.000000
2025-12-22 20:56:05,395 epoch 34 - iter 2/13 - loss 0.39925264 - time (sec): 0.48 - samples/sec: 2778.71 - lr: 0.100000 - momentum: 0.000000
2025-12-22 20:56:05,666 epoch 34 - iter 3/13 - loss 0.43681362 - time (sec): 0.75 - samples/sec: 2700.67 - lr: 0.100000 - momentum: 0.000000
2025-12-22 20:56:05,875 epoch 34 - iter 4/13 - loss 0.44021150 - time (sec): 0.96 - samples/sec: 2780.02 - lr: 0.100000 - momentum: 0.000000
2025-12-22 20:56:06,223 epoch 34 - iter 5/13 - loss 0.44937020 - time (sec): 1.31 - samples/sec: 2571.04 - lr: 0.100000 - momentum: 0.000000
2025-12-22 20:56:06,442 epoch 34 - iter 6/13 - loss 0.44786958 - time (sec): 1.53 - samples/sec: 2646.84 - lr: 0.100000 - momentum: 0.000000
2025-12-22 20:56:06,730 epoch 34 - iter 7/13 - loss 0.45113380 - time (sec): 1.82 - samples/sec: 2640.71 - lr: 0.100000 - momentum: 0.000000
2025-12-22 20:56:06,928 epoch 34 - iter 8/13 - loss 0.45238240 - time (sec): 2.01 - samples/sec: 2691.36 - lr: 0.100000 - momentum: 0.000000
2025-12-22 20:56:07,398 epoch 34 - iter 9/13 - loss 0.44311867 - time (sec): 2.48 - samples/sec: 2519.31 - lr: 0.100000 - momentum: 0.000000
2025-12-22 20:56:07,601 epoch 34 - iter 10/13 - loss 0.44592215 - time (sec): 2.69 - samples/sec: 2606.08 - lr: 0.100000 - momentum: 0.000000
2025-12-22 20:56:07,895 epoch 34 - iter 11/13 - loss 0.44159180 - time (sec): 2.98 - samples/sec: 2647.07 - lr: 0.100000 - momentum: 0.000000
2025-12-22 20:56:08,078 epoch 34 - iter 12/13 - loss 0.44477664 - time (sec): 3.16 - samples/sec: 2711.67 - lr: 0.100000 - momentum: 0.000000
2025-12-22 20:56:08,248 epoch 34 - iter 13/13 - loss 0.44463941 - time (sec): 3.33 - samples/sec: 2743.55 - lr: 0.100000 - momentum: 0.000000
2025-12-22 20:56:08,248 ----------------------------------------------------------------------------------------------------
2025-12-22 20:56:08,248 EPOCH 34 done: loss 0.4446 - lr: 0.100000
2025-12-22 20:56:08,859 DEV : loss 0.39421331882476807 - f1-score (micro avg)  0.8789
2025-12-22 20:56:08,860  - 0 epochs without improvement
2025-12-22 20:56:08,861 saving best model
2025-12-22 20:56:08,872 ----------------------------------------------------------------------------------------------------
2025-12-22 20:56:09,141 epoch 35 - iter 1/13 - loss 0.40354701 - time (sec): 0.27 - samples/sec: 2710.45 - lr: 0.100000 - momentum: 0.000000
2025-12-22 20:56:09,511 epoch 35 - iter 2/13 - loss 0.40562370 - time (sec): 0.64 - samples/sec: 2346.16 - lr: 0.100000 - momentum: 0.000000
2025-12-22 20:56:09,681 epoch 35 - iter 3/13 - loss 0.39898962 - time (sec): 0.81 - samples/sec: 2608.22 - lr: 0.100000 - momentum: 0.000000
2025-12-22 20:56:09,977 epoch 35 - iter 4/13 - loss 0.42687006 - time (sec): 1.10 - samples/sec: 2610.94 - lr: 0.100000 - momentum: 0.000000
2025-12-22 20:56:10,144 epoch 35 - iter 5/13 - loss 0.42845252 - time (sec): 1.27 - samples/sec: 2729.39 - lr: 0.100000 - momentum: 0.000000
2025-12-22 20:56:10,357 epoch 35 - iter 6/13 - loss 0.42213804 - time (sec): 1.49 - samples/sec: 2792.17 - lr: 0.100000 - momentum: 0.000000
2025-12-22 20:56:10,786 epoch 35 - iter 7/13 - loss 0.42871813 - time (sec): 1.91 - samples/sec: 2554.62 - lr: 0.100000 - momentum: 0.000000
2025-12-22 20:56:11,018 epoch 35 - iter 8/13 - loss 0.43240589 - time (sec): 2.15 - samples/sec: 2635.67 - lr: 0.100000 - momentum: 0.000000
2025-12-22 20:56:11,217 epoch 35 - iter 9/13 - loss 0.43684860 - time (sec): 2.35 - samples/sec: 2726.47 - lr: 0.100000 - momentum: 0.000000
2025-12-22 20:56:11,437 epoch 35 - iter 10/13 - loss 0.43398634 - time (sec): 2.57 - samples/sec: 2794.39 - lr: 0.100000 - momentum: 0.000000
2025-12-22 20:56:11,790 epoch 35 - iter 11/13 - loss 0.43512034 - time (sec): 2.92 - samples/sec: 2721.25 - lr: 0.100000 - momentum: 0.000000
2025-12-22 20:56:12,004 epoch 35 - iter 12/13 - loss 0.43101191 - time (sec): 3.13 - samples/sec: 2767.44 - lr: 0.100000 - momentum: 0.000000
2025-12-22 20:56:12,124 epoch 35 - iter 13/13 - loss 0.43271045 - time (sec): 3.25 - samples/sec: 2812.78 - lr: 0.100000 - momentum: 0.000000
2025-12-22 20:56:12,124 ----------------------------------------------------------------------------------------------------
2025-12-22 20:56:12,124 EPOCH 35 done: loss 0.4327 - lr: 0.100000
2025-12-22 20:56:12,541 DEV : loss 0.3960222899913788 - f1-score (micro avg)  0.8814
2025-12-22 20:56:12,542  - 0 epochs without improvement
2025-12-22 20:56:12,542 saving best model
2025-12-22 20:56:12,553 ----------------------------------------------------------------------------------------------------
2025-12-22 20:56:12,764 epoch 36 - iter 1/13 - loss 0.40676597 - time (sec): 0.21 - samples/sec: 3695.19 - lr: 0.100000 - momentum: 0.000000
2025-12-22 20:56:12,989 epoch 36 - iter 2/13 - loss 0.41650260 - time (sec): 0.44 - samples/sec: 3440.64 - lr: 0.100000 - momentum: 0.000000
2025-12-22 20:56:13,350 epoch 36 - iter 3/13 - loss 0.43316594 - time (sec): 0.80 - samples/sec: 2971.25 - lr: 0.100000 - momentum: 0.000000
2025-12-22 20:56:13,635 epoch 36 - iter 4/13 - loss 0.42943324 - time (sec): 1.08 - samples/sec: 2922.39 - lr: 0.100000 - momentum: 0.000000
2025-12-22 20:56:13,806 epoch 36 - iter 5/13 - loss 0.41635215 - time (sec): 1.25 - samples/sec: 3033.50 - lr: 0.100000 - momentum: 0.000000
2025-12-22 20:56:14,014 epoch 36 - iter 6/13 - loss 0.41599921 - time (sec): 1.46 - samples/sec: 3035.51 - lr: 0.100000 - momentum: 0.000000
2025-12-22 20:56:14,290 epoch 36 - iter 7/13 - loss 0.42508609 - time (sec): 1.74 - samples/sec: 2942.18 - lr: 0.100000 - momentum: 0.000000
2025-12-22 20:56:14,513 epoch 36 - iter 8/13 - loss 0.42669231 - time (sec): 1.96 - samples/sec: 2981.82 - lr: 0.100000 - momentum: 0.000000
2025-12-22 20:56:14,697 epoch 36 - iter 9/13 - loss 0.42535201 - time (sec): 2.14 - samples/sec: 3059.14 - lr: 0.100000 - momentum: 0.000000
2025-12-22 20:56:14,911 epoch 36 - iter 10/13 - loss 0.42028699 - time (sec): 2.36 - samples/sec: 3083.14 - lr: 0.100000 - momentum: 0.000000
2025-12-22 20:56:15,103 epoch 36 - iter 11/13 - loss 0.42240516 - time (sec): 2.55 - samples/sec: 3092.11 - lr: 0.100000 - momentum: 0.000000
2025-12-22 20:56:15,319 epoch 36 - iter 12/13 - loss 0.42425832 - time (sec): 2.77 - samples/sec: 3067.45 - lr: 0.100000 - momentum: 0.000000
2025-12-22 20:56:15,752 epoch 36 - iter 13/13 - loss 0.42219780 - time (sec): 3.20 - samples/sec: 2859.96 - lr: 0.100000 - momentum: 0.000000
2025-12-22 20:56:15,752 ----------------------------------------------------------------------------------------------------
2025-12-22 20:56:15,752 EPOCH 36 done: loss 0.4222 - lr: 0.100000
2025-12-22 20:56:16,192 DEV : loss 0.39997658133506775 - f1-score (micro avg)  0.8762
2025-12-22 20:56:16,193  - 1 epochs without improvement
2025-12-22 20:56:16,194 ----------------------------------------------------------------------------------------------------
2025-12-22 20:56:16,418 epoch 37 - iter 1/13 - loss 0.44087293 - time (sec): 0.22 - samples/sec: 3052.42 - lr: 0.100000 - momentum: 0.000000
2025-12-22 20:56:16,770 epoch 37 - iter 2/13 - loss 0.43989957 - time (sec): 0.58 - samples/sec: 2531.99 - lr: 0.100000 - momentum: 0.000000
2025-12-22 20:56:16,970 epoch 37 - iter 3/13 - loss 0.42630670 - time (sec): 0.78 - samples/sec: 2946.12 - lr: 0.100000 - momentum: 0.000000
2025-12-22 20:56:17,173 epoch 37 - iter 4/13 - loss 0.42124373 - time (sec): 0.98 - samples/sec: 3093.53 - lr: 0.100000 - momentum: 0.000000
2025-12-22 20:56:17,609 epoch 37 - iter 5/13 - loss 0.41642611 - time (sec): 1.41 - samples/sec: 2648.09 - lr: 0.100000 - momentum: 0.000000
2025-12-22 20:56:17,808 epoch 37 - iter 6/13 - loss 0.41569350 - time (sec): 1.61 - samples/sec: 2731.27 - lr: 0.100000 - momentum: 0.000000
2025-12-22 20:56:18,010 epoch 37 - iter 7/13 - loss 0.40980719 - time (sec): 1.82 - samples/sec: 2818.03 - lr: 0.100000 - momentum: 0.000000
2025-12-22 20:56:18,306 epoch 37 - iter 8/13 - loss 0.40641100 - time (sec): 2.11 - samples/sec: 2794.69 - lr: 0.100000 - momentum: 0.000000
2025-12-22 20:56:18,479 epoch 37 - iter 9/13 - loss 0.40461661 - time (sec): 2.28 - samples/sec: 2821.44 - lr: 0.100000 - momentum: 0.000000
2025-12-22 20:56:18,708 epoch 37 - iter 10/13 - loss 0.40564473 - time (sec): 2.51 - samples/sec: 2864.04 - lr: 0.100000 - momentum: 0.000000
2025-12-22 20:56:18,959 epoch 37 - iter 11/13 - loss 0.41069999 - time (sec): 2.77 - samples/sec: 2871.56 - lr: 0.100000 - momentum: 0.000000
2025-12-22 20:56:19,251 epoch 37 - iter 12/13 - loss 0.40704542 - time (sec): 3.06 - samples/sec: 2824.79 - lr: 0.100000 - momentum: 0.000000
2025-12-22 20:56:19,409 epoch 37 - iter 13/13 - loss 0.40820825 - time (sec): 3.21 - samples/sec: 2845.25 - lr: 0.100000 - momentum: 0.000000
2025-12-22 20:56:19,409 ----------------------------------------------------------------------------------------------------
2025-12-22 20:56:19,409 EPOCH 37 done: loss 0.4082 - lr: 0.100000
2025-12-22 20:56:19,821 DEV : loss 0.40730857849121094 - f1-score (micro avg)  0.8838
2025-12-22 20:56:19,822  - 0 epochs without improvement
2025-12-22 20:56:19,822 saving best model
2025-12-22 20:56:19,835 ----------------------------------------------------------------------------------------------------
2025-12-22 20:56:20,013 epoch 38 - iter 1/13 - loss 0.36603177 - time (sec): 0.18 - samples/sec: 3396.45 - lr: 0.100000 - momentum: 0.000000
2025-12-22 20:56:20,178 epoch 38 - iter 2/13 - loss 0.38863890 - time (sec): 0.34 - samples/sec: 3588.64 - lr: 0.100000 - momentum: 0.000000
2025-12-22 20:56:20,431 epoch 38 - iter 3/13 - loss 0.37560186 - time (sec): 0.60 - samples/sec: 3302.41 - lr: 0.100000 - momentum: 0.000000
2025-12-22 20:56:20,627 epoch 38 - iter 4/13 - loss 0.37694199 - time (sec): 0.79 - samples/sec: 3378.81 - lr: 0.100000 - momentum: 0.000000
2025-12-22 20:56:20,791 epoch 38 - iter 5/13 - loss 0.37137320 - time (sec): 0.96 - samples/sec: 3385.78 - lr: 0.100000 - momentum: 0.000000
2025-12-22 20:56:20,966 epoch 38 - iter 6/13 - loss 0.38821324 - time (sec): 1.13 - samples/sec: 3408.60 - lr: 0.100000 - momentum: 0.000000
2025-12-22 20:56:21,181 epoch 38 - iter 7/13 - loss 0.38660116 - time (sec): 1.35 - samples/sec: 3418.17 - lr: 0.100000 - momentum: 0.000000
2025-12-22 20:56:21,671 epoch 38 - iter 8/13 - loss 0.39586386 - time (sec): 1.84 - samples/sec: 2956.40 - lr: 0.100000 - momentum: 0.000000
2025-12-22 20:56:22,021 epoch 38 - iter 9/13 - loss 0.39425462 - time (sec): 2.19 - samples/sec: 2835.73 - lr: 0.100000 - momentum: 0.000000
2025-12-22 20:56:22,352 epoch 38 - iter 10/13 - loss 0.39045927 - time (sec): 2.52 - samples/sec: 2770.13 - lr: 0.100000 - momentum: 0.000000
2025-12-22 20:56:22,562 epoch 38 - iter 11/13 - loss 0.39258802 - time (sec): 2.73 - samples/sec: 2823.94 - lr: 0.100000 - momentum: 0.000000
2025-12-22 20:56:22,843 epoch 38 - iter 12/13 - loss 0.39771466 - time (sec): 3.01 - samples/sec: 2786.71 - lr: 0.100000 - momentum: 0.000000
2025-12-22 20:56:23,029 epoch 38 - iter 13/13 - loss 0.39547162 - time (sec): 3.19 - samples/sec: 2863.60 - lr: 0.100000 - momentum: 0.000000
2025-12-22 20:56:23,030 ----------------------------------------------------------------------------------------------------
2025-12-22 20:56:23,030 EPOCH 38 done: loss 0.3955 - lr: 0.100000
2025-12-22 20:56:23,646 DEV : loss 0.39424794912338257 - f1-score (micro avg)  0.8854
2025-12-22 20:56:23,647  - 0 epochs without improvement
2025-12-22 20:56:23,647 saving best model
2025-12-22 20:56:23,658 ----------------------------------------------------------------------------------------------------
2025-12-22 20:56:24,145 epoch 39 - iter 1/13 - loss 0.34896902 - time (sec): 0.49 - samples/sec: 1344.82 - lr: 0.100000 - momentum: 0.000000
2025-12-22 20:56:24,323 epoch 39 - iter 2/13 - loss 0.38769082 - time (sec): 0.67 - samples/sec: 1959.39 - lr: 0.100000 - momentum: 0.000000
2025-12-22 20:56:24,598 epoch 39 - iter 3/13 - loss 0.40669376 - time (sec): 0.94 - samples/sec: 2180.76 - lr: 0.100000 - momentum: 0.000000
2025-12-22 20:56:24,809 epoch 39 - iter 4/13 - loss 0.39130352 - time (sec): 1.15 - samples/sec: 2357.30 - lr: 0.100000 - momentum: 0.000000
2025-12-22 20:56:25,120 epoch 39 - iter 5/13 - loss 0.39130345 - time (sec): 1.46 - samples/sec: 2403.81 - lr: 0.100000 - momentum: 0.000000
2025-12-22 20:56:25,318 epoch 39 - iter 6/13 - loss 0.39274021 - time (sec): 1.66 - samples/sec: 2469.75 - lr: 0.100000 - momentum: 0.000000
2025-12-22 20:56:25,498 epoch 39 - iter 7/13 - loss 0.38875795 - time (sec): 1.84 - samples/sec: 2574.93 - lr: 0.100000 - momentum: 0.000000
2025-12-22 20:56:25,724 epoch 39 - iter 8/13 - loss 0.38965040 - time (sec): 2.07 - samples/sec: 2648.75 - lr: 0.100000 - momentum: 0.000000
2025-12-22 20:56:26,212 epoch 39 - iter 9/13 - loss 0.39223414 - time (sec): 2.55 - samples/sec: 2505.47 - lr: 0.100000 - momentum: 0.000000
2025-12-22 20:56:26,432 epoch 39 - iter 10/13 - loss 0.39306384 - time (sec): 2.77 - samples/sec: 2539.17 - lr: 0.100000 - momentum: 0.000000
2025-12-22 20:56:26,639 epoch 39 - iter 11/13 - loss 0.39203404 - time (sec): 2.98 - samples/sec: 2629.65 - lr: 0.100000 - momentum: 0.000000
2025-12-22 20:56:26,827 epoch 39 - iter 12/13 - loss 0.39208716 - time (sec): 3.17 - samples/sec: 2703.02 - lr: 0.100000 - momentum: 0.000000
2025-12-22 20:56:27,056 epoch 39 - iter 13/13 - loss 0.39485875 - time (sec): 3.40 - samples/sec: 2691.53 - lr: 0.100000 - momentum: 0.000000
2025-12-22 20:56:27,057 ----------------------------------------------------------------------------------------------------
2025-12-22 20:56:27,057 EPOCH 39 done: loss 0.3949 - lr: 0.100000
2025-12-22 20:56:27,475 DEV : loss 0.4055040776729584 - f1-score (micro avg)  0.8819
2025-12-22 20:56:27,476  - 1 epochs without improvement
2025-12-22 20:56:27,476 ----------------------------------------------------------------------------------------------------
2025-12-22 20:56:27,692 epoch 40 - iter 1/13 - loss 0.34087958 - time (sec): 0.22 - samples/sec: 3204.07 - lr: 0.100000 - momentum: 0.000000
2025-12-22 20:56:27,965 epoch 40 - iter 2/13 - loss 0.35594038 - time (sec): 0.49 - samples/sec: 2821.77 - lr: 0.100000 - momentum: 0.000000
2025-12-22 20:56:28,315 epoch 40 - iter 3/13 - loss 0.37020486 - time (sec): 0.84 - samples/sec: 2623.05 - lr: 0.100000 - momentum: 0.000000
2025-12-22 20:56:28,743 epoch 40 - iter 4/13 - loss 0.36479689 - time (sec): 1.27 - samples/sec: 2314.34 - lr: 0.100000 - momentum: 0.000000
2025-12-22 20:56:29,036 epoch 40 - iter 5/13 - loss 0.36526434 - time (sec): 1.56 - samples/sec: 2393.39 - lr: 0.100000 - momentum: 0.000000
2025-12-22 20:56:29,257 epoch 40 - iter 6/13 - loss 0.36736250 - time (sec): 1.78 - samples/sec: 2524.12 - lr: 0.100000 - momentum: 0.000000
2025-12-22 20:56:29,442 epoch 40 - iter 7/13 - loss 0.37213142 - time (sec): 1.97 - samples/sec: 2637.79 - lr: 0.100000 - momentum: 0.000000
2025-12-22 20:56:29,662 epoch 40 - iter 8/13 - loss 0.38087167 - time (sec): 2.19 - samples/sec: 2743.54 - lr: 0.100000 - momentum: 0.000000
2025-12-22 20:56:29,883 epoch 40 - iter 9/13 - loss 0.37876307 - time (sec): 2.41 - samples/sec: 2735.71 - lr: 0.100000 - momentum: 0.000000
2025-12-22 20:56:30,138 epoch 40 - iter 10/13 - loss 0.37978330 - time (sec): 2.66 - samples/sec: 2743.19 - lr: 0.100000 - momentum: 0.000000
2025-12-22 20:56:30,343 epoch 40 - iter 11/13 - loss 0.38314781 - time (sec): 2.87 - samples/sec: 2831.69 - lr: 0.100000 - momentum: 0.000000
2025-12-22 20:56:30,459 epoch 40 - iter 12/13 - loss 0.38828635 - time (sec): 2.98 - samples/sec: 2864.87 - lr: 0.100000 - momentum: 0.000000
2025-12-22 20:56:30,662 epoch 40 - iter 13/13 - loss 0.39071068 - time (sec): 3.19 - samples/sec: 2871.12 - lr: 0.100000 - momentum: 0.000000
2025-12-22 20:56:30,662 ----------------------------------------------------------------------------------------------------
2025-12-22 20:56:30,662 EPOCH 40 done: loss 0.3907 - lr: 0.100000
2025-12-22 20:56:31,076 DEV : loss 0.408794105052948 - f1-score (micro avg)  0.8857
2025-12-22 20:56:31,077  - 0 epochs without improvement
2025-12-22 20:56:31,077 saving best model
2025-12-22 20:56:31,089 ----------------------------------------------------------------------------------------------------
2025-12-22 20:56:31,472 epoch 41 - iter 1/13 - loss 0.34654399 - time (sec): 0.38 - samples/sec: 2383.44 - lr: 0.100000 - momentum: 0.000000
2025-12-22 20:56:31,680 epoch 41 - iter 2/13 - loss 0.35038257 - time (sec): 0.59 - samples/sec: 2622.15 - lr: 0.100000 - momentum: 0.000000
2025-12-22 20:56:31,867 epoch 41 - iter 3/13 - loss 0.35012838 - time (sec): 0.78 - samples/sec: 2798.03 - lr: 0.100000 - momentum: 0.000000
2025-12-22 20:56:32,026 epoch 41 - iter 4/13 - loss 0.34971085 - time (sec): 0.94 - samples/sec: 2865.74 - lr: 0.100000 - momentum: 0.000000
2025-12-22 20:56:32,319 epoch 41 - iter 5/13 - loss 0.36388514 - time (sec): 1.23 - samples/sec: 2919.46 - lr: 0.100000 - momentum: 0.000000
2025-12-22 20:56:32,501 epoch 41 - iter 6/13 - loss 0.35649349 - time (sec): 1.41 - samples/sec: 3007.80 - lr: 0.100000 - momentum: 0.000000
2025-12-22 20:56:32,718 epoch 41 - iter 7/13 - loss 0.36057520 - time (sec): 1.63 - samples/sec: 3083.52 - lr: 0.100000 - momentum: 0.000000
2025-12-22 20:56:32,934 epoch 41 - iter 8/13 - loss 0.36367637 - time (sec): 1.85 - samples/sec: 3118.20 - lr: 0.100000 - momentum: 0.000000
2025-12-22 20:56:33,135 epoch 41 - iter 9/13 - loss 0.36672143 - time (sec): 2.05 - samples/sec: 3126.84 - lr: 0.100000 - momentum: 0.000000
2025-12-22 20:56:33,305 epoch 41 - iter 10/13 - loss 0.36961728 - time (sec): 2.22 - samples/sec: 3201.59 - lr: 0.100000 - momentum: 0.000000
2025-12-22 20:56:33,513 epoch 41 - iter 11/13 - loss 0.37202744 - time (sec): 2.42 - samples/sec: 3213.72 - lr: 0.100000 - momentum: 0.000000
2025-12-22 20:56:33,699 epoch 41 - iter 12/13 - loss 0.37280991 - time (sec): 2.61 - samples/sec: 3232.59 - lr: 0.100000 - momentum: 0.000000
2025-12-22 20:56:34,151 epoch 41 - iter 13/13 - loss 0.36871726 - time (sec): 3.06 - samples/sec: 2987.21 - lr: 0.100000 - momentum: 0.000000
2025-12-22 20:56:34,151 ----------------------------------------------------------------------------------------------------
2025-12-22 20:56:34,151 EPOCH 41 done: loss 0.3687 - lr: 0.100000
2025-12-22 20:56:34,577 DEV : loss 0.3862854838371277 - f1-score (micro avg)  0.89
2025-12-22 20:56:34,578  - 0 epochs without improvement
2025-12-22 20:56:34,578 saving best model
2025-12-22 20:56:34,588 ----------------------------------------------------------------------------------------------------
2025-12-22 20:56:34,777 epoch 42 - iter 1/13 - loss 0.31160256 - time (sec): 0.19 - samples/sec: 3638.51 - lr: 0.100000 - momentum: 0.000000
2025-12-22 20:56:34,911 epoch 42 - iter 2/13 - loss 0.33544002 - time (sec): 0.32 - samples/sec: 3950.33 - lr: 0.100000 - momentum: 0.000000
2025-12-22 20:56:35,113 epoch 42 - iter 3/13 - loss 0.35941726 - time (sec): 0.52 - samples/sec: 3615.20 - lr: 0.100000 - momentum: 0.000000
2025-12-22 20:56:35,363 epoch 42 - iter 4/13 - loss 0.35062275 - time (sec): 0.77 - samples/sec: 3393.08 - lr: 0.100000 - momentum: 0.000000
2025-12-22 20:56:35,552 epoch 42 - iter 5/13 - loss 0.35453476 - time (sec): 0.96 - samples/sec: 3451.22 - lr: 0.100000 - momentum: 0.000000
2025-12-22 20:56:35,852 epoch 42 - iter 6/13 - loss 0.36142088 - time (sec): 1.26 - samples/sec: 3309.99 - lr: 0.100000 - momentum: 0.000000
2025-12-22 20:56:36,061 epoch 42 - iter 7/13 - loss 0.35450138 - time (sec): 1.47 - samples/sec: 3321.00 - lr: 0.100000 - momentum: 0.000000
2025-12-22 20:56:36,329 epoch 42 - iter 8/13 - loss 0.35557660 - time (sec): 1.74 - samples/sec: 3240.55 - lr: 0.100000 - momentum: 0.000000
2025-12-22 20:56:36,679 epoch 42 - iter 9/13 - loss 0.35603085 - time (sec): 2.09 - samples/sec: 3056.31 - lr: 0.100000 - momentum: 0.000000
2025-12-22 20:56:37,140 epoch 42 - iter 10/13 - loss 0.35344515 - time (sec): 2.55 - samples/sec: 2824.16 - lr: 0.100000 - momentum: 0.000000
2025-12-22 20:56:37,329 epoch 42 - iter 11/13 - loss 0.35927789 - time (sec): 2.74 - samples/sec: 2864.22 - lr: 0.100000 - momentum: 0.000000
2025-12-22 20:56:37,555 epoch 42 - iter 12/13 - loss 0.36127674 - time (sec): 2.97 - samples/sec: 2898.61 - lr: 0.100000 - momentum: 0.000000
2025-12-22 20:56:37,713 epoch 42 - iter 13/13 - loss 0.35668147 - time (sec): 3.12 - samples/sec: 2927.92 - lr: 0.100000 - momentum: 0.000000
2025-12-22 20:56:37,713 ----------------------------------------------------------------------------------------------------
2025-12-22 20:56:37,713 EPOCH 42 done: loss 0.3567 - lr: 0.100000
2025-12-22 20:56:38,137 DEV : loss 0.38025984168052673 - f1-score (micro avg)  0.8908
2025-12-22 20:56:38,140  - 0 epochs without improvement
2025-12-22 20:56:38,140 saving best model
2025-12-22 20:56:38,183 ----------------------------------------------------------------------------------------------------
2025-12-22 20:56:38,407 epoch 43 - iter 1/13 - loss 0.34167445 - time (sec): 0.22 - samples/sec: 3049.53 - lr: 0.100000 - momentum: 0.000000
2025-12-22 20:56:38,622 epoch 43 - iter 2/13 - loss 0.33898400 - time (sec): 0.44 - samples/sec: 3173.57 - lr: 0.100000 - momentum: 0.000000
2025-12-22 20:56:38,917 epoch 43 - iter 3/13 - loss 0.33904175 - time (sec): 0.73 - samples/sec: 2970.95 - lr: 0.100000 - momentum: 0.000000
2025-12-22 20:56:39,191 epoch 43 - iter 4/13 - loss 0.33973029 - time (sec): 1.01 - samples/sec: 2900.14 - lr: 0.100000 - momentum: 0.000000
2025-12-22 20:56:39,569 epoch 43 - iter 5/13 - loss 0.35196208 - time (sec): 1.39 - samples/sec: 2745.72 - lr: 0.100000 - momentum: 0.000000
2025-12-22 20:56:39,822 epoch 43 - iter 6/13 - loss 0.35916499 - time (sec): 1.64 - samples/sec: 2850.28 - lr: 0.100000 - momentum: 0.000000
2025-12-22 20:56:39,984 epoch 43 - iter 7/13 - loss 0.36119730 - time (sec): 1.80 - samples/sec: 2949.81 - lr: 0.100000 - momentum: 0.000000
2025-12-22 20:56:40,189 epoch 43 - iter 8/13 - loss 0.36071846 - time (sec): 2.01 - samples/sec: 2998.51 - lr: 0.100000 - momentum: 0.000000
2025-12-22 20:56:40,385 epoch 43 - iter 9/13 - loss 0.35850696 - time (sec): 2.20 - samples/sec: 3036.25 - lr: 0.100000 - momentum: 0.000000
2025-12-22 20:56:40,569 epoch 43 - iter 10/13 - loss 0.35562365 - time (sec): 2.39 - samples/sec: 3037.81 - lr: 0.100000 - momentum: 0.000000
2025-12-22 20:56:40,733 epoch 43 - iter 11/13 - loss 0.35818431 - time (sec): 2.55 - samples/sec: 3092.06 - lr: 0.100000 - momentum: 0.000000
2025-12-22 20:56:41,201 epoch 43 - iter 12/13 - loss 0.35735095 - time (sec): 3.02 - samples/sec: 2854.15 - lr: 0.100000 - momentum: 0.000000
2025-12-22 20:56:41,377 epoch 43 - iter 13/13 - loss 0.35680612 - time (sec): 3.19 - samples/sec: 2863.83 - lr: 0.100000 - momentum: 0.000000
2025-12-22 20:56:41,378 ----------------------------------------------------------------------------------------------------
2025-12-22 20:56:41,378 EPOCH 43 done: loss 0.3568 - lr: 0.100000
2025-12-22 20:56:41,915 DEV : loss 0.38078853487968445 - f1-score (micro avg)  0.8892
2025-12-22 20:56:41,915  - 1 epochs without improvement
2025-12-22 20:56:41,916 ----------------------------------------------------------------------------------------------------
2025-12-22 20:56:42,197 epoch 44 - iter 1/13 - loss 0.34823591 - time (sec): 0.28 - samples/sec: 3103.16 - lr: 0.100000 - momentum: 0.000000
2025-12-22 20:56:42,417 epoch 44 - iter 2/13 - loss 0.34954850 - time (sec): 0.50 - samples/sec: 3106.39 - lr: 0.100000 - momentum: 0.000000
2025-12-22 20:56:42,555 epoch 44 - iter 3/13 - loss 0.37562284 - time (sec): 0.64 - samples/sec: 3242.93 - lr: 0.100000 - momentum: 0.000000
2025-12-22 20:56:42,740 epoch 44 - iter 4/13 - loss 0.36472929 - time (sec): 0.82 - samples/sec: 3314.17 - lr: 0.100000 - momentum: 0.000000
2025-12-22 20:56:42,950 epoch 44 - iter 5/13 - loss 0.35641783 - time (sec): 1.03 - samples/sec: 3350.21 - lr: 0.100000 - momentum: 0.000000
2025-12-22 20:56:43,160 epoch 44 - iter 6/13 - loss 0.34714245 - time (sec): 1.24 - samples/sec: 3275.52 - lr: 0.100000 - momentum: 0.000000
2025-12-22 20:56:43,316 epoch 44 - iter 7/13 - loss 0.34774459 - time (sec): 1.40 - samples/sec: 3308.52 - lr: 0.100000 - momentum: 0.000000
2025-12-22 20:56:43,793 epoch 44 - iter 8/13 - loss 0.35195636 - time (sec): 1.88 - samples/sec: 2892.96 - lr: 0.100000 - momentum: 0.000000
2025-12-22 20:56:43,979 epoch 44 - iter 9/13 - loss 0.35197554 - time (sec): 2.06 - samples/sec: 2940.56 - lr: 0.100000 - momentum: 0.000000
2025-12-22 20:56:44,308 epoch 44 - iter 10/13 - loss 0.35181498 - time (sec): 2.39 - samples/sec: 2912.38 - lr: 0.100000 - momentum: 0.000000
2025-12-22 20:56:44,510 epoch 44 - iter 11/13 - loss 0.35366448 - time (sec): 2.59 - samples/sec: 2951.71 - lr: 0.100000 - momentum: 0.000000
2025-12-22 20:56:44,887 epoch 44 - iter 12/13 - loss 0.35279927 - time (sec): 2.97 - samples/sec: 2865.26 - lr: 0.100000 - momentum: 0.000000
2025-12-22 20:56:45,071 epoch 44 - iter 13/13 - loss 0.35235490 - time (sec): 3.16 - samples/sec: 2898.65 - lr: 0.100000 - momentum: 0.000000
2025-12-22 20:56:45,072 ----------------------------------------------------------------------------------------------------
2025-12-22 20:56:45,072 EPOCH 44 done: loss 0.3524 - lr: 0.100000
2025-12-22 20:56:45,492 DEV : loss 0.40948155522346497 - f1-score (micro avg)  0.8886
2025-12-22 20:56:45,493  - 2 epochs without improvement
2025-12-22 20:56:45,493 ----------------------------------------------------------------------------------------------------
2025-12-22 20:56:45,750 epoch 45 - iter 1/13 - loss 0.27806784 - time (sec): 0.26 - samples/sec: 3191.18 - lr: 0.100000 - momentum: 0.000000
2025-12-22 20:56:45,936 epoch 45 - iter 2/13 - loss 0.30297702 - time (sec): 0.44 - samples/sec: 3321.19 - lr: 0.100000 - momentum: 0.000000
2025-12-22 20:56:46,177 epoch 45 - iter 3/13 - loss 0.33073549 - time (sec): 0.68 - samples/sec: 3237.48 - lr: 0.100000 - momentum: 0.000000
2025-12-22 20:56:46,346 epoch 45 - iter 4/13 - loss 0.32707459 - time (sec): 0.85 - samples/sec: 3257.47 - lr: 0.100000 - momentum: 0.000000
2025-12-22 20:56:46,561 epoch 45 - iter 5/13 - loss 0.32512702 - time (sec): 1.07 - samples/sec: 3309.32 - lr: 0.100000 - momentum: 0.000000
2025-12-22 20:56:46,864 epoch 45 - iter 6/13 - loss 0.32725360 - time (sec): 1.37 - samples/sec: 3095.81 - lr: 0.100000 - momentum: 0.000000
2025-12-22 20:56:47,102 epoch 45 - iter 7/13 - loss 0.34577477 - time (sec): 1.61 - samples/sec: 3169.81 - lr: 0.100000 - momentum: 0.000000
2025-12-22 20:56:47,273 epoch 45 - iter 8/13 - loss 0.34555270 - time (sec): 1.78 - samples/sec: 3210.78 - lr: 0.100000 - momentum: 0.000000
2025-12-22 20:56:47,534 epoch 45 - iter 9/13 - loss 0.34486490 - time (sec): 2.04 - samples/sec: 3160.89 - lr: 0.100000 - momentum: 0.000000
2025-12-22 20:56:47,737 epoch 45 - iter 10/13 - loss 0.34796599 - time (sec): 2.24 - samples/sec: 3171.70 - lr: 0.100000 - momentum: 0.000000
2025-12-22 20:56:47,911 epoch 45 - iter 11/13 - loss 0.35263249 - time (sec): 2.42 - samples/sec: 3210.52 - lr: 0.100000 - momentum: 0.000000
2025-12-22 20:56:48,359 epoch 45 - iter 12/13 - loss 0.35179601 - time (sec): 2.87 - samples/sec: 2965.89 - lr: 0.100000 - momentum: 0.000000
2025-12-22 20:56:48,678 epoch 45 - iter 13/13 - loss 0.34968288 - time (sec): 3.18 - samples/sec: 2872.54 - lr: 0.100000 - momentum: 0.000000
2025-12-22 20:56:48,678 ----------------------------------------------------------------------------------------------------
2025-12-22 20:56:48,678 EPOCH 45 done: loss 0.3497 - lr: 0.100000
2025-12-22 20:56:49,109 DEV : loss 0.3833099901676178 - f1-score (micro avg)  0.8922
2025-12-22 20:56:49,110  - 0 epochs without improvement
2025-12-22 20:56:49,110 saving best model
2025-12-22 20:56:49,122 ----------------------------------------------------------------------------------------------------
2025-12-22 20:56:49,293 epoch 46 - iter 1/13 - loss 0.33123862 - time (sec): 0.17 - samples/sec: 3454.53 - lr: 0.100000 - momentum: 0.000000
2025-12-22 20:56:49,509 epoch 46 - iter 2/13 - loss 0.32466996 - time (sec): 0.39 - samples/sec: 3407.06 - lr: 0.100000 - momentum: 0.000000
2025-12-22 20:56:49,772 epoch 46 - iter 3/13 - loss 0.34824103 - time (sec): 0.65 - samples/sec: 3237.28 - lr: 0.100000 - momentum: 0.000000
2025-12-22 20:56:49,976 epoch 46 - iter 4/13 - loss 0.34807525 - time (sec): 0.85 - samples/sec: 3301.90 - lr: 0.100000 - momentum: 0.000000
2025-12-22 20:56:50,177 epoch 46 - iter 5/13 - loss 0.35424665 - time (sec): 1.06 - samples/sec: 3310.99 - lr: 0.100000 - momentum: 0.000000
2025-12-22 20:56:50,517 epoch 46 - iter 6/13 - loss 0.34879804 - time (sec): 1.40 - samples/sec: 2984.16 - lr: 0.100000 - momentum: 0.000000
2025-12-22 20:56:50,926 epoch 46 - iter 7/13 - loss 0.34305225 - time (sec): 1.80 - samples/sec: 2666.23 - lr: 0.100000 - momentum: 0.000000
2025-12-22 20:56:51,113 epoch 46 - iter 8/13 - loss 0.34024304 - time (sec): 1.99 - samples/sec: 2763.74 - lr: 0.100000 - momentum: 0.000000
2025-12-22 20:56:51,503 epoch 46 - iter 9/13 - loss 0.34133212 - time (sec): 2.38 - samples/sec: 2615.19 - lr: 0.100000 - momentum: 0.000000
2025-12-22 20:56:51,711 epoch 46 - iter 10/13 - loss 0.34195980 - time (sec): 2.59 - samples/sec: 2695.16 - lr: 0.100000 - momentum: 0.000000
2025-12-22 20:56:51,940 epoch 46 - iter 11/13 - loss 0.34084106 - time (sec): 2.82 - samples/sec: 2722.23 - lr: 0.100000 - momentum: 0.000000
2025-12-22 20:56:52,187 epoch 46 - iter 12/13 - loss 0.34127884 - time (sec): 3.07 - samples/sec: 2789.73 - lr: 0.100000 - momentum: 0.000000
2025-12-22 20:56:52,360 epoch 46 - iter 13/13 - loss 0.34217674 - time (sec): 3.24 - samples/sec: 2825.10 - lr: 0.100000 - momentum: 0.000000
2025-12-22 20:56:52,360 ----------------------------------------------------------------------------------------------------
2025-12-22 20:56:52,360 EPOCH 46 done: loss 0.3422 - lr: 0.100000
2025-12-22 20:56:52,783 DEV : loss 0.38961684703826904 - f1-score (micro avg)  0.8938
2025-12-22 20:56:52,784  - 0 epochs without improvement
2025-12-22 20:56:52,785 saving best model
2025-12-22 20:56:52,796 ----------------------------------------------------------------------------------------------------
2025-12-22 20:56:53,242 epoch 47 - iter 1/13 - loss 0.37461220 - time (sec): 0.45 - samples/sec: 1863.09 - lr: 0.100000 - momentum: 0.000000
2025-12-22 20:56:53,413 epoch 47 - iter 2/13 - loss 0.33939117 - time (sec): 0.62 - samples/sec: 2396.19 - lr: 0.100000 - momentum: 0.000000
2025-12-22 20:56:53,611 epoch 47 - iter 3/13 - loss 0.33400002 - time (sec): 0.82 - samples/sec: 2565.57 - lr: 0.100000 - momentum: 0.000000
2025-12-22 20:56:53,968 epoch 47 - iter 4/13 - loss 0.33111956 - time (sec): 1.17 - samples/sec: 2485.53 - lr: 0.100000 - momentum: 0.000000
2025-12-22 20:56:54,244 epoch 47 - iter 5/13 - loss 0.32307943 - time (sec): 1.45 - samples/sec: 2603.84 - lr: 0.100000 - momentum: 0.000000
2025-12-22 20:56:54,552 epoch 47 - iter 6/13 - loss 0.32814163 - time (sec): 1.76 - samples/sec: 2558.48 - lr: 0.100000 - momentum: 0.000000
2025-12-22 20:56:54,746 epoch 47 - iter 7/13 - loss 0.33127617 - time (sec): 1.95 - samples/sec: 2646.78 - lr: 0.100000 - momentum: 0.000000
2025-12-22 20:56:54,960 epoch 47 - iter 8/13 - loss 0.32867536 - time (sec): 2.16 - samples/sec: 2657.58 - lr: 0.100000 - momentum: 0.000000
2025-12-22 20:56:55,264 epoch 47 - iter 9/13 - loss 0.32620715 - time (sec): 2.47 - samples/sec: 2608.85 - lr: 0.100000 - momentum: 0.000000
2025-12-22 20:56:55,471 epoch 47 - iter 10/13 - loss 0.32901274 - time (sec): 2.67 - samples/sec: 2674.14 - lr: 0.100000 - momentum: 0.000000
2025-12-22 20:56:55,681 epoch 47 - iter 11/13 - loss 0.33001835 - time (sec): 2.88 - samples/sec: 2715.72 - lr: 0.100000 - momentum: 0.000000
2025-12-22 20:56:55,874 epoch 47 - iter 12/13 - loss 0.32702013 - time (sec): 3.08 - samples/sec: 2766.19 - lr: 0.100000 - momentum: 0.000000
2025-12-22 20:56:56,088 epoch 47 - iter 13/13 - loss 0.32725835 - time (sec): 3.29 - samples/sec: 2778.80 - lr: 0.100000 - momentum: 0.000000
2025-12-22 20:56:56,088 ----------------------------------------------------------------------------------------------------
2025-12-22 20:56:56,088 EPOCH 47 done: loss 0.3273 - lr: 0.100000
2025-12-22 20:56:56,615 DEV : loss 0.3942204415798187 - f1-score (micro avg)  0.8935
2025-12-22 20:56:56,616  - 1 epochs without improvement
2025-12-22 20:56:56,616 ----------------------------------------------------------------------------------------------------
2025-12-22 20:56:56,823 epoch 48 - iter 1/13 - loss 0.32996803 - time (sec): 0.21 - samples/sec: 2811.06 - lr: 0.100000 - momentum: 0.000000
2025-12-22 20:56:57,282 epoch 48 - iter 2/13 - loss 0.31692596 - time (sec): 0.67 - samples/sec: 2310.17 - lr: 0.100000 - momentum: 0.000000
2025-12-22 20:56:57,444 epoch 48 - iter 3/13 - loss 0.33443932 - time (sec): 0.83 - samples/sec: 2602.60 - lr: 0.100000 - momentum: 0.000000
2025-12-22 20:56:57,680 epoch 48 - iter 4/13 - loss 0.34192582 - time (sec): 1.06 - samples/sec: 2755.02 - lr: 0.100000 - momentum: 0.000000
2025-12-22 20:56:57,882 epoch 48 - iter 5/13 - loss 0.33098072 - time (sec): 1.27 - samples/sec: 2880.25 - lr: 0.100000 - momentum: 0.000000
2025-12-22 20:56:58,062 epoch 48 - iter 6/13 - loss 0.32146017 - time (sec): 1.45 - samples/sec: 2969.84 - lr: 0.100000 - momentum: 0.000000
2025-12-22 20:56:58,394 epoch 48 - iter 7/13 - loss 0.31120344 - time (sec): 1.78 - samples/sec: 2820.48 - lr: 0.100000 - momentum: 0.000000
2025-12-22 20:56:58,694 epoch 48 - iter 8/13 - loss 0.31180853 - time (sec): 2.08 - samples/sec: 2763.64 - lr: 0.100000 - momentum: 0.000000
2025-12-22 20:56:58,922 epoch 48 - iter 9/13 - loss 0.31942670 - time (sec): 2.31 - samples/sec: 2827.90 - lr: 0.100000 - momentum: 0.000000
2025-12-22 20:56:59,137 epoch 48 - iter 10/13 - loss 0.32070399 - time (sec): 2.52 - samples/sec: 2870.35 - lr: 0.100000 - momentum: 0.000000
2025-12-22 20:56:59,411 epoch 48 - iter 11/13 - loss 0.32416946 - time (sec): 2.79 - samples/sec: 2856.66 - lr: 0.100000 - momentum: 0.000000
2025-12-22 20:56:59,600 epoch 48 - iter 12/13 - loss 0.32654002 - time (sec): 2.98 - samples/sec: 2878.32 - lr: 0.100000 - momentum: 0.000000
2025-12-22 20:56:59,784 epoch 48 - iter 13/13 - loss 0.32826828 - time (sec): 3.17 - samples/sec: 2887.63 - lr: 0.100000 - momentum: 0.000000
2025-12-22 20:56:59,784 ----------------------------------------------------------------------------------------------------
2025-12-22 20:56:59,784 EPOCH 48 done: loss 0.3283 - lr: 0.100000
2025-12-22 20:57:00,209 DEV : loss 0.39849963784217834 - f1-score (micro avg)  0.8924
2025-12-22 20:57:00,209  - 2 epochs without improvement
2025-12-22 20:57:00,210 ----------------------------------------------------------------------------------------------------
2025-12-22 20:57:00,425 epoch 49 - iter 1/13 - loss 0.37220456 - time (sec): 0.21 - samples/sec: 3456.81 - lr: 0.100000 - momentum: 0.000000
2025-12-22 20:57:00,696 epoch 49 - iter 2/13 - loss 0.33055995 - time (sec): 0.49 - samples/sec: 3111.67 - lr: 0.100000 - momentum: 0.000000
2025-12-22 20:57:01,065 epoch 49 - iter 3/13 - loss 0.33897546 - time (sec): 0.85 - samples/sec: 2690.58 - lr: 0.100000 - momentum: 0.000000
2025-12-22 20:57:01,506 epoch 49 - iter 4/13 - loss 0.34691674 - time (sec): 1.30 - samples/sec: 2391.78 - lr: 0.100000 - momentum: 0.000000
2025-12-22 20:57:01,706 epoch 49 - iter 5/13 - loss 0.35533963 - time (sec): 1.50 - samples/sec: 2513.18 - lr: 0.100000 - momentum: 0.000000
2025-12-22 20:57:01,863 epoch 49 - iter 6/13 - loss 0.34854665 - time (sec): 1.65 - samples/sec: 2571.40 - lr: 0.100000 - momentum: 0.000000
2025-12-22 20:57:02,030 epoch 49 - iter 7/13 - loss 0.34162687 - time (sec): 1.82 - samples/sec: 2617.02 - lr: 0.100000 - momentum: 0.000000
2025-12-22 20:57:02,248 epoch 49 - iter 8/13 - loss 0.33654314 - time (sec): 2.04 - samples/sec: 2720.00 - lr: 0.100000 - momentum: 0.000000
2025-12-22 20:57:02,467 epoch 49 - iter 9/13 - loss 0.32625516 - time (sec): 2.26 - samples/sec: 2794.91 - lr: 0.100000 - momentum: 0.000000
2025-12-22 20:57:02,716 epoch 49 - iter 10/13 - loss 0.32862108 - time (sec): 2.51 - samples/sec: 2850.76 - lr: 0.100000 - momentum: 0.000000
2025-12-22 20:57:02,989 epoch 49 - iter 11/13 - loss 0.33073929 - time (sec): 2.78 - samples/sec: 2869.04 - lr: 0.100000 - momentum: 0.000000
2025-12-22 20:57:03,167 epoch 49 - iter 12/13 - loss 0.32990088 - time (sec): 2.96 - samples/sec: 2908.39 - lr: 0.100000 - momentum: 0.000000
2025-12-22 20:57:03,363 epoch 49 - iter 13/13 - loss 0.33302591 - time (sec): 3.15 - samples/sec: 2901.51 - lr: 0.100000 - momentum: 0.000000
2025-12-22 20:57:03,363 ----------------------------------------------------------------------------------------------------
2025-12-22 20:57:03,363 EPOCH 49 done: loss 0.3330 - lr: 0.100000
2025-12-22 20:57:03,779 DEV : loss 0.3841346502304077 - f1-score (micro avg)  0.8973
2025-12-22 20:57:03,779  - 0 epochs without improvement
2025-12-22 20:57:03,780 saving best model
2025-12-22 20:57:03,791 ----------------------------------------------------------------------------------------------------
2025-12-22 20:57:04,088 epoch 50 - iter 1/13 - loss 0.30427274 - time (sec): 0.30 - samples/sec: 2367.64 - lr: 0.100000 - momentum: 0.000000
2025-12-22 20:57:04,246 epoch 50 - iter 2/13 - loss 0.32789919 - time (sec): 0.45 - samples/sec: 2752.22 - lr: 0.100000 - momentum: 0.000000
2025-12-22 20:57:04,473 epoch 50 - iter 3/13 - loss 0.33078058 - time (sec): 0.68 - samples/sec: 2856.67 - lr: 0.100000 - momentum: 0.000000
2025-12-22 20:57:04,637 epoch 50 - iter 4/13 - loss 0.32722645 - time (sec): 0.85 - samples/sec: 3054.48 - lr: 0.100000 - momentum: 0.000000
2025-12-22 20:57:04,853 epoch 50 - iter 5/13 - loss 0.33643246 - time (sec): 1.06 - samples/sec: 3097.50 - lr: 0.100000 - momentum: 0.000000
2025-12-22 20:57:05,001 epoch 50 - iter 6/13 - loss 0.33816671 - time (sec): 1.21 - samples/sec: 3120.78 - lr: 0.100000 - momentum: 0.000000
2025-12-22 20:57:05,498 epoch 50 - iter 7/13 - loss 0.33333244 - time (sec): 1.71 - samples/sec: 2681.94 - lr: 0.100000 - momentum: 0.000000
2025-12-22 20:57:05,892 epoch 50 - iter 8/13 - loss 0.32613172 - time (sec): 2.10 - samples/sec: 2563.69 - lr: 0.100000 - momentum: 0.000000
2025-12-22 20:57:06,205 epoch 50 - iter 9/13 - loss 0.32719918 - time (sec): 2.41 - samples/sec: 2530.78 - lr: 0.100000 - momentum: 0.000000
2025-12-22 20:57:06,487 epoch 50 - iter 10/13 - loss 0.32676935 - time (sec): 2.70 - samples/sec: 2565.92 - lr: 0.100000 - momentum: 0.000000
2025-12-22 20:57:06,729 epoch 50 - iter 11/13 - loss 0.32728046 - time (sec): 2.94 - samples/sec: 2660.27 - lr: 0.100000 - momentum: 0.000000
2025-12-22 20:57:06,969 epoch 50 - iter 12/13 - loss 0.32548015 - time (sec): 3.18 - samples/sec: 2703.45 - lr: 0.100000 - momentum: 0.000000
2025-12-22 20:57:07,170 epoch 50 - iter 13/13 - loss 0.32594095 - time (sec): 3.38 - samples/sec: 2706.83 - lr: 0.100000 - momentum: 0.000000
2025-12-22 20:57:07,171 ----------------------------------------------------------------------------------------------------
2025-12-22 20:57:07,171 EPOCH 50 done: loss 0.3259 - lr: 0.100000
2025-12-22 20:57:07,587 DEV : loss 0.38324692845344543 - f1-score (micro avg)  0.8922
2025-12-22 20:57:07,588  - 1 epochs without improvement
2025-12-22 20:57:07,588 ----------------------------------------------------------------------------------------------------
2025-12-22 20:57:07,801 epoch 51 - iter 1/13 - loss 0.30198007 - time (sec): 0.21 - samples/sec: 3309.41 - lr: 0.100000 - momentum: 0.000000
2025-12-22 20:57:08,041 epoch 51 - iter 2/13 - loss 0.30920633 - time (sec): 0.45 - samples/sec: 3389.06 - lr: 0.100000 - momentum: 0.000000
2025-12-22 20:57:08,231 epoch 51 - iter 3/13 - loss 0.29161506 - time (sec): 0.64 - samples/sec: 3517.11 - lr: 0.100000 - momentum: 0.000000
2025-12-22 20:57:08,385 epoch 51 - iter 4/13 - loss 0.29732918 - time (sec): 0.80 - samples/sec: 3575.17 - lr: 0.100000 - momentum: 0.000000
2025-12-22 20:57:08,587 epoch 51 - iter 5/13 - loss 0.29613990 - time (sec): 1.00 - samples/sec: 3558.68 - lr: 0.100000 - momentum: 0.000000
2025-12-22 20:57:08,759 epoch 51 - iter 6/13 - loss 0.29577513 - time (sec): 1.17 - samples/sec: 3620.69 - lr: 0.100000 - momentum: 0.000000
2025-12-22 20:57:09,056 epoch 51 - iter 7/13 - loss 0.29172759 - time (sec): 1.47 - samples/sec: 3381.57 - lr: 0.100000 - momentum: 0.000000
2025-12-22 20:57:09,314 epoch 51 - iter 8/13 - loss 0.29117637 - time (sec): 1.73 - samples/sec: 3278.22 - lr: 0.100000 - momentum: 0.000000
2025-12-22 20:57:09,540 epoch 51 - iter 9/13 - loss 0.29401450 - time (sec): 1.95 - samples/sec: 3228.82 - lr: 0.100000 - momentum: 0.000000
2025-12-22 20:57:09,882 epoch 51 - iter 10/13 - loss 0.30262973 - time (sec): 2.29 - samples/sec: 3033.78 - lr: 0.100000 - momentum: 0.000000
2025-12-22 20:57:10,075 epoch 51 - iter 11/13 - loss 0.30092439 - time (sec): 2.49 - samples/sec: 3096.15 - lr: 0.100000 - momentum: 0.000000
2025-12-22 20:57:10,529 epoch 51 - iter 12/13 - loss 0.29951257 - time (sec): 2.94 - samples/sec: 2917.84 - lr: 0.100000 - momentum: 0.000000
2025-12-22 20:57:10,717 epoch 51 - iter 13/13 - loss 0.30138110 - time (sec): 3.13 - samples/sec: 2923.35 - lr: 0.100000 - momentum: 0.000000
2025-12-22 20:57:10,718 ----------------------------------------------------------------------------------------------------
2025-12-22 20:57:10,718 EPOCH 51 done: loss 0.3014 - lr: 0.100000
2025-12-22 20:57:11,150 DEV : loss 0.38456249237060547 - f1-score (micro avg)  0.8946
2025-12-22 20:57:11,151  - 2 epochs without improvement
2025-12-22 20:57:11,151 ----------------------------------------------------------------------------------------------------
2025-12-22 20:57:11,398 epoch 52 - iter 1/13 - loss 0.29363802 - time (sec): 0.25 - samples/sec: 2566.04 - lr: 0.100000 - momentum: 0.000000
2025-12-22 20:57:11,597 epoch 52 - iter 2/13 - loss 0.31219757 - time (sec): 0.45 - samples/sec: 2989.52 - lr: 0.100000 - momentum: 0.000000
2025-12-22 20:57:11,769 epoch 52 - iter 3/13 - loss 0.30525534 - time (sec): 0.62 - samples/sec: 3178.22 - lr: 0.100000 - momentum: 0.000000
2025-12-22 20:57:11,980 epoch 52 - iter 4/13 - loss 0.29163255 - time (sec): 0.83 - samples/sec: 3315.69 - lr: 0.100000 - momentum: 0.000000
2025-12-22 20:57:12,137 epoch 52 - iter 5/13 - loss 0.30233613 - time (sec): 0.99 - samples/sec: 3404.08 - lr: 0.100000 - momentum: 0.000000
2025-12-22 20:57:12,443 epoch 52 - iter 6/13 - loss 0.29597939 - time (sec): 1.29 - samples/sec: 3230.24 - lr: 0.100000 - momentum: 0.000000
2025-12-22 20:57:12,664 epoch 52 - iter 7/13 - loss 0.29186862 - time (sec): 1.51 - samples/sec: 3233.16 - lr: 0.100000 - momentum: 0.000000
2025-12-22 20:57:12,871 epoch 52 - iter 8/13 - loss 0.29241835 - time (sec): 1.72 - samples/sec: 3217.92 - lr: 0.100000 - momentum: 0.000000
2025-12-22 20:57:13,108 epoch 52 - iter 9/13 - loss 0.29980469 - time (sec): 1.96 - samples/sec: 3250.35 - lr: 0.100000 - momentum: 0.000000
2025-12-22 20:57:13,296 epoch 52 - iter 10/13 - loss 0.29745308 - time (sec): 2.15 - samples/sec: 3259.62 - lr: 0.100000 - momentum: 0.000000
2025-12-22 20:57:13,652 epoch 52 - iter 11/13 - loss 0.29903427 - time (sec): 2.50 - samples/sec: 3090.08 - lr: 0.100000 - momentum: 0.000000
2025-12-22 20:57:13,856 epoch 52 - iter 12/13 - loss 0.29730901 - time (sec): 2.70 - samples/sec: 3093.74 - lr: 0.100000 - momentum: 0.000000
2025-12-22 20:57:14,300 epoch 52 - iter 13/13 - loss 0.29786731 - time (sec): 3.15 - samples/sec: 2904.53 - lr: 0.100000 - momentum: 0.000000
2025-12-22 20:57:14,300 ----------------------------------------------------------------------------------------------------
2025-12-22 20:57:14,301 EPOCH 52 done: loss 0.2979 - lr: 0.100000
2025-12-22 20:57:15,030 DEV : loss 0.37749919295310974 - f1-score (micro avg)  0.8965
2025-12-22 20:57:15,031  - 3 epochs without improvement
2025-12-22 20:57:15,031 ----------------------------------------------------------------------------------------------------
2025-12-22 20:57:15,220 epoch 53 - iter 1/13 - loss 0.33594465 - time (sec): 0.19 - samples/sec: 3270.39 - lr: 0.100000 - momentum: 0.000000
2025-12-22 20:57:15,336 epoch 53 - iter 2/13 - loss 0.31398281 - time (sec): 0.30 - samples/sec: 4015.31 - lr: 0.100000 - momentum: 0.000000
2025-12-22 20:57:15,522 epoch 53 - iter 3/13 - loss 0.29649216 - time (sec): 0.49 - samples/sec: 3939.91 - lr: 0.100000 - momentum: 0.000000
2025-12-22 20:57:15,739 epoch 53 - iter 4/13 - loss 0.30912974 - time (sec): 0.71 - samples/sec: 3746.13 - lr: 0.100000 - momentum: 0.000000
2025-12-22 20:57:16,007 epoch 53 - iter 5/13 - loss 0.31254152 - time (sec): 0.98 - samples/sec: 3423.96 - lr: 0.100000 - momentum: 0.000000
2025-12-22 20:57:16,217 epoch 53 - iter 6/13 - loss 0.30907000 - time (sec): 1.19 - samples/sec: 3490.17 - lr: 0.100000 - momentum: 0.000000
2025-12-22 20:57:16,479 epoch 53 - iter 7/13 - loss 0.30289690 - time (sec): 1.45 - samples/sec: 3325.17 - lr: 0.100000 - momentum: 0.000000
2025-12-22 20:57:16,666 epoch 53 - iter 8/13 - loss 0.30352646 - time (sec): 1.63 - samples/sec: 3365.13 - lr: 0.100000 - momentum: 0.000000
2025-12-22 20:57:16,885 epoch 53 - iter 9/13 - loss 0.30641889 - time (sec): 1.85 - samples/sec: 3316.32 - lr: 0.100000 - momentum: 0.000000
2025-12-22 20:57:17,232 epoch 53 - iter 10/13 - loss 0.30791123 - time (sec): 2.20 - samples/sec: 3113.13 - lr: 0.100000 - momentum: 0.000000
2025-12-22 20:57:17,701 epoch 53 - iter 11/13 - loss 0.30974754 - time (sec): 2.67 - samples/sec: 2903.21 - lr: 0.100000 - momentum: 0.000000
2025-12-22 20:57:17,925 epoch 53 - iter 12/13 - loss 0.31629601 - time (sec): 2.89 - samples/sec: 2949.89 - lr: 0.100000 - momentum: 0.000000
2025-12-22 20:57:18,178 epoch 53 - iter 13/13 - loss 0.31180930 - time (sec): 3.15 - samples/sec: 2907.07 - lr: 0.100000 - momentum: 0.000000
2025-12-22 20:57:18,178 ----------------------------------------------------------------------------------------------------
2025-12-22 20:57:18,178 EPOCH 53 done: loss 0.3118 - lr: 0.100000
2025-12-22 20:57:18,782 DEV : loss 0.3838827908039093 - f1-score (micro avg)  0.8986
2025-12-22 20:57:18,782  - 0 epochs without improvement
2025-12-22 20:57:18,783 saving best model
2025-12-22 20:57:18,796 ----------------------------------------------------------------------------------------------------
2025-12-22 20:57:18,970 epoch 54 - iter 1/13 - loss 0.27386623 - time (sec): 0.17 - samples/sec: 3063.55 - lr: 0.100000 - momentum: 0.000000
2025-12-22 20:57:19,173 epoch 54 - iter 2/13 - loss 0.27603220 - time (sec): 0.38 - samples/sec: 3196.22 - lr: 0.100000 - momentum: 0.000000
2025-12-22 20:57:19,386 epoch 54 - iter 3/13 - loss 0.27113903 - time (sec): 0.59 - samples/sec: 3310.45 - lr: 0.100000 - momentum: 0.000000
2025-12-22 20:57:19,755 epoch 54 - iter 4/13 - loss 0.26770452 - time (sec): 0.96 - samples/sec: 2941.86 - lr: 0.100000 - momentum: 0.000000
2025-12-22 20:57:19,953 epoch 54 - iter 5/13 - loss 0.26873434 - time (sec): 1.16 - samples/sec: 3072.45 - lr: 0.100000 - momentum: 0.000000
2025-12-22 20:57:20,236 epoch 54 - iter 6/13 - loss 0.26361571 - time (sec): 1.44 - samples/sec: 3020.20 - lr: 0.100000 - momentum: 0.000000
2025-12-22 20:57:20,686 epoch 54 - iter 7/13 - loss 0.27197778 - time (sec): 1.89 - samples/sec: 2722.75 - lr: 0.100000 - momentum: 0.000000
2025-12-22 20:57:20,859 epoch 54 - iter 8/13 - loss 0.28035463 - time (sec): 2.06 - samples/sec: 2748.80 - lr: 0.100000 - momentum: 0.000000
2025-12-22 20:57:21,076 epoch 54 - iter 9/13 - loss 0.28563247 - time (sec): 2.28 - samples/sec: 2806.46 - lr: 0.100000 - momentum: 0.000000
2025-12-22 20:57:21,286 epoch 54 - iter 10/13 - loss 0.28874739 - time (sec): 2.49 - samples/sec: 2856.66 - lr: 0.100000 - momentum: 0.000000
2025-12-22 20:57:21,521 epoch 54 - iter 11/13 - loss 0.28815058 - time (sec): 2.72 - samples/sec: 2858.12 - lr: 0.100000 - momentum: 0.000000
2025-12-22 20:57:22,015 epoch 54 - iter 12/13 - loss 0.28524714 - time (sec): 3.22 - samples/sec: 2655.56 - lr: 0.100000 - momentum: 0.000000
2025-12-22 20:57:22,351 epoch 54 - iter 13/13 - loss 0.28740281 - time (sec): 3.55 - samples/sec: 2573.49 - lr: 0.100000 - momentum: 0.000000
2025-12-22 20:57:22,351 ----------------------------------------------------------------------------------------------------
2025-12-22 20:57:22,351 EPOCH 54 done: loss 0.2874 - lr: 0.100000
2025-12-22 20:57:22,786 DEV : loss 0.3710596561431885 - f1-score (micro avg)  0.9
2025-12-22 20:57:22,786  - 0 epochs without improvement
2025-12-22 20:57:22,787 saving best model
2025-12-22 20:57:22,797 ----------------------------------------------------------------------------------------------------
2025-12-22 20:57:23,061 epoch 55 - iter 1/13 - loss 0.26485161 - time (sec): 0.26 - samples/sec: 2734.22 - lr: 0.100000 - momentum: 0.000000
2025-12-22 20:57:23,296 epoch 55 - iter 2/13 - loss 0.24981043 - time (sec): 0.50 - samples/sec: 2931.26 - lr: 0.100000 - momentum: 0.000000
2025-12-22 20:57:23,400 epoch 55 - iter 3/13 - loss 0.25722359 - time (sec): 0.60 - samples/sec: 3221.57 - lr: 0.100000 - momentum: 0.000000
2025-12-22 20:57:23,734 epoch 55 - iter 4/13 - loss 0.25879473 - time (sec): 0.94 - samples/sec: 2852.16 - lr: 0.100000 - momentum: 0.000000
2025-12-22 20:57:23,982 epoch 55 - iter 5/13 - loss 0.27742396 - time (sec): 1.18 - samples/sec: 2944.87 - lr: 0.100000 - momentum: 0.000000
2025-12-22 20:57:24,398 epoch 55 - iter 6/13 - loss 0.28240654 - time (sec): 1.60 - samples/sec: 2557.67 - lr: 0.100000 - momentum: 0.000000
2025-12-22 20:57:24,665 epoch 55 - iter 7/13 - loss 0.28684129 - time (sec): 1.87 - samples/sec: 2680.77 - lr: 0.100000 - momentum: 0.000000
2025-12-22 20:57:24,873 epoch 55 - iter 8/13 - loss 0.28767958 - time (sec): 2.08 - samples/sec: 2716.46 - lr: 0.100000 - momentum: 0.000000
2025-12-22 20:57:25,090 epoch 55 - iter 9/13 - loss 0.28694910 - time (sec): 2.29 - samples/sec: 2774.76 - lr: 0.100000 - momentum: 0.000000
2025-12-22 20:57:25,300 epoch 55 - iter 10/13 - loss 0.28550513 - time (sec): 2.50 - samples/sec: 2806.32 - lr: 0.100000 - momentum: 0.000000
2025-12-22 20:57:25,607 epoch 55 - iter 11/13 - loss 0.28694503 - time (sec): 2.81 - samples/sec: 2783.62 - lr: 0.100000 - momentum: 0.000000
2025-12-22 20:57:25,892 epoch 55 - iter 12/13 - loss 0.29253229 - time (sec): 3.09 - samples/sec: 2770.29 - lr: 0.100000 - momentum: 0.000000
2025-12-22 20:57:26,088 epoch 55 - iter 13/13 - loss 0.29158195 - time (sec): 3.29 - samples/sec: 2779.73 - lr: 0.100000 - momentum: 0.000000
2025-12-22 20:57:26,088 ----------------------------------------------------------------------------------------------------
2025-12-22 20:57:26,088 EPOCH 55 done: loss 0.2916 - lr: 0.100000
2025-12-22 20:57:26,500 DEV : loss 0.3788813650608063 - f1-score (micro avg)  0.9032
2025-12-22 20:57:26,501  - 0 epochs without improvement
2025-12-22 20:57:26,502 saving best model
2025-12-22 20:57:26,512 ----------------------------------------------------------------------------------------------------
2025-12-22 20:57:26,681 epoch 56 - iter 1/13 - loss 0.28146612 - time (sec): 0.17 - samples/sec: 3616.48 - lr: 0.100000 - momentum: 0.000000
2025-12-22 20:57:26,997 epoch 56 - iter 2/13 - loss 0.31362085 - time (sec): 0.49 - samples/sec: 3431.80 - lr: 0.100000 - momentum: 0.000000
2025-12-22 20:57:27,231 epoch 56 - iter 3/13 - loss 0.31523073 - time (sec): 0.72 - samples/sec: 3426.23 - lr: 0.100000 - momentum: 0.000000
2025-12-22 20:57:27,432 epoch 56 - iter 4/13 - loss 0.29786823 - time (sec): 0.92 - samples/sec: 3343.25 - lr: 0.100000 - momentum: 0.000000
2025-12-22 20:57:27,724 epoch 56 - iter 5/13 - loss 0.29302933 - time (sec): 1.21 - samples/sec: 3211.94 - lr: 0.100000 - momentum: 0.000000
2025-12-22 20:57:28,179 epoch 56 - iter 6/13 - loss 0.29287009 - time (sec): 1.67 - samples/sec: 2799.44 - lr: 0.100000 - momentum: 0.000000
2025-12-22 20:57:28,381 epoch 56 - iter 7/13 - loss 0.29382602 - time (sec): 1.87 - samples/sec: 2864.70 - lr: 0.100000 - momentum: 0.000000
2025-12-22 20:57:28,600 epoch 56 - iter 8/13 - loss 0.28929609 - time (sec): 2.09 - samples/sec: 2903.86 - lr: 0.100000 - momentum: 0.000000
2025-12-22 20:57:28,745 epoch 56 - iter 9/13 - loss 0.28887167 - time (sec): 2.23 - samples/sec: 2992.07 - lr: 0.100000 - momentum: 0.000000
2025-12-22 20:57:29,112 epoch 56 - iter 10/13 - loss 0.28933299 - time (sec): 2.60 - samples/sec: 2847.46 - lr: 0.100000 - momentum: 0.000000
2025-12-22 20:57:29,313 epoch 56 - iter 11/13 - loss 0.28705063 - time (sec): 2.80 - samples/sec: 2884.31 - lr: 0.100000 - momentum: 0.000000
2025-12-22 20:57:29,478 epoch 56 - iter 12/13 - loss 0.28804794 - time (sec): 2.97 - samples/sec: 2894.25 - lr: 0.100000 - momentum: 0.000000
2025-12-22 20:57:29,677 epoch 56 - iter 13/13 - loss 0.29333884 - time (sec): 3.17 - samples/sec: 2889.92 - lr: 0.100000 - momentum: 0.000000
2025-12-22 20:57:29,678 ----------------------------------------------------------------------------------------------------
2025-12-22 20:57:29,678 EPOCH 56 done: loss 0.2933 - lr: 0.100000
2025-12-22 20:57:30,265 DEV : loss 0.38486817479133606 - f1-score (micro avg)  0.9021
2025-12-22 20:57:30,268  - 1 epochs without improvement
2025-12-22 20:57:30,268 ----------------------------------------------------------------------------------------------------
2025-12-22 20:57:30,634 epoch 57 - iter 1/13 - loss 0.28388811 - time (sec): 0.37 - samples/sec: 1730.37 - lr: 0.100000 - momentum: 0.000000
2025-12-22 20:57:30,969 epoch 57 - iter 2/13 - loss 0.27413515 - time (sec): 0.70 - samples/sec: 1874.80 - lr: 0.100000 - momentum: 0.000000
2025-12-22 20:57:31,275 epoch 57 - iter 3/13 - loss 0.28017255 - time (sec): 1.01 - samples/sec: 2134.53 - lr: 0.100000 - momentum: 0.000000
2025-12-22 20:57:31,493 epoch 57 - iter 4/13 - loss 0.27577649 - time (sec): 1.22 - samples/sec: 2347.68 - lr: 0.100000 - momentum: 0.000000
2025-12-22 20:57:31,809 epoch 57 - iter 5/13 - loss 0.27374936 - time (sec): 1.54 - samples/sec: 2459.22 - lr: 0.100000 - momentum: 0.000000
2025-12-22 20:57:31,975 epoch 57 - iter 6/13 - loss 0.27286268 - time (sec): 1.71 - samples/sec: 2549.62 - lr: 0.100000 - momentum: 0.000000
2025-12-22 20:57:32,153 epoch 57 - iter 7/13 - loss 0.27022743 - time (sec): 1.88 - samples/sec: 2631.18 - lr: 0.100000 - momentum: 0.000000
2025-12-22 20:57:32,291 epoch 57 - iter 8/13 - loss 0.26954568 - time (sec): 2.02 - samples/sec: 2727.52 - lr: 0.100000 - momentum: 0.000000
2025-12-22 20:57:32,520 epoch 57 - iter 9/13 - loss 0.27438154 - time (sec): 2.25 - samples/sec: 2833.45 - lr: 0.100000 - momentum: 0.000000
2025-12-22 20:57:32,751 epoch 57 - iter 10/13 - loss 0.27427335 - time (sec): 2.48 - samples/sec: 2908.85 - lr: 0.100000 - momentum: 0.000000
2025-12-22 20:57:32,954 epoch 57 - iter 11/13 - loss 0.27060667 - time (sec): 2.69 - samples/sec: 2937.49 - lr: 0.100000 - momentum: 0.000000
2025-12-22 20:57:33,391 epoch 57 - iter 12/13 - loss 0.27008126 - time (sec): 3.12 - samples/sec: 2751.71 - lr: 0.100000 - momentum: 0.000000
2025-12-22 20:57:33,566 epoch 57 - iter 13/13 - loss 0.27091095 - time (sec): 3.30 - samples/sec: 2773.75 - lr: 0.100000 - momentum: 0.000000
2025-12-22 20:57:33,567 ----------------------------------------------------------------------------------------------------
2025-12-22 20:57:33,567 EPOCH 57 done: loss 0.2709 - lr: 0.100000
2025-12-22 20:57:33,984 DEV : loss 0.392914354801178 - f1-score (micro avg)  0.8978
2025-12-22 20:57:33,984  - 2 epochs without improvement
2025-12-22 20:57:33,985 ----------------------------------------------------------------------------------------------------
2025-12-22 20:57:34,160 epoch 58 - iter 1/13 - loss 0.27562086 - time (sec): 0.18 - samples/sec: 3605.91 - lr: 0.100000 - momentum: 0.000000
2025-12-22 20:57:34,615 epoch 58 - iter 2/13 - loss 0.28373724 - time (sec): 0.63 - samples/sec: 2247.36 - lr: 0.100000 - momentum: 0.000000
2025-12-22 20:57:34,909 epoch 58 - iter 3/13 - loss 0.26790610 - time (sec): 0.92 - samples/sec: 2437.36 - lr: 0.100000 - momentum: 0.000000
2025-12-22 20:57:35,124 epoch 58 - iter 4/13 - loss 0.27162301 - time (sec): 1.14 - samples/sec: 2658.64 - lr: 0.100000 - momentum: 0.000000
2025-12-22 20:57:35,339 epoch 58 - iter 5/13 - loss 0.28111328 - time (sec): 1.35 - samples/sec: 2713.44 - lr: 0.100000 - momentum: 0.000000
2025-12-22 20:57:35,537 epoch 58 - iter 6/13 - loss 0.27566206 - time (sec): 1.55 - samples/sec: 2790.53 - lr: 0.100000 - momentum: 0.000000
2025-12-22 20:57:35,735 epoch 58 - iter 7/13 - loss 0.27062115 - time (sec): 1.75 - samples/sec: 2867.43 - lr: 0.100000 - momentum: 0.000000
2025-12-22 20:57:35,992 epoch 58 - iter 8/13 - loss 0.26938198 - time (sec): 2.01 - samples/sec: 2866.42 - lr: 0.100000 - momentum: 0.000000
2025-12-22 20:57:36,197 epoch 58 - iter 9/13 - loss 0.26700869 - time (sec): 2.21 - samples/sec: 2918.51 - lr: 0.100000 - momentum: 0.000000
2025-12-22 20:57:36,350 epoch 58 - iter 10/13 - loss 0.26923556 - time (sec): 2.37 - samples/sec: 2971.16 - lr: 0.100000 - momentum: 0.000000
2025-12-22 20:57:36,688 epoch 58 - iter 11/13 - loss 0.26997990 - time (sec): 2.70 - samples/sec: 2835.28 - lr: 0.100000 - momentum: 0.000000
2025-12-22 20:57:37,004 epoch 58 - iter 12/13 - loss 0.27077360 - time (sec): 3.02 - samples/sec: 2835.36 - lr: 0.100000 - momentum: 0.000000
2025-12-22 20:57:37,170 epoch 58 - iter 13/13 - loss 0.27360763 - time (sec): 3.18 - samples/sec: 2871.93 - lr: 0.100000 - momentum: 0.000000
2025-12-22 20:57:37,171 ----------------------------------------------------------------------------------------------------
2025-12-22 20:57:37,171 EPOCH 58 done: loss 0.2736 - lr: 0.100000
2025-12-22 20:57:37,585 DEV : loss 0.37396129965782166 - f1-score (micro avg)  0.9002
2025-12-22 20:57:37,586  - 3 epochs without improvement
2025-12-22 20:57:37,586 ----------------------------------------------------------------------------------------------------
2025-12-22 20:57:37,807 epoch 59 - iter 1/13 - loss 0.27497468 - time (sec): 0.22 - samples/sec: 3665.84 - lr: 0.100000 - momentum: 0.000000
2025-12-22 20:57:37,984 epoch 59 - iter 2/13 - loss 0.26570363 - time (sec): 0.40 - samples/sec: 3570.42 - lr: 0.100000 - momentum: 0.000000
2025-12-22 20:57:38,216 epoch 59 - iter 3/13 - loss 0.24647289 - time (sec): 0.63 - samples/sec: 3655.57 - lr: 0.100000 - momentum: 0.000000
2025-12-22 20:57:38,439 epoch 59 - iter 4/13 - loss 0.24570763 - time (sec): 0.85 - samples/sec: 3355.70 - lr: 0.100000 - momentum: 0.000000
2025-12-22 20:57:38,739 epoch 59 - iter 5/13 - loss 0.25141463 - time (sec): 1.15 - samples/sec: 3146.32 - lr: 0.100000 - momentum: 0.000000
2025-12-22 20:57:38,922 epoch 59 - iter 6/13 - loss 0.26380098 - time (sec): 1.34 - samples/sec: 3231.99 - lr: 0.100000 - momentum: 0.000000
2025-12-22 20:57:39,159 epoch 59 - iter 7/13 - loss 0.26223700 - time (sec): 1.57 - samples/sec: 3211.71 - lr: 0.100000 - momentum: 0.000000
2025-12-22 20:57:39,505 epoch 59 - iter 8/13 - loss 0.26262431 - time (sec): 1.92 - samples/sec: 3039.73 - lr: 0.100000 - momentum: 0.000000
2025-12-22 20:57:39,661 epoch 59 - iter 9/13 - loss 0.26246990 - time (sec): 2.07 - samples/sec: 3103.76 - lr: 0.100000 - momentum: 0.000000
2025-12-22 20:57:39,955 epoch 59 - iter 10/13 - loss 0.26695674 - time (sec): 2.37 - samples/sec: 3032.61 - lr: 0.100000 - momentum: 0.000000
2025-12-22 20:57:40,142 epoch 59 - iter 11/13 - loss 0.26714516 - time (sec): 2.56 - samples/sec: 3056.93 - lr: 0.100000 - momentum: 0.000000
2025-12-22 20:57:40,571 epoch 59 - iter 12/13 - loss 0.26597433 - time (sec): 2.98 - samples/sec: 2851.55 - lr: 0.100000 - momentum: 0.000000
2025-12-22 20:57:40,758 epoch 59 - iter 13/13 - loss 0.26439023 - time (sec): 3.17 - samples/sec: 2883.35 - lr: 0.100000 - momentum: 0.000000
2025-12-22 20:57:40,759 ----------------------------------------------------------------------------------------------------
2025-12-22 20:57:40,759 EPOCH 59 done: loss 0.2644 - lr: 0.100000
2025-12-22 20:57:41,182 DEV : loss 0.38071441650390625 - f1-score (micro avg)  0.9016
2025-12-22 20:57:41,182  - 4 epochs without improvement (above 'patience')-> annealing learning_rate to [0.05]
2025-12-22 20:57:41,183 ----------------------------------------------------------------------------------------------------
2025-12-22 20:57:41,557 epoch 60 - iter 1/13 - loss 0.25043325 - time (sec): 0.37 - samples/sec: 2233.58 - lr: 0.050000 - momentum: 0.000000
2025-12-22 20:57:41,802 epoch 60 - iter 2/13 - loss 0.25401683 - time (sec): 0.62 - samples/sec: 2627.51 - lr: 0.050000 - momentum: 0.000000
2025-12-22 20:57:41,957 epoch 60 - iter 3/13 - loss 0.24978137 - time (sec): 0.77 - samples/sec: 2945.83 - lr: 0.050000 - momentum: 0.000000
2025-12-22 20:57:42,141 epoch 60 - iter 4/13 - loss 0.24330716 - time (sec): 0.96 - samples/sec: 2999.73 - lr: 0.050000 - momentum: 0.000000
2025-12-22 20:57:42,263 epoch 60 - iter 5/13 - loss 0.25360726 - time (sec): 1.08 - samples/sec: 3188.28 - lr: 0.050000 - momentum: 0.000000
2025-12-22 20:57:42,442 epoch 60 - iter 6/13 - loss 0.25862859 - time (sec): 1.26 - samples/sec: 3216.74 - lr: 0.050000 - momentum: 0.000000
2025-12-22 20:57:42,611 epoch 60 - iter 7/13 - loss 0.25198703 - time (sec): 1.43 - samples/sec: 3278.88 - lr: 0.050000 - momentum: 0.000000
2025-12-22 20:57:42,791 epoch 60 - iter 8/13 - loss 0.25406029 - time (sec): 1.61 - samples/sec: 3309.08 - lr: 0.050000 - momentum: 0.000000
2025-12-22 20:57:43,008 epoch 60 - iter 9/13 - loss 0.25453595 - time (sec): 1.82 - samples/sec: 3301.63 - lr: 0.050000 - momentum: 0.000000
2025-12-22 20:57:43,447 epoch 60 - iter 10/13 - loss 0.25393345 - time (sec): 2.26 - samples/sec: 3062.02 - lr: 0.050000 - momentum: 0.000000
2025-12-22 20:57:43,694 epoch 60 - iter 11/13 - loss 0.25546076 - time (sec): 2.51 - samples/sec: 3057.83 - lr: 0.050000 - momentum: 0.000000
2025-12-22 20:57:43,992 epoch 60 - iter 12/13 - loss 0.25508609 - time (sec): 2.81 - samples/sec: 3020.46 - lr: 0.050000 - momentum: 0.000000
2025-12-22 20:57:44,194 epoch 60 - iter 13/13 - loss 0.25838037 - time (sec): 3.01 - samples/sec: 3037.69 - lr: 0.050000 - momentum: 0.000000
2025-12-22 20:57:44,195 ----------------------------------------------------------------------------------------------------
2025-12-22 20:57:44,195 EPOCH 60 done: loss 0.2584 - lr: 0.050000
2025-12-22 20:57:44,617 DEV : loss 0.3803323805332184 - f1-score (micro avg)  0.9013
2025-12-22 20:57:44,618  - 1 epochs without improvement
2025-12-22 20:57:44,618 ----------------------------------------------------------------------------------------------------
2025-12-22 20:57:44,920 epoch 61 - iter 1/13 - loss 0.25164882 - time (sec): 0.30 - samples/sec: 2804.17 - lr: 0.050000 - momentum: 0.000000
2025-12-22 20:57:45,205 epoch 61 - iter 2/13 - loss 0.26007776 - time (sec): 0.59 - samples/sec: 2531.03 - lr: 0.050000 - momentum: 0.000000
2025-12-22 20:57:45,424 epoch 61 - iter 3/13 - loss 0.26216830 - time (sec): 0.81 - samples/sec: 2707.67 - lr: 0.050000 - momentum: 0.000000
2025-12-22 20:57:45,656 epoch 61 - iter 4/13 - loss 0.25822866 - time (sec): 1.04 - samples/sec: 2785.67 - lr: 0.050000 - momentum: 0.000000
2025-12-22 20:57:45,885 epoch 61 - iter 5/13 - loss 0.25371369 - time (sec): 1.27 - samples/sec: 2860.35 - lr: 0.050000 - momentum: 0.000000
2025-12-22 20:57:46,354 epoch 61 - iter 6/13 - loss 0.24389962 - time (sec): 1.73 - samples/sec: 2559.87 - lr: 0.050000 - momentum: 0.000000
2025-12-22 20:57:46,567 epoch 61 - iter 7/13 - loss 0.24301895 - time (sec): 1.95 - samples/sec: 2670.11 - lr: 0.050000 - momentum: 0.000000
2025-12-22 20:57:46,682 epoch 61 - iter 8/13 - loss 0.24461958 - time (sec): 2.06 - samples/sec: 2766.09 - lr: 0.050000 - momentum: 0.000000
2025-12-22 20:57:46,858 epoch 61 - iter 9/13 - loss 0.25035822 - time (sec): 2.24 - samples/sec: 2857.78 - lr: 0.050000 - momentum: 0.000000
2025-12-22 20:57:47,032 epoch 61 - iter 10/13 - loss 0.24722621 - time (sec): 2.41 - samples/sec: 2955.92 - lr: 0.050000 - momentum: 0.000000
2025-12-22 20:57:47,289 epoch 61 - iter 11/13 - loss 0.24782050 - time (sec): 2.67 - samples/sec: 2928.29 - lr: 0.050000 - momentum: 0.000000
2025-12-22 20:57:47,631 epoch 61 - iter 12/13 - loss 0.24880599 - time (sec): 3.01 - samples/sec: 2847.25 - lr: 0.050000 - momentum: 0.000000
2025-12-22 20:57:47,801 epoch 61 - iter 13/13 - loss 0.24858512 - time (sec): 3.18 - samples/sec: 2874.16 - lr: 0.050000 - momentum: 0.000000
2025-12-22 20:57:47,801 ----------------------------------------------------------------------------------------------------
2025-12-22 20:57:47,801 EPOCH 61 done: loss 0.2486 - lr: 0.050000
2025-12-22 20:57:48,325 DEV : loss 0.3740183115005493 - f1-score (micro avg)  0.9019
2025-12-22 20:57:48,326  - 2 epochs without improvement
2025-12-22 20:57:48,326 ----------------------------------------------------------------------------------------------------
2025-12-22 20:57:48,775 epoch 62 - iter 1/13 - loss 0.23327727 - time (sec): 0.45 - samples/sec: 1815.86 - lr: 0.050000 - momentum: 0.000000
2025-12-22 20:57:48,984 epoch 62 - iter 2/13 - loss 0.22450396 - time (sec): 0.66 - samples/sec: 2295.71 - lr: 0.050000 - momentum: 0.000000
2025-12-22 20:57:49,211 epoch 62 - iter 3/13 - loss 0.21775680 - time (sec): 0.88 - samples/sec: 2521.66 - lr: 0.050000 - momentum: 0.000000
2025-12-22 20:57:49,401 epoch 62 - iter 4/13 - loss 0.22214828 - time (sec): 1.07 - samples/sec: 2746.80 - lr: 0.050000 - momentum: 0.000000
2025-12-22 20:57:49,550 epoch 62 - iter 5/13 - loss 0.22455618 - time (sec): 1.22 - samples/sec: 2858.88 - lr: 0.050000 - momentum: 0.000000
2025-12-22 20:57:49,799 epoch 62 - iter 6/13 - loss 0.23124984 - time (sec): 1.47 - samples/sec: 2919.42 - lr: 0.050000 - momentum: 0.000000
2025-12-22 20:57:50,140 epoch 62 - iter 7/13 - loss 0.23249972 - time (sec): 1.81 - samples/sec: 2756.38 - lr: 0.050000 - momentum: 0.000000
2025-12-22 20:57:50,429 epoch 62 - iter 8/13 - loss 0.23593573 - time (sec): 2.10 - samples/sec: 2754.49 - lr: 0.050000 - momentum: 0.000000
2025-12-22 20:57:50,622 epoch 62 - iter 9/13 - loss 0.24147923 - time (sec): 2.30 - samples/sec: 2796.34 - lr: 0.050000 - momentum: 0.000000
2025-12-22 20:57:50,865 epoch 62 - iter 10/13 - loss 0.24179741 - time (sec): 2.54 - samples/sec: 2819.50 - lr: 0.050000 - momentum: 0.000000
2025-12-22 20:57:51,053 epoch 62 - iter 11/13 - loss 0.24486278 - time (sec): 2.73 - samples/sec: 2860.43 - lr: 0.050000 - momentum: 0.000000
2025-12-22 20:57:51,241 epoch 62 - iter 12/13 - loss 0.24321896 - time (sec): 2.91 - samples/sec: 2908.35 - lr: 0.050000 - momentum: 0.000000
2025-12-22 20:57:51,435 epoch 62 - iter 13/13 - loss 0.24367316 - time (sec): 3.11 - samples/sec: 2942.62 - lr: 0.050000 - momentum: 0.000000
2025-12-22 20:57:51,435 ----------------------------------------------------------------------------------------------------
2025-12-22 20:57:51,435 EPOCH 62 done: loss 0.2437 - lr: 0.050000
2025-12-22 20:57:51,882 DEV : loss 0.37913164496421814 - f1-score (micro avg)  0.9029
2025-12-22 20:57:51,883  - 3 epochs without improvement
2025-12-22 20:57:51,883 ----------------------------------------------------------------------------------------------------
2025-12-22 20:57:52,115 epoch 63 - iter 1/13 - loss 0.26987472 - time (sec): 0.23 - samples/sec: 3521.34 - lr: 0.050000 - momentum: 0.000000
2025-12-22 20:57:52,315 epoch 63 - iter 2/13 - loss 0.24012314 - time (sec): 0.43 - samples/sec: 3315.08 - lr: 0.050000 - momentum: 0.000000
2025-12-22 20:57:52,597 epoch 63 - iter 3/13 - loss 0.22924783 - time (sec): 0.71 - samples/sec: 3098.09 - lr: 0.050000 - momentum: 0.000000
2025-12-22 20:57:52,796 epoch 63 - iter 4/13 - loss 0.22988377 - time (sec): 0.91 - samples/sec: 3121.24 - lr: 0.050000 - momentum: 0.000000
2025-12-22 20:57:53,023 epoch 63 - iter 5/13 - loss 0.23521925 - time (sec): 1.14 - samples/sec: 3043.53 - lr: 0.050000 - momentum: 0.000000
2025-12-22 20:57:53,225 epoch 63 - iter 6/13 - loss 0.23817958 - time (sec): 1.34 - samples/sec: 3101.13 - lr: 0.050000 - momentum: 0.000000
2025-12-22 20:57:53,555 epoch 63 - iter 7/13 - loss 0.23979073 - time (sec): 1.67 - samples/sec: 2866.37 - lr: 0.050000 - momentum: 0.000000
2025-12-22 20:57:53,744 epoch 63 - iter 8/13 - loss 0.24466096 - time (sec): 1.86 - samples/sec: 2964.93 - lr: 0.050000 - momentum: 0.000000
2025-12-22 20:57:53,987 epoch 63 - iter 9/13 - loss 0.24860114 - time (sec): 2.10 - samples/sec: 2962.88 - lr: 0.050000 - momentum: 0.000000
2025-12-22 20:57:54,177 epoch 63 - iter 10/13 - loss 0.24835313 - time (sec): 2.29 - samples/sec: 2995.21 - lr: 0.050000 - momentum: 0.000000
2025-12-22 20:57:54,632 epoch 63 - iter 11/13 - loss 0.24670069 - time (sec): 2.75 - samples/sec: 2786.04 - lr: 0.050000 - momentum: 0.000000
2025-12-22 20:57:54,845 epoch 63 - iter 12/13 - loss 0.24782730 - time (sec): 2.96 - samples/sec: 2826.01 - lr: 0.050000 - momentum: 0.000000
2025-12-22 20:57:55,139 epoch 63 - iter 13/13 - loss 0.24699777 - time (sec): 3.26 - samples/sec: 2809.63 - lr: 0.050000 - momentum: 0.000000
2025-12-22 20:57:55,140 ----------------------------------------------------------------------------------------------------
2025-12-22 20:57:55,140 EPOCH 63 done: loss 0.2470 - lr: 0.050000
2025-12-22 20:57:55,597 DEV : loss 0.3851110637187958 - f1-score (micro avg)  0.9035
2025-12-22 20:57:55,598  - 0 epochs without improvement
2025-12-22 20:57:55,598 saving best model
2025-12-22 20:57:55,611 ----------------------------------------------------------------------------------------------------
2025-12-22 20:57:55,816 epoch 64 - iter 1/13 - loss 0.21272562 - time (sec): 0.20 - samples/sec: 3902.55 - lr: 0.050000 - momentum: 0.000000
2025-12-22 20:57:56,025 epoch 64 - iter 2/13 - loss 0.22095559 - time (sec): 0.41 - samples/sec: 3548.12 - lr: 0.050000 - momentum: 0.000000
2025-12-22 20:57:56,290 epoch 64 - iter 3/13 - loss 0.23394171 - time (sec): 0.68 - samples/sec: 3274.63 - lr: 0.050000 - momentum: 0.000000
2025-12-22 20:57:56,503 epoch 64 - iter 4/13 - loss 0.22877951 - time (sec): 0.89 - samples/sec: 3331.01 - lr: 0.050000 - momentum: 0.000000
2025-12-22 20:57:56,647 epoch 64 - iter 5/13 - loss 0.23077406 - time (sec): 1.04 - samples/sec: 3398.44 - lr: 0.050000 - momentum: 0.000000
2025-12-22 20:57:57,108 epoch 64 - iter 6/13 - loss 0.23156281 - time (sec): 1.50 - samples/sec: 2940.59 - lr: 0.050000 - momentum: 0.000000
2025-12-22 20:57:57,355 epoch 64 - iter 7/13 - loss 0.23104991 - time (sec): 1.74 - samples/sec: 2870.16 - lr: 0.050000 - momentum: 0.000000
2025-12-22 20:57:57,528 epoch 64 - iter 8/13 - loss 0.22645312 - time (sec): 1.92 - samples/sec: 2916.68 - lr: 0.050000 - momentum: 0.000000
2025-12-22 20:57:57,733 epoch 64 - iter 9/13 - loss 0.23412386 - time (sec): 2.12 - samples/sec: 2974.88 - lr: 0.050000 - momentum: 0.000000
2025-12-22 20:57:58,092 epoch 64 - iter 10/13 - loss 0.23560487 - time (sec): 2.48 - samples/sec: 2845.62 - lr: 0.050000 - momentum: 0.000000
2025-12-22 20:57:58,397 epoch 64 - iter 11/13 - loss 0.23290809 - time (sec): 2.79 - samples/sec: 2806.81 - lr: 0.050000 - momentum: 0.000000
2025-12-22 20:57:58,601 epoch 64 - iter 12/13 - loss 0.23890101 - time (sec): 2.99 - samples/sec: 2837.27 - lr: 0.050000 - momentum: 0.000000
2025-12-22 20:57:58,798 epoch 64 - iter 13/13 - loss 0.23979045 - time (sec): 3.19 - samples/sec: 2871.06 - lr: 0.050000 - momentum: 0.000000
2025-12-22 20:57:58,798 ----------------------------------------------------------------------------------------------------
2025-12-22 20:57:58,798 EPOCH 64 done: loss 0.2398 - lr: 0.050000
2025-12-22 20:57:59,347 DEV : loss 0.3834723234176636 - f1-score (micro avg)  0.9029
2025-12-22 20:57:59,348  - 1 epochs without improvement
2025-12-22 20:57:59,349 ----------------------------------------------------------------------------------------------------
2025-12-22 20:57:59,557 epoch 65 - iter 1/13 - loss 0.20874901 - time (sec): 0.21 - samples/sec: 3210.52 - lr: 0.050000 - momentum: 0.000000
2025-12-22 20:58:00,015 epoch 65 - iter 2/13 - loss 0.23256539 - time (sec): 0.67 - samples/sec: 2195.89 - lr: 0.050000 - momentum: 0.000000
2025-12-22 20:58:00,221 epoch 65 - iter 3/13 - loss 0.22632064 - time (sec): 0.87 - samples/sec: 2459.28 - lr: 0.050000 - momentum: 0.000000
2025-12-22 20:58:00,444 epoch 65 - iter 4/13 - loss 0.22054920 - time (sec): 1.09 - samples/sec: 2590.52 - lr: 0.050000 - momentum: 0.000000
2025-12-22 20:58:00,658 epoch 65 - iter 5/13 - loss 0.23276008 - time (sec): 1.31 - samples/sec: 2803.43 - lr: 0.050000 - momentum: 0.000000
2025-12-22 20:58:00,870 epoch 65 - iter 6/13 - loss 0.23214352 - time (sec): 1.52 - samples/sec: 2899.07 - lr: 0.050000 - momentum: 0.000000
2025-12-22 20:58:01,064 epoch 65 - iter 7/13 - loss 0.23615416 - time (sec): 1.72 - samples/sec: 2954.58 - lr: 0.050000 - momentum: 0.000000
2025-12-22 20:58:01,298 epoch 65 - iter 8/13 - loss 0.23916721 - time (sec): 1.95 - samples/sec: 2953.64 - lr: 0.050000 - momentum: 0.000000
2025-12-22 20:58:01,662 epoch 65 - iter 9/13 - loss 0.23969492 - time (sec): 2.31 - samples/sec: 2817.47 - lr: 0.050000 - momentum: 0.000000
2025-12-22 20:58:01,831 epoch 65 - iter 10/13 - loss 0.23937238 - time (sec): 2.48 - samples/sec: 2843.75 - lr: 0.050000 - momentum: 0.000000
2025-12-22 20:58:01,985 epoch 65 - iter 11/13 - loss 0.23871144 - time (sec): 2.64 - samples/sec: 2908.01 - lr: 0.050000 - momentum: 0.000000
2025-12-22 20:58:02,211 epoch 65 - iter 12/13 - loss 0.24069481 - time (sec): 2.86 - samples/sec: 2945.98 - lr: 0.050000 - momentum: 0.000000
2025-12-22 20:58:02,500 epoch 65 - iter 13/13 - loss 0.24299869 - time (sec): 3.15 - samples/sec: 2902.59 - lr: 0.050000 - momentum: 0.000000
2025-12-22 20:58:02,500 ----------------------------------------------------------------------------------------------------
2025-12-22 20:58:02,500 EPOCH 65 done: loss 0.2430 - lr: 0.050000
2025-12-22 20:58:03,087 DEV : loss 0.3733559846878052 - f1-score (micro avg)  0.9032
2025-12-22 20:58:03,088  - 2 epochs without improvement
2025-12-22 20:58:03,088 ----------------------------------------------------------------------------------------------------
2025-12-22 20:58:03,301 epoch 66 - iter 1/13 - loss 0.23146926 - time (sec): 0.21 - samples/sec: 3459.15 - lr: 0.050000 - momentum: 0.000000
2025-12-22 20:58:03,620 epoch 66 - iter 2/13 - loss 0.24784321 - time (sec): 0.53 - samples/sec: 2550.29 - lr: 0.050000 - momentum: 0.000000
2025-12-22 20:58:03,914 epoch 66 - iter 3/13 - loss 0.24293905 - time (sec): 0.83 - samples/sec: 2612.00 - lr: 0.050000 - momentum: 0.000000
2025-12-22 20:58:04,105 epoch 66 - iter 4/13 - loss 0.23778494 - time (sec): 1.02 - samples/sec: 2749.29 - lr: 0.050000 - momentum: 0.000000
2025-12-22 20:58:04,298 epoch 66 - iter 5/13 - loss 0.23291272 - time (sec): 1.21 - samples/sec: 2832.91 - lr: 0.050000 - momentum: 0.000000
2025-12-22 20:58:04,476 epoch 66 - iter 6/13 - loss 0.23166537 - time (sec): 1.39 - samples/sec: 2930.30 - lr: 0.050000 - momentum: 0.000000
2025-12-22 20:58:04,671 epoch 66 - iter 7/13 - loss 0.23364042 - time (sec): 1.58 - samples/sec: 2996.28 - lr: 0.050000 - momentum: 0.000000
2025-12-22 20:58:04,856 epoch 66 - iter 8/13 - loss 0.24262771 - time (sec): 1.77 - samples/sec: 3016.71 - lr: 0.050000 - momentum: 0.000000
2025-12-22 20:58:05,135 epoch 66 - iter 9/13 - loss 0.24429292 - time (sec): 2.05 - samples/sec: 2970.21 - lr: 0.050000 - momentum: 0.000000
2025-12-22 20:58:05,479 epoch 66 - iter 10/13 - loss 0.23740829 - time (sec): 2.39 - samples/sec: 2894.55 - lr: 0.050000 - momentum: 0.000000
2025-12-22 20:58:05,764 epoch 66 - iter 11/13 - loss 0.23860293 - time (sec): 2.68 - samples/sec: 2879.66 - lr: 0.050000 - momentum: 0.000000
2025-12-22 20:58:05,996 epoch 66 - iter 12/13 - loss 0.23717541 - time (sec): 2.91 - samples/sec: 2889.09 - lr: 0.050000 - momentum: 0.000000
2025-12-22 20:58:06,468 epoch 66 - iter 13/13 - loss 0.23909724 - time (sec): 3.38 - samples/sec: 2706.28 - lr: 0.050000 - momentum: 0.000000
2025-12-22 20:58:06,469 ----------------------------------------------------------------------------------------------------
2025-12-22 20:58:06,469 EPOCH 66 done: loss 0.2391 - lr: 0.050000
2025-12-22 20:58:06,915 DEV : loss 0.3818381726741791 - f1-score (micro avg)  0.9056
2025-12-22 20:58:06,916  - 0 epochs without improvement
2025-12-22 20:58:06,917 saving best model
2025-12-22 20:58:06,931 ----------------------------------------------------------------------------------------------------
2025-12-22 20:58:07,108 epoch 67 - iter 1/13 - loss 0.26612568 - time (sec): 0.18 - samples/sec: 3569.38 - lr: 0.050000 - momentum: 0.000000
2025-12-22 20:58:07,340 epoch 67 - iter 2/13 - loss 0.24476328 - time (sec): 0.41 - samples/sec: 3592.90 - lr: 0.050000 - momentum: 0.000000
2025-12-22 20:58:07,533 epoch 67 - iter 3/13 - loss 0.24131833 - time (sec): 0.60 - samples/sec: 3398.25 - lr: 0.050000 - momentum: 0.000000
2025-12-22 20:58:08,020 epoch 67 - iter 4/13 - loss 0.23868071 - time (sec): 1.09 - samples/sec: 2720.22 - lr: 0.050000 - momentum: 0.000000
2025-12-22 20:58:08,220 epoch 67 - iter 5/13 - loss 0.23863476 - time (sec): 1.29 - samples/sec: 2788.20 - lr: 0.050000 - momentum: 0.000000
2025-12-22 20:58:08,386 epoch 67 - iter 6/13 - loss 0.23874470 - time (sec): 1.45 - samples/sec: 2919.74 - lr: 0.050000 - momentum: 0.000000
2025-12-22 20:58:08,656 epoch 67 - iter 7/13 - loss 0.23286169 - time (sec): 1.72 - samples/sec: 2880.26 - lr: 0.050000 - momentum: 0.000000
2025-12-22 20:58:08,953 epoch 67 - iter 8/13 - loss 0.23146743 - time (sec): 2.02 - samples/sec: 2859.54 - lr: 0.050000 - momentum: 0.000000
2025-12-22 20:58:09,209 epoch 67 - iter 9/13 - loss 0.22887992 - time (sec): 2.28 - samples/sec: 2914.79 - lr: 0.050000 - momentum: 0.000000
2025-12-22 20:58:09,404 epoch 67 - iter 10/13 - loss 0.22870037 - time (sec): 2.47 - samples/sec: 2937.14 - lr: 0.050000 - momentum: 0.000000
2025-12-22 20:58:09,630 epoch 67 - iter 11/13 - loss 0.22831341 - time (sec): 2.70 - samples/sec: 2957.92 - lr: 0.050000 - momentum: 0.000000
2025-12-22 20:58:09,923 epoch 67 - iter 12/13 - loss 0.22595578 - time (sec): 2.99 - samples/sec: 2906.11 - lr: 0.050000 - momentum: 0.000000
2025-12-22 20:58:10,066 epoch 67 - iter 13/13 - loss 0.22555407 - time (sec): 3.13 - samples/sec: 2918.16 - lr: 0.050000 - momentum: 0.000000
2025-12-22 20:58:10,066 ----------------------------------------------------------------------------------------------------
2025-12-22 20:58:10,066 EPOCH 67 done: loss 0.2256 - lr: 0.050000
2025-12-22 20:58:10,624 DEV : loss 0.37688031792640686 - f1-score (micro avg)  0.904
2025-12-22 20:58:10,626  - 1 epochs without improvement
2025-12-22 20:58:10,627 ----------------------------------------------------------------------------------------------------
2025-12-22 20:58:10,854 epoch 68 - iter 1/13 - loss 0.16842708 - time (sec): 0.23 - samples/sec: 2876.78 - lr: 0.050000 - momentum: 0.000000
2025-12-22 20:58:11,074 epoch 68 - iter 2/13 - loss 0.18565250 - time (sec): 0.45 - samples/sec: 3376.30 - lr: 0.050000 - momentum: 0.000000
2025-12-22 20:58:11,401 epoch 68 - iter 3/13 - loss 0.19232973 - time (sec): 0.77 - samples/sec: 2759.03 - lr: 0.050000 - momentum: 0.000000
2025-12-22 20:58:11,585 epoch 68 - iter 4/13 - loss 0.21041442 - time (sec): 0.96 - samples/sec: 2899.71 - lr: 0.050000 - momentum: 0.000000
2025-12-22 20:58:11,787 epoch 68 - iter 5/13 - loss 0.22112892 - time (sec): 1.16 - samples/sec: 3011.44 - lr: 0.050000 - momentum: 0.000000
2025-12-22 20:58:12,216 epoch 68 - iter 6/13 - loss 0.22684767 - time (sec): 1.59 - samples/sec: 2655.49 - lr: 0.050000 - momentum: 0.000000
2025-12-22 20:58:12,385 epoch 68 - iter 7/13 - loss 0.23043219 - time (sec): 1.76 - samples/sec: 2743.71 - lr: 0.050000 - momentum: 0.000000
2025-12-22 20:58:12,661 epoch 68 - iter 8/13 - loss 0.22905364 - time (sec): 2.03 - samples/sec: 2771.49 - lr: 0.050000 - momentum: 0.000000
2025-12-22 20:58:13,125 epoch 68 - iter 9/13 - loss 0.22906808 - time (sec): 2.50 - samples/sec: 2577.61 - lr: 0.050000 - momentum: 0.000000
2025-12-22 20:58:13,353 epoch 68 - iter 10/13 - loss 0.23176795 - time (sec): 2.73 - samples/sec: 2634.52 - lr: 0.050000 - momentum: 0.000000
2025-12-22 20:58:13,616 epoch 68 - iter 11/13 - loss 0.23455835 - time (sec): 2.99 - samples/sec: 2640.12 - lr: 0.050000 - momentum: 0.000000
2025-12-22 20:58:13,810 epoch 68 - iter 12/13 - loss 0.23440812 - time (sec): 3.18 - samples/sec: 2691.30 - lr: 0.050000 - momentum: 0.000000
2025-12-22 20:58:13,971 epoch 68 - iter 13/13 - loss 0.23637793 - time (sec): 3.34 - samples/sec: 2735.73 - lr: 0.050000 - momentum: 0.000000
2025-12-22 20:58:13,971 ----------------------------------------------------------------------------------------------------
2025-12-22 20:58:13,971 EPOCH 68 done: loss 0.2364 - lr: 0.050000
2025-12-22 20:58:14,424 DEV : loss 0.3836301565170288 - f1-score (micro avg)  0.9043
2025-12-22 20:58:14,424  - 2 epochs without improvement
2025-12-22 20:58:14,425 ----------------------------------------------------------------------------------------------------
2025-12-22 20:58:14,640 epoch 69 - iter 1/13 - loss 0.22197962 - time (sec): 0.21 - samples/sec: 3196.36 - lr: 0.050000 - momentum: 0.000000
2025-12-22 20:58:14,902 epoch 69 - iter 2/13 - loss 0.23188237 - time (sec): 0.48 - samples/sec: 2856.05 - lr: 0.050000 - momentum: 0.000000
2025-12-22 20:58:15,108 epoch 69 - iter 3/13 - loss 0.22468493 - time (sec): 0.68 - samples/sec: 3064.81 - lr: 0.050000 - momentum: 0.000000
2025-12-22 20:58:15,370 epoch 69 - iter 4/13 - loss 0.23281718 - time (sec): 0.94 - samples/sec: 3002.18 - lr: 0.050000 - momentum: 0.000000
2025-12-22 20:58:15,817 epoch 69 - iter 5/13 - loss 0.23636170 - time (sec): 1.39 - samples/sec: 2548.75 - lr: 0.050000 - momentum: 0.000000
2025-12-22 20:58:15,957 epoch 69 - iter 6/13 - loss 0.23084636 - time (sec): 1.53 - samples/sec: 2732.52 - lr: 0.050000 - momentum: 0.000000
2025-12-22 20:58:16,166 epoch 69 - iter 7/13 - loss 0.22898466 - time (sec): 1.74 - samples/sec: 2754.64 - lr: 0.050000 - momentum: 0.000000
2025-12-22 20:58:16,460 epoch 69 - iter 8/13 - loss 0.22265047 - time (sec): 2.03 - samples/sec: 2783.64 - lr: 0.050000 - momentum: 0.000000
2025-12-22 20:58:16,758 epoch 69 - iter 9/13 - loss 0.22588286 - time (sec): 2.33 - samples/sec: 2794.10 - lr: 0.050000 - momentum: 0.000000
2025-12-22 20:58:16,962 epoch 69 - iter 10/13 - loss 0.22949062 - time (sec): 2.54 - samples/sec: 2832.21 - lr: 0.050000 - momentum: 0.000000
2025-12-22 20:58:17,316 epoch 69 - iter 11/13 - loss 0.23024680 - time (sec): 2.89 - samples/sec: 2740.53 - lr: 0.050000 - momentum: 0.000000
2025-12-22 20:58:17,480 epoch 69 - iter 12/13 - loss 0.22818136 - time (sec): 3.05 - samples/sec: 2809.20 - lr: 0.050000 - momentum: 0.000000
2025-12-22 20:58:17,675 epoch 69 - iter 13/13 - loss 0.22751408 - time (sec): 3.25 - samples/sec: 2814.34 - lr: 0.050000 - momentum: 0.000000
2025-12-22 20:58:17,675 ----------------------------------------------------------------------------------------------------
2025-12-22 20:58:17,676 EPOCH 69 done: loss 0.2275 - lr: 0.050000
2025-12-22 20:58:18,231 DEV : loss 0.39325058460235596 - f1-score (micro avg)  0.9016
2025-12-22 20:58:18,232  - 3 epochs without improvement
2025-12-22 20:58:18,233 ----------------------------------------------------------------------------------------------------
2025-12-22 20:58:18,487 epoch 70 - iter 1/13 - loss 0.21031474 - time (sec): 0.25 - samples/sec: 2668.73 - lr: 0.050000 - momentum: 0.000000
2025-12-22 20:58:18,689 epoch 70 - iter 2/13 - loss 0.20987866 - time (sec): 0.46 - samples/sec: 2994.06 - lr: 0.050000 - momentum: 0.000000
2025-12-22 20:58:18,873 epoch 70 - iter 3/13 - loss 0.21266914 - time (sec): 0.64 - samples/sec: 3146.84 - lr: 0.050000 - momentum: 0.000000
2025-12-22 20:58:19,078 epoch 70 - iter 4/13 - loss 0.21512617 - time (sec): 0.84 - samples/sec: 3201.34 - lr: 0.050000 - momentum: 0.000000
2025-12-22 20:58:19,283 epoch 70 - iter 5/13 - loss 0.22389078 - time (sec): 1.05 - samples/sec: 3213.10 - lr: 0.050000 - momentum: 0.000000
2025-12-22 20:58:19,586 epoch 70 - iter 6/13 - loss 0.22654958 - time (sec): 1.35 - samples/sec: 3127.89 - lr: 0.050000 - momentum: 0.000000
2025-12-22 20:58:19,930 epoch 70 - iter 7/13 - loss 0.22124614 - time (sec): 1.70 - samples/sec: 2917.61 - lr: 0.050000 - momentum: 0.000000
2025-12-22 20:58:20,127 epoch 70 - iter 8/13 - loss 0.21885671 - time (sec): 1.89 - samples/sec: 2956.91 - lr: 0.050000 - momentum: 0.000000
2025-12-22 20:58:20,338 epoch 70 - iter 9/13 - loss 0.21700413 - time (sec): 2.10 - samples/sec: 2991.11 - lr: 0.050000 - momentum: 0.000000
2025-12-22 20:58:20,588 epoch 70 - iter 10/13 - loss 0.21880388 - time (sec): 2.36 - samples/sec: 2970.07 - lr: 0.050000 - momentum: 0.000000
2025-12-22 20:58:21,044 epoch 70 - iter 11/13 - loss 0.21969467 - time (sec): 2.81 - samples/sec: 2756.04 - lr: 0.050000 - momentum: 0.000000
2025-12-22 20:58:21,258 epoch 70 - iter 12/13 - loss 0.22427562 - time (sec): 3.02 - samples/sec: 2795.66 - lr: 0.050000 - momentum: 0.000000
2025-12-22 20:58:21,461 epoch 70 - iter 13/13 - loss 0.22438443 - time (sec): 3.23 - samples/sec: 2833.31 - lr: 0.050000 - momentum: 0.000000
2025-12-22 20:58:21,462 ----------------------------------------------------------------------------------------------------
2025-12-22 20:58:21,462 EPOCH 70 done: loss 0.2244 - lr: 0.050000
2025-12-22 20:58:22,463 DEV : loss 0.3853003680706024 - f1-score (micro avg)  0.907
2025-12-22 20:58:22,465  - 0 epochs without improvement
2025-12-22 20:58:22,465 saving best model
2025-12-22 20:58:22,482 ----------------------------------------------------------------------------------------------------
2025-12-22 20:58:22,763 epoch 71 - iter 1/13 - loss 0.22537190 - time (sec): 0.28 - samples/sec: 2870.76 - lr: 0.050000 - momentum: 0.000000
2025-12-22 20:58:23,048 epoch 71 - iter 2/13 - loss 0.21208320 - time (sec): 0.56 - samples/sec: 2896.70 - lr: 0.050000 - momentum: 0.000000
2025-12-22 20:58:23,217 epoch 71 - iter 3/13 - loss 0.21102193 - time (sec): 0.73 - samples/sec: 2979.06 - lr: 0.050000 - momentum: 0.000000
2025-12-22 20:58:23,466 epoch 71 - iter 4/13 - loss 0.21209887 - time (sec): 0.98 - samples/sec: 2914.92 - lr: 0.050000 - momentum: 0.000000
2025-12-22 20:58:23,701 epoch 71 - iter 5/13 - loss 0.22496530 - time (sec): 1.22 - samples/sec: 2963.33 - lr: 0.050000 - momentum: 0.000000
2025-12-22 20:58:23,937 epoch 71 - iter 6/13 - loss 0.22970829 - time (sec): 1.45 - samples/sec: 2947.54 - lr: 0.050000 - momentum: 0.000000
2025-12-22 20:58:24,143 epoch 71 - iter 7/13 - loss 0.22703949 - time (sec): 1.66 - samples/sec: 3049.32 - lr: 0.050000 - momentum: 0.000000
2025-12-22 20:58:24,340 epoch 71 - iter 8/13 - loss 0.22835942 - time (sec): 1.86 - samples/sec: 3101.22 - lr: 0.050000 - momentum: 0.000000
2025-12-22 20:58:24,702 epoch 71 - iter 9/13 - loss 0.23014138 - time (sec): 2.22 - samples/sec: 2931.52 - lr: 0.050000 - momentum: 0.000000
2025-12-22 20:58:24,895 epoch 71 - iter 10/13 - loss 0.23000422 - time (sec): 2.41 - samples/sec: 2957.68 - lr: 0.050000 - momentum: 0.000000
2025-12-22 20:58:25,361 epoch 71 - iter 11/13 - loss 0.22951175 - time (sec): 2.88 - samples/sec: 2758.58 - lr: 0.050000 - momentum: 0.000000
2025-12-22 20:58:25,732 epoch 71 - iter 12/13 - loss 0.22695213 - time (sec): 3.25 - samples/sec: 2671.51 - lr: 0.050000 - momentum: 0.000000
2025-12-22 20:58:25,862 epoch 71 - iter 13/13 - loss 0.22506792 - time (sec): 3.38 - samples/sec: 2707.60 - lr: 0.050000 - momentum: 0.000000
2025-12-22 20:58:25,862 ----------------------------------------------------------------------------------------------------
2025-12-22 20:58:25,862 EPOCH 71 done: loss 0.2251 - lr: 0.050000
2025-12-22 20:58:26,303 DEV : loss 0.3811928331851959 - f1-score (micro avg)  0.9056
2025-12-22 20:58:26,303  - 1 epochs without improvement
2025-12-22 20:58:26,304 ----------------------------------------------------------------------------------------------------
2025-12-22 20:58:26,526 epoch 72 - iter 1/13 - loss 0.22091320 - time (sec): 0.22 - samples/sec: 3102.87 - lr: 0.050000 - momentum: 0.000000
2025-12-22 20:58:26,719 epoch 72 - iter 2/13 - loss 0.23710951 - time (sec): 0.41 - samples/sec: 3430.24 - lr: 0.050000 - momentum: 0.000000
2025-12-22 20:58:26,980 epoch 72 - iter 3/13 - loss 0.23213634 - time (sec): 0.68 - samples/sec: 3011.30 - lr: 0.050000 - momentum: 0.000000
2025-12-22 20:58:27,181 epoch 72 - iter 4/13 - loss 0.22882514 - time (sec): 0.88 - samples/sec: 3129.25 - lr: 0.050000 - momentum: 0.000000
2025-12-22 20:58:27,346 epoch 72 - iter 5/13 - loss 0.23081779 - time (sec): 1.04 - samples/sec: 3281.75 - lr: 0.050000 - momentum: 0.000000
2025-12-22 20:58:27,556 epoch 72 - iter 6/13 - loss 0.23295105 - time (sec): 1.25 - samples/sec: 3261.98 - lr: 0.050000 - momentum: 0.000000
2025-12-22 20:58:27,812 epoch 72 - iter 7/13 - loss 0.23862430 - time (sec): 1.51 - samples/sec: 3202.53 - lr: 0.050000 - momentum: 0.000000
2025-12-22 20:58:28,037 epoch 72 - iter 8/13 - loss 0.23565518 - time (sec): 1.73 - samples/sec: 3191.00 - lr: 0.050000 - momentum: 0.000000
2025-12-22 20:58:28,508 epoch 72 - iter 9/13 - loss 0.22986657 - time (sec): 2.20 - samples/sec: 2902.02 - lr: 0.050000 - momentum: 0.000000
2025-12-22 20:58:28,784 epoch 72 - iter 10/13 - loss 0.22911618 - time (sec): 2.48 - samples/sec: 2877.98 - lr: 0.050000 - momentum: 0.000000
2025-12-22 20:58:29,015 epoch 72 - iter 11/13 - loss 0.22854457 - time (sec): 2.71 - samples/sec: 2900.51 - lr: 0.050000 - momentum: 0.000000
2025-12-22 20:58:29,214 epoch 72 - iter 12/13 - loss 0.22876703 - time (sec): 2.91 - samples/sec: 2921.76 - lr: 0.050000 - momentum: 0.000000
2025-12-22 20:58:29,420 epoch 72 - iter 13/13 - loss 0.23127097 - time (sec): 3.12 - samples/sec: 2935.59 - lr: 0.050000 - momentum: 0.000000
2025-12-22 20:58:29,420 ----------------------------------------------------------------------------------------------------
2025-12-22 20:58:29,420 EPOCH 72 done: loss 0.2313 - lr: 0.050000
2025-12-22 20:58:29,847 DEV : loss 0.3837279677391052 - f1-score (micro avg)  0.9067
2025-12-22 20:58:29,848  - 2 epochs without improvement
2025-12-22 20:58:29,848 ----------------------------------------------------------------------------------------------------
2025-12-22 20:58:30,119 epoch 73 - iter 1/13 - loss 0.19955284 - time (sec): 0.27 - samples/sec: 2665.76 - lr: 0.050000 - momentum: 0.000000
2025-12-22 20:58:30,302 epoch 73 - iter 2/13 - loss 0.20363257 - time (sec): 0.45 - samples/sec: 2793.41 - lr: 0.050000 - momentum: 0.000000
2025-12-22 20:58:30,508 epoch 73 - iter 3/13 - loss 0.20462187 - time (sec): 0.66 - samples/sec: 2982.21 - lr: 0.050000 - momentum: 0.000000
2025-12-22 20:58:30,975 epoch 73 - iter 4/13 - loss 0.21407600 - time (sec): 1.13 - samples/sec: 2477.68 - lr: 0.050000 - momentum: 0.000000
2025-12-22 20:58:31,121 epoch 73 - iter 5/13 - loss 0.21768286 - time (sec): 1.27 - samples/sec: 2677.56 - lr: 0.050000 - momentum: 0.000000
2025-12-22 20:58:31,380 epoch 73 - iter 6/13 - loss 0.22351270 - time (sec): 1.53 - samples/sec: 2649.12 - lr: 0.050000 - momentum: 0.000000
2025-12-22 20:58:31,585 epoch 73 - iter 7/13 - loss 0.22030748 - time (sec): 1.74 - samples/sec: 2780.66 - lr: 0.050000 - momentum: 0.000000
2025-12-22 20:58:31,810 epoch 73 - iter 8/13 - loss 0.22953959 - time (sec): 1.96 - samples/sec: 2867.89 - lr: 0.050000 - momentum: 0.000000
2025-12-22 20:58:32,085 epoch 73 - iter 9/13 - loss 0.22755192 - time (sec): 2.24 - samples/sec: 2886.41 - lr: 0.050000 - momentum: 0.000000
2025-12-22 20:58:32,278 epoch 73 - iter 10/13 - loss 0.22494054 - time (sec): 2.43 - samples/sec: 2941.74 - lr: 0.050000 - momentum: 0.000000
2025-12-22 20:58:32,630 epoch 73 - iter 11/13 - loss 0.22294512 - time (sec): 2.78 - samples/sec: 2867.19 - lr: 0.050000 - momentum: 0.000000
2025-12-22 20:58:32,779 epoch 73 - iter 12/13 - loss 0.22155102 - time (sec): 2.93 - samples/sec: 2910.20 - lr: 0.050000 - momentum: 0.000000
2025-12-22 20:58:33,002 epoch 73 - iter 13/13 - loss 0.22358322 - time (sec): 3.15 - samples/sec: 2900.33 - lr: 0.050000 - momentum: 0.000000
2025-12-22 20:58:33,003 ----------------------------------------------------------------------------------------------------
2025-12-22 20:58:33,003 EPOCH 73 done: loss 0.2236 - lr: 0.050000
2025-12-22 20:58:33,436 DEV : loss 0.3914400339126587 - f1-score (micro avg)  0.9062
2025-12-22 20:58:33,437  - 3 epochs without improvement
2025-12-22 20:58:33,437 ----------------------------------------------------------------------------------------------------
2025-12-22 20:58:33,695 epoch 74 - iter 1/13 - loss 0.25321329 - time (sec): 0.26 - samples/sec: 3077.26 - lr: 0.050000 - momentum: 0.000000
2025-12-22 20:58:33,923 epoch 74 - iter 2/13 - loss 0.25220219 - time (sec): 0.49 - samples/sec: 2960.58 - lr: 0.050000 - momentum: 0.000000
2025-12-22 20:58:34,146 epoch 74 - iter 3/13 - loss 0.23831745 - time (sec): 0.71 - samples/sec: 2966.84 - lr: 0.050000 - momentum: 0.000000
2025-12-22 20:58:34,372 epoch 74 - iter 4/13 - loss 0.23504173 - time (sec): 0.94 - samples/sec: 3016.59 - lr: 0.050000 - momentum: 0.000000
2025-12-22 20:58:34,836 epoch 74 - iter 5/13 - loss 0.24586697 - time (sec): 1.40 - samples/sec: 2573.04 - lr: 0.050000 - momentum: 0.000000
2025-12-22 20:58:35,008 epoch 74 - iter 6/13 - loss 0.23763688 - time (sec): 1.57 - samples/sec: 2670.45 - lr: 0.050000 - momentum: 0.000000
2025-12-22 20:58:35,213 epoch 74 - iter 7/13 - loss 0.23249008 - time (sec): 1.78 - samples/sec: 2765.57 - lr: 0.050000 - momentum: 0.000000
2025-12-22 20:58:35,386 epoch 74 - iter 8/13 - loss 0.22945607 - time (sec): 1.95 - samples/sec: 2830.14 - lr: 0.050000 - momentum: 0.000000
2025-12-22 20:58:35,626 epoch 74 - iter 9/13 - loss 0.22713505 - time (sec): 2.19 - samples/sec: 2867.37 - lr: 0.050000 - momentum: 0.000000
2025-12-22 20:58:35,917 epoch 74 - iter 10/13 - loss 0.22561997 - time (sec): 2.48 - samples/sec: 2847.47 - lr: 0.050000 - momentum: 0.000000
2025-12-22 20:58:36,098 epoch 74 - iter 11/13 - loss 0.22831778 - time (sec): 2.66 - samples/sec: 2893.90 - lr: 0.050000 - momentum: 0.000000
2025-12-22 20:58:36,372 epoch 74 - iter 12/13 - loss 0.22789142 - time (sec): 2.93 - samples/sec: 2880.25 - lr: 0.050000 - momentum: 0.000000
2025-12-22 20:58:36,602 epoch 74 - iter 13/13 - loss 0.23065025 - time (sec): 3.16 - samples/sec: 2890.09 - lr: 0.050000 - momentum: 0.000000
2025-12-22 20:58:36,602 ----------------------------------------------------------------------------------------------------
2025-12-22 20:58:36,602 EPOCH 74 done: loss 0.2307 - lr: 0.050000
2025-12-22 20:58:37,201 DEV : loss 0.38004449009895325 - f1-score (micro avg)  0.9073
2025-12-22 20:58:37,202  - 0 epochs without improvement
2025-12-22 20:58:37,202 saving best model
2025-12-22 20:58:37,217 ----------------------------------------------------------------------------------------------------
2025-12-22 20:58:37,379 epoch 75 - iter 1/13 - loss 0.17659626 - time (sec): 0.16 - samples/sec: 3319.87 - lr: 0.050000 - momentum: 0.000000
2025-12-22 20:58:37,560 epoch 75 - iter 2/13 - loss 0.18834532 - time (sec): 0.34 - samples/sec: 3688.06 - lr: 0.050000 - momentum: 0.000000
2025-12-22 20:58:37,750 epoch 75 - iter 3/13 - loss 0.21566712 - time (sec): 0.53 - samples/sec: 3575.97 - lr: 0.050000 - momentum: 0.000000
2025-12-22 20:58:37,977 epoch 75 - iter 4/13 - loss 0.21315622 - time (sec): 0.76 - samples/sec: 3326.35 - lr: 0.050000 - momentum: 0.000000
2025-12-22 20:58:38,446 epoch 75 - iter 5/13 - loss 0.21364885 - time (sec): 1.23 - samples/sec: 2671.23 - lr: 0.050000 - momentum: 0.000000
2025-12-22 20:58:38,603 epoch 75 - iter 6/13 - loss 0.21428434 - time (sec): 1.39 - samples/sec: 2779.69 - lr: 0.050000 - momentum: 0.000000
2025-12-22 20:58:38,785 epoch 75 - iter 7/13 - loss 0.21449427 - time (sec): 1.57 - samples/sec: 2894.55 - lr: 0.050000 - momentum: 0.000000
2025-12-22 20:58:39,000 epoch 75 - iter 8/13 - loss 0.21018966 - time (sec): 1.78 - samples/sec: 2966.41 - lr: 0.050000 - momentum: 0.000000
2025-12-22 20:58:39,295 epoch 75 - iter 9/13 - loss 0.21062022 - time (sec): 2.08 - samples/sec: 2927.23 - lr: 0.050000 - momentum: 0.000000
2025-12-22 20:58:39,524 epoch 75 - iter 10/13 - loss 0.21420755 - time (sec): 2.31 - samples/sec: 2956.88 - lr: 0.050000 - momentum: 0.000000
2025-12-22 20:58:39,803 epoch 75 - iter 11/13 - loss 0.21487797 - time (sec): 2.59 - samples/sec: 2990.55 - lr: 0.050000 - momentum: 0.000000
2025-12-22 20:58:40,141 epoch 75 - iter 12/13 - loss 0.22011779 - time (sec): 2.92 - samples/sec: 2880.07 - lr: 0.050000 - momentum: 0.000000
2025-12-22 20:58:40,406 epoch 75 - iter 13/13 - loss 0.22028162 - time (sec): 3.19 - samples/sec: 2868.20 - lr: 0.050000 - momentum: 0.000000
2025-12-22 20:58:40,407 ----------------------------------------------------------------------------------------------------
2025-12-22 20:58:40,407 EPOCH 75 done: loss 0.2203 - lr: 0.050000
2025-12-22 20:58:40,987 DEV : loss 0.3825332820415497 - f1-score (micro avg)  0.9078
2025-12-22 20:58:40,988  - 0 epochs without improvement
2025-12-22 20:58:40,988 saving best model
2025-12-22 20:58:41,006 ----------------------------------------------------------------------------------------------------
2025-12-22 20:58:41,174 epoch 76 - iter 1/13 - loss 0.21611911 - time (sec): 0.17 - samples/sec: 3996.52 - lr: 0.050000 - momentum: 0.000000
2025-12-22 20:58:41,618 epoch 76 - iter 2/13 - loss 0.19346927 - time (sec): 0.61 - samples/sec: 2428.19 - lr: 0.050000 - momentum: 0.000000
2025-12-22 20:58:41,848 epoch 76 - iter 3/13 - loss 0.20594755 - time (sec): 0.84 - samples/sec: 2634.27 - lr: 0.050000 - momentum: 0.000000
2025-12-22 20:58:42,118 epoch 76 - iter 4/13 - loss 0.19921550 - time (sec): 1.11 - samples/sec: 2702.77 - lr: 0.050000 - momentum: 0.000000
2025-12-22 20:58:42,322 epoch 76 - iter 5/13 - loss 0.20201877 - time (sec): 1.32 - samples/sec: 2834.31 - lr: 0.050000 - momentum: 0.000000
2025-12-22 20:58:42,513 epoch 76 - iter 6/13 - loss 0.20203424 - time (sec): 1.51 - samples/sec: 2975.74 - lr: 0.050000 - momentum: 0.000000
2025-12-22 20:58:42,796 epoch 76 - iter 7/13 - loss 0.20210901 - time (sec): 1.79 - samples/sec: 2865.96 - lr: 0.050000 - momentum: 0.000000
2025-12-22 20:58:42,933 epoch 76 - iter 8/13 - loss 0.20398885 - time (sec): 1.93 - samples/sec: 2986.08 - lr: 0.050000 - momentum: 0.000000
2025-12-22 20:58:43,105 epoch 76 - iter 9/13 - loss 0.20453035 - time (sec): 2.10 - samples/sec: 3090.37 - lr: 0.050000 - momentum: 0.000000
2025-12-22 20:58:43,256 epoch 76 - iter 10/13 - loss 0.20303187 - time (sec): 2.25 - samples/sec: 3130.77 - lr: 0.050000 - momentum: 0.000000
2025-12-22 20:58:43,417 epoch 76 - iter 11/13 - loss 0.20377795 - time (sec): 2.41 - samples/sec: 3176.19 - lr: 0.050000 - momentum: 0.000000
2025-12-22 20:58:43,682 epoch 76 - iter 12/13 - loss 0.20257700 - time (sec): 2.68 - samples/sec: 3184.71 - lr: 0.050000 - momentum: 0.000000
2025-12-22 20:58:43,858 epoch 76 - iter 13/13 - loss 0.20278720 - time (sec): 2.85 - samples/sec: 3208.24 - lr: 0.050000 - momentum: 0.000000
2025-12-22 20:58:43,858 ----------------------------------------------------------------------------------------------------
2025-12-22 20:58:43,858 EPOCH 76 done: loss 0.2028 - lr: 0.050000
2025-12-22 20:58:44,254 DEV : loss 0.3908054828643799 - f1-score (micro avg)  0.9083
2025-12-22 20:58:44,255  - 0 epochs without improvement
2025-12-22 20:58:44,255 saving best model
2025-12-22 20:58:44,269 ----------------------------------------------------------------------------------------------------
2025-12-22 20:58:44,584 epoch 77 - iter 1/13 - loss 0.25048495 - time (sec): 0.32 - samples/sec: 2791.39 - lr: 0.050000 - momentum: 0.000000
2025-12-22 20:58:44,766 epoch 77 - iter 2/13 - loss 0.24389585 - time (sec): 0.50 - samples/sec: 3105.07 - lr: 0.050000 - momentum: 0.000000
2025-12-22 20:58:44,964 epoch 77 - iter 3/13 - loss 0.23337774 - time (sec): 0.70 - samples/sec: 3393.81 - lr: 0.050000 - momentum: 0.000000
2025-12-22 20:58:45,198 epoch 77 - iter 4/13 - loss 0.23035146 - time (sec): 0.93 - samples/sec: 3352.12 - lr: 0.050000 - momentum: 0.000000
2025-12-22 20:58:45,585 epoch 77 - iter 5/13 - loss 0.22404831 - time (sec): 1.32 - samples/sec: 2906.29 - lr: 0.050000 - momentum: 0.000000
2025-12-22 20:58:45,873 epoch 77 - iter 6/13 - loss 0.22477089 - time (sec): 1.60 - samples/sec: 2929.20 - lr: 0.050000 - momentum: 0.000000
2025-12-22 20:58:46,053 epoch 77 - iter 7/13 - loss 0.22635444 - time (sec): 1.78 - samples/sec: 3030.85 - lr: 0.050000 - momentum: 0.000000
2025-12-22 20:58:46,227 epoch 77 - iter 8/13 - loss 0.22494770 - time (sec): 1.96 - samples/sec: 3103.24 - lr: 0.050000 - momentum: 0.000000
2025-12-22 20:58:46,397 epoch 77 - iter 9/13 - loss 0.22356193 - time (sec): 2.13 - samples/sec: 3166.30 - lr: 0.050000 - momentum: 0.000000
2025-12-22 20:58:46,570 epoch 77 - iter 10/13 - loss 0.21705489 - time (sec): 2.30 - samples/sec: 3181.80 - lr: 0.050000 - momentum: 0.000000
2025-12-22 20:58:46,771 epoch 77 - iter 11/13 - loss 0.21776552 - time (sec): 2.50 - samples/sec: 3205.36 - lr: 0.050000 - momentum: 0.000000
2025-12-22 20:58:46,873 epoch 77 - iter 12/13 - loss 0.21786115 - time (sec): 2.60 - samples/sec: 3280.08 - lr: 0.050000 - momentum: 0.000000
2025-12-22 20:58:47,046 epoch 77 - iter 13/13 - loss 0.22261333 - time (sec): 2.78 - samples/sec: 3293.38 - lr: 0.050000 - momentum: 0.000000
2025-12-22 20:58:47,047 ----------------------------------------------------------------------------------------------------
2025-12-22 20:58:47,047 EPOCH 77 done: loss 0.2226 - lr: 0.050000
2025-12-22 20:58:47,444 DEV : loss 0.3872140049934387 - f1-score (micro avg)  0.9091
2025-12-22 20:58:47,444  - 0 epochs without improvement
2025-12-22 20:58:47,445 saving best model
2025-12-22 20:58:47,457 ----------------------------------------------------------------------------------------------------
2025-12-22 20:58:47,649 epoch 78 - iter 1/13 - loss 0.22179177 - time (sec): 0.19 - samples/sec: 3960.41 - lr: 0.050000 - momentum: 0.000000
2025-12-22 20:58:47,831 epoch 78 - iter 2/13 - loss 0.19980565 - time (sec): 0.37 - samples/sec: 3797.63 - lr: 0.050000 - momentum: 0.000000
2025-12-22 20:58:48,025 epoch 78 - iter 3/13 - loss 0.19231090 - time (sec): 0.57 - samples/sec: 3524.98 - lr: 0.050000 - momentum: 0.000000
2025-12-22 20:58:48,234 epoch 78 - iter 4/13 - loss 0.20080754 - time (sec): 0.78 - samples/sec: 3598.46 - lr: 0.050000 - momentum: 0.000000
2025-12-22 20:58:48,408 epoch 78 - iter 5/13 - loss 0.20759740 - time (sec): 0.95 - samples/sec: 3608.62 - lr: 0.050000 - momentum: 0.000000
2025-12-22 20:58:48,671 epoch 78 - iter 6/13 - loss 0.20771899 - time (sec): 1.21 - samples/sec: 3532.23 - lr: 0.050000 - momentum: 0.000000
2025-12-22 20:58:48,853 epoch 78 - iter 7/13 - loss 0.21068290 - time (sec): 1.40 - samples/sec: 3562.79 - lr: 0.050000 - momentum: 0.000000
2025-12-22 20:58:49,033 epoch 78 - iter 8/13 - loss 0.20923169 - time (sec): 1.58 - samples/sec: 3559.11 - lr: 0.050000 - momentum: 0.000000
2025-12-22 20:58:49,418 epoch 78 - iter 9/13 - loss 0.20915765 - time (sec): 1.96 - samples/sec: 3228.79 - lr: 0.050000 - momentum: 0.000000
2025-12-22 20:58:49,569 epoch 78 - iter 10/13 - loss 0.20995996 - time (sec): 2.11 - samples/sec: 3298.48 - lr: 0.050000 - momentum: 0.000000
2025-12-22 20:58:49,883 epoch 78 - iter 11/13 - loss 0.21113058 - time (sec): 2.43 - samples/sec: 3248.12 - lr: 0.050000 - momentum: 0.000000
2025-12-22 20:58:50,080 epoch 78 - iter 12/13 - loss 0.21397710 - time (sec): 2.62 - samples/sec: 3288.79 - lr: 0.050000 - momentum: 0.000000
2025-12-22 20:58:50,209 epoch 78 - iter 13/13 - loss 0.21645641 - time (sec): 2.75 - samples/sec: 3324.57 - lr: 0.050000 - momentum: 0.000000
2025-12-22 20:58:50,209 ----------------------------------------------------------------------------------------------------
2025-12-22 20:58:50,209 EPOCH 78 done: loss 0.2165 - lr: 0.050000
2025-12-22 20:58:50,609 DEV : loss 0.3904314637184143 - f1-score (micro avg)  0.9081
2025-12-22 20:58:50,610  - 1 epochs without improvement
2025-12-22 20:58:50,610 ----------------------------------------------------------------------------------------------------
2025-12-22 20:58:50,853 epoch 79 - iter 1/13 - loss 0.21980736 - time (sec): 0.24 - samples/sec: 2891.56 - lr: 0.050000 - momentum: 0.000000
2025-12-22 20:58:51,057 epoch 79 - iter 2/13 - loss 0.21514070 - time (sec): 0.45 - samples/sec: 3293.60 - lr: 0.050000 - momentum: 0.000000
2025-12-22 20:58:51,386 epoch 79 - iter 3/13 - loss 0.22710067 - time (sec): 0.77 - samples/sec: 2790.99 - lr: 0.050000 - momentum: 0.000000
2025-12-22 20:58:51,537 epoch 79 - iter 4/13 - loss 0.23917807 - time (sec): 0.93 - samples/sec: 3001.49 - lr: 0.050000 - momentum: 0.000000
2025-12-22 20:58:51,787 epoch 79 - iter 5/13 - loss 0.23333047 - time (sec): 1.18 - samples/sec: 2979.12 - lr: 0.050000 - momentum: 0.000000
2025-12-22 20:58:51,996 epoch 79 - iter 6/13 - loss 0.23970744 - time (sec): 1.39 - samples/sec: 3082.72 - lr: 0.050000 - momentum: 0.000000
2025-12-22 20:58:52,181 epoch 79 - iter 7/13 - loss 0.23244411 - time (sec): 1.57 - samples/sec: 3189.75 - lr: 0.050000 - momentum: 0.000000
2025-12-22 20:58:52,594 epoch 79 - iter 8/13 - loss 0.23235002 - time (sec): 1.98 - samples/sec: 2891.52 - lr: 0.050000 - momentum: 0.000000
2025-12-22 20:58:52,774 epoch 79 - iter 9/13 - loss 0.22934464 - time (sec): 2.16 - samples/sec: 2943.54 - lr: 0.050000 - momentum: 0.000000
2025-12-22 20:58:52,967 epoch 79 - iter 10/13 - loss 0.22683091 - time (sec): 2.36 - samples/sec: 2962.39 - lr: 0.050000 - momentum: 0.000000
2025-12-22 20:58:53,130 epoch 79 - iter 11/13 - loss 0.22627423 - time (sec): 2.52 - samples/sec: 3038.64 - lr: 0.050000 - momentum: 0.000000
2025-12-22 20:58:53,341 epoch 79 - iter 12/13 - loss 0.22245997 - time (sec): 2.73 - samples/sec: 3100.99 - lr: 0.050000 - momentum: 0.000000
2025-12-22 20:58:53,510 epoch 79 - iter 13/13 - loss 0.22507155 - time (sec): 2.90 - samples/sec: 3155.02 - lr: 0.050000 - momentum: 0.000000
2025-12-22 20:58:53,510 ----------------------------------------------------------------------------------------------------
2025-12-22 20:58:53,510 EPOCH 79 done: loss 0.2251 - lr: 0.050000
2025-12-22 20:58:54,006 DEV : loss 0.3871430456638336 - f1-score (micro avg)  0.9075
2025-12-22 20:58:54,007  - 2 epochs without improvement
2025-12-22 20:58:54,007 ----------------------------------------------------------------------------------------------------
2025-12-22 20:58:54,266 epoch 80 - iter 1/13 - loss 0.24804945 - time (sec): 0.26 - samples/sec: 2940.36 - lr: 0.050000 - momentum: 0.000000
2025-12-22 20:58:54,513 epoch 80 - iter 2/13 - loss 0.25131050 - time (sec): 0.50 - samples/sec: 2988.46 - lr: 0.050000 - momentum: 0.000000
2025-12-22 20:58:54,772 epoch 80 - iter 3/13 - loss 0.24301543 - time (sec): 0.76 - samples/sec: 3059.50 - lr: 0.050000 - momentum: 0.000000
2025-12-22 20:58:54,970 epoch 80 - iter 4/13 - loss 0.23925510 - time (sec): 0.96 - samples/sec: 2997.52 - lr: 0.050000 - momentum: 0.000000
2025-12-22 20:58:55,143 epoch 80 - iter 5/13 - loss 0.22737909 - time (sec): 1.14 - samples/sec: 3134.55 - lr: 0.050000 - momentum: 0.000000
2025-12-22 20:58:55,322 epoch 80 - iter 6/13 - loss 0.22689598 - time (sec): 1.31 - samples/sec: 3172.94 - lr: 0.050000 - momentum: 0.000000
2025-12-22 20:58:55,627 epoch 80 - iter 7/13 - loss 0.21897464 - time (sec): 1.62 - samples/sec: 3007.12 - lr: 0.050000 - momentum: 0.000000
2025-12-22 20:58:55,807 epoch 80 - iter 8/13 - loss 0.21674414 - time (sec): 1.80 - samples/sec: 3128.22 - lr: 0.050000 - momentum: 0.000000
2025-12-22 20:58:55,985 epoch 80 - iter 9/13 - loss 0.21696379 - time (sec): 1.98 - samples/sec: 3189.44 - lr: 0.050000 - momentum: 0.000000
2025-12-22 20:58:56,139 epoch 80 - iter 10/13 - loss 0.21613926 - time (sec): 2.13 - samples/sec: 3252.55 - lr: 0.050000 - momentum: 0.000000
2025-12-22 20:58:56,302 epoch 80 - iter 11/13 - loss 0.21757531 - time (sec): 2.29 - samples/sec: 3260.35 - lr: 0.050000 - momentum: 0.000000
2025-12-22 20:58:56,719 epoch 80 - iter 12/13 - loss 0.21603464 - time (sec): 2.71 - samples/sec: 3057.18 - lr: 0.050000 - momentum: 0.000000
2025-12-22 20:58:56,973 epoch 80 - iter 13/13 - loss 0.21316255 - time (sec): 2.97 - samples/sec: 3084.15 - lr: 0.050000 - momentum: 0.000000
2025-12-22 20:58:56,974 ----------------------------------------------------------------------------------------------------
2025-12-22 20:58:56,974 EPOCH 80 done: loss 0.2132 - lr: 0.050000
2025-12-22 20:58:57,374 DEV : loss 0.39131706953048706 - f1-score (micro avg)  0.9083
2025-12-22 20:58:57,375  - 3 epochs without improvement
2025-12-22 20:58:57,375 ----------------------------------------------------------------------------------------------------
2025-12-22 20:58:57,599 epoch 81 - iter 1/13 - loss 0.21409226 - time (sec): 0.22 - samples/sec: 3553.45 - lr: 0.050000 - momentum: 0.000000
2025-12-22 20:58:58,053 epoch 81 - iter 2/13 - loss 0.23516654 - time (sec): 0.68 - samples/sec: 2296.18 - lr: 0.050000 - momentum: 0.000000
2025-12-22 20:58:58,264 epoch 81 - iter 3/13 - loss 0.21739960 - time (sec): 0.89 - samples/sec: 2593.40 - lr: 0.050000 - momentum: 0.000000
2025-12-22 20:58:58,430 epoch 81 - iter 4/13 - loss 0.20798289 - time (sec): 1.05 - samples/sec: 2657.27 - lr: 0.050000 - momentum: 0.000000
2025-12-22 20:58:58,618 epoch 81 - iter 5/13 - loss 0.20570912 - time (sec): 1.24 - samples/sec: 2788.98 - lr: 0.050000 - momentum: 0.000000
2025-12-22 20:58:58,791 epoch 81 - iter 6/13 - loss 0.21191768 - time (sec): 1.42 - samples/sec: 2957.25 - lr: 0.050000 - momentum: 0.000000
2025-12-22 20:58:58,962 epoch 81 - iter 7/13 - loss 0.21057999 - time (sec): 1.59 - samples/sec: 3074.55 - lr: 0.050000 - momentum: 0.000000
2025-12-22 20:58:59,145 epoch 81 - iter 8/13 - loss 0.20972878 - time (sec): 1.77 - samples/sec: 3131.68 - lr: 0.050000 - momentum: 0.000000
2025-12-22 20:58:59,332 epoch 81 - iter 9/13 - loss 0.20572851 - time (sec): 1.96 - samples/sec: 3153.69 - lr: 0.050000 - momentum: 0.000000
2025-12-22 20:58:59,636 epoch 81 - iter 10/13 - loss 0.20907579 - time (sec): 2.26 - samples/sec: 3059.46 - lr: 0.050000 - momentum: 0.000000
2025-12-22 20:58:59,895 epoch 81 - iter 11/13 - loss 0.20815054 - time (sec): 2.52 - samples/sec: 3031.61 - lr: 0.050000 - momentum: 0.000000
2025-12-22 20:59:00,155 epoch 81 - iter 12/13 - loss 0.20778208 - time (sec): 2.78 - samples/sec: 3054.06 - lr: 0.050000 - momentum: 0.000000
2025-12-22 20:59:00,333 epoch 81 - iter 13/13 - loss 0.20724494 - time (sec): 2.96 - samples/sec: 3092.22 - lr: 0.050000 - momentum: 0.000000
2025-12-22 20:59:00,333 ----------------------------------------------------------------------------------------------------
2025-12-22 20:59:00,333 EPOCH 81 done: loss 0.2072 - lr: 0.050000
2025-12-22 20:59:00,749 DEV : loss 0.39623120427131653 - f1-score (micro avg)  0.907
2025-12-22 20:59:00,750  - 4 epochs without improvement (above 'patience')-> annealing learning_rate to [0.025]
2025-12-22 20:59:00,750 ----------------------------------------------------------------------------------------------------
2025-12-22 20:59:01,068 epoch 82 - iter 1/13 - loss 0.16828111 - time (sec): 0.32 - samples/sec: 2643.19 - lr: 0.025000 - momentum: 0.000000
2025-12-22 20:59:01,175 epoch 82 - iter 2/13 - loss 0.16421288 - time (sec): 0.42 - samples/sec: 3186.99 - lr: 0.025000 - momentum: 0.000000
2025-12-22 20:59:01,350 epoch 82 - iter 3/13 - loss 0.17614404 - time (sec): 0.60 - samples/sec: 3387.27 - lr: 0.025000 - momentum: 0.000000
2025-12-22 20:59:01,555 epoch 82 - iter 4/13 - loss 0.18606878 - time (sec): 0.80 - samples/sec: 3518.79 - lr: 0.025000 - momentum: 0.000000
2025-12-22 20:59:01,766 epoch 82 - iter 5/13 - loss 0.19064149 - time (sec): 1.02 - samples/sec: 3514.34 - lr: 0.025000 - momentum: 0.000000
2025-12-22 20:59:01,946 epoch 82 - iter 6/13 - loss 0.18930136 - time (sec): 1.20 - samples/sec: 3514.60 - lr: 0.025000 - momentum: 0.000000
2025-12-22 20:59:02,221 epoch 82 - iter 7/13 - loss 0.19862311 - time (sec): 1.47 - samples/sec: 3413.89 - lr: 0.025000 - momentum: 0.000000
2025-12-22 20:59:02,485 epoch 82 - iter 8/13 - loss 0.19756680 - time (sec): 1.74 - samples/sec: 3340.58 - lr: 0.025000 - momentum: 0.000000
2025-12-22 20:59:02,882 epoch 82 - iter 9/13 - loss 0.20133738 - time (sec): 2.13 - samples/sec: 3063.03 - lr: 0.025000 - momentum: 0.000000
2025-12-22 20:59:03,070 epoch 82 - iter 10/13 - loss 0.20243174 - time (sec): 2.32 - samples/sec: 3074.52 - lr: 0.025000 - momentum: 0.000000
2025-12-22 20:59:03,237 epoch 82 - iter 11/13 - loss 0.20310163 - time (sec): 2.49 - samples/sec: 3192.77 - lr: 0.025000 - momentum: 0.000000
2025-12-22 20:59:03,401 epoch 82 - iter 12/13 - loss 0.20122075 - time (sec): 2.65 - samples/sec: 3271.30 - lr: 0.025000 - momentum: 0.000000
2025-12-22 20:59:03,559 epoch 82 - iter 13/13 - loss 0.20127501 - time (sec): 2.81 - samples/sec: 3255.81 - lr: 0.025000 - momentum: 0.000000
2025-12-22 20:59:03,560 ----------------------------------------------------------------------------------------------------
2025-12-22 20:59:03,560 EPOCH 82 done: loss 0.2013 - lr: 0.025000
2025-12-22 20:59:03,971 DEV : loss 0.39195358753204346 - f1-score (micro avg)  0.9078
2025-12-22 20:59:03,972  - 1 epochs without improvement
2025-12-22 20:59:03,973 ----------------------------------------------------------------------------------------------------
2025-12-22 20:59:04,173 epoch 83 - iter 1/13 - loss 0.19928620 - time (sec): 0.20 - samples/sec: 3474.75 - lr: 0.025000 - momentum: 0.000000
2025-12-22 20:59:04,413 epoch 83 - iter 2/13 - loss 0.18207338 - time (sec): 0.44 - samples/sec: 3295.34 - lr: 0.025000 - momentum: 0.000000
2025-12-22 20:59:04,585 epoch 83 - iter 3/13 - loss 0.19953067 - time (sec): 0.61 - samples/sec: 3381.69 - lr: 0.025000 - momentum: 0.000000
2025-12-22 20:59:04,768 epoch 83 - iter 4/13 - loss 0.20312864 - time (sec): 0.80 - samples/sec: 3544.49 - lr: 0.025000 - momentum: 0.000000
2025-12-22 20:59:04,998 epoch 83 - iter 5/13 - loss 0.20421385 - time (sec): 1.02 - samples/sec: 3335.52 - lr: 0.025000 - momentum: 0.000000
2025-12-22 20:59:05,579 epoch 83 - iter 6/13 - loss 0.21775331 - time (sec): 1.61 - samples/sec: 2507.94 - lr: 0.025000 - momentum: 0.000000
2025-12-22 20:59:05,799 epoch 83 - iter 7/13 - loss 0.21252591 - time (sec): 1.83 - samples/sec: 2637.48 - lr: 0.025000 - momentum: 0.000000
2025-12-22 20:59:06,248 epoch 83 - iter 8/13 - loss 0.20963263 - time (sec): 2.27 - samples/sec: 2569.47 - lr: 0.025000 - momentum: 0.000000
2025-12-22 20:59:06,452 epoch 83 - iter 9/13 - loss 0.21001689 - time (sec): 2.48 - samples/sec: 2661.27 - lr: 0.025000 - momentum: 0.000000
2025-12-22 20:59:06,677 epoch 83 - iter 10/13 - loss 0.21265562 - time (sec): 2.70 - samples/sec: 2688.96 - lr: 0.025000 - momentum: 0.000000
2025-12-22 20:59:07,019 epoch 83 - iter 11/13 - loss 0.21272797 - time (sec): 3.05 - samples/sec: 2647.22 - lr: 0.025000 - momentum: 0.000000
2025-12-22 20:59:07,172 epoch 83 - iter 12/13 - loss 0.21099154 - time (sec): 3.20 - samples/sec: 2723.06 - lr: 0.025000 - momentum: 0.000000
2025-12-22 20:59:07,278 epoch 83 - iter 13/13 - loss 0.21074954 - time (sec): 3.31 - samples/sec: 2767.00 - lr: 0.025000 - momentum: 0.000000
2025-12-22 20:59:07,279 ----------------------------------------------------------------------------------------------------
2025-12-22 20:59:07,279 EPOCH 83 done: loss 0.2107 - lr: 0.025000
2025-12-22 20:59:08,019 DEV : loss 0.3903256356716156 - f1-score (micro avg)  0.9097
2025-12-22 20:59:08,019  - 0 epochs without improvement
2025-12-22 20:59:08,020 saving best model
2025-12-22 20:59:08,036 ----------------------------------------------------------------------------------------------------
2025-12-22 20:59:08,215 epoch 84 - iter 1/13 - loss 0.18686927 - time (sec): 0.18 - samples/sec: 3323.97 - lr: 0.025000 - momentum: 0.000000
2025-12-22 20:59:08,392 epoch 84 - iter 2/13 - loss 0.19886292 - time (sec): 0.36 - samples/sec: 3474.18 - lr: 0.025000 - momentum: 0.000000
2025-12-22 20:59:08,543 epoch 84 - iter 3/13 - loss 0.19191575 - time (sec): 0.51 - samples/sec: 3638.35 - lr: 0.025000 - momentum: 0.000000
2025-12-22 20:59:08,765 epoch 84 - iter 4/13 - loss 0.20346393 - time (sec): 0.73 - samples/sec: 3551.49 - lr: 0.025000 - momentum: 0.000000
2025-12-22 20:59:08,943 epoch 84 - iter 5/13 - loss 0.20761401 - time (sec): 0.91 - samples/sec: 3626.09 - lr: 0.025000 - momentum: 0.000000
2025-12-22 20:59:09,151 epoch 84 - iter 6/13 - loss 0.20279984 - time (sec): 1.11 - samples/sec: 3654.96 - lr: 0.025000 - momentum: 0.000000
2025-12-22 20:59:09,336 epoch 84 - iter 7/13 - loss 0.19776678 - time (sec): 1.30 - samples/sec: 3735.67 - lr: 0.025000 - momentum: 0.000000
2025-12-22 20:59:09,777 epoch 84 - iter 8/13 - loss 0.19568481 - time (sec): 1.74 - samples/sec: 3347.30 - lr: 0.025000 - momentum: 0.000000
2025-12-22 20:59:09,950 epoch 84 - iter 9/13 - loss 0.19513204 - time (sec): 1.91 - samples/sec: 3358.05 - lr: 0.025000 - momentum: 0.000000
2025-12-22 20:59:10,145 epoch 84 - iter 10/13 - loss 0.19881812 - time (sec): 2.11 - samples/sec: 3421.54 - lr: 0.025000 - momentum: 0.000000
2025-12-22 20:59:10,382 epoch 84 - iter 11/13 - loss 0.19798683 - time (sec): 2.35 - samples/sec: 3369.89 - lr: 0.025000 - momentum: 0.000000
2025-12-22 20:59:10,633 epoch 84 - iter 12/13 - loss 0.19476114 - time (sec): 2.60 - samples/sec: 3306.40 - lr: 0.025000 - momentum: 0.000000
2025-12-22 20:59:10,786 epoch 84 - iter 13/13 - loss 0.19401207 - time (sec): 2.75 - samples/sec: 3327.44 - lr: 0.025000 - momentum: 0.000000
2025-12-22 20:59:10,786 ----------------------------------------------------------------------------------------------------
2025-12-22 20:59:10,786 EPOCH 84 done: loss 0.1940 - lr: 0.025000
2025-12-22 20:59:11,192 DEV : loss 0.3904818892478943 - f1-score (micro avg)  0.9083
2025-12-22 20:59:11,192  - 1 epochs without improvement
2025-12-22 20:59:11,193 ----------------------------------------------------------------------------------------------------
2025-12-22 20:59:11,535 epoch 85 - iter 1/13 - loss 0.17296097 - time (sec): 0.34 - samples/sec: 2115.78 - lr: 0.025000 - momentum: 0.000000
2025-12-22 20:59:11,772 epoch 85 - iter 2/13 - loss 0.17645039 - time (sec): 0.58 - samples/sec: 2485.98 - lr: 0.025000 - momentum: 0.000000
2025-12-22 20:59:11,905 epoch 85 - iter 3/13 - loss 0.17683989 - time (sec): 0.71 - samples/sec: 2789.73 - lr: 0.025000 - momentum: 0.000000
2025-12-22 20:59:12,280 epoch 85 - iter 4/13 - loss 0.18641548 - time (sec): 1.09 - samples/sec: 2520.86 - lr: 0.025000 - momentum: 0.000000
2025-12-22 20:59:12,413 epoch 85 - iter 5/13 - loss 0.18668318 - time (sec): 1.22 - samples/sec: 2781.36 - lr: 0.025000 - momentum: 0.000000
2025-12-22 20:59:12,635 epoch 85 - iter 6/13 - loss 0.18709887 - time (sec): 1.44 - samples/sec: 2925.90 - lr: 0.025000 - momentum: 0.000000
2025-12-22 20:59:12,827 epoch 85 - iter 7/13 - loss 0.18236073 - time (sec): 1.63 - samples/sec: 3031.67 - lr: 0.025000 - momentum: 0.000000
2025-12-22 20:59:13,001 epoch 85 - iter 8/13 - loss 0.18399736 - time (sec): 1.81 - samples/sec: 3086.28 - lr: 0.025000 - momentum: 0.000000
2025-12-22 20:59:13,194 epoch 85 - iter 9/13 - loss 0.18742264 - time (sec): 2.00 - samples/sec: 3122.29 - lr: 0.025000 - momentum: 0.000000
2025-12-22 20:59:13,582 epoch 85 - iter 10/13 - loss 0.19068864 - time (sec): 2.39 - samples/sec: 2945.64 - lr: 0.025000 - momentum: 0.000000
2025-12-22 20:59:13,750 epoch 85 - iter 11/13 - loss 0.19373599 - time (sec): 2.56 - samples/sec: 2986.80 - lr: 0.025000 - momentum: 0.000000
2025-12-22 20:59:13,933 epoch 85 - iter 12/13 - loss 0.19633773 - time (sec): 2.74 - samples/sec: 3067.75 - lr: 0.025000 - momentum: 0.000000
2025-12-22 20:59:14,233 epoch 85 - iter 13/13 - loss 0.19529328 - time (sec): 3.04 - samples/sec: 3008.21 - lr: 0.025000 - momentum: 0.000000
2025-12-22 20:59:14,234 ----------------------------------------------------------------------------------------------------
2025-12-22 20:59:14,234 EPOCH 85 done: loss 0.1953 - lr: 0.025000
2025-12-22 20:59:14,634 DEV : loss 0.3865329921245575 - f1-score (micro avg)  0.9102
2025-12-22 20:59:14,635  - 0 epochs without improvement
2025-12-22 20:59:14,635 saving best model
2025-12-22 20:59:14,648 ----------------------------------------------------------------------------------------------------
2025-12-22 20:59:14,806 epoch 86 - iter 1/13 - loss 0.15719001 - time (sec): 0.16 - samples/sec: 4258.09 - lr: 0.025000 - momentum: 0.000000
2025-12-22 20:59:14,962 epoch 86 - iter 2/13 - loss 0.17590872 - time (sec): 0.31 - samples/sec: 4334.40 - lr: 0.025000 - momentum: 0.000000
2025-12-22 20:59:15,155 epoch 86 - iter 3/13 - loss 0.16818636 - time (sec): 0.51 - samples/sec: 3946.68 - lr: 0.025000 - momentum: 0.000000
2025-12-22 20:59:15,328 epoch 86 - iter 4/13 - loss 0.18399507 - time (sec): 0.68 - samples/sec: 3926.90 - lr: 0.025000 - momentum: 0.000000
2025-12-22 20:59:15,484 epoch 86 - iter 5/13 - loss 0.18295083 - time (sec): 0.84 - samples/sec: 3839.46 - lr: 0.025000 - momentum: 0.000000
2025-12-22 20:59:15,668 epoch 86 - iter 6/13 - loss 0.18274436 - time (sec): 1.02 - samples/sec: 3806.29 - lr: 0.025000 - momentum: 0.000000
2025-12-22 20:59:15,872 epoch 86 - iter 7/13 - loss 0.19120512 - time (sec): 1.22 - samples/sec: 3729.56 - lr: 0.025000 - momentum: 0.000000
2025-12-22 20:59:16,099 epoch 86 - iter 8/13 - loss 0.19160621 - time (sec): 1.45 - samples/sec: 3620.81 - lr: 0.025000 - momentum: 0.000000
2025-12-22 20:59:16,493 epoch 86 - iter 9/13 - loss 0.19710532 - time (sec): 1.84 - samples/sec: 3300.46 - lr: 0.025000 - momentum: 0.000000
2025-12-22 20:59:16,676 epoch 86 - iter 10/13 - loss 0.19847862 - time (sec): 2.03 - samples/sec: 3392.37 - lr: 0.025000 - momentum: 0.000000
2025-12-22 20:59:16,929 epoch 86 - iter 11/13 - loss 0.20199069 - time (sec): 2.28 - samples/sec: 3347.16 - lr: 0.025000 - momentum: 0.000000
2025-12-22 20:59:17,268 epoch 86 - iter 12/13 - loss 0.20182808 - time (sec): 2.62 - samples/sec: 3226.62 - lr: 0.025000 - momentum: 0.000000
2025-12-22 20:59:17,433 epoch 86 - iter 13/13 - loss 0.20138006 - time (sec): 2.78 - samples/sec: 3285.06 - lr: 0.025000 - momentum: 0.000000
2025-12-22 20:59:17,433 ----------------------------------------------------------------------------------------------------
2025-12-22 20:59:17,433 EPOCH 86 done: loss 0.2014 - lr: 0.025000
2025-12-22 20:59:17,838 DEV : loss 0.39045754075050354 - f1-score (micro avg)  0.9094
2025-12-22 20:59:17,839  - 1 epochs without improvement
2025-12-22 20:59:17,839 ----------------------------------------------------------------------------------------------------
2025-12-22 20:59:18,015 epoch 87 - iter 1/13 - loss 0.20929589 - time (sec): 0.18 - samples/sec: 3500.56 - lr: 0.025000 - momentum: 0.000000
2025-12-22 20:59:18,309 epoch 87 - iter 2/13 - loss 0.20601182 - time (sec): 0.47 - samples/sec: 2982.07 - lr: 0.025000 - momentum: 0.000000
2025-12-22 20:59:18,461 epoch 87 - iter 3/13 - loss 0.20135111 - time (sec): 0.62 - samples/sec: 3351.76 - lr: 0.025000 - momentum: 0.000000
2025-12-22 20:59:18,626 epoch 87 - iter 4/13 - loss 0.19272008 - time (sec): 0.79 - samples/sec: 3328.93 - lr: 0.025000 - momentum: 0.000000
2025-12-22 20:59:18,882 epoch 87 - iter 5/13 - loss 0.20001522 - time (sec): 1.04 - samples/sec: 3267.97 - lr: 0.025000 - momentum: 0.000000
2025-12-22 20:59:19,213 epoch 87 - iter 6/13 - loss 0.20312255 - time (sec): 1.37 - samples/sec: 3047.63 - lr: 0.025000 - momentum: 0.000000
2025-12-22 20:59:19,410 epoch 87 - iter 7/13 - loss 0.20114546 - time (sec): 1.57 - samples/sec: 3142.80 - lr: 0.025000 - momentum: 0.000000
2025-12-22 20:59:19,603 epoch 87 - iter 8/13 - loss 0.19558703 - time (sec): 1.76 - samples/sec: 3233.43 - lr: 0.025000 - momentum: 0.000000
2025-12-22 20:59:19,818 epoch 87 - iter 9/13 - loss 0.19544180 - time (sec): 1.98 - samples/sec: 3283.66 - lr: 0.025000 - momentum: 0.000000
2025-12-22 20:59:20,000 epoch 87 - iter 10/13 - loss 0.19862394 - time (sec): 2.16 - samples/sec: 3303.93 - lr: 0.025000 - momentum: 0.000000
2025-12-22 20:59:20,253 epoch 87 - iter 11/13 - loss 0.19212068 - time (sec): 2.41 - samples/sec: 3253.35 - lr: 0.025000 - momentum: 0.000000
2025-12-22 20:59:20,655 epoch 87 - iter 12/13 - loss 0.19411033 - time (sec): 2.82 - samples/sec: 3068.43 - lr: 0.025000 - momentum: 0.000000
2025-12-22 20:59:20,761 epoch 87 - iter 13/13 - loss 0.19805108 - time (sec): 2.92 - samples/sec: 3129.82 - lr: 0.025000 - momentum: 0.000000
2025-12-22 20:59:20,762 ----------------------------------------------------------------------------------------------------
2025-12-22 20:59:20,762 EPOCH 87 done: loss 0.1981 - lr: 0.025000
2025-12-22 20:59:21,159 DEV : loss 0.3918135166168213 - f1-score (micro avg)  0.9089
2025-12-22 20:59:21,159  - 2 epochs without improvement
2025-12-22 20:59:21,160 ----------------------------------------------------------------------------------------------------
2025-12-22 20:59:21,385 epoch 88 - iter 1/13 - loss 0.18719777 - time (sec): 0.23 - samples/sec: 2390.15 - lr: 0.025000 - momentum: 0.000000
2025-12-22 20:59:21,550 epoch 88 - iter 2/13 - loss 0.19620256 - time (sec): 0.39 - samples/sec: 2892.63 - lr: 0.025000 - momentum: 0.000000
2025-12-22 20:59:21,739 epoch 88 - iter 3/13 - loss 0.20846329 - time (sec): 0.58 - samples/sec: 3185.93 - lr: 0.025000 - momentum: 0.000000
2025-12-22 20:59:21,928 epoch 88 - iter 4/13 - loss 0.20327550 - time (sec): 0.77 - samples/sec: 3370.23 - lr: 0.025000 - momentum: 0.000000
2025-12-22 20:59:22,125 epoch 88 - iter 5/13 - loss 0.19542901 - time (sec): 0.97 - samples/sec: 3343.00 - lr: 0.025000 - momentum: 0.000000
2025-12-22 20:59:22,385 epoch 88 - iter 6/13 - loss 0.19134549 - time (sec): 1.22 - samples/sec: 3306.98 - lr: 0.025000 - momentum: 0.000000
2025-12-22 20:59:22,760 epoch 88 - iter 7/13 - loss 0.18958707 - time (sec): 1.60 - samples/sec: 2947.02 - lr: 0.025000 - momentum: 0.000000
2025-12-22 20:59:22,938 epoch 88 - iter 8/13 - loss 0.18874283 - time (sec): 1.78 - samples/sec: 3034.18 - lr: 0.025000 - momentum: 0.000000
2025-12-22 20:59:23,177 epoch 88 - iter 9/13 - loss 0.18767271 - time (sec): 2.02 - samples/sec: 3115.01 - lr: 0.025000 - momentum: 0.000000
2025-12-22 20:59:23,392 epoch 88 - iter 10/13 - loss 0.19466754 - time (sec): 2.23 - samples/sec: 3210.99 - lr: 0.025000 - momentum: 0.000000
2025-12-22 20:59:23,549 epoch 88 - iter 11/13 - loss 0.19583109 - time (sec): 2.39 - samples/sec: 3291.06 - lr: 0.025000 - momentum: 0.000000
2025-12-22 20:59:23,801 epoch 88 - iter 12/13 - loss 0.19691342 - time (sec): 2.64 - samples/sec: 3250.81 - lr: 0.025000 - momentum: 0.000000
2025-12-22 20:59:24,081 epoch 88 - iter 13/13 - loss 0.19711066 - time (sec): 2.92 - samples/sec: 3131.65 - lr: 0.025000 - momentum: 0.000000
2025-12-22 20:59:24,081 ----------------------------------------------------------------------------------------------------
2025-12-22 20:59:24,081 EPOCH 88 done: loss 0.1971 - lr: 0.025000
2025-12-22 20:59:24,587 DEV : loss 0.393805593252182 - f1-score (micro avg)  0.9083
2025-12-22 20:59:24,588  - 3 epochs without improvement
2025-12-22 20:59:24,588 ----------------------------------------------------------------------------------------------------
2025-12-22 20:59:24,774 epoch 89 - iter 1/13 - loss 0.19147436 - time (sec): 0.19 - samples/sec: 4551.07 - lr: 0.025000 - momentum: 0.000000
2025-12-22 20:59:24,965 epoch 89 - iter 2/13 - loss 0.21213511 - time (sec): 0.38 - samples/sec: 3924.85 - lr: 0.025000 - momentum: 0.000000
2025-12-22 20:59:25,147 epoch 89 - iter 3/13 - loss 0.20533082 - time (sec): 0.56 - samples/sec: 3882.89 - lr: 0.025000 - momentum: 0.000000
2025-12-22 20:59:25,337 epoch 89 - iter 4/13 - loss 0.21069251 - time (sec): 0.75 - samples/sec: 3842.82 - lr: 0.025000 - momentum: 0.000000
2025-12-22 20:59:25,743 epoch 89 - iter 5/13 - loss 0.20039026 - time (sec): 1.16 - samples/sec: 3222.24 - lr: 0.025000 - momentum: 0.000000
2025-12-22 20:59:25,913 epoch 89 - iter 6/13 - loss 0.20709220 - time (sec): 1.32 - samples/sec: 3301.17 - lr: 0.025000 - momentum: 0.000000
2025-12-22 20:59:26,086 epoch 89 - iter 7/13 - loss 0.20518054 - time (sec): 1.50 - samples/sec: 3367.69 - lr: 0.025000 - momentum: 0.000000
2025-12-22 20:59:26,402 epoch 89 - iter 8/13 - loss 0.20112189 - time (sec): 1.81 - samples/sec: 3242.35 - lr: 0.025000 - momentum: 0.000000
2025-12-22 20:59:26,545 epoch 89 - iter 9/13 - loss 0.19617949 - time (sec): 1.96 - samples/sec: 3320.25 - lr: 0.025000 - momentum: 0.000000
2025-12-22 20:59:26,705 epoch 89 - iter 10/13 - loss 0.19569629 - time (sec): 2.12 - samples/sec: 3361.71 - lr: 0.025000 - momentum: 0.000000
2025-12-22 20:59:26,941 epoch 89 - iter 11/13 - loss 0.19585991 - time (sec): 2.35 - samples/sec: 3320.79 - lr: 0.025000 - momentum: 0.000000
2025-12-22 20:59:27,148 epoch 89 - iter 12/13 - loss 0.19380704 - time (sec): 2.56 - samples/sec: 3344.35 - lr: 0.025000 - momentum: 0.000000
2025-12-22 20:59:27,314 epoch 89 - iter 13/13 - loss 0.19371522 - time (sec): 2.73 - samples/sec: 3356.04 - lr: 0.025000 - momentum: 0.000000
2025-12-22 20:59:27,314 ----------------------------------------------------------------------------------------------------
2025-12-22 20:59:27,315 EPOCH 89 done: loss 0.1937 - lr: 0.025000
2025-12-22 20:59:27,722 DEV : loss 0.3962235748767853 - f1-score (micro avg)  0.9094
2025-12-22 20:59:27,722  - 4 epochs without improvement (above 'patience')-> annealing learning_rate to [0.0125]
2025-12-22 20:59:27,722 ----------------------------------------------------------------------------------------------------
2025-12-22 20:59:27,928 epoch 90 - iter 1/13 - loss 0.18185604 - time (sec): 0.21 - samples/sec: 3310.91 - lr: 0.012500 - momentum: 0.000000
2025-12-22 20:59:28,241 epoch 90 - iter 2/13 - loss 0.18715820 - time (sec): 0.52 - samples/sec: 2699.35 - lr: 0.012500 - momentum: 0.000000
2025-12-22 20:59:28,414 epoch 90 - iter 3/13 - loss 0.18517878 - time (sec): 0.69 - samples/sec: 2910.65 - lr: 0.012500 - momentum: 0.000000
2025-12-22 20:59:28,601 epoch 90 - iter 4/13 - loss 0.18276998 - time (sec): 0.88 - samples/sec: 3122.72 - lr: 0.012500 - momentum: 0.000000
2025-12-22 20:59:28,867 epoch 90 - iter 5/13 - loss 0.18194224 - time (sec): 1.14 - samples/sec: 3023.11 - lr: 0.012500 - momentum: 0.000000
2025-12-22 20:59:29,036 epoch 90 - iter 6/13 - loss 0.17922136 - time (sec): 1.31 - samples/sec: 3122.71 - lr: 0.012500 - momentum: 0.000000
2025-12-22 20:59:29,233 epoch 90 - iter 7/13 - loss 0.18256538 - time (sec): 1.51 - samples/sec: 3233.50 - lr: 0.012500 - momentum: 0.000000
2025-12-22 20:59:29,631 epoch 90 - iter 8/13 - loss 0.17842789 - time (sec): 1.91 - samples/sec: 2956.44 - lr: 0.012500 - momentum: 0.000000
2025-12-22 20:59:29,859 epoch 90 - iter 9/13 - loss 0.17950690 - time (sec): 2.14 - samples/sec: 2981.88 - lr: 0.012500 - momentum: 0.000000
2025-12-22 20:59:30,051 epoch 90 - iter 10/13 - loss 0.17723654 - time (sec): 2.33 - samples/sec: 3005.50 - lr: 0.012500 - momentum: 0.000000
2025-12-22 20:59:30,463 epoch 90 - iter 11/13 - loss 0.18164530 - time (sec): 2.74 - samples/sec: 2897.90 - lr: 0.012500 - momentum: 0.000000
2025-12-22 20:59:30,647 epoch 90 - iter 12/13 - loss 0.18011460 - time (sec): 2.92 - samples/sec: 2917.51 - lr: 0.012500 - momentum: 0.000000
2025-12-22 20:59:30,828 epoch 90 - iter 13/13 - loss 0.17915465 - time (sec): 3.11 - samples/sec: 2945.82 - lr: 0.012500 - momentum: 0.000000
2025-12-22 20:59:30,828 ----------------------------------------------------------------------------------------------------
2025-12-22 20:59:30,828 EPOCH 90 done: loss 0.1792 - lr: 0.012500
2025-12-22 20:59:31,237 DEV : loss 0.39467185735702515 - f1-score (micro avg)  0.9097
2025-12-22 20:59:31,238  - 1 epochs without improvement
2025-12-22 20:59:31,238 ----------------------------------------------------------------------------------------------------
2025-12-22 20:59:31,441 epoch 91 - iter 1/13 - loss 0.19354405 - time (sec): 0.20 - samples/sec: 3444.96 - lr: 0.012500 - momentum: 0.000000
2025-12-22 20:59:31,648 epoch 91 - iter 2/13 - loss 0.18998791 - time (sec): 0.41 - samples/sec: 3284.53 - lr: 0.012500 - momentum: 0.000000
2025-12-22 20:59:31,834 epoch 91 - iter 3/13 - loss 0.18029912 - time (sec): 0.60 - samples/sec: 3396.81 - lr: 0.012500 - momentum: 0.000000
2025-12-22 20:59:31,957 epoch 91 - iter 4/13 - loss 0.18472386 - time (sec): 0.72 - samples/sec: 3589.16 - lr: 0.012500 - momentum: 0.000000
2025-12-22 20:59:32,149 epoch 91 - iter 5/13 - loss 0.19237248 - time (sec): 0.91 - samples/sec: 3580.97 - lr: 0.012500 - momentum: 0.000000
2025-12-22 20:59:32,390 epoch 91 - iter 6/13 - loss 0.19522273 - time (sec): 1.15 - samples/sec: 3470.78 - lr: 0.012500 - momentum: 0.000000
2025-12-22 20:59:32,581 epoch 91 - iter 7/13 - loss 0.19405440 - time (sec): 1.34 - samples/sec: 3486.79 - lr: 0.012500 - momentum: 0.000000
2025-12-22 20:59:33,018 epoch 91 - iter 8/13 - loss 0.18815423 - time (sec): 1.78 - samples/sec: 3064.70 - lr: 0.012500 - momentum: 0.000000
2025-12-22 20:59:33,254 epoch 91 - iter 9/13 - loss 0.19111685 - time (sec): 2.02 - samples/sec: 3091.00 - lr: 0.012500 - momentum: 0.000000
2025-12-22 20:59:33,449 epoch 91 - iter 10/13 - loss 0.19248047 - time (sec): 2.21 - samples/sec: 3118.27 - lr: 0.012500 - momentum: 0.000000
2025-12-22 20:59:33,796 epoch 91 - iter 11/13 - loss 0.19123892 - time (sec): 2.56 - samples/sec: 3021.97 - lr: 0.012500 - momentum: 0.000000
2025-12-22 20:59:34,005 epoch 91 - iter 12/13 - loss 0.19084894 - time (sec): 2.77 - samples/sec: 3088.43 - lr: 0.012500 - momentum: 0.000000
2025-12-22 20:59:34,169 epoch 91 - iter 13/13 - loss 0.19070343 - time (sec): 2.93 - samples/sec: 3121.42 - lr: 0.012500 - momentum: 0.000000
2025-12-22 20:59:34,169 ----------------------------------------------------------------------------------------------------
2025-12-22 20:59:34,169 EPOCH 91 done: loss 0.1907 - lr: 0.012500
2025-12-22 20:59:34,561 DEV : loss 0.39440909028053284 - f1-score (micro avg)  0.9086
2025-12-22 20:59:34,562  - 2 epochs without improvement
2025-12-22 20:59:34,562 ----------------------------------------------------------------------------------------------------
2025-12-22 20:59:34,946 epoch 92 - iter 1/13 - loss 0.20659481 - time (sec): 0.38 - samples/sec: 2111.39 - lr: 0.012500 - momentum: 0.000000
2025-12-22 20:59:35,151 epoch 92 - iter 2/13 - loss 0.22197805 - time (sec): 0.59 - samples/sec: 2586.69 - lr: 0.012500 - momentum: 0.000000
2025-12-22 20:59:35,393 epoch 92 - iter 3/13 - loss 0.21706679 - time (sec): 0.83 - samples/sec: 2657.02 - lr: 0.012500 - momentum: 0.000000
2025-12-22 20:59:35,509 epoch 92 - iter 4/13 - loss 0.21049953 - time (sec): 0.95 - samples/sec: 2860.02 - lr: 0.012500 - momentum: 0.000000
2025-12-22 20:59:35,782 epoch 92 - iter 5/13 - loss 0.21258043 - time (sec): 1.22 - samples/sec: 2863.03 - lr: 0.012500 - momentum: 0.000000
2025-12-22 20:59:35,999 epoch 92 - iter 6/13 - loss 0.20739225 - time (sec): 1.44 - samples/sec: 3018.22 - lr: 0.012500 - momentum: 0.000000
2025-12-22 20:59:36,178 epoch 92 - iter 7/13 - loss 0.20442926 - time (sec): 1.62 - samples/sec: 3098.90 - lr: 0.012500 - momentum: 0.000000
2025-12-22 20:59:36,364 epoch 92 - iter 8/13 - loss 0.19984114 - time (sec): 1.80 - samples/sec: 3257.93 - lr: 0.012500 - momentum: 0.000000
2025-12-22 20:59:36,617 epoch 92 - iter 9/13 - loss 0.19746969 - time (sec): 2.05 - samples/sec: 3285.65 - lr: 0.012500 - momentum: 0.000000
2025-12-22 20:59:36,806 epoch 92 - iter 10/13 - loss 0.19548419 - time (sec): 2.24 - samples/sec: 3296.56 - lr: 0.012500 - momentum: 0.000000
2025-12-22 20:59:37,023 epoch 92 - iter 11/13 - loss 0.19525441 - time (sec): 2.46 - samples/sec: 3303.46 - lr: 0.012500 - momentum: 0.000000
2025-12-22 20:59:37,160 epoch 92 - iter 12/13 - loss 0.19838335 - time (sec): 2.60 - samples/sec: 3321.39 - lr: 0.012500 - momentum: 0.000000
2025-12-22 20:59:37,315 epoch 92 - iter 13/13 - loss 0.19669145 - time (sec): 2.75 - samples/sec: 3322.87 - lr: 0.012500 - momentum: 0.000000
2025-12-22 20:59:37,315 ----------------------------------------------------------------------------------------------------
2025-12-22 20:59:37,315 EPOCH 92 done: loss 0.1967 - lr: 0.012500
2025-12-22 20:59:37,806 DEV : loss 0.39478573203086853 - f1-score (micro avg)  0.9094
2025-12-22 20:59:37,807  - 3 epochs without improvement
2025-12-22 20:59:37,807 ----------------------------------------------------------------------------------------------------
2025-12-22 20:59:37,959 epoch 93 - iter 1/13 - loss 0.17106281 - time (sec): 0.15 - samples/sec: 3982.13 - lr: 0.012500 - momentum: 0.000000
2025-12-22 20:59:38,103 epoch 93 - iter 2/13 - loss 0.16844804 - time (sec): 0.30 - samples/sec: 4221.82 - lr: 0.012500 - momentum: 0.000000
2025-12-22 20:59:38,378 epoch 93 - iter 3/13 - loss 0.17124833 - time (sec): 0.57 - samples/sec: 3700.70 - lr: 0.012500 - momentum: 0.000000
2025-12-22 20:59:38,773 epoch 93 - iter 4/13 - loss 0.18086736 - time (sec): 0.97 - samples/sec: 2938.56 - lr: 0.012500 - momentum: 0.000000
2025-12-22 20:59:39,002 epoch 93 - iter 5/13 - loss 0.17943904 - time (sec): 1.19 - samples/sec: 2978.44 - lr: 0.012500 - momentum: 0.000000
2025-12-22 20:59:39,184 epoch 93 - iter 6/13 - loss 0.17971433 - time (sec): 1.38 - samples/sec: 3093.09 - lr: 0.012500 - momentum: 0.000000
2025-12-22 20:59:39,348 epoch 93 - iter 7/13 - loss 0.18145775 - time (sec): 1.54 - samples/sec: 3208.74 - lr: 0.012500 - momentum: 0.000000
2025-12-22 20:59:39,478 epoch 93 - iter 8/13 - loss 0.18163227 - time (sec): 1.67 - samples/sec: 3356.57 - lr: 0.012500 - momentum: 0.000000
2025-12-22 20:59:39,760 epoch 93 - iter 9/13 - loss 0.18682372 - time (sec): 1.95 - samples/sec: 3269.68 - lr: 0.012500 - momentum: 0.000000
2025-12-22 20:59:39,936 epoch 93 - iter 10/13 - loss 0.18611113 - time (sec): 2.13 - samples/sec: 3320.98 - lr: 0.012500 - momentum: 0.000000
2025-12-22 20:59:40,242 epoch 93 - iter 11/13 - loss 0.18743262 - time (sec): 2.43 - samples/sec: 3178.90 - lr: 0.012500 - momentum: 0.000000
2025-12-22 20:59:40,454 epoch 93 - iter 12/13 - loss 0.18899445 - time (sec): 2.65 - samples/sec: 3227.60 - lr: 0.012500 - momentum: 0.000000
2025-12-22 20:59:40,633 epoch 93 - iter 13/13 - loss 0.18724633 - time (sec): 2.83 - samples/sec: 3237.40 - lr: 0.012500 - momentum: 0.000000
2025-12-22 20:59:40,633 ----------------------------------------------------------------------------------------------------
2025-12-22 20:59:40,633 EPOCH 93 done: loss 0.1872 - lr: 0.012500
2025-12-22 20:59:41,035 DEV : loss 0.3883315622806549 - f1-score (micro avg)  0.9113
2025-12-22 20:59:41,036  - 0 epochs without improvement
2025-12-22 20:59:41,036 saving best model
2025-12-22 20:59:41,048 ----------------------------------------------------------------------------------------------------
2025-12-22 20:59:41,265 epoch 94 - iter 1/13 - loss 0.19417831 - time (sec): 0.22 - samples/sec: 3664.98 - lr: 0.012500 - momentum: 0.000000
2025-12-22 20:59:41,644 epoch 94 - iter 2/13 - loss 0.18833687 - time (sec): 0.60 - samples/sec: 2523.12 - lr: 0.012500 - momentum: 0.000000
2025-12-22 20:59:41,870 epoch 94 - iter 3/13 - loss 0.18139726 - time (sec): 0.82 - samples/sec: 2670.49 - lr: 0.012500 - momentum: 0.000000
2025-12-22 20:59:42,186 epoch 94 - iter 4/13 - loss 0.17846876 - time (sec): 1.14 - samples/sec: 2623.51 - lr: 0.012500 - momentum: 0.000000
2025-12-22 20:59:42,357 epoch 94 - iter 5/13 - loss 0.18477349 - time (sec): 1.31 - samples/sec: 2733.07 - lr: 0.012500 - momentum: 0.000000
2025-12-22 20:59:42,612 epoch 94 - iter 6/13 - loss 0.18180435 - time (sec): 1.56 - samples/sec: 2791.93 - lr: 0.012500 - momentum: 0.000000
2025-12-22 20:59:42,811 epoch 94 - iter 7/13 - loss 0.18082709 - time (sec): 1.76 - samples/sec: 2768.97 - lr: 0.012500 - momentum: 0.000000
2025-12-22 20:59:42,996 epoch 94 - iter 8/13 - loss 0.18442243 - time (sec): 1.95 - samples/sec: 2877.11 - lr: 0.012500 - momentum: 0.000000
2025-12-22 20:59:43,154 epoch 94 - iter 9/13 - loss 0.18101091 - time (sec): 2.11 - samples/sec: 2968.40 - lr: 0.012500 - momentum: 0.000000
2025-12-22 20:59:43,324 epoch 94 - iter 10/13 - loss 0.18260841 - time (sec): 2.28 - samples/sec: 3057.12 - lr: 0.012500 - momentum: 0.000000
2025-12-22 20:59:43,496 epoch 94 - iter 11/13 - loss 0.17965987 - time (sec): 2.45 - samples/sec: 3090.24 - lr: 0.012500 - momentum: 0.000000
2025-12-22 20:59:43,679 epoch 94 - iter 12/13 - loss 0.18350577 - time (sec): 2.63 - samples/sec: 3185.40 - lr: 0.012500 - momentum: 0.000000
2025-12-22 20:59:43,888 epoch 94 - iter 13/13 - loss 0.18315880 - time (sec): 2.84 - samples/sec: 3221.92 - lr: 0.012500 - momentum: 0.000000
2025-12-22 20:59:43,888 ----------------------------------------------------------------------------------------------------
2025-12-22 20:59:43,888 EPOCH 94 done: loss 0.1832 - lr: 0.012500
2025-12-22 20:59:44,287 DEV : loss 0.3951357901096344 - f1-score (micro avg)  0.9091
2025-12-22 20:59:44,288  - 1 epochs without improvement
2025-12-22 20:59:44,289 ----------------------------------------------------------------------------------------------------
2025-12-22 20:59:44,452 epoch 95 - iter 1/13 - loss 0.17350055 - time (sec): 0.16 - samples/sec: 3901.18 - lr: 0.012500 - momentum: 0.000000
2025-12-22 20:59:44,634 epoch 95 - iter 2/13 - loss 0.15550929 - time (sec): 0.35 - samples/sec: 3838.67 - lr: 0.012500 - momentum: 0.000000
2025-12-22 20:59:44,934 epoch 95 - iter 3/13 - loss 0.17738040 - time (sec): 0.65 - samples/sec: 3153.17 - lr: 0.012500 - momentum: 0.000000
2025-12-22 20:59:45,145 epoch 95 - iter 4/13 - loss 0.19635487 - time (sec): 0.86 - samples/sec: 3118.02 - lr: 0.012500 - momentum: 0.000000
2025-12-22 20:59:45,469 epoch 95 - iter 5/13 - loss 0.18697272 - time (sec): 1.18 - samples/sec: 2876.11 - lr: 0.012500 - momentum: 0.000000
2025-12-22 20:59:45,726 epoch 95 - iter 6/13 - loss 0.18612991 - time (sec): 1.44 - samples/sec: 2806.88 - lr: 0.012500 - momentum: 0.000000
2025-12-22 20:59:46,267 epoch 95 - iter 7/13 - loss 0.18473079 - time (sec): 1.98 - samples/sec: 2445.72 - lr: 0.012500 - momentum: 0.000000
2025-12-22 20:59:46,485 epoch 95 - iter 8/13 - loss 0.19355968 - time (sec): 2.20 - samples/sec: 2510.30 - lr: 0.012500 - momentum: 0.000000
2025-12-22 20:59:46,696 epoch 95 - iter 9/13 - loss 0.18932813 - time (sec): 2.41 - samples/sec: 2619.47 - lr: 0.012500 - momentum: 0.000000
2025-12-22 20:59:46,868 epoch 95 - iter 10/13 - loss 0.18843288 - time (sec): 2.58 - samples/sec: 2694.98 - lr: 0.012500 - momentum: 0.000000
2025-12-22 20:59:47,072 epoch 95 - iter 11/13 - loss 0.18761390 - time (sec): 2.78 - samples/sec: 2769.32 - lr: 0.012500 - momentum: 0.000000
2025-12-22 20:59:47,484 epoch 95 - iter 12/13 - loss 0.18921552 - time (sec): 3.20 - samples/sec: 2653.40 - lr: 0.012500 - momentum: 0.000000
2025-12-22 20:59:47,719 epoch 95 - iter 13/13 - loss 0.18948206 - time (sec): 3.43 - samples/sec: 2666.37 - lr: 0.012500 - momentum: 0.000000
2025-12-22 20:59:47,719 ----------------------------------------------------------------------------------------------------
2025-12-22 20:59:47,720 EPOCH 95 done: loss 0.1895 - lr: 0.012500
2025-12-22 20:59:48,167 DEV : loss 0.3910590410232544 - f1-score (micro avg)  0.9099
2025-12-22 20:59:48,168  - 2 epochs without improvement
2025-12-22 20:59:48,168 ----------------------------------------------------------------------------------------------------
2025-12-22 20:59:48,278 epoch 96 - iter 1/13 - loss 0.23840206 - time (sec): 0.11 - samples/sec: 4423.33 - lr: 0.012500 - momentum: 0.000000
2025-12-22 20:59:48,550 epoch 96 - iter 2/13 - loss 0.20917549 - time (sec): 0.38 - samples/sec: 3418.34 - lr: 0.012500 - momentum: 0.000000
2025-12-22 20:59:48,740 epoch 96 - iter 3/13 - loss 0.20542436 - time (sec): 0.57 - samples/sec: 3654.29 - lr: 0.012500 - momentum: 0.000000
2025-12-22 20:59:48,993 epoch 96 - iter 4/13 - loss 0.20062009 - time (sec): 0.82 - samples/sec: 3543.99 - lr: 0.012500 - momentum: 0.000000
2025-12-22 20:59:49,173 epoch 96 - iter 5/13 - loss 0.19714116 - time (sec): 1.00 - samples/sec: 3607.67 - lr: 0.012500 - momentum: 0.000000
2025-12-22 20:59:49,372 epoch 96 - iter 6/13 - loss 0.19707114 - time (sec): 1.20 - samples/sec: 3518.35 - lr: 0.012500 - momentum: 0.000000
2025-12-22 20:59:49,671 epoch 96 - iter 7/13 - loss 0.19017040 - time (sec): 1.50 - samples/sec: 3314.36 - lr: 0.012500 - momentum: 0.000000
2025-12-22 20:59:49,906 epoch 96 - iter 8/13 - loss 0.19092161 - time (sec): 1.74 - samples/sec: 3314.77 - lr: 0.012500 - momentum: 0.000000
2025-12-22 20:59:50,094 epoch 96 - iter 9/13 - loss 0.19074791 - time (sec): 1.93 - samples/sec: 3334.43 - lr: 0.012500 - momentum: 0.000000
2025-12-22 20:59:50,329 epoch 96 - iter 10/13 - loss 0.19074265 - time (sec): 2.16 - samples/sec: 3264.61 - lr: 0.012500 - momentum: 0.000000
2025-12-22 20:59:50,531 epoch 96 - iter 11/13 - loss 0.19056138 - time (sec): 2.36 - samples/sec: 3286.78 - lr: 0.012500 - momentum: 0.000000
2025-12-22 20:59:50,941 epoch 96 - iter 12/13 - loss 0.18610073 - time (sec): 2.77 - samples/sec: 3094.20 - lr: 0.012500 - momentum: 0.000000
2025-12-22 20:59:51,111 epoch 96 - iter 13/13 - loss 0.18763628 - time (sec): 2.94 - samples/sec: 3108.15 - lr: 0.012500 - momentum: 0.000000
2025-12-22 20:59:51,112 ----------------------------------------------------------------------------------------------------
2025-12-22 20:59:51,112 EPOCH 96 done: loss 0.1876 - lr: 0.012500
2025-12-22 20:59:51,512 DEV : loss 0.39349043369293213 - f1-score (micro avg)  0.9094
2025-12-22 20:59:51,512  - 3 epochs without improvement
2025-12-22 20:59:51,513 ----------------------------------------------------------------------------------------------------
2025-12-22 20:59:51,775 epoch 97 - iter 1/13 - loss 0.19562635 - time (sec): 0.26 - samples/sec: 2763.27 - lr: 0.012500 - momentum: 0.000000
2025-12-22 20:59:52,113 epoch 97 - iter 2/13 - loss 0.19067691 - time (sec): 0.60 - samples/sec: 2375.71 - lr: 0.012500 - momentum: 0.000000
2025-12-22 20:59:52,292 epoch 97 - iter 3/13 - loss 0.17747328 - time (sec): 0.78 - samples/sec: 2533.40 - lr: 0.012500 - momentum: 0.000000
2025-12-22 20:59:52,715 epoch 97 - iter 4/13 - loss 0.18217817 - time (sec): 1.20 - samples/sec: 2325.06 - lr: 0.012500 - momentum: 0.000000
2025-12-22 20:59:52,884 epoch 97 - iter 5/13 - loss 0.18009116 - time (sec): 1.37 - samples/sec: 2541.69 - lr: 0.012500 - momentum: 0.000000
2025-12-22 20:59:53,073 epoch 97 - iter 6/13 - loss 0.17930746 - time (sec): 1.56 - samples/sec: 2654.64 - lr: 0.012500 - momentum: 0.000000
2025-12-22 20:59:53,252 epoch 97 - iter 7/13 - loss 0.18356955 - time (sec): 1.74 - samples/sec: 2750.47 - lr: 0.012500 - momentum: 0.000000
2025-12-22 20:59:53,446 epoch 97 - iter 8/13 - loss 0.18307599 - time (sec): 1.93 - samples/sec: 2887.88 - lr: 0.012500 - momentum: 0.000000
2025-12-22 20:59:53,727 epoch 97 - iter 9/13 - loss 0.17866926 - time (sec): 2.21 - samples/sec: 2894.07 - lr: 0.012500 - momentum: 0.000000
2025-12-22 20:59:53,925 epoch 97 - iter 10/13 - loss 0.17912000 - time (sec): 2.41 - samples/sec: 2949.06 - lr: 0.012500 - momentum: 0.000000
2025-12-22 20:59:54,131 epoch 97 - iter 11/13 - loss 0.18428190 - time (sec): 2.62 - samples/sec: 2997.39 - lr: 0.012500 - momentum: 0.000000
2025-12-22 20:59:54,437 epoch 97 - iter 12/13 - loss 0.18413021 - time (sec): 2.92 - samples/sec: 2904.41 - lr: 0.012500 - momentum: 0.000000
2025-12-22 20:59:54,670 epoch 97 - iter 13/13 - loss 0.18329252 - time (sec): 3.16 - samples/sec: 2897.42 - lr: 0.012500 - momentum: 0.000000
2025-12-22 20:59:54,670 ----------------------------------------------------------------------------------------------------
2025-12-22 20:59:54,670 EPOCH 97 done: loss 0.1833 - lr: 0.012500
2025-12-22 20:59:55,264 DEV : loss 0.39245516061782837 - f1-score (micro avg)  0.9102
2025-12-22 20:59:55,265  - 4 epochs without improvement (above 'patience')-> annealing learning_rate to [0.00625]
2025-12-22 20:59:55,265 ----------------------------------------------------------------------------------------------------
2025-12-22 20:59:55,403 epoch 98 - iter 1/13 - loss 0.19492953 - time (sec): 0.14 - samples/sec: 4434.26 - lr: 0.006250 - momentum: 0.000000
2025-12-22 20:59:55,826 epoch 98 - iter 2/13 - loss 0.18605300 - time (sec): 0.56 - samples/sec: 2685.19 - lr: 0.006250 - momentum: 0.000000
2025-12-22 20:59:56,012 epoch 98 - iter 3/13 - loss 0.17576581 - time (sec): 0.75 - samples/sec: 2964.40 - lr: 0.006250 - momentum: 0.000000
2025-12-22 20:59:56,164 epoch 98 - iter 4/13 - loss 0.17588369 - time (sec): 0.90 - samples/sec: 3064.61 - lr: 0.006250 - momentum: 0.000000
2025-12-22 20:59:56,405 epoch 98 - iter 5/13 - loss 0.16702092 - time (sec): 1.14 - samples/sec: 3102.16 - lr: 0.006250 - momentum: 0.000000
2025-12-22 20:59:56,718 epoch 98 - iter 6/13 - loss 0.17301575 - time (sec): 1.45 - samples/sec: 2987.63 - lr: 0.006250 - momentum: 0.000000
2025-12-22 20:59:56,883 epoch 98 - iter 7/13 - loss 0.17545801 - time (sec): 1.62 - samples/sec: 3083.30 - lr: 0.006250 - momentum: 0.000000
2025-12-22 20:59:57,070 epoch 98 - iter 8/13 - loss 0.17626729 - time (sec): 1.80 - samples/sec: 3144.01 - lr: 0.006250 - momentum: 0.000000
2025-12-22 20:59:57,216 epoch 98 - iter 9/13 - loss 0.17937119 - time (sec): 1.95 - samples/sec: 3204.77 - lr: 0.006250 - momentum: 0.000000
2025-12-22 20:59:57,458 epoch 98 - iter 10/13 - loss 0.18437985 - time (sec): 2.19 - samples/sec: 3212.17 - lr: 0.006250 - momentum: 0.000000
2025-12-22 20:59:57,664 epoch 98 - iter 11/13 - loss 0.18444584 - time (sec): 2.40 - samples/sec: 3225.29 - lr: 0.006250 - momentum: 0.000000
2025-12-22 20:59:57,859 epoch 98 - iter 12/13 - loss 0.18615121 - time (sec): 2.59 - samples/sec: 3302.13 - lr: 0.006250 - momentum: 0.000000
2025-12-22 20:59:58,000 epoch 98 - iter 13/13 - loss 0.18486204 - time (sec): 2.73 - samples/sec: 3345.19 - lr: 0.006250 - momentum: 0.000000
2025-12-22 20:59:58,000 ----------------------------------------------------------------------------------------------------
2025-12-22 20:59:58,000 EPOCH 98 done: loss 0.1849 - lr: 0.006250
2025-12-22 20:59:58,396 DEV : loss 0.3962036967277527 - f1-score (micro avg)  0.9089
2025-12-22 20:59:58,397  - 1 epochs without improvement
2025-12-22 20:59:58,398 ----------------------------------------------------------------------------------------------------
2025-12-22 20:59:58,579 epoch 99 - iter 1/13 - loss 0.19528887 - time (sec): 0.18 - samples/sec: 3429.30 - lr: 0.006250 - momentum: 0.000000
2025-12-22 20:59:58,765 epoch 99 - iter 2/13 - loss 0.19818555 - time (sec): 0.37 - samples/sec: 3474.06 - lr: 0.006250 - momentum: 0.000000
2025-12-22 20:59:58,956 epoch 99 - iter 3/13 - loss 0.20141768 - time (sec): 0.56 - samples/sec: 3422.17 - lr: 0.006250 - momentum: 0.000000
2025-12-22 20:59:59,284 epoch 99 - iter 4/13 - loss 0.18885197 - time (sec): 0.89 - samples/sec: 3098.00 - lr: 0.006250 - momentum: 0.000000
2025-12-22 20:59:59,475 epoch 99 - iter 5/13 - loss 0.19415001 - time (sec): 1.08 - samples/sec: 3248.16 - lr: 0.006250 - momentum: 0.000000
2025-12-22 20:59:59,767 epoch 99 - iter 6/13 - loss 0.19530429 - time (sec): 1.37 - samples/sec: 2998.30 - lr: 0.006250 - momentum: 0.000000
2025-12-22 20:59:59,974 epoch 99 - iter 7/13 - loss 0.19192352 - time (sec): 1.58 - samples/sec: 3055.63 - lr: 0.006250 - momentum: 0.000000
2025-12-22 21:00:00,115 epoch 99 - iter 8/13 - loss 0.19875026 - time (sec): 1.72 - samples/sec: 3174.28 - lr: 0.006250 - momentum: 0.000000
2025-12-22 21:00:00,288 epoch 99 - iter 9/13 - loss 0.19628454 - time (sec): 1.89 - samples/sec: 3254.05 - lr: 0.006250 - momentum: 0.000000
2025-12-22 21:00:00,579 epoch 99 - iter 10/13 - loss 0.19714567 - time (sec): 2.18 - samples/sec: 3233.34 - lr: 0.006250 - momentum: 0.000000
2025-12-22 21:00:00,766 epoch 99 - iter 11/13 - loss 0.19519552 - time (sec): 2.37 - samples/sec: 3259.17 - lr: 0.006250 - momentum: 0.000000
2025-12-22 21:00:01,154 epoch 99 - iter 12/13 - loss 0.19103578 - time (sec): 2.76 - samples/sec: 3107.28 - lr: 0.006250 - momentum: 0.000000
2025-12-22 21:00:01,324 epoch 99 - iter 13/13 - loss 0.19111740 - time (sec): 2.93 - samples/sec: 3126.35 - lr: 0.006250 - momentum: 0.000000
2025-12-22 21:00:01,324 ----------------------------------------------------------------------------------------------------
2025-12-22 21:00:01,324 EPOCH 99 done: loss 0.1911 - lr: 0.006250
2025-12-22 21:00:01,713 DEV : loss 0.3987305462360382 - f1-score (micro avg)  0.9083
2025-12-22 21:00:01,713  - 2 epochs without improvement
2025-12-22 21:00:01,714 ----------------------------------------------------------------------------------------------------
2025-12-22 21:00:01,890 epoch 100 - iter 1/13 - loss 0.19135346 - time (sec): 0.18 - samples/sec: 4203.73 - lr: 0.006250 - momentum: 0.000000
2025-12-22 21:00:02,257 epoch 100 - iter 2/13 - loss 0.19260042 - time (sec): 0.54 - samples/sec: 2675.57 - lr: 0.006250 - momentum: 0.000000
2025-12-22 21:00:02,476 epoch 100 - iter 3/13 - loss 0.20584196 - time (sec): 0.76 - samples/sec: 2641.05 - lr: 0.006250 - momentum: 0.000000
2025-12-22 21:00:02,672 epoch 100 - iter 4/13 - loss 0.19203624 - time (sec): 0.96 - samples/sec: 2879.45 - lr: 0.006250 - momentum: 0.000000
2025-12-22 21:00:02,844 epoch 100 - iter 5/13 - loss 0.18299655 - time (sec): 1.13 - samples/sec: 3014.55 - lr: 0.006250 - momentum: 0.000000
2025-12-22 21:00:03,192 epoch 100 - iter 6/13 - loss 0.17875420 - time (sec): 1.48 - samples/sec: 2971.04 - lr: 0.006250 - momentum: 0.000000
2025-12-22 21:00:03,428 epoch 100 - iter 7/13 - loss 0.18199748 - time (sec): 1.71 - samples/sec: 2985.62 - lr: 0.006250 - momentum: 0.000000
2025-12-22 21:00:03,588 epoch 100 - iter 8/13 - loss 0.18275126 - time (sec): 1.87 - samples/sec: 3103.02 - lr: 0.006250 - momentum: 0.000000
2025-12-22 21:00:03,846 epoch 100 - iter 9/13 - loss 0.18438780 - time (sec): 2.13 - samples/sec: 3061.07 - lr: 0.006250 - momentum: 0.000000
2025-12-22 21:00:04,020 epoch 100 - iter 10/13 - loss 0.18475760 - time (sec): 2.31 - samples/sec: 3138.86 - lr: 0.006250 - momentum: 0.000000
2025-12-22 21:00:04,200 epoch 100 - iter 11/13 - loss 0.18280465 - time (sec): 2.49 - samples/sec: 3159.03 - lr: 0.006250 - momentum: 0.000000
2025-12-22 21:00:04,361 epoch 100 - iter 12/13 - loss 0.18185169 - time (sec): 2.65 - samples/sec: 3212.30 - lr: 0.006250 - momentum: 0.000000
2025-12-22 21:00:04,647 epoch 100 - iter 13/13 - loss 0.18304483 - time (sec): 2.93 - samples/sec: 3119.02 - lr: 0.006250 - momentum: 0.000000
2025-12-22 21:00:04,647 ----------------------------------------------------------------------------------------------------
2025-12-22 21:00:04,647 EPOCH 100 done: loss 0.1830 - lr: 0.006250
2025-12-22 21:00:05,089 DEV : loss 0.3943689167499542 - f1-score (micro avg)  0.9105
2025-12-22 21:00:05,090  - 3 epochs without improvement
2025-12-22 21:00:05,090 ----------------------------------------------------------------------------------------------------
2025-12-22 21:00:05,301 epoch 101 - iter 1/13 - loss 0.16086989 - time (sec): 0.21 - samples/sec: 3085.11 - lr: 0.006250 - momentum: 0.000000
2025-12-22 21:00:05,785 epoch 101 - iter 2/13 - loss 0.16628614 - time (sec): 0.69 - samples/sec: 1864.87 - lr: 0.006250 - momentum: 0.000000
2025-12-22 21:00:06,260 epoch 101 - iter 3/13 - loss 0.17765981 - time (sec): 1.17 - samples/sec: 1746.59 - lr: 0.006250 - momentum: 0.000000
2025-12-22 21:00:06,718 epoch 101 - iter 4/13 - loss 0.18684989 - time (sec): 1.63 - samples/sec: 1725.56 - lr: 0.006250 - momentum: 0.000000
2025-12-22 21:00:07,033 epoch 101 - iter 5/13 - loss 0.18208290 - time (sec): 1.94 - samples/sec: 1868.59 - lr: 0.006250 - momentum: 0.000000
2025-12-22 21:00:07,224 epoch 101 - iter 6/13 - loss 0.18062024 - time (sec): 2.13 - samples/sec: 2036.35 - lr: 0.006250 - momentum: 0.000000
2025-12-22 21:00:07,398 epoch 101 - iter 7/13 - loss 0.18124464 - time (sec): 2.31 - samples/sec: 2123.22 - lr: 0.006250 - momentum: 0.000000
2025-12-22 21:00:07,596 epoch 101 - iter 8/13 - loss 0.18270976 - time (sec): 2.51 - samples/sec: 2275.87 - lr: 0.006250 - momentum: 0.000000
2025-12-22 21:00:07,771 epoch 101 - iter 9/13 - loss 0.18394031 - time (sec): 2.68 - samples/sec: 2334.01 - lr: 0.006250 - momentum: 0.000000
2025-12-22 21:00:07,994 epoch 101 - iter 10/13 - loss 0.18456806 - time (sec): 2.90 - samples/sec: 2460.48 - lr: 0.006250 - momentum: 0.000000
2025-12-22 21:00:08,242 epoch 101 - iter 11/13 - loss 0.18190281 - time (sec): 3.15 - samples/sec: 2502.22 - lr: 0.006250 - momentum: 0.000000
2025-12-22 21:00:08,448 epoch 101 - iter 12/13 - loss 0.18140120 - time (sec): 3.36 - samples/sec: 2560.14 - lr: 0.006250 - momentum: 0.000000
2025-12-22 21:00:08,619 epoch 101 - iter 13/13 - loss 0.18231910 - time (sec): 3.53 - samples/sec: 2591.97 - lr: 0.006250 - momentum: 0.000000
2025-12-22 21:00:08,620 ----------------------------------------------------------------------------------------------------
2025-12-22 21:00:08,620 EPOCH 101 done: loss 0.1823 - lr: 0.006250
2025-12-22 21:00:09,223 DEV : loss 0.39704230427742004 - f1-score (micro avg)  0.9094
2025-12-22 21:00:09,224  - 4 epochs without improvement (above 'patience')-> annealing learning_rate to [0.003125]
2025-12-22 21:00:09,224 ----------------------------------------------------------------------------------------------------
2025-12-22 21:00:09,433 epoch 102 - iter 1/13 - loss 0.16751881 - time (sec): 0.21 - samples/sec: 3235.73 - lr: 0.003125 - momentum: 0.000000
2025-12-22 21:00:09,618 epoch 102 - iter 2/13 - loss 0.15286059 - time (sec): 0.39 - samples/sec: 3520.40 - lr: 0.003125 - momentum: 0.000000
2025-12-22 21:00:09,721 epoch 102 - iter 3/13 - loss 0.15696856 - time (sec): 0.50 - samples/sec: 3834.39 - lr: 0.003125 - momentum: 0.000000
2025-12-22 21:00:09,925 epoch 102 - iter 4/13 - loss 0.17282636 - time (sec): 0.70 - samples/sec: 3678.78 - lr: 0.003125 - momentum: 0.000000
2025-12-22 21:00:10,092 epoch 102 - iter 5/13 - loss 0.17259885 - time (sec): 0.87 - samples/sec: 3707.51 - lr: 0.003125 - momentum: 0.000000
2025-12-22 21:00:10,272 epoch 102 - iter 6/13 - loss 0.17882842 - time (sec): 1.05 - samples/sec: 3783.74 - lr: 0.003125 - momentum: 0.000000
2025-12-22 21:00:10,462 epoch 102 - iter 7/13 - loss 0.18563464 - time (sec): 1.24 - samples/sec: 3789.67 - lr: 0.003125 - momentum: 0.000000
2025-12-22 21:00:10,645 epoch 102 - iter 8/13 - loss 0.18718508 - time (sec): 1.42 - samples/sec: 3816.05 - lr: 0.003125 - momentum: 0.000000
2025-12-22 21:00:11,051 epoch 102 - iter 9/13 - loss 0.19155037 - time (sec): 1.83 - samples/sec: 3422.83 - lr: 0.003125 - momentum: 0.000000
2025-12-22 21:00:11,387 epoch 102 - iter 10/13 - loss 0.19174199 - time (sec): 2.16 - samples/sec: 3234.85 - lr: 0.003125 - momentum: 0.000000
2025-12-22 21:00:11,660 epoch 102 - iter 11/13 - loss 0.19128595 - time (sec): 2.43 - samples/sec: 3172.26 - lr: 0.003125 - momentum: 0.000000
2025-12-22 21:00:11,842 epoch 102 - iter 12/13 - loss 0.18911030 - time (sec): 2.62 - samples/sec: 3244.88 - lr: 0.003125 - momentum: 0.000000
2025-12-22 21:00:12,042 epoch 102 - iter 13/13 - loss 0.19232906 - time (sec): 2.82 - samples/sec: 3246.79 - lr: 0.003125 - momentum: 0.000000
2025-12-22 21:00:12,042 ----------------------------------------------------------------------------------------------------
2025-12-22 21:00:12,042 EPOCH 102 done: loss 0.1923 - lr: 0.003125
2025-12-22 21:00:12,576 DEV : loss 0.3960197865962982 - f1-score (micro avg)  0.9091
2025-12-22 21:00:12,576  - 1 epochs without improvement
2025-12-22 21:00:12,577 ----------------------------------------------------------------------------------------------------
2025-12-22 21:00:12,832 epoch 103 - iter 1/13 - loss 0.20858637 - time (sec): 0.25 - samples/sec: 3016.85 - lr: 0.003125 - momentum: 0.000000
2025-12-22 21:00:13,257 epoch 103 - iter 2/13 - loss 0.20341230 - time (sec): 0.68 - samples/sec: 2181.27 - lr: 0.003125 - momentum: 0.000000
2025-12-22 21:00:13,583 epoch 103 - iter 3/13 - loss 0.20192618 - time (sec): 1.01 - samples/sec: 2118.19 - lr: 0.003125 - momentum: 0.000000
2025-12-22 21:00:13,810 epoch 103 - iter 4/13 - loss 0.20061443 - time (sec): 1.23 - samples/sec: 2285.27 - lr: 0.003125 - momentum: 0.000000
2025-12-22 21:00:14,119 epoch 103 - iter 5/13 - loss 0.20749920 - time (sec): 1.54 - samples/sec: 2366.54 - lr: 0.003125 - momentum: 0.000000
2025-12-22 21:00:14,360 epoch 103 - iter 6/13 - loss 0.20507790 - time (sec): 1.78 - samples/sec: 2447.68 - lr: 0.003125 - momentum: 0.000000
2025-12-22 21:00:14,654 epoch 103 - iter 7/13 - loss 0.20487651 - time (sec): 2.08 - samples/sec: 2537.32 - lr: 0.003125 - momentum: 0.000000
2025-12-22 21:00:14,872 epoch 103 - iter 8/13 - loss 0.20144043 - time (sec): 2.29 - samples/sec: 2592.71 - lr: 0.003125 - momentum: 0.000000
2025-12-22 21:00:15,229 epoch 103 - iter 9/13 - loss 0.20043736 - time (sec): 2.65 - samples/sec: 2460.38 - lr: 0.003125 - momentum: 0.000000
2025-12-22 21:00:15,446 epoch 103 - iter 10/13 - loss 0.19829882 - time (sec): 2.87 - samples/sec: 2515.85 - lr: 0.003125 - momentum: 0.000000
2025-12-22 21:00:15,908 epoch 103 - iter 11/13 - loss 0.19510783 - time (sec): 3.33 - samples/sec: 2408.59 - lr: 0.003125 - momentum: 0.000000
2025-12-22 21:00:16,157 epoch 103 - iter 12/13 - loss 0.19403847 - time (sec): 3.58 - samples/sec: 2415.88 - lr: 0.003125 - momentum: 0.000000
2025-12-22 21:00:16,289 epoch 103 - iter 13/13 - loss 0.19088210 - time (sec): 3.71 - samples/sec: 2464.45 - lr: 0.003125 - momentum: 0.000000
2025-12-22 21:00:16,289 ----------------------------------------------------------------------------------------------------
2025-12-22 21:00:16,289 EPOCH 103 done: loss 0.1909 - lr: 0.003125
2025-12-22 21:00:16,730 DEV : loss 0.3967205584049225 - f1-score (micro avg)  0.9086
2025-12-22 21:00:16,731  - 2 epochs without improvement
2025-12-22 21:00:16,731 ----------------------------------------------------------------------------------------------------
2025-12-22 21:00:16,914 epoch 104 - iter 1/13 - loss 0.18615455 - time (sec): 0.18 - samples/sec: 3499.07 - lr: 0.003125 - momentum: 0.000000
2025-12-22 21:00:17,108 epoch 104 - iter 2/13 - loss 0.19705919 - time (sec): 0.38 - samples/sec: 3544.81 - lr: 0.003125 - momentum: 0.000000
2025-12-22 21:00:17,544 epoch 104 - iter 3/13 - loss 0.20110283 - time (sec): 0.81 - samples/sec: 2561.20 - lr: 0.003125 - momentum: 0.000000
2025-12-22 21:00:17,798 epoch 104 - iter 4/13 - loss 0.20068726 - time (sec): 1.07 - samples/sec: 2625.77 - lr: 0.003125 - momentum: 0.000000
2025-12-22 21:00:18,160 epoch 104 - iter 5/13 - loss 0.19530555 - time (sec): 1.43 - samples/sec: 2460.04 - lr: 0.003125 - momentum: 0.000000
2025-12-22 21:00:18,347 epoch 104 - iter 6/13 - loss 0.18440787 - time (sec): 1.61 - samples/sec: 2561.08 - lr: 0.003125 - momentum: 0.000000
2025-12-22 21:00:18,543 epoch 104 - iter 7/13 - loss 0.18096001 - time (sec): 1.81 - samples/sec: 2643.15 - lr: 0.003125 - momentum: 0.000000
2025-12-22 21:00:18,876 epoch 104 - iter 8/13 - loss 0.18055043 - time (sec): 2.14 - samples/sec: 2605.24 - lr: 0.003125 - momentum: 0.000000
2025-12-22 21:00:19,214 epoch 104 - iter 9/13 - loss 0.18313573 - time (sec): 2.48 - samples/sec: 2534.42 - lr: 0.003125 - momentum: 0.000000
2025-12-22 21:00:19,437 epoch 104 - iter 10/13 - loss 0.18267527 - time (sec): 2.71 - samples/sec: 2598.08 - lr: 0.003125 - momentum: 0.000000
2025-12-22 21:00:19,653 epoch 104 - iter 11/13 - loss 0.17852746 - time (sec): 2.92 - samples/sec: 2660.43 - lr: 0.003125 - momentum: 0.000000
2025-12-22 21:00:19,954 epoch 104 - iter 12/13 - loss 0.18323086 - time (sec): 3.22 - samples/sec: 2668.32 - lr: 0.003125 - momentum: 0.000000
2025-12-22 21:00:20,127 epoch 104 - iter 13/13 - loss 0.18801097 - time (sec): 3.39 - samples/sec: 2694.42 - lr: 0.003125 - momentum: 0.000000
2025-12-22 21:00:20,127 ----------------------------------------------------------------------------------------------------
2025-12-22 21:00:20,127 EPOCH 104 done: loss 0.1880 - lr: 0.003125
2025-12-22 21:00:20,573 DEV : loss 0.3965582251548767 - f1-score (micro avg)  0.9078
2025-12-22 21:00:20,574  - 3 epochs without improvement
2025-12-22 21:00:20,575 ----------------------------------------------------------------------------------------------------
2025-12-22 21:00:20,788 epoch 105 - iter 1/13 - loss 0.19045233 - time (sec): 0.21 - samples/sec: 3037.49 - lr: 0.003125 - momentum: 0.000000
2025-12-22 21:00:21,027 epoch 105 - iter 2/13 - loss 0.17951032 - time (sec): 0.45 - samples/sec: 3143.86 - lr: 0.003125 - momentum: 0.000000
2025-12-22 21:00:21,311 epoch 105 - iter 3/13 - loss 0.18926903 - time (sec): 0.74 - samples/sec: 2934.28 - lr: 0.003125 - momentum: 0.000000
2025-12-22 21:00:21,499 epoch 105 - iter 4/13 - loss 0.19138796 - time (sec): 0.92 - samples/sec: 3061.24 - lr: 0.003125 - momentum: 0.000000
2025-12-22 21:00:21,707 epoch 105 - iter 5/13 - loss 0.19075706 - time (sec): 1.13 - samples/sec: 3105.95 - lr: 0.003125 - momentum: 0.000000
2025-12-22 21:00:21,971 epoch 105 - iter 6/13 - loss 0.18242104 - time (sec): 1.40 - samples/sec: 3023.83 - lr: 0.003125 - momentum: 0.000000
2025-12-22 21:00:22,338 epoch 105 - iter 7/13 - loss 0.18095012 - time (sec): 1.76 - samples/sec: 2900.62 - lr: 0.003125 - momentum: 0.000000
2025-12-22 21:00:22,623 epoch 105 - iter 8/13 - loss 0.18182543 - time (sec): 2.05 - samples/sec: 2858.85 - lr: 0.003125 - momentum: 0.000000
2025-12-22 21:00:22,805 epoch 105 - iter 9/13 - loss 0.18404109 - time (sec): 2.23 - samples/sec: 2925.32 - lr: 0.003125 - momentum: 0.000000
2025-12-22 21:00:22,992 epoch 105 - iter 10/13 - loss 0.18661915 - time (sec): 2.42 - samples/sec: 2944.43 - lr: 0.003125 - momentum: 0.000000
2025-12-22 21:00:23,177 epoch 105 - iter 11/13 - loss 0.18528421 - time (sec): 2.60 - samples/sec: 2992.45 - lr: 0.003125 - momentum: 0.000000
2025-12-22 21:00:23,612 epoch 105 - iter 12/13 - loss 0.18607946 - time (sec): 3.04 - samples/sec: 2826.53 - lr: 0.003125 - momentum: 0.000000
2025-12-22 21:00:23,797 epoch 105 - iter 13/13 - loss 0.18811538 - time (sec): 3.22 - samples/sec: 2838.95 - lr: 0.003125 - momentum: 0.000000
2025-12-22 21:00:23,797 ----------------------------------------------------------------------------------------------------
2025-12-22 21:00:23,797 EPOCH 105 done: loss 0.1881 - lr: 0.003125
2025-12-22 21:00:24,231 DEV : loss 0.39470502734184265 - f1-score (micro avg)  0.9097
2025-12-22 21:00:24,232  - 4 epochs without improvement (above 'patience')-> annealing learning_rate to [0.0015625]
2025-12-22 21:00:24,232 ----------------------------------------------------------------------------------------------------
2025-12-22 21:00:24,460 epoch 106 - iter 1/13 - loss 0.19440517 - time (sec): 0.23 - samples/sec: 2915.90 - lr: 0.001563 - momentum: 0.000000
2025-12-22 21:00:24,612 epoch 106 - iter 2/13 - loss 0.18029680 - time (sec): 0.38 - samples/sec: 3347.48 - lr: 0.001563 - momentum: 0.000000
2025-12-22 21:00:24,769 epoch 106 - iter 3/13 - loss 0.17278660 - time (sec): 0.54 - samples/sec: 3472.84 - lr: 0.001563 - momentum: 0.000000
2025-12-22 21:00:24,959 epoch 106 - iter 4/13 - loss 0.16590815 - time (sec): 0.73 - samples/sec: 3476.73 - lr: 0.001563 - momentum: 0.000000
2025-12-22 21:00:25,163 epoch 106 - iter 5/13 - loss 0.18061959 - time (sec): 0.93 - samples/sec: 3422.15 - lr: 0.001563 - momentum: 0.000000
2025-12-22 21:00:25,328 epoch 106 - iter 6/13 - loss 0.18140799 - time (sec): 1.10 - samples/sec: 3544.79 - lr: 0.001563 - momentum: 0.000000
2025-12-22 21:00:25,602 epoch 106 - iter 7/13 - loss 0.18294062 - time (sec): 1.37 - samples/sec: 3412.28 - lr: 0.001563 - momentum: 0.000000
2025-12-22 21:00:26,052 epoch 106 - iter 8/13 - loss 0.18156775 - time (sec): 1.82 - samples/sec: 3012.70 - lr: 0.001563 - momentum: 0.000000
2025-12-22 21:00:26,280 epoch 106 - iter 9/13 - loss 0.18455237 - time (sec): 2.05 - samples/sec: 3003.61 - lr: 0.001563 - momentum: 0.000000
2025-12-22 21:00:26,492 epoch 106 - iter 10/13 - loss 0.18470575 - time (sec): 2.26 - samples/sec: 3034.84 - lr: 0.001563 - momentum: 0.000000
2025-12-22 21:00:26,817 epoch 106 - iter 11/13 - loss 0.18327119 - time (sec): 2.58 - samples/sec: 2978.39 - lr: 0.001563 - momentum: 0.000000
2025-12-22 21:00:27,050 epoch 106 - iter 12/13 - loss 0.18612890 - time (sec): 2.82 - samples/sec: 3028.66 - lr: 0.001563 - momentum: 0.000000
2025-12-22 21:00:27,245 epoch 106 - iter 13/13 - loss 0.18574065 - time (sec): 3.01 - samples/sec: 3036.21 - lr: 0.001563 - momentum: 0.000000
2025-12-22 21:00:27,245 ----------------------------------------------------------------------------------------------------
2025-12-22 21:00:27,245 EPOCH 106 done: loss 0.1857 - lr: 0.001563
2025-12-22 21:00:27,874 DEV : loss 0.3957829475402832 - f1-score (micro avg)  0.9083
2025-12-22 21:00:27,875  - 1 epochs without improvement
2025-12-22 21:00:27,876 ----------------------------------------------------------------------------------------------------
2025-12-22 21:00:28,093 epoch 107 - iter 1/13 - loss 0.16518799 - time (sec): 0.22 - samples/sec: 2758.62 - lr: 0.001563 - momentum: 0.000000
2025-12-22 21:00:28,305 epoch 107 - iter 2/13 - loss 0.17524012 - time (sec): 0.43 - samples/sec: 2968.73 - lr: 0.001563 - momentum: 0.000000
2025-12-22 21:00:28,687 epoch 107 - iter 3/13 - loss 0.18462326 - time (sec): 0.81 - samples/sec: 2670.92 - lr: 0.001563 - momentum: 0.000000
2025-12-22 21:00:28,903 epoch 107 - iter 4/13 - loss 0.18327825 - time (sec): 1.03 - samples/sec: 2796.81 - lr: 0.001563 - momentum: 0.000000
2025-12-22 21:00:29,104 epoch 107 - iter 5/13 - loss 0.18471935 - time (sec): 1.23 - samples/sec: 2867.39 - lr: 0.001563 - momentum: 0.000000
2025-12-22 21:00:29,248 epoch 107 - iter 6/13 - loss 0.17899443 - time (sec): 1.37 - samples/sec: 3010.25 - lr: 0.001563 - momentum: 0.000000
2025-12-22 21:00:29,855 epoch 107 - iter 7/13 - loss 0.18228172 - time (sec): 1.98 - samples/sec: 2473.32 - lr: 0.001563 - momentum: 0.000000
2025-12-22 21:00:30,130 epoch 107 - iter 8/13 - loss 0.17998272 - time (sec): 2.25 - samples/sec: 2503.82 - lr: 0.001563 - momentum: 0.000000
2025-12-22 21:00:30,376 epoch 107 - iter 9/13 - loss 0.18485025 - time (sec): 2.50 - samples/sec: 2525.99 - lr: 0.001563 - momentum: 0.000000
2025-12-22 21:00:30,574 epoch 107 - iter 10/13 - loss 0.18491224 - time (sec): 2.70 - samples/sec: 2593.06 - lr: 0.001563 - momentum: 0.000000
2025-12-22 21:00:30,811 epoch 107 - iter 11/13 - loss 0.18958769 - time (sec): 2.93 - samples/sec: 2657.12 - lr: 0.001563 - momentum: 0.000000
2025-12-22 21:00:31,004 epoch 107 - iter 12/13 - loss 0.19072264 - time (sec): 3.13 - samples/sec: 2708.18 - lr: 0.001563 - momentum: 0.000000
2025-12-22 21:00:31,266 epoch 107 - iter 13/13 - loss 0.18852445 - time (sec): 3.39 - samples/sec: 2698.12 - lr: 0.001563 - momentum: 0.000000
2025-12-22 21:00:31,267 ----------------------------------------------------------------------------------------------------
2025-12-22 21:00:31,267 EPOCH 107 done: loss 0.1885 - lr: 0.001563
2025-12-22 21:00:31,701 DEV : loss 0.3956505060195923 - f1-score (micro avg)  0.9091
2025-12-22 21:00:31,702  - 2 epochs without improvement
2025-12-22 21:00:31,702 ----------------------------------------------------------------------------------------------------
2025-12-22 21:00:31,841 epoch 108 - iter 1/13 - loss 0.13864057 - time (sec): 0.14 - samples/sec: 4490.57 - lr: 0.001563 - momentum: 0.000000
2025-12-22 21:00:32,062 epoch 108 - iter 2/13 - loss 0.16133484 - time (sec): 0.36 - samples/sec: 4199.06 - lr: 0.001563 - momentum: 0.000000
2025-12-22 21:00:32,256 epoch 108 - iter 3/13 - loss 0.17120426 - time (sec): 0.55 - samples/sec: 3908.70 - lr: 0.001563 - momentum: 0.000000
2025-12-22 21:00:32,818 epoch 108 - iter 4/13 - loss 0.17437472 - time (sec): 1.12 - samples/sec: 2709.83 - lr: 0.001563 - momentum: 0.000000
2025-12-22 21:00:33,151 epoch 108 - iter 5/13 - loss 0.17288587 - time (sec): 1.45 - samples/sec: 2533.54 - lr: 0.001563 - momentum: 0.000000
2025-12-22 21:00:33,385 epoch 108 - iter 6/13 - loss 0.17387696 - time (sec): 1.68 - samples/sec: 2543.32 - lr: 0.001563 - momentum: 0.000000
2025-12-22 21:00:33,695 epoch 108 - iter 7/13 - loss 0.17475221 - time (sec): 1.99 - samples/sec: 2586.81 - lr: 0.001563 - momentum: 0.000000
2025-12-22 21:00:33,912 epoch 108 - iter 8/13 - loss 0.17344719 - time (sec): 2.21 - samples/sec: 2655.18 - lr: 0.001563 - momentum: 0.000000
2025-12-22 21:00:34,096 epoch 108 - iter 9/13 - loss 0.17302366 - time (sec): 2.39 - samples/sec: 2744.90 - lr: 0.001563 - momentum: 0.000000
2025-12-22 21:00:34,314 epoch 108 - iter 10/13 - loss 0.17624768 - time (sec): 2.61 - samples/sec: 2805.77 - lr: 0.001563 - momentum: 0.000000
2025-12-22 21:00:34,506 epoch 108 - iter 11/13 - loss 0.17507794 - time (sec): 2.80 - samples/sec: 2840.74 - lr: 0.001563 - momentum: 0.000000
2025-12-22 21:00:34,691 epoch 108 - iter 12/13 - loss 0.17356192 - time (sec): 2.99 - samples/sec: 2884.33 - lr: 0.001563 - momentum: 0.000000
2025-12-22 21:00:34,852 epoch 108 - iter 13/13 - loss 0.17223687 - time (sec): 3.15 - samples/sec: 2904.11 - lr: 0.001563 - momentum: 0.000000
2025-12-22 21:00:34,852 ----------------------------------------------------------------------------------------------------
2025-12-22 21:00:34,852 EPOCH 108 done: loss 0.1722 - lr: 0.001563
2025-12-22 21:00:35,304 DEV : loss 0.3955617845058441 - f1-score (micro avg)  0.9089
2025-12-22 21:00:35,305  - 3 epochs without improvement
2025-12-22 21:00:35,305 ----------------------------------------------------------------------------------------------------
2025-12-22 21:00:35,525 epoch 109 - iter 1/13 - loss 0.21544680 - time (sec): 0.22 - samples/sec: 3281.95 - lr: 0.001563 - momentum: 0.000000
2025-12-22 21:00:35,712 epoch 109 - iter 2/13 - loss 0.19826636 - time (sec): 0.41 - samples/sec: 3481.03 - lr: 0.001563 - momentum: 0.000000
2025-12-22 21:00:35,923 epoch 109 - iter 3/13 - loss 0.19218847 - time (sec): 0.62 - samples/sec: 3596.73 - lr: 0.001563 - momentum: 0.000000
2025-12-22 21:00:36,182 epoch 109 - iter 4/13 - loss 0.18090358 - time (sec): 0.88 - samples/sec: 3377.94 - lr: 0.001563 - momentum: 0.000000
2025-12-22 21:00:36,618 epoch 109 - iter 5/13 - loss 0.19431489 - time (sec): 1.31 - samples/sec: 2863.35 - lr: 0.001563 - momentum: 0.000000
2025-12-22 21:00:36,793 epoch 109 - iter 6/13 - loss 0.18933617 - time (sec): 1.49 - samples/sec: 2970.06 - lr: 0.001563 - momentum: 0.000000
2025-12-22 21:00:36,996 epoch 109 - iter 7/13 - loss 0.19080345 - time (sec): 1.69 - samples/sec: 3021.58 - lr: 0.001563 - momentum: 0.000000
2025-12-22 21:00:37,328 epoch 109 - iter 8/13 - loss 0.18705984 - time (sec): 2.02 - samples/sec: 2920.06 - lr: 0.001563 - momentum: 0.000000
2025-12-22 21:00:37,505 epoch 109 - iter 9/13 - loss 0.18986494 - time (sec): 2.20 - samples/sec: 2979.66 - lr: 0.001563 - momentum: 0.000000
2025-12-22 21:00:37,687 epoch 109 - iter 10/13 - loss 0.18869240 - time (sec): 2.38 - samples/sec: 2980.62 - lr: 0.001563 - momentum: 0.000000
2025-12-22 21:00:37,943 epoch 109 - iter 11/13 - loss 0.18860340 - time (sec): 2.64 - samples/sec: 2951.23 - lr: 0.001563 - momentum: 0.000000
2025-12-22 21:00:38,119 epoch 109 - iter 12/13 - loss 0.18897737 - time (sec): 2.81 - samples/sec: 2992.51 - lr: 0.001563 - momentum: 0.000000
2025-12-22 21:00:38,325 epoch 109 - iter 13/13 - loss 0.19040716 - time (sec): 3.02 - samples/sec: 3029.86 - lr: 0.001563 - momentum: 0.000000
2025-12-22 21:00:38,325 ----------------------------------------------------------------------------------------------------
2025-12-22 21:00:38,325 EPOCH 109 done: loss 0.1904 - lr: 0.001563
2025-12-22 21:00:38,757 DEV : loss 0.39521002769470215 - f1-score (micro avg)  0.9097
2025-12-22 21:00:38,759  - 4 epochs without improvement (above 'patience')-> annealing learning_rate to [0.00078125]
2025-12-22 21:00:38,759 ----------------------------------------------------------------------------------------------------
2025-12-22 21:00:38,962 epoch 110 - iter 1/13 - loss 0.20085286 - time (sec): 0.20 - samples/sec: 3458.83 - lr: 0.000781 - momentum: 0.000000
2025-12-22 21:00:39,316 epoch 110 - iter 2/13 - loss 0.20170826 - time (sec): 0.56 - samples/sec: 2666.02 - lr: 0.000781 - momentum: 0.000000
2025-12-22 21:00:39,577 epoch 110 - iter 3/13 - loss 0.19535693 - time (sec): 0.82 - samples/sec: 2634.51 - lr: 0.000781 - momentum: 0.000000
2025-12-22 21:00:39,754 epoch 110 - iter 4/13 - loss 0.19302900 - time (sec): 0.99 - samples/sec: 2768.11 - lr: 0.000781 - momentum: 0.000000
2025-12-22 21:00:39,999 epoch 110 - iter 5/13 - loss 0.18724609 - time (sec): 1.24 - samples/sec: 2823.64 - lr: 0.000781 - momentum: 0.000000
2025-12-22 21:00:40,112 epoch 110 - iter 6/13 - loss 0.18995485 - time (sec): 1.35 - samples/sec: 2981.07 - lr: 0.000781 - momentum: 0.000000
2025-12-22 21:00:40,291 epoch 110 - iter 7/13 - loss 0.19104630 - time (sec): 1.53 - samples/sec: 3082.72 - lr: 0.000781 - momentum: 0.000000
2025-12-22 21:00:40,511 epoch 110 - iter 8/13 - loss 0.19111298 - time (sec): 1.75 - samples/sec: 3098.30 - lr: 0.000781 - momentum: 0.000000
2025-12-22 21:00:40,976 epoch 110 - iter 9/13 - loss 0.19018873 - time (sec): 2.22 - samples/sec: 2765.38 - lr: 0.000781 - momentum: 0.000000
2025-12-22 21:00:41,194 epoch 110 - iter 10/13 - loss 0.18690209 - time (sec): 2.43 - samples/sec: 2838.23 - lr: 0.000781 - momentum: 0.000000
2025-12-22 21:00:41,398 epoch 110 - iter 11/13 - loss 0.18855779 - time (sec): 2.64 - samples/sec: 2900.57 - lr: 0.000781 - momentum: 0.000000
2025-12-22 21:00:41,674 epoch 110 - iter 12/13 - loss 0.18617710 - time (sec): 2.91 - samples/sec: 2921.16 - lr: 0.000781 - momentum: 0.000000
2025-12-22 21:00:41,869 epoch 110 - iter 13/13 - loss 0.18513632 - time (sec): 3.11 - samples/sec: 2941.90 - lr: 0.000781 - momentum: 0.000000
2025-12-22 21:00:41,869 ----------------------------------------------------------------------------------------------------
2025-12-22 21:00:41,869 EPOCH 110 done: loss 0.1851 - lr: 0.000781
2025-12-22 21:00:42,522 DEV : loss 0.3951461911201477 - f1-score (micro avg)  0.9099
2025-12-22 21:00:42,523  - 1 epochs without improvement
2025-12-22 21:00:42,524 ----------------------------------------------------------------------------------------------------
2025-12-22 21:00:42,667 epoch 111 - iter 1/13 - loss 0.16537796 - time (sec): 0.14 - samples/sec: 4599.80 - lr: 0.000781 - momentum: 0.000000
2025-12-22 21:00:42,857 epoch 111 - iter 2/13 - loss 0.15726499 - time (sec): 0.33 - samples/sec: 3895.87 - lr: 0.000781 - momentum: 0.000000
2025-12-22 21:00:43,109 epoch 111 - iter 3/13 - loss 0.16111738 - time (sec): 0.59 - samples/sec: 3351.50 - lr: 0.000781 - momentum: 0.000000
2025-12-22 21:00:43,377 epoch 111 - iter 4/13 - loss 0.19098726 - time (sec): 0.85 - samples/sec: 3171.21 - lr: 0.000781 - momentum: 0.000000
2025-12-22 21:00:43,822 epoch 111 - iter 5/13 - loss 0.18641575 - time (sec): 1.30 - samples/sec: 2759.93 - lr: 0.000781 - momentum: 0.000000
2025-12-22 21:00:44,067 epoch 111 - iter 6/13 - loss 0.18967119 - time (sec): 1.54 - samples/sec: 2870.51 - lr: 0.000781 - momentum: 0.000000
2025-12-22 21:00:44,285 epoch 111 - iter 7/13 - loss 0.18968553 - time (sec): 1.76 - samples/sec: 2930.61 - lr: 0.000781 - momentum: 0.000000
2025-12-22 21:00:44,497 epoch 111 - iter 8/13 - loss 0.19218720 - time (sec): 1.97 - samples/sec: 3001.33 - lr: 0.000781 - momentum: 0.000000
2025-12-22 21:00:44,756 epoch 111 - iter 9/13 - loss 0.18892832 - time (sec): 2.23 - samples/sec: 2982.26 - lr: 0.000781 - momentum: 0.000000
2025-12-22 21:00:44,969 epoch 111 - iter 10/13 - loss 0.19052580 - time (sec): 2.45 - samples/sec: 2999.94 - lr: 0.000781 - momentum: 0.000000
2025-12-22 21:00:45,122 epoch 111 - iter 11/13 - loss 0.19298938 - time (sec): 2.60 - samples/sec: 3050.58 - lr: 0.000781 - momentum: 0.000000
2025-12-22 21:00:45,267 epoch 111 - iter 12/13 - loss 0.19335205 - time (sec): 2.74 - samples/sec: 3111.84 - lr: 0.000781 - momentum: 0.000000
2025-12-22 21:00:45,441 epoch 111 - iter 13/13 - loss 0.19362393 - time (sec): 2.92 - samples/sec: 3135.24 - lr: 0.000781 - momentum: 0.000000
2025-12-22 21:00:45,442 ----------------------------------------------------------------------------------------------------
2025-12-22 21:00:45,442 EPOCH 111 done: loss 0.1936 - lr: 0.000781
2025-12-22 21:00:45,880 DEV : loss 0.3951836824417114 - f1-score (micro avg)  0.9097
2025-12-22 21:00:45,880  - 2 epochs without improvement
2025-12-22 21:00:45,881 ----------------------------------------------------------------------------------------------------
2025-12-22 21:00:46,107 epoch 112 - iter 1/13 - loss 0.20916136 - time (sec): 0.22 - samples/sec: 3458.46 - lr: 0.000781 - momentum: 0.000000
2025-12-22 21:00:46,304 epoch 112 - iter 2/13 - loss 0.19249448 - time (sec): 0.42 - samples/sec: 3508.01 - lr: 0.000781 - momentum: 0.000000
2025-12-22 21:00:46,485 epoch 112 - iter 3/13 - loss 0.17171644 - time (sec): 0.60 - samples/sec: 3733.13 - lr: 0.000781 - momentum: 0.000000
2025-12-22 21:00:47,294 epoch 112 - iter 4/13 - loss 0.17356805 - time (sec): 1.41 - samples/sec: 2193.37 - lr: 0.000781 - momentum: 0.000000
2025-12-22 21:00:47,542 epoch 112 - iter 5/13 - loss 0.17669528 - time (sec): 1.66 - samples/sec: 2258.38 - lr: 0.000781 - momentum: 0.000000
2025-12-22 21:00:47,818 epoch 112 - iter 6/13 - loss 0.17551821 - time (sec): 1.94 - samples/sec: 2336.61 - lr: 0.000781 - momentum: 0.000000
2025-12-22 21:00:47,993 epoch 112 - iter 7/13 - loss 0.17846244 - time (sec): 2.11 - samples/sec: 2387.08 - lr: 0.000781 - momentum: 0.000000
2025-12-22 21:00:48,166 epoch 112 - iter 8/13 - loss 0.17710695 - time (sec): 2.28 - samples/sec: 2510.84 - lr: 0.000781 - momentum: 0.000000
2025-12-22 21:00:48,649 epoch 112 - iter 9/13 - loss 0.18202108 - time (sec): 2.77 - samples/sec: 2400.80 - lr: 0.000781 - momentum: 0.000000
2025-12-22 21:00:48,830 epoch 112 - iter 10/13 - loss 0.18096639 - time (sec): 2.95 - samples/sec: 2445.38 - lr: 0.000781 - momentum: 0.000000
2025-12-22 21:00:49,007 epoch 112 - iter 11/13 - loss 0.18387995 - time (sec): 3.12 - samples/sec: 2534.21 - lr: 0.000781 - momentum: 0.000000
2025-12-22 21:00:49,267 epoch 112 - iter 12/13 - loss 0.18553059 - time (sec): 3.39 - samples/sec: 2524.88 - lr: 0.000781 - momentum: 0.000000
2025-12-22 21:00:49,590 epoch 112 - iter 13/13 - loss 0.18812024 - time (sec): 3.71 - samples/sec: 2467.11 - lr: 0.000781 - momentum: 0.000000
2025-12-22 21:00:49,590 ----------------------------------------------------------------------------------------------------
2025-12-22 21:00:49,590 EPOCH 112 done: loss 0.1881 - lr: 0.000781
2025-12-22 21:00:50,111 DEV : loss 0.3952534794807434 - f1-score (micro avg)  0.9091
2025-12-22 21:00:50,112  - 3 epochs without improvement
2025-12-22 21:00:50,113 ----------------------------------------------------------------------------------------------------
2025-12-22 21:00:50,391 epoch 113 - iter 1/13 - loss 0.18897330 - time (sec): 0.28 - samples/sec: 2294.63 - lr: 0.000781 - momentum: 0.000000
2025-12-22 21:00:50,614 epoch 113 - iter 2/13 - loss 0.17161444 - time (sec): 0.50 - samples/sec: 2648.96 - lr: 0.000781 - momentum: 0.000000
2025-12-22 21:00:50,831 epoch 113 - iter 3/13 - loss 0.17447767 - time (sec): 0.72 - samples/sec: 3036.28 - lr: 0.000781 - momentum: 0.000000
2025-12-22 21:00:52,113 epoch 113 - iter 4/13 - loss 0.18189446 - time (sec): 2.00 - samples/sec: 1539.20 - lr: 0.000781 - momentum: 0.000000
2025-12-22 21:00:52,332 epoch 113 - iter 5/13 - loss 0.18230678 - time (sec): 2.22 - samples/sec: 1679.79 - lr: 0.000781 - momentum: 0.000000
2025-12-22 21:00:52,617 epoch 113 - iter 6/13 - loss 0.17814624 - time (sec): 2.50 - samples/sec: 1789.34 - lr: 0.000781 - momentum: 0.000000
2025-12-22 21:00:52,898 epoch 113 - iter 7/13 - loss 0.17905196 - time (sec): 2.78 - samples/sec: 1855.99 - lr: 0.000781 - momentum: 0.000000
2025-12-22 21:00:53,093 epoch 113 - iter 8/13 - loss 0.17683147 - time (sec): 2.98 - samples/sec: 1936.07 - lr: 0.000781 - momentum: 0.000000
2025-12-22 21:00:53,301 epoch 113 - iter 9/13 - loss 0.17778560 - time (sec): 3.19 - samples/sec: 2010.24 - lr: 0.000781 - momentum: 0.000000
2025-12-22 21:00:53,540 epoch 113 - iter 10/13 - loss 0.18055578 - time (sec): 3.43 - samples/sec: 2092.78 - lr: 0.000781 - momentum: 0.000000
2025-12-22 21:00:53,744 epoch 113 - iter 11/13 - loss 0.18657132 - time (sec): 3.63 - samples/sec: 2157.81 - lr: 0.000781 - momentum: 0.000000
2025-12-22 21:00:53,988 epoch 113 - iter 12/13 - loss 0.18267707 - time (sec): 3.87 - samples/sec: 2224.34 - lr: 0.000781 - momentum: 0.000000
2025-12-22 21:00:54,339 epoch 113 - iter 13/13 - loss 0.18236731 - time (sec): 4.22 - samples/sec: 2165.29 - lr: 0.000781 - momentum: 0.000000
2025-12-22 21:00:54,339 ----------------------------------------------------------------------------------------------------
2025-12-22 21:00:54,339 EPOCH 113 done: loss 0.1824 - lr: 0.000781
2025-12-22 21:00:54,859 DEV : loss 0.3949272334575653 - f1-score (micro avg)  0.9094
2025-12-22 21:00:54,860  - 4 epochs without improvement (above 'patience')-> annealing learning_rate to [0.000390625]
2025-12-22 21:00:54,860 ----------------------------------------------------------------------------------------------------
2025-12-22 21:00:55,092 epoch 114 - iter 1/13 - loss 0.13491085 - time (sec): 0.23 - samples/sec: 2845.63 - lr: 0.000391 - momentum: 0.000000
2025-12-22 21:00:55,282 epoch 114 - iter 2/13 - loss 0.16471620 - time (sec): 0.42 - samples/sec: 2905.05 - lr: 0.000391 - momentum: 0.000000
2025-12-22 21:00:55,560 epoch 114 - iter 3/13 - loss 0.17733617 - time (sec): 0.70 - samples/sec: 2983.28 - lr: 0.000391 - momentum: 0.000000
2025-12-22 21:00:55,753 epoch 114 - iter 4/13 - loss 0.17735380 - time (sec): 0.89 - samples/sec: 3114.04 - lr: 0.000391 - momentum: 0.000000
2025-12-22 21:00:55,968 epoch 114 - iter 5/13 - loss 0.17451703 - time (sec): 1.11 - samples/sec: 3119.62 - lr: 0.000391 - momentum: 0.000000
2025-12-22 21:00:56,218 epoch 114 - iter 6/13 - loss 0.17516938 - time (sec): 1.36 - samples/sec: 3078.53 - lr: 0.000391 - momentum: 0.000000
2025-12-22 21:00:56,530 epoch 114 - iter 7/13 - loss 0.18424280 - time (sec): 1.67 - samples/sec: 2941.89 - lr: 0.000391 - momentum: 0.000000
2025-12-22 21:00:56,727 epoch 114 - iter 8/13 - loss 0.17659368 - time (sec): 1.87 - samples/sec: 2914.71 - lr: 0.000391 - momentum: 0.000000
2025-12-22 21:00:56,970 epoch 114 - iter 9/13 - loss 0.17788641 - time (sec): 2.11 - samples/sec: 2921.80 - lr: 0.000391 - momentum: 0.000000
2025-12-22 21:00:57,515 epoch 114 - iter 10/13 - loss 0.17735473 - time (sec): 2.65 - samples/sec: 2629.94 - lr: 0.000391 - momentum: 0.000000
2025-12-22 21:00:57,901 epoch 114 - iter 11/13 - loss 0.17750519 - time (sec): 3.04 - samples/sec: 2528.65 - lr: 0.000391 - momentum: 0.000000
2025-12-22 21:00:58,337 epoch 114 - iter 12/13 - loss 0.17954378 - time (sec): 3.48 - samples/sec: 2442.43 - lr: 0.000391 - momentum: 0.000000
2025-12-22 21:00:58,570 epoch 114 - iter 13/13 - loss 0.18136662 - time (sec): 3.71 - samples/sec: 2465.63 - lr: 0.000391 - momentum: 0.000000
2025-12-22 21:00:58,571 ----------------------------------------------------------------------------------------------------
2025-12-22 21:00:58,571 EPOCH 114 done: loss 0.1814 - lr: 0.000391
2025-12-22 21:00:59,075 DEV : loss 0.39517131447792053 - f1-score (micro avg)  0.9091
2025-12-22 21:00:59,077  - 1 epochs without improvement
2025-12-22 21:00:59,077 ----------------------------------------------------------------------------------------------------
2025-12-22 21:00:59,306 epoch 115 - iter 1/13 - loss 0.22228230 - time (sec): 0.23 - samples/sec: 2480.42 - lr: 0.000391 - momentum: 0.000000
2025-12-22 21:00:59,615 epoch 115 - iter 2/13 - loss 0.20642267 - time (sec): 0.54 - samples/sec: 2174.80 - lr: 0.000391 - momentum: 0.000000
2025-12-22 21:00:59,831 epoch 115 - iter 3/13 - loss 0.21345797 - time (sec): 0.75 - samples/sec: 2517.19 - lr: 0.000391 - momentum: 0.000000
2025-12-22 21:01:00,466 epoch 115 - iter 4/13 - loss 0.21386566 - time (sec): 1.39 - samples/sec: 2066.80 - lr: 0.000391 - momentum: 0.000000
2025-12-22 21:01:00,696 epoch 115 - iter 5/13 - loss 0.20072186 - time (sec): 1.62 - samples/sec: 2128.46 - lr: 0.000391 - momentum: 0.000000
2025-12-22 21:01:01,722 epoch 115 - iter 6/13 - loss 0.20120701 - time (sec): 2.64 - samples/sec: 1571.69 - lr: 0.000391 - momentum: 0.000000
2025-12-22 21:01:02,031 epoch 115 - iter 7/13 - loss 0.20052904 - time (sec): 2.95 - samples/sec: 1632.48 - lr: 0.000391 - momentum: 0.000000
2025-12-22 21:01:02,308 epoch 115 - iter 8/13 - loss 0.19454870 - time (sec): 3.23 - samples/sec: 1734.06 - lr: 0.000391 - momentum: 0.000000
2025-12-22 21:01:02,513 epoch 115 - iter 9/13 - loss 0.19163164 - time (sec): 3.44 - samples/sec: 1826.56 - lr: 0.000391 - momentum: 0.000000
2025-12-22 21:01:02,744 epoch 115 - iter 10/13 - loss 0.19218628 - time (sec): 3.67 - samples/sec: 1895.24 - lr: 0.000391 - momentum: 0.000000
2025-12-22 21:01:03,107 epoch 115 - iter 11/13 - loss 0.18868801 - time (sec): 4.03 - samples/sec: 1921.43 - lr: 0.000391 - momentum: 0.000000
2025-12-22 21:01:03,588 epoch 115 - iter 12/13 - loss 0.18866038 - time (sec): 4.51 - samples/sec: 1893.42 - lr: 0.000391 - momentum: 0.000000
2025-12-22 21:01:03,816 epoch 115 - iter 13/13 - loss 0.18561835 - time (sec): 4.74 - samples/sec: 1930.52 - lr: 0.000391 - momentum: 0.000000
2025-12-22 21:01:03,816 ----------------------------------------------------------------------------------------------------
2025-12-22 21:01:03,816 EPOCH 115 done: loss 0.1856 - lr: 0.000391
2025-12-22 21:01:04,643 DEV : loss 0.3950445353984833 - f1-score (micro avg)  0.9094
2025-12-22 21:01:04,644  - 2 epochs without improvement
2025-12-22 21:01:04,644 ----------------------------------------------------------------------------------------------------
2025-12-22 21:01:05,293 epoch 116 - iter 1/13 - loss 0.16859228 - time (sec): 0.65 - samples/sec: 1312.70 - lr: 0.000391 - momentum: 0.000000
2025-12-22 21:01:05,597 epoch 116 - iter 2/13 - loss 0.16969709 - time (sec): 0.95 - samples/sec: 1641.57 - lr: 0.000391 - momentum: 0.000000
2025-12-22 21:01:05,937 epoch 116 - iter 3/13 - loss 0.16442132 - time (sec): 1.29 - samples/sec: 1762.32 - lr: 0.000391 - momentum: 0.000000
2025-12-22 21:01:06,240 epoch 116 - iter 4/13 - loss 0.16623579 - time (sec): 1.60 - samples/sec: 1811.90 - lr: 0.000391 - momentum: 0.000000
2025-12-22 21:01:06,457 epoch 116 - iter 5/13 - loss 0.17338013 - time (sec): 1.81 - samples/sec: 1991.95 - lr: 0.000391 - momentum: 0.000000
2025-12-22 21:01:06,710 epoch 116 - iter 6/13 - loss 0.17451149 - time (sec): 2.07 - samples/sec: 2066.62 - lr: 0.000391 - momentum: 0.000000
2025-12-22 21:01:06,973 epoch 116 - iter 7/13 - loss 0.17775966 - time (sec): 2.33 - samples/sec: 2138.81 - lr: 0.000391 - momentum: 0.000000
2025-12-22 21:01:07,256 epoch 116 - iter 8/13 - loss 0.18101553 - time (sec): 2.61 - samples/sec: 2170.74 - lr: 0.000391 - momentum: 0.000000
2025-12-22 21:01:07,653 epoch 116 - iter 9/13 - loss 0.18098546 - time (sec): 3.01 - samples/sec: 2126.42 - lr: 0.000391 - momentum: 0.000000
2025-12-22 21:01:08,019 epoch 116 - iter 10/13 - loss 0.17985454 - time (sec): 3.37 - samples/sec: 2130.67 - lr: 0.000391 - momentum: 0.000000
2025-12-22 21:01:08,276 epoch 116 - iter 11/13 - loss 0.17760742 - time (sec): 3.63 - samples/sec: 2166.62 - lr: 0.000391 - momentum: 0.000000
2025-12-22 21:01:08,716 epoch 116 - iter 12/13 - loss 0.17774586 - time (sec): 4.07 - samples/sec: 2109.62 - lr: 0.000391 - momentum: 0.000000
2025-12-22 21:01:08,909 epoch 116 - iter 13/13 - loss 0.17851487 - time (sec): 4.27 - samples/sec: 2144.55 - lr: 0.000391 - momentum: 0.000000
2025-12-22 21:01:08,909 ----------------------------------------------------------------------------------------------------
2025-12-22 21:01:08,910 EPOCH 116 done: loss 0.1785 - lr: 0.000391
2025-12-22 21:01:09,392 DEV : loss 0.39500531554222107 - f1-score (micro avg)  0.9094
2025-12-22 21:01:09,393  - 3 epochs without improvement
2025-12-22 21:01:09,393 ----------------------------------------------------------------------------------------------------
2025-12-22 21:01:10,046 epoch 117 - iter 1/13 - loss 0.18151174 - time (sec): 0.65 - samples/sec: 1208.53 - lr: 0.000391 - momentum: 0.000000
2025-12-22 21:01:10,369 epoch 117 - iter 2/13 - loss 0.18603281 - time (sec): 0.98 - samples/sec: 1495.20 - lr: 0.000391 - momentum: 0.000000
2025-12-22 21:01:10,557 epoch 117 - iter 3/13 - loss 0.18129954 - time (sec): 1.16 - samples/sec: 1778.85 - lr: 0.000391 - momentum: 0.000000
2025-12-22 21:01:10,896 epoch 117 - iter 4/13 - loss 0.18636659 - time (sec): 1.50 - samples/sec: 1923.08 - lr: 0.000391 - momentum: 0.000000
2025-12-22 21:01:11,339 epoch 117 - iter 5/13 - loss 0.18102993 - time (sec): 1.95 - samples/sec: 1824.72 - lr: 0.000391 - momentum: 0.000000
2025-12-22 21:01:11,579 epoch 117 - iter 6/13 - loss 0.17962864 - time (sec): 2.19 - samples/sec: 1965.97 - lr: 0.000391 - momentum: 0.000000
2025-12-22 21:01:11,807 epoch 117 - iter 7/13 - loss 0.18645806 - time (sec): 2.41 - samples/sec: 2073.16 - lr: 0.000391 - momentum: 0.000000
2025-12-22 21:01:12,314 epoch 117 - iter 8/13 - loss 0.18569655 - time (sec): 2.92 - samples/sec: 2001.44 - lr: 0.000391 - momentum: 0.000000
2025-12-22 21:01:12,582 epoch 117 - iter 9/13 - loss 0.19015538 - time (sec): 3.19 - samples/sec: 2079.21 - lr: 0.000391 - momentum: 0.000000
2025-12-22 21:01:12,740 epoch 117 - iter 10/13 - loss 0.18736076 - time (sec): 3.35 - samples/sec: 2152.16 - lr: 0.000391 - momentum: 0.000000
2025-12-22 21:01:12,931 epoch 117 - iter 11/13 - loss 0.18645410 - time (sec): 3.54 - samples/sec: 2213.50 - lr: 0.000391 - momentum: 0.000000
2025-12-22 21:01:13,190 epoch 117 - iter 12/13 - loss 0.18568562 - time (sec): 3.80 - samples/sec: 2252.56 - lr: 0.000391 - momentum: 0.000000
2025-12-22 21:01:13,371 epoch 117 - iter 13/13 - loss 0.18791424 - time (sec): 3.98 - samples/sec: 2299.64 - lr: 0.000391 - momentum: 0.000000
2025-12-22 21:01:13,371 ----------------------------------------------------------------------------------------------------
2025-12-22 21:01:13,371 EPOCH 117 done: loss 0.1879 - lr: 0.000391
2025-12-22 21:01:13,839 DEV : loss 0.3950941860675812 - f1-score (micro avg)  0.9094
2025-12-22 21:01:13,840  - 4 epochs without improvement (above 'patience')-> annealing learning_rate to [0.0001953125]
2025-12-22 21:01:13,841 ----------------------------------------------------------------------------------------------------
2025-12-22 21:01:13,967 epoch 118 - iter 1/13 - loss 0.20156750 - time (sec): 0.13 - samples/sec: 4185.73 - lr: 0.000195 - momentum: 0.000000
2025-12-22 21:01:14,302 epoch 118 - iter 2/13 - loss 0.20461786 - time (sec): 0.46 - samples/sec: 3250.93 - lr: 0.000195 - momentum: 0.000000
2025-12-22 21:01:14,575 epoch 118 - iter 3/13 - loss 0.19717271 - time (sec): 0.73 - samples/sec: 3058.39 - lr: 0.000195 - momentum: 0.000000
2025-12-22 21:01:14,822 epoch 118 - iter 4/13 - loss 0.19053679 - time (sec): 0.98 - samples/sec: 2959.92 - lr: 0.000195 - momentum: 0.000000
2025-12-22 21:01:15,121 epoch 118 - iter 5/13 - loss 0.18842200 - time (sec): 1.28 - samples/sec: 2843.91 - lr: 0.000195 - momentum: 0.000000
2025-12-22 21:01:15,376 epoch 118 - iter 6/13 - loss 0.18676455 - time (sec): 1.53 - samples/sec: 2837.90 - lr: 0.000195 - momentum: 0.000000
2025-12-22 21:01:15,596 epoch 118 - iter 7/13 - loss 0.18408395 - time (sec): 1.75 - samples/sec: 2897.54 - lr: 0.000195 - momentum: 0.000000
2025-12-22 21:01:15,850 epoch 118 - iter 8/13 - loss 0.18583154 - time (sec): 2.01 - samples/sec: 2872.62 - lr: 0.000195 - momentum: 0.000000
2025-12-22 21:01:16,117 epoch 118 - iter 9/13 - loss 0.18558814 - time (sec): 2.28 - samples/sec: 2833.79 - lr: 0.000195 - momentum: 0.000000
2025-12-22 21:01:16,340 epoch 118 - iter 10/13 - loss 0.18820451 - time (sec): 2.50 - samples/sec: 2858.58 - lr: 0.000195 - momentum: 0.000000
2025-12-22 21:01:16,504 epoch 118 - iter 11/13 - loss 0.18924102 - time (sec): 2.66 - samples/sec: 2915.28 - lr: 0.000195 - momentum: 0.000000
2025-12-22 21:01:17,046 epoch 118 - iter 12/13 - loss 0.18987610 - time (sec): 3.21 - samples/sec: 2658.91 - lr: 0.000195 - momentum: 0.000000
2025-12-22 21:01:17,331 epoch 118 - iter 13/13 - loss 0.19003333 - time (sec): 3.49 - samples/sec: 2620.78 - lr: 0.000195 - momentum: 0.000000
2025-12-22 21:01:17,331 ----------------------------------------------------------------------------------------------------
2025-12-22 21:01:17,331 EPOCH 118 done: loss 0.1900 - lr: 0.000195
2025-12-22 21:01:17,853 DEV : loss 0.39507654309272766 - f1-score (micro avg)  0.9097
2025-12-22 21:01:17,854  - 1 epochs without improvement
2025-12-22 21:01:17,855 ----------------------------------------------------------------------------------------------------
2025-12-22 21:01:18,127 epoch 119 - iter 1/13 - loss 0.17101448 - time (sec): 0.27 - samples/sec: 2756.75 - lr: 0.000195 - momentum: 0.000000
2025-12-22 21:01:18,354 epoch 119 - iter 2/13 - loss 0.17653327 - time (sec): 0.50 - samples/sec: 2744.35 - lr: 0.000195 - momentum: 0.000000
2025-12-22 21:01:18,673 epoch 119 - iter 3/13 - loss 0.18666763 - time (sec): 0.82 - samples/sec: 2657.09 - lr: 0.000195 - momentum: 0.000000
2025-12-22 21:01:18,953 epoch 119 - iter 4/13 - loss 0.19039297 - time (sec): 1.10 - samples/sec: 2785.61 - lr: 0.000195 - momentum: 0.000000
2025-12-22 21:01:19,131 epoch 119 - iter 5/13 - loss 0.18700313 - time (sec): 1.28 - samples/sec: 2897.25 - lr: 0.000195 - momentum: 0.000000
2025-12-22 21:01:19,721 epoch 119 - iter 6/13 - loss 0.18853504 - time (sec): 1.87 - samples/sec: 2443.10 - lr: 0.000195 - momentum: 0.000000
2025-12-22 21:01:19,964 epoch 119 - iter 7/13 - loss 0.19287091 - time (sec): 2.11 - samples/sec: 2484.07 - lr: 0.000195 - momentum: 0.000000
2025-12-22 21:01:20,212 epoch 119 - iter 8/13 - loss 0.19190487 - time (sec): 2.36 - samples/sec: 2525.52 - lr: 0.000195 - momentum: 0.000000
2025-12-22 21:01:20,414 epoch 119 - iter 9/13 - loss 0.19078012 - time (sec): 2.56 - samples/sec: 2563.78 - lr: 0.000195 - momentum: 0.000000
2025-12-22 21:01:20,719 epoch 119 - iter 10/13 - loss 0.18929287 - time (sec): 2.86 - samples/sec: 2513.02 - lr: 0.000195 - momentum: 0.000000
2025-12-22 21:01:21,168 epoch 119 - iter 11/13 - loss 0.18859356 - time (sec): 3.31 - samples/sec: 2403.29 - lr: 0.000195 - momentum: 0.000000
2025-12-22 21:01:21,546 epoch 119 - iter 12/13 - loss 0.18823808 - time (sec): 3.69 - samples/sec: 2326.14 - lr: 0.000195 - momentum: 0.000000
2025-12-22 21:01:21,786 epoch 119 - iter 13/13 - loss 0.18855242 - time (sec): 3.93 - samples/sec: 2327.07 - lr: 0.000195 - momentum: 0.000000
2025-12-22 21:01:21,786 ----------------------------------------------------------------------------------------------------
2025-12-22 21:01:21,786 EPOCH 119 done: loss 0.1886 - lr: 0.000195
2025-12-22 21:01:23,905 DEV : loss 0.39505258202552795 - f1-score (micro avg)  0.9097
2025-12-22 21:01:23,906  - 2 epochs without improvement
2025-12-22 21:01:23,906 ----------------------------------------------------------------------------------------------------
2025-12-22 21:01:24,221 epoch 120 - iter 1/13 - loss 0.21909661 - time (sec): 0.31 - samples/sec: 2155.81 - lr: 0.000195 - momentum: 0.000000
2025-12-22 21:01:24,574 epoch 120 - iter 2/13 - loss 0.19670867 - time (sec): 0.67 - samples/sec: 2128.04 - lr: 0.000195 - momentum: 0.000000
2025-12-22 21:01:24,843 epoch 120 - iter 3/13 - loss 0.21543826 - time (sec): 0.94 - samples/sec: 2309.40 - lr: 0.000195 - momentum: 0.000000
2025-12-22 21:01:25,105 epoch 120 - iter 4/13 - loss 0.20580876 - time (sec): 1.20 - samples/sec: 2512.86 - lr: 0.000195 - momentum: 0.000000
2025-12-22 21:01:25,451 epoch 120 - iter 5/13 - loss 0.20329746 - time (sec): 1.54 - samples/sec: 2303.99 - lr: 0.000195 - momentum: 0.000000
2025-12-22 21:01:26,052 epoch 120 - iter 6/13 - loss 0.20321743 - time (sec): 2.15 - samples/sec: 2065.25 - lr: 0.000195 - momentum: 0.000000
2025-12-22 21:01:26,260 epoch 120 - iter 7/13 - loss 0.20036462 - time (sec): 2.35 - samples/sec: 2144.80 - lr: 0.000195 - momentum: 0.000000
2025-12-22 21:01:26,573 epoch 120 - iter 8/13 - loss 0.19698197 - time (sec): 2.67 - samples/sec: 2138.47 - lr: 0.000195 - momentum: 0.000000
2025-12-22 21:01:26,778 epoch 120 - iter 9/13 - loss 0.19466952 - time (sec): 2.87 - samples/sec: 2215.74 - lr: 0.000195 - momentum: 0.000000
2025-12-22 21:01:27,029 epoch 120 - iter 10/13 - loss 0.19614035 - time (sec): 3.12 - samples/sec: 2293.19 - lr: 0.000195 - momentum: 0.000000
2025-12-22 21:01:27,238 epoch 120 - iter 11/13 - loss 0.19765606 - time (sec): 3.33 - samples/sec: 2363.70 - lr: 0.000195 - momentum: 0.000000
2025-12-22 21:01:27,456 epoch 120 - iter 12/13 - loss 0.20032084 - time (sec): 3.55 - samples/sec: 2404.76 - lr: 0.000195 - momentum: 0.000000
2025-12-22 21:01:27,654 epoch 120 - iter 13/13 - loss 0.19744621 - time (sec): 3.75 - samples/sec: 2440.43 - lr: 0.000195 - momentum: 0.000000
2025-12-22 21:01:27,654 ----------------------------------------------------------------------------------------------------
2025-12-22 21:01:27,654 EPOCH 120 done: loss 0.1974 - lr: 0.000195
2025-12-22 21:01:28,114 DEV : loss 0.39508575201034546 - f1-score (micro avg)  0.9097
2025-12-22 21:01:28,114  - 3 epochs without improvement
2025-12-22 21:01:28,115 ----------------------------------------------------------------------------------------------------
2025-12-22 21:01:28,431 epoch 121 - iter 1/13 - loss 0.18254174 - time (sec): 0.32 - samples/sec: 2171.57 - lr: 0.000195 - momentum: 0.000000
2025-12-22 21:01:28,879 epoch 121 - iter 2/13 - loss 0.17799033 - time (sec): 0.76 - samples/sec: 1891.52 - lr: 0.000195 - momentum: 0.000000
2025-12-22 21:01:29,066 epoch 121 - iter 3/13 - loss 0.17940468 - time (sec): 0.95 - samples/sec: 2237.37 - lr: 0.000195 - momentum: 0.000000
2025-12-22 21:01:29,306 epoch 121 - iter 4/13 - loss 0.17916260 - time (sec): 1.19 - samples/sec: 2283.38 - lr: 0.000195 - momentum: 0.000000
2025-12-22 21:01:29,557 epoch 121 - iter 5/13 - loss 0.17740987 - time (sec): 1.44 - samples/sec: 2440.24 - lr: 0.000195 - momentum: 0.000000
2025-12-22 21:01:30,185 epoch 121 - iter 6/13 - loss 0.18262242 - time (sec): 2.07 - samples/sec: 2074.34 - lr: 0.000195 - momentum: 0.000000
2025-12-22 21:01:30,489 epoch 121 - iter 7/13 - loss 0.18456373 - time (sec): 2.37 - samples/sec: 2123.68 - lr: 0.000195 - momentum: 0.000000
2025-12-22 21:01:30,647 epoch 121 - iter 8/13 - loss 0.18311791 - time (sec): 2.53 - samples/sec: 2201.78 - lr: 0.000195 - momentum: 0.000000
2025-12-22 21:01:30,929 epoch 121 - iter 9/13 - loss 0.18417381 - time (sec): 2.81 - samples/sec: 2196.92 - lr: 0.000195 - momentum: 0.000000
2025-12-22 21:01:31,247 epoch 121 - iter 10/13 - loss 0.18307451 - time (sec): 3.13 - samples/sec: 2220.69 - lr: 0.000195 - momentum: 0.000000
2025-12-22 21:01:31,510 epoch 121 - iter 11/13 - loss 0.18022036 - time (sec): 3.39 - samples/sec: 2258.75 - lr: 0.000195 - momentum: 0.000000
2025-12-22 21:01:31,828 epoch 121 - iter 12/13 - loss 0.18202315 - time (sec): 3.71 - samples/sec: 2253.20 - lr: 0.000195 - momentum: 0.000000
2025-12-22 21:01:32,112 epoch 121 - iter 13/13 - loss 0.18171653 - time (sec): 4.00 - samples/sec: 2288.58 - lr: 0.000195 - momentum: 0.000000
2025-12-22 21:01:32,113 ----------------------------------------------------------------------------------------------------
2025-12-22 21:01:32,113 EPOCH 121 done: loss 0.1817 - lr: 0.000195
2025-12-22 21:01:32,616 DEV : loss 0.3949669897556305 - f1-score (micro avg)  0.9097
2025-12-22 21:01:32,617  - 4 epochs without improvement (above 'patience')-> annealing learning_rate to [9.765625e-05]
2025-12-22 21:01:32,617 ----------------------------------------------------------------------------------------------------
2025-12-22 21:01:32,617 learning rate too small - quitting training!
2025-12-22 21:01:32,617 ----------------------------------------------------------------------------------------------------
2025-12-22 21:01:32,618 Saving model ...
2025-12-22 21:01:32,643 Done.
2025-12-22 21:01:32,645 ----------------------------------------------------------------------------------------------------
2025-12-22 21:01:32,646 Loading model from best epoch ...
2025-12-22 21:01:32,676 [b'<unk>', b'\xe2\x96\x81', b',', b'\xe2\x96\x81.', b'\xd0\xbd\xd1\x8b', b'\xd3\xa7', b'\xd3\xa7\xd0\xbd', b'\xd1\x8b\xd1\x81', b'\xd0\xb0', b'\xd1\x81', b'\xd1\x8b\xd0\xbd', b'\xe2\x96\x81\xd0\xb4\xd0\xb0', b'\xd1\x8b\xd1\x81\xd1\x8c', b'\xd1\x8a\xd1\x8f\xd1\x81', b'\xd1\x81\xd3\xa7', b'\xe2\x96\x81\xd0\xb8', b'\xd0\xb0\xd1\x81', b'\xe2\x96\x81...', b'-', b'\xe2\x80\x94', b'\xd0\xbb\xd3\xa7\xd0\xbd', b'\xd1\x96', b'\xd0\xbc', b'\xd1\x8f\xd1\x81', b'\xd1\x81\xd0\xb0', b'\xd3\xa7\xd1\x81', b'\xd0\xba\xd3\xa7', b'\xe2\x96\x81\xd0\xbd\xd0\xb8\xd0\xbd', b'\xe2\x96\x81\xd0\xb2\xd1\x8b\xd0\xbb\xd3\xa7', b'\xd0\xb8', b'\xe2\x96\x81\xd0\xbc\xd1\x8b\xd0\xb9', b'\xd0\xb8\xd1\x81', b'\xd1\x8b\xd0\xb4', b'\xd0\xb2', b'\xd3\xa7\xd1\x81\xd1\x8c', b'\xe2\x96\x81\xd1\x8d\xd0\xb7', b'\xd0\xbd', b'\xe2\x96\x81\xd1\x81\xd1\x96\xd0\xb9\xd3\xa7', b'\xd0\xb6\xd3\xa7', b'\xe2\x96\x81\xd0\xb2\xd3\xa7\xd0\xbb', b'\xe2\x96\x81\xd0\xb2\xd0\xbe', b'\xe2\x96\x81\xd0\xbd\xd0\xb5', b'\xd0\xbb\xd1\x96\xd1\x81', b'\xd1\x82\xd3\xa7\xd0\xbc', b'\xd3\xa7\xd0\xbc', b'\xe2\x96\x81?', b'\xe2\x96\x81\xd0\xbe\xd0\xb7', b'\xe2\x96\x81\xd0\xbd\xd0\xb0', b'\xe2\x96\x81\xd0\x9a', b'\xd0\xbb\xd1\x8b\xd1\x81\xd1\x8c', b'\xe2\x96\x81\xd0\xba\xd3\xa7', b'\xd1\x96\xd1\x81', b'\xd0\xba\xd3\xa7\xd0\xb9', b'\xe2\x96\x81\xd1\x81\xd1\x82\xd0\xb0\xd0\xb2', b'\xe2\x96\x81!', b'\xd0\xbb\xd1\x8b', b'\xd0\xb4', b'\xe2\x96\x81\xd1\x81\xd1\x8b', b'\xe2\x96\x81\xd1\x8d', b'\xe2\x96\x81\xd0\xb1\xd3\xa7\xd1\x80', b'\xd0\xbb\xd0\xb0', b'\xd0\xb3', b'\xe2\x96\x81\xd0\xbb\xd0\xbe', b'\xd0\xba', b'\xd0\xb4\xd0\xb6\xd1\x8b\xd0\xba', b'\xd3\xa7\xd0\xb9', b'\xe2\x96\x81\xd1\x81\xd3\xa7', b'\xd0\xbc\xd1\x8b\xd0\xbd', b'\xe2\x96\x81\xd0\xba\xd0\xbe\xd0\xb4', b'\xe2\x96\x81\xd0\xba\xd0\xbe\xd1\x80', b'\xd1\x8f', b'\xd1\x82\xd3\xa7\xd0\xb3', b'\xe2\x96\x81\xd0\x98', b'\xd0\xb8\xd0\xba', b'\xe2\x96\x81\xd1\x82\xd0\xb0\xd0\xb9\xd3\xa7', b'\xe2\x96\x81\xd0\xb8\xd0\xb4\xd1\x80\xd0\xb0\xd0\xbb\xd3\xa7\xd0\xbc', b'\xd3\xa7\xd0\xb4\xd0\xb7', b'\xd0\xbd\xd3\xa7\xd0\xb9', b'\xe2\x96\x81\xd0\xb7\xd1\x8d', b'\xe2\x96\x81\xd0\xbf\xd1\x83', b'\xe2\x96\x81\xd0\xb2\xd1\x8b\xd0\xbb', b'\xe2\x96\x81\xd0\xb2\xd1\x8b\xd0\xbb\xd1\x8b\xd0\xbd', b'\xe2\x96\x81\xd0\x9d\xd0\xbe', b'\xd1\x8b\xd0\xbd\xd1\x8b', b'\xe2\x96\x81\xd0\xb4\xd1\x96\xd0\xbd', b'\xe2\x96\x81\xd0\xbc\xd0\xb5\xd0\xb4', b'\xd1\x81\xd1\x8f', b'\xe2\x96\x81\xd0\xa1', b'\xd1\x82\xd3\xa7', b'\xd0\xbb\xd0\xb0\xd0\xbd\xd1\x8c', b'\xd1\x88', b'\xd1\x81\xd1\x8c', b'\xe2\x96\x81\xd0\xbc\xd0\xb8\xd1\x8f\xd0\xbd', b'\xd0\xb0\xd0\xbd', b'\xd0\xb7', b'\xe2\x96\x81\xd1\x8b\xd0\xb4\xd0\xb6\xd1\x8b\xd0\xb4', b'\xe2\x96\x81\xd0\x92', b'\xe2\x96\x81\xd1\x83\xd0\xbd\xd0\xb0', b'\xe2\x96\x81\xd0\xb2\xd0\xb0', b'\xe2\x96\x81\xd1\x83\xd0\xb4\xd0\xb6', b'\xe2\x96\x81\xd1\x81\xd1\x8d\xd1\x82\xd1\x88\xd3\xa7\xd0\xbc', b'\xe2\x96\x81\xd0\xbd\xd0\xbe', b'\xe2\x96\x81\xd0\xbd\xd3\xa7', b'\xe2\x96\x81\xd0\x90', b'\xe2\x96\x81\xd0\x9a\xd1\x8b', b'\xe2\x96\x81\xd0\xb4\xd0\xb7\xd0\xb8\xd0\xba', b'\xe2\x96\x81\xd1\x88\xd1\x83', b'\xe2\x96\x81\xd1\x83\xd1\x80\xd0\xbe\xd0\xb6\xd0\xb0\xd0\xb9', b'\xe2\x96\x81\xd1\x8e', b'\xd0\xbd\xd1\x96', b'\xe2\x96\x81\xd0\xb2\xd0\xb5\xd1\x80\xd0\xbc\xd1\x8b', b'\xd3\xa7\xd0\xbc\xd0\xb0', b'\xd0\xba\xd3\xa7\xd0\xb4', b'\xe2\x96\x81\xd0\xbc\xd1\x83', b'\xe2\x96\x81\xd0\x9f', b'\xe2\x96\x81\xd0\x94', b'\xe2\x96\x81\xd1\x82\xd3\xa7\xd0\xb4', b'\xe2\x96\x81\xd0\xba\xd1\x8b\xd0\xb4\xd0\xb7', b'\xe2\x96\x81\xd0\xbf\xd1\x8b\xd1\x80', b'\xe2\x96\x81\xd0\xb2\xd0\xb5', b'\xd0\xbb', b'\xe2\x96\x81\xd0\xb2\xd3\xa7\xd0\xb2', b'\xe2\x96\x81\xd0\xb2\xd3\xa7\xd1\x80', b'\xd1\x80', b'\xd0\xba\xd0\xb0', b'\xe2\x96\x81\xd1\x91\xd0\xbd', b'\xe2\x96\x81\xd0\xbb\xd1\x83\xd0\xbd', b'\xe2\x96\x81\xd0\xa2\xd0\xb0\xd0\xb9\xd3\xa7', b'\xd1\x82\xd0\xbe\xd1\x80', b'\xe2\x96\x81\xd0\xb1', b'\xe2\x96\x81\xd0\xb1\xd1\x8b\xd0\xb4', b'\xd1\x81\xd1\x82', b'\xe2\x96\x81\xd0\xbc\xd0\xb5', b'\xe2\x96\x81\xd3\xa7\xd1\x82\xd0\xb8', b'\xd3\xa7\xd0\xb4\xd1\x96\xd1\x81', b'\xe2\x96\x81\xd0\xba\xd1\x8b', b'\xe2\x96\x81\xd1\x8e\xd1\x80', b'\xe2\x96\x81\xd0\xbc\xd3\xa7\xd0\xb4', b'\xd1\x82\xd1\x96', b'\xe2\x96\x81\xd0\xba\xd1\x83', b'\xe2\x96\x81\xd0\x9c\xd1\x8b\xd0\xb9', b'\xe2\x96\x81\xd1\x88\xd0\xbe\xd0\xbd\xd0\xb4\xd1\x96', b'\xe2\x96\x81\xd0\xba\xd0\xbe\xd0\xbb', b'\xd1\x8e', b'\xd0\xbe\xd0\xb2', b'\xe2\x96\x81\xd1\x81', b'\xd0\xbd\xd1\x8b\xd1\x81', b'\xe2\x96\x81\xd0\xb8\xd1\x87\xd3\xa7\xd1\x82', b'\xd3\xa7\xd0\xb4\xd3\xa7\xd0\xbc', b'\xd0\xbb\xd1\x83\xd0\xbd', b'\xd0\xb9', b'\xe2\x96\x81\xd0\xb0\xd1\x81', b'\xe2\x96\x81\xd1\x87\xd0\xb5\xd1\x80\xd0\xb8', b'\xe2\x96\x81\xd1\x81\xd1\x8d', b'\xd1\x81\xd1\x81\xd1\x8f', b'\xe2\x96\x81\xd0\xb2\xd0\xbe\xd0\xb4\xd0\xb7', b'\xd0\xb0\xd0\xb2\xd0\xbd\xd1\x8b', b'\xe2\x96\x81\xd0\xb2\xd0\xb8\xd0\xb4\xd0\xb7\xd3\xa7\xd0\xb4', b'\xd0\xbb\xd1\x96', b'\xe2\x96\x81\xd0\xb3\xd0\xbe\xd1\x80', b'\xe2\x96\x81\xd0\xbc\xd0\xbe\xd0\xb7', b'\xe2\x96\x81\xd0\xba\xd0\xb8', b'\xe2\x96\x81\xd0\xba\xd0\xb5\xd1\x80\xd0\xba\xd0\xb0', b'\xd0\xb0\xd0\xb4', b'\xd0\xbd\xd0\xb0\xd1\x81', b'\xe2\x96\x81\xd0\xba', b'\xe2\x96\x81\xd1\x82\xd1\x8d', b'\xe2\x96\x81\xd0\xba\xd0\xbe\xd0\xbb\xd1\x85\xd0\xbe\xd0\xb7\xd1\x8a\xd1\x8f\xd1\x81', b'\xd1\x81\xd1\x8f\xd0\xbd\xd1\x8c', b'\xd1\x8f\xd0\xbd', b'\xd0\xb5\xd0\xbd\xd1\x82', b'\xe2\x96\x81\xd0\xb2\xd0\xb8\xd0\xb4\xd0\xb7', b'\xe2\x96\x81\xd0\xb9\xd1\x8b\xd0\xbb', b'\xe2\x96\x81\xd1\x81\xd0\xb8\xd0\xba\xd1\x82', b'\xe2\x96\x81\xd0\xb2\xd3\xa7\xd1\x81\xd0\xbd\xd0\xb0', b'\xe2\x96\x81\xd0\x9e', b'\xd0\xb0\xd0\xbc', b'\xe2\x96\x81\xd0\xbe\xd1\x80\xd0\xb4', b'\xd0\xbe\xd0\xb3', b'\xe2\x96\x81\xd0\x9c\xd0\xb5', b'\xe2\x96\x81\xd0\x92\xd0\xbe', b'\xe2\x96\x81\xd0\xad', b'\xd0\xb6', b'\xd0\xb2\xd0\xb0', b'\xe2\x96\x81\xd0\xba\xd0\xbe\xd0\xb4\xd1\x8c', b'\xe2\x96\x81\xd0\x92\xd0\xb0', b'\xe2\x96\x81\xd0\xb2\xd0\xbe\xd0\xb9', b'\xd1\x82\xd1\x8a\xd1\x8f\xd1\x81', b'\xe2\x96\x81\xd0\xba\xd0\xbe\xd0\xba', b'\xd0\xbb\xd1\x8c', b'\xd0\xbb\xd3\xa7\xd0\xbc\xd0\xb0', b'\xe2\x96\x81\xd0\xb2\xd0\xb0\xd0\xb6', b'\xe2\x96\x81\xd1\x82\xd1\x83\xd1\x80\xd1\x83\xd0\xbd', b'\xe2\x96\x81\xd0\xba\xd1\x8b\xd0\xba', b'\xe2\x96\x81\xd0\xbc\xd1\x83\xd0\xba\xd3\xa7\xd0\xb4', b'\xe2\x96\x81\xd0\x91', b'\xd0\xbb\xd3\xa7', b'\xd0\xb0\xd1\x8f\xd1\x81', b'\xe2\x96\x81\xd0\xbf', b'\xd1\x87', b'\xe2\x96\x81\xd0\xbd\xd0\xb0\xd0\xb9\xd3\xa7', b'\xd0\xbf', b'\xe2\x96\x81\xd0\xbd\xd0\xb8', b'\xd1\x81\xd1\x8c\xd0\xba\xd3\xa7', b'\xe2\x96\x81\xd1\x82\xd0\xbe\xd0\xbc', b'\xe2\x96\x81\xd0\xbf\xd0\xbe', b'\xd1\x88\xd1\x82\xd0\xb0', b'\xd1\x81\xd0\xb8\xd0\xb3', b'\xe2\x96\x81\xd0\xb2\xd1\x8b\xd0\xb2', b'\xe2\x96\x81\xd0\xbf\xd0\xbe\xd0\xb6\xd3\xa7\xd0\xbc', b'\xe2\x96\x81\xd1\x8f\xd0\xb3', b'\xe2\x96\x81\xd0\xb4\xd1\x80\xd1\x83\xd0\xb3', b'\xe2\x96\x81\xd0\xb1\xd0\xbe\xd0\xba', b'\xe2\x96\x81\xd3\xa7\xd0\xb4\xd0\xb9\xd3\xa7', b'\xe2\x96\x81\xd0\xb1\xd1\x83\xd1\x80\xd0\xb0', b'\xd0\xba\xd0\xbe\xd0\xb4\xd1\x8c', b'\xd0\xb0\xd1\x80\xd0\xb0', b'\xe2\x96\x81\xd0\xb1\xd1\x8b\xd1\x82\xd1\x82\xd1\x8c\xd3\xa7', b'\xe2\x96\x81\xd0\xa2\xd0\xb0', b'\xe2\x96\x81\xd0\xb3\xd0\xb0', b'\xe2\x96\x81\xd0\xbc\xd0\xbe\xd1\x80\xd1\x82', b'\xe2\x96\x81\xd0\x9a\xd1\x8b\xd0\xb4\xd0\xb7', b'\xe2\x96\x81\xd0\xb7\xd0\xb0', b'\xd1\x8c\xd1\x8f\xd1\x81', b'\xd0\xbb\xd3\xa7\xd0\xbc', b'\xe2\x96\x81\xd0\xba\xd0\xb0', b'\xd1\x82\xd1\x96\xd1\x81', b'\xe2\x96\x81\xd0\xba\xd0\xbe', b'\xe2\x96\x81\xd0\xbc\xd1\x8b', b'\xd0\xbd\xd1\x8b\xd0\xbc', b'\xe2\x96\x81\xd0\x9c\xd0\xb8', b'\xd0\xbc\xd0\xb0', b'\xe2\x96\x81\xd0\xb1\xd1\x83\xd1\x80', b'\xe2\x96\x81\xd0\x92\xd0\xb0\xd0\xbd\xd1\x8c\xd3\xa7', b'A', b'\xd1\x83\xd1\x80', b'\xe2\x96\x81\xd0\xb2\xd0\xbe\xd0\xb8\xd1\x81', b'\xe2\x96\x81\xd1\x82\xd0\xb0', b'\xe2\x96\x81\xd0\xb3', b'\xe2\x96\x81\xd0\xb7', b'\xe2\x96\x81\xd0\xa3', b'\xe2\x96\x81\xd0\xbb\xd1\x8b\xd0\xb4', b'\xe2\x96\x81\xd0\xbf\xd1\x80\xd0\xb5\xd0\xb4\xd1\x81\xd0\xb5\xd0\xb4\xd0\xb0\xd1\x82\xd0\xb5\xd0\xbb\xd1\x8c\xd1\x8f\xd1\x81', b'\xe2\x96\x81\xd1\x81\xd1\x96\xd0\xb4\xd0\xb7', b'\xe2\x96\x81\xd1\x91\xd1\x80\xd1\x82', b'\xe2\x96\x81\xd1\x83', b'\xe2\x96\x81\xd0\xbc\xd1\x83\xd0\xbd', b'\xe2\x96\x81\xd0\x9d', b'\xd1\x84\xd0\xb5\xd1\x80', b'\xe2\x96\x81\xd0\xb6\xd0\xb0\xd0\xbb\xd0\xb8\xd1\x82', b'\xd1\x82', b'\xe2\x96\x81\xd0\xbc\xd0\xb5\xd0\xbd', b'\xe2\x96\x81\xd0\xba\xd1\x83\xd1\x82\xd1\x88\xd3\xa7\xd0\xbc', b'\xd0\xb4\xd0\xb7', b'\xd0\xb4\xd0\xbe\xd1\x80\xd3\xa7', b'\xd1\x82\xd1\x8c', b'\xe2\x96\x81\xd1\x82\xd3\xa7\xd0\xb2', b'\xd0\xbb\xd0\xb0\xd1\x81', b'\xe2\x96\x81\xd0\xba\xd1\x83\xd1\x82\xd1\x96\xd1\x81', b'\xd0\xb4\xd0\xb0', b'\xe2\x96\x81\xd1\x81\xd0\xb8\xd0\xbd', b'\xe2\x96\x81\xd0\xb7\xd1\x8d\xd1\x80', b'\xd0\xb4\xd0\xbe\xd1\x80', b'\xd0\xb9\xd3\xa7\xd0\xbd', b'\xe2\x96\x81\xd1\x87\xd1\x83\xd0\xba\xd3\xa7\xd1\x80', b'\xe2\x96\x81\xd0\xb3\xd0\xbe\xd1\x80\xd1\x82', b'\xd1\x96\xd0\xb9\xd3\xa7', b'\xe2\x96\x81\xd0\xa1\xd1\x8d', b'\xe2\x96\x81\xd0\xbf\xd0\xb8\xd0\xbf\xd1\x83', b'\xe2\x96\x81\xd0\xba\xd1\x83\xd1\x82', b'\xe2\x96\x81\xd0\x90\xd1\x81', b'\xe2\x96\x81\xd1\x82\xd0\xb0\xd1\x82\xd1\x88\xd3\xa7\xd0\xbc', b'\xe2\x96\x81\xd0\x9d\xd0\xb5', b'\xe2\x96\x81\xd0\xb0\xd0\xb1\xd1\x83', b'\xe2\x96\x81\xd0\x92\xd0\xbe\xd1\x80\xd0\xbe\xd1\x88\xd0\xb8\xd0\xbb\xd0\xbe\xd0\xb2', b'\xe2\x96\x81\xd0\xbb\xd0\xbe\xd0\xb8', b'\xd0\xbd\xd1\x8f', b'\xd0\xb3\xd0\xb0', b'\xe2\x96\x81\xd1\x88\xd0\xbe', b'\xe2\x96\x81\xd1\x81\xd1\x8b\xd0\xbb\xd1\x8b', b'\xe2\x96\x81\xd0\xbc\xd0\xb5\xd1\x81\xd1\x82\xd0\xb0', b'\xe2\x96\x81\xd0\xb4\xd0\xbe\xd1\x80', b'\xd0\xbc\xd3\xa7\xd0\xbc', b'a', b'\xe2\x96\x81\xd1\x81\xd0\xb0\xd0\xb9', b'\xd0\xb2\xd0\xbe', b'\xe2\x96\x81\xd1\x80\xd0\xb0\xd0\xb9\xd0\xbe\xd0\xbd', b'\xd0\xbc\xd1\x83\xd0\xbd\xd3\xa7', b'\xd0\xbe', b'\xd1\x83', b'\xe2\x96\x81\xd0\xb2\xd1\x8b\xd0\xbd', b'\xd0\xb5\xd0\xbb\xd1\x8c', b'\xd1\x8c', b'\xe2\x96\x81\xd0\xba\xd0\xb5\xd0\xb6', b'\xe2\x96\x81\xd0\xba\xd1\x83\xd0\xbb\xd1\x8c', b'\xe2\x96\x81\xd0\xbb\xd0\xb8', b'\xd0\xb1\xd3\xa7', b'\xe2\x96\x81\xd0\xbf\xd0\xbb\xd0\xb0', b'\xd1\x87\xd0\xb5\xd1\x81', b'\xd1\x83\xd0\xb9\xd1\x82', b'\xe2\x96\x81\xd0\xb2\xd0\xb8\xd1\x87\xd1\x87\xd1\x8b\xd1\x81\xd1\x8c', b'\xe2\x96\x81\xd1\x82\xd1\x8b\xd1\x80', b'\xd0\xb8\xd1\x82', b'\xd0\xb5\xd0\xb9', b'\xe2\x96\x81\xd1\x88\xd0\xb5', b'\xd1\x82\xd0\xbd\xd1\x8b', b'\xe2\x96\x81\xd1\x81\xd1\x8d\xd0\xba', b'\xd0\xbe\xd0\xbd', b'\xd0\xb2\xd3\xa7\xd0\xb9', b'\xe2\x96\x81\xd0\xbd\xd0\xb8\xd0\xbc', b'\xd1\x8b', b'\xe2\x96\x81\xd0\xa8\xd0\xbe', b'\xd3\xa7\xd0\xb4', b'\xe2\x96\x81\xd0\x9c\xd0\xb5\xd0\xb4', b'\xe2\x96\x81\xd0\xb2\xd0\xb5\xd1\x81\xd1\x8c', b'\xe2\x96\x81\xd0\x9b\xd0\xbe', b'\xe2\x96\x81\xd1\x82\xd1\x88\xd3\xa7\xd1\x82', b'\xe2\x96\x81\xd0\xbe\xd1\x80', b'\xe2\x96\x81\xd1\x82\xd1\x83\xd0\xb9', b'\xe2\x96\x81\xd0\xbf\xd0\xb0', b'\xd1\x82\xd1\x8b\xd1\x81\xd1\x8c', b'\xd0\xba\xd0\xbd\xd1\x8c\xd1\x8b\xd0\xb4\xd0\xb8\xd0\xba', b'\xd0\xbb\xd0\xb8', b'\xd0\xbd\xd0\xb0', b'\xd0\xb4\xd1\x8b\xd1\x80\xd0\xb9\xd0\xb8', b'\xe2\x96\x81\xd1\x81\xd1\x8c\xd3\xa7\xd0\xba\xd1\x8b\xd0\xb4', b'\xe2\x96\x81\xd0\xb2\xd1\x8b\xd0\xbb\xd1\x8c', b'\xe2\x96\x81\xd0\xa0', b'\xe2\x96\x81\xd0\xbc\xd0\xb0\xd1\x88\xd0\xb8\xd0\xbd\xd0\xb0', b'\xe2\x96\x81\xd0\xb5\xd0\xb4\xd0\xb6', b'\xe2\x96\x81\xd0\xbf\xd0\xbe\xd0\xbd\xd0\xb4', b':', b'\xc2\xab', b'\xc2\xbb', b'\xd1\x8a\xd1\x8f', b'\xd3\xa7\xd0\xb4\xd1\x8b\xd1\x81', b'\xe2\x96\x81\xd0\xb0\xd0\xb4\xd0\xb4\xd0\xb7\xd1\x8b', b'\xe2\x96\x81\xd0\xb1\xd0\xb5\xd1\x80\xd0\xb5\xd0\xb3', b'\xe2\x96\x81\xd1\x82\xd1\x83', b'\xd0\xba\xd1\x82\xd0\xb0', b'\xe2\x96\x81\xd1\x8e\xd0\xb3\xd1\x8b\xd0\xb4', b'\xe2\x96\x81\xd1\x81\xd0\xb8\xd0\xbd\xd1\x8a\xd1\x8f\xd1\x81', b'\xe2\x96\x81\xd0\xbf\xd0\xb8', b'\xe2\x96\x81\xd0\xbd\xd1\x83', b'\xe2\x96\x81\xd0\xbf\xd0\xbe\xd0\xbd', b'\xd1\x8b\xd1\x81\xd1\x8c\xd1\x8f\xd1\x81', b'\xe2\x96\x81\xd1\x81\xd0\xb8\xd0\xbd\xd0\xbc', b'\xe2\x96\x81\xd0\xb2\xd0\xbe\xd0\xbc', b'\xe2\x96\x81\xd3\xa6\xd1\x82\xd0\xb8', b'\xe2\x96\x81\xd1\x83\xd0\xbd', b'\xe2\x96\x811', b'\xe2\x96\x81\xd0\xb2\xd1\x8b', b'\xe2\x96\x81\xd0\xbd\xd1\x83\xd3\xa7\xd0\xb4', b'\xd0\xba\xd1\x83\xd1\x82\xd1\x88\xd3\xa7\xd0\xbc', b'\xd1\x80\xd3\xa7\xd1\x87', b'\xe2\x80\x93', b'\xd0\xb8\xd0\xb3', b'\xe2\x96\x81\xd0\xbd\xd0\xb5\xd0\xba\xd0\xbe\xd0\xb4', b'\xe2\x96\x81\xd0\xbe\xd0\xbb\xd3\xa7\xd0\xbc\xd3\xa7', b'\xd3\xa7\xd0\xb4\xd0\xbd\xd1\x8b', b'\xe2\x96\x81\xd0\xbc\xd0\xb0\xd1\x88\xd0\xb8\xd0\xbd\xd0\xb0\xd1\x8f\xd1\x81', b'\xe2\x96\x81\xd3\xa7\xd1\x82', b'\xe2\x96\x81\xd1\x87\xd3\xa7\xd0\xb6', b'\xd1\x8b\xd0\xbb\xd1\x8c', b'\xe2\x96\x81\xd0\xbe\xd0\xbb\xd3\xa7\xd0\xbc', b'\xd0\xb3\xd3\xa7\xd0\xbd', b'\xe2\x96\x81\xd0\xba\xd0\xbe\xd0\xb2', b'\xe2\x96\x81\xd0\x91\xd1\x8b\xd0\xb4', b'\xe2\x96\x81\xd0\xbd\xd1\x8f\xd0\xbd\xd1\x8c', b'\xd0\xbc\xd0\xb0\xd1\x81', b'\xe2\x96\x81\xd0\xbf\xd0\xb0\xd1\x81\xd1\x8c\xd0\xba\xd1\x8b\xd0\xb4', b'\xd0\xb8\xd1\x82\xd1\x96\xd1\x81', b'\xe2\x96\x81\xd1\x88\xd1\x83\xd0\xb4', b'\xe2\x96\x81\xd1\x81\xd1\x82\xd1\x80\xd0\xb0\xd0\xbd\xd0\xb0', b'\xd0\xb0\xd0\xb9\xd1\x82\xd0\xb0', b'\xd1\x81\xd0\xbd\xd1\x8b', b'\xd0\xbd\xd0\xbd\xd3\xa7\xd0\xb9', b'\xe2\x96\x81\xd0\xb4\xd0\xb5\xd1\x80', b'\xd1\x8b\xd0\xbb\xd1\x8b\xd0\xbd', b'\xe2\x96\x81\xd0\x95', b'\xe2\x96\x81\xd1\x81\xd1\x8b\xd0\xbd\xd3\xa7\xd0\xb4', b'\xe2\x96\x81\xd0\x92\xd0\xb5', b'\xe2\x96\x81\xd0\xbc\xd0\xb8', b'\xe2\x96\x81\xd0\xba\xd0\xb0\xd0\xb4', b'\xd1\x8b\xd0\xb4\xd0\xb6\xd1\x8b\xd0\xb4', b'\xd0\xbb\xd0\xb0\xd0\xb2', b'\xe2\x96\x81\xd0\xb2\xd0\xb5\xd1\x81\xd1\x8c\xd1\x82', b'\xe2\x96\x81\xd1\x82\xd1\x8b\xd0\xb4\xd0\xbe\xd0\xb2\xd1\x82\xd1\x87\xd0\xb8\xd1\x81', b'\xe2\x96\x81\xd0\x9f\xd0\xb5', b'\xd0\xbe\xd1\x82\xd0\xb0', b'\xe2\x96\x81\xd0\xbb\xd0\xbe\xd0\xb8\xd1\x81', b'\xd0\xbf\xd3\xa7', b'\xe2\x96\x81\xd0\xba\xd1\x8b\xd0\xbc\xd3\xa7\xd1\x80', b'\xd1\x88\xd3\xa7\xd1\x80', b'\xd1\x8c\xd3\xa7', b'\xe2\x96\x81\xd0\xa2\xd3\xa7\xd0\xb4', b'\xd1\x96\xd0\xb3\xd0\xbc\xd0\xbe\xd0\xb7', b'\xe2\x96\x81\xd1\x81\xd1\x8c\xd3\xa7\xd0\xbb\xd3\xa7\xd0\xbc', b'\xe2\x96\x81\xd3\xa6\xd0\xb4', b'\xe2\x96\x81\xd0\x97\xd1\x8d\xd1\x80', b'\xe2\x96\x81\xd0\xb4\xd0\xb7\xd0\xb5\xd0\xb1', b'\xe2\x96\x81\xd0\xbd\xd1\x8b\xd1\x80', b'\xe2\x96\x81\xd0\xbf\xd3\xa7\xd1\x80\xd3\xa7\xd0\xb4', b'\xe2\x96\x81\xd1\x82\xd0\xbe\xd1\x80\xd1\x8a\xd1\x8f\xd1\x81', b'\xe2\x96\x81\xd1\x83\xd0\xbb', b'\xe2\x96\x81\xd0\xbf\xd0\xbe\xd0\xb7\xd1\x8c', b'\xe2\x96\x81\xd1\x8d\xd0\xbc', b'\xe2\x96\x81\xd1\x81\xd0\xbe', b'\xe2\x96\x81\xd0\x9b', b'\xe2\x96\x81\xd0\xbf\xd1\x8b\xd1\x82\xd1\x88\xd0\xba', b'\xe2\x96\x81\xd0\xba\xd0\xb5\xd1\x80\xd0\xba\xd0\xb0\xd1\x8f\xd1\x81', b'\xe2\x96\x81\xd0\xa1\xd1\x82\xd0\xb0\xd0\xb2', b'\xe2\x96\x81\xd1\x87\xd0\xb5', b'\xe2\x96\x81\xd0\xba\xd1\x83\xd0\xb7\xd1\x8f', b'\xe2\x96\x81\xd0\xba\xd0\xbe\xd0\xbc\xd0\xb0\xd0\xbd\xd0\xb4\xd0\xb8\xd1\x80', b'\xe2\x96\x81\xd0\xba\xd0\xbd\xd0\xb8\xd0\xb3\xd0\xb0', b'\xe2\x96\x81\xd0\xbe\xd0\xbb\xd3\xa7\xd0\xbc\xd1\x8b\xd1\x81', b'\xe2\x96\x81\xd1\x80\xd1\x8b\xd1\x82', b'\xe2\x96\x81\xd0\xba\xd0\xb0\xd1\x80', b'\xd1\x8b\xd0\xbc', b'\xe2\x96\x81\xd0\xb3\xd3\xa7\xd0\xb3\xd3\xa7\xd1\x80', b'\xe2\x96\x81\xd0\xba\xd1\x8b\xd1\x82\xd1\x87\xd3\xa7', b'\xe2\x96\x81\xd0\xbb\xd1\x91\xd0\xba', b'\xe2\x96\x81\xd0\xb1\xd1\x80\xd0\xbe\xd0\xbd\xd0\xb5\xd0\xb2\xd0\xb8\xd0\xba', b'\xd1\x87\xd0\xb8\xd1\x81', b'\xe2\x96\x81\xd0\xbf\xd1\x8b\xd1\x80\xd0\xb8\xd1\x81', b'\xe2\x96\x81\xd0\x93', b'\xe2\x96\x81\xd0\xb9\xd3\xa7\xd0\xb7', b'\xd0\xba\xd1\x8a\xd1\x8f\xd1\x81', b'\xe2\x96\x81\xd0\xbc\xd3\xa7\xd0\xb4\xd1\x96\xd1\x81', b'\xd0\xbd\xd1\x8b\xd0\xb4', b'\xd0\xbd\xd0\xb8\xd1\x82\xd1\x96\xd1\x81', b'\xd1\x80\xd1\x83\xd0\xba', b'\xe2\x96\x81\xd1\x82\xd1\x96', b'\xe2\x96\x81\xd0\xbc\xd0\xb0\xd1\x82\xd3\xa7', b'\xd0\xb8\xd0\xbc', b'\xe2\x96\x81\xd0\xa7', b'\xe2\x96\x81\xd1\x83\xd1\x81\xd0\xb8', b'\xd1\x83\xd0\xb7\xd1\x8c', b'\xe2\x96\x81\xd0\xb2\xd0\xb5\xd0\xbb\xd3\xa7\xd0\xb4', b'\xd1\x8f\xd1\x81\xd1\x82\xd3\xa7', b'\xd0\xba\xd0\xb8\xd0\xbd', b'\xe2\x96\x81\xd0\xb3\xd0\xb0\xd0\xb6\xd0\xb0', b'\xe2\x96\x81\xd0\xb4\xd1\x8b\xd1\x80', b'\xe2\x96\x81\xd1\x83\xd0\xb7\xd1\x8c', b'\xe2\x96\x81\xd1\x81\xd1\x8c\xd3\xa7\xd0\xb4', b'\xe2\x96\x81\xd1\x82\xd0\xbe', b'\xe2\x96\x81\xd0\xbf\xd0\xbe\xd0\xb6\xd3\xa7\xd0\xbc\xd1\x8a\xd1\x8f\xd1\x81', b'\xe2\x96\x81\xd0\xb2\xd0\xb5\xd0\xb2\xd1\x82\xd1\x82', b'\xe2\x96\x81\xd0\xbf\xd3\xa7\xd0\xb2', b'\xe2\x96\x81\xd0\xb1\xd0\xb8', b'\xd1\x81\xd1\x8e\xd1\x80\xd3\xa7', b'\xd1\x80\xd0\xb5\xd0\xb3\xd1\x8b', b'\xe2\x96\x81\xd1\x88\xd0\xbe\xd0\xb3', b'\xe2\x96\x81\xd0\xb1\xd1\x8b\xd1\x80', b'\xd1\x80\xd1\x8a\xd1\x8f\xd1\x81', b'\xd0\xba\xd1\x8b\xd0\xb4\xd0\xb0', b'\xd1\x8b\xd1\x88\xd1\x82\xd1\x96\xd1\x81', b'\xe2\x96\x81\xd1\x83\xd0\xb2', b'\xe2\x96\x81\xd0\x9c\xd0\xb8\xd0\xba\xd0\xb8\xd1\x82', b'\xe2\x96\x81\xd0\xbd\xd1\x8d\xd0\xbc', b'\xe2\x96\x81\xd1\x81\xd0\xb8\xd1\x80', b'\xe2\x96\x81\xd0\xba\xd0\xbe\xd1\x81\xd1\x82', b'\xd1\x82\xd1\x8b\xd1\x80', b'\xe2\x96\x81\xd0\x9f\xd0\xb0\xd0\xb2\xd0\xb5\xd0\xbb', b'\xe2\x96\x81\xd0\xba\xd0\xb0\xd1\x82', b'\xe2\x96\x81\xd1\x81\xd0\xb5\xd1\x80', b'\xd0\xbc\xd1\x8a\xd1\x8f\xd1\x81', b'\xd0\xb0\xd0\xb0', b'\xd1\x83\xd0\xb2', b'\xe2\x96\x81\xd0\xb2\xd0\xb8\xd1\x81\xd1\x8c\xd1\x82\xd0\xb0\xd0\xbb', b'\xe2\x96\x81\xd0\xb2\xd0\xbe\xd3\xa7', b'\xe2\x96\x81\xd1\x88\xd3\xa7\xd1\x80', b'\xd0\xb5\xd1\x80', b'\xe2\x96\x81\xd0\xbe\xd0\xb7\xd1\x8b\xd1\x80', b'\xe2\x96\x81\xd0\xba\xd0\xbe\xd0\xbb\xd1\x85\xd0\xbe\xd0\xb7\xd0\xbd\xd0\xb8\xd1\x86\xd0\xb0', b'\xe2\x96\x81\xd1\x81\xd0\xb5\xd0\xbb\xd1\x8c\xd1\x81', b'\xd1\x8f\xd0\xb9', b'\xd1\x81\xd1\x82\xd0\xb0\xd0\xb2', b'\xd1\x80\xd1\x8a\xd1\x8f', b'\xe2\x96\x81\xd0\xbc\xd0\xb5\xd0\xb4\xd1\x8b', b'\xe2\x96\x81\xd0\xb2\xd0\xbe\xd1\x88\xd3\xa7\xd0\xbc\xd1\x8a\xd1\x8f\xd1\x81', b'\xd0\xbd\xd0\xbe', b'\xd1\x82\xd1\x8f', b'\xe2\x96\x81\xd0\xb8\xd0\xbd\xd0\xb4', b'\xd0\xbd\xd0\xbe\xd0\xb2', b'\xd1\x82\xd1\x83\xd1\x80', b'9', b'2', b'\xe2\x96\x81\xd0\xa2', b'\xd1\x80\xd0\xbe\xd0\xb6\xd0\xb0\xd0\xb9', b'\xd0\xb1', b'\xd1\x8a\xd1\x8f\xd1\x81\xd1\x8b\xd1\x81', b'\xe2\x96\x81\xd1\x82\xd1\x8b\xd1\x88', b'\xe2\x96\x81\xd1\x81\xd0\xb5', b'\xd1\x96\xd0\xbd', b'\xd1\x80\xd0\xb0\xd0\xb9\xd1\x82', b'\xd0\xbc\xd3\xa7\xd0\xb4', b'\xe2\x96\x81\xd0\xa1\xd1\x82\xd0\xb0\xd0\xbb\xd0\xb8\xd0\xbd', b'\xe2\x96\x81\xd0\xb4\xd0\xbe\xd0\xbb\xd0\xb6\xd0\xb5\xd0\xbd', b'\xe2\x96\x81\xd0\xbf\xd0\xbe\xd0\xbc', b'\xd0\xb3\xd1\x80', b'\xe2\x96\x81\xd0\xbf\xd0\xb0\xd1\x80', b'\xd0\xb9\xd1\x82\xd3\xa7', b'\xd0\xbe\xd0\xb2\xd0\xbb\xd3\xa7', b'\xd0\xb4\xd0\xbb\xd3\xa7', b'\xe2\x96\x81\xd1\x81\xd1\x83\xd0\xb2\xd1\x82\xd3\xa7\xd0\xb4', b'\xe2\x96\x81\xd0\xa1\xd1\x96\xd0\xb4\xd0\xb7', b'\xe2\x96\x81\xd1\x81\xd0\xb5\xd1\x82', b'\xe2\x96\x81\xd1\x82\xd1\x8d\xd1\x87', b'\xe2\x96\x81\xd0\xba\xd0\xbe\xd0\xbb\xd1\x8c\xd3\xa7\xd0\xbc', b'\xe2\x96\x81\xd0\xbe\xd0\xba', b'\xe2\x96\x81\xd0\xba\xd0\xbe\xd1\x82\xd1\x8b\xd1\x80', b'\xe2\x96\x81\xd0\xa2\xd0\xb0\xd1\x82\xd1\x88\xd3\xa7\xd0\xbc', b'\xe2\x96\x81\xd0\xba\xd0\xbe\xd0\xbb\xd1\x85\xd0\xbe\xd0\xb7\xd0\xbd\xd0\xb8\xd0\xba', b'\xe2\x96\x81\xd0\xbe\xd0\xb1', b'\xe2\x96\x81\xd0\xb3\xd3\xa7\xd0\xb3\xd3\xa7\xd1\x80\xd0\xb2\xd0\xbe', b'\xd1\x8f\xd0\xbd\xd1\x8c', b'\xd1\x81\xd1\x8c\xd3\xa7', b'\xe2\x96\x81\xd0\xbf\xd1\x83\xd0\xba\xd1\x82', b'\xd1\x82\xd1\x81\xd0\xb0', b'\xd0\xbe\xd0\xbc', b'\xd0\xbe\xd0\xbb\xd1\x8c\xd1\x81\xd0\xba', b'\xe2\x96\x81\xd0\xb2\xd0\xb5\xd1\x81\xd1\x8c\xd0\xba\xd3\xa7\xd0\xb4', b'\xd1\x81\xd1\x82\xd0\xb8', b'\xd0\xb5', b'\xe2\x96\x81\xd0\xb1\xd0\xbe\xd0\xbb\xd1\x8c\xd1\x88\xd0\xb5\xd0\xb2\xd0\xb8', b'\xe2\x96\x81\xd3\xa7\xd1\x82\xd0\xba\xd0\xb0', b'\xe2\x96\x81\xd0\xb2\xd0\xb5\xd0\xbb', b'\xe2\x96\x81\xd0\xb2\xd0\xbe\xd0\xb6', b'\xd1\x80\xd0\xb0\xd1\x81\xd0\xbd\xd3\xa7\xd0\xb9', b'\xe2\x96\x81\xd0\x90\xd1\x80\xd0\xbc\xd0\xb8\xd1\x8f', b'\xe2\x96\x81\xd3\xa7\xd0\xb4', b'\xe2\x96\x81\xd0\xb2\xd1\x80\xd0\xb0\xd0\xb3', b'\xe2\x96\x81\xd0\xb2\xd1\x83\xd0\xb4\xd0\xb6', b'\xe2\x96\x81\xd0\xbe\xd1\x82', b'\xe2\x96\x81\xd0\xa5', b'\xe2\x96\x81\xd1\x81\xd0\xb0\xd0\xbc', b'\xe2\x96\x81\xd1\x81\xd1\x91\xd0\xb9', b'\xe2\x96\x81\xd0\x9a\xd3\xa7', b'\xe2\x96\x81\xd0\xbc\xd0\xb8\xd1\x87', b'\xe2\x96\x81\xd0\xba\xd1\x8b\xd1\x81\xd0\xba', b'\xd1\x80\xd1\x83', b'\xe2\x96\x81\xd0\xb4\xd1\x83\xd0\xbc', b'\xe2\x96\x81\xd0\x9b\xd1\x83', b'\xd1\x81\xd1\x8c\xd1\x8b\xd0\xbd\xd1\x8b', b'\xe2\x96\x81\xd0\xb1\xd0\xb0', b'\xe2\x96\x81\xd0\xbc\xd1\x83\xd1\x80', b'\xd1\x87\xd3\xa7\xd0\xbc', b'\xe2\x96\x81\xd1\x88\xd1\x8b', b'\xe2\x96\x81\xd0\xb2\xd3\xa7\xd0\xbb\xd3\xa7\xd0\xbc', b'\xd1\x81\xd1\x8c\xd3\xa7\xd0\xbc\xd0\xb0', b'\xe2\x96\x81\xd0\xb2\xd0\xb5\xd1\x88\xd0\xb9', b'\xe2\x96\x81\xd0\xbc\xd3\xa7\xd0\xb4\xd3\xa7\xd0\xb4\xd1\x87\xd0\xb8', b'\xe2\x96\x81\xd0\xb0\xd1\x81\xd1\x8b\xd0\xb2', b'\xe2\x96\x81\xd0\xba\xd0\xb0\xd0\xb9', b'\xd0\xb0\xd0\xbb\xd1\x96\xd1\x81', b'\xe2\x96\x81\xd0\xa1\xd1\x8b', b'\xd0\xb4\xd0\xb7\xd1\x8b\xd1\x81', b'\xe2\x96\x81\xd0\xb2\xd0\xbe\xd1\x81\xd1\x8c\xd0\xba\xd0\xbe\xd0\xb2', b'\xe2\x96\x81\xd0\xbb\xd0\xbe\xd0\xba\xd1\x82\xd1\x96', b'\xd0\xb3\xd1\x8b\xd1\x80', b'\xe2\x96\x81\xd1\x82\xd1\x8d\xd1\x80\xd0\xbc\xd0\xb0\xd1\x81\xd1\x8c', b'\xd0\xbb\xd3\xa7\xd0\xb9', b'\xe2\x96\x81\xd1\x80\xd1\x83\xd0\xb4', b'\xd0\xba\xd0\xb8\xd1\x81', b'\xd0\xbb\xd1\x8b\xd1\x81', b'\xe2\x96\x81\xd1\x88\xd0\xb5\xd1\x80\xd1\x8b\xd1\x81', b'\xe2\x96\x81\xd0\xa2\xd1\x83\xd0\xb9', b'\xd0\xb1\xd0\xb8', b'\xd1\x87\xd1\x87\xd3\xa7\xd0\xbd', b'\xe2\x96\x81\xd0\xbd\xd0\xb8\xd0\xbd\xd3\xa7\xd0\xbc', b'\xe2\x96\x81\xd1\x8d\xd1\x80\xd0\xb4', b'\xd1\x82\xd1\x87\xd3\xa7', b'\xe2\x96\x81\xd0\xba\xd0\xb0\xd0\xb7\xd1\x8c\xd1\x82\xd1\x8b', b'\xd1\x88\xd0\xba\xd3\xa7', b'\xe2\x96\x81\xd1\x82\xd3\xa7\xd0\xb4\xd1\x81\xd0\xb0', b'\xe2\x96\x81\xd0\xba\xd3\xa7\xd0\xbd', b'\xe2\x96\x81\xd0\xba\xd1\x8b\xd1\x80', b'\xe2\x96\x81\xd0\x9c\xd0\xb0', b'\xd0\xbf\xd1\x8b\xd1\x80\xd1\x8b\xd1\x81\xd1\x8c', b'\xe2\x96\x81\xd0\xba\xd3\xa7\xd0\xbc', b'\xe2\x96\x81\xd0\xbf\xd0\xbe\xd1\x82\xd1\x88', b'\xd0\xb3\xd1\x80\xd0\xb5\xd0\xb7\xd0\xb4', b'\xd1\x8f\xd0\xb4\xd1\x8c', b'\xe2\x96\x81\xd0\x95\xd1\x84\xd1\x80\xd0\xb5\xd0\xbc\xd0\xbe\xd0\xb2\xd0\xb8\xd1\x87', b'\xe2\x96\x81\xd0\xa1\xd0\xbe', b'\xe2\x96\x81\xd0\x9a\xd0\xbe\xd0\xbc\xd0\xb8', b'\xe2\x96\x81\xd0\xbe\xd0\xbb\xd1\x96\xd1\x81', b'\xd0\xba\xd3\xa7\xd0\xbd', b'\xe2\x96\x81\xd0\xb1\xd0\xbe\xd0\xb9', b'\xe2\x96\x81\xd0\xb2\xd1\x80\xd0\xb0\xd0\xb3\xd1\x8a\xd1\x8f\xd1\x81', b'\xe2\x96\x81\xd0\xbc\xd0\xbe\xd1\x80\xd3\xa7\xd1\x81', b'\xe2\x96\x81\xd0\xbf\xd0\xb5\xd1\x82\xd0\xb0', b'\xe2\x96\x81\xd0\xb0\xd1\x81\xd0\xbb\xd0\xb0', b'\xd1\x8b\xd0\xb2', b'\xe2\x96\x81\xd0\xba\xd1\x8b\xd0\xb7', b'\xe2\x96\x81\xd1\x82\xd3\xa7\xd1\x80', b'\xe2\x96\x81\xd0\xb1\xd0\xbe\xd0\xb5', b'\xe2\x96\x81\xd0\xb2\xd0\xbe\xd0\xb9\xd0\xbd\xd0\xb0', b'\xe2\x96\x81\xd0\xbc\xd1\x83\xd0\xbd\xd1\x96\xd1\x81', b'\xd0\xb0\xd1\x80', b'\xd1\x87\xd3\xa7', b'\xe2\x96\x81\xd0\xb2', b'\xe2\x96\x81\xd1\x81\xd1\x82\xd0\xb0', b'\xd3\xa7\xd0\xbc\xd1\x8a\xd1\x8f\xd1\x81', b'\xe2\x96\x81\xd1\x80\xd0\xb0\xd0\xb7\xd0\xb2\xd0\xb5\xd0\xb4\xd0\xba\xd0\xb0', b'\xd0\xb2\xd0\xbd\xd1\x8b', b'\xe2\x96\x81\xd0\xbc\xd0\xbe', b'\xd1\x82\xd1\x8b', b'\xd1\x80\xd0\xb4', b'\xe2\x96\x81\xd0\xbf\xd0\xb5\xd1\x82\xd1\x96', b'\xe2\x96\x81\xd0\xba\xd1\x80\xd0\xb0\xd1\x81\xd0\xbd\xd3\xa7\xd0\xb9', b'\xe2\x96\x81\xd0\xb1\xd0\xbe', b'\xe2\x96\x81\xd0\xbf\xd0\xb5\xd1\x80\xd0\xb5\xd1\x83\xd0\xbb\xd0\xbe\xd0\xba', b'\xd0\xb0\xd0\xbd\xd1\x96\xd0\xbd', b'\xe2\x96\x81\xd0\xbf\xd0\xbe\xd0\xbc\xd0\xb0\xd1\x81', b'\xe2\x96\x81\xd1\x82\xd1\x83\xd0\xbf', b'\xe2\x96\x81\xd0\xb2\xd3\xa7\xd1\x87', b'\xe2\x96\x81\xd0\xba\xd0\xb0\xd0\xb6\xd0\xb8\xd1\x82\xd1\x87', b'\xd1\x83\xd0\xbb\xd3\xa7', b'\xd0\xb5\xd0\xb4\xd0\xb0', b'\xd0\xb0\xd1\x81\xd0\xb8\xd1\x81', b'\xe2\x96\x81\xd0\xbf\xd0\xb5\xd1\x82\xd0\xbd\xd1\x8b', b'\xd0\xb8\xd0\xbd', b'\xe2\x96\x81\xd1\x87\xd3\xa7', b'\xe2\x96\x81\xd0\xb2\xd0\xbe\xd1\x82', b'\xe2\x96\x81\xd0\xba\xd1\x8b\xd1\x81\xd1\x81\xd1\x8c\xd3\xa7', b'\xe2\x96\x81\xd0\xbf\xd3\xa7\xd0\xb2\xd1\x81\xd1\x82', b'\xd1\x81\xd1\x8c\xd0\xbd\xd1\x8b', b'\xe2\x96\x81\xd3\xa7\xd1\x88\xd0\xb8\xd0\xbd\xd1\x8c', b'\xe2\x96\x81\xd0\xb7\xd0\xbe\xd0\xbd\xd0\xba\xd0\xb0', b'\xd0\xb8\xd0\xbd\xd0\xb0', b'\xe2\x96\x81\xd0\x98\xd0\xb2\xd0\xb0\xd0\xbd', b'\xd0\xba\xd0\xbe\xd1\x80', b'\xe2\x96\x81\xd0\xbb\xd0\xbe\xd0\xb2\xd1\x8a\xd1\x8f', b'\xe2\x96\x81\xd0\xba\xd0\xbe\xd1\x81', b'\xe2\x96\x81\xd0\xbd\xd1\x8b\xd0\xb2', b'\xd1\x82\xd1\x88\xd0\xb0', b'\xe2\x96\x81\xd0\xb2\xd0\xb8\xd1\x80', b'\xd0\xbb\xd1\x8c\xd3\xa7\xd0\xbc', b'\xe2\x96\x81\xd0\xb2\xd0\xb5\xd0\xb6\xd0\xbe\xd0\xbd', b'\xe2\x96\x81\xd1\x82\xd1\x88\xd0\xb0', b'\xe2\x96\x81\xd0\x9c\xd0\xb8\xd1\x82\xd1\x8f', b'\xe2\x96\x81\xd0\xba\xd0\xb5', b'\xe2\x96\x81\xd1\x82\xd1\x8b\xd0\xb4\xd0\xb0\xd0\xbb\xd3\xa7', b'\xe2\x96\x81\xd1\x81\xd1\x83\xd0\xbb\xd0\xb0\xd0\xbb\xd3\xa7', b'\xe2\x96\x81\xd0\xba\xd1\x8b\xd0\xbc\xd1\x8b\xd0\xbd', b'\xe2\x96\x81\xd1\x8e\xd0\xb0\xd0\xbb\xd1\x96', b'\xd0\xb0\xd1\x81\xd1\x8c', b'\xe2\x96\x81\xd0\xbf\xd0\xb5\xd1\x81', b'\xe2\x96\x81\xd0\xb2\xd0\xbe\xd0\xba', b'\xe2\x96\x81\xd0\xa2\xd0\xbe\xd0\xbc', b'\xe2\x96\x81\xd0\x9c\xd0\xb5\xd0\xbd', b'\xd0\xb0\xd0\xbb', b'\xd1\x8f\xd0\xbb\xd3\xa7\xd0\xbc', b'\xe2\x96\x81\xd0\xbf\xd1\x83\xd1\x8f\xd1\x81', b'\xe2\x96\x81\xd1\x81\xd1\x83\xd0\xbb\xd0\xb0\xd0\xbb\xd1\x96\xd1\x81', b'\xe2\x96\x81\xd0\xbb\xd1\x8b\xd0\xbc\xd0\xb9', b'\xd0\xb6\xd1\x8a\xd1\x8f\xd1\x81', b'\xe2\x96\x81\xd0\xb0\xd1\x80', b'\xe2\x96\x81\xd0\xbb\xd0\xb5', b'\xe2\x96\x81\xd0\xbb\xd1\x8d\xd1\x87\xd1\x87', b'\xd1\x8b\xd1\x88\xd1\x82\xd0\xb0', b'\xd0\xb4\xd0\xb7\xd0\xb8', b'\xd0\xbb\xd1\x8c\xd0\xba\xd0\xb8', b'\xd0\xb5\xd0\xb4\xd0\xb2\xd0\xbe\xd0\xb4\xd0\xb4\xd0\xb7\xd0\xb0', b'\xe2\x96\x81\xd0\x9e\xd0\xb7', b'\xe2\x96\x81\xd0\xb6', b'\xe2\x96\x81\xd0\xbf\xd1\x83\xd1\x80', b'\xe2\x96\x81\xd1\x82\xd1\x88\xd3\xa7', b'\xd0\xbd\xd0\xb8\xd0\xba', b'\xd3\xa7\xd0\xb4\xd1\x87\xd0\xb8\xd1\x81', b'\xe2\x96\x81\xd1\x81\xd1\x8c\xd3\xa7\xd0\xbc', b'\xd0\xb4\xd0\xb6', b'\xe2\x96\x81\xd0\xa1\xd0\xb2\xd0\xb5\xd0\xb6\xd0\xbe\xd0\xb2', b'\xe2\x96\x81\xd0\xb1\xd1\x83', b'\xe2\x96\x81\xd1\x81\xd1\x83\xd0\xb4\xd1\x82\xd0\xb0', b'\xe2\x96\x81\xd0\xb4\xd0\xb7', b'\xd1\x80\xd0\xbd\xd0\xb8', b'\xe2\x96\x81\xd0\xb4\xd0\xb6', b'\xd1\x83\xd0\xb4\xd0\xb6', b'\xd3\xa7\xd1\x80\xd1\x8a', b'\xe2\x96\x81\xd0\xb4\xd0\xb7\xd0\xbe\xd1\x80\xd0\xb8\xd0\xb4\xd0\xb7', b'\xe2\x96\x81\xd1\x80\xd0\xbe\xd0\xba', b'\xe2\x96\x81\xd0\xbf\xd3\xa7\xd1\x82', b'\xe2\x96\x81\xd0\xba\xd3\xa7\xd0\xb4\xd0\xb7', b'\xd3\xa7\xd1\x80\xd0\xb0', b'\xd0\xb1\xd1\x8b\xd0\xb4', b'\xe2\x96\x81\xd1\x8b\xd0\xbb\xd3\xa7', b'\xe2\x96\x81\xd0\xba\xd1\x8b\xd0\xb9', b'\xe2\x96\x81\xd1\x80\xd1\x8b\xd1\x82\xd1\x8a\xd1\x8f', b'\xe2\x96\x81\xd1\x88\xd0\xbe\xd0\xbd\xd1\x8b\xd0\xb4', b'\xe2\x96\x81\xd0\xbf\xd0\xb0\xd1\x81\xd1\x8c\xd1\x82\xd0\xb0\xd0\xbb\xd0\xb0', b'\xd3\xa7\xd1\x80', b'\xd0\xb5\xd1\x82\xd1\x88', b'\xd0\xb2\xd0\xb8\xd0\xb4\xd0\xb7\xd3\xa7', b'\xe2\x96\x81\xd0\xb2\xd0\xb5\xd1\x82', b'\xe2\x96\x81\xd0\xb3\xd3\xa7\xd1\x80\xd0\xb4', b'\xe2\x96\x81\xd1\x81\xd0\xbe\xd1\x80', b'\xd0\xb5\xd0\xbc', b'\xe2\x96\x81\xd1\x88\xd0\xba\xd0\xbe\xd0\xbb\xd0\xb0', b'\xe2\x96\x81\xd0\xbc\xd0\xb5\xd0\xbb\xd1\x96', b'\xd1\x8a\xd1\x8f\xd1\x81\xd0\xb0', b'\xe2\x96\x81\xd0\x92\xd0\xb8', b'\xe2\x96\x81\xd0\x93\xd1\x80\xd0\xb8\xd1\x88', b'\xd0\xb4\xd1\x8c\xd3\xa7', b'\xd1\x91\xd0\xba', b'\xd0\xb4\xd0\xb8', b'\xd0\xb1\xd0\xb0', b'\xe2\x96\x81\xd0\xbc\xd0\xbe\xd1\x80', b'\xe2\x96\x81\xd0\xbb\xd1\x8d\xd0\xb4\xd0\xb7', b'\xd0\xbe\xd1\x85\xd0\xbe', b'\xe2\x96\x81\xd0\x9a\xd0\xbe\xd0\xb4\xd1\x8a\xd1\x8f\xd1\x81', b'\xe2\x96\x81\xd0\x9a\xd0\xbe\xd0\xbb\xd1\x85\xd0\xbe\xd0\xb7\xd1\x8a\xd1\x8f\xd1\x81', b'\xe2\x96\x81\xd1\x81\xd0\xb5\xd1\x80\xd1\x82\xd0\xb8', b'8', b'\xe2\x96\x81\xd1\x86', b'\xd0\xb5\xd0\xba\xd1\x82\xd0\xb0', b'\xe2\x96\x81\xd0\x9a\xd0\xbe\xd0\xbb\xd1\x85\xd0\xbe\xd0\xb7\xd0\xbd\xd0\xb8\xd0\xba', b'\xd0\xba\xd0\xbe', b'\xd1\x85\xd0\xbe\xd0\xb7', b'\xd1\x81\xd1\x82\xd0\xb2\xd0\xb5\xd0\xbd\xd0\xbd', b'\xd0\xbc\xd1\x83', b'\xe2\x96\x81\xd1\x83\xd1\x81\xd0\xbf\xd0\xb5\xd1\x85', b'\xd0\xbe\xd0\xb4', b'\xe2\x96\x81\xd0\xa2\xd0\xbe', b'\xe2\x96\x81\xd0\xba\xd0\xbe\xd0\xbb\xd1\x85\xd0\xbe\xd0\xb7\xd0\xbd\xd0\xb8\xd0\xba\xd1\x8a\xd1\x8f\xd1\x81', b'\xe2\x96\x81\xd0\xb0\xd1\x81\xd1\x81\xd1\x8c\xd1\x8b', b'\xe2\x96\x81\xd0\xb4\xd0\xb6\xd0\xb5\xd0\xbd\xd1\x8c', b'\xe2\x96\x81\xd1\x81\xd1\x80', b'\xe2\x96\x81\xd0\xbf\xd0\xb5\xd1\x82\xd0\xba\xd3\xa7\xd0\xb4\xd0\xbb\xd1\x8b', b'\xe2\x96\x81\xd0\xbf\xd1\x80\xd0\xbe\xd0\xb8', b'\xd0\xb2\xd0\xbe\xd0\xb4\xd0\xb8\xd1\x82', b'\xe2\x96\x81\xd0\xbf\xd0\xb0\xd1\x81\xd1\x8c\xd1\x82\xd0\xb0', b'\xe2\x96\x81\xd3\xa7\xd0\xb4\xd1\x8a\xd1\x8f\xd1\x81', b'\xe2\x96\x81\xd0\xa1\xd0\xb5\xd0\xbd', b'\xd0\xb1\xd1\x80', b'5', b'\xe2\x96\x81\xd0\xba\xd0\xbe\xd0\xbb\xd1\x8c\xd1\x87\xd1\x87\xd3\xa7', b'\xd3\xa7\xd0\xb2\xd0\xb5\xd1\x82', b'0', b'\xd0\xbf\xd0\xb0\xd1\x81', b'\xe2\x96\x81\xd0\xbe\xd0\xb1\xd1\x89\xd0\xb5\xd1\x81\xd1\x82\xd0\xb2\xd0\xb5\xd0\xbd\xd0\xbd\xd0\xbe', b'\xd1\x81\xd1\x82\xd1\x8c', b'\xd0\xbc\xd0\xbe\xd0\xb1\xd0\xb8\xd0\xbb', b'\xd0\xb8\xd0\xb7', b'\xe2\x96\x81\xd0\xb0\xd1\x81\xd0\xba', b'\xd0\xb0\xd0\xb4\xd3\xa7', b'\xe2\x96\x81\xd0\xbd\xd1\x8e\xd0\xb6', b'\xd1\x87\xd0\xb8\xd0\xbd', b'\xd0\xba\xd1\x8b\xd0\xb2\xd1\x8a\xd1\x8f\xd1\x81', b'\xe2\x96\x81\xd0\xb2\xd0\xb8\xd1\x81\xd1\x8c\xd1\x82\xd0\xb0\xd0\xb2', b'\xe2\x96\x81\xd0\xb2\xd1\x83\xd0\xbd', b'\xe2\x96\x81\xd0\xbf\xd3\xa7\xd1\x80\xd1\x82', b'\xd0\xba\xd0\xb0\xd1\x8b\xd1\x81', b'\xd1\x83\xd0\xb7', b'\xd0\xb1\xd0\xbe\xd1\x80\xd0\xbe', b'\xd1\x8b\xd1\x88\xd0\xbb', b'\xe2\x96\x81\xd1\x81\xd1\x83\xd0\xbb', b'\xd3\xa7\xd0\xb4\xd3\xa7', b'4', b'(', b'\xe2\x96\x81\xd0\xba\xd0\xbe\xd0\xbb\xd1\x85\xd0\xbe\xd0\xb7', b'\xe2\x96\x81\xd0\xbf\xd1\x80\xd0\xb5\xd0\xb4\xd1\x81\xd0\xb5\xd0\xb4\xd0\xb0\xd1\x82\xd0\xb5\xd0\xbb\xd1\x8c', b'\xd0\xb0\xd0\xbb\xd0\xb8', b')', b'\xd1\x81\xd3\xa7\xd0\xb2\xd0\xb5\xd1\x82', b'\xe2\x96\x81\xd1\x80\xd0\xb5\xd1\x88\xd0\xb8\xd1\x82', b'\xd0\xbc\xd0\xb5\xd1\x85\xd0\xb0\xd0\xbd\xd0\xb8\xd0\xb7\xd0\xb0\xd1\x82\xd0\xbe\xd1\x80', b'\xe2\x96\x81\xd0\xbd\xd0\xb0\xd1\x81\xd1\x82\xd1\x80\xd0\xbe\xd0\xb5\xd0\xbd\xd0\xb8\xd0\xb5', b'\xe2\x96\x81\xd0\x9c\xd0\xb5\xd0\xb4\xd1\x8b', b'\xe2\x96\x81\xd1\x81\xd0\xbe\xd0\xb4\xd1\x82', b'\xd0\xb4\xd0\xb0\xd0\xbd', b'\xe2\x96\x81\xd0\xbf\xd1\x80', b'\xd0\xb8\xd1\x81\xd0\xbf\xd0\xbe', b'\xd1\x81\xd0\xbe\xd0\xb1', b'\xd0\xb1\xd0\xbe', b'\xe2\x96\x81\xd1\x82\xd3\xa7\xd0\xb4\xd1\x87\xd0\xb0\xd0\xbd', b'\xe2\x96\x81\xd1\x82\xd1\x8b\xd1\x88\xd0\xba\xd0\xb0\xd1\x81\xd1\x8c', b'\xd1\x83\xd0\xbd', b'\xd0\xb4\xd1\x96', b'\xd0\xbb\xd1\x8b\xd0\xb2\xd0\xbb\xd3\xa7', b'\xd0\xb0\xd0\xba\xd1\x82', b'\xd0\xb8\xd0\xba\xd0\xb0', b'\xd3\xa7\xd1\x82\xd0\xb8', b'\xe2\x96\x81\xd0\xb1\xd1\x8b\xd0\xb4\xd3\xa7\xd0\xbd', b'\xd0\xb0\xd0\xbd\xd0\xb0', b'\xe2\x96\x81\xd1\x81\xd1\x8c\xd3\xa7\xd0\xba\xd1\x82\xd0\xb0\xd0\xbc\xd0\xbc\xd3\xa7', b'\xd0\xb4\xd3\xa7', b'\xe2\x96\x81\xd1\x82\xd1\x80\xd1\x83\xd0\xb4\xd0\xbe\xd0\xb4\xd0\xb5\xd0\xbd\xd1\x8c', b'\xe2\x96\x81\xd0\xb2\xd0\xb0\xd1\x80\xd1\x82\xd3\xa7\xd0\xbc', b'\xe2\x96\x81\xd0\xbc\xd0\xb8\xd1\x80\xd0\xb8\xd1\x82\xd1\x87', b'\xe2\x96\x81\xd0\xbf\xd0\xbe\xd0\xbc\xd0\xb0\xd1\x81\xd1\x8c', b'\xd1\x81\xd0\xba', b'\xe2\x96\x81\xd0\xbf\xd0\xb0\xd1\x80\xd1\x82\xd0\xb8', b'\xd1\x86\xd0\xb8\xd1\x8f\xd1\x8f\xd1\x81', b'\xe2\x96\x81\xd1\x81\xd0\xbe\xd1\x86\xd0\xb8\xd0\xb0\xd0\xbb\xd0\xb8', b'\xd0\xb9\xd1\x8b\xd1\x81\xd1\x8c', b'\xd1\x81\xd0\xbf\xd0\xb5', b'\xe2\x96\x81\xd0\xbf\xd0\xb0\xd1\x81\xd1\x8c\xd0\xba\xd3\xa7\xd0\xb4', b'\xe2\x96\x81\xd0\xb4', b'\xd1\x87\xd0\xb0\xd1\x81\xd1\x82', b'\xe2\x96\x81\xd0\xbf\xd1\x80\xd0\xb0\xd0\xb2', b'\xe2\x96\x81\xd1\x88\xd0\xb5\xd0\xb4', b'.', b'\xd0\xb8\xd1\x82\xd0\xb5\xd0\xbb\xd1\x8c', b'\xd1\x81\xd1\x82\xd0\xb2\xd0\xbe', b'\xd0\xab', b'\xd0\xb4\xd0\xb6\xd1\x8b\xd0\xb4', b'\xe2\x96\x81\xd0\xb2\xd0\xb5\xd1\x81\xd1\x8c\xd0\xba\xd0\xb0\xd0\xbb\xd3\xa7', b'\xd1\x80\xd0\xb0\xd0\xb4\xd3\xa7', b'\xd1\x87\xd0\xb5', b'\xd0\xb7\xd0\xbc', b'\xe2\x96\x81\xd0\xb2\xd0\xbe\xd0\xb8\xd0\xbd', b'\xe2\x96\x81\xd0\xb0\xd1\x87\xd1\x8b\xd0\xbc', b'\xe2\x96\x81\xd0\xb1\xd0\xbe\xd1\x81\xd1\x8c\xd1\x82\xd1\x96\xd1\x81', b'\xd1\x89\xd0\xb5', b'\xe2\x96\x81\xd0\xb3\xd1\x80\xd0\xb0\xd0\xbd\xd0\xb8\xd1\x86\xd0\xb0', b'\xd1\x80\xd0\xb0\xd0\xb3', b'\xd1\x82\xd0\xb0\xd1\x81', b'\xe2\x96\x81\xd1\x83\xd1\x81\xd1\x8c\xd0\xba\xd3\xa7\xd0\xb4\xd1\x87', b'\xe2\x96\x81\xd1\x87\xd0\xbe\xd1\x80\xd1\x8b\xd0\xb4\xd0\xb4\xd0\xb6\xd1\x8b\xd0\xba', b'\xd0\xb0\xd1\x81\xd0\xb0\xd0\xbd', b'\xe2\x96\x81\xd1\x82\xd1\x8b', b'\xd0\xbf\xd0\xbe\xd0\xbd', b'\xd0\xbe\xd0\xb2\xd1\x81\xd0\xba', b'\xe2\x96\x81\xd0\xbb\xd1\x8d\xd1\x87\xd1\x87\xd0\xb8', b'\xe2\x96\x81\xd0\xb2\xd1\x83\xd0\xb3\xd1\x80\xd0\xb0\xd1\x81\xd1\x8c\xd0\xbd\xd1\x8b', b'\xe2\x96\x81\xd0\xbc\xd1\x8b\xd0\xb9\xd0\xbb\xd0\xb0', b'\xd0\xbd\xd0\xb4\xd1\x96', b'\xe2\x96\x81\xd0\xbf\xd3\xa7\xd0\xb6', b'\xd0\xbd\xd1\x8d\xd0\xb6\xd1\x8b', b'\xe2\x96\x81\xd0\xba\xd1\x8b\xd0\xbc\xd3\xa7\xd1\x80\xd1\x82\xd0\xbe\xd1\x80', b'\xe2\x96\x81\xd1\x82\xd1\x8b\xd0\xb4\xd0\xb0', b'\xd1\x8d\xd0\xb1\xd3\xa7\xd1\x81', b'\xd1\x83\xd0\xbd\xd0\xb0', b'\xe2\x96\x81\xd1\x8b\xd1\x80\xd0\xba', b'\xe2\x96\x81\xd1\x88\xd1\x83\xd1\x80', b'\xd1\x88\xd0\xb0\xd1\x80', b'\xe2\x96\x81\xd0\x9c\xd3\xa7\xd0\xb4', b'\xe2\x96\x81\xd0\x9f\xd1\x80\xd0\xb8', b'\xe2\x96\x81\xd1\x8d\xd1\x88\xd0\xba\xd1\x8b\xd0\xbd', b'\xe2\x96\x81\xd0\xb1\xd1\x8b\xd0\xb4\xd0\xbc', b'\xe2\x96\x81\xd0\xa7\xd0\xb5\xd1\x80\xd0\xb8', b'\xe2\x96\x81\xd1\x80\xd0\xb0', b'\xd0\xbc\xd0\xb8\xd1\x81', b'\xd0\xbc\xd0\xb0\xd0\xb9', b'\xd0\xb4\xd1\x8b\xd1\x80', b'\xe2\x96\x81\xd0\xbf\xd0\xbe\xd0\xb2\xd0\xb7\xd1\x8c\xd3\xa7\xd0\xb4\xd1\x87\xd3\xa7', b'\xe2\x96\x81\xd0\xb3\xd1\x80', b'\xd0\xb8\xd1\x82\xd3\xa7', b'\xe2\x96\x81\xd0\xb5\xd0\xbd\xd1\x8d\xd0\xb6', b'\xd1\x82\xd0\xb0\xd0\xb4\xd0\xb7', b'\xe2\x96\x81\xd0\x9a\xd0\xbe\xd1\x80', b'\xe2\x96\x81\xd0\xb2\xd0\xb5\xd0\xba', b'\xe2\x96\x81\xd0\x9f\xd1\x83', b'\xe2\x96\x81\xd0\xba\xd3\xa7\xd0\xbb\xd1\x83\xd0\xb9', b'\xd0\xb2\xd0\xbe\xd0\xb9\xd0\xb2\xd1\x8b\xd0\xb2\xd1\x81\xd1\x8f\xd0\xbd\xd1\x8c', b'\xd1\x87\xd0\xb0\xd1\x81', b'\xd0\xbb\xd3\xa7\xd0\xb7', b'\xe2\x96\x81\xd0\x9a\xd1\x83\xd1\x82', b'\xd0\xb3\xd1\x8b\xd0\xbc\xd0\xb0\xd0\xb2\xd0\xbd\xd1\x8b', b'\xd1\x87\xd0\xb0\xd1\x80\xd0\xb4', b'\xe2\x96\x81\xd0\xb2\xd1\x8b\xd0\xbb\xd1\x96', b'\xe2\x96\x81\xd0\xbc\xd3\xa7\xd0\xb4\xd3\xa7\xd0\xb4\xd1\x87\xd0\xb8\xd1\x81', b'\xe2\x96\x81\xd1\x83\xd0\xb4\xd0\xb8\xd1\x82\xd1\x96', b'\xe2\x96\x81\xd1\x80\xd0\xb0\xd1\x81', b'\xe2\x96\x81\xd0\x94\xd1\x83', b'\xe2\x96\x81\xd0\xba\xd3\xa7\xd1\x82', b'\xd1\x80\xd1\x83\xd0\xb3', b'\xe2\x96\x81\xd1\x81\xd1\x8e\xd1\x80', b'\xe2\x96\x81\xd1\x82\xd3\xa7\xd0\xbb\xd1\x8b\xd1\x81', b'\xe2\x96\x81\xd0\xa2\xd3\xa7', b'\xe2\x96\x81\xd0\xbc\xd0\xb0\xd1\x82\xd1\x8b\xd1\x81\xd1\x82\xd1\x87', b'\xd0\xb1\xd3\xa7\xd1\x80', b'\xe2\x96\x81\xd1\x87\xd1\x83\xd0\xb6\xd3\xa7\xd0\xbc', b'\xd0\xb9\xd0\xb8', b'\xe2\x96\x81\xd0\xb9\xd1\x8b\xd0\xb2\xd1\x81\xd1\x8c\xd1\x8b', b'\xd0\xb3\xd0\xb4\xd1\x8b', b'\xe2\x96\x81\xd0\xb3\xd1\x8b\xd0\xbc\xd0\xb0\xd0\xbb\xd1\x96\xd1\x81', b'\xe2\x96\x81\xd0\x93\xd1\x8b\xd0\xbc', b'\xe2\x96\x81\xd0\xbf\xd0\xb8\xd1\x81\xd1\x8c\xd0\xba\xd3\xa7\xd0\xb4\xd1\x87', b'\xe2\x96\x81\xd1\x8e\xd0\xb3\xd1\x8a\xd1\x8f\xd0\xbb', b'\xe2\x96\x81\xd0\x95\xd0\xbd', b'\xe2\x96\x81\xd0\xbd\xd0\xb0\xd0\xb4\xd0\xb7\xd3\xa7\xd0\xbd', b'\xe2\x96\x81\xd0\x9f\xd0\xb0\xd1\x81\xd1\x8c\xd0\xba', b'\xe2\x96\x81\xd0\x9c\xd1\x83\xd1\x80', b'\xe2\x96\x81\xd0\xb2\xd0\xb5\xd1\x80\xd0\xbc\xd0\xb8', b'\xe2\x96\x81\xd0\xb2\xd0\xbe\xd1\x81\xd1\x8c', b'\xe2\x96\x81\xd0\xbb', b'\xd1\x8f\xd1\x82\xd0\xb8', b'\xd0\xba\xd0\xb0\xd0\xba\xd1\x8b', b'\xd1\x8d\xd1\x80\xd1\x8b\xd0\xb1', b'\xe2\x96\x81\xd1\x82\xd1\x8b\xd1\x80\xd0\xbc\xd1\x8b', b'\xe2\x96\x81\xd0\xbf\xd0\xb0\xd0\xbd\xd1\x8b\xd0\xb4\xd0\xb0', b'\xd0\xbb\xd1\x8c\xd1\x87', b'\xe2\x96\x81\xd0\xbf\xd0\xb5\xd1\x82\xd3\xa7\xd0\xbc', b'\xe2\x96\x81\xd1\x8d\xd0\xbd', b'\xe2\x96\x81\xd0\xbc\xd0\xb5\xd0\xbd\xd1\x8b\xd0\xbc', b'\xe2\x96\x81\xd0\xbd\xd1\x83\xd1\x80', b'\xe2\x96\x81\xd0\xbf\xd3\xa7\xd1\x80', b'\xd1\x87\xd1\x87\xd0\xb8', b'\xd0\xb0\xd1\x81\xd1\x8c\xd3\xa7\xd0\xbc', b'\xd1\x8b\xd1\x88\xd1\x82', b'\xe2\x96\x81\xd1\x81\xd1\x82\xd1\x80\xd0\xb0', b'\xe2\x96\x81\xd0\xa8', b'\xe2\x96\x81\xd0\xb2\xd0\xb0\xd0\xb9\xd3\xa7\xd0\xbc', b'\xe2\x96\x81\xd0\xba\xd0\xb0\xd1\x80\xd1\x82', b'\xd0\xb3\xd1\x80\xd0\xb0\xd0\xb4', b'\xd0\xbd\xd0\xb8\xd1\x82', b'\xe2\x96\x81\xd0\xb2\xd0\xb5\xd0\xb2\xd1\x82', b'\xe2\x96\x81\xd1\x88\xd0\xb5\xd0\xbd\xd0\xb7\xd0\xb8', b'\xe2\x96\x81\xd1\x82\xd3\xa7\xd0\xb4\xd0\xbc\xd0\xb0', b'\xe2\x96\x81\xd1\x82\xd3\xa7\xd0\xb4\xd3\xa7', b'\xd0\xb2\xd0\xb5\xd1\x82', b'\xd0\xb0\xd0\xbb\xd3\xa7', b'\xe2\x96\x81\xd0\x9d\xd0\xb0', b'\xd1\x80\xd0\xbe\xd0\xb4', b'\xd1\x81\xd1\x81\xd0\xb0', b'\xd1\x80\xd3\xa7\xd1\x81', b'\xe2\x96\x81\xd1\x80', b'\xd0\xb0\xd0\xb4\xd0\xb5\xd0\xb9\xd1\x82', b'\xe2\x96\x81\xd0\xba\xd3\xa7\xd1\x81\xd0\xb9', b'\xe2\x96\x81\xd0\xb0\xd1\x80\xd0\xbc\xd0\xb8\xd1\x8f', b'\xe2\x96\x81\xd0\xb1\xd0\xb5\xd0\xbb\xd3\xa7\xd0\xb9\xd1\x8f\xd1\x81', b'\xe2\x96\x81\xd0\xbf\xd0\xb0\xd0\xbd\xd1\x8b\xd0\xb4', b'\xe2\x96\x81\xd0\xb2\xd0\xb5\xd1\x80\xd0\xbc\xd1\x8b\xd0\xb2', b'\xd0\xbb\xd1\x83\xd1\x87', b'\xe2\x96\x81\xd0\xb4\xd0\xb7\xd0\xb8\xd1\x80\xd0\xb4\xd0\xb0\xd0\xbb', b'\xe2\x96\x81\xd0\xbf\xd0\xb5\xd1\x80\xd0\xb2\xd0\xbe', b'\xe2\x96\x81\xd0\xa1\xd0\xbf', b'\xe2\x96\x81\xd0\xb2\xd0\xbe\xd1\x80\xd0\xbe\xd1\x82\xd0\xb0', b'\xd0\xbb\xd0\xb0\xd0\xb2\xd0\xbd\xd3\xa7\xd0\xb9', b'\xd1\x91\xd0\xbb\xd1\x8c', b'\xd0\xb0\xd0\xb9', b'\xe2\x96\x81\xd0\xb3\xd1\x80\xd0\xb0', b'\xd0\xb2\xd1\x8b\xd0\xb2', b'\xd0\xb2\xd0\xb8\xd0\xbd', b'\xd1\x82\xd0\xbe\xd0\xb2\xd0\xba\xd0\xb0', b'\xe2\x96\x81\xd1\x82\xd1\x80\xd0\xb0', b'\xe2\x96\x81\xd0\xbb\xd1\x8b\xd0\xb9', b'\xe2\x96\x81\xd0\xb2\xd0\xbe\xd0\xb4\xd0\xb7\xd1\x81\xd1\x8c\xd1\x8b', b'\xe2\x96\x81\xd1\x8b\xd0\xbb', b'\xe2\x96\x81\xd0\xb0\xd0\xb4\xd0\xb4\xd0\xb7\xd0\xb8\xd1\x81', b'\xd0\xb7\xd0\xb0\xd1\x86', b'\xd0\xb1\xd0\xb5', b'\xe2\x96\x81\xd0\x92\xd0\xbe\xd0\xb9\xd0\xbd\xd0\xb0', b'\xe2\x96\x81\xd0\xb3\xd3\xa7\xd0\xb3\xd3\xa7\xd1\x80\xd0\xb2\xd0\xbe\xd1\x82\xd3\xa7\xd0\xbc', b'\xd0\xbf\xd1\x80\xd0\xb8\xd1\x8f\xd1\x82', b'\xe2\x96\x81\xd0\x9a\xd0\xbe\xd0\xbb\xd3\xa7', b'\xd3\xa7\xd0\xb4\xd1\x87\xd1\x8b\xd0\xbd\xd1\x8b', b'\xd1\x8b\xd0\xbb\xd1\x96', b'\xe2\x96\x81\xd0\xbf\xd0\xb5\xd0\xbc\xd1\x8b\xd0\xb4', b'\xe2\x96\x81\xd0\xbf\xd0\xbe\xd1\x81\xd1\x91\xd0\xbb\xd0\xbe\xd0\xba', b'\xd1\x8f\xd1\x81\xd1\x8c', b'\xe2\x96\x81\xd0\xbe', b'\xe2\x96\x81\xd0\xba\xd0\xbe\xd0\xbb\xd0\xb0\xd0\xbd\xd0\xb0', b'\xd0\xbe\xd0\xba', b'\xe2\x96\x81\xd0\xbf\xd1\x83\xd0\xbb\xd0\xb5\xd0\xbc\xd1\x91\xd1\x82', b'\xd1\x80\xd0\xbe\xd0\xb2', b'\xd0\xb0\xd0\xb2', b'\xd1\x80\xd0\xbe\xd0\xbd\xd0\xb5\xd0\xb2\xd0\xb8\xd0\xba', b'\xe2\x96\x81\xd0\xb6\xd1\x83\xd0\xb3\xd0\xbb\xd0\xb0\xd1\x81\xd1\x8c\xd3\xa7', b'\xd0\xbf\xd0\xbe', b'\xe2\x96\x81\xd0\xb4\xd0\xb5', b'\xe2\x96\x81\xd0\xb0\xd1\x87\xd1\x8b', b'\xe2\x96\x81\xd0\xb2\xd0\xbe\xd1\x81\xd1\x8c\xd1\x81\xd0\xb0', b'\xe2\x96\x81\xd1\x82\xd0\xbe\xd1\x80\xd0\xb9\xd3\xa7', b'\xd0\xb4\xd1\x96\xd1\x81', b'\xd0\xb5\xd1\x86', b'\xe2\x96\x81\xd1\x83\xd0\xbb\xd0\xb8\xd1\x87', b'\xd0\xb0\xd1\x8b\xd1\x81', b'\xe2\x96\x81\xd1\x87\xd0\xb8\xd0\xbd', b'\xe2\x96\x81\xd0\xb1\xd0\xb5\xd1\x80\xd0\xb3\xd3\xa7\xd0\xb4\xd1\x87', b'\xd1\x8c\xd1\x8b\xd1\x81', b'\xe2\x96\x81\xd0\xba\xd1\x83\xd1\x82\xd1\x87\xd1\x8b\xd1\x81', b'\xe2\x96\x81\xd1\x82\xd0\xbe\xd1\x80\xd0\xbc\xd0\xbe\xd0\xb7', b'\xe2\x96\x81\xd0\xb3\xd3\xa7\xd0\xb3\xd3\xa7\xd1\x80\xd0\xb2\xd0\xbe\xd0\xb8\xd1\x81', b'\xe2\x96\x81\xd1\x81\xd1\x8d\xd1\x82', b'\xd0\xb1\xd0\xbe\xd1\x80', b'\xe2\x96\x81\xd0\xb4\xd0\xbe', b'\xd1\x82\xd0\xba\xd0\xb0\xd1\x8f\xd1\x81', b'\xe2\x96\x81\xd1\x88\xd1\x83\xd0\xbc', b'\xe2\x96\x81\xd0\xba\xd0\xbe\xd1\x82\xd3\xa7\xd1\x80\xd1\x82', b'\xd1\x80\xd1\x83\xd0\xb6\xd0\xb8', b'\xd1\x82\xd1\x87\xd3\xa7\xd0\xbc', b'\xd0\xb0\xd0\xb7\xd0\xb0', b'\xe2\x96\x81\xd0\xa7\xd1\x83\xd0\xb6\xd3\xa7\xd0\xbc\xd1\x8b', b'\xe2\x96\x81\xd0\x9c\xd1\x83', b'\xe2\x96\x81\xd0\xb3\xd0\xbe\xd1\x80\xd0\xb7\xd1\x96', b'\xd1\x82\xd1\x88', b'\xe2\x96\x81\xd1\x87\xd0\xb5\xd1\x87\xd1\x87', b'\xe2\x96\x81\xd1\x83\xd0\xb4\xd0\xb6\xd0\xb0\xd0\xb2', b'\xe2\x96\x81\xd0\xbf\xd1\x83\xd0\xbb\xd1\x8f\xd1\x8f\xd1\x81', b'\xd0\xbd\xd1\x8c', b'\xe2\x96\x81\xd1\x85\xd0\xbe\xd0\xb4', b'\xd1\x85', b'\xe2\x96\x81\xd0\x97\xd0\xb0', b'\xd1\x82\xd1\x87\xd0\xb8\xd1\x81', b'\xd0\xb1\xd0\xb4\xd1\x96', b'\xe2\x96\x81\xd0\xa1\xd1\x8e\xd1\x80', b'\xe2\x96\x81\xd1\x88\xd1\x8b\xd0\xb1', b'\xe2\x96\x81\xd1\x81\xd1\x8f\xd1\x80', b'\xd0\xb3\xd3\xa7', b'\xe2\x96\x81\xd0\xbf\xd0\xb5\xd0\xbb\xd1\x8c', b'\xe2\x96\x81\xd1\x87\xd1\x83\xd1\x82', b'\xe2\x96\x81\xd0\xbf\xd0\xbe\xd1\x81\xd0\xbd\xd1\x8c\xd1\x8b\xd0\xb4', b'\xd0\xbf\xd3\xa7\xd1\x81\xd1\x8c', b'\xe2\x96\x81\xd1\x82\xd0\xbe\xd1\x80\xd0\xbf\xd1\x8b\xd1\x80\xd0\xb8\xd0\xb3\xd1\x8a\xd1\x8f\xd1\x81', b'\xe2\x96\x81\xd0\xba\xd0\xb8\xd1\x8f\xd1\x81', b'\xe2\x96\x81\xd0\xbf\xd0\xb0\xd1\x81\xd1\x8c\xd0\xba\xd3\xa7\xd0\xbc', b'\xe2\x96\x81\xd0\xbf\xd1\x8b\xd1\x80\xd1\x8b\xd1\x81', b'\xe2\x96\x81\xd1\x88\xd3\xa7', b'\xd0\xbf\xd0\xba', b'\xd1\x87\xd1\x8b\xd1\x81\xd1\x8c', b'\xe2\x96\x81\xd0\xb3\xd0\xb8\xd0\xb6', b'\xd1\x81\xd0\xb8\xd0\xbc', b'\xd3\xa7\xd0\xb3', b'\xd0\xb8\xd1\x81\xd1\x8c\xd0\xbc\xd3\xa7', b'\xe2\x96\x81\xd1\x81\xd1\x8e\xd1\x81\xd1\x8c', b'\xe2\x96\x81\xd0\xb9\xd3\xa7\xd0\xb9', b'\xe2\x96\x81\xd0\xba\xd0\xb5\xd1\x80', b'\xe2\x96\x81\xd0\xb8\xd0\xb7', b'\xe2\x96\x81\xd0\xba\xd1\x83\xd0\xbb\xd3\xa7\xd0\xbc', b'\xe2\x96\x81\xd0\xbb\xd0\xbe\xd0\xb2', b'\xe2\x96\x81\xd0\x93\xd1\x8b\xd1\x80', b'\xe2\x96\x81\xd0\xbf\xd1\x8b\xd0\xb2\xd1\x81\xd1\x8f\xd0\xbd\xd1\x8a\xd1\x8f\xd1\x81\xd1\x8b', b'\xd1\x82\xd0\xba\xd0\xb0', b'\xe2\x96\x81\xd0\xb2\xd0\xb8\xd1\x81\xd1\x8c\xd3\xa7', b'\xe2\x96\x81\xd0\xb6\xd1\x83\xd0\xb3\xd3\xa7\xd0\xb4', b'\xe2\x96\x81\xd1\x87\xd1\x8b\xd1\x88', b'\xe2\x96\x81\xd0\xba\xd1\x8b\xd0\xbf\xd1\x8b\xd0\xb4', b'\xe2\x96\x81\xd0\x9c\xd0\xbe\xd1\x80\xd1\x82', b'\xd0\xb8\xd0\xbd\xd3\xa7', b'\xd1\x8f\xd0\xb4', b'\xe2\x96\x81\xd1\x87\xd1\x83\xd0\xb6', b'\xe2\x96\x81\xd0\x9a\xd0\xbe', b'\xe2\x96\x81\xd0\xb2\xd0\xb5\xd1\x82\xd0\xbb\xd3\xa7\xd0\xb4\xd0\xbb\xd1\x96', b'\xe2\x96\x81\xd1\x81\xd0\xb0\xd1\x80\xd0\xb0\xd0\xb9', b'\xe2\x96\x81\xd0\xb2\xd0\xbe\xd1\x82\xd3\xa7\xd1\x81', b'\xe2\x96\x81\xd0\xba\xd1\x8b\xd0\xb9\xd0\xb8', b'\xe2\x96\x81\xd3\xa7\xd1\x82\xd0\xbd\xd0\xb0', b'\xe2\x96\x81\xd0\xbf\xd1\x83\xd0\xba\xd0\xb0\xd0\xbb', b'\xd1\x88\xd0\xba\xd0\xb0', b'\xd0\xba\xd0\xb0\xd0\xbd', b'\xe2\x96\x81\xd0\xb1\xd0\xb0\xd0\xb4\xd1\x8c', b'\xe2\x96\x81\xd0\xbf\xd0\xb5\xd1\x80\xd0\xb9', b'\xd0\xb9\xd3\xa7\xd0\xb4\xd0\xbb', b'\xe2\x96\x81\xd1\x88\xd0\xbf', b'\xd0\xbd\xd1\x8f\xd0\xbb\xd1\x96\xd1\x81', b'\xe2\x96\x81\xd0\x9b\xd1\x8c\xd3\xa7\xd0\xbc', b'\xd1\x82\xd0\xbe\xd1\x80\xd1\x8a\xd1\x8f\xd1\x81', b'\xe2\x96\x81\xd0\xbb\xd0\xbe\xd0\xb3', b'\xe2\x96\x81\xd0\xbf\xd1\x8b\xd0\xb4', b'\xe2\x96\x81\xd0\xbf\xd3\xa7\xd0\xbb\xd1\x8b\xd0\xbd\xd1\x8c\xd1\x82', b'\xe2\x96\x81\xd0\xb2\xd3\xa7\xd0\xb9', b'\xe2\x96\x81\xd0\xbf\xd1\x8b\xd0\xb2\xd1\x81\xd1\x8f\xd0\xbd', b'\xe2\x96\x81\xd0\xbe\xd0\xbb\xd0\xb0\xd0\xbd', b'\xe2\x96\x81\xd3\xa7\xd1\x88\xd0\xb8\xd0\xbd\xd1\x8c\xd1\x8f\xd1\x81', b'\xe2\x96\x81\xd1\x81\xd1\x96\xd1\x81\xd1\x8c', b'\xe2\x96\x81\xd0\xa2\xd1\x83', b'\xd1\x8a', b'\xe2\x96\x81\xd0\xbf\xd1\x83\xd0\xba\xd1\x81', b'\xd1\x82\xd0\xb0\xd0\xbd\xd1\x96', b'\xe2\x96\x81\xd0\xbf\xd3\xa7\xd1\x80\xd1\x8b\xd1\x81\xd1\x8c', b'\xe2\x96\x81\xd0\xba\xd0\xb0\xd1\x82\xd1\x88\xd0\xb0', b'\xd0\xba\xd3\xa7\xd0\xbc', b'\xe2\x96\x81\xd0\xbb\xd1\x8d\xd0\xb1\xd0\xb0', b'\xe2\x96\x81\xd0\xb4\xd0\xb7\xd0\xbe\xd0\xbb\xd1\x8c\xd0\xb7\xd1\x8c', b'\xe2\x96\x81\xd0\xbf\xd0\xb0\xd0\xbb', b'\xe2\x96\x81\xd0\xbf\xd0\xb0\xd1\x80\xd0\xbc\xd0\xb0', b'\xe2\x96\x81\xd0\xb2\xd1\x83', b'\xe2\x96\x81\xd0\xbf\xd0\xb0\xd1\x81\xd1\x8c', b'\xe2\x96\x81\xd0\xb3\xd0\xbe', b'\xe2\x96\x81\xd0\xbf\xd0\xb5\xd1\x82\xd0\xb0\xd0\xb2', b'\xe2\x96\x81\xd0\x9a\xd3\xa7\xd1\x87', b'\xd1\x8b\xd1\x88', b'\xd0\xb4\xd0\xbe\xd0\xbd', b'\xe2\x96\x81\xd0\x9f\xd0\xb5\xd1\x82', b'\xd1\x80\xd3\xa7', b'\xe2\x96\x81\xd0\x9a\xd0\xbe\xd0\xb4', b'\xe2\x96\x81\xd0\xb2\xd0\xb8\xd0\xb7\xd1\x83\xd0\xb2', b'\xe2\x96\x81\xd0\xbc\xd1\x8b\xd0\xb9\xd1\x82\xd0\xb0', b'\xd0\xb4\xd1\x8b\xd1\x88\xd1\x82', b'\xe2\x96\x81\xd0\xb3\xd0\xbe\xd0\xb7', b'\xd0\xbb\xd1\x8c\xd0\xba', b'\xe2\x96\x81\xd0\x9c\xd0\xb8\xd1\x85\xd0\xb0', b'\xe2\x96\x81\xd0\x9f\xd0\xb0\xd1\x80', b'\xe2\x96\x81\xd0\xb3\xd0\xb8\xd0\xb6\xd3\xa7\xd0\xb4', b'\xe2\x96\x81\xd0\x90\xd0\xb4\xd0\xb4\xd0\xb7', b'\xe2\x96\x81\xd0\xba\xd0\xbe\xd0\xb4\xd0\xb7\xd1\x83\xd0\xb2', b'\xd0\xb0\xd1\x82\xd1\x8c', b'\xd1\x82\xd0\xb0', b'\xe2\x96\x81\xd0\xbf\xd0\xbe\xd1\x81\xd0\xbd\xd1\x8c\xd1\x8b\xd0\xb4\xd0\xb8\xd0\xba', b'\xe2\x96\x81\xd0\xb2\xd0\xb5\xd0\xb6', b'\xd0\xb9\xd1\x8b\xd1\x81', b'\xe2\x96\x81\xd0\xae', b'\xd0\xb7\xd1\x8b', b'\xe2\x96\x81\xd0\xbd\xd1\x8e', b'\xe2\x96\x81\xd0\xbb\xd1\x8b\xd0\xbc', b'\xe2\x96\x81\xd0\xb4\xd0\xbe\xd0\xb7', b'\xe2\x96\x81\xd0\xb2\xd0\xb8\xd0\xb7\xd1\x83\xd0\xbb', b'\xe2\x96\x81\xd1\x80\xd3\xa7\xd0\xbc', b'\xe2\x96\x81\xd0\xba\xd1\x8b\xd0\xb2\xd1\x82', b'\xe2\x96\x81\xd0\xb3\xd1\x8b', b'\xe2\x96\x81\xd0\xbd\xd1\x8b\xd0\xb2\xd0\xba\xd0\xb0', b'\xe2\x96\x81\xd1\x82\xd1\x83\xd0\xbd', b'\xe2\x96\x81\xd3\xa7\xd0\xb2\xd1\x82\xd1\x8b\xd1\x88\xd1\x82\xd1\x96\xd1\x81', b'\xe2\x96\x81\xd1\x83\xd0\xb2\xd1\x8a\xd1\x8f\xd1\x81', b'\xd0\xba\xd0\xbb\xd1\x8f', b'\xd0\xbf\xd1\x8b\xd1\x80', b'\xd1\x82\xd1\x8b\xd1\x88\xd1\x82\xd1\x96\xd1\x81', b'\xe2\x96\x81\xd0\xba\xd0\xbe\xd0\xbc', b'\xe2\x96\x81\xd0\xba\xd1\x8b\xd1\x82\xd1\x88', b'\xd0\xbe\xd0\xb2\xd1\x82\xd3\xa7\xd0\xbc', b'\xe2\x96\x81\xd0\xbf\xd1\x8b\xd0\xb7', b'\xe2\x96\x81\xd0\xba\xd0\xb0\xd1\x82\xd1\x82\xd1\x8c\xd1\x8b\xd1\x81', b'\xe2\x96\x81\xd0\xbf\xd3\xa7\xd0\xbb\xd3\xa7\xd1\x81', b'\xe2\x96\x81\xd0\xbb\xd1\x8d\xd0\xbf\xd1\x82', b'\xe2\x96\x81\xd0\xba\xd0\xb0\xd0\xb7\xd1\x8f\xd0\xbb\xd1\x96', b'\xe2\x96\x81\xd0\xb4\xd0\xb6\xd1\x8b\xd0\xbd', b'\xd0\xb2\xd1\x8b', b'\xe2\x96\x81\xd1\x87\xd0\xbe\xd1\x80\xd1\x8b\xd0\xb4', b'\xe2\x96\x81\xd0\xbc\xd0\xb8\xd1\x87\xd0\xbb\xd1\x83\xd0\xbd', b'\xe2\x96\x81\xd0\xb2\xd0\xb5\xd1\x80\xd0\xbc', b'\xe2\x96\x81\xd0\xa3\xd0\xbd\xd0\xb0', b'\xd0\xbb\xd1\x8f', b'\xe2\x96\x81\xd0\xb3\xd0\xb0\xd0\xb6', b'\xe2\x96\x81\xd0\xa8\xd0\xbe\xd0\xb3', b'\xd0\xb3\xd1\x8b\xd0\xbb\xd1\x8c', b'\xd3\xa7\xd0\xb2\xd0\xb0\xd1\x80', b'\xe2\x96\x81\xd1\x82\xd1\x8c\xd3\xa7\xd1\x82\xd0\xba\xd0\xb0', b'\xe2\x96\x81\xd0\xbf\xd1\x8b\xd0\xb7\xd1\x8c', b'\xe2\x96\x81\xd3\xa7\xd1\x88', b'\xe2\x96\x81\xd1\x81\xd1\x82\xd0\xb0\xd1\x80\xd0\xb8\xd0\xba', b'\xe2\x96\x81\xd0\xba\xd0\xb8\xd1\x81\xd1\x8c', b'\xe2\x96\x81\xd0\xb2\xd0\xb0\xd1\x81\xd3\xa7', b'\xd0\xb1\xd0\xbb\xd1\x8c\xd3\xa7', b'\xe2\x96\x81\xd0\xbf\xd1\x8b\xd0\xb4\xd3\xa7\xd1\x81', b'\xe2\x96\x81\xd0\xb4\xd0\xbe\xd0\xb7\xd0\xbc\xd3\xa7\xd1\x80', b'\xd1\x8b\xd1\x81\xd0\xbb\xd1\x8b', b'\xe2\x96\x81\xd1\x81\xd1\x91\xd1\x8f\xd0\xbd', b'\xd0\xb4\xd0\xb4\xd1\x8f\xd1\x81', b'\xe2\x96\x81\xd0\xbb\xd0\xbe\xd0\xba\xd1\x82\xd3\xa7', b'\xe2\x96\x81\xd0\xbc\xd0\xb0\xd1\x81\xd1\x82\xd0\xb5\xd1\x80', b'\xe2\x96\x81\xd0\xbc\xd0\xb0\xd1\x82\xd1\x96', b'\xe2\x96\x81\xd0\xb7\xd0\xbe\xd0\xbd', b'\xe2\x96\x81\xd1\x82\xd1\x83\xd1\x80', b'\xd1\x82\xd0\xb8\xd0\xbd', b'\xe2\x96\x81\xd0\x92\xd3\xa7\xd1\x80', b'\xe2\x96\x81\xd0\xbf\xd1\x8b\xd1\x80\xd1\x8b\xd1\x81\xd1\x8c', b'\xe2\x96\x81\xd0\xb7\xd0\xb2\xd0\xb5\xd1\x80\xd1\x8c', b'\xd0\xbf\xd1\x83\xd1\x80', b'\xe2\x96\x81\xd1\x8b\xd0\xbf\xd1\x8a\xd1\x8f\xd0\xbb', b'\xe2\x96\x81\xd1\x82\xd1\x88', b'\xe2\x96\x81\xd0\xb3\xd3\xa7', b'\xe2\x96\x81\xd0\xbc\xd0\xb0\xd0\xbc', b'\xd1\x81\xd1\x8f\xd0\xbc', b'\xe2\x96\x81\xd0\xbf\xd0\xbe\xd0\xbf', b'\xd1\x8f\xd0\xbb\xd1\x96\xd1\x81', b'\xe2\x96\x81\xd0\xb7\xd0\xb2\xd0\xb5\xd1\x80', b'\xe2\x96\x81\xd0\xbf\xd0\xbe\xd0\xb2', b'\xe2\x96\x81\xd1\x81\xd0\xb8\xd0\xba', b'\xe2\x96\x81\xd0\xbb\xd1\x8b\xd0\xb4\xd0\xb4\xd1\x8c\xd3\xa7\xd0\xb4\xd0\xbb', b'\xe2\x96\x81\xd1\x82\xd0\xbe\xd1\x80', b'\xd1\x82\xd1\x87\xd3\xa7\xd0\xbc\xd0\xb0', b'\xe2\x96\x81\xd0\xbf\xd0\xb5\xd1\x81\xd3\xa7\xd0\xbc', b'\xe2\x96\x81\xd0\xba\xd3\xa7\xd1\x80', b'\xe2\x96\x81\xd0\xbf\xd0\xb5\xd0\xbb\xd1\x8c\xd3\xa7\xd1\x81', b'\xe2\x96\x81\xd0\xba\xd0\xbe\xd0\xb9', b'\xe2\x96\x81\xd1\x8e\xd0\xb3\xd3\xa7\xd1\x80', b'\xe2\x96\x81\xd0\xb4\xd0\xb7\xd0\xb8\xd1\x80\xd1\x8b\xd0\xb4', b'\xe2\x96\x81\xd0\xba\xd0\xbe\xd0\xb2\xd1\x82', b'\xe2\x96\x81\xd3\xa7\xd0\xb7', b'\xe2\x96\x81\xd0\x93\xd3\xa7\xd0\xb3', b'\xd0\xbb\xd0\xb8\xd1\x82', b'\xd0\xba\xd0\xb0\xd0\xb7', b'\xe2\x96\x81\xd0\xb2\xd0\xb8\xd0\xb6', b'\xd1\x87\xd0\xb8\xd0\xba', b'\xe2\x96\x81\xd0\xbe\xd0\xbb\xd3\xa7', b'\xe2\x96\x81\xd0\xbb\xd3\xa7\xd1\x81\xd1\x8c\xd3\xa7\xd0\xb4\xd1\x87', b'\xe2\x96\x81\xd0\xbf\xd1\x8b', b'\xe2\x96\x81\xd0\xbb\xd1\x8b\xd1\x81', b'\xe2\x96\x81\xd0\xbd\xd1\x8f', b'\xe2\x96\x81\xd0\xb2\xd0\xb5\xd1\x80\xd0\xb0', b'\xd0\xbc\xd1\x8b', b'\xd1\x87\xd0\xb8', b'\xd0\xb3\xd0\xbe\xd1\x80\xd1\x83', b'\xe2\x96\x81\xd1\x83\xd0\xb2\xd1\x82\xd1\x87', b'\xd1\x82\xd3\xa7\xd0\xb4\xd0\xb7', b'\xd1\x82\xd0\xb0\xd1\x80', b'\xe2\x96\x81\xd0\xba\xd1\x8b\xd0\xbf', b'\xe2\x96\x81\xd0\x98\xd0\xb2\xd0\xb0\xd0\xbd\xd1\x8b\xd1\x87', b'\xe2\x96\x81\xd0\xb3\xd3\xa7\xd0\xb3\xd3\xa7\xd1\x80\xd0\xb1\xd0\xbe\xd0\xba', b'\xe2\x96\x81\xd1\x88\xd0\xb5\xd0\xbc\xd3\xa7\xd1\x81', b'\xe2\x96\x81\xd0\xbf\xd1\x83\xd0\xba\xd1\x81\xd1\x8c', b'\xe2\x96\x81\xd0\xb1\xd1\x8b\xd0\xb4\xd0\xbc\xd3\xa7\xd0\xbc', b'\xe2\x96\x81\xd0\xa1\xd0\xb8\xd0\xbd\xd1\x8a\xd1\x8f\xd1\x81', b'\xd0\xba\xd1\x8b\xd0\xb4\xd0\xb7', b'\xe2\x96\x81\xd0\xbb\xd1\x8b\xd0\xb4\xd0\xb4\xd1\x8c\xd1\x8b', b'\xe2\x96\x81\xd0\xb9\xd3\xa7\xd1\x80', b'\xe2\x96\x81\xd0\xb4\xd0\xb5\xd0\xb4', b'\xe2\x96\x81\xd1\x87\xd3\xa7\xd0\xb2', b'\xe2\x96\x81\xd1\x81\xd1\x91\xd1\x80\xd0\xbd\xd0\xb8\xd1\x82\xd1\x96\xd1\x81', b'\xe2\x96\x81\xd0\xb1\xd0\xbe\xd1\x81\xd1\x8c\xd1\x82\xd3\xa7', b'\xe2\x96\x81\xd0\x92\xd3\xa7', b'\xd1\x80\xd0\xb0\xd0\xbb\xd0\xb0\xd0\xbd', b'\xe2\x96\x81\xd0\xbf\xd1\x83\xd0\xba\xd0\xb0\xd0\xbb\xd1\x96\xd1\x81', b'\xe2\x96\x81\xd0\xba\xd0\xbe\xd0\xb9\xd0\xbc\xd3\xa7\xd0\xb4', b'\xe2\x96\x81\xd0\xba\xd0\xbb\xd0\xb5', b'\xd0\xb2\xd0\xb5\xd1\x80', b'\xd0\xb5\xd1\x82\xd1\x80', b'\xe2\x96\x81\xd1\x87\xd0\xb0', b'\xe2\x96\x81\xd0\xbf\xd3\xa7\xd1\x87', b'\xd0\xbe\xd0\xb9\xd0\xb4', b'\xe2\x96\x81\xd0\x9f\xd0\xb5\xd1\x88\xd0\xba\xd0\xb8\xd0\xbd\xd1\x8a\xd1\x8f\xd1\x81', b'\xd1\x80\xd0\xb5', b'\xd0\xb8\xd0\xbd\xd1\x8a\xd1\x8f\xd1\x81\xd3\xa7', b'\xd1\x82\xd0\xb5\xd0\xbf', b'\xe2\x96\x81\xd0\xb2\xd1\x83\xd0\xb7\xd0\xb0', b'\xe2\x96\x81\xd1\x88\xd1\x8b\xd0\xb4\xd3\xa7\xd1\x81\xd1\x8a\xd1\x8f\xd1\x81', b'\xe2\x96\x81\xd0\xb0\xd1\x81\xd0\xbb\xd0\xb0\xd0\xbd\xd1\x8b', b'\xe2\x96\x81\xd1\x81\xd0\xbe\xd0\xb2\xd1\x8a\xd1\x8f\xd1\x81', b'\xe2\x96\x81\xd0\xb1\xd0\xbe\xd1\x81\xd1\x8c\xd1\x82\xd3\xa7\xd0\xbc\xd0\xb0', b'\xe2\x96\x81\xd0\xb4\xd0\xbe\xd0\xb9', b'\xe2\x96\x81\xd0\xb4\xd0\xbe\xd0\xbd', b'\xe2\x96\x81\xd0\xb1\xd0\xbe\xd1\x81\xd1\x8c\xd1\x82', b'\xe2\x96\x81\xd1\x88\xd0\xbe\xd0\xb9', b'\xe2\x96\x81\xd0\xb2\xd0\xb5\xd1\x88\xd0\xb9\xd1\x8b', b'\xe2\x96\x81\xd0\xb2\xd0\xb8\xd0\xb4\xd0\xb7\xd3\xa7\xd0\xb4\xd0\xbb\xd0\xb0\xd1\x81', b'\xe2\x96\x81\xd1\x81\xd3\xa7\xd0\xb2', b'\xe2\x96\x81\xd0\x9c', b'\xe2\x96\x81\xd0\x99', b'\xd0\xb4\xd0\xbc\xd3\xa7\xd0\xbc', b'\xe2\x96\x81\xd0\xb2\xd3\xa7\xd1\x80\xd1\x8a\xd1\x8f\xd1\x81', b'\xe2\x96\x81\xd1\x81\xd1\x83\xd0\xbb\xd0\xb0\xd0\xbb', b'\xe2\x96\x81\xd0\xbf\xd1\x80\xd0\xb8', b'\xd0\xb8\xd1\x82\xd0\xb5', b'\xe2\x96\x81\xd3\xa7\xd1\x82\xd0\xba\xd0\xbe\xd0\xb4\xd1\x8c', b'\xd0\xb4\xd0\xb6\xd1\x8b\xd0\xba\xd1\x8a\xd1\x8f\xd1\x81', b'\xd1\x82\xd0\xb0\xd1\x82\xd1\x88\xd3\xa7\xd0\xbc', b'\xd0\xb7\xd1\x8c\xd3\xa7\xd0\xb4', b'\xe2\x96\x81\xd1\x82\xd0\xb0\xd0\xb9', b'\xd0\xb0\xd1\x88', b'\xd0\xb5\xd1\x8b\xd1\x81', b'\xd0\xb0\xd1\x80\xd1\x82\xd0\xb8', b'\xd1\x82\xd1\x83\xd1\x81\xd1\x8c\xd3\xa7\xd1\x81\xd1\x8c', b'\xe2\x96\x81\xd3\xa7\xd1\x82\xd0\xb0\xd1\x80', b'\xe2\x96\x81\xd1\x81\xd0\xbf\xd0\xb5', b'\xd1\x8b\xd0\xbc\xd1\x8b\xd0\xbd', b'\xe2\x96\x81\xd0\xb2\xd0\xb8', b'\xe2\x96\x81\xd0\xbb\xd3\xa7\xd0\xb3', b'\xe2\x96\x81\xd1\x82\xd1\x83\xd0\xb8\xd1\x81', b'\xd0\xb2\xd0\xbb\xd1\x8b', b'\xd3\xa7\xd1\x80\xd1\x8a\xd1\x8f\xd1\x81', b'\xd0\xba\xd0\xbe\xd0\xb4\xd1\x8f', b'6', b'\xe2\x96\x81\xd0\xb2\xd0\xbe\xd3\xa7\xd0\xbc', b'\xe2\x96\x81\xd0\xa1\xd1\x82\xd0\xb0\xd0\xb2\xd1\x81', b'\xd0\xbc\xd3\xa7\xd1\x81', b'\xe2\x96\x81\xd0\xbf\xd0\xb5\xd1\x82\xd0\xba\xd3\xa7\xd0\xb4\xd0\xbb', b'\xd1\x88\xd0\xb5\xd0\xb4', b'\xd0\xb8\xd1\x82\xd1\x87\xd3\xa7\xd0\xbc', b'\xe2\x96\x81\xd1\x83\xd1\x81\xd0\xbf\xd0\xb5', b'\xd1\x88\xd0\xbd\xd3\xa7', b'\xd1\x82\xd0\xb0\xd0\xbb\xd0\xb8\xd0\xbd', b'\xe2\x96\x81\xd0\xbf\xd1\x83\xd0\xba\xd1\x82\xd3\xa7', b'\xd0\xbe\xd0\xba\xd1\x8a\xd1\x8f\xd1\x81', b'\xd0\xb5\xd1\x85', b'\xd0\xbd\xd0\xb8', b'3', b'\xe2\x96\x81\xd0\xa7\xd0\xb5\xd1\x80', b'\xe2\x96\x81\xd0\xa7\xd1\x83', b'\xd0\xbf\xd1\x80\xd0\xbe', b'\xe2\x96\x81\xd0\xb1\xd0\xbe\xd1\x81\xd1\x8c\xd1\x82\xd3\xa7\xd0\xbc', b'\xd0\xb7\xd0\xbe\xd0\xbd', b'\xd0\xbc\xd0\xb0\xd1\x81\xd1\x8c\xd3\xa7\xd0\xbc', b'\xd0\xb4\xd1\x80\xd0\xb0\xd0\xbb', b'\xe2\x96\x81\xd1\x81\xd1\x91\xd1\x80', b'\xd0\xba\xd1\x8b\xd0\xbc\xd1\x8b\xd0\xbd', b'\xd0\xb5\xd0\xbd\xd0\xbd\xd3\xa7', b'\xd0\xbd\xd0\xb8\xd0\xbd', b'\xd0\xb3\xd1\x8a\xd1\x8f\xd1\x81', b'\xd0\xb4\xd0\xbe', b'\xd1\x86\xd0\xb5\xd0\xbd', b'\xd0\xb8\xd0\xb2\xd0\xb0', b'\xe2\x96\x81\xd0\xbc\xd0\xb0\xd1\x88\xd0\xb8\xd0\xbd', b'\xd0\xbd\xd1\x82\xd0\xb8', b'\xd0\xba\xd0\xb0\xd3\xa7', b'\xd1\x8b\xd1\x82\xd1\x88\xd0\xba\xd0\xb0', b'\xd0\xbb\xd1\x8c\xd0\xb7', b'\xd1\x83\xd1\x81\xd1\x8c\xd3\xa7', b'\xd1\x80\xd0\xb8\xd0\xb3\xd0\xb0', b'\xd0\xb4\xd0\xb8\xd1\x80', b'\xe2\x96\x81\xd0\xbb\xd1\x8b\xd0\xb4\xd0\xb4\xd1\x8c\xd3\xa7', b'\xd0\xb7\xd0\xb0\xd0\xbd', b'\xe2\x96\x81\xd0\xba\xd0\xbe\xd0\xbb\xd1\x8c', b'\xe2\x96\x81\xd1\x84', b'\xe2\x96\x81\xd0\xb8\xd0\xb4\xd1\x80\xd0\xb0\xd0\xbb', b'\xe2\x96\x81\xd0\xbb\xd1\x8b\xd0\xb4\xd0\xb4\xd1\x8c\xd1\x8b\xd1\x81', b'\xd0\xb1\xd0\xb0\xd1\x80', b'\xd1\x8a\xd1\x8f\xd1\x81\xd3\xa7', b'\xd0\xb4\xd1\x8a\xd1\x8f\xd1\x81\xd3\xa7', b'\xd0\xba\xd0\xbe\xd0\xbc', b'\xd0\xbe\xd1\x80\xd0\xb3', b'\xd0\xb0\xd0\xbd\xd0\xb8\xd0\xb7\xd0\xb0', b'\xd0\xb0\xd0\xb3', b'\xd0\xb0\xd1\x86\xd0\xb8', b'\xd0\xb2\xd0\xb8\xd0\xb6', b'\xd0\xb5\xd0\xbd\xd0\xb8\xd0\xb5', b'\xe2\x96\x81\xd1\x81\xd1\x82\xd0\xb0\xd0\xb2\xd1\x81', b'\xd0\xbc\xd0\xb0\xd1\x8f\xd1\x81', b'\xd0\xb4\xd1\x8c', b'\xd0\xb9\xd3\xa7\xd0\xb7', b'\xe2\x96\x81\xd0\xbb\xd1\x8b\xd0\xb4\xd0\xb4', b'\xe2\x96\x81\xd0\xbb\xd0\xbe\xd0\xb0', b'\xe2\x96\x81\xd0\xba\xd1\x83\xd1\x82\xd0\xb0', b'\xe2\x96\x81\xd1\x81\xd0\xb2', b'\xd0\xb6\xd0\xb0\xd0\xb2', b'\xd0\xbf\xd0\xbe\xd1\x80', b'\xd1\x83\xd1\x80\xd0\xb0', b'\xd0\xb9\xd1\x8f\xd1\x81\xd0\xbb', b'\xe2\x96\x81\xd0\xbc\xd3\xa7\xd0\xb4\xd0\xb0', b'\xe2\x96\x81\xd1\x85', b'\xd0\xb7\xd0\xb8\xd0\xba', b'\xd0\xb6\xd0\xb0\xd0\xb9', b'\xe2\x96\x81\xd0\xbb\xd0\xbe\xd0\xba\xd1\x82', b'\xe2\x96\x81\xd0\xba\xd0\xbe\xd0\xba\xd0\xbd\xd1\x8c', b'\xe2\x96\x81\xd0\xbf\xd3\xa7\xd0\xbb', b'\xd1\x8c\xd1\x8b\xd1\x88\xd1\x82', b'\xe2\x96\x81\xd0\xba\xd0\xbe\xd0\xba\xd0\xbd', b'\xd0\xbb\xd1\x8f\xd1\x8f\xd1\x81', b'\xe2\x96\x81\xd0\xb4\xd1\x96', b'\xe2\x96\x81\xd1\x8b\xd0\xbb\xd1\x8b\xd1\x81', b'\xd1\x88\xd0\xb0\xd1\x81', b'\xd0\xbc\xd3\xa7\xd1\x80\xd1\x8b\xd1\x81', b'\xe2\x96\x81\xd0\xb3\xd1\x8b\xd0\xbc\xd0\xb0', b'\xe2\x96\x81\xd0\xb3\xd1\x8b\xd0\xbc\xd0\xb0\xd0\xbb', b'\xe2\x96\x81\xd0\xbf\xd0\xb0\xd1\x81\xd1\x8c\xd0\xba', b'\xe2\x96\x81\xd0\xb7\xd1\x8d\xd1\x80\xd3\xa7', b'\xd0\xb4\xd0\xb7\xd3\xa7\xd0\xb4\xd1\x96', b'\xd0\xba\xd0\xb0\xd1\x8f', b'\xe2\x96\x81\xd1\x91', b'\xd1\x82\xd1\x88\xd0\xb8\xd1\x81', b'\xd1\x88\xd3\xa7', b'\xe2\x96\x81\xd1\x88\xd0\xb5\xd1\x80', b'\xd1\x81\xd1\x8c\xd0\xbb', b'\xd1\x87\xd0\xb0\xd1\x80\xd0\xb4\xd0\xb0', b'\xd1\x8f\xd1\x81\xd1\x8b\xd1\x81', b'\xd3\xa7\xd0\xb4\xd0\xbb\xd1\x96\xd1\x81', b'\xd3\xa7\xd1\x87\xd0\xbd\xd1\x8b', b'\xd1\x8b\xd1\x80\xd0\xb8', b'\xd0\xba\xd0\xb0\xd1\x81', b'\xe2\x96\x81\xd1\x81\xd1\x83\xd0\xb2\xd1\x82', b'\xd0\xb3\xd0\xb0\xd0\xb4', b'\xe2\x96\x81\xd0\xb4\xd1\x83', b'\xd1\x88\xd1\x82\xd1\x96', b'\xd0\xbe\xd0\xb4\xd0\xb4\xd0\xb7\xd0\xb0', b'\xd1\x80\xd0\xb0', b'\xe2\x96\x81\xd0\xb3\xd1\x8b\xd0\xbc', b'\xd1\x80\xd3\xa7\xd0\xb4', b'\xe2\x96\x81\xd0\xb1\xd0\xbe\xd0\xbb', b'\xd0\xb5\xd1\x80\xd0\xba\xd0\xb0', b'\xd0\xbf\xd0\xb0\xd1\x81\xd1\x8c\xd0\xba\xd3\xa7\xd0\xbc', b'\xe2\x96\x81\xd1\x82', b'\xd1\x87\xd1\x87\xd3\xa7', b'\xe2\x96\x81\xd1\x88\xd0\xbe\xd0\xbd', b'\xd0\xba\xd1\x81\xd1\x8c\xd1\x8b', b'\xd0\xbb\xd1\x8c\xd3\xa7\xd0\xb4\xd1\x87', b'\xd0\xb5\xd1\x80\xd1\x8b\xd1\x81', b'\xe2\x96\x81\xd0\xa7\xd0\xb5', b'\xd0\xb3\xd0\xbb\xd0\xb0', b'\xd0\xbf\xd0\xb5\xd0\xbb\xd1\x8c', b'\xd3\xa7\xd1\x81\xd1\x8a\xd1\x8f\xd1\x81', b'\xe2\x96\x81\xd1\x87\xd0\xb0\xd1\x88', b'\xd1\x8b\xd0\xbb\xd1\x8b\xd1\x81', b'\xd0\xb0\xd1\x80\xd1\x88', b'\xd0\xb5\xd0\xbd', b'\xe2\x96\x81\xd0\x9c\xd0\xbe', b'\xd1\x80\xd0\xb5\xd0\xbc', b'\xe2\x96\x81\xd0\xbb\xd0\xbe\xd0\xbb', b'\xd0\xbc\xd0\xb5', b'\xd0\xb0\xd1\x82\xd0\xb5\xd0\xbb\xd1\x8c', b'\xd0\xb6\xd0\xb5\xd0\xbd\xd1\x8c\xd1\x8b\xd0\xb4', b'\xe2\x96\x81\xd0\xb2\xd0\xb8\xd1\x81\xd1\x8c\xd1\x82', b'\xd1\x8b\xd0\xba\xd0\xbd', b'\xd0\xbe\xd0\xb2\xd0\xb5', b'\xd1\x84\xd1\x80', b'\xd0\xbe\xd0\xbd\xd1\x82', b'\xe2\x96\x81\xd0\xba\xd1\x80\xd0\xb0\xd1\x81\xd0\xbd', b'\xd0\xb0\xd1\x80\xd0\xbc', b'\xd0\xa6', b'\xd0\xb8\xd1\x86', b'\xd1\x83\xd0\xb4\xd0\xb8', b'\xd1\x8b\xd0\xb2\xd1\x8a\xd1\x8f\xd1\x81', b'\xd0\xba\xd0\xb0\xd1\x8f\xd1\x81', b'\xd0\xbd\xd0\xb8\xd1\x86\xd0\xb0', b'\xe2\x96\x81\xd0\xb3\xd0\xbe\xd1\x80\xd0\xb7', b'\xd1\x88\xd0\xb8', b'\xe2\x96\x81\xd0\xbb\xd1\x8d\xd0\xb1\xd1\x8b', b'\xd0\xba\xd0\xbe\xd0\xb4', b'\xe2\x96\x81\xd0\xb2\xd3\xa7\xd1\x87\xd3\xa7', b'\xd0\xb5\xd0\xbb\xd3\xa7\xd0\xb9', b'\xe2\x96\x81\xd0\xb4\xd0\xb7\xd0\xb5\xd0\xb1\xd1\x81', b'\xd0\xb5\xd1\x88\xd0\xb8\xd1\x82', b'\xe2\x96\x81\xd0\xb1\xd1\x80\xd0\xbe\xd0\xbd\xd0\xb5\xd0\xb2\xd0\xb8', b'\xe2\x96\x81\xd0\xb1\xd1\x80\xd0\xbe\xd0\xbd', b'\xd0\xb0\xd0\xbd\xd0\xbd\xd3\xa7\xd0\xb9', b'\xd1\x82\xd0\xbe', b'\xe2\x96\x81\xd1\x83\xd0\xbb\xd0\xb0', b'\xd0\xb8\xd0\xb7\xd0\xb2', b'\xd0\xb5\xd1\x81\xd1\x82\xd0\xbd\xd3\xa7', b'\xe2\x96\x81\xd0\xba\xd0\xbe\xd0\xbc\xd0\xb0\xd0\xbd\xd0\xb4', b'\xd1\x8b\xd0\xb4\xd0\xb0\xd0\xbb\xd3\xa7', b'\xe2\x96\x81\xd0\xb2\xd1\x8b\xd0\xbd\xd1\x81', b'\xd0\xb5\xd1\x80\xd0\xb5\xd1\x83\xd0\xbb\xd0\xbe\xd0\xba', b'\xe2\x96\x81\xd0\xbf\xd0\xb5\xd1\x82', b'\xd0\xbc\xd0\xb0\xd0\xb2', b'\xd3\xa7\xd1\x81\xd1\x8a\xd1\x8f\xd1\x81\xd1\x81', b'\xe2\x96\x81\xd0\xb2\xd0\xbe\xd0\xbe', b'\xd0\xb5\xd0\xbb\xd3\xa7\xd0\xb9\xd1\x8f\xd1\x81', b'\xe2\x96\x81\xd0\xbc\xd0\xb5\xd0\xbb', b'\xd0\xb8\xd1\x82\xd1\x96', b'\xd0\xba\xd0\xbd\xd0\xb8', b'\xe2\x96\x81\xd1\x83\xd0\xb4\xd0\xb8\xd1\x82', b'\xe2\x96\x81\xd0\xba\xd0\xb0\xd0\xb7\xd0\xb0', b'\xd0\xb3\xd1\x82\xd1\x8b\xd1\x80', b'\xd0\xbc\xd0\xb8\xd1\x82', b'\xd0\xb4\xd1\x96\xd0\xbd', b'\xd0\xb0\xd0\xbd\xd0\xb4\xd0\xb8', b'\xd1\x80\xd1\x87\xd1\x87\xd3\xa7', b'\xd1\x82\xd1\x80\xd0\xb0\xd0\xba', b'\xe2\x96\x81\xd1\x80\xd1\x8b', b'\xd1\x87\xd0\xb0', b'\xd1\x80\xd1\x82\xd0\xb8', b'\xe2\x96\x81\xd0\xbc\xd0\xb8\xd1\x8f\xd0\xbd\xd0\xbb\xd1\x8b', b'\xe2\x96\x81\xd1\x81\xd0\xb8', b'\xd0\xbb\xd0\xb0\xd1\x81\xd1\x8c\xd3\xa7', b'\xd0\xb2\xd0\xb0\xd3\xa7', b'\xe2\x96\x81\xd0\xbf\xd0\xb5\xd1\x80\xd0\xb5', b'\xd0\xba\xd0\xb0\xd1\x8f\xd1\x81\xd1\x8b\xd1\x81', b'\xe2\x96\x81\xd0\xbf\xd1\x8b\xd1\x82\xd1\x88', b'\xe2\x96\x81\xd0\xbf\xd0\xbe\xd1\x82', b'\xd1\x83\xd0\xbb\xd1\x8f\xd1\x8f\xd1\x81', b'\xe2\x96\x81\xd0\xbf\xd1\x8b\xd1\x80\xd3\xa7', b'\xd0\xbb\xd1\x8c\xd1\x8f\xd1\x81', b'\xd0\xbd\xd0\xb8\xd1\x82\xd3\xa7', b'\xd1\x82\xd0\xb0\xd0\xbb\xd3\xa7', b'\xd0\xb0\xd1\x81\xd1\x82\xd0\xb5\xd1\x80', b'\xd0\xbe\xd0\xbc\xd0\xb0\xd0\xbd\xd0\xb4\xd0\xb8\xd1\x80', b'\xd0\xbe\xd1\x80\xd1\x8b\xd0\xb4', b'\xd0\xbf\xd0\xbe\xd0\xbc', b'\xe2\x96\x81\xd0\xbf\xd0\xbe\xd0\xb2\xd0\xb7', b'\xe2\x96\x81\xd1\x81\xd1\x82\xd1\x80', b'\xd0\xba\xd0\xb5\xd0\xb6', b'\xe2\x96\x81\xd0\xbf\xd1\x8b\xd0\xb2\xd1\x81', b'\xd0\xbd\xd0\xb8\xd0\xb3\xd0\xb0', b'\xd1\x8b\xd0\xb2\xd0\xbb\xd0\xb0', b'\xd0\xb0\xd0\xba\xd0\xbe', b'\xe2\x96\x81\xd0\x93\xd0\xbe', b'\xd1\x80\xd1\x82', b'\xd1\x88\xd0\xb0', b'\xe2\x96\x81\xd0\xbf\xd3\xa7', b'\xe2\x96\x81\xd0\xbc\xd0\xb0\xd1\x82\xd1\x8b\xd1\x81', b'\xd0\xbc\xd3\xa7', b'\xe2\x96\x81\xd0\xb4\xd0\xbe\xd0\xbb', b'\xd0\xbc\xd0\xb5\xd1\x82', b'\xe2\x96\x81\xd1\x83\xd1\x81', b'\xd1\x81\xd1\x82\xd1\x8a\xd1\x8f\xd1\x81', b'\xd0\xb5\xd1\x81\xd1\x8c\xd0\xba\xd1\x8b\xd0\xb4', b'\xd0\xb2\xd1\x8b\xd0\xbb\xd1\x8b\xd0\xbd', b'\xe2\x96\x81\xd0\xbc\xd1\x83\xd1\x81', b'\xe2\x96\x81\xd0\xbb\xd1\x8f', b'\xd1\x8b\xd0\xb4\xd0\xb8\xd0\xba', b'\xe2\x96\x81\xd0\xbf\xd0\xb5\xd1\x82\xd0\xba\xd3\xa7\xd0\xb4', b'\xd1\x82\xd1\x83\xd0\xbb', b'\xd1\x80\xd0\xbe', b'\xd0\xba\xd0\xbe\xd0\xbf', b'\xd1\x8c\xd1\x8f', b'\xe2\x96\x81\xd0\xbd\xd0\xb8\xd0\xbc\xd0\xba\xd0\xbe\xd0\xb4', b'\xd1\x83\xd1\x82\xd1\x88\xd3\xa7\xd0\xbc', b'\xd1\x91\xd0\xbd', b'\xe2\x96\x81\xd0\xb2\xd1\x83\xd0\xb3\xd1\x80\xd0\xb0\xd1\x81', b'\xe2\x96\x81\xd0\xb0\xd0\xb4\xd0\xb4\xd0\xb7', b'\xe2\x96\x81\xd0\xbf\xd1\x80\xd3\xa7', b'\xe2\x96\x81\xd0\xba\xd0\xbe\xd0\xba\xd0\xb0', b'\xe2\x96\x81\xd1\x83\xd0\xb4', b'\xe2\x96\x81\xd0\x9a\xd0\xb5', b'\xd1\x87\xd1\x8c\xd1\x8f\xd1\x81\xd0\xbb', b'\xe2\x96\x81\xd0\x9f\xd0\xb0\xd1\x81\xd1\x8c', b'e', b'\xd0\xb2\xd1\x82\xd1\x82', b'\xd0\x96', b'\xd1\x80\xd1\x8b\xd1\x82', b'\xd0\xba\xd0\xb0\xd1\x80', b'\xd1\x83\xd1\x87', b'\xe2\x96\x81\xd0\x92\xd0\xb0\xd0\xbd\xd1\x8c', b'\xd1\x83\xd1\x80\xd1\x83\xd0\xbd', b'\xd0\xb8\xd1\x80\xd0\xb8', b'\xe2\x96\x81\xd3\xa6', b'\xd0\xbb\xd1\x8c\xd3\xa7', b'\xd0\xb5\xd1\x80\xd0\xbc\xd0\xb0', b'\xd1\x8c\xd3\xa7\xd0\xba\xd1\x8b\xd0\xb4', b'\xd0\xbb\xd0\xbe\xd0\xba', b'\xe2\x96\x81\xd0\xb1\xd1\x83\xd1\x80\xd3\xa7', b'\xd0\xbc\xd1\x8b\xd1\x88', b'\xd0\xb8\xd0\xbb', b'\xe2\x96\x81\xd0\xba\xd1\x8b\xd0\xb2', b'\xd0\xb1\xd1\x83\xd1\x80', b'\xd1\x8b\xd0\xb2\xd0\xbb\xd0\xb0\xd0\xbd', b'\xd0\xbe\xd0\xb9\xd0\xb2\xd1\x8b\xd0\xb2', b'\xd0\xbb\xd0\xb8\xd1\x81\xd1\x82', b'\xd0\xb0\xd1\x80\xd3\xa7\xd1\x81', b'\xd0\xb4\xd0\xb6\xd1\x8b\xd0\xbd', b'\xe2\x96\x81\xd0\x91\xd1\x8b', b'\xd1\x80\xd3\xa7\xd0\xb4\xd3\xa7\xd0\xbc', b'\xe2\x96\x81\xd0\xb1\xd1\x8b\xd0\xb4\xd0\xbc\xd3\xa7', b'\xd0\xb2\xd0\xb8\xd0\xb4\xd0\xb7\xd1\x8b\xd1\x81\xd1\x8c', b'\xd1\x8b\xd0\xb4\xd0\xb0', b'\xd1\x8c\xd3\xa7\xd0\xbc\xd0\xb0', b'\xe2\x96\x81\xd0\xbd\xd1\x8d', b'\xd1\x80\xd0\xb8', b'\xd0\xb3\xd1\x8b\xd0\xb4', b'\xd0\xb0\xd0\xbb\xd3\xa7\xd0\xbc', b'\xe2\x96\x81\xd0\xb2\xd0\xb5\xd1\x80', b'\xd0\xbb\xd0\xb0\xd0\xbb\xd3\xa7\xd0\xbc', b'\xd1\x80\xd0\xb4\xd1\x8b\xd0\xbc', b'\xd1\x8b\xd1\x81\xd1\x82\xd1\x87\xd1\x8b\xd0\xbb\xd1\x96\xd1\x81', b'\xe2\x96\x81\xd1\x88\xd1\x83\xd3\xa7', b'\xd0\xb2\xd0\xb5\xd0\xb2\xd1\x82', b'\xd0\xbe\xd0\xb4\xd0\xb7\xd1\x83\xd0\xb2', b'\xe2\x96\x81\xd0\xb3\xd3\xa7\xd1\x80\xd0\xb4\xd3\xa7\xd0\xb4', b'\xd0\xbd\xd1\x8a\xd1\x8f\xd1\x81\xd0\xbd\xd0\xb0', b'\xd0\xb7\xd1\x8c', b'\xd0\xba\xd0\xb0\xd0\xb9', b'\xd0\xbd\xd0\xb0\xd0\xb4', b'\xd0\xb1\xd1\x8b\xd1\x80', b'\xd0\xb3\xd1\x8b\xd1\x81', b'\xd0\xb5\xd0\xba', b'\xe2\x96\x81\xd0\xb6\xd1\x83', b'\xd0\xba\xd1\x83\xd0\xb9', b'\xd0\xbd\xd0\xb0\xd3\xa7', b'\xe2\x96\x81\xd0\xb2\xd0\xb5\xd1\x81\xd1\x8c\xd1\x82\xd3\xa7', b'\xe2\x96\x81\xd0\xb2\xd1\x83\xd0\xb3', b'\xd1\x8b\xd1\x80\xd3\xa7\xd0\xbd', b'\xd0\xbd\xd0\xb0\xd0\xbd', b'\xd0\xb9\xd3\xa7', b'y', b'\xe2\x96\x81\xd0\xb9\xd3\xa7', b'\xe2\x96\x81\xd0\x9e\xd0\xb7\xd1\x8b', b'\xd1\x81\xd0\xb5\xd1\x80\xd0\xb0', b'\xd1\x88\xd1\x83\xd0\xb4', b'\xe2\x96\x81\xd1\x87\xd1\x83\xd0\xba', b'\xe2\x96\x81\xd1\x82\xd3\xa7\xd0\xb4\xd0\xbb\xd3\xa7', b'\xd3\xa7\xd0\xb4\xd0\xbb\xd3\xa7', b'..', b'\xd0\xbe\xd0\xba\xd1\x82\xd3\xa7', b'\xd0\xbc\xd0\xb9\xd1\x8b', b'\xd0\xb4\xd0\xbb\xd1\x8b', b'\xe2\x96\x81\xd0\xb8\xd0\xb4', b'\xe2\x96\x81\xd0\xa1\xd1\x8e', b'\xd0\xb9\xd3\xa7\xd0\xbc\xd0\xb0', b'\xe2\x96\x81\xd0\xb1\xd0\xb5\xd1\x80', b'\xd0\xb4\xd0\xb0\xd1\x81', b'\xe2\x96\x81\xd1\x87', b'\xd0\xbe\xd0\xb9', b'\xe2\x96\x81\xd1\x87\xd0\xb8', b'\xd0\xbb\xd0\xbe\xd0\xb2', b'\xe2\x96\x81\xd0\xb2\xd1\x83\xd1\x80', b'\xe2\x96\x81\xd0\x9f\xd3\xa7', b'\xd0\xb3\xd3\xa7\xd0\xb3\xd3\xa7\xd1\x80', b'\xe2\x96\x81\xd0\x9f\xd0\xb0', b'\xd0\xb6\xd1\x8b\xd0\xbd', b'\xd0\xb7\xd1\x8f', b'\xd0\xbf\xd0\xbe\xd1\x81\xd0\xbd', b'\xd0\xbf\xd3\xa7\xd1\x80\xd1\x8b\xd1\x81', b'\xd1\x83\xd0\xbb\xd0\xb0', b'\xe2\x96\x81\xd1\x88\xd0\xb0', b'\xe2\x96\x81\xd1\x81\xd1\x91\xd1\x80\xd0\xbd\xd0\xb8', b'\xd3\xa7\xd1\x82\xd0\xba\xd0\xb0', b'\xe2\x96\x81\xd1\x81\xd0\xb0\xd1\x8f', b'\xd0\xbf\xd1\x83', b'\xd1\x8b\xd0\xb3', b';', b'\xe2\x96\x81\xd0\x9c\xd1\x8b', b'\xd1\x87\xd1\x87\xd1\x8b', b'\xe2\x96\x81\xd0\xb2\xd0\xb8\xd0\xb4\xd0\xb7\xd3\xa7', b'\xe2\x96\x81\xd0\xb1\xd0\xb5\xd1\x80\xd0\xb3\xd3\xa7\xd0\xb4', b'\xe2\x96\x81\xd0\x9a\xd1\x83', b'\xd0\xbb\xd3\xa7\xd0\xbc\xd0\xb0\xd3\xa7\xd1\x81', b'\xe2\x96\x81\xd0\xba\xd1\x83\xd0\xbb', b'\xd1\x8b\xd0\xb2\xd1\x81\xd1\x8f\xd0\xbd', b'\xe2\x96\x81\xd0\xb2\xd0\xb0\xd0\xb9', b'\xd0\xbc\xd3\xa7\xd0\xbc\xd0\xb0', b'\xd0\xbd\xd1\x8c\xd3\xa7', b'\xe2\x96\x81\xd0\xb3\xd0\xb5', b'\xd0\xb7\xd1\x8a\xd1\x8f\xd1\x81', b'\xd1\x82\xd0\xb0\xd0\xb2\xd0\xbb\xd1\x96', b'\xe2\x96\x81\xd0\xb9\xd1\x8b\xd0\xb2', b'\xd0\xb4\xd3\xa7\xd0\xbc', b'\xd0\xb8\xd0\xbd\xd1\x8c\xd1\x8f\xd1\x81', b'\xd0\xb9\xd0\xba\xd0\xbe\xd0\xb2', b'\xe2\x96\x81\xd1\x81\xd1\x83\xd0\xb4', b'\xd0\xb8\xd1\x8f', b'\xd0\xaf', b'\xe2\x96\x81\xd0\xa0\xd0\xbe', b'\xd1\x82\xd1\x88\xd1\x81', b'\xe2\x96\x81\xd0\xba\xd0\xbe\xd1\x80\xd1\x8a\xd1\x8f', b'\xd1\x87\xd0\xbe\xd1\x80', b'\xd0\xb6\xd0\xb0', b'\xd1\x96\xd0\xbd\xd3\xa7', b'\xe2\x96\x81\xd0\xbf\xd0\xb5', b'\xd0\xb0\xd0\xb4\xd1\x8c', b'\xd0\xb0\xd1\x81\xd1\x8a\xd1\x8f', b'\xd0\xb2\xd1\x82\xd3\xa7\xd0\xb4\xd0\xb7\xd1\x8b', b'\xd1\x8f\xd0\xbb\xd0\xb0', b'\xe2\x96\x81\xd1\x81\xd1\x8b\xd0\xbd', b'\xe2\x96\x81\xd0\xbf\xd0\xb5\xd0\xbc', b'\xd0\xb4\xd1\x8b', b'\xd0\xbe\xd0\xb7', b'\xe2\x96\x81\xd0\xbf\xd0\xbe\xd0\xb2\xd0\xb7\xd1\x8c\xd3\xa7\xd0\xb4', b'\xe2\x96\x81\xd1\x81\xd1\x8c\xd3\xa7\xd0\xbb', b'\xe2\x96\x81\xd0\xbf\xd0\xbe\xd0\xb7', b'o', b'\xd0\xb7\xd1\x8f\xd0\xbb', b'\xd0\xb4\xd0\xb5\xd0\xbb', b'\xd1\x83\xd0\xbb', b'\xd1\x8f\xd0\xb9\xd1\x82', b'\xe2\x96\x81\xd0\xb4\xd0\xb7\xd0\xbe\xd1\x80', b'\xe2\x96\x81\xd0\x9b\xd1\x8b', b'\xe2\x96\x81\xd0\xba\xd1\x8b\xd0\xbc\xd3\xa7', b'\xe2\x96\x81\xd1\x81\xd1\x91\xd1\x80\xd0\xbd\xd0\xb8\xd1\x82', b'\xe2\x96\x81\xd0\xbb\xd1\x8d\xd0\xb1', b'\xd0\xbe\xd1\x80\xd1\x82\xd3\xa7\xd0\xb4\xd0\xb7', b'\xd0\xb8\xd0\xb4\xd0\xb7\xd3\xa7', b'\xe2\x96\x81\xd1\x8e\xd3\xa7', b'\xd1\x80\xd1\x88', b'\xd1\x8b\xd1\x80', b'\xd1\x81\xd0\xb8', b'\xe2\x96\x81\xd0\xb2\xd0\xb0\xd3\xa7', b'\xe2\x96\x81\xd1\x8d\xd1\x81', b'\xd0\xba\xd1\x8b', b'\xd0\xba\xd3\xa7\xd1\x80\xd0\xbc', b'\xe2\x96\x81\xd0\x93\xd3\xa7', b'\xe2\x96\x81\xd0\xa1\xd1\x8d\xd0\xbd', b'\xe2\x96\x81\xd1\x8e\xd0\xb3', b'\xd0\xb2\xd0\xb8\xd1\x82', b'\xd1\x88\xd0\xb8\xd0\xbd', b'\xd0\xb4\xd0\xb4\xd1\x8c\xd3\xa7', b'\xd1\x87\xd0\xb5\xd1\x80', b'\xd1\x80\xd0\xbc\xd0\xb0', b'\xd0\xb2\xd0\xbd', b'\xd1\x83\xd0\xba\xd0\xb0', b'\xd0\xba\xd1\x8a\xd1\x8f', b'\xd0\xb2\xd0\xb0\xd0\xbd', b'\xd1\x88\xd1\x8b\xd0\xb4', b'\xd0\xba\xd1\x8b\xd1\x80', b'\xe2\x96\x81\xd0\x92\xd0\xbe\xd0\xb9', b'\xe2\x96\x81\xd0\xb2\xd0\xbe\xd1\x80', b'\xe2\x96\x81\xd0\xba\xd0\xbe\xd0\xb4\xd0\xb7\xd1\x83', b'\xe2\x96\x81\xd0\xa3\xd0\xbb', b'\xd0\xb8\xd1\x87', b'\xd1\x80\xd3\xa7\xd0\xbd', b'\xd0\xb8\xd0\xb4\xd0\xb7', b'\xd1\x81\xd0\xb8\xd0\xbd', b'\xe2\x96\x81\xd0\xba\xd0\xb8\xd0\xbb', b'\xd1\x82\xd1\x80\xd0\xb0', b'\xe2\x96\x81\xd1\x81\xd1\x83', b'\xd1\x80\xd1\x82\xd0\xbe', b'\xd0\xbb\xd1\x91', b'\xd0\xb4\xd1\x80\xd0\xb0', b'\xd1\x86\xd0\xb8\xd1\x8f', b'\xe2\x96\x81\xd1\x83\xd0\xb4\xd0\xb6\xd0\xb0', b'\xd0\xbc\xd0\xb0\xd1\x81\xd0\xb8\xd1\x81', b'\xd0\xb8\xd0\xbd\xd1\x8a\xd1\x8f\xd1\x81', b'\xe2\x96\x81\xd0\x9f\xd0\xbe', b'\xd0\xbd\xd0\xb5', b'\xd0\xbf\xd0\xb8', b'\xe2\x96\x81\xd0\xbb\xd3\xa7\xd1\x81\xd1\x8c\xd3\xa7\xd0\xb4', b'\xe2\x96\x81\xd0\xbb\xd1\x83', b'\xd1\x91\xd0\xbd\xd0\xba', b'\xd1\x8f\xd1\x8f', b'\xe2\x96\x81\xd1\x88\xd1\x8b\xd0\xb4', b'\xd0\xb4\xd0\xbe\xd1\x80\xd1\x8b\xd1\x81', b'\xd0\xa4', b'\xd0\xb5\xd0\xb4\xd1\x8c', b'\xd1\x81\xd1\x82\xd1\x80\xd0\xbe', b'\xd1\x82\xd1\x8c\xd3\xa7', b'\xe2\x96\x81\xd0\x9c\xd0\xbe\xd1\x80', b'\xd0\xbe\xd1\x85', b'\xd0\xb9\xd0\xbb', b'\xd0\xbe\xd0\xb2\xd0\xb8\xd1\x87', b'\xd0\xb7\xd1\x8b\xd1\x80', b'\xd0\xb0\xd0\xb2\xd0\xba\xd0\xb0', b'\xe2\x96\x81\xd0\x9b\xd0\xb0', b'\xd1\x81\xd0\xb8\xd1\x81', b'\xe2\x96\x81\xd0\xa2\xd1\x8d', b'\xd0\xbb\xd1\x96\xd0\xbd', b'\xd0\xb0\xd0\xba\xd0\xb0\xd1\x80', b'\xd0\xb7\xd0\xb0', b'\xd1\x81\xd0\xb5', b'\xd0\xb7\xd0\xbd\xd0\xb8', b'\xd1\x81\xd1\x96\xd0\xb9\xd3\xa7', b'\xe2\x96\x81\xd0\xba\xd1\x8b\xd0\xb4', b'\xe2\x96\x81\xd1\x81\xd1\x91', b'\xd0\xb2\xd1\x8a\xd1\x8f\xd1\x81\xd3\xa7', b'\xd0\xbb\xd0\xb0\xd0\xbd', b'\xd3\xa7\xd1\x82\xd1\x8b\xd1\x80', b'\xd1\x8b\xd1\x88\xd1\x8a\xd1\x8f', b'\xd1\x81\xd1\x8c\xd1\x82\xd0\xb0', b'\xd1\x87\xd1\x87\xd0\xb0', b'\xd0\xbb\xd3\xa7\xd0\xbc\xd1\x8a\xd1\x8f\xd1\x81', b'\xe2\x96\x81\xd0\xb2\xd0\xb8\xd0\xb4\xd0\xb7\xd3\xa7\xd0\xb4\xd0\xbb', b'\xd3\xa7\xd0\xbc\xd1\x8a\xd1\x8f\xd1\x81\xd1\x8b\xd1\x81', b'\xd0\xa1', b'\xd1\x8d\xd1\x82', b'\xd0\xb5\xd1\x82\xd0\xb8', b'\xd3\xa7\xd0\xb4\xd0\xb7\xd1\x8b\xd0\xb4', b'\xd0\xb2\xd0\xbe\xd0\xb4\xd0\xb7', b'\xd0\xbe\xd0\xb7\xd1\x8a\xd1\x8f\xd1\x81', b'\xe2\x96\x81\xd1\x81\xd1\x8e', b'\xd0\xbb\xd3\xa7\xd0\xbc\xd1\x8b\xd1\x81', b'\xd0\xbd\xd1\x96\xd1\x81', b'\xd3\xa7\xd0\xb1', b'\xe2\x96\x81\xd0\xa1\xd1\x8c\xd3\xa7', b'\xe2\x96\x81\xd1\x82\xd1\x8d\xd1\x80\xd0\xbc\xd0\xb0\xd1\x81', b'\xe2\x96\x81\xd0\xa7\xd0\xbe', b'\xd0\xb4\xd1\x8a\xd1\x8f\xd1\x81', b'\xd0\xb2\xd0\xb5', b'\xd1\x81\xd1\x82\xd0\xb0', b'\xe2\x96\x81\xd0\xb0\xd1\x80\xd0\xbb', b'\xe2\x96\x81\xd1\x88', b'\xd0\xb0\xd0\xbd\xd1\x8c\xd3\xa7', b'\xd1\x88\xd0\xba\xd0\xbe\xd0\xbb', b'\xe2\x96\x81\xd0\xbd\xd0\xb5\xd0\xba', b'\xe2\x96\x81\xd3\xa7\xd1\x88\xd0\xb8\xd0\xbd', b'\xe2\x96\x81\xd1\x82\xd1\x88\xd3\xa7\xd0\xba', b'\xd0\xbb\xd1\x8a\xd1\x8f\xd1\x81', b'\xd0\xbe\xd0\xbd\xd1\x8a\xd1\x8f\xd1\x81', b'\xe2\x96\x81\xd0\xba\xd0\xb8\xd1\x82\xd0\xb5\xd0\xbb', b'\xe2\x96\x81\xd0\x91\xd0\xb5', b'\xd0\xb3\xd0\xb0\xd0\xbb\xd0\xb0', b'\xd3\xa7\xd0\xbc\xd1\x82\xd0\xbe\xd1\x80', b'\xd0\xbf\xd0\xb0\xd1\x81\xd1\x8c\xd0\xba\xd1\x8b\xd0\xb4', b'\xd0\xb5\xd1\x80\xd0\xb8', b'\xe2\x96\x81\xd0\x94\xd0\xb6', b'\xd0\xb3\xd3\xa7\xd1\x80\xd1\x8a\xd1\x8f\xd1\x81', b'\xd0\xb0\xd1\x80\xd3\xa7', b'\xd1\x8b\xd1\x88\xd3\xa7\xd0\xb4', b'\xd0\xbe\xd0\xb9\xd0\xbc\xd3\xa7\xd0\xb4', b'\xe2\x96\x81\xd0\xb6\xd0\xb0\xd0\xbb', b'\xe2\x96\x81\xd1\x81\xd1\x83\xd0\xb2\xd1\x82\xd3\xa7', b'\xd0\xba\xd1\x8b\xd0\xb4', b'\xd1\x82\xd3\xa7\xd0\xbc\xd0\xb0', b'\xe2\x96\x81\xd0\x93\xd1\x80\xd0\xb8', b'\xd0\xb3\xd0\xbe\xd1\x80', b'\xd0\xb5\xd0\xb2\xd0\xb8\xd1\x87', b'\xe2\x96\x81\xd0\x92\xd0\xb0\xd0\xb4', b'\xd0\xbe\xd1\x80', b'\xd3\xa7\xd0\xb4\xd1\x8b\xd1\x81\xd1\x8c', b'\xd0\xba\xd1\x8b\xd1\x81', b'\xd1\x8b\xd0\xbb\xd1\x96\xd1\x81', b'\xd0\xba\xd0\xb8', b'\xe2\x96\x81\xd0\xba\xd0\xbe\xd1\x82', b'\xd0\xb7\xd0\xb8\xd1\x81', b'\xd0\xb5\xd0\xbd\xd1\x8c', b'\xd1\x86\xd0\xb8\xd0\xb0\xd0\xbb\xd0\xb8\xd1\x81\xd1\x82', b'\xe2\x96\x81\xd0\xb2\xd0\xb5\xd1\x82\xd0\xbb', b'\xd1\x8b\xd1\x82\xd3\xa7\xd0\xbc', b'\xd0\xb2\xd0\xbe\xd0\xbb', b'\xd1\x88\xd0\xb9\xd0\xb8\xd1\x81', b'\xd1\x81\xd1\x83\xd0\xb4', b'\xd0\xb7\xd1\x8c\xd1\x8b\xd1\x81\xd1\x8c', b'\xd1\x82\xd1\x87\xd1\x8b\xd0\xbd\xd1\x8b', b'\xd3\xa7\xd0\xb4\xd1\x8a\xd1\x8f', b'\xe2\x96\x81\xd0\xba\xd0\xb0\xd0\xb7\xd1\x8f', b'\xe2\x96\x81\xd0\xbf\xd0\xb5\xd1\x81\xd1\x82', b'\xe2\x96\x81\xd1\x82\xd0\xb0\xd1\x82', b'\xd1\x82\xd1\x87\xd1\x8b', b'\xd0\xba\xd0\xbe\xd0\xb2\xd1\x82']
2025-12-22 21:01:32,678 vocabulary size of 1781
2025-12-22 21:01:32,693 SequenceTagger predicts: Dictionary with 18 tags: <PAD>, NOUN, PUNCT, VERB, ADV, ADJ, PRON, ADP, AUX, CCONJ, SCONJ, DET, NUM, PROPN, PART, INTJ, <START>, <STOP>
2025-12-22 21:01:33,044 
Results:
- F-score (micro) 0.9101
- F-score (macro) 0.6367
- Accuracy 0.9101

By class:
              precision    recall  f1-score   support

       <PAD>     0.9963    1.0000    0.9982      1894
        NOUN     0.7448    0.7875    0.7656       367
       PUNCT     0.9940    1.0000    0.9970       329
        VERB     0.7880    0.7559    0.7716       295
         ADV     0.6984    0.7674    0.7313       172
        PRON     0.9360    0.8540    0.8931       137
       CCONJ     0.8442    0.8553    0.8497        76
         ADJ     0.4915    0.3766    0.4265        77
         AUX     0.7705    0.7833    0.7769        60
         ADP     0.7000    0.6512    0.6747        43
       SCONJ     0.8182    0.9000    0.8571        20
         NUM     0.5000    0.4545    0.4762        11
         DET     0.3333    0.3333    0.3333         3
       PROPN     0.0000    0.0000    0.0000         4
        INTJ     0.0000    0.0000    0.0000         3

    accuracy                         0.9101      3491
   macro avg     0.6410    0.6346    0.6367      3491
weighted avg     0.9079    0.9101    0.9085      3491

2025-12-22 21:01:33,045 ----------------------------------------------------------------------------------------------------
