2025-12-22 21:01:59,006 ----------------------------------------------------------------------------------------------------
2025-12-22 21:01:59,006 Model: "SequenceTagger(
  (embeddings): StackedEmbeddings(
    (list_embedding_0): OneHotEmbeddings(
      (embedding_layer): Embedding(1934, 300)
    )
  )
  (word_dropout): WordDropout(p=0.05)
  (locked_dropout): LockedDropout(p=0.5)
  (embedding2nn): Linear(in_features=300, out_features=300, bias=True)
  (rnn): LSTM(300, 256, batch_first=True, bidirectional=True)
  (linear): Linear(in_features=512, out_features=19, bias=True)
  (loss_function): ViterbiLoss()
  (crf): CRF()
)"
2025-12-22 21:01:59,006 ----------------------------------------------------------------------------------------------------
2025-12-22 21:01:59,006 Corpus: 918 train + 445 dev + 448 test sentences
2025-12-22 21:01:59,006 ----------------------------------------------------------------------------------------------------
2025-12-22 21:01:59,006 Train:  918 sentences
2025-12-22 21:01:59,006         (train_with_dev=False, train_with_test=False)
2025-12-22 21:01:59,006 ----------------------------------------------------------------------------------------------------
2025-12-22 21:01:59,006 Training Params:
2025-12-22 21:01:59,006  - learning_rate: "0.1" 
2025-12-22 21:01:59,006  - mini_batch_size: "32"
2025-12-22 21:01:59,006  - max_epochs: "150"
2025-12-22 21:01:59,006  - shuffle: "True"
2025-12-22 21:01:59,006 ----------------------------------------------------------------------------------------------------
2025-12-22 21:01:59,006 Plugins:
2025-12-22 21:01:59,006  - AnnealOnPlateau | patience: '3', anneal_factor: '0.5', min_learning_rate: '0.0001'
2025-12-22 21:01:59,007 ----------------------------------------------------------------------------------------------------
2025-12-22 21:01:59,007 Final evaluation on model from best epoch (best-model.pt)
2025-12-22 21:01:59,007  - metric: "('micro avg', 'f1-score')"
2025-12-22 21:01:59,007 ----------------------------------------------------------------------------------------------------
2025-12-22 21:01:59,007 Computation:
2025-12-22 21:01:59,007  - compute on device: cpu
2025-12-22 21:01:59,007  - embedding storage: none
2025-12-22 21:01:59,007 ----------------------------------------------------------------------------------------------------
2025-12-22 21:01:59,007 Model training base path: "models/flair_pos/obpe/hu"
2025-12-22 21:01:59,007 ----------------------------------------------------------------------------------------------------
2025-12-22 21:01:59,007 ----------------------------------------------------------------------------------------------------
2025-12-22 21:02:00,399 epoch 1 - iter 2/29 - loss 3.02168702 - time (sec): 1.39 - samples/sec: 2506.23 - lr: 0.100000 - momentum: 0.000000
2025-12-22 21:02:01,537 epoch 1 - iter 4/29 - loss 2.72608128 - time (sec): 2.53 - samples/sec: 2703.99 - lr: 0.100000 - momentum: 0.000000
2025-12-22 21:02:02,597 epoch 1 - iter 6/29 - loss 2.51547205 - time (sec): 3.59 - samples/sec: 2734.84 - lr: 0.100000 - momentum: 0.000000
2025-12-22 21:02:03,751 epoch 1 - iter 8/29 - loss 2.36509591 - time (sec): 4.74 - samples/sec: 2710.41 - lr: 0.100000 - momentum: 0.000000
2025-12-22 21:02:04,767 epoch 1 - iter 10/29 - loss 2.25823185 - time (sec): 5.76 - samples/sec: 2783.58 - lr: 0.100000 - momentum: 0.000000
2025-12-22 21:02:06,389 epoch 1 - iter 12/29 - loss 2.18999812 - time (sec): 7.38 - samples/sec: 2646.95 - lr: 0.100000 - momentum: 0.000000
2025-12-22 21:02:07,805 epoch 1 - iter 14/29 - loss 2.13716503 - time (sec): 8.80 - samples/sec: 2627.07 - lr: 0.100000 - momentum: 0.000000
2025-12-22 21:02:08,932 epoch 1 - iter 16/29 - loss 2.09135442 - time (sec): 9.93 - samples/sec: 2638.57 - lr: 0.100000 - momentum: 0.000000
2025-12-22 21:02:10,279 epoch 1 - iter 18/29 - loss 2.04808207 - time (sec): 11.27 - samples/sec: 2659.97 - lr: 0.100000 - momentum: 0.000000
2025-12-22 21:02:11,407 epoch 1 - iter 20/29 - loss 2.02062985 - time (sec): 12.40 - samples/sec: 2656.99 - lr: 0.100000 - momentum: 0.000000
2025-12-22 21:02:12,824 epoch 1 - iter 22/29 - loss 1.99568519 - time (sec): 13.82 - samples/sec: 2627.52 - lr: 0.100000 - momentum: 0.000000
2025-12-22 21:02:13,952 epoch 1 - iter 24/29 - loss 1.97746267 - time (sec): 14.94 - samples/sec: 2626.39 - lr: 0.100000 - momentum: 0.000000
2025-12-22 21:02:15,007 epoch 1 - iter 26/29 - loss 1.95880655 - time (sec): 16.00 - samples/sec: 2661.85 - lr: 0.100000 - momentum: 0.000000
2025-12-22 21:02:16,302 epoch 1 - iter 28/29 - loss 1.93763408 - time (sec): 17.29 - samples/sec: 2650.19 - lr: 0.100000 - momentum: 0.000000
2025-12-22 21:02:16,929 ----------------------------------------------------------------------------------------------------
2025-12-22 21:02:16,929 EPOCH 1 done: loss 1.9285 - lr: 0.100000
2025-12-22 21:02:19,786 DEV : loss 1.60206139087677 - f1-score (micro avg)  0.6182
2025-12-22 21:02:19,792  - 0 epochs without improvement
2025-12-22 21:02:19,792 saving best model
2025-12-22 21:02:19,816 ----------------------------------------------------------------------------------------------------
2025-12-22 21:02:20,733 epoch 2 - iter 2/29 - loss 1.70025531 - time (sec): 0.92 - samples/sec: 3388.31 - lr: 0.100000 - momentum: 0.000000
2025-12-22 21:02:22,313 epoch 2 - iter 4/29 - loss 1.68101787 - time (sec): 2.50 - samples/sec: 2559.76 - lr: 0.100000 - momentum: 0.000000
2025-12-22 21:02:24,363 epoch 2 - iter 6/29 - loss 1.68323885 - time (sec): 4.55 - samples/sec: 2140.88 - lr: 0.100000 - momentum: 0.000000
2025-12-22 21:02:25,376 epoch 2 - iter 8/29 - loss 1.67867836 - time (sec): 5.56 - samples/sec: 2267.80 - lr: 0.100000 - momentum: 0.000000
2025-12-22 21:02:26,497 epoch 2 - iter 10/29 - loss 1.66995213 - time (sec): 6.68 - samples/sec: 2358.93 - lr: 0.100000 - momentum: 0.000000
2025-12-22 21:02:27,708 epoch 2 - iter 12/29 - loss 1.66058895 - time (sec): 7.89 - samples/sec: 2414.08 - lr: 0.100000 - momentum: 0.000000
2025-12-22 21:02:29,006 epoch 2 - iter 14/29 - loss 1.66249666 - time (sec): 9.19 - samples/sec: 2458.66 - lr: 0.100000 - momentum: 0.000000
2025-12-22 21:02:30,393 epoch 2 - iter 16/29 - loss 1.66363692 - time (sec): 10.58 - samples/sec: 2464.19 - lr: 0.100000 - momentum: 0.000000
2025-12-22 21:02:31,399 epoch 2 - iter 18/29 - loss 1.65560474 - time (sec): 11.58 - samples/sec: 2531.41 - lr: 0.100000 - momentum: 0.000000
2025-12-22 21:02:32,428 epoch 2 - iter 20/29 - loss 1.64809333 - time (sec): 12.61 - samples/sec: 2571.30 - lr: 0.100000 - momentum: 0.000000
2025-12-22 21:02:33,683 epoch 2 - iter 22/29 - loss 1.64049768 - time (sec): 13.87 - samples/sec: 2579.53 - lr: 0.100000 - momentum: 0.000000
2025-12-22 21:02:34,992 epoch 2 - iter 24/29 - loss 1.63394001 - time (sec): 15.18 - samples/sec: 2603.79 - lr: 0.100000 - momentum: 0.000000
2025-12-22 21:02:36,333 epoch 2 - iter 26/29 - loss 1.62815452 - time (sec): 16.52 - samples/sec: 2591.90 - lr: 0.100000 - momentum: 0.000000
2025-12-22 21:02:37,322 epoch 2 - iter 28/29 - loss 1.62194943 - time (sec): 17.50 - samples/sec: 2615.78 - lr: 0.100000 - momentum: 0.000000
2025-12-22 21:02:37,942 ----------------------------------------------------------------------------------------------------
2025-12-22 21:02:37,942 EPOCH 2 done: loss 1.6207 - lr: 0.100000
2025-12-22 21:02:40,734 DEV : loss 1.4512019157409668 - f1-score (micro avg)  0.6182
2025-12-22 21:02:40,737  - 0 epochs without improvement
2025-12-22 21:02:40,738 ----------------------------------------------------------------------------------------------------
2025-12-22 21:02:41,869 epoch 3 - iter 2/29 - loss 1.57416561 - time (sec): 1.13 - samples/sec: 2987.12 - lr: 0.100000 - momentum: 0.000000
2025-12-22 21:02:42,921 epoch 3 - iter 4/29 - loss 1.58023563 - time (sec): 2.18 - samples/sec: 3001.84 - lr: 0.100000 - momentum: 0.000000
2025-12-22 21:02:44,213 epoch 3 - iter 6/29 - loss 1.56826104 - time (sec): 3.47 - samples/sec: 2819.36 - lr: 0.100000 - momentum: 0.000000
2025-12-22 21:02:45,897 epoch 3 - iter 8/29 - loss 1.55865199 - time (sec): 5.16 - samples/sec: 2638.57 - lr: 0.100000 - momentum: 0.000000
2025-12-22 21:02:47,010 epoch 3 - iter 10/29 - loss 1.55313999 - time (sec): 6.27 - samples/sec: 2675.30 - lr: 0.100000 - momentum: 0.000000
2025-12-22 21:02:48,445 epoch 3 - iter 12/29 - loss 1.55370863 - time (sec): 7.71 - samples/sec: 2610.82 - lr: 0.100000 - momentum: 0.000000
2025-12-22 21:02:49,770 epoch 3 - iter 14/29 - loss 1.54868621 - time (sec): 9.03 - samples/sec: 2598.37 - lr: 0.100000 - momentum: 0.000000
2025-12-22 21:02:51,059 epoch 3 - iter 16/29 - loss 1.55145997 - time (sec): 10.32 - samples/sec: 2558.76 - lr: 0.100000 - momentum: 0.000000
2025-12-22 21:02:52,214 epoch 3 - iter 18/29 - loss 1.54890057 - time (sec): 11.48 - samples/sec: 2573.78 - lr: 0.100000 - momentum: 0.000000
2025-12-22 21:02:53,270 epoch 3 - iter 20/29 - loss 1.54416288 - time (sec): 12.53 - samples/sec: 2631.13 - lr: 0.100000 - momentum: 0.000000
2025-12-22 21:02:54,541 epoch 3 - iter 22/29 - loss 1.53958672 - time (sec): 13.80 - samples/sec: 2628.24 - lr: 0.100000 - momentum: 0.000000
2025-12-22 21:02:55,648 epoch 3 - iter 24/29 - loss 1.53960525 - time (sec): 14.91 - samples/sec: 2648.26 - lr: 0.100000 - momentum: 0.000000
2025-12-22 21:02:56,990 epoch 3 - iter 26/29 - loss 1.53347844 - time (sec): 16.25 - samples/sec: 2642.30 - lr: 0.100000 - momentum: 0.000000
2025-12-22 21:02:57,839 epoch 3 - iter 28/29 - loss 1.53026574 - time (sec): 17.10 - samples/sec: 2686.33 - lr: 0.100000 - momentum: 0.000000
2025-12-22 21:02:58,309 ----------------------------------------------------------------------------------------------------
2025-12-22 21:02:58,309 EPOCH 3 done: loss 1.5272 - lr: 0.100000
2025-12-22 21:03:00,776 DEV : loss 1.4107141494750977 - f1-score (micro avg)  0.6191
2025-12-22 21:03:00,780  - 0 epochs without improvement
2025-12-22 21:03:00,780 saving best model
2025-12-22 21:03:00,795 ----------------------------------------------------------------------------------------------------
2025-12-22 21:03:02,120 epoch 4 - iter 2/29 - loss 1.49652586 - time (sec): 1.32 - samples/sec: 2579.52 - lr: 0.100000 - momentum: 0.000000
2025-12-22 21:03:03,307 epoch 4 - iter 4/29 - loss 1.48512805 - time (sec): 2.51 - samples/sec: 2638.42 - lr: 0.100000 - momentum: 0.000000
2025-12-22 21:03:04,373 epoch 4 - iter 6/29 - loss 1.48575505 - time (sec): 3.58 - samples/sec: 2758.46 - lr: 0.100000 - momentum: 0.000000
2025-12-22 21:03:05,569 epoch 4 - iter 8/29 - loss 1.47819593 - time (sec): 4.77 - samples/sec: 2699.07 - lr: 0.100000 - momentum: 0.000000
2025-12-22 21:03:06,678 epoch 4 - iter 10/29 - loss 1.47266362 - time (sec): 5.88 - samples/sec: 2758.84 - lr: 0.100000 - momentum: 0.000000
2025-12-22 21:03:08,059 epoch 4 - iter 12/29 - loss 1.46957779 - time (sec): 7.26 - samples/sec: 2682.98 - lr: 0.100000 - momentum: 0.000000
2025-12-22 21:03:09,320 epoch 4 - iter 14/29 - loss 1.46064442 - time (sec): 8.52 - samples/sec: 2673.20 - lr: 0.100000 - momentum: 0.000000
2025-12-22 21:03:10,616 epoch 4 - iter 16/29 - loss 1.46182916 - time (sec): 9.82 - samples/sec: 2691.36 - lr: 0.100000 - momentum: 0.000000
2025-12-22 21:03:12,011 epoch 4 - iter 18/29 - loss 1.46111499 - time (sec): 11.22 - samples/sec: 2646.60 - lr: 0.100000 - momentum: 0.000000
2025-12-22 21:03:13,211 epoch 4 - iter 20/29 - loss 1.45652952 - time (sec): 12.42 - samples/sec: 2649.80 - lr: 0.100000 - momentum: 0.000000
2025-12-22 21:03:14,428 epoch 4 - iter 22/29 - loss 1.44915455 - time (sec): 13.63 - samples/sec: 2668.52 - lr: 0.100000 - momentum: 0.000000
2025-12-22 21:03:15,585 epoch 4 - iter 24/29 - loss 1.44420132 - time (sec): 14.79 - samples/sec: 2686.05 - lr: 0.100000 - momentum: 0.000000
2025-12-22 21:03:17,037 epoch 4 - iter 26/29 - loss 1.43536617 - time (sec): 16.24 - samples/sec: 2652.42 - lr: 0.100000 - momentum: 0.000000
2025-12-22 21:03:18,094 epoch 4 - iter 28/29 - loss 1.42892713 - time (sec): 17.30 - samples/sec: 2665.66 - lr: 0.100000 - momentum: 0.000000
2025-12-22 21:03:18,390 ----------------------------------------------------------------------------------------------------
2025-12-22 21:03:18,390 EPOCH 4 done: loss 1.4254 - lr: 0.100000
2025-12-22 21:03:21,339 DEV : loss 1.191860318183899 - f1-score (micro avg)  0.6448
2025-12-22 21:03:21,343  - 0 epochs without improvement
2025-12-22 21:03:21,344 saving best model
2025-12-22 21:03:21,361 ----------------------------------------------------------------------------------------------------
2025-12-22 21:03:23,030 epoch 5 - iter 2/29 - loss 1.24886189 - time (sec): 1.67 - samples/sec: 2090.67 - lr: 0.100000 - momentum: 0.000000
2025-12-22 21:03:24,171 epoch 5 - iter 4/29 - loss 1.28700208 - time (sec): 2.81 - samples/sec: 2440.39 - lr: 0.100000 - momentum: 0.000000
2025-12-22 21:03:25,559 epoch 5 - iter 6/29 - loss 1.28005529 - time (sec): 4.20 - samples/sec: 2342.36 - lr: 0.100000 - momentum: 0.000000
2025-12-22 21:03:26,759 epoch 5 - iter 8/29 - loss 1.26517801 - time (sec): 5.40 - samples/sec: 2383.67 - lr: 0.100000 - momentum: 0.000000
2025-12-22 21:03:27,697 epoch 5 - iter 10/29 - loss 1.25521889 - time (sec): 6.34 - samples/sec: 2482.25 - lr: 0.100000 - momentum: 0.000000
2025-12-22 21:03:29,149 epoch 5 - iter 12/29 - loss 1.24374493 - time (sec): 7.79 - samples/sec: 2466.58 - lr: 0.100000 - momentum: 0.000000
2025-12-22 21:03:30,475 epoch 5 - iter 14/29 - loss 1.23461983 - time (sec): 9.11 - samples/sec: 2492.74 - lr: 0.100000 - momentum: 0.000000
2025-12-22 21:03:31,771 epoch 5 - iter 16/29 - loss 1.22601722 - time (sec): 10.41 - samples/sec: 2545.99 - lr: 0.100000 - momentum: 0.000000
2025-12-22 21:03:33,220 epoch 5 - iter 18/29 - loss 1.21568234 - time (sec): 11.86 - samples/sec: 2518.98 - lr: 0.100000 - momentum: 0.000000
2025-12-22 21:03:34,401 epoch 5 - iter 20/29 - loss 1.21012697 - time (sec): 13.04 - samples/sec: 2533.41 - lr: 0.100000 - momentum: 0.000000
2025-12-22 21:03:35,619 epoch 5 - iter 22/29 - loss 1.20746646 - time (sec): 14.26 - samples/sec: 2551.02 - lr: 0.100000 - momentum: 0.000000
2025-12-22 21:03:36,890 epoch 5 - iter 24/29 - loss 1.20380278 - time (sec): 15.53 - samples/sec: 2554.34 - lr: 0.100000 - momentum: 0.000000
2025-12-22 21:03:38,022 epoch 5 - iter 26/29 - loss 1.19976162 - time (sec): 16.66 - samples/sec: 2567.95 - lr: 0.100000 - momentum: 0.000000
2025-12-22 21:03:39,321 epoch 5 - iter 28/29 - loss 1.19335089 - time (sec): 17.96 - samples/sec: 2565.28 - lr: 0.100000 - momentum: 0.000000
2025-12-22 21:03:39,699 ----------------------------------------------------------------------------------------------------
2025-12-22 21:03:39,699 EPOCH 5 done: loss 1.1917 - lr: 0.100000
2025-12-22 21:03:42,430 DEV : loss 1.035443663597107 - f1-score (micro avg)  0.7183
2025-12-22 21:03:42,433  - 0 epochs without improvement
2025-12-22 21:03:42,435 saving best model
2025-12-22 21:03:42,447 ----------------------------------------------------------------------------------------------------
2025-12-22 21:03:43,675 epoch 6 - iter 2/29 - loss 1.11685955 - time (sec): 1.23 - samples/sec: 2671.86 - lr: 0.100000 - momentum: 0.000000
2025-12-22 21:03:44,670 epoch 6 - iter 4/29 - loss 1.11034713 - time (sec): 2.22 - samples/sec: 2771.30 - lr: 0.100000 - momentum: 0.000000
2025-12-22 21:03:46,166 epoch 6 - iter 6/29 - loss 1.11174778 - time (sec): 3.72 - samples/sec: 2532.78 - lr: 0.100000 - momentum: 0.000000
2025-12-22 21:03:47,273 epoch 6 - iter 8/29 - loss 1.11033434 - time (sec): 4.83 - samples/sec: 2608.64 - lr: 0.100000 - momentum: 0.000000
2025-12-22 21:03:48,415 epoch 6 - iter 10/29 - loss 1.10235467 - time (sec): 5.97 - samples/sec: 2681.57 - lr: 0.100000 - momentum: 0.000000
2025-12-22 21:03:49,702 epoch 6 - iter 12/29 - loss 1.10229046 - time (sec): 7.26 - samples/sec: 2667.81 - lr: 0.100000 - momentum: 0.000000
2025-12-22 21:03:50,835 epoch 6 - iter 14/29 - loss 1.08993145 - time (sec): 8.39 - samples/sec: 2706.27 - lr: 0.100000 - momentum: 0.000000
2025-12-22 21:03:51,907 epoch 6 - iter 16/29 - loss 1.09052903 - time (sec): 9.46 - samples/sec: 2745.45 - lr: 0.100000 - momentum: 0.000000
2025-12-22 21:03:53,379 epoch 6 - iter 18/29 - loss 1.08684954 - time (sec): 10.93 - samples/sec: 2695.50 - lr: 0.100000 - momentum: 0.000000
2025-12-22 21:03:54,518 epoch 6 - iter 20/29 - loss 1.08062126 - time (sec): 12.07 - samples/sec: 2698.45 - lr: 0.100000 - momentum: 0.000000
2025-12-22 21:03:55,745 epoch 6 - iter 22/29 - loss 1.07531807 - time (sec): 13.30 - samples/sec: 2717.58 - lr: 0.100000 - momentum: 0.000000
2025-12-22 21:03:56,775 epoch 6 - iter 24/29 - loss 1.07120571 - time (sec): 14.33 - samples/sec: 2735.85 - lr: 0.100000 - momentum: 0.000000
2025-12-22 21:03:58,370 epoch 6 - iter 26/29 - loss 1.06830172 - time (sec): 15.92 - samples/sec: 2684.93 - lr: 0.100000 - momentum: 0.000000
2025-12-22 21:03:59,619 epoch 6 - iter 28/29 - loss 1.06149978 - time (sec): 17.17 - samples/sec: 2664.65 - lr: 0.100000 - momentum: 0.000000
2025-12-22 21:04:00,200 ----------------------------------------------------------------------------------------------------
2025-12-22 21:04:00,201 EPOCH 6 done: loss 1.0588 - lr: 0.100000
2025-12-22 21:04:02,963 DEV : loss 0.9074950814247131 - f1-score (micro avg)  0.7255
2025-12-22 21:04:02,967  - 0 epochs without improvement
2025-12-22 21:04:02,967 saving best model
2025-12-22 21:04:02,979 ----------------------------------------------------------------------------------------------------
2025-12-22 21:04:04,296 epoch 7 - iter 2/29 - loss 0.98990822 - time (sec): 1.32 - samples/sec: 2529.32 - lr: 0.100000 - momentum: 0.000000
2025-12-22 21:04:05,810 epoch 7 - iter 4/29 - loss 1.01941552 - time (sec): 2.83 - samples/sec: 2365.58 - lr: 0.100000 - momentum: 0.000000
2025-12-22 21:04:06,927 epoch 7 - iter 6/29 - loss 1.01338495 - time (sec): 3.95 - samples/sec: 2454.40 - lr: 0.100000 - momentum: 0.000000
2025-12-22 21:04:08,011 epoch 7 - iter 8/29 - loss 1.00480439 - time (sec): 5.03 - samples/sec: 2530.25 - lr: 0.100000 - momentum: 0.000000
2025-12-22 21:04:09,436 epoch 7 - iter 10/29 - loss 1.00375813 - time (sec): 6.46 - samples/sec: 2567.77 - lr: 0.100000 - momentum: 0.000000
2025-12-22 21:04:10,526 epoch 7 - iter 12/29 - loss 0.99625995 - time (sec): 7.55 - samples/sec: 2565.44 - lr: 0.100000 - momentum: 0.000000
2025-12-22 21:04:11,681 epoch 7 - iter 14/29 - loss 0.98961834 - time (sec): 8.70 - samples/sec: 2620.14 - lr: 0.100000 - momentum: 0.000000
2025-12-22 21:04:13,058 epoch 7 - iter 16/29 - loss 0.98709497 - time (sec): 10.08 - samples/sec: 2621.71 - lr: 0.100000 - momentum: 0.000000
2025-12-22 21:04:14,004 epoch 7 - iter 18/29 - loss 0.98758768 - time (sec): 11.03 - samples/sec: 2665.77 - lr: 0.100000 - momentum: 0.000000
2025-12-22 21:04:14,839 epoch 7 - iter 20/29 - loss 0.98680548 - time (sec): 11.86 - samples/sec: 2705.71 - lr: 0.100000 - momentum: 0.000000
2025-12-22 21:04:15,950 epoch 7 - iter 22/29 - loss 0.98102028 - time (sec): 12.97 - samples/sec: 2732.73 - lr: 0.100000 - momentum: 0.000000
2025-12-22 21:04:17,345 epoch 7 - iter 24/29 - loss 0.97613885 - time (sec): 14.37 - samples/sec: 2708.22 - lr: 0.100000 - momentum: 0.000000
2025-12-22 21:04:18,512 epoch 7 - iter 26/29 - loss 0.97259272 - time (sec): 15.53 - samples/sec: 2734.86 - lr: 0.100000 - momentum: 0.000000
2025-12-22 21:04:19,706 epoch 7 - iter 28/29 - loss 0.96732127 - time (sec): 16.73 - samples/sec: 2733.10 - lr: 0.100000 - momentum: 0.000000
2025-12-22 21:04:20,314 ----------------------------------------------------------------------------------------------------
2025-12-22 21:04:20,314 EPOCH 7 done: loss 0.9679 - lr: 0.100000
2025-12-22 21:04:23,360 DEV : loss 0.8572177886962891 - f1-score (micro avg)  0.725
2025-12-22 21:04:23,366  - 1 epochs without improvement
2025-12-22 21:04:23,366 ----------------------------------------------------------------------------------------------------
2025-12-22 21:04:24,649 epoch 8 - iter 2/29 - loss 0.95401917 - time (sec): 1.28 - samples/sec: 2389.31 - lr: 0.100000 - momentum: 0.000000
2025-12-22 21:04:25,751 epoch 8 - iter 4/29 - loss 0.93606043 - time (sec): 2.38 - samples/sec: 2641.15 - lr: 0.100000 - momentum: 0.000000
2025-12-22 21:04:26,909 epoch 8 - iter 6/29 - loss 0.94070167 - time (sec): 3.54 - samples/sec: 2663.68 - lr: 0.100000 - momentum: 0.000000
2025-12-22 21:04:28,111 epoch 8 - iter 8/29 - loss 0.93246885 - time (sec): 4.74 - samples/sec: 2635.14 - lr: 0.100000 - momentum: 0.000000
2025-12-22 21:04:29,415 epoch 8 - iter 10/29 - loss 0.93009242 - time (sec): 6.05 - samples/sec: 2657.35 - lr: 0.100000 - momentum: 0.000000
2025-12-22 21:04:30,781 epoch 8 - iter 12/29 - loss 0.93323466 - time (sec): 7.41 - samples/sec: 2627.89 - lr: 0.100000 - momentum: 0.000000
2025-12-22 21:04:32,132 epoch 8 - iter 14/29 - loss 0.92616969 - time (sec): 8.76 - samples/sec: 2577.95 - lr: 0.100000 - momentum: 0.000000
2025-12-22 21:04:33,586 epoch 8 - iter 16/29 - loss 0.92406975 - time (sec): 10.22 - samples/sec: 2543.78 - lr: 0.100000 - momentum: 0.000000
2025-12-22 21:04:34,818 epoch 8 - iter 18/29 - loss 0.92133592 - time (sec): 11.45 - samples/sec: 2554.56 - lr: 0.100000 - momentum: 0.000000
2025-12-22 21:04:36,083 epoch 8 - iter 20/29 - loss 0.91841972 - time (sec): 12.72 - samples/sec: 2559.45 - lr: 0.100000 - momentum: 0.000000
2025-12-22 21:04:37,208 epoch 8 - iter 22/29 - loss 0.91358428 - time (sec): 13.84 - samples/sec: 2577.84 - lr: 0.100000 - momentum: 0.000000
2025-12-22 21:04:38,430 epoch 8 - iter 24/29 - loss 0.91168659 - time (sec): 15.06 - samples/sec: 2593.25 - lr: 0.100000 - momentum: 0.000000
2025-12-22 21:04:39,448 epoch 8 - iter 26/29 - loss 0.91369836 - time (sec): 16.08 - samples/sec: 2636.70 - lr: 0.100000 - momentum: 0.000000
2025-12-22 21:04:40,719 epoch 8 - iter 28/29 - loss 0.91282646 - time (sec): 17.35 - samples/sec: 2641.57 - lr: 0.100000 - momentum: 0.000000
2025-12-22 21:04:41,188 ----------------------------------------------------------------------------------------------------
2025-12-22 21:04:41,188 EPOCH 8 done: loss 0.9131 - lr: 0.100000
2025-12-22 21:04:44,080 DEV : loss 0.7936825156211853 - f1-score (micro avg)  0.7313
2025-12-22 21:04:44,084  - 0 epochs without improvement
2025-12-22 21:04:44,085 saving best model
2025-12-22 21:04:44,100 ----------------------------------------------------------------------------------------------------
2025-12-22 21:04:45,124 epoch 9 - iter 2/29 - loss 0.92503765 - time (sec): 1.02 - samples/sec: 3180.28 - lr: 0.100000 - momentum: 0.000000
2025-12-22 21:04:46,471 epoch 9 - iter 4/29 - loss 0.91918085 - time (sec): 2.37 - samples/sec: 2753.39 - lr: 0.100000 - momentum: 0.000000
2025-12-22 21:04:47,719 epoch 9 - iter 6/29 - loss 0.92217918 - time (sec): 3.62 - samples/sec: 2584.39 - lr: 0.100000 - momentum: 0.000000
2025-12-22 21:04:48,886 epoch 9 - iter 8/29 - loss 0.91218294 - time (sec): 4.79 - samples/sec: 2590.71 - lr: 0.100000 - momentum: 0.000000
2025-12-22 21:04:50,085 epoch 9 - iter 10/29 - loss 0.90352732 - time (sec): 5.98 - samples/sec: 2609.40 - lr: 0.100000 - momentum: 0.000000
2025-12-22 21:04:51,164 epoch 9 - iter 12/29 - loss 0.90101322 - time (sec): 7.06 - samples/sec: 2650.54 - lr: 0.100000 - momentum: 0.000000
2025-12-22 21:04:52,417 epoch 9 - iter 14/29 - loss 0.89433259 - time (sec): 8.32 - samples/sec: 2628.87 - lr: 0.100000 - momentum: 0.000000
2025-12-22 21:04:53,697 epoch 9 - iter 16/29 - loss 0.88958812 - time (sec): 9.60 - samples/sec: 2629.45 - lr: 0.100000 - momentum: 0.000000
2025-12-22 21:04:54,914 epoch 9 - iter 18/29 - loss 0.88353474 - time (sec): 10.81 - samples/sec: 2655.86 - lr: 0.100000 - momentum: 0.000000
2025-12-22 21:04:56,130 epoch 9 - iter 20/29 - loss 0.88128127 - time (sec): 12.03 - samples/sec: 2660.97 - lr: 0.100000 - momentum: 0.000000
2025-12-22 21:04:57,594 epoch 9 - iter 22/29 - loss 0.88075229 - time (sec): 13.49 - samples/sec: 2630.63 - lr: 0.100000 - momentum: 0.000000
2025-12-22 21:04:58,673 epoch 9 - iter 24/29 - loss 0.87514662 - time (sec): 14.57 - samples/sec: 2668.03 - lr: 0.100000 - momentum: 0.000000
2025-12-22 21:04:59,954 epoch 9 - iter 26/29 - loss 0.87464050 - time (sec): 15.85 - samples/sec: 2655.71 - lr: 0.100000 - momentum: 0.000000
2025-12-22 21:05:01,234 epoch 9 - iter 28/29 - loss 0.87380532 - time (sec): 17.13 - samples/sec: 2673.04 - lr: 0.100000 - momentum: 0.000000
2025-12-22 21:05:01,816 ----------------------------------------------------------------------------------------------------
2025-12-22 21:05:01,816 EPOCH 9 done: loss 0.8753 - lr: 0.100000
2025-12-22 21:05:04,533 DEV : loss 0.780242919921875 - f1-score (micro avg)  0.7399
2025-12-22 21:05:04,537  - 0 epochs without improvement
2025-12-22 21:05:04,538 saving best model
2025-12-22 21:05:04,552 ----------------------------------------------------------------------------------------------------
2025-12-22 21:05:05,855 epoch 10 - iter 2/29 - loss 0.83794861 - time (sec): 1.30 - samples/sec: 2301.24 - lr: 0.100000 - momentum: 0.000000
2025-12-22 21:05:07,295 epoch 10 - iter 4/29 - loss 0.83501699 - time (sec): 2.74 - samples/sec: 2214.32 - lr: 0.100000 - momentum: 0.000000
2025-12-22 21:05:08,491 epoch 10 - iter 6/29 - loss 0.83220990 - time (sec): 3.94 - samples/sec: 2453.04 - lr: 0.100000 - momentum: 0.000000
2025-12-22 21:05:09,614 epoch 10 - iter 8/29 - loss 0.83939046 - time (sec): 5.06 - samples/sec: 2519.87 - lr: 0.100000 - momentum: 0.000000
2025-12-22 21:05:11,084 epoch 10 - iter 10/29 - loss 0.84233498 - time (sec): 6.53 - samples/sec: 2465.45 - lr: 0.100000 - momentum: 0.000000
2025-12-22 21:05:12,269 epoch 10 - iter 12/29 - loss 0.84089291 - time (sec): 7.72 - samples/sec: 2508.53 - lr: 0.100000 - momentum: 0.000000
2025-12-22 21:05:13,567 epoch 10 - iter 14/29 - loss 0.83395708 - time (sec): 9.01 - samples/sec: 2484.66 - lr: 0.100000 - momentum: 0.000000
2025-12-22 21:05:14,834 epoch 10 - iter 16/29 - loss 0.83289204 - time (sec): 10.28 - samples/sec: 2469.00 - lr: 0.100000 - momentum: 0.000000
2025-12-22 21:05:16,150 epoch 10 - iter 18/29 - loss 0.83513463 - time (sec): 11.60 - samples/sec: 2483.39 - lr: 0.100000 - momentum: 0.000000
2025-12-22 21:05:17,593 epoch 10 - iter 20/29 - loss 0.83862191 - time (sec): 13.04 - samples/sec: 2476.51 - lr: 0.100000 - momentum: 0.000000
2025-12-22 21:05:19,249 epoch 10 - iter 22/29 - loss 0.83869164 - time (sec): 14.70 - samples/sec: 2442.07 - lr: 0.100000 - momentum: 0.000000
2025-12-22 21:05:20,651 epoch 10 - iter 24/29 - loss 0.83833850 - time (sec): 16.10 - samples/sec: 2448.79 - lr: 0.100000 - momentum: 0.000000
2025-12-22 21:05:21,972 epoch 10 - iter 26/29 - loss 0.83898692 - time (sec): 17.42 - samples/sec: 2458.87 - lr: 0.100000 - momentum: 0.000000
2025-12-22 21:05:23,156 epoch 10 - iter 28/29 - loss 0.84080685 - time (sec): 18.60 - samples/sec: 2466.23 - lr: 0.100000 - momentum: 0.000000
2025-12-22 21:05:23,768 ----------------------------------------------------------------------------------------------------
2025-12-22 21:05:23,769 EPOCH 10 done: loss 0.8405 - lr: 0.100000
2025-12-22 21:05:26,376 DEV : loss 0.7208221554756165 - f1-score (micro avg)  0.7573
2025-12-22 21:05:26,380  - 0 epochs without improvement
2025-12-22 21:05:26,381 saving best model
2025-12-22 21:05:26,397 ----------------------------------------------------------------------------------------------------
2025-12-22 21:05:27,704 epoch 11 - iter 2/29 - loss 0.80627909 - time (sec): 1.31 - samples/sec: 2761.58 - lr: 0.100000 - momentum: 0.000000
2025-12-22 21:05:29,072 epoch 11 - iter 4/29 - loss 0.80781659 - time (sec): 2.67 - samples/sec: 2605.76 - lr: 0.100000 - momentum: 0.000000
2025-12-22 21:05:30,322 epoch 11 - iter 6/29 - loss 0.81925062 - time (sec): 3.92 - samples/sec: 2634.05 - lr: 0.100000 - momentum: 0.000000
2025-12-22 21:05:31,698 epoch 11 - iter 8/29 - loss 0.82063673 - time (sec): 5.30 - samples/sec: 2563.11 - lr: 0.100000 - momentum: 0.000000
2025-12-22 21:05:32,906 epoch 11 - iter 10/29 - loss 0.81306646 - time (sec): 6.51 - samples/sec: 2581.19 - lr: 0.100000 - momentum: 0.000000
2025-12-22 21:05:34,185 epoch 11 - iter 12/29 - loss 0.81064585 - time (sec): 7.79 - samples/sec: 2570.75 - lr: 0.100000 - momentum: 0.000000
2025-12-22 21:05:35,313 epoch 11 - iter 14/29 - loss 0.80515398 - time (sec): 8.92 - samples/sec: 2620.18 - lr: 0.100000 - momentum: 0.000000
2025-12-22 21:05:36,574 epoch 11 - iter 16/29 - loss 0.80744700 - time (sec): 10.18 - samples/sec: 2613.75 - lr: 0.100000 - momentum: 0.000000
2025-12-22 21:05:37,778 epoch 11 - iter 18/29 - loss 0.80491042 - time (sec): 11.38 - samples/sec: 2643.10 - lr: 0.100000 - momentum: 0.000000
2025-12-22 21:05:38,868 epoch 11 - iter 20/29 - loss 0.80379017 - time (sec): 12.47 - samples/sec: 2647.84 - lr: 0.100000 - momentum: 0.000000
2025-12-22 21:05:40,153 epoch 11 - iter 22/29 - loss 0.80244902 - time (sec): 13.76 - samples/sec: 2633.69 - lr: 0.100000 - momentum: 0.000000
2025-12-22 21:05:41,401 epoch 11 - iter 24/29 - loss 0.80356851 - time (sec): 15.00 - samples/sec: 2629.26 - lr: 0.100000 - momentum: 0.000000
2025-12-22 21:05:42,625 epoch 11 - iter 26/29 - loss 0.79911065 - time (sec): 16.23 - samples/sec: 2633.89 - lr: 0.100000 - momentum: 0.000000
2025-12-22 21:05:43,970 epoch 11 - iter 28/29 - loss 0.79939075 - time (sec): 17.57 - samples/sec: 2616.79 - lr: 0.100000 - momentum: 0.000000
2025-12-22 21:05:44,354 ----------------------------------------------------------------------------------------------------
2025-12-22 21:05:44,355 EPOCH 11 done: loss 0.7984 - lr: 0.100000
2025-12-22 21:05:47,391 DEV : loss 0.6748532056808472 - f1-score (micro avg)  0.7737
2025-12-22 21:05:47,396  - 0 epochs without improvement
2025-12-22 21:05:47,396 saving best model
2025-12-22 21:05:47,408 ----------------------------------------------------------------------------------------------------
2025-12-22 21:05:48,704 epoch 12 - iter 2/29 - loss 0.73243180 - time (sec): 1.30 - samples/sec: 2431.14 - lr: 0.100000 - momentum: 0.000000
2025-12-22 21:05:50,091 epoch 12 - iter 4/29 - loss 0.76228962 - time (sec): 2.68 - samples/sec: 2492.53 - lr: 0.100000 - momentum: 0.000000
2025-12-22 21:05:51,227 epoch 12 - iter 6/29 - loss 0.74906805 - time (sec): 3.82 - samples/sec: 2636.64 - lr: 0.100000 - momentum: 0.000000
2025-12-22 21:05:52,419 epoch 12 - iter 8/29 - loss 0.74870677 - time (sec): 5.01 - samples/sec: 2694.04 - lr: 0.100000 - momentum: 0.000000
2025-12-22 21:05:53,429 epoch 12 - iter 10/29 - loss 0.74975019 - time (sec): 6.02 - samples/sec: 2741.54 - lr: 0.100000 - momentum: 0.000000
2025-12-22 21:05:54,931 epoch 12 - iter 12/29 - loss 0.74989951 - time (sec): 7.52 - samples/sec: 2645.47 - lr: 0.100000 - momentum: 0.000000
2025-12-22 21:05:56,178 epoch 12 - iter 14/29 - loss 0.74298212 - time (sec): 8.77 - samples/sec: 2652.64 - lr: 0.100000 - momentum: 0.000000
2025-12-22 21:05:57,459 epoch 12 - iter 16/29 - loss 0.73761157 - time (sec): 10.05 - samples/sec: 2662.36 - lr: 0.100000 - momentum: 0.000000
2025-12-22 21:05:58,496 epoch 12 - iter 18/29 - loss 0.73560920 - time (sec): 11.09 - samples/sec: 2677.22 - lr: 0.100000 - momentum: 0.000000
2025-12-22 21:05:59,567 epoch 12 - iter 20/29 - loss 0.73209003 - time (sec): 12.16 - samples/sec: 2695.73 - lr: 0.100000 - momentum: 0.000000
2025-12-22 21:06:00,756 epoch 12 - iter 22/29 - loss 0.72932916 - time (sec): 13.35 - samples/sec: 2707.91 - lr: 0.100000 - momentum: 0.000000
2025-12-22 21:06:01,972 epoch 12 - iter 24/29 - loss 0.72537450 - time (sec): 14.56 - samples/sec: 2704.88 - lr: 0.100000 - momentum: 0.000000
2025-12-22 21:06:03,408 epoch 12 - iter 26/29 - loss 0.72276043 - time (sec): 16.00 - samples/sec: 2668.11 - lr: 0.100000 - momentum: 0.000000
2025-12-22 21:06:04,680 epoch 12 - iter 28/29 - loss 0.72247880 - time (sec): 17.27 - samples/sec: 2672.35 - lr: 0.100000 - momentum: 0.000000
2025-12-22 21:06:05,145 ----------------------------------------------------------------------------------------------------
2025-12-22 21:06:05,146 EPOCH 12 done: loss 0.7223 - lr: 0.100000
2025-12-22 21:06:08,189 DEV : loss 0.5689350962638855 - f1-score (micro avg)  0.8089
2025-12-22 21:06:08,195  - 0 epochs without improvement
2025-12-22 21:06:08,197 saving best model
2025-12-22 21:06:08,214 ----------------------------------------------------------------------------------------------------
2025-12-22 21:06:09,719 epoch 13 - iter 2/29 - loss 0.62649709 - time (sec): 1.50 - samples/sec: 2405.96 - lr: 0.100000 - momentum: 0.000000
2025-12-22 21:06:10,752 epoch 13 - iter 4/29 - loss 0.63709766 - time (sec): 2.54 - samples/sec: 2686.49 - lr: 0.100000 - momentum: 0.000000
2025-12-22 21:06:12,175 epoch 13 - iter 6/29 - loss 0.64435906 - time (sec): 3.96 - samples/sec: 2523.13 - lr: 0.100000 - momentum: 0.000000
2025-12-22 21:06:13,447 epoch 13 - iter 8/29 - loss 0.64462004 - time (sec): 5.23 - samples/sec: 2545.84 - lr: 0.100000 - momentum: 0.000000
2025-12-22 21:06:14,909 epoch 13 - iter 10/29 - loss 0.64763919 - time (sec): 6.69 - samples/sec: 2522.89 - lr: 0.100000 - momentum: 0.000000
2025-12-22 21:06:16,228 epoch 13 - iter 12/29 - loss 0.64745084 - time (sec): 8.01 - samples/sec: 2497.58 - lr: 0.100000 - momentum: 0.000000
2025-12-22 21:06:17,544 epoch 13 - iter 14/29 - loss 0.64667369 - time (sec): 9.33 - samples/sec: 2509.00 - lr: 0.100000 - momentum: 0.000000
2025-12-22 21:06:18,670 epoch 13 - iter 16/29 - loss 0.64409826 - time (sec): 10.46 - samples/sec: 2534.91 - lr: 0.100000 - momentum: 0.000000
2025-12-22 21:06:19,856 epoch 13 - iter 18/29 - loss 0.64659345 - time (sec): 11.64 - samples/sec: 2545.00 - lr: 0.100000 - momentum: 0.000000
2025-12-22 21:06:21,303 epoch 13 - iter 20/29 - loss 0.64080942 - time (sec): 13.09 - samples/sec: 2538.36 - lr: 0.100000 - momentum: 0.000000
2025-12-22 21:06:22,476 epoch 13 - iter 22/29 - loss 0.63843972 - time (sec): 14.26 - samples/sec: 2518.99 - lr: 0.100000 - momentum: 0.000000
2025-12-22 21:06:24,682 epoch 13 - iter 24/29 - loss 0.63356781 - time (sec): 16.47 - samples/sec: 2405.57 - lr: 0.100000 - momentum: 0.000000
2025-12-22 21:06:26,428 epoch 13 - iter 26/29 - loss 0.63301039 - time (sec): 18.21 - samples/sec: 2350.99 - lr: 0.100000 - momentum: 0.000000
2025-12-22 21:06:27,705 epoch 13 - iter 28/29 - loss 0.63072726 - time (sec): 19.49 - samples/sec: 2353.61 - lr: 0.100000 - momentum: 0.000000
2025-12-22 21:06:28,346 ----------------------------------------------------------------------------------------------------
2025-12-22 21:06:28,346 EPOCH 13 done: loss 0.6306 - lr: 0.100000
2025-12-22 21:06:31,275 DEV : loss 0.48920127749443054 - f1-score (micro avg)  0.8361
2025-12-22 21:06:31,279  - 0 epochs without improvement
2025-12-22 21:06:31,280 saving best model
2025-12-22 21:06:31,295 ----------------------------------------------------------------------------------------------------
2025-12-22 21:06:32,792 epoch 14 - iter 2/29 - loss 0.55856470 - time (sec): 1.50 - samples/sec: 2157.63 - lr: 0.100000 - momentum: 0.000000
2025-12-22 21:06:33,907 epoch 14 - iter 4/29 - loss 0.55446672 - time (sec): 2.61 - samples/sec: 2337.42 - lr: 0.100000 - momentum: 0.000000
2025-12-22 21:06:35,145 epoch 14 - iter 6/29 - loss 0.56867489 - time (sec): 3.85 - samples/sec: 2483.54 - lr: 0.100000 - momentum: 0.000000
2025-12-22 21:06:36,679 epoch 14 - iter 8/29 - loss 0.55860680 - time (sec): 5.38 - samples/sec: 2446.02 - lr: 0.100000 - momentum: 0.000000
2025-12-22 21:06:37,813 epoch 14 - iter 10/29 - loss 0.55880490 - time (sec): 6.52 - samples/sec: 2497.95 - lr: 0.100000 - momentum: 0.000000
2025-12-22 21:06:39,120 epoch 14 - iter 12/29 - loss 0.56309062 - time (sec): 7.82 - samples/sec: 2473.30 - lr: 0.100000 - momentum: 0.000000
2025-12-22 21:06:40,474 epoch 14 - iter 14/29 - loss 0.55860357 - time (sec): 9.18 - samples/sec: 2471.22 - lr: 0.100000 - momentum: 0.000000
2025-12-22 21:06:41,339 epoch 14 - iter 16/29 - loss 0.55861625 - time (sec): 10.04 - samples/sec: 2540.75 - lr: 0.100000 - momentum: 0.000000
2025-12-22 21:06:42,535 epoch 14 - iter 18/29 - loss 0.55814388 - time (sec): 11.24 - samples/sec: 2588.74 - lr: 0.100000 - momentum: 0.000000
2025-12-22 21:06:43,931 epoch 14 - iter 20/29 - loss 0.56053818 - time (sec): 12.64 - samples/sec: 2531.80 - lr: 0.100000 - momentum: 0.000000
2025-12-22 21:06:45,150 epoch 14 - iter 22/29 - loss 0.56348829 - time (sec): 13.85 - samples/sec: 2572.54 - lr: 0.100000 - momentum: 0.000000
2025-12-22 21:06:46,577 epoch 14 - iter 24/29 - loss 0.56025544 - time (sec): 15.28 - samples/sec: 2568.18 - lr: 0.100000 - momentum: 0.000000
2025-12-22 21:06:47,751 epoch 14 - iter 26/29 - loss 0.55814845 - time (sec): 16.45 - samples/sec: 2583.41 - lr: 0.100000 - momentum: 0.000000
2025-12-22 21:06:49,055 epoch 14 - iter 28/29 - loss 0.55833214 - time (sec): 17.76 - samples/sec: 2588.61 - lr: 0.100000 - momentum: 0.000000
2025-12-22 21:06:49,459 ----------------------------------------------------------------------------------------------------
2025-12-22 21:06:49,459 EPOCH 14 done: loss 0.5574 - lr: 0.100000
2025-12-22 21:06:52,016 DEV : loss 0.43633872270584106 - f1-score (micro avg)  0.8498
2025-12-22 21:06:52,020  - 0 epochs without improvement
2025-12-22 21:06:52,021 saving best model
2025-12-22 21:06:52,034 ----------------------------------------------------------------------------------------------------
2025-12-22 21:06:53,386 epoch 15 - iter 2/29 - loss 0.52342375 - time (sec): 1.35 - samples/sec: 2573.88 - lr: 0.100000 - momentum: 0.000000
2025-12-22 21:06:54,677 epoch 15 - iter 4/29 - loss 0.50625303 - time (sec): 2.64 - samples/sec: 2606.49 - lr: 0.100000 - momentum: 0.000000
2025-12-22 21:06:56,001 epoch 15 - iter 6/29 - loss 0.51468840 - time (sec): 3.97 - samples/sec: 2470.52 - lr: 0.100000 - momentum: 0.000000
2025-12-22 21:06:57,160 epoch 15 - iter 8/29 - loss 0.51295313 - time (sec): 5.13 - samples/sec: 2646.23 - lr: 0.100000 - momentum: 0.000000
2025-12-22 21:06:58,417 epoch 15 - iter 10/29 - loss 0.51625131 - time (sec): 6.38 - samples/sec: 2685.39 - lr: 0.100000 - momentum: 0.000000
2025-12-22 21:06:59,819 epoch 15 - iter 12/29 - loss 0.51138732 - time (sec): 7.78 - samples/sec: 2645.62 - lr: 0.100000 - momentum: 0.000000
2025-12-22 21:07:00,880 epoch 15 - iter 14/29 - loss 0.51121359 - time (sec): 8.85 - samples/sec: 2665.95 - lr: 0.100000 - momentum: 0.000000
2025-12-22 21:07:02,116 epoch 15 - iter 16/29 - loss 0.51250071 - time (sec): 10.08 - samples/sec: 2639.22 - lr: 0.100000 - momentum: 0.000000
2025-12-22 21:07:03,544 epoch 15 - iter 18/29 - loss 0.51176420 - time (sec): 11.51 - samples/sec: 2622.88 - lr: 0.100000 - momentum: 0.000000
2025-12-22 21:07:04,485 epoch 15 - iter 20/29 - loss 0.51304723 - time (sec): 12.45 - samples/sec: 2667.49 - lr: 0.100000 - momentum: 0.000000
2025-12-22 21:07:05,709 epoch 15 - iter 22/29 - loss 0.51326163 - time (sec): 13.67 - samples/sec: 2656.88 - lr: 0.100000 - momentum: 0.000000
2025-12-22 21:07:06,924 epoch 15 - iter 24/29 - loss 0.51381379 - time (sec): 14.89 - samples/sec: 2649.01 - lr: 0.100000 - momentum: 0.000000
2025-12-22 21:07:08,181 epoch 15 - iter 26/29 - loss 0.51241528 - time (sec): 16.15 - samples/sec: 2639.09 - lr: 0.100000 - momentum: 0.000000
2025-12-22 21:07:09,484 epoch 15 - iter 28/29 - loss 0.51146054 - time (sec): 17.45 - samples/sec: 2629.75 - lr: 0.100000 - momentum: 0.000000
2025-12-22 21:07:09,919 ----------------------------------------------------------------------------------------------------
2025-12-22 21:07:09,919 EPOCH 15 done: loss 0.5107 - lr: 0.100000
2025-12-22 21:07:12,976 DEV : loss 0.40163859724998474 - f1-score (micro avg)  0.8622
2025-12-22 21:07:12,988  - 0 epochs without improvement
2025-12-22 21:07:12,989 saving best model
2025-12-22 21:07:13,005 ----------------------------------------------------------------------------------------------------
2025-12-22 21:07:14,094 epoch 16 - iter 2/29 - loss 0.47835236 - time (sec): 1.09 - samples/sec: 2939.43 - lr: 0.100000 - momentum: 0.000000
2025-12-22 21:07:15,234 epoch 16 - iter 4/29 - loss 0.50664243 - time (sec): 2.23 - samples/sec: 2814.86 - lr: 0.100000 - momentum: 0.000000
2025-12-22 21:07:16,687 epoch 16 - iter 6/29 - loss 0.50592949 - time (sec): 3.68 - samples/sec: 2531.01 - lr: 0.100000 - momentum: 0.000000
2025-12-22 21:07:18,083 epoch 16 - iter 8/29 - loss 0.50104272 - time (sec): 5.08 - samples/sec: 2549.47 - lr: 0.100000 - momentum: 0.000000
2025-12-22 21:07:19,470 epoch 16 - iter 10/29 - loss 0.49495281 - time (sec): 6.46 - samples/sec: 2534.58 - lr: 0.100000 - momentum: 0.000000
2025-12-22 21:07:20,787 epoch 16 - iter 12/29 - loss 0.49078926 - time (sec): 7.78 - samples/sec: 2560.73 - lr: 0.100000 - momentum: 0.000000
2025-12-22 21:07:21,981 epoch 16 - iter 14/29 - loss 0.48864781 - time (sec): 8.98 - samples/sec: 2573.42 - lr: 0.100000 - momentum: 0.000000
2025-12-22 21:07:23,775 epoch 16 - iter 16/29 - loss 0.48651273 - time (sec): 10.77 - samples/sec: 2476.48 - lr: 0.100000 - momentum: 0.000000
2025-12-22 21:07:25,062 epoch 16 - iter 18/29 - loss 0.48794491 - time (sec): 12.06 - samples/sec: 2485.25 - lr: 0.100000 - momentum: 0.000000
2025-12-22 21:07:26,322 epoch 16 - iter 20/29 - loss 0.48650514 - time (sec): 13.32 - samples/sec: 2497.36 - lr: 0.100000 - momentum: 0.000000
2025-12-22 21:07:27,619 epoch 16 - iter 22/29 - loss 0.48452385 - time (sec): 14.61 - samples/sec: 2485.73 - lr: 0.100000 - momentum: 0.000000
2025-12-22 21:07:29,028 epoch 16 - iter 24/29 - loss 0.48353517 - time (sec): 16.02 - samples/sec: 2464.10 - lr: 0.100000 - momentum: 0.000000
2025-12-22 21:07:30,327 epoch 16 - iter 26/29 - loss 0.48361058 - time (sec): 17.32 - samples/sec: 2465.71 - lr: 0.100000 - momentum: 0.000000
2025-12-22 21:07:31,547 epoch 16 - iter 28/29 - loss 0.48028980 - time (sec): 18.54 - samples/sec: 2486.47 - lr: 0.100000 - momentum: 0.000000
2025-12-22 21:07:31,835 ----------------------------------------------------------------------------------------------------
2025-12-22 21:07:31,836 EPOCH 16 done: loss 0.4800 - lr: 0.100000
2025-12-22 21:07:34,707 DEV : loss 0.38015487790107727 - f1-score (micro avg)  0.8679
2025-12-22 21:07:34,711  - 0 epochs without improvement
2025-12-22 21:07:34,712 saving best model
2025-12-22 21:07:34,729 ----------------------------------------------------------------------------------------------------
2025-12-22 21:07:36,369 epoch 17 - iter 2/29 - loss 0.48632511 - time (sec): 1.64 - samples/sec: 1971.67 - lr: 0.100000 - momentum: 0.000000
2025-12-22 21:07:37,305 epoch 17 - iter 4/29 - loss 0.49014155 - time (sec): 2.58 - samples/sec: 2458.51 - lr: 0.100000 - momentum: 0.000000
2025-12-22 21:07:38,480 epoch 17 - iter 6/29 - loss 0.47327485 - time (sec): 3.75 - samples/sec: 2536.43 - lr: 0.100000 - momentum: 0.000000
2025-12-22 21:07:39,619 epoch 17 - iter 8/29 - loss 0.46959231 - time (sec): 4.89 - samples/sec: 2594.54 - lr: 0.100000 - momentum: 0.000000
2025-12-22 21:07:41,020 epoch 17 - iter 10/29 - loss 0.47001128 - time (sec): 6.29 - samples/sec: 2597.06 - lr: 0.100000 - momentum: 0.000000
2025-12-22 21:07:42,245 epoch 17 - iter 12/29 - loss 0.46703863 - time (sec): 7.52 - samples/sec: 2602.50 - lr: 0.100000 - momentum: 0.000000
2025-12-22 21:07:43,512 epoch 17 - iter 14/29 - loss 0.46264235 - time (sec): 8.78 - samples/sec: 2588.54 - lr: 0.100000 - momentum: 0.000000
2025-12-22 21:07:44,636 epoch 17 - iter 16/29 - loss 0.46316976 - time (sec): 9.91 - samples/sec: 2629.35 - lr: 0.100000 - momentum: 0.000000
2025-12-22 21:07:45,977 epoch 17 - iter 18/29 - loss 0.46376671 - time (sec): 11.25 - samples/sec: 2612.87 - lr: 0.100000 - momentum: 0.000000
2025-12-22 21:07:47,225 epoch 17 - iter 20/29 - loss 0.45989952 - time (sec): 12.50 - samples/sec: 2604.82 - lr: 0.100000 - momentum: 0.000000
2025-12-22 21:07:48,609 epoch 17 - iter 22/29 - loss 0.45664529 - time (sec): 13.88 - samples/sec: 2611.31 - lr: 0.100000 - momentum: 0.000000
2025-12-22 21:07:49,803 epoch 17 - iter 24/29 - loss 0.45568240 - time (sec): 15.07 - samples/sec: 2628.66 - lr: 0.100000 - momentum: 0.000000
2025-12-22 21:07:51,284 epoch 17 - iter 26/29 - loss 0.45656662 - time (sec): 16.56 - samples/sec: 2619.69 - lr: 0.100000 - momentum: 0.000000
2025-12-22 21:07:52,292 epoch 17 - iter 28/29 - loss 0.45590918 - time (sec): 17.56 - samples/sec: 2626.07 - lr: 0.100000 - momentum: 0.000000
2025-12-22 21:07:52,862 ----------------------------------------------------------------------------------------------------
2025-12-22 21:07:52,862 EPOCH 17 done: loss 0.4548 - lr: 0.100000
2025-12-22 21:07:55,604 DEV : loss 0.3549949824810028 - f1-score (micro avg)  0.8795
2025-12-22 21:07:55,609  - 0 epochs without improvement
2025-12-22 21:07:55,609 saving best model
2025-12-22 21:07:55,620 ----------------------------------------------------------------------------------------------------
2025-12-22 21:07:56,946 epoch 18 - iter 2/29 - loss 0.42287362 - time (sec): 1.33 - samples/sec: 2639.48 - lr: 0.100000 - momentum: 0.000000
2025-12-22 21:07:58,070 epoch 18 - iter 4/29 - loss 0.43241436 - time (sec): 2.45 - samples/sec: 2694.96 - lr: 0.100000 - momentum: 0.000000
2025-12-22 21:07:59,290 epoch 18 - iter 6/29 - loss 0.43272479 - time (sec): 3.67 - samples/sec: 2738.37 - lr: 0.100000 - momentum: 0.000000
2025-12-22 21:08:00,451 epoch 18 - iter 8/29 - loss 0.43989401 - time (sec): 4.83 - samples/sec: 2755.49 - lr: 0.100000 - momentum: 0.000000
2025-12-22 21:08:01,702 epoch 18 - iter 10/29 - loss 0.43745150 - time (sec): 6.08 - samples/sec: 2721.48 - lr: 0.100000 - momentum: 0.000000
2025-12-22 21:08:02,904 epoch 18 - iter 12/29 - loss 0.44241557 - time (sec): 7.28 - samples/sec: 2726.48 - lr: 0.100000 - momentum: 0.000000
2025-12-22 21:08:04,032 epoch 18 - iter 14/29 - loss 0.44749554 - time (sec): 8.41 - samples/sec: 2776.55 - lr: 0.100000 - momentum: 0.000000
2025-12-22 21:08:05,242 epoch 18 - iter 16/29 - loss 0.44659769 - time (sec): 9.62 - samples/sec: 2757.34 - lr: 0.100000 - momentum: 0.000000
2025-12-22 21:08:06,628 epoch 18 - iter 18/29 - loss 0.44615536 - time (sec): 11.01 - samples/sec: 2684.85 - lr: 0.100000 - momentum: 0.000000
2025-12-22 21:08:07,920 epoch 18 - iter 20/29 - loss 0.44175662 - time (sec): 12.30 - samples/sec: 2686.62 - lr: 0.100000 - momentum: 0.000000
2025-12-22 21:08:09,067 epoch 18 - iter 22/29 - loss 0.43879298 - time (sec): 13.45 - samples/sec: 2689.88 - lr: 0.100000 - momentum: 0.000000
2025-12-22 21:08:10,269 epoch 18 - iter 24/29 - loss 0.43794717 - time (sec): 14.65 - samples/sec: 2678.42 - lr: 0.100000 - momentum: 0.000000
2025-12-22 21:08:11,411 epoch 18 - iter 26/29 - loss 0.43577881 - time (sec): 15.79 - samples/sec: 2688.21 - lr: 0.100000 - momentum: 0.000000
2025-12-22 21:08:13,074 epoch 18 - iter 28/29 - loss 0.43581146 - time (sec): 17.45 - samples/sec: 2627.54 - lr: 0.100000 - momentum: 0.000000
2025-12-22 21:08:13,697 ----------------------------------------------------------------------------------------------------
2025-12-22 21:08:13,697 EPOCH 18 done: loss 0.4353 - lr: 0.100000
2025-12-22 21:08:16,808 DEV : loss 0.35367757081985474 - f1-score (micro avg)  0.8737
2025-12-22 21:08:16,813  - 1 epochs without improvement
2025-12-22 21:08:16,813 ----------------------------------------------------------------------------------------------------
2025-12-22 21:08:17,952 epoch 19 - iter 2/29 - loss 0.43119596 - time (sec): 1.14 - samples/sec: 2843.07 - lr: 0.100000 - momentum: 0.000000
2025-12-22 21:08:19,347 epoch 19 - iter 4/29 - loss 0.40809898 - time (sec): 2.53 - samples/sec: 2535.38 - lr: 0.100000 - momentum: 0.000000
2025-12-22 21:08:20,867 epoch 19 - iter 6/29 - loss 0.41391317 - time (sec): 4.05 - samples/sec: 2376.46 - lr: 0.100000 - momentum: 0.000000
2025-12-22 21:08:22,490 epoch 19 - iter 8/29 - loss 0.41149480 - time (sec): 5.68 - samples/sec: 2258.21 - lr: 0.100000 - momentum: 0.000000
2025-12-22 21:08:23,857 epoch 19 - iter 10/29 - loss 0.41239883 - time (sec): 7.04 - samples/sec: 2277.08 - lr: 0.100000 - momentum: 0.000000
2025-12-22 21:08:25,072 epoch 19 - iter 12/29 - loss 0.41278864 - time (sec): 8.26 - samples/sec: 2374.63 - lr: 0.100000 - momentum: 0.000000
2025-12-22 21:08:26,230 epoch 19 - iter 14/29 - loss 0.41081694 - time (sec): 9.42 - samples/sec: 2465.64 - lr: 0.100000 - momentum: 0.000000
2025-12-22 21:08:27,705 epoch 19 - iter 16/29 - loss 0.41061538 - time (sec): 10.89 - samples/sec: 2484.10 - lr: 0.100000 - momentum: 0.000000
2025-12-22 21:08:29,350 epoch 19 - iter 18/29 - loss 0.41451063 - time (sec): 12.54 - samples/sec: 2429.90 - lr: 0.100000 - momentum: 0.000000
2025-12-22 21:08:30,389 epoch 19 - iter 20/29 - loss 0.41423651 - time (sec): 13.57 - samples/sec: 2455.35 - lr: 0.100000 - momentum: 0.000000
2025-12-22 21:08:31,546 epoch 19 - iter 22/29 - loss 0.41468590 - time (sec): 14.73 - samples/sec: 2473.68 - lr: 0.100000 - momentum: 0.000000
2025-12-22 21:08:32,672 epoch 19 - iter 24/29 - loss 0.41471306 - time (sec): 15.86 - samples/sec: 2472.58 - lr: 0.100000 - momentum: 0.000000
2025-12-22 21:08:33,904 epoch 19 - iter 26/29 - loss 0.41459467 - time (sec): 17.09 - samples/sec: 2498.68 - lr: 0.100000 - momentum: 0.000000
2025-12-22 21:08:35,252 epoch 19 - iter 28/29 - loss 0.41264247 - time (sec): 18.44 - samples/sec: 2493.88 - lr: 0.100000 - momentum: 0.000000
2025-12-22 21:08:35,643 ----------------------------------------------------------------------------------------------------
2025-12-22 21:08:35,643 EPOCH 19 done: loss 0.4139 - lr: 0.100000
2025-12-22 21:08:38,236 DEV : loss 0.32370489835739136 - f1-score (micro avg)  0.8904
2025-12-22 21:08:38,240  - 0 epochs without improvement
2025-12-22 21:08:38,241 saving best model
2025-12-22 21:08:38,256 ----------------------------------------------------------------------------------------------------
2025-12-22 21:08:39,659 epoch 20 - iter 2/29 - loss 0.38420686 - time (sec): 1.40 - samples/sec: 2311.92 - lr: 0.100000 - momentum: 0.000000
2025-12-22 21:08:41,072 epoch 20 - iter 4/29 - loss 0.40189327 - time (sec): 2.82 - samples/sec: 2362.85 - lr: 0.100000 - momentum: 0.000000
2025-12-22 21:08:42,343 epoch 20 - iter 6/29 - loss 0.41363224 - time (sec): 4.09 - samples/sec: 2365.85 - lr: 0.100000 - momentum: 0.000000
2025-12-22 21:08:43,475 epoch 20 - iter 8/29 - loss 0.40758644 - time (sec): 5.22 - samples/sec: 2485.68 - lr: 0.100000 - momentum: 0.000000
2025-12-22 21:08:44,840 epoch 20 - iter 10/29 - loss 0.40529911 - time (sec): 6.58 - samples/sec: 2501.46 - lr: 0.100000 - momentum: 0.000000
2025-12-22 21:08:46,019 epoch 20 - iter 12/29 - loss 0.40149885 - time (sec): 7.76 - samples/sec: 2501.50 - lr: 0.100000 - momentum: 0.000000
2025-12-22 21:08:47,204 epoch 20 - iter 14/29 - loss 0.40062117 - time (sec): 8.95 - samples/sec: 2554.45 - lr: 0.100000 - momentum: 0.000000
2025-12-22 21:08:48,359 epoch 20 - iter 16/29 - loss 0.40219523 - time (sec): 10.10 - samples/sec: 2589.06 - lr: 0.100000 - momentum: 0.000000
2025-12-22 21:08:49,462 epoch 20 - iter 18/29 - loss 0.39982520 - time (sec): 11.21 - samples/sec: 2630.52 - lr: 0.100000 - momentum: 0.000000
2025-12-22 21:08:50,673 epoch 20 - iter 20/29 - loss 0.40015495 - time (sec): 12.42 - samples/sec: 2631.94 - lr: 0.100000 - momentum: 0.000000
2025-12-22 21:08:52,026 epoch 20 - iter 22/29 - loss 0.39882881 - time (sec): 13.77 - samples/sec: 2626.37 - lr: 0.100000 - momentum: 0.000000
2025-12-22 21:08:53,281 epoch 20 - iter 24/29 - loss 0.39945989 - time (sec): 15.03 - samples/sec: 2625.07 - lr: 0.100000 - momentum: 0.000000
2025-12-22 21:08:54,350 epoch 20 - iter 26/29 - loss 0.39808821 - time (sec): 16.09 - samples/sec: 2651.58 - lr: 0.100000 - momentum: 0.000000
2025-12-22 21:08:55,462 epoch 20 - iter 28/29 - loss 0.39924006 - time (sec): 17.21 - samples/sec: 2669.81 - lr: 0.100000 - momentum: 0.000000
2025-12-22 21:08:56,009 ----------------------------------------------------------------------------------------------------
2025-12-22 21:08:56,010 EPOCH 20 done: loss 0.3986 - lr: 0.100000
2025-12-22 21:08:58,922 DEV : loss 0.30089837312698364 - f1-score (micro avg)  0.8992
2025-12-22 21:08:58,926  - 0 epochs without improvement
2025-12-22 21:08:58,927 saving best model
2025-12-22 21:08:58,944 ----------------------------------------------------------------------------------------------------
2025-12-22 21:09:00,062 epoch 21 - iter 2/29 - loss 0.38913965 - time (sec): 1.12 - samples/sec: 2621.66 - lr: 0.100000 - momentum: 0.000000
2025-12-22 21:09:00,929 epoch 21 - iter 4/29 - loss 0.38374109 - time (sec): 1.99 - samples/sec: 2892.14 - lr: 0.100000 - momentum: 0.000000
2025-12-22 21:09:01,888 epoch 21 - iter 6/29 - loss 0.38299586 - time (sec): 2.94 - samples/sec: 3025.35 - lr: 0.100000 - momentum: 0.000000
2025-12-22 21:09:03,457 epoch 21 - iter 8/29 - loss 0.38524280 - time (sec): 4.51 - samples/sec: 2727.36 - lr: 0.100000 - momentum: 0.000000
2025-12-22 21:09:04,298 epoch 21 - iter 10/29 - loss 0.38812605 - time (sec): 5.35 - samples/sec: 2837.20 - lr: 0.100000 - momentum: 0.000000
2025-12-22 21:09:05,224 epoch 21 - iter 12/29 - loss 0.39018286 - time (sec): 6.28 - samples/sec: 2871.32 - lr: 0.100000 - momentum: 0.000000
2025-12-22 21:09:06,811 epoch 21 - iter 14/29 - loss 0.38836508 - time (sec): 7.87 - samples/sec: 2797.61 - lr: 0.100000 - momentum: 0.000000
2025-12-22 21:09:08,279 epoch 21 - iter 16/29 - loss 0.38608398 - time (sec): 9.33 - samples/sec: 2756.42 - lr: 0.100000 - momentum: 0.000000
2025-12-22 21:09:09,618 epoch 21 - iter 18/29 - loss 0.38633241 - time (sec): 10.67 - samples/sec: 2758.08 - lr: 0.100000 - momentum: 0.000000
2025-12-22 21:09:10,699 epoch 21 - iter 20/29 - loss 0.38628765 - time (sec): 11.75 - samples/sec: 2771.34 - lr: 0.100000 - momentum: 0.000000
2025-12-22 21:09:12,109 epoch 21 - iter 22/29 - loss 0.38639436 - time (sec): 13.16 - samples/sec: 2718.95 - lr: 0.100000 - momentum: 0.000000
2025-12-22 21:09:13,552 epoch 21 - iter 24/29 - loss 0.38294576 - time (sec): 14.61 - samples/sec: 2697.03 - lr: 0.100000 - momentum: 0.000000
2025-12-22 21:09:14,933 epoch 21 - iter 26/29 - loss 0.38229497 - time (sec): 15.99 - samples/sec: 2679.36 - lr: 0.100000 - momentum: 0.000000
2025-12-22 21:09:16,124 epoch 21 - iter 28/29 - loss 0.38215881 - time (sec): 17.18 - samples/sec: 2680.47 - lr: 0.100000 - momentum: 0.000000
2025-12-22 21:09:16,530 ----------------------------------------------------------------------------------------------------
2025-12-22 21:09:16,530 EPOCH 21 done: loss 0.3826 - lr: 0.100000
2025-12-22 21:09:19,629 DEV : loss 0.2840002775192261 - f1-score (micro avg)  0.9085
2025-12-22 21:09:19,638  - 0 epochs without improvement
2025-12-22 21:09:19,639 saving best model
2025-12-22 21:09:19,655 ----------------------------------------------------------------------------------------------------
2025-12-22 21:09:20,921 epoch 22 - iter 2/29 - loss 0.38062363 - time (sec): 1.27 - samples/sec: 2434.03 - lr: 0.100000 - momentum: 0.000000
2025-12-22 21:09:22,272 epoch 22 - iter 4/29 - loss 0.37946328 - time (sec): 2.62 - samples/sec: 2382.73 - lr: 0.100000 - momentum: 0.000000
2025-12-22 21:09:24,177 epoch 22 - iter 6/29 - loss 0.37792815 - time (sec): 4.52 - samples/sec: 2105.90 - lr: 0.100000 - momentum: 0.000000
2025-12-22 21:09:25,493 epoch 22 - iter 8/29 - loss 0.37017112 - time (sec): 5.84 - samples/sec: 2180.54 - lr: 0.100000 - momentum: 0.000000
2025-12-22 21:09:26,819 epoch 22 - iter 10/29 - loss 0.37115422 - time (sec): 7.16 - samples/sec: 2256.91 - lr: 0.100000 - momentum: 0.000000
2025-12-22 21:09:28,511 epoch 22 - iter 12/29 - loss 0.36949957 - time (sec): 8.86 - samples/sec: 2196.45 - lr: 0.100000 - momentum: 0.000000
2025-12-22 21:09:29,593 epoch 22 - iter 14/29 - loss 0.36715788 - time (sec): 9.94 - samples/sec: 2256.23 - lr: 0.100000 - momentum: 0.000000
2025-12-22 21:09:30,825 epoch 22 - iter 16/29 - loss 0.36610289 - time (sec): 11.17 - samples/sec: 2283.48 - lr: 0.100000 - momentum: 0.000000
2025-12-22 21:09:32,134 epoch 22 - iter 18/29 - loss 0.36445942 - time (sec): 12.48 - samples/sec: 2327.92 - lr: 0.100000 - momentum: 0.000000
2025-12-22 21:09:33,152 epoch 22 - iter 20/29 - loss 0.36514337 - time (sec): 13.50 - samples/sec: 2379.69 - lr: 0.100000 - momentum: 0.000000
2025-12-22 21:09:34,312 epoch 22 - iter 22/29 - loss 0.36518716 - time (sec): 14.66 - samples/sec: 2422.84 - lr: 0.100000 - momentum: 0.000000
2025-12-22 21:09:35,748 epoch 22 - iter 24/29 - loss 0.36149868 - time (sec): 16.09 - samples/sec: 2436.89 - lr: 0.100000 - momentum: 0.000000
2025-12-22 21:09:37,110 epoch 22 - iter 26/29 - loss 0.36218302 - time (sec): 17.46 - samples/sec: 2437.06 - lr: 0.100000 - momentum: 0.000000
2025-12-22 21:09:38,323 epoch 22 - iter 28/29 - loss 0.36273541 - time (sec): 18.67 - samples/sec: 2458.95 - lr: 0.100000 - momentum: 0.000000
2025-12-22 21:09:38,820 ----------------------------------------------------------------------------------------------------
2025-12-22 21:09:38,820 EPOCH 22 done: loss 0.3621 - lr: 0.100000
2025-12-22 21:09:41,276 DEV : loss 0.2730608582496643 - f1-score (micro avg)  0.9127
2025-12-22 21:09:41,280  - 0 epochs without improvement
2025-12-22 21:09:41,281 saving best model
2025-12-22 21:09:41,297 ----------------------------------------------------------------------------------------------------
2025-12-22 21:09:42,666 epoch 23 - iter 2/29 - loss 0.34562400 - time (sec): 1.37 - samples/sec: 2687.37 - lr: 0.100000 - momentum: 0.000000
2025-12-22 21:09:44,121 epoch 23 - iter 4/29 - loss 0.34712266 - time (sec): 2.82 - samples/sec: 2469.20 - lr: 0.100000 - momentum: 0.000000
2025-12-22 21:09:45,121 epoch 23 - iter 6/29 - loss 0.34188457 - time (sec): 3.82 - samples/sec: 2614.82 - lr: 0.100000 - momentum: 0.000000
2025-12-22 21:09:46,350 epoch 23 - iter 8/29 - loss 0.33963751 - time (sec): 5.05 - samples/sec: 2635.81 - lr: 0.100000 - momentum: 0.000000
2025-12-22 21:09:47,808 epoch 23 - iter 10/29 - loss 0.34188626 - time (sec): 6.51 - samples/sec: 2538.62 - lr: 0.100000 - momentum: 0.000000
2025-12-22 21:09:49,093 epoch 23 - iter 12/29 - loss 0.34216538 - time (sec): 7.80 - samples/sec: 2574.77 - lr: 0.100000 - momentum: 0.000000
2025-12-22 21:09:50,285 epoch 23 - iter 14/29 - loss 0.34406528 - time (sec): 8.99 - samples/sec: 2609.08 - lr: 0.100000 - momentum: 0.000000
2025-12-22 21:09:51,419 epoch 23 - iter 16/29 - loss 0.34251092 - time (sec): 10.12 - samples/sec: 2642.56 - lr: 0.100000 - momentum: 0.000000
2025-12-22 21:09:52,456 epoch 23 - iter 18/29 - loss 0.34518094 - time (sec): 11.16 - samples/sec: 2679.66 - lr: 0.100000 - momentum: 0.000000
2025-12-22 21:09:53,626 epoch 23 - iter 20/29 - loss 0.34765593 - time (sec): 12.33 - samples/sec: 2689.77 - lr: 0.100000 - momentum: 0.000000
2025-12-22 21:09:54,701 epoch 23 - iter 22/29 - loss 0.34916212 - time (sec): 13.40 - samples/sec: 2720.52 - lr: 0.100000 - momentum: 0.000000
2025-12-22 21:09:55,991 epoch 23 - iter 24/29 - loss 0.34985905 - time (sec): 14.69 - samples/sec: 2703.27 - lr: 0.100000 - momentum: 0.000000
2025-12-22 21:09:57,263 epoch 23 - iter 26/29 - loss 0.34851572 - time (sec): 15.97 - samples/sec: 2678.12 - lr: 0.100000 - momentum: 0.000000
2025-12-22 21:09:58,653 epoch 23 - iter 28/29 - loss 0.34756132 - time (sec): 17.36 - samples/sec: 2648.32 - lr: 0.100000 - momentum: 0.000000
2025-12-22 21:09:59,151 ----------------------------------------------------------------------------------------------------
2025-12-22 21:09:59,151 EPOCH 23 done: loss 0.3468 - lr: 0.100000
2025-12-22 21:10:01,701 DEV : loss 0.26266658306121826 - f1-score (micro avg)  0.916
2025-12-22 21:10:01,705  - 0 epochs without improvement
2025-12-22 21:10:01,706 saving best model
2025-12-22 21:10:01,717 ----------------------------------------------------------------------------------------------------
2025-12-22 21:10:03,061 epoch 24 - iter 2/29 - loss 0.33896637 - time (sec): 1.34 - samples/sec: 2858.65 - lr: 0.100000 - momentum: 0.000000
2025-12-22 21:10:04,121 epoch 24 - iter 4/29 - loss 0.34479282 - time (sec): 2.40 - samples/sec: 2900.48 - lr: 0.100000 - momentum: 0.000000
2025-12-22 21:10:05,630 epoch 24 - iter 6/29 - loss 0.34186632 - time (sec): 3.91 - samples/sec: 2562.99 - lr: 0.100000 - momentum: 0.000000
2025-12-22 21:10:07,157 epoch 24 - iter 8/29 - loss 0.34388127 - time (sec): 5.44 - samples/sec: 2564.26 - lr: 0.100000 - momentum: 0.000000
2025-12-22 21:10:08,400 epoch 24 - iter 10/29 - loss 0.34342365 - time (sec): 6.68 - samples/sec: 2537.04 - lr: 0.100000 - momentum: 0.000000
2025-12-22 21:10:09,416 epoch 24 - iter 12/29 - loss 0.34279280 - time (sec): 7.70 - samples/sec: 2620.66 - lr: 0.100000 - momentum: 0.000000
2025-12-22 21:10:10,702 epoch 24 - iter 14/29 - loss 0.34004811 - time (sec): 8.99 - samples/sec: 2615.58 - lr: 0.100000 - momentum: 0.000000
2025-12-22 21:10:11,967 epoch 24 - iter 16/29 - loss 0.33758196 - time (sec): 10.25 - samples/sec: 2630.63 - lr: 0.100000 - momentum: 0.000000
2025-12-22 21:10:12,992 epoch 24 - iter 18/29 - loss 0.33863895 - time (sec): 11.27 - samples/sec: 2668.08 - lr: 0.100000 - momentum: 0.000000
2025-12-22 21:10:14,115 epoch 24 - iter 20/29 - loss 0.33722934 - time (sec): 12.40 - samples/sec: 2687.46 - lr: 0.100000 - momentum: 0.000000
2025-12-22 21:10:15,449 epoch 24 - iter 22/29 - loss 0.33517866 - time (sec): 13.73 - samples/sec: 2647.47 - lr: 0.100000 - momentum: 0.000000
2025-12-22 21:10:16,552 epoch 24 - iter 24/29 - loss 0.33334090 - time (sec): 14.83 - samples/sec: 2651.95 - lr: 0.100000 - momentum: 0.000000
2025-12-22 21:10:18,062 epoch 24 - iter 26/29 - loss 0.33250509 - time (sec): 16.34 - samples/sec: 2601.68 - lr: 0.100000 - momentum: 0.000000
2025-12-22 21:10:19,412 epoch 24 - iter 28/29 - loss 0.33284515 - time (sec): 17.69 - samples/sec: 2598.62 - lr: 0.100000 - momentum: 0.000000
2025-12-22 21:10:19,879 ----------------------------------------------------------------------------------------------------
2025-12-22 21:10:19,880 EPOCH 24 done: loss 0.3318 - lr: 0.100000
2025-12-22 21:10:22,742 DEV : loss 0.2538836896419525 - f1-score (micro avg)  0.9193
2025-12-22 21:10:22,746  - 0 epochs without improvement
2025-12-22 21:10:22,747 saving best model
2025-12-22 21:10:22,763 ----------------------------------------------------------------------------------------------------
2025-12-22 21:10:24,308 epoch 25 - iter 2/29 - loss 0.28091055 - time (sec): 1.54 - samples/sec: 2209.01 - lr: 0.100000 - momentum: 0.000000
2025-12-22 21:10:25,815 epoch 25 - iter 4/29 - loss 0.29278693 - time (sec): 3.05 - samples/sec: 2277.51 - lr: 0.100000 - momentum: 0.000000
2025-12-22 21:10:27,030 epoch 25 - iter 6/29 - loss 0.30670957 - time (sec): 4.27 - samples/sec: 2376.57 - lr: 0.100000 - momentum: 0.000000
2025-12-22 21:10:28,292 epoch 25 - iter 8/29 - loss 0.31350865 - time (sec): 5.53 - samples/sec: 2455.01 - lr: 0.100000 - momentum: 0.000000
2025-12-22 21:10:29,417 epoch 25 - iter 10/29 - loss 0.31607868 - time (sec): 6.65 - samples/sec: 2503.18 - lr: 0.100000 - momentum: 0.000000
2025-12-22 21:10:30,892 epoch 25 - iter 12/29 - loss 0.31914454 - time (sec): 8.13 - samples/sec: 2447.29 - lr: 0.100000 - momentum: 0.000000
2025-12-22 21:10:32,118 epoch 25 - iter 14/29 - loss 0.31845353 - time (sec): 9.35 - samples/sec: 2493.48 - lr: 0.100000 - momentum: 0.000000
2025-12-22 21:10:33,389 epoch 25 - iter 16/29 - loss 0.32187992 - time (sec): 10.63 - samples/sec: 2497.40 - lr: 0.100000 - momentum: 0.000000
2025-12-22 21:10:34,330 epoch 25 - iter 18/29 - loss 0.32460785 - time (sec): 11.57 - samples/sec: 2553.50 - lr: 0.100000 - momentum: 0.000000
2025-12-22 21:10:35,440 epoch 25 - iter 20/29 - loss 0.32099226 - time (sec): 12.68 - samples/sec: 2598.61 - lr: 0.100000 - momentum: 0.000000
2025-12-22 21:10:36,613 epoch 25 - iter 22/29 - loss 0.31864603 - time (sec): 13.85 - samples/sec: 2619.59 - lr: 0.100000 - momentum: 0.000000
2025-12-22 21:10:37,847 epoch 25 - iter 24/29 - loss 0.32021830 - time (sec): 15.08 - samples/sec: 2623.98 - lr: 0.100000 - momentum: 0.000000
2025-12-22 21:10:38,989 epoch 25 - iter 26/29 - loss 0.32030951 - time (sec): 16.23 - samples/sec: 2637.22 - lr: 0.100000 - momentum: 0.000000
2025-12-22 21:10:40,309 epoch 25 - iter 28/29 - loss 0.31990986 - time (sec): 17.55 - samples/sec: 2623.56 - lr: 0.100000 - momentum: 0.000000
2025-12-22 21:10:40,788 ----------------------------------------------------------------------------------------------------
2025-12-22 21:10:40,788 EPOCH 25 done: loss 0.3205 - lr: 0.100000
2025-12-22 21:10:43,781 DEV : loss 0.23414483666419983 - f1-score (micro avg)  0.9262
2025-12-22 21:10:43,786  - 0 epochs without improvement
2025-12-22 21:10:43,786 saving best model
2025-12-22 21:10:43,799 ----------------------------------------------------------------------------------------------------
2025-12-22 21:10:45,092 epoch 26 - iter 2/29 - loss 0.30677046 - time (sec): 1.29 - samples/sec: 2398.18 - lr: 0.100000 - momentum: 0.000000
2025-12-22 21:10:46,308 epoch 26 - iter 4/29 - loss 0.32059915 - time (sec): 2.51 - samples/sec: 2463.81 - lr: 0.100000 - momentum: 0.000000
2025-12-22 21:10:47,479 epoch 26 - iter 6/29 - loss 0.31611257 - time (sec): 3.68 - samples/sec: 2580.96 - lr: 0.100000 - momentum: 0.000000
2025-12-22 21:10:48,438 epoch 26 - iter 8/29 - loss 0.31332344 - time (sec): 4.64 - samples/sec: 2694.52 - lr: 0.100000 - momentum: 0.000000
2025-12-22 21:10:49,429 epoch 26 - iter 10/29 - loss 0.31393097 - time (sec): 5.63 - samples/sec: 2732.18 - lr: 0.100000 - momentum: 0.000000
2025-12-22 21:10:50,649 epoch 26 - iter 12/29 - loss 0.31082958 - time (sec): 6.85 - samples/sec: 2728.44 - lr: 0.100000 - momentum: 0.000000
2025-12-22 21:10:52,071 epoch 26 - iter 14/29 - loss 0.30788830 - time (sec): 8.27 - samples/sec: 2697.87 - lr: 0.100000 - momentum: 0.000000
2025-12-22 21:10:53,414 epoch 26 - iter 16/29 - loss 0.30908824 - time (sec): 9.61 - samples/sec: 2668.25 - lr: 0.100000 - momentum: 0.000000
2025-12-22 21:10:54,918 epoch 26 - iter 18/29 - loss 0.30685492 - time (sec): 11.12 - samples/sec: 2646.96 - lr: 0.100000 - momentum: 0.000000
2025-12-22 21:10:55,964 epoch 26 - iter 20/29 - loss 0.30679607 - time (sec): 12.16 - samples/sec: 2665.98 - lr: 0.100000 - momentum: 0.000000
2025-12-22 21:10:57,347 epoch 26 - iter 22/29 - loss 0.30458576 - time (sec): 13.55 - samples/sec: 2655.45 - lr: 0.100000 - momentum: 0.000000
2025-12-22 21:10:58,635 epoch 26 - iter 24/29 - loss 0.30683842 - time (sec): 14.84 - samples/sec: 2665.72 - lr: 0.100000 - momentum: 0.000000
2025-12-22 21:11:00,096 epoch 26 - iter 26/29 - loss 0.30596992 - time (sec): 16.30 - samples/sec: 2643.34 - lr: 0.100000 - momentum: 0.000000
2025-12-22 21:11:01,092 epoch 26 - iter 28/29 - loss 0.30536984 - time (sec): 17.29 - samples/sec: 2657.58 - lr: 0.100000 - momentum: 0.000000
2025-12-22 21:11:01,423 ----------------------------------------------------------------------------------------------------
2025-12-22 21:11:01,423 EPOCH 26 done: loss 0.3055 - lr: 0.100000
2025-12-22 21:11:03,975 DEV : loss 0.23105624318122864 - f1-score (micro avg)  0.9261
2025-12-22 21:11:03,980  - 1 epochs without improvement
2025-12-22 21:11:03,981 ----------------------------------------------------------------------------------------------------
2025-12-22 21:11:05,478 epoch 27 - iter 2/29 - loss 0.30734327 - time (sec): 1.50 - samples/sec: 2267.68 - lr: 0.100000 - momentum: 0.000000
2025-12-22 21:11:06,885 epoch 27 - iter 4/29 - loss 0.29888812 - time (sec): 2.90 - samples/sec: 2276.07 - lr: 0.100000 - momentum: 0.000000
2025-12-22 21:11:08,124 epoch 27 - iter 6/29 - loss 0.29558245 - time (sec): 4.14 - samples/sec: 2373.59 - lr: 0.100000 - momentum: 0.000000
2025-12-22 21:11:09,220 epoch 27 - iter 8/29 - loss 0.29299161 - time (sec): 5.24 - samples/sec: 2479.25 - lr: 0.100000 - momentum: 0.000000
2025-12-22 21:11:10,503 epoch 27 - iter 10/29 - loss 0.29125772 - time (sec): 6.52 - samples/sec: 2454.32 - lr: 0.100000 - momentum: 0.000000
2025-12-22 21:11:11,549 epoch 27 - iter 12/29 - loss 0.29016139 - time (sec): 7.57 - samples/sec: 2543.30 - lr: 0.100000 - momentum: 0.000000
2025-12-22 21:11:13,021 epoch 27 - iter 14/29 - loss 0.28897481 - time (sec): 9.04 - samples/sec: 2569.73 - lr: 0.100000 - momentum: 0.000000
2025-12-22 21:11:14,483 epoch 27 - iter 16/29 - loss 0.28826568 - time (sec): 10.50 - samples/sec: 2525.21 - lr: 0.100000 - momentum: 0.000000
2025-12-22 21:11:16,160 epoch 27 - iter 18/29 - loss 0.29062834 - time (sec): 12.18 - samples/sec: 2467.24 - lr: 0.100000 - momentum: 0.000000
2025-12-22 21:11:17,246 epoch 27 - iter 20/29 - loss 0.29145516 - time (sec): 13.27 - samples/sec: 2506.32 - lr: 0.100000 - momentum: 0.000000
2025-12-22 21:11:18,377 epoch 27 - iter 22/29 - loss 0.29103800 - time (sec): 14.40 - samples/sec: 2547.23 - lr: 0.100000 - momentum: 0.000000
2025-12-22 21:11:19,433 epoch 27 - iter 24/29 - loss 0.29177891 - time (sec): 15.45 - samples/sec: 2578.00 - lr: 0.100000 - momentum: 0.000000
2025-12-22 21:11:20,736 epoch 27 - iter 26/29 - loss 0.29286450 - time (sec): 16.76 - samples/sec: 2557.13 - lr: 0.100000 - momentum: 0.000000
2025-12-22 21:11:21,932 epoch 27 - iter 28/29 - loss 0.29252187 - time (sec): 17.95 - samples/sec: 2559.94 - lr: 0.100000 - momentum: 0.000000
2025-12-22 21:11:22,412 ----------------------------------------------------------------------------------------------------
2025-12-22 21:11:22,412 EPOCH 27 done: loss 0.2932 - lr: 0.100000
2025-12-22 21:11:25,401 DEV : loss 0.22136425971984863 - f1-score (micro avg)  0.9299
2025-12-22 21:11:25,410  - 0 epochs without improvement
2025-12-22 21:11:25,412 saving best model
2025-12-22 21:11:25,436 ----------------------------------------------------------------------------------------------------
2025-12-22 21:11:26,621 epoch 28 - iter 2/29 - loss 0.30266091 - time (sec): 1.18 - samples/sec: 2638.27 - lr: 0.100000 - momentum: 0.000000
2025-12-22 21:11:27,994 epoch 28 - iter 4/29 - loss 0.30898831 - time (sec): 2.56 - samples/sec: 2618.19 - lr: 0.100000 - momentum: 0.000000
2025-12-22 21:11:29,022 epoch 28 - iter 6/29 - loss 0.30581861 - time (sec): 3.58 - samples/sec: 2741.14 - lr: 0.100000 - momentum: 0.000000
2025-12-22 21:11:30,153 epoch 28 - iter 8/29 - loss 0.29968660 - time (sec): 4.72 - samples/sec: 2783.04 - lr: 0.100000 - momentum: 0.000000
2025-12-22 21:11:31,484 epoch 28 - iter 10/29 - loss 0.29942938 - time (sec): 6.05 - samples/sec: 2682.41 - lr: 0.100000 - momentum: 0.000000
2025-12-22 21:11:33,025 epoch 28 - iter 12/29 - loss 0.30057999 - time (sec): 7.59 - samples/sec: 2586.53 - lr: 0.100000 - momentum: 0.000000
2025-12-22 21:11:33,952 epoch 28 - iter 14/29 - loss 0.30169451 - time (sec): 8.52 - samples/sec: 2634.26 - lr: 0.100000 - momentum: 0.000000
2025-12-22 21:11:35,212 epoch 28 - iter 16/29 - loss 0.29412043 - time (sec): 9.78 - samples/sec: 2677.91 - lr: 0.100000 - momentum: 0.000000
2025-12-22 21:11:36,387 epoch 28 - iter 18/29 - loss 0.29392515 - time (sec): 10.95 - samples/sec: 2702.52 - lr: 0.100000 - momentum: 0.000000
2025-12-22 21:11:37,607 epoch 28 - iter 20/29 - loss 0.29320724 - time (sec): 12.17 - samples/sec: 2682.60 - lr: 0.100000 - momentum: 0.000000
2025-12-22 21:11:38,647 epoch 28 - iter 22/29 - loss 0.29161248 - time (sec): 13.21 - samples/sec: 2695.41 - lr: 0.100000 - momentum: 0.000000
2025-12-22 21:11:39,766 epoch 28 - iter 24/29 - loss 0.29141367 - time (sec): 14.33 - samples/sec: 2709.90 - lr: 0.100000 - momentum: 0.000000
2025-12-22 21:11:41,018 epoch 28 - iter 26/29 - loss 0.29142457 - time (sec): 15.58 - samples/sec: 2700.42 - lr: 0.100000 - momentum: 0.000000
2025-12-22 21:11:42,410 epoch 28 - iter 28/29 - loss 0.28952628 - time (sec): 16.97 - samples/sec: 2705.56 - lr: 0.100000 - momentum: 0.000000
2025-12-22 21:11:42,895 ----------------------------------------------------------------------------------------------------
2025-12-22 21:11:42,896 EPOCH 28 done: loss 0.2896 - lr: 0.100000
2025-12-22 21:11:45,700 DEV : loss 0.20852364599704742 - f1-score (micro avg)  0.9351
2025-12-22 21:11:45,704  - 0 epochs without improvement
2025-12-22 21:11:45,705 saving best model
2025-12-22 21:11:45,720 ----------------------------------------------------------------------------------------------------
2025-12-22 21:11:47,058 epoch 29 - iter 2/29 - loss 0.29559030 - time (sec): 1.34 - samples/sec: 2295.29 - lr: 0.100000 - momentum: 0.000000
2025-12-22 21:11:48,390 epoch 29 - iter 4/29 - loss 0.28099409 - time (sec): 2.67 - samples/sec: 2424.27 - lr: 0.100000 - momentum: 0.000000
2025-12-22 21:11:49,504 epoch 29 - iter 6/29 - loss 0.27078560 - time (sec): 3.78 - samples/sec: 2609.61 - lr: 0.100000 - momentum: 0.000000
2025-12-22 21:11:50,859 epoch 29 - iter 8/29 - loss 0.27526406 - time (sec): 5.14 - samples/sec: 2573.38 - lr: 0.100000 - momentum: 0.000000
2025-12-22 21:11:52,331 epoch 29 - iter 10/29 - loss 0.28319039 - time (sec): 6.61 - samples/sec: 2575.24 - lr: 0.100000 - momentum: 0.000000
2025-12-22 21:11:53,691 epoch 29 - iter 12/29 - loss 0.28288024 - time (sec): 7.97 - samples/sec: 2557.61 - lr: 0.100000 - momentum: 0.000000
2025-12-22 21:11:54,916 epoch 29 - iter 14/29 - loss 0.28110835 - time (sec): 9.20 - samples/sec: 2574.47 - lr: 0.100000 - momentum: 0.000000
2025-12-22 21:11:56,248 epoch 29 - iter 16/29 - loss 0.28257023 - time (sec): 10.53 - samples/sec: 2552.62 - lr: 0.100000 - momentum: 0.000000
2025-12-22 21:11:57,819 epoch 29 - iter 18/29 - loss 0.28356500 - time (sec): 12.10 - samples/sec: 2496.72 - lr: 0.100000 - momentum: 0.000000
2025-12-22 21:11:58,928 epoch 29 - iter 20/29 - loss 0.28391699 - time (sec): 13.21 - samples/sec: 2520.46 - lr: 0.100000 - momentum: 0.000000
2025-12-22 21:12:00,091 epoch 29 - iter 22/29 - loss 0.28381060 - time (sec): 14.37 - samples/sec: 2553.48 - lr: 0.100000 - momentum: 0.000000
2025-12-22 21:12:01,223 epoch 29 - iter 24/29 - loss 0.28277990 - time (sec): 15.50 - samples/sec: 2559.60 - lr: 0.100000 - momentum: 0.000000
2025-12-22 21:12:02,259 epoch 29 - iter 26/29 - loss 0.28004400 - time (sec): 16.54 - samples/sec: 2579.24 - lr: 0.100000 - momentum: 0.000000
2025-12-22 21:12:03,521 epoch 29 - iter 28/29 - loss 0.28077947 - time (sec): 17.80 - samples/sec: 2585.17 - lr: 0.100000 - momentum: 0.000000
2025-12-22 21:12:04,009 ----------------------------------------------------------------------------------------------------
2025-12-22 21:12:04,010 EPOCH 29 done: loss 0.2803 - lr: 0.100000
2025-12-22 21:12:07,160 DEV : loss 0.20479674637317657 - f1-score (micro avg)  0.9351
2025-12-22 21:12:07,165  - 1 epochs without improvement
2025-12-22 21:12:07,165 ----------------------------------------------------------------------------------------------------
2025-12-22 21:12:09,116 epoch 30 - iter 2/29 - loss 0.27792693 - time (sec): 1.95 - samples/sec: 1780.90 - lr: 0.100000 - momentum: 0.000000
2025-12-22 21:12:10,548 epoch 30 - iter 4/29 - loss 0.26724152 - time (sec): 3.38 - samples/sec: 2075.79 - lr: 0.100000 - momentum: 0.000000
2025-12-22 21:12:11,899 epoch 30 - iter 6/29 - loss 0.27096964 - time (sec): 4.73 - samples/sec: 2090.10 - lr: 0.100000 - momentum: 0.000000
2025-12-22 21:12:13,120 epoch 30 - iter 8/29 - loss 0.27248005 - time (sec): 5.95 - samples/sec: 2179.98 - lr: 0.100000 - momentum: 0.000000
2025-12-22 21:12:14,623 epoch 30 - iter 10/29 - loss 0.26352494 - time (sec): 7.46 - samples/sec: 2178.37 - lr: 0.100000 - momentum: 0.000000
2025-12-22 21:24:11,954 epoch 30 - iter 12/29 - loss 0.26322886 - time (sec): 724.79 - samples/sec: 27.21 - lr: 0.100000 - momentum: 0.000000
2025-12-22 21:24:13,523 epoch 30 - iter 14/29 - loss 0.26267564 - time (sec): 726.36 - samples/sec: 31.77 - lr: 0.100000 - momentum: 0.000000
2025-12-22 21:24:14,809 epoch 30 - iter 16/29 - loss 0.26623396 - time (sec): 727.64 - samples/sec: 36.25 - lr: 0.100000 - momentum: 0.000000
2025-12-22 21:24:16,802 epoch 30 - iter 18/29 - loss 0.26687151 - time (sec): 729.64 - samples/sec: 40.11 - lr: 0.100000 - momentum: 0.000000
2025-12-22 21:24:18,106 epoch 30 - iter 20/29 - loss 0.26603970 - time (sec): 730.94 - samples/sec: 44.34 - lr: 0.100000 - momentum: 0.000000
2025-12-22 21:24:19,482 epoch 30 - iter 22/29 - loss 0.26654307 - time (sec): 732.32 - samples/sec: 48.60 - lr: 0.100000 - momentum: 0.000000
2025-12-22 21:24:20,700 epoch 30 - iter 24/29 - loss 0.26826122 - time (sec): 733.53 - samples/sec: 52.94 - lr: 0.100000 - momentum: 0.000000
2025-12-22 21:24:22,269 epoch 30 - iter 26/29 - loss 0.27186974 - time (sec): 735.10 - samples/sec: 58.14 - lr: 0.100000 - momentum: 0.000000
2025-12-22 21:24:23,767 epoch 30 - iter 28/29 - loss 0.27200715 - time (sec): 736.60 - samples/sec: 62.49 - lr: 0.100000 - momentum: 0.000000
2025-12-22 21:24:24,578 ----------------------------------------------------------------------------------------------------
2025-12-22 21:24:24,578 EPOCH 30 done: loss 0.2711 - lr: 0.100000
2025-12-22 21:24:27,554 DEV : loss 0.19810597598552704 - f1-score (micro avg)  0.9385
2025-12-22 21:24:27,558  - 0 epochs without improvement
2025-12-22 21:24:27,559 saving best model
2025-12-22 21:24:27,572 ----------------------------------------------------------------------------------------------------
2025-12-22 21:24:29,975 epoch 31 - iter 2/29 - loss 0.26615906 - time (sec): 2.40 - samples/sec: 1488.01 - lr: 0.100000 - momentum: 0.000000
2025-12-22 21:24:31,243 epoch 31 - iter 4/29 - loss 0.27696130 - time (sec): 3.67 - samples/sec: 1731.03 - lr: 0.100000 - momentum: 0.000000
2025-12-22 21:24:32,868 epoch 31 - iter 6/29 - loss 0.26460648 - time (sec): 5.29 - samples/sec: 1775.67 - lr: 0.100000 - momentum: 0.000000
2025-12-22 21:24:34,405 epoch 31 - iter 8/29 - loss 0.26499046 - time (sec): 6.83 - samples/sec: 1922.67 - lr: 0.100000 - momentum: 0.000000
2025-12-22 21:24:35,691 epoch 31 - iter 10/29 - loss 0.26808130 - time (sec): 8.12 - samples/sec: 2011.61 - lr: 0.100000 - momentum: 0.000000
2025-12-22 21:24:37,154 epoch 31 - iter 12/29 - loss 0.26344692 - time (sec): 9.58 - samples/sec: 2096.06 - lr: 0.100000 - momentum: 0.000000
2025-12-22 21:24:38,716 epoch 31 - iter 14/29 - loss 0.26069458 - time (sec): 11.14 - samples/sec: 2102.21 - lr: 0.100000 - momentum: 0.000000
2025-12-22 21:24:40,371 epoch 31 - iter 16/29 - loss 0.26370519 - time (sec): 12.80 - samples/sec: 2111.91 - lr: 0.100000 - momentum: 0.000000
2025-12-22 21:24:42,307 epoch 31 - iter 18/29 - loss 0.26453538 - time (sec): 14.73 - samples/sec: 2037.95 - lr: 0.100000 - momentum: 0.000000
2025-12-22 21:24:43,893 epoch 31 - iter 20/29 - loss 0.26347487 - time (sec): 16.32 - samples/sec: 2020.46 - lr: 0.100000 - momentum: 0.000000
2025-12-22 21:24:44,893 epoch 31 - iter 22/29 - loss 0.26282658 - time (sec): 17.32 - samples/sec: 2072.01 - lr: 0.100000 - momentum: 0.000000
2025-12-22 21:24:46,764 epoch 31 - iter 24/29 - loss 0.26344347 - time (sec): 19.19 - samples/sec: 2040.85 - lr: 0.100000 - momentum: 0.000000
2025-12-22 21:24:48,178 epoch 31 - iter 26/29 - loss 0.26358712 - time (sec): 20.61 - samples/sec: 2059.01 - lr: 0.100000 - momentum: 0.000000
2025-12-22 21:24:49,589 epoch 31 - iter 28/29 - loss 0.26391832 - time (sec): 22.02 - samples/sec: 2085.59 - lr: 0.100000 - momentum: 0.000000
2025-12-22 21:24:50,155 ----------------------------------------------------------------------------------------------------
2025-12-22 21:24:50,155 EPOCH 31 done: loss 0.2635 - lr: 0.100000
2025-12-22 21:24:52,943 DEV : loss 0.1881716102361679 - f1-score (micro avg)  0.9416
2025-12-22 21:24:52,947  - 0 epochs without improvement
2025-12-22 21:24:52,948 saving best model
2025-12-22 21:24:52,961 ----------------------------------------------------------------------------------------------------
2025-12-22 21:24:54,181 epoch 32 - iter 2/29 - loss 0.27929495 - time (sec): 1.22 - samples/sec: 2494.41 - lr: 0.100000 - momentum: 0.000000
2025-12-22 21:24:56,095 epoch 32 - iter 4/29 - loss 0.26840066 - time (sec): 3.13 - samples/sec: 2023.72 - lr: 0.100000 - momentum: 0.000000
2025-12-22 21:24:57,681 epoch 32 - iter 6/29 - loss 0.25996654 - time (sec): 4.72 - samples/sec: 2024.79 - lr: 0.100000 - momentum: 0.000000
2025-12-22 21:24:59,188 epoch 32 - iter 8/29 - loss 0.25886717 - time (sec): 6.23 - samples/sec: 2084.21 - lr: 0.100000 - momentum: 0.000000
2025-12-22 21:25:00,440 epoch 32 - iter 10/29 - loss 0.25705046 - time (sec): 7.48 - samples/sec: 2131.70 - lr: 0.100000 - momentum: 0.000000
2025-12-22 21:25:02,060 epoch 32 - iter 12/29 - loss 0.25845520 - time (sec): 9.10 - samples/sec: 2170.43 - lr: 0.100000 - momentum: 0.000000
2025-12-22 21:25:03,449 epoch 32 - iter 14/29 - loss 0.25756851 - time (sec): 10.49 - samples/sec: 2182.16 - lr: 0.100000 - momentum: 0.000000
2025-12-22 21:25:04,868 epoch 32 - iter 16/29 - loss 0.25515559 - time (sec): 11.91 - samples/sec: 2198.89 - lr: 0.100000 - momentum: 0.000000
2025-12-22 21:25:06,381 epoch 32 - iter 18/29 - loss 0.25628624 - time (sec): 13.42 - samples/sec: 2173.55 - lr: 0.100000 - momentum: 0.000000
2025-12-22 21:25:07,755 epoch 32 - iter 20/29 - loss 0.25883899 - time (sec): 14.79 - samples/sec: 2203.81 - lr: 0.100000 - momentum: 0.000000
2025-12-22 21:25:08,946 epoch 32 - iter 22/29 - loss 0.25767227 - time (sec): 15.98 - samples/sec: 2239.38 - lr: 0.100000 - momentum: 0.000000
2025-12-22 21:25:10,364 epoch 32 - iter 24/29 - loss 0.25847495 - time (sec): 17.40 - samples/sec: 2253.23 - lr: 0.100000 - momentum: 0.000000
2025-12-22 21:25:11,906 epoch 32 - iter 26/29 - loss 0.25893154 - time (sec): 18.94 - samples/sec: 2245.76 - lr: 0.100000 - momentum: 0.000000
2025-12-22 21:25:13,102 epoch 32 - iter 28/29 - loss 0.25824094 - time (sec): 20.14 - samples/sec: 2263.43 - lr: 0.100000 - momentum: 0.000000
2025-12-22 21:25:13,930 ----------------------------------------------------------------------------------------------------
2025-12-22 21:25:13,930 EPOCH 32 done: loss 0.2581 - lr: 0.100000
2025-12-22 21:25:17,066 DEV : loss 0.18313655257225037 - f1-score (micro avg)  0.9433
2025-12-22 21:25:17,070  - 0 epochs without improvement
2025-12-22 21:25:17,070 saving best model
2025-12-22 21:25:17,085 ----------------------------------------------------------------------------------------------------
2025-12-22 21:25:18,483 epoch 33 - iter 2/29 - loss 0.21792557 - time (sec): 1.40 - samples/sec: 2245.95 - lr: 0.100000 - momentum: 0.000000
2025-12-22 21:25:19,520 epoch 33 - iter 4/29 - loss 0.23086830 - time (sec): 2.43 - samples/sec: 2517.53 - lr: 0.100000 - momentum: 0.000000
2025-12-22 21:25:20,912 epoch 33 - iter 6/29 - loss 0.24544492 - time (sec): 3.83 - samples/sec: 2461.74 - lr: 0.100000 - momentum: 0.000000
2025-12-22 21:25:22,191 epoch 33 - iter 8/29 - loss 0.24331539 - time (sec): 5.11 - samples/sec: 2454.37 - lr: 0.100000 - momentum: 0.000000
2025-12-22 21:25:23,637 epoch 33 - iter 10/29 - loss 0.24160471 - time (sec): 6.55 - samples/sec: 2451.55 - lr: 0.100000 - momentum: 0.000000
2025-12-22 21:25:24,942 epoch 33 - iter 12/29 - loss 0.23910894 - time (sec): 7.86 - samples/sec: 2427.01 - lr: 0.100000 - momentum: 0.000000
2025-12-22 21:25:26,186 epoch 33 - iter 14/29 - loss 0.24304735 - time (sec): 9.10 - samples/sec: 2444.73 - lr: 0.100000 - momentum: 0.000000
2025-12-22 21:25:27,726 epoch 33 - iter 16/29 - loss 0.23977486 - time (sec): 10.64 - samples/sec: 2399.19 - lr: 0.100000 - momentum: 0.000000
2025-12-22 21:25:29,520 epoch 33 - iter 18/29 - loss 0.24213518 - time (sec): 12.43 - samples/sec: 2320.85 - lr: 0.100000 - momentum: 0.000000
2025-12-22 21:25:30,663 epoch 33 - iter 20/29 - loss 0.24555323 - time (sec): 13.58 - samples/sec: 2348.25 - lr: 0.100000 - momentum: 0.000000
2025-12-22 21:25:32,370 epoch 33 - iter 22/29 - loss 0.24645296 - time (sec): 15.28 - samples/sec: 2309.11 - lr: 0.100000 - momentum: 0.000000
2025-12-22 21:25:33,930 epoch 33 - iter 24/29 - loss 0.24750635 - time (sec): 16.84 - samples/sec: 2324.20 - lr: 0.100000 - momentum: 0.000000
2025-12-22 21:25:35,554 epoch 33 - iter 26/29 - loss 0.24595240 - time (sec): 18.47 - samples/sec: 2303.64 - lr: 0.100000 - momentum: 0.000000
2025-12-22 21:25:37,516 epoch 33 - iter 28/29 - loss 0.24632235 - time (sec): 20.43 - samples/sec: 2232.26 - lr: 0.100000 - momentum: 0.000000
2025-12-22 21:25:38,343 ----------------------------------------------------------------------------------------------------
2025-12-22 21:25:38,343 EPOCH 33 done: loss 0.2460 - lr: 0.100000
2025-12-22 21:25:43,345 DEV : loss 0.18209388852119446 - f1-score (micro avg)  0.9418
2025-12-22 21:25:43,352  - 1 epochs without improvement
2025-12-22 21:25:43,353 ----------------------------------------------------------------------------------------------------
2025-12-22 21:25:45,379 epoch 34 - iter 2/29 - loss 0.22460353 - time (sec): 2.03 - samples/sec: 1978.71 - lr: 0.100000 - momentum: 0.000000
2025-12-22 21:25:47,403 epoch 34 - iter 4/29 - loss 0.23188451 - time (sec): 4.05 - samples/sec: 1803.48 - lr: 0.100000 - momentum: 0.000000
2025-12-22 21:25:49,128 epoch 34 - iter 6/29 - loss 0.23619271 - time (sec): 5.77 - samples/sec: 1835.74 - lr: 0.100000 - momentum: 0.000000
2025-12-22 21:25:50,746 epoch 34 - iter 8/29 - loss 0.23573802 - time (sec): 7.39 - samples/sec: 1878.53 - lr: 0.100000 - momentum: 0.000000
2025-12-22 21:25:52,471 epoch 34 - iter 10/29 - loss 0.23129660 - time (sec): 9.12 - samples/sec: 1866.68 - lr: 0.100000 - momentum: 0.000000
2025-12-22 21:25:54,446 epoch 34 - iter 12/29 - loss 0.23326067 - time (sec): 11.09 - samples/sec: 1829.64 - lr: 0.100000 - momentum: 0.000000
2025-12-22 21:25:55,976 epoch 34 - iter 14/29 - loss 0.23225941 - time (sec): 12.62 - samples/sec: 1872.94 - lr: 0.100000 - momentum: 0.000000
2025-12-22 21:25:57,113 epoch 34 - iter 16/29 - loss 0.23340686 - time (sec): 13.76 - samples/sec: 1921.89 - lr: 0.100000 - momentum: 0.000000
2025-12-22 21:25:59,051 epoch 34 - iter 18/29 - loss 0.23496845 - time (sec): 15.70 - samples/sec: 1901.48 - lr: 0.100000 - momentum: 0.000000
2025-12-22 21:26:00,515 epoch 34 - iter 20/29 - loss 0.23257760 - time (sec): 17.16 - samples/sec: 1911.49 - lr: 0.100000 - momentum: 0.000000
2025-12-22 21:26:02,085 epoch 34 - iter 22/29 - loss 0.23322629 - time (sec): 18.73 - samples/sec: 1923.38 - lr: 0.100000 - momentum: 0.000000
2025-12-22 21:26:03,653 epoch 34 - iter 24/29 - loss 0.23439353 - time (sec): 20.30 - samples/sec: 1939.58 - lr: 0.100000 - momentum: 0.000000
2025-12-22 21:26:05,056 epoch 34 - iter 26/29 - loss 0.23569164 - time (sec): 21.70 - samples/sec: 1946.89 - lr: 0.100000 - momentum: 0.000000
2025-12-22 21:26:06,759 epoch 34 - iter 28/29 - loss 0.23756402 - time (sec): 23.41 - samples/sec: 1961.54 - lr: 0.100000 - momentum: 0.000000
2025-12-22 21:26:07,312 ----------------------------------------------------------------------------------------------------
2025-12-22 21:26:07,312 EPOCH 34 done: loss 0.2379 - lr: 0.100000
2025-12-22 21:26:11,487 DEV : loss 0.18199579417705536 - f1-score (micro avg)  0.9423
2025-12-22 21:26:11,506  - 2 epochs without improvement
2025-12-22 21:26:11,507 ----------------------------------------------------------------------------------------------------
2025-12-22 21:26:13,178 epoch 35 - iter 2/29 - loss 0.23178254 - time (sec): 1.67 - samples/sec: 1765.06 - lr: 0.100000 - momentum: 0.000000
2025-12-22 21:26:14,337 epoch 35 - iter 4/29 - loss 0.22609800 - time (sec): 2.83 - samples/sec: 2053.87 - lr: 0.100000 - momentum: 0.000000
2025-12-22 21:26:15,560 epoch 35 - iter 6/29 - loss 0.23801879 - time (sec): 4.05 - samples/sec: 2196.58 - lr: 0.100000 - momentum: 0.000000
2025-12-22 21:26:17,860 epoch 35 - iter 8/29 - loss 0.23487866 - time (sec): 6.35 - samples/sec: 1979.71 - lr: 0.100000 - momentum: 0.000000
2025-12-22 21:26:20,026 epoch 35 - iter 10/29 - loss 0.22815297 - time (sec): 8.52 - samples/sec: 1900.19 - lr: 0.100000 - momentum: 0.000000
2025-12-22 21:26:21,803 epoch 35 - iter 12/29 - loss 0.23051287 - time (sec): 10.30 - samples/sec: 1904.84 - lr: 0.100000 - momentum: 0.000000
2025-12-22 21:26:23,611 epoch 35 - iter 14/29 - loss 0.23208308 - time (sec): 12.10 - samples/sec: 1901.05 - lr: 0.100000 - momentum: 0.000000
2025-12-22 21:26:25,130 epoch 35 - iter 16/29 - loss 0.23169383 - time (sec): 13.62 - samples/sec: 1915.45 - lr: 0.100000 - momentum: 0.000000
2025-12-22 21:26:26,669 epoch 35 - iter 18/29 - loss 0.22986450 - time (sec): 15.16 - samples/sec: 1951.85 - lr: 0.100000 - momentum: 0.000000
2025-12-22 21:26:28,378 epoch 35 - iter 20/29 - loss 0.22986175 - time (sec): 16.87 - samples/sec: 1960.40 - lr: 0.100000 - momentum: 0.000000
2025-12-22 21:26:29,872 epoch 35 - iter 22/29 - loss 0.22970107 - time (sec): 18.36 - samples/sec: 1969.56 - lr: 0.100000 - momentum: 0.000000
2025-12-22 21:26:31,355 epoch 35 - iter 24/29 - loss 0.22949505 - time (sec): 19.85 - samples/sec: 1975.63 - lr: 0.100000 - momentum: 0.000000
2025-12-22 21:26:33,111 epoch 35 - iter 26/29 - loss 0.23145093 - time (sec): 21.60 - samples/sec: 1963.00 - lr: 0.100000 - momentum: 0.000000
2025-12-22 21:26:34,597 epoch 35 - iter 28/29 - loss 0.23173253 - time (sec): 23.09 - samples/sec: 1980.85 - lr: 0.100000 - momentum: 0.000000
2025-12-22 21:26:35,127 ----------------------------------------------------------------------------------------------------
2025-12-22 21:26:35,128 EPOCH 35 done: loss 0.2323 - lr: 0.100000
2025-12-22 21:26:38,397 DEV : loss 0.17475801706314087 - f1-score (micro avg)  0.945
2025-12-22 21:26:38,409  - 0 epochs without improvement
2025-12-22 21:26:38,411 saving best model
2025-12-22 21:26:38,438 ----------------------------------------------------------------------------------------------------
2025-12-22 21:26:40,135 epoch 36 - iter 2/29 - loss 0.20279748 - time (sec): 1.70 - samples/sec: 1920.47 - lr: 0.100000 - momentum: 0.000000
2025-12-22 21:26:42,212 epoch 36 - iter 4/29 - loss 0.21555662 - time (sec): 3.77 - samples/sec: 1814.48 - lr: 0.100000 - momentum: 0.000000
2025-12-22 21:26:43,625 epoch 36 - iter 6/29 - loss 0.21807189 - time (sec): 5.18 - samples/sec: 1953.28 - lr: 0.100000 - momentum: 0.000000
2025-12-22 21:26:45,012 epoch 36 - iter 8/29 - loss 0.22538852 - time (sec): 6.57 - samples/sec: 2035.42 - lr: 0.100000 - momentum: 0.000000
2025-12-22 21:26:46,508 epoch 36 - iter 10/29 - loss 0.22772051 - time (sec): 8.07 - samples/sec: 2021.43 - lr: 0.100000 - momentum: 0.000000
2025-12-22 21:26:48,252 epoch 36 - iter 12/29 - loss 0.22364880 - time (sec): 9.81 - samples/sec: 2010.92 - lr: 0.100000 - momentum: 0.000000
2025-12-22 21:26:49,777 epoch 36 - iter 14/29 - loss 0.22814298 - time (sec): 11.34 - samples/sec: 2031.02 - lr: 0.100000 - momentum: 0.000000
2025-12-22 21:26:51,553 epoch 36 - iter 16/29 - loss 0.22906358 - time (sec): 13.11 - samples/sec: 2025.69 - lr: 0.100000 - momentum: 0.000000
2025-12-22 21:26:52,871 epoch 36 - iter 18/29 - loss 0.22904488 - time (sec): 14.43 - samples/sec: 2064.43 - lr: 0.100000 - momentum: 0.000000
2025-12-22 21:26:54,328 epoch 36 - iter 20/29 - loss 0.23079187 - time (sec): 15.89 - samples/sec: 2079.99 - lr: 0.100000 - momentum: 0.000000
2025-12-22 21:26:55,677 epoch 36 - iter 22/29 - loss 0.23076163 - time (sec): 17.24 - samples/sec: 2106.16 - lr: 0.100000 - momentum: 0.000000
2025-12-22 21:26:57,327 epoch 36 - iter 24/29 - loss 0.23039607 - time (sec): 18.89 - samples/sec: 2100.16 - lr: 0.100000 - momentum: 0.000000
2025-12-22 21:26:58,588 epoch 36 - iter 26/29 - loss 0.23041880 - time (sec): 20.15 - samples/sec: 2106.81 - lr: 0.100000 - momentum: 0.000000
2025-12-22 21:27:00,058 epoch 36 - iter 28/29 - loss 0.22932174 - time (sec): 21.62 - samples/sec: 2121.32 - lr: 0.100000 - momentum: 0.000000
2025-12-22 21:27:00,693 ----------------------------------------------------------------------------------------------------
2025-12-22 21:27:00,693 EPOCH 36 done: loss 0.2296 - lr: 0.100000
2025-12-22 21:27:04,383 DEV : loss 0.17138002812862396 - f1-score (micro avg)  0.9464
2025-12-22 21:27:04,388  - 0 epochs without improvement
2025-12-22 21:27:04,389 saving best model
2025-12-22 21:27:04,402 ----------------------------------------------------------------------------------------------------
2025-12-22 21:27:06,121 epoch 37 - iter 2/29 - loss 0.21989237 - time (sec): 1.72 - samples/sec: 2111.15 - lr: 0.100000 - momentum: 0.000000
2025-12-22 21:27:07,340 epoch 37 - iter 4/29 - loss 0.21032058 - time (sec): 2.94 - samples/sec: 2266.86 - lr: 0.100000 - momentum: 0.000000
2025-12-22 21:27:08,597 epoch 37 - iter 6/29 - loss 0.21092295 - time (sec): 4.19 - samples/sec: 2335.38 - lr: 0.100000 - momentum: 0.000000
2025-12-22 21:27:09,874 epoch 37 - iter 8/29 - loss 0.21352969 - time (sec): 5.47 - samples/sec: 2353.99 - lr: 0.100000 - momentum: 0.000000
2025-12-22 21:27:11,169 epoch 37 - iter 10/29 - loss 0.21149762 - time (sec): 6.77 - samples/sec: 2337.60 - lr: 0.100000 - momentum: 0.000000
2025-12-22 21:27:12,658 epoch 37 - iter 12/29 - loss 0.21371408 - time (sec): 8.26 - samples/sec: 2313.04 - lr: 0.100000 - momentum: 0.000000
2025-12-22 21:27:14,079 epoch 37 - iter 14/29 - loss 0.21589607 - time (sec): 9.68 - samples/sec: 2298.15 - lr: 0.100000 - momentum: 0.000000
2025-12-22 21:27:15,793 epoch 37 - iter 16/29 - loss 0.21439211 - time (sec): 11.39 - samples/sec: 2283.60 - lr: 0.100000 - momentum: 0.000000
2025-12-22 21:27:17,324 epoch 37 - iter 18/29 - loss 0.21349517 - time (sec): 12.92 - samples/sec: 2249.47 - lr: 0.100000 - momentum: 0.000000
2025-12-22 21:27:18,933 epoch 37 - iter 20/29 - loss 0.21437103 - time (sec): 14.53 - samples/sec: 2226.39 - lr: 0.100000 - momentum: 0.000000
2025-12-22 21:27:20,797 epoch 37 - iter 22/29 - loss 0.21650231 - time (sec): 16.39 - samples/sec: 2187.17 - lr: 0.100000 - momentum: 0.000000
2025-12-22 21:27:22,362 epoch 37 - iter 24/29 - loss 0.21749329 - time (sec): 17.96 - samples/sec: 2184.59 - lr: 0.100000 - momentum: 0.000000
2025-12-22 21:27:23,720 epoch 37 - iter 26/29 - loss 0.21897396 - time (sec): 19.32 - samples/sec: 2207.13 - lr: 0.100000 - momentum: 0.000000
2025-12-22 21:27:24,974 epoch 37 - iter 28/29 - loss 0.22010473 - time (sec): 20.57 - samples/sec: 2227.80 - lr: 0.100000 - momentum: 0.000000
2025-12-22 21:27:25,670 ----------------------------------------------------------------------------------------------------
2025-12-22 21:27:25,670 EPOCH 37 done: loss 0.2191 - lr: 0.100000
2025-12-22 21:27:28,813 DEV : loss 0.17240910232067108 - f1-score (micro avg)  0.9442
2025-12-22 21:27:28,817  - 1 epochs without improvement
2025-12-22 21:27:28,817 ----------------------------------------------------------------------------------------------------
2025-12-22 21:27:30,175 epoch 38 - iter 2/29 - loss 0.20867496 - time (sec): 1.36 - samples/sec: 2501.16 - lr: 0.100000 - momentum: 0.000000
2025-12-22 21:27:31,568 epoch 38 - iter 4/29 - loss 0.21868454 - time (sec): 2.75 - samples/sec: 2408.79 - lr: 0.100000 - momentum: 0.000000
2025-12-22 21:27:32,994 epoch 38 - iter 6/29 - loss 0.22066181 - time (sec): 4.18 - samples/sec: 2331.64 - lr: 0.100000 - momentum: 0.000000
2025-12-22 21:27:34,670 epoch 38 - iter 8/29 - loss 0.21729257 - time (sec): 5.85 - samples/sec: 2229.18 - lr: 0.100000 - momentum: 0.000000
2025-12-22 21:27:36,207 epoch 38 - iter 10/29 - loss 0.21405057 - time (sec): 7.39 - samples/sec: 2229.18 - lr: 0.100000 - momentum: 0.000000
2025-12-22 21:27:37,509 epoch 38 - iter 12/29 - loss 0.21349275 - time (sec): 8.69 - samples/sec: 2281.78 - lr: 0.100000 - momentum: 0.000000
2025-12-22 21:27:39,035 epoch 38 - iter 14/29 - loss 0.21782032 - time (sec): 10.22 - samples/sec: 2252.58 - lr: 0.100000 - momentum: 0.000000
2025-12-22 21:27:40,521 epoch 38 - iter 16/29 - loss 0.21760453 - time (sec): 11.70 - samples/sec: 2240.27 - lr: 0.100000 - momentum: 0.000000
2025-12-22 21:27:42,105 epoch 38 - iter 18/29 - loss 0.22264930 - time (sec): 13.29 - samples/sec: 2220.48 - lr: 0.100000 - momentum: 0.000000
2025-12-22 21:27:43,748 epoch 38 - iter 20/29 - loss 0.22215023 - time (sec): 14.93 - samples/sec: 2210.39 - lr: 0.100000 - momentum: 0.000000
2025-12-22 21:27:45,037 epoch 38 - iter 22/29 - loss 0.22439280 - time (sec): 16.22 - samples/sec: 2228.02 - lr: 0.100000 - momentum: 0.000000
2025-12-22 21:27:46,314 epoch 38 - iter 24/29 - loss 0.22423826 - time (sec): 17.50 - samples/sec: 2238.57 - lr: 0.100000 - momentum: 0.000000
2025-12-22 21:27:47,657 epoch 38 - iter 26/29 - loss 0.22355982 - time (sec): 18.84 - samples/sec: 2239.95 - lr: 0.100000 - momentum: 0.000000
2025-12-22 21:27:48,924 epoch 38 - iter 28/29 - loss 0.22043917 - time (sec): 20.11 - samples/sec: 2268.79 - lr: 0.100000 - momentum: 0.000000
2025-12-22 21:27:49,528 ----------------------------------------------------------------------------------------------------
2025-12-22 21:27:49,528 EPOCH 38 done: loss 0.2199 - lr: 0.100000
2025-12-22 21:27:52,573 DEV : loss 0.16285651922225952 - f1-score (micro avg)  0.9478
2025-12-22 21:27:52,579  - 0 epochs without improvement
2025-12-22 21:27:52,579 saving best model
2025-12-22 21:27:52,594 ----------------------------------------------------------------------------------------------------
2025-12-22 21:27:54,064 epoch 39 - iter 2/29 - loss 0.19780407 - time (sec): 1.47 - samples/sec: 2364.43 - lr: 0.100000 - momentum: 0.000000
2025-12-22 21:27:56,098 epoch 39 - iter 4/29 - loss 0.20306824 - time (sec): 3.50 - samples/sec: 2062.46 - lr: 0.100000 - momentum: 0.000000
2025-12-22 21:27:57,429 epoch 39 - iter 6/29 - loss 0.20687802 - time (sec): 4.83 - samples/sec: 2169.75 - lr: 0.100000 - momentum: 0.000000
2025-12-22 21:27:58,878 epoch 39 - iter 8/29 - loss 0.20627829 - time (sec): 6.28 - samples/sec: 2213.13 - lr: 0.100000 - momentum: 0.000000
2025-12-22 21:28:00,641 epoch 39 - iter 10/29 - loss 0.20626894 - time (sec): 8.05 - samples/sec: 2137.11 - lr: 0.100000 - momentum: 0.000000
2025-12-22 21:28:02,047 epoch 39 - iter 12/29 - loss 0.20565319 - time (sec): 9.45 - samples/sec: 2139.27 - lr: 0.100000 - momentum: 0.000000
2025-12-22 21:28:03,202 epoch 39 - iter 14/29 - loss 0.20756066 - time (sec): 10.61 - samples/sec: 2190.10 - lr: 0.100000 - momentum: 0.000000
2025-12-22 21:28:04,863 epoch 39 - iter 16/29 - loss 0.20613081 - time (sec): 12.27 - samples/sec: 2184.48 - lr: 0.100000 - momentum: 0.000000
2025-12-22 21:28:06,395 epoch 39 - iter 18/29 - loss 0.20533972 - time (sec): 13.80 - samples/sec: 2179.09 - lr: 0.100000 - momentum: 0.000000
2025-12-22 21:28:07,766 epoch 39 - iter 20/29 - loss 0.20545269 - time (sec): 15.17 - samples/sec: 2165.71 - lr: 0.100000 - momentum: 0.000000
2025-12-22 21:28:09,310 epoch 39 - iter 22/29 - loss 0.20761383 - time (sec): 16.72 - samples/sec: 2148.05 - lr: 0.100000 - momentum: 0.000000
2025-12-22 21:28:10,834 epoch 39 - iter 24/29 - loss 0.20847431 - time (sec): 18.24 - samples/sec: 2156.46 - lr: 0.100000 - momentum: 0.000000
2025-12-22 21:28:12,246 epoch 39 - iter 26/29 - loss 0.20810072 - time (sec): 19.65 - samples/sec: 2169.98 - lr: 0.100000 - momentum: 0.000000
2025-12-22 21:28:13,692 epoch 39 - iter 28/29 - loss 0.20850505 - time (sec): 21.10 - samples/sec: 2179.47 - lr: 0.100000 - momentum: 0.000000
2025-12-22 21:28:14,305 ----------------------------------------------------------------------------------------------------
2025-12-22 21:28:14,305 EPOCH 39 done: loss 0.2088 - lr: 0.100000
2025-12-22 21:28:17,455 DEV : loss 0.15949374437332153 - f1-score (micro avg)  0.9501
2025-12-22 21:28:17,460  - 0 epochs without improvement
2025-12-22 21:28:17,460 saving best model
2025-12-22 21:28:17,476 ----------------------------------------------------------------------------------------------------
2025-12-22 21:28:18,757 epoch 40 - iter 2/29 - loss 0.23489478 - time (sec): 1.28 - samples/sec: 2420.39 - lr: 0.100000 - momentum: 0.000000
2025-12-22 21:28:20,115 epoch 40 - iter 4/29 - loss 0.22355831 - time (sec): 2.64 - samples/sec: 2469.25 - lr: 0.100000 - momentum: 0.000000
2025-12-22 21:28:21,446 epoch 40 - iter 6/29 - loss 0.20468746 - time (sec): 3.97 - samples/sec: 2382.97 - lr: 0.100000 - momentum: 0.000000
2025-12-22 21:28:22,664 epoch 40 - iter 8/29 - loss 0.20480150 - time (sec): 5.19 - samples/sec: 2470.37 - lr: 0.100000 - momentum: 0.000000
2025-12-22 21:28:23,931 epoch 40 - iter 10/29 - loss 0.20175224 - time (sec): 6.45 - samples/sec: 2493.27 - lr: 0.100000 - momentum: 0.000000
2025-12-22 21:28:25,313 epoch 40 - iter 12/29 - loss 0.20761183 - time (sec): 7.84 - samples/sec: 2483.10 - lr: 0.100000 - momentum: 0.000000
2025-12-22 21:28:26,876 epoch 40 - iter 14/29 - loss 0.20593413 - time (sec): 9.40 - samples/sec: 2441.42 - lr: 0.100000 - momentum: 0.000000
2025-12-22 21:28:28,503 epoch 40 - iter 16/29 - loss 0.20511933 - time (sec): 11.03 - samples/sec: 2355.69 - lr: 0.100000 - momentum: 0.000000
2025-12-22 21:28:30,156 epoch 40 - iter 18/29 - loss 0.20599928 - time (sec): 12.68 - samples/sec: 2339.27 - lr: 0.100000 - momentum: 0.000000
2025-12-22 21:28:31,421 epoch 40 - iter 20/29 - loss 0.20759392 - time (sec): 13.94 - samples/sec: 2352.14 - lr: 0.100000 - momentum: 0.000000
2025-12-22 21:28:33,065 epoch 40 - iter 22/29 - loss 0.20694830 - time (sec): 15.59 - samples/sec: 2315.68 - lr: 0.100000 - momentum: 0.000000
2025-12-22 21:28:34,751 epoch 40 - iter 24/29 - loss 0.20892809 - time (sec): 17.27 - samples/sec: 2290.13 - lr: 0.100000 - momentum: 0.000000
2025-12-22 21:28:36,298 epoch 40 - iter 26/29 - loss 0.20890974 - time (sec): 18.82 - samples/sec: 2287.24 - lr: 0.100000 - momentum: 0.000000
2025-12-22 21:28:37,738 epoch 40 - iter 28/29 - loss 0.20885088 - time (sec): 20.26 - samples/sec: 2273.84 - lr: 0.100000 - momentum: 0.000000
2025-12-22 21:28:38,212 ----------------------------------------------------------------------------------------------------
2025-12-22 21:28:38,212 EPOCH 40 done: loss 0.2083 - lr: 0.100000
2025-12-22 21:28:41,614 DEV : loss 0.15503613650798798 - f1-score (micro avg)  0.9509
2025-12-22 21:28:41,622  - 0 epochs without improvement
2025-12-22 21:28:41,622 saving best model
2025-12-22 21:28:41,638 ----------------------------------------------------------------------------------------------------
2025-12-22 21:28:43,037 epoch 41 - iter 2/29 - loss 0.21243634 - time (sec): 1.40 - samples/sec: 2444.81 - lr: 0.100000 - momentum: 0.000000
2025-12-22 21:28:44,151 epoch 41 - iter 4/29 - loss 0.20217702 - time (sec): 2.51 - samples/sec: 2569.83 - lr: 0.100000 - momentum: 0.000000
2025-12-22 21:28:45,581 epoch 41 - iter 6/29 - loss 0.20011251 - time (sec): 3.94 - samples/sec: 2509.56 - lr: 0.100000 - momentum: 0.000000
2025-12-22 21:28:47,119 epoch 41 - iter 8/29 - loss 0.20103420 - time (sec): 5.48 - samples/sec: 2402.03 - lr: 0.100000 - momentum: 0.000000
2025-12-22 21:28:48,370 epoch 41 - iter 10/29 - loss 0.20687895 - time (sec): 6.73 - samples/sec: 2442.55 - lr: 0.100000 - momentum: 0.000000
2025-12-22 21:28:49,653 epoch 41 - iter 12/29 - loss 0.20620947 - time (sec): 8.01 - samples/sec: 2429.28 - lr: 0.100000 - momentum: 0.000000
2025-12-22 21:28:50,914 epoch 41 - iter 14/29 - loss 0.20529467 - time (sec): 9.28 - samples/sec: 2440.73 - lr: 0.100000 - momentum: 0.000000
2025-12-22 21:28:52,146 epoch 41 - iter 16/29 - loss 0.20359184 - time (sec): 10.51 - samples/sec: 2424.84 - lr: 0.100000 - momentum: 0.000000
2025-12-22 21:28:53,508 epoch 41 - iter 18/29 - loss 0.20337438 - time (sec): 11.87 - samples/sec: 2440.10 - lr: 0.100000 - momentum: 0.000000
2025-12-22 21:28:55,129 epoch 41 - iter 20/29 - loss 0.20293826 - time (sec): 13.49 - samples/sec: 2416.60 - lr: 0.100000 - momentum: 0.000000
2025-12-22 21:28:56,680 epoch 41 - iter 22/29 - loss 0.20361141 - time (sec): 15.04 - samples/sec: 2394.76 - lr: 0.100000 - momentum: 0.000000
2025-12-22 21:28:58,253 epoch 41 - iter 24/29 - loss 0.20179289 - time (sec): 16.61 - samples/sec: 2371.11 - lr: 0.100000 - momentum: 0.000000
2025-12-22 21:28:59,547 epoch 41 - iter 26/29 - loss 0.20348185 - time (sec): 17.91 - samples/sec: 2366.46 - lr: 0.100000 - momentum: 0.000000
2025-12-22 21:29:01,501 epoch 41 - iter 28/29 - loss 0.20533270 - time (sec): 19.86 - samples/sec: 2308.39 - lr: 0.100000 - momentum: 0.000000
2025-12-22 21:29:02,145 ----------------------------------------------------------------------------------------------------
2025-12-22 21:29:02,145 EPOCH 41 done: loss 0.2052 - lr: 0.100000
2025-12-22 21:29:05,637 DEV : loss 0.15261535346508026 - f1-score (micro avg)  0.9529
2025-12-22 21:29:05,641  - 0 epochs without improvement
2025-12-22 21:29:05,642 saving best model
2025-12-22 21:29:05,655 ----------------------------------------------------------------------------------------------------
2025-12-22 21:29:07,337 epoch 42 - iter 2/29 - loss 0.17649774 - time (sec): 1.68 - samples/sec: 1940.91 - lr: 0.100000 - momentum: 0.000000
2025-12-22 21:29:08,703 epoch 42 - iter 4/29 - loss 0.18691045 - time (sec): 3.05 - samples/sec: 2236.97 - lr: 0.100000 - momentum: 0.000000
2025-12-22 21:29:10,169 epoch 42 - iter 6/29 - loss 0.19057731 - time (sec): 4.51 - samples/sec: 2186.78 - lr: 0.100000 - momentum: 0.000000
2025-12-22 21:29:11,509 epoch 42 - iter 8/29 - loss 0.19953010 - time (sec): 5.85 - samples/sec: 2323.40 - lr: 0.100000 - momentum: 0.000000
2025-12-22 21:29:13,101 epoch 42 - iter 10/29 - loss 0.19680497 - time (sec): 7.45 - samples/sec: 2247.62 - lr: 0.100000 - momentum: 0.000000
2025-12-22 21:29:14,309 epoch 42 - iter 12/29 - loss 0.19642199 - time (sec): 8.65 - samples/sec: 2268.52 - lr: 0.100000 - momentum: 0.000000
2025-12-22 21:29:15,836 epoch 42 - iter 14/29 - loss 0.19817472 - time (sec): 10.18 - samples/sec: 2247.87 - lr: 0.100000 - momentum: 0.000000
2025-12-22 21:29:17,062 epoch 42 - iter 16/29 - loss 0.19802494 - time (sec): 11.41 - samples/sec: 2323.45 - lr: 0.100000 - momentum: 0.000000
2025-12-22 21:29:18,700 epoch 42 - iter 18/29 - loss 0.20023000 - time (sec): 13.04 - samples/sec: 2296.12 - lr: 0.100000 - momentum: 0.000000
2025-12-22 21:29:20,425 epoch 42 - iter 20/29 - loss 0.19947119 - time (sec): 14.77 - samples/sec: 2267.76 - lr: 0.100000 - momentum: 0.000000
2025-12-22 21:29:21,829 epoch 42 - iter 22/29 - loss 0.19702015 - time (sec): 16.17 - samples/sec: 2267.89 - lr: 0.100000 - momentum: 0.000000
2025-12-22 21:29:23,279 epoch 42 - iter 24/29 - loss 0.19631747 - time (sec): 17.62 - samples/sec: 2263.05 - lr: 0.100000 - momentum: 0.000000
2025-12-22 21:29:24,386 epoch 42 - iter 26/29 - loss 0.19649135 - time (sec): 18.73 - samples/sec: 2285.61 - lr: 0.100000 - momentum: 0.000000
2025-12-22 21:29:25,727 epoch 42 - iter 28/29 - loss 0.19614684 - time (sec): 20.07 - samples/sec: 2288.30 - lr: 0.100000 - momentum: 0.000000
2025-12-22 21:29:26,240 ----------------------------------------------------------------------------------------------------
2025-12-22 21:29:26,240 EPOCH 42 done: loss 0.1967 - lr: 0.100000
2025-12-22 21:29:29,123 DEV : loss 0.15627241134643555 - f1-score (micro avg)  0.9511
2025-12-22 21:29:29,128  - 1 epochs without improvement
2025-12-22 21:29:29,129 ----------------------------------------------------------------------------------------------------
2025-12-22 21:29:30,303 epoch 43 - iter 2/29 - loss 0.20146419 - time (sec): 1.17 - samples/sec: 3040.03 - lr: 0.100000 - momentum: 0.000000
2025-12-22 21:29:31,745 epoch 43 - iter 4/29 - loss 0.18658927 - time (sec): 2.62 - samples/sec: 2580.35 - lr: 0.100000 - momentum: 0.000000
2025-12-22 21:29:33,116 epoch 43 - iter 6/29 - loss 0.18159396 - time (sec): 3.99 - samples/sec: 2541.27 - lr: 0.100000 - momentum: 0.000000
2025-12-22 21:29:34,408 epoch 43 - iter 8/29 - loss 0.18941221 - time (sec): 5.28 - samples/sec: 2522.96 - lr: 0.100000 - momentum: 0.000000
2025-12-22 21:29:35,697 epoch 43 - iter 10/29 - loss 0.18811022 - time (sec): 6.57 - samples/sec: 2503.61 - lr: 0.100000 - momentum: 0.000000
2025-12-22 21:29:36,815 epoch 43 - iter 12/29 - loss 0.19363784 - time (sec): 7.69 - samples/sec: 2539.96 - lr: 0.100000 - momentum: 0.000000
2025-12-22 21:29:39,048 epoch 43 - iter 14/29 - loss 0.19395978 - time (sec): 9.92 - samples/sec: 2285.48 - lr: 0.100000 - momentum: 0.000000
2025-12-22 21:29:40,652 epoch 43 - iter 16/29 - loss 0.19220496 - time (sec): 11.52 - samples/sec: 2264.50 - lr: 0.100000 - momentum: 0.000000
2025-12-22 21:29:42,422 epoch 43 - iter 18/29 - loss 0.19143750 - time (sec): 13.29 - samples/sec: 2209.76 - lr: 0.100000 - momentum: 0.000000
2025-12-22 21:29:44,089 epoch 43 - iter 20/29 - loss 0.18988877 - time (sec): 14.96 - samples/sec: 2192.29 - lr: 0.100000 - momentum: 0.000000
2025-12-22 21:29:45,545 epoch 43 - iter 22/29 - loss 0.19090491 - time (sec): 16.42 - samples/sec: 2196.43 - lr: 0.100000 - momentum: 0.000000
2025-12-22 21:29:47,021 epoch 43 - iter 24/29 - loss 0.19233648 - time (sec): 17.89 - samples/sec: 2211.40 - lr: 0.100000 - momentum: 0.000000
2025-12-22 21:29:48,312 epoch 43 - iter 26/29 - loss 0.19343469 - time (sec): 19.18 - samples/sec: 2225.34 - lr: 0.100000 - momentum: 0.000000
2025-12-22 21:29:50,151 epoch 43 - iter 28/29 - loss 0.19254983 - time (sec): 21.02 - samples/sec: 2186.63 - lr: 0.100000 - momentum: 0.000000
2025-12-22 21:29:50,601 ----------------------------------------------------------------------------------------------------
2025-12-22 21:29:50,601 EPOCH 43 done: loss 0.1927 - lr: 0.100000
2025-12-22 21:29:53,537 DEV : loss 0.15058206021785736 - f1-score (micro avg)  0.952
2025-12-22 21:29:53,541  - 2 epochs without improvement
2025-12-22 21:29:53,543 ----------------------------------------------------------------------------------------------------
2025-12-22 21:29:55,026 epoch 44 - iter 2/29 - loss 0.20171872 - time (sec): 1.48 - samples/sec: 2068.55 - lr: 0.100000 - momentum: 0.000000
2025-12-22 21:29:56,655 epoch 44 - iter 4/29 - loss 0.19067238 - time (sec): 3.11 - samples/sec: 2056.25 - lr: 0.100000 - momentum: 0.000000
2025-12-22 21:29:58,260 epoch 44 - iter 6/29 - loss 0.19103618 - time (sec): 4.72 - samples/sec: 2054.55 - lr: 0.100000 - momentum: 0.000000
2025-12-22 21:29:59,610 epoch 44 - iter 8/29 - loss 0.18528849 - time (sec): 6.07 - samples/sec: 2126.68 - lr: 0.100000 - momentum: 0.000000
2025-12-22 21:30:01,410 epoch 44 - iter 10/29 - loss 0.18548644 - time (sec): 7.87 - samples/sec: 2033.52 - lr: 0.100000 - momentum: 0.000000
2025-12-22 21:30:02,912 epoch 44 - iter 12/29 - loss 0.18334720 - time (sec): 9.37 - samples/sec: 2054.71 - lr: 0.100000 - momentum: 0.000000
2025-12-22 21:30:04,452 epoch 44 - iter 14/29 - loss 0.18234266 - time (sec): 10.91 - samples/sec: 2069.39 - lr: 0.100000 - momentum: 0.000000
2025-12-22 21:30:05,791 epoch 44 - iter 16/29 - loss 0.18412239 - time (sec): 12.25 - samples/sec: 2099.33 - lr: 0.100000 - momentum: 0.000000
2025-12-22 21:30:07,381 epoch 44 - iter 18/29 - loss 0.18742156 - time (sec): 13.84 - samples/sec: 2089.12 - lr: 0.100000 - momentum: 0.000000
2025-12-22 21:30:09,154 epoch 44 - iter 20/29 - loss 0.19081802 - time (sec): 15.61 - samples/sec: 2076.95 - lr: 0.100000 - momentum: 0.000000
2025-12-22 21:30:11,708 epoch 44 - iter 22/29 - loss 0.18926212 - time (sec): 18.16 - samples/sec: 1978.70 - lr: 0.100000 - momentum: 0.000000
2025-12-22 21:30:13,394 epoch 44 - iter 24/29 - loss 0.18741862 - time (sec): 19.85 - samples/sec: 1991.33 - lr: 0.100000 - momentum: 0.000000
2025-12-22 21:30:14,899 epoch 44 - iter 26/29 - loss 0.18750797 - time (sec): 21.36 - samples/sec: 1997.24 - lr: 0.100000 - momentum: 0.000000
2025-12-22 21:30:16,294 epoch 44 - iter 28/29 - loss 0.18794820 - time (sec): 22.75 - samples/sec: 2018.13 - lr: 0.100000 - momentum: 0.000000
2025-12-22 21:30:16,825 ----------------------------------------------------------------------------------------------------
2025-12-22 21:30:16,825 EPOCH 44 done: loss 0.1882 - lr: 0.100000
2025-12-22 21:30:20,780 DEV : loss 0.15049700438976288 - f1-score (micro avg)  0.9529
2025-12-22 21:30:20,793  - 0 epochs without improvement
2025-12-22 21:30:20,795 ----------------------------------------------------------------------------------------------------
2025-12-22 21:30:22,393 epoch 45 - iter 2/29 - loss 0.19982767 - time (sec): 1.60 - samples/sec: 1915.51 - lr: 0.100000 - momentum: 0.000000
2025-12-22 21:30:23,985 epoch 45 - iter 4/29 - loss 0.19664563 - time (sec): 3.19 - samples/sec: 2012.18 - lr: 0.100000 - momentum: 0.000000
2025-12-22 21:30:25,270 epoch 45 - iter 6/29 - loss 0.19306522 - time (sec): 4.47 - samples/sec: 2122.08 - lr: 0.100000 - momentum: 0.000000
2025-12-22 21:30:26,533 epoch 45 - iter 8/29 - loss 0.18573120 - time (sec): 5.74 - samples/sec: 2215.99 - lr: 0.100000 - momentum: 0.000000
2025-12-22 21:30:28,143 epoch 45 - iter 10/29 - loss 0.18447203 - time (sec): 7.35 - samples/sec: 2174.71 - lr: 0.100000 - momentum: 0.000000
2025-12-22 21:30:29,784 epoch 45 - iter 12/29 - loss 0.19039753 - time (sec): 8.99 - samples/sec: 2155.83 - lr: 0.100000 - momentum: 0.000000
2025-12-22 21:30:31,564 epoch 45 - iter 14/29 - loss 0.19198528 - time (sec): 10.77 - samples/sec: 2148.51 - lr: 0.100000 - momentum: 0.000000
2025-12-22 21:30:33,389 epoch 45 - iter 16/29 - loss 0.19138056 - time (sec): 12.59 - samples/sec: 2125.01 - lr: 0.100000 - momentum: 0.000000
2025-12-22 21:30:34,868 epoch 45 - iter 18/29 - loss 0.19121033 - time (sec): 14.07 - samples/sec: 2119.52 - lr: 0.100000 - momentum: 0.000000
2025-12-22 21:30:36,495 epoch 45 - iter 20/29 - loss 0.18865235 - time (sec): 15.70 - samples/sec: 2115.70 - lr: 0.100000 - momentum: 0.000000
2025-12-22 21:30:37,740 epoch 45 - iter 22/29 - loss 0.18844109 - time (sec): 16.94 - samples/sec: 2147.62 - lr: 0.100000 - momentum: 0.000000
2025-12-22 21:30:39,002 epoch 45 - iter 24/29 - loss 0.18833574 - time (sec): 18.21 - samples/sec: 2157.41 - lr: 0.100000 - momentum: 0.000000
2025-12-22 21:30:41,380 epoch 45 - iter 26/29 - loss 0.18934597 - time (sec): 20.58 - samples/sec: 2066.89 - lr: 0.100000 - momentum: 0.000000
2025-12-22 21:30:43,221 epoch 45 - iter 28/29 - loss 0.18821888 - time (sec): 22.42 - samples/sec: 2047.07 - lr: 0.100000 - momentum: 0.000000
2025-12-22 21:30:43,886 ----------------------------------------------------------------------------------------------------
2025-12-22 21:30:43,886 EPOCH 45 done: loss 0.1882 - lr: 0.100000
2025-12-22 21:30:48,518 DEV : loss 0.14758437871932983 - f1-score (micro avg)  0.9532
2025-12-22 21:30:48,526  - 0 epochs without improvement
2025-12-22 21:30:48,526 saving best model
2025-12-22 21:30:48,541 ----------------------------------------------------------------------------------------------------
2025-12-22 21:30:50,142 epoch 46 - iter 2/29 - loss 0.15958751 - time (sec): 1.60 - samples/sec: 1872.80 - lr: 0.100000 - momentum: 0.000000
2025-12-22 21:30:51,552 epoch 46 - iter 4/29 - loss 0.17097141 - time (sec): 3.01 - samples/sec: 1973.65 - lr: 0.100000 - momentum: 0.000000
2025-12-22 21:30:53,119 epoch 46 - iter 6/29 - loss 0.17455271 - time (sec): 4.58 - samples/sec: 1985.91 - lr: 0.100000 - momentum: 0.000000
2025-12-22 21:30:55,114 epoch 46 - iter 8/29 - loss 0.17633278 - time (sec): 6.57 - samples/sec: 1924.03 - lr: 0.100000 - momentum: 0.000000
2025-12-22 21:30:57,119 epoch 46 - iter 10/29 - loss 0.18097713 - time (sec): 8.58 - samples/sec: 1882.56 - lr: 0.100000 - momentum: 0.000000
2025-12-22 21:30:58,538 epoch 46 - iter 12/29 - loss 0.18289247 - time (sec): 10.00 - samples/sec: 1931.54 - lr: 0.100000 - momentum: 0.000000
2025-12-22 21:31:00,556 epoch 46 - iter 14/29 - loss 0.17994229 - time (sec): 12.01 - samples/sec: 1895.59 - lr: 0.100000 - momentum: 0.000000
2025-12-22 21:31:02,453 epoch 46 - iter 16/29 - loss 0.18375619 - time (sec): 13.91 - samples/sec: 1874.59 - lr: 0.100000 - momentum: 0.000000
2025-12-22 21:31:04,632 epoch 46 - iter 18/29 - loss 0.18385818 - time (sec): 16.09 - samples/sec: 1844.59 - lr: 0.100000 - momentum: 0.000000
2025-12-22 21:31:06,096 epoch 46 - iter 20/29 - loss 0.18253802 - time (sec): 17.55 - samples/sec: 1881.05 - lr: 0.100000 - momentum: 0.000000
2025-12-22 21:31:07,766 epoch 46 - iter 22/29 - loss 0.18167862 - time (sec): 19.22 - samples/sec: 1901.01 - lr: 0.100000 - momentum: 0.000000
2025-12-22 21:31:09,684 epoch 46 - iter 24/29 - loss 0.18257199 - time (sec): 21.14 - samples/sec: 1887.79 - lr: 0.100000 - momentum: 0.000000
2025-12-22 21:31:11,195 epoch 46 - iter 26/29 - loss 0.18128657 - time (sec): 22.65 - samples/sec: 1903.48 - lr: 0.100000 - momentum: 0.000000
2025-12-22 21:31:12,666 epoch 46 - iter 28/29 - loss 0.18039126 - time (sec): 24.12 - samples/sec: 1910.45 - lr: 0.100000 - momentum: 0.000000
2025-12-22 21:31:13,230 ----------------------------------------------------------------------------------------------------
2025-12-22 21:31:13,230 EPOCH 46 done: loss 0.1810 - lr: 0.100000
2025-12-22 21:31:16,781 DEV : loss 0.14365339279174805 - f1-score (micro avg)  0.9544
2025-12-22 21:31:16,785  - 0 epochs without improvement
2025-12-22 21:31:16,786 saving best model
2025-12-22 21:31:16,799 ----------------------------------------------------------------------------------------------------
2025-12-22 21:31:18,062 epoch 47 - iter 2/29 - loss 0.15124625 - time (sec): 1.26 - samples/sec: 2475.96 - lr: 0.100000 - momentum: 0.000000
2025-12-22 21:31:20,098 epoch 47 - iter 4/29 - loss 0.16604485 - time (sec): 3.30 - samples/sec: 1985.20 - lr: 0.100000 - momentum: 0.000000
2025-12-22 21:31:21,579 epoch 47 - iter 6/29 - loss 0.17238629 - time (sec): 4.78 - samples/sec: 2002.15 - lr: 0.100000 - momentum: 0.000000
2025-12-22 21:31:23,023 epoch 47 - iter 8/29 - loss 0.17315536 - time (sec): 6.22 - samples/sec: 1984.02 - lr: 0.100000 - momentum: 0.000000
2025-12-22 21:31:24,500 epoch 47 - iter 10/29 - loss 0.17124644 - time (sec): 7.70 - samples/sec: 2027.30 - lr: 0.100000 - momentum: 0.000000
2025-12-22 21:31:25,961 epoch 47 - iter 12/29 - loss 0.17339157 - time (sec): 9.16 - samples/sec: 2068.19 - lr: 0.100000 - momentum: 0.000000
2025-12-22 21:31:27,663 epoch 47 - iter 14/29 - loss 0.17456606 - time (sec): 10.86 - samples/sec: 2077.22 - lr: 0.100000 - momentum: 0.000000
2025-12-22 21:31:29,351 epoch 47 - iter 16/29 - loss 0.17656806 - time (sec): 12.55 - samples/sec: 2072.27 - lr: 0.100000 - momentum: 0.000000
2025-12-22 21:31:31,033 epoch 47 - iter 18/29 - loss 0.17739567 - time (sec): 14.23 - samples/sec: 2068.20 - lr: 0.100000 - momentum: 0.000000
2025-12-22 21:31:32,576 epoch 47 - iter 20/29 - loss 0.17939678 - time (sec): 15.78 - samples/sec: 2108.75 - lr: 0.100000 - momentum: 0.000000
2025-12-22 21:31:34,004 epoch 47 - iter 22/29 - loss 0.17969007 - time (sec): 17.20 - samples/sec: 2117.58 - lr: 0.100000 - momentum: 0.000000
2025-12-22 21:31:35,406 epoch 47 - iter 24/29 - loss 0.18115552 - time (sec): 18.61 - samples/sec: 2122.68 - lr: 0.100000 - momentum: 0.000000
2025-12-22 21:31:36,746 epoch 47 - iter 26/29 - loss 0.18183566 - time (sec): 19.95 - samples/sec: 2136.27 - lr: 0.100000 - momentum: 0.000000
2025-12-22 21:31:38,329 epoch 47 - iter 28/29 - loss 0.18153573 - time (sec): 21.53 - samples/sec: 2131.91 - lr: 0.100000 - momentum: 0.000000
2025-12-22 21:31:38,956 ----------------------------------------------------------------------------------------------------
2025-12-22 21:31:38,956 EPOCH 47 done: loss 0.1812 - lr: 0.100000
2025-12-22 21:31:42,640 DEV : loss 0.14523015916347504 - f1-score (micro avg)  0.9543
2025-12-22 21:31:42,656  - 1 epochs without improvement
2025-12-22 21:31:42,657 ----------------------------------------------------------------------------------------------------
2025-12-22 21:31:44,212 epoch 48 - iter 2/29 - loss 0.16931364 - time (sec): 1.55 - samples/sec: 2230.78 - lr: 0.100000 - momentum: 0.000000
2025-12-22 21:31:45,834 epoch 48 - iter 4/29 - loss 0.17679298 - time (sec): 3.18 - samples/sec: 2159.50 - lr: 0.100000 - momentum: 0.000000
2025-12-22 21:31:47,295 epoch 48 - iter 6/29 - loss 0.17717564 - time (sec): 4.64 - samples/sec: 2162.73 - lr: 0.100000 - momentum: 0.000000
2025-12-22 21:31:48,778 epoch 48 - iter 8/29 - loss 0.17822099 - time (sec): 6.12 - samples/sec: 2201.52 - lr: 0.100000 - momentum: 0.000000
2025-12-22 21:31:50,092 epoch 48 - iter 10/29 - loss 0.17583473 - time (sec): 7.43 - samples/sec: 2210.41 - lr: 0.100000 - momentum: 0.000000
2025-12-22 21:31:51,317 epoch 48 - iter 12/29 - loss 0.17599020 - time (sec): 8.66 - samples/sec: 2241.05 - lr: 0.100000 - momentum: 0.000000
2025-12-22 21:31:52,534 epoch 48 - iter 14/29 - loss 0.17414560 - time (sec): 9.88 - samples/sec: 2285.40 - lr: 0.100000 - momentum: 0.000000
2025-12-22 21:31:54,127 epoch 48 - iter 16/29 - loss 0.17222515 - time (sec): 11.47 - samples/sec: 2275.54 - lr: 0.100000 - momentum: 0.000000
2025-12-22 21:31:55,592 epoch 48 - iter 18/29 - loss 0.17303508 - time (sec): 12.93 - samples/sec: 2291.93 - lr: 0.100000 - momentum: 0.000000
2025-12-22 21:31:57,161 epoch 48 - iter 20/29 - loss 0.17625230 - time (sec): 14.50 - samples/sec: 2287.38 - lr: 0.100000 - momentum: 0.000000
2025-12-22 21:31:58,900 epoch 48 - iter 22/29 - loss 0.17927955 - time (sec): 16.24 - samples/sec: 2246.15 - lr: 0.100000 - momentum: 0.000000
2025-12-22 21:32:00,507 epoch 48 - iter 24/29 - loss 0.17980611 - time (sec): 17.85 - samples/sec: 2219.98 - lr: 0.100000 - momentum: 0.000000
2025-12-22 21:32:01,685 epoch 48 - iter 26/29 - loss 0.18050409 - time (sec): 19.03 - samples/sec: 2262.13 - lr: 0.100000 - momentum: 0.000000
2025-12-22 21:32:03,198 epoch 48 - iter 28/29 - loss 0.18071745 - time (sec): 20.54 - samples/sec: 2232.76 - lr: 0.100000 - momentum: 0.000000
2025-12-22 21:32:03,803 ----------------------------------------------------------------------------------------------------
2025-12-22 21:32:03,804 EPOCH 48 done: loss 0.1809 - lr: 0.100000
2025-12-22 21:32:07,554 DEV : loss 0.14249782264232635 - f1-score (micro avg)  0.9554
2025-12-22 21:32:07,560  - 0 epochs without improvement
2025-12-22 21:32:07,561 saving best model
2025-12-22 21:32:07,575 ----------------------------------------------------------------------------------------------------
2025-12-22 21:32:09,139 epoch 49 - iter 2/29 - loss 0.17404701 - time (sec): 1.56 - samples/sec: 2071.96 - lr: 0.100000 - momentum: 0.000000
2025-12-22 21:32:10,647 epoch 49 - iter 4/29 - loss 0.17291754 - time (sec): 3.07 - samples/sec: 2129.84 - lr: 0.100000 - momentum: 0.000000
2025-12-22 21:32:12,389 epoch 49 - iter 6/29 - loss 0.17253481 - time (sec): 4.81 - samples/sec: 2082.83 - lr: 0.100000 - momentum: 0.000000
2025-12-22 21:32:13,690 epoch 49 - iter 8/29 - loss 0.17677442 - time (sec): 6.11 - samples/sec: 2222.26 - lr: 0.100000 - momentum: 0.000000
2025-12-22 21:32:15,136 epoch 49 - iter 10/29 - loss 0.17188459 - time (sec): 7.56 - samples/sec: 2234.82 - lr: 0.100000 - momentum: 0.000000
2025-12-22 21:32:16,807 epoch 49 - iter 12/29 - loss 0.17213174 - time (sec): 9.23 - samples/sec: 2201.13 - lr: 0.100000 - momentum: 0.000000
2025-12-22 21:32:18,242 epoch 49 - iter 14/29 - loss 0.17007568 - time (sec): 10.67 - samples/sec: 2214.26 - lr: 0.100000 - momentum: 0.000000
2025-12-22 21:32:19,588 epoch 49 - iter 16/29 - loss 0.17087524 - time (sec): 12.01 - samples/sec: 2218.86 - lr: 0.100000 - momentum: 0.000000
2025-12-22 21:32:20,758 epoch 49 - iter 18/29 - loss 0.17319974 - time (sec): 13.18 - samples/sec: 2240.92 - lr: 0.100000 - momentum: 0.000000
2025-12-22 21:32:22,282 epoch 49 - iter 20/29 - loss 0.17272920 - time (sec): 14.71 - samples/sec: 2216.89 - lr: 0.100000 - momentum: 0.000000
2025-12-22 21:32:23,373 epoch 49 - iter 22/29 - loss 0.17151345 - time (sec): 15.80 - samples/sec: 2273.99 - lr: 0.100000 - momentum: 0.000000
2025-12-22 21:32:24,606 epoch 49 - iter 24/29 - loss 0.17223442 - time (sec): 17.03 - samples/sec: 2300.27 - lr: 0.100000 - momentum: 0.000000
2025-12-22 21:32:26,088 epoch 49 - iter 26/29 - loss 0.17093433 - time (sec): 18.51 - samples/sec: 2299.79 - lr: 0.100000 - momentum: 0.000000
2025-12-22 21:32:27,659 epoch 49 - iter 28/29 - loss 0.17116380 - time (sec): 20.08 - samples/sec: 2284.26 - lr: 0.100000 - momentum: 0.000000
2025-12-22 21:32:28,339 ----------------------------------------------------------------------------------------------------
2025-12-22 21:32:28,339 EPOCH 49 done: loss 0.1727 - lr: 0.100000
2025-12-22 21:32:31,749 DEV : loss 0.1420220136642456 - f1-score (micro avg)  0.9548
2025-12-22 21:32:31,753  - 1 epochs without improvement
2025-12-22 21:32:31,754 ----------------------------------------------------------------------------------------------------
2025-12-22 21:32:33,294 epoch 50 - iter 2/29 - loss 0.16078185 - time (sec): 1.54 - samples/sec: 2459.81 - lr: 0.100000 - momentum: 0.000000
2025-12-22 21:32:34,833 epoch 50 - iter 4/29 - loss 0.16884771 - time (sec): 3.08 - samples/sec: 2301.21 - lr: 0.100000 - momentum: 0.000000
2025-12-22 21:32:36,191 epoch 50 - iter 6/29 - loss 0.16581922 - time (sec): 4.44 - samples/sec: 2420.77 - lr: 0.100000 - momentum: 0.000000
2025-12-22 21:32:37,648 epoch 50 - iter 8/29 - loss 0.16562315 - time (sec): 5.89 - samples/sec: 2394.75 - lr: 0.100000 - momentum: 0.000000
2025-12-22 21:32:39,552 epoch 50 - iter 10/29 - loss 0.16695579 - time (sec): 7.80 - samples/sec: 2240.20 - lr: 0.100000 - momentum: 0.000000
2025-12-22 21:32:41,048 epoch 50 - iter 12/29 - loss 0.16927443 - time (sec): 9.29 - samples/sec: 2239.02 - lr: 0.100000 - momentum: 0.000000
2025-12-22 21:32:42,149 epoch 50 - iter 14/29 - loss 0.16901609 - time (sec): 10.39 - samples/sec: 2284.37 - lr: 0.100000 - momentum: 0.000000
2025-12-22 21:32:43,637 epoch 50 - iter 16/29 - loss 0.16853702 - time (sec): 11.88 - samples/sec: 2258.44 - lr: 0.100000 - momentum: 0.000000
2025-12-22 21:32:45,241 epoch 50 - iter 18/29 - loss 0.16691492 - time (sec): 13.49 - samples/sec: 2241.51 - lr: 0.100000 - momentum: 0.000000
2025-12-22 21:32:46,587 epoch 50 - iter 20/29 - loss 0.16753351 - time (sec): 14.83 - samples/sec: 2246.69 - lr: 0.100000 - momentum: 0.000000
2025-12-22 21:32:48,117 epoch 50 - iter 22/29 - loss 0.16897022 - time (sec): 16.36 - samples/sec: 2252.32 - lr: 0.100000 - momentum: 0.000000
2025-12-22 21:32:49,624 epoch 50 - iter 24/29 - loss 0.17061130 - time (sec): 17.87 - samples/sec: 2233.63 - lr: 0.100000 - momentum: 0.000000
2025-12-22 21:32:51,051 epoch 50 - iter 26/29 - loss 0.17067354 - time (sec): 19.30 - samples/sec: 2233.77 - lr: 0.100000 - momentum: 0.000000
2025-12-22 21:32:52,342 epoch 50 - iter 28/29 - loss 0.17334023 - time (sec): 20.59 - samples/sec: 2234.16 - lr: 0.100000 - momentum: 0.000000
2025-12-22 21:32:52,755 ----------------------------------------------------------------------------------------------------
2025-12-22 21:32:52,755 EPOCH 50 done: loss 0.1730 - lr: 0.100000
2025-12-22 21:32:55,997 DEV : loss 0.13702499866485596 - f1-score (micro avg)  0.9564
2025-12-22 21:32:56,003  - 0 epochs without improvement
2025-12-22 21:32:56,003 saving best model
2025-12-22 21:32:56,020 ----------------------------------------------------------------------------------------------------
2025-12-22 21:32:57,741 epoch 51 - iter 2/29 - loss 0.17076423 - time (sec): 1.72 - samples/sec: 2263.23 - lr: 0.100000 - momentum: 0.000000
2025-12-22 21:32:59,469 epoch 51 - iter 4/29 - loss 0.17122245 - time (sec): 3.45 - samples/sec: 2254.17 - lr: 0.100000 - momentum: 0.000000
2025-12-22 21:33:01,318 epoch 51 - iter 6/29 - loss 0.16880808 - time (sec): 5.30 - samples/sec: 2082.08 - lr: 0.100000 - momentum: 0.000000
2025-12-22 21:33:02,840 epoch 51 - iter 8/29 - loss 0.16803732 - time (sec): 6.82 - samples/sec: 2071.70 - lr: 0.100000 - momentum: 0.000000
2025-12-22 21:33:04,447 epoch 51 - iter 10/29 - loss 0.16547789 - time (sec): 8.43 - samples/sec: 2087.89 - lr: 0.100000 - momentum: 0.000000
2025-12-22 21:33:06,100 epoch 51 - iter 12/29 - loss 0.16711896 - time (sec): 10.08 - samples/sec: 2081.78 - lr: 0.100000 - momentum: 0.000000
2025-12-22 21:33:07,513 epoch 51 - iter 14/29 - loss 0.16549750 - time (sec): 11.49 - samples/sec: 2098.34 - lr: 0.100000 - momentum: 0.000000
2025-12-22 21:33:08,745 epoch 51 - iter 16/29 - loss 0.16541338 - time (sec): 12.72 - samples/sec: 2106.48 - lr: 0.100000 - momentum: 0.000000
2025-12-22 21:33:10,220 epoch 51 - iter 18/29 - loss 0.16489935 - time (sec): 14.20 - samples/sec: 2117.24 - lr: 0.100000 - momentum: 0.000000
2025-12-22 21:33:11,876 epoch 51 - iter 20/29 - loss 0.16620476 - time (sec): 15.85 - samples/sec: 2098.63 - lr: 0.100000 - momentum: 0.000000
2025-12-22 21:33:13,567 epoch 51 - iter 22/29 - loss 0.16580832 - time (sec): 17.55 - samples/sec: 2067.84 - lr: 0.100000 - momentum: 0.000000
2025-12-22 21:33:15,096 epoch 51 - iter 24/29 - loss 0.16477085 - time (sec): 19.08 - samples/sec: 2063.57 - lr: 0.100000 - momentum: 0.000000
2025-12-22 21:33:16,911 epoch 51 - iter 26/29 - loss 0.16610123 - time (sec): 20.89 - samples/sec: 2042.32 - lr: 0.100000 - momentum: 0.000000
2025-12-22 21:33:18,263 epoch 51 - iter 28/29 - loss 0.16678730 - time (sec): 22.24 - samples/sec: 2059.42 - lr: 0.100000 - momentum: 0.000000
2025-12-22 21:33:18,944 ----------------------------------------------------------------------------------------------------
2025-12-22 21:33:18,944 EPOCH 51 done: loss 0.1661 - lr: 0.100000
2025-12-22 21:33:22,176 DEV : loss 0.13994918763637543 - f1-score (micro avg)  0.9553
2025-12-22 21:33:22,182  - 1 epochs without improvement
2025-12-22 21:33:22,183 ----------------------------------------------------------------------------------------------------
2025-12-22 21:33:23,675 epoch 52 - iter 2/29 - loss 0.17759500 - time (sec): 1.49 - samples/sec: 2151.24 - lr: 0.100000 - momentum: 0.000000
2025-12-22 21:33:25,740 epoch 52 - iter 4/29 - loss 0.16625966 - time (sec): 3.56 - samples/sec: 1906.35 - lr: 0.100000 - momentum: 0.000000
2025-12-22 21:33:26,945 epoch 52 - iter 6/29 - loss 0.16577674 - time (sec): 4.76 - samples/sec: 2017.44 - lr: 0.100000 - momentum: 0.000000
2025-12-22 21:33:28,337 epoch 52 - iter 8/29 - loss 0.16269524 - time (sec): 6.15 - samples/sec: 2074.45 - lr: 0.100000 - momentum: 0.000000
2025-12-22 21:33:29,701 epoch 52 - iter 10/29 - loss 0.16397588 - time (sec): 7.52 - samples/sec: 2144.55 - lr: 0.100000 - momentum: 0.000000
2025-12-22 21:33:30,890 epoch 52 - iter 12/29 - loss 0.16548469 - time (sec): 8.71 - samples/sec: 2206.57 - lr: 0.100000 - momentum: 0.000000
2025-12-22 21:33:32,280 epoch 52 - iter 14/29 - loss 0.16219592 - time (sec): 10.10 - samples/sec: 2210.62 - lr: 0.100000 - momentum: 0.000000
2025-12-22 21:33:34,004 epoch 52 - iter 16/29 - loss 0.16471804 - time (sec): 11.82 - samples/sec: 2153.09 - lr: 0.100000 - momentum: 0.000000
2025-12-22 21:33:35,473 epoch 52 - iter 18/29 - loss 0.16574612 - time (sec): 13.29 - samples/sec: 2152.88 - lr: 0.100000 - momentum: 0.000000
2025-12-22 21:33:36,982 epoch 52 - iter 20/29 - loss 0.16609075 - time (sec): 14.80 - samples/sec: 2171.36 - lr: 0.100000 - momentum: 0.000000
2025-12-22 21:33:38,539 epoch 52 - iter 22/29 - loss 0.16606198 - time (sec): 16.36 - samples/sec: 2194.96 - lr: 0.100000 - momentum: 0.000000
2025-12-22 21:33:40,043 epoch 52 - iter 24/29 - loss 0.16475018 - time (sec): 17.86 - samples/sec: 2201.88 - lr: 0.100000 - momentum: 0.000000
2025-12-22 21:33:41,795 epoch 52 - iter 26/29 - loss 0.16513028 - time (sec): 19.61 - samples/sec: 2197.63 - lr: 0.100000 - momentum: 0.000000
2025-12-22 21:33:43,108 epoch 52 - iter 28/29 - loss 0.16620307 - time (sec): 20.92 - samples/sec: 2201.56 - lr: 0.100000 - momentum: 0.000000
2025-12-22 21:33:43,562 ----------------------------------------------------------------------------------------------------
2025-12-22 21:33:43,562 EPOCH 52 done: loss 0.1660 - lr: 0.100000
2025-12-22 21:33:46,854 DEV : loss 0.13671208918094635 - f1-score (micro avg)  0.9564
2025-12-22 21:33:46,858  - 2 epochs without improvement
2025-12-22 21:33:46,859 ----------------------------------------------------------------------------------------------------
2025-12-22 21:33:48,041 epoch 53 - iter 2/29 - loss 0.15643610 - time (sec): 1.18 - samples/sec: 2585.10 - lr: 0.100000 - momentum: 0.000000
2025-12-22 21:33:49,957 epoch 53 - iter 4/29 - loss 0.15873675 - time (sec): 3.10 - samples/sec: 2158.82 - lr: 0.100000 - momentum: 0.000000
2025-12-22 21:33:51,252 epoch 53 - iter 6/29 - loss 0.15776475 - time (sec): 4.39 - samples/sec: 2240.62 - lr: 0.100000 - momentum: 0.000000
2025-12-22 21:33:52,499 epoch 53 - iter 8/29 - loss 0.16038881 - time (sec): 5.64 - samples/sec: 2292.00 - lr: 0.100000 - momentum: 0.000000
2025-12-22 21:33:53,905 epoch 53 - iter 10/29 - loss 0.16200295 - time (sec): 7.05 - samples/sec: 2268.71 - lr: 0.100000 - momentum: 0.000000
2025-12-22 21:33:55,574 epoch 53 - iter 12/29 - loss 0.15789832 - time (sec): 8.71 - samples/sec: 2230.21 - lr: 0.100000 - momentum: 0.000000
2025-12-22 21:33:57,073 epoch 53 - iter 14/29 - loss 0.15935616 - time (sec): 10.21 - samples/sec: 2236.57 - lr: 0.100000 - momentum: 0.000000
2025-12-22 21:33:58,295 epoch 53 - iter 16/29 - loss 0.16069614 - time (sec): 11.44 - samples/sec: 2310.98 - lr: 0.100000 - momentum: 0.000000
2025-12-22 21:33:59,741 epoch 53 - iter 18/29 - loss 0.15898053 - time (sec): 12.88 - samples/sec: 2300.64 - lr: 0.100000 - momentum: 0.000000
2025-12-22 21:34:00,980 epoch 53 - iter 20/29 - loss 0.15902023 - time (sec): 14.12 - samples/sec: 2294.73 - lr: 0.100000 - momentum: 0.000000
2025-12-22 21:34:02,572 epoch 53 - iter 22/29 - loss 0.16003348 - time (sec): 15.71 - samples/sec: 2284.06 - lr: 0.100000 - momentum: 0.000000
2025-12-22 21:34:03,846 epoch 53 - iter 24/29 - loss 0.16098907 - time (sec): 16.99 - samples/sec: 2294.62 - lr: 0.100000 - momentum: 0.000000
2025-12-22 21:34:05,378 epoch 53 - iter 26/29 - loss 0.16099070 - time (sec): 18.52 - samples/sec: 2293.10 - lr: 0.100000 - momentum: 0.000000
2025-12-22 21:34:07,064 epoch 53 - iter 28/29 - loss 0.16088020 - time (sec): 20.20 - samples/sec: 2267.19 - lr: 0.100000 - momentum: 0.000000
2025-12-22 21:34:07,941 ----------------------------------------------------------------------------------------------------
2025-12-22 21:34:07,941 EPOCH 53 done: loss 0.1614 - lr: 0.100000
2025-12-22 21:34:11,830 DEV : loss 0.1364794820547104 - f1-score (micro avg)  0.9568
2025-12-22 21:34:11,839  - 0 epochs without improvement
2025-12-22 21:34:11,839 saving best model
2025-12-22 21:34:11,858 ----------------------------------------------------------------------------------------------------
2025-12-22 21:34:13,429 epoch 54 - iter 2/29 - loss 0.14619304 - time (sec): 1.57 - samples/sec: 1976.02 - lr: 0.100000 - momentum: 0.000000
2025-12-22 21:34:15,222 epoch 54 - iter 4/29 - loss 0.15615143 - time (sec): 3.36 - samples/sec: 1944.09 - lr: 0.100000 - momentum: 0.000000
2025-12-22 21:34:16,631 epoch 54 - iter 6/29 - loss 0.15128536 - time (sec): 4.77 - samples/sec: 2008.18 - lr: 0.100000 - momentum: 0.000000
2025-12-22 21:34:18,238 epoch 54 - iter 8/29 - loss 0.15329975 - time (sec): 6.38 - samples/sec: 2009.94 - lr: 0.100000 - momentum: 0.000000
2025-12-22 21:34:19,704 epoch 54 - iter 10/29 - loss 0.15817687 - time (sec): 7.85 - samples/sec: 2000.96 - lr: 0.100000 - momentum: 0.000000
2025-12-22 21:34:21,180 epoch 54 - iter 12/29 - loss 0.15838193 - time (sec): 9.32 - samples/sec: 2036.67 - lr: 0.100000 - momentum: 0.000000
2025-12-22 21:34:22,555 epoch 54 - iter 14/29 - loss 0.15780564 - time (sec): 10.70 - samples/sec: 2098.55 - lr: 0.100000 - momentum: 0.000000
2025-12-22 21:34:24,039 epoch 54 - iter 16/29 - loss 0.15831498 - time (sec): 12.18 - samples/sec: 2101.67 - lr: 0.100000 - momentum: 0.000000
2025-12-22 21:34:25,471 epoch 54 - iter 18/29 - loss 0.16037260 - time (sec): 13.61 - samples/sec: 2122.24 - lr: 0.100000 - momentum: 0.000000
2025-12-22 21:34:27,403 epoch 54 - iter 20/29 - loss 0.15862050 - time (sec): 15.54 - samples/sec: 2086.26 - lr: 0.100000 - momentum: 0.000000
2025-12-22 21:34:28,730 epoch 54 - iter 22/29 - loss 0.15847486 - time (sec): 16.87 - samples/sec: 2091.85 - lr: 0.100000 - momentum: 0.000000
2025-12-22 21:34:30,644 epoch 54 - iter 24/29 - loss 0.15846797 - time (sec): 18.79 - samples/sec: 2073.96 - lr: 0.100000 - momentum: 0.000000
2025-12-22 21:34:32,514 epoch 54 - iter 26/29 - loss 0.15927623 - time (sec): 20.66 - samples/sec: 2068.17 - lr: 0.100000 - momentum: 0.000000
2025-12-22 21:34:34,040 epoch 54 - iter 28/29 - loss 0.15989997 - time (sec): 22.18 - samples/sec: 2070.80 - lr: 0.100000 - momentum: 0.000000
2025-12-22 21:34:34,721 ----------------------------------------------------------------------------------------------------
2025-12-22 21:34:34,721 EPOCH 54 done: loss 0.1601 - lr: 0.100000
2025-12-22 21:34:38,089 DEV : loss 0.1359400749206543 - f1-score (micro avg)  0.9569
2025-12-22 21:34:38,095  - 0 epochs without improvement
2025-12-22 21:34:38,096 saving best model
2025-12-22 21:34:38,116 ----------------------------------------------------------------------------------------------------
2025-12-22 21:34:39,905 epoch 55 - iter 2/29 - loss 0.15082126 - time (sec): 1.79 - samples/sec: 1931.65 - lr: 0.100000 - momentum: 0.000000
2025-12-22 21:34:41,102 epoch 55 - iter 4/29 - loss 0.14808829 - time (sec): 2.99 - samples/sec: 2167.19 - lr: 0.100000 - momentum: 0.000000
2025-12-22 21:34:43,299 epoch 55 - iter 6/29 - loss 0.14789282 - time (sec): 5.18 - samples/sec: 1834.13 - lr: 0.100000 - momentum: 0.000000
2025-12-22 21:34:44,928 epoch 55 - iter 8/29 - loss 0.14977422 - time (sec): 6.81 - samples/sec: 1931.30 - lr: 0.100000 - momentum: 0.000000
2025-12-22 21:34:47,935 epoch 55 - iter 10/29 - loss 0.15192865 - time (sec): 9.82 - samples/sec: 1709.86 - lr: 0.100000 - momentum: 0.000000
2025-12-22 21:34:49,484 epoch 55 - iter 12/29 - loss 0.15221361 - time (sec): 11.37 - samples/sec: 1748.03 - lr: 0.100000 - momentum: 0.000000
2025-12-22 21:34:51,152 epoch 55 - iter 14/29 - loss 0.15075832 - time (sec): 13.04 - samples/sec: 1772.13 - lr: 0.100000 - momentum: 0.000000
2025-12-22 21:34:52,949 epoch 55 - iter 16/29 - loss 0.15380578 - time (sec): 14.83 - samples/sec: 1780.11 - lr: 0.100000 - momentum: 0.000000
2025-12-22 21:34:54,437 epoch 55 - iter 18/29 - loss 0.15615699 - time (sec): 16.32 - samples/sec: 1816.74 - lr: 0.100000 - momentum: 0.000000
2025-12-22 21:34:55,901 epoch 55 - iter 20/29 - loss 0.15427970 - time (sec): 17.78 - samples/sec: 1854.26 - lr: 0.100000 - momentum: 0.000000
2025-12-22 21:34:57,336 epoch 55 - iter 22/29 - loss 0.15542143 - time (sec): 19.22 - samples/sec: 1884.92 - lr: 0.100000 - momentum: 0.000000
2025-12-22 21:34:58,789 epoch 55 - iter 24/29 - loss 0.15708881 - time (sec): 20.67 - samples/sec: 1907.02 - lr: 0.100000 - momentum: 0.000000
2025-12-22 21:35:00,379 epoch 55 - iter 26/29 - loss 0.15824463 - time (sec): 22.26 - samples/sec: 1912.98 - lr: 0.100000 - momentum: 0.000000
2025-12-22 21:35:01,879 epoch 55 - iter 28/29 - loss 0.15790936 - time (sec): 23.76 - samples/sec: 1932.78 - lr: 0.100000 - momentum: 0.000000
2025-12-22 21:35:02,350 ----------------------------------------------------------------------------------------------------
2025-12-22 21:35:02,350 EPOCH 55 done: loss 0.1578 - lr: 0.100000
2025-12-22 21:35:05,631 DEV : loss 0.13271331787109375 - f1-score (micro avg)  0.9579
2025-12-22 21:35:05,635  - 0 epochs without improvement
2025-12-22 21:35:05,636 saving best model
2025-12-22 21:35:05,650 ----------------------------------------------------------------------------------------------------
2025-12-22 21:35:07,148 epoch 56 - iter 2/29 - loss 0.16710229 - time (sec): 1.50 - samples/sec: 2090.84 - lr: 0.100000 - momentum: 0.000000
2025-12-22 21:35:09,079 epoch 56 - iter 4/29 - loss 0.16091400 - time (sec): 3.43 - samples/sec: 1993.15 - lr: 0.100000 - momentum: 0.000000
2025-12-22 21:35:10,788 epoch 56 - iter 6/29 - loss 0.15713900 - time (sec): 5.14 - samples/sec: 2014.42 - lr: 0.100000 - momentum: 0.000000
2025-12-22 21:35:12,260 epoch 56 - iter 8/29 - loss 0.16101110 - time (sec): 6.61 - samples/sec: 1983.58 - lr: 0.100000 - momentum: 0.000000
2025-12-22 21:35:13,798 epoch 56 - iter 10/29 - loss 0.16029487 - time (sec): 8.15 - samples/sec: 2007.66 - lr: 0.100000 - momentum: 0.000000
2025-12-22 21:35:15,191 epoch 56 - iter 12/29 - loss 0.15318043 - time (sec): 9.54 - samples/sec: 2057.65 - lr: 0.100000 - momentum: 0.000000
2025-12-22 21:35:16,853 epoch 56 - iter 14/29 - loss 0.15238851 - time (sec): 11.20 - samples/sec: 2037.02 - lr: 0.100000 - momentum: 0.000000
2025-12-22 21:35:18,575 epoch 56 - iter 16/29 - loss 0.15248408 - time (sec): 12.92 - samples/sec: 2043.87 - lr: 0.100000 - momentum: 0.000000
2025-12-22 21:35:20,218 epoch 56 - iter 18/29 - loss 0.15326171 - time (sec): 14.57 - samples/sec: 2070.70 - lr: 0.100000 - momentum: 0.000000
2025-12-22 21:35:21,943 epoch 56 - iter 20/29 - loss 0.15417361 - time (sec): 16.29 - samples/sec: 2061.71 - lr: 0.100000 - momentum: 0.000000
2025-12-22 21:35:23,704 epoch 56 - iter 22/29 - loss 0.15310852 - time (sec): 18.05 - samples/sec: 2045.24 - lr: 0.100000 - momentum: 0.000000
2025-12-22 21:35:24,845 epoch 56 - iter 24/29 - loss 0.15254294 - time (sec): 19.19 - samples/sec: 2063.28 - lr: 0.100000 - momentum: 0.000000
2025-12-22 21:35:26,797 epoch 56 - iter 26/29 - loss 0.15316386 - time (sec): 21.15 - samples/sec: 2042.00 - lr: 0.100000 - momentum: 0.000000
2025-12-22 21:35:28,006 epoch 56 - iter 28/29 - loss 0.15392897 - time (sec): 22.36 - samples/sec: 2059.09 - lr: 0.100000 - momentum: 0.000000
2025-12-22 21:35:28,496 ----------------------------------------------------------------------------------------------------
2025-12-22 21:35:28,496 EPOCH 56 done: loss 0.1542 - lr: 0.100000
2025-12-22 21:35:32,507 DEV : loss 0.12974891066551208 - f1-score (micro avg)  0.959
2025-12-22 21:35:32,511  - 0 epochs without improvement
2025-12-22 21:35:32,512 saving best model
2025-12-22 21:35:32,532 ----------------------------------------------------------------------------------------------------
2025-12-22 21:35:34,143 epoch 57 - iter 2/29 - loss 0.14635959 - time (sec): 1.61 - samples/sec: 1982.50 - lr: 0.100000 - momentum: 0.000000
2025-12-22 21:35:35,747 epoch 57 - iter 4/29 - loss 0.15169368 - time (sec): 3.21 - samples/sec: 2076.03 - lr: 0.100000 - momentum: 0.000000
2025-12-22 21:35:37,468 epoch 57 - iter 6/29 - loss 0.14698038 - time (sec): 4.94 - samples/sec: 2074.98 - lr: 0.100000 - momentum: 0.000000
2025-12-22 21:35:38,758 epoch 57 - iter 8/29 - loss 0.14851860 - time (sec): 6.23 - samples/sec: 2108.28 - lr: 0.100000 - momentum: 0.000000
2025-12-22 21:35:40,343 epoch 57 - iter 10/29 - loss 0.15075740 - time (sec): 7.81 - samples/sec: 2090.30 - lr: 0.100000 - momentum: 0.000000
2025-12-22 21:35:42,258 epoch 57 - iter 12/29 - loss 0.14880304 - time (sec): 9.73 - samples/sec: 1978.93 - lr: 0.100000 - momentum: 0.000000
2025-12-22 21:35:43,804 epoch 57 - iter 14/29 - loss 0.14717926 - time (sec): 11.27 - samples/sec: 1989.37 - lr: 0.100000 - momentum: 0.000000
2025-12-22 21:35:45,622 epoch 57 - iter 16/29 - loss 0.14821358 - time (sec): 13.09 - samples/sec: 1975.06 - lr: 0.100000 - momentum: 0.000000
2025-12-22 21:35:47,350 epoch 57 - iter 18/29 - loss 0.14704908 - time (sec): 14.82 - samples/sec: 1970.00 - lr: 0.100000 - momentum: 0.000000
2025-12-22 21:35:48,697 epoch 57 - iter 20/29 - loss 0.14798575 - time (sec): 16.16 - samples/sec: 2013.42 - lr: 0.100000 - momentum: 0.000000
2025-12-22 21:35:50,126 epoch 57 - iter 22/29 - loss 0.14833811 - time (sec): 17.59 - samples/sec: 2021.55 - lr: 0.100000 - momentum: 0.000000
2025-12-22 21:35:52,191 epoch 57 - iter 24/29 - loss 0.14874994 - time (sec): 19.66 - samples/sec: 2013.47 - lr: 0.100000 - momentum: 0.000000
2025-12-22 21:35:53,809 epoch 57 - iter 26/29 - loss 0.14899073 - time (sec): 21.28 - samples/sec: 2017.68 - lr: 0.100000 - momentum: 0.000000
2025-12-22 21:35:54,955 epoch 57 - iter 28/29 - loss 0.15016573 - time (sec): 22.42 - samples/sec: 2056.30 - lr: 0.100000 - momentum: 0.000000
2025-12-22 21:35:55,379 ----------------------------------------------------------------------------------------------------
2025-12-22 21:35:55,379 EPOCH 57 done: loss 0.1506 - lr: 0.100000
2025-12-22 21:35:59,119 DEV : loss 0.1309618204832077 - f1-score (micro avg)  0.9591
2025-12-22 21:35:59,124  - 0 epochs without improvement
2025-12-22 21:35:59,124 saving best model
2025-12-22 21:35:59,138 ----------------------------------------------------------------------------------------------------
2025-12-22 21:36:00,726 epoch 58 - iter 2/29 - loss 0.16281936 - time (sec): 1.59 - samples/sec: 1864.91 - lr: 0.100000 - momentum: 0.000000
2025-12-22 21:36:02,425 epoch 58 - iter 4/29 - loss 0.15788766 - time (sec): 3.29 - samples/sec: 2029.07 - lr: 0.100000 - momentum: 0.000000
2025-12-22 21:36:04,361 epoch 58 - iter 6/29 - loss 0.14878992 - time (sec): 5.22 - samples/sec: 1969.74 - lr: 0.100000 - momentum: 0.000000
2025-12-22 21:36:05,819 epoch 58 - iter 8/29 - loss 0.15058172 - time (sec): 6.68 - samples/sec: 2009.03 - lr: 0.100000 - momentum: 0.000000
2025-12-22 21:36:07,398 epoch 58 - iter 10/29 - loss 0.15352835 - time (sec): 8.26 - samples/sec: 2014.13 - lr: 0.100000 - momentum: 0.000000
2025-12-22 21:36:08,963 epoch 58 - iter 12/29 - loss 0.15435404 - time (sec): 9.82 - samples/sec: 2031.08 - lr: 0.100000 - momentum: 0.000000
2025-12-22 21:36:10,507 epoch 58 - iter 14/29 - loss 0.15343001 - time (sec): 11.37 - samples/sec: 2042.39 - lr: 0.100000 - momentum: 0.000000
2025-12-22 21:36:12,134 epoch 58 - iter 16/29 - loss 0.15116525 - time (sec): 12.99 - samples/sec: 2064.27 - lr: 0.100000 - momentum: 0.000000
2025-12-22 21:36:13,971 epoch 58 - iter 18/29 - loss 0.15040086 - time (sec): 14.83 - samples/sec: 2007.85 - lr: 0.100000 - momentum: 0.000000
2025-12-22 21:36:15,377 epoch 58 - iter 20/29 - loss 0.15144988 - time (sec): 16.24 - samples/sec: 2018.22 - lr: 0.100000 - momentum: 0.000000
2025-12-22 21:36:17,261 epoch 58 - iter 22/29 - loss 0.15370360 - time (sec): 18.12 - samples/sec: 2002.65 - lr: 0.100000 - momentum: 0.000000
2025-12-22 21:36:18,617 epoch 58 - iter 24/29 - loss 0.15402047 - time (sec): 19.48 - samples/sec: 2030.43 - lr: 0.100000 - momentum: 0.000000
2025-12-22 21:36:19,912 epoch 58 - iter 26/29 - loss 0.15355136 - time (sec): 20.77 - samples/sec: 2057.65 - lr: 0.100000 - momentum: 0.000000
2025-12-22 21:36:21,361 epoch 58 - iter 28/29 - loss 0.15290764 - time (sec): 22.22 - samples/sec: 2076.84 - lr: 0.100000 - momentum: 0.000000
2025-12-22 21:36:21,643 ----------------------------------------------------------------------------------------------------
2025-12-22 21:36:21,644 EPOCH 58 done: loss 0.1523 - lr: 0.100000
2025-12-22 21:36:24,758 DEV : loss 0.12937934696674347 - f1-score (micro avg)  0.9587
2025-12-22 21:36:24,763  - 1 epochs without improvement
2025-12-22 21:36:24,764 ----------------------------------------------------------------------------------------------------
2025-12-22 21:36:26,031 epoch 59 - iter 2/29 - loss 0.15258806 - time (sec): 1.27 - samples/sec: 2240.16 - lr: 0.100000 - momentum: 0.000000
2025-12-22 21:36:27,613 epoch 59 - iter 4/29 - loss 0.14004293 - time (sec): 2.85 - samples/sec: 2094.36 - lr: 0.100000 - momentum: 0.000000
2025-12-22 21:36:29,193 epoch 59 - iter 6/29 - loss 0.13766943 - time (sec): 4.43 - samples/sec: 2121.37 - lr: 0.100000 - momentum: 0.000000
2025-12-22 21:36:30,638 epoch 59 - iter 8/29 - loss 0.13780158 - time (sec): 5.87 - samples/sec: 2141.75 - lr: 0.100000 - momentum: 0.000000
2025-12-22 21:36:32,181 epoch 59 - iter 10/29 - loss 0.14029596 - time (sec): 7.42 - samples/sec: 2148.08 - lr: 0.100000 - momentum: 0.000000
2025-12-22 21:36:33,982 epoch 59 - iter 12/29 - loss 0.14241980 - time (sec): 9.22 - samples/sec: 2087.76 - lr: 0.100000 - momentum: 0.000000
2025-12-22 21:36:35,985 epoch 59 - iter 14/29 - loss 0.14420810 - time (sec): 11.22 - samples/sec: 2008.65 - lr: 0.100000 - momentum: 0.000000
2025-12-22 21:36:37,593 epoch 59 - iter 16/29 - loss 0.14311757 - time (sec): 12.83 - samples/sec: 2015.12 - lr: 0.100000 - momentum: 0.000000
2025-12-22 21:36:38,870 epoch 59 - iter 18/29 - loss 0.14413991 - time (sec): 14.11 - samples/sec: 2063.54 - lr: 0.100000 - momentum: 0.000000
2025-12-22 21:36:40,223 epoch 59 - iter 20/29 - loss 0.14322931 - time (sec): 15.46 - samples/sec: 2118.29 - lr: 0.100000 - momentum: 0.000000
2025-12-22 21:36:41,794 epoch 59 - iter 22/29 - loss 0.14356171 - time (sec): 17.03 - samples/sec: 2100.02 - lr: 0.100000 - momentum: 0.000000
2025-12-22 21:36:43,652 epoch 59 - iter 24/29 - loss 0.14535137 - time (sec): 18.89 - samples/sec: 2068.19 - lr: 0.100000 - momentum: 0.000000
2025-12-22 21:36:46,169 epoch 59 - iter 26/29 - loss 0.14622919 - time (sec): 21.40 - samples/sec: 1990.31 - lr: 0.100000 - momentum: 0.000000
2025-12-22 21:36:47,539 epoch 59 - iter 28/29 - loss 0.14555650 - time (sec): 22.77 - samples/sec: 2003.57 - lr: 0.100000 - momentum: 0.000000
2025-12-22 21:36:48,276 ----------------------------------------------------------------------------------------------------
2025-12-22 21:36:48,276 EPOCH 59 done: loss 0.1471 - lr: 0.100000
2025-12-22 21:36:51,499 DEV : loss 0.13032540678977966 - f1-score (micro avg)  0.9584
2025-12-22 21:36:51,504  - 2 epochs without improvement
2025-12-22 21:36:51,505 ----------------------------------------------------------------------------------------------------
2025-12-22 21:36:53,318 epoch 60 - iter 2/29 - loss 0.14077690 - time (sec): 1.81 - samples/sec: 1794.71 - lr: 0.100000 - momentum: 0.000000
2025-12-22 21:36:54,555 epoch 60 - iter 4/29 - loss 0.14249752 - time (sec): 3.05 - samples/sec: 2041.92 - lr: 0.100000 - momentum: 0.000000
2025-12-22 21:36:56,072 epoch 60 - iter 6/29 - loss 0.13658248 - time (sec): 4.57 - samples/sec: 2093.17 - lr: 0.100000 - momentum: 0.000000
2025-12-22 21:36:57,393 epoch 60 - iter 8/29 - loss 0.13982298 - time (sec): 5.89 - samples/sec: 2177.91 - lr: 0.100000 - momentum: 0.000000
2025-12-22 21:36:58,847 epoch 60 - iter 10/29 - loss 0.13995511 - time (sec): 7.34 - samples/sec: 2150.07 - lr: 0.100000 - momentum: 0.000000
2025-12-22 21:37:00,746 epoch 60 - iter 12/29 - loss 0.14058692 - time (sec): 9.24 - samples/sec: 2053.86 - lr: 0.100000 - momentum: 0.000000
2025-12-22 21:37:02,353 epoch 60 - iter 14/29 - loss 0.14436331 - time (sec): 10.85 - samples/sec: 2063.76 - lr: 0.100000 - momentum: 0.000000
2025-12-22 21:37:03,748 epoch 60 - iter 16/29 - loss 0.14434708 - time (sec): 12.24 - samples/sec: 2071.20 - lr: 0.100000 - momentum: 0.000000
2025-12-22 21:37:04,871 epoch 60 - iter 18/29 - loss 0.14342167 - time (sec): 13.36 - samples/sec: 2145.19 - lr: 0.100000 - momentum: 0.000000
2025-12-22 21:37:06,731 epoch 60 - iter 20/29 - loss 0.14523177 - time (sec): 15.23 - samples/sec: 2115.35 - lr: 0.100000 - momentum: 0.000000
2025-12-22 21:37:08,644 epoch 60 - iter 22/29 - loss 0.14496282 - time (sec): 17.14 - samples/sec: 2090.67 - lr: 0.100000 - momentum: 0.000000
2025-12-22 21:37:10,813 epoch 60 - iter 24/29 - loss 0.14491458 - time (sec): 19.31 - samples/sec: 2035.43 - lr: 0.100000 - momentum: 0.000000
2025-12-22 21:37:12,343 epoch 60 - iter 26/29 - loss 0.14401299 - time (sec): 20.84 - samples/sec: 2044.50 - lr: 0.100000 - momentum: 0.000000
2025-12-22 21:37:13,890 epoch 60 - iter 28/29 - loss 0.14424336 - time (sec): 22.39 - samples/sec: 2049.64 - lr: 0.100000 - momentum: 0.000000
2025-12-22 21:37:14,469 ----------------------------------------------------------------------------------------------------
2025-12-22 21:37:14,469 EPOCH 60 done: loss 0.1457 - lr: 0.100000
2025-12-22 21:37:17,900 DEV : loss 0.12614646553993225 - f1-score (micro avg)  0.9607
2025-12-22 21:37:17,905  - 0 epochs without improvement
2025-12-22 21:37:17,905 saving best model
2025-12-22 21:37:17,922 ----------------------------------------------------------------------------------------------------
2025-12-22 21:37:19,073 epoch 61 - iter 2/29 - loss 0.14906425 - time (sec): 1.15 - samples/sec: 2796.57 - lr: 0.100000 - momentum: 0.000000
2025-12-22 21:37:20,496 epoch 61 - iter 4/29 - loss 0.13594686 - time (sec): 2.57 - samples/sec: 2498.20 - lr: 0.100000 - momentum: 0.000000
2025-12-22 21:37:21,804 epoch 61 - iter 6/29 - loss 0.13826904 - time (sec): 3.88 - samples/sec: 2505.94 - lr: 0.100000 - momentum: 0.000000
2025-12-22 21:37:23,206 epoch 61 - iter 8/29 - loss 0.13896235 - time (sec): 5.28 - samples/sec: 2512.23 - lr: 0.100000 - momentum: 0.000000
2025-12-22 21:37:24,931 epoch 61 - iter 10/29 - loss 0.14345200 - time (sec): 7.01 - samples/sec: 2384.07 - lr: 0.100000 - momentum: 0.000000
2025-12-22 21:37:26,248 epoch 61 - iter 12/29 - loss 0.14378544 - time (sec): 8.32 - samples/sec: 2364.34 - lr: 0.100000 - momentum: 0.000000
2025-12-22 21:37:27,698 epoch 61 - iter 14/29 - loss 0.14580791 - time (sec): 9.77 - samples/sec: 2355.60 - lr: 0.100000 - momentum: 0.000000
2025-12-22 21:37:29,355 epoch 61 - iter 16/29 - loss 0.14273001 - time (sec): 11.43 - samples/sec: 2348.66 - lr: 0.100000 - momentum: 0.000000
2025-12-22 21:37:30,975 epoch 61 - iter 18/29 - loss 0.14433367 - time (sec): 13.05 - samples/sec: 2303.98 - lr: 0.100000 - momentum: 0.000000
2025-12-22 21:37:32,085 epoch 61 - iter 20/29 - loss 0.14421538 - time (sec): 14.16 - samples/sec: 2318.10 - lr: 0.100000 - momentum: 0.000000
2025-12-22 21:37:33,547 epoch 61 - iter 22/29 - loss 0.14668118 - time (sec): 15.62 - samples/sec: 2316.85 - lr: 0.100000 - momentum: 0.000000
2025-12-22 21:37:34,870 epoch 61 - iter 24/29 - loss 0.14562185 - time (sec): 16.95 - samples/sec: 2335.04 - lr: 0.100000 - momentum: 0.000000
2025-12-22 21:37:36,029 epoch 61 - iter 26/29 - loss 0.14559264 - time (sec): 18.11 - samples/sec: 2364.73 - lr: 0.100000 - momentum: 0.000000
2025-12-22 21:37:37,570 epoch 61 - iter 28/29 - loss 0.14623244 - time (sec): 19.65 - samples/sec: 2335.40 - lr: 0.100000 - momentum: 0.000000
2025-12-22 21:37:38,131 ----------------------------------------------------------------------------------------------------
2025-12-22 21:37:38,131 EPOCH 61 done: loss 0.1459 - lr: 0.100000
2025-12-22 21:37:41,223 DEV : loss 0.1263607293367386 - f1-score (micro avg)  0.9608
2025-12-22 21:37:41,227  - 0 epochs without improvement
2025-12-22 21:37:41,228 saving best model
2025-12-22 21:37:41,242 ----------------------------------------------------------------------------------------------------
2025-12-22 21:37:42,530 epoch 62 - iter 2/29 - loss 0.13070305 - time (sec): 1.29 - samples/sec: 2300.74 - lr: 0.100000 - momentum: 0.000000
2025-12-22 21:37:44,167 epoch 62 - iter 4/29 - loss 0.13091711 - time (sec): 2.92 - samples/sec: 2197.37 - lr: 0.100000 - momentum: 0.000000
2025-12-22 21:37:45,525 epoch 62 - iter 6/29 - loss 0.13965988 - time (sec): 4.28 - samples/sec: 2232.67 - lr: 0.100000 - momentum: 0.000000
2025-12-22 21:37:46,977 epoch 62 - iter 8/29 - loss 0.14142673 - time (sec): 5.73 - samples/sec: 2205.46 - lr: 0.100000 - momentum: 0.000000
2025-12-22 21:37:48,461 epoch 62 - iter 10/29 - loss 0.13984868 - time (sec): 7.22 - samples/sec: 2228.92 - lr: 0.100000 - momentum: 0.000000
2025-12-22 21:37:49,819 epoch 62 - iter 12/29 - loss 0.13820500 - time (sec): 8.58 - samples/sec: 2273.56 - lr: 0.100000 - momentum: 0.000000
2025-12-22 21:37:51,513 epoch 62 - iter 14/29 - loss 0.13919708 - time (sec): 10.27 - samples/sec: 2240.71 - lr: 0.100000 - momentum: 0.000000
2025-12-22 21:37:52,936 epoch 62 - iter 16/29 - loss 0.13841179 - time (sec): 11.69 - samples/sec: 2249.00 - lr: 0.100000 - momentum: 0.000000
2025-12-22 21:37:54,387 epoch 62 - iter 18/29 - loss 0.14017384 - time (sec): 13.14 - samples/sec: 2246.44 - lr: 0.100000 - momentum: 0.000000
2025-12-22 21:37:55,767 epoch 62 - iter 20/29 - loss 0.14149695 - time (sec): 14.52 - samples/sec: 2252.04 - lr: 0.100000 - momentum: 0.000000
2025-12-22 21:37:57,184 epoch 62 - iter 22/29 - loss 0.14138997 - time (sec): 15.94 - samples/sec: 2259.71 - lr: 0.100000 - momentum: 0.000000
2025-12-22 21:37:58,522 epoch 62 - iter 24/29 - loss 0.14103507 - time (sec): 17.28 - samples/sec: 2287.00 - lr: 0.100000 - momentum: 0.000000
2025-12-22 21:38:00,029 epoch 62 - iter 26/29 - loss 0.14051881 - time (sec): 18.79 - samples/sec: 2286.25 - lr: 0.100000 - momentum: 0.000000
2025-12-22 21:38:01,277 epoch 62 - iter 28/29 - loss 0.14123299 - time (sec): 20.03 - samples/sec: 2287.32 - lr: 0.100000 - momentum: 0.000000
2025-12-22 21:38:01,936 ----------------------------------------------------------------------------------------------------
2025-12-22 21:38:01,937 EPOCH 62 done: loss 0.1418 - lr: 0.100000
2025-12-22 21:38:05,351 DEV : loss 0.12462839484214783 - f1-score (micro avg)  0.9607
2025-12-22 21:38:05,355  - 1 epochs without improvement
2025-12-22 21:38:05,355 ----------------------------------------------------------------------------------------------------
2025-12-22 21:38:07,120 epoch 63 - iter 2/29 - loss 0.13549631 - time (sec): 1.76 - samples/sec: 1992.71 - lr: 0.100000 - momentum: 0.000000
2025-12-22 21:38:08,439 epoch 63 - iter 4/29 - loss 0.14009968 - time (sec): 3.08 - samples/sec: 2163.18 - lr: 0.100000 - momentum: 0.000000
2025-12-22 21:38:10,140 epoch 63 - iter 6/29 - loss 0.13835979 - time (sec): 4.78 - samples/sec: 2177.71 - lr: 0.100000 - momentum: 0.000000
2025-12-22 21:38:11,420 epoch 63 - iter 8/29 - loss 0.13815663 - time (sec): 6.06 - samples/sec: 2194.72 - lr: 0.100000 - momentum: 0.000000
2025-12-22 21:38:12,968 epoch 63 - iter 10/29 - loss 0.13568294 - time (sec): 7.61 - samples/sec: 2180.50 - lr: 0.100000 - momentum: 0.000000
2025-12-22 21:38:13,979 epoch 63 - iter 12/29 - loss 0.13509990 - time (sec): 8.62 - samples/sec: 2238.72 - lr: 0.100000 - momentum: 0.000000
2025-12-22 21:38:15,311 epoch 63 - iter 14/29 - loss 0.13939721 - time (sec): 9.95 - samples/sec: 2256.96 - lr: 0.100000 - momentum: 0.000000
2025-12-22 21:38:16,409 epoch 63 - iter 16/29 - loss 0.14050335 - time (sec): 11.05 - samples/sec: 2311.08 - lr: 0.100000 - momentum: 0.000000
2025-12-22 21:38:18,213 epoch 63 - iter 18/29 - loss 0.14111088 - time (sec): 12.86 - samples/sec: 2245.32 - lr: 0.100000 - momentum: 0.000000
2025-12-22 21:38:19,520 epoch 63 - iter 20/29 - loss 0.13991378 - time (sec): 14.16 - samples/sec: 2268.32 - lr: 0.100000 - momentum: 0.000000
2025-12-22 21:38:20,822 epoch 63 - iter 22/29 - loss 0.13793130 - time (sec): 15.47 - samples/sec: 2287.14 - lr: 0.100000 - momentum: 0.000000
2025-12-22 21:38:22,154 epoch 63 - iter 24/29 - loss 0.13946132 - time (sec): 16.80 - samples/sec: 2320.18 - lr: 0.100000 - momentum: 0.000000
2025-12-22 21:38:23,698 epoch 63 - iter 26/29 - loss 0.14023461 - time (sec): 18.34 - samples/sec: 2311.92 - lr: 0.100000 - momentum: 0.000000
2025-12-22 21:38:25,225 epoch 63 - iter 28/29 - loss 0.13948911 - time (sec): 19.87 - samples/sec: 2293.32 - lr: 0.100000 - momentum: 0.000000
2025-12-22 21:38:25,857 ----------------------------------------------------------------------------------------------------
2025-12-22 21:38:25,857 EPOCH 63 done: loss 0.1389 - lr: 0.100000
2025-12-22 21:38:28,783 DEV : loss 0.1307813823223114 - f1-score (micro avg)  0.9595
2025-12-22 21:38:28,787  - 2 epochs without improvement
2025-12-22 21:38:28,788 ----------------------------------------------------------------------------------------------------
2025-12-22 21:38:30,325 epoch 64 - iter 2/29 - loss 0.13556888 - time (sec): 1.54 - samples/sec: 2449.30 - lr: 0.100000 - momentum: 0.000000
2025-12-22 21:38:31,643 epoch 64 - iter 4/29 - loss 0.13440223 - time (sec): 2.85 - samples/sec: 2396.66 - lr: 0.100000 - momentum: 0.000000
2025-12-22 21:38:32,943 epoch 64 - iter 6/29 - loss 0.13446492 - time (sec): 4.15 - samples/sec: 2381.11 - lr: 0.100000 - momentum: 0.000000
2025-12-22 21:38:34,256 epoch 64 - iter 8/29 - loss 0.13701967 - time (sec): 5.47 - samples/sec: 2504.80 - lr: 0.100000 - momentum: 0.000000
2025-12-22 21:38:35,705 epoch 64 - iter 10/29 - loss 0.13742209 - time (sec): 6.92 - samples/sec: 2469.55 - lr: 0.100000 - momentum: 0.000000
2025-12-22 21:38:36,908 epoch 64 - iter 12/29 - loss 0.13958562 - time (sec): 8.12 - samples/sec: 2468.04 - lr: 0.100000 - momentum: 0.000000
2025-12-22 21:38:38,309 epoch 64 - iter 14/29 - loss 0.13885482 - time (sec): 9.52 - samples/sec: 2445.61 - lr: 0.100000 - momentum: 0.000000
2025-12-22 21:38:39,646 epoch 64 - iter 16/29 - loss 0.13853237 - time (sec): 10.86 - samples/sec: 2435.88 - lr: 0.100000 - momentum: 0.000000
2025-12-22 21:38:41,045 epoch 64 - iter 18/29 - loss 0.13962061 - time (sec): 12.26 - samples/sec: 2399.41 - lr: 0.100000 - momentum: 0.000000
2025-12-22 21:38:42,570 epoch 64 - iter 20/29 - loss 0.13846420 - time (sec): 13.78 - samples/sec: 2373.38 - lr: 0.100000 - momentum: 0.000000
2025-12-22 21:38:43,946 epoch 64 - iter 22/29 - loss 0.13711167 - time (sec): 15.16 - samples/sec: 2392.57 - lr: 0.100000 - momentum: 0.000000
2025-12-22 21:38:45,041 epoch 64 - iter 24/29 - loss 0.13807946 - time (sec): 16.25 - samples/sec: 2419.95 - lr: 0.100000 - momentum: 0.000000
2025-12-22 21:38:46,913 epoch 64 - iter 26/29 - loss 0.13827041 - time (sec): 18.13 - samples/sec: 2345.93 - lr: 0.100000 - momentum: 0.000000
2025-12-22 21:38:48,415 epoch 64 - iter 28/29 - loss 0.13792784 - time (sec): 19.63 - samples/sec: 2338.86 - lr: 0.100000 - momentum: 0.000000
2025-12-22 21:38:48,900 ----------------------------------------------------------------------------------------------------
2025-12-22 21:38:48,900 EPOCH 64 done: loss 0.1384 - lr: 0.100000
2025-12-22 21:38:52,101 DEV : loss 0.13491372764110565 - f1-score (micro avg)  0.9577
2025-12-22 21:38:52,106  - 3 epochs without improvement
2025-12-22 21:38:52,107 ----------------------------------------------------------------------------------------------------
2025-12-22 21:38:53,784 epoch 65 - iter 2/29 - loss 0.14717315 - time (sec): 1.68 - samples/sec: 2191.70 - lr: 0.100000 - momentum: 0.000000
2025-12-22 21:38:54,899 epoch 65 - iter 4/29 - loss 0.14042983 - time (sec): 2.79 - samples/sec: 2394.37 - lr: 0.100000 - momentum: 0.000000
2025-12-22 21:38:56,501 epoch 65 - iter 6/29 - loss 0.13344186 - time (sec): 4.39 - samples/sec: 2303.09 - lr: 0.100000 - momentum: 0.000000
2025-12-22 21:38:57,866 epoch 65 - iter 8/29 - loss 0.13560151 - time (sec): 5.76 - samples/sec: 2280.79 - lr: 0.100000 - momentum: 0.000000
2025-12-22 21:38:59,141 epoch 65 - iter 10/29 - loss 0.13579160 - time (sec): 7.03 - samples/sec: 2250.80 - lr: 0.100000 - momentum: 0.000000
2025-12-22 21:39:00,796 epoch 65 - iter 12/29 - loss 0.13827986 - time (sec): 8.69 - samples/sec: 2193.36 - lr: 0.100000 - momentum: 0.000000
2025-12-22 21:39:02,415 epoch 65 - iter 14/29 - loss 0.13994834 - time (sec): 10.31 - samples/sec: 2174.41 - lr: 0.100000 - momentum: 0.000000
2025-12-22 21:39:03,661 epoch 65 - iter 16/29 - loss 0.13804894 - time (sec): 11.55 - samples/sec: 2193.45 - lr: 0.100000 - momentum: 0.000000
2025-12-22 21:39:05,111 epoch 65 - iter 18/29 - loss 0.13851706 - time (sec): 13.00 - samples/sec: 2229.55 - lr: 0.100000 - momentum: 0.000000
2025-12-22 21:39:06,392 epoch 65 - iter 20/29 - loss 0.13718529 - time (sec): 14.28 - samples/sec: 2257.77 - lr: 0.100000 - momentum: 0.000000
2025-12-22 21:39:07,979 epoch 65 - iter 22/29 - loss 0.13862970 - time (sec): 15.87 - samples/sec: 2255.36 - lr: 0.100000 - momentum: 0.000000
2025-12-22 21:39:08,927 epoch 65 - iter 24/29 - loss 0.13789114 - time (sec): 16.82 - samples/sec: 2293.92 - lr: 0.100000 - momentum: 0.000000
2025-12-22 21:39:10,457 epoch 65 - iter 26/29 - loss 0.13764967 - time (sec): 18.35 - samples/sec: 2290.09 - lr: 0.100000 - momentum: 0.000000
2025-12-22 21:39:12,240 epoch 65 - iter 28/29 - loss 0.13769668 - time (sec): 20.13 - samples/sec: 2275.63 - lr: 0.100000 - momentum: 0.000000
2025-12-22 21:39:12,953 ----------------------------------------------------------------------------------------------------
2025-12-22 21:39:12,953 EPOCH 65 done: loss 0.1380 - lr: 0.100000
2025-12-22 21:39:16,342 DEV : loss 0.12489905208349228 - f1-score (micro avg)  0.9615
2025-12-22 21:39:16,346  - 0 epochs without improvement
2025-12-22 21:39:16,347 saving best model
2025-12-22 21:39:16,365 ----------------------------------------------------------------------------------------------------
2025-12-22 21:39:17,601 epoch 66 - iter 2/29 - loss 0.16396949 - time (sec): 1.23 - samples/sec: 2704.33 - lr: 0.100000 - momentum: 0.000000
2025-12-22 21:39:18,965 epoch 66 - iter 4/29 - loss 0.15018659 - time (sec): 2.60 - samples/sec: 2445.37 - lr: 0.100000 - momentum: 0.000000
2025-12-22 21:39:20,696 epoch 66 - iter 6/29 - loss 0.14915931 - time (sec): 4.33 - samples/sec: 2252.15 - lr: 0.100000 - momentum: 0.000000
2025-12-22 21:39:22,241 epoch 66 - iter 8/29 - loss 0.14445750 - time (sec): 5.88 - samples/sec: 2213.12 - lr: 0.100000 - momentum: 0.000000
2025-12-22 21:39:24,116 epoch 66 - iter 10/29 - loss 0.14034585 - time (sec): 7.75 - samples/sec: 2126.40 - lr: 0.100000 - momentum: 0.000000
2025-12-22 21:39:25,578 epoch 66 - iter 12/29 - loss 0.13900954 - time (sec): 9.21 - samples/sec: 2201.89 - lr: 0.100000 - momentum: 0.000000
2025-12-22 21:39:26,859 epoch 66 - iter 14/29 - loss 0.13784755 - time (sec): 10.49 - samples/sec: 2215.94 - lr: 0.100000 - momentum: 0.000000
2025-12-22 21:39:28,345 epoch 66 - iter 16/29 - loss 0.13652513 - time (sec): 11.98 - samples/sec: 2202.00 - lr: 0.100000 - momentum: 0.000000
2025-12-22 21:39:30,091 epoch 66 - iter 18/29 - loss 0.13470813 - time (sec): 13.73 - samples/sec: 2188.08 - lr: 0.100000 - momentum: 0.000000
2025-12-22 21:39:31,390 epoch 66 - iter 20/29 - loss 0.13572047 - time (sec): 15.02 - samples/sec: 2214.63 - lr: 0.100000 - momentum: 0.000000
2025-12-22 21:39:32,686 epoch 66 - iter 22/29 - loss 0.13447420 - time (sec): 16.32 - samples/sec: 2228.98 - lr: 0.100000 - momentum: 0.000000
2025-12-22 21:39:34,080 epoch 66 - iter 24/29 - loss 0.13492315 - time (sec): 17.71 - samples/sec: 2238.48 - lr: 0.100000 - momentum: 0.000000
2025-12-22 21:39:35,385 epoch 66 - iter 26/29 - loss 0.13472936 - time (sec): 19.02 - samples/sec: 2251.18 - lr: 0.100000 - momentum: 0.000000
2025-12-22 21:39:36,451 epoch 66 - iter 28/29 - loss 0.13532291 - time (sec): 20.09 - samples/sec: 2288.08 - lr: 0.100000 - momentum: 0.000000
2025-12-22 21:39:36,962 ----------------------------------------------------------------------------------------------------
2025-12-22 21:39:36,963 EPOCH 66 done: loss 0.1356 - lr: 0.100000
2025-12-22 21:39:39,975 DEV : loss 0.12359809875488281 - f1-score (micro avg)  0.9614
2025-12-22 21:39:39,979  - 1 epochs without improvement
2025-12-22 21:39:39,981 ----------------------------------------------------------------------------------------------------
2025-12-22 21:39:41,367 epoch 67 - iter 2/29 - loss 0.15057184 - time (sec): 1.39 - samples/sec: 2207.86 - lr: 0.100000 - momentum: 0.000000
2025-12-22 21:39:42,802 epoch 67 - iter 4/29 - loss 0.14725469 - time (sec): 2.82 - samples/sec: 2279.45 - lr: 0.100000 - momentum: 0.000000
2025-12-22 21:39:44,069 epoch 67 - iter 6/29 - loss 0.14256667 - time (sec): 4.09 - samples/sec: 2293.72 - lr: 0.100000 - momentum: 0.000000
2025-12-22 21:39:45,818 epoch 67 - iter 8/29 - loss 0.13581990 - time (sec): 5.84 - samples/sec: 2206.64 - lr: 0.100000 - momentum: 0.000000
2025-12-22 21:39:47,470 epoch 67 - iter 10/29 - loss 0.13346296 - time (sec): 7.49 - samples/sec: 2228.19 - lr: 0.100000 - momentum: 0.000000
2025-12-22 21:39:48,692 epoch 67 - iter 12/29 - loss 0.13236351 - time (sec): 8.71 - samples/sec: 2265.74 - lr: 0.100000 - momentum: 0.000000
2025-12-22 21:39:49,872 epoch 67 - iter 14/29 - loss 0.13046442 - time (sec): 9.89 - samples/sec: 2323.33 - lr: 0.100000 - momentum: 0.000000
2025-12-22 21:39:50,950 epoch 67 - iter 16/29 - loss 0.13186639 - time (sec): 10.97 - samples/sec: 2356.03 - lr: 0.100000 - momentum: 0.000000
2025-12-22 21:39:52,307 epoch 67 - iter 18/29 - loss 0.13049608 - time (sec): 12.33 - samples/sec: 2377.44 - lr: 0.100000 - momentum: 0.000000
2025-12-22 21:39:53,971 epoch 67 - iter 20/29 - loss 0.13032795 - time (sec): 13.99 - samples/sec: 2340.48 - lr: 0.100000 - momentum: 0.000000
2025-12-22 21:39:55,572 epoch 67 - iter 22/29 - loss 0.13037336 - time (sec): 15.59 - samples/sec: 2318.51 - lr: 0.100000 - momentum: 0.000000
2025-12-22 21:39:56,809 epoch 67 - iter 24/29 - loss 0.13009380 - time (sec): 16.83 - samples/sec: 2345.54 - lr: 0.100000 - momentum: 0.000000
2025-12-22 21:39:58,260 epoch 67 - iter 26/29 - loss 0.13105278 - time (sec): 18.28 - samples/sec: 2335.83 - lr: 0.100000 - momentum: 0.000000
2025-12-22 21:39:59,681 epoch 67 - iter 28/29 - loss 0.13052595 - time (sec): 19.70 - samples/sec: 2325.50 - lr: 0.100000 - momentum: 0.000000
2025-12-22 21:40:00,346 ----------------------------------------------------------------------------------------------------
2025-12-22 21:40:00,346 EPOCH 67 done: loss 0.1316 - lr: 0.100000
2025-12-22 21:40:03,692 DEV : loss 0.122434101998806 - f1-score (micro avg)  0.9622
2025-12-22 21:40:03,697  - 0 epochs without improvement
2025-12-22 21:40:03,697 saving best model
2025-12-22 21:40:03,712 ----------------------------------------------------------------------------------------------------
2025-12-22 21:40:04,982 epoch 68 - iter 2/29 - loss 0.13118158 - time (sec): 1.27 - samples/sec: 2477.09 - lr: 0.100000 - momentum: 0.000000
2025-12-22 21:40:06,529 epoch 68 - iter 4/29 - loss 0.13875107 - time (sec): 2.82 - samples/sec: 2206.13 - lr: 0.100000 - momentum: 0.000000
2025-12-22 21:40:08,043 epoch 68 - iter 6/29 - loss 0.13195360 - time (sec): 4.33 - samples/sec: 2244.19 - lr: 0.100000 - momentum: 0.000000
2025-12-22 21:40:09,383 epoch 68 - iter 8/29 - loss 0.13196890 - time (sec): 5.67 - samples/sec: 2345.64 - lr: 0.100000 - momentum: 0.000000
2025-12-22 21:40:10,931 epoch 68 - iter 10/29 - loss 0.13010879 - time (sec): 7.22 - samples/sec: 2276.85 - lr: 0.100000 - momentum: 0.000000
2025-12-22 21:40:12,504 epoch 68 - iter 12/29 - loss 0.13148164 - time (sec): 8.79 - samples/sec: 2264.92 - lr: 0.100000 - momentum: 0.000000
2025-12-22 21:40:14,195 epoch 68 - iter 14/29 - loss 0.13364306 - time (sec): 10.48 - samples/sec: 2212.77 - lr: 0.100000 - momentum: 0.000000
2025-12-22 21:40:15,493 epoch 68 - iter 16/29 - loss 0.13288900 - time (sec): 11.78 - samples/sec: 2238.72 - lr: 0.100000 - momentum: 0.000000
2025-12-22 21:40:16,801 epoch 68 - iter 18/29 - loss 0.13085911 - time (sec): 13.09 - samples/sec: 2263.05 - lr: 0.100000 - momentum: 0.000000
2025-12-22 21:40:18,250 epoch 68 - iter 20/29 - loss 0.13145552 - time (sec): 14.54 - samples/sec: 2246.71 - lr: 0.100000 - momentum: 0.000000
2025-12-22 21:40:19,786 epoch 68 - iter 22/29 - loss 0.13121848 - time (sec): 16.07 - samples/sec: 2241.80 - lr: 0.100000 - momentum: 0.000000
2025-12-22 21:40:21,203 epoch 68 - iter 24/29 - loss 0.13049842 - time (sec): 17.49 - samples/sec: 2246.04 - lr: 0.100000 - momentum: 0.000000
2025-12-22 21:40:22,640 epoch 68 - iter 26/29 - loss 0.13052050 - time (sec): 18.93 - samples/sec: 2235.39 - lr: 0.100000 - momentum: 0.000000
2025-12-22 21:40:24,414 epoch 68 - iter 28/29 - loss 0.13140924 - time (sec): 20.70 - samples/sec: 2213.21 - lr: 0.100000 - momentum: 0.000000
2025-12-22 21:40:25,064 ----------------------------------------------------------------------------------------------------
2025-12-22 21:40:25,064 EPOCH 68 done: loss 0.1315 - lr: 0.100000
2025-12-22 21:40:28,386 DEV : loss 0.12427961826324463 - f1-score (micro avg)  0.962
2025-12-22 21:40:28,392  - 1 epochs without improvement
2025-12-22 21:40:28,392 ----------------------------------------------------------------------------------------------------
2025-12-22 21:40:30,200 epoch 69 - iter 2/29 - loss 0.14823526 - time (sec): 1.81 - samples/sec: 1886.01 - lr: 0.100000 - momentum: 0.000000
2025-12-22 21:40:31,736 epoch 69 - iter 4/29 - loss 0.13426313 - time (sec): 3.34 - samples/sec: 2065.64 - lr: 0.100000 - momentum: 0.000000
2025-12-22 21:40:33,052 epoch 69 - iter 6/29 - loss 0.13403909 - time (sec): 4.66 - samples/sec: 2235.60 - lr: 0.100000 - momentum: 0.000000
2025-12-22 21:40:34,741 epoch 69 - iter 8/29 - loss 0.13118637 - time (sec): 6.35 - samples/sec: 2162.24 - lr: 0.100000 - momentum: 0.000000
2025-12-22 21:40:36,055 epoch 69 - iter 10/29 - loss 0.13024191 - time (sec): 7.66 - samples/sec: 2188.88 - lr: 0.100000 - momentum: 0.000000
2025-12-22 21:40:37,589 epoch 69 - iter 12/29 - loss 0.13107094 - time (sec): 9.20 - samples/sec: 2148.31 - lr: 0.100000 - momentum: 0.000000
2025-12-22 21:40:39,079 epoch 69 - iter 14/29 - loss 0.13176731 - time (sec): 10.69 - samples/sec: 2162.48 - lr: 0.100000 - momentum: 0.000000
2025-12-22 21:40:40,300 epoch 69 - iter 16/29 - loss 0.13003310 - time (sec): 11.91 - samples/sec: 2198.05 - lr: 0.100000 - momentum: 0.000000
2025-12-22 21:40:41,960 epoch 69 - iter 18/29 - loss 0.13054591 - time (sec): 13.57 - samples/sec: 2195.18 - lr: 0.100000 - momentum: 0.000000
2025-12-22 21:40:43,267 epoch 69 - iter 20/29 - loss 0.13222554 - time (sec): 14.87 - samples/sec: 2209.53 - lr: 0.100000 - momentum: 0.000000
2025-12-22 21:40:44,704 epoch 69 - iter 22/29 - loss 0.13191428 - time (sec): 16.31 - samples/sec: 2218.57 - lr: 0.100000 - momentum: 0.000000
2025-12-22 21:40:46,460 epoch 69 - iter 24/29 - loss 0.13126898 - time (sec): 18.07 - samples/sec: 2187.05 - lr: 0.100000 - momentum: 0.000000
2025-12-22 21:40:47,736 epoch 69 - iter 26/29 - loss 0.13268009 - time (sec): 19.34 - samples/sec: 2222.15 - lr: 0.100000 - momentum: 0.000000
2025-12-22 21:40:49,232 epoch 69 - iter 28/29 - loss 0.13237060 - time (sec): 20.84 - samples/sec: 2205.32 - lr: 0.100000 - momentum: 0.000000
2025-12-22 21:40:49,745 ----------------------------------------------------------------------------------------------------
2025-12-22 21:40:49,745 EPOCH 69 done: loss 0.1325 - lr: 0.100000
2025-12-22 21:40:53,049 DEV : loss 0.1241866871714592 - f1-score (micro avg)  0.9611
2025-12-22 21:40:53,054  - 2 epochs without improvement
2025-12-22 21:40:53,054 ----------------------------------------------------------------------------------------------------
2025-12-22 21:40:54,917 epoch 70 - iter 2/29 - loss 0.13007145 - time (sec): 1.86 - samples/sec: 1885.38 - lr: 0.100000 - momentum: 0.000000
2025-12-22 21:40:56,011 epoch 70 - iter 4/29 - loss 0.12571060 - time (sec): 2.96 - samples/sec: 2233.56 - lr: 0.100000 - momentum: 0.000000
2025-12-22 21:40:57,198 epoch 70 - iter 6/29 - loss 0.12558312 - time (sec): 4.14 - samples/sec: 2406.13 - lr: 0.100000 - momentum: 0.000000
2025-12-22 21:40:58,379 epoch 70 - iter 8/29 - loss 0.12387031 - time (sec): 5.32 - samples/sec: 2504.73 - lr: 0.100000 - momentum: 0.000000
2025-12-22 21:40:59,891 epoch 70 - iter 10/29 - loss 0.12444894 - time (sec): 6.84 - samples/sec: 2404.12 - lr: 0.100000 - momentum: 0.000000
2025-12-22 21:41:01,264 epoch 70 - iter 12/29 - loss 0.12556012 - time (sec): 8.21 - samples/sec: 2364.68 - lr: 0.100000 - momentum: 0.000000
2025-12-22 21:41:02,805 epoch 70 - iter 14/29 - loss 0.12575956 - time (sec): 9.75 - samples/sec: 2325.28 - lr: 0.100000 - momentum: 0.000000
2025-12-22 21:41:04,411 epoch 70 - iter 16/29 - loss 0.12512803 - time (sec): 11.36 - samples/sec: 2303.86 - lr: 0.100000 - momentum: 0.000000
2025-12-22 21:41:05,882 epoch 70 - iter 18/29 - loss 0.12574744 - time (sec): 12.83 - samples/sec: 2289.28 - lr: 0.100000 - momentum: 0.000000
2025-12-22 21:41:07,260 epoch 70 - iter 20/29 - loss 0.12754733 - time (sec): 14.21 - samples/sec: 2300.47 - lr: 0.100000 - momentum: 0.000000
2025-12-22 21:41:08,545 epoch 70 - iter 22/29 - loss 0.12806471 - time (sec): 15.49 - samples/sec: 2302.81 - lr: 0.100000 - momentum: 0.000000
2025-12-22 21:41:09,993 epoch 70 - iter 24/29 - loss 0.12998578 - time (sec): 16.94 - samples/sec: 2306.96 - lr: 0.100000 - momentum: 0.000000
2025-12-22 21:41:11,501 epoch 70 - iter 26/29 - loss 0.12957288 - time (sec): 18.45 - samples/sec: 2302.78 - lr: 0.100000 - momentum: 0.000000
2025-12-22 21:41:13,123 epoch 70 - iter 28/29 - loss 0.12983827 - time (sec): 20.07 - samples/sec: 2301.97 - lr: 0.100000 - momentum: 0.000000
2025-12-22 21:41:14,353 ----------------------------------------------------------------------------------------------------
2025-12-22 21:41:14,353 EPOCH 70 done: loss 0.1296 - lr: 0.100000
2025-12-22 21:41:17,355 DEV : loss 0.12397948652505875 - f1-score (micro avg)  0.9615
2025-12-22 21:41:17,360  - 3 epochs without improvement
2025-12-22 21:41:17,360 ----------------------------------------------------------------------------------------------------
2025-12-22 21:41:18,547 epoch 71 - iter 2/29 - loss 0.11877856 - time (sec): 1.19 - samples/sec: 2733.46 - lr: 0.100000 - momentum: 0.000000
2025-12-22 21:41:19,809 epoch 71 - iter 4/29 - loss 0.12328211 - time (sec): 2.45 - samples/sec: 2608.01 - lr: 0.100000 - momentum: 0.000000
2025-12-22 22:23:25,052 epoch 71 - iter 6/29 - loss 0.12031734 - time (sec): 2527.69 - samples/sec: 3.93 - lr: 0.100000 - momentum: 0.000000
2025-12-22 22:23:26,777 epoch 71 - iter 8/29 - loss 0.12410247 - time (sec): 2529.42 - samples/sec: 5.13 - lr: 0.100000 - momentum: 0.000000
2025-12-22 22:23:28,676 epoch 71 - iter 10/29 - loss 0.12661759 - time (sec): 2531.31 - samples/sec: 6.47 - lr: 0.100000 - momentum: 0.000000
2025-12-22 22:23:30,188 epoch 71 - iter 12/29 - loss 0.12977112 - time (sec): 2532.83 - samples/sec: 7.66 - lr: 0.100000 - momentum: 0.000000
2025-12-22 22:23:32,260 epoch 71 - iter 14/29 - loss 0.12855872 - time (sec): 2534.90 - samples/sec: 9.09 - lr: 0.100000 - momentum: 0.000000
2025-12-22 22:23:33,784 epoch 71 - iter 16/29 - loss 0.12636842 - time (sec): 2536.42 - samples/sec: 10.33 - lr: 0.100000 - momentum: 0.000000
2025-12-22 22:23:35,083 epoch 71 - iter 18/29 - loss 0.12763350 - time (sec): 2537.72 - samples/sec: 11.54 - lr: 0.100000 - momentum: 0.000000
2025-12-22 22:23:36,579 epoch 71 - iter 20/29 - loss 0.12828642 - time (sec): 2539.22 - samples/sec: 12.86 - lr: 0.100000 - momentum: 0.000000
2025-12-22 22:23:38,042 epoch 71 - iter 22/29 - loss 0.12751171 - time (sec): 2540.68 - samples/sec: 14.12 - lr: 0.100000 - momentum: 0.000000
2025-12-22 22:23:39,690 epoch 71 - iter 24/29 - loss 0.12869891 - time (sec): 2542.33 - samples/sec: 15.31 - lr: 0.100000 - momentum: 0.000000
2025-12-22 22:23:41,914 epoch 71 - iter 26/29 - loss 0.12896817 - time (sec): 2544.55 - samples/sec: 16.70 - lr: 0.100000 - momentum: 0.000000
2025-12-22 22:23:43,437 epoch 71 - iter 28/29 - loss 0.12856836 - time (sec): 2546.08 - samples/sec: 18.00 - lr: 0.100000 - momentum: 0.000000
2025-12-22 22:23:43,968 ----------------------------------------------------------------------------------------------------
2025-12-22 22:23:43,968 EPOCH 71 done: loss 0.1294 - lr: 0.100000
2025-12-22 22:23:47,663 DEV : loss 0.12173111736774445 - f1-score (micro avg)  0.9624
2025-12-22 22:23:47,669  - 0 epochs without improvement
2025-12-22 22:23:47,669 saving best model
2025-12-22 22:23:47,687 ----------------------------------------------------------------------------------------------------
2025-12-22 22:23:49,318 epoch 72 - iter 2/29 - loss 0.12828264 - time (sec): 1.63 - samples/sec: 1893.10 - lr: 0.100000 - momentum: 0.000000
2025-12-22 22:23:50,878 epoch 72 - iter 4/29 - loss 0.12161357 - time (sec): 3.19 - samples/sec: 1931.75 - lr: 0.100000 - momentum: 0.000000
2025-12-22 22:23:52,459 epoch 72 - iter 6/29 - loss 0.11872489 - time (sec): 4.77 - samples/sec: 2034.18 - lr: 0.100000 - momentum: 0.000000
2025-12-22 22:23:54,055 epoch 72 - iter 8/29 - loss 0.11745968 - time (sec): 6.37 - samples/sec: 2025.44 - lr: 0.100000 - momentum: 0.000000
2025-12-22 22:23:55,779 epoch 72 - iter 10/29 - loss 0.11970768 - time (sec): 8.09 - samples/sec: 2002.43 - lr: 0.100000 - momentum: 0.000000
2025-12-22 22:23:57,262 epoch 72 - iter 12/29 - loss 0.11948847 - time (sec): 9.57 - samples/sec: 2039.71 - lr: 0.100000 - momentum: 0.000000
2025-12-22 22:23:59,149 epoch 72 - iter 14/29 - loss 0.12221283 - time (sec): 11.46 - samples/sec: 1997.47 - lr: 0.100000 - momentum: 0.000000
2025-12-22 22:24:01,012 epoch 72 - iter 16/29 - loss 0.12066499 - time (sec): 13.32 - samples/sec: 1951.83 - lr: 0.100000 - momentum: 0.000000
2025-12-22 22:24:02,604 epoch 72 - iter 18/29 - loss 0.12050369 - time (sec): 14.92 - samples/sec: 1959.73 - lr: 0.100000 - momentum: 0.000000
2025-12-22 22:24:04,216 epoch 72 - iter 20/29 - loss 0.12211660 - time (sec): 16.53 - samples/sec: 1953.21 - lr: 0.100000 - momentum: 0.000000
2025-12-22 22:24:06,091 epoch 72 - iter 22/29 - loss 0.12309199 - time (sec): 18.40 - samples/sec: 1938.38 - lr: 0.100000 - momentum: 0.000000
2025-12-22 22:24:07,906 epoch 72 - iter 24/29 - loss 0.12452612 - time (sec): 20.22 - samples/sec: 1928.28 - lr: 0.100000 - momentum: 0.000000
2025-12-22 22:24:09,620 epoch 72 - iter 26/29 - loss 0.12500322 - time (sec): 21.93 - samples/sec: 1936.93 - lr: 0.100000 - momentum: 0.000000
2025-12-22 22:24:11,161 epoch 72 - iter 28/29 - loss 0.12453906 - time (sec): 23.47 - samples/sec: 1950.53 - lr: 0.100000 - momentum: 0.000000
2025-12-22 22:24:11,794 ----------------------------------------------------------------------------------------------------
2025-12-22 22:24:11,794 EPOCH 72 done: loss 0.1245 - lr: 0.100000
2025-12-22 22:24:15,428 DEV : loss 0.12481454014778137 - f1-score (micro avg)  0.9616
2025-12-22 22:24:15,432  - 1 epochs without improvement
2025-12-22 22:24:15,433 ----------------------------------------------------------------------------------------------------
2025-12-22 22:24:17,077 epoch 73 - iter 2/29 - loss 0.10983310 - time (sec): 1.64 - samples/sec: 2205.16 - lr: 0.100000 - momentum: 0.000000
2025-12-22 22:24:18,406 epoch 73 - iter 4/29 - loss 0.11057577 - time (sec): 2.97 - samples/sec: 2270.07 - lr: 0.100000 - momentum: 0.000000
2025-12-22 22:24:19,575 epoch 73 - iter 6/29 - loss 0.11044056 - time (sec): 4.14 - samples/sec: 2360.92 - lr: 0.100000 - momentum: 0.000000
2025-12-22 22:24:21,230 epoch 73 - iter 8/29 - loss 0.11851946 - time (sec): 5.80 - samples/sec: 2169.43 - lr: 0.100000 - momentum: 0.000000
2025-12-22 22:24:23,100 epoch 73 - iter 10/29 - loss 0.11714996 - time (sec): 7.67 - samples/sec: 2103.49 - lr: 0.100000 - momentum: 0.000000
2025-12-22 22:24:24,715 epoch 73 - iter 12/29 - loss 0.11688735 - time (sec): 9.28 - samples/sec: 2129.85 - lr: 0.100000 - momentum: 0.000000
2025-12-22 22:24:26,011 epoch 73 - iter 14/29 - loss 0.11968412 - time (sec): 10.58 - samples/sec: 2179.92 - lr: 0.100000 - momentum: 0.000000
2025-12-22 22:24:27,977 epoch 73 - iter 16/29 - loss 0.12031909 - time (sec): 12.54 - samples/sec: 2126.69 - lr: 0.100000 - momentum: 0.000000
2025-12-22 22:24:29,355 epoch 73 - iter 18/29 - loss 0.12065426 - time (sec): 13.92 - samples/sec: 2152.88 - lr: 0.100000 - momentum: 0.000000
2025-12-22 22:24:31,055 epoch 73 - iter 20/29 - loss 0.12043619 - time (sec): 15.62 - samples/sec: 2135.72 - lr: 0.100000 - momentum: 0.000000
2025-12-22 22:24:32,291 epoch 73 - iter 22/29 - loss 0.11951391 - time (sec): 16.86 - samples/sec: 2148.44 - lr: 0.100000 - momentum: 0.000000
2025-12-22 22:24:34,301 epoch 73 - iter 24/29 - loss 0.12148537 - time (sec): 18.87 - samples/sec: 2106.54 - lr: 0.100000 - momentum: 0.000000
2025-12-22 22:24:35,516 epoch 73 - iter 26/29 - loss 0.12280260 - time (sec): 20.08 - samples/sec: 2114.88 - lr: 0.100000 - momentum: 0.000000
2025-12-22 22:24:36,805 epoch 73 - iter 28/29 - loss 0.12267456 - time (sec): 21.37 - samples/sec: 2140.45 - lr: 0.100000 - momentum: 0.000000
2025-12-22 22:24:37,291 ----------------------------------------------------------------------------------------------------
2025-12-22 22:24:37,291 EPOCH 73 done: loss 0.1236 - lr: 0.100000
2025-12-22 22:24:40,762 DEV : loss 0.1261017620563507 - f1-score (micro avg)  0.961
2025-12-22 22:24:40,768  - 2 epochs without improvement
2025-12-22 22:24:40,769 ----------------------------------------------------------------------------------------------------
2025-12-22 22:24:42,970 epoch 74 - iter 2/29 - loss 0.09508574 - time (sec): 2.20 - samples/sec: 1529.92 - lr: 0.100000 - momentum: 0.000000
2025-12-22 22:24:44,560 epoch 74 - iter 4/29 - loss 0.11231458 - time (sec): 3.79 - samples/sec: 1719.16 - lr: 0.100000 - momentum: 0.000000
2025-12-22 22:24:46,181 epoch 74 - iter 6/29 - loss 0.11404996 - time (sec): 5.41 - samples/sec: 1812.73 - lr: 0.100000 - momentum: 0.000000
2025-12-22 22:24:47,871 epoch 74 - iter 8/29 - loss 0.11800048 - time (sec): 7.10 - samples/sec: 1829.10 - lr: 0.100000 - momentum: 0.000000
2025-12-22 22:24:49,411 epoch 74 - iter 10/29 - loss 0.12072392 - time (sec): 8.64 - samples/sec: 1867.11 - lr: 0.100000 - momentum: 0.000000
2025-12-22 22:24:51,425 epoch 74 - iter 12/29 - loss 0.12361695 - time (sec): 10.66 - samples/sec: 1851.05 - lr: 0.100000 - momentum: 0.000000
2025-12-22 22:24:52,882 epoch 74 - iter 14/29 - loss 0.12348054 - time (sec): 12.11 - samples/sec: 1877.70 - lr: 0.100000 - momentum: 0.000000
2025-12-22 22:24:54,515 epoch 74 - iter 16/29 - loss 0.12350799 - time (sec): 13.75 - samples/sec: 1904.03 - lr: 0.100000 - momentum: 0.000000
2025-12-22 22:24:56,644 epoch 74 - iter 18/29 - loss 0.12261086 - time (sec): 15.87 - samples/sec: 1873.77 - lr: 0.100000 - momentum: 0.000000
2025-12-22 22:24:58,174 epoch 74 - iter 20/29 - loss 0.12213916 - time (sec): 17.40 - samples/sec: 1898.90 - lr: 0.100000 - momentum: 0.000000
2025-12-22 22:24:59,920 epoch 74 - iter 22/29 - loss 0.12191353 - time (sec): 19.15 - samples/sec: 1891.05 - lr: 0.100000 - momentum: 0.000000
2025-12-22 22:25:01,424 epoch 74 - iter 24/29 - loss 0.12298700 - time (sec): 20.65 - samples/sec: 1907.66 - lr: 0.100000 - momentum: 0.000000
2025-12-22 22:25:02,752 epoch 74 - iter 26/29 - loss 0.12124282 - time (sec): 21.98 - samples/sec: 1937.73 - lr: 0.100000 - momentum: 0.000000
2025-12-22 22:25:04,529 epoch 74 - iter 28/29 - loss 0.12089459 - time (sec): 23.76 - samples/sec: 1939.12 - lr: 0.100000 - momentum: 0.000000
2025-12-22 22:25:05,073 ----------------------------------------------------------------------------------------------------
2025-12-22 22:25:05,073 EPOCH 74 done: loss 0.1208 - lr: 0.100000
2025-12-22 22:25:08,778 DEV : loss 0.12450407445430756 - f1-score (micro avg)  0.9616
2025-12-22 22:25:08,795  - 3 epochs without improvement
2025-12-22 22:25:08,796 ----------------------------------------------------------------------------------------------------
2025-12-22 22:25:10,330 epoch 75 - iter 2/29 - loss 0.11210497 - time (sec): 1.53 - samples/sec: 2081.64 - lr: 0.100000 - momentum: 0.000000
2025-12-22 22:25:12,082 epoch 75 - iter 4/29 - loss 0.11379183 - time (sec): 3.29 - samples/sec: 1986.20 - lr: 0.100000 - momentum: 0.000000
2025-12-22 22:25:13,485 epoch 75 - iter 6/29 - loss 0.11458958 - time (sec): 4.69 - samples/sec: 2090.03 - lr: 0.100000 - momentum: 0.000000
2025-12-22 22:25:14,776 epoch 75 - iter 8/29 - loss 0.11658939 - time (sec): 5.98 - samples/sec: 2155.70 - lr: 0.100000 - momentum: 0.000000
2025-12-22 22:25:16,549 epoch 75 - iter 10/29 - loss 0.11808727 - time (sec): 7.75 - samples/sec: 2084.95 - lr: 0.100000 - momentum: 0.000000
2025-12-22 22:25:17,859 epoch 75 - iter 12/29 - loss 0.11500774 - time (sec): 9.06 - samples/sec: 2122.55 - lr: 0.100000 - momentum: 0.000000
2025-12-22 22:25:19,327 epoch 75 - iter 14/29 - loss 0.11610616 - time (sec): 10.53 - samples/sec: 2139.29 - lr: 0.100000 - momentum: 0.000000
2025-12-22 22:25:20,985 epoch 75 - iter 16/29 - loss 0.11622706 - time (sec): 12.19 - samples/sec: 2082.52 - lr: 0.100000 - momentum: 0.000000
2025-12-22 22:25:22,941 epoch 75 - iter 18/29 - loss 0.11545945 - time (sec): 14.14 - samples/sec: 2020.25 - lr: 0.100000 - momentum: 0.000000
2025-12-22 22:25:25,176 epoch 75 - iter 20/29 - loss 0.11626321 - time (sec): 16.38 - samples/sec: 1950.27 - lr: 0.100000 - momentum: 0.000000
2025-12-22 22:25:27,333 epoch 75 - iter 22/29 - loss 0.11816894 - time (sec): 18.54 - samples/sec: 1922.83 - lr: 0.100000 - momentum: 0.000000
2025-12-22 22:25:29,129 epoch 75 - iter 24/29 - loss 0.12036175 - time (sec): 20.33 - samples/sec: 1912.63 - lr: 0.100000 - momentum: 0.000000
2025-12-22 22:25:30,598 epoch 75 - iter 26/29 - loss 0.12038954 - time (sec): 21.80 - samples/sec: 1928.61 - lr: 0.100000 - momentum: 0.000000
2025-12-22 22:25:32,650 epoch 75 - iter 28/29 - loss 0.12159329 - time (sec): 23.85 - samples/sec: 1920.22 - lr: 0.100000 - momentum: 0.000000
2025-12-22 22:25:33,417 ----------------------------------------------------------------------------------------------------
2025-12-22 22:25:33,417 EPOCH 75 done: loss 0.1216 - lr: 0.100000
2025-12-22 22:25:36,479 DEV : loss 0.12398641556501389 - f1-score (micro avg)  0.9613
2025-12-22 22:25:36,488  - 4 epochs without improvement (above 'patience')-> annealing learning_rate to [0.05]
2025-12-22 22:25:36,488 ----------------------------------------------------------------------------------------------------
2025-12-22 22:25:38,225 epoch 76 - iter 2/29 - loss 0.10675949 - time (sec): 1.74 - samples/sec: 2049.97 - lr: 0.050000 - momentum: 0.000000
2025-12-22 22:25:39,839 epoch 76 - iter 4/29 - loss 0.10449623 - time (sec): 3.35 - samples/sec: 2163.02 - lr: 0.050000 - momentum: 0.000000
2025-12-22 22:25:42,100 epoch 76 - iter 6/29 - loss 0.11422833 - time (sec): 5.61 - samples/sec: 1871.52 - lr: 0.050000 - momentum: 0.000000
2025-12-22 22:25:43,599 epoch 76 - iter 8/29 - loss 0.11375710 - time (sec): 7.11 - samples/sec: 1982.86 - lr: 0.050000 - momentum: 0.000000
2025-12-22 22:25:45,047 epoch 76 - iter 10/29 - loss 0.11202620 - time (sec): 8.56 - samples/sec: 2010.65 - lr: 0.050000 - momentum: 0.000000
2025-12-22 22:25:46,758 epoch 76 - iter 12/29 - loss 0.11073519 - time (sec): 10.27 - samples/sec: 1965.03 - lr: 0.050000 - momentum: 0.000000
2025-12-22 22:25:48,760 epoch 76 - iter 14/29 - loss 0.11186664 - time (sec): 12.27 - samples/sec: 1944.85 - lr: 0.050000 - momentum: 0.000000
2025-12-22 22:25:50,475 epoch 76 - iter 16/29 - loss 0.11196309 - time (sec): 13.99 - samples/sec: 1930.73 - lr: 0.050000 - momentum: 0.000000
2025-12-22 22:25:51,980 epoch 76 - iter 18/29 - loss 0.11270171 - time (sec): 15.49 - samples/sec: 1926.81 - lr: 0.050000 - momentum: 0.000000
2025-12-22 22:25:53,256 epoch 76 - iter 20/29 - loss 0.11156054 - time (sec): 16.77 - samples/sec: 1954.67 - lr: 0.050000 - momentum: 0.000000
2025-12-22 22:25:54,715 epoch 76 - iter 22/29 - loss 0.11244116 - time (sec): 18.23 - samples/sec: 1966.59 - lr: 0.050000 - momentum: 0.000000
2025-12-22 22:25:56,482 epoch 76 - iter 24/29 - loss 0.11139299 - time (sec): 19.99 - samples/sec: 1954.97 - lr: 0.050000 - momentum: 0.000000
2025-12-22 22:25:58,268 epoch 76 - iter 26/29 - loss 0.11085139 - time (sec): 21.78 - samples/sec: 1943.38 - lr: 0.050000 - momentum: 0.000000
2025-12-22 22:25:59,715 epoch 76 - iter 28/29 - loss 0.11183047 - time (sec): 23.23 - samples/sec: 1968.78 - lr: 0.050000 - momentum: 0.000000
2025-12-22 22:26:00,393 ----------------------------------------------------------------------------------------------------
2025-12-22 22:26:00,393 EPOCH 76 done: loss 0.1124 - lr: 0.050000
2025-12-22 22:26:04,104 DEV : loss 0.11803315579891205 - f1-score (micro avg)  0.9637
2025-12-22 22:26:04,109  - 0 epochs without improvement
2025-12-22 22:26:04,110 saving best model
2025-12-22 22:26:04,127 ----------------------------------------------------------------------------------------------------
2025-12-22 22:26:06,117 epoch 77 - iter 2/29 - loss 0.12830232 - time (sec): 1.99 - samples/sec: 1680.77 - lr: 0.050000 - momentum: 0.000000
2025-12-22 22:26:07,645 epoch 77 - iter 4/29 - loss 0.12073097 - time (sec): 3.52 - samples/sec: 1842.75 - lr: 0.050000 - momentum: 0.000000
2025-12-22 22:26:09,321 epoch 77 - iter 6/29 - loss 0.11782313 - time (sec): 5.19 - samples/sec: 1910.85 - lr: 0.050000 - momentum: 0.000000
2025-12-22 22:26:10,977 epoch 77 - iter 8/29 - loss 0.12222793 - time (sec): 6.85 - samples/sec: 1931.81 - lr: 0.050000 - momentum: 0.000000
2025-12-22 22:26:12,268 epoch 77 - iter 10/29 - loss 0.12178664 - time (sec): 8.14 - samples/sec: 2025.60 - lr: 0.050000 - momentum: 0.000000
2025-12-22 22:26:14,051 epoch 77 - iter 12/29 - loss 0.12146384 - time (sec): 9.92 - samples/sec: 2023.99 - lr: 0.050000 - momentum: 0.000000
2025-12-22 22:26:15,621 epoch 77 - iter 14/29 - loss 0.11858077 - time (sec): 11.49 - samples/sec: 2023.21 - lr: 0.050000 - momentum: 0.000000
2025-12-22 22:26:17,108 epoch 77 - iter 16/29 - loss 0.11778149 - time (sec): 12.98 - samples/sec: 2004.40 - lr: 0.050000 - momentum: 0.000000
2025-12-22 22:26:19,035 epoch 77 - iter 18/29 - loss 0.11673501 - time (sec): 14.91 - samples/sec: 2003.34 - lr: 0.050000 - momentum: 0.000000
2025-12-22 22:26:20,433 epoch 77 - iter 20/29 - loss 0.11486476 - time (sec): 16.31 - samples/sec: 2026.06 - lr: 0.050000 - momentum: 0.000000
2025-12-22 22:26:22,019 epoch 77 - iter 22/29 - loss 0.11430212 - time (sec): 17.89 - samples/sec: 2025.42 - lr: 0.050000 - momentum: 0.000000
2025-12-22 22:26:23,744 epoch 77 - iter 24/29 - loss 0.11515326 - time (sec): 19.62 - samples/sec: 2006.71 - lr: 0.050000 - momentum: 0.000000
2025-12-22 22:26:25,168 epoch 77 - iter 26/29 - loss 0.11529535 - time (sec): 21.04 - samples/sec: 2007.99 - lr: 0.050000 - momentum: 0.000000
2025-12-22 22:26:26,714 epoch 77 - iter 28/29 - loss 0.11405343 - time (sec): 22.59 - samples/sec: 2036.10 - lr: 0.050000 - momentum: 0.000000
2025-12-22 22:26:27,225 ----------------------------------------------------------------------------------------------------
2025-12-22 22:26:27,225 EPOCH 77 done: loss 0.1138 - lr: 0.050000
2025-12-22 22:26:30,449 DEV : loss 0.12037119269371033 - f1-score (micro avg)  0.9632
2025-12-22 22:26:30,454  - 1 epochs without improvement
2025-12-22 22:26:30,456 ----------------------------------------------------------------------------------------------------
2025-12-22 22:26:31,989 epoch 78 - iter 2/29 - loss 0.11661151 - time (sec): 1.53 - samples/sec: 2087.70 - lr: 0.050000 - momentum: 0.000000
2025-12-22 22:26:33,663 epoch 78 - iter 4/29 - loss 0.11069910 - time (sec): 3.21 - samples/sec: 2010.11 - lr: 0.050000 - momentum: 0.000000
2025-12-22 22:26:35,312 epoch 78 - iter 6/29 - loss 0.10528886 - time (sec): 4.86 - samples/sec: 2039.19 - lr: 0.050000 - momentum: 0.000000
2025-12-22 22:26:36,837 epoch 78 - iter 8/29 - loss 0.10632177 - time (sec): 6.38 - samples/sec: 2031.50 - lr: 0.050000 - momentum: 0.000000
2025-12-22 22:26:38,649 epoch 78 - iter 10/29 - loss 0.11306175 - time (sec): 8.19 - samples/sec: 1996.20 - lr: 0.050000 - momentum: 0.000000
2025-12-22 22:26:40,156 epoch 78 - iter 12/29 - loss 0.11492287 - time (sec): 9.70 - samples/sec: 2056.70 - lr: 0.050000 - momentum: 0.000000
2025-12-22 22:26:41,465 epoch 78 - iter 14/29 - loss 0.11486841 - time (sec): 11.01 - samples/sec: 2096.20 - lr: 0.050000 - momentum: 0.000000
2025-12-22 22:26:43,373 epoch 78 - iter 16/29 - loss 0.11463970 - time (sec): 12.92 - samples/sec: 2054.94 - lr: 0.050000 - momentum: 0.000000
2025-12-22 22:26:44,938 epoch 78 - iter 18/29 - loss 0.11609911 - time (sec): 14.48 - samples/sec: 2069.66 - lr: 0.050000 - momentum: 0.000000
2025-12-22 22:26:46,326 epoch 78 - iter 20/29 - loss 0.11479967 - time (sec): 15.87 - samples/sec: 2092.73 - lr: 0.050000 - momentum: 0.000000
2025-12-22 22:26:47,792 epoch 78 - iter 22/29 - loss 0.11399982 - time (sec): 17.34 - samples/sec: 2091.99 - lr: 0.050000 - momentum: 0.000000
2025-12-22 22:26:49,098 epoch 78 - iter 24/29 - loss 0.11264009 - time (sec): 18.64 - samples/sec: 2115.93 - lr: 0.050000 - momentum: 0.000000
2025-12-22 22:26:50,610 epoch 78 - iter 26/29 - loss 0.11349204 - time (sec): 20.15 - samples/sec: 2109.33 - lr: 0.050000 - momentum: 0.000000
2025-12-22 22:26:52,277 epoch 78 - iter 28/29 - loss 0.11415090 - time (sec): 21.82 - samples/sec: 2108.00 - lr: 0.050000 - momentum: 0.000000
2025-12-22 22:26:52,859 ----------------------------------------------------------------------------------------------------
2025-12-22 22:26:52,859 EPOCH 78 done: loss 0.1136 - lr: 0.050000
2025-12-22 22:26:56,073 DEV : loss 0.11927296221256256 - f1-score (micro avg)  0.9632
2025-12-22 22:26:56,078  - 2 epochs without improvement
2025-12-22 22:26:56,079 ----------------------------------------------------------------------------------------------------
2025-12-22 22:26:57,573 epoch 79 - iter 2/29 - loss 0.11905118 - time (sec): 1.49 - samples/sec: 1973.71 - lr: 0.050000 - momentum: 0.000000
2025-12-22 22:26:59,341 epoch 79 - iter 4/29 - loss 0.11049151 - time (sec): 3.26 - samples/sec: 1972.31 - lr: 0.050000 - momentum: 0.000000
2025-12-22 22:27:00,626 epoch 79 - iter 6/29 - loss 0.10353888 - time (sec): 4.54 - samples/sec: 2144.23 - lr: 0.050000 - momentum: 0.000000
2025-12-22 22:27:02,157 epoch 79 - iter 8/29 - loss 0.10481214 - time (sec): 6.08 - samples/sec: 2153.35 - lr: 0.050000 - momentum: 0.000000
2025-12-22 22:27:04,208 epoch 79 - iter 10/29 - loss 0.10545843 - time (sec): 8.13 - samples/sec: 2049.62 - lr: 0.050000 - momentum: 0.000000
2025-12-22 22:27:05,871 epoch 79 - iter 12/29 - loss 0.10842989 - time (sec): 9.79 - samples/sec: 2079.93 - lr: 0.050000 - momentum: 0.000000
2025-12-22 22:27:07,565 epoch 79 - iter 14/29 - loss 0.11039236 - time (sec): 11.49 - samples/sec: 2048.55 - lr: 0.050000 - momentum: 0.000000
2025-12-22 22:27:09,031 epoch 79 - iter 16/29 - loss 0.10816854 - time (sec): 12.95 - samples/sec: 2072.13 - lr: 0.050000 - momentum: 0.000000
2025-12-22 22:27:10,412 epoch 79 - iter 18/29 - loss 0.11097724 - time (sec): 14.33 - samples/sec: 2064.83 - lr: 0.050000 - momentum: 0.000000
2025-12-22 22:27:11,917 epoch 79 - iter 20/29 - loss 0.11046495 - time (sec): 15.84 - samples/sec: 2091.38 - lr: 0.050000 - momentum: 0.000000
2025-12-22 22:27:13,512 epoch 79 - iter 22/29 - loss 0.11130392 - time (sec): 17.43 - samples/sec: 2082.55 - lr: 0.050000 - momentum: 0.000000
2025-12-22 22:27:15,140 epoch 79 - iter 24/29 - loss 0.11041352 - time (sec): 19.06 - samples/sec: 2066.44 - lr: 0.050000 - momentum: 0.000000
2025-12-22 22:27:16,608 epoch 79 - iter 26/29 - loss 0.11045136 - time (sec): 20.53 - samples/sec: 2068.78 - lr: 0.050000 - momentum: 0.000000
2025-12-22 22:27:18,705 epoch 79 - iter 28/29 - loss 0.10911903 - time (sec): 22.63 - samples/sec: 2037.20 - lr: 0.050000 - momentum: 0.000000
2025-12-22 22:27:19,219 ----------------------------------------------------------------------------------------------------
2025-12-22 22:27:19,220 EPOCH 79 done: loss 0.1095 - lr: 0.050000
2025-12-22 22:27:22,012 DEV : loss 0.12152853608131409 - f1-score (micro avg)  0.9635
2025-12-22 22:27:22,018  - 3 epochs without improvement
2025-12-22 22:27:22,019 ----------------------------------------------------------------------------------------------------
2025-12-22 22:27:23,691 epoch 80 - iter 2/29 - loss 0.09014695 - time (sec): 1.67 - samples/sec: 1884.70 - lr: 0.050000 - momentum: 0.000000
2025-12-22 22:27:25,159 epoch 80 - iter 4/29 - loss 0.10646106 - time (sec): 3.14 - samples/sec: 1974.30 - lr: 0.050000 - momentum: 0.000000
2025-12-22 22:27:26,887 epoch 80 - iter 6/29 - loss 0.10916872 - time (sec): 4.87 - samples/sec: 2034.40 - lr: 0.050000 - momentum: 0.000000
2025-12-22 22:27:28,572 epoch 80 - iter 8/29 - loss 0.10562405 - time (sec): 6.55 - samples/sec: 2003.80 - lr: 0.050000 - momentum: 0.000000
2025-12-22 22:27:30,187 epoch 80 - iter 10/29 - loss 0.10764703 - time (sec): 8.17 - samples/sec: 2068.73 - lr: 0.050000 - momentum: 0.000000
2025-12-22 22:27:31,687 epoch 80 - iter 12/29 - loss 0.10680057 - time (sec): 9.67 - samples/sec: 2078.79 - lr: 0.050000 - momentum: 0.000000
2025-12-22 22:27:33,321 epoch 80 - iter 14/29 - loss 0.10890866 - time (sec): 11.30 - samples/sec: 2061.83 - lr: 0.050000 - momentum: 0.000000
2025-12-22 22:27:34,924 epoch 80 - iter 16/29 - loss 0.10796485 - time (sec): 12.90 - samples/sec: 2079.71 - lr: 0.050000 - momentum: 0.000000
2025-12-22 22:27:36,621 epoch 80 - iter 18/29 - loss 0.10859430 - time (sec): 14.60 - samples/sec: 2073.23 - lr: 0.050000 - momentum: 0.000000
2025-12-22 22:27:38,071 epoch 80 - iter 20/29 - loss 0.10835884 - time (sec): 16.05 - samples/sec: 2090.86 - lr: 0.050000 - momentum: 0.000000
2025-12-22 22:27:39,069 epoch 80 - iter 22/29 - loss 0.10880372 - time (sec): 17.05 - samples/sec: 2127.56 - lr: 0.050000 - momentum: 0.000000
2025-12-22 22:27:40,558 epoch 80 - iter 24/29 - loss 0.10819804 - time (sec): 18.54 - samples/sec: 2130.81 - lr: 0.050000 - momentum: 0.000000
2025-12-22 22:27:41,884 epoch 80 - iter 26/29 - loss 0.10922450 - time (sec): 19.86 - samples/sec: 2148.61 - lr: 0.050000 - momentum: 0.000000
2025-12-22 22:27:43,628 epoch 80 - iter 28/29 - loss 0.11044479 - time (sec): 21.61 - samples/sec: 2130.99 - lr: 0.050000 - momentum: 0.000000
2025-12-22 22:27:44,060 ----------------------------------------------------------------------------------------------------
2025-12-22 22:27:44,060 EPOCH 80 done: loss 0.1113 - lr: 0.050000
2025-12-22 22:27:47,430 DEV : loss 0.11846236139535904 - f1-score (micro avg)  0.9639
2025-12-22 22:27:47,434  - 0 epochs without improvement
2025-12-22 22:27:47,435 saving best model
2025-12-22 22:27:47,450 ----------------------------------------------------------------------------------------------------
2025-12-22 22:27:48,976 epoch 81 - iter 2/29 - loss 0.11873038 - time (sec): 1.52 - samples/sec: 2289.23 - lr: 0.050000 - momentum: 0.000000
2025-12-22 22:27:50,614 epoch 81 - iter 4/29 - loss 0.11641640 - time (sec): 3.16 - samples/sec: 2092.89 - lr: 0.050000 - momentum: 0.000000
2025-12-22 22:27:52,060 epoch 81 - iter 6/29 - loss 0.11621757 - time (sec): 4.61 - samples/sec: 2140.49 - lr: 0.050000 - momentum: 0.000000
2025-12-22 22:27:53,907 epoch 81 - iter 8/29 - loss 0.11824578 - time (sec): 6.46 - samples/sec: 2108.09 - lr: 0.050000 - momentum: 0.000000
2025-12-22 22:27:55,095 epoch 81 - iter 10/29 - loss 0.11610325 - time (sec): 7.64 - samples/sec: 2169.76 - lr: 0.050000 - momentum: 0.000000
2025-12-22 22:27:56,698 epoch 81 - iter 12/29 - loss 0.11482675 - time (sec): 9.25 - samples/sec: 2139.32 - lr: 0.050000 - momentum: 0.000000
2025-12-22 22:27:58,172 epoch 81 - iter 14/29 - loss 0.11438285 - time (sec): 10.72 - samples/sec: 2154.81 - lr: 0.050000 - momentum: 0.000000
2025-12-22 22:27:59,631 epoch 81 - iter 16/29 - loss 0.11498226 - time (sec): 12.18 - samples/sec: 2177.68 - lr: 0.050000 - momentum: 0.000000
2025-12-22 22:28:01,444 epoch 81 - iter 18/29 - loss 0.11737964 - time (sec): 13.99 - samples/sec: 2141.46 - lr: 0.050000 - momentum: 0.000000
2025-12-22 22:28:02,711 epoch 81 - iter 20/29 - loss 0.11834156 - time (sec): 15.26 - samples/sec: 2155.28 - lr: 0.050000 - momentum: 0.000000
2025-12-22 22:28:04,277 epoch 81 - iter 22/29 - loss 0.11706399 - time (sec): 16.83 - samples/sec: 2144.48 - lr: 0.050000 - momentum: 0.000000
2025-12-22 22:28:05,715 epoch 81 - iter 24/29 - loss 0.11668679 - time (sec): 18.26 - samples/sec: 2136.28 - lr: 0.050000 - momentum: 0.000000
2025-12-22 22:28:07,636 epoch 81 - iter 26/29 - loss 0.11622812 - time (sec): 20.19 - samples/sec: 2097.68 - lr: 0.050000 - momentum: 0.000000
2025-12-22 22:28:09,470 epoch 81 - iter 28/29 - loss 0.11457655 - time (sec): 22.02 - samples/sec: 2088.16 - lr: 0.050000 - momentum: 0.000000
2025-12-22 22:28:09,986 ----------------------------------------------------------------------------------------------------
2025-12-22 22:28:09,986 EPOCH 81 done: loss 0.1148 - lr: 0.050000
2025-12-22 22:28:13,755 DEV : loss 0.12076915800571442 - f1-score (micro avg)  0.9628
2025-12-22 22:28:13,774  - 1 epochs without improvement
2025-12-22 22:28:13,775 ----------------------------------------------------------------------------------------------------
2025-12-22 22:28:15,494 epoch 82 - iter 2/29 - loss 0.11295896 - time (sec): 1.72 - samples/sec: 1995.74 - lr: 0.050000 - momentum: 0.000000
2025-12-22 22:28:16,966 epoch 82 - iter 4/29 - loss 0.11134743 - time (sec): 3.19 - samples/sec: 2092.82 - lr: 0.050000 - momentum: 0.000000
2025-12-22 22:28:18,564 epoch 82 - iter 6/29 - loss 0.10714913 - time (sec): 4.79 - samples/sec: 2153.59 - lr: 0.050000 - momentum: 0.000000
2025-12-22 22:28:20,316 epoch 82 - iter 8/29 - loss 0.10725061 - time (sec): 6.54 - samples/sec: 2087.07 - lr: 0.050000 - momentum: 0.000000
2025-12-22 22:28:22,185 epoch 82 - iter 10/29 - loss 0.10595694 - time (sec): 8.41 - samples/sec: 2017.02 - lr: 0.050000 - momentum: 0.000000
2025-12-22 22:28:23,988 epoch 82 - iter 12/29 - loss 0.10479378 - time (sec): 10.21 - samples/sec: 1985.14 - lr: 0.050000 - momentum: 0.000000
2025-12-22 22:28:25,397 epoch 82 - iter 14/29 - loss 0.10486767 - time (sec): 11.62 - samples/sec: 2021.71 - lr: 0.050000 - momentum: 0.000000
2025-12-22 22:28:26,678 epoch 82 - iter 16/29 - loss 0.10446563 - time (sec): 12.90 - samples/sec: 2029.36 - lr: 0.050000 - momentum: 0.000000
2025-12-22 22:28:28,200 epoch 82 - iter 18/29 - loss 0.10572776 - time (sec): 14.42 - samples/sec: 2040.35 - lr: 0.050000 - momentum: 0.000000
2025-12-22 22:28:29,499 epoch 82 - iter 20/29 - loss 0.10681458 - time (sec): 15.72 - samples/sec: 2073.86 - lr: 0.050000 - momentum: 0.000000
2025-12-22 22:28:31,134 epoch 82 - iter 22/29 - loss 0.10631966 - time (sec): 17.36 - samples/sec: 2091.35 - lr: 0.050000 - momentum: 0.000000
2025-12-22 22:28:32,717 epoch 82 - iter 24/29 - loss 0.10522084 - time (sec): 18.94 - samples/sec: 2082.58 - lr: 0.050000 - momentum: 0.000000
2025-12-22 22:28:34,309 epoch 82 - iter 26/29 - loss 0.10522301 - time (sec): 20.53 - samples/sec: 2082.01 - lr: 0.050000 - momentum: 0.000000
2025-12-22 22:28:35,645 epoch 82 - iter 28/29 - loss 0.10733684 - time (sec): 21.87 - samples/sec: 2109.77 - lr: 0.050000 - momentum: 0.000000
2025-12-22 22:28:36,078 ----------------------------------------------------------------------------------------------------
2025-12-22 22:28:36,078 EPOCH 82 done: loss 0.1073 - lr: 0.050000
2025-12-22 22:28:38,755 DEV : loss 0.12069592624902725 - f1-score (micro avg)  0.9633
2025-12-22 22:28:38,759  - 2 epochs without improvement
2025-12-22 22:28:38,760 ----------------------------------------------------------------------------------------------------
2025-12-22 22:28:40,248 epoch 83 - iter 2/29 - loss 0.09289668 - time (sec): 1.49 - samples/sec: 2236.36 - lr: 0.050000 - momentum: 0.000000
2025-12-22 22:28:41,362 epoch 83 - iter 4/29 - loss 0.09731158 - time (sec): 2.60 - samples/sec: 2469.89 - lr: 0.050000 - momentum: 0.000000
2025-12-22 22:28:42,637 epoch 83 - iter 6/29 - loss 0.10435561 - time (sec): 3.88 - samples/sec: 2476.97 - lr: 0.050000 - momentum: 0.000000
2025-12-22 22:28:44,010 epoch 83 - iter 8/29 - loss 0.10812698 - time (sec): 5.25 - samples/sec: 2424.34 - lr: 0.050000 - momentum: 0.000000
2025-12-22 22:28:45,194 epoch 83 - iter 10/29 - loss 0.10689660 - time (sec): 6.43 - samples/sec: 2510.97 - lr: 0.050000 - momentum: 0.000000
2025-12-22 22:28:46,707 epoch 83 - iter 12/29 - loss 0.10715368 - time (sec): 7.95 - samples/sec: 2533.82 - lr: 0.050000 - momentum: 0.000000
2025-12-22 22:28:47,855 epoch 83 - iter 14/29 - loss 0.10809767 - time (sec): 9.09 - samples/sec: 2521.54 - lr: 0.050000 - momentum: 0.000000
2025-12-22 22:28:49,164 epoch 83 - iter 16/29 - loss 0.11114391 - time (sec): 10.40 - samples/sec: 2495.86 - lr: 0.050000 - momentum: 0.000000
2025-12-22 22:28:50,377 epoch 83 - iter 18/29 - loss 0.11162383 - time (sec): 11.62 - samples/sec: 2493.76 - lr: 0.050000 - momentum: 0.000000
2025-12-22 22:28:51,622 epoch 83 - iter 20/29 - loss 0.11168805 - time (sec): 12.86 - samples/sec: 2523.02 - lr: 0.050000 - momentum: 0.000000
2025-12-22 22:28:53,130 epoch 83 - iter 22/29 - loss 0.11172526 - time (sec): 14.37 - samples/sec: 2490.16 - lr: 0.050000 - momentum: 0.000000
2025-12-22 22:28:54,831 epoch 83 - iter 24/29 - loss 0.11064287 - time (sec): 16.07 - samples/sec: 2438.24 - lr: 0.050000 - momentum: 0.000000
2025-12-22 22:28:56,260 epoch 83 - iter 26/29 - loss 0.10972811 - time (sec): 17.50 - samples/sec: 2432.14 - lr: 0.050000 - momentum: 0.000000
2025-12-22 22:28:57,711 epoch 83 - iter 28/29 - loss 0.10954241 - time (sec): 18.95 - samples/sec: 2416.41 - lr: 0.050000 - momentum: 0.000000
2025-12-22 22:28:58,314 ----------------------------------------------------------------------------------------------------
2025-12-22 22:28:58,314 EPOCH 83 done: loss 0.1091 - lr: 0.050000
2025-12-22 22:29:01,382 DEV : loss 0.118312768638134 - f1-score (micro avg)  0.964
2025-12-22 22:29:01,391  - 0 epochs without improvement
2025-12-22 22:29:01,393 saving best model
2025-12-22 22:29:01,407 ----------------------------------------------------------------------------------------------------
2025-12-22 22:29:02,507 epoch 84 - iter 2/29 - loss 0.10421312 - time (sec): 1.10 - samples/sec: 2816.77 - lr: 0.050000 - momentum: 0.000000
2025-12-22 22:29:03,886 epoch 84 - iter 4/29 - loss 0.10530951 - time (sec): 2.48 - samples/sec: 2534.15 - lr: 0.050000 - momentum: 0.000000
2025-12-22 22:29:05,396 epoch 84 - iter 6/29 - loss 0.10080511 - time (sec): 3.99 - samples/sec: 2441.85 - lr: 0.050000 - momentum: 0.000000
2025-12-22 22:29:06,792 epoch 84 - iter 8/29 - loss 0.10205623 - time (sec): 5.38 - samples/sec: 2445.19 - lr: 0.050000 - momentum: 0.000000
2025-12-22 22:29:08,152 epoch 84 - iter 10/29 - loss 0.09924399 - time (sec): 6.74 - samples/sec: 2466.51 - lr: 0.050000 - momentum: 0.000000
2025-12-22 22:29:09,721 epoch 84 - iter 12/29 - loss 0.10175132 - time (sec): 8.31 - samples/sec: 2416.29 - lr: 0.050000 - momentum: 0.000000
2025-12-22 22:29:11,286 epoch 84 - iter 14/29 - loss 0.10183815 - time (sec): 9.88 - samples/sec: 2370.66 - lr: 0.050000 - momentum: 0.000000
2025-12-22 22:29:12,697 epoch 84 - iter 16/29 - loss 0.10327397 - time (sec): 11.29 - samples/sec: 2375.46 - lr: 0.050000 - momentum: 0.000000
2025-12-22 22:29:14,271 epoch 84 - iter 18/29 - loss 0.10227516 - time (sec): 12.86 - samples/sec: 2347.39 - lr: 0.050000 - momentum: 0.000000
2025-12-22 22:29:15,476 epoch 84 - iter 20/29 - loss 0.10351721 - time (sec): 14.07 - samples/sec: 2358.91 - lr: 0.050000 - momentum: 0.000000
2025-12-22 22:29:16,665 epoch 84 - iter 22/29 - loss 0.10301436 - time (sec): 15.26 - samples/sec: 2375.99 - lr: 0.050000 - momentum: 0.000000
2025-12-22 22:29:17,833 epoch 84 - iter 24/29 - loss 0.10287100 - time (sec): 16.43 - samples/sec: 2390.75 - lr: 0.050000 - momentum: 0.000000
2025-12-22 22:29:18,950 epoch 84 - iter 26/29 - loss 0.10387888 - time (sec): 17.54 - samples/sec: 2411.83 - lr: 0.050000 - momentum: 0.000000
2025-12-22 22:29:20,257 epoch 84 - iter 28/29 - loss 0.10407973 - time (sec): 18.85 - samples/sec: 2438.57 - lr: 0.050000 - momentum: 0.000000
2025-12-22 22:29:20,734 ----------------------------------------------------------------------------------------------------
2025-12-22 22:29:20,734 EPOCH 84 done: loss 0.1048 - lr: 0.050000
2025-12-22 22:29:24,000 DEV : loss 0.11904497444629669 - f1-score (micro avg)  0.9639
2025-12-22 22:29:24,006  - 1 epochs without improvement
2025-12-22 22:29:24,006 ----------------------------------------------------------------------------------------------------
2025-12-22 22:29:25,474 epoch 85 - iter 2/29 - loss 0.09815399 - time (sec): 1.47 - samples/sec: 2040.82 - lr: 0.050000 - momentum: 0.000000
2025-12-22 22:29:26,814 epoch 85 - iter 4/29 - loss 0.09992226 - time (sec): 2.81 - samples/sec: 2239.64 - lr: 0.050000 - momentum: 0.000000
2025-12-22 22:29:28,210 epoch 85 - iter 6/29 - loss 0.10210568 - time (sec): 4.20 - samples/sec: 2274.93 - lr: 0.050000 - momentum: 0.000000
2025-12-22 22:29:29,492 epoch 85 - iter 8/29 - loss 0.10631513 - time (sec): 5.49 - samples/sec: 2327.62 - lr: 0.050000 - momentum: 0.000000
2025-12-22 22:29:30,644 epoch 85 - iter 10/29 - loss 0.11045677 - time (sec): 6.64 - samples/sec: 2420.89 - lr: 0.050000 - momentum: 0.000000
2025-12-22 22:29:32,219 epoch 85 - iter 12/29 - loss 0.11140777 - time (sec): 8.21 - samples/sec: 2368.06 - lr: 0.050000 - momentum: 0.000000
2025-12-22 22:29:33,259 epoch 85 - iter 14/29 - loss 0.10989827 - time (sec): 9.25 - samples/sec: 2414.93 - lr: 0.050000 - momentum: 0.000000
2025-12-22 22:29:34,888 epoch 85 - iter 16/29 - loss 0.10815853 - time (sec): 10.88 - samples/sec: 2378.87 - lr: 0.050000 - momentum: 0.000000
2025-12-22 22:29:36,102 epoch 85 - iter 18/29 - loss 0.10877770 - time (sec): 12.09 - samples/sec: 2390.76 - lr: 0.050000 - momentum: 0.000000
2025-12-22 22:29:37,759 epoch 85 - iter 20/29 - loss 0.10935152 - time (sec): 13.75 - samples/sec: 2347.20 - lr: 0.050000 - momentum: 0.000000
2025-12-22 22:29:39,128 epoch 85 - iter 22/29 - loss 0.10882222 - time (sec): 15.12 - samples/sec: 2364.76 - lr: 0.050000 - momentum: 0.000000
2025-12-22 22:29:40,393 epoch 85 - iter 24/29 - loss 0.10990815 - time (sec): 16.39 - samples/sec: 2369.64 - lr: 0.050000 - momentum: 0.000000
2025-12-22 22:29:41,887 epoch 85 - iter 26/29 - loss 0.10870491 - time (sec): 17.88 - samples/sec: 2381.28 - lr: 0.050000 - momentum: 0.000000
2025-12-22 22:29:43,399 epoch 85 - iter 28/29 - loss 0.10886297 - time (sec): 19.39 - samples/sec: 2372.06 - lr: 0.050000 - momentum: 0.000000
2025-12-22 22:29:43,866 ----------------------------------------------------------------------------------------------------
2025-12-22 22:29:43,866 EPOCH 85 done: loss 0.1086 - lr: 0.050000
2025-12-22 22:29:46,649 DEV : loss 0.11930285394191742 - f1-score (micro avg)  0.964
2025-12-22 22:29:46,653  - 2 epochs without improvement
2025-12-22 22:29:46,654 ----------------------------------------------------------------------------------------------------
2025-12-22 22:29:47,788 epoch 86 - iter 2/29 - loss 0.11107145 - time (sec): 1.13 - samples/sec: 2765.04 - lr: 0.050000 - momentum: 0.000000
2025-12-22 22:29:49,275 epoch 86 - iter 4/29 - loss 0.11194479 - time (sec): 2.62 - samples/sec: 2471.82 - lr: 0.050000 - momentum: 0.000000
2025-12-22 22:29:50,996 epoch 86 - iter 6/29 - loss 0.11478219 - time (sec): 4.34 - samples/sec: 2265.41 - lr: 0.050000 - momentum: 0.000000
2025-12-22 22:29:52,324 epoch 86 - iter 8/29 - loss 0.11157832 - time (sec): 5.67 - samples/sec: 2281.63 - lr: 0.050000 - momentum: 0.000000
2025-12-22 22:29:53,550 epoch 86 - iter 10/29 - loss 0.11105016 - time (sec): 6.90 - samples/sec: 2352.99 - lr: 0.050000 - momentum: 0.000000
2025-12-22 22:29:54,844 epoch 86 - iter 12/29 - loss 0.11412120 - time (sec): 8.19 - samples/sec: 2376.68 - lr: 0.050000 - momentum: 0.000000
2025-12-22 22:29:56,270 epoch 86 - iter 14/29 - loss 0.11365924 - time (sec): 9.62 - samples/sec: 2376.31 - lr: 0.050000 - momentum: 0.000000
2025-12-22 22:29:57,522 epoch 86 - iter 16/29 - loss 0.11252330 - time (sec): 10.87 - samples/sec: 2372.99 - lr: 0.050000 - momentum: 0.000000
2025-12-22 22:29:59,090 epoch 86 - iter 18/29 - loss 0.11237029 - time (sec): 12.44 - samples/sec: 2370.07 - lr: 0.050000 - momentum: 0.000000
2025-12-22 22:30:00,712 epoch 86 - iter 20/29 - loss 0.11217077 - time (sec): 14.06 - samples/sec: 2333.83 - lr: 0.050000 - momentum: 0.000000
2025-12-22 22:30:02,149 epoch 86 - iter 22/29 - loss 0.11058229 - time (sec): 15.49 - samples/sec: 2333.64 - lr: 0.050000 - momentum: 0.000000
2025-12-22 22:30:03,515 epoch 86 - iter 24/29 - loss 0.10962141 - time (sec): 16.86 - samples/sec: 2324.66 - lr: 0.050000 - momentum: 0.000000
2025-12-22 22:30:04,928 epoch 86 - iter 26/29 - loss 0.10979843 - time (sec): 18.27 - samples/sec: 2327.12 - lr: 0.050000 - momentum: 0.000000
2025-12-22 22:30:06,345 epoch 86 - iter 28/29 - loss 0.10922292 - time (sec): 19.69 - samples/sec: 2334.96 - lr: 0.050000 - momentum: 0.000000
2025-12-22 22:30:06,738 ----------------------------------------------------------------------------------------------------
2025-12-22 22:30:06,738 EPOCH 86 done: loss 0.1087 - lr: 0.050000
2025-12-22 22:30:09,426 DEV : loss 0.12067405134439468 - f1-score (micro avg)  0.964
2025-12-22 22:30:09,430  - 0 epochs without improvement
2025-12-22 22:30:09,431 saving best model
2025-12-22 22:30:09,448 ----------------------------------------------------------------------------------------------------
2025-12-22 22:30:10,568 epoch 87 - iter 2/29 - loss 0.08759720 - time (sec): 1.12 - samples/sec: 2508.38 - lr: 0.050000 - momentum: 0.000000
2025-12-22 22:30:11,995 epoch 87 - iter 4/29 - loss 0.09263356 - time (sec): 2.55 - samples/sec: 2357.76 - lr: 0.050000 - momentum: 0.000000
2025-12-22 22:30:13,425 epoch 87 - iter 6/29 - loss 0.10635566 - time (sec): 3.98 - samples/sec: 2358.23 - lr: 0.050000 - momentum: 0.000000
2025-12-22 22:30:14,944 epoch 87 - iter 8/29 - loss 0.10401267 - time (sec): 5.50 - samples/sec: 2403.90 - lr: 0.050000 - momentum: 0.000000
2025-12-22 22:30:16,490 epoch 87 - iter 10/29 - loss 0.10378131 - time (sec): 7.04 - samples/sec: 2370.93 - lr: 0.050000 - momentum: 0.000000
2025-12-22 22:30:17,864 epoch 87 - iter 12/29 - loss 0.10328238 - time (sec): 8.42 - samples/sec: 2357.22 - lr: 0.050000 - momentum: 0.000000
2025-12-22 22:30:19,178 epoch 87 - iter 14/29 - loss 0.10227076 - time (sec): 9.73 - samples/sec: 2391.57 - lr: 0.050000 - momentum: 0.000000
2025-12-22 22:30:20,807 epoch 87 - iter 16/29 - loss 0.10406729 - time (sec): 11.36 - samples/sec: 2332.36 - lr: 0.050000 - momentum: 0.000000
2025-12-22 22:30:22,331 epoch 87 - iter 18/29 - loss 0.10311569 - time (sec): 12.88 - samples/sec: 2302.56 - lr: 0.050000 - momentum: 0.000000
2025-12-22 22:30:23,859 epoch 87 - iter 20/29 - loss 0.10383028 - time (sec): 14.41 - samples/sec: 2282.49 - lr: 0.050000 - momentum: 0.000000
2025-12-22 22:30:25,047 epoch 87 - iter 22/29 - loss 0.10325185 - time (sec): 15.60 - samples/sec: 2297.03 - lr: 0.050000 - momentum: 0.000000
2025-12-22 22:30:26,331 epoch 87 - iter 24/29 - loss 0.10351502 - time (sec): 16.88 - samples/sec: 2311.72 - lr: 0.050000 - momentum: 0.000000
2025-12-22 22:30:27,789 epoch 87 - iter 26/29 - loss 0.10443703 - time (sec): 18.34 - samples/sec: 2314.08 - lr: 0.050000 - momentum: 0.000000
2025-12-22 22:30:29,164 epoch 87 - iter 28/29 - loss 0.10555453 - time (sec): 19.72 - samples/sec: 2321.46 - lr: 0.050000 - momentum: 0.000000
2025-12-22 22:30:29,661 ----------------------------------------------------------------------------------------------------
2025-12-22 22:30:29,662 EPOCH 87 done: loss 0.1058 - lr: 0.050000
2025-12-22 22:30:32,277 DEV : loss 0.11999809741973877 - f1-score (micro avg)  0.9638
2025-12-22 22:30:32,282  - 1 epochs without improvement
2025-12-22 22:30:32,283 ----------------------------------------------------------------------------------------------------
2025-12-22 22:30:34,032 epoch 88 - iter 2/29 - loss 0.10566137 - time (sec): 1.75 - samples/sec: 2116.55 - lr: 0.050000 - momentum: 0.000000
2025-12-22 22:30:35,350 epoch 88 - iter 4/29 - loss 0.10147498 - time (sec): 3.07 - samples/sec: 2306.59 - lr: 0.050000 - momentum: 0.000000
2025-12-22 22:30:36,704 epoch 88 - iter 6/29 - loss 0.10569659 - time (sec): 4.42 - samples/sec: 2307.62 - lr: 0.050000 - momentum: 0.000000
2025-12-22 22:30:38,165 epoch 88 - iter 8/29 - loss 0.10541949 - time (sec): 5.88 - samples/sec: 2325.93 - lr: 0.050000 - momentum: 0.000000
2025-12-22 22:30:39,531 epoch 88 - iter 10/29 - loss 0.10731497 - time (sec): 7.25 - samples/sec: 2299.09 - lr: 0.050000 - momentum: 0.000000
2025-12-22 22:30:40,825 epoch 88 - iter 12/29 - loss 0.10527177 - time (sec): 8.54 - samples/sec: 2318.08 - lr: 0.050000 - momentum: 0.000000
2025-12-22 22:30:42,078 epoch 88 - iter 14/29 - loss 0.10628235 - time (sec): 9.79 - samples/sec: 2348.89 - lr: 0.050000 - momentum: 0.000000
2025-12-22 22:30:43,145 epoch 88 - iter 16/29 - loss 0.10627293 - time (sec): 10.86 - samples/sec: 2409.54 - lr: 0.050000 - momentum: 0.000000
2025-12-22 22:30:44,537 epoch 88 - iter 18/29 - loss 0.10582342 - time (sec): 12.25 - samples/sec: 2439.86 - lr: 0.050000 - momentum: 0.000000
2025-12-22 22:30:45,823 epoch 88 - iter 20/29 - loss 0.10360939 - time (sec): 13.54 - samples/sec: 2441.43 - lr: 0.050000 - momentum: 0.000000
2025-12-22 22:30:47,187 epoch 88 - iter 22/29 - loss 0.10362503 - time (sec): 14.90 - samples/sec: 2444.83 - lr: 0.050000 - momentum: 0.000000
2025-12-22 22:30:48,627 epoch 88 - iter 24/29 - loss 0.10372443 - time (sec): 16.34 - samples/sec: 2434.16 - lr: 0.050000 - momentum: 0.000000
2025-12-22 22:30:49,756 epoch 88 - iter 26/29 - loss 0.10455163 - time (sec): 17.47 - samples/sec: 2451.10 - lr: 0.050000 - momentum: 0.000000
2025-12-22 22:30:50,918 epoch 88 - iter 28/29 - loss 0.10517991 - time (sec): 18.63 - samples/sec: 2456.94 - lr: 0.050000 - momentum: 0.000000
2025-12-22 22:30:51,366 ----------------------------------------------------------------------------------------------------
2025-12-22 22:30:51,366 EPOCH 88 done: loss 0.1048 - lr: 0.050000
2025-12-22 22:30:54,355 DEV : loss 0.12082187831401825 - f1-score (micro avg)  0.9632
2025-12-22 22:30:54,360  - 2 epochs without improvement
2025-12-22 22:30:54,360 ----------------------------------------------------------------------------------------------------
2025-12-22 22:30:55,654 epoch 89 - iter 2/29 - loss 0.11328865 - time (sec): 1.29 - samples/sec: 2244.56 - lr: 0.050000 - momentum: 0.000000
2025-12-22 22:30:57,000 epoch 89 - iter 4/29 - loss 0.10144011 - time (sec): 2.64 - samples/sec: 2291.88 - lr: 0.050000 - momentum: 0.000000
2025-12-22 22:30:58,330 epoch 89 - iter 6/29 - loss 0.10582885 - time (sec): 3.97 - samples/sec: 2279.07 - lr: 0.050000 - momentum: 0.000000
2025-12-22 22:30:59,785 epoch 89 - iter 8/29 - loss 0.10311536 - time (sec): 5.42 - samples/sec: 2286.62 - lr: 0.050000 - momentum: 0.000000
2025-12-22 22:31:01,246 epoch 89 - iter 10/29 - loss 0.10261926 - time (sec): 6.88 - samples/sec: 2299.21 - lr: 0.050000 - momentum: 0.000000
2025-12-22 22:31:02,569 epoch 89 - iter 12/29 - loss 0.10255498 - time (sec): 8.21 - samples/sec: 2308.97 - lr: 0.050000 - momentum: 0.000000
2025-12-22 22:31:04,311 epoch 89 - iter 14/29 - loss 0.10286224 - time (sec): 9.95 - samples/sec: 2257.15 - lr: 0.050000 - momentum: 0.000000
2025-12-22 22:31:05,761 epoch 89 - iter 16/29 - loss 0.10456822 - time (sec): 11.40 - samples/sec: 2273.37 - lr: 0.050000 - momentum: 0.000000
2025-12-22 22:31:07,156 epoch 89 - iter 18/29 - loss 0.10466481 - time (sec): 12.80 - samples/sec: 2273.90 - lr: 0.050000 - momentum: 0.000000
2025-12-22 22:31:08,402 epoch 89 - iter 20/29 - loss 0.10369423 - time (sec): 14.04 - samples/sec: 2333.99 - lr: 0.050000 - momentum: 0.000000
2025-12-22 22:31:10,103 epoch 89 - iter 22/29 - loss 0.10321414 - time (sec): 15.74 - samples/sec: 2308.91 - lr: 0.050000 - momentum: 0.000000
2025-12-22 22:31:11,446 epoch 89 - iter 24/29 - loss 0.10519621 - time (sec): 17.09 - samples/sec: 2316.55 - lr: 0.050000 - momentum: 0.000000
2025-12-22 22:31:12,825 epoch 89 - iter 26/29 - loss 0.10513751 - time (sec): 18.46 - samples/sec: 2309.42 - lr: 0.050000 - momentum: 0.000000
2025-12-22 22:31:14,121 epoch 89 - iter 28/29 - loss 0.10574086 - time (sec): 19.76 - samples/sec: 2324.74 - lr: 0.050000 - momentum: 0.000000
2025-12-22 22:31:14,696 ----------------------------------------------------------------------------------------------------
2025-12-22 22:31:14,696 EPOCH 89 done: loss 0.1058 - lr: 0.050000
2025-12-22 22:31:17,731 DEV : loss 0.11974769085645676 - f1-score (micro avg)  0.964
2025-12-22 22:31:17,735  - 0 epochs without improvement
2025-12-22 22:31:17,736 ----------------------------------------------------------------------------------------------------
2025-12-22 22:31:19,240 epoch 90 - iter 2/29 - loss 0.11440547 - time (sec): 1.50 - samples/sec: 2321.96 - lr: 0.050000 - momentum: 0.000000
2025-12-22 22:31:20,952 epoch 90 - iter 4/29 - loss 0.10087235 - time (sec): 3.22 - samples/sec: 2200.10 - lr: 0.050000 - momentum: 0.000000
2025-12-22 22:31:22,584 epoch 90 - iter 6/29 - loss 0.10368976 - time (sec): 4.85 - samples/sec: 2142.46 - lr: 0.050000 - momentum: 0.000000
2025-12-22 22:31:24,237 epoch 90 - iter 8/29 - loss 0.10170933 - time (sec): 6.50 - samples/sec: 2062.61 - lr: 0.050000 - momentum: 0.000000
2025-12-22 22:31:25,656 epoch 90 - iter 10/29 - loss 0.10022765 - time (sec): 7.92 - samples/sec: 2134.60 - lr: 0.050000 - momentum: 0.000000
2025-12-22 22:31:27,048 epoch 90 - iter 12/29 - loss 0.10081758 - time (sec): 9.31 - samples/sec: 2200.63 - lr: 0.050000 - momentum: 0.000000
2025-12-22 22:31:28,480 epoch 90 - iter 14/29 - loss 0.10042887 - time (sec): 10.74 - samples/sec: 2198.92 - lr: 0.050000 - momentum: 0.000000
2025-12-22 22:31:29,682 epoch 90 - iter 16/29 - loss 0.09929406 - time (sec): 11.95 - samples/sec: 2242.63 - lr: 0.050000 - momentum: 0.000000
2025-12-22 22:31:30,995 epoch 90 - iter 18/29 - loss 0.10002043 - time (sec): 13.26 - samples/sec: 2276.64 - lr: 0.050000 - momentum: 0.000000
2025-12-22 22:31:32,392 epoch 90 - iter 20/29 - loss 0.10059290 - time (sec): 14.66 - samples/sec: 2298.23 - lr: 0.050000 - momentum: 0.000000
2025-12-22 22:31:33,727 epoch 90 - iter 22/29 - loss 0.10013828 - time (sec): 15.99 - samples/sec: 2313.45 - lr: 0.050000 - momentum: 0.000000
2025-12-22 22:31:35,097 epoch 90 - iter 24/29 - loss 0.10040100 - time (sec): 17.36 - samples/sec: 2314.29 - lr: 0.050000 - momentum: 0.000000
2025-12-22 22:31:36,242 epoch 90 - iter 26/29 - loss 0.10226255 - time (sec): 18.51 - samples/sec: 2347.34 - lr: 0.050000 - momentum: 0.000000
2025-12-22 22:31:37,214 epoch 90 - iter 28/29 - loss 0.10281968 - time (sec): 19.48 - samples/sec: 2356.65 - lr: 0.050000 - momentum: 0.000000
2025-12-22 22:31:37,609 ----------------------------------------------------------------------------------------------------
2025-12-22 22:31:37,609 EPOCH 90 done: loss 0.1027 - lr: 0.050000
2025-12-22 22:31:40,237 DEV : loss 0.1192052960395813 - f1-score (micro avg)  0.9635
2025-12-22 22:31:40,241  - 1 epochs without improvement
2025-12-22 22:31:40,243 ----------------------------------------------------------------------------------------------------
2025-12-22 22:31:41,445 epoch 91 - iter 2/29 - loss 0.09313921 - time (sec): 1.20 - samples/sec: 2557.95 - lr: 0.050000 - momentum: 0.000000
2025-12-22 22:31:42,643 epoch 91 - iter 4/29 - loss 0.10349419 - time (sec): 2.40 - samples/sec: 2582.34 - lr: 0.050000 - momentum: 0.000000
2025-12-22 22:31:44,102 epoch 91 - iter 6/29 - loss 0.09789343 - time (sec): 3.86 - samples/sec: 2498.82 - lr: 0.050000 - momentum: 0.000000
2025-12-22 22:31:45,393 epoch 91 - iter 8/29 - loss 0.09991865 - time (sec): 5.15 - samples/sec: 2408.21 - lr: 0.050000 - momentum: 0.000000
2025-12-22 22:31:46,795 epoch 91 - iter 10/29 - loss 0.10050167 - time (sec): 6.55 - samples/sec: 2385.99 - lr: 0.050000 - momentum: 0.000000
2025-12-22 22:31:48,042 epoch 91 - iter 12/29 - loss 0.10151246 - time (sec): 7.80 - samples/sec: 2427.05 - lr: 0.050000 - momentum: 0.000000
2025-12-22 22:31:49,600 epoch 91 - iter 14/29 - loss 0.10208256 - time (sec): 9.36 - samples/sec: 2382.95 - lr: 0.050000 - momentum: 0.000000
2025-12-22 22:31:50,852 epoch 91 - iter 16/29 - loss 0.10184953 - time (sec): 10.61 - samples/sec: 2405.98 - lr: 0.050000 - momentum: 0.000000
2025-12-22 22:31:52,214 epoch 91 - iter 18/29 - loss 0.09998586 - time (sec): 11.97 - samples/sec: 2419.13 - lr: 0.050000 - momentum: 0.000000
2025-12-22 22:31:53,599 epoch 91 - iter 20/29 - loss 0.10006186 - time (sec): 13.36 - samples/sec: 2423.30 - lr: 0.050000 - momentum: 0.000000
2025-12-22 22:31:55,389 epoch 91 - iter 22/29 - loss 0.09817818 - time (sec): 15.15 - samples/sec: 2367.71 - lr: 0.050000 - momentum: 0.000000
2025-12-22 22:31:56,847 epoch 91 - iter 24/29 - loss 0.09825598 - time (sec): 16.60 - samples/sec: 2349.95 - lr: 0.050000 - momentum: 0.000000
2025-12-22 22:31:57,955 epoch 91 - iter 26/29 - loss 0.09981857 - time (sec): 17.71 - samples/sec: 2371.01 - lr: 0.050000 - momentum: 0.000000
2025-12-22 22:31:59,663 epoch 91 - iter 28/29 - loss 0.09984461 - time (sec): 19.42 - samples/sec: 2361.73 - lr: 0.050000 - momentum: 0.000000
2025-12-22 22:32:00,361 ----------------------------------------------------------------------------------------------------
2025-12-22 22:32:00,361 EPOCH 91 done: loss 0.1003 - lr: 0.050000
2025-12-22 22:32:03,198 DEV : loss 0.12139714509248734 - f1-score (micro avg)  0.9634
2025-12-22 22:32:03,204  - 2 epochs without improvement
2025-12-22 22:32:03,204 ----------------------------------------------------------------------------------------------------
2025-12-22 22:32:04,418 epoch 92 - iter 2/29 - loss 0.09593959 - time (sec): 1.21 - samples/sec: 2621.55 - lr: 0.050000 - momentum: 0.000000
2025-12-22 22:32:05,511 epoch 92 - iter 4/29 - loss 0.09132629 - time (sec): 2.31 - samples/sec: 2764.44 - lr: 0.050000 - momentum: 0.000000
2025-12-22 22:32:06,781 epoch 92 - iter 6/29 - loss 0.09772647 - time (sec): 3.58 - samples/sec: 2699.11 - lr: 0.050000 - momentum: 0.000000
2025-12-22 22:32:08,008 epoch 92 - iter 8/29 - loss 0.09987254 - time (sec): 4.80 - samples/sec: 2631.40 - lr: 0.050000 - momentum: 0.000000
2025-12-22 22:32:09,323 epoch 92 - iter 10/29 - loss 0.10135723 - time (sec): 6.12 - samples/sec: 2536.52 - lr: 0.050000 - momentum: 0.000000
2025-12-22 22:32:11,120 epoch 92 - iter 12/29 - loss 0.10127891 - time (sec): 7.92 - samples/sec: 2407.52 - lr: 0.050000 - momentum: 0.000000
2025-12-22 22:32:12,390 epoch 92 - iter 14/29 - loss 0.10404784 - time (sec): 9.19 - samples/sec: 2436.70 - lr: 0.050000 - momentum: 0.000000
2025-12-22 22:32:13,763 epoch 92 - iter 16/29 - loss 0.10555160 - time (sec): 10.56 - samples/sec: 2449.23 - lr: 0.050000 - momentum: 0.000000
2025-12-22 22:32:15,143 epoch 92 - iter 18/29 - loss 0.10373924 - time (sec): 11.94 - samples/sec: 2429.75 - lr: 0.050000 - momentum: 0.000000
2025-12-22 22:32:16,532 epoch 92 - iter 20/29 - loss 0.10623503 - time (sec): 13.33 - samples/sec: 2425.24 - lr: 0.050000 - momentum: 0.000000
2025-12-22 22:32:17,988 epoch 92 - iter 22/29 - loss 0.10589115 - time (sec): 14.78 - samples/sec: 2402.72 - lr: 0.050000 - momentum: 0.000000
2025-12-22 22:32:19,757 epoch 92 - iter 24/29 - loss 0.10530903 - time (sec): 16.55 - samples/sec: 2380.25 - lr: 0.050000 - momentum: 0.000000
2025-12-22 22:32:21,031 epoch 92 - iter 26/29 - loss 0.10480703 - time (sec): 17.83 - samples/sec: 2390.45 - lr: 0.050000 - momentum: 0.000000
2025-12-22 22:32:22,304 epoch 92 - iter 28/29 - loss 0.10355184 - time (sec): 19.10 - samples/sec: 2411.42 - lr: 0.050000 - momentum: 0.000000
2025-12-22 22:32:22,684 ----------------------------------------------------------------------------------------------------
2025-12-22 22:32:22,685 EPOCH 92 done: loss 0.1031 - lr: 0.050000
2025-12-22 22:32:26,345 DEV : loss 0.12217988818883896 - f1-score (micro avg)  0.9637
2025-12-22 22:32:26,352  - 3 epochs without improvement
2025-12-22 22:32:26,353 ----------------------------------------------------------------------------------------------------
2025-12-22 22:32:27,978 epoch 93 - iter 2/29 - loss 0.10175497 - time (sec): 1.62 - samples/sec: 2074.15 - lr: 0.050000 - momentum: 0.000000
2025-12-22 22:32:29,037 epoch 93 - iter 4/29 - loss 0.10712949 - time (sec): 2.68 - samples/sec: 2449.18 - lr: 0.050000 - momentum: 0.000000
2025-12-22 22:32:30,323 epoch 93 - iter 6/29 - loss 0.10727414 - time (sec): 3.97 - samples/sec: 2427.63 - lr: 0.050000 - momentum: 0.000000
2025-12-22 22:32:31,586 epoch 93 - iter 8/29 - loss 0.10151037 - time (sec): 5.23 - samples/sec: 2441.36 - lr: 0.050000 - momentum: 0.000000
2025-12-22 22:32:33,275 epoch 93 - iter 10/29 - loss 0.10405491 - time (sec): 6.92 - samples/sec: 2414.80 - lr: 0.050000 - momentum: 0.000000
2025-12-22 22:32:34,800 epoch 93 - iter 12/29 - loss 0.10318412 - time (sec): 8.45 - samples/sec: 2419.59 - lr: 0.050000 - momentum: 0.000000
2025-12-22 22:32:36,119 epoch 93 - iter 14/29 - loss 0.10294578 - time (sec): 9.77 - samples/sec: 2415.47 - lr: 0.050000 - momentum: 0.000000
2025-12-22 22:32:37,177 epoch 93 - iter 16/29 - loss 0.10253321 - time (sec): 10.82 - samples/sec: 2450.62 - lr: 0.050000 - momentum: 0.000000
2025-12-22 22:32:38,398 epoch 93 - iter 18/29 - loss 0.10175304 - time (sec): 12.04 - samples/sec: 2474.95 - lr: 0.050000 - momentum: 0.000000
2025-12-22 22:32:39,721 epoch 93 - iter 20/29 - loss 0.10271464 - time (sec): 13.37 - samples/sec: 2473.56 - lr: 0.050000 - momentum: 0.000000
2025-12-22 22:32:41,061 epoch 93 - iter 22/29 - loss 0.10208086 - time (sec): 14.71 - samples/sec: 2469.04 - lr: 0.050000 - momentum: 0.000000
2025-12-22 22:32:42,573 epoch 93 - iter 24/29 - loss 0.10135702 - time (sec): 16.22 - samples/sec: 2451.87 - lr: 0.050000 - momentum: 0.000000
2025-12-22 22:32:43,819 epoch 93 - iter 26/29 - loss 0.10118797 - time (sec): 17.47 - samples/sec: 2453.12 - lr: 0.050000 - momentum: 0.000000
2025-12-22 22:32:45,207 epoch 93 - iter 28/29 - loss 0.10238007 - time (sec): 18.85 - samples/sec: 2433.61 - lr: 0.050000 - momentum: 0.000000
2025-12-22 22:32:45,744 ----------------------------------------------------------------------------------------------------
2025-12-22 22:32:45,745 EPOCH 93 done: loss 0.1022 - lr: 0.050000
2025-12-22 22:32:48,639 DEV : loss 0.12075937539339066 - f1-score (micro avg)  0.9635
2025-12-22 22:32:48,643  - 4 epochs without improvement (above 'patience')-> annealing learning_rate to [0.025]
2025-12-22 22:32:48,644 ----------------------------------------------------------------------------------------------------
2025-12-22 22:32:49,825 epoch 94 - iter 2/29 - loss 0.09499327 - time (sec): 1.18 - samples/sec: 2429.37 - lr: 0.025000 - momentum: 0.000000
2025-12-22 22:32:50,901 epoch 94 - iter 4/29 - loss 0.09637820 - time (sec): 2.26 - samples/sec: 2484.65 - lr: 0.025000 - momentum: 0.000000
2025-12-22 22:32:52,304 epoch 94 - iter 6/29 - loss 0.09831265 - time (sec): 3.66 - samples/sec: 2492.32 - lr: 0.025000 - momentum: 0.000000
2025-12-22 22:32:53,652 epoch 94 - iter 8/29 - loss 0.09260007 - time (sec): 5.01 - samples/sec: 2478.43 - lr: 0.025000 - momentum: 0.000000
2025-12-22 22:32:54,997 epoch 94 - iter 10/29 - loss 0.09239888 - time (sec): 6.35 - samples/sec: 2470.62 - lr: 0.025000 - momentum: 0.000000
2025-12-22 22:32:56,397 epoch 94 - iter 12/29 - loss 0.09489549 - time (sec): 7.75 - samples/sec: 2439.18 - lr: 0.025000 - momentum: 0.000000
2025-12-22 22:32:57,915 epoch 94 - iter 14/29 - loss 0.09593207 - time (sec): 9.27 - samples/sec: 2413.83 - lr: 0.025000 - momentum: 0.000000
2025-12-22 22:32:59,511 epoch 94 - iter 16/29 - loss 0.09560403 - time (sec): 10.87 - samples/sec: 2359.93 - lr: 0.025000 - momentum: 0.000000
2025-12-22 22:33:01,209 epoch 94 - iter 18/29 - loss 0.09666497 - time (sec): 12.56 - samples/sec: 2292.21 - lr: 0.025000 - momentum: 0.000000
2025-12-22 22:33:02,666 epoch 94 - iter 20/29 - loss 0.09583715 - time (sec): 14.02 - samples/sec: 2294.72 - lr: 0.025000 - momentum: 0.000000
2025-12-22 22:33:04,083 epoch 94 - iter 22/29 - loss 0.09656940 - time (sec): 15.44 - samples/sec: 2308.53 - lr: 0.025000 - momentum: 0.000000
2025-12-22 22:33:05,416 epoch 94 - iter 24/29 - loss 0.09844909 - time (sec): 16.77 - samples/sec: 2320.28 - lr: 0.025000 - momentum: 0.000000
2025-12-22 22:33:07,016 epoch 94 - iter 26/29 - loss 0.09811183 - time (sec): 18.37 - samples/sec: 2317.96 - lr: 0.025000 - momentum: 0.000000
2025-12-22 22:33:08,261 epoch 94 - iter 28/29 - loss 0.09682812 - time (sec): 19.62 - samples/sec: 2332.95 - lr: 0.025000 - momentum: 0.000000
2025-12-22 22:33:08,718 ----------------------------------------------------------------------------------------------------
2025-12-22 22:33:08,718 EPOCH 94 done: loss 0.0970 - lr: 0.025000
2025-12-22 22:33:11,583 DEV : loss 0.12055910378694534 - f1-score (micro avg)  0.9639
2025-12-22 22:33:11,587  - 1 epochs without improvement
2025-12-22 22:33:11,589 ----------------------------------------------------------------------------------------------------
2025-12-22 22:33:13,717 epoch 95 - iter 2/29 - loss 0.10223501 - time (sec): 2.13 - samples/sec: 1739.09 - lr: 0.025000 - momentum: 0.000000
2025-12-22 22:33:15,363 epoch 95 - iter 4/29 - loss 0.09826231 - time (sec): 3.77 - samples/sec: 1929.01 - lr: 0.025000 - momentum: 0.000000
2025-12-22 22:33:16,633 epoch 95 - iter 6/29 - loss 0.09764281 - time (sec): 5.04 - samples/sec: 2074.30 - lr: 0.025000 - momentum: 0.000000
2025-12-22 22:33:18,138 epoch 95 - iter 8/29 - loss 0.09360810 - time (sec): 6.55 - samples/sec: 2055.45 - lr: 0.025000 - momentum: 0.000000
2025-12-22 22:33:19,367 epoch 95 - iter 10/29 - loss 0.09592305 - time (sec): 7.78 - samples/sec: 2118.10 - lr: 0.025000 - momentum: 0.000000
2025-12-22 22:33:20,554 epoch 95 - iter 12/29 - loss 0.09699278 - time (sec): 8.96 - samples/sec: 2203.09 - lr: 0.025000 - momentum: 0.000000
2025-12-22 22:33:22,262 epoch 95 - iter 14/29 - loss 0.09705067 - time (sec): 10.67 - samples/sec: 2187.16 - lr: 0.025000 - momentum: 0.000000
2025-12-22 22:33:23,637 epoch 95 - iter 16/29 - loss 0.09453817 - time (sec): 12.05 - samples/sec: 2205.43 - lr: 0.025000 - momentum: 0.000000
2025-12-22 22:33:25,249 epoch 95 - iter 18/29 - loss 0.09408801 - time (sec): 13.66 - samples/sec: 2150.41 - lr: 0.025000 - momentum: 0.000000
2025-12-22 22:33:26,743 epoch 95 - iter 20/29 - loss 0.09466289 - time (sec): 15.15 - samples/sec: 2154.66 - lr: 0.025000 - momentum: 0.000000
2025-12-22 22:33:27,983 epoch 95 - iter 22/29 - loss 0.09494409 - time (sec): 16.39 - samples/sec: 2204.11 - lr: 0.025000 - momentum: 0.000000
2025-12-22 22:33:29,526 epoch 95 - iter 24/29 - loss 0.09450553 - time (sec): 17.94 - samples/sec: 2203.29 - lr: 0.025000 - momentum: 0.000000
2025-12-22 22:33:30,984 epoch 95 - iter 26/29 - loss 0.09434404 - time (sec): 19.39 - samples/sec: 2207.18 - lr: 0.025000 - momentum: 0.000000
2025-12-22 22:33:32,376 epoch 95 - iter 28/29 - loss 0.09495204 - time (sec): 20.79 - samples/sec: 2209.57 - lr: 0.025000 - momentum: 0.000000
2025-12-22 22:33:33,051 ----------------------------------------------------------------------------------------------------
2025-12-22 22:33:33,051 EPOCH 95 done: loss 0.0951 - lr: 0.025000
2025-12-22 22:33:36,008 DEV : loss 0.12055882811546326 - f1-score (micro avg)  0.9642
2025-12-22 22:33:36,014  - 0 epochs without improvement
2025-12-22 22:33:36,015 saving best model
2025-12-22 22:33:36,034 ----------------------------------------------------------------------------------------------------
2025-12-22 22:33:37,307 epoch 96 - iter 2/29 - loss 0.09523248 - time (sec): 1.27 - samples/sec: 2459.51 - lr: 0.025000 - momentum: 0.000000
2025-12-22 22:33:38,885 epoch 96 - iter 4/29 - loss 0.09295765 - time (sec): 2.85 - samples/sec: 2420.17 - lr: 0.025000 - momentum: 0.000000
2025-12-22 22:33:40,313 epoch 96 - iter 6/29 - loss 0.09732964 - time (sec): 4.28 - samples/sec: 2373.68 - lr: 0.025000 - momentum: 0.000000
2025-12-22 22:33:41,875 epoch 96 - iter 8/29 - loss 0.09565799 - time (sec): 5.84 - samples/sec: 2312.12 - lr: 0.025000 - momentum: 0.000000
2025-12-22 22:33:43,180 epoch 96 - iter 10/29 - loss 0.09429005 - time (sec): 7.14 - samples/sec: 2332.51 - lr: 0.025000 - momentum: 0.000000
2025-12-22 22:33:44,266 epoch 96 - iter 12/29 - loss 0.09437265 - time (sec): 8.23 - samples/sec: 2368.25 - lr: 0.025000 - momentum: 0.000000
2025-12-22 22:33:45,345 epoch 96 - iter 14/29 - loss 0.09484171 - time (sec): 9.31 - samples/sec: 2417.58 - lr: 0.025000 - momentum: 0.000000
2025-12-22 22:33:46,627 epoch 96 - iter 16/29 - loss 0.09815271 - time (sec): 10.59 - samples/sec: 2408.03 - lr: 0.025000 - momentum: 0.000000
2025-12-22 22:33:47,959 epoch 96 - iter 18/29 - loss 0.09801986 - time (sec): 11.92 - samples/sec: 2403.39 - lr: 0.025000 - momentum: 0.000000
2025-12-22 22:33:49,822 epoch 96 - iter 20/29 - loss 0.09937658 - time (sec): 13.79 - samples/sec: 2322.13 - lr: 0.025000 - momentum: 0.000000
2025-12-22 22:33:51,140 epoch 96 - iter 22/29 - loss 0.10018485 - time (sec): 15.10 - samples/sec: 2348.70 - lr: 0.025000 - momentum: 0.000000
2025-12-22 22:33:52,610 epoch 96 - iter 24/29 - loss 0.10010938 - time (sec): 16.58 - samples/sec: 2350.98 - lr: 0.025000 - momentum: 0.000000
2025-12-22 22:33:54,225 epoch 96 - iter 26/29 - loss 0.10030118 - time (sec): 18.19 - samples/sec: 2333.54 - lr: 0.025000 - momentum: 0.000000
2025-12-22 22:33:55,470 epoch 96 - iter 28/29 - loss 0.10005523 - time (sec): 19.43 - samples/sec: 2364.67 - lr: 0.025000 - momentum: 0.000000
2025-12-22 22:33:55,971 ----------------------------------------------------------------------------------------------------
2025-12-22 22:33:55,971 EPOCH 96 done: loss 0.1000 - lr: 0.025000
2025-12-22 22:33:58,829 DEV : loss 0.12038151919841766 - f1-score (micro avg)  0.9633
2025-12-22 22:33:58,833  - 1 epochs without improvement
2025-12-22 22:33:58,834 ----------------------------------------------------------------------------------------------------
2025-12-22 22:34:00,003 epoch 97 - iter 2/29 - loss 0.09205956 - time (sec): 1.17 - samples/sec: 2703.16 - lr: 0.025000 - momentum: 0.000000
2025-12-22 22:34:01,879 epoch 97 - iter 4/29 - loss 0.09512778 - time (sec): 3.04 - samples/sec: 2265.76 - lr: 0.025000 - momentum: 0.000000
2025-12-22 22:34:03,289 epoch 97 - iter 6/29 - loss 0.09939642 - time (sec): 4.45 - samples/sec: 2266.94 - lr: 0.025000 - momentum: 0.000000
2025-12-22 22:34:04,549 epoch 97 - iter 8/29 - loss 0.10085095 - time (sec): 5.72 - samples/sec: 2285.74 - lr: 0.025000 - momentum: 0.000000
2025-12-22 22:34:05,599 epoch 97 - iter 10/29 - loss 0.10083760 - time (sec): 6.77 - samples/sec: 2356.97 - lr: 0.025000 - momentum: 0.000000
2025-12-22 22:34:06,915 epoch 97 - iter 12/29 - loss 0.10012882 - time (sec): 8.08 - samples/sec: 2396.80 - lr: 0.025000 - momentum: 0.000000
2025-12-22 22:34:08,226 epoch 97 - iter 14/29 - loss 0.10161323 - time (sec): 9.39 - samples/sec: 2419.00 - lr: 0.025000 - momentum: 0.000000
2025-12-22 22:34:09,509 epoch 97 - iter 16/29 - loss 0.10320716 - time (sec): 10.67 - samples/sec: 2421.27 - lr: 0.025000 - momentum: 0.000000
2025-12-22 22:34:10,957 epoch 97 - iter 18/29 - loss 0.10263276 - time (sec): 12.12 - samples/sec: 2392.57 - lr: 0.025000 - momentum: 0.000000
2025-12-22 22:34:12,447 epoch 97 - iter 20/29 - loss 0.10155266 - time (sec): 13.61 - samples/sec: 2391.02 - lr: 0.025000 - momentum: 0.000000
2025-12-22 22:34:13,960 epoch 97 - iter 22/29 - loss 0.10169013 - time (sec): 15.13 - samples/sec: 2383.77 - lr: 0.025000 - momentum: 0.000000
2025-12-22 22:34:15,404 epoch 97 - iter 24/29 - loss 0.10123395 - time (sec): 16.57 - samples/sec: 2407.70 - lr: 0.025000 - momentum: 0.000000
2025-12-22 22:34:16,577 epoch 97 - iter 26/29 - loss 0.10101964 - time (sec): 17.74 - samples/sec: 2419.74 - lr: 0.025000 - momentum: 0.000000
2025-12-22 22:34:17,823 epoch 97 - iter 28/29 - loss 0.10134439 - time (sec): 18.99 - samples/sec: 2426.82 - lr: 0.025000 - momentum: 0.000000
2025-12-22 22:34:18,281 ----------------------------------------------------------------------------------------------------
2025-12-22 22:34:18,282 EPOCH 97 done: loss 0.1007 - lr: 0.025000
2025-12-22 22:34:21,939 DEV : loss 0.12010814994573593 - f1-score (micro avg)  0.9639
2025-12-22 22:34:21,944  - 2 epochs without improvement
2025-12-22 22:34:21,945 ----------------------------------------------------------------------------------------------------
2025-12-22 22:34:23,494 epoch 98 - iter 2/29 - loss 0.08795693 - time (sec): 1.55 - samples/sec: 2167.39 - lr: 0.025000 - momentum: 0.000000
2025-12-22 22:34:24,841 epoch 98 - iter 4/29 - loss 0.09226688 - time (sec): 2.90 - samples/sec: 2296.90 - lr: 0.025000 - momentum: 0.000000
2025-12-22 22:34:26,146 epoch 98 - iter 6/29 - loss 0.09601705 - time (sec): 4.20 - samples/sec: 2338.37 - lr: 0.025000 - momentum: 0.000000
2025-12-22 22:40:14,041 epoch 98 - iter 8/29 - loss 0.09527426 - time (sec): 352.10 - samples/sec: 36.04 - lr: 0.025000 - momentum: 0.000000
2025-12-22 22:40:15,860 epoch 98 - iter 10/29 - loss 0.09297301 - time (sec): 353.91 - samples/sec: 45.34 - lr: 0.025000 - momentum: 0.000000
2025-12-22 22:40:17,284 epoch 98 - iter 12/29 - loss 0.09474727 - time (sec): 355.34 - samples/sec: 54.54 - lr: 0.025000 - momentum: 0.000000
2025-12-22 22:40:18,483 epoch 98 - iter 14/29 - loss 0.09577923 - time (sec): 356.54 - samples/sec: 63.27 - lr: 0.025000 - momentum: 0.000000
2025-12-22 22:40:19,751 epoch 98 - iter 16/29 - loss 0.09648037 - time (sec): 357.81 - samples/sec: 72.51 - lr: 0.025000 - momentum: 0.000000
2025-12-22 22:40:20,993 epoch 98 - iter 18/29 - loss 0.09521108 - time (sec): 359.05 - samples/sec: 81.60 - lr: 0.025000 - momentum: 0.000000
2025-12-22 22:40:22,372 epoch 98 - iter 20/29 - loss 0.09520674 - time (sec): 360.43 - samples/sec: 90.62 - lr: 0.025000 - momentum: 0.000000
2025-12-22 22:47:26,677 epoch 98 - iter 22/29 - loss 0.09571753 - time (sec): 784.73 - samples/sec: 45.78 - lr: 0.025000 - momentum: 0.000000
2025-12-22 22:47:28,856 epoch 98 - iter 24/29 - loss 0.09587571 - time (sec): 786.91 - samples/sec: 49.83 - lr: 0.025000 - momentum: 0.000000
2025-12-22 22:47:30,684 epoch 98 - iter 26/29 - loss 0.09540405 - time (sec): 788.74 - samples/sec: 54.28 - lr: 0.025000 - momentum: 0.000000
2025-12-22 22:47:32,408 epoch 98 - iter 28/29 - loss 0.09554616 - time (sec): 790.46 - samples/sec: 58.23 - lr: 0.025000 - momentum: 0.000000
2025-12-22 22:47:32,817 ----------------------------------------------------------------------------------------------------
2025-12-22 22:47:32,817 EPOCH 98 done: loss 0.0958 - lr: 0.025000
2025-12-22 22:47:36,875 DEV : loss 0.12005040794610977 - f1-score (micro avg)  0.9639
2025-12-22 22:47:36,881  - 3 epochs without improvement
2025-12-22 22:47:36,881 ----------------------------------------------------------------------------------------------------
2025-12-22 22:47:38,491 epoch 99 - iter 2/29 - loss 0.08857180 - time (sec): 1.61 - samples/sec: 1933.42 - lr: 0.025000 - momentum: 0.000000
2025-12-22 22:47:40,781 epoch 99 - iter 4/29 - loss 0.09751813 - time (sec): 3.90 - samples/sec: 1675.60 - lr: 0.025000 - momentum: 0.000000
2025-12-22 22:47:42,774 epoch 99 - iter 6/29 - loss 0.09423268 - time (sec): 5.89 - samples/sec: 1686.02 - lr: 0.025000 - momentum: 0.000000
2025-12-22 22:47:44,211 epoch 99 - iter 8/29 - loss 0.09106946 - time (sec): 7.33 - samples/sec: 1794.83 - lr: 0.025000 - momentum: 0.000000
2025-12-22 22:47:45,547 epoch 99 - iter 10/29 - loss 0.09155015 - time (sec): 8.66 - samples/sec: 1873.85 - lr: 0.025000 - momentum: 0.000000
2025-12-22 22:47:47,506 epoch 99 - iter 12/29 - loss 0.09074531 - time (sec): 10.62 - samples/sec: 1827.24 - lr: 0.025000 - momentum: 0.000000
2025-12-22 22:47:48,932 epoch 99 - iter 14/29 - loss 0.09066056 - time (sec): 12.05 - samples/sec: 1860.82 - lr: 0.025000 - momentum: 0.000000
2025-12-22 22:47:50,173 epoch 99 - iter 16/29 - loss 0.09183568 - time (sec): 13.29 - samples/sec: 1912.22 - lr: 0.025000 - momentum: 0.000000
2025-12-22 22:47:51,658 epoch 99 - iter 18/29 - loss 0.09301896 - time (sec): 14.78 - samples/sec: 1970.73 - lr: 0.025000 - momentum: 0.000000
2025-12-22 22:47:52,945 epoch 99 - iter 20/29 - loss 0.09358678 - time (sec): 16.06 - samples/sec: 2006.93 - lr: 0.025000 - momentum: 0.000000
2025-12-22 22:47:54,449 epoch 99 - iter 22/29 - loss 0.09403333 - time (sec): 17.57 - samples/sec: 2049.55 - lr: 0.025000 - momentum: 0.000000
2025-12-22 22:47:55,938 epoch 99 - iter 24/29 - loss 0.09514779 - time (sec): 19.06 - samples/sec: 2071.13 - lr: 0.025000 - momentum: 0.000000
2025-12-22 22:47:57,620 epoch 99 - iter 26/29 - loss 0.09683999 - time (sec): 20.74 - samples/sec: 2058.07 - lr: 0.025000 - momentum: 0.000000
2025-12-22 22:47:59,109 epoch 99 - iter 28/29 - loss 0.09737902 - time (sec): 22.23 - samples/sec: 2069.19 - lr: 0.025000 - momentum: 0.000000
2025-12-22 22:47:59,841 ----------------------------------------------------------------------------------------------------
2025-12-22 22:47:59,841 EPOCH 99 done: loss 0.0974 - lr: 0.025000
2025-12-22 22:48:03,264 DEV : loss 0.12047445774078369 - f1-score (micro avg)  0.9639
2025-12-22 22:48:03,269  - 4 epochs without improvement (above 'patience')-> annealing learning_rate to [0.0125]
2025-12-22 22:48:03,270 ----------------------------------------------------------------------------------------------------
2025-12-22 22:48:05,314 epoch 100 - iter 2/29 - loss 0.07811026 - time (sec): 2.04 - samples/sec: 1556.29 - lr: 0.012500 - momentum: 0.000000
2025-12-22 22:48:06,712 epoch 100 - iter 4/29 - loss 0.08554912 - time (sec): 3.44 - samples/sec: 1919.87 - lr: 0.012500 - momentum: 0.000000
2025-12-22 22:48:08,180 epoch 100 - iter 6/29 - loss 0.09230061 - time (sec): 4.91 - samples/sec: 2040.82 - lr: 0.012500 - momentum: 0.000000
2025-12-22 22:48:09,669 epoch 100 - iter 8/29 - loss 0.09334749 - time (sec): 6.40 - samples/sec: 2111.06 - lr: 0.012500 - momentum: 0.000000
2025-12-22 22:48:11,200 epoch 100 - iter 10/29 - loss 0.09382970 - time (sec): 7.93 - samples/sec: 2104.44 - lr: 0.012500 - momentum: 0.000000
2025-12-22 22:48:12,527 epoch 100 - iter 12/29 - loss 0.09245497 - time (sec): 9.26 - samples/sec: 2144.00 - lr: 0.012500 - momentum: 0.000000
2025-12-22 22:48:13,708 epoch 100 - iter 14/29 - loss 0.09367863 - time (sec): 10.44 - samples/sec: 2202.10 - lr: 0.012500 - momentum: 0.000000
2025-12-22 22:48:14,927 epoch 100 - iter 16/29 - loss 0.09474022 - time (sec): 11.66 - samples/sec: 2233.13 - lr: 0.012500 - momentum: 0.000000
2025-12-22 22:48:16,585 epoch 100 - iter 18/29 - loss 0.09499678 - time (sec): 13.31 - samples/sec: 2198.88 - lr: 0.012500 - momentum: 0.000000
2025-12-22 22:48:17,670 epoch 100 - iter 20/29 - loss 0.09495827 - time (sec): 14.40 - samples/sec: 2271.84 - lr: 0.012500 - momentum: 0.000000
2025-12-22 22:48:19,259 epoch 100 - iter 22/29 - loss 0.09374452 - time (sec): 15.99 - samples/sec: 2252.58 - lr: 0.012500 - momentum: 0.000000
2025-12-22 22:48:20,423 epoch 100 - iter 24/29 - loss 0.09415743 - time (sec): 17.15 - samples/sec: 2305.16 - lr: 0.012500 - momentum: 0.000000
2025-12-22 22:48:21,646 epoch 100 - iter 26/29 - loss 0.09469359 - time (sec): 18.38 - samples/sec: 2340.41 - lr: 0.012500 - momentum: 0.000000
2025-12-22 22:48:22,757 epoch 100 - iter 28/29 - loss 0.09637010 - time (sec): 19.49 - samples/sec: 2363.37 - lr: 0.012500 - momentum: 0.000000
2025-12-22 22:48:23,182 ----------------------------------------------------------------------------------------------------
2025-12-22 22:48:23,183 EPOCH 100 done: loss 0.0968 - lr: 0.012500
2025-12-22 22:48:25,965 DEV : loss 0.1198815181851387 - f1-score (micro avg)  0.9638
2025-12-22 22:48:25,969  - 1 epochs without improvement
2025-12-22 22:48:25,969 ----------------------------------------------------------------------------------------------------
2025-12-22 22:48:27,343 epoch 101 - iter 2/29 - loss 0.08096131 - time (sec): 1.37 - samples/sec: 2475.78 - lr: 0.012500 - momentum: 0.000000
2025-12-22 22:48:28,855 epoch 101 - iter 4/29 - loss 0.08739814 - time (sec): 2.89 - samples/sec: 2335.30 - lr: 0.012500 - momentum: 0.000000
2025-12-22 22:48:30,054 epoch 101 - iter 6/29 - loss 0.09238788 - time (sec): 4.08 - samples/sec: 2426.61 - lr: 0.012500 - momentum: 0.000000
2025-12-22 22:48:31,141 epoch 101 - iter 8/29 - loss 0.09392452 - time (sec): 5.17 - samples/sec: 2497.43 - lr: 0.012500 - momentum: 0.000000
2025-12-22 22:48:32,003 epoch 101 - iter 10/29 - loss 0.09223013 - time (sec): 6.03 - samples/sec: 2571.10 - lr: 0.012500 - momentum: 0.000000
2025-12-22 22:48:33,288 epoch 101 - iter 12/29 - loss 0.09161575 - time (sec): 7.32 - samples/sec: 2569.64 - lr: 0.012500 - momentum: 0.000000
2025-12-22 22:48:34,571 epoch 101 - iter 14/29 - loss 0.09099201 - time (sec): 8.60 - samples/sec: 2534.72 - lr: 0.012500 - momentum: 0.000000
2025-12-22 22:48:35,526 epoch 101 - iter 16/29 - loss 0.09421906 - time (sec): 9.56 - samples/sec: 2581.69 - lr: 0.012500 - momentum: 0.000000
2025-12-22 22:48:37,026 epoch 101 - iter 18/29 - loss 0.09370555 - time (sec): 11.06 - samples/sec: 2539.45 - lr: 0.012500 - momentum: 0.000000
2025-12-22 22:48:38,183 epoch 101 - iter 20/29 - loss 0.09458051 - time (sec): 12.21 - samples/sec: 2568.76 - lr: 0.012500 - momentum: 0.000000
2025-12-22 22:48:39,531 epoch 101 - iter 22/29 - loss 0.09604628 - time (sec): 13.56 - samples/sec: 2566.13 - lr: 0.012500 - momentum: 0.000000
2025-12-22 22:48:40,879 epoch 101 - iter 24/29 - loss 0.09508432 - time (sec): 14.91 - samples/sec: 2572.37 - lr: 0.012500 - momentum: 0.000000
2025-12-22 22:48:42,185 epoch 101 - iter 26/29 - loss 0.09625974 - time (sec): 16.22 - samples/sec: 2583.72 - lr: 0.012500 - momentum: 0.000000
2025-12-22 22:48:43,873 epoch 101 - iter 28/29 - loss 0.09685257 - time (sec): 17.90 - samples/sec: 2541.16 - lr: 0.012500 - momentum: 0.000000
2025-12-22 22:48:44,568 ----------------------------------------------------------------------------------------------------
2025-12-22 22:48:44,568 EPOCH 101 done: loss 0.0972 - lr: 0.012500
2025-12-22 22:48:47,300 DEV : loss 0.11974239349365234 - f1-score (micro avg)  0.9642
2025-12-22 22:48:47,304  - 0 epochs without improvement
2025-12-22 22:48:47,304 saving best model
2025-12-22 22:48:47,317 ----------------------------------------------------------------------------------------------------
2025-12-22 22:48:48,517 epoch 102 - iter 2/29 - loss 0.08849200 - time (sec): 1.20 - samples/sec: 3048.66 - lr: 0.012500 - momentum: 0.000000
2025-12-22 22:48:49,963 epoch 102 - iter 4/29 - loss 0.09060835 - time (sec): 2.65 - samples/sec: 2615.10 - lr: 0.012500 - momentum: 0.000000
2025-12-22 22:48:51,151 epoch 102 - iter 6/29 - loss 0.09424319 - time (sec): 3.83 - samples/sec: 2622.92 - lr: 0.012500 - momentum: 0.000000
2025-12-22 22:48:52,214 epoch 102 - iter 8/29 - loss 0.09606070 - time (sec): 4.90 - samples/sec: 2640.30 - lr: 0.012500 - momentum: 0.000000
2025-12-22 22:48:53,380 epoch 102 - iter 10/29 - loss 0.09559771 - time (sec): 6.06 - samples/sec: 2634.31 - lr: 0.012500 - momentum: 0.000000
2025-12-22 22:48:54,582 epoch 102 - iter 12/29 - loss 0.09676541 - time (sec): 7.27 - samples/sec: 2591.98 - lr: 0.012500 - momentum: 0.000000
2025-12-22 22:48:55,639 epoch 102 - iter 14/29 - loss 0.09606388 - time (sec): 8.32 - samples/sec: 2627.00 - lr: 0.012500 - momentum: 0.000000
2025-12-22 22:48:56,835 epoch 102 - iter 16/29 - loss 0.09791170 - time (sec): 9.52 - samples/sec: 2649.48 - lr: 0.012500 - momentum: 0.000000
2025-12-22 22:48:58,134 epoch 102 - iter 18/29 - loss 0.09874031 - time (sec): 10.82 - samples/sec: 2640.42 - lr: 0.012500 - momentum: 0.000000
2025-12-22 22:48:59,363 epoch 102 - iter 20/29 - loss 0.09691611 - time (sec): 12.05 - samples/sec: 2667.22 - lr: 0.012500 - momentum: 0.000000
2025-12-22 22:49:00,670 epoch 102 - iter 22/29 - loss 0.09652299 - time (sec): 13.35 - samples/sec: 2658.15 - lr: 0.012500 - momentum: 0.000000
2025-12-22 22:49:01,713 epoch 102 - iter 24/29 - loss 0.09537233 - time (sec): 14.40 - samples/sec: 2693.06 - lr: 0.012500 - momentum: 0.000000
2025-12-22 22:49:02,808 epoch 102 - iter 26/29 - loss 0.09582084 - time (sec): 15.49 - samples/sec: 2704.41 - lr: 0.012500 - momentum: 0.000000
2025-12-22 22:49:04,316 epoch 102 - iter 28/29 - loss 0.09424387 - time (sec): 17.00 - samples/sec: 2678.45 - lr: 0.012500 - momentum: 0.000000
2025-12-22 22:49:04,803 ----------------------------------------------------------------------------------------------------
2025-12-22 22:49:04,803 EPOCH 102 done: loss 0.0944 - lr: 0.012500
2025-12-22 22:49:07,325 DEV : loss 0.11994103342294693 - f1-score (micro avg)  0.964
2025-12-22 22:49:07,330  - 1 epochs without improvement
2025-12-22 22:49:07,331 ----------------------------------------------------------------------------------------------------
2025-12-22 22:49:08,513 epoch 103 - iter 2/29 - loss 0.10307294 - time (sec): 1.18 - samples/sec: 2736.36 - lr: 0.012500 - momentum: 0.000000
2025-12-22 22:49:09,528 epoch 103 - iter 4/29 - loss 0.09704434 - time (sec): 2.20 - samples/sec: 2810.17 - lr: 0.012500 - momentum: 0.000000
2025-12-22 22:49:10,539 epoch 103 - iter 6/29 - loss 0.10387061 - time (sec): 3.21 - samples/sec: 2934.79 - lr: 0.012500 - momentum: 0.000000
2025-12-22 22:49:11,788 epoch 103 - iter 8/29 - loss 0.10561123 - time (sec): 4.46 - samples/sec: 2857.17 - lr: 0.012500 - momentum: 0.000000
2025-12-22 22:49:12,869 epoch 103 - iter 10/29 - loss 0.10237414 - time (sec): 5.54 - samples/sec: 2892.13 - lr: 0.012500 - momentum: 0.000000
2025-12-22 22:49:13,953 epoch 103 - iter 12/29 - loss 0.10291834 - time (sec): 6.62 - samples/sec: 2889.65 - lr: 0.012500 - momentum: 0.000000
2025-12-22 22:49:15,222 epoch 103 - iter 14/29 - loss 0.10434760 - time (sec): 7.89 - samples/sec: 2862.43 - lr: 0.012500 - momentum: 0.000000
2025-12-22 22:49:16,336 epoch 103 - iter 16/29 - loss 0.10173183 - time (sec): 9.00 - samples/sec: 2884.73 - lr: 0.012500 - momentum: 0.000000
2025-12-22 22:49:17,629 epoch 103 - iter 18/29 - loss 0.09986303 - time (sec): 10.30 - samples/sec: 2832.43 - lr: 0.012500 - momentum: 0.000000
2025-12-22 22:49:18,728 epoch 103 - iter 20/29 - loss 0.09817166 - time (sec): 11.40 - samples/sec: 2853.50 - lr: 0.012500 - momentum: 0.000000
2025-12-22 22:49:20,250 epoch 103 - iter 22/29 - loss 0.09697101 - time (sec): 12.92 - samples/sec: 2785.48 - lr: 0.012500 - momentum: 0.000000
2025-12-22 22:49:21,337 epoch 103 - iter 24/29 - loss 0.09550928 - time (sec): 14.01 - samples/sec: 2795.46 - lr: 0.012500 - momentum: 0.000000
2025-12-22 22:49:22,356 epoch 103 - iter 26/29 - loss 0.09459084 - time (sec): 15.02 - samples/sec: 2821.83 - lr: 0.012500 - momentum: 0.000000
2025-12-22 22:49:23,840 epoch 103 - iter 28/29 - loss 0.09388154 - time (sec): 16.51 - samples/sec: 2775.49 - lr: 0.012500 - momentum: 0.000000
2025-12-22 22:49:24,395 ----------------------------------------------------------------------------------------------------
2025-12-22 22:49:24,396 EPOCH 103 done: loss 0.0936 - lr: 0.012500
2025-12-22 22:49:26,904 DEV : loss 0.12008614093065262 - f1-score (micro avg)  0.9638
2025-12-22 22:49:26,907  - 2 epochs without improvement
2025-12-22 22:49:26,908 ----------------------------------------------------------------------------------------------------
2025-12-22 22:49:28,170 epoch 104 - iter 2/29 - loss 0.08388438 - time (sec): 1.26 - samples/sec: 2677.33 - lr: 0.012500 - momentum: 0.000000
2025-12-22 22:49:29,238 epoch 104 - iter 4/29 - loss 0.08543002 - time (sec): 2.33 - samples/sec: 2816.23 - lr: 0.012500 - momentum: 0.000000
2025-12-22 22:49:30,498 epoch 104 - iter 6/29 - loss 0.08774997 - time (sec): 3.59 - samples/sec: 2742.88 - lr: 0.012500 - momentum: 0.000000
2025-12-22 22:49:31,609 epoch 104 - iter 8/29 - loss 0.09096901 - time (sec): 4.70 - samples/sec: 2798.38 - lr: 0.012500 - momentum: 0.000000
2025-12-22 22:49:32,685 epoch 104 - iter 10/29 - loss 0.09199026 - time (sec): 5.78 - samples/sec: 2876.01 - lr: 0.012500 - momentum: 0.000000
2025-12-22 22:49:33,822 epoch 104 - iter 12/29 - loss 0.09252712 - time (sec): 6.91 - samples/sec: 2870.29 - lr: 0.012500 - momentum: 0.000000
2025-12-22 22:49:34,940 epoch 104 - iter 14/29 - loss 0.09242880 - time (sec): 8.03 - samples/sec: 2827.98 - lr: 0.012500 - momentum: 0.000000
2025-12-22 22:49:36,148 epoch 104 - iter 16/29 - loss 0.09133720 - time (sec): 9.24 - samples/sec: 2826.26 - lr: 0.012500 - momentum: 0.000000
2025-12-22 22:49:37,256 epoch 104 - iter 18/29 - loss 0.09148175 - time (sec): 10.35 - samples/sec: 2819.32 - lr: 0.012500 - momentum: 0.000000
2025-12-22 22:49:38,703 epoch 104 - iter 20/29 - loss 0.09148602 - time (sec): 11.80 - samples/sec: 2754.05 - lr: 0.012500 - momentum: 0.000000
2025-12-22 22:49:39,896 epoch 104 - iter 22/29 - loss 0.09149069 - time (sec): 12.99 - samples/sec: 2758.72 - lr: 0.012500 - momentum: 0.000000
2025-12-22 22:49:41,230 epoch 104 - iter 24/29 - loss 0.09269625 - time (sec): 14.32 - samples/sec: 2740.33 - lr: 0.012500 - momentum: 0.000000
2025-12-22 22:49:42,510 epoch 104 - iter 26/29 - loss 0.09250906 - time (sec): 15.60 - samples/sec: 2738.32 - lr: 0.012500 - momentum: 0.000000
2025-12-22 22:49:43,536 epoch 104 - iter 28/29 - loss 0.09235968 - time (sec): 16.63 - samples/sec: 2762.34 - lr: 0.012500 - momentum: 0.000000
2025-12-22 22:49:44,091 ----------------------------------------------------------------------------------------------------
2025-12-22 22:49:44,091 EPOCH 104 done: loss 0.0932 - lr: 0.012500
2025-12-22 22:49:46,768 DEV : loss 0.11995244771242142 - f1-score (micro avg)  0.964
2025-12-22 22:49:46,772  - 3 epochs without improvement
2025-12-22 22:49:46,773 ----------------------------------------------------------------------------------------------------
2025-12-22 22:49:47,884 epoch 105 - iter 2/29 - loss 0.08108806 - time (sec): 1.11 - samples/sec: 2819.31 - lr: 0.012500 - momentum: 0.000000
2025-12-22 22:49:49,269 epoch 105 - iter 4/29 - loss 0.09218577 - time (sec): 2.50 - samples/sec: 2529.09 - lr: 0.012500 - momentum: 0.000000
2025-12-22 22:49:50,273 epoch 105 - iter 6/29 - loss 0.08714200 - time (sec): 3.50 - samples/sec: 2634.56 - lr: 0.012500 - momentum: 0.000000
2025-12-22 22:49:51,607 epoch 105 - iter 8/29 - loss 0.08796467 - time (sec): 4.83 - samples/sec: 2575.83 - lr: 0.012500 - momentum: 0.000000
2025-12-22 22:49:52,692 epoch 105 - iter 10/29 - loss 0.08820762 - time (sec): 5.92 - samples/sec: 2626.20 - lr: 0.012500 - momentum: 0.000000
2025-12-22 22:49:54,231 epoch 105 - iter 12/29 - loss 0.08965453 - time (sec): 7.46 - samples/sec: 2562.02 - lr: 0.012500 - momentum: 0.000000
2025-12-22 22:49:56,278 epoch 105 - iter 14/29 - loss 0.08804219 - time (sec): 9.50 - samples/sec: 2382.15 - lr: 0.012500 - momentum: 0.000000
2025-12-22 22:49:57,547 epoch 105 - iter 16/29 - loss 0.08962242 - time (sec): 10.77 - samples/sec: 2406.30 - lr: 0.012500 - momentum: 0.000000
2025-12-22 22:49:59,041 epoch 105 - iter 18/29 - loss 0.09011231 - time (sec): 12.27 - samples/sec: 2400.33 - lr: 0.012500 - momentum: 0.000000
2025-12-22 22:50:00,525 epoch 105 - iter 20/29 - loss 0.09087845 - time (sec): 13.75 - samples/sec: 2413.58 - lr: 0.012500 - momentum: 0.000000
2025-12-22 22:50:01,838 epoch 105 - iter 22/29 - loss 0.09147410 - time (sec): 15.06 - samples/sec: 2420.04 - lr: 0.012500 - momentum: 0.000000
2025-12-22 22:50:03,383 epoch 105 - iter 24/29 - loss 0.09166282 - time (sec): 16.61 - samples/sec: 2404.23 - lr: 0.012500 - momentum: 0.000000
2025-12-22 22:50:04,413 epoch 105 - iter 26/29 - loss 0.09220457 - time (sec): 17.64 - samples/sec: 2432.21 - lr: 0.012500 - momentum: 0.000000
2025-12-22 22:50:05,641 epoch 105 - iter 28/29 - loss 0.09247413 - time (sec): 18.87 - samples/sec: 2437.93 - lr: 0.012500 - momentum: 0.000000
2025-12-22 22:50:06,173 ----------------------------------------------------------------------------------------------------
2025-12-22 22:50:06,173 EPOCH 105 done: loss 0.0925 - lr: 0.012500
2025-12-22 22:50:08,847 DEV : loss 0.11939701437950134 - f1-score (micro avg)  0.9639
2025-12-22 22:50:08,851  - 4 epochs without improvement (above 'patience')-> annealing learning_rate to [0.00625]
2025-12-22 22:50:08,852 ----------------------------------------------------------------------------------------------------
2025-12-22 22:50:10,050 epoch 106 - iter 2/29 - loss 0.08651131 - time (sec): 1.20 - samples/sec: 2702.42 - lr: 0.006250 - momentum: 0.000000
2025-12-22 22:50:11,310 epoch 106 - iter 4/29 - loss 0.09156995 - time (sec): 2.46 - samples/sec: 2503.95 - lr: 0.006250 - momentum: 0.000000
2025-12-22 22:50:12,386 epoch 106 - iter 6/29 - loss 0.09416399 - time (sec): 3.53 - samples/sec: 2721.08 - lr: 0.006250 - momentum: 0.000000
2025-12-22 22:50:13,569 epoch 106 - iter 8/29 - loss 0.09098461 - time (sec): 4.72 - samples/sec: 2822.78 - lr: 0.006250 - momentum: 0.000000
2025-12-22 22:50:14,616 epoch 106 - iter 10/29 - loss 0.09480772 - time (sec): 5.76 - samples/sec: 2901.98 - lr: 0.006250 - momentum: 0.000000
2025-12-22 22:50:15,638 epoch 106 - iter 12/29 - loss 0.09343489 - time (sec): 6.79 - samples/sec: 2865.43 - lr: 0.006250 - momentum: 0.000000
2025-12-22 22:50:16,891 epoch 106 - iter 14/29 - loss 0.09299231 - time (sec): 8.04 - samples/sec: 2852.86 - lr: 0.006250 - momentum: 0.000000
2025-12-22 22:50:18,129 epoch 106 - iter 16/29 - loss 0.09418345 - time (sec): 9.28 - samples/sec: 2818.37 - lr: 0.006250 - momentum: 0.000000
2025-12-22 22:50:19,611 epoch 106 - iter 18/29 - loss 0.09466829 - time (sec): 10.76 - samples/sec: 2752.30 - lr: 0.006250 - momentum: 0.000000
2025-12-22 22:50:20,832 epoch 106 - iter 20/29 - loss 0.09339965 - time (sec): 11.98 - samples/sec: 2739.55 - lr: 0.006250 - momentum: 0.000000
2025-12-22 22:50:22,363 epoch 106 - iter 22/29 - loss 0.09305781 - time (sec): 13.51 - samples/sec: 2690.11 - lr: 0.006250 - momentum: 0.000000
2025-12-22 22:50:23,627 epoch 106 - iter 24/29 - loss 0.09411953 - time (sec): 14.77 - samples/sec: 2656.57 - lr: 0.006250 - momentum: 0.000000
2025-12-22 22:50:24,660 epoch 106 - iter 26/29 - loss 0.09472580 - time (sec): 15.81 - samples/sec: 2678.79 - lr: 0.006250 - momentum: 0.000000
2025-12-22 22:50:25,727 epoch 106 - iter 28/29 - loss 0.09420220 - time (sec): 16.87 - samples/sec: 2713.61 - lr: 0.006250 - momentum: 0.000000
2025-12-22 22:50:26,408 ----------------------------------------------------------------------------------------------------
2025-12-22 22:50:26,408 EPOCH 106 done: loss 0.0941 - lr: 0.006250
2025-12-22 22:50:28,842 DEV : loss 0.12008097767829895 - f1-score (micro avg)  0.9634
2025-12-22 22:50:28,846  - 1 epochs without improvement
2025-12-22 22:50:28,847 ----------------------------------------------------------------------------------------------------
2025-12-22 22:50:29,969 epoch 107 - iter 2/29 - loss 0.09543251 - time (sec): 1.12 - samples/sec: 2811.50 - lr: 0.006250 - momentum: 0.000000
2025-12-22 22:50:31,336 epoch 107 - iter 4/29 - loss 0.09671505 - time (sec): 2.49 - samples/sec: 2641.07 - lr: 0.006250 - momentum: 0.000000
2025-12-22 22:50:32,391 epoch 107 - iter 6/29 - loss 0.09478950 - time (sec): 3.54 - samples/sec: 2758.72 - lr: 0.006250 - momentum: 0.000000
2025-12-22 22:50:33,650 epoch 107 - iter 8/29 - loss 0.09416738 - time (sec): 4.80 - samples/sec: 2702.97 - lr: 0.006250 - momentum: 0.000000
2025-12-22 22:50:34,819 epoch 107 - iter 10/29 - loss 0.09417382 - time (sec): 5.97 - samples/sec: 2637.11 - lr: 0.006250 - momentum: 0.000000
2025-12-22 22:50:36,116 epoch 107 - iter 12/29 - loss 0.09764367 - time (sec): 7.27 - samples/sec: 2605.49 - lr: 0.006250 - momentum: 0.000000
2025-12-22 22:50:37,324 epoch 107 - iter 14/29 - loss 0.09610122 - time (sec): 8.48 - samples/sec: 2614.49 - lr: 0.006250 - momentum: 0.000000
2025-12-22 22:50:38,692 epoch 107 - iter 16/29 - loss 0.09681579 - time (sec): 9.84 - samples/sec: 2609.32 - lr: 0.006250 - momentum: 0.000000
2025-12-22 22:50:39,821 epoch 107 - iter 18/29 - loss 0.09701484 - time (sec): 10.97 - samples/sec: 2647.65 - lr: 0.006250 - momentum: 0.000000
2025-12-22 22:50:40,865 epoch 107 - iter 20/29 - loss 0.09609754 - time (sec): 12.02 - samples/sec: 2699.09 - lr: 0.006250 - momentum: 0.000000
2025-12-22 22:50:42,113 epoch 107 - iter 22/29 - loss 0.09580729 - time (sec): 13.27 - samples/sec: 2669.97 - lr: 0.006250 - momentum: 0.000000
2025-12-22 22:50:43,319 epoch 107 - iter 24/29 - loss 0.09453827 - time (sec): 14.47 - samples/sec: 2693.23 - lr: 0.006250 - momentum: 0.000000
2025-12-22 22:50:44,268 epoch 107 - iter 26/29 - loss 0.09387257 - time (sec): 15.42 - samples/sec: 2734.34 - lr: 0.006250 - momentum: 0.000000
2025-12-22 22:50:45,672 epoch 107 - iter 28/29 - loss 0.09292474 - time (sec): 16.82 - samples/sec: 2727.71 - lr: 0.006250 - momentum: 0.000000
2025-12-22 22:50:46,104 ----------------------------------------------------------------------------------------------------
2025-12-22 22:50:46,105 EPOCH 107 done: loss 0.0928 - lr: 0.006250
2025-12-22 22:50:48,994 DEV : loss 0.11981712281703949 - f1-score (micro avg)  0.9639
2025-12-22 22:50:48,998  - 2 epochs without improvement
2025-12-22 22:50:48,998 ----------------------------------------------------------------------------------------------------
2025-12-22 22:50:50,360 epoch 108 - iter 2/29 - loss 0.10623574 - time (sec): 1.36 - samples/sec: 2515.36 - lr: 0.006250 - momentum: 0.000000
2025-12-22 22:50:51,575 epoch 108 - iter 4/29 - loss 0.10107128 - time (sec): 2.58 - samples/sec: 2512.31 - lr: 0.006250 - momentum: 0.000000
2025-12-22 22:50:52,703 epoch 108 - iter 6/29 - loss 0.10011788 - time (sec): 3.70 - samples/sec: 2705.15 - lr: 0.006250 - momentum: 0.000000
2025-12-22 22:50:53,862 epoch 108 - iter 8/29 - loss 0.09812540 - time (sec): 4.86 - samples/sec: 2733.98 - lr: 0.006250 - momentum: 0.000000
2025-12-22 22:50:55,065 epoch 108 - iter 10/29 - loss 0.09778065 - time (sec): 6.07 - samples/sec: 2678.78 - lr: 0.006250 - momentum: 0.000000
2025-12-22 22:50:56,178 epoch 108 - iter 12/29 - loss 0.09872896 - time (sec): 7.18 - samples/sec: 2683.77 - lr: 0.006250 - momentum: 0.000000
2025-12-22 22:50:57,254 epoch 108 - iter 14/29 - loss 0.09786266 - time (sec): 8.26 - samples/sec: 2727.99 - lr: 0.006250 - momentum: 0.000000
2025-12-22 22:50:58,324 epoch 108 - iter 16/29 - loss 0.09526789 - time (sec): 9.33 - samples/sec: 2768.91 - lr: 0.006250 - momentum: 0.000000
2025-12-22 22:50:59,399 epoch 108 - iter 18/29 - loss 0.09545728 - time (sec): 10.40 - samples/sec: 2789.55 - lr: 0.006250 - momentum: 0.000000
2025-12-22 22:51:00,599 epoch 108 - iter 20/29 - loss 0.09484983 - time (sec): 11.60 - samples/sec: 2777.52 - lr: 0.006250 - momentum: 0.000000
2025-12-22 22:51:01,857 epoch 108 - iter 22/29 - loss 0.09508556 - time (sec): 12.86 - samples/sec: 2767.72 - lr: 0.006250 - momentum: 0.000000
2025-12-22 22:51:03,223 epoch 108 - iter 24/29 - loss 0.09419921 - time (sec): 14.22 - samples/sec: 2747.94 - lr: 0.006250 - momentum: 0.000000
2025-12-22 22:51:04,377 epoch 108 - iter 26/29 - loss 0.09371106 - time (sec): 15.38 - samples/sec: 2765.51 - lr: 0.006250 - momentum: 0.000000
2025-12-22 22:51:05,636 epoch 108 - iter 28/29 - loss 0.09329001 - time (sec): 16.64 - samples/sec: 2764.25 - lr: 0.006250 - momentum: 0.000000
2025-12-22 22:51:06,007 ----------------------------------------------------------------------------------------------------
2025-12-22 22:51:06,007 EPOCH 108 done: loss 0.0939 - lr: 0.006250
2025-12-22 22:51:08,972 DEV : loss 0.1196240484714508 - f1-score (micro avg)  0.9638
2025-12-22 22:51:08,976  - 3 epochs without improvement
2025-12-22 22:51:08,977 ----------------------------------------------------------------------------------------------------
2025-12-22 22:51:10,282 epoch 109 - iter 2/29 - loss 0.09100413 - time (sec): 1.30 - samples/sec: 2632.04 - lr: 0.006250 - momentum: 0.000000
2025-12-22 22:51:11,326 epoch 109 - iter 4/29 - loss 0.09556488 - time (sec): 2.35 - samples/sec: 2779.69 - lr: 0.006250 - momentum: 0.000000
2025-12-22 22:51:12,366 epoch 109 - iter 6/29 - loss 0.08984659 - time (sec): 3.39 - samples/sec: 2842.55 - lr: 0.006250 - momentum: 0.000000
2025-12-22 22:51:13,564 epoch 109 - iter 8/29 - loss 0.08710235 - time (sec): 4.59 - samples/sec: 2863.39 - lr: 0.006250 - momentum: 0.000000
2025-12-22 22:51:14,744 epoch 109 - iter 10/29 - loss 0.08707588 - time (sec): 5.77 - samples/sec: 2817.49 - lr: 0.006250 - momentum: 0.000000
2025-12-22 22:51:15,727 epoch 109 - iter 12/29 - loss 0.08647850 - time (sec): 6.75 - samples/sec: 2784.29 - lr: 0.006250 - momentum: 0.000000
2025-12-22 22:51:16,829 epoch 109 - iter 14/29 - loss 0.08766840 - time (sec): 7.85 - samples/sec: 2790.73 - lr: 0.006250 - momentum: 0.000000
2025-12-22 22:51:18,075 epoch 109 - iter 16/29 - loss 0.08688816 - time (sec): 9.10 - samples/sec: 2776.71 - lr: 0.006250 - momentum: 0.000000
2025-12-22 22:51:19,076 epoch 109 - iter 18/29 - loss 0.08736213 - time (sec): 10.10 - samples/sec: 2814.04 - lr: 0.006250 - momentum: 0.000000
2025-12-22 22:51:20,337 epoch 109 - iter 20/29 - loss 0.08725775 - time (sec): 11.36 - samples/sec: 2801.87 - lr: 0.006250 - momentum: 0.000000
2025-12-22 22:51:21,832 epoch 109 - iter 22/29 - loss 0.08799623 - time (sec): 12.85 - samples/sec: 2773.82 - lr: 0.006250 - momentum: 0.000000
2025-12-22 22:51:23,164 epoch 109 - iter 24/29 - loss 0.08725665 - time (sec): 14.19 - samples/sec: 2758.48 - lr: 0.006250 - momentum: 0.000000
2025-12-22 22:51:24,300 epoch 109 - iter 26/29 - loss 0.08795893 - time (sec): 15.32 - samples/sec: 2760.18 - lr: 0.006250 - momentum: 0.000000
2025-12-22 22:51:25,538 epoch 109 - iter 28/29 - loss 0.08871792 - time (sec): 16.56 - samples/sec: 2768.30 - lr: 0.006250 - momentum: 0.000000
2025-12-22 22:51:25,931 ----------------------------------------------------------------------------------------------------
2025-12-22 22:51:25,931 EPOCH 109 done: loss 0.0888 - lr: 0.006250
2025-12-22 22:51:28,545 DEV : loss 0.11976684629917145 - f1-score (micro avg)  0.9639
2025-12-22 22:51:28,550  - 4 epochs without improvement (above 'patience')-> annealing learning_rate to [0.003125]
2025-12-22 22:51:28,551 ----------------------------------------------------------------------------------------------------
2025-12-22 22:51:29,601 epoch 110 - iter 2/29 - loss 0.09841565 - time (sec): 1.05 - samples/sec: 3405.15 - lr: 0.003125 - momentum: 0.000000
2025-12-22 22:51:30,656 epoch 110 - iter 4/29 - loss 0.09393781 - time (sec): 2.11 - samples/sec: 3215.24 - lr: 0.003125 - momentum: 0.000000
2025-12-22 22:51:31,796 epoch 110 - iter 6/29 - loss 0.09416983 - time (sec): 3.24 - samples/sec: 3000.68 - lr: 0.003125 - momentum: 0.000000
2025-12-22 22:51:32,826 epoch 110 - iter 8/29 - loss 0.09134793 - time (sec): 4.28 - samples/sec: 2949.99 - lr: 0.003125 - momentum: 0.000000
2025-12-22 22:51:33,955 epoch 110 - iter 10/29 - loss 0.08936377 - time (sec): 5.40 - samples/sec: 2939.69 - lr: 0.003125 - momentum: 0.000000
2025-12-22 22:51:35,336 epoch 110 - iter 12/29 - loss 0.08932627 - time (sec): 6.79 - samples/sec: 2834.71 - lr: 0.003125 - momentum: 0.000000
2025-12-22 22:51:36,510 epoch 110 - iter 14/29 - loss 0.08991074 - time (sec): 7.96 - samples/sec: 2798.63 - lr: 0.003125 - momentum: 0.000000
2025-12-22 22:51:38,028 epoch 110 - iter 16/29 - loss 0.09106211 - time (sec): 9.48 - samples/sec: 2735.42 - lr: 0.003125 - momentum: 0.000000
2025-12-22 22:51:39,288 epoch 110 - iter 18/29 - loss 0.08909433 - time (sec): 10.74 - samples/sec: 2731.97 - lr: 0.003125 - momentum: 0.000000
2025-12-22 22:51:40,447 epoch 110 - iter 20/29 - loss 0.08862302 - time (sec): 11.90 - samples/sec: 2762.62 - lr: 0.003125 - momentum: 0.000000
2025-12-22 22:51:41,427 epoch 110 - iter 22/29 - loss 0.09039550 - time (sec): 12.88 - samples/sec: 2796.26 - lr: 0.003125 - momentum: 0.000000
2025-12-22 22:51:42,627 epoch 110 - iter 24/29 - loss 0.09035209 - time (sec): 14.08 - samples/sec: 2812.20 - lr: 0.003125 - momentum: 0.000000
2025-12-22 22:51:43,936 epoch 110 - iter 26/29 - loss 0.08971116 - time (sec): 15.39 - samples/sec: 2796.69 - lr: 0.003125 - momentum: 0.000000
2025-12-22 22:51:45,197 epoch 110 - iter 28/29 - loss 0.09091861 - time (sec): 16.65 - samples/sec: 2769.35 - lr: 0.003125 - momentum: 0.000000
2025-12-22 22:51:45,737 ----------------------------------------------------------------------------------------------------
2025-12-22 22:51:45,737 EPOCH 110 done: loss 0.0914 - lr: 0.003125
2025-12-22 22:51:48,174 DEV : loss 0.11991970241069794 - f1-score (micro avg)  0.9639
2025-12-22 22:51:48,180  - 1 epochs without improvement
2025-12-22 22:51:48,181 ----------------------------------------------------------------------------------------------------
2025-12-22 22:51:49,453 epoch 111 - iter 2/29 - loss 0.10255782 - time (sec): 1.27 - samples/sec: 2496.56 - lr: 0.003125 - momentum: 0.000000
2025-12-22 22:51:50,387 epoch 111 - iter 4/29 - loss 0.09882831 - time (sec): 2.21 - samples/sec: 2816.42 - lr: 0.003125 - momentum: 0.000000
2025-12-22 22:51:51,679 epoch 111 - iter 6/29 - loss 0.09309255 - time (sec): 3.50 - samples/sec: 2730.18 - lr: 0.003125 - momentum: 0.000000
2025-12-22 22:51:52,767 epoch 111 - iter 8/29 - loss 0.09087128 - time (sec): 4.59 - samples/sec: 2769.93 - lr: 0.003125 - momentum: 0.000000
2025-12-22 22:51:53,764 epoch 111 - iter 10/29 - loss 0.09304947 - time (sec): 5.58 - samples/sec: 2818.15 - lr: 0.003125 - momentum: 0.000000
2025-12-22 22:51:54,778 epoch 111 - iter 12/29 - loss 0.09227567 - time (sec): 6.60 - samples/sec: 2831.37 - lr: 0.003125 - momentum: 0.000000
2025-12-22 22:51:55,825 epoch 111 - iter 14/29 - loss 0.09105723 - time (sec): 7.64 - samples/sec: 2855.82 - lr: 0.003125 - momentum: 0.000000
2025-12-22 22:51:57,188 epoch 111 - iter 16/29 - loss 0.09363561 - time (sec): 9.01 - samples/sec: 2818.89 - lr: 0.003125 - momentum: 0.000000
2025-12-22 22:51:58,476 epoch 111 - iter 18/29 - loss 0.09337902 - time (sec): 10.30 - samples/sec: 2778.87 - lr: 0.003125 - momentum: 0.000000
2025-12-22 22:51:59,663 epoch 111 - iter 20/29 - loss 0.09375577 - time (sec): 11.48 - samples/sec: 2801.37 - lr: 0.003125 - momentum: 0.000000
2025-12-22 22:52:00,805 epoch 111 - iter 22/29 - loss 0.09450537 - time (sec): 12.62 - samples/sec: 2830.98 - lr: 0.003125 - momentum: 0.000000
2025-12-22 22:52:02,206 epoch 111 - iter 24/29 - loss 0.09342882 - time (sec): 14.03 - samples/sec: 2802.70 - lr: 0.003125 - momentum: 0.000000
2025-12-22 22:52:03,156 epoch 111 - iter 26/29 - loss 0.09537294 - time (sec): 14.97 - samples/sec: 2840.99 - lr: 0.003125 - momentum: 0.000000
2025-12-22 22:52:04,244 epoch 111 - iter 28/29 - loss 0.09536617 - time (sec): 16.06 - samples/sec: 2861.64 - lr: 0.003125 - momentum: 0.000000
2025-12-22 22:52:04,638 ----------------------------------------------------------------------------------------------------
2025-12-22 22:52:04,638 EPOCH 111 done: loss 0.0953 - lr: 0.003125
2025-12-22 22:52:07,304 DEV : loss 0.11963681876659393 - f1-score (micro avg)  0.9639
2025-12-22 22:52:07,308  - 2 epochs without improvement
2025-12-22 22:52:07,308 ----------------------------------------------------------------------------------------------------
2025-12-22 22:52:08,458 epoch 112 - iter 2/29 - loss 0.09919001 - time (sec): 1.15 - samples/sec: 2897.32 - lr: 0.003125 - momentum: 0.000000
2025-12-22 22:52:09,473 epoch 112 - iter 4/29 - loss 0.08670357 - time (sec): 2.16 - samples/sec: 2866.40 - lr: 0.003125 - momentum: 0.000000
2025-12-22 22:52:10,438 epoch 112 - iter 6/29 - loss 0.09215218 - time (sec): 3.13 - samples/sec: 3010.27 - lr: 0.003125 - momentum: 0.000000
2025-12-22 22:52:11,753 epoch 112 - iter 8/29 - loss 0.09334051 - time (sec): 4.44 - samples/sec: 2903.18 - lr: 0.003125 - momentum: 0.000000
2025-12-22 22:52:13,007 epoch 112 - iter 10/29 - loss 0.09389433 - time (sec): 5.70 - samples/sec: 2783.37 - lr: 0.003125 - momentum: 0.000000
2025-12-22 22:52:13,923 epoch 112 - iter 12/29 - loss 0.09587515 - time (sec): 6.61 - samples/sec: 2898.99 - lr: 0.003125 - momentum: 0.000000
2025-12-22 22:52:15,095 epoch 112 - iter 14/29 - loss 0.09583667 - time (sec): 7.79 - samples/sec: 2890.64 - lr: 0.003125 - momentum: 0.000000
2025-12-22 22:52:16,287 epoch 112 - iter 16/29 - loss 0.09703355 - time (sec): 8.98 - samples/sec: 2903.50 - lr: 0.003125 - momentum: 0.000000
2025-12-22 22:52:17,445 epoch 112 - iter 18/29 - loss 0.09831300 - time (sec): 10.14 - samples/sec: 2882.45 - lr: 0.003125 - momentum: 0.000000
2025-12-22 22:52:18,828 epoch 112 - iter 20/29 - loss 0.09930456 - time (sec): 11.52 - samples/sec: 2830.17 - lr: 0.003125 - momentum: 0.000000
2025-12-22 22:52:20,101 epoch 112 - iter 22/29 - loss 0.09932996 - time (sec): 12.79 - samples/sec: 2811.34 - lr: 0.003125 - momentum: 0.000000
2025-12-22 22:52:21,294 epoch 112 - iter 24/29 - loss 0.09789729 - time (sec): 13.99 - samples/sec: 2789.14 - lr: 0.003125 - momentum: 0.000000
2025-12-22 22:52:22,523 epoch 112 - iter 26/29 - loss 0.09733436 - time (sec): 15.21 - samples/sec: 2789.64 - lr: 0.003125 - momentum: 0.000000
2025-12-22 22:52:23,703 epoch 112 - iter 28/29 - loss 0.09789274 - time (sec): 16.39 - samples/sec: 2799.31 - lr: 0.003125 - momentum: 0.000000
2025-12-22 22:52:24,175 ----------------------------------------------------------------------------------------------------
2025-12-22 22:52:24,175 EPOCH 112 done: loss 0.0975 - lr: 0.003125
2025-12-22 22:52:26,759 DEV : loss 0.11959674209356308 - f1-score (micro avg)  0.964
2025-12-22 22:52:26,763  - 3 epochs without improvement
2025-12-22 22:52:26,764 ----------------------------------------------------------------------------------------------------
2025-12-22 22:52:28,077 epoch 113 - iter 2/29 - loss 0.08846535 - time (sec): 1.31 - samples/sec: 2496.16 - lr: 0.003125 - momentum: 0.000000
2025-12-22 22:52:29,325 epoch 113 - iter 4/29 - loss 0.08734951 - time (sec): 2.56 - samples/sec: 2324.14 - lr: 0.003125 - momentum: 0.000000
2025-12-22 22:52:30,542 epoch 113 - iter 6/29 - loss 0.08505659 - time (sec): 3.78 - samples/sec: 2484.02 - lr: 0.003125 - momentum: 0.000000
2025-12-22 22:52:31,364 epoch 113 - iter 8/29 - loss 0.08776812 - time (sec): 4.60 - samples/sec: 2644.85 - lr: 0.003125 - momentum: 0.000000
2025-12-22 22:52:32,680 epoch 113 - iter 10/29 - loss 0.08951790 - time (sec): 5.92 - samples/sec: 2703.16 - lr: 0.003125 - momentum: 0.000000
2025-12-22 22:52:33,888 epoch 113 - iter 12/29 - loss 0.09025996 - time (sec): 7.12 - samples/sec: 2719.17 - lr: 0.003125 - momentum: 0.000000
2025-12-22 22:52:34,850 epoch 113 - iter 14/29 - loss 0.09287422 - time (sec): 8.09 - samples/sec: 2799.70 - lr: 0.003125 - momentum: 0.000000
2025-12-22 22:52:36,065 epoch 113 - iter 16/29 - loss 0.09640742 - time (sec): 9.30 - samples/sec: 2783.90 - lr: 0.003125 - momentum: 0.000000
2025-12-22 22:52:37,196 epoch 113 - iter 18/29 - loss 0.09633585 - time (sec): 10.43 - samples/sec: 2783.04 - lr: 0.003125 - momentum: 0.000000
2025-12-22 22:52:38,508 epoch 113 - iter 20/29 - loss 0.09788250 - time (sec): 11.74 - samples/sec: 2753.62 - lr: 0.003125 - momentum: 0.000000
2025-12-22 22:52:39,725 epoch 113 - iter 22/29 - loss 0.09785522 - time (sec): 12.96 - samples/sec: 2762.28 - lr: 0.003125 - momentum: 0.000000
2025-12-22 22:52:40,740 epoch 113 - iter 24/29 - loss 0.09690511 - time (sec): 13.98 - samples/sec: 2787.96 - lr: 0.003125 - momentum: 0.000000
2025-12-22 22:52:41,908 epoch 113 - iter 26/29 - loss 0.09573896 - time (sec): 15.14 - samples/sec: 2796.44 - lr: 0.003125 - momentum: 0.000000
2025-12-22 22:52:43,356 epoch 113 - iter 28/29 - loss 0.09688014 - time (sec): 16.59 - samples/sec: 2763.92 - lr: 0.003125 - momentum: 0.000000
2025-12-22 22:52:43,913 ----------------------------------------------------------------------------------------------------
2025-12-22 22:52:43,913 EPOCH 113 done: loss 0.0965 - lr: 0.003125
2025-12-22 22:52:46,642 DEV : loss 0.11962445825338364 - f1-score (micro avg)  0.964
2025-12-22 22:52:46,647  - 4 epochs without improvement (above 'patience')-> annealing learning_rate to [0.0015625]
2025-12-22 22:52:46,649 ----------------------------------------------------------------------------------------------------
2025-12-22 22:52:47,741 epoch 114 - iter 2/29 - loss 0.07137519 - time (sec): 1.09 - samples/sec: 2888.26 - lr: 0.001563 - momentum: 0.000000
2025-12-22 22:52:49,093 epoch 114 - iter 4/29 - loss 0.10010780 - time (sec): 2.44 - samples/sec: 2720.19 - lr: 0.001563 - momentum: 0.000000
2025-12-22 22:52:50,245 epoch 114 - iter 6/29 - loss 0.09833389 - time (sec): 3.60 - samples/sec: 2703.13 - lr: 0.001563 - momentum: 0.000000
2025-12-22 22:52:51,678 epoch 114 - iter 8/29 - loss 0.09373232 - time (sec): 5.03 - samples/sec: 2635.63 - lr: 0.001563 - momentum: 0.000000
2025-12-22 22:52:52,841 epoch 114 - iter 10/29 - loss 0.09450806 - time (sec): 6.19 - samples/sec: 2633.40 - lr: 0.001563 - momentum: 0.000000
2025-12-22 22:52:53,839 epoch 114 - iter 12/29 - loss 0.09354125 - time (sec): 7.19 - samples/sec: 2688.65 - lr: 0.001563 - momentum: 0.000000
2025-12-22 22:52:54,877 epoch 114 - iter 14/29 - loss 0.09301556 - time (sec): 8.23 - samples/sec: 2719.26 - lr: 0.001563 - momentum: 0.000000
2025-12-22 22:52:55,964 epoch 114 - iter 16/29 - loss 0.09530221 - time (sec): 9.31 - samples/sec: 2757.73 - lr: 0.001563 - momentum: 0.000000
2025-12-22 22:52:57,314 epoch 114 - iter 18/29 - loss 0.09572895 - time (sec): 10.66 - samples/sec: 2723.59 - lr: 0.001563 - momentum: 0.000000
2025-12-22 22:52:58,455 epoch 114 - iter 20/29 - loss 0.09517820 - time (sec): 11.81 - samples/sec: 2735.02 - lr: 0.001563 - momentum: 0.000000
2025-12-22 22:52:59,936 epoch 114 - iter 22/29 - loss 0.09490250 - time (sec): 13.29 - samples/sec: 2687.48 - lr: 0.001563 - momentum: 0.000000
2025-12-22 22:53:01,127 epoch 114 - iter 24/29 - loss 0.09497399 - time (sec): 14.48 - samples/sec: 2719.14 - lr: 0.001563 - momentum: 0.000000
2025-12-22 22:53:02,154 epoch 114 - iter 26/29 - loss 0.09465559 - time (sec): 15.50 - samples/sec: 2742.17 - lr: 0.001563 - momentum: 0.000000
2025-12-22 22:53:03,357 epoch 114 - iter 28/29 - loss 0.09501370 - time (sec): 16.71 - samples/sec: 2746.04 - lr: 0.001563 - momentum: 0.000000
2025-12-22 22:53:03,790 ----------------------------------------------------------------------------------------------------
2025-12-22 22:53:03,790 EPOCH 114 done: loss 0.0954 - lr: 0.001563
2025-12-22 22:53:06,167 DEV : loss 0.1197177991271019 - f1-score (micro avg)  0.9639
2025-12-22 22:53:06,171  - 1 epochs without improvement
2025-12-22 22:53:06,172 ----------------------------------------------------------------------------------------------------
2025-12-22 22:53:07,761 epoch 115 - iter 2/29 - loss 0.09649039 - time (sec): 1.59 - samples/sec: 2289.23 - lr: 0.001563 - momentum: 0.000000
2025-12-22 22:53:08,947 epoch 115 - iter 4/29 - loss 0.09289042 - time (sec): 2.77 - samples/sec: 2518.41 - lr: 0.001563 - momentum: 0.000000
2025-12-22 22:53:10,171 epoch 115 - iter 6/29 - loss 0.09640559 - time (sec): 4.00 - samples/sec: 2504.50 - lr: 0.001563 - momentum: 0.000000
2025-12-22 22:53:11,370 epoch 115 - iter 8/29 - loss 0.09531906 - time (sec): 5.20 - samples/sec: 2522.52 - lr: 0.001563 - momentum: 0.000000
2025-12-22 22:53:12,685 epoch 115 - iter 10/29 - loss 0.09517424 - time (sec): 6.51 - samples/sec: 2544.49 - lr: 0.001563 - momentum: 0.000000
2025-12-22 22:53:13,842 epoch 115 - iter 12/29 - loss 0.09496037 - time (sec): 7.67 - samples/sec: 2547.06 - lr: 0.001563 - momentum: 0.000000
2025-12-22 22:53:15,420 epoch 115 - iter 14/29 - loss 0.09577561 - time (sec): 9.25 - samples/sec: 2493.99 - lr: 0.001563 - momentum: 0.000000
2025-12-22 22:53:16,824 epoch 115 - iter 16/29 - loss 0.09560909 - time (sec): 10.65 - samples/sec: 2486.21 - lr: 0.001563 - momentum: 0.000000
2025-12-22 22:53:18,017 epoch 115 - iter 18/29 - loss 0.09436957 - time (sec): 11.84 - samples/sec: 2506.42 - lr: 0.001563 - momentum: 0.000000
2025-12-22 22:53:19,197 epoch 115 - iter 20/29 - loss 0.09484600 - time (sec): 13.02 - samples/sec: 2507.38 - lr: 0.001563 - momentum: 0.000000
2025-12-22 22:53:20,453 epoch 115 - iter 22/29 - loss 0.09530072 - time (sec): 14.28 - samples/sec: 2512.72 - lr: 0.001563 - momentum: 0.000000
2025-12-22 22:53:21,775 epoch 115 - iter 24/29 - loss 0.09564930 - time (sec): 15.60 - samples/sec: 2525.91 - lr: 0.001563 - momentum: 0.000000
2025-12-22 22:53:23,109 epoch 115 - iter 26/29 - loss 0.09560179 - time (sec): 16.94 - samples/sec: 2533.23 - lr: 0.001563 - momentum: 0.000000
2025-12-22 22:53:24,487 epoch 115 - iter 28/29 - loss 0.09581473 - time (sec): 18.31 - samples/sec: 2515.02 - lr: 0.001563 - momentum: 0.000000
2025-12-22 22:53:24,787 ----------------------------------------------------------------------------------------------------
2025-12-22 22:53:24,787 EPOCH 115 done: loss 0.0954 - lr: 0.001563
2025-12-22 22:53:27,524 DEV : loss 0.1197243183851242 - f1-score (micro avg)  0.9638
2025-12-22 22:53:27,528  - 2 epochs without improvement
2025-12-22 22:53:27,528 ----------------------------------------------------------------------------------------------------
2025-12-22 22:53:28,809 epoch 116 - iter 2/29 - loss 0.10179690 - time (sec): 1.28 - samples/sec: 2349.34 - lr: 0.001563 - momentum: 0.000000
2025-12-22 22:53:30,162 epoch 116 - iter 4/29 - loss 0.09382256 - time (sec): 2.63 - samples/sec: 2360.54 - lr: 0.001563 - momentum: 0.000000
2025-12-22 22:53:31,126 epoch 116 - iter 6/29 - loss 0.09563945 - time (sec): 3.60 - samples/sec: 2574.70 - lr: 0.001563 - momentum: 0.000000
2025-12-22 22:53:32,485 epoch 116 - iter 8/29 - loss 0.09977296 - time (sec): 4.96 - samples/sec: 2563.15 - lr: 0.001563 - momentum: 0.000000
2025-12-22 22:53:33,661 epoch 116 - iter 10/29 - loss 0.09927659 - time (sec): 6.13 - samples/sec: 2607.72 - lr: 0.001563 - momentum: 0.000000
2025-12-22 22:53:34,631 epoch 116 - iter 12/29 - loss 0.09604819 - time (sec): 7.10 - samples/sec: 2701.45 - lr: 0.001563 - momentum: 0.000000
2025-12-22 22:53:35,955 epoch 116 - iter 14/29 - loss 0.09118351 - time (sec): 8.43 - samples/sec: 2661.31 - lr: 0.001563 - momentum: 0.000000
2025-12-22 22:53:37,195 epoch 116 - iter 16/29 - loss 0.09260464 - time (sec): 9.67 - samples/sec: 2647.10 - lr: 0.001563 - momentum: 0.000000
2025-12-22 22:53:38,563 epoch 116 - iter 18/29 - loss 0.09296432 - time (sec): 11.03 - samples/sec: 2642.76 - lr: 0.001563 - momentum: 0.000000
2025-12-22 22:53:40,085 epoch 116 - iter 20/29 - loss 0.09235328 - time (sec): 12.56 - samples/sec: 2620.42 - lr: 0.001563 - momentum: 0.000000
2025-12-22 22:53:41,296 epoch 116 - iter 22/29 - loss 0.09219235 - time (sec): 13.77 - samples/sec: 2633.63 - lr: 0.001563 - momentum: 0.000000
2025-12-22 22:53:42,440 epoch 116 - iter 24/29 - loss 0.09215569 - time (sec): 14.91 - samples/sec: 2651.97 - lr: 0.001563 - momentum: 0.000000
2025-12-22 22:53:43,647 epoch 116 - iter 26/29 - loss 0.09210273 - time (sec): 16.12 - samples/sec: 2642.81 - lr: 0.001563 - momentum: 0.000000
2025-12-22 22:53:44,774 epoch 116 - iter 28/29 - loss 0.09133012 - time (sec): 17.25 - samples/sec: 2657.64 - lr: 0.001563 - momentum: 0.000000
2025-12-22 22:53:45,312 ----------------------------------------------------------------------------------------------------
2025-12-22 22:53:45,312 EPOCH 116 done: loss 0.0920 - lr: 0.001563
2025-12-22 22:53:48,144 DEV : loss 0.11986318230628967 - f1-score (micro avg)  0.9638
2025-12-22 22:53:48,152  - 3 epochs without improvement
2025-12-22 22:53:48,153 ----------------------------------------------------------------------------------------------------
2025-12-22 22:53:49,742 epoch 117 - iter 2/29 - loss 0.09315933 - time (sec): 1.59 - samples/sec: 2130.47 - lr: 0.001563 - momentum: 0.000000
2025-12-22 22:53:51,364 epoch 117 - iter 4/29 - loss 0.09002070 - time (sec): 3.21 - samples/sec: 2172.56 - lr: 0.001563 - momentum: 0.000000
2025-12-22 22:53:52,559 epoch 117 - iter 6/29 - loss 0.09213146 - time (sec): 4.41 - samples/sec: 2258.90 - lr: 0.001563 - momentum: 0.000000
2025-12-22 22:53:53,745 epoch 117 - iter 8/29 - loss 0.09351844 - time (sec): 5.59 - samples/sec: 2412.03 - lr: 0.001563 - momentum: 0.000000
2025-12-22 22:53:54,926 epoch 117 - iter 10/29 - loss 0.09591625 - time (sec): 6.77 - samples/sec: 2463.83 - lr: 0.001563 - momentum: 0.000000
2025-12-22 22:53:56,294 epoch 117 - iter 12/29 - loss 0.09497086 - time (sec): 8.14 - samples/sec: 2447.77 - lr: 0.001563 - momentum: 0.000000
2025-12-22 22:53:57,689 epoch 117 - iter 14/29 - loss 0.09444430 - time (sec): 9.54 - samples/sec: 2441.26 - lr: 0.001563 - momentum: 0.000000
2025-12-22 22:53:59,041 epoch 117 - iter 16/29 - loss 0.09306337 - time (sec): 10.89 - samples/sec: 2451.39 - lr: 0.001563 - momentum: 0.000000
2025-12-22 22:54:00,247 epoch 117 - iter 18/29 - loss 0.09188096 - time (sec): 12.09 - samples/sec: 2454.38 - lr: 0.001563 - momentum: 0.000000
2025-12-22 22:54:01,516 epoch 117 - iter 20/29 - loss 0.09015804 - time (sec): 13.36 - samples/sec: 2472.24 - lr: 0.001563 - momentum: 0.000000
2025-12-22 22:54:02,706 epoch 117 - iter 22/29 - loss 0.09051842 - time (sec): 14.55 - samples/sec: 2489.37 - lr: 0.001563 - momentum: 0.000000
2025-12-22 22:54:03,889 epoch 117 - iter 24/29 - loss 0.08921230 - time (sec): 15.74 - samples/sec: 2502.02 - lr: 0.001563 - momentum: 0.000000
2025-12-22 22:54:05,168 epoch 117 - iter 26/29 - loss 0.08930779 - time (sec): 17.01 - samples/sec: 2509.67 - lr: 0.001563 - momentum: 0.000000
2025-12-22 22:54:06,459 epoch 117 - iter 28/29 - loss 0.09029832 - time (sec): 18.31 - samples/sec: 2499.61 - lr: 0.001563 - momentum: 0.000000
2025-12-22 22:54:07,503 ----------------------------------------------------------------------------------------------------
2025-12-22 22:54:07,503 EPOCH 117 done: loss 0.0906 - lr: 0.001563
2025-12-22 22:54:10,292 DEV : loss 0.1197756826877594 - f1-score (micro avg)  0.9637
2025-12-22 22:54:10,296  - 4 epochs without improvement (above 'patience')-> annealing learning_rate to [0.00078125]
2025-12-22 22:54:10,297 ----------------------------------------------------------------------------------------------------
2025-12-22 22:54:11,414 epoch 118 - iter 2/29 - loss 0.09694548 - time (sec): 1.12 - samples/sec: 2937.46 - lr: 0.000781 - momentum: 0.000000
2025-12-22 22:54:12,451 epoch 118 - iter 4/29 - loss 0.09509820 - time (sec): 2.15 - samples/sec: 2904.65 - lr: 0.000781 - momentum: 0.000000
2025-12-22 22:54:13,662 epoch 118 - iter 6/29 - loss 0.09447193 - time (sec): 3.36 - samples/sec: 2898.50 - lr: 0.000781 - momentum: 0.000000
2025-12-22 22:54:14,946 epoch 118 - iter 8/29 - loss 0.09202952 - time (sec): 4.65 - samples/sec: 2759.55 - lr: 0.000781 - momentum: 0.000000
2025-12-22 22:54:16,460 epoch 118 - iter 10/29 - loss 0.09407766 - time (sec): 6.16 - samples/sec: 2670.60 - lr: 0.000781 - momentum: 0.000000
2025-12-22 22:54:17,704 epoch 118 - iter 12/29 - loss 0.09597238 - time (sec): 7.41 - samples/sec: 2652.23 - lr: 0.000781 - momentum: 0.000000
2025-12-22 22:54:18,863 epoch 118 - iter 14/29 - loss 0.09632736 - time (sec): 8.57 - samples/sec: 2705.00 - lr: 0.000781 - momentum: 0.000000
2025-12-22 22:54:19,765 epoch 118 - iter 16/29 - loss 0.09649724 - time (sec): 9.47 - samples/sec: 2748.22 - lr: 0.000781 - momentum: 0.000000
2025-12-22 22:54:20,921 epoch 118 - iter 18/29 - loss 0.09647246 - time (sec): 10.62 - samples/sec: 2741.45 - lr: 0.000781 - momentum: 0.000000
2025-12-22 22:54:22,238 epoch 118 - iter 20/29 - loss 0.09522921 - time (sec): 11.94 - samples/sec: 2736.02 - lr: 0.000781 - momentum: 0.000000
2025-12-22 22:54:23,370 epoch 118 - iter 22/29 - loss 0.09497841 - time (sec): 13.07 - samples/sec: 2749.16 - lr: 0.000781 - momentum: 0.000000
2025-12-22 22:54:24,800 epoch 118 - iter 24/29 - loss 0.09472189 - time (sec): 14.50 - samples/sec: 2708.38 - lr: 0.000781 - momentum: 0.000000
2025-12-22 22:54:25,784 epoch 118 - iter 26/29 - loss 0.09464959 - time (sec): 15.49 - samples/sec: 2738.01 - lr: 0.000781 - momentum: 0.000000
2025-12-22 22:54:26,985 epoch 118 - iter 28/29 - loss 0.09329187 - time (sec): 16.69 - samples/sec: 2745.59 - lr: 0.000781 - momentum: 0.000000
2025-12-22 22:54:27,523 ----------------------------------------------------------------------------------------------------
2025-12-22 22:54:27,523 EPOCH 118 done: loss 0.0932 - lr: 0.000781
2025-12-22 22:54:29,887 DEV : loss 0.11979089677333832 - f1-score (micro avg)  0.9637
2025-12-22 22:54:29,891  - 1 epochs without improvement
2025-12-22 22:54:29,892 ----------------------------------------------------------------------------------------------------
2025-12-22 22:54:31,019 epoch 119 - iter 2/29 - loss 0.09632956 - time (sec): 1.13 - samples/sec: 2747.88 - lr: 0.000781 - momentum: 0.000000
2025-12-22 22:54:32,457 epoch 119 - iter 4/29 - loss 0.08989406 - time (sec): 2.56 - samples/sec: 2543.17 - lr: 0.000781 - momentum: 0.000000
2025-12-22 22:54:33,590 epoch 119 - iter 6/29 - loss 0.08838146 - time (sec): 3.70 - samples/sec: 2586.02 - lr: 0.000781 - momentum: 0.000000
2025-12-22 22:54:34,831 epoch 119 - iter 8/29 - loss 0.08676733 - time (sec): 4.94 - samples/sec: 2556.28 - lr: 0.000781 - momentum: 0.000000
2025-12-22 22:54:35,914 epoch 119 - iter 10/29 - loss 0.08840854 - time (sec): 6.02 - samples/sec: 2615.59 - lr: 0.000781 - momentum: 0.000000
2025-12-22 22:54:37,253 epoch 119 - iter 12/29 - loss 0.09028912 - time (sec): 7.36 - samples/sec: 2619.12 - lr: 0.000781 - momentum: 0.000000
2025-12-22 22:54:38,332 epoch 119 - iter 14/29 - loss 0.09246241 - time (sec): 8.44 - samples/sec: 2693.53 - lr: 0.000781 - momentum: 0.000000
2025-12-22 22:54:39,442 epoch 119 - iter 16/29 - loss 0.09247549 - time (sec): 9.55 - samples/sec: 2704.48 - lr: 0.000781 - momentum: 0.000000
2025-12-22 22:54:40,401 epoch 119 - iter 18/29 - loss 0.09200865 - time (sec): 10.51 - samples/sec: 2752.88 - lr: 0.000781 - momentum: 0.000000
2025-12-22 22:54:41,630 epoch 119 - iter 20/29 - loss 0.09167059 - time (sec): 11.74 - samples/sec: 2744.52 - lr: 0.000781 - momentum: 0.000000
2025-12-22 22:54:42,874 epoch 119 - iter 22/29 - loss 0.09110214 - time (sec): 12.98 - samples/sec: 2747.88 - lr: 0.000781 - momentum: 0.000000
2025-12-22 22:54:44,229 epoch 119 - iter 24/29 - loss 0.09207640 - time (sec): 14.34 - samples/sec: 2732.71 - lr: 0.000781 - momentum: 0.000000
2025-12-22 22:54:45,531 epoch 119 - iter 26/29 - loss 0.09231118 - time (sec): 15.64 - samples/sec: 2722.36 - lr: 0.000781 - momentum: 0.000000
2025-12-22 22:54:46,811 epoch 119 - iter 28/29 - loss 0.09247589 - time (sec): 16.92 - samples/sec: 2718.54 - lr: 0.000781 - momentum: 0.000000
2025-12-22 22:54:47,237 ----------------------------------------------------------------------------------------------------
2025-12-22 22:54:47,237 EPOCH 119 done: loss 0.0919 - lr: 0.000781
2025-12-22 22:54:49,928 DEV : loss 0.11978736519813538 - f1-score (micro avg)  0.9638
2025-12-22 22:54:49,932  - 2 epochs without improvement
2025-12-22 22:54:49,933 ----------------------------------------------------------------------------------------------------
2025-12-22 22:54:51,040 epoch 120 - iter 2/29 - loss 0.09093634 - time (sec): 1.11 - samples/sec: 3048.51 - lr: 0.000781 - momentum: 0.000000
2025-12-22 22:54:52,372 epoch 120 - iter 4/29 - loss 0.09594394 - time (sec): 2.44 - samples/sec: 2616.89 - lr: 0.000781 - momentum: 0.000000
2025-12-22 22:54:53,821 epoch 120 - iter 6/29 - loss 0.09344210 - time (sec): 3.89 - samples/sec: 2494.96 - lr: 0.000781 - momentum: 0.000000
2025-12-22 22:54:55,129 epoch 120 - iter 8/29 - loss 0.08963576 - time (sec): 5.20 - samples/sec: 2553.90 - lr: 0.000781 - momentum: 0.000000
2025-12-22 22:54:56,221 epoch 120 - iter 10/29 - loss 0.08689959 - time (sec): 6.29 - samples/sec: 2618.31 - lr: 0.000781 - momentum: 0.000000
2025-12-22 22:54:57,176 epoch 120 - iter 12/29 - loss 0.08879460 - time (sec): 7.24 - samples/sec: 2736.18 - lr: 0.000781 - momentum: 0.000000
2025-12-22 22:54:58,207 epoch 120 - iter 14/29 - loss 0.08948199 - time (sec): 8.27 - samples/sec: 2789.06 - lr: 0.000781 - momentum: 0.000000
2025-12-22 22:54:59,409 epoch 120 - iter 16/29 - loss 0.09025873 - time (sec): 9.48 - samples/sec: 2767.23 - lr: 0.000781 - momentum: 0.000000
2025-12-22 22:55:00,638 epoch 120 - iter 18/29 - loss 0.08878312 - time (sec): 10.70 - samples/sec: 2762.79 - lr: 0.000781 - momentum: 0.000000
2025-12-22 22:55:01,667 epoch 120 - iter 20/29 - loss 0.09002101 - time (sec): 11.73 - samples/sec: 2774.86 - lr: 0.000781 - momentum: 0.000000
2025-12-22 22:55:03,041 epoch 120 - iter 22/29 - loss 0.08948606 - time (sec): 13.11 - samples/sec: 2762.76 - lr: 0.000781 - momentum: 0.000000
2025-12-22 22:55:04,189 epoch 120 - iter 24/29 - loss 0.08910744 - time (sec): 14.26 - samples/sec: 2752.91 - lr: 0.000781 - momentum: 0.000000
2025-12-22 22:55:05,436 epoch 120 - iter 26/29 - loss 0.08917685 - time (sec): 15.50 - samples/sec: 2740.09 - lr: 0.000781 - momentum: 0.000000
2025-12-22 22:55:07,051 epoch 120 - iter 28/29 - loss 0.08877047 - time (sec): 17.12 - samples/sec: 2680.40 - lr: 0.000781 - momentum: 0.000000
2025-12-22 22:55:07,549 ----------------------------------------------------------------------------------------------------
2025-12-22 22:55:07,549 EPOCH 120 done: loss 0.0888 - lr: 0.000781
2025-12-22 22:55:10,560 DEV : loss 0.11985040456056595 - f1-score (micro avg)  0.9637
2025-12-22 22:55:10,566  - 3 epochs without improvement
2025-12-22 22:55:10,566 ----------------------------------------------------------------------------------------------------
2025-12-22 22:55:11,801 epoch 121 - iter 2/29 - loss 0.09626740 - time (sec): 1.23 - samples/sec: 2861.82 - lr: 0.000781 - momentum: 0.000000
2025-12-22 22:55:13,341 epoch 121 - iter 4/29 - loss 0.09784376 - time (sec): 2.77 - samples/sec: 2713.97 - lr: 0.000781 - momentum: 0.000000
2025-12-22 22:55:14,381 epoch 121 - iter 6/29 - loss 0.09639283 - time (sec): 3.81 - samples/sec: 2803.48 - lr: 0.000781 - momentum: 0.000000
2025-12-22 22:55:15,640 epoch 121 - iter 8/29 - loss 0.09327215 - time (sec): 5.07 - samples/sec: 2701.94 - lr: 0.000781 - momentum: 0.000000
2025-12-22 22:55:16,688 epoch 121 - iter 10/29 - loss 0.09320907 - time (sec): 6.12 - samples/sec: 2736.40 - lr: 0.000781 - momentum: 0.000000
2025-12-22 22:55:17,873 epoch 121 - iter 12/29 - loss 0.08963140 - time (sec): 7.31 - samples/sec: 2756.84 - lr: 0.000781 - momentum: 0.000000
2025-12-22 22:55:18,924 epoch 121 - iter 14/29 - loss 0.09174273 - time (sec): 8.36 - samples/sec: 2779.41 - lr: 0.000781 - momentum: 0.000000
2025-12-22 22:55:20,270 epoch 121 - iter 16/29 - loss 0.09026540 - time (sec): 9.70 - samples/sec: 2765.54 - lr: 0.000781 - momentum: 0.000000
2025-12-22 22:55:21,557 epoch 121 - iter 18/29 - loss 0.09094365 - time (sec): 10.99 - samples/sec: 2735.48 - lr: 0.000781 - momentum: 0.000000
2025-12-22 22:55:22,657 epoch 121 - iter 20/29 - loss 0.09114363 - time (sec): 12.09 - samples/sec: 2762.11 - lr: 0.000781 - momentum: 0.000000
2025-12-22 22:55:23,800 epoch 121 - iter 22/29 - loss 0.09178210 - time (sec): 13.23 - samples/sec: 2776.85 - lr: 0.000781 - momentum: 0.000000
2025-12-22 22:55:25,216 epoch 121 - iter 24/29 - loss 0.09182960 - time (sec): 14.65 - samples/sec: 2733.35 - lr: 0.000781 - momentum: 0.000000
2025-12-22 22:55:26,125 epoch 121 - iter 26/29 - loss 0.09268511 - time (sec): 15.56 - samples/sec: 2753.50 - lr: 0.000781 - momentum: 0.000000
2025-12-22 22:55:26,985 epoch 121 - iter 28/29 - loss 0.09271640 - time (sec): 16.42 - samples/sec: 2795.90 - lr: 0.000781 - momentum: 0.000000
2025-12-22 22:55:27,339 ----------------------------------------------------------------------------------------------------
2025-12-22 22:55:27,339 EPOCH 121 done: loss 0.0925 - lr: 0.000781
2025-12-22 22:55:30,084 DEV : loss 0.11963002383708954 - f1-score (micro avg)  0.9639
2025-12-22 22:55:30,088  - 4 epochs without improvement (above 'patience')-> annealing learning_rate to [0.000390625]
2025-12-22 22:55:30,089 ----------------------------------------------------------------------------------------------------
2025-12-22 22:55:31,148 epoch 122 - iter 2/29 - loss 0.09086589 - time (sec): 1.06 - samples/sec: 3116.51 - lr: 0.000391 - momentum: 0.000000
2025-12-22 22:55:32,525 epoch 122 - iter 4/29 - loss 0.08823115 - time (sec): 2.44 - samples/sec: 2752.84 - lr: 0.000391 - momentum: 0.000000
2025-12-22 22:55:33,672 epoch 122 - iter 6/29 - loss 0.08301160 - time (sec): 3.58 - samples/sec: 2805.88 - lr: 0.000391 - momentum: 0.000000
2025-12-22 22:55:34,561 epoch 122 - iter 8/29 - loss 0.08712937 - time (sec): 4.47 - samples/sec: 2879.45 - lr: 0.000391 - momentum: 0.000000
2025-12-22 22:55:35,796 epoch 122 - iter 10/29 - loss 0.08844907 - time (sec): 5.71 - samples/sec: 2877.83 - lr: 0.000391 - momentum: 0.000000
2025-12-22 22:55:36,949 epoch 122 - iter 12/29 - loss 0.08696141 - time (sec): 6.86 - samples/sec: 2877.27 - lr: 0.000391 - momentum: 0.000000
2025-12-22 22:55:38,236 epoch 122 - iter 14/29 - loss 0.08832438 - time (sec): 8.15 - samples/sec: 2830.43 - lr: 0.000391 - momentum: 0.000000
2025-12-22 22:55:39,534 epoch 122 - iter 16/29 - loss 0.08950701 - time (sec): 9.44 - samples/sec: 2789.32 - lr: 0.000391 - momentum: 0.000000
2025-12-22 22:55:40,803 epoch 122 - iter 18/29 - loss 0.08852625 - time (sec): 10.71 - samples/sec: 2790.69 - lr: 0.000391 - momentum: 0.000000
2025-12-22 22:55:41,986 epoch 122 - iter 20/29 - loss 0.08834731 - time (sec): 11.90 - samples/sec: 2801.46 - lr: 0.000391 - momentum: 0.000000
2025-12-22 22:55:42,926 epoch 122 - iter 22/29 - loss 0.08947097 - time (sec): 12.84 - samples/sec: 2851.71 - lr: 0.000391 - momentum: 0.000000
2025-12-22 22:55:44,121 epoch 122 - iter 24/29 - loss 0.08946453 - time (sec): 14.03 - samples/sec: 2803.59 - lr: 0.000391 - momentum: 0.000000
2025-12-22 22:55:45,520 epoch 122 - iter 26/29 - loss 0.08849529 - time (sec): 15.43 - samples/sec: 2765.62 - lr: 0.000391 - momentum: 0.000000
2025-12-22 22:55:46,780 epoch 122 - iter 28/29 - loss 0.08844238 - time (sec): 16.69 - samples/sec: 2750.31 - lr: 0.000391 - momentum: 0.000000
2025-12-22 22:55:47,328 ----------------------------------------------------------------------------------------------------
2025-12-22 22:55:47,328 EPOCH 122 done: loss 0.0883 - lr: 0.000391
2025-12-22 22:55:49,725 DEV : loss 0.11961779743432999 - f1-score (micro avg)  0.9638
2025-12-22 22:55:49,729  - 1 epochs without improvement
2025-12-22 22:55:49,730 ----------------------------------------------------------------------------------------------------
2025-12-22 22:55:51,046 epoch 123 - iter 2/29 - loss 0.08802867 - time (sec): 1.32 - samples/sec: 2688.75 - lr: 0.000391 - momentum: 0.000000
2025-12-22 22:55:52,251 epoch 123 - iter 4/29 - loss 0.09351152 - time (sec): 2.52 - samples/sec: 2686.35 - lr: 0.000391 - momentum: 0.000000
2025-12-22 22:55:53,285 epoch 123 - iter 6/29 - loss 0.09732647 - time (sec): 3.55 - samples/sec: 2754.38 - lr: 0.000391 - momentum: 0.000000
2025-12-22 22:55:54,395 epoch 123 - iter 8/29 - loss 0.09784950 - time (sec): 4.66 - samples/sec: 2736.58 - lr: 0.000391 - momentum: 0.000000
2025-12-22 22:55:55,560 epoch 123 - iter 10/29 - loss 0.09337417 - time (sec): 5.83 - samples/sec: 2731.26 - lr: 0.000391 - momentum: 0.000000
2025-12-22 22:55:56,838 epoch 123 - iter 12/29 - loss 0.09379774 - time (sec): 7.11 - samples/sec: 2710.92 - lr: 0.000391 - momentum: 0.000000
2025-12-22 22:55:57,798 epoch 123 - iter 14/29 - loss 0.09209387 - time (sec): 8.07 - samples/sec: 2762.57 - lr: 0.000391 - momentum: 0.000000
2025-12-22 22:55:59,001 epoch 123 - iter 16/29 - loss 0.09204935 - time (sec): 9.27 - samples/sec: 2737.79 - lr: 0.000391 - momentum: 0.000000
2025-12-22 22:56:00,334 epoch 123 - iter 18/29 - loss 0.09233613 - time (sec): 10.60 - samples/sec: 2726.91 - lr: 0.000391 - momentum: 0.000000
2025-12-22 22:56:02,071 epoch 123 - iter 20/29 - loss 0.09115708 - time (sec): 12.34 - samples/sec: 2581.10 - lr: 0.000391 - momentum: 0.000000
2025-12-22 22:56:03,445 epoch 123 - iter 22/29 - loss 0.09271411 - time (sec): 13.71 - samples/sec: 2560.20 - lr: 0.000391 - momentum: 0.000000
2025-12-22 22:56:04,940 epoch 123 - iter 24/29 - loss 0.09267262 - time (sec): 15.21 - samples/sec: 2565.93 - lr: 0.000391 - momentum: 0.000000
2025-12-22 22:56:07,096 epoch 123 - iter 26/29 - loss 0.09222778 - time (sec): 17.37 - samples/sec: 2455.07 - lr: 0.000391 - momentum: 0.000000
2025-12-22 22:56:08,591 epoch 123 - iter 28/29 - loss 0.09184386 - time (sec): 18.86 - samples/sec: 2444.08 - lr: 0.000391 - momentum: 0.000000
2025-12-22 22:56:08,965 ----------------------------------------------------------------------------------------------------
2025-12-22 22:56:08,965 EPOCH 123 done: loss 0.0916 - lr: 0.000391
2025-12-22 22:56:11,630 DEV : loss 0.11966684460639954 - f1-score (micro avg)  0.9638
2025-12-22 22:56:11,634  - 2 epochs without improvement
2025-12-22 22:56:11,634 ----------------------------------------------------------------------------------------------------
2025-12-22 22:56:12,820 epoch 124 - iter 2/29 - loss 0.09183209 - time (sec): 1.19 - samples/sec: 2807.02 - lr: 0.000391 - momentum: 0.000000
2025-12-22 22:56:14,198 epoch 124 - iter 4/29 - loss 0.08620719 - time (sec): 2.56 - samples/sec: 2602.52 - lr: 0.000391 - momentum: 0.000000
2025-12-22 22:56:15,477 epoch 124 - iter 6/29 - loss 0.08771856 - time (sec): 3.84 - samples/sec: 2600.14 - lr: 0.000391 - momentum: 0.000000
2025-12-22 22:56:17,112 epoch 124 - iter 8/29 - loss 0.08827500 - time (sec): 5.48 - samples/sec: 2442.74 - lr: 0.000391 - momentum: 0.000000
2025-12-22 22:56:18,089 epoch 124 - iter 10/29 - loss 0.08718960 - time (sec): 6.45 - samples/sec: 2550.66 - lr: 0.000391 - momentum: 0.000000
2025-12-22 22:56:19,267 epoch 124 - iter 12/29 - loss 0.08951940 - time (sec): 7.63 - samples/sec: 2581.61 - lr: 0.000391 - momentum: 0.000000
2025-12-22 22:56:20,443 epoch 124 - iter 14/29 - loss 0.08974230 - time (sec): 8.81 - samples/sec: 2612.01 - lr: 0.000391 - momentum: 0.000000
2025-12-22 22:56:21,467 epoch 124 - iter 16/29 - loss 0.09029908 - time (sec): 9.83 - samples/sec: 2641.92 - lr: 0.000391 - momentum: 0.000000
2025-12-22 22:56:22,920 epoch 124 - iter 18/29 - loss 0.09058227 - time (sec): 11.29 - samples/sec: 2603.61 - lr: 0.000391 - momentum: 0.000000
2025-12-22 22:56:24,161 epoch 124 - iter 20/29 - loss 0.09006830 - time (sec): 12.53 - samples/sec: 2617.04 - lr: 0.000391 - momentum: 0.000000
2025-12-22 22:56:25,450 epoch 124 - iter 22/29 - loss 0.09112184 - time (sec): 13.81 - samples/sec: 2632.24 - lr: 0.000391 - momentum: 0.000000
2025-12-22 22:56:26,395 epoch 124 - iter 24/29 - loss 0.09018378 - time (sec): 14.76 - samples/sec: 2659.93 - lr: 0.000391 - momentum: 0.000000
2025-12-22 22:56:27,690 epoch 124 - iter 26/29 - loss 0.09145657 - time (sec): 16.06 - samples/sec: 2670.65 - lr: 0.000391 - momentum: 0.000000
2025-12-22 22:56:28,744 epoch 124 - iter 28/29 - loss 0.09184634 - time (sec): 17.11 - samples/sec: 2693.31 - lr: 0.000391 - momentum: 0.000000
2025-12-22 22:56:29,017 ----------------------------------------------------------------------------------------------------
2025-12-22 22:56:29,017 EPOCH 124 done: loss 0.0914 - lr: 0.000391
2025-12-22 22:56:31,651 DEV : loss 0.11969836801290512 - f1-score (micro avg)  0.9638
2025-12-22 22:56:31,655  - 3 epochs without improvement
2025-12-22 22:56:31,655 ----------------------------------------------------------------------------------------------------
2025-12-22 22:56:32,760 epoch 125 - iter 2/29 - loss 0.08970665 - time (sec): 1.10 - samples/sec: 2992.02 - lr: 0.000391 - momentum: 0.000000
2025-12-22 22:56:34,072 epoch 125 - iter 4/29 - loss 0.09379482 - time (sec): 2.42 - samples/sec: 2758.69 - lr: 0.000391 - momentum: 0.000000
2025-12-22 22:56:35,044 epoch 125 - iter 6/29 - loss 0.09316763 - time (sec): 3.39 - samples/sec: 2811.99 - lr: 0.000391 - momentum: 0.000000
2025-12-22 22:56:36,185 epoch 125 - iter 8/29 - loss 0.09273480 - time (sec): 4.53 - samples/sec: 2734.22 - lr: 0.000391 - momentum: 0.000000
2025-12-22 22:56:37,503 epoch 125 - iter 10/29 - loss 0.09242950 - time (sec): 5.85 - samples/sec: 2708.42 - lr: 0.000391 - momentum: 0.000000
2025-12-22 22:56:38,952 epoch 125 - iter 12/29 - loss 0.09218663 - time (sec): 7.30 - samples/sec: 2641.19 - lr: 0.000391 - momentum: 0.000000
2025-12-22 22:56:40,206 epoch 125 - iter 14/29 - loss 0.09241836 - time (sec): 8.55 - samples/sec: 2635.28 - lr: 0.000391 - momentum: 0.000000
2025-12-22 22:56:41,428 epoch 125 - iter 16/29 - loss 0.09276968 - time (sec): 9.77 - samples/sec: 2659.92 - lr: 0.000391 - momentum: 0.000000
2025-12-22 22:56:42,889 epoch 125 - iter 18/29 - loss 0.09164432 - time (sec): 11.23 - samples/sec: 2621.25 - lr: 0.000391 - momentum: 0.000000
2025-12-22 22:56:44,083 epoch 125 - iter 20/29 - loss 0.09113765 - time (sec): 12.43 - samples/sec: 2651.56 - lr: 0.000391 - momentum: 0.000000
2025-12-22 22:56:45,066 epoch 125 - iter 22/29 - loss 0.09006070 - time (sec): 13.41 - samples/sec: 2693.30 - lr: 0.000391 - momentum: 0.000000
2025-12-22 22:56:46,244 epoch 125 - iter 24/29 - loss 0.09085068 - time (sec): 14.59 - samples/sec: 2687.39 - lr: 0.000391 - momentum: 0.000000
2025-12-22 22:56:47,809 epoch 125 - iter 26/29 - loss 0.09192113 - time (sec): 16.15 - samples/sec: 2652.67 - lr: 0.000391 - momentum: 0.000000
2025-12-22 22:56:49,029 epoch 125 - iter 28/29 - loss 0.09094006 - time (sec): 17.37 - samples/sec: 2645.84 - lr: 0.000391 - momentum: 0.000000
2025-12-22 22:56:49,370 ----------------------------------------------------------------------------------------------------
2025-12-22 22:56:49,370 EPOCH 125 done: loss 0.0913 - lr: 0.000391
2025-12-22 22:56:52,098 DEV : loss 0.11967038363218307 - f1-score (micro avg)  0.9639
2025-12-22 22:56:52,102  - 4 epochs without improvement (above 'patience')-> annealing learning_rate to [0.0001953125]
2025-12-22 22:56:52,103 ----------------------------------------------------------------------------------------------------
2025-12-22 22:56:53,066 epoch 126 - iter 2/29 - loss 0.09265745 - time (sec): 0.96 - samples/sec: 3164.30 - lr: 0.000195 - momentum: 0.000000
2025-12-22 22:56:54,241 epoch 126 - iter 4/29 - loss 0.09020540 - time (sec): 2.14 - samples/sec: 2906.65 - lr: 0.000195 - momentum: 0.000000
2025-12-22 22:56:55,211 epoch 126 - iter 6/29 - loss 0.09140247 - time (sec): 3.11 - samples/sec: 3023.58 - lr: 0.000195 - momentum: 0.000000
2025-12-22 22:56:56,631 epoch 126 - iter 8/29 - loss 0.09433423 - time (sec): 4.53 - samples/sec: 2829.77 - lr: 0.000195 - momentum: 0.000000
2025-12-22 22:56:57,836 epoch 126 - iter 10/29 - loss 0.09060506 - time (sec): 5.73 - samples/sec: 2822.62 - lr: 0.000195 - momentum: 0.000000
2025-12-22 22:56:59,010 epoch 126 - iter 12/29 - loss 0.09214499 - time (sec): 6.91 - samples/sec: 2813.58 - lr: 0.000195 - momentum: 0.000000
2025-12-22 22:57:00,146 epoch 126 - iter 14/29 - loss 0.09105967 - time (sec): 8.04 - samples/sec: 2796.58 - lr: 0.000195 - momentum: 0.000000
2025-12-22 22:57:01,300 epoch 126 - iter 16/29 - loss 0.08987287 - time (sec): 9.20 - samples/sec: 2814.55 - lr: 0.000195 - momentum: 0.000000
2025-12-22 22:57:02,903 epoch 126 - iter 18/29 - loss 0.08908456 - time (sec): 10.80 - samples/sec: 2722.29 - lr: 0.000195 - momentum: 0.000000
2025-12-22 22:57:04,033 epoch 126 - iter 20/29 - loss 0.09084650 - time (sec): 11.93 - samples/sec: 2732.33 - lr: 0.000195 - momentum: 0.000000
2025-12-22 22:57:05,488 epoch 126 - iter 22/29 - loss 0.09004817 - time (sec): 13.39 - samples/sec: 2693.89 - lr: 0.000195 - momentum: 0.000000
2025-12-22 22:57:06,732 epoch 126 - iter 24/29 - loss 0.09058050 - time (sec): 14.63 - samples/sec: 2667.79 - lr: 0.000195 - momentum: 0.000000
2025-12-22 22:57:08,158 epoch 126 - iter 26/29 - loss 0.08929360 - time (sec): 16.06 - samples/sec: 2643.71 - lr: 0.000195 - momentum: 0.000000
2025-12-22 22:57:09,422 epoch 126 - iter 28/29 - loss 0.09011303 - time (sec): 17.32 - samples/sec: 2652.66 - lr: 0.000195 - momentum: 0.000000
2025-12-22 22:57:09,834 ----------------------------------------------------------------------------------------------------
2025-12-22 22:57:09,834 EPOCH 126 done: loss 0.0908 - lr: 0.000195
2025-12-22 22:57:12,280 DEV : loss 0.1196552962064743 - f1-score (micro avg)  0.9639
2025-12-22 22:57:12,284  - 1 epochs without improvement
2025-12-22 22:57:12,285 ----------------------------------------------------------------------------------------------------
2025-12-22 22:57:13,433 epoch 127 - iter 2/29 - loss 0.07847994 - time (sec): 1.15 - samples/sec: 2669.77 - lr: 0.000195 - momentum: 0.000000
2025-12-22 22:57:15,209 epoch 127 - iter 4/29 - loss 0.08579365 - time (sec): 2.92 - samples/sec: 2284.77 - lr: 0.000195 - momentum: 0.000000
2025-12-22 22:57:16,431 epoch 127 - iter 6/29 - loss 0.09365399 - time (sec): 4.15 - samples/sec: 2394.05 - lr: 0.000195 - momentum: 0.000000
2025-12-22 22:57:17,457 epoch 127 - iter 8/29 - loss 0.09823883 - time (sec): 5.17 - samples/sec: 2563.21 - lr: 0.000195 - momentum: 0.000000
2025-12-22 22:57:18,475 epoch 127 - iter 10/29 - loss 0.09667333 - time (sec): 6.19 - samples/sec: 2607.28 - lr: 0.000195 - momentum: 0.000000
2025-12-22 22:57:19,669 epoch 127 - iter 12/29 - loss 0.09674802 - time (sec): 7.38 - samples/sec: 2629.98 - lr: 0.000195 - momentum: 0.000000
2025-12-22 22:57:20,646 epoch 127 - iter 14/29 - loss 0.09704481 - time (sec): 8.36 - samples/sec: 2671.88 - lr: 0.000195 - momentum: 0.000000
2025-12-22 22:57:22,178 epoch 127 - iter 16/29 - loss 0.09557259 - time (sec): 9.89 - samples/sec: 2645.20 - lr: 0.000195 - momentum: 0.000000
2025-12-22 22:57:23,548 epoch 127 - iter 18/29 - loss 0.09550745 - time (sec): 11.26 - samples/sec: 2616.13 - lr: 0.000195 - momentum: 0.000000
2025-12-22 22:57:24,727 epoch 127 - iter 20/29 - loss 0.09543207 - time (sec): 12.44 - samples/sec: 2638.03 - lr: 0.000195 - momentum: 0.000000
2025-12-22 22:57:26,245 epoch 127 - iter 22/29 - loss 0.09447795 - time (sec): 13.96 - samples/sec: 2588.14 - lr: 0.000195 - momentum: 0.000000
2025-12-22 22:57:27,401 epoch 127 - iter 24/29 - loss 0.09463241 - time (sec): 15.12 - samples/sec: 2604.70 - lr: 0.000195 - momentum: 0.000000
2025-12-22 22:57:28,688 epoch 127 - iter 26/29 - loss 0.09495308 - time (sec): 16.40 - samples/sec: 2608.29 - lr: 0.000195 - momentum: 0.000000
2025-12-22 22:57:29,805 epoch 127 - iter 28/29 - loss 0.09464192 - time (sec): 17.52 - samples/sec: 2619.01 - lr: 0.000195 - momentum: 0.000000
2025-12-22 22:57:30,281 ----------------------------------------------------------------------------------------------------
2025-12-22 22:57:30,281 EPOCH 127 done: loss 0.0944 - lr: 0.000195
2025-12-22 22:57:32,614 DEV : loss 0.11965760588645935 - f1-score (micro avg)  0.9639
2025-12-22 22:57:32,618  - 2 epochs without improvement
2025-12-22 22:57:32,619 ----------------------------------------------------------------------------------------------------
2025-12-22 22:57:33,876 epoch 128 - iter 2/29 - loss 0.10314453 - time (sec): 1.26 - samples/sec: 2959.09 - lr: 0.000195 - momentum: 0.000000
2025-12-22 22:57:35,171 epoch 128 - iter 4/29 - loss 0.08909099 - time (sec): 2.55 - samples/sec: 2729.27 - lr: 0.000195 - momentum: 0.000000
2025-12-22 22:57:36,185 epoch 128 - iter 6/29 - loss 0.09521962 - time (sec): 3.57 - samples/sec: 2837.59 - lr: 0.000195 - momentum: 0.000000
2025-12-22 22:57:37,376 epoch 128 - iter 8/29 - loss 0.09357963 - time (sec): 4.76 - samples/sec: 2773.74 - lr: 0.000195 - momentum: 0.000000
2025-12-22 22:57:38,599 epoch 128 - iter 10/29 - loss 0.09131270 - time (sec): 5.98 - samples/sec: 2786.67 - lr: 0.000195 - momentum: 0.000000
2025-12-22 22:57:39,601 epoch 128 - iter 12/29 - loss 0.09545687 - time (sec): 6.98 - samples/sec: 2854.69 - lr: 0.000195 - momentum: 0.000000
2025-12-22 22:57:40,821 epoch 128 - iter 14/29 - loss 0.09368978 - time (sec): 8.20 - samples/sec: 2827.29 - lr: 0.000195 - momentum: 0.000000
2025-12-22 22:57:41,740 epoch 128 - iter 16/29 - loss 0.09166355 - time (sec): 9.12 - samples/sec: 2865.24 - lr: 0.000195 - momentum: 0.000000
2025-12-22 22:57:42,940 epoch 128 - iter 18/29 - loss 0.09248962 - time (sec): 10.32 - samples/sec: 2858.79 - lr: 0.000195 - momentum: 0.000000
2025-12-22 22:57:44,194 epoch 128 - iter 20/29 - loss 0.09235313 - time (sec): 11.57 - samples/sec: 2844.78 - lr: 0.000195 - momentum: 0.000000
2025-12-22 22:57:45,554 epoch 128 - iter 22/29 - loss 0.09266310 - time (sec): 12.94 - samples/sec: 2804.69 - lr: 0.000195 - momentum: 0.000000
2025-12-22 22:57:46,695 epoch 128 - iter 24/29 - loss 0.09282610 - time (sec): 14.08 - samples/sec: 2811.30 - lr: 0.000195 - momentum: 0.000000
2025-12-22 22:57:47,817 epoch 128 - iter 26/29 - loss 0.09351543 - time (sec): 15.20 - samples/sec: 2785.44 - lr: 0.000195 - momentum: 0.000000
2025-12-22 22:57:49,205 epoch 128 - iter 28/29 - loss 0.09301716 - time (sec): 16.59 - samples/sec: 2765.98 - lr: 0.000195 - momentum: 0.000000
2025-12-22 22:57:49,677 ----------------------------------------------------------------------------------------------------
2025-12-22 22:57:49,677 EPOCH 128 done: loss 0.0927 - lr: 0.000195
2025-12-22 22:57:52,473 DEV : loss 0.11968111246824265 - f1-score (micro avg)  0.9639
2025-12-22 22:57:52,477  - 3 epochs without improvement
2025-12-22 22:57:52,479 ----------------------------------------------------------------------------------------------------
2025-12-22 22:57:53,377 epoch 129 - iter 2/29 - loss 0.09641185 - time (sec): 0.90 - samples/sec: 3417.83 - lr: 0.000195 - momentum: 0.000000
2025-12-22 22:57:54,819 epoch 129 - iter 4/29 - loss 0.10143978 - time (sec): 2.34 - samples/sec: 2884.46 - lr: 0.000195 - momentum: 0.000000
2025-12-22 22:57:55,650 epoch 129 - iter 6/29 - loss 0.09887299 - time (sec): 3.17 - samples/sec: 2992.44 - lr: 0.000195 - momentum: 0.000000
2025-12-22 22:57:56,693 epoch 129 - iter 8/29 - loss 0.09842621 - time (sec): 4.21 - samples/sec: 2989.89 - lr: 0.000195 - momentum: 0.000000
2025-12-22 22:57:57,901 epoch 129 - iter 10/29 - loss 0.09663127 - time (sec): 5.42 - samples/sec: 2987.39 - lr: 0.000195 - momentum: 0.000000
2025-12-22 22:57:59,074 epoch 129 - iter 12/29 - loss 0.09295583 - time (sec): 6.59 - samples/sec: 2911.37 - lr: 0.000195 - momentum: 0.000000
2025-12-22 22:58:00,465 epoch 129 - iter 14/29 - loss 0.09167935 - time (sec): 7.99 - samples/sec: 2796.70 - lr: 0.000195 - momentum: 0.000000
2025-12-22 22:58:01,915 epoch 129 - iter 16/29 - loss 0.09268685 - time (sec): 9.44 - samples/sec: 2786.18 - lr: 0.000195 - momentum: 0.000000
2025-12-22 22:58:03,319 epoch 129 - iter 18/29 - loss 0.09376054 - time (sec): 10.84 - samples/sec: 2717.56 - lr: 0.000195 - momentum: 0.000000
2025-12-22 22:58:04,451 epoch 129 - iter 20/29 - loss 0.09249179 - time (sec): 11.97 - samples/sec: 2721.87 - lr: 0.000195 - momentum: 0.000000
2025-12-22 22:58:05,895 epoch 129 - iter 22/29 - loss 0.09293161 - time (sec): 13.42 - samples/sec: 2682.65 - lr: 0.000195 - momentum: 0.000000
2025-12-22 22:58:06,921 epoch 129 - iter 24/29 - loss 0.09421529 - time (sec): 14.44 - samples/sec: 2699.44 - lr: 0.000195 - momentum: 0.000000
2025-12-22 22:58:08,460 epoch 129 - iter 26/29 - loss 0.09498522 - time (sec): 15.98 - samples/sec: 2645.58 - lr: 0.000195 - momentum: 0.000000
2025-12-22 22:58:09,540 epoch 129 - iter 28/29 - loss 0.09591536 - time (sec): 17.06 - samples/sec: 2677.54 - lr: 0.000195 - momentum: 0.000000
2025-12-22 22:58:10,016 ----------------------------------------------------------------------------------------------------
2025-12-22 22:58:10,016 EPOCH 129 done: loss 0.0951 - lr: 0.000195
2025-12-22 22:58:12,748 DEV : loss 0.11969225853681564 - f1-score (micro avg)  0.9639
2025-12-22 22:58:12,752  - 4 epochs without improvement (above 'patience')-> annealing learning_rate to [9.765625e-05]
2025-12-22 22:58:12,752 ----------------------------------------------------------------------------------------------------
2025-12-22 22:58:12,752 learning rate too small - quitting training!
2025-12-22 22:58:12,752 ----------------------------------------------------------------------------------------------------
2025-12-22 22:58:12,752 Saving model ...
2025-12-22 22:58:12,778 Done.
2025-12-22 22:58:12,778 ----------------------------------------------------------------------------------------------------
2025-12-22 22:58:12,778 Loading model from best epoch ...
2025-12-22 22:58:12,804 [b'<unk>', b'a</w>', b',</w>', b'.</w>', b'az</w>', b't</w>', b'z', b'\xc3\xa9s</w>', b'sz', b's</w>', b'k</w>', b'A</w>', b'\xc3\xa1', b'-</w>', b'is</w>', b'el', b'i</w>', b'\xc3\xa9', b't', b'meg', b'd', b'hogy</w>', b'\xe2\x80\x94</w>', b'c', b'ben</w>', b's', b'\xc3\xb3', b'f', b'\xc3\xb3</w>', b'l</w>', b'ban</w>', b'ny', b'g', b'nak</w>', b'\xc5\x91', b'egy', b'b', b'nem</w>', b'k', b'gy', b'"</w>', b'\xc5\x91</w>', b'e</w>', b'\xc3\xad', b'ja</w>', b'j', b't\xc3\xa9', b'n', b'nek</w>', b'ro', b'g</w>', b'ol', b'm</w>', b're</w>', b'ni</w>', b'szer', b'te', b'\xc3\xa9r', b'ek</w>', b't\xc3\xa1', b'\xc3\xbc', b'p', b'v', b'Az</w>', b'en</w>', b'k\xc3\xb6z', b'ki', b'ra</w>', b'fel', b'a', b'ez', b'le', b'r</w>', b'ma', b'\xc3\xa1l', b'er', b'k\xc3\xa9', b'e', b'ha', b'v\xc3\xa1', b'si</w>', b'z\xc3\xa1', b'm\xc3\xa1', b'\xc3\xb6', b'h', b'ta</w>', b'ed', b'o', b'\xc3\xa1r', b'\xc3\xa9l', b'egy</w>', b'ke', b'to', b':</w>', b'l', b'el</w>', b'et</w>', b'm', b'bb</w>', b'n\xc3\xa9', b'es</w>', b'\xc3\xba', b'n</w>', b'\xc3\xa9g', b're', b'me', b'\xc3\xadt', b'l\xc3\xa9', b'ne', b'kat</w>', b'csak</w>', b'an', b'z</w>', b'm\xc3\xa1r</w>', b'ko', b'in', b'y', b'tt</w>', b'cs', b'\xc3\xa1t</w>', b'be', b'sz\xc3\xa1', b'v\xc3\xa9', b'te</w>', b'la', b'r\xc3\xa1', b'i', b'k\xc3\xb6', b'ta', b'se', b'al', b's\xc3\xa9g', b'ki</w>', b'M', b'ka', b'en', b't\xc5\x91', b'\xc3\xa1n</w>', b'mo', b'\xc3\xa9t</w>', b'kez', b'meg</w>', b'leg', b'\xc3\xbcl</w>', b'es', b'de</w>', b'ra', b'd</w>', b'volt</w>', b'st</w>', b'u', b'ket</w>', b'ter', b'sok</w>', b'r', b'y</w>', b'et', b'so', b'j\xc3\xa1', b'it', b'E', b've', b'\xc3\xbcl', b's\xc3\xa1g', b'mi', b'\xc5\xb1</w>', b'\xc3\xa9rt</w>', b'hely', b'ked', b'for', b'm\xc3\xa9g</w>', b'tott</w>', b'tel', b'szerint</w>', b'K', b'is', b't\xc3\xb3', b'ete', b'tt', b'tal', b'T', b'B', b'vi', b'el\xc5\x91', b'k\xc3\xa9t</w>', b'azt</w>', b'\xc3\xa9n</w>', b'G', b'do', b'mint</w>', b'kor', b'ek', b'\xc3\xb3l</w>', b'\xc3\xa9</w>', b'be</w>', b'A', b'an</w>', b'ci\xc3\xb3', b'P', b'jelen', b'\xc5\xb1', b'ba</w>', b'\xc3\xa9p', b'l\xc3\xa1', b'j\xc3\xa1k</w>', b'v\xc3\xa1l', b'zott</w>', b'ad', b'ker', b'ti</w>', b't\xc3\xb6', b'on', b'on</w>', b'tak</w>', b'\xc3\xa1ll', b'gy</w>', b'd\xc3\xa1', b'len', b'mi</w>', b'H', b'ul', b'\xc3\xbaj', b'ik</w>', b'ga', b'ja', b'k\xc3\xa1', b'(</w>', b')</w>', b'koz', b'sem</w>', b'szo', b'v</w>', b'tu', b'sen</w>', b'sa</w>', b'\xc3\xb6n', b'ut\xc3\xa1n</w>', b'ti', b'ha</w>', b'eg', b'na', b'or', b'fo', b'ak', b'\xc3\xba</w>', b'ri', b'\xc3\xadr', b'tek</w>', b'f\xc5\x91', b'ok', b'va</w>', b'va', b'za', b'min', b'k\xc3\xa9nt</w>', b'b\xc3\xb3l</w>', b'd\xc3\xa9', b'\xc3\xbcgy', b'ma</w>', b'ni', b'v\xc3\xa9g', b'aki</w>', b'gi</w>', b'\xc3\xa9ben</w>', b'id', b'tett</w>', b'hoz</w>', b'sz</w>', b'pedig</w>', b'sz\xc3\xa9', b'men', b'\xc3\xbclt</w>', b'st', b'Sz', b'sa', b'tar', b'ett</w>', b'ju', b'p</w>', b'D', b'S', b't\xc3\xa1k</w>', b'F', b'he', b'm\xc3\xa9ny', b'it</w>', b'vel</w>', b'\xc3\xadt\xc3\xa9', b'v\xc5\x91</w>', b'az', b'l\xc3\xa1t', b'aj', b'foly', b'magyar</w>', b'cs</w>', b'ala', b'kel', b'van</w>', b'\xc3\xa1</w>', b'V', b'di', b't\xc3\xb6bb</w>', b'tette</w>', b'\xc3\xa9ny', b'm\xc3\xa9', b'h\xc3\xb3', b's\xc3\xa1g</w>', b'z\xc5\x91', b'de', b'ember', b'da', b's\xc3\xa9g</w>', b'vez', b'em', b't\xc3\xb6r', b'ese', b'ellen', b'k\xc3\xb6z\xc3\xb6tt</w>', b'ss', b'k\xc3\xad', b's\xc3\xa1', b'vet', b'k\xc3\xbcl', b'ci', b'bb', b'm\xc5\xb1', b'tta', b'\xc3\xa9re</w>', b's\xc3\xa1t</w>', b'\xc3\xa1ban</w>', b'kell</w>', b's\xc3\xa9', b'os</w>', b'go', b'om', b'\xc3\xa1r</w>', b'ele', b'hat\xc3\xb3', b'h\xc3\xa1', b't\xc3\xb6rt\xc3\xa9', b'val</w>', b'ny</w>', b'dik</w>', b'ik', b'\xc3\xa1s</w>', b'I', b'b\xc5\x91l</w>', b'C', b'ide', b'sz\xc3\xadn', b'milli\xc3\xb3</w>', b'\xc3\xadt\xc3\xa1', b'\xc3\xa1ra</w>', b'\xc3\xa1k</w>', b'\xc3\xa9v', b'h\xc3\xa1z', b'sz\xc3\xb3', b'm\xc3\xa1ny', b'ver', b'eti</w>', b'ig', b'ku', b'zett</w>', b'tat', b'szem', b'nt</w>', b'val', b'v\xc3\xa1r', b'ho', b'egyik</w>', b'Z', b't\xc3\xa1r', b'dott</w>', b'milli\xc3\xa1rd</w>', b'no', b'orsz\xc3\xa1', b'pe', b'\xc3\xa9rde', b'g\xc3\xa1', b'orosz</w>', b'k\xc3\xa9r', b'k\xc3\xb6r', b'igaz', b'z\xc3\xa9', b'il', b'alap', b'j\xc3\xa1r', b'ei</w>', b'gat', b'rend', b'vel', b'\xc3\xa9g</w>', b'R', b'leg</w>', b'biz', b'san</w>', b'zs', b'\xc3\xbcl\xc3\xa9', b'\xc3\xb6ssz', b'k\xc3\xa9sz', b'po', b'\xc3\xb3ta</w>', b'b\xc3\xa1', b's\xc3\xa9t</w>', b'L', b'vezet', b'fi', b'zet', b'tok</w>', b'ez</w>', b'mel', b'ok</w>', b'k\xc3\xb6vet', b'mert</w>', b'sz\xc3\xa1m', b'ten', b'N', b'sek</w>', b'\xc3\xa9le', b'\xc3\xbck</w>', b'\xc3\xa9k</w>', b'c</w>', b'hi', b'korm\xc3\xa1ny', b'ter</w>', b'er\xc5\x91', b'se</w>', b'szt', b'\xc3\xa1lla', b'el\xc5\x91tt</w>', b'ss\xc3\xa1', b'amely', b'z\xc3\xa1r', b'ig</w>', b'per', b'pro', b'pa', b'je</w>', b't\xc3\xa1rsa', b've</w>', b'ir', b'kus</w>', b'ken', b'nap', b'\xc3\xa9v</w>', b'pol', b'ssz', b'majd</w>', b'ugyan', b'lehet</w>', b'von', b'h\xc3\xa9', b'sz\xc3\xa1zal\xc3\xa9', b'al</w>', b'\xc3\xb6r', b'vis', b'v\xc3\xa1ro', b'ell', b'aka', b'tud', b'ka</w>', b'sz\xc3\xad', b'O', b's\xc3\xad', b'j\xc3\xa1t</w>', b'tisz', b'gazdas\xc3\xa1gi</w>', b'm\xc3\xa9r', b'\xc3\xa1ltal</w>', b'tat\xc3\xa1', b'ami</w>', b'fog', b'viszon', b'5</w>', b'\xc3\xbcle', b'ar', b'olyan</w>', b'hez</w>', b'eln\xc3\xb6', b'd\xc3\xad', b'al\xc3\xa1', b'r\xc3\xa9sz', b'us</w>', b'kon', b'ci\xc3\xb3</w>', b'\xc3\xa1t', b'el\xc5\x91</w>', b'ts\xc3\xa9g', b'\xc3\xa9nek</w>', b'kkal</w>', b'akkor</w>', b'ks', b'zo', b'ami', b'r\xc5\x91l</w>', b'\xc3\x81', b'\xc3\xa1s', b'het', b'hiva', b'kar', b'z\xc3\xb3</w>', b'zet</w>', b'sz\xc3\xb6', b'tarto', b'zen', b'szerb</w>', b'cse', b'annak</w>', b'J', b'k\xc3\xb6z\xc3\xb6', b'k\xc3\xa9p', b'ss\xc3\xa9g', b'mu', b'dal', b't\xc3\xb3l</w>', b'jo', b'del', b'ttak</w>', b'amely</w>', b'zik</w>', b'hat', b'\xc3\xa9sz', b'at', b'j\xc3\xa1n</w>', b'tag', b'\xc3\x89', b'ab', b'mag', b'mond', b'mon', b'arra</w>', b'fel</w>', b'li', b'most</w>', b'vil\xc3\xa1g', b'n\xc3\xa1', b'hat\xc3\xa1', b'kban</w>', b'ked\xc3\xa9', b'v\xc3\xa1ll', b'd\xc5\x91', b'am', b'ber', b'emel', b'tan', b'els\xc5\x91</w>', b'knak</w>', b'talo', b'\xc5\x91t</w>', b'\xc5\x91l</w>', b't\xc3\xa9k</w>', b'vol', b'vesz', b'eln\xc3\xb6k</w>', b'nyi</w>', b'bu', b'ola', b'Ma', b'\xc3\xbaj</w>', b'p\xc3\xa1r', b'szava', b'nagy', b'im', b't\xc3\xba', b'fej', b'mag\xc3\xa1', b'di</w>', b'har', b'tik</w>', b'b\xc3\xad', b'\xc3\xa9s', b'tr', b'ezt</w>', b'fonto', b'hanem</w>', b'k\xc3\xbcl\xc3\xb6n', b'\xc3\xbat', b'\xc3\xa1llam', b'szer</w>', b'sz\xc3\xa1ll', b'zz', b'hang', b'dolgo', b'si', b'egy\xc3\xbc', b'lett</w>', b'\xc3\xb6l', b'parlamen', b'minden</w>', b'szak', b'sen', b'mun', b'keres', b'szerep', b'j\xc3\xb6', b'azonban</w>', b'kr', b'nte', b'gat\xc3\xa1', b't\xc3\xb3k</w>', b'ic', b'politikai</w>', b'tol', b'tet', b'alko', b'korm\xc3\xa1ny</w>', b'Buda', b'ak</w>', b'tor', b'\xc3\xbagy</w>', b'ett', b'kor</w>', b'minden', b's\xc3\xa1go', b'tal\xc3\xa1l', b'na</w>', b'ember</w>', b'sem', b'tulajdon', b'tam</w>', b'f\xc5\x91</w>', b'l\xc3\xb3</w>', b'ag', b'vo', b'pi', b'bi', b'len</w>', b'hat</w>', b'nap</w>', b'm\xc3\xbalt</w>', b'd\xc3\xb6', b'Magyarorsz\xc3\xa1', b'haj', b'tele', b'tani</w>', b'ott', b'tov\xc3\xa1', b'kos</w>', b'rende', b'h\xc3\xad', b'm\xc3\xb3', b'aut\xc3\xb3', b'2</w>', b'siker', b'csa', b'j</w>', b'kin', b'megy', b'6</w>', b'miatt</w>', b'\xc3\xa1n', b'ly', b'l\xc3\xa1to', b'\xc5\x91r', b'mintegy</w>', b'ton', b'c\xc3\xadm\xc5\xb1</w>', b'id\xc5\x91', b'p\xc3\xa9nz', b'Egy', b'at</w>', b'term\xc3\xa9', b't\xc3\xb6bb', b'\xc3\xa1lis</w>', b'vagy</w>', b'nagy</w>', b'jel', b'?</w>', b'z\xc5\x91</w>', b'rendszer', b'hat\xc3\xb3</w>', b'ven', b'elej', b'ult</w>', b'ke</w>', b'ezer</w>', b'v\xc3\xa9ny', b'v\xc3\xa1la', b'szere', b'\xc3\xa9ve', b'totta</w>', b'tta</w>', b'S</w>', b'lat</w>', b'ur', b'ford', b'amelynek</w>', b'cseh</w>', b'c\xc3\xa9g</w>', b'kon</w>', b'lehet\xc5\x91', b'k\xc3\xb6l', b'm\xc3\xa1r', b'kan', b'n\xc3\xb6ve', b'p\xc3\xa9ld\xc3\xa1ul</w>', b'\xc3\xa9let', b'sol', b'szt\xc3\xa1', b'\xc3\xa9ppen</w>', b'h\xc3\xa1rom</w>', b'sabb</w>', b'ai</w>', b'lan</w>', b'sz\xc3\xbc', b'\xc3\xa1sa</w>', b'int\xc3\xa9', b'tot</w>', b'taval', b'pr', b'pon', b'mellett</w>', b'su', b'du', b'knek</w>', b'uta', b'tett', b't\xc5\xb1', b'az\xc3\xa9rt</w>', b'Ko', b'le</w>', b't\xc3\xa1n</w>', b'da</w>', b'vas', b'hiszen</w>', b'isz', b'\xc3\xa1llapo', b'bal', b'kben</w>', b'nyt</w>', b'fil', b'\xc3\xa9rt\xc3\xa9', b'je', b'ali', b'ten</w>', b'ac', b'Ez</w>', b'k\xc3\xb6vetkez', b'bban</w>', b'ut\xc3\xb3bbi</w>', b'zsi', b'kis', b'alkal', b'teni</w>', b'k\xc3\xb6zle', b'd\xc3\xa1s</w>', b'nemzetk\xc3\xb6zi</w>', b'r\xc3\xa9szt</w>', b'bel', b'ne</w>', b'terve', b'szem\xc3\xa9ly', b'f\xc5\x91v\xc3\xa1ro', b'K\xc3\xb6z', b'csi', b'vezet\xc5\x91', b'cso', b'k\xc3\xa9rd\xc3\xa9', b'j\xc3\xb3', b'munk\xc3\xa1', b'10</w>', b'ton</w>', b'hal', b'k\xc3\xb3', b'sban</w>', b'don</w>', b'par', b'W', b'k\xc3\xa9pvis', b'\xc3\xa1ll\xc3\xb3</w>', b'miniszter', b'aki', b'k\xc3\xa1t</w>', b'\xc3\xa1m</w>', b'm\xc5\xb1k\xc3\xb6', b'jegy', b'ki\xc3\xa1ll\xc3\xadt\xc3\xa1', b'forint</w>', b'koszov\xc3\xb3i</w>', b'Kft</w>', b't\xc3\xb6r\xc3\xb6k</w>', b'tart', b'tos</w>', b'el\xc5\x91ad', b'z\xc3\xb3', b'v\xc3\xa9le', b'jelent\xc5\x91', b'm\xc3\xbal', b'bel\xc3\xbcl</w>', b'b</w>', b'\xc3\xa9vek</w>', b'k\xc3\xb6zel', b'esz', b'legnagyobb</w>', b'sz\xc3\xa1m\xc3\xa1ra</w>', b'szab', b'lesz</w>', b'ina', b'1</w>', b'sza', b'mutat', b'ismer', b'\xc3\xb3i</w>', b'hoz', b'ep', b'30</w>', b'd\xc3\xb6n', b's\xc3\xa1gi</w>', b'dt</w>', b'ia</w>', b'nk</w>', b'rad', b'ir\xc3\xa1ny', b'El', b'ott</w>', b'szk', b'l\xc3\xb3', b'gad', b'\xc5\x91z', b'\xc3\xa1ly', b'in</w>', b'raj', b'unk</w>', b'ette</w>', b'tiz', b'ven</w>', b'\xc3\xadr\xc3\xb3', b'tja</w>', b'ahol</w>', b'ran', b'maga', b'osz', b'\xc3\xa9r\xc5\x91l</w>', b'het</w>', b'bar', b'int', b'9</w>', b'\xc3\xa1s\xc3\xa1', b'ila', b'\xc3\xa9se</w>', b'r\xc3\xb3l</w>', b'gazda', b'ut\xc3\xb3', b'n\xc3\xb6', b'g\xc3\xa1r', b'ist', b'pu', b'alatt</w>', b'alom</w>', b'tti</w>', b'd\xc3\xa9s</w>', b'\xc3\xbal', b'un', b'mindig</w>', b'kes</w>', b'sta', b'fogl', b'szervez', b'yi</w>', b'teljes', b'm\xc3\xa9ny</w>', b'ugyan</w>', b'8</w>', b'kil', b'pesti</w>', b'sokat</w>', b'tek', b'enek</w>', b'kapcs', b'gu', b'\xc3\xbclet</w>', b'fenn', b'\xc3\xb3t</w>', b'bizony', b'fe', b'\xc3\xa1ba</w>', b't\xc5\x91l</w>', b'\xc3\xa9b', b'ty', b'akad', b'er</w>', b'tan\xc3\xa1', b'etlen</w>', b'mondta</w>', b'kol', b'\xc3\xadgy</w>', b'p\xc3\xa1ly', b'os', b'oper', b'ellenz\xc3\xa9', b'kap', b'gondol', b'bon', b'son', b'bben</w>', b'us', b'ut', b'h\xc3\xa1bor', b'ug', b'Mo', b'SP', b'm\xc5\xb1v\xc3\xa9sz', b'b\xc3\xa1n</w>', b'szlov\xc3\xa1k</w>', b'D</w>', b'\xc3\xa1llami</w>', b'f\xc3\xb6ldreng\xc3\xa9s</w>', b't\xc3\xadz</w>', b'hossz', b'gazdas\xc3\xa1g</w>', b'gyakor', b'm\xc3\xa1ny</w>', b'\xc3\xb6k', b's\xc3\xa9vel</w>', b'terem', b'het\xc5\x91</w>', b'mara', b'hasz', b'kor\xc3\xa1', b'f\xc3\xa9l</w>', b'bbi</w>', b'4</w>', b'lik</w>', b'r\xc3\xb6', b'lo', b'Ne', b'ker\xc3\xbcl', b'vil\xc3\xa1', b'j\xc3\xb6v\xc5\x91', b'elem</w>', b'\xc3\xb3pai</w>', b'\xc3\xbaly', b'hi\xc3\xa1ny', b'kul', b'eg\xc3\xa9', b'k\xc3\xb6r\xc3\xbcl', b'est', b'hagy', b'nny', b'nem', b'gy\xc5\xb1', b'v\xc3\xa1ny', b'gat\xc3\xb3', b'telep', b'h\xc3\xa1ny</w>', b'bo', b'vezet\xc5\x91je</w>', b'sze</w>', b'amikor</w>', b'szabad', b'Min', b's\xc3\xa9ge</w>', b'nyu', b'n\xc3\xa9met</w>', b'legy', b'ul</w>', b'tit', b'\xc3\xa9st</w>', b'hel', b'J\xc3\xa1nos</w>', b'nincs</w>', b'csal\xc3\xa1', b'illetve</w>', b'Rt</w>', b'onto', b'kori</w>', b's\xc3\xa9nek</w>', b'val\xc3\xb3', b'szl\xc3\xa1', b'sorban</w>', b'besz\xc3\xa9l', b'j\xc3\xba', b'nagyon</w>', b'tem', b'ssal</w>', b'em</w>', b'\xc3\xa9ne', b'v\xc3\xa9tel', b'alkot', b'v\xc3\xa1laszt\xc3\xa1', b'Dub', b'bank</w>', b'ENSZ</w>', b'Koszov', b'alb\xc3\xa1nok</w>', b'szoci\xc3\xa1ldemokra', b'doll\xc3\xa1r', b'ilyen</w>', b'minisz', b'ch', b'teh', b'En', b'3</w>', b'moz', b'\xc3\xa1lt</w>', b'lehe', b'd\xc3\xa9l', b't\xc3\xa9r', b'\xc3\xa9l</w>', b'tet</w>', b'kra</w>', b'alakul', b'uk', b'felada', b'cia</w>', b'kl', b'ad\xc3\xb3', b'm\xc3\xa1s</w>', b'mik', b'bor', b'sin', b'seg\xc3\xad', b'kezd', b'n\xc3\xa9l', b'Feren', b'lel', b'1', b'ara', b'name</w>', b'r\xc3\xa9', b'met</w>', b'Or', b'szolg\xc3\xa1l', b'tal</w>', b'gban</w>', b'\xc3\xbcr', b't\xc3\xa9s', b'helyett', b'lan', b'csopor', b'ene', b'els', b't\xc3\xa1rgya', b's\xc3\xa1r', b'Mar', b'7</w>', b't\xc3\xa1ma', b'szerbek</w>', b'oli', b'vala', b'hor', b'ya', b'osan</w>', b'nemzet', b'muta', b'\xc3\x8d', b'inf', b'gon</w>', b'den', b'll', b'sb', b'napo', b'lak', b'este</w>', b'eni</w>', b'20</w>', b'\xc3\x9a', b'Er', b'gyar</w>', b'HV', b'ber</w>', b'til', b'rem', b'vet</w>', b'orvo', b'vit', b'EU</w>', b'mot</w>', b'T\xc3\xb6r', b'mat</w>', b'og', b'yt</w>', b'tapa', b'eur', b'vi</w>', b'por', b'4', b'fek', b'ts', b'bus', b'gel', b'kai</w>', b'kod', b'ere', b'U', b'kke', b'zt</w>', b'ren', b'Ka', b'Eur', b'mas</w>', b'den</w>', b'man', b'fon', b'eng', b'\xc3\xa1ll\xc3\xadt\xc3\xa1', b'ika</w>', b'au', b'oro', b'f\xc3\xb6l', b'y\xc3\xb6', b'kat', b'fia', b'bor</w>', b'50</w>', b'Br', b'Tu', b'40</w>', b'K</w>', b'1997</w>', b'G</w>', b'ama', b'pari</w>', b'jelent', b'der', b'Mik', b'ess', b'land', b'seg', b'\xc3\xa1ny', b'lat', b'Na', b'jan', b'sor', b'hon', b'pan', b'ba', b'van', b'od', b'etes</w>', b'ej', b'as</w>', b'lako', b'11</w>', b'Ki', b'eh', b'h</w>', b'Sc', b'Ba', b'ire</w>', b'test', b'\xc3\xb6t</w>', b'u</w>', b'elv', b'yen</w>', b'arr', b'dem', b'pri', b'ille', b'\xc3\xa9ly', b'heti</w>', b'nok</w>', b'ito</w>', b'all', b'me</w>', b'hol', b'lag</w>', b'azon', b'hu', b'dar', b'\xc3\xb6k</w>', b'hard</w>', b'vat', b'1999</w>', b'ent', b'lob', b'um</w>', b';</w>', b'ken</w>', b'tala', b'reg', b'lem', b'jon</w>', b'ito', b'ad</w>', b'gya', b'ex', b'mis', b't\xc3\xad', b'hall', b'kis</w>', b'hava', b'eli</w>', b'pes', b'mar', b'Re', b'\xc3\x96', b'end', b'\xc3\xb6n</w>', b'mp', b'het\xc5\x91', b'mes</w>', b'19', b'0</w>', b'kes', b'zza</w>', b'Vol', b'6', b'3', b'100</w>', b'lla', b'tte</w>', b'ppen</w>', b'ista</w>', b'gon', b'tott', b'ner</w>', b'Mi', b'enne</w>', b'Po', b'Si', b'fen', b'Mer', b'kato', b'rit', b'sz\xc3\xa1z', b'ri</w>', b'O</w>', b'dig</w>', b'SZ</w>', b'alak', b'kit', b'duk', b'ban', b'hit', b'gra', b'doll', b'p\xc3\xb6', b'bek</w>', b'ia', b'let</w>', b'kata', b'm\xc3\xb6', b'g\xc3\xa1l', b'sup', b'bru', b'nagyobb</w>', b'kok</w>', b'gg', b'ellen</w>', b'dol', b'mit</w>', b'jen</w>', b'ind', b'int</w>', b'f</w>', b'x', b'mer', b'tor</w>', b'demokra', b'c\xc3\xad', b'kal', b'ani</w>', b'kit</w>', b'edi</w>', b'szol', b'In', b'Ha', b'194', b'ily', b'szov', b'ge', b'ys', b'sun', b'Ho', b'o</w>', b'Pi', b'fin', b'man</w>', b'nne', b'pel', b'al\xc3\xa9', b'I</w>', b'18', b'ite', b'200</w>', b'm\xc5\xb1v\xc3\xa9', b'osa</w>', b'bro', b'pi</w>', b'nel', b'1992</w>', b'udj', b'szlov\xc3\xa1', b'vai</w>', b'der</w>', b'politi', b'pa</w>', b'AI', b'gar', b'IMF</w>', b'hr', b'des', b'jun', b'Kar', b'mia</w>', b'energ', b'infor', b'ika', b'sai</w>', b'Ny', b'inte', b'iku', b'kommun', b'nia</w>', b'est</w>', b'2000</w>', b'f\xc3\xb6ld', b'zer', b'x</w>', b'ru', b'alat</w>', b'mati', b'jut', b'ike', b'500</w>', b'don', b'ud', b'lu', b'elin', b'cen', b'att', b'rak', b'Ve', b'Mit', b'pun', b'ved', b'm\xc5\xb1</w>', b'p\xc3\xa9n', b'gyar', b'And', b'gal', b'iva', b'\xc3\xa9n', b'ill', b'60</w>', b'esi', b'ky</w>', b'w', b'mit', b'var', b'milli\xc3\xa1r', b'gyarorsz\xc3\xa1', b'uni', b'ai', b'hir', b'tra', b'Ju', b'ang', b'diplo', b'jet</w>', b'konf', b'lik', b'zon', b'la</w>', b'pest', b'Uni', b'tonn', b'AT', b'tam', b'eren', b'ria</w>', b'kel</w>', b'albu', b'mia', b'mil', b'195', b'Fran', b'ppa', b'Mil', b'eman</w>', b'kia</w>', b'jog', b'Kon', b'paran', b'La', b'5', b'1998</w>', b'Lon', b'for</w>', b'raho', b'ger', b'alu', b'Aka', b'nin', b'tai</w>', b'gen', b'vir', b'amer', b'vid</w>', b'rek', b'dig', b'ah', b'str', b'tur', b'bil', b'kise', b'Ta', b'iti', b'kot</w>', b'199', b'31</w>', b'vil', b'aut', b'h\xc3\xb6', b'kos', b'op', b'tun', b'ing', b'Q', b'Per', b'ga</w>', b'\xc5\x90</w>', b'ser', b'ht</w>', b'eks', b'v\xc5\x91', b'mat', b'ot</w>', b'V</w>', b'iso', b'2', b'ada', b'9', b'8', b'T\xc3\xb6', b'80</w>', b'met', b'aho', b'as', b'hin', b'Go', b'Va', b'sson</w>', b'19</w>', b'net</w>', b'Bi', b'and', b'!</w>', b'yh', b'kko', b'tes</w>', b'bul', b'into', b'org', b'eu', b'von</w>', b'gaz', b'ann', b'Ber', b'ker</w>', b'E</w>', b'kom', b'bi</w>', b'oh', b'An', b'Vla', b'ress', b'oso', b'7', b'Tar', b'ce</w>', b'ris</w>', b'tif', b'Gro', b'1994</w>', b'bin', b'milli', b'F</w>', b'itel', b'elek', b'ste</w>', b'Bar', b'san', b'lag', b'edel', b'hul', b'enn', b'Me', b'ava', b'men</w>', b'p\xc3\xa9ld\xc3\xa1', b'isi</w>', b'teg', b'\xc3\xb6s', b'iszen</w>', b'12</w>', b'Hi', b'red', b'pill', b'15</w>', b'tan</w>', b'erg', b'ut</w>', b'las', b'ing</w>', b'So', b'Ke', b'Tam', b'25</w>', b'reng', b'yr', b'1964</w>', b'uto', b'p\xc3\xa9l', b'lev', b'bizon', b'Al', b'emen', b'alo', b'han', b'elle', b'Bro', b'Pel', b'ili', b'mista</w>', b'Car', b'um', b'Y', b'lin', b'jat</w>', b'1990</w>', b'kompon', b'ina</w>', b'esten</w>', b'Ro', b'im</w>', b'and</w>', b'For', b'akka', b'mme', b'Ale', b'her</w>', b'ard</w>', b'ih', b'ony</w>', b'mus</w>', b'nti</w>', b'tus</w>', b'ce', b'ger</w>', b'jo</w>', b'lov\xc3\xa1', b'00</w>', b'tre', b'ost', b'1993</w>', b'Jar', b'Inter', b'sti</w>', b'jos</w>', b'B</w>', b'75</w>', b'28</w>', b'indo', b'so</w>', b'Ti', b'ssa</w>', b'Han', b'Tiet', b'Kat', b'ise', b'ran</w>', b'sz\xc3\xa9l', b'DP</w>', b'kk', b'mul', b'inter', b'nos</w>', b'Be', b'pil', b'etel', b'bri', b'pp', b'vasta', b'ro</w>', b'mb', b'moder', b'sina', b'lap', b'Je', b'her', b'kun</w>', b'rj', b'enna', b'pal', b'ota</w>', b'Bal', b'M</w>', b'ala</w>', b'pos', b'kan</w>', b'800</w>', b'ye', b'ck', b'iv', b'16', b'pla', b'olta</w>', b'tlan', b'set</w>', b'lau', b'bert</w>', b'To', b'via</w>', b'gr', b'iu', b'ron', b'Jo', b'vallo', b'1947</w>', b'Li', b'okra', b'ino', b'tai', b'mist', b'18</w>', b'lly', b'tte', b'mus', b'Wal', b'ste', b'nn', b'ca', b'koll', b'kir', b'ale', b'om</w>', b'peri', b'Mu', b'oll', b'Bla', b'ck</w>', b'fi</w>', b'tt\xc3\xb6', b'son</w>', b'Kol', b'World</w>', b'ira', b'Ra', b'X', b'III</w>', b'Bu', b'ida</w>', b'Man', b'itu', b'sar', b'pul', b'rom</w>', b'osa', b'Lu', b'Sen', b'ped', b'196', b'85</w>', b'Te', b'Se', b'Ja', b'li</w>', b'isten</w>', b'ien</w>', b'pre', b'urin', b'17', b'eri</w>', b'ese</w>', b'400</w>', b'nor', b'Pu', b'stan', b'Lib', b'Kor', b'65</w>', b'bur', b'70</w>', b'tila', b'hes</w>', b'hin</w>', b'Vil', b'HI', b'33</w>', b'300</w>', b'nagyo', b'szoci', b'matt', b'ff', b'mm', b'H</w>', b'sul', b'17</w>', b'tion', b'rav', b'dia</w>', b'taks', b'sko', b'1995</w>', b'2002</w>', b'ile', b'Hel', b'berg</w>', b'ine</w>', b'Saar', b'rit</w>', b'ren</w>', b'vide', b'sov', b'rist', b'ilan', b'Belg', b'taso', b'elo', b'kka', b'US', b'kem', b'kas', b'Ponto', b'jes', b'kele', b'iri', b'Au', b'oma', b'una', b'vat</w>', b'kuva', b'heng', b'hi</w>', b'eto', b'tava', b'edes</w>', b'com', b'iko', b'ikke', b'varo', b'pih', b'Par', b'ord', b'Bel', b'uha', b'Var', b'hida', b'39</w>', b'Za', b'hen', b'198', b'anti', b'tola', b'gin</w>', b'projek', b'rat', b'numer', b'olog', b'versi', b'tas', b'No', b'koro', b'pis', b'maj', b'teke', b'ampu', b'kell', b'otta', b'ub', b'sal', b'sel', b'ura', b'kaver', b'yri', b'by</w>', b'Op', b'mar</w>', b'Vu', b'ras', b'Am', b'sum', b'kiel', b'metr', b'Co', b'ani', b'mo</w>', b'Joh', b'iton</w>', b'h\xc3\xa4', b'use', b'Wol', b'he</w>', b'io', b'etti</w>', b'Eng', b'Mol', b'enem', b'197', b'Tra', b'ulo', b'medi', b'Hen', b'sis', b'ust', b'ssan</w>', b'ttil', b'He', b'inn', b'ky', b'miss', b'nit</w>', b'K\xc3\xb6', b'Tal', b'13</w>', b'uno', b'Tapi', b'ola</w>', b'ura</w>', b'nni</w>', b'uu', b'bam', b'eli', b'Mic', b'rke', b'Ca', b'De', b'musi', b'ron</w>', b'ip', b'tve</w>', b'Ed', b'non</w>', b'illa', b'anta', b'fess', b'Coll', b'lus', b'00', b'nan</w>', b'onn', b"'</w>", b'ita', b'vall', b'kii', b'Her', b'24</w>', b'Z</w>', b'27</w>', b'tum', b'avu', b'mon</w>', b'isen</w>', b'siv', b'jus', b'itt', b'R</w>', b'kana', b'eta', b'utta', b'det</w>', b'rus', b'nut</w>', b'olle', b'kau', b'imi', b'nat', b'verra', b'ente', b'\xc3\xa1ldemokra', b'W</w>', b'uro', b'tik', b'dos', b'II</w>', b'della</w>', b'era</w>', b'io</w>', b'itett', b'upe', b'aja', b'49</w>', b'tti', b'Amer', b'Bra', b'esi</w>', b'ita</w>', b'21</w>', b'2007</w>', b'2001</w>', b'MT', b'90</w>', b'Il', b'dik', b'29</w>', b'J\xc3\xa1', b'olo', b'38</w>', b'pia', b'1989</w>', b'26</w>', b'Por', b'bat', b'Pro', b'tion</w>', b'New</w>', b'Yor', b'ft</w>', b'10', b'14</w>', b'IS', b'amel', b'f\xc3\xb6ldreng', b'tulaj', b'cu', b'ulta</w>', b'alist', b'Di', b'ric', b'l\xc3\xb6', b'oran', b'aa', b'32</w>', b'Kul', b'35</w>', b'kla', b'lai', b'arat', b'37</w>', b'Wil', b'Vo', b'Ol', b'MI', b'jek', b'alb\xc3\xa1', b'blo', b'ssan', b'sil', b'mina', b'kommen', b'asi', b'szov\xc3\xb3i</w>']
2025-12-22 22:58:12,805 vocabulary size of 1934
2025-12-22 22:58:12,815 SequenceTagger predicts: Dictionary with 19 tags: <PAD>, NOUN, PUNCT, ADJ, DET, VERB, ADV, PROPN, CCONJ, PRON, NUM, ADP, SCONJ, AUX, PART, X, INTJ, <START>, <STOP>
2025-12-22 22:58:14,732 
Results:
- F-score (micro) 0.9581
- F-score (macro) 0.7907
- Accuracy 0.9581

By class:
              precision    recall  f1-score   support

       <PAD>     0.9964    0.9975    0.9969     15778
        NOUN     0.8741    0.8785    0.8763      2362
       PUNCT     0.9872    0.9939    0.9906      1479
         ADJ     0.8400    0.8207    0.8302      1311
         DET     0.9514    0.9755    0.9633      1264
        VERB     0.8786    0.8975    0.8879       927
         ADV     0.8650    0.8712    0.8681       846
       PROPN     0.9185    0.8720    0.8947       750
       CCONJ     0.9592    0.9351    0.9470       478
         NUM     0.8456    0.7774    0.8101       310
        PRON     0.8020    0.8102    0.8061       295
         ADP     0.8900    0.9036    0.8967       197
       SCONJ     0.9268    0.9560    0.9412       159
         AUX     0.7647    0.7647    0.7647        51
        PART     1.0000    0.9375    0.9677        16
        INTJ     0.0000    0.0000    0.0000         1
           X     0.0000    0.0000    0.0000         2

    accuracy                         0.9581     26226
   macro avg     0.7941    0.7877    0.7907     26226
weighted avg     0.9578    0.9581    0.9579     26226

2025-12-22 22:58:14,732 ----------------------------------------------------------------------------------------------------
