2025-12-22 17:42:55,328 ----------------------------------------------------------------------------------------------------
2025-12-22 17:42:55,328 Model: "SequenceTagger(
  (embeddings): StackedEmbeddings(
    (list_embedding_0): OneHotEmbeddings(
      (embedding_layer): Embedding(4421, 300)
    )
  )
  (word_dropout): WordDropout(p=0.05)
  (locked_dropout): LockedDropout(p=0.5)
  (embedding2nn): Linear(in_features=300, out_features=300, bias=True)
  (rnn): LSTM(300, 256, batch_first=True, bidirectional=True)
  (linear): Linear(in_features=512, out_features=17, bias=True)
  (loss_function): ViterbiLoss()
  (crf): CRF()
)"
2025-12-22 17:42:55,328 ----------------------------------------------------------------------------------------------------
2025-12-22 17:42:55,328 Corpus: 1872 train + 624 dev + 625 test sentences
2025-12-22 17:42:55,328 ----------------------------------------------------------------------------------------------------
2025-12-22 17:42:55,328 Train:  1872 sentences
2025-12-22 17:42:55,328         (train_with_dev=False, train_with_test=False)
2025-12-22 17:42:55,328 ----------------------------------------------------------------------------------------------------
2025-12-22 17:42:55,328 Training Params:
2025-12-22 17:42:55,328  - learning_rate: "0.1" 
2025-12-22 17:42:55,328  - mini_batch_size: "32"
2025-12-22 17:42:55,328  - max_epochs: "150"
2025-12-22 17:42:55,328  - shuffle: "True"
2025-12-22 17:42:55,328 ----------------------------------------------------------------------------------------------------
2025-12-22 17:42:55,328 Plugins:
2025-12-22 17:42:55,328  - AnnealOnPlateau | patience: '3', anneal_factor: '0.5', min_learning_rate: '0.0001'
2025-12-22 17:42:55,328 ----------------------------------------------------------------------------------------------------
2025-12-22 17:42:55,328 Final evaluation on model from best epoch (best-model.pt)
2025-12-22 17:42:55,328  - metric: "('micro avg', 'f1-score')"
2025-12-22 17:42:55,328 ----------------------------------------------------------------------------------------------------
2025-12-22 17:42:55,328 Computation:
2025-12-22 17:42:55,328  - compute on device: cpu
2025-12-22 17:42:55,328  - embedding storage: none
2025-12-22 17:42:55,328 ----------------------------------------------------------------------------------------------------
2025-12-22 17:42:55,328 Model training base path: "models/flair_pos/unigram/sme"
2025-12-22 17:42:55,328 ----------------------------------------------------------------------------------------------------
2025-12-22 17:42:55,328 ----------------------------------------------------------------------------------------------------
2025-12-22 17:42:55,999 epoch 1 - iter 5/59 - loss 2.67257200 - time (sec): 0.67 - samples/sec: 4211.38 - lr: 0.100000 - momentum: 0.000000
2025-12-22 17:42:56,649 epoch 1 - iter 10/59 - loss 2.37785063 - time (sec): 1.32 - samples/sec: 4093.05 - lr: 0.100000 - momentum: 0.000000
2025-12-22 17:42:57,299 epoch 1 - iter 15/59 - loss 2.19921076 - time (sec): 1.97 - samples/sec: 4160.93 - lr: 0.100000 - momentum: 0.000000
2025-12-22 17:42:57,944 epoch 1 - iter 20/59 - loss 2.09323813 - time (sec): 2.62 - samples/sec: 4163.68 - lr: 0.100000 - momentum: 0.000000
2025-12-22 17:42:58,733 epoch 1 - iter 25/59 - loss 2.02801971 - time (sec): 3.40 - samples/sec: 3953.88 - lr: 0.100000 - momentum: 0.000000
2025-12-22 17:42:59,543 epoch 1 - iter 30/59 - loss 1.97780514 - time (sec): 4.21 - samples/sec: 3848.97 - lr: 0.100000 - momentum: 0.000000
2025-12-22 17:43:00,329 epoch 1 - iter 35/59 - loss 1.93748620 - time (sec): 5.00 - samples/sec: 3811.54 - lr: 0.100000 - momentum: 0.000000
2025-12-22 17:43:01,134 epoch 1 - iter 40/59 - loss 1.90518177 - time (sec): 5.81 - samples/sec: 3772.07 - lr: 0.100000 - momentum: 0.000000
2025-12-22 17:43:01,824 epoch 1 - iter 45/59 - loss 1.87036997 - time (sec): 6.49 - samples/sec: 3778.31 - lr: 0.100000 - momentum: 0.000000
2025-12-22 17:43:02,577 epoch 1 - iter 50/59 - loss 1.84290717 - time (sec): 7.25 - samples/sec: 3716.49 - lr: 0.100000 - momentum: 0.000000
2025-12-22 17:43:03,976 epoch 1 - iter 55/59 - loss 1.81721494 - time (sec): 8.65 - samples/sec: 3445.80 - lr: 0.100000 - momentum: 0.000000
2025-12-22 17:43:04,416 ----------------------------------------------------------------------------------------------------
2025-12-22 17:43:04,417 EPOCH 1 done: loss 1.7955 - lr: 0.100000
2025-12-22 17:43:05,462 DEV : loss 1.3119850158691406 - f1-score (micro avg)  0.5494
2025-12-22 17:43:05,463  - 0 epochs without improvement
2025-12-22 17:43:05,464 saving best model
2025-12-22 17:43:05,494 ----------------------------------------------------------------------------------------------------
2025-12-22 17:43:06,027 epoch 2 - iter 5/59 - loss 1.50415116 - time (sec): 0.53 - samples/sec: 4738.11 - lr: 0.100000 - momentum: 0.000000
2025-12-22 17:43:06,856 epoch 2 - iter 10/59 - loss 1.48358263 - time (sec): 1.36 - samples/sec: 3974.73 - lr: 0.100000 - momentum: 0.000000
2025-12-22 17:43:07,871 epoch 2 - iter 15/59 - loss 1.45818542 - time (sec): 2.38 - samples/sec: 3481.45 - lr: 0.100000 - momentum: 0.000000
2025-12-22 17:43:08,565 epoch 2 - iter 20/59 - loss 1.43547603 - time (sec): 3.07 - samples/sec: 3641.76 - lr: 0.100000 - momentum: 0.000000
2025-12-22 17:43:09,266 epoch 2 - iter 25/59 - loss 1.41330378 - time (sec): 3.77 - samples/sec: 3669.72 - lr: 0.100000 - momentum: 0.000000
2025-12-22 17:43:09,961 epoch 2 - iter 30/59 - loss 1.39869555 - time (sec): 4.47 - samples/sec: 3721.61 - lr: 0.100000 - momentum: 0.000000
2025-12-22 17:43:10,588 epoch 2 - iter 35/59 - loss 1.38222890 - time (sec): 5.09 - samples/sec: 3757.78 - lr: 0.100000 - momentum: 0.000000
2025-12-22 17:43:11,226 epoch 2 - iter 40/59 - loss 1.36571498 - time (sec): 5.73 - samples/sec: 3810.07 - lr: 0.100000 - momentum: 0.000000
2025-12-22 17:43:12,003 epoch 2 - iter 45/59 - loss 1.34839401 - time (sec): 6.51 - samples/sec: 3754.28 - lr: 0.100000 - momentum: 0.000000
2025-12-22 17:43:12,664 epoch 2 - iter 50/59 - loss 1.33175736 - time (sec): 7.17 - samples/sec: 3790.53 - lr: 0.100000 - momentum: 0.000000
2025-12-22 17:43:13,325 epoch 2 - iter 55/59 - loss 1.31778766 - time (sec): 7.83 - samples/sec: 3805.89 - lr: 0.100000 - momentum: 0.000000
2025-12-22 17:43:13,754 ----------------------------------------------------------------------------------------------------
2025-12-22 17:43:13,755 EPOCH 2 done: loss 1.3079 - lr: 0.100000
2025-12-22 17:43:14,458 DEV : loss 0.9713700413703918 - f1-score (micro avg)  0.6667
2025-12-22 17:43:14,460  - 0 epochs without improvement
2025-12-22 17:43:14,460 saving best model
2025-12-22 17:43:14,480 ----------------------------------------------------------------------------------------------------
2025-12-22 17:43:15,067 epoch 3 - iter 5/59 - loss 1.09320432 - time (sec): 0.59 - samples/sec: 4556.26 - lr: 0.100000 - momentum: 0.000000
2025-12-22 17:43:15,761 epoch 3 - iter 10/59 - loss 1.09944128 - time (sec): 1.28 - samples/sec: 4094.88 - lr: 0.100000 - momentum: 0.000000
2025-12-22 17:43:16,495 epoch 3 - iter 15/59 - loss 1.09126260 - time (sec): 2.01 - samples/sec: 3887.37 - lr: 0.100000 - momentum: 0.000000
2025-12-22 17:43:17,196 epoch 3 - iter 20/59 - loss 1.08678259 - time (sec): 2.72 - samples/sec: 3871.59 - lr: 0.100000 - momentum: 0.000000
2025-12-22 17:43:17,833 epoch 3 - iter 25/59 - loss 1.07981188 - time (sec): 3.35 - samples/sec: 3963.19 - lr: 0.100000 - momentum: 0.000000
2025-12-22 17:43:18,408 epoch 3 - iter 30/59 - loss 1.07057934 - time (sec): 3.93 - samples/sec: 4039.50 - lr: 0.100000 - momentum: 0.000000
2025-12-22 17:43:19,076 epoch 3 - iter 35/59 - loss 1.06492730 - time (sec): 4.60 - samples/sec: 4037.37 - lr: 0.100000 - momentum: 0.000000
2025-12-22 17:43:19,758 epoch 3 - iter 40/59 - loss 1.05140727 - time (sec): 5.28 - samples/sec: 4038.19 - lr: 0.100000 - momentum: 0.000000
2025-12-22 17:43:20,416 epoch 3 - iter 45/59 - loss 1.04259356 - time (sec): 5.94 - samples/sec: 4022.95 - lr: 0.100000 - momentum: 0.000000
2025-12-22 17:43:21,138 epoch 3 - iter 50/59 - loss 1.03747315 - time (sec): 6.66 - samples/sec: 4007.32 - lr: 0.100000 - momentum: 0.000000
2025-12-22 17:43:21,918 epoch 3 - iter 55/59 - loss 1.02978414 - time (sec): 7.44 - samples/sec: 3979.56 - lr: 0.100000 - momentum: 0.000000
2025-12-22 17:43:22,392 ----------------------------------------------------------------------------------------------------
2025-12-22 17:43:22,392 EPOCH 3 done: loss 1.0255 - lr: 0.100000
2025-12-22 17:43:23,102 DEV : loss 0.7645822763442993 - f1-score (micro avg)  0.7484
2025-12-22 17:43:23,104  - 0 epochs without improvement
2025-12-22 17:43:23,104 saving best model
2025-12-22 17:43:23,125 ----------------------------------------------------------------------------------------------------
2025-12-22 17:43:23,710 epoch 4 - iter 5/59 - loss 0.94063778 - time (sec): 0.58 - samples/sec: 4554.42 - lr: 0.100000 - momentum: 0.000000
2025-12-22 17:43:24,412 epoch 4 - iter 10/59 - loss 0.91330212 - time (sec): 1.29 - samples/sec: 4139.71 - lr: 0.100000 - momentum: 0.000000
2025-12-22 17:43:25,049 epoch 4 - iter 15/59 - loss 0.90173343 - time (sec): 1.92 - samples/sec: 4131.29 - lr: 0.100000 - momentum: 0.000000
2025-12-22 17:43:25,791 epoch 4 - iter 20/59 - loss 0.89574425 - time (sec): 2.67 - samples/sec: 4032.01 - lr: 0.100000 - momentum: 0.000000
2025-12-22 17:43:26,524 epoch 4 - iter 25/59 - loss 0.90086666 - time (sec): 3.40 - samples/sec: 3954.04 - lr: 0.100000 - momentum: 0.000000
2025-12-22 17:43:27,173 epoch 4 - iter 30/59 - loss 0.89302884 - time (sec): 4.05 - samples/sec: 3982.12 - lr: 0.100000 - momentum: 0.000000
2025-12-22 17:43:27,778 epoch 4 - iter 35/59 - loss 0.88639265 - time (sec): 4.65 - samples/sec: 4048.17 - lr: 0.100000 - momentum: 0.000000
2025-12-22 17:43:28,481 epoch 4 - iter 40/59 - loss 0.88014661 - time (sec): 5.36 - samples/sec: 4027.10 - lr: 0.100000 - momentum: 0.000000
2025-12-22 17:43:29,172 epoch 4 - iter 45/59 - loss 0.87993766 - time (sec): 6.05 - samples/sec: 4031.54 - lr: 0.100000 - momentum: 0.000000
2025-12-22 17:43:29,850 epoch 4 - iter 50/59 - loss 0.87704070 - time (sec): 6.72 - samples/sec: 4030.30 - lr: 0.100000 - momentum: 0.000000
2025-12-22 17:43:30,555 epoch 4 - iter 55/59 - loss 0.87190362 - time (sec): 7.43 - samples/sec: 4015.11 - lr: 0.100000 - momentum: 0.000000
2025-12-22 17:43:30,993 ----------------------------------------------------------------------------------------------------
2025-12-22 17:43:30,994 EPOCH 4 done: loss 0.8695 - lr: 0.100000
2025-12-22 17:43:31,914 DEV : loss 0.6680985689163208 - f1-score (micro avg)  0.778
2025-12-22 17:43:31,916  - 0 epochs without improvement
2025-12-22 17:43:31,916 saving best model
2025-12-22 17:43:31,931 ----------------------------------------------------------------------------------------------------
2025-12-22 17:43:32,585 epoch 5 - iter 5/59 - loss 0.75465852 - time (sec): 0.65 - samples/sec: 3953.46 - lr: 0.100000 - momentum: 0.000000
2025-12-22 17:43:33,278 epoch 5 - iter 10/59 - loss 0.75458701 - time (sec): 1.35 - samples/sec: 3846.23 - lr: 0.100000 - momentum: 0.000000
2025-12-22 17:43:34,313 epoch 5 - iter 15/59 - loss 0.75789990 - time (sec): 2.38 - samples/sec: 3360.79 - lr: 0.100000 - momentum: 0.000000
2025-12-22 17:43:35,192 epoch 5 - iter 20/59 - loss 0.75961407 - time (sec): 3.26 - samples/sec: 3333.69 - lr: 0.100000 - momentum: 0.000000
2025-12-22 17:43:35,912 epoch 5 - iter 25/59 - loss 0.76093623 - time (sec): 3.98 - samples/sec: 3339.85 - lr: 0.100000 - momentum: 0.000000
2025-12-22 17:43:36,721 epoch 5 - iter 30/59 - loss 0.76482176 - time (sec): 4.79 - samples/sec: 3358.43 - lr: 0.100000 - momentum: 0.000000
2025-12-22 17:43:37,749 epoch 5 - iter 35/59 - loss 0.76688094 - time (sec): 5.82 - samples/sec: 3249.07 - lr: 0.100000 - momentum: 0.000000
2025-12-22 17:43:38,524 epoch 5 - iter 40/59 - loss 0.76749293 - time (sec): 6.59 - samples/sec: 3290.09 - lr: 0.100000 - momentum: 0.000000
2025-12-22 17:43:39,282 epoch 5 - iter 45/59 - loss 0.76371273 - time (sec): 7.35 - samples/sec: 3301.46 - lr: 0.100000 - momentum: 0.000000
2025-12-22 17:43:40,008 epoch 5 - iter 50/59 - loss 0.75873928 - time (sec): 8.08 - samples/sec: 3330.16 - lr: 0.100000 - momentum: 0.000000
2025-12-22 17:43:40,656 epoch 5 - iter 55/59 - loss 0.75442369 - time (sec): 8.72 - samples/sec: 3408.38 - lr: 0.100000 - momentum: 0.000000
2025-12-22 17:43:41,046 ----------------------------------------------------------------------------------------------------
2025-12-22 17:43:41,046 EPOCH 5 done: loss 0.7485 - lr: 0.100000
2025-12-22 17:43:41,797 DEV : loss 0.5751786828041077 - f1-score (micro avg)  0.8052
2025-12-22 17:43:41,798  - 0 epochs without improvement
2025-12-22 17:43:41,799 saving best model
2025-12-22 17:43:41,816 ----------------------------------------------------------------------------------------------------
2025-12-22 17:43:42,572 epoch 6 - iter 5/59 - loss 0.72085500 - time (sec): 0.76 - samples/sec: 3644.17 - lr: 0.100000 - momentum: 0.000000
2025-12-22 17:43:43,198 epoch 6 - iter 10/59 - loss 0.71045270 - time (sec): 1.38 - samples/sec: 3862.74 - lr: 0.100000 - momentum: 0.000000
2025-12-22 17:43:43,816 epoch 6 - iter 15/59 - loss 0.70046341 - time (sec): 2.00 - samples/sec: 3975.34 - lr: 0.100000 - momentum: 0.000000
2025-12-22 17:43:44,666 epoch 6 - iter 20/59 - loss 0.68792207 - time (sec): 2.85 - samples/sec: 3714.22 - lr: 0.100000 - momentum: 0.000000
2025-12-22 17:43:45,285 epoch 6 - iter 25/59 - loss 0.68198415 - time (sec): 3.47 - samples/sec: 3796.74 - lr: 0.100000 - momentum: 0.000000
2025-12-22 17:43:46,003 epoch 6 - iter 30/59 - loss 0.68460044 - time (sec): 4.19 - samples/sec: 3782.64 - lr: 0.100000 - momentum: 0.000000
2025-12-22 17:43:46,671 epoch 6 - iter 35/59 - loss 0.67997709 - time (sec): 4.85 - samples/sec: 3818.57 - lr: 0.100000 - momentum: 0.000000
2025-12-22 17:43:47,415 epoch 6 - iter 40/59 - loss 0.67950456 - time (sec): 5.60 - samples/sec: 3792.93 - lr: 0.100000 - momentum: 0.000000
2025-12-22 17:43:48,092 epoch 6 - iter 45/59 - loss 0.67892978 - time (sec): 6.27 - samples/sec: 3819.27 - lr: 0.100000 - momentum: 0.000000
2025-12-22 17:43:48,760 epoch 6 - iter 50/59 - loss 0.67631606 - time (sec): 6.94 - samples/sec: 3861.70 - lr: 0.100000 - momentum: 0.000000
2025-12-22 17:43:49,453 epoch 6 - iter 55/59 - loss 0.67459824 - time (sec): 7.64 - samples/sec: 3880.23 - lr: 0.100000 - momentum: 0.000000
2025-12-22 17:43:50,027 ----------------------------------------------------------------------------------------------------
2025-12-22 17:43:50,027 EPOCH 6 done: loss 0.6727 - lr: 0.100000
2025-12-22 17:43:50,758 DEV : loss 0.5297638177871704 - f1-score (micro avg)  0.8233
2025-12-22 17:43:50,759  - 0 epochs without improvement
2025-12-22 17:43:50,760 saving best model
2025-12-22 17:43:50,778 ----------------------------------------------------------------------------------------------------
2025-12-22 17:43:51,477 epoch 7 - iter 5/59 - loss 0.66177727 - time (sec): 0.70 - samples/sec: 3972.34 - lr: 0.100000 - momentum: 0.000000
2025-12-22 17:43:52,118 epoch 7 - iter 10/59 - loss 0.64008170 - time (sec): 1.34 - samples/sec: 4250.04 - lr: 0.100000 - momentum: 0.000000
2025-12-22 17:43:52,735 epoch 7 - iter 15/59 - loss 0.62472293 - time (sec): 1.96 - samples/sec: 4281.08 - lr: 0.100000 - momentum: 0.000000
2025-12-22 17:43:53,430 epoch 7 - iter 20/59 - loss 0.62479817 - time (sec): 2.65 - samples/sec: 4224.47 - lr: 0.100000 - momentum: 0.000000
2025-12-22 17:43:54,050 epoch 7 - iter 25/59 - loss 0.61918391 - time (sec): 3.27 - samples/sec: 4216.03 - lr: 0.100000 - momentum: 0.000000
2025-12-22 17:43:54,699 epoch 7 - iter 30/59 - loss 0.61495911 - time (sec): 3.92 - samples/sec: 4194.96 - lr: 0.100000 - momentum: 0.000000
2025-12-22 17:43:55,322 epoch 7 - iter 35/59 - loss 0.60972442 - time (sec): 4.54 - samples/sec: 4208.88 - lr: 0.100000 - momentum: 0.000000
2025-12-22 17:43:56,049 epoch 7 - iter 40/59 - loss 0.60818574 - time (sec): 5.27 - samples/sec: 4112.46 - lr: 0.100000 - momentum: 0.000000
2025-12-22 17:43:56,772 epoch 7 - iter 45/59 - loss 0.60791666 - time (sec): 5.99 - samples/sec: 4072.03 - lr: 0.100000 - momentum: 0.000000
2025-12-22 17:43:57,652 epoch 7 - iter 50/59 - loss 0.60687679 - time (sec): 6.87 - samples/sec: 3956.15 - lr: 0.100000 - momentum: 0.000000
2025-12-22 17:43:58,287 epoch 7 - iter 55/59 - loss 0.60643225 - time (sec): 7.51 - samples/sec: 3962.66 - lr: 0.100000 - momentum: 0.000000
2025-12-22 17:43:58,734 ----------------------------------------------------------------------------------------------------
2025-12-22 17:43:58,734 EPOCH 7 done: loss 0.6063 - lr: 0.100000
2025-12-22 17:43:59,682 DEV : loss 0.47838422656059265 - f1-score (micro avg)  0.8504
2025-12-22 17:43:59,684  - 0 epochs without improvement
2025-12-22 17:43:59,684 saving best model
2025-12-22 17:43:59,698 ----------------------------------------------------------------------------------------------------
2025-12-22 17:44:00,388 epoch 8 - iter 5/59 - loss 0.53440294 - time (sec): 0.69 - samples/sec: 3847.30 - lr: 0.100000 - momentum: 0.000000
2025-12-22 17:44:01,025 epoch 8 - iter 10/59 - loss 0.55028107 - time (sec): 1.33 - samples/sec: 4145.83 - lr: 0.100000 - momentum: 0.000000
2025-12-22 17:44:01,659 epoch 8 - iter 15/59 - loss 0.54745215 - time (sec): 1.96 - samples/sec: 4116.40 - lr: 0.100000 - momentum: 0.000000
2025-12-22 17:44:02,334 epoch 8 - iter 20/59 - loss 0.54294588 - time (sec): 2.64 - samples/sec: 4108.09 - lr: 0.100000 - momentum: 0.000000
2025-12-22 17:44:03,000 epoch 8 - iter 25/59 - loss 0.54839397 - time (sec): 3.30 - samples/sec: 4147.96 - lr: 0.100000 - momentum: 0.000000
2025-12-22 17:44:03,748 epoch 8 - iter 30/59 - loss 0.54463011 - time (sec): 4.05 - samples/sec: 4032.05 - lr: 0.100000 - momentum: 0.000000
2025-12-22 17:44:04,436 epoch 8 - iter 35/59 - loss 0.54828981 - time (sec): 4.74 - samples/sec: 4004.26 - lr: 0.100000 - momentum: 0.000000
2025-12-22 17:44:05,114 epoch 8 - iter 40/59 - loss 0.55109203 - time (sec): 5.41 - samples/sec: 4000.02 - lr: 0.100000 - momentum: 0.000000
2025-12-22 17:44:05,798 epoch 8 - iter 45/59 - loss 0.54538344 - time (sec): 6.10 - samples/sec: 3973.72 - lr: 0.100000 - momentum: 0.000000
2025-12-22 17:44:06,464 epoch 8 - iter 50/59 - loss 0.54460710 - time (sec): 6.77 - samples/sec: 4005.72 - lr: 0.100000 - momentum: 0.000000
2025-12-22 17:44:07,067 epoch 8 - iter 55/59 - loss 0.54550804 - time (sec): 7.37 - samples/sec: 4042.71 - lr: 0.100000 - momentum: 0.000000
2025-12-22 17:44:07,676 ----------------------------------------------------------------------------------------------------
2025-12-22 17:44:07,676 EPOCH 8 done: loss 0.5459 - lr: 0.100000
2025-12-22 17:44:08,432 DEV : loss 0.43206918239593506 - f1-score (micro avg)  0.8617
2025-12-22 17:44:08,434  - 0 epochs without improvement
2025-12-22 17:44:08,435 saving best model
2025-12-22 17:44:08,454 ----------------------------------------------------------------------------------------------------
2025-12-22 17:44:09,197 epoch 9 - iter 5/59 - loss 0.54119417 - time (sec): 0.74 - samples/sec: 3734.52 - lr: 0.100000 - momentum: 0.000000
2025-12-22 17:44:09,851 epoch 9 - iter 10/59 - loss 0.51892917 - time (sec): 1.40 - samples/sec: 3898.19 - lr: 0.100000 - momentum: 0.000000
2025-12-22 17:44:10,662 epoch 9 - iter 15/59 - loss 0.52195418 - time (sec): 2.21 - samples/sec: 3748.37 - lr: 0.100000 - momentum: 0.000000
2025-12-22 17:44:11,328 epoch 9 - iter 20/59 - loss 0.51375871 - time (sec): 2.87 - samples/sec: 3806.17 - lr: 0.100000 - momentum: 0.000000
2025-12-22 17:44:11,947 epoch 9 - iter 25/59 - loss 0.51382876 - time (sec): 3.49 - samples/sec: 3860.96 - lr: 0.100000 - momentum: 0.000000
2025-12-22 17:44:12,725 epoch 9 - iter 30/59 - loss 0.51321701 - time (sec): 4.27 - samples/sec: 3788.50 - lr: 0.100000 - momentum: 0.000000
2025-12-22 17:44:13,932 epoch 9 - iter 35/59 - loss 0.50820456 - time (sec): 5.48 - samples/sec: 3453.42 - lr: 0.100000 - momentum: 0.000000
2025-12-22 17:44:14,548 epoch 9 - iter 40/59 - loss 0.50859061 - time (sec): 6.09 - samples/sec: 3549.88 - lr: 0.100000 - momentum: 0.000000
2025-12-22 17:44:15,391 epoch 9 - iter 45/59 - loss 0.51052132 - time (sec): 6.94 - samples/sec: 3516.53 - lr: 0.100000 - momentum: 0.000000
2025-12-22 17:44:16,537 epoch 9 - iter 50/59 - loss 0.51097788 - time (sec): 8.08 - samples/sec: 3353.56 - lr: 0.100000 - momentum: 0.000000
2025-12-22 17:44:17,237 epoch 9 - iter 55/59 - loss 0.51022880 - time (sec): 8.78 - samples/sec: 3381.70 - lr: 0.100000 - momentum: 0.000000
2025-12-22 17:44:17,727 ----------------------------------------------------------------------------------------------------
2025-12-22 17:44:17,727 EPOCH 9 done: loss 0.5080 - lr: 0.100000
2025-12-22 17:44:18,682 DEV : loss 0.4104156196117401 - f1-score (micro avg)  0.8694
2025-12-22 17:44:18,684  - 0 epochs without improvement
2025-12-22 17:44:18,684 saving best model
2025-12-22 17:44:18,699 ----------------------------------------------------------------------------------------------------
2025-12-22 17:44:19,569 epoch 10 - iter 5/59 - loss 0.48441948 - time (sec): 0.87 - samples/sec: 2829.81 - lr: 0.100000 - momentum: 0.000000
2025-12-22 17:44:20,245 epoch 10 - iter 10/59 - loss 0.45951895 - time (sec): 1.55 - samples/sec: 3432.36 - lr: 0.100000 - momentum: 0.000000
2025-12-22 17:44:20,902 epoch 10 - iter 15/59 - loss 0.48332221 - time (sec): 2.20 - samples/sec: 3595.50 - lr: 0.100000 - momentum: 0.000000
2025-12-22 17:44:21,667 epoch 10 - iter 20/59 - loss 0.48328240 - time (sec): 2.97 - samples/sec: 3539.61 - lr: 0.100000 - momentum: 0.000000
2025-12-22 17:44:22,332 epoch 10 - iter 25/59 - loss 0.47432295 - time (sec): 3.63 - samples/sec: 3674.94 - lr: 0.100000 - momentum: 0.000000
2025-12-22 17:44:23,008 epoch 10 - iter 30/59 - loss 0.47537144 - time (sec): 4.31 - samples/sec: 3750.82 - lr: 0.100000 - momentum: 0.000000
2025-12-22 17:44:23,684 epoch 10 - iter 35/59 - loss 0.47814651 - time (sec): 4.98 - samples/sec: 3824.82 - lr: 0.100000 - momentum: 0.000000
2025-12-22 17:44:24,288 epoch 10 - iter 40/59 - loss 0.47940050 - time (sec): 5.59 - samples/sec: 3871.21 - lr: 0.100000 - momentum: 0.000000
2025-12-22 17:44:25,022 epoch 10 - iter 45/59 - loss 0.47949257 - time (sec): 6.32 - samples/sec: 3862.46 - lr: 0.100000 - momentum: 0.000000
2025-12-22 17:44:25,657 epoch 10 - iter 50/59 - loss 0.47755626 - time (sec): 6.96 - samples/sec: 3885.05 - lr: 0.100000 - momentum: 0.000000
2025-12-22 17:44:26,306 epoch 10 - iter 55/59 - loss 0.47830822 - time (sec): 7.61 - samples/sec: 3904.15 - lr: 0.100000 - momentum: 0.000000
2025-12-22 17:44:26,882 ----------------------------------------------------------------------------------------------------
2025-12-22 17:44:26,882 EPOCH 10 done: loss 0.4781 - lr: 0.100000
2025-12-22 17:44:27,579 DEV : loss 0.4016820788383484 - f1-score (micro avg)  0.8728
2025-12-22 17:44:27,580  - 0 epochs without improvement
2025-12-22 17:44:27,581 saving best model
2025-12-22 17:44:27,599 ----------------------------------------------------------------------------------------------------
2025-12-22 17:44:28,352 epoch 11 - iter 5/59 - loss 0.43898458 - time (sec): 0.75 - samples/sec: 3617.03 - lr: 0.100000 - momentum: 0.000000
2025-12-22 17:44:29,140 epoch 11 - iter 10/59 - loss 0.44661222 - time (sec): 1.54 - samples/sec: 3616.95 - lr: 0.100000 - momentum: 0.000000
2025-12-22 17:44:29,766 epoch 11 - iter 15/59 - loss 0.45209106 - time (sec): 2.17 - samples/sec: 3763.52 - lr: 0.100000 - momentum: 0.000000
2025-12-22 17:44:30,523 epoch 11 - iter 20/59 - loss 0.45825675 - time (sec): 2.92 - samples/sec: 3774.39 - lr: 0.100000 - momentum: 0.000000
2025-12-22 17:44:31,294 epoch 11 - iter 25/59 - loss 0.45307702 - time (sec): 3.69 - samples/sec: 3718.80 - lr: 0.100000 - momentum: 0.000000
2025-12-22 17:44:32,014 epoch 11 - iter 30/59 - loss 0.45241162 - time (sec): 4.41 - samples/sec: 3731.85 - lr: 0.100000 - momentum: 0.000000
2025-12-22 17:44:32,633 epoch 11 - iter 35/59 - loss 0.45654915 - time (sec): 5.03 - samples/sec: 3780.62 - lr: 0.100000 - momentum: 0.000000
2025-12-22 17:44:33,384 epoch 11 - iter 40/59 - loss 0.45384932 - time (sec): 5.78 - samples/sec: 3765.00 - lr: 0.100000 - momentum: 0.000000
2025-12-22 17:44:34,476 epoch 11 - iter 45/59 - loss 0.45325264 - time (sec): 6.88 - samples/sec: 3540.61 - lr: 0.100000 - momentum: 0.000000
2025-12-22 17:44:35,154 epoch 11 - iter 50/59 - loss 0.45122293 - time (sec): 7.55 - samples/sec: 3578.88 - lr: 0.100000 - momentum: 0.000000
2025-12-22 17:44:35,895 epoch 11 - iter 55/59 - loss 0.44993711 - time (sec): 8.30 - samples/sec: 3591.24 - lr: 0.100000 - momentum: 0.000000
2025-12-22 17:44:36,358 ----------------------------------------------------------------------------------------------------
2025-12-22 17:44:36,358 EPOCH 11 done: loss 0.4518 - lr: 0.100000
2025-12-22 17:44:37,096 DEV : loss 0.39762189984321594 - f1-score (micro avg)  0.878
2025-12-22 17:44:37,098  - 0 epochs without improvement
2025-12-22 17:44:37,098 saving best model
2025-12-22 17:44:37,121 ----------------------------------------------------------------------------------------------------
2025-12-22 17:44:37,775 epoch 12 - iter 5/59 - loss 0.42184352 - time (sec): 0.65 - samples/sec: 3939.06 - lr: 0.100000 - momentum: 0.000000
2025-12-22 17:44:38,420 epoch 12 - iter 10/59 - loss 0.42308211 - time (sec): 1.30 - samples/sec: 4148.84 - lr: 0.100000 - momentum: 0.000000
2025-12-22 17:44:39,034 epoch 12 - iter 15/59 - loss 0.42650734 - time (sec): 1.91 - samples/sec: 4149.51 - lr: 0.100000 - momentum: 0.000000
2025-12-22 17:44:39,813 epoch 12 - iter 20/59 - loss 0.43230329 - time (sec): 2.69 - samples/sec: 4031.10 - lr: 0.100000 - momentum: 0.000000
2025-12-22 17:44:40,517 epoch 12 - iter 25/59 - loss 0.42541201 - time (sec): 3.40 - samples/sec: 3945.31 - lr: 0.100000 - momentum: 0.000000
2025-12-22 17:44:41,141 epoch 12 - iter 30/59 - loss 0.42852312 - time (sec): 4.02 - samples/sec: 4031.44 - lr: 0.100000 - momentum: 0.000000
2025-12-22 17:44:41,936 epoch 12 - iter 35/59 - loss 0.43078591 - time (sec): 4.81 - samples/sec: 3951.45 - lr: 0.100000 - momentum: 0.000000
2025-12-22 17:44:42,552 epoch 12 - iter 40/59 - loss 0.42884336 - time (sec): 5.43 - samples/sec: 3990.40 - lr: 0.100000 - momentum: 0.000000
2025-12-22 17:44:43,313 epoch 12 - iter 45/59 - loss 0.42893302 - time (sec): 6.19 - samples/sec: 3947.18 - lr: 0.100000 - momentum: 0.000000
2025-12-22 17:44:43,944 epoch 12 - iter 50/59 - loss 0.43207251 - time (sec): 6.82 - samples/sec: 3994.59 - lr: 0.100000 - momentum: 0.000000
2025-12-22 17:44:44,622 epoch 12 - iter 55/59 - loss 0.43195371 - time (sec): 7.50 - samples/sec: 3981.75 - lr: 0.100000 - momentum: 0.000000
2025-12-22 17:44:45,057 ----------------------------------------------------------------------------------------------------
2025-12-22 17:44:45,057 EPOCH 12 done: loss 0.4314 - lr: 0.100000
2025-12-22 17:44:45,951 DEV : loss 0.38268640637397766 - f1-score (micro avg)  0.8828
2025-12-22 17:44:45,953  - 0 epochs without improvement
2025-12-22 17:44:45,953 saving best model
2025-12-22 17:44:45,970 ----------------------------------------------------------------------------------------------------
2025-12-22 17:44:46,616 epoch 13 - iter 5/59 - loss 0.37372096 - time (sec): 0.65 - samples/sec: 4072.99 - lr: 0.100000 - momentum: 0.000000
2025-12-22 17:44:47,193 epoch 13 - iter 10/59 - loss 0.40939354 - time (sec): 1.22 - samples/sec: 4326.73 - lr: 0.100000 - momentum: 0.000000
2025-12-22 17:44:47,885 epoch 13 - iter 15/59 - loss 0.41126876 - time (sec): 1.91 - samples/sec: 4131.45 - lr: 0.100000 - momentum: 0.000000
2025-12-22 17:44:48,575 epoch 13 - iter 20/59 - loss 0.40719575 - time (sec): 2.60 - samples/sec: 3996.91 - lr: 0.100000 - momentum: 0.000000
2025-12-22 17:44:49,178 epoch 13 - iter 25/59 - loss 0.41148076 - time (sec): 3.21 - samples/sec: 4092.21 - lr: 0.100000 - momentum: 0.000000
2025-12-22 17:44:49,740 epoch 13 - iter 30/59 - loss 0.41506017 - time (sec): 3.77 - samples/sec: 4160.66 - lr: 0.100000 - momentum: 0.000000
2025-12-22 17:44:50,430 epoch 13 - iter 35/59 - loss 0.41276984 - time (sec): 4.46 - samples/sec: 4117.58 - lr: 0.100000 - momentum: 0.000000
2025-12-22 17:44:51,044 epoch 13 - iter 40/59 - loss 0.41280357 - time (sec): 5.07 - samples/sec: 4173.40 - lr: 0.100000 - momentum: 0.000000
2025-12-22 17:44:51,735 epoch 13 - iter 45/59 - loss 0.40939183 - time (sec): 5.76 - samples/sec: 4160.55 - lr: 0.100000 - momentum: 0.000000
2025-12-22 17:44:52,438 epoch 13 - iter 50/59 - loss 0.40718506 - time (sec): 6.47 - samples/sec: 4155.52 - lr: 0.100000 - momentum: 0.000000
2025-12-22 17:44:53,101 epoch 13 - iter 55/59 - loss 0.40696136 - time (sec): 7.13 - samples/sec: 4161.57 - lr: 0.100000 - momentum: 0.000000
2025-12-22 17:44:53,588 ----------------------------------------------------------------------------------------------------
2025-12-22 17:44:53,588 EPOCH 13 done: loss 0.4068 - lr: 0.100000
2025-12-22 17:44:54,278 DEV : loss 0.3576112389564514 - f1-score (micro avg)  0.8841
2025-12-22 17:44:54,280  - 0 epochs without improvement
2025-12-22 17:44:54,281 saving best model
2025-12-22 17:44:54,298 ----------------------------------------------------------------------------------------------------
2025-12-22 17:44:54,904 epoch 14 - iter 5/59 - loss 0.39962243 - time (sec): 0.61 - samples/sec: 4264.08 - lr: 0.100000 - momentum: 0.000000
2025-12-22 17:44:55,574 epoch 14 - iter 10/59 - loss 0.39100905 - time (sec): 1.27 - samples/sec: 4042.36 - lr: 0.100000 - momentum: 0.000000
2025-12-22 17:44:56,164 epoch 14 - iter 15/59 - loss 0.39222692 - time (sec): 1.87 - samples/sec: 4276.94 - lr: 0.100000 - momentum: 0.000000
2025-12-22 17:44:56,869 epoch 14 - iter 20/59 - loss 0.39719921 - time (sec): 2.57 - samples/sec: 4104.17 - lr: 0.100000 - momentum: 0.000000
2025-12-22 17:44:57,478 epoch 14 - iter 25/59 - loss 0.39227935 - time (sec): 3.18 - samples/sec: 4102.60 - lr: 0.100000 - momentum: 0.000000
2025-12-22 17:44:58,097 epoch 14 - iter 30/59 - loss 0.38992909 - time (sec): 3.80 - samples/sec: 4156.37 - lr: 0.100000 - momentum: 0.000000
2025-12-22 17:44:58,778 epoch 14 - iter 35/59 - loss 0.38824809 - time (sec): 4.48 - samples/sec: 4127.61 - lr: 0.100000 - momentum: 0.000000
2025-12-22 17:44:59,600 epoch 14 - iter 40/59 - loss 0.38485656 - time (sec): 5.30 - samples/sec: 4015.92 - lr: 0.100000 - momentum: 0.000000
2025-12-22 17:45:00,340 epoch 14 - iter 45/59 - loss 0.38294931 - time (sec): 6.04 - samples/sec: 4011.61 - lr: 0.100000 - momentum: 0.000000
2025-12-22 17:45:00,969 epoch 14 - iter 50/59 - loss 0.38437526 - time (sec): 6.67 - samples/sec: 4047.81 - lr: 0.100000 - momentum: 0.000000
2025-12-22 17:45:01,558 epoch 14 - iter 55/59 - loss 0.38374266 - time (sec): 7.26 - samples/sec: 4079.44 - lr: 0.100000 - momentum: 0.000000
2025-12-22 17:45:02,084 ----------------------------------------------------------------------------------------------------
2025-12-22 17:45:02,084 EPOCH 14 done: loss 0.3845 - lr: 0.100000
2025-12-22 17:45:02,780 DEV : loss 0.34767353534698486 - f1-score (micro avg)  0.8879
2025-12-22 17:45:02,782  - 0 epochs without improvement
2025-12-22 17:45:02,782 saving best model
2025-12-22 17:45:02,797 ----------------------------------------------------------------------------------------------------
2025-12-22 17:45:03,478 epoch 15 - iter 5/59 - loss 0.35508849 - time (sec): 0.68 - samples/sec: 3808.68 - lr: 0.100000 - momentum: 0.000000
2025-12-22 17:45:04,100 epoch 15 - iter 10/59 - loss 0.35561879 - time (sec): 1.30 - samples/sec: 3976.87 - lr: 0.100000 - momentum: 0.000000
2025-12-22 17:45:04,836 epoch 15 - iter 15/59 - loss 0.34914756 - time (sec): 2.04 - samples/sec: 3855.14 - lr: 0.100000 - momentum: 0.000000
2025-12-22 17:45:05,642 epoch 15 - iter 20/59 - loss 0.34990103 - time (sec): 2.84 - samples/sec: 3760.82 - lr: 0.100000 - momentum: 0.000000
2025-12-22 17:45:06,448 epoch 15 - iter 25/59 - loss 0.35318086 - time (sec): 3.65 - samples/sec: 3733.11 - lr: 0.100000 - momentum: 0.000000
2025-12-22 17:45:07,116 epoch 15 - iter 30/59 - loss 0.35987626 - time (sec): 4.32 - samples/sec: 3790.35 - lr: 0.100000 - momentum: 0.000000
2025-12-22 17:45:07,882 epoch 15 - iter 35/59 - loss 0.36205623 - time (sec): 5.08 - samples/sec: 3757.79 - lr: 0.100000 - momentum: 0.000000
2025-12-22 17:45:08,558 epoch 15 - iter 40/59 - loss 0.36430589 - time (sec): 5.76 - samples/sec: 3802.76 - lr: 0.100000 - momentum: 0.000000
2025-12-22 17:45:09,230 epoch 15 - iter 45/59 - loss 0.36747573 - time (sec): 6.43 - samples/sec: 3818.53 - lr: 0.100000 - momentum: 0.000000
2025-12-22 17:45:09,936 epoch 15 - iter 50/59 - loss 0.36801438 - time (sec): 7.14 - samples/sec: 3823.98 - lr: 0.100000 - momentum: 0.000000
2025-12-22 17:45:10,524 epoch 15 - iter 55/59 - loss 0.37059170 - time (sec): 7.73 - samples/sec: 3864.32 - lr: 0.100000 - momentum: 0.000000
2025-12-22 17:45:10,936 ----------------------------------------------------------------------------------------------------
2025-12-22 17:45:10,936 EPOCH 15 done: loss 0.3687 - lr: 0.100000
2025-12-22 17:45:11,820 DEV : loss 0.33146798610687256 - f1-score (micro avg)  0.8934
2025-12-22 17:45:11,822  - 0 epochs without improvement
2025-12-22 17:45:11,822 saving best model
2025-12-22 17:45:11,839 ----------------------------------------------------------------------------------------------------
2025-12-22 17:45:12,476 epoch 16 - iter 5/59 - loss 0.33479721 - time (sec): 0.64 - samples/sec: 4240.33 - lr: 0.100000 - momentum: 0.000000
2025-12-22 17:45:13,097 epoch 16 - iter 10/59 - loss 0.34089583 - time (sec): 1.26 - samples/sec: 4304.55 - lr: 0.100000 - momentum: 0.000000
2025-12-22 17:45:13,792 epoch 16 - iter 15/59 - loss 0.35417614 - time (sec): 1.95 - samples/sec: 4266.96 - lr: 0.100000 - momentum: 0.000000
2025-12-22 17:45:14,483 epoch 16 - iter 20/59 - loss 0.34865138 - time (sec): 2.64 - samples/sec: 4208.60 - lr: 0.100000 - momentum: 0.000000
2025-12-22 17:45:15,130 epoch 16 - iter 25/59 - loss 0.34844381 - time (sec): 3.29 - samples/sec: 4184.05 - lr: 0.100000 - momentum: 0.000000
2025-12-22 17:45:15,663 epoch 16 - iter 30/59 - loss 0.35040909 - time (sec): 3.82 - samples/sec: 4216.55 - lr: 0.100000 - momentum: 0.000000
2025-12-22 17:45:16,293 epoch 16 - iter 35/59 - loss 0.35308809 - time (sec): 4.45 - samples/sec: 4236.14 - lr: 0.100000 - momentum: 0.000000
2025-12-22 17:45:16,924 epoch 16 - iter 40/59 - loss 0.35066957 - time (sec): 5.08 - samples/sec: 4241.79 - lr: 0.100000 - momentum: 0.000000
2025-12-22 17:45:17,633 epoch 16 - iter 45/59 - loss 0.35078303 - time (sec): 5.79 - samples/sec: 4190.44 - lr: 0.100000 - momentum: 0.000000
2025-12-22 17:45:18,434 epoch 16 - iter 50/59 - loss 0.35000412 - time (sec): 6.59 - samples/sec: 4086.32 - lr: 0.100000 - momentum: 0.000000
2025-12-22 17:45:19,191 epoch 16 - iter 55/59 - loss 0.35031448 - time (sec): 7.35 - samples/sec: 4037.66 - lr: 0.100000 - momentum: 0.000000
2025-12-22 17:45:19,657 ----------------------------------------------------------------------------------------------------
2025-12-22 17:45:19,657 EPOCH 16 done: loss 0.3496 - lr: 0.100000
2025-12-22 17:45:20,377 DEV : loss 0.33060458302497864 - f1-score (micro avg)  0.8947
2025-12-22 17:45:20,379  - 0 epochs without improvement
2025-12-22 17:45:20,379 saving best model
2025-12-22 17:45:20,399 ----------------------------------------------------------------------------------------------------
2025-12-22 17:45:21,063 epoch 17 - iter 5/59 - loss 0.34992423 - time (sec): 0.66 - samples/sec: 4164.73 - lr: 0.100000 - momentum: 0.000000
2025-12-22 17:45:21,643 epoch 17 - iter 10/59 - loss 0.35289456 - time (sec): 1.24 - samples/sec: 4215.95 - lr: 0.100000 - momentum: 0.000000
2025-12-22 17:45:22,281 epoch 17 - iter 15/59 - loss 0.33829851 - time (sec): 1.88 - samples/sec: 4147.07 - lr: 0.100000 - momentum: 0.000000
2025-12-22 17:45:22,913 epoch 17 - iter 20/59 - loss 0.33835543 - time (sec): 2.51 - samples/sec: 4163.97 - lr: 0.100000 - momentum: 0.000000
2025-12-22 17:45:23,783 epoch 17 - iter 25/59 - loss 0.34097449 - time (sec): 3.38 - samples/sec: 3950.79 - lr: 0.100000 - momentum: 0.000000
2025-12-22 17:45:24,678 epoch 17 - iter 30/59 - loss 0.34055183 - time (sec): 4.28 - samples/sec: 3718.63 - lr: 0.100000 - momentum: 0.000000
2025-12-22 17:45:25,501 epoch 17 - iter 35/59 - loss 0.34076047 - time (sec): 5.10 - samples/sec: 3652.73 - lr: 0.100000 - momentum: 0.000000
2025-12-22 17:45:26,373 epoch 17 - iter 40/59 - loss 0.34045409 - time (sec): 5.97 - samples/sec: 3589.81 - lr: 0.100000 - momentum: 0.000000
2025-12-22 17:45:27,148 epoch 17 - iter 45/59 - loss 0.34045037 - time (sec): 6.75 - samples/sec: 3585.41 - lr: 0.100000 - momentum: 0.000000
2025-12-22 17:45:27,813 epoch 17 - iter 50/59 - loss 0.34165203 - time (sec): 7.41 - samples/sec: 3608.76 - lr: 0.100000 - momentum: 0.000000
2025-12-22 17:45:28,729 epoch 17 - iter 55/59 - loss 0.34176449 - time (sec): 8.33 - samples/sec: 3564.40 - lr: 0.100000 - momentum: 0.000000
2025-12-22 17:45:29,290 ----------------------------------------------------------------------------------------------------
2025-12-22 17:45:29,290 EPOCH 17 done: loss 0.3418 - lr: 0.100000
2025-12-22 17:45:30,393 DEV : loss 0.33167561888694763 - f1-score (micro avg)  0.8961
2025-12-22 17:45:30,395  - 0 epochs without improvement
2025-12-22 17:45:30,395 saving best model
2025-12-22 17:45:30,411 ----------------------------------------------------------------------------------------------------
2025-12-22 17:45:31,109 epoch 18 - iter 5/59 - loss 0.29779945 - time (sec): 0.70 - samples/sec: 3986.64 - lr: 0.100000 - momentum: 0.000000
2025-12-22 17:45:31,868 epoch 18 - iter 10/59 - loss 0.31315252 - time (sec): 1.46 - samples/sec: 3777.78 - lr: 0.100000 - momentum: 0.000000
2025-12-22 17:45:32,705 epoch 18 - iter 15/59 - loss 0.31952147 - time (sec): 2.29 - samples/sec: 3599.09 - lr: 0.100000 - momentum: 0.000000
2025-12-22 17:45:33,476 epoch 18 - iter 20/59 - loss 0.31599692 - time (sec): 3.06 - samples/sec: 3553.97 - lr: 0.100000 - momentum: 0.000000
2025-12-22 17:45:34,942 epoch 18 - iter 25/59 - loss 0.31560554 - time (sec): 4.53 - samples/sec: 3045.92 - lr: 0.100000 - momentum: 0.000000
2025-12-22 17:45:35,853 epoch 18 - iter 30/59 - loss 0.31984169 - time (sec): 5.44 - samples/sec: 3014.70 - lr: 0.100000 - momentum: 0.000000
2025-12-22 17:45:36,511 epoch 18 - iter 35/59 - loss 0.31961370 - time (sec): 6.10 - samples/sec: 3113.80 - lr: 0.100000 - momentum: 0.000000
2025-12-22 17:45:37,186 epoch 18 - iter 40/59 - loss 0.31826010 - time (sec): 6.77 - samples/sec: 3189.20 - lr: 0.100000 - momentum: 0.000000
2025-12-22 17:45:37,903 epoch 18 - iter 45/59 - loss 0.31773350 - time (sec): 7.49 - samples/sec: 3218.75 - lr: 0.100000 - momentum: 0.000000
2025-12-22 17:45:38,722 epoch 18 - iter 50/59 - loss 0.31779626 - time (sec): 8.31 - samples/sec: 3226.07 - lr: 0.100000 - momentum: 0.000000
2025-12-22 17:45:39,546 epoch 18 - iter 55/59 - loss 0.31983747 - time (sec): 9.13 - samples/sec: 3230.38 - lr: 0.100000 - momentum: 0.000000
2025-12-22 17:45:40,183 ----------------------------------------------------------------------------------------------------
2025-12-22 17:45:40,183 EPOCH 18 done: loss 0.3202 - lr: 0.100000
2025-12-22 17:45:41,004 DEV : loss 0.3036833107471466 - f1-score (micro avg)  0.9032
2025-12-22 17:45:41,006  - 0 epochs without improvement
2025-12-22 17:45:41,006 saving best model
2025-12-22 17:45:41,021 ----------------------------------------------------------------------------------------------------
2025-12-22 17:45:41,937 epoch 19 - iter 5/59 - loss 0.29283633 - time (sec): 0.91 - samples/sec: 3107.55 - lr: 0.100000 - momentum: 0.000000
2025-12-22 17:45:42,637 epoch 19 - iter 10/59 - loss 0.29715566 - time (sec): 1.62 - samples/sec: 3398.73 - lr: 0.100000 - momentum: 0.000000
2025-12-22 17:45:43,404 epoch 19 - iter 15/59 - loss 0.30069532 - time (sec): 2.38 - samples/sec: 3389.59 - lr: 0.100000 - momentum: 0.000000
2025-12-22 17:45:44,227 epoch 19 - iter 20/59 - loss 0.29582582 - time (sec): 3.21 - samples/sec: 3419.25 - lr: 0.100000 - momentum: 0.000000
2025-12-22 17:45:45,045 epoch 19 - iter 25/59 - loss 0.29567328 - time (sec): 4.02 - samples/sec: 3418.37 - lr: 0.100000 - momentum: 0.000000
2025-12-22 17:45:45,772 epoch 19 - iter 30/59 - loss 0.29668761 - time (sec): 4.75 - samples/sec: 3447.89 - lr: 0.100000 - momentum: 0.000000
2025-12-22 17:45:46,455 epoch 19 - iter 35/59 - loss 0.29381603 - time (sec): 5.43 - samples/sec: 3480.15 - lr: 0.100000 - momentum: 0.000000
2025-12-22 17:45:47,288 epoch 19 - iter 40/59 - loss 0.29305239 - time (sec): 6.27 - samples/sec: 3452.71 - lr: 0.100000 - momentum: 0.000000
2025-12-22 17:45:48,111 epoch 19 - iter 45/59 - loss 0.29323251 - time (sec): 7.09 - samples/sec: 3458.61 - lr: 0.100000 - momentum: 0.000000
2025-12-22 17:45:48,833 epoch 19 - iter 50/59 - loss 0.29402275 - time (sec): 7.81 - samples/sec: 3468.59 - lr: 0.100000 - momentum: 0.000000
2025-12-22 17:45:49,665 epoch 19 - iter 55/59 - loss 0.29331926 - time (sec): 8.64 - samples/sec: 3444.86 - lr: 0.100000 - momentum: 0.000000
2025-12-22 17:45:50,170 ----------------------------------------------------------------------------------------------------
2025-12-22 17:45:50,170 EPOCH 19 done: loss 0.2937 - lr: 0.100000
2025-12-22 17:45:50,997 DEV : loss 0.31844139099121094 - f1-score (micro avg)  0.898
2025-12-22 17:45:50,999  - 1 epochs without improvement
2025-12-22 17:45:50,999 ----------------------------------------------------------------------------------------------------
2025-12-22 17:45:51,762 epoch 20 - iter 5/59 - loss 0.27131284 - time (sec): 0.76 - samples/sec: 3503.22 - lr: 0.100000 - momentum: 0.000000
2025-12-22 17:45:52,546 epoch 20 - iter 10/59 - loss 0.27113653 - time (sec): 1.55 - samples/sec: 3405.11 - lr: 0.100000 - momentum: 0.000000
2025-12-22 17:45:53,348 epoch 20 - iter 15/59 - loss 0.28772534 - time (sec): 2.35 - samples/sec: 3373.01 - lr: 0.100000 - momentum: 0.000000
2025-12-22 17:45:54,121 epoch 20 - iter 20/59 - loss 0.29343525 - time (sec): 3.12 - samples/sec: 3404.60 - lr: 0.100000 - momentum: 0.000000
2025-12-22 17:45:54,891 epoch 20 - iter 25/59 - loss 0.28730744 - time (sec): 3.89 - samples/sec: 3431.24 - lr: 0.100000 - momentum: 0.000000
2025-12-22 17:45:55,607 epoch 20 - iter 30/59 - loss 0.28432283 - time (sec): 4.61 - samples/sec: 3444.81 - lr: 0.100000 - momentum: 0.000000
2025-12-22 17:45:56,364 epoch 20 - iter 35/59 - loss 0.28432877 - time (sec): 5.36 - samples/sec: 3459.60 - lr: 0.100000 - momentum: 0.000000
2025-12-22 17:45:57,266 epoch 20 - iter 40/59 - loss 0.28563393 - time (sec): 6.27 - samples/sec: 3424.61 - lr: 0.100000 - momentum: 0.000000
2025-12-22 17:45:58,072 epoch 20 - iter 45/59 - loss 0.28424301 - time (sec): 7.07 - samples/sec: 3432.05 - lr: 0.100000 - momentum: 0.000000
2025-12-22 17:45:58,861 epoch 20 - iter 50/59 - loss 0.28478570 - time (sec): 7.86 - samples/sec: 3430.66 - lr: 0.100000 - momentum: 0.000000
2025-12-22 17:45:59,623 epoch 20 - iter 55/59 - loss 0.28554320 - time (sec): 8.62 - samples/sec: 3443.60 - lr: 0.100000 - momentum: 0.000000
2025-12-22 17:46:00,245 ----------------------------------------------------------------------------------------------------
2025-12-22 17:46:00,245 EPOCH 20 done: loss 0.2851 - lr: 0.100000
2025-12-22 17:46:01,301 DEV : loss 0.30420175194740295 - f1-score (micro avg)  0.9056
2025-12-22 17:46:01,303  - 0 epochs without improvement
2025-12-22 17:46:01,303 saving best model
2025-12-22 17:46:01,319 ----------------------------------------------------------------------------------------------------
2025-12-22 17:46:01,975 epoch 21 - iter 5/59 - loss 0.28710976 - time (sec): 0.66 - samples/sec: 3855.74 - lr: 0.100000 - momentum: 0.000000
2025-12-22 17:46:02,776 epoch 21 - iter 10/59 - loss 0.27319350 - time (sec): 1.46 - samples/sec: 3679.63 - lr: 0.100000 - momentum: 0.000000
2025-12-22 17:46:03,576 epoch 21 - iter 15/59 - loss 0.27287615 - time (sec): 2.26 - samples/sec: 3577.95 - lr: 0.100000 - momentum: 0.000000
2025-12-22 17:46:04,553 epoch 21 - iter 20/59 - loss 0.27380472 - time (sec): 3.23 - samples/sec: 3394.19 - lr: 0.100000 - momentum: 0.000000
2025-12-22 17:46:05,183 epoch 21 - iter 25/59 - loss 0.27396450 - time (sec): 3.86 - samples/sec: 3502.72 - lr: 0.100000 - momentum: 0.000000
2025-12-22 17:46:05,915 epoch 21 - iter 30/59 - loss 0.27175946 - time (sec): 4.60 - samples/sec: 3505.64 - lr: 0.100000 - momentum: 0.000000
2025-12-22 17:46:06,821 epoch 21 - iter 35/59 - loss 0.27545447 - time (sec): 5.50 - samples/sec: 3450.47 - lr: 0.100000 - momentum: 0.000000
2025-12-22 17:46:07,587 epoch 21 - iter 40/59 - loss 0.27396294 - time (sec): 6.27 - samples/sec: 3446.40 - lr: 0.100000 - momentum: 0.000000
2025-12-22 17:46:08,952 epoch 21 - iter 45/59 - loss 0.27627690 - time (sec): 7.63 - samples/sec: 3191.56 - lr: 0.100000 - momentum: 0.000000
2025-12-22 17:46:09,893 epoch 21 - iter 50/59 - loss 0.27615698 - time (sec): 8.57 - samples/sec: 3168.36 - lr: 0.100000 - momentum: 0.000000
2025-12-22 17:46:10,770 epoch 21 - iter 55/59 - loss 0.27633378 - time (sec): 9.45 - samples/sec: 3140.88 - lr: 0.100000 - momentum: 0.000000
2025-12-22 17:46:11,329 ----------------------------------------------------------------------------------------------------
2025-12-22 17:46:11,330 EPOCH 21 done: loss 0.2779 - lr: 0.100000
2025-12-22 17:46:12,123 DEV : loss 0.3260357677936554 - f1-score (micro avg)  0.8987
2025-12-22 17:46:12,125  - 1 epochs without improvement
2025-12-22 17:46:12,126 ----------------------------------------------------------------------------------------------------
2025-12-22 17:46:12,920 epoch 22 - iter 5/59 - loss 0.25950239 - time (sec): 0.79 - samples/sec: 3139.23 - lr: 0.100000 - momentum: 0.000000
2025-12-22 17:46:13,643 epoch 22 - iter 10/59 - loss 0.26649643 - time (sec): 1.52 - samples/sec: 3410.34 - lr: 0.100000 - momentum: 0.000000
2025-12-22 17:46:14,476 epoch 22 - iter 15/59 - loss 0.26465458 - time (sec): 2.35 - samples/sec: 3384.23 - lr: 0.100000 - momentum: 0.000000
2025-12-22 17:46:15,249 epoch 22 - iter 20/59 - loss 0.26173247 - time (sec): 3.12 - samples/sec: 3407.94 - lr: 0.100000 - momentum: 0.000000
2025-12-22 17:46:15,954 epoch 22 - iter 25/59 - loss 0.26256886 - time (sec): 3.83 - samples/sec: 3482.36 - lr: 0.100000 - momentum: 0.000000
2025-12-22 17:46:16,739 epoch 22 - iter 30/59 - loss 0.26652172 - time (sec): 4.61 - samples/sec: 3488.24 - lr: 0.100000 - momentum: 0.000000
2025-12-22 17:46:17,434 epoch 22 - iter 35/59 - loss 0.26649623 - time (sec): 5.31 - samples/sec: 3542.37 - lr: 0.100000 - momentum: 0.000000
2025-12-22 17:46:18,251 epoch 22 - iter 40/59 - loss 0.26625606 - time (sec): 6.13 - samples/sec: 3518.08 - lr: 0.100000 - momentum: 0.000000
2025-12-22 17:46:18,954 epoch 22 - iter 45/59 - loss 0.26603671 - time (sec): 6.83 - samples/sec: 3544.98 - lr: 0.100000 - momentum: 0.000000
2025-12-22 17:46:19,689 epoch 22 - iter 50/59 - loss 0.26617752 - time (sec): 7.56 - samples/sec: 3548.52 - lr: 0.100000 - momentum: 0.000000
2025-12-22 17:46:20,378 epoch 22 - iter 55/59 - loss 0.26642803 - time (sec): 8.25 - samples/sec: 3600.50 - lr: 0.100000 - momentum: 0.000000
2025-12-22 17:46:20,977 ----------------------------------------------------------------------------------------------------
2025-12-22 17:46:20,977 EPOCH 22 done: loss 0.2688 - lr: 0.100000
2025-12-22 17:46:21,744 DEV : loss 0.29820623993873596 - f1-score (micro avg)  0.9054
2025-12-22 17:46:21,746  - 2 epochs without improvement
2025-12-22 17:46:21,746 ----------------------------------------------------------------------------------------------------
2025-12-22 17:46:22,628 epoch 23 - iter 5/59 - loss 0.22698118 - time (sec): 0.88 - samples/sec: 3089.12 - lr: 0.100000 - momentum: 0.000000
2025-12-22 17:46:23,279 epoch 23 - iter 10/59 - loss 0.25627063 - time (sec): 1.53 - samples/sec: 3404.39 - lr: 0.100000 - momentum: 0.000000
2025-12-22 17:46:23,973 epoch 23 - iter 15/59 - loss 0.25858029 - time (sec): 2.23 - samples/sec: 3521.75 - lr: 0.100000 - momentum: 0.000000
2025-12-22 17:46:24,659 epoch 23 - iter 20/59 - loss 0.26208422 - time (sec): 2.91 - samples/sec: 3632.41 - lr: 0.100000 - momentum: 0.000000
2025-12-22 17:46:25,337 epoch 23 - iter 25/59 - loss 0.25792061 - time (sec): 3.59 - samples/sec: 3699.66 - lr: 0.100000 - momentum: 0.000000
2025-12-22 17:46:26,134 epoch 23 - iter 30/59 - loss 0.26054944 - time (sec): 4.39 - samples/sec: 3626.02 - lr: 0.100000 - momentum: 0.000000
2025-12-22 17:46:26,854 epoch 23 - iter 35/59 - loss 0.26052591 - time (sec): 5.11 - samples/sec: 3640.19 - lr: 0.100000 - momentum: 0.000000
2025-12-22 17:46:27,471 epoch 23 - iter 40/59 - loss 0.25910872 - time (sec): 5.72 - samples/sec: 3699.61 - lr: 0.100000 - momentum: 0.000000
2025-12-22 17:46:28,408 epoch 23 - iter 45/59 - loss 0.25779308 - time (sec): 6.66 - samples/sec: 3622.92 - lr: 0.100000 - momentum: 0.000000
2025-12-22 17:46:29,210 epoch 23 - iter 50/59 - loss 0.25769931 - time (sec): 7.46 - samples/sec: 3612.54 - lr: 0.100000 - momentum: 0.000000
2025-12-22 17:46:29,912 epoch 23 - iter 55/59 - loss 0.25870173 - time (sec): 8.17 - samples/sec: 3642.54 - lr: 0.100000 - momentum: 0.000000
2025-12-22 17:46:30,414 ----------------------------------------------------------------------------------------------------
2025-12-22 17:46:30,415 EPOCH 23 done: loss 0.2574 - lr: 0.100000
2025-12-22 17:46:31,413 DEV : loss 0.27996715903282166 - f1-score (micro avg)  0.912
2025-12-22 17:46:31,414  - 0 epochs without improvement
2025-12-22 17:46:31,415 saving best model
2025-12-22 17:46:31,431 ----------------------------------------------------------------------------------------------------
2025-12-22 17:46:32,048 epoch 24 - iter 5/59 - loss 0.26519780 - time (sec): 0.62 - samples/sec: 4057.05 - lr: 0.100000 - momentum: 0.000000
2025-12-22 17:46:32,643 epoch 24 - iter 10/59 - loss 0.25596251 - time (sec): 1.21 - samples/sec: 4225.54 - lr: 0.100000 - momentum: 0.000000
2025-12-22 17:46:33,326 epoch 24 - iter 15/59 - loss 0.24597844 - time (sec): 1.89 - samples/sec: 4010.19 - lr: 0.100000 - momentum: 0.000000
2025-12-22 17:46:34,138 epoch 24 - iter 20/59 - loss 0.24791136 - time (sec): 2.71 - samples/sec: 3831.92 - lr: 0.100000 - momentum: 0.000000
2025-12-22 17:46:34,974 epoch 24 - iter 25/59 - loss 0.24636787 - time (sec): 3.54 - samples/sec: 3728.71 - lr: 0.100000 - momentum: 0.000000
2025-12-22 17:46:35,813 epoch 24 - iter 30/59 - loss 0.24515865 - time (sec): 4.38 - samples/sec: 3611.94 - lr: 0.100000 - momentum: 0.000000
2025-12-22 17:46:36,575 epoch 24 - iter 35/59 - loss 0.24639950 - time (sec): 5.14 - samples/sec: 3652.23 - lr: 0.100000 - momentum: 0.000000
2025-12-22 17:46:37,297 epoch 24 - iter 40/59 - loss 0.24745348 - time (sec): 5.87 - samples/sec: 3647.77 - lr: 0.100000 - momentum: 0.000000
2025-12-22 17:46:38,059 epoch 24 - iter 45/59 - loss 0.24921789 - time (sec): 6.63 - samples/sec: 3622.90 - lr: 0.100000 - momentum: 0.000000
2025-12-22 17:46:38,849 epoch 24 - iter 50/59 - loss 0.24792457 - time (sec): 7.42 - samples/sec: 3601.68 - lr: 0.100000 - momentum: 0.000000
2025-12-22 17:46:39,522 epoch 24 - iter 55/59 - loss 0.24853145 - time (sec): 8.09 - samples/sec: 3643.59 - lr: 0.100000 - momentum: 0.000000
2025-12-22 17:46:40,039 ----------------------------------------------------------------------------------------------------
2025-12-22 17:46:40,039 EPOCH 24 done: loss 0.2488 - lr: 0.100000
2025-12-22 17:46:40,803 DEV : loss 0.29086732864379883 - f1-score (micro avg)  0.9125
2025-12-22 17:46:40,805  - 0 epochs without improvement
2025-12-22 17:46:40,806 saving best model
2025-12-22 17:46:40,820 ----------------------------------------------------------------------------------------------------
2025-12-22 17:46:41,613 epoch 25 - iter 5/59 - loss 0.22704567 - time (sec): 0.79 - samples/sec: 3613.70 - lr: 0.100000 - momentum: 0.000000
2025-12-22 17:46:42,258 epoch 25 - iter 10/59 - loss 0.23221842 - time (sec): 1.44 - samples/sec: 3705.89 - lr: 0.100000 - momentum: 0.000000
2025-12-22 17:46:43,036 epoch 25 - iter 15/59 - loss 0.23738655 - time (sec): 2.22 - samples/sec: 3638.83 - lr: 0.100000 - momentum: 0.000000
2025-12-22 17:46:43,749 epoch 25 - iter 20/59 - loss 0.23844176 - time (sec): 2.93 - samples/sec: 3659.51 - lr: 0.100000 - momentum: 0.000000
2025-12-22 17:46:44,541 epoch 25 - iter 25/59 - loss 0.23546667 - time (sec): 3.72 - samples/sec: 3626.42 - lr: 0.100000 - momentum: 0.000000
2025-12-22 17:46:45,318 epoch 25 - iter 30/59 - loss 0.23420708 - time (sec): 4.50 - samples/sec: 3566.42 - lr: 0.100000 - momentum: 0.000000
2025-12-22 17:46:45,976 epoch 25 - iter 35/59 - loss 0.23398135 - time (sec): 5.16 - samples/sec: 3622.03 - lr: 0.100000 - momentum: 0.000000
2025-12-22 17:46:46,695 epoch 25 - iter 40/59 - loss 0.23267690 - time (sec): 5.87 - samples/sec: 3634.24 - lr: 0.100000 - momentum: 0.000000
2025-12-22 17:46:47,456 epoch 25 - iter 45/59 - loss 0.23267458 - time (sec): 6.64 - samples/sec: 3645.20 - lr: 0.100000 - momentum: 0.000000
2025-12-22 17:46:48,208 epoch 25 - iter 50/59 - loss 0.23433278 - time (sec): 7.39 - samples/sec: 3652.19 - lr: 0.100000 - momentum: 0.000000
2025-12-22 17:46:49,067 epoch 25 - iter 55/59 - loss 0.23646947 - time (sec): 8.25 - samples/sec: 3606.85 - lr: 0.100000 - momentum: 0.000000
2025-12-22 17:46:49,508 ----------------------------------------------------------------------------------------------------
2025-12-22 17:46:49,508 EPOCH 25 done: loss 0.2367 - lr: 0.100000
2025-12-22 17:46:50,285 DEV : loss 0.28826963901519775 - f1-score (micro avg)  0.9162
2025-12-22 17:46:50,287  - 0 epochs without improvement
2025-12-22 17:46:50,287 saving best model
2025-12-22 17:46:50,305 ----------------------------------------------------------------------------------------------------
2025-12-22 17:46:51,022 epoch 26 - iter 5/59 - loss 0.22292848 - time (sec): 0.72 - samples/sec: 3869.79 - lr: 0.100000 - momentum: 0.000000
2025-12-22 17:46:51,730 epoch 26 - iter 10/59 - loss 0.21871165 - time (sec): 1.42 - samples/sec: 3932.31 - lr: 0.100000 - momentum: 0.000000
2025-12-22 17:46:52,448 epoch 26 - iter 15/59 - loss 0.22128130 - time (sec): 2.14 - samples/sec: 3822.88 - lr: 0.100000 - momentum: 0.000000
2025-12-22 17:46:53,120 epoch 26 - iter 20/59 - loss 0.22934899 - time (sec): 2.82 - samples/sec: 3812.76 - lr: 0.100000 - momentum: 0.000000
2025-12-22 17:46:53,963 epoch 26 - iter 25/59 - loss 0.23108336 - time (sec): 3.66 - samples/sec: 3710.23 - lr: 0.100000 - momentum: 0.000000
2025-12-22 17:46:54,848 epoch 26 - iter 30/59 - loss 0.23638954 - time (sec): 4.54 - samples/sec: 3678.68 - lr: 0.100000 - momentum: 0.000000
2025-12-22 17:46:55,545 epoch 26 - iter 35/59 - loss 0.23685809 - time (sec): 5.24 - samples/sec: 3679.74 - lr: 0.100000 - momentum: 0.000000
2025-12-22 17:46:56,187 epoch 26 - iter 40/59 - loss 0.23634648 - time (sec): 5.88 - samples/sec: 3709.44 - lr: 0.100000 - momentum: 0.000000
2025-12-22 17:46:57,016 epoch 26 - iter 45/59 - loss 0.23428294 - time (sec): 6.71 - samples/sec: 3647.46 - lr: 0.100000 - momentum: 0.000000
2025-12-22 17:46:57,658 epoch 26 - iter 50/59 - loss 0.23393875 - time (sec): 7.35 - samples/sec: 3684.90 - lr: 0.100000 - momentum: 0.000000
2025-12-22 17:46:58,418 epoch 26 - iter 55/59 - loss 0.23370257 - time (sec): 8.11 - samples/sec: 3668.86 - lr: 0.100000 - momentum: 0.000000
2025-12-22 17:46:58,974 ----------------------------------------------------------------------------------------------------
2025-12-22 17:46:58,974 EPOCH 26 done: loss 0.2336 - lr: 0.100000
2025-12-22 17:46:59,995 DEV : loss 0.2736452519893646 - f1-score (micro avg)  0.917
2025-12-22 17:46:59,997  - 0 epochs without improvement
2025-12-22 17:46:59,997 saving best model
2025-12-22 17:47:00,015 ----------------------------------------------------------------------------------------------------
2025-12-22 17:47:00,774 epoch 27 - iter 5/59 - loss 0.22297025 - time (sec): 0.76 - samples/sec: 3632.49 - lr: 0.100000 - momentum: 0.000000
2025-12-22 17:47:01,509 epoch 27 - iter 10/59 - loss 0.21385249 - time (sec): 1.49 - samples/sec: 3605.32 - lr: 0.100000 - momentum: 0.000000
2025-12-22 17:47:02,309 epoch 27 - iter 15/59 - loss 0.21838900 - time (sec): 2.29 - samples/sec: 3490.42 - lr: 0.100000 - momentum: 0.000000
2025-12-22 17:47:03,057 epoch 27 - iter 20/59 - loss 0.21457971 - time (sec): 3.04 - samples/sec: 3546.00 - lr: 0.100000 - momentum: 0.000000
2025-12-22 17:47:03,972 epoch 27 - iter 25/59 - loss 0.21732397 - time (sec): 3.96 - samples/sec: 3460.06 - lr: 0.100000 - momentum: 0.000000
2025-12-22 17:47:04,745 epoch 27 - iter 30/59 - loss 0.21772013 - time (sec): 4.73 - samples/sec: 3503.17 - lr: 0.100000 - momentum: 0.000000
2025-12-22 17:47:05,512 epoch 27 - iter 35/59 - loss 0.21719986 - time (sec): 5.50 - samples/sec: 3486.88 - lr: 0.100000 - momentum: 0.000000
2025-12-22 17:47:06,311 epoch 27 - iter 40/59 - loss 0.21544915 - time (sec): 6.30 - samples/sec: 3459.78 - lr: 0.100000 - momentum: 0.000000
2025-12-22 17:47:06,935 epoch 27 - iter 45/59 - loss 0.21967080 - time (sec): 6.92 - samples/sec: 3518.43 - lr: 0.100000 - momentum: 0.000000
2025-12-22 17:47:07,833 epoch 27 - iter 50/59 - loss 0.22123968 - time (sec): 7.82 - samples/sec: 3478.28 - lr: 0.100000 - momentum: 0.000000
2025-12-22 17:47:08,576 epoch 27 - iter 55/59 - loss 0.22022106 - time (sec): 8.56 - samples/sec: 3478.76 - lr: 0.100000 - momentum: 0.000000
2025-12-22 17:47:09,112 ----------------------------------------------------------------------------------------------------
2025-12-22 17:47:09,112 EPOCH 27 done: loss 0.2208 - lr: 0.100000
2025-12-22 17:47:09,945 DEV : loss 0.2755269408226013 - f1-score (micro avg)  0.9155
2025-12-22 17:47:09,947  - 1 epochs without improvement
2025-12-22 17:47:09,947 ----------------------------------------------------------------------------------------------------
2025-12-22 17:47:10,704 epoch 28 - iter 5/59 - loss 0.19976258 - time (sec): 0.76 - samples/sec: 3534.15 - lr: 0.100000 - momentum: 0.000000
2025-12-22 17:47:11,428 epoch 28 - iter 10/59 - loss 0.20164715 - time (sec): 1.48 - samples/sec: 3625.94 - lr: 0.100000 - momentum: 0.000000
2025-12-22 17:47:12,194 epoch 28 - iter 15/59 - loss 0.21113742 - time (sec): 2.25 - samples/sec: 3630.47 - lr: 0.100000 - momentum: 0.000000
2025-12-22 17:47:12,930 epoch 28 - iter 20/59 - loss 0.21825473 - time (sec): 2.98 - samples/sec: 3656.15 - lr: 0.100000 - momentum: 0.000000
2025-12-22 17:47:13,713 epoch 28 - iter 25/59 - loss 0.21987710 - time (sec): 3.77 - samples/sec: 3652.21 - lr: 0.100000 - momentum: 0.000000
2025-12-22 17:47:14,405 epoch 28 - iter 30/59 - loss 0.21796479 - time (sec): 4.46 - samples/sec: 3698.26 - lr: 0.100000 - momentum: 0.000000
2025-12-22 17:47:15,154 epoch 28 - iter 35/59 - loss 0.21855831 - time (sec): 5.21 - samples/sec: 3641.41 - lr: 0.100000 - momentum: 0.000000
2025-12-22 17:47:15,981 epoch 28 - iter 40/59 - loss 0.21698861 - time (sec): 6.03 - samples/sec: 3595.19 - lr: 0.100000 - momentum: 0.000000
2025-12-22 17:47:16,640 epoch 28 - iter 45/59 - loss 0.21731224 - time (sec): 6.69 - samples/sec: 3650.73 - lr: 0.100000 - momentum: 0.000000
2025-12-22 17:47:17,322 epoch 28 - iter 50/59 - loss 0.21888936 - time (sec): 7.37 - samples/sec: 3697.28 - lr: 0.100000 - momentum: 0.000000
2025-12-22 17:47:18,021 epoch 28 - iter 55/59 - loss 0.21785294 - time (sec): 8.07 - samples/sec: 3696.66 - lr: 0.100000 - momentum: 0.000000
2025-12-22 17:47:18,570 ----------------------------------------------------------------------------------------------------
2025-12-22 17:47:18,571 EPOCH 28 done: loss 0.2190 - lr: 0.100000
2025-12-22 17:47:19,331 DEV : loss 0.2777348756790161 - f1-score (micro avg)  0.9171
2025-12-22 17:47:19,333  - 0 epochs without improvement
2025-12-22 17:47:19,333 saving best model
2025-12-22 17:47:19,349 ----------------------------------------------------------------------------------------------------
2025-12-22 17:47:20,093 epoch 29 - iter 5/59 - loss 0.19173863 - time (sec): 0.74 - samples/sec: 3540.31 - lr: 0.100000 - momentum: 0.000000
2025-12-22 17:47:20,998 epoch 29 - iter 10/59 - loss 0.20593875 - time (sec): 1.65 - samples/sec: 3308.31 - lr: 0.100000 - momentum: 0.000000
2025-12-22 17:47:21,917 epoch 29 - iter 15/59 - loss 0.20453759 - time (sec): 2.57 - samples/sec: 3176.64 - lr: 0.100000 - momentum: 0.000000
2025-12-22 17:47:22,763 epoch 29 - iter 20/59 - loss 0.20703735 - time (sec): 3.41 - samples/sec: 3210.67 - lr: 0.100000 - momentum: 0.000000
2025-12-22 17:47:23,567 epoch 29 - iter 25/59 - loss 0.20732040 - time (sec): 4.22 - samples/sec: 3227.77 - lr: 0.100000 - momentum: 0.000000
2025-12-22 17:47:24,500 epoch 29 - iter 30/59 - loss 0.20768547 - time (sec): 5.15 - samples/sec: 3153.50 - lr: 0.100000 - momentum: 0.000000
2025-12-22 17:47:25,323 epoch 29 - iter 35/59 - loss 0.20693320 - time (sec): 5.97 - samples/sec: 3183.72 - lr: 0.100000 - momentum: 0.000000
2025-12-22 17:47:25,972 epoch 29 - iter 40/59 - loss 0.20859139 - time (sec): 6.62 - samples/sec: 3241.56 - lr: 0.100000 - momentum: 0.000000
2025-12-22 17:47:26,684 epoch 29 - iter 45/59 - loss 0.20726228 - time (sec): 7.33 - samples/sec: 3297.94 - lr: 0.100000 - momentum: 0.000000
2025-12-22 17:47:27,447 epoch 29 - iter 50/59 - loss 0.20831409 - time (sec): 8.10 - samples/sec: 3323.74 - lr: 0.100000 - momentum: 0.000000
2025-12-22 17:47:28,187 epoch 29 - iter 55/59 - loss 0.20873609 - time (sec): 8.84 - samples/sec: 3348.93 - lr: 0.100000 - momentum: 0.000000
2025-12-22 17:47:28,757 ----------------------------------------------------------------------------------------------------
2025-12-22 17:47:28,757 EPOCH 29 done: loss 0.2095 - lr: 0.100000
2025-12-22 17:47:29,558 DEV : loss 0.2705053985118866 - f1-score (micro avg)  0.9192
2025-12-22 17:47:29,560  - 0 epochs without improvement
2025-12-22 17:47:29,561 saving best model
2025-12-22 17:47:29,576 ----------------------------------------------------------------------------------------------------
2025-12-22 17:47:30,333 epoch 30 - iter 5/59 - loss 0.20361701 - time (sec): 0.76 - samples/sec: 3810.36 - lr: 0.100000 - momentum: 0.000000
2025-12-22 17:47:31,015 epoch 30 - iter 10/59 - loss 0.20360769 - time (sec): 1.44 - samples/sec: 3826.03 - lr: 0.100000 - momentum: 0.000000
2025-12-22 17:47:31,731 epoch 30 - iter 15/59 - loss 0.20405573 - time (sec): 2.15 - samples/sec: 3827.34 - lr: 0.100000 - momentum: 0.000000
2025-12-22 17:47:32,591 epoch 30 - iter 20/59 - loss 0.19900607 - time (sec): 3.01 - samples/sec: 3655.73 - lr: 0.100000 - momentum: 0.000000
2025-12-22 17:47:33,593 epoch 30 - iter 25/59 - loss 0.20454117 - time (sec): 4.02 - samples/sec: 3476.73 - lr: 0.100000 - momentum: 0.000000
2025-12-22 17:47:34,436 epoch 30 - iter 30/59 - loss 0.20135135 - time (sec): 4.86 - samples/sec: 3434.58 - lr: 0.100000 - momentum: 0.000000
2025-12-22 17:47:35,047 epoch 30 - iter 35/59 - loss 0.20245705 - time (sec): 5.47 - samples/sec: 3523.92 - lr: 0.100000 - momentum: 0.000000
2025-12-22 17:47:35,731 epoch 30 - iter 40/59 - loss 0.20184872 - time (sec): 6.15 - samples/sec: 3571.16 - lr: 0.100000 - momentum: 0.000000
2025-12-22 17:47:36,497 epoch 30 - iter 45/59 - loss 0.20273870 - time (sec): 6.92 - samples/sec: 3558.97 - lr: 0.100000 - momentum: 0.000000
2025-12-22 17:47:37,144 epoch 30 - iter 50/59 - loss 0.20280281 - time (sec): 7.57 - samples/sec: 3597.74 - lr: 0.100000 - momentum: 0.000000
2025-12-22 17:47:37,899 epoch 30 - iter 55/59 - loss 0.20261390 - time (sec): 8.32 - samples/sec: 3576.05 - lr: 0.100000 - momentum: 0.000000
2025-12-22 17:47:38,414 ----------------------------------------------------------------------------------------------------
2025-12-22 17:47:38,415 EPOCH 30 done: loss 0.2035 - lr: 0.100000
2025-12-22 17:47:39,205 DEV : loss 0.27815625071525574 - f1-score (micro avg)  0.917
2025-12-22 17:47:39,206  - 1 epochs without improvement
2025-12-22 17:47:39,207 ----------------------------------------------------------------------------------------------------
2025-12-22 17:47:39,894 epoch 31 - iter 5/59 - loss 0.19448688 - time (sec): 0.69 - samples/sec: 3831.65 - lr: 0.100000 - momentum: 0.000000
2025-12-22 17:47:40,636 epoch 31 - iter 10/59 - loss 0.18281205 - time (sec): 1.43 - samples/sec: 3832.87 - lr: 0.100000 - momentum: 0.000000
2025-12-22 17:47:41,400 epoch 31 - iter 15/59 - loss 0.18600521 - time (sec): 2.19 - samples/sec: 3792.10 - lr: 0.100000 - momentum: 0.000000
2025-12-22 17:47:42,119 epoch 31 - iter 20/59 - loss 0.19094731 - time (sec): 2.91 - samples/sec: 3737.71 - lr: 0.100000 - momentum: 0.000000
2025-12-22 17:47:42,762 epoch 31 - iter 25/59 - loss 0.19609012 - time (sec): 3.55 - samples/sec: 3762.40 - lr: 0.100000 - momentum: 0.000000
2025-12-22 17:47:43,635 epoch 31 - iter 30/59 - loss 0.19654388 - time (sec): 4.43 - samples/sec: 3677.03 - lr: 0.100000 - momentum: 0.000000
2025-12-22 17:47:44,329 epoch 31 - iter 35/59 - loss 0.19471506 - time (sec): 5.12 - samples/sec: 3680.05 - lr: 0.100000 - momentum: 0.000000
2025-12-22 17:47:45,188 epoch 31 - iter 40/59 - loss 0.19642163 - time (sec): 5.98 - samples/sec: 3598.33 - lr: 0.100000 - momentum: 0.000000
2025-12-22 17:47:45,992 epoch 31 - iter 45/59 - loss 0.20139400 - time (sec): 6.79 - samples/sec: 3614.68 - lr: 0.100000 - momentum: 0.000000
2025-12-22 17:47:46,659 epoch 31 - iter 50/59 - loss 0.20081073 - time (sec): 7.45 - samples/sec: 3630.23 - lr: 0.100000 - momentum: 0.000000
2025-12-22 17:47:47,323 epoch 31 - iter 55/59 - loss 0.20329344 - time (sec): 8.12 - samples/sec: 3668.17 - lr: 0.100000 - momentum: 0.000000
2025-12-22 17:47:47,786 ----------------------------------------------------------------------------------------------------
2025-12-22 17:47:47,786 EPOCH 31 done: loss 0.2027 - lr: 0.100000
2025-12-22 17:47:48,901 DEV : loss 0.2699991464614868 - f1-score (micro avg)  0.9199
2025-12-22 17:47:48,903  - 0 epochs without improvement
2025-12-22 17:47:48,903 saving best model
2025-12-22 17:47:48,922 ----------------------------------------------------------------------------------------------------
2025-12-22 17:47:49,616 epoch 32 - iter 5/59 - loss 0.17210288 - time (sec): 0.69 - samples/sec: 3849.94 - lr: 0.100000 - momentum: 0.000000
2025-12-22 17:47:50,377 epoch 32 - iter 10/59 - loss 0.17724782 - time (sec): 1.45 - samples/sec: 3695.33 - lr: 0.100000 - momentum: 0.000000
2025-12-22 17:47:51,162 epoch 32 - iter 15/59 - loss 0.18423789 - time (sec): 2.24 - samples/sec: 3612.09 - lr: 0.100000 - momentum: 0.000000
2025-12-22 17:47:51,814 epoch 32 - iter 20/59 - loss 0.18804594 - time (sec): 2.89 - samples/sec: 3683.57 - lr: 0.100000 - momentum: 0.000000
2025-12-22 17:47:52,631 epoch 32 - iter 25/59 - loss 0.19208765 - time (sec): 3.71 - samples/sec: 3596.89 - lr: 0.100000 - momentum: 0.000000
2025-12-22 17:47:53,221 epoch 32 - iter 30/59 - loss 0.19133877 - time (sec): 4.30 - samples/sec: 3684.90 - lr: 0.100000 - momentum: 0.000000
2025-12-22 17:47:53,999 epoch 32 - iter 35/59 - loss 0.19111319 - time (sec): 5.08 - samples/sec: 3659.84 - lr: 0.100000 - momentum: 0.000000
2025-12-22 17:47:55,030 epoch 32 - iter 40/59 - loss 0.19420264 - time (sec): 6.11 - samples/sec: 3536.27 - lr: 0.100000 - momentum: 0.000000
2025-12-22 17:47:55,711 epoch 32 - iter 45/59 - loss 0.19408796 - time (sec): 6.79 - samples/sec: 3563.39 - lr: 0.100000 - momentum: 0.000000
2025-12-22 17:47:56,464 epoch 32 - iter 50/59 - loss 0.19723656 - time (sec): 7.54 - samples/sec: 3579.84 - lr: 0.100000 - momentum: 0.000000
2025-12-22 17:47:57,243 epoch 32 - iter 55/59 - loss 0.19731265 - time (sec): 8.32 - samples/sec: 3574.34 - lr: 0.100000 - momentum: 0.000000
2025-12-22 17:47:57,732 ----------------------------------------------------------------------------------------------------
2025-12-22 17:47:57,732 EPOCH 32 done: loss 0.1963 - lr: 0.100000
2025-12-22 17:47:58,486 DEV : loss 0.28428030014038086 - f1-score (micro avg)  0.9179
2025-12-22 17:47:58,488  - 1 epochs without improvement
2025-12-22 17:47:58,489 ----------------------------------------------------------------------------------------------------
2025-12-22 17:47:59,200 epoch 33 - iter 5/59 - loss 0.20524860 - time (sec): 0.71 - samples/sec: 3712.53 - lr: 0.100000 - momentum: 0.000000
2025-12-22 17:47:59,914 epoch 33 - iter 10/59 - loss 0.18418618 - time (sec): 1.42 - samples/sec: 3653.72 - lr: 0.100000 - momentum: 0.000000
2025-12-22 17:48:00,684 epoch 33 - iter 15/59 - loss 0.18909738 - time (sec): 2.19 - samples/sec: 3624.77 - lr: 0.100000 - momentum: 0.000000
2025-12-22 17:48:01,350 epoch 33 - iter 20/59 - loss 0.18990397 - time (sec): 2.86 - samples/sec: 3684.61 - lr: 0.100000 - momentum: 0.000000
2025-12-22 17:48:02,177 epoch 33 - iter 25/59 - loss 0.19298133 - time (sec): 3.69 - samples/sec: 3632.51 - lr: 0.100000 - momentum: 0.000000
2025-12-22 17:48:02,922 epoch 33 - iter 30/59 - loss 0.19285703 - time (sec): 4.43 - samples/sec: 3619.63 - lr: 0.100000 - momentum: 0.000000
2025-12-22 17:48:03,646 epoch 33 - iter 35/59 - loss 0.19301727 - time (sec): 5.16 - samples/sec: 3636.84 - lr: 0.100000 - momentum: 0.000000
2025-12-22 17:48:04,300 epoch 33 - iter 40/59 - loss 0.19571123 - time (sec): 5.81 - samples/sec: 3663.32 - lr: 0.100000 - momentum: 0.000000
2025-12-22 17:48:04,937 epoch 33 - iter 45/59 - loss 0.19472091 - time (sec): 6.45 - samples/sec: 3733.26 - lr: 0.100000 - momentum: 0.000000
2025-12-22 17:48:05,644 epoch 33 - iter 50/59 - loss 0.19402892 - time (sec): 7.15 - samples/sec: 3735.52 - lr: 0.100000 - momentum: 0.000000
2025-12-22 17:48:06,570 epoch 33 - iter 55/59 - loss 0.19294708 - time (sec): 8.08 - samples/sec: 3667.50 - lr: 0.100000 - momentum: 0.000000
2025-12-22 17:48:07,134 ----------------------------------------------------------------------------------------------------
2025-12-22 17:48:07,134 EPOCH 33 done: loss 0.1936 - lr: 0.100000
2025-12-22 17:48:07,964 DEV : loss 0.2799902856349945 - f1-score (micro avg)  0.9204
2025-12-22 17:48:07,966  - 0 epochs without improvement
2025-12-22 17:48:07,966 saving best model
2025-12-22 17:48:07,981 ----------------------------------------------------------------------------------------------------
2025-12-22 17:48:08,860 epoch 34 - iter 5/59 - loss 0.18242833 - time (sec): 0.88 - samples/sec: 3285.31 - lr: 0.100000 - momentum: 0.000000
2025-12-22 17:48:09,544 epoch 34 - iter 10/59 - loss 0.18550936 - time (sec): 1.56 - samples/sec: 3614.36 - lr: 0.100000 - momentum: 0.000000
2025-12-22 17:48:10,357 epoch 34 - iter 15/59 - loss 0.17864312 - time (sec): 2.38 - samples/sec: 3503.28 - lr: 0.100000 - momentum: 0.000000
2025-12-22 17:48:11,256 epoch 34 - iter 20/59 - loss 0.17980378 - time (sec): 3.27 - samples/sec: 3411.05 - lr: 0.100000 - momentum: 0.000000
2025-12-22 17:48:11,942 epoch 34 - iter 25/59 - loss 0.18004997 - time (sec): 3.96 - samples/sec: 3441.30 - lr: 0.100000 - momentum: 0.000000
2025-12-22 17:48:12,691 epoch 34 - iter 30/59 - loss 0.18273924 - time (sec): 4.71 - samples/sec: 3460.89 - lr: 0.100000 - momentum: 0.000000
2025-12-22 17:48:13,471 epoch 34 - iter 35/59 - loss 0.18255423 - time (sec): 5.49 - samples/sec: 3472.46 - lr: 0.100000 - momentum: 0.000000
2025-12-22 17:48:14,105 epoch 34 - iter 40/59 - loss 0.18677866 - time (sec): 6.12 - samples/sec: 3562.30 - lr: 0.100000 - momentum: 0.000000
2025-12-22 17:48:14,831 epoch 34 - iter 45/59 - loss 0.18574163 - time (sec): 6.85 - samples/sec: 3620.68 - lr: 0.100000 - momentum: 0.000000
2025-12-22 17:48:15,548 epoch 34 - iter 50/59 - loss 0.18737048 - time (sec): 7.57 - samples/sec: 3590.71 - lr: 0.100000 - momentum: 0.000000
2025-12-22 17:48:16,271 epoch 34 - iter 55/59 - loss 0.18986661 - time (sec): 8.29 - samples/sec: 3583.90 - lr: 0.100000 - momentum: 0.000000
2025-12-22 17:48:16,827 ----------------------------------------------------------------------------------------------------
2025-12-22 17:48:16,827 EPOCH 34 done: loss 0.1902 - lr: 0.100000
2025-12-22 17:48:17,836 DEV : loss 0.2655041217803955 - f1-score (micro avg)  0.9245
2025-12-22 17:48:17,837  - 0 epochs without improvement
2025-12-22 17:48:17,838 saving best model
2025-12-22 17:48:17,851 ----------------------------------------------------------------------------------------------------
2025-12-22 17:48:18,620 epoch 35 - iter 5/59 - loss 0.17536574 - time (sec): 0.77 - samples/sec: 3543.99 - lr: 0.100000 - momentum: 0.000000
2025-12-22 17:48:19,381 epoch 35 - iter 10/59 - loss 0.17575306 - time (sec): 1.53 - samples/sec: 3556.14 - lr: 0.100000 - momentum: 0.000000
2025-12-22 17:48:20,081 epoch 35 - iter 15/59 - loss 0.17722608 - time (sec): 2.23 - samples/sec: 3622.44 - lr: 0.100000 - momentum: 0.000000
2025-12-22 17:48:20,831 epoch 35 - iter 20/59 - loss 0.18075970 - time (sec): 2.98 - samples/sec: 3620.70 - lr: 0.100000 - momentum: 0.000000
2025-12-22 17:48:21,472 epoch 35 - iter 25/59 - loss 0.18143244 - time (sec): 3.62 - samples/sec: 3705.89 - lr: 0.100000 - momentum: 0.000000
2025-12-22 17:48:22,125 epoch 35 - iter 30/59 - loss 0.18738304 - time (sec): 4.27 - samples/sec: 3741.49 - lr: 0.100000 - momentum: 0.000000
2025-12-22 17:48:22,813 epoch 35 - iter 35/59 - loss 0.18571876 - time (sec): 4.96 - samples/sec: 3737.41 - lr: 0.100000 - momentum: 0.000000
2025-12-22 17:48:23,663 epoch 35 - iter 40/59 - loss 0.18734635 - time (sec): 5.81 - samples/sec: 3674.29 - lr: 0.100000 - momentum: 0.000000
2025-12-22 17:48:24,370 epoch 35 - iter 45/59 - loss 0.18868761 - time (sec): 6.52 - samples/sec: 3696.42 - lr: 0.100000 - momentum: 0.000000
2025-12-22 17:48:25,111 epoch 35 - iter 50/59 - loss 0.18869772 - time (sec): 7.26 - samples/sec: 3718.59 - lr: 0.100000 - momentum: 0.000000
2025-12-22 17:48:25,899 epoch 35 - iter 55/59 - loss 0.18808875 - time (sec): 8.05 - samples/sec: 3692.03 - lr: 0.100000 - momentum: 0.000000
2025-12-22 17:48:26,468 ----------------------------------------------------------------------------------------------------
2025-12-22 17:48:26,469 EPOCH 35 done: loss 0.1873 - lr: 0.100000
2025-12-22 17:48:27,225 DEV : loss 0.27283409237861633 - f1-score (micro avg)  0.9208
2025-12-22 17:48:27,226  - 1 epochs without improvement
2025-12-22 17:48:27,227 ----------------------------------------------------------------------------------------------------
2025-12-22 17:48:28,093 epoch 36 - iter 5/59 - loss 0.19402690 - time (sec): 0.87 - samples/sec: 3306.72 - lr: 0.100000 - momentum: 0.000000
2025-12-22 17:48:28,860 epoch 36 - iter 10/59 - loss 0.17550700 - time (sec): 1.63 - samples/sec: 3421.63 - lr: 0.100000 - momentum: 0.000000
2025-12-22 17:48:29,571 epoch 36 - iter 15/59 - loss 0.17727066 - time (sec): 2.34 - samples/sec: 3536.83 - lr: 0.100000 - momentum: 0.000000
2025-12-22 17:48:30,294 epoch 36 - iter 20/59 - loss 0.18203100 - time (sec): 3.07 - samples/sec: 3637.60 - lr: 0.100000 - momentum: 0.000000
2025-12-22 17:48:30,942 epoch 36 - iter 25/59 - loss 0.18519531 - time (sec): 3.71 - samples/sec: 3741.06 - lr: 0.100000 - momentum: 0.000000
2025-12-22 17:48:31,573 epoch 36 - iter 30/59 - loss 0.18587188 - time (sec): 4.35 - samples/sec: 3791.54 - lr: 0.100000 - momentum: 0.000000
2025-12-22 17:48:32,335 epoch 36 - iter 35/59 - loss 0.18484986 - time (sec): 5.11 - samples/sec: 3733.38 - lr: 0.100000 - momentum: 0.000000
2025-12-22 17:48:33,036 epoch 36 - iter 40/59 - loss 0.18652845 - time (sec): 5.81 - samples/sec: 3725.08 - lr: 0.100000 - momentum: 0.000000
2025-12-22 17:48:33,929 epoch 36 - iter 45/59 - loss 0.18813503 - time (sec): 6.70 - samples/sec: 3656.42 - lr: 0.100000 - momentum: 0.000000
2025-12-22 17:48:34,682 epoch 36 - iter 50/59 - loss 0.18842448 - time (sec): 7.45 - samples/sec: 3654.55 - lr: 0.100000 - momentum: 0.000000
2025-12-22 17:48:35,354 epoch 36 - iter 55/59 - loss 0.18759656 - time (sec): 8.13 - samples/sec: 3666.50 - lr: 0.100000 - momentum: 0.000000
2025-12-22 17:48:35,821 ----------------------------------------------------------------------------------------------------
2025-12-22 17:48:35,821 EPOCH 36 done: loss 0.1869 - lr: 0.100000
2025-12-22 17:48:36,653 DEV : loss 0.2610837519168854 - f1-score (micro avg)  0.9225
2025-12-22 17:48:36,655  - 2 epochs without improvement
2025-12-22 17:48:36,656 ----------------------------------------------------------------------------------------------------
2025-12-22 17:48:37,350 epoch 37 - iter 5/59 - loss 0.16711509 - time (sec): 0.69 - samples/sec: 3815.80 - lr: 0.100000 - momentum: 0.000000
2025-12-22 17:48:38,182 epoch 37 - iter 10/59 - loss 0.17646913 - time (sec): 1.53 - samples/sec: 3553.34 - lr: 0.100000 - momentum: 0.000000
2025-12-22 17:48:38,870 epoch 37 - iter 15/59 - loss 0.18031021 - time (sec): 2.21 - samples/sec: 3686.06 - lr: 0.100000 - momentum: 0.000000
2025-12-22 17:48:39,649 epoch 37 - iter 20/59 - loss 0.17917747 - time (sec): 2.99 - samples/sec: 3652.61 - lr: 0.100000 - momentum: 0.000000
2025-12-22 17:48:40,477 epoch 37 - iter 25/59 - loss 0.17744198 - time (sec): 3.82 - samples/sec: 3596.41 - lr: 0.100000 - momentum: 0.000000
2025-12-22 17:48:41,157 epoch 37 - iter 30/59 - loss 0.17887512 - time (sec): 4.50 - samples/sec: 3654.86 - lr: 0.100000 - momentum: 0.000000
2025-12-22 17:48:41,841 epoch 37 - iter 35/59 - loss 0.17818000 - time (sec): 5.18 - samples/sec: 3671.69 - lr: 0.100000 - momentum: 0.000000
2025-12-22 17:48:42,488 epoch 37 - iter 40/59 - loss 0.18039046 - time (sec): 5.83 - samples/sec: 3718.05 - lr: 0.100000 - momentum: 0.000000
2025-12-22 17:48:43,276 epoch 37 - iter 45/59 - loss 0.18130663 - time (sec): 6.62 - samples/sec: 3670.83 - lr: 0.100000 - momentum: 0.000000
2025-12-22 17:48:44,060 epoch 37 - iter 50/59 - loss 0.18162290 - time (sec): 7.40 - samples/sec: 3663.79 - lr: 0.100000 - momentum: 0.000000
2025-12-22 17:48:44,842 epoch 37 - iter 55/59 - loss 0.18093205 - time (sec): 8.19 - samples/sec: 3646.40 - lr: 0.100000 - momentum: 0.000000
2025-12-22 17:48:45,282 ----------------------------------------------------------------------------------------------------
2025-12-22 17:48:45,282 EPOCH 37 done: loss 0.1809 - lr: 0.100000
2025-12-22 17:48:46,293 DEV : loss 0.27666398882865906 - f1-score (micro avg)  0.9217
2025-12-22 17:48:46,295  - 3 epochs without improvement
2025-12-22 17:48:46,295 ----------------------------------------------------------------------------------------------------
2025-12-22 17:48:46,909 epoch 38 - iter 5/59 - loss 0.16386875 - time (sec): 0.61 - samples/sec: 4073.57 - lr: 0.100000 - momentum: 0.000000
2025-12-22 17:48:47,861 epoch 38 - iter 10/59 - loss 0.16882551 - time (sec): 1.57 - samples/sec: 3406.89 - lr: 0.100000 - momentum: 0.000000
2025-12-22 17:48:48,529 epoch 38 - iter 15/59 - loss 0.17041488 - time (sec): 2.23 - samples/sec: 3562.04 - lr: 0.100000 - momentum: 0.000000
2025-12-22 17:48:49,203 epoch 38 - iter 20/59 - loss 0.17404382 - time (sec): 2.91 - samples/sec: 3531.31 - lr: 0.100000 - momentum: 0.000000
2025-12-22 17:48:49,979 epoch 38 - iter 25/59 - loss 0.17440449 - time (sec): 3.68 - samples/sec: 3539.50 - lr: 0.100000 - momentum: 0.000000
2025-12-22 17:48:50,764 epoch 38 - iter 30/59 - loss 0.17542486 - time (sec): 4.47 - samples/sec: 3540.00 - lr: 0.100000 - momentum: 0.000000
2025-12-22 17:48:51,508 epoch 38 - iter 35/59 - loss 0.17613427 - time (sec): 5.21 - samples/sec: 3539.73 - lr: 0.100000 - momentum: 0.000000
2025-12-22 17:48:52,288 epoch 38 - iter 40/59 - loss 0.17482090 - time (sec): 5.99 - samples/sec: 3537.40 - lr: 0.100000 - momentum: 0.000000
2025-12-22 17:48:52,984 epoch 38 - iter 45/59 - loss 0.17570749 - time (sec): 6.69 - samples/sec: 3561.71 - lr: 0.100000 - momentum: 0.000000
2025-12-22 17:48:53,731 epoch 38 - iter 50/59 - loss 0.17655403 - time (sec): 7.44 - samples/sec: 3596.31 - lr: 0.100000 - momentum: 0.000000
2025-12-22 17:48:54,470 epoch 38 - iter 55/59 - loss 0.17575043 - time (sec): 8.17 - samples/sec: 3619.89 - lr: 0.100000 - momentum: 0.000000
2025-12-22 17:48:55,075 ----------------------------------------------------------------------------------------------------
2025-12-22 17:48:55,075 EPOCH 38 done: loss 0.1759 - lr: 0.100000
2025-12-22 17:48:55,863 DEV : loss 0.27369239926338196 - f1-score (micro avg)  0.9223
2025-12-22 17:48:55,865  - 4 epochs without improvement (above 'patience')-> annealing learning_rate to [0.05]
2025-12-22 17:48:55,866 ----------------------------------------------------------------------------------------------------
2025-12-22 17:48:56,806 epoch 39 - iter 5/59 - loss 0.17461658 - time (sec): 0.94 - samples/sec: 2985.80 - lr: 0.050000 - momentum: 0.000000
2025-12-22 17:48:57,599 epoch 39 - iter 10/59 - loss 0.17330614 - time (sec): 1.73 - samples/sec: 3168.15 - lr: 0.050000 - momentum: 0.000000
2025-12-22 17:48:58,297 epoch 39 - iter 15/59 - loss 0.16375148 - time (sec): 2.43 - samples/sec: 3343.43 - lr: 0.050000 - momentum: 0.000000
2025-12-22 17:48:58,979 epoch 39 - iter 20/59 - loss 0.15731629 - time (sec): 3.11 - samples/sec: 3516.68 - lr: 0.050000 - momentum: 0.000000
2025-12-22 17:48:59,767 epoch 39 - iter 25/59 - loss 0.15678793 - time (sec): 3.90 - samples/sec: 3544.52 - lr: 0.050000 - momentum: 0.000000
2025-12-22 17:49:00,637 epoch 39 - iter 30/59 - loss 0.15936669 - time (sec): 4.77 - samples/sec: 3483.62 - lr: 0.050000 - momentum: 0.000000
2025-12-22 17:49:01,304 epoch 39 - iter 35/59 - loss 0.16165861 - time (sec): 5.44 - samples/sec: 3522.93 - lr: 0.050000 - momentum: 0.000000
2025-12-22 17:49:02,104 epoch 39 - iter 40/59 - loss 0.16278837 - time (sec): 6.24 - samples/sec: 3494.22 - lr: 0.050000 - momentum: 0.000000
2025-12-22 17:49:02,909 epoch 39 - iter 45/59 - loss 0.16364138 - time (sec): 7.04 - samples/sec: 3500.21 - lr: 0.050000 - momentum: 0.000000
2025-12-22 17:49:03,676 epoch 39 - iter 50/59 - loss 0.16408248 - time (sec): 7.81 - samples/sec: 3485.58 - lr: 0.050000 - momentum: 0.000000
2025-12-22 17:49:04,403 epoch 39 - iter 55/59 - loss 0.16442670 - time (sec): 8.54 - samples/sec: 3491.12 - lr: 0.050000 - momentum: 0.000000
2025-12-22 17:49:04,963 ----------------------------------------------------------------------------------------------------
2025-12-22 17:49:04,963 EPOCH 39 done: loss 0.1655 - lr: 0.050000
2025-12-22 17:49:06,048 DEV : loss 0.2574053108692169 - f1-score (micro avg)  0.9288
2025-12-22 17:49:06,050  - 0 epochs without improvement
2025-12-22 17:49:06,051 saving best model
2025-12-22 17:49:06,068 ----------------------------------------------------------------------------------------------------
2025-12-22 17:49:06,987 epoch 40 - iter 5/59 - loss 0.15467932 - time (sec): 0.92 - samples/sec: 3029.12 - lr: 0.050000 - momentum: 0.000000
2025-12-22 17:49:07,672 epoch 40 - iter 10/59 - loss 0.15249168 - time (sec): 1.60 - samples/sec: 3484.87 - lr: 0.050000 - momentum: 0.000000
2025-12-22 17:49:08,888 epoch 40 - iter 15/59 - loss 0.15620581 - time (sec): 2.82 - samples/sec: 2998.54 - lr: 0.050000 - momentum: 0.000000
2025-12-22 17:49:09,654 epoch 40 - iter 20/59 - loss 0.15914221 - time (sec): 3.59 - samples/sec: 3095.94 - lr: 0.050000 - momentum: 0.000000
2025-12-22 17:49:10,362 epoch 40 - iter 25/59 - loss 0.15765546 - time (sec): 4.29 - samples/sec: 3177.33 - lr: 0.050000 - momentum: 0.000000
2025-12-22 17:49:11,024 epoch 40 - iter 30/59 - loss 0.15659738 - time (sec): 4.95 - samples/sec: 3309.41 - lr: 0.050000 - momentum: 0.000000
2025-12-22 17:49:11,699 epoch 40 - iter 35/59 - loss 0.15699405 - time (sec): 5.63 - samples/sec: 3380.99 - lr: 0.050000 - momentum: 0.000000
2025-12-22 17:49:12,474 epoch 40 - iter 40/59 - loss 0.15845806 - time (sec): 6.41 - samples/sec: 3428.95 - lr: 0.050000 - momentum: 0.000000
2025-12-22 17:49:13,200 epoch 40 - iter 45/59 - loss 0.15799579 - time (sec): 7.13 - samples/sec: 3463.57 - lr: 0.050000 - momentum: 0.000000
2025-12-22 17:49:13,967 epoch 40 - iter 50/59 - loss 0.15614269 - time (sec): 7.90 - samples/sec: 3469.54 - lr: 0.050000 - momentum: 0.000000
2025-12-22 17:49:14,683 epoch 40 - iter 55/59 - loss 0.15840018 - time (sec): 8.61 - samples/sec: 3471.94 - lr: 0.050000 - momentum: 0.000000
2025-12-22 17:49:15,256 ----------------------------------------------------------------------------------------------------
2025-12-22 17:49:15,257 EPOCH 40 done: loss 0.1598 - lr: 0.050000
2025-12-22 17:49:16,017 DEV : loss 0.26512885093688965 - f1-score (micro avg)  0.9258
2025-12-22 17:49:16,019  - 1 epochs without improvement
2025-12-22 17:49:16,020 ----------------------------------------------------------------------------------------------------
2025-12-22 17:49:16,811 epoch 41 - iter 5/59 - loss 0.14265826 - time (sec): 0.79 - samples/sec: 3395.99 - lr: 0.050000 - momentum: 0.000000
2025-12-22 17:49:17,507 epoch 41 - iter 10/59 - loss 0.14677785 - time (sec): 1.49 - samples/sec: 3488.55 - lr: 0.050000 - momentum: 0.000000
2025-12-22 17:49:18,263 epoch 41 - iter 15/59 - loss 0.14960307 - time (sec): 2.24 - samples/sec: 3599.69 - lr: 0.050000 - momentum: 0.000000
2025-12-22 17:49:19,074 epoch 41 - iter 20/59 - loss 0.14907269 - time (sec): 3.05 - samples/sec: 3510.49 - lr: 0.050000 - momentum: 0.000000
2025-12-22 17:49:19,769 epoch 41 - iter 25/59 - loss 0.15422707 - time (sec): 3.75 - samples/sec: 3589.77 - lr: 0.050000 - momentum: 0.000000
2025-12-22 17:49:20,616 epoch 41 - iter 30/59 - loss 0.15843487 - time (sec): 4.60 - samples/sec: 3515.12 - lr: 0.050000 - momentum: 0.000000
2025-12-22 17:49:21,321 epoch 41 - iter 35/59 - loss 0.15940425 - time (sec): 5.30 - samples/sec: 3548.19 - lr: 0.050000 - momentum: 0.000000
2025-12-22 17:49:22,016 epoch 41 - iter 40/59 - loss 0.16083923 - time (sec): 6.00 - samples/sec: 3566.36 - lr: 0.050000 - momentum: 0.000000
2025-12-22 17:49:22,772 epoch 41 - iter 45/59 - loss 0.16063979 - time (sec): 6.75 - samples/sec: 3586.66 - lr: 0.050000 - momentum: 0.000000
2025-12-22 17:49:23,433 epoch 41 - iter 50/59 - loss 0.16221906 - time (sec): 7.41 - samples/sec: 3632.25 - lr: 0.050000 - momentum: 0.000000
2025-12-22 17:49:24,161 epoch 41 - iter 55/59 - loss 0.15962418 - time (sec): 8.14 - samples/sec: 3640.39 - lr: 0.050000 - momentum: 0.000000
2025-12-22 17:49:24,712 ----------------------------------------------------------------------------------------------------
2025-12-22 17:49:24,713 EPOCH 41 done: loss 0.1592 - lr: 0.050000
2025-12-22 17:49:25,488 DEV : loss 0.264384925365448 - f1-score (micro avg)  0.9279
2025-12-22 17:49:25,490  - 2 epochs without improvement
2025-12-22 17:49:25,490 ----------------------------------------------------------------------------------------------------
2025-12-22 17:49:26,325 epoch 42 - iter 5/59 - loss 0.13871906 - time (sec): 0.83 - samples/sec: 3251.10 - lr: 0.050000 - momentum: 0.000000
2025-12-22 17:49:27,083 epoch 42 - iter 10/59 - loss 0.13663764 - time (sec): 1.59 - samples/sec: 3466.70 - lr: 0.050000 - momentum: 0.000000
2025-12-22 17:49:27,810 epoch 42 - iter 15/59 - loss 0.14037751 - time (sec): 2.32 - samples/sec: 3523.69 - lr: 0.050000 - momentum: 0.000000
2025-12-22 17:49:28,573 epoch 42 - iter 20/59 - loss 0.14711449 - time (sec): 3.08 - samples/sec: 3546.28 - lr: 0.050000 - momentum: 0.000000
2025-12-22 17:49:29,238 epoch 42 - iter 25/59 - loss 0.14548759 - time (sec): 3.75 - samples/sec: 3627.60 - lr: 0.050000 - momentum: 0.000000
2025-12-22 17:49:30,091 epoch 42 - iter 30/59 - loss 0.14983362 - time (sec): 4.60 - samples/sec: 3547.68 - lr: 0.050000 - momentum: 0.000000
2025-12-22 17:49:30,829 epoch 42 - iter 35/59 - loss 0.14751854 - time (sec): 5.34 - samples/sec: 3582.03 - lr: 0.050000 - momentum: 0.000000
2025-12-22 17:49:31,481 epoch 42 - iter 40/59 - loss 0.14832629 - time (sec): 5.99 - samples/sec: 3609.96 - lr: 0.050000 - momentum: 0.000000
2025-12-22 17:49:32,090 epoch 42 - iter 45/59 - loss 0.15011256 - time (sec): 6.60 - samples/sec: 3664.30 - lr: 0.050000 - momentum: 0.000000
2025-12-22 17:49:32,856 epoch 42 - iter 50/59 - loss 0.15311436 - time (sec): 7.36 - samples/sec: 3659.16 - lr: 0.050000 - momentum: 0.000000
2025-12-22 17:49:33,728 epoch 42 - iter 55/59 - loss 0.15223268 - time (sec): 8.24 - samples/sec: 3599.65 - lr: 0.050000 - momentum: 0.000000
2025-12-22 17:49:34,307 ----------------------------------------------------------------------------------------------------
2025-12-22 17:49:34,308 EPOCH 42 done: loss 0.1530 - lr: 0.050000
2025-12-22 17:49:35,453 DEV : loss 0.2586232125759125 - f1-score (micro avg)  0.9277
2025-12-22 17:49:35,455  - 3 epochs without improvement
2025-12-22 17:49:35,456 ----------------------------------------------------------------------------------------------------
2025-12-22 17:49:36,388 epoch 43 - iter 5/59 - loss 0.14248961 - time (sec): 0.93 - samples/sec: 3024.63 - lr: 0.050000 - momentum: 0.000000
2025-12-22 17:49:37,221 epoch 43 - iter 10/59 - loss 0.14516302 - time (sec): 1.77 - samples/sec: 3219.57 - lr: 0.050000 - momentum: 0.000000
2025-12-22 17:49:38,159 epoch 43 - iter 15/59 - loss 0.15232713 - time (sec): 2.70 - samples/sec: 3096.86 - lr: 0.050000 - momentum: 0.000000
2025-12-22 17:49:38,891 epoch 43 - iter 20/59 - loss 0.15234428 - time (sec): 3.44 - samples/sec: 3223.53 - lr: 0.050000 - momentum: 0.000000
2025-12-22 17:49:39,528 epoch 43 - iter 25/59 - loss 0.15130015 - time (sec): 4.07 - samples/sec: 3382.73 - lr: 0.050000 - momentum: 0.000000
2025-12-22 17:49:40,333 epoch 43 - iter 30/59 - loss 0.15110987 - time (sec): 4.88 - samples/sec: 3389.19 - lr: 0.050000 - momentum: 0.000000
2025-12-22 17:49:40,945 epoch 43 - iter 35/59 - loss 0.15265047 - time (sec): 5.49 - samples/sec: 3485.80 - lr: 0.050000 - momentum: 0.000000
2025-12-22 17:49:41,596 epoch 43 - iter 40/59 - loss 0.15129392 - time (sec): 6.14 - samples/sec: 3522.08 - lr: 0.050000 - momentum: 0.000000
2025-12-22 17:49:42,508 epoch 43 - iter 45/59 - loss 0.15089060 - time (sec): 7.05 - samples/sec: 3488.66 - lr: 0.050000 - momentum: 0.000000
2025-12-22 17:49:43,732 epoch 43 - iter 50/59 - loss 0.15070453 - time (sec): 8.28 - samples/sec: 3298.57 - lr: 0.050000 - momentum: 0.000000
2025-12-22 17:49:44,438 epoch 43 - iter 55/59 - loss 0.15104479 - time (sec): 8.98 - samples/sec: 3326.97 - lr: 0.050000 - momentum: 0.000000
2025-12-22 17:49:44,845 ----------------------------------------------------------------------------------------------------
2025-12-22 17:49:44,846 EPOCH 43 done: loss 0.1508 - lr: 0.050000
2025-12-22 17:49:45,630 DEV : loss 0.25789085030555725 - f1-score (micro avg)  0.9286
2025-12-22 17:49:45,632  - 4 epochs without improvement (above 'patience')-> annealing learning_rate to [0.025]
2025-12-22 17:49:45,633 ----------------------------------------------------------------------------------------------------
2025-12-22 17:49:46,371 epoch 44 - iter 5/59 - loss 0.13512428 - time (sec): 0.74 - samples/sec: 3654.74 - lr: 0.025000 - momentum: 0.000000
2025-12-22 17:49:47,045 epoch 44 - iter 10/59 - loss 0.14355302 - time (sec): 1.41 - samples/sec: 3727.10 - lr: 0.025000 - momentum: 0.000000
2025-12-22 17:49:47,736 epoch 44 - iter 15/59 - loss 0.14168743 - time (sec): 2.10 - samples/sec: 3795.53 - lr: 0.025000 - momentum: 0.000000
2025-12-22 17:49:48,432 epoch 44 - iter 20/59 - loss 0.14049360 - time (sec): 2.80 - samples/sec: 3767.42 - lr: 0.025000 - momentum: 0.000000
2025-12-22 17:49:49,125 epoch 44 - iter 25/59 - loss 0.14120238 - time (sec): 3.49 - samples/sec: 3809.12 - lr: 0.025000 - momentum: 0.000000
2025-12-22 17:49:49,860 epoch 44 - iter 30/59 - loss 0.14251254 - time (sec): 4.23 - samples/sec: 3746.57 - lr: 0.025000 - momentum: 0.000000
2025-12-22 17:49:50,471 epoch 44 - iter 35/59 - loss 0.14165603 - time (sec): 4.84 - samples/sec: 3798.69 - lr: 0.025000 - momentum: 0.000000
2025-12-22 17:49:51,433 epoch 44 - iter 40/59 - loss 0.14024778 - time (sec): 5.80 - samples/sec: 3678.93 - lr: 0.025000 - momentum: 0.000000
2025-12-22 17:49:52,320 epoch 44 - iter 45/59 - loss 0.14003984 - time (sec): 6.69 - samples/sec: 3607.68 - lr: 0.025000 - momentum: 0.000000
2025-12-22 17:49:53,092 epoch 44 - iter 50/59 - loss 0.14186696 - time (sec): 7.46 - samples/sec: 3590.66 - lr: 0.025000 - momentum: 0.000000
2025-12-22 17:49:53,903 epoch 44 - iter 55/59 - loss 0.14390458 - time (sec): 8.27 - samples/sec: 3593.24 - lr: 0.025000 - momentum: 0.000000
2025-12-22 17:49:54,477 ----------------------------------------------------------------------------------------------------
2025-12-22 17:49:54,478 EPOCH 44 done: loss 0.1441 - lr: 0.025000
2025-12-22 17:49:55,232 DEV : loss 0.2606448233127594 - f1-score (micro avg)  0.9276
2025-12-22 17:49:55,234  - 1 epochs without improvement
2025-12-22 17:49:55,234 ----------------------------------------------------------------------------------------------------
2025-12-22 17:49:55,853 epoch 45 - iter 5/59 - loss 0.12334950 - time (sec): 0.62 - samples/sec: 4069.60 - lr: 0.025000 - momentum: 0.000000
2025-12-22 17:49:56,565 epoch 45 - iter 10/59 - loss 0.13301910 - time (sec): 1.33 - samples/sec: 3870.26 - lr: 0.025000 - momentum: 0.000000
2025-12-22 17:49:57,362 epoch 45 - iter 15/59 - loss 0.13506591 - time (sec): 2.13 - samples/sec: 3698.57 - lr: 0.025000 - momentum: 0.000000
2025-12-22 17:49:58,109 epoch 45 - iter 20/59 - loss 0.13678408 - time (sec): 2.87 - samples/sec: 3705.29 - lr: 0.025000 - momentum: 0.000000
2025-12-22 17:49:58,840 epoch 45 - iter 25/59 - loss 0.13895802 - time (sec): 3.61 - samples/sec: 3693.40 - lr: 0.025000 - momentum: 0.000000
2025-12-22 17:49:59,584 epoch 45 - iter 30/59 - loss 0.14102168 - time (sec): 4.35 - samples/sec: 3736.88 - lr: 0.025000 - momentum: 0.000000
2025-12-22 17:50:00,322 epoch 45 - iter 35/59 - loss 0.14010803 - time (sec): 5.09 - samples/sec: 3710.30 - lr: 0.025000 - momentum: 0.000000
2025-12-22 17:50:01,098 epoch 45 - iter 40/59 - loss 0.14092315 - time (sec): 5.86 - samples/sec: 3669.89 - lr: 0.025000 - momentum: 0.000000
2025-12-22 17:50:01,899 epoch 45 - iter 45/59 - loss 0.14120771 - time (sec): 6.66 - samples/sec: 3659.07 - lr: 0.025000 - momentum: 0.000000
2025-12-22 17:50:02,683 epoch 45 - iter 50/59 - loss 0.14196992 - time (sec): 7.45 - samples/sec: 3646.58 - lr: 0.025000 - momentum: 0.000000
2025-12-22 17:50:03,448 epoch 45 - iter 55/59 - loss 0.14051066 - time (sec): 8.21 - samples/sec: 3632.12 - lr: 0.025000 - momentum: 0.000000
2025-12-22 17:50:03,925 ----------------------------------------------------------------------------------------------------
2025-12-22 17:50:03,925 EPOCH 45 done: loss 0.1417 - lr: 0.025000
2025-12-22 17:50:04,936 DEV : loss 0.26453983783721924 - f1-score (micro avg)  0.9275
2025-12-22 17:50:04,938  - 2 epochs without improvement
2025-12-22 17:50:04,938 ----------------------------------------------------------------------------------------------------
2025-12-22 17:50:05,643 epoch 46 - iter 5/59 - loss 0.13942305 - time (sec): 0.70 - samples/sec: 3712.81 - lr: 0.025000 - momentum: 0.000000
2025-12-22 17:50:06,540 epoch 46 - iter 10/59 - loss 0.14399747 - time (sec): 1.60 - samples/sec: 3450.24 - lr: 0.025000 - momentum: 0.000000
2025-12-22 17:50:07,264 epoch 46 - iter 15/59 - loss 0.14452140 - time (sec): 2.33 - samples/sec: 3517.98 - lr: 0.025000 - momentum: 0.000000
2025-12-22 17:50:08,051 epoch 46 - iter 20/59 - loss 0.14702784 - time (sec): 3.11 - samples/sec: 3521.93 - lr: 0.025000 - momentum: 0.000000
2025-12-22 17:50:08,868 epoch 46 - iter 25/59 - loss 0.14396293 - time (sec): 3.93 - samples/sec: 3476.29 - lr: 0.025000 - momentum: 0.000000
2025-12-22 17:50:09,515 epoch 46 - iter 30/59 - loss 0.14641391 - time (sec): 4.58 - samples/sec: 3533.52 - lr: 0.025000 - momentum: 0.000000
2025-12-22 17:50:10,241 epoch 46 - iter 35/59 - loss 0.14652793 - time (sec): 5.30 - samples/sec: 3564.37 - lr: 0.025000 - momentum: 0.000000
2025-12-22 17:50:11,017 epoch 46 - iter 40/59 - loss 0.14683538 - time (sec): 6.08 - samples/sec: 3558.49 - lr: 0.025000 - momentum: 0.000000
2025-12-22 17:50:11,713 epoch 46 - iter 45/59 - loss 0.14772870 - time (sec): 6.77 - samples/sec: 3577.18 - lr: 0.025000 - momentum: 0.000000
2025-12-22 17:50:12,475 epoch 46 - iter 50/59 - loss 0.14850279 - time (sec): 7.54 - samples/sec: 3580.27 - lr: 0.025000 - momentum: 0.000000
2025-12-22 17:50:13,234 epoch 46 - iter 55/59 - loss 0.14939455 - time (sec): 8.30 - samples/sec: 3575.50 - lr: 0.025000 - momentum: 0.000000
2025-12-22 17:50:13,748 ----------------------------------------------------------------------------------------------------
2025-12-22 17:50:13,748 EPOCH 46 done: loss 0.1482 - lr: 0.025000
2025-12-22 17:50:14,523 DEV : loss 0.26013901829719543 - f1-score (micro avg)  0.9292
2025-12-22 17:50:14,527  - 0 epochs without improvement
2025-12-22 17:50:14,527 saving best model
2025-12-22 17:50:14,545 ----------------------------------------------------------------------------------------------------
2025-12-22 17:50:15,268 epoch 47 - iter 5/59 - loss 0.16069849 - time (sec): 0.72 - samples/sec: 3782.70 - lr: 0.025000 - momentum: 0.000000
2025-12-22 17:50:15,995 epoch 47 - iter 10/59 - loss 0.14976532 - time (sec): 1.45 - samples/sec: 3603.20 - lr: 0.025000 - momentum: 0.000000
2025-12-22 17:50:16,679 epoch 47 - iter 15/59 - loss 0.14574161 - time (sec): 2.13 - samples/sec: 3761.61 - lr: 0.025000 - momentum: 0.000000
2025-12-22 17:50:17,346 epoch 47 - iter 20/59 - loss 0.14727006 - time (sec): 2.80 - samples/sec: 3809.87 - lr: 0.025000 - momentum: 0.000000
2025-12-22 17:50:18,117 epoch 47 - iter 25/59 - loss 0.14930475 - time (sec): 3.57 - samples/sec: 3787.31 - lr: 0.025000 - momentum: 0.000000
2025-12-22 17:50:18,791 epoch 47 - iter 30/59 - loss 0.14663733 - time (sec): 4.25 - samples/sec: 3796.79 - lr: 0.025000 - momentum: 0.000000
2025-12-22 17:50:19,626 epoch 47 - iter 35/59 - loss 0.14478156 - time (sec): 5.08 - samples/sec: 3684.76 - lr: 0.025000 - momentum: 0.000000
2025-12-22 17:50:20,383 epoch 47 - iter 40/59 - loss 0.14162412 - time (sec): 5.84 - samples/sec: 3714.46 - lr: 0.025000 - momentum: 0.000000
2025-12-22 17:50:21,013 epoch 47 - iter 45/59 - loss 0.14234842 - time (sec): 6.47 - samples/sec: 3765.68 - lr: 0.025000 - momentum: 0.000000
2025-12-22 17:50:21,909 epoch 47 - iter 50/59 - loss 0.14115141 - time (sec): 7.36 - samples/sec: 3683.71 - lr: 0.025000 - momentum: 0.000000
2025-12-22 17:50:22,654 epoch 47 - iter 55/59 - loss 0.13938162 - time (sec): 8.11 - samples/sec: 3688.81 - lr: 0.025000 - momentum: 0.000000
2025-12-22 17:50:23,140 ----------------------------------------------------------------------------------------------------
2025-12-22 17:50:23,140 EPOCH 47 done: loss 0.1392 - lr: 0.025000
2025-12-22 17:50:23,874 DEV : loss 0.2629554569721222 - f1-score (micro avg)  0.9293
2025-12-22 17:50:23,875  - 0 epochs without improvement
2025-12-22 17:50:23,876 saving best model
2025-12-22 17:50:23,895 ----------------------------------------------------------------------------------------------------
2025-12-22 17:50:24,591 epoch 48 - iter 5/59 - loss 0.13954270 - time (sec): 0.70 - samples/sec: 3749.65 - lr: 0.025000 - momentum: 0.000000
2025-12-22 17:50:25,330 epoch 48 - iter 10/59 - loss 0.13552868 - time (sec): 1.43 - samples/sec: 3734.61 - lr: 0.025000 - momentum: 0.000000
2025-12-22 17:50:26,121 epoch 48 - iter 15/59 - loss 0.13817535 - time (sec): 2.23 - samples/sec: 3648.26 - lr: 0.025000 - momentum: 0.000000
2025-12-22 17:50:26,792 epoch 48 - iter 20/59 - loss 0.13979340 - time (sec): 2.90 - samples/sec: 3719.38 - lr: 0.025000 - momentum: 0.000000
2025-12-22 17:50:27,483 epoch 48 - iter 25/59 - loss 0.14570696 - time (sec): 3.59 - samples/sec: 3743.74 - lr: 0.025000 - momentum: 0.000000
2025-12-22 17:50:28,201 epoch 48 - iter 30/59 - loss 0.14527958 - time (sec): 4.31 - samples/sec: 3768.16 - lr: 0.025000 - momentum: 0.000000
2025-12-22 17:50:28,853 epoch 48 - iter 35/59 - loss 0.14542113 - time (sec): 4.96 - samples/sec: 3755.94 - lr: 0.025000 - momentum: 0.000000
2025-12-22 17:50:29,660 epoch 48 - iter 40/59 - loss 0.14538851 - time (sec): 5.76 - samples/sec: 3746.27 - lr: 0.025000 - momentum: 0.000000
2025-12-22 17:50:30,704 epoch 48 - iter 45/59 - loss 0.14392064 - time (sec): 6.81 - samples/sec: 3578.43 - lr: 0.025000 - momentum: 0.000000
2025-12-22 17:50:31,541 epoch 48 - iter 50/59 - loss 0.14409545 - time (sec): 7.65 - samples/sec: 3531.67 - lr: 0.025000 - momentum: 0.000000
2025-12-22 17:50:32,320 epoch 48 - iter 55/59 - loss 0.14331518 - time (sec): 8.42 - samples/sec: 3533.36 - lr: 0.025000 - momentum: 0.000000
2025-12-22 17:50:32,753 ----------------------------------------------------------------------------------------------------
2025-12-22 17:50:32,753 EPOCH 48 done: loss 0.1432 - lr: 0.025000
2025-12-22 17:50:33,652 DEV : loss 0.265812486410141 - f1-score (micro avg)  0.9282
2025-12-22 17:50:33,661  - 1 epochs without improvement
2025-12-22 17:50:33,661 ----------------------------------------------------------------------------------------------------
2025-12-22 17:50:34,442 epoch 49 - iter 5/59 - loss 0.14195532 - time (sec): 0.78 - samples/sec: 3812.30 - lr: 0.025000 - momentum: 0.000000
2025-12-22 17:50:35,184 epoch 49 - iter 10/59 - loss 0.13893113 - time (sec): 1.52 - samples/sec: 3767.65 - lr: 0.025000 - momentum: 0.000000
2025-12-22 17:50:35,890 epoch 49 - iter 15/59 - loss 0.13605980 - time (sec): 2.23 - samples/sec: 3789.68 - lr: 0.025000 - momentum: 0.000000
2025-12-22 17:50:36,518 epoch 49 - iter 20/59 - loss 0.13570497 - time (sec): 2.86 - samples/sec: 3831.36 - lr: 0.025000 - momentum: 0.000000
2025-12-22 17:50:37,366 epoch 49 - iter 25/59 - loss 0.13208264 - time (sec): 3.70 - samples/sec: 3726.25 - lr: 0.025000 - momentum: 0.000000
2025-12-22 17:50:38,203 epoch 49 - iter 30/59 - loss 0.13389692 - time (sec): 4.54 - samples/sec: 3621.48 - lr: 0.025000 - momentum: 0.000000
2025-12-22 17:50:38,845 epoch 49 - iter 35/59 - loss 0.13253025 - time (sec): 5.18 - samples/sec: 3662.82 - lr: 0.025000 - momentum: 0.000000
2025-12-22 17:50:39,679 epoch 49 - iter 40/59 - loss 0.13208061 - time (sec): 6.02 - samples/sec: 3605.24 - lr: 0.025000 - momentum: 0.000000
2025-12-22 17:50:40,402 epoch 49 - iter 45/59 - loss 0.13395514 - time (sec): 6.74 - samples/sec: 3616.27 - lr: 0.025000 - momentum: 0.000000
2025-12-22 17:50:41,251 epoch 49 - iter 50/59 - loss 0.13557443 - time (sec): 7.59 - samples/sec: 3581.39 - lr: 0.025000 - momentum: 0.000000
2025-12-22 17:50:41,945 epoch 49 - iter 55/59 - loss 0.13605399 - time (sec): 8.28 - samples/sec: 3608.45 - lr: 0.025000 - momentum: 0.000000
2025-12-22 17:50:42,424 ----------------------------------------------------------------------------------------------------
2025-12-22 17:50:42,424 EPOCH 49 done: loss 0.1356 - lr: 0.025000
2025-12-22 17:50:43,206 DEV : loss 0.2615881860256195 - f1-score (micro avg)  0.9308
2025-12-22 17:50:43,208  - 0 epochs without improvement
2025-12-22 17:50:43,209 saving best model
2025-12-22 17:50:43,226 ----------------------------------------------------------------------------------------------------
2025-12-22 17:50:43,871 epoch 50 - iter 5/59 - loss 0.14257367 - time (sec): 0.64 - samples/sec: 3573.52 - lr: 0.025000 - momentum: 0.000000
2025-12-22 17:50:44,613 epoch 50 - iter 10/59 - loss 0.14518352 - time (sec): 1.39 - samples/sec: 3437.86 - lr: 0.025000 - momentum: 0.000000
2025-12-22 17:50:45,434 epoch 50 - iter 15/59 - loss 0.13611742 - time (sec): 2.21 - samples/sec: 3438.23 - lr: 0.025000 - momentum: 0.000000
2025-12-22 17:50:46,205 epoch 50 - iter 20/59 - loss 0.13462285 - time (sec): 2.98 - samples/sec: 3455.47 - lr: 0.025000 - momentum: 0.000000
2025-12-22 17:50:46,971 epoch 50 - iter 25/59 - loss 0.13719816 - time (sec): 3.75 - samples/sec: 3483.44 - lr: 0.025000 - momentum: 0.000000
2025-12-22 17:50:47,755 epoch 50 - iter 30/59 - loss 0.13538453 - time (sec): 4.53 - samples/sec: 3482.96 - lr: 0.025000 - momentum: 0.000000
2025-12-22 17:50:48,470 epoch 50 - iter 35/59 - loss 0.13276963 - time (sec): 5.24 - samples/sec: 3559.62 - lr: 0.025000 - momentum: 0.000000
2025-12-22 17:50:49,177 epoch 50 - iter 40/59 - loss 0.13513240 - time (sec): 5.95 - samples/sec: 3602.00 - lr: 0.025000 - momentum: 0.000000
2025-12-22 17:50:49,914 epoch 50 - iter 45/59 - loss 0.13657447 - time (sec): 6.69 - samples/sec: 3615.33 - lr: 0.025000 - momentum: 0.000000
2025-12-22 17:50:50,610 epoch 50 - iter 50/59 - loss 0.13645560 - time (sec): 7.38 - samples/sec: 3615.11 - lr: 0.025000 - momentum: 0.000000
2025-12-22 17:50:51,410 epoch 50 - iter 55/59 - loss 0.13886887 - time (sec): 8.18 - samples/sec: 3605.97 - lr: 0.025000 - momentum: 0.000000
2025-12-22 17:50:51,996 ----------------------------------------------------------------------------------------------------
2025-12-22 17:50:51,996 EPOCH 50 done: loss 0.1392 - lr: 0.025000
2025-12-22 17:50:53,015 DEV : loss 0.2681492865085602 - f1-score (micro avg)  0.9267
2025-12-22 17:50:53,016  - 1 epochs without improvement
2025-12-22 17:50:53,017 ----------------------------------------------------------------------------------------------------
2025-12-22 17:50:53,779 epoch 51 - iter 5/59 - loss 0.12621975 - time (sec): 0.76 - samples/sec: 3697.14 - lr: 0.025000 - momentum: 0.000000
2025-12-22 17:50:54,481 epoch 51 - iter 10/59 - loss 0.13129342 - time (sec): 1.46 - samples/sec: 3615.90 - lr: 0.025000 - momentum: 0.000000
2025-12-22 17:50:55,396 epoch 51 - iter 15/59 - loss 0.13043525 - time (sec): 2.38 - samples/sec: 3455.80 - lr: 0.025000 - momentum: 0.000000
2025-12-22 17:50:55,999 epoch 51 - iter 20/59 - loss 0.13445299 - time (sec): 2.98 - samples/sec: 3629.38 - lr: 0.025000 - momentum: 0.000000
2025-12-22 17:50:56,810 epoch 51 - iter 25/59 - loss 0.13686183 - time (sec): 3.79 - samples/sec: 3544.83 - lr: 0.025000 - momentum: 0.000000
2025-12-22 17:50:57,459 epoch 51 - iter 30/59 - loss 0.13933466 - time (sec): 4.44 - samples/sec: 3610.79 - lr: 0.025000 - momentum: 0.000000
2025-12-22 17:50:58,174 epoch 51 - iter 35/59 - loss 0.13815495 - time (sec): 5.16 - samples/sec: 3632.61 - lr: 0.025000 - momentum: 0.000000
2025-12-22 17:50:59,046 epoch 51 - iter 40/59 - loss 0.13503201 - time (sec): 6.03 - samples/sec: 3569.49 - lr: 0.025000 - momentum: 0.000000
2025-12-22 17:50:59,844 epoch 51 - iter 45/59 - loss 0.13379596 - time (sec): 6.83 - samples/sec: 3567.36 - lr: 0.025000 - momentum: 0.000000
2025-12-22 17:51:00,591 epoch 51 - iter 50/59 - loss 0.13378119 - time (sec): 7.57 - samples/sec: 3562.88 - lr: 0.025000 - momentum: 0.000000
2025-12-22 17:51:01,489 epoch 51 - iter 55/59 - loss 0.13428082 - time (sec): 8.47 - samples/sec: 3517.99 - lr: 0.025000 - momentum: 0.000000
2025-12-22 17:51:02,027 ----------------------------------------------------------------------------------------------------
2025-12-22 17:51:02,027 EPOCH 51 done: loss 0.1347 - lr: 0.025000
2025-12-22 17:51:02,834 DEV : loss 0.2639962136745453 - f1-score (micro avg)  0.9284
2025-12-22 17:51:02,836  - 2 epochs without improvement
2025-12-22 17:51:02,837 ----------------------------------------------------------------------------------------------------
2025-12-22 17:51:03,634 epoch 52 - iter 5/59 - loss 0.14432171 - time (sec): 0.80 - samples/sec: 3495.25 - lr: 0.025000 - momentum: 0.000000
2025-12-22 17:51:04,453 epoch 52 - iter 10/59 - loss 0.14696395 - time (sec): 1.62 - samples/sec: 3400.70 - lr: 0.025000 - momentum: 0.000000
2025-12-22 17:51:05,075 epoch 52 - iter 15/59 - loss 0.14257971 - time (sec): 2.24 - samples/sec: 3585.40 - lr: 0.025000 - momentum: 0.000000
2025-12-22 17:51:05,772 epoch 52 - iter 20/59 - loss 0.13577637 - time (sec): 2.93 - samples/sec: 3635.46 - lr: 0.025000 - momentum: 0.000000
2025-12-22 17:51:06,564 epoch 52 - iter 25/59 - loss 0.13602224 - time (sec): 3.73 - samples/sec: 3543.10 - lr: 0.025000 - momentum: 0.000000
2025-12-22 17:51:07,265 epoch 52 - iter 30/59 - loss 0.13946183 - time (sec): 4.43 - samples/sec: 3567.77 - lr: 0.025000 - momentum: 0.000000
2025-12-22 17:51:08,048 epoch 52 - iter 35/59 - loss 0.14007992 - time (sec): 5.21 - samples/sec: 3560.01 - lr: 0.025000 - momentum: 0.000000
2025-12-22 17:51:08,877 epoch 52 - iter 40/59 - loss 0.14148702 - time (sec): 6.04 - samples/sec: 3535.85 - lr: 0.025000 - momentum: 0.000000
2025-12-22 17:51:09,728 epoch 52 - iter 45/59 - loss 0.14124681 - time (sec): 6.89 - samples/sec: 3500.32 - lr: 0.025000 - momentum: 0.000000
2025-12-22 17:51:10,548 epoch 52 - iter 50/59 - loss 0.14256579 - time (sec): 7.71 - samples/sec: 3496.42 - lr: 0.025000 - momentum: 0.000000
2025-12-22 17:51:11,239 epoch 52 - iter 55/59 - loss 0.14309123 - time (sec): 8.40 - samples/sec: 3530.91 - lr: 0.025000 - momentum: 0.000000
2025-12-22 17:51:11,739 ----------------------------------------------------------------------------------------------------
2025-12-22 17:51:11,739 EPOCH 52 done: loss 0.1449 - lr: 0.025000
2025-12-22 17:51:12,552 DEV : loss 0.26790183782577515 - f1-score (micro avg)  0.928
2025-12-22 17:51:12,554  - 3 epochs without improvement
2025-12-22 17:51:12,554 ----------------------------------------------------------------------------------------------------
2025-12-22 17:51:13,258 epoch 53 - iter 5/59 - loss 0.12485886 - time (sec): 0.70 - samples/sec: 3648.97 - lr: 0.025000 - momentum: 0.000000
2025-12-22 17:51:13,963 epoch 53 - iter 10/59 - loss 0.13568508 - time (sec): 1.41 - samples/sec: 3666.78 - lr: 0.025000 - momentum: 0.000000
2025-12-22 17:51:15,073 epoch 53 - iter 15/59 - loss 0.13993087 - time (sec): 2.52 - samples/sec: 3146.81 - lr: 0.025000 - momentum: 0.000000
2025-12-22 17:51:15,787 epoch 53 - iter 20/59 - loss 0.13760534 - time (sec): 3.23 - samples/sec: 3273.73 - lr: 0.025000 - momentum: 0.000000
2025-12-22 17:51:16,538 epoch 53 - iter 25/59 - loss 0.13790147 - time (sec): 3.98 - samples/sec: 3348.57 - lr: 0.025000 - momentum: 0.000000
2025-12-22 17:51:17,337 epoch 53 - iter 30/59 - loss 0.14062579 - time (sec): 4.78 - samples/sec: 3361.51 - lr: 0.025000 - momentum: 0.000000
2025-12-22 17:51:18,250 epoch 53 - iter 35/59 - loss 0.13909670 - time (sec): 5.70 - samples/sec: 3310.14 - lr: 0.025000 - momentum: 0.000000
2025-12-22 17:51:19,094 epoch 53 - iter 40/59 - loss 0.13733369 - time (sec): 6.54 - samples/sec: 3290.13 - lr: 0.025000 - momentum: 0.000000
2025-12-22 17:51:19,944 epoch 53 - iter 45/59 - loss 0.13563531 - time (sec): 7.39 - samples/sec: 3290.67 - lr: 0.025000 - momentum: 0.000000
2025-12-22 17:51:20,554 epoch 53 - iter 50/59 - loss 0.13333752 - time (sec): 8.00 - samples/sec: 3378.90 - lr: 0.025000 - momentum: 0.000000
2025-12-22 17:51:21,298 epoch 53 - iter 55/59 - loss 0.13446531 - time (sec): 8.74 - samples/sec: 3413.93 - lr: 0.025000 - momentum: 0.000000
2025-12-22 17:51:21,760 ----------------------------------------------------------------------------------------------------
2025-12-22 17:51:21,760 EPOCH 53 done: loss 0.1348 - lr: 0.025000
2025-12-22 17:51:22,788 DEV : loss 0.2714229226112366 - f1-score (micro avg)  0.9269
2025-12-22 17:51:22,790  - 4 epochs without improvement (above 'patience')-> annealing learning_rate to [0.0125]
2025-12-22 17:51:22,791 ----------------------------------------------------------------------------------------------------
2025-12-22 17:51:23,436 epoch 54 - iter 5/59 - loss 0.13109646 - time (sec): 0.64 - samples/sec: 3918.05 - lr: 0.012500 - momentum: 0.000000
2025-12-22 17:51:24,353 epoch 54 - iter 10/59 - loss 0.14160456 - time (sec): 1.56 - samples/sec: 3542.82 - lr: 0.012500 - momentum: 0.000000
2025-12-22 17:51:25,124 epoch 54 - iter 15/59 - loss 0.14364361 - time (sec): 2.33 - samples/sec: 3561.48 - lr: 0.012500 - momentum: 0.000000
2025-12-22 17:51:25,974 epoch 54 - iter 20/59 - loss 0.14259208 - time (sec): 3.18 - samples/sec: 3484.34 - lr: 0.012500 - momentum: 0.000000
2025-12-22 17:51:26,688 epoch 54 - iter 25/59 - loss 0.13973350 - time (sec): 3.90 - samples/sec: 3502.79 - lr: 0.012500 - momentum: 0.000000
2025-12-22 17:51:27,382 epoch 54 - iter 30/59 - loss 0.13659104 - time (sec): 4.59 - samples/sec: 3561.76 - lr: 0.012500 - momentum: 0.000000
2025-12-22 17:51:28,207 epoch 54 - iter 35/59 - loss 0.13535503 - time (sec): 5.42 - samples/sec: 3529.38 - lr: 0.012500 - momentum: 0.000000
2025-12-22 17:51:29,072 epoch 54 - iter 40/59 - loss 0.13715889 - time (sec): 6.28 - samples/sec: 3479.83 - lr: 0.012500 - momentum: 0.000000
2025-12-22 17:51:29,796 epoch 54 - iter 45/59 - loss 0.13590697 - time (sec): 7.01 - samples/sec: 3496.06 - lr: 0.012500 - momentum: 0.000000
2025-12-22 17:51:30,515 epoch 54 - iter 50/59 - loss 0.13528296 - time (sec): 7.72 - samples/sec: 3524.68 - lr: 0.012500 - momentum: 0.000000
2025-12-22 17:51:31,200 epoch 54 - iter 55/59 - loss 0.13509508 - time (sec): 8.41 - samples/sec: 3545.50 - lr: 0.012500 - momentum: 0.000000
2025-12-22 17:51:31,672 ----------------------------------------------------------------------------------------------------
2025-12-22 17:51:31,673 EPOCH 54 done: loss 0.1348 - lr: 0.012500
2025-12-22 17:51:32,510 DEV : loss 0.2663504481315613 - f1-score (micro avg)  0.9285
2025-12-22 17:51:32,512  - 1 epochs without improvement
2025-12-22 17:51:32,512 ----------------------------------------------------------------------------------------------------
2025-12-22 17:51:33,368 epoch 55 - iter 5/59 - loss 0.14030335 - time (sec): 0.86 - samples/sec: 3044.79 - lr: 0.012500 - momentum: 0.000000
2025-12-22 17:51:34,264 epoch 55 - iter 10/59 - loss 0.12427631 - time (sec): 1.75 - samples/sec: 3035.10 - lr: 0.012500 - momentum: 0.000000
2025-12-22 17:51:34,968 epoch 55 - iter 15/59 - loss 0.12222494 - time (sec): 2.46 - samples/sec: 3228.81 - lr: 0.012500 - momentum: 0.000000
2025-12-22 17:51:35,636 epoch 55 - iter 20/59 - loss 0.12955056 - time (sec): 3.12 - samples/sec: 3461.30 - lr: 0.012500 - momentum: 0.000000
2025-12-22 17:51:36,469 epoch 55 - iter 25/59 - loss 0.12955558 - time (sec): 3.96 - samples/sec: 3487.63 - lr: 0.012500 - momentum: 0.000000
2025-12-22 17:51:37,362 epoch 55 - iter 30/59 - loss 0.13039971 - time (sec): 4.85 - samples/sec: 3424.49 - lr: 0.012500 - momentum: 0.000000
2025-12-22 17:51:38,011 epoch 55 - iter 35/59 - loss 0.13113385 - time (sec): 5.50 - samples/sec: 3469.73 - lr: 0.012500 - momentum: 0.000000
2025-12-22 17:51:38,787 epoch 55 - iter 40/59 - loss 0.13012128 - time (sec): 6.27 - samples/sec: 3463.60 - lr: 0.012500 - momentum: 0.000000
2025-12-22 17:51:39,614 epoch 55 - iter 45/59 - loss 0.12876449 - time (sec): 7.10 - samples/sec: 3450.44 - lr: 0.012500 - momentum: 0.000000
2025-12-22 17:51:40,421 epoch 55 - iter 50/59 - loss 0.13162173 - time (sec): 7.91 - samples/sec: 3425.64 - lr: 0.012500 - momentum: 0.000000
2025-12-22 17:51:41,061 epoch 55 - iter 55/59 - loss 0.13192473 - time (sec): 8.55 - samples/sec: 3468.53 - lr: 0.012500 - momentum: 0.000000
2025-12-22 17:51:41,543 ----------------------------------------------------------------------------------------------------
2025-12-22 17:51:41,544 EPOCH 55 done: loss 0.1313 - lr: 0.012500
2025-12-22 17:51:42,398 DEV : loss 0.2664104998111725 - f1-score (micro avg)  0.9302
2025-12-22 17:51:42,399  - 2 epochs without improvement
2025-12-22 17:51:42,400 ----------------------------------------------------------------------------------------------------
2025-12-22 17:51:43,107 epoch 56 - iter 5/59 - loss 0.11800344 - time (sec): 0.71 - samples/sec: 4099.64 - lr: 0.012500 - momentum: 0.000000
2025-12-22 17:51:43,755 epoch 56 - iter 10/59 - loss 0.12194318 - time (sec): 1.35 - samples/sec: 4019.71 - lr: 0.012500 - momentum: 0.000000
2025-12-22 17:51:44,508 epoch 56 - iter 15/59 - loss 0.12172098 - time (sec): 2.11 - samples/sec: 3815.16 - lr: 0.012500 - momentum: 0.000000
2025-12-22 17:51:45,378 epoch 56 - iter 20/59 - loss 0.12478432 - time (sec): 2.98 - samples/sec: 3722.62 - lr: 0.012500 - momentum: 0.000000
2025-12-22 17:51:46,119 epoch 56 - iter 25/59 - loss 0.12552641 - time (sec): 3.72 - samples/sec: 3699.11 - lr: 0.012500 - momentum: 0.000000
2025-12-22 17:51:46,797 epoch 56 - iter 30/59 - loss 0.12794805 - time (sec): 4.40 - samples/sec: 3737.26 - lr: 0.012500 - momentum: 0.000000
2025-12-22 17:51:47,580 epoch 56 - iter 35/59 - loss 0.12811338 - time (sec): 5.18 - samples/sec: 3686.31 - lr: 0.012500 - momentum: 0.000000
2025-12-22 17:51:48,297 epoch 56 - iter 40/59 - loss 0.12797497 - time (sec): 5.90 - samples/sec: 3708.68 - lr: 0.012500 - momentum: 0.000000
2025-12-22 17:51:49,029 epoch 56 - iter 45/59 - loss 0.12700090 - time (sec): 6.63 - samples/sec: 3691.44 - lr: 0.012500 - momentum: 0.000000
2025-12-22 17:51:49,735 epoch 56 - iter 50/59 - loss 0.12772318 - time (sec): 7.33 - samples/sec: 3703.69 - lr: 0.012500 - momentum: 0.000000
2025-12-22 17:51:50,531 epoch 56 - iter 55/59 - loss 0.12764164 - time (sec): 8.13 - samples/sec: 3659.75 - lr: 0.012500 - momentum: 0.000000
2025-12-22 17:51:51,043 ----------------------------------------------------------------------------------------------------
2025-12-22 17:51:51,043 EPOCH 56 done: loss 0.1283 - lr: 0.012500
2025-12-22 17:51:52,113 DEV : loss 0.26558825373649597 - f1-score (micro avg)  0.928
2025-12-22 17:51:52,115  - 3 epochs without improvement
2025-12-22 17:51:52,115 ----------------------------------------------------------------------------------------------------
2025-12-22 17:51:52,823 epoch 57 - iter 5/59 - loss 0.14703894 - time (sec): 0.71 - samples/sec: 3553.67 - lr: 0.012500 - momentum: 0.000000
2025-12-22 17:51:53,557 epoch 57 - iter 10/59 - loss 0.14064733 - time (sec): 1.44 - samples/sec: 3534.92 - lr: 0.012500 - momentum: 0.000000
2025-12-22 17:51:54,381 epoch 57 - iter 15/59 - loss 0.13874881 - time (sec): 2.27 - samples/sec: 3540.47 - lr: 0.012500 - momentum: 0.000000
2025-12-22 17:51:55,163 epoch 57 - iter 20/59 - loss 0.13415107 - time (sec): 3.05 - samples/sec: 3523.90 - lr: 0.012500 - momentum: 0.000000
2025-12-22 17:51:55,914 epoch 57 - iter 25/59 - loss 0.13266396 - time (sec): 3.80 - samples/sec: 3539.58 - lr: 0.012500 - momentum: 0.000000
2025-12-22 17:51:56,766 epoch 57 - iter 30/59 - loss 0.13493750 - time (sec): 4.65 - samples/sec: 3491.74 - lr: 0.012500 - momentum: 0.000000
2025-12-22 17:51:57,451 epoch 57 - iter 35/59 - loss 0.13303072 - time (sec): 5.34 - samples/sec: 3545.94 - lr: 0.012500 - momentum: 0.000000
2025-12-22 17:51:58,181 epoch 57 - iter 40/59 - loss 0.12987844 - time (sec): 6.07 - samples/sec: 3587.30 - lr: 0.012500 - momentum: 0.000000
2025-12-22 17:51:58,776 epoch 57 - iter 45/59 - loss 0.12907224 - time (sec): 6.66 - samples/sec: 3663.48 - lr: 0.012500 - momentum: 0.000000
2025-12-22 17:51:59,584 epoch 57 - iter 50/59 - loss 0.13036090 - time (sec): 7.47 - samples/sec: 3650.86 - lr: 0.012500 - momentum: 0.000000
2025-12-22 17:52:00,237 epoch 57 - iter 55/59 - loss 0.13238537 - time (sec): 8.12 - samples/sec: 3668.21 - lr: 0.012500 - momentum: 0.000000
2025-12-22 17:52:00,846 ----------------------------------------------------------------------------------------------------
2025-12-22 17:52:00,846 EPOCH 57 done: loss 0.1314 - lr: 0.012500
2025-12-22 17:52:01,633 DEV : loss 0.2676415741443634 - f1-score (micro avg)  0.9271
2025-12-22 17:52:01,635  - 4 epochs without improvement (above 'patience')-> annealing learning_rate to [0.00625]
2025-12-22 17:52:01,636 ----------------------------------------------------------------------------------------------------
2025-12-22 17:52:02,298 epoch 58 - iter 5/59 - loss 0.15647030 - time (sec): 0.66 - samples/sec: 3544.70 - lr: 0.006250 - momentum: 0.000000
2025-12-22 17:52:03,224 epoch 58 - iter 10/59 - loss 0.13773878 - time (sec): 1.59 - samples/sec: 3303.22 - lr: 0.006250 - momentum: 0.000000
2025-12-22 17:52:03,958 epoch 58 - iter 15/59 - loss 0.13564566 - time (sec): 2.32 - samples/sec: 3353.73 - lr: 0.006250 - momentum: 0.000000
2025-12-22 17:52:04,754 epoch 58 - iter 20/59 - loss 0.13354288 - time (sec): 3.12 - samples/sec: 3378.58 - lr: 0.006250 - momentum: 0.000000
2025-12-22 17:52:05,566 epoch 58 - iter 25/59 - loss 0.13602961 - time (sec): 3.93 - samples/sec: 3411.40 - lr: 0.006250 - momentum: 0.000000
2025-12-22 17:52:06,252 epoch 58 - iter 30/59 - loss 0.13450636 - time (sec): 4.62 - samples/sec: 3480.10 - lr: 0.006250 - momentum: 0.000000
2025-12-22 17:52:07,111 epoch 58 - iter 35/59 - loss 0.13620277 - time (sec): 5.48 - samples/sec: 3419.51 - lr: 0.006250 - momentum: 0.000000
2025-12-22 17:52:07,749 epoch 58 - iter 40/59 - loss 0.13792426 - time (sec): 6.11 - samples/sec: 3493.63 - lr: 0.006250 - momentum: 0.000000
2025-12-22 17:52:08,599 epoch 58 - iter 45/59 - loss 0.13826244 - time (sec): 6.96 - samples/sec: 3487.46 - lr: 0.006250 - momentum: 0.000000
2025-12-22 17:52:09,353 epoch 58 - iter 50/59 - loss 0.13699042 - time (sec): 7.72 - samples/sec: 3497.71 - lr: 0.006250 - momentum: 0.000000
2025-12-22 17:52:10,011 epoch 58 - iter 55/59 - loss 0.13657361 - time (sec): 8.37 - samples/sec: 3540.54 - lr: 0.006250 - momentum: 0.000000
2025-12-22 17:52:10,502 ----------------------------------------------------------------------------------------------------
2025-12-22 17:52:10,503 EPOCH 58 done: loss 0.1367 - lr: 0.006250
2025-12-22 17:52:11,516 DEV : loss 0.2656579911708832 - f1-score (micro avg)  0.9279
2025-12-22 17:52:11,518  - 1 epochs without improvement
2025-12-22 17:52:11,518 ----------------------------------------------------------------------------------------------------
2025-12-22 17:52:12,224 epoch 59 - iter 5/59 - loss 0.14176426 - time (sec): 0.71 - samples/sec: 3607.27 - lr: 0.006250 - momentum: 0.000000
2025-12-22 17:52:13,012 epoch 59 - iter 10/59 - loss 0.14263530 - time (sec): 1.49 - samples/sec: 3482.88 - lr: 0.006250 - momentum: 0.000000
2025-12-22 17:52:13,868 epoch 59 - iter 15/59 - loss 0.13420533 - time (sec): 2.35 - samples/sec: 3465.96 - lr: 0.006250 - momentum: 0.000000
2025-12-22 17:52:14,959 epoch 59 - iter 20/59 - loss 0.13579274 - time (sec): 3.44 - samples/sec: 3198.15 - lr: 0.006250 - momentum: 0.000000
2025-12-22 17:52:15,743 epoch 59 - iter 25/59 - loss 0.13574799 - time (sec): 4.22 - samples/sec: 3265.69 - lr: 0.006250 - momentum: 0.000000
2025-12-22 17:52:16,561 epoch 59 - iter 30/59 - loss 0.13173763 - time (sec): 5.04 - samples/sec: 3265.27 - lr: 0.006250 - momentum: 0.000000
2025-12-22 17:52:17,245 epoch 59 - iter 35/59 - loss 0.13475713 - time (sec): 5.73 - samples/sec: 3302.21 - lr: 0.006250 - momentum: 0.000000
2025-12-22 17:52:17,880 epoch 59 - iter 40/59 - loss 0.13310247 - time (sec): 6.36 - samples/sec: 3396.33 - lr: 0.006250 - momentum: 0.000000
2025-12-22 17:52:18,621 epoch 59 - iter 45/59 - loss 0.13031371 - time (sec): 7.10 - samples/sec: 3439.80 - lr: 0.006250 - momentum: 0.000000
2025-12-22 17:52:19,389 epoch 59 - iter 50/59 - loss 0.12935566 - time (sec): 7.87 - samples/sec: 3458.17 - lr: 0.006250 - momentum: 0.000000
2025-12-22 17:52:20,101 epoch 59 - iter 55/59 - loss 0.13021603 - time (sec): 8.58 - samples/sec: 3470.66 - lr: 0.006250 - momentum: 0.000000
2025-12-22 17:52:20,575 ----------------------------------------------------------------------------------------------------
2025-12-22 17:52:20,575 EPOCH 59 done: loss 0.1295 - lr: 0.006250
2025-12-22 17:52:21,343 DEV : loss 0.264023095369339 - f1-score (micro avg)  0.9301
2025-12-22 17:52:21,345  - 2 epochs without improvement
2025-12-22 17:52:21,345 ----------------------------------------------------------------------------------------------------
2025-12-22 17:52:22,089 epoch 60 - iter 5/59 - loss 0.12704000 - time (sec): 0.74 - samples/sec: 3741.19 - lr: 0.006250 - momentum: 0.000000
2025-12-22 17:52:22,800 epoch 60 - iter 10/59 - loss 0.12122467 - time (sec): 1.45 - samples/sec: 3729.59 - lr: 0.006250 - momentum: 0.000000
2025-12-22 17:52:23,588 epoch 60 - iter 15/59 - loss 0.12285456 - time (sec): 2.24 - samples/sec: 3657.34 - lr: 0.006250 - momentum: 0.000000
2025-12-22 17:52:24,246 epoch 60 - iter 20/59 - loss 0.12215485 - time (sec): 2.90 - samples/sec: 3771.39 - lr: 0.006250 - momentum: 0.000000
2025-12-22 17:52:24,952 epoch 60 - iter 25/59 - loss 0.12233014 - time (sec): 3.61 - samples/sec: 3783.89 - lr: 0.006250 - momentum: 0.000000
2025-12-22 17:52:25,749 epoch 60 - iter 30/59 - loss 0.12321310 - time (sec): 4.40 - samples/sec: 3665.36 - lr: 0.006250 - momentum: 0.000000
2025-12-22 17:52:26,504 epoch 60 - iter 35/59 - loss 0.12564573 - time (sec): 5.16 - samples/sec: 3647.10 - lr: 0.006250 - momentum: 0.000000
2025-12-22 17:52:27,189 epoch 60 - iter 40/59 - loss 0.12714135 - time (sec): 5.84 - samples/sec: 3697.63 - lr: 0.006250 - momentum: 0.000000
2025-12-22 17:52:27,885 epoch 60 - iter 45/59 - loss 0.12856855 - time (sec): 6.54 - samples/sec: 3704.55 - lr: 0.006250 - momentum: 0.000000
2025-12-22 17:52:28,622 epoch 60 - iter 50/59 - loss 0.12945892 - time (sec): 7.28 - samples/sec: 3708.07 - lr: 0.006250 - momentum: 0.000000
2025-12-22 17:52:29,357 epoch 60 - iter 55/59 - loss 0.12998269 - time (sec): 8.01 - samples/sec: 3708.11 - lr: 0.006250 - momentum: 0.000000
2025-12-22 17:52:29,894 ----------------------------------------------------------------------------------------------------
2025-12-22 17:52:29,894 EPOCH 60 done: loss 0.1303 - lr: 0.006250
2025-12-22 17:52:30,645 DEV : loss 0.2652967870235443 - f1-score (micro avg)  0.9292
2025-12-22 17:52:30,647  - 3 epochs without improvement
2025-12-22 17:52:30,647 ----------------------------------------------------------------------------------------------------
2025-12-22 17:52:31,418 epoch 61 - iter 5/59 - loss 0.13217207 - time (sec): 0.77 - samples/sec: 3446.11 - lr: 0.006250 - momentum: 0.000000
2025-12-22 17:52:32,231 epoch 61 - iter 10/59 - loss 0.13374172 - time (sec): 1.58 - samples/sec: 3379.29 - lr: 0.006250 - momentum: 0.000000
2025-12-22 17:52:32,927 epoch 61 - iter 15/59 - loss 0.13203853 - time (sec): 2.28 - samples/sec: 3554.18 - lr: 0.006250 - momentum: 0.000000
2025-12-22 17:52:33,746 epoch 61 - iter 20/59 - loss 0.13123722 - time (sec): 3.10 - samples/sec: 3441.12 - lr: 0.006250 - momentum: 0.000000
2025-12-22 17:52:34,602 epoch 61 - iter 25/59 - loss 0.13130547 - time (sec): 3.95 - samples/sec: 3436.32 - lr: 0.006250 - momentum: 0.000000
2025-12-22 17:52:35,389 epoch 61 - iter 30/59 - loss 0.13515436 - time (sec): 4.74 - samples/sec: 3429.10 - lr: 0.006250 - momentum: 0.000000
2025-12-22 17:52:36,023 epoch 61 - iter 35/59 - loss 0.13511556 - time (sec): 5.38 - samples/sec: 3527.66 - lr: 0.006250 - momentum: 0.000000
2025-12-22 17:52:36,766 epoch 61 - iter 40/59 - loss 0.13323874 - time (sec): 6.12 - samples/sec: 3542.56 - lr: 0.006250 - momentum: 0.000000
2025-12-22 17:52:37,484 epoch 61 - iter 45/59 - loss 0.13382922 - time (sec): 6.84 - samples/sec: 3554.93 - lr: 0.006250 - momentum: 0.000000
2025-12-22 17:52:38,177 epoch 61 - iter 50/59 - loss 0.13153109 - time (sec): 7.53 - samples/sec: 3585.74 - lr: 0.006250 - momentum: 0.000000
2025-12-22 17:52:38,858 epoch 61 - iter 55/59 - loss 0.13083779 - time (sec): 8.21 - samples/sec: 3614.52 - lr: 0.006250 - momentum: 0.000000
2025-12-22 17:52:39,485 ----------------------------------------------------------------------------------------------------
2025-12-22 17:52:39,485 EPOCH 61 done: loss 0.1308 - lr: 0.006250
2025-12-22 17:52:40,526 DEV : loss 0.26442891359329224 - f1-score (micro avg)  0.9301
2025-12-22 17:52:40,528  - 4 epochs without improvement (above 'patience')-> annealing learning_rate to [0.003125]
2025-12-22 17:52:40,529 ----------------------------------------------------------------------------------------------------
2025-12-22 17:52:41,346 epoch 62 - iter 5/59 - loss 0.12685623 - time (sec): 0.82 - samples/sec: 3299.53 - lr: 0.003125 - momentum: 0.000000
2025-12-22 17:52:42,099 epoch 62 - iter 10/59 - loss 0.13137224 - time (sec): 1.57 - samples/sec: 3378.06 - lr: 0.003125 - momentum: 0.000000
2025-12-22 17:52:42,895 epoch 62 - iter 15/59 - loss 0.13001422 - time (sec): 2.37 - samples/sec: 3446.78 - lr: 0.003125 - momentum: 0.000000
2025-12-22 17:52:43,676 epoch 62 - iter 20/59 - loss 0.13362204 - time (sec): 3.15 - samples/sec: 3484.54 - lr: 0.003125 - momentum: 0.000000
2025-12-22 17:52:44,439 epoch 62 - iter 25/59 - loss 0.13112407 - time (sec): 3.91 - samples/sec: 3475.87 - lr: 0.003125 - momentum: 0.000000
2025-12-22 17:52:45,151 epoch 62 - iter 30/59 - loss 0.12748930 - time (sec): 4.62 - samples/sec: 3520.00 - lr: 0.003125 - momentum: 0.000000
2025-12-22 17:52:45,983 epoch 62 - iter 35/59 - loss 0.12686131 - time (sec): 5.45 - samples/sec: 3506.17 - lr: 0.003125 - momentum: 0.000000
2025-12-22 17:52:46,768 epoch 62 - iter 40/59 - loss 0.12710213 - time (sec): 6.24 - samples/sec: 3513.01 - lr: 0.003125 - momentum: 0.000000
2025-12-22 17:52:47,474 epoch 62 - iter 45/59 - loss 0.12845534 - time (sec): 6.95 - samples/sec: 3544.51 - lr: 0.003125 - momentum: 0.000000
2025-12-22 17:52:48,120 epoch 62 - iter 50/59 - loss 0.12742556 - time (sec): 7.59 - samples/sec: 3576.19 - lr: 0.003125 - momentum: 0.000000
2025-12-22 17:52:48,742 epoch 62 - iter 55/59 - loss 0.12619504 - time (sec): 8.21 - samples/sec: 3612.13 - lr: 0.003125 - momentum: 0.000000
2025-12-22 17:52:49,327 ----------------------------------------------------------------------------------------------------
2025-12-22 17:52:49,327 EPOCH 62 done: loss 0.1272 - lr: 0.003125
2025-12-22 17:52:50,105 DEV : loss 0.2643020451068878 - f1-score (micro avg)  0.9301
2025-12-22 17:52:50,107  - 1 epochs without improvement
2025-12-22 17:52:50,107 ----------------------------------------------------------------------------------------------------
2025-12-22 17:52:50,766 epoch 63 - iter 5/59 - loss 0.11306308 - time (sec): 0.66 - samples/sec: 3783.55 - lr: 0.003125 - momentum: 0.000000
2025-12-22 17:52:51,474 epoch 63 - iter 10/59 - loss 0.12351212 - time (sec): 1.37 - samples/sec: 3784.66 - lr: 0.003125 - momentum: 0.000000
2025-12-22 17:52:52,165 epoch 63 - iter 15/59 - loss 0.12430137 - time (sec): 2.06 - samples/sec: 3832.22 - lr: 0.003125 - momentum: 0.000000
2025-12-22 17:52:52,918 epoch 63 - iter 20/59 - loss 0.13240479 - time (sec): 2.81 - samples/sec: 3765.26 - lr: 0.003125 - momentum: 0.000000
2025-12-22 17:52:53,611 epoch 63 - iter 25/59 - loss 0.12955334 - time (sec): 3.50 - samples/sec: 3752.72 - lr: 0.003125 - momentum: 0.000000
2025-12-22 17:52:54,409 epoch 63 - iter 30/59 - loss 0.12630248 - time (sec): 4.30 - samples/sec: 3719.76 - lr: 0.003125 - momentum: 0.000000
2025-12-22 17:52:55,115 epoch 63 - iter 35/59 - loss 0.12454997 - time (sec): 5.01 - samples/sec: 3719.87 - lr: 0.003125 - momentum: 0.000000
2025-12-22 17:52:55,956 epoch 63 - iter 40/59 - loss 0.12443000 - time (sec): 5.85 - samples/sec: 3670.25 - lr: 0.003125 - momentum: 0.000000
2025-12-22 17:52:56,699 epoch 63 - iter 45/59 - loss 0.12578556 - time (sec): 6.59 - samples/sec: 3690.27 - lr: 0.003125 - momentum: 0.000000
2025-12-22 17:52:57,412 epoch 63 - iter 50/59 - loss 0.12710681 - time (sec): 7.30 - samples/sec: 3700.33 - lr: 0.003125 - momentum: 0.000000
2025-12-22 17:52:58,205 epoch 63 - iter 55/59 - loss 0.12891018 - time (sec): 8.10 - samples/sec: 3680.33 - lr: 0.003125 - momentum: 0.000000
2025-12-22 17:52:58,729 ----------------------------------------------------------------------------------------------------
2025-12-22 17:52:58,729 EPOCH 63 done: loss 0.1287 - lr: 0.003125
2025-12-22 17:52:59,464 DEV : loss 0.2650773823261261 - f1-score (micro avg)  0.9307
2025-12-22 17:52:59,465  - 2 epochs without improvement
2025-12-22 17:52:59,466 ----------------------------------------------------------------------------------------------------
2025-12-22 17:53:00,105 epoch 64 - iter 5/59 - loss 0.13260040 - time (sec): 0.64 - samples/sec: 4340.91 - lr: 0.003125 - momentum: 0.000000
2025-12-22 17:53:00,817 epoch 64 - iter 10/59 - loss 0.13348596 - time (sec): 1.35 - samples/sec: 3960.37 - lr: 0.003125 - momentum: 0.000000
2025-12-22 17:53:01,689 epoch 64 - iter 15/59 - loss 0.13086568 - time (sec): 2.22 - samples/sec: 3729.46 - lr: 0.003125 - momentum: 0.000000
2025-12-22 17:53:02,342 epoch 64 - iter 20/59 - loss 0.12894547 - time (sec): 2.88 - samples/sec: 3727.20 - lr: 0.003125 - momentum: 0.000000
2025-12-22 17:53:03,083 epoch 64 - iter 25/59 - loss 0.12550453 - time (sec): 3.62 - samples/sec: 3656.52 - lr: 0.003125 - momentum: 0.000000
2025-12-22 17:53:03,932 epoch 64 - iter 30/59 - loss 0.12976914 - time (sec): 4.47 - samples/sec: 3598.19 - lr: 0.003125 - momentum: 0.000000
2025-12-22 17:53:04,584 epoch 64 - iter 35/59 - loss 0.13157795 - time (sec): 5.12 - samples/sec: 3657.78 - lr: 0.003125 - momentum: 0.000000
2025-12-22 17:53:05,569 epoch 64 - iter 40/59 - loss 0.13178344 - time (sec): 6.10 - samples/sec: 3543.39 - lr: 0.003125 - momentum: 0.000000
2025-12-22 17:53:06,318 epoch 64 - iter 45/59 - loss 0.12907300 - time (sec): 6.85 - samples/sec: 3569.39 - lr: 0.003125 - momentum: 0.000000
2025-12-22 17:53:07,103 epoch 64 - iter 50/59 - loss 0.13012183 - time (sec): 7.64 - samples/sec: 3574.59 - lr: 0.003125 - momentum: 0.000000
2025-12-22 17:53:07,812 epoch 64 - iter 55/59 - loss 0.12973663 - time (sec): 8.35 - samples/sec: 3562.17 - lr: 0.003125 - momentum: 0.000000
2025-12-22 17:53:08,382 ----------------------------------------------------------------------------------------------------
2025-12-22 17:53:08,382 EPOCH 64 done: loss 0.1284 - lr: 0.003125
2025-12-22 17:53:09,458 DEV : loss 0.26547133922576904 - f1-score (micro avg)  0.9298
2025-12-22 17:53:09,460  - 3 epochs without improvement
2025-12-22 17:53:09,461 ----------------------------------------------------------------------------------------------------
2025-12-22 17:53:10,387 epoch 65 - iter 5/59 - loss 0.13249341 - time (sec): 0.93 - samples/sec: 2844.88 - lr: 0.003125 - momentum: 0.000000
2025-12-22 17:53:11,175 epoch 65 - iter 10/59 - loss 0.13310166 - time (sec): 1.71 - samples/sec: 3123.69 - lr: 0.003125 - momentum: 0.000000
2025-12-22 17:53:11,879 epoch 65 - iter 15/59 - loss 0.13431186 - time (sec): 2.42 - samples/sec: 3258.91 - lr: 0.003125 - momentum: 0.000000
2025-12-22 17:53:12,635 epoch 65 - iter 20/59 - loss 0.13313550 - time (sec): 3.17 - samples/sec: 3362.87 - lr: 0.003125 - momentum: 0.000000
2025-12-22 17:53:13,373 epoch 65 - iter 25/59 - loss 0.13164669 - time (sec): 3.91 - samples/sec: 3467.84 - lr: 0.003125 - momentum: 0.000000
2025-12-22 17:53:14,044 epoch 65 - iter 30/59 - loss 0.12970478 - time (sec): 4.58 - samples/sec: 3554.38 - lr: 0.003125 - momentum: 0.000000
2025-12-22 17:53:14,879 epoch 65 - iter 35/59 - loss 0.12825305 - time (sec): 5.42 - samples/sec: 3497.90 - lr: 0.003125 - momentum: 0.000000
2025-12-22 17:53:15,567 epoch 65 - iter 40/59 - loss 0.12740286 - time (sec): 6.11 - samples/sec: 3541.70 - lr: 0.003125 - momentum: 0.000000
2025-12-22 17:53:16,201 epoch 65 - iter 45/59 - loss 0.12925049 - time (sec): 6.74 - samples/sec: 3575.78 - lr: 0.003125 - momentum: 0.000000
2025-12-22 17:53:16,939 epoch 65 - iter 50/59 - loss 0.12911761 - time (sec): 7.48 - samples/sec: 3583.20 - lr: 0.003125 - momentum: 0.000000
2025-12-22 17:53:17,840 epoch 65 - iter 55/59 - loss 0.12910355 - time (sec): 8.38 - samples/sec: 3540.50 - lr: 0.003125 - momentum: 0.000000
2025-12-22 17:53:18,403 ----------------------------------------------------------------------------------------------------
2025-12-22 17:53:18,403 EPOCH 65 done: loss 0.1307 - lr: 0.003125
2025-12-22 17:53:19,165 DEV : loss 0.26617786288261414 - f1-score (micro avg)  0.93
2025-12-22 17:53:19,167  - 4 epochs without improvement (above 'patience')-> annealing learning_rate to [0.0015625]
2025-12-22 17:53:19,168 ----------------------------------------------------------------------------------------------------
2025-12-22 17:53:20,056 epoch 66 - iter 5/59 - loss 0.12920805 - time (sec): 0.89 - samples/sec: 3113.33 - lr: 0.001563 - momentum: 0.000000
2025-12-22 17:53:20,817 epoch 66 - iter 10/59 - loss 0.13148926 - time (sec): 1.65 - samples/sec: 3293.35 - lr: 0.001563 - momentum: 0.000000
2025-12-22 17:53:21,705 epoch 66 - iter 15/59 - loss 0.13083496 - time (sec): 2.54 - samples/sec: 3334.24 - lr: 0.001563 - momentum: 0.000000
2025-12-22 17:53:22,358 epoch 66 - iter 20/59 - loss 0.12919703 - time (sec): 3.19 - samples/sec: 3477.39 - lr: 0.001563 - momentum: 0.000000
2025-12-22 17:53:23,064 epoch 66 - iter 25/59 - loss 0.12536619 - time (sec): 3.90 - samples/sec: 3562.89 - lr: 0.001563 - momentum: 0.000000
2025-12-22 17:53:23,782 epoch 66 - iter 30/59 - loss 0.12558975 - time (sec): 4.61 - samples/sec: 3593.52 - lr: 0.001563 - momentum: 0.000000
2025-12-22 17:53:24,350 epoch 66 - iter 35/59 - loss 0.12694731 - time (sec): 5.18 - samples/sec: 3693.29 - lr: 0.001563 - momentum: 0.000000
2025-12-22 17:53:25,285 epoch 66 - iter 40/59 - loss 0.12948451 - time (sec): 6.12 - samples/sec: 3555.94 - lr: 0.001563 - momentum: 0.000000
2025-12-22 17:53:26,048 epoch 66 - iter 45/59 - loss 0.13085882 - time (sec): 6.88 - samples/sec: 3561.96 - lr: 0.001563 - momentum: 0.000000
2025-12-22 17:53:26,743 epoch 66 - iter 50/59 - loss 0.13146673 - time (sec): 7.58 - samples/sec: 3583.56 - lr: 0.001563 - momentum: 0.000000
2025-12-22 17:53:27,461 epoch 66 - iter 55/59 - loss 0.13102946 - time (sec): 8.29 - samples/sec: 3595.40 - lr: 0.001563 - momentum: 0.000000
2025-12-22 17:53:27,981 ----------------------------------------------------------------------------------------------------
2025-12-22 17:53:27,982 EPOCH 66 done: loss 0.1306 - lr: 0.001563
2025-12-22 17:53:28,747 DEV : loss 0.2662351131439209 - f1-score (micro avg)  0.9292
2025-12-22 17:53:28,749  - 1 epochs without improvement
2025-12-22 17:53:28,749 ----------------------------------------------------------------------------------------------------
2025-12-22 17:53:29,462 epoch 67 - iter 5/59 - loss 0.13638385 - time (sec): 0.71 - samples/sec: 3775.86 - lr: 0.001563 - momentum: 0.000000
2025-12-22 17:53:30,261 epoch 67 - iter 10/59 - loss 0.13288719 - time (sec): 1.51 - samples/sec: 3564.03 - lr: 0.001563 - momentum: 0.000000
2025-12-22 17:53:30,823 epoch 67 - iter 15/59 - loss 0.13228030 - time (sec): 2.07 - samples/sec: 3827.52 - lr: 0.001563 - momentum: 0.000000
2025-12-22 17:53:31,613 epoch 67 - iter 20/59 - loss 0.13106708 - time (sec): 2.86 - samples/sec: 3776.37 - lr: 0.001563 - momentum: 0.000000
2025-12-22 17:53:32,422 epoch 67 - iter 25/59 - loss 0.12808706 - time (sec): 3.67 - samples/sec: 3677.27 - lr: 0.001563 - momentum: 0.000000
2025-12-22 17:53:33,159 epoch 67 - iter 30/59 - loss 0.12579949 - time (sec): 4.41 - samples/sec: 3680.45 - lr: 0.001563 - momentum: 0.000000
2025-12-22 17:53:33,778 epoch 67 - iter 35/59 - loss 0.12568467 - time (sec): 5.03 - samples/sec: 3737.88 - lr: 0.001563 - momentum: 0.000000
2025-12-22 17:53:34,500 epoch 67 - iter 40/59 - loss 0.12481128 - time (sec): 5.75 - samples/sec: 3746.04 - lr: 0.001563 - momentum: 0.000000
2025-12-22 17:53:35,210 epoch 67 - iter 45/59 - loss 0.12622454 - time (sec): 6.46 - samples/sec: 3739.92 - lr: 0.001563 - momentum: 0.000000
2025-12-22 17:53:35,890 epoch 67 - iter 50/59 - loss 0.12542791 - time (sec): 7.14 - samples/sec: 3771.47 - lr: 0.001563 - momentum: 0.000000
2025-12-22 17:53:36,553 epoch 67 - iter 55/59 - loss 0.12699736 - time (sec): 7.80 - samples/sec: 3798.29 - lr: 0.001563 - momentum: 0.000000
2025-12-22 17:53:37,074 ----------------------------------------------------------------------------------------------------
2025-12-22 17:53:37,075 EPOCH 67 done: loss 0.1266 - lr: 0.001563
2025-12-22 17:53:38,011 DEV : loss 0.26560157537460327 - f1-score (micro avg)  0.9298
2025-12-22 17:53:38,012  - 2 epochs without improvement
2025-12-22 17:53:38,013 ----------------------------------------------------------------------------------------------------
2025-12-22 17:53:38,628 epoch 68 - iter 5/59 - loss 0.13962320 - time (sec): 0.61 - samples/sec: 4219.13 - lr: 0.001563 - momentum: 0.000000
2025-12-22 17:53:39,292 epoch 68 - iter 10/59 - loss 0.14519273 - time (sec): 1.28 - samples/sec: 4133.09 - lr: 0.001563 - momentum: 0.000000
2025-12-22 17:53:39,922 epoch 68 - iter 15/59 - loss 0.13952861 - time (sec): 1.91 - samples/sec: 4130.56 - lr: 0.001563 - momentum: 0.000000
2025-12-22 17:53:40,557 epoch 68 - iter 20/59 - loss 0.13862801 - time (sec): 2.54 - samples/sec: 4214.34 - lr: 0.001563 - momentum: 0.000000
2025-12-22 17:53:41,191 epoch 68 - iter 25/59 - loss 0.13448847 - time (sec): 3.18 - samples/sec: 4184.37 - lr: 0.001563 - momentum: 0.000000
2025-12-22 17:53:41,922 epoch 68 - iter 30/59 - loss 0.13210635 - time (sec): 3.91 - samples/sec: 4119.25 - lr: 0.001563 - momentum: 0.000000
2025-12-22 17:53:42,570 epoch 68 - iter 35/59 - loss 0.13114655 - time (sec): 4.56 - samples/sec: 4147.03 - lr: 0.001563 - momentum: 0.000000
2025-12-22 17:53:43,281 epoch 68 - iter 40/59 - loss 0.12901753 - time (sec): 5.27 - samples/sec: 4082.46 - lr: 0.001563 - momentum: 0.000000
2025-12-22 17:53:44,027 epoch 68 - iter 45/59 - loss 0.12680751 - time (sec): 6.01 - samples/sec: 4049.35 - lr: 0.001563 - momentum: 0.000000
2025-12-22 17:53:44,701 epoch 68 - iter 50/59 - loss 0.12923849 - time (sec): 6.69 - samples/sec: 4040.54 - lr: 0.001563 - momentum: 0.000000
2025-12-22 17:53:45,358 epoch 68 - iter 55/59 - loss 0.13005593 - time (sec): 7.34 - samples/sec: 4053.56 - lr: 0.001563 - momentum: 0.000000
2025-12-22 17:53:45,810 ----------------------------------------------------------------------------------------------------
2025-12-22 17:53:45,811 EPOCH 68 done: loss 0.1286 - lr: 0.001563
2025-12-22 17:53:46,473 DEV : loss 0.2650563716888428 - f1-score (micro avg)  0.9301
2025-12-22 17:53:46,475  - 3 epochs without improvement
2025-12-22 17:53:46,475 ----------------------------------------------------------------------------------------------------
2025-12-22 17:53:47,140 epoch 69 - iter 5/59 - loss 0.13386634 - time (sec): 0.66 - samples/sec: 4214.20 - lr: 0.001563 - momentum: 0.000000
2025-12-22 17:53:47,864 epoch 69 - iter 10/59 - loss 0.13493761 - time (sec): 1.39 - samples/sec: 3978.57 - lr: 0.001563 - momentum: 0.000000
2025-12-22 17:53:48,637 epoch 69 - iter 15/59 - loss 0.13037767 - time (sec): 2.16 - samples/sec: 3849.58 - lr: 0.001563 - momentum: 0.000000
2025-12-22 17:53:49,246 epoch 69 - iter 20/59 - loss 0.12709779 - time (sec): 2.77 - samples/sec: 3926.22 - lr: 0.001563 - momentum: 0.000000
2025-12-22 17:53:49,922 epoch 69 - iter 25/59 - loss 0.12511616 - time (sec): 3.45 - samples/sec: 4015.67 - lr: 0.001563 - momentum: 0.000000
2025-12-22 17:53:50,623 epoch 69 - iter 30/59 - loss 0.12725635 - time (sec): 4.15 - samples/sec: 3948.60 - lr: 0.001563 - momentum: 0.000000
2025-12-22 17:53:51,313 epoch 69 - iter 35/59 - loss 0.12794024 - time (sec): 4.84 - samples/sec: 3922.67 - lr: 0.001563 - momentum: 0.000000
2025-12-22 17:53:51,917 epoch 69 - iter 40/59 - loss 0.12747974 - time (sec): 5.44 - samples/sec: 3977.54 - lr: 0.001563 - momentum: 0.000000
2025-12-22 17:53:52,511 epoch 69 - iter 45/59 - loss 0.12564811 - time (sec): 6.04 - samples/sec: 4029.82 - lr: 0.001563 - momentum: 0.000000
2025-12-22 17:53:53,171 epoch 69 - iter 50/59 - loss 0.12489272 - time (sec): 6.69 - samples/sec: 4041.15 - lr: 0.001563 - momentum: 0.000000
2025-12-22 17:53:53,753 epoch 69 - iter 55/59 - loss 0.12447843 - time (sec): 7.28 - samples/sec: 4087.42 - lr: 0.001563 - momentum: 0.000000
2025-12-22 17:53:54,195 ----------------------------------------------------------------------------------------------------
2025-12-22 17:53:54,195 EPOCH 69 done: loss 0.1235 - lr: 0.001563
2025-12-22 17:53:55,101 DEV : loss 0.2655024230480194 - f1-score (micro avg)  0.9297
2025-12-22 17:53:55,102  - 4 epochs without improvement (above 'patience')-> annealing learning_rate to [0.00078125]
2025-12-22 17:53:55,103 ----------------------------------------------------------------------------------------------------
2025-12-22 17:53:55,779 epoch 70 - iter 5/59 - loss 0.13679193 - time (sec): 0.68 - samples/sec: 4189.91 - lr: 0.000781 - momentum: 0.000000
2025-12-22 17:53:56,631 epoch 70 - iter 10/59 - loss 0.13004549 - time (sec): 1.53 - samples/sec: 3789.76 - lr: 0.000781 - momentum: 0.000000
2025-12-22 17:53:57,291 epoch 70 - iter 15/59 - loss 0.12990614 - time (sec): 2.19 - samples/sec: 3874.05 - lr: 0.000781 - momentum: 0.000000
2025-12-22 17:53:57,892 epoch 70 - iter 20/59 - loss 0.12940397 - time (sec): 2.79 - samples/sec: 4007.34 - lr: 0.000781 - momentum: 0.000000
2025-12-22 17:53:58,585 epoch 70 - iter 25/59 - loss 0.12975170 - time (sec): 3.48 - samples/sec: 3992.17 - lr: 0.000781 - momentum: 0.000000
2025-12-22 17:53:59,228 epoch 70 - iter 30/59 - loss 0.13023757 - time (sec): 4.13 - samples/sec: 4068.05 - lr: 0.000781 - momentum: 0.000000
2025-12-22 17:53:59,835 epoch 70 - iter 35/59 - loss 0.12918912 - time (sec): 4.73 - samples/sec: 4106.28 - lr: 0.000781 - momentum: 0.000000
2025-12-22 17:54:00,496 epoch 70 - iter 40/59 - loss 0.12983558 - time (sec): 5.39 - samples/sec: 4117.47 - lr: 0.000781 - momentum: 0.000000
2025-12-22 17:54:01,132 epoch 70 - iter 45/59 - loss 0.13014315 - time (sec): 6.03 - samples/sec: 4098.29 - lr: 0.000781 - momentum: 0.000000
2025-12-22 17:54:01,711 epoch 70 - iter 50/59 - loss 0.13123955 - time (sec): 6.61 - samples/sec: 4110.13 - lr: 0.000781 - momentum: 0.000000
2025-12-22 17:54:02,253 epoch 70 - iter 55/59 - loss 0.13220636 - time (sec): 7.15 - samples/sec: 4165.51 - lr: 0.000781 - momentum: 0.000000
2025-12-22 17:54:02,735 ----------------------------------------------------------------------------------------------------
2025-12-22 17:54:02,735 EPOCH 70 done: loss 0.1315 - lr: 0.000781
2025-12-22 17:54:03,437 DEV : loss 0.26589155197143555 - f1-score (micro avg)  0.9293
2025-12-22 17:54:03,439  - 1 epochs without improvement
2025-12-22 17:54:03,439 ----------------------------------------------------------------------------------------------------
2025-12-22 17:54:04,052 epoch 71 - iter 5/59 - loss 0.12324294 - time (sec): 0.61 - samples/sec: 4475.99 - lr: 0.000781 - momentum: 0.000000
2025-12-22 17:54:04,630 epoch 71 - iter 10/59 - loss 0.12244121 - time (sec): 1.19 - samples/sec: 4508.19 - lr: 0.000781 - momentum: 0.000000
2025-12-22 17:54:05,394 epoch 71 - iter 15/59 - loss 0.12053755 - time (sec): 1.95 - samples/sec: 4151.01 - lr: 0.000781 - momentum: 0.000000
2025-12-22 17:54:06,118 epoch 71 - iter 20/59 - loss 0.12122596 - time (sec): 2.68 - samples/sec: 4047.83 - lr: 0.000781 - momentum: 0.000000
2025-12-22 17:54:06,890 epoch 71 - iter 25/59 - loss 0.12411930 - time (sec): 3.45 - samples/sec: 3938.58 - lr: 0.000781 - momentum: 0.000000
2025-12-22 17:54:07,599 epoch 71 - iter 30/59 - loss 0.12489293 - time (sec): 4.16 - samples/sec: 3939.75 - lr: 0.000781 - momentum: 0.000000
2025-12-22 17:54:08,253 epoch 71 - iter 35/59 - loss 0.12337767 - time (sec): 4.81 - samples/sec: 3957.57 - lr: 0.000781 - momentum: 0.000000
2025-12-22 17:54:08,865 epoch 71 - iter 40/59 - loss 0.12334781 - time (sec): 5.43 - samples/sec: 3972.69 - lr: 0.000781 - momentum: 0.000000
2025-12-22 17:54:09,400 epoch 71 - iter 45/59 - loss 0.12564321 - time (sec): 5.96 - samples/sec: 4044.76 - lr: 0.000781 - momentum: 0.000000
2025-12-22 17:54:10,063 epoch 71 - iter 50/59 - loss 0.12506329 - time (sec): 6.62 - samples/sec: 4051.34 - lr: 0.000781 - momentum: 0.000000
2025-12-22 17:54:10,763 epoch 71 - iter 55/59 - loss 0.12578604 - time (sec): 7.32 - samples/sec: 4065.42 - lr: 0.000781 - momentum: 0.000000
2025-12-22 17:54:11,226 ----------------------------------------------------------------------------------------------------
2025-12-22 17:54:11,226 EPOCH 71 done: loss 0.1255 - lr: 0.000781
2025-12-22 17:54:11,916 DEV : loss 0.26615110039711 - f1-score (micro avg)  0.9298
2025-12-22 17:54:11,918  - 2 epochs without improvement
2025-12-22 17:54:11,918 ----------------------------------------------------------------------------------------------------
2025-12-22 17:54:12,740 epoch 72 - iter 5/59 - loss 0.13491010 - time (sec): 0.82 - samples/sec: 3520.08 - lr: 0.000781 - momentum: 0.000000
2025-12-22 17:54:13,411 epoch 72 - iter 10/59 - loss 0.12609844 - time (sec): 1.49 - samples/sec: 3844.59 - lr: 0.000781 - momentum: 0.000000
2025-12-22 17:54:14,029 epoch 72 - iter 15/59 - loss 0.12624351 - time (sec): 2.11 - samples/sec: 3919.85 - lr: 0.000781 - momentum: 0.000000
2025-12-22 17:54:15,010 epoch 72 - iter 20/59 - loss 0.12283321 - time (sec): 3.09 - samples/sec: 3554.77 - lr: 0.000781 - momentum: 0.000000
2025-12-22 17:54:15,642 epoch 72 - iter 25/59 - loss 0.12608480 - time (sec): 3.72 - samples/sec: 3671.51 - lr: 0.000781 - momentum: 0.000000
2025-12-22 17:54:16,252 epoch 72 - iter 30/59 - loss 0.12938710 - time (sec): 4.33 - samples/sec: 3727.87 - lr: 0.000781 - momentum: 0.000000
2025-12-22 17:54:16,987 epoch 72 - iter 35/59 - loss 0.12805732 - time (sec): 5.07 - samples/sec: 3742.39 - lr: 0.000781 - momentum: 0.000000
2025-12-22 17:54:17,637 epoch 72 - iter 40/59 - loss 0.12855267 - time (sec): 5.72 - samples/sec: 3777.13 - lr: 0.000781 - momentum: 0.000000
2025-12-22 17:54:18,265 epoch 72 - iter 45/59 - loss 0.12791719 - time (sec): 6.35 - samples/sec: 3829.04 - lr: 0.000781 - momentum: 0.000000
2025-12-22 17:54:18,840 epoch 72 - iter 50/59 - loss 0.12759545 - time (sec): 6.92 - samples/sec: 3869.99 - lr: 0.000781 - momentum: 0.000000
2025-12-22 17:54:19,819 epoch 72 - iter 55/59 - loss 0.12872012 - time (sec): 7.90 - samples/sec: 3756.62 - lr: 0.000781 - momentum: 0.000000
2025-12-22 17:54:20,240 ----------------------------------------------------------------------------------------------------
2025-12-22 17:54:20,240 EPOCH 72 done: loss 0.1274 - lr: 0.000781
2025-12-22 17:54:21,133 DEV : loss 0.26580387353897095 - f1-score (micro avg)  0.9298
2025-12-22 17:54:21,134  - 3 epochs without improvement
2025-12-22 17:54:21,135 ----------------------------------------------------------------------------------------------------
2025-12-22 17:54:21,709 epoch 73 - iter 5/59 - loss 0.13071314 - time (sec): 0.57 - samples/sec: 4459.27 - lr: 0.000781 - momentum: 0.000000
2025-12-22 17:54:22,351 epoch 73 - iter 10/59 - loss 0.12356570 - time (sec): 1.22 - samples/sec: 4364.20 - lr: 0.000781 - momentum: 0.000000
2025-12-22 17:54:23,090 epoch 73 - iter 15/59 - loss 0.13149136 - time (sec): 1.96 - samples/sec: 4141.23 - lr: 0.000781 - momentum: 0.000000
2025-12-22 17:54:23,729 epoch 73 - iter 20/59 - loss 0.13385352 - time (sec): 2.59 - samples/sec: 4199.10 - lr: 0.000781 - momentum: 0.000000
2025-12-22 17:54:24,368 epoch 73 - iter 25/59 - loss 0.13258630 - time (sec): 3.23 - samples/sec: 4209.51 - lr: 0.000781 - momentum: 0.000000
2025-12-22 17:54:25,084 epoch 73 - iter 30/59 - loss 0.13258507 - time (sec): 3.95 - samples/sec: 4120.57 - lr: 0.000781 - momentum: 0.000000
2025-12-22 17:54:25,677 epoch 73 - iter 35/59 - loss 0.12910162 - time (sec): 4.54 - samples/sec: 4155.24 - lr: 0.000781 - momentum: 0.000000
2025-12-22 17:54:26,410 epoch 73 - iter 40/59 - loss 0.13050261 - time (sec): 5.28 - samples/sec: 4079.88 - lr: 0.000781 - momentum: 0.000000
2025-12-22 17:54:27,156 epoch 73 - iter 45/59 - loss 0.13062358 - time (sec): 6.02 - samples/sec: 4022.47 - lr: 0.000781 - momentum: 0.000000
2025-12-22 17:54:27,833 epoch 73 - iter 50/59 - loss 0.12892396 - time (sec): 6.70 - samples/sec: 4021.70 - lr: 0.000781 - momentum: 0.000000
2025-12-22 17:54:28,442 epoch 73 - iter 55/59 - loss 0.12911875 - time (sec): 7.31 - samples/sec: 4057.96 - lr: 0.000781 - momentum: 0.000000
2025-12-22 17:54:28,918 ----------------------------------------------------------------------------------------------------
2025-12-22 17:54:28,918 EPOCH 73 done: loss 0.1276 - lr: 0.000781
2025-12-22 17:54:29,572 DEV : loss 0.2654334306716919 - f1-score (micro avg)  0.9301
2025-12-22 17:54:29,574  - 4 epochs without improvement (above 'patience')-> annealing learning_rate to [0.000390625]
2025-12-22 17:54:29,574 ----------------------------------------------------------------------------------------------------
2025-12-22 17:54:30,182 epoch 74 - iter 5/59 - loss 0.13297329 - time (sec): 0.61 - samples/sec: 4362.49 - lr: 0.000391 - momentum: 0.000000
2025-12-22 17:54:30,940 epoch 74 - iter 10/59 - loss 0.12327749 - time (sec): 1.37 - samples/sec: 3844.51 - lr: 0.000391 - momentum: 0.000000
2025-12-22 17:54:31,597 epoch 74 - iter 15/59 - loss 0.12281741 - time (sec): 2.02 - samples/sec: 3940.25 - lr: 0.000391 - momentum: 0.000000
2025-12-22 17:54:32,275 epoch 74 - iter 20/59 - loss 0.12525792 - time (sec): 2.70 - samples/sec: 4001.58 - lr: 0.000391 - momentum: 0.000000
2025-12-22 17:54:32,968 epoch 74 - iter 25/59 - loss 0.12407731 - time (sec): 3.39 - samples/sec: 3977.54 - lr: 0.000391 - momentum: 0.000000
2025-12-22 17:54:33,812 epoch 74 - iter 30/59 - loss 0.12522255 - time (sec): 4.24 - samples/sec: 3826.53 - lr: 0.000391 - momentum: 0.000000
2025-12-22 17:54:34,817 epoch 74 - iter 35/59 - loss 0.12759213 - time (sec): 5.24 - samples/sec: 3628.95 - lr: 0.000391 - momentum: 0.000000
2025-12-22 17:54:35,440 epoch 74 - iter 40/59 - loss 0.12623375 - time (sec): 5.87 - samples/sec: 3667.71 - lr: 0.000391 - momentum: 0.000000
2025-12-22 17:54:36,084 epoch 74 - iter 45/59 - loss 0.12708236 - time (sec): 6.51 - samples/sec: 3731.65 - lr: 0.000391 - momentum: 0.000000
2025-12-22 17:54:36,739 epoch 74 - iter 50/59 - loss 0.12590558 - time (sec): 7.16 - samples/sec: 3785.04 - lr: 0.000391 - momentum: 0.000000
2025-12-22 17:54:37,315 epoch 74 - iter 55/59 - loss 0.12636202 - time (sec): 7.74 - samples/sec: 3835.24 - lr: 0.000391 - momentum: 0.000000
2025-12-22 17:54:37,791 ----------------------------------------------------------------------------------------------------
2025-12-22 17:54:37,791 EPOCH 74 done: loss 0.1264 - lr: 0.000391
2025-12-22 17:54:38,486 DEV : loss 0.2655888795852661 - f1-score (micro avg)  0.9303
2025-12-22 17:54:38,488  - 1 epochs without improvement
2025-12-22 17:54:38,488 ----------------------------------------------------------------------------------------------------
2025-12-22 17:54:39,183 epoch 75 - iter 5/59 - loss 0.14435986 - time (sec): 0.69 - samples/sec: 3909.63 - lr: 0.000391 - momentum: 0.000000
2025-12-22 17:54:39,946 epoch 75 - iter 10/59 - loss 0.13347140 - time (sec): 1.46 - samples/sec: 3778.42 - lr: 0.000391 - momentum: 0.000000
2025-12-22 17:54:40,619 epoch 75 - iter 15/59 - loss 0.13035750 - time (sec): 2.13 - samples/sec: 3844.80 - lr: 0.000391 - momentum: 0.000000
2025-12-22 17:54:41,308 epoch 75 - iter 20/59 - loss 0.12718897 - time (sec): 2.82 - samples/sec: 3902.19 - lr: 0.000391 - momentum: 0.000000
2025-12-22 17:54:41,947 epoch 75 - iter 25/59 - loss 0.12687601 - time (sec): 3.46 - samples/sec: 3971.22 - lr: 0.000391 - momentum: 0.000000
2025-12-22 17:54:42,560 epoch 75 - iter 30/59 - loss 0.12561990 - time (sec): 4.07 - samples/sec: 4011.03 - lr: 0.000391 - momentum: 0.000000
2025-12-22 17:54:43,235 epoch 75 - iter 35/59 - loss 0.12613708 - time (sec): 4.75 - samples/sec: 4008.35 - lr: 0.000391 - momentum: 0.000000
2025-12-22 17:54:43,930 epoch 75 - iter 40/59 - loss 0.12779644 - time (sec): 5.44 - samples/sec: 4009.29 - lr: 0.000391 - momentum: 0.000000
2025-12-22 17:54:44,527 epoch 75 - iter 45/59 - loss 0.12654499 - time (sec): 6.04 - samples/sec: 4030.44 - lr: 0.000391 - momentum: 0.000000
2025-12-22 17:54:45,132 epoch 75 - iter 50/59 - loss 0.12658611 - time (sec): 6.64 - samples/sec: 4068.32 - lr: 0.000391 - momentum: 0.000000
2025-12-22 17:54:45,800 epoch 75 - iter 55/59 - loss 0.12550510 - time (sec): 7.31 - samples/sec: 4060.89 - lr: 0.000391 - momentum: 0.000000
2025-12-22 17:54:46,199 ----------------------------------------------------------------------------------------------------
2025-12-22 17:54:46,199 EPOCH 75 done: loss 0.1247 - lr: 0.000391
2025-12-22 17:54:47,089 DEV : loss 0.2655582129955292 - f1-score (micro avg)  0.9301
2025-12-22 17:54:47,090  - 2 epochs without improvement
2025-12-22 17:54:47,091 ----------------------------------------------------------------------------------------------------
2025-12-22 17:54:47,694 epoch 76 - iter 5/59 - loss 0.13694505 - time (sec): 0.60 - samples/sec: 4220.42 - lr: 0.000391 - momentum: 0.000000
2025-12-22 17:54:48,425 epoch 76 - iter 10/59 - loss 0.13990426 - time (sec): 1.33 - samples/sec: 4136.10 - lr: 0.000391 - momentum: 0.000000
2025-12-22 17:54:49,068 epoch 76 - iter 15/59 - loss 0.13913084 - time (sec): 1.98 - samples/sec: 4060.23 - lr: 0.000391 - momentum: 0.000000
2025-12-22 17:54:49,666 epoch 76 - iter 20/59 - loss 0.13433513 - time (sec): 2.58 - samples/sec: 4104.62 - lr: 0.000391 - momentum: 0.000000
2025-12-22 17:54:50,443 epoch 76 - iter 25/59 - loss 0.13244157 - time (sec): 3.35 - samples/sec: 4006.16 - lr: 0.000391 - momentum: 0.000000
2025-12-22 17:54:51,092 epoch 76 - iter 30/59 - loss 0.12970644 - time (sec): 4.00 - samples/sec: 4031.29 - lr: 0.000391 - momentum: 0.000000
2025-12-22 17:54:51,667 epoch 76 - iter 35/59 - loss 0.12928491 - time (sec): 4.58 - samples/sec: 4105.62 - lr: 0.000391 - momentum: 0.000000
2025-12-22 17:54:52,351 epoch 76 - iter 40/59 - loss 0.12904761 - time (sec): 5.26 - samples/sec: 4098.41 - lr: 0.000391 - momentum: 0.000000
2025-12-22 17:54:52,991 epoch 76 - iter 45/59 - loss 0.12776803 - time (sec): 5.90 - samples/sec: 4103.71 - lr: 0.000391 - momentum: 0.000000
2025-12-22 17:54:53,641 epoch 76 - iter 50/59 - loss 0.12752146 - time (sec): 6.55 - samples/sec: 4122.32 - lr: 0.000391 - momentum: 0.000000
2025-12-22 17:54:54,351 epoch 76 - iter 55/59 - loss 0.12820889 - time (sec): 7.26 - samples/sec: 4097.38 - lr: 0.000391 - momentum: 0.000000
2025-12-22 17:54:54,799 ----------------------------------------------------------------------------------------------------
2025-12-22 17:54:54,799 EPOCH 76 done: loss 0.1283 - lr: 0.000391
2025-12-22 17:54:55,458 DEV : loss 0.26547059416770935 - f1-score (micro avg)  0.9299
2025-12-22 17:54:55,460  - 3 epochs without improvement
2025-12-22 17:54:55,460 ----------------------------------------------------------------------------------------------------
2025-12-22 17:54:56,074 epoch 77 - iter 5/59 - loss 0.09358742 - time (sec): 0.61 - samples/sec: 4484.28 - lr: 0.000391 - momentum: 0.000000
2025-12-22 17:54:56,701 epoch 77 - iter 10/59 - loss 0.11286422 - time (sec): 1.24 - samples/sec: 4439.14 - lr: 0.000391 - momentum: 0.000000
2025-12-22 17:54:57,327 epoch 77 - iter 15/59 - loss 0.11670992 - time (sec): 1.87 - samples/sec: 4445.80 - lr: 0.000391 - momentum: 0.000000
2025-12-22 17:54:57,962 epoch 77 - iter 20/59 - loss 0.12039801 - time (sec): 2.50 - samples/sec: 4381.14 - lr: 0.000391 - momentum: 0.000000
2025-12-22 17:54:58,672 epoch 77 - iter 25/59 - loss 0.11996221 - time (sec): 3.21 - samples/sec: 4220.99 - lr: 0.000391 - momentum: 0.000000
2025-12-22 17:54:59,264 epoch 77 - iter 30/59 - loss 0.12166373 - time (sec): 3.80 - samples/sec: 4232.80 - lr: 0.000391 - momentum: 0.000000
2025-12-22 17:54:59,917 epoch 77 - iter 35/59 - loss 0.12351286 - time (sec): 4.46 - samples/sec: 4211.42 - lr: 0.000391 - momentum: 0.000000
2025-12-22 17:55:00,559 epoch 77 - iter 40/59 - loss 0.12357267 - time (sec): 5.10 - samples/sec: 4196.53 - lr: 0.000391 - momentum: 0.000000
2025-12-22 17:55:01,204 epoch 77 - iter 45/59 - loss 0.12550220 - time (sec): 5.74 - samples/sec: 4220.72 - lr: 0.000391 - momentum: 0.000000
2025-12-22 17:55:01,912 epoch 77 - iter 50/59 - loss 0.12640008 - time (sec): 6.45 - samples/sec: 4178.83 - lr: 0.000391 - momentum: 0.000000
2025-12-22 17:55:02,608 epoch 77 - iter 55/59 - loss 0.12576977 - time (sec): 7.15 - samples/sec: 4155.09 - lr: 0.000391 - momentum: 0.000000
2025-12-22 17:55:03,148 ----------------------------------------------------------------------------------------------------
2025-12-22 17:55:03,148 EPOCH 77 done: loss 0.1262 - lr: 0.000391
2025-12-22 17:55:03,875 DEV : loss 0.26556262373924255 - f1-score (micro avg)  0.9299
2025-12-22 17:55:03,877  - 4 epochs without improvement (above 'patience')-> annealing learning_rate to [0.0001953125]
2025-12-22 17:55:03,877 ----------------------------------------------------------------------------------------------------
2025-12-22 17:55:04,532 epoch 78 - iter 5/59 - loss 0.11727347 - time (sec): 0.65 - samples/sec: 3957.14 - lr: 0.000195 - momentum: 0.000000
2025-12-22 17:55:05,292 epoch 78 - iter 10/59 - loss 0.12317331 - time (sec): 1.41 - samples/sec: 3932.93 - lr: 0.000195 - momentum: 0.000000
2025-12-22 17:55:05,946 epoch 78 - iter 15/59 - loss 0.12402268 - time (sec): 2.07 - samples/sec: 4036.64 - lr: 0.000195 - momentum: 0.000000
2025-12-22 17:55:06,542 epoch 78 - iter 20/59 - loss 0.12551481 - time (sec): 2.67 - samples/sec: 4143.64 - lr: 0.000195 - momentum: 0.000000
2025-12-22 17:55:07,183 epoch 78 - iter 25/59 - loss 0.12746244 - time (sec): 3.31 - samples/sec: 4186.66 - lr: 0.000195 - momentum: 0.000000
2025-12-22 17:55:07,811 epoch 78 - iter 30/59 - loss 0.12619674 - time (sec): 3.93 - samples/sec: 4181.01 - lr: 0.000195 - momentum: 0.000000
2025-12-22 17:55:08,485 epoch 78 - iter 35/59 - loss 0.12289134 - time (sec): 4.61 - samples/sec: 4170.24 - lr: 0.000195 - momentum: 0.000000
2025-12-22 17:55:09,093 epoch 78 - iter 40/59 - loss 0.12273886 - time (sec): 5.22 - samples/sec: 4159.37 - lr: 0.000195 - momentum: 0.000000
2025-12-22 17:55:09,690 epoch 78 - iter 45/59 - loss 0.12437238 - time (sec): 5.81 - samples/sec: 4203.54 - lr: 0.000195 - momentum: 0.000000
2025-12-22 17:55:10,374 epoch 78 - iter 50/59 - loss 0.12489283 - time (sec): 6.50 - samples/sec: 4175.16 - lr: 0.000195 - momentum: 0.000000
2025-12-22 17:55:11,104 epoch 78 - iter 55/59 - loss 0.12383937 - time (sec): 7.23 - samples/sec: 4132.39 - lr: 0.000195 - momentum: 0.000000
2025-12-22 17:55:11,510 ----------------------------------------------------------------------------------------------------
2025-12-22 17:55:11,510 EPOCH 78 done: loss 0.1233 - lr: 0.000195
2025-12-22 17:55:12,414 DEV : loss 0.26571258902549744 - f1-score (micro avg)  0.9301
2025-12-22 17:55:12,416  - 1 epochs without improvement
2025-12-22 17:55:12,416 ----------------------------------------------------------------------------------------------------
2025-12-22 17:55:13,156 epoch 79 - iter 5/59 - loss 0.12781316 - time (sec): 0.74 - samples/sec: 3809.58 - lr: 0.000195 - momentum: 0.000000
2025-12-22 17:55:13,744 epoch 79 - iter 10/59 - loss 0.11997271 - time (sec): 1.33 - samples/sec: 4187.72 - lr: 0.000195 - momentum: 0.000000
2025-12-22 17:55:14,318 epoch 79 - iter 15/59 - loss 0.12283697 - time (sec): 1.90 - samples/sec: 4313.56 - lr: 0.000195 - momentum: 0.000000
2025-12-22 17:55:15,204 epoch 79 - iter 20/59 - loss 0.12795587 - time (sec): 2.79 - samples/sec: 3872.00 - lr: 0.000195 - momentum: 0.000000
2025-12-22 17:55:15,824 epoch 79 - iter 25/59 - loss 0.12816681 - time (sec): 3.41 - samples/sec: 3932.61 - lr: 0.000195 - momentum: 0.000000
2025-12-22 17:55:16,389 epoch 79 - iter 30/59 - loss 0.12316673 - time (sec): 3.97 - samples/sec: 3985.53 - lr: 0.000195 - momentum: 0.000000
2025-12-22 17:55:17,012 epoch 79 - iter 35/59 - loss 0.12449096 - time (sec): 4.60 - samples/sec: 4037.95 - lr: 0.000195 - momentum: 0.000000
2025-12-22 17:55:17,729 epoch 79 - iter 40/59 - loss 0.12501469 - time (sec): 5.31 - samples/sec: 4054.25 - lr: 0.000195 - momentum: 0.000000
2025-12-22 17:55:18,402 epoch 79 - iter 45/59 - loss 0.12699902 - time (sec): 5.99 - samples/sec: 4049.17 - lr: 0.000195 - momentum: 0.000000
2025-12-22 17:55:19,109 epoch 79 - iter 50/59 - loss 0.12776149 - time (sec): 6.69 - samples/sec: 4029.75 - lr: 0.000195 - momentum: 0.000000
2025-12-22 17:55:20,079 epoch 79 - iter 55/59 - loss 0.12731519 - time (sec): 7.66 - samples/sec: 3873.65 - lr: 0.000195 - momentum: 0.000000
2025-12-22 17:55:20,569 ----------------------------------------------------------------------------------------------------
2025-12-22 17:55:20,569 EPOCH 79 done: loss 0.1269 - lr: 0.000195
2025-12-22 17:55:21,264 DEV : loss 0.2657916843891144 - f1-score (micro avg)  0.9302
2025-12-22 17:55:21,266  - 2 epochs without improvement
2025-12-22 17:55:21,266 ----------------------------------------------------------------------------------------------------
2025-12-22 17:55:21,907 epoch 80 - iter 5/59 - loss 0.11810254 - time (sec): 0.64 - samples/sec: 3931.04 - lr: 0.000195 - momentum: 0.000000
2025-12-22 17:55:22,563 epoch 80 - iter 10/59 - loss 0.13129643 - time (sec): 1.30 - samples/sec: 3963.39 - lr: 0.000195 - momentum: 0.000000
2025-12-22 17:55:23,207 epoch 80 - iter 15/59 - loss 0.12723866 - time (sec): 1.94 - samples/sec: 4008.60 - lr: 0.000195 - momentum: 0.000000
2025-12-22 17:55:23,798 epoch 80 - iter 20/59 - loss 0.12851439 - time (sec): 2.53 - samples/sec: 4130.78 - lr: 0.000195 - momentum: 0.000000
2025-12-22 17:55:24,280 epoch 80 - iter 25/59 - loss 0.13110443 - time (sec): 3.01 - samples/sec: 4360.47 - lr: 0.000195 - momentum: 0.000000
2025-12-22 17:55:25,042 epoch 80 - iter 30/59 - loss 0.13006652 - time (sec): 3.78 - samples/sec: 4237.68 - lr: 0.000195 - momentum: 0.000000
2025-12-22 17:55:25,617 epoch 80 - iter 35/59 - loss 0.12888930 - time (sec): 4.35 - samples/sec: 4283.75 - lr: 0.000195 - momentum: 0.000000
2025-12-22 17:55:26,328 epoch 80 - iter 40/59 - loss 0.13022251 - time (sec): 5.06 - samples/sec: 4211.13 - lr: 0.000195 - momentum: 0.000000
2025-12-22 17:55:27,071 epoch 80 - iter 45/59 - loss 0.12933852 - time (sec): 5.80 - samples/sec: 4179.82 - lr: 0.000195 - momentum: 0.000000
2025-12-22 17:55:27,650 epoch 80 - iter 50/59 - loss 0.12791415 - time (sec): 6.38 - samples/sec: 4210.34 - lr: 0.000195 - momentum: 0.000000
2025-12-22 17:55:28,317 epoch 80 - iter 55/59 - loss 0.12828060 - time (sec): 7.05 - samples/sec: 4203.06 - lr: 0.000195 - momentum: 0.000000
2025-12-22 17:55:28,874 ----------------------------------------------------------------------------------------------------
2025-12-22 17:55:28,874 EPOCH 80 done: loss 0.1305 - lr: 0.000195
2025-12-22 17:55:29,784 DEV : loss 0.2658556401729584 - f1-score (micro avg)  0.93
2025-12-22 17:55:29,786  - 3 epochs without improvement
2025-12-22 17:55:29,786 ----------------------------------------------------------------------------------------------------
2025-12-22 17:55:30,420 epoch 81 - iter 5/59 - loss 0.11103115 - time (sec): 0.63 - samples/sec: 4073.33 - lr: 0.000195 - momentum: 0.000000
2025-12-22 17:55:31,034 epoch 81 - iter 10/59 - loss 0.11285703 - time (sec): 1.25 - samples/sec: 4207.57 - lr: 0.000195 - momentum: 0.000000
2025-12-22 17:55:31,799 epoch 81 - iter 15/59 - loss 0.12421542 - time (sec): 2.01 - samples/sec: 4037.28 - lr: 0.000195 - momentum: 0.000000
2025-12-22 17:55:32,514 epoch 81 - iter 20/59 - loss 0.12888951 - time (sec): 2.73 - samples/sec: 4032.44 - lr: 0.000195 - momentum: 0.000000
2025-12-22 17:55:33,110 epoch 81 - iter 25/59 - loss 0.12711835 - time (sec): 3.32 - samples/sec: 4051.19 - lr: 0.000195 - momentum: 0.000000
2025-12-22 17:55:33,815 epoch 81 - iter 30/59 - loss 0.12740518 - time (sec): 4.03 - samples/sec: 4031.22 - lr: 0.000195 - momentum: 0.000000
2025-12-22 17:55:34,420 epoch 81 - iter 35/59 - loss 0.12834941 - time (sec): 4.63 - samples/sec: 4047.14 - lr: 0.000195 - momentum: 0.000000
2025-12-22 17:55:35,070 epoch 81 - iter 40/59 - loss 0.12656306 - time (sec): 5.28 - samples/sec: 4053.10 - lr: 0.000195 - momentum: 0.000000
2025-12-22 17:55:35,803 epoch 81 - iter 45/59 - loss 0.12553795 - time (sec): 6.02 - samples/sec: 4002.94 - lr: 0.000195 - momentum: 0.000000
2025-12-22 17:55:36,417 epoch 81 - iter 50/59 - loss 0.12654802 - time (sec): 6.63 - samples/sec: 4022.15 - lr: 0.000195 - momentum: 0.000000
2025-12-22 17:55:37,048 epoch 81 - iter 55/59 - loss 0.12584732 - time (sec): 7.26 - samples/sec: 4068.42 - lr: 0.000195 - momentum: 0.000000
2025-12-22 17:55:37,553 ----------------------------------------------------------------------------------------------------
2025-12-22 17:55:37,553 EPOCH 81 done: loss 0.1256 - lr: 0.000195
2025-12-22 17:55:38,230 DEV : loss 0.26599153876304626 - f1-score (micro avg)  0.9297
2025-12-22 17:55:38,232  - 4 epochs without improvement (above 'patience')-> annealing learning_rate to [9.765625e-05]
2025-12-22 17:55:38,232 ----------------------------------------------------------------------------------------------------
2025-12-22 17:55:38,232 learning rate too small - quitting training!
2025-12-22 17:55:38,232 ----------------------------------------------------------------------------------------------------
2025-12-22 17:55:38,232 Saving model ...
2025-12-22 17:55:38,260 Done.
2025-12-22 17:55:38,260 ----------------------------------------------------------------------------------------------------
2025-12-22 17:55:38,260 Loading model from best epoch ...
2025-12-22 17:55:38,293 [b'<unk>', b'\xe2\x96\x81', b'.', b't', b'n', b's', b'\xe2\x96\x81ja', b',', b'i', b'\xe2\x96\x81lea', b'e', b'in', b'\xe2\x96\x81leat', b'id', b'a', b'it', b'\xe2\x96\x81go', b'\xc3\xa1', b'ii', b'o', b'?', b'\xe2\x96\x81lei', b'at', b'\xc5\xa1', b'ahte', b'\xe2\x96\x81ii', b'u', b'-', b'\xe2\x96\x81ledje', b'\xe2\x96\x81maid', b'\xe2\x96\x81dan', b'\xe2\x96\x81So', b'\xc3\xa1n', b'\xe2\x96\x81de', b'mii', b'go', b'!', b'an', b'\xe2\x96\x81s\xc3\xa1mi', b'is', b'son', b'\xe2\x96\x81b', b'\xe2\x96\x81Mun', b'\xc3\xa1i', b'd', b'\xe2\x96\x81M', b'et', b'\xe2\x96\x81dat', b'edje', b'\xe2\x96\x81su', b'\xe2\x96\x81muht', b'\xe2\x96\x81gal', b'\xe2\x96\x81Dat', b'la\xc5\xa1', b'\xe2\x96\x81mielde', b'\xe2\x96\x81D\xc3\xa1', b'\xe2\x96\x81Ja', b'ui', b'\xe2\x96\x81eai', b'as', b'\xe2\x96\x81lean', b'\xe2\x96\x81birra', b'ge', b'\xe2\x96\x81ollu', b'ba', b'\xe2\x96\x81nu', b'_', b'\xe2\x96\x81galg', b'hta', b'ga', b'\xe2\x96\x81d\xc3\xa1n', b'iid', b'\xe2\x96\x81jagi', b':', b'\xc4\x8d\xc4\x8da', b'\xe2\x96\x81s\xc3\xa1htt\xc3\xa1', b'\xe2\x96\x81mu', b'\xe2\x96\x81du\xc5\xa1\xc5\xa1', b'\xe2\x96\x81buo', b'\xe2\x96\x81Lea', b'\xe2\x96\x81olbmo', b'\xe2\x96\x81maidd\xc3\xa1', b'\xe2\x96\x81dah', b'je', b'\xe2\x96\x81d\xc3\xa1', b'\xe2\x96\x81mun', b'gui', b'\xe2\x96\x81sii', b'\xe2\x96\x81Ii', b'\xe2\x96\x81l', b'\xe2\x96\x81ie\xc5\xbeas', b'don', b'\xe2\x96\x81Sii', b'\xe2\x96\x81Muht', b'\xe2\x96\x81B', b'ppe', b'\xe2\x96\x81ear\xc3\xa1', b'ma', b'es', b'\xe2\x96\x81D', b'\xe2\x96\x81ge', b'\xe2\x96\x81m\xc3\xa1n\xc3\xa1', b'jit', b'\xe2\x96\x81d\xc3\xa1l', b'iin', b'\xe2\x96\x81o', b'ut', b'ide', b'\xe2\x96\x81boaht\xc3\xa1', b'us', b'\xe2\x96\x81Go', b'igu', b'\xe2\x96\x81S', b'\xe2\x96\x81O', b'\xe2\x96\x81Dan', b'l', b'\xe2\x96\x81min', b'\xe2\x96\x81o\xc4\x91\xc4\x91a', b'\xe2\x96\x81s\xc3\xa1megiela', b'\xe2\x96\x81o\xc5\xbe\xc5\xbeo', b'\xe2\x96\x81ovdal', b'\xe2\x96\x81De', b'o\xc4\x91ii', b'\xe2\x96\x81skuvlla', b'\xe2\x96\x81geat', b'os', b'\xe2\x96\x81galge', b'\xe2\x96\x81Do', b'\xe2\x96\x81unn', b'\xe2\x96\x81vai', b'\xe2\x96\x81du', b'\xe2\x96\x81S\xc3\xa1medikki', b'\xe2\x96\x81sin', b'mis', b'\xe2\x96\x81guokte', b'\xe2\x96\x81leama\xc5\xa1', b'\xe2\x96\x81gaskka', b'\xe2\x96\x81K\xc3\xa1r\xc3\xa1\xc5\xa1joga', b'\xe2\x96\x81S\xc3\xa1mi', b'\xe2\x96\x81skuvla', b'alle', b'de', b'\xe2\x96\x81manna', b'\xe2\x96\x81dahka', b'\xe2\x96\x81\xc3\xa1\xc5\xa1\xc5\xa1i', b'\xe2\x96\x81V', b'\xe2\x96\x81bohte', b'\xe2\x96\x81do', b'\xe2\x96\x81eana', b'h', b'\xe2\x96\x81munnje', b'\xe2\x96\x81juo', b'\xe2\x96\x81vel', b'\xe2\x96\x81Soai', b'uvvo', b'\xe2\x96\x81hui', b'\xe2\x96\x81dearvva\xc5\xa1vuo\xc4\x91a', b'\xe2\x96\x81intern\xc3\xa1htta', b';', b'hkii', b'ot', b'\xe2\x96\x81mat', b'\xe2\x96\x81daid', b'da', b'\xe2\x96\x81jo', b'\xe2\x96\x81Finnm\xc3\xa1rkku', b'\xe2\x96\x81r', b'\xe2\x96\x81vuo', b'\xe2\x96\x81fas', b'\xe2\x96\x81m\xc3\xa1n\xc3\xa1id', b'34', b'\xe2\x96\x81oahpaheaddji', b'\xe2\x96\x81r\xc3\xa1', b'vuo\xc4\x91a', b'\xe2\x96\x81S\xc3\xa1medigg', b'\xe2\x96\x81buorr', b'inna', b'lusa', b'\xe2\x96\x81ere', b've', b'\xe2\x96\x81guovllu', b'\xe2\x96\x81dakk\xc3\xa1r', b'\xe2\x96\x81orro', b'\xe2\x96\x81eanet', b'&', b'#', b'\xe2\x96\x81oa\xc5\xbe\xc5\xbeu', b'\xe2\x96\x81\xc3\x81', b'\xe2\x96\x81das', b'\xe2\x96\x81D\xc3\xa1l', b'\xe2\x96\x81Guovdageainnu', b'\xe2\x96\x81ie\xc5\xbea', b'\xe2\x96\x81Ea', b'\xe2\x96\x81ferte', b'\xe2\x96\x81r\xc3\xa1j', b'\xe2\x96\x81gitta', b'\xe2\x96\x81d\xc3\xa1b\xc3\xa1la', b'\xe2\x96\x81intern\xc3\xa1hta', b'\xe2\x96\x81d', b'\xe2\x96\x81stuora', b'\xe2\x96\x81ovttas', b'okte', b'\xe2\x96\x81miel', b'na', b'\xe2\x96\x81juohke', b'ahtti', b'\xe2\x96\x81Maid', b'nje', b'\xe2\x96\x81vuostta\xc5\xa1', b'sa\xc5\xa1', b'\xe2\x96\x81barggu', b'\xe2\x96\x81vuost\xc3\xa1', b'\xe2\x96\x81st\xc3\xa1hta', b'gas', b'\xe2\x96\x81muhtun', b'\xe2\x96\x81dohk', b'ain', b'\xe2\x96\x81Norgga', b'\xe2\x96\x81Lin\xc3\xa1', b'\xe2\x96\x81girjji', b'\xe2\x96\x81g', b'\xe2\x96\x81ovddas', b'\xe2\x96\x81die\xc4\x91u', b'\xe2\x96\x81galgga', b'\xe2\x96\x81duo', b'j', b'\xe2\x96\x81barga', b'\xe2\x96\x81ek', b'\xe2\x96\x81seamma', b'\xe2\x96\x81sihk', b'ege', b'mus', b'\xe2\x96\x81gii', b'beaivvi', b'\xe2\x96\x81okta', b'\xe2\x96\x81G', b'\xe2\x96\x81manai', b'\xe2\x96\x81Mus', b'\xe2\x96\x81Biret', b'oai', b'\xe2\x96\x81m', b'\xe2\x96\x81skuvllas', b'\xe2\x96\x81sierra', b'\xe2\x96\x81\xc5\xa1at', b'\xe2\x96\x81ovtta', b'uid', b'\xe2\x96\x81Ipmil', b'dde', b'\xe2\x96\x81makk\xc3\xa1r', b'mi', b'\xe2\x96\x81mo', b'\xe2\x96\x81\xc3\xa1iggi', b'\xe2\x96\x81boahti', b'llii', b'\xe2\x96\x81nuppi', b'\xe2\x96\x81v\xc3\xa1ldi', b'\xe2\x96\x81ma\xc5\x8b\xc5\x8b\xc3\xa1', b'\xe2\x96\x81Romssa', b'\xe2\x96\x81oahppi', b'\xe2\x96\x81olbmuid', b'\xe2\x96\x81R', b'\xe2\x96\x81Mi', b'\xe2\x96\x81bear', b'\xe2\x96\x81Das', b'\xe2\x96\x81s\xc3\xa1htte', b'dego', b'\xe2\x96\x81gos', b'\xe2\x96\x81\xc3\xa1lo', b'\xe2\x96\x81vuoigatvuo\xc4\x91a', b'Finnm\xc3\xa1rkkuopmoda', b'eapm', b'\xe2\x96\x81geavah', b'\xc5\xbei', b'\xe2\x96\x81Le', b'\xe2\x96\x81oktii', b'\xe2\x96\x81sull', b'sa', b'on', b'\xe2\x96\x81E', b'\xe2\x96\x81d\xc3\xa1rbba\xc5\xa1', b'\xe2\x96\x81oaidn\xc3\xa1', b'r', b'dasa', b'\xe2\x96\x81eam', b'\xe2\x96\x81A', b'uhtte', b'\xe2\x96\x81bures', b'\xe2\x96\x81bidja', b'\xe2\x96\x81boazodoalu', b'\xe2\x96\x81mearr\xc3\xa1dusa', b'\xe2\x96\x81mearrid', b'ojuvvo', b'\xe2\x96\x81\xc3\xa1igge', b'il', b'\xe2\x96\x81olmmo\xc5\xa1', b'\xe2\x96\x81Buo', b'l\xc3\xa1gan', b'3', b'\xe2\x96\x81M\xc3\xa1n\xc3\xa1', b'dne', b'\xe2\x96\x81Ollu', b'\xe2\x96\x81oktavuo\xc4\x91a', b'jiide', b'\xe2\x96\x81l\xc3\xa1hka', b'\xe2\x96\x81Juohke', b'\xe2\x96\x81l\xc3\xa1v', b'\xe2\x96\x81\xc5\xa1add', b'\xe2\x96\x81mas', b'\xe2\x96\x81oktag', b'\xe2\x96\x81diht', b'lle', b'\xe2\x96\x81L', b'\xc4\x91a', b'\xe2\x96\x81\xc5\xa1adda', b'\xe2\x96\x81gea', b'\xe2\x96\x81nama', b'\xe2\x96\x81dalle', b'\xe2\x96\x81stuorra', b'\xe2\x96\x81Nu', b'v', b'\xe2\x96\x81Al', b'\xe2\x96\x81guhte', b'\xe2\x96\x81\xc5\xa1atta', b'\xe2\x96\x81bargu', b'\xe2\x96\x81d\xc3\xa1s', b'la', b'\xe2\x96\x81oaidni', b'\xe2\x96\x81guhk\xc3\xa1', b'kki', b'\xe2\x96\x81Mu', b'\xe2\x96\x81sis', b'\xe2\x96\x81\xc3\xa1igu', b'\xe2\x96\x81s\xc3\xa1ht', b'bu', b'(', b')', b'\xe2\x96\x81da', b'uin', b'\xc3\xa1t', b'\xe2\x96\x81geah\xc4\x8d\xc4\x8da', b'min', b'\xe2\x96\x81g\xc3\xa1', b'\xe2\x96\x81f\xc3\xa1ga', b'\xe2\x96\x81\xc4\x8d\xc3\xa1lli', b'\xe2\x96\x81dus', b'\xe2\x96\x81oasti', b'\xe2\x96\x81orru', b'\xe2\x96\x81v\xc3\xa1rr', b'\xe2\x96\x81gaska', b'\xe2\x96\x81dii', b'\xe2\x96\x81din', b'\xe2\x96\x81\xc3\xa1\xc5\xa1\xc5\xa1iid', b'ejuvvo', b'\xe2\x96\x81ma\xc5\x8b\xc5\x8bel', b'\xe2\x96\x81erenoam\xc3\xa1', b'\xe2\x96\x81movt', b'\xe2\x96\x81K', b'\xe2\x96\x81vuolg', b'\xe2\x96\x81historjj\xc3\xa1', b'un', b'\xe2\x96\x81Dii', b'me', b'\xc3\xa1s', b'\xe2\x96\x81Mo', b'\xe2\x96\x81ie\xc5\xa1', b'\xe2\x96\x81bargga', b'a\xc5\xa1', b'\xe2\x96\x81vaikko', b'\xe2\x96\x81bukt', b'\xe2\x96\x81luonddu', b'siid', b'\xe2\x96\x81vuo\xc4\x91u', b'bbo', b'juvvo', b'\xe2\x96\x81golmma', b'\xe2\x96\x81olle', b'l\xc3\xa1hka', b'eami', b'\xe2\x96\x81s\xc3\xa1miid', b'\xe2\x96\x81nubbi', b'llu', b'\xe2\x96\x81In', b'\xe2\x96\x81buoremus', b'\xe2\x96\x81vejola\xc5\xa1', b'\xe2\x96\x81sosi\xc3\xa1la', b'\xe2\x96\x81h\xc3\xa1', b'\xe2\x96\x81ovddid', b'\xe2\x96\x81d\xc3\xa1rogiela', b'dni', b'\xe2\x96\x81\xc4\x8d\xc3\xa1ll\xc3\xa1', b'\xe2\x96\x81moa', b'\xe2\x96\x81m\xc3\xa1ksi', b'\xe2\x96\x81Gal', b'\xe2\x96\x81ru', b'\xe2\x96\x81j', b'aid', b'lu', b'\xe2\x96\x81namma', b'\xe2\x96\x81Na', b'\xe2\x96\x81\xc3\xa1iggu', b'\xe2\x96\x81b\xc3\xa1rtni', b'gis', b'er', b'ehpet', b'\xe2\x96\x81nieidda', b'\xe2\x96\x81golbma', b'\xc3\xa1la\xc5\xa1', b'\xe2\x96\x81man', b'0', b'\xe2\x96\x81moai', b'\xe2\x96\x81reiv', b'dda', b'tui', b'usa', b'\xe2\x96\x81die', b'\xc3\xa1hka', b'miid', b'ddi', b'tiin', b'ike', b'gat', b'ka', b'\xe2\x96\x81ea', b'k', b'\xe2\x96\x81geavahi', b'\xe2\x96\x81d\xc3\xa1id', b'la\xc4\x8d\xc4\x8da', b'abas', b'logu', b'\xe2\x96\x81olggo', b'\xe2\x96\x81v\xc3\xa1ttis', b'guovtto', b'\xe2\x96\x81bi', b'\xe2\x96\x81st\xc3\xa1lu', b'\xe2\x96\x81Oslo', b'\xe2\x96\x81lullis\xc3\xa1mi', b'ja', b'\xe2\x96\x81mieht', b'\xe2\x96\x81M\xc3\xa1htte', b'\xe2\x96\x81nuora', b'\xe2\x96\x81d\xc3\xa1vj', b'or', b'gosa', b'\xe2\x96\x81dadja', b'\xe2\x96\x81J', b'tet', b'\xe2\x96\x81meahcc', b'\xe2\x96\x81\xc4\x8dielga', b'sii', b'\xe2\x96\x81eat', b'dje', b'\xe2\x96\x81vu', b'\xe2\x96\x81eatnama', b'\xe2\x96\x81Du', b'\xe2\x96\x81soai', b'\xe2\x96\x81sut', b'\xe2\x96\x81mana', b'\xe2\x96\x81v\xc3\xa1ld\xc3\xa1', b'\xe2\x96\x81s\xc3\xa1vzza', b'\xe2\x96\x81P', b'\xe2\x96\x81\xc3\xa1rvvo\xc5\xa1talla', b'\xe2\x96\x81r\xc3\xa1hkadi', b'\xe2\x96\x81lahka', b'mat', b'vuo', b'\xe2\x96\x81dili', b'\xe2\x96\x81m\xc3\xa1\xc5\x8bg', b'\xe2\x96\x81I', b'\xe2\x96\x81oidne', b'\xe2\x96\x81liv\xc4\x8d\xc4\x8d', b'\xe2\x96\x81adnojuvvo', b'pmi', b'beali', b'\xe2\x96\x81kultuvrra', b'\xe2\x96\x81jahk\xc3\xa1sa', b'miin', b'\xe2\x96\x81muitala', b'\xe2\x96\x81S\xc3\xa1pmela\xc4\x8d\xc4\x8da', b'\xe2\x96\x81Muhtum', b'\xe2\x96\x81Tom', b'\xe2\x96\x81Man', b'okto', b'\xe2\x96\x81boa\xc4\x91', b'ala\xc5\xa1', b'\xe2\x96\x81l\xc3\xa1ga', b'va\xc5\xa1', b'\xe2\x96\x81Olbmo', b'\xe2\x96\x81kultur', b'keahtt\xc3\xa1', b'\xe2\x96\x81giela', b'\xe2\x96\x81Eana', b'barggu', b'\xe2\x96\x81skuvl', b'\xe2\x96\x81g\xc3\xa1vtti', b'\xe2\x96\x81oahppan', b'skuvlla', b'\xe2\x96\x81lohka', b'\xe2\x96\x81Sus', b'00', b'\xe2\x96\x81boaittobeal', b'\xe2\x96\x81gili', b'\xe2\x96\x81guhki', b'\xe2\x96\x81lanja', b'hte', b'\xe2\x96\x81U', b'\xe2\x96\x81barg', b'\xe2\x96\x81\xc4\x8da\xc4\x91a', b'\xe2\x96\x81M\xc3\xa1nn\xc3\xa1', b'\xe2\x96\x81h\xc3\xa1liid', b'\xe2\x96\x81m\xc3\xa1\xc5\x8bgga', b'\xe2\x96\x81gieldda', b'vu', b'lit', b'men', b'\xe2\x96\x81g\xc3\xa1vdno', b'\xe2\x96\x81riekt', b'\xe2\x96\x81deh\xc3\xa1la', b'\xe2\x96\x81d\xc3\xa1hp\xc3\xa1huvv', b'\xe2\x96\x81g\xc3\xa1hkuid', b'\xe2\x96\x81Doai', b'lohk\xc3\xa1', b'\xe2\x96\x81ruhta', b'\xe2\x96\x81ovddasv\xc3\xa1st\xc3\xa1dus', b'\xe2\x96\x81Deanu', b'htii', b'\xe2\x96\x81oppa', b'\xe2\x96\x81ald', b'hki', b'\xe2\x96\x81v\xc3\xa1r', b'\xe2\x96\x81vulggii', b'\xe2\x96\x81beasa', b'\xc3\xa1iggi', b'\xe2\x96\x81Mann', b'beht', b'\xe2\x96\x81liv\xc4\x8d\xc4\x8de', b'\xe2\x96\x81Gu', b'\xe2\x96\x81Eat', b'\xe2\x96\x81muitali', b'\xe2\x96\x81ma\xc5\x8bimu', b'ku', b'\xe2\x96\x81mann', b'\xe2\x96\x81st\xc3\xa1', b'\xe2\x96\x81olbmui', b'illi', b'\xe2\x96\x81sisa', b'lui', b'\xe2\x96\x81fertej', b'\xe2\x96\x81oahppa', b'\xe2\x96\x81njuolggadusa', b'pm\xc3\xa1', b'\xe2\x96\x81lokte', b'idda', b'\xe2\x96\x81gusto', b'\xe2\x96\x81luo', b'\xe2\x96\x81s\xc3\xa1', b'\xe2\x96\x81bivdi', b'anvuoigatvuo\xc4\x91a', b'\xe2\x96\x81vuoigatvuo', b'\xe2\x96\x81\xc3\xa1lge', b'\xe2\x96\x81manne', b'\xc4\x91ui', b'\xe2\x96\x81m\xc3\xa1nn\xc3\xa1', b'\xe2\x96\x81Pippi', b'\xe2\x96\x81viesu', b'\xc5\xbea', b'\xe2\x96\x81Gea', b'\xe2\x96\x81deattuh', b'\xe2\x96\x81d\xc3\xa1l\xc3\xa1', b'\xe2\x96\x81danin', b'\xe2\x96\x81sihkkarast', b'\xe2\x96\x81danne', b'\xc3\xa1la\xc4\x8d\xc4\x8da', b'\xe2\x96\x81Da', b'\xe2\x96\x81doaimma', b'\xe2\x96\x81oahpahusa', b'\xe2\x80\x93', b'\xe2\x96\x81div\xc5\xa1\xc5\xa1ohasa', b'\xe2\x96\x81buohccediv\xc5\xa1\xc5\xa1\xc3\xa1r', b'\xe2\x96\x8119', b'\xe2\x96\x81Bu', b'5', b'\xe2\x96\x81viss', b'\xe2\x96\x81njeallj', b'gga', b'\xe2\x96\x81gille', b'vtta', b'\xe2\x96\x81fertii', b'\xe2\x96\x81\xc4\x8duovgga', b'\xe2\x96\x81bukte', b'\xe2\x96\x81s\xc3\xa1pmela\xc4\x8d\xc4\x8da', b'\xe2\x96\x81oasi', b'\xe2\x96\x81vihtta', b'\xe2\x96\x81Nieidda', b'\xe2\x96\x81dut', b'\xe2\x96\x81buore', b'diht', b'\xe2\x96\x81meara', b'goaht\xc3\xa1', b'\xe2\x96\x81muitt', b'\xe2\x96\x81oass\xc3\xa1lasti', b'go\xc4\x91ii', b'\xe2\x96\x81filmma', b'vvon', b'\xe2\x96\x81suohkana', b'd\xc3\xa1i', b'\xe2\x96\x81r\xc3\xa1\xc4\x91\xc4\x91e', b'\xe2\x96\x81b\xc3\xa1ikki', b'\xe2\x96\x81sm\xc3\xa1vva', b'ama', b'\xe2\x96\x81oktan', b'\xe2\x96\x81Hearr\xc3\xa1', b'\xe2\x96\x81rieg\xc3\xa1d', b'ivrras', b'\xe2\x96\x81garra', b'\xc5\xbe\xc5\xbe', b'\xe2\x96\x81buohka', b'k\xc3\xa1n', b'laga', b'\xe2\x96\x8112', b'ras', b'\xe2\x96\x81Leat', b'\xe2\x96\x81Galg', b'lin', b'\xe2\x96\x81bohcco', b'\xe2\x96\x81stuor\xc3\xa1', b'emiin', b'\xe2\x96\x81\xc5\xa1adde', b'\xe2\x96\x81l\xc3\xa1ve', b'\xe2\x96\x81meahcce', b'\xe2\x96\x81Juo', b'\xe2\x96\x81jiena', b'\xe2\x96\x81\xc4\x8da\xc4\x91ah', b'\xe2\x96\x81guorahalla', b'\xc5\xbe\xc5\xbea', b'\xe2\x96\x81ulbmil', b'lohku', b'\xe2\x96\x81\xc4\x8duo', b'lassi', b'\xe2\x96\x81d\xc3\xa1rbba\xc5\xa1a', b'\xe2\x96\x81add', b'\xe2\x96\x81dil\xc3\xa1la\xc5\xa1vuo\xc4\x91a', b'husa', b'\xe2\x96\x81addi', b'hpa', b'le', b'\xe2\x96\x81dakk', b'\xe2\x96\x81hea', b'\xe2\x96\x81geasse', b'\xe2\x96\x81goass', b'eadni', b'\xe2\x96\x81\xc4\x8d\xc3\xa1ppa', b'\xe2\x96\x81orui', b'\xe2\x96\x81mi', b'\xe2\x96\x81ohc', b'\xe2\x96\x81vara', b'\xe2\x96\x81\xc4\x8dohkk\xc3\xa1', b'\xe2\x96\x81v\xc3\xa1ikkuhi', b'\xe2\x96\x81doaibma', b'\xe2\x96\x81guovdd\xc3\xa1\xc5\xa1', b'\xe2\x96\x81oassi', b'\xe2\x96\x81giella', b'\xe2\x96\x81R\xc3\xa1\xc4\x91\xc4\x91ehus', b'd\xc3\xa1f', b'\xe2\x96\x81doaimmai', b'\xe2\x96\x81lohkan', b'm', b'\xe2\x96\x81j\xc3\xa1vka', b'\xe2\x96\x81d\xc3\xa1kk\xc3\xa1r', b'\xe2\x96\x81v\xc3\xa1zzi', b'\xe2\x96\x81luohk\xc3\xa1', b'skuvllas', b'\xe2\x96\x81gearga', b'\xe2\x96\x81K\xc3\xa1r\xc3\xa1\xc5\xa1jo', b'\xe2\x96\x81geain', b'\xe2\x96\x81veahk', b'\xe2\x96\x81\xc3\xa1lg', b'\xe2\x96\x81liiko', b'\xe2\x96\x81seamm\xc3\xa1', b'lot', b'\xe2\x96\x81\xc3\xa1lbmoga', b'\xe2\x96\x81Por', b'\xc3\xa1\xc5\x8bggu', b'\xe2\x96\x81Bea', b'nsen', b'eal\xc3\xa1husa', b'\xe2\x96\x81doar', b'\xe2\x96\x81St\xc3\xa1ll', b'\xe2\x96\x81sp\xc3\xa1', b'\xe2\x96\x81Intern\xc3\xa1htta', b'\xe2\x96\x81intern\xc3\xa1htt', b'\xe2\x96\x81\xc3\xa1lgo', b'\xe2\x96\x81dovde', b'\xe2\x96\x81s\xc3\xa1me', b'\xe2\x96\x81gu', b'gelbbola\xc5\xa1vuo', b'\xe2\x96\x81v\xc3\xa1hnem', b'\xe2\x96\x81kl\xc3\xa1ssalanja', b'\xe2\x96\x81unnit', b'dat', b'\xe2\x96\x81diibm', b'\xe2\x96\x81berre', b'\xe2\x96\x81guhk', b'ppa', b'aga', b'\xe2\x96\x81bah\xc3\xa1', b'\xe2\x96\x81Jesus', b'\xe2\x96\x81ruvnn', b'\xe2\x96\x81atn', b'\xe2\x96\x81doaimmaid', b'\xe2\x96\x81journ\xc3\xa1la', b'\xe2\x96\x81Ruo\xc5\xa7a', b'amas', b'\xc5\x8ba', b'\xe2\x96\x81suohtas', b'ija', b'daga', b'\xe2\x96\x81boar', b'\xe2\x96\x81Sp', b'\xe2\x96\x81\xc3\x81ddj\xc3\xa1', b'heasta', b'\xe2\x96\x81nuoraid', b'ahk\xc3\xa1', b'van', b'oahpaheaddji', b'f', b'\xe2\x96\x81oidno', b'\xe2\x96\x81Su', b'\xe2\x96\x81vuorr', b'\xe2\x96\x81n\xc3\xa1', b'\xe2\x96\x81sk', b'\xe2\x96\x81St\xc3\xa1hta', b'\xe2\x96\x81\xc3\x81ltt\xc3\xa1', b'\xe2\x96\x81geava', b'\xe2\x96\x81saji', b'\xe2\x96\x81fa', b'ahpaheaddji', b'\xe2\x96\x81njuolg', b'\xe2\x96\x81vugii', b'\xe2\x96\x81dovdda', b'sta', b'\xe2\x96\x81ohppiid', b'\xe2\x96\x81dadj', b'\xe2\x96\x81nuorra', b'vuogi', b'vva', b'\xe2\x96\x81\xc5\xa1iehtadus', b'\xe2\x96\x81diev', b'\xe2\x96\x81rea', b'be', b'ke', b'doalu', b'l\xc3\xa1', b'\xe2\x96\x81bero\xc5\xa1tumi', b'\xe2\x96\x81olbm\xc3\xa1', b'\xe2\x96\x81g\xc3\xa1vdna', b'\xe2\x96\x81vi', b'\xe2\x96\x81muora', b'\xc3\xa1d', b'\xe2\x96\x81att', b'\xe2\x96\x81doala', b'\xe2\x96\x81boast', b'\xe2\x96\x81Boa\xc4\x91', b'tte', b'\xe2\x96\x81eatnamiid', b'idis', b'\xe2\x96\x81Mana', b'sse', b'\xe2\x96\x81boazodoallo', b'\xe2\x96\x81b\xc3\xa1ikk', b'\xe2\x96\x81pl\xc3\xa1na', b'ena', b'\xe2\x96\x81fylkka', b'\xe2\x96\x81bargojoavk', b'\xe2\x96\x81besse', b'vuoigatvuo', b'riggodagaid', b'\xe2\x96\x81v\xc3\xa1llje', b'\xe2\x96\x81masa', b'\xe2\x96\x81h\xc3\xa1liida', b'\xe2\x96\x81vuoit', b'kti', b'uvve', b'\xe2\x96\x81guv', b'mu\xc5\xa1aid', b'kte', b'\xe2\x96\x81oainn\xc3\xa1', b'\xe2\x96\x81dolo', b'\xe2\x96\x81g\xc3\xa1ib\xc3\xa1dusa', b'\xe2\x96\x81nissona', b'\xe2\x96\x81uhcc', b'\xe2\x96\x81eane', b'vtto', b'\xe2\x96\x81mearriduvvo', b'stii', b'\xe2\x96\x81Nupp', b'bbi', b'\xe2\x96\x81gustoj', b'l\xc3\xa1vdego', b'\xe2\x96\x81\xc4\x8dilge', b'doaimma', b'liid', b'\xe2\x96\x81lohp', b'lobi', b'\xe2\x96\x81ma\xc5\x8b\xc5\x8b', b'\xe2\x96\x81ealli', b'huvvo', b'\xe2\x96\x81gulla', b'\xe2\x96\x81dahke', b'\xe2\x96\x81dearva', b'\xe2\x96\x81soa', b'olu', b'ahkki', b'\xe2\x96\x81Jos', b'avi', b'\xc4\x91e', b'\xe2\x96\x81guhkk', b'\xe2\x96\x81just', b'\xe2\x96\x81sist', b'\xe2\x96\x81jurdda\xc5\xa1', b'\xe2\x96\x81b\xc3\xa1l', b'\xe2\x96\x81viess', b'\xe2\x96\x81uksa', b'\xe2\x96\x81Lo', b'\xe2\x96\x81Gii', b'ddu', b'\xe2\x96\x81G\xc3\xa1r', b'\xe2\x96\x81v\xc3\xa1ccii', b'ala', b'\xe2\x96\x81heait', b'\xe2\x96\x81oa\xc4\x91\xc4\x91i', b'innii', b'\xe2\x96\x81\xc4\x8d', b'\xe2\x96\x81\xc3\x81igg', b'easta', b'\xe2\x96\x81v\xc3\xa1', b'\xe2\x96\x81d\xc3\xa1hp\xc3\xa1huva', b'\xe2\x96\x81h\xc3\xa1r', b'\xe2\x96\x81organisa\xc5\xa1uvnna', b'\xe2\x96\x81jienastuslogu', b'\xe2\x96\x81mie', b'\xe2\x96\x81almmola\xc5\xa1', b'\xe2\x96\x81m\xc3\xa1htte', b'\xe2\x96\x81oro', b'riekt', b'\xe2\x96\x81riikkaid', b'nna', b'\xc3\xa1vj', b'\xe2\x96\x81laga', b'\xe2\x96\x81Guovdd\xc3\xa1', b'\xe2\x96\x81nanne', b'\xe2\x96\x81boahtte', b'eaddji', b'\xe2\x96\x81gulle', b'rr\xc3\xa1i', b'etne', b'di', b'\xe2\x96\x81da\xc4\x91i', b'\xe2\x96\x81Mis', b'hii', b'm\xc3\xa1nu', b'\xe2\x96\x81so', b'\xe2\x96\x81ustib', b'det', b'\xe2\x96\x81v\xc3\xa1ldo', b'hken', b'\xe2\x96\x81v\xc3\xa1zze', b'dus', b'\xe2\x96\x81l\xc3\xa1gidi', b'\xe2\x96\x81barge', b'jagi', b'arvva\xc5\xa1vuo\xc4\x91abargi', b'\xe2\x96\x81veahkeh', b'g', b'\xe2\x96\x81F', b'iga', b'\xe2\x96\x81\xc4\x8deahp', b'\xc5\xa1il', b'\xe2\x96\x81b\xc3\xa1lkest', b'am', b'\xe2\x96\x81r\xc3\xa1hkaduvvo', b'\xe2\x96\x81\xc4\x8d\xc3\xa1jehi', b'\xe2\x96\x81muorra', b'\xe2\x96\x81g\xc3\xa1vpogi', b'\xe2\x96\x81duohta', b'\xe2\x96\x81ovdan', b'\xe2\x96\x81ga\xc5\xbealdaga', b'v\xc3\xa1i', b'\xe2\x96\x81Nil', b'\xe2\x96\x81duhta', b'va\xc4\x8d\xc4\x8da', b'\xe2\x96\x81200', b'ktas', b'\xe2\x96\x81vie\xc5\xbe\xc5\xbe', b'ige', b'\xe2\x96\x81f\xc3\xa1', b'\xe2\x96\x81stuori', b'\xe2\x96\x81Stuorra', b'\xe2\x96\x81Ma\xc5\x8b\xc5\x8b', b'\xe2\x96\x81universitehta', b'\xe2\x96\x81d\xc3\xa1si', b'\xe2\x96\x8120', b'\xe2\x96\x81\xc3\xa1sah', b'oh', b'\xe2\x96\x81gearddi', b'\xe2\x96\x81d\xc3\xa1lu', b'\xe2\x96\x81oa', b'uvvan', b'\xe2\x96\x81borramu\xc5\xa1a', b'\xe2\x96\x81juogad', b'gohte', b'\xe2\x96\x81ruovttus', b'issui', b'giella', b'\xe2\x96\x81He', b'\xe2\x96\x81ihtt', b'\xe2\x96\x81goar', b'\xe2\x96\x81duddjo', b'mm\xc3\xa1', b'\xe2\x96\x81g\xc3\xa1f', b'\xe2\x96\x81Boa\xc4\x91\xc3\xa1', b'vvi', b'\xe2\x96\x81buori', b'easkka', b'\xe2\x96\x81vuolg\xc3\xa1', b'\xe2\x96\x81Tur', b'\xe2\x96\x81Die', b'\xe2\x96\x81guovtti', b'\xe2\x96\x81ruovttusiid', b'\xe2\x96\x81viellja', b'ala\xc4\x8d\xc4\x8da', b'\xe2\x96\x81ovttasbarggu', b'\xe2\x96\x81guoll', b'\xe2\x96\x81Heast', b'\xe2\x96\x81juolgg', b'\xe2\x96\x81d\xc3\xa1rb', b'\xe2\x96\x81n\xc3\xa1ital', b'\xe2\x96\x81g\xc3\xa1hku', b'\xe2\x96\x81M\xc3\xa1re', b'hat', b'\xe2\x96\x81biillai', b'\xe2\x96\x81N', b'\xe2\x96\x81\xc3\x81nd', b'h\xc4\x8d\xc4\x8di', b'eng', b'\xe2\x96\x81eami\xc3\xa1lbmogi', b'tti', b'\xe2\x96\x81f\xc3\xa1pmu', b'lanja', b'\xe2\x96\x81\xc4\x8d\xc3\xa1hc', b'\xe2\x96\x81b\xc3\xa1r', b'\xe2\x96\x81boa\xc4\x91\xc3\xa1', b'\xc5\xa1ii', b'eappo', b'\xe2\x96\x81politihkkar', b'\xe2\x96\x81gie', b'skat', b'astta', b'\xe2\x96\x81Gaska', b'\xe2\x96\x81eahked', b'sen', b'\xe2\x96\x81bivdd', b'\xe2\x96\x81T', b'\xe2\x96\x81Filbma', b'guovdd\xc3\xa1\xc5\xbe', b'\xe2\x96\x81jo\xc4\x91iheaddji', b'\xc3\xa1ibba', b'\xe2\x96\x81s\xc3\xa1megiel', b'\xe2\x96\x81searv', b'\xe2\x96\x81kurssa', b'\xe2\x96\x81\xc4\x8d\xc3\xa1jeha', b'\xe2\x96\x81borra', b'\xe2\x96\x81v\xc3\xa1ileva\xc5\xa1', b'oahpu', b'\xe2\x96\x81geah\xc4\x8d\xc4\x8d', b'\xe2\x96\x81beass\xc3\xa1', b'\xe2\x96\x81vuos', b'dii', b'riija', b'\xe2\x96\x81galgga\xc5\xa1', b'\xe2\x96\x81beassa', b's\xc3\xa1me', b'oaffar', b'\xe2\x96\x81oahpp', b'pl\xc3\xa1na', b'\xe2\x96\x81geas', b'\xe2\x96\x81lasiha', b'\xe2\x96\x81S\xc3\xa1me', b'pa', b'\xe2\x96\x81l\xc3\xa1giduvvo', b'\xe2\x96\x81joavkku', b'\xe2\x96\x81vis', b'\xe2\x96\x81oaivvi', b'\xe2\x96\x81gul', b'\xe2\x96\x81elliid', b'\xe2\x96\x81eatnamii', b'\xe2\x96\x81\xc3\xa1rv', b'\xe2\x96\x81c', b'ohko', b'\xe2\x96\x81eatnami', b'dan', b'\xe2\x96\x81nieid', b'\xe2\x96\x81Ju', b'dnu', b'ahtt\xc3\xa1', b'\xe2\x96\x81boares', b'\xe2\x96\x81h\xc3\xa1vd', b'b\xc3\xa1iki', b'\xe2\x96\x81vil', b'ai', b'birrasii', b'\xe2\x96\x81r\xc3\xa1fi', b'\xe2\x96\x81gea\xc4\x91g', b'\xe2\x96\x81daja', b'ri', b'oma', b'\xe2\x96\x81vuolggah', b'igga', b'\xe2\x96\x81nie', b'\xe2\x96\x81g\xc3\xa1ibiduvvo', b'njealj\xc3\xa1t', b'\xe2\x96\x81\xc3\xa1h\xc4\x8dis', b'v\xc3\xa1lddii', b'\xe2\x96\x81d\xc3\xa1htu', b'\xe2\x96\x81eahket', b'\xe2\x96\x81beaiv', b'\xe2\x96\x81oahpahus', b'\xe2\x96\x81ovttasbargo', b'iime', b'ime', b'\xe2\x96\x81joatk', b'\xe2\x96\x81oaiviliid', b'\xe2\x96\x81goit', b'\xe2\x96\x81Bi', b'\xe2\x96\x81buvtt', b'\xe2\x96\x81oainnu', b'\xe2\x96\x81priv\xc3\xa1hta', b'\xe2\x96\x81dain', b'\xe2\x96\x81h', b'y', b'\xe2\x96\x81h\xc3\xa1ldda\xc5\xa1an', b'\xe2\x96\x81farg', b'lmmas', b'ddjejuvvo', b'\xe2\x96\x81s\xc3\xa1htti', b'\xe2\x96\x81ovttasbarg', b'\xe2\x96\x81v', b'ohcamii', b'\xe2\x96\x81radio', b'\xe2\x96\x81\xc3\xa1lbmot', b'\xe2\x96\x81\xc3\xa1lgo\xc3\xa1lbmogi', b'\xe2\x96\x81r\xc3\xa1dj', b'\xc3\xa1daga', b'eatnamiid', b'\xe2\x96\x81nupp\xc3\xa1stu', b'\xe2\x96\x81geavaheami', b'\xe2\x96\x81eisev\xc3\xa1lddi', b'\xe2\x96\x81guoskka', b'\xe2\x96\x81listta', b'\xe2\x96\x81ovddast', b'\xe2\x96\x81oli', b'\xe2\x96\x81bu', b'\xe2\x96\x81atn\xc3\xa1', b'\xe2\x96\x81fuolah', b'\xe2\x96\x81\xc4\x8doahkkimi', b'\xe2\x96\x81Vuostta', b'\xe2\x96\x81ovddasteaddji', b'\xe2\x96\x81s\xc3\xa1rdnu', b'aportta', b'\xe2\x96\x81m\xc3\xa1ks\xc3\xa1', b'\xe2\x96\x81Gieldda', b'\xc4\x8d\xc3\xa1zi', b'\xe2\x96\x81luossagu', b'vvui', b'\xe2\x96\x81Departemeantta', b'\xe2\x96\x81earret', b'vdameark', b'pm\xc3\xa1n', b'guovllu', b'\xe2\x96\x81vuo\xc4\x91\xc4\x91uduvv', b'\xe2\x96\x81dahkkojuvvo', b'ski', b'mu\xc5\xa1a', b'\xe2\x96\x81eall', b'\xe2\x96\x81ro', b'\xe2\x96\x81meahci', b'htt\xc3\xa1', b'\xe2\x96\x81\xc4\x8doahkk', b'\xe2\x96\x81l\xc3\xa1veji', b'\xe2\x96\x81muhtumi', b'\xe2\x96\x81alla', b'\xe2\x96\x81dola', b'\xe2\x96\x81ohca', b'hearggi', b'\xe2\x96\x81v\xc3\xa1iba', b'\xe2\x96\x81v\xc3\xa1zz\xc3\xa1', b'\xe2\x96\x81gull', b'idja', b'dju', b'\xe2\x96\x81d\xc3\xa1lv', b'\xe2\x96\x81nal', b'\xe2\x96\x81borran', b'\xe2\x96\x81loga', b'\xe2\x96\x81Jus', b'\xe2\x96\x81v\xc3\xa1cc\xc3\xa1', b'las', b'hkku', b'akk\xc3\xa1r', b'\xe2\x96\x81h\xc3\xa1mi', b'ss\xc3\xa1', b'\xe2\x96\x81geah\xc4\x8dai', b'\xe2\x96\x81doai', b'\xe2\x96\x81g\xc3\xa1vdn', b'lbma', b'\xe2\x96\x81dovda', b'rut', b'\xe2\x96\x81gie\xc4\x91a', b'\xe2\x96\x81h\xc3\xa1bme', b'beal', b'\xe2\x96\x81addojuvvo', b'\xe2\x96\x81dis', b'ske', b'\xe2\x96\x81hukse', b'\xc3\xa1la', b'\xe2\x96\x81jus', b'\xe2\x96\x81bero\xc5\xa1', b'imus', b'kas', b'\xe2\x96\x81di', b'aidd', b'\xe2\x96\x81dea\xc5\xa7ala', b'\xe2\x96\x81\xc3\xa1sahan', b'\xe2\x96\x81vurd', b'\xe2\x96\x81dutkan', b'hppa', b'\xe2\x96\x81vu\xc4\x91ola', b'\xe2\x96\x81\xc4\x8dohkke', b'\xe2\x96\x81geatnegasvuo', b'teva\xc5\xa1', b'ossodaga', b'ro\xc5\xa1eavtta', b'ol', b'\xe2\x96\x81h\xc3\xa1lle', b'\xe2\x96\x81Ledje', b'\xe2\x96\x81vuo\xc4\x91\xc4\x91o', b'\xc3\xa1sahusa', b'\xe2\x96\x81Muit', b'\xe2\x96\x81g\xc3\xa1ibid', b'\xe2\x96\x81\xc3\xa1sahusa', b'\xe2\x96\x81\xc3\xa1lggu', b'\xe2\x96\x81\xc4\x8d\xc3\xa1lle', b'\xe2\x96\x81dieht\xc3\xa1', b'\xe2\x96\x81Ie\xc5\xa1', b'\xe2\x96\x81ruovttu', b'aikko', b'asgi', b'met', b'\xe2\x96\x81199', b'\xe2\x96\x81jerre', b'\xe2\x96\x81joatkkaskuvlla', b'Norgga', b'\xe2\x96\x81Ear\xc3\xa1', b'girjji', b'\xe2\x96\x81\xc3\x81ilu', b'\xe2\x96\x81L\xc3\xa1rin', b'jus', b'jo', b'jiid', b'\xe2\x96\x81duo\xc4\x91ala', b'eame', b'\xe2\x96\x81\xc4\x8duvge', b'\xe2\x96\x81girj', b'goahti', b'\xe2\x96\x81poartta', b'\xe2\x96\x81mihti', b'\xe2\x96\x81G\xc3\xa1vpot', b'\xe2\x96\x81govd', b'\xe2\x96\x81L\xc3\xa1', b'\xe2\x96\x81\xc4\x8duovga', b'ideaset', b'\xe2\x96\x81b\xc3\xa1lvaleaddji', b'\xc3\xa1bb\xc3\xa1', b'ea', b'\xe2\x96\x81l\xc3\xa1', b'\xe2\x96\x81ce', b'\xe2\x96\x81s\xc3\xa1ni', b'\xe2\x96\x81Ell', b'\xe2\x96\x81goh\xc4\x8dod', b'\xe2\x96\x81filbm', b'\xe2\x96\x81gi\xc4\x91\xc4\x91a', b'\xe2\x96\x81deaivvad', b'\xe2\x96\x81pro\xc5\xa1eavtta', b'tta', b'\xe2\x96\x81b\xc3\xa1s\xc3\xa1r', b'ola\xc5\xa1', b'viesu', b'\xe2\x96\x81geah\xc4\x8da', b'CD', b'\xc3\xa4', b'\xe2\x96\x81Niillas', b'k\xc3\xa1', b'eahppi', b'olli', b'\xe2\x96\x81lo', b'\xe2\x96\x81liegga', b'\xe2\x96\x81\xc3\x81nne', b'\xe2\x96\x81fitna', b'ast\xc3\xa1', b'7', b'6', b'\xe2\x96\x81197', b'\xe2\x96\x81jo\xc4\x91ihi', b'\xe2\x96\x81lass', b'\xe2\x96\x8118', b'\xe2\x96\x81s\xc3\xa1dde', b'\xe2\x96\x81d\xc3\xa1hp\xc3\xa1husa', b'intern\xc3\xa1httaskuvl', b'\xe2\x96\x81g\xc3\xa1rvv', b'oazos\xc3\xa1pmela\xc4\x8d\xc4\x8daid', b'1', b'\xe2\x96\x81badjeolbm', b'dil\xc3\xa1la\xc5\xa1vuo\xc4\x91a', b'\xe2\x96\x81bo', b'\xe2\x96\x81f', b'\xe2\x96\x81bierggu', b'\xe2\x96\x81gaskaneas', b'\xe2\x96\x81j\xc3\xa1voh', b'\xe2\x96\x81o\xc4\x91\xc4\x91asi', b'.00', b'\xe2\x96\x81v\xc3\xa1idal', b'\xe2\x96\x81f\xc3\xa1rre', b'\xe2\x96\x81beavddi', b'\xe2\x96\x81vuovdi', b'\xe2\x96\x81johti', b'\xe2\x96\x81gi', b'\xe2\x96\x81An', b'\xe2\x96\x81guhkes', b'\xe2\x96\x81r\xc3\xa1hkad', b'\xe2\x96\x81Skuvla', b'\xe2\x96\x81eisev\xc3\xa1lddiid', b'gilvvu', b'\xe2\x96\x81Suoma', b'bargiid', b'\xe2\x96\x81Trosterud', b'\xe2\x96\x81fanas', b'\xe2\x96\x81vuoll\xc3\xa1i', b'\xe2\x96\x81Biera', b'\xe2\x96\x81oahpaha', b'\xe2\x96\x81Boaht\xc3\xa1', b'\xe2\x96\x81Duo', b'\xe2\x96\x81B\xc3\xa1', b'\xe2\x96\x81bassa', b'addi', b'ha', b'\xe2\x96\x81\xc4\x8co', b'\xe2\x96\x81heaju', b'muitalusaid', b'bearr\xc3\xa1igeah\xc4\x8d\xc4\x8di', b'\xe2\x96\x81att\xc3\xa1', b'\xe2\x96\x81\xc4\x8duovvu', b'\xe2\x96\x81Dovd', b'\xc5\xa1\xc5\xa1e', b'\xe2\x96\x81D\xc3\xa1b\xc3\xa1la', b'\xe2\x96\x81\xc4\x8dearu', b'\xe2\x96\x81boazoorohaga', b'du', b'\xe2\x96\x81Vuoig', b'\xe2\x96\x81d\xc3\xa1idd', b'\xe2\x96\x81luotta', b'\xe2\x96\x81bora', b'\xe2\x96\x81burii', b'\xe2\x96\x81biilla', b'\xe2\x96\x81\xc3\xa1lggahi', b'\xe2\x96\x81deanu', b'buo\xc4\x91u', b'\xe2\x96\x81Gonagas', b'\xe2\x96\x81m\xc3\xa1', b'\xe2\x96\x81h\xc3\xa1lida', b'akka', b'stit', b'\xe2\x96\x81nis', b'\xe2\x96\x81L\xc3\xa1v', b'oa\xc4\x91i', b'eimme', b'\xe2\x96\x81vujii', b'\xe2\x96\x81\xc3\xa1h\xc4\x8di', b'hppi', b'\xe2\x96\x81f\xc3\xa1mu', b'\xe2\x96\x81boahtim', b'\xe2\x96\x81goarru', b'\xe2\x96\x81M\xc3\xa1\xc5\x8bga', b'\xe2\x96\x81Ohc', b'\xe2\x96\x81Ovdal', b'\xe2\x96\x81Seamm', b'\xe2\x96\x81Harry', b'Potter', b'bileaht', b'\xe2\x96\x81heaja', b'\xe2\x96\x81uvssa', b'uoigatvuo', b'\xc3\xa1hkis', b'\xe2\x96\x81Bo', b'\xe2\x96\x81eami\xc3\xa1lbmot', b'\xe2\x96\x81lonuh', b'\xe2\x96\x81S\xc3\xa1', b'\xe2\x96\x81lihk', b'\xe2\x96\x81v\xc3\xa1stid', b'\xe2\x96\x81gulahalla', b'\xe2\x96\x81s\xc3\xa1v', b'vet', b'rekt', b'r\xc3\xa1\xc4\x91i', b'\xe2\x96\x81hupme', b'\xe2\x96\x81\xc4\x8d\xc3\xa1j\xc3\xa1hus', b'\xe2\x96\x81p', b'\xe2\x96\x81njuni', b'\xe2\x96\x81geassem\xc3\xa1nu', b'\xe2\x96\x81lieggan', b'\xe2\x96\x81\xc3\xa1rra', b'\xe2\x96\x81\xc4\x8d\xc3\xa1l', b'\xe2\x96\x81mediai', b'\xe2\x96\x81deavd', b'\xe2\x96\x81kommi\xc5\xa1uvnna', b'\xe2\x96\x81bargo', b'\xe2\x96\x81bis', b'kkel', b'osaji', b'set', b'\xe2\x96\x81f\xc3\xa1lalda', b'\xe2\x96\x81m\xc3\xa1n\xc3\xa1ide', b'\xe2\x96\x81boazodoall', b'\xe2\x96\x81boazodolliid', b'iide', b'\xe2\x96\x81lunddola', b'ohcan', b'\xe2\x96\x81Oll', b'\xe2\x96\x81Bargiidbelloda', b'\xe2\x96\x81evttohus', b'\xe2\x96\x81bovd', b'\xe2\x96\x81\xc4\x8da\xc4\x91ahi', b'\xe2\x96\x81geh\xc4\x8d\xc4\x8d', b'\xe2\x96\x81bohcc', b'\xe2\x96\x81oahpahan', b'\xe2\x96\x81geavahuvvo', b'\xe2\x96\x81o\xc4\x91asmahtti', b'bohtosiid', b'\xe2\x96\x81siva', b'\xe2\x96\x81suohkanstivr', b'\xe2\x96\x81lotti', b'\xe2\x96\x81oabb\xc3\xa1', b'\xe2\x96\x81Sara', b'\xe2\x96\x81dubme', b'\xe2\x96\x81daga', b'\xe2\x96\x81vuol', b'\xe2\x96\x81b\xc3\xa1ik', b'\xe2\x96\x81goh\xc4\x8d\xc4\x8do', b'\xe2\x96\x81Is', b'vuoigatvuo\xc4\x91a', b'vdn', b'\xc3\xa1dusa', b'\xe2\x96\x81ealu', b'\xe2\x96\x81veaj', b'\xe2\x96\x81J\xc3\xa1hkob', b'\xe2\x96\x81gu\xc4\x91e', b'mu\xc4\x8d\xc4\x8da', b'\xe2\x96\x81niegu', b'fara', b'hku', b'\xe2\x96\x81s\xc3\xa1rtn', b'\xe2\x96\x81jeara', b'\xe2\x96\x81varra', b'\xe2\x96\x81die\xc4\x91', b'\xe2\x96\x81silbba', b'\xe2\x96\x81moar', b'\xe2\x96\x81b\xc3\xa1lval', b'eddjiid', b'\xe2\x96\x81goappa\xc5\xa1', b'a\xc5\xa1uvv', b'\xe2\x96\x81biso', b'\xe2\x96\x81\xc5\xa0', b'\xe2\x96\x81i\xc4\x91i', b'\xe2\x96\x81isidi', b'tuvrra', b'\xe2\x96\x81\xc3\xa1lgg', b'bott', b'\xe2\x96\x81\xc3\x81lgo', b'bargu', b'\xe2\x96\x81Guovtti', b'\xc5\xa1uvnna', b'\xe2\x96\x81jo\xc4\x91', b'\xe2\x96\x81geardd', b'\xe2\x96\x81\xc4\x8doagg', b'\xe2\x96\x81oaivila', b'\xe2\x96\x81veah\xc3\xa1', b'\xe2\x96\x81s\xc3\xa1gastalla', b'\xe2\x96\x81boraspire', b'\xe2\x96\x81Olmmo\xc5\xa1', b'\xe2\x96\x81ruhtad', b'tojuvvo', b'\xe2\x96\x81ru\xc4\x91a', b'\xe2\x96\x81diekk\xc3\xa1r', b'\xe2\x96\x81birge', b'\xe2\x96\x81f\xc3\xa1kt', b'\xe2\x96\x81Jea', b'ze', b'han', b'\xe2\x96\x81g\xc3\xa1htte', b'httu', b'\xe2\x96\x81\xc3\xa1rte', b'\xe2\x96\x81buhtadusa', b'\xe2\x96\x81\xc4\x8duvvo', b'dagaid', b'\xe2\x96\x81guol\xc3\xa1stea', b'vvan', b'\xe2\x96\x81v\xc3\xa1ikkuha', b'\xe2\x96\x81oamast', b'\xe2\x96\x81lahtuid', b'\xe2\x96\x81ovddastuvvo', b'\xe2\x96\x81badjel', b'\xe2\x96\x81uhci', b'\xe2\x96\x81Stivr', b'usaid', b'jo\xc4\x91iheaddji', b'ilis', b'all\xc3\xa1', b'\xe2\x96\x81g\xc3\xa1ibidi', b'\xe2\x96\x81la\xc4\x91\xc4\x91as', b'almm\xc3\xa1', b'kkis', b'anvuoigatvuo', b'\xe2\x96\x81jienast', b'\xe2\x96\x81h\xc3\xa1v', b'\xe2\x96\x81nammada', b'l\xc3\xa1vdegotti', b'ozihan', b'\xe2\x96\x81fidn', b'hahtti', b'\xe2\x96\x81para', b'gr\xc3\xa1fa', b'\xe2\x96\x81gozihan', b'\xe2\x96\x81org\xc3\xa1na', b'\xe2\x96\x81guoskeva', b'\xe2\x96\x81fuo\xc4\x91\xc4\x91', b'o\xc5\xa1', b'bivdu', b'\xe2\x96\x81go\xc4\x91\xc4\x91', b'\xe2\x96\x81\xc3\xa1vkk\xc3\xa1stallami', b'\xe2\x96\x81sullasa', b'miella', b'\xe2\x96\x81sp', b'staga', b'\xe2\x96\x81\xc4\x8dujuh', b'\xe2\x96\x81bivd', b'\xe2\x96\x81S\xc3\xa1htt\xc3\xa1', b'\xe2\x96\x81d\xc3\xa1rkile', b'\xe2\x96\x81eavttuid', b'hkki', b'vuovddi', b'\xe2\x96\x81guo\xc4\x91oh', b'\xe2\x96\x81dohkke', b'h\xc4\x8d\xc4\x8dan', b'nai', b'i\xc5\xa1go\xc4\x91ii', b'\xe2\x96\x81ruo', b'\xe2\x96\x81dass\xc3\xa1', b'\xe2\x96\x81bald', b'\xe2\x96\x81mearra', b'\xe2\x96\x81stuorr', b'mes', b'\xe2\x96\x81d\xc3\xa1\xc5\xbea', b'\xe2\x96\x81guoddi', b'\xe2\x96\x81hoahpu', b'ddiid', b'eallu', b'fit', b'\xe2\x96\x81\xc4\x8diehk', b'\xc3\xa1\xc5\xa1', b'\xe2\x96\x81oa\xc4\x8d\xc4\x8d', b'\xe2\x96\x81galbmo', b'\xe2\x96\x81j\xc3\xa1m', b'\xe2\x96\x81\xc4\x8doask', b'ilbmi', b'\xe2\x96\x81fi', b'\xe2\x96\x81loavdag', b'\xe2\x96\x81muhtum', b'\xe2\x96\x81oainn', b'\xe2\x96\x81nohk', b'gea\xc4\x91ggi', b'\xe2\x96\x81jea', b'\xc3\xa1r', b'\xe2\x96\x81buolli', b'\xe2\x96\x81duoddar', b'\xe2\x96\x81golgg', b'oa\xc4\x91', b'\xe2\x96\x81gietk', b'botta', b'\xe2\x96\x81b\xc3\xa1hkka', b'\xe2\x96\x81bissu', b'\xe2\x96\x81di\xc5\x8bgga', b'\xe2\x96\x81f\xc3\xa1rrii', b'nu', b'ahpas', b'\xe2\x96\x81bu\xc4\x91eh', b'\xe2\x96\x81dudno', b'\xe2\x96\x81l\xc3\xa1htti', b'\xe2\x96\x81d\xc3\xa1ig', b'\xe2\x96\x81gula', b'\xe2\x96\x81Ann', b'ika', b'\xe2\x96\x81ovddabeal', b'ppiid', b'nala', b'\xe2\x96\x81jorba', b'\xe2\x96\x81jorgal', b'lii', b'\xe2\x96\x81\xc4\x8di', b'\xe2\x96\x81\xc3\xa1lg\xc3\xa1', b'\xe2\x96\x81buohkaid', b'dis', b'tregistrere', b'kantuvr', b'h\xc4\x8d\xc4\x8de', b'\xe2\x96\x81h\xc3\xa1ldda\xc5\xa1a', b'\xe2\x96\x81dutkamiid', b'\xe2\x96\x81nan', b'mmat', b'\xe2\x96\x81mearridan', b'guoddi', b'\xe2\x96\x81dal', b'\xe2\x96\x81riikka', b'\xe2\x96\x81g\xc3\xa1vnna', b'doarjaga', b'gaska', b'\xe2\x96\x81surggii', b'\xe2\x96\x81olbmuide', b'\xe2\x96\x81aktiiv', b'\xe2\x96\x81vah\xc3\xa1g', b'\xe2\x96\x81rievtti', b'\xe2\x96\x81miellagiddeva', b'\xe2\x96\x81h\xc3\xa1bmejuvvo', b'\xe2\x96\x81h\xc3\xa1ldda\xc5\xa1eami', b'\xe2\x96\x81eaktod\xc3\xa1htola', b'git', b'\xe2\x96\x81\xc3\xa1sahus', b'riid', b'\xe2\x96\x81boa\xc4\x91us', b'departementa', b'bi', b'\xc3\xa1lbmogi', b'\xe2\x96\x81proseassa', b'\xe2\x96\x81\xc3\xa1vdnasii', b'asta', b'\xe2\x96\x81Die\xc4\x91u', b'\xe2\x96\x81Oahpp', b'\xe2\x96\x81n\xc3\xa1gg', b'lo\xc5\xa1', b'\xe2\x96\x81s\xc3\xa1pmela\xc4\x8d\xc4\x8daid', b'\xe2\x96\x81Ke', b'\xe2\x96\x81biddjojuvvo', b'\xe2\x96\x81\xc4\x8c', b'\xe2\x96\x81vuoi\xc5\x8b\xc5\x8bast', b'saji', b'kta', b'ment\xc3\xa1ra', b'\xe2\x96\x81Sir', b'pm\xc3\xa1s', b'\xe2\x96\x81boahtte\xc3\xa1iggi', b'\xe2\x96\x81ceavz', b'\xe2\x96\x81doalla', b'\xe2\x96\x81\xc4\x8doahkkima', b'nas', b'\xc3\xa1ra', b'\xe2\x96\x81bearra\xc5\xa1ii', b'\xe2\x96\x81\xc3\xa1ig\xc3\xa1', b'mearri', b'tihka', b'\xe2\x96\x81M\xc3\xa1\xc5\x8bgga', b'\xe2\x96\x81\xc4\x8du', b'ldojuvvo', b'\xe2\x96\x81v\xc3\xa1sihi', b'b\xc3\xa1lvalusa', b'\xe2\x96\x81S\xc3\xa1memi\xc5\xa1\xc5\xa1uvdna', b'stobui', b'\xe2\x96\x81H\xc3\xa1mm\xc3\xa1rfe', b'oahpp', b'\xe2\x96\x81studeantta', b'uhcc', b'\xe2\x96\x81serve', b'\xe2\x96\x81manaime', b'uolgga', b'\xe2\x96\x81beak', b'\xe2\x96\x81Juovla', b'tnii', b'\xe2\x96\x81doakt\xc3\xa1rii', b'\xe2\x96\x81h\xc3\xa1lla', b'\xe2\x96\x811982', b'\xe2\x96\x81m\xc3\xa1htt', b'gu', b'\xe2\x96\x81diimmu', b'\xe2\x96\x81dujii', b'\xe2\x96\x81\xc3\xa1igo', b'\xe2\x96\x81Isabell\xc3\xa1', b'\xe2\x96\x81boa', b'\xe2\x96\x81N\xc3\xa1', b'\xe2\x96\x81givssid', b'filbma', b'\xe2\x96\x81liik', b'\xe2\x96\x81beaivv\xc3\xa1\xc5\xbe', b'r\xc3\xa1', b'\xe2\x96\x81s\xc3\xa1hp\xc3\xa1n', b'\xe2\x96\x81l\xc3\xa1htt', b'\xe2\x96\x81bel', b'ck', b'\xe2\x96\x81oapp\xc3\xa1', b'\xe2\x96\x81E\xc5\x8bgel', b'\xe2\x96\x81g\xc3\xa1vpog', b'muvrra', b'deami', b'\xe2\x96\x81\xc4\x8di\xc5\x8ba', b'nupp', b'\xe2\x96\x81bearral', b'hpp', b'\xe2\x96\x81\xc3\xa1lbmogii', b'\xe2\x96\x81g\xc3\xa1vpogii', b'hkkeg', b'ivuo\xc4\x91a', b'eanu', b'\xe2\x96\x81\xc5\xa1attuid', b'lkkii', b'\xe2\x96\x81vearr', b'\xe2\x96\x81bassi', b'\xe2\x96\x81Smierru', b'\xe2\x96\x81Smiervuona', b'mas', b'\xe2\x96\x81b\xc3\xa1lvalusa', b'tne', b'htta', b'\xe2\x96\x81m\xc3\xa1ht', b'iidahtt', b'nj\xc3\xa1rgga', b'\xe2\x96\x81beale', b'\xe2\x96\x81vuoittu', b'\xe2\x96\x81IL', b'\xe2\x96\x81juovla', b'asiid', b'vdde\xc5\xa1', b'buo', b'\xe2\x96\x81oast\xc3\xa1', b'\xe2\x96\x81beaivv\xc3\xa1', b'\xe2\x96\x81ruvnnu', b'\xe2\x96\x81\xc4\x8duoigan', b'\xe2\x96\x81luo\xc4\x91', b'f\xc3\xa1laldaga', b'J', b'iena', b'\xc3\xa1dden', b'ola\xc4\x8d\xc4\x8da', b'\xe2\x96\x81almmuha', b'\xe2\x96\x8110', b'\xe2\x96\x81roa', b'\xe2\x96\x81fertebe', b'\xe2\x96\x81goa\xc4\x91i', b'\xe2\x96\x81Arn', b'\xe2\x96\x81fuobm\xc3\xa1', b'\xe2\x96\x81\xc3\xa1igum', b'\xe2\x96\x81H', b'\xe2\x96\x81\xc4\x8dalmmi', b'2', b'\xe2\x96\x81geaidn', b'\xe2\x96\x81lasse', b'\xe2\x96\x81pedagogihka', b'ologiija', b'Finnm\xc3\xa1rkku', b'\xe2\x96\x81johtti', b'\xc3\xa1sa\xc5\xa1', b'\xe2\x96\x81heitto', b'\xe2\x96\x81186', b'\xe2\x96\x811', b'ggan', b'\xc3\xa1dus', b'doaibma', b'\xe2\x96\x81\xc4\x8doavd', b'\xe2\x96\x81Sis', b'\xe2\x96\x81Muital', b'\xe2\x96\x81\xc4\x8duov', b'\xe2\x96\x81h\xc3\xa1ldd', b'\xe2\x96\x81badjela', b'\xe2\x96\x81d\xc3\xa1ss', b'\xe2\x96\x81b\xc3\xa1hc', b'\xe2\x96\x81vi\xc5\xa1\xc5\xa1al', b'\xe2\x96\x81bearra\xc5\xa1a', b'vv\xc3\xa1', b'asa', b'\xe2\x96\x81eatni', b'm\xc3\xa1n\xc3\xa1ideaset', b'\xe2\x96\x81m\xc3\xa1rkan', b'vdda', b'kuvlav\xc3\xa1zzi', b's\xc3\xa1pmela\xc4\x8d\xc4\x8da', b'llojuvvo', b'isttii', b'\xe2\x96\x81Muhtu', b'\xe2\x96\x81\xc3\xa1igodaga', b'\xe2\x96\x81nuoraidskuvlla', b'\xe2\x96\x81smiehttan', b'\xe2\x96\x81gield', b'\xe2\x96\x81m\xc3\xa1vss', b'\xe2\x96\x81m\xc3\xa1ks', b'\xe2\x96\x81orrun', b'su', b'latnja', b'\xe2\x96\x81Badj', b'vss', b'ksa', b'rron', b'\xe2\x96\x81juhka', b'\xe2\x96\x81vahkku', b'beaivv', b'\xe2\x96\x81bie', b'\xe2\x96\x81veahkk', b'\xe2\x96\x81muital', b'\xe2\x96\x81l\xc3\xa1h\xc4\x8d', b'\xe2\x96\x81bargguid', b'\xe2\x96\x81boanda', b'\xe2\x96\x81eask', b'heapm', b'\xe2\x96\x81g\xc3\xa1nda', b'\xe2\x96\x81g\xc3\xa1ndda', b'\xe2\x96\x81vuoli', b'uoraid', b'\xe2\x96\x81biss', b'bottu', b'\xe2\x96\x81d\xc3\xa1rogiel', b'dett', b'\xe2\x96\x81oktavuo', b'dima', b'j\xc3\xa1vrri', b'joh', b'\xe2\x96\x81s\xc3\xa1htiime', b'\xe2\x96\x81guoss', b'\xe2\x96\x81rikk', b'\xe2\x96\x81v\xc3\xa1i', b'\xe2\x96\x81giks', b'\xe2\x96\x81guovdd\xc3\xa1\xc5\xbe', b'\xe2\x96\x81beall', b'\xe2\x96\x81\xc4\x8dovdos', b'\xe2\x96\x81Barg', b'\xe2\x96\x81s\xc3\xa1ht\xc3\xa1\xc5\xa1', b'\xe2\x96\x81dutkam', b'eass\xc3\xa1\xc5\xbeiid', b'm\xc3\xa1rkanii', b'\xe2\x96\x81fitn', b'\xe2\x96\x81sabehii', b'Ell', b'\xe2\x96\x81vahku', b'adaga', b'\xe2\x96\x81Bur', b'g\xc3\xa1', b'doavttir', b'hkat', b'giela', b'\xe2\x96\x81gusa', b'ara', b'\xe2\x96\x81g\xc3\xa1tti', b'julggii', b'\xe2\x96\x81Troms', b'\xe2\x96\x81\xc4\x8duovvo', b'gielddaid', b'\xe2\x96\x81bero\xc5\xa1tumiid', b'\xe2\x96\x81munn', b'\xe2\x96\x81Davviriikkai', b'\xe2\x96\x81r\xc3\xa1\xc4\x91i', b'\xe2\x96\x81Sil', b'\xe2\x96\x81vii', b'\xe2\x96\x81Dearvva\xc5\xa1vuo\xc4\x91a', b'\xe2\x96\x81f\xc3\xa1sta', b'\xe2\x96\x81dieht', b'\xe2\x96\x81sihkk', b'l\xc3\xa1ga', b'\xe2\x96\x81servodaga', b'meahttu', b'\xe2\x96\x81Div\xc5\xa1\xc5\xa1ohas', b'\xe2\x96\x81bu\xc5\xa1eaht', b'\xe2\x96\x81vi\xc4\x91a', b'mehter', b'\xe2\x96\x81jearr', b'vde', b'\xe2\x96\x81Ol', b'\xe2\x96\x81fierbm', b'\xe2\x96\x81he', b'\xe2\x96\x81v\xc3\xa1ttisvuo\xc4\x91a', b'\xe2\x96\x81osku', b'mu', b'osiid', b'listu', b'\xe2\x96\x81g\xc3\xa1rt', b'\xe2\x96\x81boazodoallol\xc3\xa1ga', b'\xe2\x96\x81nago', b'\xe2\x96\x81Ean', b'\xe2\x96\x81V\xc3\xa1ld', b'\xe2\x96\x81Eli', b'\xe2\x96\x81Ferte', b'\xe2\x96\x81gova', b'\xe2\x96\x81vuord', b'\xe2\x96\x81div\xc5\xa1\xc5\xa1ohas', b'\xe2\x96\x81s\xc3\xa1httibe', b'\xe2\x96\x81s\xc3\xa1htii', b'\xe2\x96\x81Gos', b'hket', b'\xe2\x96\x81vie', b'\xe2\x96\x81j\xc3\xa1vrri', b'fitnodagai', b'\xe2\x96\x81\xc4\x8duo\xc5\xbe\xc5\xbeu', b'\xe2\x96\x81riekte', b'\xe2\x96\x81\xc3\xa1viisa', b'\xe2\x96\x81v\xc3\xa1immui', b'\xe2\x96\x81\xc3\x81ndd', b'\xe2\x96\x81Jo', b'\xe2\x96\x81guoli', b'\xe2\x96\x81velggola', b'\xe2\x96\x81j\xc3\xa1pmi', b'\xe2\x96\x81nj', b'\xe2\x96\x81\xc3\xa1ig', b'\xe2\x96\x81bargam', b'\xe2\x96\x81Li', b'\xe2\x96\x81L\xc3\xa1ga', b'\xe2\x96\x81g\xc3\xa1dd', b'\xe2\x96\x81Var', b'\xe2\x96\x81\xc4\x8do', b'\xe2\x96\x81L\xc3\xa1vv', b'\xe2\x96\x81v\xc3\xa1ld', b'alu', b'\xe2\x96\x81meannudi', b'hc', b'\xe2\x96\x81dorski', b'i\xc5\x8b\xc5\x8b', b'\xe2\x96\x81\xc4\x8duoigga', b'z', b'g\xc5\x8bu', b'\xe2\x96\x81girdi', b'\xe2\x96\x81vuvd', b'\xe2\x96\x81hupm', b'\xe2\x96\x81d\xc3\xa1rogi', b'\xe2\x96\x81\xc4\x8dierast', b'allam', b'ehkki', b'\xe2\x96\x81M\xc3\xa1hte', b'\xe2\x96\x81dearvvasvuo\xc4\x91a', b'\xe2\x96\x81bivde', b'\xe2\x96\x81Oahpa', b'\xe2\x96\x81baj', b'\xe2\x96\x81Okt', b'\xe2\x96\x81Olbm', b'\xe2\x96\x81skohter', b'\xe2\x96\x81no', b'vuodjimi', b'\xc3\xa1ddejumi', b'ejo', b'\xe2\x96\x81suo', b'\xc5\x8bgal', b'\xe2\x96\x81viehk', b'vnnas', b'\xe2\x96\x81d\xc3\xa1rbbu', b'\xe2\x96\x81G\xc3\xa1ivuona', b'lbmil', b'\xe2\x96\x81Vis', b'\xe2\x96\x81m\xc3\xa1ll\xc3\xa1s', b'\xe2\x96\x81s\xc3\xa1megi', b'\xe2\x96\x81\xc4\x8cuo', b'\xe2\x96\x81Arv', b'\xe2\x96\x81arv\xc3\xa1', b'\xe2\x96\x81\xc3\xa1h\xc4\x8d\xc4\x8d', b'\xe2\x96\x81godd\xc3\xa1', b'\xe2\x96\x81Juh\xc3\xa1n', b'ore', b'\xe2\x96\x81l\xc3\xa1ibu', b'\xe2\x96\x81\xc5\xa1uhkol\xc3\xa1dag\xc3\xa1hk', b'\xe2\x96\x81l\xc3\xa1kcag\xc3\xa1hk', b'Man', b'\xe2\x96\x81buola\xc5\xa1', b'\xe2\x96\x81Gerge', b'\xe2\x96\x81gorrojuvvo', b'inniid', b'\xe2\x96\x81v\xc3\xa1ra', b'\xe2\x96\x81joht', b'\xe2\x96\x81boahtte\xc3\xa1ig', b'\xe2\x96\x81Ev', b'\xe2\x96\x81Riev', b'\xe2\x96\x81duodj', b'vvir', b'\xe2\x96\x81Mat', b'tein', b'jell', b'\xe2\x96\x81jearahalla', b'\xc3\xa1vcc', b'\xe2\x96\x81vul', b'\xe2\x96\x81joga', b'\xe2\x96\x81\xc4\x8d\xc3\xa1llo', b'\xe2\x96\x81\xc3\xa1lbmot\xc4\x8doahkki', b'50', b'\xe2\x96\x81Isak', b'giid', b'uskk', b'\xe2\x96\x81v\xc3\xa1il', b'elefu', b'vnna', b'ohtolat', b'a\xc5\xa1uvnna', b'a\xc5\xa1a', b'ietna', b'\xc3\xa1seabbo', b'\xe2\x96\x81Far', b'ira', b'\xe2\x96\x81luossa', b'n\xc3\xa1la', b'\xe2\x96\x81\xc4\x8die\xc5\xbea', b'vis', b'\xe2\x96\x81heiveh', b'lge', b'\xe2\x96\x81fievrr', b'edi', b'\xe2\x96\x81r\xc3\xa1ppi', b'bbe', b'ji', b'\xe2\x96\x81Divttasvuona', b'\xe2\x96\x81beahtahal', b'\xe2\x96\x81belloda', b'\xe2\x96\x81ma\xc5\x8b\xc3\xa1', b'\xe2\x96\x81s\xc3\xa1mepolitihka', b'rvalu', b'\xe2\x96\x81d\xc3\xa1inna', b'\xe2\x96\x81suohkan', b'\xe2\x96\x81\xc3\xa1rvali', b'\xe2\x96\x81stipe', b'al', b'\xe2\x96\x81g\xc3\xa1ff', b'\xc3\xa5', b'\xe2\x96\x81Tron', b'\xe2\x96\x81Er', b'ksen', b'\xe2\x96\x81Anders', b'\xe2\x96\x81pedagogihkka', b'\xe2\x96\x81s\xc3\xa1pmela\xc5\xa1', b'\xe2\x96\x81die\xc4\x91ih', b'\xc4\x8doahkkimii', b'ar', b'\xe2\x96\x81herggii', b'\xe2\x96\x81geah\xc4\x8d\xc4\x8dali', b'\xe2\x96\x81heastta', b'bm\xc3\xa1', b'\xe2\x96\x81die\xc4\x91ihuvvo', b'\xe2\x96\x81vuosttalda', b'\xe2\x96\x81suodjalanpl\xc3\xa1nai', b'obbal', b'\xe2\x96\x81suohkani', b'ldi', b'\xe2\x96\x81v\xc3\xa1ldojuvv', b'jehkos', b'\xe2\x96\x81almmi', b'\xe2\x96\x81\xc5\xa1i', b'bih', b'\xe2\x96\x81lihka', b'\xe2\x96\x81Rama', b'aba', b'\xe2\x96\x81Abram', b'\xe2\x96\x81\xc3\xa1hk\xc3\xa1', b'ana', b'\xe2\x96\x81\xc4\x8duorvv', b'bme', b'\xe2\x96\x81duopm\xc3\xa1r', b'oji', b'hea', b'inni', b'\xe2\x96\x81ija', b'\xe2\x96\x81ealihi', b'\xe2\x96\x81\xc3\xa1h\xc4\x8d\xc4\x8d\xc3\xa1', b'beivvii', b'\xe2\x96\x81boaldin', b'\xe2\x96\x81j\xc3\xa1pm', b'\xc3\xa1hkk\xc3\xa1', b'\xe2\x96\x81eadn\xc3\xa1', b'\xe2\x96\x81skea\xc5\x8bkka', b's\xc3\xa1t', b'\xe2\x96\x81\xc3\xa1sai', b'\xe2\x96\x81Be', b'dagai', b'\xe2\x96\x81vulge', b'rieg\xc3\xa1dan', b'\xe2\x96\x81rivv', b'\xe2\x96\x81Ie\xc5\xbea', b'ccai', b'\xe2\x96\x81meannuda', b'\xe2\x96\x81nieiddaid', b'\xe2\x96\x81Almma', b'addan', b'\xe2\x96\x81ho', b'\xe2\x96\x81sohka', b'oaiv\xc3\xa1', b'\xe2\x96\x81Se', b'\xe2\x96\x81niegad', b'\xc4\x8dilgehus', b'\xe2\x96\x81gohcc', b'\xe2\x96\x81fuom\xc3\xa1\xc5\xa1i', b'\xe2\x96\x81seahk', b'aide', b'\xe2\x96\x81l\xc3\xa1htte', b'\xe2\x96\x81al', b'\xe2\x96\x81\xc3\xa1j', b'nassii', b'\xe2\x96\x81\xc3\xa1ss', b'\xe2\x96\x81l\xc3\xa1ibb', b'opmodahk', b'ima', b'eatnat', b'\xe2\x96\x81heakkas', b'ttai', b'\xe2\x96\x81baj\xc3\xa1s\xc5\xa1a', b'f\xc3\xa1ga', b'\xe2\x96\x81duoj', b'\xe2\x96\x81v\xc3\xa1s\xc3\xa1husai', b'argol\xc3\xa1vdegotti', b'\xe2\x96\x81\xc3\xa1lbmotmeahci', b'uonddureserv\xc3\xa1hta', b'\xc3\xb8r', b'\xe2\x96\x81\xc4\x8dielggad', b'\xe2\x96\x81oa\xc4\x8d\xc4\x8duime', b'\xe2\x96\x81divod', b'.03.', b'\xe2\x96\x81g\xc3\xa1rv', b'\xe2\x96\x81viid\xc3\xa1s', b'haga', b'\xe2\x96\x81guovtt', b'argojoavk', b'\xe2\x96\x81geass\xc3\xa1', b'\xe2\x96\x81\xc4\x8d\xc3\xa1lii', b'\xe2\x96\x81departemeantta', b'r\xc3\xa1\xc4\x91\xc4\x91\xc3\xa1', b'v\xc3\xa1ldi', b'\xe2\x96\x81Luonddug\xc3\xa1htten', b'lihtu', b'\xe2\x96\x81neahtta', b'\xe2\x96\x81\xc4\x8duogg\xc3\xa1', b'\xe2\x96\x81di\xc5\x8bgoj', b'\xe2\x96\x81Eatna', b'\xe2\x96\x81muit', b'luotta', b'm\xc3\xa1lle', b'\xe2\x96\x81muohta', b'TV', b'\xe2\x96\x81ealgga', b'ttat', b'mu\xc5\xa1', b'\xe2\x96\x81Boazodoall', b'\xe2\x96\x81dorvv', b'\xe2\x96\x81g\xc3\xa1r\xc5\xbe\xc5\xbeiduvvo', b'\xe2\x96\x81Suodj', b'em', b'eahci', b'\xe2\x96\x81geasuh', b'\xe2\x96\x81atne', b'\xe2\x96\x81turistta', b'ss\xc3\xa1\xc5\xbeii', b'\xe2\x96\x81h\xc3\xa1lii', b'billist', b'\xe2\x96\x81hear', b'\xe2\x96\x81njo', b'\xe2\x96\x81galgga\xc5\xa1e', b'\xe2\x96\x81rohkk\xc3\xa1', b'\xe2\x96\x81\xc4\x8duo\xc4\x8d\xc4\x8duh', b'\xe2\x96\x81duo\xc4\x91a\xc5\xa1tusai', b'pos', b'\xe2\x96\x81\xc3\xa1viissa', b'li', b'\xe2\x96\x81\xc4\x8dalmmeh', b'\xe2\x96\x81Dutk', b'\xe2\x96\x81duo\xc4\x91a\xc5\xa1tan', b'\xe2\x96\x81godde', b'\xe2\x96\x81j\xc3\xa1hkk', b'merke', b'rievtti', b'\xe2\x96\x81vier', b'\xe2\x96\x81fylkkagieldda', b'\xe2\x96\x81kultuvr', b'\xe2\x96\x81boazodoll', b'\xe2\x96\x81meahc\xc3\xa1stea', b'al\xc3\xa1husdoaimmahea', b'\xe2\x96\x81servodateallim', b'\xe2\x96\x81earr\xc3\xa1s', b'idan', b'rre', b'\xc3\xa1lgga', b'\xe2\x96\x81sadj\xc3\xa1sa\xc5\xa1lahtuid', b'\xe2\x96\x81dievddu', b'\xe2\x96\x81evttohasa', b'\xe2\x96\x81stivrras', b'\xe2\x96\x81main', b'\xc3\xa1lddahusa', b'\xe2\x96\x81bagad', b'\xe2\x96\x81doaimmah', b'\xe2\x96\x81stivrralaht', b'\xe2\x96\x81g\xc3\xa1ibida', b'\xe2\x96\x81Stivrra', b'\xe2\x96\x81\xc3\xa1ige', b'guovd', b'\xe2\x96\x81stivra', b'\xe2\x96\x81vuo\xc4\x91\xc4\x91ud', b'\xc3\xa1rvvo\xc5\xa1tallojuvvo', b'\xe2\x96\x81stivrra', b'\xc4\x8doahkkima', b'\xe2\x96\x81gie\xc4\x91ahalla', b'\xe2\x96\x81virg', b'hasaid', b'heami', b'\xe2\x96\x81l\xc3\xa1igoh', b'\xe2\x96\x81evttoh', b'\xe2\x96\x81Laht', b'\xe2\x96\x81nammad', b'\xe2\x96\x81njealj', b'\xe2\x96\x81lahttu', b'\xe2\x96\x81logi', b'\xe2\x96\x81departement', b'\xe2\x96\x81jahke', b'ahahtti', b'\xe2\x96\x81nupp\xc3\xa1stuht', b'\xe2\x96\x81M\xc3\xa1vssu', b'\xe2\x96\x81dagaha', b'\xe2\x96\x81luohtt\xc3\xa1mu\xc5\xa1', b'gie\xc4\x91ahallam', b'\xc4\x91', b'\xe2\x96\x81duorg', b'iva', b'nea', b'iv\xc3\xa1ldi', b'artta', b'iehka', b'\xe2\x96\x81Bivd', b'\xe2\x96\x81diva', b'\xe2\x96\x81bivdu', b'\xe2\x96\x81lubme', b'alljodaga', b'\xe2\x96\x81geavahan', b'\xe2\x96\x81opmodagaid', b'\xe2\x96\x81sirdi', b'\xe2\x96\x81dihto', b'\xe2\x96\x81j\xc3\xa1hku', b'\xe2\x96\x81lihkahala', b'\xe2\x96\x81nuppiid', b'\xe2\x96\x81gullo', b'\xe2\x96\x81jurdda\xc5\xa1an', b'\xe2\x96\x81guov\xc5\xbe\xc5\xbea', b'\xe2\x96\x81ie\xc5\xbe\xc3\xa1', b'\xe2\x96\x81biddjo', b'gg\xc3\xa1i', b'\xe2\x96\x81b\xc3\xa1', b'\xe2\x96\x81oahp\xc3\xa1s', b'\xe2\x96\x81nuorta', b'g\xc3\xa1tti', b'\xe2\x96\x81darfegoa\xc4\x91', b'\xe2\x96\x81riev', b'\xe2\x96\x81Riid', b'g\xc3\xa1rddi', b'\xe2\x96\x81j\xc3\xa1vr', b'\xe2\x96\x81searve', b'\xe2\x96\x81borre', b'\xe2\x96\x81ohpp', b'\xe2\x96\x81veh', b'\xe2\x96\x81lass\xc3\xa1n', b'\xe2\x96\x81seavdnjad', b'rte', b'\xe2\x96\x81goikad', b'alla', b'\xe2\x96\x81l\xc3\xa1hpp', b'\xe2\x96\x81sie\xc4\x91g', b'\xe2\x96\x81goike', b'\xe2\x96\x81surg', b'\xe2\x96\x81botnj', b'\xe2\x96\x81njulge', b'\xe2\x96\x81gurpa', b'\xe2\x96\x81guovtte', b'\xe2\x96\x81liekkas', b'ra', b'\xe2\x96\x81f\xc3\xa1rr', b'ros', b'\xe2\x96\x81m\xc3\xa1ilmmi', b'vrras', b'\xe2\x96\x81boles', b'\xe2\x96\x81Hearvad\xc3\xa1l', b'\xe2\x96\x81die\xc4\x91\xc3\xa1', b'\xe2\x96\x81suor', b'pmas', b'\xe2\x96\x81g\xc3\xa1pmagii', b'\xe2\x96\x81nja', b'\xc5\x8bg', b'\xe2\x96\x81deaddi', b'\xe2\x96\x81\xc3\xa1lggii', b'\xe2\x96\x81l\xc3\xa1ibum', b'\xe2\x96\x81\xc4\x8dohkkede', b'\xe2\x96\x81l\xc3\xa1g', b'\xe2\x96\x81Gul', b'ah', b'lasttai', b'ru\xc5\xa1', b'\xe2\x96\x81Leahppi', b'\xe2\x96\x81Ru', b'\xe2\x96\x81Vai', b'a\xc5\xa7', b'\xe2\x96\x81Will', b'\xe2\x96\x81ganjal', b'\xc4\x8dalmmi', b'\xe2\x96\x81g\xc3\xa1pmag', b'\xe2\x96\x81fatnasii', b'\xe2\x96\x81boald', b'\xe2\x96\x81baj\xc3\xa1s', b'\xe2\x96\x81soahke', b'oaks', b'\xe2\x96\x81gu\xc4\x91', b'\xe2\x96\x81Goalmm\xc3\xa1', b'\xe2\x96\x81Opp', b'\xe2\x96\x81str', b'httin', b'vealahea', b'duvvo', b'\xe2\x96\x81Departemeant', b'\xe2\x96\x81ortneg', b'm\xc3\xa1nni', b'viidoda', b'\xe2\x96\x81m\xc3\xa1inna\xc5\xa1u', b'\xe2\x96\x81Geava', b'\xe2\x96\x81seamm\xc3\xa1s', b'rievdadus', b'\xe2\x96\x81gulaskudda', b'\xe2\x96\x81\xc3\x81lbmo', b'\xe2\x96\x81suohkanii', b'\xe2\x96\x81dovdd', b'truvnn', b'\xe2\x96\x81vuo\xc4\x91\xc4\x91ogea\xc4\x91g', b'\xe2\x96\x81eallin', b'\xe2\x96\x81me', b'\xe2\x96\x81geahpp', b'lass\xc3\xa1nea', b'alis', b'\xe2\x96\x81ol', b'ttos', b'progr\xc3\xa1mma', b'\xe2\x96\x81m\xc3\xa1tke', b'\xe2\x96\x81doaibmabiju', b'\xe2\x96\x81deattu', b'\xe2\x96\x81\xc3\xa1lgo\xc3\xa1lbmot', b'hko', b'hto', b'\xe2\x96\x81konven\xc5\xa1uv', b'\xe2\x96\x81mearkka\xc5\xa1u', b'\xe2\x96\x81\xc3\xa1\xc5\xa1\xc5\xa1', b'\xe2\x96\x81suorgg', b'\xe2\x96\x81nannos', b'geatnegasvuo\xc4\x91a', b'\xe2\x96\x81konven\xc5\xa1uvdna', b'\xe2\x96\x81ie\xc5\xa1mearridea', b'\xe2\x96\x81ie\xc5\xa1mearridan', b'\xe2\x96\x81Riekt', b'b', b'\xe2\x96\x81\xc3\xa1irasii', b'\xe2\x96\x81Finnm\xc3\xa1rko', b'\xe2\x96\x81diehtojuohkin', b're', b'gaskkust', b'ria', b'inere', b'juvvoj', b'\xe2\x96\x81davviguovl', b'eam', b'lgoriik', b'dalla', b'\xc3\xa1\xc5\xa1\xc5\xa1iid', b'\xe2\x96\x81Erenoam\xc3\xa1', b'\xe2\x96\x81h\xc3\xa1st', b'alusa', b'\xe2\x96\x81tem', b'pera', b'\xe2\x96\x81loktan', b'ket', b'\xe2\x96\x81d\xc3\xa1lkki', b'birgej', b'\xe2\x96\x81bidj', b'\xe2\x96\x81fier', b'\xe2\x96\x81re', b'lev', b'\xe2\x96\x81prinsi', b'die\xc4\x91\xc3\xa1hus', b'\xe2\x96\x81sisttisdoall', b'pi', b'\xe2\x96\x81s\xc3\xa1gastallamii', b'digge', b'\xc3\xa1igodaga', b'\xe2\x96\x81eaktud', b'bli', b'\xe2\x96\x81m\xc3\xa1n\xc3\xa1idg\xc3\xa1rde', b'\xe2\x96\x81vuord\xc3\xa1', b'v\xc3\xa1r', b'\xe2\x96\x81I\xc5\x8bgg\xc3\xa1', b'olb', b'guovlluid', b'\xe2\x96\x81ie\xc5\xa1gu\xc4\x91et', b'\xe2\x96\x81ipm\xc3\xa1rdusa', b'doahpagi', b'nbarggu', b'\xe2\x96\x81v\xc3\xa1rrepresideant', b'\xe2\x96\x81Johan', b'\xe2\x96\x81ilu', b'buvttad', b'\xe2\x96\x81eahpe', b'v\xc3\xa1s', b'\xe2\x96\x81\xc4\x8dadn', b'll\xc3\xa1i', b'\xe2\x96\x81mea', b'\xe2\x96\x81riggodaga', b'\xe2\x96\x81eahpid', b'talo', b'seaidn', b'\xe2\x96\x81biras', b'hkk\xc3\xa1i', b'\xe2\x96\x81galle', b'\xe2\x96\x81Njuolggadusa', b'\xe2\x96\x81par', b'\xe2\x96\x81lanjaid', b'\xe2\x96\x81\xc3\xa1lggahuvvoj', b'\xe2\x96\x81huksen', b'\xe2\x96\x81bero\xc5\xa1ta', b'\xe2\x96\x81doarjja', b'\xe2\x96\x81jurdag', b'\xe2\x96\x81rievd', b'\xe2\x96\x81mearkka\xc5\xa1a', b'f\xc3\xa1lalda', b'\xc3\xa1\xc5\xa1\xc5\xa1is', b'aseabbo', b'ngotti', b'd\xc3\xa1ss\xc3\xa1sa\xc5\xa1', b'\xe2\x96\x81ovttal\xc3\xa1gan', b'vejola\xc5\xa1vuo\xc4\x91a', b'\xe2\x96\x81Tr\xc3\xb8ndelag', b'\xe2\x96\x81\xc3\xa1ddejumi', b'uovttus', b'\xe2\x96\x81h\xc3\xa1l', b'aime', b'nj\xc3\xa1', b'\xe2\x96\x81Sto', b'ram', b'\xe2\x96\x81d\xc3\xa1lon', b'\xe2\x96\x81kl\xc3\xa1ssa', b'\xe2\x96\x81gerge', b'\xe2\x96\x81Girkonj\xc3\xa1rgga', b'ym', b'iiva', b'\xe2\x96\x81r\xc3\xa1id', b'\xe2\x96\x81buohcce', b'\xe2\x96\x81rivg', b'\xe2\x96\x81\xc3\xa1lggahuvv', b'\xe2\x96\x811970-', b'\xe2\x96\x811980', b'\xe2\x96\x81h\xc3\xa1rjehalla', b'\xe2\x96\x81d\xc3\xa1rkkist', b'\xe2\x96\x81\xc3\xa1lggahuvvo', b'\xe2\x96\x81spesialis', b'b\xc3\xa1lvalus', b'\xe2\x96\x81oa\xc4\x8d\xc4\x8dui', b'buohccedik\xc5\xa1', b'\xe2\x96\x81form\xc3\xa1la', b'b\xc3\xa1', b'\xe2\x96\x81buorideddjii', b'\xe2\x96\x81buorideaddji', b'odahk', b'\xe2\x96\x81buohcci', b'ttis', b'hkkasi', b'\xe2\x96\x81\xc4\x8dielg', b'\xe2\x96\x81sosi\xc3\xa1laf\xc3\xa1ga', b'\xe2\x96\x81Lulli', b'\xe2\x96\x81\xc5\xa1iega', b'atematihkka', b'\xe2\x96\x81rehkenasti', b'\xe2\x96\x81t\xc3\xa1lai', b'\xe2\x96\x81bust\xc3\xa1vai', b'\xe2\x96\x81si\xc4\x91ai', b'lohkamii', b'emus', b'dd', b'\xe2\x96\x819', b'guovtt', b'\xe2\x96\x81sudno', b'\xe2\x96\x81vikkai', b'\xe2\x96\x81moddje', b'\xe2\x96\x81\xc3\x81l', b'\xc4\x8diek\xc4\x8dan', b'\xc3\xa1ikk', b'\xe2\x96\x81buss\xc3\xa1', b'\xe2\x96\x81guldal', b'\xe2\x96\x81Nie', b'anc', b'he', b'\xe2\x96\x81\xc3\xa1lki', b'\xe2\x96\x81vielja', b'\xe2\x96\x81v\xc3\xa1st\xc3\xa1dusa', b'\xe2\x96\x81V\xc3\xa1sti', b'b\xc3\xa1v\xc4\x8d\xc4\x8das', b'hildu', b'llui', b'\xe2\x96\x81sp\xc3\xa1bba', b'emin', b'dollii', b'\xe2\x96\x81doallam', b'mihtto', b'soa', b'\xc4\x8diega', b'agas', b'\xe2\x96\x81hearv\xc3\xa1svuo\xc4\x91a', b'\xe2\x96\x81G\xc3\xa1vpo', b'\xe2\x96\x81buhtismeahttumi', b'\xe2\x96\x81geaid', b'\xe2\x96\x81e\xc5\x8bgel', b'lg\xc3\xa1', b'\xe2\x96\x81krist', b'geainnu', b'o\xc4\x91', b'llus', b'\xe2\x96\x81luoht', b'\xe2\x96\x81\xc3\x81vdugas', b'\xe2\x96\x81vur', b'\xe2\x96\x81profehta', b'\xe2\x96\x81luoit\xc3\xa1d', b'\xe2\x96\x81e\xc5\x8bgela', b'oahttal', b'ehkos', b'\xe2\x96\x81vanhurskkis', b'\xe2\x96\x81L\xc3\xa1vvarda', b'\xe2\x96\x81\xc4\x8d\xc3\xa1jeh', b'\xe2\x96\x81verddevuo\xc4\x91a', b'\xe2\x96\x81geasseoroha', b'ohallami', b'\xe2\x96\x81ovdde\xc5\xa1', b'\xe2\x96\x81institu', b'\xe2\x96\x81Ne', b'ulbmil', b'\xe2\x96\x81Ruo\xc5\xa1\xc5\xa1a', b'\xc3\xa1vvarda', b'O', b'\xe2\x96\x81geige', b'\xe2\x96\x81l\xc3\xa1gid', b'\xe2\x96\x81njealjehas', b'\xe2\x96\x81v\xc3\xa1ldovuoittu', b'\xe2\x96\x81Nordlys', b'\xe2\x96\x81vuorb', b'Nordlys', b'val\xc3\xa1\xc5\xa1tallansearv', b'b\xc3\xa1s\xc3\xa1r', b'\xe2\x96\x81\xc3\xa1rbevi', b'\xe2\x96\x81eal\xc3\xa1hus', b'sisaboahtu', b'\xe2\x96\x81juovlab', b'ursa', b'ttii', b'\xe2\x96\x81D\xc3\xa1s', b'der', b'g\xc3\xa1\xc5\xa1', b'\xe2\x96\x81vuovd\xc3\xa1', b'\xe2\x96\x8116', b'\xe2\x96\x81juhkk', b'/', b'\xe2\x96\x81almmuh', b'lak', b'\xe2\x96\x81Val', b'eap', b'\xe2\x96\x81teavstta', b'\xe2\x96\x81almmuhuvvo', b'\xe2\x96\x81nealgude', b'\xe2\x96\x81Stuora', b'dikki', b'\xe2\x96\x81roasmmohuv', b'\xc3\xa1vki', b'dulvade', b'ami', b'\xe2\x96\x81b\xc3\xa1htar', b'\xe2\x96\x81hea\xc4\x91', b'\xe2\x96\x81nj\xc3\xa1', b'lggi', b'\xe2\x96\x81d\xc3\xa1lk', b'\xc3\xa1na', b'\xe2\x96\x81njuoska', b'\xe2\x96\x81dul', b'\xe2\x96\x81olgguldas', b'buvssa', b'\xe2\x96\x81b\xc3\xa1i', b'\xe2\x96\x81r\xc3\xa1nu', b'\xe2\x96\x81lie', b'ruittu', b'\xe2\x96\x81oapma', b'\xe2\x96\x81siskk\xc3\xa1ldas', b'bierggu', b'uide', b'\xe2\x96\x81boradan', b'\xe2\x96\x81Veah', b'\xe2\x96\x81St\xc3\xa1l', b'ahkke', b'rat', b'\xe2\x96\x81borgg', b'\xe2\x96\x81Guhk', b'\xe2\x96\x81gurut', b'\xe2\x96\x81\xc4\x8dear', b'skan', b'\xe2\x96\x81Sk', b'skko', b'\xe2\x96\x81jie', b'\xe2\x96\x81girk', b'\xe2\x96\x81rom', b'\xe2\x96\x81Aar', b'\xe2\x96\x811949', b'\xc3\xa1hce', b'doaimmaha', b'doallo', b'allaskuvlla', b'\xe2\x96\x81logaldalla', b'konfereans', b'\xe2\x96\x81Oahpah', b'99', b'\xe2\x96\x81\xc4\x8dohk', b'\xe2\x96\x81\xc3\xa1rran', b'\xe2\x96\x81alddis', b'\xe2\x96\x81o\xc4\x91\xc4\x91as', b'\xe2\x96\x81ri', b'\xe2\x96\x81buoridi', b'\xe2\x96\x81albma', b'\xe2\x96\x81V\xc3\xa1ldo', b'\xe2\x96\x81heaj', b'\xe2\x96\x81ovdaolbmo', b'v\xc3\xa1ivv', b'\xc3\xa1ldu', b'\xe2\x96\x81Guolle', b'\xc3\xa1ssa', b'\xe2\x96\x81bu\xc4\x91e', b'\xe2\x96\x81geafes', b'd\xc3\xa1si', b'st\xc3\xa1htaintern\xc3\xa1hta', b'\xe2\x96\x81Haviikka', b'osa', b'miela', b'dna', b'\xe2\x96\x81vuolgga', b'ere', b'\xe2\x96\x81rah\xc4\x8da', b'd\xc3\xa1htola', b'birrasi', b'\xe2\x96\x81194', b'\xe2\x96\x81s\xc3\xa1meskuvl', b'\xe2\x96\x81\xc3\xa1sahuvv', b'\xe2\x96\x81195', b'\xe2\x96\x81Davvi', b'\xe2\x96\x81riikka\xc4\x8doahkkimi', b'intern\xc3\xa1hta', b'\xe2\x96\x81Buolbm\xc3\xa1g', b'\xe2\x96\x81d\xc3\xa1hp', b'\xe2\x96\x81bartta', b'\xe2\x96\x81skuvla\xc3\xa1igoda', b'\xe2\x96\x81biht\xc3\xa1idlohka', b'ostuvv', b'\xe2\x96\x81j\xc3\xa1ndor', b'tmma', b'\xe2\x96\x81dor', b'44', b'\xc4\x91\xc4\x91e', b'\xe2\x96\x81br', b'bodd', b'mb', b'\xe2\x96\x81skuvlav', b'ohppii', b'\xe2\x96\x812', b'\xe2\x96\x81oahpaheddjiid', b'bbu', b'hoavda', b'eallim', b'\xe2\x96\x81meassam', b'fuolaheami', b'\xe2\x96\x81juollud', b'buktagii', b'\xe2\x96\x81dik\xc5\xa1umi', b'oabb\xc3\xa1', b'luid', b'vnnj', b'\xe2\x96\x81buhtis', b'\xe2\x96\x81ruovtto', b'\xe2\x96\x81oppanassii', b'\xe2\x96\x81S\xc3\xa1ht', b'\xe2\x96\x8170', b'\xe2\x96\x81Guosseviesu', b'eask\xc3\xa1r', b'\xe2\x96\x81oa\xc4\x91\xc4\x91en', b'\xe2\x96\x81D\xc3\xa1lu', b'eamidi', b'\xe2\x96\x81biis', b'ris', b'iigg\xc3\xa1id', b'\xe2\x96\x81sea\xc5\x8bgga', b'ttar', b'stohp', b'oaittobeal', b'm\xc3\xa1n\xc3\xa1', b'\xe2\x96\x81sk\xc3\xa1bmam\xc3\xa1n', b'\xe2\x96\x81beass\xc3\xa1\xc5\xbeii', b'em\xc3\xa1n\xc3\xa1', b'\xe2\x96\x81lahk', b'\xc3\xa1igge', b'\xe2\x96\x81biht\xc3\xa1idbargam', b'\xe2\x96\x8117.', b'\xe2\x96\x81se', b'asttu', b'\xe2\x96\x81petrom\xc3\xa1', b'\xe2\x96\x81bisu', b'\xc3\xa1idna', b'\xe2\x96\x81suovas', b'\xe2\x96\x81n\xc3\xa1kkis', b'\xe2\x96\x81skuvladiimmu', b'\xe2\x96\x81Intern\xc3\xa1ht', b'uostta', b'\xe2\x96\x81oar', b'\xe2\x96\x81juohk', b'\xe2\x96\x81basse', b'd\xc3\xa1lu', b'\xe2\x96\x81Boanda', b'ierru', b'uvtt\xc3\xa1', b'\xe2\x96\x81h\xc3\xa1rj\xc3\xa1n', b'\xe2\x96\x81huik', b'\xe2\x96\x81gievkkan', b'\xe2\x96\x81liggej', b'muorai', b'\xe2\x96\x81f\xc3\xa1rreh', b'\xc3\xa1ig', b'\xe2\x96\x81\xc4\x8dak\xc4\x8da', b'lmas', b'\xe2\x96\x81veahkke', b'\xe2\x96\x81duo\xc4\x91ai', b'\xe2\x96\x81nohkkan', b'\xe2\x96\x81Vuolle', b'\xe2\x96\x81juoiga', b'\xe2\x96\x81oarj', b'\xe2\x96\x81orohaga', b'hkkeli', b'\xc5\xa1joga', b'uo\xc5\xa1\xc5\xa1', b'leagi', b'\xe2\x96\x81fulkke\xc5\xbea', b'\xe2\x96\x81guimmiideaset', b'\xe2\x96\x81heaht', b'ohisvuo', b'\xe2\x96\x81fulkkii', b'\xe2\x96\x81kur\xc3\xa1htor', b'm\xc3\xa1n\xc3\xa1ide', b'\xe2\x96\x81h\xc3\xa1le\xc5\xa1t', b'halai', b'\xe2\x96\x81sohkanam', b'\xe2\x96\x81dulka', b'\xe2\x96\x81oahpaheddjii', b'bargii', b'b\xc3\xa1lkk\xc3\xa1', b'his', b'\xe2\x96\x81dolvo', b'\xe2\x96\x81ruovttum\xc3\xa1tkki', b'\xe2\x96\x81geainnu', b'\xe2\x96\x81ordne', b'\xe2\x96\x81johttis\xc3\xa1m', b'\xe2\x96\x81Ovdameark', b'\xe2\x96\x81jo\xc4\x91ih', b'\xc3\xa1htaid', b'\xe2\x96\x81geah\xc4\x8d', b'\xe2\x96\x81sotnabeaiv', b'\xe2\x96\x81dagah', b'hkkojuvvo', b'\xe2\x96\x81heakka', b'htti', b'\xe2\x96\x81godd', b'rtihkkal', b'\xe2\x96\x8117', b'oahti', b'erejuvvo', b'muttu', b'\xe2\x96\x81\xc3\xa1sahuvvo', b'joavkku', b'let', b'\xe2\x96\x81ama', b'\xe2\x96\x81j\xc3\xa1hkki', b'\xe2\x96\x81jurdagii', b'\xe2\x96\x81lohkki', b'tn\xc3\xa1', b'\xe2\x96\x81Atte', b'\xe2\x96\x81guott', b'\xe2\x96\x81mearkka\xc5\xa1', b'\xe2\x96\x81olg', b'bellodaga', b'j\xc3\xa1', b'\xe2\x96\x81350', b'\xe2\x96\x81matematihk', b'\xe2\x96\x81M\xc3\xa1reh', b'kkas', b'gi', b'vtte', b'\xe2\x96\x81boradet', b'\xe2\x96\x81bii', b'iigu', b'jin', b'\xe2\x96\x81Ruon\xc3\xa1ea', b'\xe2\x96\x81ruovttustivr', b'\xe2\x96\x81l\xc3\xa1gi', b'\xe2\x96\x81riikkain', b'\xe2\x96\x81dagu', b'\xe2\x96\x81suomagiela', b'\xe2\x96\x81m\xc3\xa1tkk', b'\xc5\xa1teaddji', b'\xe2\x96\x81badj\xc3\xa1n', b'\xe2\x96\x81jurdda', b'gulleva\xc5\xa1vuo', b'jah', b'\xe2\x96\x81\xc4\x8duold', b'taid', b'uorus', b'\xe2\x96\x81goldn', b'\xe2\x96\x81doal', b'\xe2\x96\x81olmm', b'\xe2\x96\x81Hel', b'\xe2\x96\x81\xc3\xa1llan', b'\xe2\x96\x81boazo', b'guohtun', b'\xe2\x96\x81miellaht', b'\xe2\x96\x81noa\xc4\x91\xc4\x91', b'ruo\xc5\xa7a', b'\xe2\x96\x81\xc4\x8dilgejuvvo', b'\xe2\x96\x81180', b'\xe2\x96\x81b\xc3\xa1lv', b'\xe2\x96\x81oas\xc3\xa1la', b'eahpit', b'\xe2\x96\x81tuoll', b'\xe2\x96\x81sutt', b'\xe2\x96\x81\xc4\x8dohkk\xc3\xa1je', b'\xe2\x96\x81m\xc3\xa1idnasii', b'\xe2\x96\x81cukcas', b'\xe2\x96\x81sisdoalu', b'\xe2\x96\x81basad', b'\xe2\x96\x81politiija', b'lliid', b'\xe2\x96\x81Sear', b'doavtter', b'\xc5\xa1iehtadus', b'\xe2\x96\x81virggi', b'duog\xc3\xa1', b'divvun', b'itehta', b'ddasv\xc3\xa1stideaddji', b'\xe2\x96\x81galgabe', b'\xe2\x96\x81Div\xc5\xa1\xc5\xa1ohasa', b'\xe2\x96\x81konkrehta', b'\xe2\x96\x81buorida', b'doaimmaid', b'journ\xc3\xa1la', b'r\xc3\xa1mma', b'\xc3\xa1llu', b'\xe2\x96\x81dea', b'\xc5\xbeil', b'iehtta', b'\xe2\x96\x81\xc3\xa1rgabeaivvi', b'tihuvvo', b'\xe2\x96\x81\xc3\xa1lgo\xc3\xa1lbmog', b'ven', b'baji', b'\xe2\x96\x81joddu', b'\xc3\xa1hp\xc3\xa1huvv', b'\xe2\x96\x81geah\xc4\x8d\xc4\x8daluvvo', b'gai', b'\xe2\x96\x81D\xc3\xa1idd', b'eh', b'\xe2\x96\x81ovddi', b'\xe2\x96\x81muitaluvvo', b'appo', b'ddui', b'eaigg\xc3\xa1', b'alit', b'g\xc3\xa1ldo', b'\xe2\x96\x81viidoda', b'\xe2\x96\x81D\xc3\xa1rogiel', b'\xe2\x96\x81nor', b'\xe2\x96\x81ga\xc5\xbealda', b'\xe2\x96\x81namuhi', b'\xe2\x96\x81dik\xc5\xa1u', b'\xe2\x96\x81psyk', b'sala', b'\xc5\x8bu', b'\xe2\x96\x81guovlu', b'\xe2\x96\x81b\xc3\xa1hki', b'lus', b'\xe2\x96\x81\xc3\xa1l', b'\xe2\x96\x81Eam', b'\xe2\x96\x81prinsihpala', b'\xe2\x96\x81d\xc3\xa1in', b'stallan', b'hpet', b'\xe2\x96\x81m\xc3\xa1vssola', b'vttohus', b'\xe2\x96\x81soahpamu\xc5\xa1a', b'\xe2\x96\x81Ferteb', b'iskkad', b'\xe2\x96\x81viehkali', b'\xe2\x96\x81Geainnu', b'\xe2\x96\x81r\xc3\xa1hkis', b'\xe2\x96\x81Giella', b'viess', b'ilea', b'\xe2\x96\x81doaivvu', b'istan', b'\xe2\x96\x81\xc4\x8duoiga', b'easet', b'\xe2\x96\x81v\xc3\xa1ilu', b'\xe2\x96\x81heahp', b'dovdomearkka', b'\xe2\x96\x81Gov', b'tiinn', b'\xe2\x96\x81Hans', b'stad', b'\xe2\x96\x81s\xc3\xa1tne', b'\xe2\x96\x81suova', b'\xe2\x96\x81gus', b'\xe2\x96\x81H\xc3\xa1', b'\xe2\x96\x81H\xc3\xa1ldda\xc5\xa1an', b'\xe2\x96\x81deastta', b'\xe2\x96\x81rievtt\xc3\xa1la', b'ebeall', b'vuovdi', b'\xe2\x96\x81opmoda', b'\xe2\x96\x81beal', b'talla', b'\xe2\x96\x81suokkarda', b'\xe2\x96\x81rohkadall', b'\xe2\x96\x81ima\xc5\xa1tall', b'\xe2\x96\x81mora\xc5\xa1t', b'ssii', b'\xe2\x96\x81joavkkui', b'\xe2\x96\x81Kri', b'ohtalus', b'\xe2\x96\x81nubb', b'ourn\xc3\xa1la', b'\xe2\x96\x81Jud', b'b\xc3\xa1rtni', b'\xe2\x96\x81cumm\xc3\xa1', b'\xe2\x96\x81riekte\xc3\xa1ddejumii', b'\xe2\x96\x81fuo', b'rr\xc3\xa1', b'\xe2\x96\x81rihkku', b'\xe2\x96\x81oaivil', b'\xe2\x96\x81M\xc3\xa1rjj\xc3\xa1', b'\xc4\x8d\xc4\x8daid', b'geahp', b'\xe2\x96\x81Konven\xc5\xa1uvdna', b'\xe2\x96\x81ovd\xc3\xa1nahtt', b'\xe2\x96\x81delega\xc5\xa1uv', b'\xe2\x96\x814', b'ille', b'\xe2\x96\x81\xc3\xa1nss\xc3\xa1', b'\xe2\x96\x81\xc4\x8duo\xc5\xbe\xc5\xbeil', b'\xe2\x96\x81ipmirdi', b'\xe2\x96\x81geavaheaddji', b'\xe2\x96\x81ustit', b'\xe2\x96\x81Lehpet', b'\xe2\x96\x81gease', b'\xe2\x96\x81fatnas', b'\xe2\x96\x81Lihk', b'\xe2\x96\x81v\xc3\xa1ldd', b'\xe2\x96\x81Liiko', b'bbai', b'\xe2\x96\x81s\xc3\xa1rg', b'\xe2\x96\x81kilo', b'resursa', b'\xe2\x96\x81ovddiduvvo', b'\xe2\x96\x81luohtteva\xc5\xa1', b'\xe2\x96\x81L\xc3\xa1i', b'\xe2\x96\x81sihta', b'om', b'\xe2\x96\x81boastta', b'of\xc3\xa1ga', b'\xe2\x96\x81Universitehta', b'\xe2\x96\x81\xc3\xa1\xc5\x8bgiri', b'\xe2\x96\x81heive', b'l\xc3\xa1iggi', b'\xe2\x96\x81oahpah', b'ssa', b'\xe2\x96\x81d\xc3\xa1lkk', b'guovdd\xc3\xa1\xc5\xa1', b'\xe2\x96\x81Si', b'\xe2\x96\x81beatnagi', b'ovt', b'main', b'\xe2\x96\x81goalloss\xc3\xa1', b'\xe2\x96\x812.', b'\xe2\x96\x81buo\xc4\x91\xc4\x91', b'gea\xc5\xbei', b'olbmo', b'\xe2\x96\x81h\xc3\xa1li', b'stahtti', b'\xe2\x96\x81nj\xc3\xa1lmm', b'ierra', b'\xe2\x96\x81Vuo', b'vnnu', b'\xe2\x96\x81mih', b'\xe2\x96\x81hilba', b'\xe2\x96\x81pe', b'\xe2\x96\x81oru', b'ges', b'\xe2\x96\x81v\xc3\xa1kki', b'\xe2\x96\x81b\xc3\xa1hce', b'\xe2\x96\x81bierg', b'\xe2\x96\x81vuo\xc5\xa1\xc5\xa1a', b'\xe2\x96\x81M\xc3\xa1htt\xc3\xa1jeaddji', b'\xe2\x96\x81M\xc3\xa1tt', b'\xe2\x96\x81almennehii', b'\xe2\x96\x81dav', b'\xe2\x96\x81g\xc3\xa1vpeolbm', b'lvvui', b'issona', b'\xe2\x96\x81g\xc3\xa1vppi', b'bus', b'\xe2\x96\x81guosk', b'\xe2\x96\x81gidd', b'\xc3\xb8', b'\xe2\x96\x81rievtt', b'\xe2\x96\x81geavv', b'\xe2\x96\x81cealk\xc3\xa1mu\xc5\xa1ai', b'h\xc3\xa1lddahus', b'ihk', b'\xe2\x96\x81oaiveg\xc3\xa1vpogi', b'\xe2\x96\x81friddja', b'eddjii', b'uro', b'ttir', b'\xe2\x96\x81Ber', b'\xe2\x96\x81Po', b'\xe2\x96\x81eavttu', b'buohccevies', b'\xe2\x96\x81riikar\xc3\xa1ji', b'\xe2\x96\x81guora', b'\xe2\x96\x81Ru\xc4\x91a', b'\xe2\x96\x81mielddus', b'\xe2\x96\x81goh\xc4\x8doduvv', b'vos', b'\xe2\x96\x81luos', b'\xc3\xa1nnodaga', b'ologa', b'\xe2\x96\x81\xc5\xa1iehtad', b'\xe2\x96\x81b\xc3\xa1zii', b'vvas', b'14', b'\xe2\x96\x81Soa', b'girj', b'veall', b'morra', b'\xe2\x96\x81s\xc3\xa1nii', b'fe', b'\xe2\x96\x81oa\xc4\x91\xc4\x91\xc3\xa1', b'i\xc5\x8bg', b'\xe2\x96\x81r\xc3\xa1vv', b'\xe2\x96\x81Suov', b'u\xc5\xa1\xc5\xa1', b'\xe2\x96\x81jahkedie\xc4\x91\xc3\xa1husa', b'\xe2\x96\x81l\xc3\xa1vvordaga', b'\xc3\xa1rvo', b'erru', b'ero\xc5\xa1t', b'\xe2\x96\x81vear', b'\xe2\x96\x81\xc4\x8duovvul', b'\xe2\x96\x81juksami', b'\xe2\x96\x81\xc4\x8divg', b'mmas', b'\xe2\x96\x81Vearr\xc3\xa1mus', b'ihtta', b'\xe2\x96\x81bivdo', b'\xe2\x96\x81V\xc3\xa1il', b'\xe2\x96\x81\xc3\x81hku', b'\xe2\x96\x81dulko', b'\xe2\x96\x81\xc3\x81sahu', b'\xe2\x96\x81\xc3\x81\xc5\xa1\xc5\xa1e', b'\xe2\x96\x81\xc4\x8c\xc3\xa1l', b'\xe2\x96\x81\xc4\x8c\xc3\xa1je', b'\xe2\x96\x81Vuolgi', b'\xe2\x96\x81Vuov', b'oste', b'ihtabe', b'eana', b'\xe2\x96\x81fuol', b'\xe2\x96\x81\xc3\x81i', b'\xe2\x96\x81Leme', b'\xe2\x96\x81f\xc3\xa1vl', b'\xe2\x96\x81Boa', b'dj\xc3\xa1s', b'\xe2\x96\x81sabeh', b'\xe2\x96\x81l\xc3\xa1ib', b'\xe2\x96\x81Nj', b'elas', b'\xe2\x96\x81veall\xc3\xa1ji', b'rgi', b'vilbeall', b'arro', b'w', b'za', b'\xe2\x96\x81Swann', b'\xe2\x96\x81R\xc3\xa1nu', b'\xe2\x96\x81Girjji', b'\xe2\x96\x81Heai', b'\xe2\x96\x81borr\xc3\xa1', b'\xe2\x96\x81D\xc3\xa1rbba', b'\xe2\x96\x81TV', b'\xe2\x96\x81eatnanmu', b'arv', b'\xc5\xa1eidde', b'ld\xc3\xa1', b'bierg', b'rj', b'eheimme', b'\xe2\x96\x81\xc4\x8doakkalmas', b'\xe2\x96\x81M\xc3\xa1ht', b'tibe', b'lihkka', b'hotealla', b'\xe2\x96\x81Beaskka', b'eahp', b'\xe2\x96\x81Olmm\xc3\xa1i', b'\xe2\x96\x81l\xc3\xa1hk', b'\xe2\x96\x81Dork', b'\xe2\x96\x81l\xc3\xa1vej', b'\xe2\x96\x81I\xc5\x8bg', b'\xe2\x96\x81Munno', b'\xe2\x96\x81heargevuodji', b'\xe2\x96\x81Vuolgg', b'\xe2\x96\x81seahkka', b'ovdna', b'\xe2\x96\x81kino', b'\xe2\x96\x81botne', b'\xe2\x96\x81Stu', b'livi', b'anprogr\xc3\xa1mma', b'\xe2\x96\x81Mor', b'les', b'luohk\xc3\xa1', b'hppiid', b'ieht\xc3\xa1', b'\xe2\x96\x81le', b'bb', b'last', b'ihkka', b'v\xc4\x8d\xc4\x8das', b'm\xc3\xa1la', b'\xe2\x96\x81duo\xc4\x91a\xc5\xa1t', b'a\xc5\xa1an', b'po', b'o\xc4\x91\xc4\x91a', b'vahku', b'\xe2\x96\x81kulturv', b'isttis', b'oviid', b'\xe2\x96\x81jearahall', b'\xe2\x96\x81ima\xc5\xa1ta', b'akto', b'b\xc3\xa1ikki', b'ivas', b'\xe2\x96\x81s\xc3\xa1ga', b'Mi', b'bivd', b'\xe2\x96\x81Intern', b'a\xc5\xa1u', b'\xe2\x96\x81Sm', b'estad', b'\xe2\x96\x81doaivv', b'\xe2\x96\x81gitt', b'vdd', b'bea', b'\xe2\x96\x81nealg', b'\xc4\x8dov', b'\xe2\x96\x81si', b'rk', b'epresideant', b'gil', b'\xe2\x96\x81dovd', b'lan', b'\xc3\x98', b'neba', b'kk', b'juohkin', b'l\xc3\xa1gi', b'\xe2\x96\x81gud', b'nej', b'eantt', b'aff', b'amma', b'\xe2\x96\x81lullis\xc3\xa1m', b'egiela', b'\xe2\x96\x81soahpa', b'\xe2\x96\x81biv', b'mil', b'bu\xc5\xa1eaht', b'ttu', b'\xe2\x96\x81Vi', b'lahttu', b'olahan', b'cu', b'\xe2\x96\x81R\xc3\xa1\xc4\x91\xc4\x91e', b'\xe2\x96\x81Tu', b'bal', b'Ka', b'\xe2\x96\x81No', b'ora', b'lka', b'\xe2\x96\x81Har', b'guokt', b'\xe2\x96\x81veall\xc3\xa1', b'v\xc4\x8d\xc4\x8dii', b'\xe2\x96\x81n\xc3\xa1l', b'ittot', b'\xe2\x96\x81lu', b'ddon', b'ljii', b'Lah', b'Ro', b'\xe2\x96\x81dearv', b'vuo\xc4\x91aid', b'\xe2\x96\x81G\xc3\xa1iv', b'\xe2\x96\x81luoit\xc3\xa1', b'\xe2\x96\x81g\xc3\xa1i', b'kko\xc5\xa1', b'\xe2\x96\x81Ar', b'kto', b'\xc3\xa1huva', b'ahala', b'\xe2\x96\x81Divtt', b'\xe2\x96\x81Oas', b'fra', b'\xe2\x96\x81oll', b'ddan', b'\xe2\x96\x81Guovdage', b'rohaga', b'len', b'ang', b'\xc3\xa6', b'rv', b'd\xc3\xa1', b'\xe2\x96\x81guovdd', b'\xe2\x96\x81rap', b'portta', b'\xe2\x96\x81ver', b'201', b'\xc4\x8doahkki', b'a\xc5\x8bkk', b'\xc3\xa1iras', b'oavk', b'\xe2\x96\x81dolloj', b'oaivili', b'g\xc3\xa1htten', b'\xe2\x96\x81veahka', b'uheapm', b'kk\xc3\xa1r', b'\xe2\x96\x81g\xc3\xa1r\xc5\xbe', b'jj\xc3\xa1', b'co', b'uovdag', b'b\xc3\xa1hkk', b'astan', b'\xe2\x96\x81suddje', b'ansea', b'jumi', b'gel', b'eatnama', b'\xe2\x96\x81boastt', b'erro\xc5\xa1', b'\xe2\x96\x81vah\xc3\xa1', b'buhtadusa', b'\xe2\x96\x81s\xc3\xa1vz', b'aeal\xc3\xa1husa', b'\xe2\x96\x81boraspir', b'\xe2\x96\x81\xc5\xa1iehtadu', b'a\xc4\x8d\xc3\xa1z', b'\xe2\x96\x81\xc3\x81\xc5\xa1\xc5\xa1', b'\xe2\x96\x81r\xc3\xa1b', b'\xe2\x96\x81list', b'adji', b'ibm', b'\xe2\x96\x81d\xc3\xa1rbba\xc5\xa1la', b'\xe2\x96\x81gie\xc4\x91ahall', b'\xe2\x96\x81geavahea', b'\xe2\x96\x81doarjag', b'\xe2\x96\x81la\xc4\x91', b'deapm', b'\xe2\x96\x81la\xc4\x91\xc4\x91asi', b'irge', b'\xe2\x96\x81sadj\xc3\xa1sa\xc5\xa1lahtu', b'\xe2\x96\x81r\xc3\xa1dja', b'\xe2\x96\x81okti', b'\xe2\x96\x81fylkkad', b'igg\xc3\xa1i', b'muitalusa', b'\xe2\x96\x81siskk', b'\xe2\x96\x81doaibm', b'\xe2\x96\x81eaktod\xc3\xa1ht', b'\xe2\x96\x81\xc4\x8da\xc4\x91ahe', b'\xe2\x96\x81geatnegas', b'\xe2\x96\x81\xc3\xa1\xc5\xa1\xc5\xa1e', b'fu', b'ggo', b'\xe2\x96\x81\xc4\x8d\xc3\xa1z', b'uvva', b'\xe2\x96\x81guol\xc3\xa1st', b'ear\xc3\xa1', b'\xe2\x96\x81mer', b'rejuvvo', b'\xe2\x96\x81lihkahal', b'lojuvvo', b'sko', b'\xc4\x91\xc4\x91', b'enai', b'\xe2\x96\x81gotti', b'\xe2\x96\x81meahcie', b'kkiid', b'ealli', b'ttihuvvo', b'\xe2\x96\x81luond', b'gottiid', b'\xe2\x96\x81boaz', b'gask', b'\xe2\x96\x81ca', b'kkadi', b'el', b'aksi', b'davv', b'e\xc4\x8di', b'\xe2\x96\x81guo', b'imm', b'jeh', b'ihke', b'\xe2\x96\x81ger', b'ssi', b'nj\xc3\xa1rg', b'\xe2\x96\x81ferteje', b'ohtt\xc3\xa1mu\xc5\xa1', b'ddj', b'\xe2\x96\x81m\xc3\xa1tk', b'\xc3\xa1seabb', b'eapp', b'\xe2\x80\x94', b'ihkku', b'sie\xc4\x91g', b'\xe2\x96\x81goika', b'\xe2\x96\x81orrum', b'\xe2\x96\x81juolg', b'\xe2\x96\x81giehta', b'sti', b'rd', b'vtt', b'\xe2\x96\x81soahp', b'adet', b'geard', b'\xe2\x96\x81g\xc3\xa1pma', b'kis', b'\xe2\x96\x81bass', b'\xe2\x96\x81fatnasi', b'renoam\xc3\xa1', b'ddas', b'\xe2\x96\x81g\xc3\xa1rd', b'\xe2\x96\x81ima\xc5\xa1', b'\xe2\x96\x81Nju', b'nni', b'ss\xc3\xa1\xc5\xbe', b'vodea', b'bie', b'll\xc3\xa1r', b'\xc3\xa1fu', b'\xe2\x96\x81\xc3\xa1igub', b'eh\xc3\xa1', b'\xe2\x96\x81sal', b'\xc3\xa1htta', b'oaivi', b'bb\xc3\xa1', b'aibma', b'\xe2\x96\x81j\xc3\xa1hk', b'\xe2\x96\x81\xc4\x8dier', b'\xe2\x96\x81lokt', b'i\xc5\x8bgo', b'\xe2\x96\x81sea', b'l\xc3\xa1i', b'giija', b'\xe2\x96\x81servodat', b'\xe2\x96\x81olaha', b'eisev\xc3\xa1ld', b'\xe2\x96\x81baj\xc3\xa1', b'pen', b'sa\xc5\xa1uvdna', b'\xe2\x96\x81Guo', b'\xe2\x96\x81v\xc3\xa1id', b'igemear', b'\xe2\x96\x81ovttasta', b'\xe2\x96\x81mearrida', b'\xe2\x96\x81v\xc3\xa1lddi', b'\xc4\x91i', b'\xc3\xa1sa\xc4\x8d\xc4\x8da', b'\xc2\xbb', b'div', b'pro\xc5\xa1eavtta', b'kanis', b'\xe2\x96\x81\xc3\xa1rvvo\xc5\xa1tallam', b'proseassa', b'\xe2\x96\x81journ', b'hka', b'\xc3\xa1mu', b'v\xc3\xa1s\xc3\xa1husa', b'va\xc5\xa1vuo\xc4\x91a', b'eal\xc3\xa1hus', b'\xe2\x96\x81gulleva\xc5\xa1', b'\xe2\x96\x81deaivvade', b'servodaga', b'ttet', b'\xe2\x96\x81\xc4\x8c\xc3\xa1h', b'vuovd', b'\xc3\xa1\xc5\xa1\xc5\xa1i', b'\xe2\x96\x81bohtosii', b'\xe2\x96\x81unnitlo', b'\xe2\x96\x81Di', b'\xe2\x96\x81divvu', b'\xe2\x96\x81eal\xc3\xa1', b'sk', b'N', b'\xe2\x96\x81st\xc3\xa1htain', b'\xe2\x96\x81stivr', b'org\xc3\xa1na', b'doarjagi', b'anbarggu', b'M', b'oria', b'julgg', b'a\xc5\xa1tusa', b'\xe2\x96\x81dea\xc5\xa7al', b'suorg', b'adepartemeant', b'stre', b'ihttome', b'g\xc3\xa1ib\xc3\xa1dusa', b'cces', b'oktavuo\xc4\x91a', b'\xe2\x96\x81ko', b'ord', b'ehka', b'h\xc3\xa1ldda\xc5\xa1eami', b'\xe2\x96\x81H\xc3\xa1l', b'\xc5\xa1gu', b'\xc3\xa1h\xc4\x8di', b'\xe2\x96\x81leame', b'l\xc3\xa1g', b'as\xc3\xa1la\xc4\x8d\xc4\x8daid', b'\xe2\x96\x81loahpa', b'\xe2\x96\x81almmola', b'\xe2\x96\x81viid\xc3\xa1se', b'\xe2\x96\x81mielk', b'\xe2\x96\x81deatt', b'\xe2\x96\x81Tr', b'\xe2\x96\x81boazodollii', b'\xe2\x96\x81vearro', b'eavttu', b'\xe2\x96\x81politihkka', b'ovddid', b'\xe2\x96\x81g\xc3\xa1ib\xc3\xa1dus', b'\xe2\x96\x81suodjalan', b'oamastan', b'ovu', b'\xc3\xa1lu', b'\xe2\x96\x81olgo', b'\xe2\x96\x81dak', b'\xc5\x8bas', b'esk', b'sosi', b'almmi', b'\xe2\x96\x81r\xc3\xa1f', b'yt', b'geavaheami', b'\xe2\x96\x81rievda', b'\xe2\x96\x81\xc3\x81r', b'la\xc4\x8d\xc4\x8daid', b'\xe2\x96\x81konfer', b'uovgga', b'omet', b'suodjalanp', b'stivra', b'k\xc5\xa1o', b'\xe2\x96\x81M\xc3\xa1', b'\xe2\x96\x81eami\xc3\xa1lbmog', b'\xe2\x96\x81riv', b'\xe2\x96\x81hil', b'gojuvvo', b'\xe2\x96\x81divr', b'ihtto', b'\xe2\x96\x81ovd\xc3\xa1na', b'\xc4\x8dear', b'zzan', b'kultuvrra', b'\xe2\x96\x81\xc3\xa1ddej', b'm\xc3\xa1n\xc3\xa1id', b'\xe2\x96\x81joatkkaskuvl', b'\xe2\x96\x81huks', b'\xe2\x96\x81h\xc3\xa1ldda\xc5\xa1', b'risttala', b'60', b'ohccediv\xc5\xa1\xc5\xa1\xc3\xa1roahp', b'n\xc3\xa1ig', b'div\xc5\xa1\xc5\xa1\xc3\xa1ra', b'ska', b'adoavttir', b'\xe2\x96\x81ovda', b'\xe2\x96\x81ossoda', b'eallje', b'\xc4\x8da', b'ullu', b'\xe2\x96\x81beatna', b'\xe2\x96\x81Dean', b'll\xc3\xa1ri', b'\xe2\x96\x81\xc4\x8doahkkimii', b'\xe2\x96\x81dearvva\xc5\xa1vuo\xc4\x91af', b'\xc3\xa1gaid', b'a\xc5\xbealda', b'ev\xc3\xa1', b'ttuid', b'\xe2\x96\x81bist', b'kurs', b'\xe2\x96\x81\xc3\x81lg', b'h\xc3\xa1rjehallan', b'rjja', b'\xe2\x96\x81Ma\xc5\x8b', b'\xe2\x96\x81log', b'ggot', b'llas', b'\xe2\x96\x81bero\xc5\xa1t', b'\xc3\xa1sti', b'\xe2\x96\x81\xc4\x8dohkked', b'stea', b'\xe2\x96\x81latnj', b'seahka', b'viiss', b'\xc3\xa1stalla', b'\xc4\x8d\xc4\x8d', b'\xe2\x96\x81Dav', b'ster', b'\xe2\x96\x81Uni', b'ted', b'ehkenastin', b'\xe2\x96\x81geard', b'\xe2\x96\x81guovl', b'\xe2\x96\x81rehke', b'biht\xc3\xa1id', b'\xe2\x96\x81oaivi', b'\xc4\x8diek\xc4\x8da', b'\xe2\x96\x81hu', b'made', b'amen', b'\xe2\x96\x81njealje', b'ggi', b'\xe2\x96\x81poart', b'\xe2\x96\x81beaivv\xc3\xa1\xc5\xbei', b'\xe2\x96\x81hearv\xc3\xa1svuo', b'ppi', b'dj', b'olit', b'\xe2\x96\x81giell', b'\xc3\xa1sa', b'\xe2\x96\x81\xc4\x8d\xc3\xa1ll', b'\xc3\xa1lla', b'ruh', b'\xe2\x96\x81truv', b'dja', b'pp\xc3\xa1', b'ag', b'\xc3\xa1la\xc5\xa1vu', b'\xe2\x96\x81Geah\xc4\x8d', b'\xe2\x96\x81rohkadalla', b'\xe2\x96\x81buhtismeahttu', b'\xe2\x96\x81ovd\xc3\xa1n', b'gov', b'johtimi', b'\xe2\x96\x81Smiervu', b'\xe2\x96\x81verdde', b'oidne', b'\xc4\x8duo', b'\xe2\x96\x81Fi', b'\xe2\x96\x81\xc3\xa1vkk\xc3\xa1stalla', b'\xe2\x96\x81g\xc3\xa1lv', b'heim', b'hild', b'\xe2\x96\x81fuom\xc3\xa1\xc5\xa1', b'd\xc3\xa1rbbu', b'riikka', b'\xe2\x96\x81bohc', b'S', b'\xe2\x96\x81guovdd\xc3\xa1\xc5\xbei', b'lei', b'\xe2\x96\x81Nord', b'eaddjiid', b'al\xc3\xa1\xc5\xa1tallan', b'h\xc3\xa1lla', b'bear', b'\xe2\x96\x81\xc4\x8dohkk', b'\xe2\x96\x81val\xc3\xa1\xc5\xa1tallan', b'\xe2\x96\x81oass\xc3\xa1last', b'\xe2\x96\x81sm\xc3\xa1v', b'\xe2\x96\x81h\xc3\xa1ll', b'\xe2\x96\x81vejola\xc5\xa1vuo', b'rru', b'\xe2\x96\x81Pe', b'\xe2\x96\x81sadj\xc3\xa1', b'val\xc3\xa1\xc5\xa1talla', b'jovk', b'\xe2\x96\x81f\xc3\xa1ll', b'\xe2\x96\x81\xc5\xa1u', b'o\xc5\x8bai', b'\xc3\xa1rbb', b'Guovdageainnu', b'ddji', b'\xe2\x96\x81Kan', b'ada', b'\xc3\xa1stuvva', b'\xc5\x8b', b'kes', b'\xc3\xa1rkanii', b'\xc3\xa1hp\xc3\xa1', b'\xe2\x96\x81sudn', b'\xe2\x96\x81borad', b'\xe2\x96\x81smieht', b'hkka', b'rtt', b'\xc5\x8bg\xc3\xa1', b'\xe2\x96\x81oalg', b'\xe2\x96\x81uhca', b'\xc3\xa1v\xc5\xbe', b'\xe2\x96\x81njuosk', b'\xe2\x96\x81her', b'stalla', b'\xe2\x96\x81uhc', b'\xc5\xbe\xc3\xa1', b'\xe2\x96\x81\xc4\x8dielgg', b'earra', b'sull', b'litea', b'\xe2\x96\x81\xc3\x81lbmot', b'\xe2\x96\x81Artihk', b'duoddari', b'\xe2\x96\x81veall', b'gaid', b'dola', b'arje', b'geatnega', b'htt', b'\xe2\x96\x81ohppii', b'boahtimi', b'stivrra', b'\xe2\x96\x81Stuor', b's\xc3\xa1pmela\xc4\x8d\xc4\x8daid', b'\xe2\x96\x818', b'\xc2\xb6', b'seahkka', b'ttus', b'psyk', b'skuvl', b'searv', b'nanb\xc3\xa1ik', b'\xe2\x96\x81organisa\xc5\xa1uv', b'organis', b'\xe2\x96\x81Haviik', b'\xe2\x96\x81S\xc3\xa1megi', b'\xe2\x96\x81oahpahu', b'\xe2\x96\x81\xc4\x8d\xc3\xa1llin', b'\xe2\x96\x81olggu', b'dahtte', b'lahtu', b'\xe2\x96\x81riikka\xc4\x8doahkki', b'8', b'\xe2\x96\x81vuo\xc4\x91\xc4\x91uda', b'n\xc4\x8doahkki', b'ullis\xc3\xa1mi', b'bor', b'Tr\xc3\xb8ndelag', b'1980', b'\xe2\x96\x81fylkkagield', b'\xe2\x96\x81skuvlam\xc3\xa1n\xc3\xa1id', b'aset', b'addj', b'anbar', b'\xe2\x96\x81badje', b'\xc3\xa1hk\xc3\xa1i', b'\xe2\x96\x81kurs', b'hal', b'dskuvlla', b'sodat', b'asis', b'\xe2\x96\x81intern\xc3\xa1httadil', b'\xe2\x96\x81M\xc3\xa1n\xc3\xa1id', b'\xe2\x96\x81bearra\xc5\xa1', b'\xe2\x96\x81v\xc3\xa1lljej', b'12', b'vra', b'\xe2\x96\x81dil', b'\xe2\x96\x81Gield', b'\xe2\x96\x81el', b'isev\xc3\xa1lddi', b'\xe2\x96\x81rig', b'eren', b'\xe2\x96\x81d\xc3\xa1lo', b'r\xc3\xa1ig', b'\xe2\x96\x81Guossevies', b'\xe2\x96\x81huksej', b'\xe2\x96\x811970', b'estob', b'\xe2\x96\x81res', b'ep', b'\xc5\xa1uvdna', b'eall\xc3\xa1', b'oatn', b'm\xc3\xa1rkan', b'\xe2\x96\x81\xc4\x8dak\xc4\x8dam\xc3\xa1', b'ssem\xc3\xa1nu', b'ehis', b'luo', b'huksen', b'\xe2\x96\x81g\xc3\xa1r\xc5\xbe\xc5\xbei', b'\xe2\x96\x81b\xc3\xa1z', b'ahalle', b'\xe2\x96\x81bearr\xc3\xa1ige', b'rvvo\xc5\xa1tall', b'uh', b'gg', b'reg', b'\xe2\x96\x81jur', b'liggen', b'm\xc3\xa1\xc5\xa1ii', b'\xe2\x96\x81ligg', b'\xe2\x96\x81ligge', b'nvejola\xc5\xa1vuo', b'i\xc5\xa1go', b'um', b'pet', b'h\xc3\xa1', b'vahkku', b'\xe2\x96\x81beaivv', b'biras', b'orru', b'pm', b'suohka', b'\xe2\x96\x81rii', b'do\xc3\xa1\xc5\xa1\xc5\xa1i', b'\xe2\x96\x81givss', b'nieidda', b's\xc3\xa1las', b'rrol', b'agaid', b'\xc3\xa1vva', b'g\xc3\xa1ndda', b'nnj', b'eriija', b'elis', b'\xe2\x96\x81vuoj', b'\xe2\x96\x81bargg', b'ahanv', b'\xe2\x96\x81vuoigat', b'\xe2\x96\x81oass\xc3\xa1', b'dalle', b'jiena', b'uorrav', b'njoavkku', b'uvdna', b'lanjaid', b'uvnna', b'd\xc3\xa1lo', b'la\xc5\xbe\xc5\xbe', b'uossevies', b'\xe2\x96\x81d\xc3\xa1hp\xc3\xa1', b'roste', b'dojuvvo', b'jui', b'\xe2\x96\x81geavahuvv', b'hkor', b'skuvla', b'\xe2\x96\x81nann', b'uoigan', b'oarjja', b'beall', b'eg\xc3\xa1', b'iss\xc3\xa1', b'joga', b'\xe2\x96\x81ie\xc5\xa1gu\xc4\x91e', b'\xe2\x96\x81\xc4\x8dielgga', b'aleaddji', b'm\xc3\xa1nn\xc3\xa1', b'ahusa', b'\xe2\x96\x81ruovttum\xc3\xa1tk', b'ortne', b'\xc3\xa1hnem', b'uorru', b'ogai', b'iduvv', b'biilla', b'\xe2\x96\x81buss', b'intern\xc3\xa1htta', b'doall', b'\xe2\x96\x81v\xc3\xa1hne', b'aste', b'bearra\xc5\xa1ii', b'aldat', b'kon', b'lb', b'adeapm', b'\xe2\x96\x81s\xc3\xa1dd', b'\xc3\xa1stan', b'\xe2\x96\x81mearri', b'earridanv\xc3\xa1ld', b'dden', b'\xe2\x96\x81h\xc3\xa1liidi', b'hu', b'gad', b'\xe2\x96\x81ean', b'lahtuid', b'\xe2\x96\x81form', b'Pe', b'ter', b'rga', b'kult', b'\xe2\x96\x8180', b'j\xc3\xa1ndor', b'orrun', b'\xe2\x96\x81kri', b'\xe2\x96\x81Bargiid', b'die\xc4\x91u', b'\xe2\x96\x81Sa', b'ari', b'\xe2\x96\x81v\xc3\xa1llj', b'\xe2\x96\x81listt', b'duddjo', b'nvier', b'\xe2\x96\x81j\xc3\xa1vk', b'ppu', b'\xe2\x96\x81Beas', b'vierui', b'\xe2\x96\x81Beass\xc3\xa1', b'ff\xc3\xa1', b'\xe2\x96\x81Boazo', b'\xe2\x96\x81vuosttald', b'hukse', b'\xe2\x96\x81Buol', b'uoremus', b'\xe2\x96\x81s\xc3\xa1mepolitihk', b'eassa', b'\xc3\xa1\xc4\x91\xc4\x91', b'uo\xc4\x91\xc4\x91u', b'skea\xc5\x8bkka', b'\xe2\x96\x81s\xc3\xa1l', b'\xe2\x96\x81Dain', b'tnama', b'\xe2\x96\x81giellad', b'\xc4\x91ii', b'\xe2\x96\x81f\xc3\xa1m', b'\xe2\x96\x81geahppase', b'\xe2\x96\x81gurp', b'ddjojuvvo', b'ilit', b'\xc3\xa1rbba', b'\xe2\x96\x81dutka', b'\xe2\x96\x81suoma', b'\xe2\x96\x81gall', b'dain', b'arg', b'ument', b'\xe2\x96\x81fylk', b'\xe2\x96\x81smiehtta', b'ohpa', b'\xe2\x96\x81ruoht', b'luvvo', b'\xc4\x91oh', b'ussii', b'rasa', b'\xe2\x96\x81Wil', b'\xe2\x96\x81Dear', b'\xe2\x96\x81duh', b'0-', b'\xe2\x96\x81v\xc3\xa1cc', b'bas', b'\xc4\x8d\xc4\x8daide', b'\xe2\x96\x81girjj', b'\xc3\xa1la\xc5\xa1vuo\xc4\x91a', b'b\xc3\xa1lkk', b'a\xc5\xa1upm', b'oal', b'ddos', b'\xe2\x96\x81gilvv', b'\xe2\x96\x81vaikk', b'agi', b'\xe2\x96\x81sil', b'\xe2\x96\x81v\xc3\xa1s\xc3\xa1hus', b'veahkke', b'd\xc3\xa1rb', b'\xc2\xa7', b'miideaset', b'\xe2\x96\x81diehto', b'\xe2\x96\x81ov', b'\xe2\x96\x81meannud', b'gasvuo\xc4\x91ai', b'\xe2\x96\x81Die\xc4\x91', b'\xe2\x96\x81guokt', b'\xe2\x96\x81oskk', b'il\xc3\xa1la\xc5\xa1vuo\xc4\x91a', b'\xe2\x96\x81seavdnja', b'tvu', b'i\xc5\x8bgojit', b'vea', b'\xe2\x96\x81mil', b'dosii', b'\xc3\xa1sahus', b'oaibmabiju', b'80', b'\xe2\x96\x81deh', b'\xe2\x96\x81ma\xc5\x8b', b'rit', b'\xe2\x96\x81ear', b'uha', b'i\xc3\xa1la', b'\xe2\x96\x81D\xc3\xa1ht', b'\xe2\x96\x81goas', b'\xe2\x96\x81muitalusai', b'\xe2\x96\x81g\xc3\xa1r\xc5\xbe\xc5\xbeid', b'\xe2\x96\x81d\xc3\xa1ss\xc3\xa1', b'dil\xc3\xa1la\xc5\xa1vuo', b'\xe2\x96\x81almenne', b'\xe2\x96\x81geavahanvuoiga', b'\xe2\x96\x81eaktu', b'n\xc3\xa1dus', b'\xc3\xa1rkkist', b'steaddji', b'\xe2\x96\x81i\xc4\x91', b'oanda', b'\xe2\x96\x81joavk', b'uoht', b'\xe2\x96\x81\xc4\x8die', b'\xe2\x96\x81deh\xc3\xa1l', b'\xc3\xa1gga', b'\xc3\xa1lbmog', b'\xe2\x96\x81g\xc3\xa1ld', b'nddo', b'\xe2\x96\x81vuo\xc4\x91\xc4\x91u', b'\xe2\x96\x81namm', b'\xe2\x96\x81\xc3\x81h\xc4\x8d', b'\xe2\x96\x81vea', b'\xe2\x96\x81Fert', b'g\xc3\xa1id', b'\xc3\xa1ga', b'\xc3\xa1pmu', b'nvu', b'\xe2\x96\x81turist', b'aj', b'lgev\xc3\xa1', b'ikkuhusa', b't\xc3\xa1htain', b'njuolggadusa', b'\xe2\x96\x81Gil', b'\xe2\x96\x81Gir', b'sseg', b'abivdos', b'\xe2\x96\x81fu', b'avdnj', b'olle', b'ledje', b'\xe2\x96\x81juolludea', b'd\xc3\xa1b\xc3\xa1la', b'skk\xc3\xa1ldas', b'ooahp', b'iehtadu', b'\xe2\x96\x81liv', b'\xc5\xbeo', b'\xe2\x96\x81vuodji', b'\xe2\x96\x81Olmm\xc3\xa1iv', b'\xc3\xa1kkis', b'ravis', b'mearka', b'gr\xc3\xa1', b'kurssa', b'\xe2\x96\x81fer', b'\xe2\x96\x81mill', b'uovlluid', b'\xe2\x96\x81Guov', b'\xc3\xa1ib\xc3\xa1dus', b'buss', b'\xc3\xa1ri', b'rik', b'\xe2\x96\x81buoll', b'hkan', b'ieggan', b'\xe2\x96\x81\xc3\xa1rvvo\xc5\xa1tallami', b'\xe2\x96\x81sisdoal', b'\xc3\xa1rj\xc3\xa1n', b'\xe2\x96\x81m\xc3\xa1n\xc3\xa1idg\xc3\xa1rd', b'\xe2\x96\x81muitale', b'\xe2\x96\x81viid\xc3\xa1', b'iv\xc4\x8d\xc4\x8de', b'\xe2\x96\x81hearg', b'\xe2\x96\x81rohk', b'mma', b'\xe2\x96\x81h\xc3\xa1ld', b'v\xc3\xa1ldim', b'\xe2\x96\x81geah\xc4\x8d\xc4\x8dal', b'kke', b'vz', b'\xe2\x96\x81\xc3\xa1lgga', b'\xe2\x96\x81ipmird', b'hppe', b'sttii', b'ive', b'\xe2\x96\x81Div', b'\xe2\x96\x81pro\xc5\xa1ea', b'hk\xc3\xa1s', b'stus', b'jahk\xc3\xa1sa', b'ddejuvvo', b'\xe2\x96\x81luoi', b'kan', b'\xe2\x96\x81beaht', b'\xe2\x96\x81earr\xc3\xa1', b'\xe2\x96\x81n\xc3\xa1it', b'dili', b'\xe2\x96\x81vuost\xc3\xa1i', b'\xe2\x96\x81J\xc3\xa1hk', b'antuvr', b'\xe2\x96\x81Nordl', b'\xc3\xa1ndda', b'atna', b'anda', b'evttohus', b'n\xc3\xa1\xc5\xa1\xc5\xa1i', b'\xe2\x96\x81Nuor', b'valit', b'eahtta', b'\xe2\x96\x81borramu\xc5\xa1', b'c', b'of', b'\xe2\x96\x81duo\xc4\x91a', b'\xe2\x96\x81m\xc3\xa1idn', b'\xe2\x96\x81doarj', b'\xe2\x96\x81o\xc4\x91as', b'\xe2\x96\x81njuo', b'vadan', b'\xe2\x96\x81op', b'timis', b'ill', b'\xe2\x96\x81g\xc3\xa1l', b'stu', b'mear', b's\xc3\xa1miguovllu', b'rret', b'\xe2\x96\x81njun', b'\xe2\x96\x81Luonddu', b'\xe2\x96\x81juksa', b'\xe2\x96\x81rie', b'anne', b'\xe2\x96\x81njuolggadusai', b'uige', b'ddag', b'\xe2\x96\x81davvi', b'\xe2\x96\x81goallos', b'\xe2\x96\x81\xc4\x8dea', b'behii', b'\xe2\x96\x81giel', b'\xe2\x96\x81gier', b'\xe2\x96\x81gil', b'oz', b'dad', b'avviriik', b'\xe2\x96\x81d\xc3\xa1ss\xc3\xa1sa', b'\xe2\x96\x81Mearr', b'\xe2\x96\x81b\xc3\xa1lvalus', b'ela', b'\xe2\x96\x81far', b'sis', b'\xe2\x96\x81s\xc3\xa1pmela', b'\xe2\x96\x81meht', b'\xc5\xa1\xc5\xa1o', b'\xe2\x96\x81viht', b'nssa', b'ohaga', b'\xe2\x96\x81\xc4\x8dilgej', b'\xe2\x96\x81Mol', b'dieht', b'na\xc5\xa1u', b'dutkan', b'vvar', b'1.', b'\xe2\x96\x81Muhti', b'allanv', b'eahki', b'ohk\xc3\xa1', b'\xe2\x96\x81radi', b'k\xc3\xa1la', b'\xe2\x96\x81dear', b'98', b'bmag', b'\xe2\x96\x81jodd', b'gii', b'\xe2\x96\x81vuoi\xc5\x8b\xc5\x8ba', b'v\xc3\xa1lddi', b'\xe2\x96\x81\xc4\x8d\xc3\xa1', b'\xe2\x96\x81v\xc3\xa1cci', b'\xe2\x96\x81suhtt', b'\xe2\x96\x81borram', b'\xe2\x96\x81oast', b'anna', b'\xe2\x96\x81g\xc3\xa1vpe', b'\xe2\x96\x81gask', b'\xe2\x96\x81vuolgg', b'\xe2\x96\x81vuovdd', b'\xe2\x96\x81beatnag', b'\xe2\x96\x81oahpaheaddj', b'diid', b'\xe2\x96\x81\xc3\xa1igg', b'\xe2\x96\x81gaskan', b'\xc4\x8d\xc3\xa1l', b'\xe2\x96\x81juoga', b'age', b'oaivvi', b'emiid', b'\xc3\xa1n\xc3\xa1idg\xc3\xa1rd', b'rge', b'\xe2\x96\x81njuolgga', b'llan', b'\xe2\x96\x81dutk', b'\xe2\x96\x81adno', b'\xe2\x96\x81v\xc3\xa1sih', b'\xe2\x96\x81b\xc3\xa1rt', b'\xe2\x96\x81fuola', b'\xe2\x96\x81b\xc3\xa1hkk', b'oahpahe', b'\xe2\x96\x81doarjj', b'\xe2\x96\x81W', b'H', b'st\xc3\xa1ht', b'\xc5\xa1tallan', b'\xe2\x96\x81b\xc3\xa1it', b'\xe2\x96\x81M\xc3\xa1rj', b'\xe2\x96\x81vuostta', b'uorran', b'f\xc3\xa1d', b'd\xc3\xa1n', b'assii', b'registrerem', b'ys', b'a\xc4\x91i', b'\xe2\x96\x81vih', b'departement', b'\xe2\x96\x81mearriduvv', b'anb\xc3\xa1ik', b'\xe2\x96\x81ovdda', b'l\xc3\xa1vva', b'nieid', b'ej', b'\xe2\x96\x81cealk\xc3\xa1', b'\xe2\x96\x81stuor', b'iv', b'\xe2\x96\x81Orr', b'\xe2\x96\x81g\xc3\xa1r\xc5\xbe\xc5\xbeiduvv', b'\xe2\x96\x81Joh', b'\xe2\x96\x81Ovda', b'teavstta', b'\xe2\x96\x81nea', b'vrr', b'\xe2\x96\x81d\xc3\xa1b', b'\xe2\x96\x81S\xc3\xa1pm', b'lla', b'deaddji', b'\xc5\x8bgg\xc3\xa1\xc5\xa1', b'l\xc3\xa1na', b'\xe2\x96\x81diimm', b'\xe2\x96\x81sku', b'hter', b'vla', b'\xe2\x96\x81stivrr', b'egoaht', b'bmi', b'\xe2\x96\x81\xc4\x8dalmm', b'eive', b'lonuh', b'allan', b'\xc5\xa1uvnnai', b'\xe2\x96\x81dahkko', b'ab', b'iggodagaid', b'dut', b'asteddjiid', b'iikkaid', b'iera', b'\xe2\x96\x81Rom', b'\xe2\x96\x81vealah', b'\xe2\x96\x81Nor', b'\xe2\x96\x81geo', b'hcit', b'hus', b'\xe2\x96\x81b\xc3\xa1lk', b'\xe2\x96\x81seai', b'aj\xc3\xa1', b'\xe2\x96\x81poli', b'\xe2\x96\x81div\xc5\xa1\xc5\xa1', b'historjj\xc3\xa1la', b'bukti', b'\xe2\x96\x81buht', b'\xe2\x96\x81riik', b'\xe2\x96\x81konven\xc5\xa1uvdn', b'gotti', b'eavdnjad', b'ieidd', b'\xe2\x96\x81stu', b'\xe2\x96\x81sie', b'\xe2\x96\x81b\xc3\xa1lvalu', b'geah\xc4\x8d\xc4\x8dal', b'egas', b'\xe2\x96\x81Njuo', b'rgg', b'\xe2\x96\x81lohk', b'vvoj', b'\xe2\x96\x81ear\xc3\xa1id', b'mot', b'eai', b'\xe2\x96\x81iht', b'\xc3\xa1\xc5\x8bga', b'm\xc3\xa1htt', b'h\xc4\x8da', b'vdu', b'dagu', b'\xe2\x96\x81buol', b'uopmo', b'\xe2\x96\x81bea', b'st\xc3\xa1', b'\xe2\x96\x81\xc3\xa1lbmogi', b'\xe2\x96\x81deaivva', b'\xe2\x96\x81ma\xc5\x8b\xc5\x8be', b'rgga', b'\xe2\x96\x81Buolbm\xc3\xa1', b'dd\xc3\xa1', b'kkain', b'fi', b'\xe2\x96\x81golg', b'\xe2\x96\x81r\xc3\xa1v', b'kat', b'\xc4\x8d\xc4\x8do', b'\xe2\x96\x81\xc5\xa1attui', b'\xc3\xa1ppa', b'va', b'\xc3\xa1rren', b'\xe2\x96\x81osii', b'\xc3\xa1hp\xc3\xa1n', b'rdda\xc5\xa1an', b'immah', b'\xe2\x96\x81S\xc3\xa1medigge', b'r\xc3\xa1\xc4\x91\xc4\x91', b'\xc3\xa1llo', b'\xe2\x96\x81namu', b'K', b'T', b'\xc3\xa1\xc5\x8bgir', b'anpl\xc3\xa1nai', b'nprogr\xc3\xa1mma', b'800', b'\xe2\x96\x81sotnabe', b'ivvi', b'\xe2\x96\x81guovlluid', b'\xe2\x96\x81mearr\xc3\xa1dus', b'01', b'org\xc3\xa1n', b'\xe2\x96\x81dulk', b'\xe2\x96\x81riekte\xc3\xa1ddeju', b'\xe2\x96\x81suokkard', b'\xe2\x96\x81diehtojuohki', b'guov', b'nm\xc3\xa1rk', b'Norg', b'ste', b'\xe2\x96\x81Te', b'rje', b'\xc3\xa1inna', b'\xe2\x96\x81bok', b'dutkamiid', b'eaddjis', b'bargi', b'biddjoj', b'volu', b'politihk', b'\xe2\x96\x81s\xc3\xa1m', b'eakti', b'\xe2\x96\x81d\xc3\xa1rbba', b'avii', b'\xe2\x96\x81namah', b'\xe2\x96\x81Vu', b'obeal', b'isvuo\xc4\x91a', b'\xe2\x96\x81oa\xc5\xbe\xc5\xbe', b'jad', b'ansearv', b'nalis', b'\xe2\x96\x81Vuoll', b'\xc3\xa1ikkuhusa', b'ivv', b'njuolggadus', b'\xc3\xa1rrepresideant', b'05', b'.01', b'osi\xc3\xa1la', b'departemeantta', b'\xe2\x96\x81juollude', b'\xe2\x96\x81\xc3\x81ig', b'irasa', b'\xe2\x96\x81vuost\xc3\xa1la', b'\xe2\x96\x81\xc3\x81lbmotr', b'vtt\xc3\xa1', b'amaha', b'\xe2\x96\x81mies', b'pmat', b'So', b'rbevi', b'mo', b'meantta', b'ov', b'\xe2\x96\x81rievdad', b'\xc4\x8d\xc3\xa1ll', b'steami', b'vvo', b'meannud', b'rgalu', b'rvvas', b'\xe2\x96\x81eal', b'ibi', b'\xe2\x96\x81pl\xc3\xa1n', b'm\xc3\xa1nn', b'\xe2\x96\x81dubm', b'30', b'\xe2\x96\x81kr', b'\xe2\x96\x81gill', b'\xc3\xa1jeaddj', b'igoaht\xc3\xa1', b'ilbeal', b'\xc3\xa1lkes', b'\xe2\x96\x81bir', b'ccu', b'vss\xc3\xa1', b'cc', b'\xe2\x96\x81oaive', b'ah\xc3\xa1da', b'div\xc5\xa1\xc5\xa1\xc3\xa1r', b'\xe2\x96\x81inte', b'bir', b'oda', b'l\xc3\xa1veji', b'\xe2\x96\x81Nii', b'\xe2\x96\x81st\xc3\xa1l', b'\xc3\xa1zzi', b'\xe2\x96\x81s\xc3\xa1ht\xc3\xa1', b'era', b'bmu', b'seam', b'filbm', b'\xe2\x96\x81vuor', b'\xe2\x96\x81Boaht', b'\xe2\x96\x81Gra', b'pe', b'\xc5\xa1\xc5\xa1u', b'\xe2\x96\x81o\xc4\x91\xc4\x91', b'juv', b'ssuid', b'\xc3\xa1hp', b'\xc3\xa1ide', b'\xe2\x96\x81liht', b'hkkara', b'\xe2\x96\x81oam', b'\xc3\xa1rdn', b'\xe2\x96\x81Tro', b'\xe2\x96\x81vahkk', b'oahpa', b'\xe2\x96\x81uvss', b'eliid', b'kuvllas', b'\xe2\x96\x81cealk', b'agiid', b'\xc3\xa1hkuid', b'ggasa', b'isto', b'vlla', b'ehiid', b'\xe2\x96\x81ruov', b'\xc3\xa1vre', b'\xe2\x96\x81ra', b'\xe2\x96\x81Oro', b'\xe2\x96\x81jaska', b'\xe2\x96\x81\xc4\x8dilg', b'\xe2\x96\x81duor', b'\xc3\xa1\xc4\x91\xc4\x91e', b'g\xc3\xa1vtti', b'm\xc3\xa1', b'ttih', b'eah\xc4\x8d\xc4\x8da', b'hke', b'\xe2\x96\x81hi', b'\xe2\x96\x81goll', b'\xe2\x96\x81hoahp', b'pu', b'boast', b'oa\xc4\x91is', b'ivgu', b'lddus', b'orjj', b'\xc4\x8di\xc5\x8ba', b'\xe2\x96\x81Ve', b'rro', b'\xc3\xa1zzil', b'\xe2\x96\x81bovde', b'\xc4\x91is', b'ahkk', b'vre', b'arridi', b'\xe2\x96\x81Nieid', b'uheame', b'uks', b'\xe2\x96\x81duddj', b'\xe2\x96\x81ipmir', b'\xe2\x96\x81h\xc3\xa1lid', b'\xc3\xa1pmag', b'enr', b'\xe2\x96\x81m\xc3\xa1n', b'uvrr', b'htte', b'ihkkar', b'\xe2\x96\x81biil', b'\xe2\x96\x81Hea', b'M\xc3\xa1nn', b'g\xc3\xa1rvvu', b'ukcasii', b'l\xc3\xa1j', b'udno', b'\xe2\x96\x81K\xc3\xa1', b'\xe2\x96\x81Divtta', b'\xe2\x96\x81r\xc3\xa1hkisvuo', b'\xe2\x96\x81fii', b'aht\xc3\xa1', b'\xe2\x96\x81gorrojuvv', b'uvssa', b'pmasii', b'oivv', b'\xe2\x96\x81d\xc3\xa1r', b'\xe2\x96\x81rohka', b'\xc3\xa1ff', b'\xe2\x96\x81g\xc3\xa1htt', b'orski', b'\xe2\x96\x81vuoi', b'eva', b'\xe2\x96\x81ju', b'feastta', b'\xe2\x96\x81meahc\xc3\xa1ste', b'bivdd', b'\xe2\x96\x81Ri', b'ht\xc3\xa1', b'ah\xc4\x8dai', b'ema', b'\xe2\x96\x81meass', b'\xe2\x96\x81G\xc3\xa1ivu', b'P', b'ark', b'\xe2\x96\x81Ma', b'dame', b'Tu', b'kab', b'httii', b'o\xc4\x91\xc4\x91asi', b'\xe2\x96\x81Guovdageai', b'uvtta', b'lash', b'vttas', b'r\xc3\xa1hkad', b'\xe2\x96\x81nisson', b'lkkas', b'ngilvvu', b'ihkkala', b'\xe2\x96\x81olbm\xc3\xa1i', b'I\xc5\x8bgg\xc3\xa1', b'M\xc3\xa1hte', b'\xe2\x96\x81Vuoi', b'\xe2\x96\x81varr', b'\xc3\xa1hkko', b'\xe2\x96\x81nju', b'zz', b'uoiggai', b'nj\xc3\xa1lmm', b'sttui', b'\xe2\x96\x8135', b'bba', b'\xe2\x96\x81dol', b'rogie', b'p\xc3\xa1bba', b'\xe2\x96\x81\xc4\x8diek\xc4\x8d', b'\xe2\x96\x81nuor', b'\xe2\x96\x81muor', b'ukse', b'biil', b'\xe2\x96\x81vuodj', b'\xe2\x96\x81jearah', b'\xe2\x96\x81jurd', b'iellja', b'\xe2\x96\x81goikada', b'\xe2\x96\x81V\xc3\xa1', b'\xe2\x96\x81geass', b'vgg', b'\xe2\x96\x81silb', b'\xe2\x96\x81\xc4\x8doa', b'lis', b'mm\xc3\xa1i', b'\xc3\xa1iki', b'alus', b'\xe2\x96\x81G\xc3\xa1', b'lea', b'eahkki']
2025-12-22 17:55:38,295 vocabulary size of 4421
2025-12-22 17:55:38,313 SequenceTagger predicts: Dictionary with 17 tags: <PAD>, NOUN, VERB, PUNCT, PRON, ADV, AUX, ADJ, CCONJ, PROPN, ADP, SCONJ, NUM, PART, INTJ, <START>, <STOP>
2025-12-22 17:55:39,156 
Results:
- F-score (micro) 0.9078
- F-score (macro) 0.7885
- Accuracy 0.9078

By class:
              precision    recall  f1-score   support

       <PAD>     0.9985    0.9939    0.9962      5911
        NOUN     0.7402    0.8009    0.7694      1085
        VERB     0.7083    0.7556    0.7312       855
       PUNCT     0.9886    1.0000    0.9943       867
        PRON     0.9120    0.9549    0.9330       532
         ADV     0.7547    0.8116    0.7821       398
         AUX     0.8541    0.7726    0.8113       409
         ADJ     0.7301    0.5000    0.5935       330
       PROPN     0.6132    0.6107    0.6119       244
       CCONJ     0.9371    0.9803    0.9582       152
       SCONJ     0.7544    0.8687    0.8075        99
         ADP     0.7326    0.7241    0.7283        87
         NUM     0.8889    0.5385    0.6707       104
        PART     0.8788    0.6905    0.7733        84
        INTJ     1.0000    0.5000    0.6667         4

    accuracy                         0.9078     11161
   macro avg     0.8328    0.7668    0.7885     11161
weighted avg     0.9089    0.9078    0.9068     11161

2025-12-22 17:55:39,156 ----------------------------------------------------------------------------------------------------
