2025-12-22 21:25:35,875 ----------------------------------------------------------------------------------------------------
2025-12-22 21:25:35,875 Model: "SequenceTagger(
  (embeddings): StackedEmbeddings(
    (list_embedding_0): OneHotEmbeddings(
      (embedding_layer): Embedding(4959, 300)
    )
  )
  (word_dropout): WordDropout(p=0.05)
  (locked_dropout): LockedDropout(p=0.5)
  (embedding2nn): Linear(in_features=300, out_features=300, bias=True)
  (rnn): LSTM(300, 256, batch_first=True, bidirectional=True)
  (linear): Linear(in_features=512, out_features=19, bias=True)
  (loss_function): ViterbiLoss()
  (crf): CRF()
)"
2025-12-22 21:25:35,875 ----------------------------------------------------------------------------------------------------
2025-12-22 21:25:35,875 Corpus: 918 train + 445 dev + 448 test sentences
2025-12-22 21:25:35,875 ----------------------------------------------------------------------------------------------------
2025-12-22 21:25:35,875 Train:  918 sentences
2025-12-22 21:25:35,875         (train_with_dev=False, train_with_test=False)
2025-12-22 21:25:35,875 ----------------------------------------------------------------------------------------------------
2025-12-22 21:25:35,875 Training Params:
2025-12-22 21:25:35,875  - learning_rate: "0.1" 
2025-12-22 21:25:35,875  - mini_batch_size: "32"
2025-12-22 21:25:35,875  - max_epochs: "150"
2025-12-22 21:25:35,875  - shuffle: "True"
2025-12-22 21:25:35,875 ----------------------------------------------------------------------------------------------------
2025-12-22 21:25:35,875 Plugins:
2025-12-22 21:25:35,875  - AnnealOnPlateau | patience: '3', anneal_factor: '0.5', min_learning_rate: '0.0001'
2025-12-22 21:25:35,875 ----------------------------------------------------------------------------------------------------
2025-12-22 21:25:35,875 Final evaluation on model from best epoch (best-model.pt)
2025-12-22 21:25:35,875  - metric: "('micro avg', 'f1-score')"
2025-12-22 21:25:35,875 ----------------------------------------------------------------------------------------------------
2025-12-22 21:25:35,875 Computation:
2025-12-22 21:25:35,876  - compute on device: cpu
2025-12-22 21:25:35,876  - embedding storage: none
2025-12-22 21:25:35,876 ----------------------------------------------------------------------------------------------------
2025-12-22 21:25:35,876 Model training base path: "models/flair_pos/unigram/hu"
2025-12-22 21:25:35,876 ----------------------------------------------------------------------------------------------------
2025-12-22 21:25:35,876 ----------------------------------------------------------------------------------------------------
2025-12-22 21:25:36,984 epoch 1 - iter 2/29 - loss 3.59976560 - time (sec): 1.11 - samples/sec: 2158.53 - lr: 0.100000 - momentum: 0.000000
2025-12-22 21:25:38,146 epoch 1 - iter 4/29 - loss 3.29718176 - time (sec): 2.27 - samples/sec: 2200.49 - lr: 0.100000 - momentum: 0.000000
2025-12-22 21:25:39,186 epoch 1 - iter 6/29 - loss 3.04152196 - time (sec): 3.31 - samples/sec: 2262.96 - lr: 0.100000 - momentum: 0.000000
2025-12-22 21:25:40,147 epoch 1 - iter 8/29 - loss 2.85834274 - time (sec): 4.27 - samples/sec: 2354.17 - lr: 0.100000 - momentum: 0.000000
2025-12-22 21:25:42,140 epoch 1 - iter 10/29 - loss 2.74095891 - time (sec): 6.26 - samples/sec: 1992.57 - lr: 0.100000 - momentum: 0.000000
2025-12-22 21:25:43,083 epoch 1 - iter 12/29 - loss 2.66890748 - time (sec): 7.21 - samples/sec: 2040.71 - lr: 0.100000 - momentum: 0.000000
2025-12-22 21:25:44,639 epoch 1 - iter 14/29 - loss 2.60112192 - time (sec): 8.76 - samples/sec: 1956.16 - lr: 0.100000 - momentum: 0.000000
2025-12-22 21:25:45,643 epoch 1 - iter 16/29 - loss 2.54809993 - time (sec): 9.77 - samples/sec: 2006.54 - lr: 0.100000 - momentum: 0.000000
2025-12-22 21:25:47,196 epoch 1 - iter 18/29 - loss 2.49852788 - time (sec): 11.32 - samples/sec: 1950.59 - lr: 0.100000 - momentum: 0.000000
2025-12-22 21:25:48,506 epoch 1 - iter 20/29 - loss 2.45294925 - time (sec): 12.63 - samples/sec: 1945.24 - lr: 0.100000 - momentum: 0.000000
2025-12-22 21:25:49,778 epoch 1 - iter 22/29 - loss 2.41096994 - time (sec): 13.90 - samples/sec: 1970.18 - lr: 0.100000 - momentum: 0.000000
2025-12-22 21:25:51,044 epoch 1 - iter 24/29 - loss 2.38064975 - time (sec): 15.17 - samples/sec: 1960.33 - lr: 0.100000 - momentum: 0.000000
2025-12-22 21:25:52,345 epoch 1 - iter 26/29 - loss 2.34799751 - time (sec): 16.47 - samples/sec: 1960.67 - lr: 0.100000 - momentum: 0.000000
2025-12-22 21:25:53,446 epoch 1 - iter 28/29 - loss 2.31982992 - time (sec): 17.57 - samples/sec: 1989.40 - lr: 0.100000 - momentum: 0.000000
2025-12-22 21:25:53,714 ----------------------------------------------------------------------------------------------------
2025-12-22 21:25:53,714 EPOCH 1 done: loss 2.3129 - lr: 0.100000
2025-12-22 21:25:57,078 DEV : loss 1.8870267868041992 - f1-score (micro avg)  0.3224
2025-12-22 21:25:57,083  - 0 epochs without improvement
2025-12-22 21:25:57,084 saving best model
2025-12-22 21:25:57,126 ----------------------------------------------------------------------------------------------------
2025-12-22 21:25:58,073 epoch 2 - iter 2/29 - loss 1.98457917 - time (sec): 0.95 - samples/sec: 2451.51 - lr: 0.100000 - momentum: 0.000000
2025-12-22 21:25:59,422 epoch 2 - iter 4/29 - loss 1.96095320 - time (sec): 2.30 - samples/sec: 2127.03 - lr: 0.100000 - momentum: 0.000000
2025-12-22 21:26:00,681 epoch 2 - iter 6/29 - loss 1.95750425 - time (sec): 3.55 - samples/sec: 2112.15 - lr: 0.100000 - momentum: 0.000000
2025-12-22 21:26:01,909 epoch 2 - iter 8/29 - loss 1.94496876 - time (sec): 4.78 - samples/sec: 2077.33 - lr: 0.100000 - momentum: 0.000000
2025-12-22 21:26:02,856 epoch 2 - iter 10/29 - loss 1.93990882 - time (sec): 5.73 - samples/sec: 2106.77 - lr: 0.100000 - momentum: 0.000000
2025-12-22 21:26:03,776 epoch 2 - iter 12/29 - loss 1.93271457 - time (sec): 6.65 - samples/sec: 2161.10 - lr: 0.100000 - momentum: 0.000000
2025-12-22 21:26:05,201 epoch 2 - iter 14/29 - loss 1.92732677 - time (sec): 8.07 - samples/sec: 2101.00 - lr: 0.100000 - momentum: 0.000000
2025-12-22 21:26:06,445 epoch 2 - iter 16/29 - loss 1.92255392 - time (sec): 9.32 - samples/sec: 2105.23 - lr: 0.100000 - momentum: 0.000000
2025-12-22 21:26:07,654 epoch 2 - iter 18/29 - loss 1.91560763 - time (sec): 10.53 - samples/sec: 2107.10 - lr: 0.100000 - momentum: 0.000000
2025-12-22 21:26:08,599 epoch 2 - iter 20/29 - loss 1.91575265 - time (sec): 11.47 - samples/sec: 2139.70 - lr: 0.100000 - momentum: 0.000000
2025-12-22 21:26:09,632 epoch 2 - iter 22/29 - loss 1.90976081 - time (sec): 12.51 - samples/sec: 2161.79 - lr: 0.100000 - momentum: 0.000000
2025-12-22 21:26:11,299 epoch 2 - iter 24/29 - loss 1.90763856 - time (sec): 14.17 - samples/sec: 2072.78 - lr: 0.100000 - momentum: 0.000000
2025-12-22 21:26:12,495 epoch 2 - iter 26/29 - loss 1.90700219 - time (sec): 15.37 - samples/sec: 2084.12 - lr: 0.100000 - momentum: 0.000000
2025-12-22 21:26:13,891 epoch 2 - iter 28/29 - loss 1.90107113 - time (sec): 16.76 - samples/sec: 2076.23 - lr: 0.100000 - momentum: 0.000000
2025-12-22 21:26:14,252 ----------------------------------------------------------------------------------------------------
2025-12-22 21:26:14,252 EPOCH 2 done: loss 1.8978 - lr: 0.100000
2025-12-22 21:26:17,343 DEV : loss 1.6297187805175781 - f1-score (micro avg)  0.4313
2025-12-22 21:26:17,347  - 0 epochs without improvement
2025-12-22 21:26:17,347 saving best model
2025-12-22 21:26:17,376 ----------------------------------------------------------------------------------------------------
2025-12-22 21:26:18,766 epoch 3 - iter 2/29 - loss 1.85585363 - time (sec): 1.39 - samples/sec: 1760.55 - lr: 0.100000 - momentum: 0.000000
2025-12-22 21:26:19,925 epoch 3 - iter 4/29 - loss 1.81862748 - time (sec): 2.55 - samples/sec: 2014.93 - lr: 0.100000 - momentum: 0.000000
2025-12-22 21:26:21,265 epoch 3 - iter 6/29 - loss 1.80879621 - time (sec): 3.89 - samples/sec: 1988.63 - lr: 0.100000 - momentum: 0.000000
2025-12-22 21:26:22,202 epoch 3 - iter 8/29 - loss 1.81050901 - time (sec): 4.83 - samples/sec: 2091.05 - lr: 0.100000 - momentum: 0.000000
2025-12-22 21:26:23,575 epoch 3 - iter 10/29 - loss 1.80212867 - time (sec): 6.20 - samples/sec: 2110.12 - lr: 0.100000 - momentum: 0.000000
2025-12-22 21:26:24,550 epoch 3 - iter 12/29 - loss 1.79604340 - time (sec): 7.17 - samples/sec: 2175.45 - lr: 0.100000 - momentum: 0.000000
2025-12-22 21:26:25,752 epoch 3 - iter 14/29 - loss 1.78482727 - time (sec): 8.38 - samples/sec: 2175.70 - lr: 0.100000 - momentum: 0.000000
2025-12-22 21:26:27,151 epoch 3 - iter 16/29 - loss 1.76930365 - time (sec): 9.77 - samples/sec: 2112.21 - lr: 0.100000 - momentum: 0.000000
2025-12-22 21:26:28,441 epoch 3 - iter 18/29 - loss 1.75760523 - time (sec): 11.06 - samples/sec: 2064.61 - lr: 0.100000 - momentum: 0.000000
2025-12-22 21:26:29,703 epoch 3 - iter 20/29 - loss 1.74961753 - time (sec): 12.33 - samples/sec: 2062.09 - lr: 0.100000 - momentum: 0.000000
2025-12-22 21:26:30,897 epoch 3 - iter 22/29 - loss 1.73420227 - time (sec): 13.52 - samples/sec: 2073.55 - lr: 0.100000 - momentum: 0.000000
2025-12-22 21:26:31,948 epoch 3 - iter 24/29 - loss 1.72587705 - time (sec): 14.57 - samples/sec: 2070.54 - lr: 0.100000 - momentum: 0.000000
2025-12-22 21:26:33,003 epoch 3 - iter 26/29 - loss 1.71511084 - time (sec): 15.63 - samples/sec: 2085.80 - lr: 0.100000 - momentum: 0.000000
2025-12-22 21:26:34,020 epoch 3 - iter 28/29 - loss 1.70685948 - time (sec): 16.64 - samples/sec: 2092.25 - lr: 0.100000 - momentum: 0.000000
2025-12-22 21:26:34,356 ----------------------------------------------------------------------------------------------------
2025-12-22 21:26:34,357 EPOCH 3 done: loss 1.7047 - lr: 0.100000
2025-12-22 21:26:37,221 DEV : loss 1.490013599395752 - f1-score (micro avg)  0.4784
2025-12-22 21:26:37,225  - 0 epochs without improvement
2025-12-22 21:26:37,225 saving best model
2025-12-22 21:26:37,252 ----------------------------------------------------------------------------------------------------
2025-12-22 21:26:38,136 epoch 4 - iter 2/29 - loss 1.54012550 - time (sec): 0.88 - samples/sec: 2731.74 - lr: 0.100000 - momentum: 0.000000
2025-12-22 21:26:39,429 epoch 4 - iter 4/29 - loss 1.52477982 - time (sec): 2.18 - samples/sec: 2338.40 - lr: 0.100000 - momentum: 0.000000
2025-12-22 21:26:40,871 epoch 4 - iter 6/29 - loss 1.51167621 - time (sec): 3.62 - samples/sec: 2076.70 - lr: 0.100000 - momentum: 0.000000
2025-12-22 21:26:41,738 epoch 4 - iter 8/29 - loss 1.50665582 - time (sec): 4.49 - samples/sec: 2151.08 - lr: 0.100000 - momentum: 0.000000
2025-12-22 21:26:42,984 epoch 4 - iter 10/29 - loss 1.49481306 - time (sec): 5.73 - samples/sec: 2156.09 - lr: 0.100000 - momentum: 0.000000
2025-12-22 21:26:43,792 epoch 4 - iter 12/29 - loss 1.48466926 - time (sec): 6.54 - samples/sec: 2204.25 - lr: 0.100000 - momentum: 0.000000
2025-12-22 21:26:44,987 epoch 4 - iter 14/29 - loss 1.46905992 - time (sec): 7.73 - samples/sec: 2202.68 - lr: 0.100000 - momentum: 0.000000
2025-12-22 21:26:46,244 epoch 4 - iter 16/29 - loss 1.45811569 - time (sec): 8.99 - samples/sec: 2158.57 - lr: 0.100000 - momentum: 0.000000
2025-12-22 21:26:47,288 epoch 4 - iter 18/29 - loss 1.44684268 - time (sec): 10.03 - samples/sec: 2205.60 - lr: 0.100000 - momentum: 0.000000
2025-12-22 21:26:48,448 epoch 4 - iter 20/29 - loss 1.43667125 - time (sec): 11.20 - samples/sec: 2197.15 - lr: 0.100000 - momentum: 0.000000
2025-12-22 21:26:49,437 epoch 4 - iter 22/29 - loss 1.42543475 - time (sec): 12.18 - samples/sec: 2212.45 - lr: 0.100000 - momentum: 0.000000
2025-12-22 21:26:50,446 epoch 4 - iter 24/29 - loss 1.41557929 - time (sec): 13.19 - samples/sec: 2220.71 - lr: 0.100000 - momentum: 0.000000
2025-12-22 21:26:51,447 epoch 4 - iter 26/29 - loss 1.40661013 - time (sec): 14.19 - samples/sec: 2249.85 - lr: 0.100000 - momentum: 0.000000
2025-12-22 21:26:52,596 epoch 4 - iter 28/29 - loss 1.39657826 - time (sec): 15.34 - samples/sec: 2247.01 - lr: 0.100000 - momentum: 0.000000
2025-12-22 21:26:53,130 ----------------------------------------------------------------------------------------------------
2025-12-22 21:26:53,130 EPOCH 4 done: loss 1.3942 - lr: 0.100000
2025-12-22 21:26:55,770 DEV : loss 1.0575603246688843 - f1-score (micro avg)  0.6704
2025-12-22 21:26:55,775  - 0 epochs without improvement
2025-12-22 21:26:55,775 saving best model
2025-12-22 21:26:55,799 ----------------------------------------------------------------------------------------------------
2025-12-22 21:26:56,782 epoch 5 - iter 2/29 - loss 1.22617196 - time (sec): 0.98 - samples/sec: 2447.58 - lr: 0.100000 - momentum: 0.000000
2025-12-22 21:26:57,779 epoch 5 - iter 4/29 - loss 1.22454920 - time (sec): 1.98 - samples/sec: 2484.65 - lr: 0.100000 - momentum: 0.000000
2025-12-22 21:26:58,717 epoch 5 - iter 6/29 - loss 1.22030578 - time (sec): 2.92 - samples/sec: 2549.15 - lr: 0.100000 - momentum: 0.000000
2025-12-22 21:26:59,897 epoch 5 - iter 8/29 - loss 1.22492880 - time (sec): 4.10 - samples/sec: 2425.71 - lr: 0.100000 - momentum: 0.000000
2025-12-22 21:27:01,095 epoch 5 - iter 10/29 - loss 1.22183162 - time (sec): 5.29 - samples/sec: 2368.91 - lr: 0.100000 - momentum: 0.000000
2025-12-22 21:27:02,102 epoch 5 - iter 12/29 - loss 1.21527068 - time (sec): 6.30 - samples/sec: 2379.41 - lr: 0.100000 - momentum: 0.000000
2025-12-22 21:27:03,272 epoch 5 - iter 14/29 - loss 1.21325883 - time (sec): 7.47 - samples/sec: 2352.97 - lr: 0.100000 - momentum: 0.000000
2025-12-22 21:27:04,526 epoch 5 - iter 16/29 - loss 1.20101158 - time (sec): 8.73 - samples/sec: 2305.57 - lr: 0.100000 - momentum: 0.000000
2025-12-22 21:27:05,495 epoch 5 - iter 18/29 - loss 1.19383919 - time (sec): 9.70 - samples/sec: 2326.74 - lr: 0.100000 - momentum: 0.000000
2025-12-22 21:27:06,515 epoch 5 - iter 20/29 - loss 1.18758029 - time (sec): 10.71 - samples/sec: 2319.67 - lr: 0.100000 - momentum: 0.000000
2025-12-22 21:27:07,579 epoch 5 - iter 22/29 - loss 1.18359738 - time (sec): 11.78 - samples/sec: 2328.07 - lr: 0.100000 - momentum: 0.000000
2025-12-22 21:27:08,923 epoch 5 - iter 24/29 - loss 1.17968007 - time (sec): 13.12 - samples/sec: 2293.11 - lr: 0.100000 - momentum: 0.000000
2025-12-22 21:27:09,814 epoch 5 - iter 26/29 - loss 1.17486607 - time (sec): 14.01 - samples/sec: 2309.65 - lr: 0.100000 - momentum: 0.000000
2025-12-22 21:27:10,949 epoch 5 - iter 28/29 - loss 1.16989663 - time (sec): 15.15 - samples/sec: 2299.86 - lr: 0.100000 - momentum: 0.000000
2025-12-22 21:27:11,480 ----------------------------------------------------------------------------------------------------
2025-12-22 21:27:11,480 EPOCH 5 done: loss 1.1676 - lr: 0.100000
2025-12-22 21:27:14,485 DEV : loss 1.0050816535949707 - f1-score (micro avg)  0.6554
2025-12-22 21:27:14,491  - 1 epochs without improvement
2025-12-22 21:27:14,492 ----------------------------------------------------------------------------------------------------
2025-12-22 21:27:15,650 epoch 6 - iter 2/29 - loss 1.08177543 - time (sec): 1.16 - samples/sec: 2022.42 - lr: 0.100000 - momentum: 0.000000
2025-12-22 21:27:16,732 epoch 6 - iter 4/29 - loss 1.09004919 - time (sec): 2.24 - samples/sec: 2177.50 - lr: 0.100000 - momentum: 0.000000
2025-12-22 21:27:17,639 epoch 6 - iter 6/29 - loss 1.08273871 - time (sec): 3.15 - samples/sec: 2309.35 - lr: 0.100000 - momentum: 0.000000
2025-12-22 21:27:19,044 epoch 6 - iter 8/29 - loss 1.07580353 - time (sec): 4.55 - samples/sec: 2152.09 - lr: 0.100000 - momentum: 0.000000
2025-12-22 21:27:20,179 epoch 6 - iter 10/29 - loss 1.05631175 - time (sec): 5.69 - samples/sec: 2190.31 - lr: 0.100000 - momentum: 0.000000
2025-12-22 21:27:21,047 epoch 6 - iter 12/29 - loss 1.05577906 - time (sec): 6.56 - samples/sec: 2299.42 - lr: 0.100000 - momentum: 0.000000
2025-12-22 21:27:22,032 epoch 6 - iter 14/29 - loss 1.05506582 - time (sec): 7.54 - samples/sec: 2318.08 - lr: 0.100000 - momentum: 0.000000
2025-12-22 21:27:23,021 epoch 6 - iter 16/29 - loss 1.05220819 - time (sec): 8.53 - samples/sec: 2324.72 - lr: 0.100000 - momentum: 0.000000
2025-12-22 21:27:24,016 epoch 6 - iter 18/29 - loss 1.05324100 - time (sec): 9.52 - samples/sec: 2345.08 - lr: 0.100000 - momentum: 0.000000
2025-12-22 21:27:24,914 epoch 6 - iter 20/29 - loss 1.05464007 - time (sec): 10.42 - samples/sec: 2392.29 - lr: 0.100000 - momentum: 0.000000
2025-12-22 21:27:25,868 epoch 6 - iter 22/29 - loss 1.05093715 - time (sec): 11.38 - samples/sec: 2403.01 - lr: 0.100000 - momentum: 0.000000
2025-12-22 21:27:26,751 epoch 6 - iter 24/29 - loss 1.04564117 - time (sec): 12.26 - samples/sec: 2439.37 - lr: 0.100000 - momentum: 0.000000
2025-12-22 21:27:27,772 epoch 6 - iter 26/29 - loss 1.04167240 - time (sec): 13.28 - samples/sec: 2416.99 - lr: 0.100000 - momentum: 0.000000
2025-12-22 21:27:28,604 epoch 6 - iter 28/29 - loss 1.03770786 - time (sec): 14.11 - samples/sec: 2454.54 - lr: 0.100000 - momentum: 0.000000
2025-12-22 21:27:29,027 ----------------------------------------------------------------------------------------------------
2025-12-22 21:27:29,027 EPOCH 6 done: loss 1.0382 - lr: 0.100000
2025-12-22 21:27:31,954 DEV : loss 0.7621181607246399 - f1-score (micro avg)  0.7378
2025-12-22 21:27:31,959  - 0 epochs without improvement
2025-12-22 21:27:31,959 saving best model
2025-12-22 21:27:31,980 ----------------------------------------------------------------------------------------------------
2025-12-22 21:27:33,065 epoch 7 - iter 2/29 - loss 0.94155211 - time (sec): 1.08 - samples/sec: 2379.50 - lr: 0.100000 - momentum: 0.000000
2025-12-22 21:27:34,238 epoch 7 - iter 4/29 - loss 0.95946913 - time (sec): 2.26 - samples/sec: 2206.16 - lr: 0.100000 - momentum: 0.000000
2025-12-22 21:27:35,289 epoch 7 - iter 6/29 - loss 0.95718010 - time (sec): 3.31 - samples/sec: 2362.67 - lr: 0.100000 - momentum: 0.000000
2025-12-22 21:27:36,304 epoch 7 - iter 8/29 - loss 0.95708877 - time (sec): 4.32 - samples/sec: 2336.53 - lr: 0.100000 - momentum: 0.000000
2025-12-22 21:27:37,471 epoch 7 - iter 10/29 - loss 0.95647509 - time (sec): 5.49 - samples/sec: 2347.37 - lr: 0.100000 - momentum: 0.000000
2025-12-22 21:27:38,481 epoch 7 - iter 12/29 - loss 0.95272334 - time (sec): 6.50 - samples/sec: 2360.31 - lr: 0.100000 - momentum: 0.000000
2025-12-22 21:27:39,610 epoch 7 - iter 14/29 - loss 0.95623655 - time (sec): 7.63 - samples/sec: 2325.39 - lr: 0.100000 - momentum: 0.000000
2025-12-22 21:27:40,636 epoch 7 - iter 16/29 - loss 0.95549173 - time (sec): 8.66 - samples/sec: 2322.31 - lr: 0.100000 - momentum: 0.000000
2025-12-22 21:27:41,716 epoch 7 - iter 18/29 - loss 0.95182790 - time (sec): 9.74 - samples/sec: 2325.59 - lr: 0.100000 - momentum: 0.000000
2025-12-22 21:27:42,892 epoch 7 - iter 20/29 - loss 0.94977978 - time (sec): 10.91 - samples/sec: 2289.29 - lr: 0.100000 - momentum: 0.000000
2025-12-22 21:27:43,912 epoch 7 - iter 22/29 - loss 0.94571542 - time (sec): 11.93 - samples/sec: 2292.97 - lr: 0.100000 - momentum: 0.000000
2025-12-22 21:27:44,656 epoch 7 - iter 24/29 - loss 0.94418071 - time (sec): 12.68 - samples/sec: 2339.04 - lr: 0.100000 - momentum: 0.000000
2025-12-22 21:27:45,636 epoch 7 - iter 26/29 - loss 0.93949045 - time (sec): 13.66 - samples/sec: 2365.39 - lr: 0.100000 - momentum: 0.000000
2025-12-22 21:27:46,564 epoch 7 - iter 28/29 - loss 0.93738855 - time (sec): 14.58 - samples/sec: 2382.35 - lr: 0.100000 - momentum: 0.000000
2025-12-22 21:27:46,969 ----------------------------------------------------------------------------------------------------
2025-12-22 21:27:46,969 EPOCH 7 done: loss 0.9395 - lr: 0.100000
2025-12-22 21:27:49,533 DEV : loss 0.7644404172897339 - f1-score (micro avg)  0.7321
2025-12-22 21:27:49,538  - 1 epochs without improvement
2025-12-22 21:27:49,539 ----------------------------------------------------------------------------------------------------
2025-12-22 21:27:50,539 epoch 8 - iter 2/29 - loss 0.87103058 - time (sec): 1.00 - samples/sec: 2598.18 - lr: 0.100000 - momentum: 0.000000
2025-12-22 21:27:51,510 epoch 8 - iter 4/29 - loss 0.87648762 - time (sec): 1.97 - samples/sec: 2501.75 - lr: 0.100000 - momentum: 0.000000
2025-12-22 21:27:52,411 epoch 8 - iter 6/29 - loss 0.88943689 - time (sec): 2.87 - samples/sec: 2602.79 - lr: 0.100000 - momentum: 0.000000
2025-12-22 21:27:53,280 epoch 8 - iter 8/29 - loss 0.88585041 - time (sec): 3.74 - samples/sec: 2645.97 - lr: 0.100000 - momentum: 0.000000
2025-12-22 21:27:54,241 epoch 8 - iter 10/29 - loss 0.88518114 - time (sec): 4.70 - samples/sec: 2628.60 - lr: 0.100000 - momentum: 0.000000
2025-12-22 21:27:55,369 epoch 8 - iter 12/29 - loss 0.87790270 - time (sec): 5.83 - samples/sec: 2526.52 - lr: 0.100000 - momentum: 0.000000
2025-12-22 21:27:56,371 epoch 8 - iter 14/29 - loss 0.87480742 - time (sec): 6.83 - samples/sec: 2524.19 - lr: 0.100000 - momentum: 0.000000
2025-12-22 21:27:57,352 epoch 8 - iter 16/29 - loss 0.87559031 - time (sec): 7.81 - samples/sec: 2539.51 - lr: 0.100000 - momentum: 0.000000
2025-12-22 21:27:58,546 epoch 8 - iter 18/29 - loss 0.87209553 - time (sec): 9.01 - samples/sec: 2471.98 - lr: 0.100000 - momentum: 0.000000
2025-12-22 21:27:59,663 epoch 8 - iter 20/29 - loss 0.87064735 - time (sec): 10.12 - samples/sec: 2480.58 - lr: 0.100000 - momentum: 0.000000
2025-12-22 21:28:00,652 epoch 8 - iter 22/29 - loss 0.86690070 - time (sec): 11.11 - samples/sec: 2458.43 - lr: 0.100000 - momentum: 0.000000
2025-12-22 21:28:01,707 epoch 8 - iter 24/29 - loss 0.86537815 - time (sec): 12.17 - samples/sec: 2440.79 - lr: 0.100000 - momentum: 0.000000
2025-12-22 21:28:02,683 epoch 8 - iter 26/29 - loss 0.86368341 - time (sec): 13.14 - samples/sec: 2452.28 - lr: 0.100000 - momentum: 0.000000
2025-12-22 21:28:03,745 epoch 8 - iter 28/29 - loss 0.86139051 - time (sec): 14.21 - samples/sec: 2446.70 - lr: 0.100000 - momentum: 0.000000
2025-12-22 21:28:04,193 ----------------------------------------------------------------------------------------------------
2025-12-22 21:28:04,193 EPOCH 8 done: loss 0.8600 - lr: 0.100000
2025-12-22 21:28:06,899 DEV : loss 0.6075892448425293 - f1-score (micro avg)  0.7878
2025-12-22 21:28:06,903  - 0 epochs without improvement
2025-12-22 21:28:06,904 saving best model
2025-12-22 21:28:06,927 ----------------------------------------------------------------------------------------------------
2025-12-22 21:28:07,785 epoch 9 - iter 2/29 - loss 0.79227173 - time (sec): 0.86 - samples/sec: 2331.37 - lr: 0.100000 - momentum: 0.000000
2025-12-22 21:28:08,940 epoch 9 - iter 4/29 - loss 0.80057171 - time (sec): 2.01 - samples/sec: 2134.11 - lr: 0.100000 - momentum: 0.000000
2025-12-22 21:28:10,165 epoch 9 - iter 6/29 - loss 0.80227598 - time (sec): 3.24 - samples/sec: 2154.41 - lr: 0.100000 - momentum: 0.000000
2025-12-22 21:28:11,010 epoch 9 - iter 8/29 - loss 0.80161630 - time (sec): 4.08 - samples/sec: 2290.30 - lr: 0.100000 - momentum: 0.000000
2025-12-22 21:28:12,118 epoch 9 - iter 10/29 - loss 0.80335922 - time (sec): 5.19 - samples/sec: 2331.69 - lr: 0.100000 - momentum: 0.000000
2025-12-22 21:28:13,185 epoch 9 - iter 12/29 - loss 0.80574701 - time (sec): 6.26 - samples/sec: 2329.19 - lr: 0.100000 - momentum: 0.000000
2025-12-22 21:28:14,271 epoch 9 - iter 14/29 - loss 0.80837869 - time (sec): 7.34 - samples/sec: 2332.06 - lr: 0.100000 - momentum: 0.000000
2025-12-22 21:28:15,386 epoch 9 - iter 16/29 - loss 0.80460935 - time (sec): 8.46 - samples/sec: 2354.65 - lr: 0.100000 - momentum: 0.000000
2025-12-22 21:28:16,536 epoch 9 - iter 18/29 - loss 0.79962414 - time (sec): 9.61 - samples/sec: 2333.28 - lr: 0.100000 - momentum: 0.000000
2025-12-22 21:28:17,587 epoch 9 - iter 20/29 - loss 0.79840541 - time (sec): 10.66 - samples/sec: 2337.72 - lr: 0.100000 - momentum: 0.000000
2025-12-22 21:28:18,776 epoch 9 - iter 22/29 - loss 0.79842338 - time (sec): 11.85 - samples/sec: 2336.35 - lr: 0.100000 - momentum: 0.000000
2025-12-22 21:28:19,503 epoch 9 - iter 24/29 - loss 0.79929396 - time (sec): 12.58 - samples/sec: 2381.89 - lr: 0.100000 - momentum: 0.000000
2025-12-22 21:28:20,420 epoch 9 - iter 26/29 - loss 0.80043585 - time (sec): 13.49 - samples/sec: 2394.32 - lr: 0.100000 - momentum: 0.000000
2025-12-22 21:28:21,345 epoch 9 - iter 28/29 - loss 0.79917064 - time (sec): 14.42 - samples/sec: 2415.99 - lr: 0.100000 - momentum: 0.000000
2025-12-22 21:28:21,755 ----------------------------------------------------------------------------------------------------
2025-12-22 21:28:21,755 EPOCH 9 done: loss 0.7981 - lr: 0.100000
2025-12-22 21:28:24,565 DEV : loss 0.6185190677642822 - f1-score (micro avg)  0.7852
2025-12-22 21:28:24,568  - 1 epochs without improvement
2025-12-22 21:28:24,569 ----------------------------------------------------------------------------------------------------
2025-12-22 21:28:25,494 epoch 10 - iter 2/29 - loss 0.78094410 - time (sec): 0.92 - samples/sec: 2656.18 - lr: 0.100000 - momentum: 0.000000
2025-12-22 21:28:26,498 epoch 10 - iter 4/29 - loss 0.78378353 - time (sec): 1.93 - samples/sec: 2580.17 - lr: 0.100000 - momentum: 0.000000
2025-12-22 21:28:27,321 epoch 10 - iter 6/29 - loss 0.77010959 - time (sec): 2.75 - samples/sec: 2642.36 - lr: 0.100000 - momentum: 0.000000
2025-12-22 21:28:28,523 epoch 10 - iter 8/29 - loss 0.76048803 - time (sec): 3.95 - samples/sec: 2509.46 - lr: 0.100000 - momentum: 0.000000
2025-12-22 21:28:29,764 epoch 10 - iter 10/29 - loss 0.75403117 - time (sec): 5.19 - samples/sec: 2407.84 - lr: 0.100000 - momentum: 0.000000
2025-12-22 21:28:30,822 epoch 10 - iter 12/29 - loss 0.75115315 - time (sec): 6.25 - samples/sec: 2412.58 - lr: 0.100000 - momentum: 0.000000
2025-12-22 21:28:31,652 epoch 10 - iter 14/29 - loss 0.75013345 - time (sec): 7.08 - samples/sec: 2441.37 - lr: 0.100000 - momentum: 0.000000
2025-12-22 21:28:32,653 epoch 10 - iter 16/29 - loss 0.75324456 - time (sec): 8.08 - samples/sec: 2431.42 - lr: 0.100000 - momentum: 0.000000
2025-12-22 21:28:33,510 epoch 10 - iter 18/29 - loss 0.74852885 - time (sec): 8.94 - samples/sec: 2461.46 - lr: 0.100000 - momentum: 0.000000
2025-12-22 21:28:34,630 epoch 10 - iter 20/29 - loss 0.74772663 - time (sec): 10.06 - samples/sec: 2426.92 - lr: 0.100000 - momentum: 0.000000
2025-12-22 21:28:35,894 epoch 10 - iter 22/29 - loss 0.74419952 - time (sec): 11.32 - samples/sec: 2365.96 - lr: 0.100000 - momentum: 0.000000
2025-12-22 21:28:36,923 epoch 10 - iter 24/29 - loss 0.74629159 - time (sec): 12.35 - samples/sec: 2391.42 - lr: 0.100000 - momentum: 0.000000
2025-12-22 21:28:37,769 epoch 10 - iter 26/29 - loss 0.74613372 - time (sec): 13.20 - samples/sec: 2432.48 - lr: 0.100000 - momentum: 0.000000
2025-12-22 21:28:38,823 epoch 10 - iter 28/29 - loss 0.74333146 - time (sec): 14.25 - samples/sec: 2440.13 - lr: 0.100000 - momentum: 0.000000
2025-12-22 21:28:39,243 ----------------------------------------------------------------------------------------------------
2025-12-22 21:28:39,243 EPOCH 10 done: loss 0.7455 - lr: 0.100000
2025-12-22 21:28:42,057 DEV : loss 0.5271207690238953 - f1-score (micro avg)  0.8206
2025-12-22 21:28:42,060  - 0 epochs without improvement
2025-12-22 21:28:42,062 saving best model
2025-12-22 21:28:42,086 ----------------------------------------------------------------------------------------------------
2025-12-22 21:28:43,133 epoch 11 - iter 2/29 - loss 0.69654621 - time (sec): 1.05 - samples/sec: 2474.33 - lr: 0.100000 - momentum: 0.000000
2025-12-22 21:28:44,188 epoch 11 - iter 4/29 - loss 0.70576529 - time (sec): 2.10 - samples/sec: 2448.44 - lr: 0.100000 - momentum: 0.000000
2025-12-22 21:28:45,042 epoch 11 - iter 6/29 - loss 0.71724167 - time (sec): 2.96 - samples/sec: 2590.83 - lr: 0.100000 - momentum: 0.000000
2025-12-22 21:28:46,048 epoch 11 - iter 8/29 - loss 0.71201728 - time (sec): 3.96 - samples/sec: 2484.01 - lr: 0.100000 - momentum: 0.000000
2025-12-22 21:28:47,081 epoch 11 - iter 10/29 - loss 0.70807480 - time (sec): 4.99 - samples/sec: 2492.91 - lr: 0.100000 - momentum: 0.000000
2025-12-22 21:28:48,247 epoch 11 - iter 12/29 - loss 0.71282486 - time (sec): 6.16 - samples/sec: 2465.91 - lr: 0.100000 - momentum: 0.000000
2025-12-22 21:28:49,410 epoch 11 - iter 14/29 - loss 0.71106115 - time (sec): 7.32 - samples/sec: 2416.81 - lr: 0.100000 - momentum: 0.000000
2025-12-22 21:28:50,504 epoch 11 - iter 16/29 - loss 0.70789159 - time (sec): 8.42 - samples/sec: 2415.76 - lr: 0.100000 - momentum: 0.000000
2025-12-22 21:28:51,523 epoch 11 - iter 18/29 - loss 0.70826632 - time (sec): 9.44 - samples/sec: 2430.28 - lr: 0.100000 - momentum: 0.000000
2025-12-22 21:28:52,807 epoch 11 - iter 20/29 - loss 0.70598816 - time (sec): 10.72 - samples/sec: 2377.05 - lr: 0.100000 - momentum: 0.000000
2025-12-22 21:28:53,745 epoch 11 - iter 22/29 - loss 0.70459480 - time (sec): 11.66 - samples/sec: 2391.46 - lr: 0.100000 - momentum: 0.000000
2025-12-22 21:28:54,686 epoch 11 - iter 24/29 - loss 0.70394005 - time (sec): 12.60 - samples/sec: 2390.75 - lr: 0.100000 - momentum: 0.000000
2025-12-22 21:28:55,643 epoch 11 - iter 26/29 - loss 0.70237599 - time (sec): 13.56 - samples/sec: 2392.07 - lr: 0.100000 - momentum: 0.000000
2025-12-22 21:28:56,582 epoch 11 - iter 28/29 - loss 0.70069656 - time (sec): 14.50 - samples/sec: 2400.90 - lr: 0.100000 - momentum: 0.000000
2025-12-22 21:28:56,974 ----------------------------------------------------------------------------------------------------
2025-12-22 21:28:56,974 EPOCH 11 done: loss 0.6997 - lr: 0.100000
2025-12-22 21:28:59,550 DEV : loss 0.5157157182693481 - f1-score (micro avg)  0.8234
2025-12-22 21:28:59,554  - 0 epochs without improvement
2025-12-22 21:28:59,555 saving best model
2025-12-22 21:28:59,578 ----------------------------------------------------------------------------------------------------
2025-12-22 21:29:00,754 epoch 12 - iter 2/29 - loss 0.66405499 - time (sec): 1.18 - samples/sec: 1991.82 - lr: 0.100000 - momentum: 0.000000
2025-12-22 21:29:02,204 epoch 12 - iter 4/29 - loss 0.65582052 - time (sec): 2.63 - samples/sec: 1906.70 - lr: 0.100000 - momentum: 0.000000
2025-12-22 21:29:03,065 epoch 12 - iter 6/29 - loss 0.65521941 - time (sec): 3.49 - samples/sec: 2109.83 - lr: 0.100000 - momentum: 0.000000
2025-12-22 21:29:03,886 epoch 12 - iter 8/29 - loss 0.66225531 - time (sec): 4.31 - samples/sec: 2222.99 - lr: 0.100000 - momentum: 0.000000
2025-12-22 21:29:04,772 epoch 12 - iter 10/29 - loss 0.65532648 - time (sec): 5.19 - samples/sec: 2297.16 - lr: 0.100000 - momentum: 0.000000
2025-12-22 21:29:05,750 epoch 12 - iter 12/29 - loss 0.65702546 - time (sec): 6.17 - samples/sec: 2365.23 - lr: 0.100000 - momentum: 0.000000
2025-12-22 21:29:06,792 epoch 12 - iter 14/29 - loss 0.65996770 - time (sec): 7.21 - samples/sec: 2387.90 - lr: 0.100000 - momentum: 0.000000
2025-12-22 21:29:07,868 epoch 12 - iter 16/29 - loss 0.66211199 - time (sec): 8.29 - samples/sec: 2389.98 - lr: 0.100000 - momentum: 0.000000
2025-12-22 21:29:08,955 epoch 12 - iter 18/29 - loss 0.66597647 - time (sec): 9.38 - samples/sec: 2354.31 - lr: 0.100000 - momentum: 0.000000
2025-12-22 21:29:10,150 epoch 12 - iter 20/29 - loss 0.66289753 - time (sec): 10.57 - samples/sec: 2345.08 - lr: 0.100000 - momentum: 0.000000
2025-12-22 21:29:11,134 epoch 12 - iter 22/29 - loss 0.66189315 - time (sec): 11.56 - samples/sec: 2357.23 - lr: 0.100000 - momentum: 0.000000
2025-12-22 21:29:12,202 epoch 12 - iter 24/29 - loss 0.66344487 - time (sec): 12.62 - samples/sec: 2367.74 - lr: 0.100000 - momentum: 0.000000
2025-12-22 21:29:13,485 epoch 12 - iter 26/29 - loss 0.66055052 - time (sec): 13.91 - samples/sec: 2320.10 - lr: 0.100000 - momentum: 0.000000
2025-12-22 21:29:14,818 epoch 12 - iter 28/29 - loss 0.65837383 - time (sec): 15.24 - samples/sec: 2283.45 - lr: 0.100000 - momentum: 0.000000
2025-12-22 21:29:15,166 ----------------------------------------------------------------------------------------------------
2025-12-22 21:29:15,166 EPOCH 12 done: loss 0.6589 - lr: 0.100000
2025-12-22 21:29:18,181 DEV : loss 0.45567619800567627 - f1-score (micro avg)  0.8448
2025-12-22 21:29:18,184  - 0 epochs without improvement
2025-12-22 21:29:18,185 saving best model
2025-12-22 21:29:18,208 ----------------------------------------------------------------------------------------------------
2025-12-22 21:29:19,638 epoch 13 - iter 2/29 - loss 0.63204772 - time (sec): 1.43 - samples/sec: 1783.91 - lr: 0.100000 - momentum: 0.000000
2025-12-22 21:29:20,778 epoch 13 - iter 4/29 - loss 0.64164077 - time (sec): 2.57 - samples/sec: 2016.16 - lr: 0.100000 - momentum: 0.000000
2025-12-22 21:29:21,867 epoch 13 - iter 6/29 - loss 0.63966459 - time (sec): 3.66 - samples/sec: 2065.50 - lr: 0.100000 - momentum: 0.000000
2025-12-22 21:29:22,964 epoch 13 - iter 8/29 - loss 0.63182472 - time (sec): 4.76 - samples/sec: 2104.83 - lr: 0.100000 - momentum: 0.000000
2025-12-22 21:29:23,978 epoch 13 - iter 10/29 - loss 0.63012271 - time (sec): 5.77 - samples/sec: 2182.28 - lr: 0.100000 - momentum: 0.000000
2025-12-22 21:29:25,071 epoch 13 - iter 12/29 - loss 0.62988716 - time (sec): 6.86 - samples/sec: 2224.00 - lr: 0.100000 - momentum: 0.000000
2025-12-22 21:29:26,111 epoch 13 - iter 14/29 - loss 0.62907440 - time (sec): 7.90 - samples/sec: 2256.87 - lr: 0.100000 - momentum: 0.000000
2025-12-22 21:29:26,919 epoch 13 - iter 16/29 - loss 0.62852227 - time (sec): 8.71 - samples/sec: 2319.51 - lr: 0.100000 - momentum: 0.000000
2025-12-22 21:29:27,769 epoch 13 - iter 18/29 - loss 0.62782376 - time (sec): 9.56 - samples/sec: 2361.39 - lr: 0.100000 - momentum: 0.000000
2025-12-22 21:29:28,639 epoch 13 - iter 20/29 - loss 0.62753963 - time (sec): 10.43 - samples/sec: 2389.60 - lr: 0.100000 - momentum: 0.000000
2025-12-22 21:29:29,447 epoch 13 - iter 22/29 - loss 0.62770166 - time (sec): 11.24 - samples/sec: 2435.24 - lr: 0.100000 - momentum: 0.000000
2025-12-22 21:29:30,762 epoch 13 - iter 24/29 - loss 0.62665595 - time (sec): 12.55 - samples/sec: 2399.36 - lr: 0.100000 - momentum: 0.000000
2025-12-22 21:29:31,887 epoch 13 - iter 26/29 - loss 0.62802797 - time (sec): 13.68 - samples/sec: 2368.72 - lr: 0.100000 - momentum: 0.000000
2025-12-22 21:29:33,037 epoch 13 - iter 28/29 - loss 0.62769677 - time (sec): 14.83 - samples/sec: 2350.73 - lr: 0.100000 - momentum: 0.000000
2025-12-22 21:29:33,565 ----------------------------------------------------------------------------------------------------
2025-12-22 21:29:33,565 EPOCH 13 done: loss 0.6276 - lr: 0.100000
2025-12-22 21:29:36,579 DEV : loss 0.43792539834976196 - f1-score (micro avg)  0.854
2025-12-22 21:29:36,583  - 0 epochs without improvement
2025-12-22 21:29:36,583 saving best model
2025-12-22 21:29:36,610 ----------------------------------------------------------------------------------------------------
2025-12-22 21:29:37,604 epoch 14 - iter 2/29 - loss 0.62475399 - time (sec): 0.99 - samples/sec: 2360.39 - lr: 0.100000 - momentum: 0.000000
2025-12-22 21:29:38,854 epoch 14 - iter 4/29 - loss 0.62593264 - time (sec): 2.24 - samples/sec: 2130.87 - lr: 0.100000 - momentum: 0.000000
2025-12-22 21:29:39,983 epoch 14 - iter 6/29 - loss 0.62794749 - time (sec): 3.37 - samples/sec: 2195.18 - lr: 0.100000 - momentum: 0.000000
2025-12-22 21:29:41,404 epoch 14 - iter 8/29 - loss 0.61092249 - time (sec): 4.79 - samples/sec: 2084.11 - lr: 0.100000 - momentum: 0.000000
2025-12-22 21:29:42,314 epoch 14 - iter 10/29 - loss 0.60954327 - time (sec): 5.70 - samples/sec: 2190.55 - lr: 0.100000 - momentum: 0.000000
2025-12-22 21:29:43,445 epoch 14 - iter 12/29 - loss 0.60605849 - time (sec): 6.84 - samples/sec: 2186.19 - lr: 0.100000 - momentum: 0.000000
2025-12-22 21:29:44,271 epoch 14 - iter 14/29 - loss 0.60610545 - time (sec): 7.66 - samples/sec: 2242.96 - lr: 0.100000 - momentum: 0.000000
2025-12-22 21:29:45,428 epoch 14 - iter 16/29 - loss 0.60218569 - time (sec): 8.82 - samples/sec: 2243.96 - lr: 0.100000 - momentum: 0.000000
2025-12-22 21:29:46,409 epoch 14 - iter 18/29 - loss 0.60430259 - time (sec): 9.80 - samples/sec: 2274.43 - lr: 0.100000 - momentum: 0.000000
2025-12-22 21:29:47,275 epoch 14 - iter 20/29 - loss 0.60187606 - time (sec): 10.66 - samples/sec: 2304.49 - lr: 0.100000 - momentum: 0.000000
2025-12-22 21:29:48,293 epoch 14 - iter 22/29 - loss 0.60235277 - time (sec): 11.68 - samples/sec: 2312.20 - lr: 0.100000 - momentum: 0.000000
2025-12-22 21:29:49,433 epoch 14 - iter 24/29 - loss 0.60001814 - time (sec): 12.82 - samples/sec: 2316.39 - lr: 0.100000 - momentum: 0.000000
2025-12-22 21:29:50,690 epoch 14 - iter 26/29 - loss 0.59930648 - time (sec): 14.08 - samples/sec: 2304.89 - lr: 0.100000 - momentum: 0.000000
2025-12-22 21:29:51,718 epoch 14 - iter 28/29 - loss 0.59606171 - time (sec): 15.11 - samples/sec: 2313.77 - lr: 0.100000 - momentum: 0.000000
2025-12-22 21:29:52,000 ----------------------------------------------------------------------------------------------------
2025-12-22 21:29:52,000 EPOCH 14 done: loss 0.5944 - lr: 0.100000
2025-12-22 21:29:54,788 DEV : loss 0.4121544361114502 - f1-score (micro avg)  0.8649
2025-12-22 21:29:54,792  - 0 epochs without improvement
2025-12-22 21:29:54,793 saving best model
2025-12-22 21:29:54,814 ----------------------------------------------------------------------------------------------------
2025-12-22 21:29:56,032 epoch 15 - iter 2/29 - loss 0.55559204 - time (sec): 1.22 - samples/sec: 2170.42 - lr: 0.100000 - momentum: 0.000000
2025-12-22 21:29:57,119 epoch 15 - iter 4/29 - loss 0.56025538 - time (sec): 2.30 - samples/sec: 2208.19 - lr: 0.100000 - momentum: 0.000000
2025-12-22 21:29:58,165 epoch 15 - iter 6/29 - loss 0.56326429 - time (sec): 3.35 - samples/sec: 2261.20 - lr: 0.100000 - momentum: 0.000000
2025-12-22 21:29:59,502 epoch 15 - iter 8/29 - loss 0.57028555 - time (sec): 4.69 - samples/sec: 2141.00 - lr: 0.100000 - momentum: 0.000000
2025-12-22 21:30:00,722 epoch 15 - iter 10/29 - loss 0.56757126 - time (sec): 5.91 - samples/sec: 2136.74 - lr: 0.100000 - momentum: 0.000000
2025-12-22 21:30:02,153 epoch 15 - iter 12/29 - loss 0.56851171 - time (sec): 7.34 - samples/sec: 2052.09 - lr: 0.100000 - momentum: 0.000000
2025-12-22 21:30:03,298 epoch 15 - iter 14/29 - loss 0.56929343 - time (sec): 8.48 - samples/sec: 2068.97 - lr: 0.100000 - momentum: 0.000000
2025-12-22 21:30:04,415 epoch 15 - iter 16/29 - loss 0.56631370 - time (sec): 9.60 - samples/sec: 2099.02 - lr: 0.100000 - momentum: 0.000000
2025-12-22 21:30:05,546 epoch 15 - iter 18/29 - loss 0.56576479 - time (sec): 10.73 - samples/sec: 2133.81 - lr: 0.100000 - momentum: 0.000000
2025-12-22 21:30:06,619 epoch 15 - iter 20/29 - loss 0.56322480 - time (sec): 11.80 - samples/sec: 2169.35 - lr: 0.100000 - momentum: 0.000000
2025-12-22 21:30:07,601 epoch 15 - iter 22/29 - loss 0.56301911 - time (sec): 12.79 - samples/sec: 2174.79 - lr: 0.100000 - momentum: 0.000000
2025-12-22 21:30:08,862 epoch 15 - iter 24/29 - loss 0.56220670 - time (sec): 14.05 - samples/sec: 2150.25 - lr: 0.100000 - momentum: 0.000000
2025-12-22 21:30:10,427 epoch 15 - iter 26/29 - loss 0.56380224 - time (sec): 15.61 - samples/sec: 2077.58 - lr: 0.100000 - momentum: 0.000000
2025-12-22 21:30:12,068 epoch 15 - iter 28/29 - loss 0.56187164 - time (sec): 17.25 - samples/sec: 2014.19 - lr: 0.100000 - momentum: 0.000000
2025-12-22 21:30:12,453 ----------------------------------------------------------------------------------------------------
2025-12-22 21:30:12,454 EPOCH 15 done: loss 0.5605 - lr: 0.100000
2025-12-22 21:30:15,312 DEV : loss 0.4003404974937439 - f1-score (micro avg)  0.8707
2025-12-22 21:30:15,316  - 0 epochs without improvement
2025-12-22 21:30:15,317 saving best model
2025-12-22 21:30:15,340 ----------------------------------------------------------------------------------------------------
2025-12-22 21:30:16,614 epoch 16 - iter 2/29 - loss 0.52263343 - time (sec): 1.27 - samples/sec: 1941.76 - lr: 0.100000 - momentum: 0.000000
2025-12-22 21:30:17,563 epoch 16 - iter 4/29 - loss 0.53530412 - time (sec): 2.22 - samples/sec: 2179.07 - lr: 0.100000 - momentum: 0.000000
2025-12-22 21:30:18,749 epoch 16 - iter 6/29 - loss 0.53771734 - time (sec): 3.41 - samples/sec: 2192.22 - lr: 0.100000 - momentum: 0.000000
2025-12-22 21:30:19,887 epoch 16 - iter 8/29 - loss 0.54079473 - time (sec): 4.55 - samples/sec: 2166.23 - lr: 0.100000 - momentum: 0.000000
2025-12-22 21:30:21,337 epoch 16 - iter 10/29 - loss 0.54086105 - time (sec): 5.99 - samples/sec: 2042.83 - lr: 0.100000 - momentum: 0.000000
2025-12-22 21:30:22,491 epoch 16 - iter 12/29 - loss 0.54024781 - time (sec): 7.15 - samples/sec: 2054.85 - lr: 0.100000 - momentum: 0.000000
2025-12-22 21:30:23,450 epoch 16 - iter 14/29 - loss 0.54486073 - time (sec): 8.11 - samples/sec: 2136.65 - lr: 0.100000 - momentum: 0.000000
2025-12-22 21:30:24,557 epoch 16 - iter 16/29 - loss 0.54046929 - time (sec): 9.22 - samples/sec: 2153.60 - lr: 0.100000 - momentum: 0.000000
2025-12-22 21:30:25,593 epoch 16 - iter 18/29 - loss 0.54013499 - time (sec): 10.25 - samples/sec: 2175.50 - lr: 0.100000 - momentum: 0.000000
2025-12-22 21:30:26,725 epoch 16 - iter 20/29 - loss 0.53965894 - time (sec): 11.39 - samples/sec: 2178.45 - lr: 0.100000 - momentum: 0.000000
2025-12-22 21:30:27,866 epoch 16 - iter 22/29 - loss 0.54099955 - time (sec): 12.53 - samples/sec: 2177.16 - lr: 0.100000 - momentum: 0.000000
2025-12-22 21:30:29,056 epoch 16 - iter 24/29 - loss 0.54019509 - time (sec): 13.72 - samples/sec: 2166.31 - lr: 0.100000 - momentum: 0.000000
2025-12-22 21:30:30,169 epoch 16 - iter 26/29 - loss 0.53701384 - time (sec): 14.83 - samples/sec: 2175.48 - lr: 0.100000 - momentum: 0.000000
2025-12-22 21:30:31,295 epoch 16 - iter 28/29 - loss 0.53780659 - time (sec): 15.96 - samples/sec: 2171.09 - lr: 0.100000 - momentum: 0.000000
2025-12-22 21:30:31,950 ----------------------------------------------------------------------------------------------------
2025-12-22 21:30:31,950 EPOCH 16 done: loss 0.5370 - lr: 0.100000
2025-12-22 21:30:35,252 DEV : loss 0.3715670704841614 - f1-score (micro avg)  0.8849
2025-12-22 21:30:35,257  - 0 epochs without improvement
2025-12-22 21:30:35,258 saving best model
2025-12-22 21:30:35,282 ----------------------------------------------------------------------------------------------------
2025-12-22 21:30:36,319 epoch 17 - iter 2/29 - loss 0.47840712 - time (sec): 1.04 - samples/sec: 2310.19 - lr: 0.100000 - momentum: 0.000000
2025-12-22 21:30:37,418 epoch 17 - iter 4/29 - loss 0.49231386 - time (sec): 2.14 - samples/sec: 2384.34 - lr: 0.100000 - momentum: 0.000000
2025-12-22 21:30:38,556 epoch 17 - iter 6/29 - loss 0.50904241 - time (sec): 3.27 - samples/sec: 2292.88 - lr: 0.100000 - momentum: 0.000000
2025-12-22 21:30:39,646 epoch 17 - iter 8/29 - loss 0.52291568 - time (sec): 4.36 - samples/sec: 2268.75 - lr: 0.100000 - momentum: 0.000000
2025-12-22 21:30:41,464 epoch 17 - iter 10/29 - loss 0.51722140 - time (sec): 6.18 - samples/sec: 2003.08 - lr: 0.100000 - momentum: 0.000000
2025-12-22 21:30:43,130 epoch 17 - iter 12/29 - loss 0.51656420 - time (sec): 7.85 - samples/sec: 1882.04 - lr: 0.100000 - momentum: 0.000000
2025-12-22 21:30:44,697 epoch 17 - iter 14/29 - loss 0.51100136 - time (sec): 9.41 - samples/sec: 1839.76 - lr: 0.100000 - momentum: 0.000000
2025-12-22 21:30:45,760 epoch 17 - iter 16/29 - loss 0.51137071 - time (sec): 10.48 - samples/sec: 1867.93 - lr: 0.100000 - momentum: 0.000000
2025-12-22 21:30:47,306 epoch 17 - iter 18/29 - loss 0.50663142 - time (sec): 12.02 - samples/sec: 1847.48 - lr: 0.100000 - momentum: 0.000000
2025-12-22 21:30:48,641 epoch 17 - iter 20/29 - loss 0.50615330 - time (sec): 13.36 - samples/sec: 1849.89 - lr: 0.100000 - momentum: 0.000000
2025-12-22 21:30:49,790 epoch 17 - iter 22/29 - loss 0.50716360 - time (sec): 14.51 - samples/sec: 1871.34 - lr: 0.100000 - momentum: 0.000000
2025-12-22 21:30:51,044 epoch 17 - iter 24/29 - loss 0.50706347 - time (sec): 15.76 - samples/sec: 1875.32 - lr: 0.100000 - momentum: 0.000000
2025-12-22 21:30:52,369 epoch 17 - iter 26/29 - loss 0.50987264 - time (sec): 17.09 - samples/sec: 1881.12 - lr: 0.100000 - momentum: 0.000000
2025-12-22 21:30:53,555 epoch 17 - iter 28/29 - loss 0.51116455 - time (sec): 18.27 - samples/sec: 1908.53 - lr: 0.100000 - momentum: 0.000000
2025-12-22 21:30:54,050 ----------------------------------------------------------------------------------------------------
2025-12-22 21:30:54,050 EPOCH 17 done: loss 0.5121 - lr: 0.100000
2025-12-22 21:30:57,762 DEV : loss 0.3655281662940979 - f1-score (micro avg)  0.8855
2025-12-22 21:30:57,766  - 0 epochs without improvement
2025-12-22 21:30:57,767 saving best model
2025-12-22 21:30:57,788 ----------------------------------------------------------------------------------------------------
2025-12-22 21:30:58,882 epoch 18 - iter 2/29 - loss 0.48763338 - time (sec): 1.09 - samples/sec: 2158.64 - lr: 0.100000 - momentum: 0.000000
2025-12-22 21:31:00,191 epoch 18 - iter 4/29 - loss 0.49176663 - time (sec): 2.40 - samples/sec: 2028.62 - lr: 0.100000 - momentum: 0.000000
2025-12-22 21:31:01,604 epoch 18 - iter 6/29 - loss 0.48966550 - time (sec): 3.82 - samples/sec: 1881.32 - lr: 0.100000 - momentum: 0.000000
2025-12-22 21:31:03,126 epoch 18 - iter 8/29 - loss 0.48302897 - time (sec): 5.34 - samples/sec: 1828.06 - lr: 0.100000 - momentum: 0.000000
2025-12-22 21:31:04,434 epoch 18 - iter 10/29 - loss 0.49133903 - time (sec): 6.65 - samples/sec: 1871.24 - lr: 0.100000 - momentum: 0.000000
2025-12-22 21:31:05,309 epoch 18 - iter 12/29 - loss 0.49514299 - time (sec): 7.52 - samples/sec: 1937.55 - lr: 0.100000 - momentum: 0.000000
2025-12-22 21:31:06,721 epoch 18 - iter 14/29 - loss 0.49518753 - time (sec): 8.93 - samples/sec: 1953.37 - lr: 0.100000 - momentum: 0.000000
2025-12-22 21:31:07,818 epoch 18 - iter 16/29 - loss 0.49110832 - time (sec): 10.03 - samples/sec: 1999.27 - lr: 0.100000 - momentum: 0.000000
2025-12-22 21:31:08,941 epoch 18 - iter 18/29 - loss 0.48887066 - time (sec): 11.15 - samples/sec: 2040.73 - lr: 0.100000 - momentum: 0.000000
2025-12-22 21:31:09,937 epoch 18 - iter 20/29 - loss 0.49096317 - time (sec): 12.15 - samples/sec: 2070.85 - lr: 0.100000 - momentum: 0.000000
2025-12-22 21:31:11,230 epoch 18 - iter 22/29 - loss 0.49235381 - time (sec): 13.44 - samples/sec: 2064.13 - lr: 0.100000 - momentum: 0.000000
2025-12-22 21:31:12,442 epoch 18 - iter 24/29 - loss 0.48716655 - time (sec): 14.65 - samples/sec: 2068.62 - lr: 0.100000 - momentum: 0.000000
2025-12-22 21:31:13,530 epoch 18 - iter 26/29 - loss 0.48926896 - time (sec): 15.74 - samples/sec: 2065.11 - lr: 0.100000 - momentum: 0.000000
2025-12-22 21:31:14,385 epoch 18 - iter 28/29 - loss 0.48849573 - time (sec): 16.60 - samples/sec: 2100.67 - lr: 0.100000 - momentum: 0.000000
2025-12-22 21:31:14,908 ----------------------------------------------------------------------------------------------------
2025-12-22 21:31:14,908 EPOCH 18 done: loss 0.4879 - lr: 0.100000
2025-12-22 21:31:17,473 DEV : loss 0.34252697229385376 - f1-score (micro avg)  0.8951
2025-12-22 21:31:17,477  - 0 epochs without improvement
2025-12-22 21:31:17,478 saving best model
2025-12-22 21:31:17,502 ----------------------------------------------------------------------------------------------------
2025-12-22 21:31:18,467 epoch 19 - iter 2/29 - loss 0.43280091 - time (sec): 0.96 - samples/sec: 2375.68 - lr: 0.100000 - momentum: 0.000000
2025-12-22 21:31:19,647 epoch 19 - iter 4/29 - loss 0.43256179 - time (sec): 2.14 - samples/sec: 2170.47 - lr: 0.100000 - momentum: 0.000000
2025-12-22 21:31:20,543 epoch 19 - iter 6/29 - loss 0.43510930 - time (sec): 3.04 - samples/sec: 2242.45 - lr: 0.100000 - momentum: 0.000000
2025-12-22 21:31:21,915 epoch 19 - iter 8/29 - loss 0.43982330 - time (sec): 4.41 - samples/sec: 2114.68 - lr: 0.100000 - momentum: 0.000000
2025-12-22 21:31:22,885 epoch 19 - iter 10/29 - loss 0.44079367 - time (sec): 5.38 - samples/sec: 2119.56 - lr: 0.100000 - momentum: 0.000000
2025-12-22 21:31:24,028 epoch 19 - iter 12/29 - loss 0.44149981 - time (sec): 6.53 - samples/sec: 2165.69 - lr: 0.100000 - momentum: 0.000000
2025-12-22 21:31:25,475 epoch 19 - iter 14/29 - loss 0.44637116 - time (sec): 7.97 - samples/sec: 2109.73 - lr: 0.100000 - momentum: 0.000000
2025-12-22 21:31:26,734 epoch 19 - iter 16/29 - loss 0.46053202 - time (sec): 9.23 - samples/sec: 2103.52 - lr: 0.100000 - momentum: 0.000000
2025-12-22 21:31:27,994 epoch 19 - iter 18/29 - loss 0.45776024 - time (sec): 10.49 - samples/sec: 2103.66 - lr: 0.100000 - momentum: 0.000000
2025-12-22 21:31:28,993 epoch 19 - iter 20/29 - loss 0.45447621 - time (sec): 11.49 - samples/sec: 2128.94 - lr: 0.100000 - momentum: 0.000000
2025-12-22 21:31:30,378 epoch 19 - iter 22/29 - loss 0.45671515 - time (sec): 12.88 - samples/sec: 2107.21 - lr: 0.100000 - momentum: 0.000000
2025-12-22 21:31:31,446 epoch 19 - iter 24/29 - loss 0.45590789 - time (sec): 13.94 - samples/sec: 2124.98 - lr: 0.100000 - momentum: 0.000000
2025-12-22 21:31:32,506 epoch 19 - iter 26/29 - loss 0.45859650 - time (sec): 15.00 - samples/sec: 2136.02 - lr: 0.100000 - momentum: 0.000000
2025-12-22 21:31:33,556 epoch 19 - iter 28/29 - loss 0.45989069 - time (sec): 16.05 - samples/sec: 2157.03 - lr: 0.100000 - momentum: 0.000000
2025-12-22 21:31:33,998 ----------------------------------------------------------------------------------------------------
2025-12-22 21:31:33,998 EPOCH 19 done: loss 0.4599 - lr: 0.100000
2025-12-22 21:31:37,299 DEV : loss 0.33144205808639526 - f1-score (micro avg)  0.8976
2025-12-22 21:31:37,308  - 0 epochs without improvement
2025-12-22 21:31:37,309 saving best model
2025-12-22 21:31:37,335 ----------------------------------------------------------------------------------------------------
2025-12-22 21:31:38,486 epoch 20 - iter 2/29 - loss 0.43258441 - time (sec): 1.15 - samples/sec: 2356.06 - lr: 0.100000 - momentum: 0.000000
2025-12-22 21:31:39,638 epoch 20 - iter 4/29 - loss 0.44174163 - time (sec): 2.30 - samples/sec: 2294.88 - lr: 0.100000 - momentum: 0.000000
2025-12-22 21:31:40,684 epoch 20 - iter 6/29 - loss 0.43421396 - time (sec): 3.35 - samples/sec: 2339.91 - lr: 0.100000 - momentum: 0.000000
2025-12-22 21:31:42,050 epoch 20 - iter 8/29 - loss 0.43148832 - time (sec): 4.71 - samples/sec: 2229.14 - lr: 0.100000 - momentum: 0.000000
2025-12-22 21:31:43,365 epoch 20 - iter 10/29 - loss 0.43352213 - time (sec): 6.03 - samples/sec: 2175.76 - lr: 0.100000 - momentum: 0.000000
2025-12-22 21:31:44,380 epoch 20 - iter 12/29 - loss 0.43740238 - time (sec): 7.04 - samples/sec: 2228.09 - lr: 0.100000 - momentum: 0.000000
2025-12-22 21:31:45,461 epoch 20 - iter 14/29 - loss 0.44192767 - time (sec): 8.13 - samples/sec: 2223.13 - lr: 0.100000 - momentum: 0.000000
2025-12-22 21:31:46,499 epoch 20 - iter 16/29 - loss 0.44478168 - time (sec): 9.16 - samples/sec: 2237.24 - lr: 0.100000 - momentum: 0.000000
2025-12-22 21:31:47,545 epoch 20 - iter 18/29 - loss 0.44612748 - time (sec): 10.21 - samples/sec: 2252.91 - lr: 0.100000 - momentum: 0.000000
2025-12-22 21:31:48,498 epoch 20 - iter 20/29 - loss 0.44918854 - time (sec): 11.16 - samples/sec: 2279.10 - lr: 0.100000 - momentum: 0.000000
2025-12-22 21:31:49,523 epoch 20 - iter 22/29 - loss 0.44898169 - time (sec): 12.19 - samples/sec: 2272.67 - lr: 0.100000 - momentum: 0.000000
2025-12-22 21:31:50,726 epoch 20 - iter 24/29 - loss 0.44635214 - time (sec): 13.39 - samples/sec: 2247.64 - lr: 0.100000 - momentum: 0.000000
2025-12-22 21:31:51,773 epoch 20 - iter 26/29 - loss 0.44294868 - time (sec): 14.44 - samples/sec: 2237.09 - lr: 0.100000 - momentum: 0.000000
2025-12-22 21:31:52,746 epoch 20 - iter 28/29 - loss 0.44379710 - time (sec): 15.41 - samples/sec: 2250.57 - lr: 0.100000 - momentum: 0.000000
2025-12-22 21:31:53,217 ----------------------------------------------------------------------------------------------------
2025-12-22 21:31:53,217 EPOCH 20 done: loss 0.4438 - lr: 0.100000
2025-12-22 21:31:56,242 DEV : loss 0.32432907819747925 - f1-score (micro avg)  0.8994
2025-12-22 21:31:56,248  - 0 epochs without improvement
2025-12-22 21:31:56,249 saving best model
2025-12-22 21:31:56,271 ----------------------------------------------------------------------------------------------------
2025-12-22 21:31:57,228 epoch 21 - iter 2/29 - loss 0.46037775 - time (sec): 0.96 - samples/sec: 2471.73 - lr: 0.100000 - momentum: 0.000000
2025-12-22 21:31:58,420 epoch 21 - iter 4/29 - loss 0.43779234 - time (sec): 2.15 - samples/sec: 2329.16 - lr: 0.100000 - momentum: 0.000000
2025-12-22 21:31:59,520 epoch 21 - iter 6/29 - loss 0.42990921 - time (sec): 3.25 - samples/sec: 2311.80 - lr: 0.100000 - momentum: 0.000000
2025-12-22 21:32:00,930 epoch 21 - iter 8/29 - loss 0.43204599 - time (sec): 4.66 - samples/sec: 2127.39 - lr: 0.100000 - momentum: 0.000000
2025-12-22 21:32:02,007 epoch 21 - iter 10/29 - loss 0.43217982 - time (sec): 5.74 - samples/sec: 2178.67 - lr: 0.100000 - momentum: 0.000000
2025-12-22 21:32:03,170 epoch 21 - iter 12/29 - loss 0.42552338 - time (sec): 6.90 - samples/sec: 2194.07 - lr: 0.100000 - momentum: 0.000000
2025-12-22 21:32:04,365 epoch 21 - iter 14/29 - loss 0.42752498 - time (sec): 8.09 - samples/sec: 2195.37 - lr: 0.100000 - momentum: 0.000000
2025-12-22 21:32:05,452 epoch 21 - iter 16/29 - loss 0.42612568 - time (sec): 9.18 - samples/sec: 2193.95 - lr: 0.100000 - momentum: 0.000000
2025-12-22 21:32:06,242 epoch 21 - iter 18/29 - loss 0.42690021 - time (sec): 9.97 - samples/sec: 2244.34 - lr: 0.100000 - momentum: 0.000000
2025-12-22 21:32:07,353 epoch 21 - iter 20/29 - loss 0.42696802 - time (sec): 11.08 - samples/sec: 2256.62 - lr: 0.100000 - momentum: 0.000000
2025-12-22 21:32:08,429 epoch 21 - iter 22/29 - loss 0.42686941 - time (sec): 12.16 - samples/sec: 2264.31 - lr: 0.100000 - momentum: 0.000000
2025-12-22 21:32:09,483 epoch 21 - iter 24/29 - loss 0.42438438 - time (sec): 13.21 - samples/sec: 2259.44 - lr: 0.100000 - momentum: 0.000000
2025-12-22 21:32:10,652 epoch 21 - iter 26/29 - loss 0.42584157 - time (sec): 14.38 - samples/sec: 2252.79 - lr: 0.100000 - momentum: 0.000000
2025-12-22 21:32:11,985 epoch 21 - iter 28/29 - loss 0.42464284 - time (sec): 15.71 - samples/sec: 2211.78 - lr: 0.100000 - momentum: 0.000000
2025-12-22 21:32:12,415 ----------------------------------------------------------------------------------------------------
2025-12-22 21:32:12,415 EPOCH 21 done: loss 0.4269 - lr: 0.100000
2025-12-22 21:32:15,027 DEV : loss 0.29604166746139526 - f1-score (micro avg)  0.9084
2025-12-22 21:32:15,031  - 0 epochs without improvement
2025-12-22 21:32:15,032 saving best model
2025-12-22 21:32:15,053 ----------------------------------------------------------------------------------------------------
2025-12-22 21:32:16,125 epoch 22 - iter 2/29 - loss 0.40877464 - time (sec): 1.07 - samples/sec: 2414.55 - lr: 0.100000 - momentum: 0.000000
2025-12-22 21:32:17,441 epoch 22 - iter 4/29 - loss 0.40745792 - time (sec): 2.39 - samples/sec: 2247.08 - lr: 0.100000 - momentum: 0.000000
2025-12-22 21:32:18,577 epoch 22 - iter 6/29 - loss 0.41330997 - time (sec): 3.52 - samples/sec: 2277.89 - lr: 0.100000 - momentum: 0.000000
2025-12-22 21:32:19,620 epoch 22 - iter 8/29 - loss 0.41547067 - time (sec): 4.57 - samples/sec: 2226.32 - lr: 0.100000 - momentum: 0.000000
2025-12-22 21:32:20,494 epoch 22 - iter 10/29 - loss 0.41303862 - time (sec): 5.44 - samples/sec: 2302.51 - lr: 0.100000 - momentum: 0.000000
2025-12-22 21:32:21,684 epoch 22 - iter 12/29 - loss 0.41070374 - time (sec): 6.63 - samples/sec: 2287.33 - lr: 0.100000 - momentum: 0.000000
2025-12-22 21:32:22,564 epoch 22 - iter 14/29 - loss 0.41390900 - time (sec): 7.51 - samples/sec: 2338.93 - lr: 0.100000 - momentum: 0.000000
2025-12-22 21:32:23,736 epoch 22 - iter 16/29 - loss 0.41398699 - time (sec): 8.68 - samples/sec: 2338.61 - lr: 0.100000 - momentum: 0.000000
2025-12-22 21:32:24,837 epoch 22 - iter 18/29 - loss 0.41535877 - time (sec): 9.78 - samples/sec: 2340.40 - lr: 0.100000 - momentum: 0.000000
2025-12-22 21:32:25,888 epoch 22 - iter 20/29 - loss 0.41457160 - time (sec): 10.83 - samples/sec: 2338.12 - lr: 0.100000 - momentum: 0.000000
2025-12-22 21:32:26,722 epoch 22 - iter 22/29 - loss 0.41030703 - time (sec): 11.67 - samples/sec: 2370.01 - lr: 0.100000 - momentum: 0.000000
2025-12-22 21:32:27,835 epoch 22 - iter 24/29 - loss 0.41181947 - time (sec): 12.78 - samples/sec: 2365.89 - lr: 0.100000 - momentum: 0.000000
2025-12-22 21:32:28,802 epoch 22 - iter 26/29 - loss 0.41141362 - time (sec): 13.75 - samples/sec: 2356.31 - lr: 0.100000 - momentum: 0.000000
2025-12-22 21:32:29,748 epoch 22 - iter 28/29 - loss 0.41540256 - time (sec): 14.69 - samples/sec: 2374.56 - lr: 0.100000 - momentum: 0.000000
2025-12-22 21:32:30,075 ----------------------------------------------------------------------------------------------------
2025-12-22 21:32:30,076 EPOCH 22 done: loss 0.4180 - lr: 0.100000
2025-12-22 21:32:32,872 DEV : loss 0.29694002866744995 - f1-score (micro avg)  0.9115
2025-12-22 21:32:32,876  - 0 epochs without improvement
2025-12-22 21:32:32,876 saving best model
2025-12-22 21:32:32,895 ----------------------------------------------------------------------------------------------------
2025-12-22 21:32:34,241 epoch 23 - iter 2/29 - loss 0.38485824 - time (sec): 1.34 - samples/sec: 1944.47 - lr: 0.100000 - momentum: 0.000000
2025-12-22 21:32:35,276 epoch 23 - iter 4/29 - loss 0.37217549 - time (sec): 2.38 - samples/sec: 2235.49 - lr: 0.100000 - momentum: 0.000000
2025-12-22 21:32:36,289 epoch 23 - iter 6/29 - loss 0.37721271 - time (sec): 3.39 - samples/sec: 2301.80 - lr: 0.100000 - momentum: 0.000000
2025-12-22 21:32:37,529 epoch 23 - iter 8/29 - loss 0.38890615 - time (sec): 4.63 - samples/sec: 2258.26 - lr: 0.100000 - momentum: 0.000000
2025-12-22 21:32:38,530 epoch 23 - iter 10/29 - loss 0.39995420 - time (sec): 5.63 - samples/sec: 2309.74 - lr: 0.100000 - momentum: 0.000000
2025-12-22 21:32:39,559 epoch 23 - iter 12/29 - loss 0.40055408 - time (sec): 6.66 - samples/sec: 2319.51 - lr: 0.100000 - momentum: 0.000000
2025-12-22 21:32:40,322 epoch 23 - iter 14/29 - loss 0.39899705 - time (sec): 7.43 - samples/sec: 2384.03 - lr: 0.100000 - momentum: 0.000000
2025-12-22 21:32:41,455 epoch 23 - iter 16/29 - loss 0.39756896 - time (sec): 8.56 - samples/sec: 2352.07 - lr: 0.100000 - momentum: 0.000000
2025-12-22 21:32:42,635 epoch 23 - iter 18/29 - loss 0.39399489 - time (sec): 9.74 - samples/sec: 2304.76 - lr: 0.100000 - momentum: 0.000000
2025-12-22 21:32:43,500 epoch 23 - iter 20/29 - loss 0.39616304 - time (sec): 10.60 - samples/sec: 2333.06 - lr: 0.100000 - momentum: 0.000000
2025-12-22 21:32:44,555 epoch 23 - iter 22/29 - loss 0.39490779 - time (sec): 11.66 - samples/sec: 2342.16 - lr: 0.100000 - momentum: 0.000000
2025-12-22 21:32:45,876 epoch 23 - iter 24/29 - loss 0.39289303 - time (sec): 12.98 - samples/sec: 2303.16 - lr: 0.100000 - momentum: 0.000000
2025-12-22 21:32:46,796 epoch 23 - iter 26/29 - loss 0.39501253 - time (sec): 13.90 - samples/sec: 2329.13 - lr: 0.100000 - momentum: 0.000000
2025-12-22 21:32:47,904 epoch 23 - iter 28/29 - loss 0.39563274 - time (sec): 15.01 - samples/sec: 2312.00 - lr: 0.100000 - momentum: 0.000000
2025-12-22 21:32:48,261 ----------------------------------------------------------------------------------------------------
2025-12-22 21:32:48,262 EPOCH 23 done: loss 0.3965 - lr: 0.100000
2025-12-22 21:32:51,319 DEV : loss 0.28028252720832825 - f1-score (micro avg)  0.9147
2025-12-22 21:32:51,323  - 0 epochs without improvement
2025-12-22 21:32:51,324 saving best model
2025-12-22 21:32:51,344 ----------------------------------------------------------------------------------------------------
2025-12-22 21:32:52,625 epoch 24 - iter 2/29 - loss 0.40384856 - time (sec): 1.28 - samples/sec: 2051.35 - lr: 0.100000 - momentum: 0.000000
2025-12-22 21:32:53,649 epoch 24 - iter 4/29 - loss 0.38091216 - time (sec): 2.31 - samples/sec: 2279.31 - lr: 0.100000 - momentum: 0.000000
2025-12-22 21:32:54,440 epoch 24 - iter 6/29 - loss 0.38065330 - time (sec): 3.10 - samples/sec: 2485.95 - lr: 0.100000 - momentum: 0.000000
2025-12-22 21:32:55,576 epoch 24 - iter 8/29 - loss 0.38951467 - time (sec): 4.23 - samples/sec: 2433.97 - lr: 0.100000 - momentum: 0.000000
2025-12-22 21:32:56,290 epoch 24 - iter 10/29 - loss 0.39410937 - time (sec): 4.95 - samples/sec: 2558.79 - lr: 0.100000 - momentum: 0.000000
2025-12-22 21:32:57,179 epoch 24 - iter 12/29 - loss 0.39305297 - time (sec): 5.83 - samples/sec: 2584.60 - lr: 0.100000 - momentum: 0.000000
2025-12-22 21:32:58,435 epoch 24 - iter 14/29 - loss 0.39242498 - time (sec): 7.09 - samples/sec: 2495.44 - lr: 0.100000 - momentum: 0.000000
2025-12-22 21:32:59,660 epoch 24 - iter 16/29 - loss 0.39392740 - time (sec): 8.32 - samples/sec: 2451.23 - lr: 0.100000 - momentum: 0.000000
2025-12-22 21:33:01,201 epoch 24 - iter 18/29 - loss 0.39398751 - time (sec): 9.86 - samples/sec: 2313.46 - lr: 0.100000 - momentum: 0.000000
2025-12-22 21:33:02,426 epoch 24 - iter 20/29 - loss 0.39236001 - time (sec): 11.08 - samples/sec: 2291.51 - lr: 0.100000 - momentum: 0.000000
2025-12-22 21:33:03,538 epoch 24 - iter 22/29 - loss 0.38858926 - time (sec): 12.19 - samples/sec: 2304.10 - lr: 0.100000 - momentum: 0.000000
2025-12-22 21:33:04,553 epoch 24 - iter 24/29 - loss 0.38864288 - time (sec): 13.21 - samples/sec: 2318.05 - lr: 0.100000 - momentum: 0.000000
2025-12-22 21:33:05,273 epoch 24 - iter 26/29 - loss 0.38686167 - time (sec): 13.93 - samples/sec: 2345.86 - lr: 0.100000 - momentum: 0.000000
2025-12-22 21:33:06,308 epoch 24 - iter 28/29 - loss 0.38727171 - time (sec): 14.96 - samples/sec: 2327.13 - lr: 0.100000 - momentum: 0.000000
2025-12-22 21:33:06,868 ----------------------------------------------------------------------------------------------------
2025-12-22 21:33:06,868 EPOCH 24 done: loss 0.3870 - lr: 0.100000
2025-12-22 21:33:09,996 DEV : loss 0.2841323912143707 - f1-score (micro avg)  0.9153
2025-12-22 21:33:09,999  - 0 epochs without improvement
2025-12-22 21:33:10,000 saving best model
2025-12-22 21:33:10,023 ----------------------------------------------------------------------------------------------------
2025-12-22 21:33:11,275 epoch 25 - iter 2/29 - loss 0.38387431 - time (sec): 1.25 - samples/sec: 2168.60 - lr: 0.100000 - momentum: 0.000000
2025-12-22 21:33:12,657 epoch 25 - iter 4/29 - loss 0.37959078 - time (sec): 2.63 - samples/sec: 1938.09 - lr: 0.100000 - momentum: 0.000000
2025-12-22 21:33:14,119 epoch 25 - iter 6/29 - loss 0.38329855 - time (sec): 4.10 - samples/sec: 1976.22 - lr: 0.100000 - momentum: 0.000000
2025-12-22 21:33:15,463 epoch 25 - iter 8/29 - loss 0.38028630 - time (sec): 5.44 - samples/sec: 1979.40 - lr: 0.100000 - momentum: 0.000000
2025-12-22 21:33:16,814 epoch 25 - iter 10/29 - loss 0.38368805 - time (sec): 6.79 - samples/sec: 1947.69 - lr: 0.100000 - momentum: 0.000000
2025-12-22 21:33:18,142 epoch 25 - iter 12/29 - loss 0.37962896 - time (sec): 8.12 - samples/sec: 1942.40 - lr: 0.100000 - momentum: 0.000000
2025-12-22 21:33:19,141 epoch 25 - iter 14/29 - loss 0.37916966 - time (sec): 9.12 - samples/sec: 1959.48 - lr: 0.100000 - momentum: 0.000000
2025-12-22 21:33:20,124 epoch 25 - iter 16/29 - loss 0.37582500 - time (sec): 10.10 - samples/sec: 2045.07 - lr: 0.100000 - momentum: 0.000000
2025-12-22 21:33:20,856 epoch 25 - iter 18/29 - loss 0.37624064 - time (sec): 10.83 - samples/sec: 2109.38 - lr: 0.100000 - momentum: 0.000000
2025-12-22 21:33:21,727 epoch 25 - iter 20/29 - loss 0.37497368 - time (sec): 11.70 - samples/sec: 2139.94 - lr: 0.100000 - momentum: 0.000000
2025-12-22 21:33:22,660 epoch 25 - iter 22/29 - loss 0.37245646 - time (sec): 12.64 - samples/sec: 2187.08 - lr: 0.100000 - momentum: 0.000000
2025-12-22 21:33:23,925 epoch 25 - iter 24/29 - loss 0.37197679 - time (sec): 13.90 - samples/sec: 2160.18 - lr: 0.100000 - momentum: 0.000000
2025-12-22 21:33:25,055 epoch 25 - iter 26/29 - loss 0.37107060 - time (sec): 15.03 - samples/sec: 2160.92 - lr: 0.100000 - momentum: 0.000000
2025-12-22 21:33:26,205 epoch 25 - iter 28/29 - loss 0.37175162 - time (sec): 16.18 - samples/sec: 2156.13 - lr: 0.100000 - momentum: 0.000000
2025-12-22 21:33:26,571 ----------------------------------------------------------------------------------------------------
2025-12-22 21:33:26,571 EPOCH 25 done: loss 0.3715 - lr: 0.100000
2025-12-22 21:33:29,314 DEV : loss 0.2635141909122467 - f1-score (micro avg)  0.9193
2025-12-22 21:33:29,318  - 0 epochs without improvement
2025-12-22 21:33:29,319 saving best model
2025-12-22 21:33:29,341 ----------------------------------------------------------------------------------------------------
2025-12-22 21:33:30,206 epoch 26 - iter 2/29 - loss 0.35729946 - time (sec): 0.86 - samples/sec: 2851.12 - lr: 0.100000 - momentum: 0.000000
2025-12-22 21:33:31,207 epoch 26 - iter 4/29 - loss 0.36394686 - time (sec): 1.87 - samples/sec: 2695.09 - lr: 0.100000 - momentum: 0.000000
2025-12-22 21:33:32,181 epoch 26 - iter 6/29 - loss 0.35037982 - time (sec): 2.84 - samples/sec: 2595.40 - lr: 0.100000 - momentum: 0.000000
2025-12-22 21:33:33,385 epoch 26 - iter 8/29 - loss 0.34951098 - time (sec): 4.04 - samples/sec: 2473.77 - lr: 0.100000 - momentum: 0.000000
2025-12-22 21:33:34,755 epoch 26 - iter 10/29 - loss 0.35398196 - time (sec): 5.41 - samples/sec: 2370.54 - lr: 0.100000 - momentum: 0.000000
2025-12-22 21:33:35,821 epoch 26 - iter 12/29 - loss 0.35617388 - time (sec): 6.48 - samples/sec: 2348.43 - lr: 0.100000 - momentum: 0.000000
2025-12-22 21:33:36,751 epoch 26 - iter 14/29 - loss 0.35409484 - time (sec): 7.41 - samples/sec: 2385.44 - lr: 0.100000 - momentum: 0.000000
2025-12-22 21:33:37,745 epoch 26 - iter 16/29 - loss 0.35200054 - time (sec): 8.40 - samples/sec: 2386.59 - lr: 0.100000 - momentum: 0.000000
2025-12-22 21:33:38,598 epoch 26 - iter 18/29 - loss 0.35329584 - time (sec): 9.26 - samples/sec: 2413.29 - lr: 0.100000 - momentum: 0.000000
2025-12-22 21:33:39,880 epoch 26 - iter 20/29 - loss 0.35712047 - time (sec): 10.54 - samples/sec: 2367.97 - lr: 0.100000 - momentum: 0.000000
2025-12-22 21:33:41,046 epoch 26 - iter 22/29 - loss 0.35702867 - time (sec): 11.70 - samples/sec: 2346.15 - lr: 0.100000 - momentum: 0.000000
2025-12-22 21:33:41,956 epoch 26 - iter 24/29 - loss 0.35623785 - time (sec): 12.61 - samples/sec: 2360.89 - lr: 0.100000 - momentum: 0.000000
2025-12-22 21:33:43,167 epoch 26 - iter 26/29 - loss 0.35439217 - time (sec): 13.83 - samples/sec: 2337.53 - lr: 0.100000 - momentum: 0.000000
2025-12-22 21:33:44,137 epoch 26 - iter 28/29 - loss 0.35570101 - time (sec): 14.80 - samples/sec: 2341.01 - lr: 0.100000 - momentum: 0.000000
2025-12-22 21:33:44,653 ----------------------------------------------------------------------------------------------------
2025-12-22 21:33:44,653 EPOCH 26 done: loss 0.3550 - lr: 0.100000
2025-12-22 21:33:47,365 DEV : loss 0.26451051235198975 - f1-score (micro avg)  0.9198
2025-12-22 21:33:47,368  - 0 epochs without improvement
2025-12-22 21:33:47,369 saving best model
2025-12-22 21:33:47,389 ----------------------------------------------------------------------------------------------------
2025-12-22 21:33:48,348 epoch 27 - iter 2/29 - loss 0.34204912 - time (sec): 0.96 - samples/sec: 2576.31 - lr: 0.100000 - momentum: 0.000000
2025-12-22 21:33:49,640 epoch 27 - iter 4/29 - loss 0.33592578 - time (sec): 2.25 - samples/sec: 2221.73 - lr: 0.100000 - momentum: 0.000000
2025-12-22 21:33:50,764 epoch 27 - iter 6/29 - loss 0.33765081 - time (sec): 3.37 - samples/sec: 2292.82 - lr: 0.100000 - momentum: 0.000000
2025-12-22 21:33:51,869 epoch 27 - iter 8/29 - loss 0.34083237 - time (sec): 4.48 - samples/sec: 2313.31 - lr: 0.100000 - momentum: 0.000000
2025-12-22 21:33:52,670 epoch 27 - iter 10/29 - loss 0.34056085 - time (sec): 5.28 - samples/sec: 2393.46 - lr: 0.100000 - momentum: 0.000000
2025-12-22 21:33:53,889 epoch 27 - iter 12/29 - loss 0.33679347 - time (sec): 6.50 - samples/sec: 2345.87 - lr: 0.100000 - momentum: 0.000000
2025-12-22 21:33:55,038 epoch 27 - iter 14/29 - loss 0.33558323 - time (sec): 7.65 - samples/sec: 2328.87 - lr: 0.100000 - momentum: 0.000000
2025-12-22 21:33:56,327 epoch 27 - iter 16/29 - loss 0.34052028 - time (sec): 8.94 - samples/sec: 2243.29 - lr: 0.100000 - momentum: 0.000000
2025-12-22 21:33:57,335 epoch 27 - iter 18/29 - loss 0.33890142 - time (sec): 9.95 - samples/sec: 2266.07 - lr: 0.100000 - momentum: 0.000000
2025-12-22 21:33:58,360 epoch 27 - iter 20/29 - loss 0.34316012 - time (sec): 10.97 - samples/sec: 2273.87 - lr: 0.100000 - momentum: 0.000000
2025-12-22 21:33:59,329 epoch 27 - iter 22/29 - loss 0.34325836 - time (sec): 11.94 - samples/sec: 2299.60 - lr: 0.100000 - momentum: 0.000000
2025-12-22 21:34:00,514 epoch 27 - iter 24/29 - loss 0.34223068 - time (sec): 13.12 - samples/sec: 2285.67 - lr: 0.100000 - momentum: 0.000000
2025-12-22 21:34:01,711 epoch 27 - iter 26/29 - loss 0.34147071 - time (sec): 14.32 - samples/sec: 2269.15 - lr: 0.100000 - momentum: 0.000000
2025-12-22 21:34:02,821 epoch 27 - iter 28/29 - loss 0.34336253 - time (sec): 15.43 - samples/sec: 2259.80 - lr: 0.100000 - momentum: 0.000000
2025-12-22 21:34:03,167 ----------------------------------------------------------------------------------------------------
2025-12-22 21:34:03,167 EPOCH 27 done: loss 0.3435 - lr: 0.100000
2025-12-22 21:34:06,177 DEV : loss 0.24897661805152893 - f1-score (micro avg)  0.9244
2025-12-22 21:34:06,180  - 0 epochs without improvement
2025-12-22 21:34:06,181 saving best model
2025-12-22 21:34:06,207 ----------------------------------------------------------------------------------------------------
2025-12-22 21:34:07,188 epoch 28 - iter 2/29 - loss 0.31180682 - time (sec): 0.98 - samples/sec: 2442.15 - lr: 0.100000 - momentum: 0.000000
2025-12-22 21:34:08,346 epoch 28 - iter 4/29 - loss 0.32092316 - time (sec): 2.14 - samples/sec: 2228.38 - lr: 0.100000 - momentum: 0.000000
2025-12-22 21:34:09,490 epoch 28 - iter 6/29 - loss 0.34537221 - time (sec): 3.28 - samples/sec: 2189.34 - lr: 0.100000 - momentum: 0.000000
2025-12-22 21:34:10,494 epoch 28 - iter 8/29 - loss 0.34085325 - time (sec): 4.29 - samples/sec: 2213.43 - lr: 0.100000 - momentum: 0.000000
2025-12-22 21:34:11,503 epoch 28 - iter 10/29 - loss 0.33681329 - time (sec): 5.30 - samples/sec: 2269.24 - lr: 0.100000 - momentum: 0.000000
2025-12-22 21:34:12,498 epoch 28 - iter 12/29 - loss 0.33888469 - time (sec): 6.29 - samples/sec: 2323.68 - lr: 0.100000 - momentum: 0.000000
2025-12-22 21:34:13,634 epoch 28 - iter 14/29 - loss 0.33879546 - time (sec): 7.43 - samples/sec: 2313.79 - lr: 0.100000 - momentum: 0.000000
2025-12-22 21:34:14,680 epoch 28 - iter 16/29 - loss 0.33593410 - time (sec): 8.47 - samples/sec: 2303.34 - lr: 0.100000 - momentum: 0.000000
2025-12-22 21:34:15,778 epoch 28 - iter 18/29 - loss 0.33647724 - time (sec): 9.57 - samples/sec: 2299.28 - lr: 0.100000 - momentum: 0.000000
2025-12-22 21:34:17,121 epoch 28 - iter 20/29 - loss 0.33365504 - time (sec): 10.91 - samples/sec: 2270.50 - lr: 0.100000 - momentum: 0.000000
2025-12-22 21:34:18,632 epoch 28 - iter 22/29 - loss 0.33550335 - time (sec): 12.42 - samples/sec: 2213.19 - lr: 0.100000 - momentum: 0.000000
2025-12-22 21:34:19,719 epoch 28 - iter 24/29 - loss 0.33614633 - time (sec): 13.51 - samples/sec: 2215.39 - lr: 0.100000 - momentum: 0.000000
2025-12-22 21:34:20,810 epoch 28 - iter 26/29 - loss 0.33710804 - time (sec): 14.60 - samples/sec: 2234.19 - lr: 0.100000 - momentum: 0.000000
2025-12-22 21:34:21,922 epoch 28 - iter 28/29 - loss 0.33614157 - time (sec): 15.71 - samples/sec: 2218.53 - lr: 0.100000 - momentum: 0.000000
2025-12-22 21:34:22,310 ----------------------------------------------------------------------------------------------------
2025-12-22 21:34:22,310 EPOCH 28 done: loss 0.3369 - lr: 0.100000
2025-12-22 21:34:25,038 DEV : loss 0.253850519657135 - f1-score (micro avg)  0.9238
2025-12-22 21:34:25,044  - 1 epochs without improvement
2025-12-22 21:34:25,045 ----------------------------------------------------------------------------------------------------
2025-12-22 21:34:26,116 epoch 29 - iter 2/29 - loss 0.33404492 - time (sec): 1.07 - samples/sec: 2109.37 - lr: 0.100000 - momentum: 0.000000
2025-12-22 21:34:27,479 epoch 29 - iter 4/29 - loss 0.32314272 - time (sec): 2.43 - samples/sec: 1904.42 - lr: 0.100000 - momentum: 0.000000
2025-12-22 21:34:28,705 epoch 29 - iter 6/29 - loss 0.32562150 - time (sec): 3.66 - samples/sec: 1944.77 - lr: 0.100000 - momentum: 0.000000
2025-12-22 21:34:29,656 epoch 29 - iter 8/29 - loss 0.32999673 - time (sec): 4.61 - samples/sec: 2087.13 - lr: 0.100000 - momentum: 0.000000
2025-12-22 21:34:31,110 epoch 29 - iter 10/29 - loss 0.32279944 - time (sec): 6.06 - samples/sec: 2012.60 - lr: 0.100000 - momentum: 0.000000
2025-12-22 21:34:32,353 epoch 29 - iter 12/29 - loss 0.32421762 - time (sec): 7.31 - samples/sec: 2003.12 - lr: 0.100000 - momentum: 0.000000
2025-12-22 21:34:33,759 epoch 29 - iter 14/29 - loss 0.32346749 - time (sec): 8.71 - samples/sec: 1980.92 - lr: 0.100000 - momentum: 0.000000
2025-12-22 21:34:34,702 epoch 29 - iter 16/29 - loss 0.32070584 - time (sec): 9.66 - samples/sec: 2037.86 - lr: 0.100000 - momentum: 0.000000
2025-12-22 21:34:35,569 epoch 29 - iter 18/29 - loss 0.31716093 - time (sec): 10.52 - samples/sec: 2100.43 - lr: 0.100000 - momentum: 0.000000
2025-12-22 21:34:36,779 epoch 29 - iter 20/29 - loss 0.31770806 - time (sec): 11.73 - samples/sec: 2148.60 - lr: 0.100000 - momentum: 0.000000
2025-12-22 21:34:37,617 epoch 29 - iter 22/29 - loss 0.31766269 - time (sec): 12.57 - samples/sec: 2191.30 - lr: 0.100000 - momentum: 0.000000
2025-12-22 21:34:39,022 epoch 29 - iter 24/29 - loss 0.31793596 - time (sec): 13.98 - samples/sec: 2156.68 - lr: 0.100000 - momentum: 0.000000
2025-12-22 21:34:40,170 epoch 29 - iter 26/29 - loss 0.32246102 - time (sec): 15.12 - samples/sec: 2159.87 - lr: 0.100000 - momentum: 0.000000
2025-12-22 21:34:41,369 epoch 29 - iter 28/29 - loss 0.32575924 - time (sec): 16.32 - samples/sec: 2137.81 - lr: 0.100000 - momentum: 0.000000
2025-12-22 21:34:41,823 ----------------------------------------------------------------------------------------------------
2025-12-22 21:34:41,824 EPOCH 29 done: loss 0.3259 - lr: 0.100000
2025-12-22 21:34:45,132 DEV : loss 0.2474999874830246 - f1-score (micro avg)  0.9262
2025-12-22 21:34:45,143  - 0 epochs without improvement
2025-12-22 21:34:45,144 saving best model
2025-12-22 21:34:45,173 ----------------------------------------------------------------------------------------------------
2025-12-22 21:34:47,142 epoch 30 - iter 2/29 - loss 0.30262027 - time (sec): 1.97 - samples/sec: 1231.05 - lr: 0.100000 - momentum: 0.000000
2025-12-22 21:34:48,781 epoch 30 - iter 4/29 - loss 0.31372125 - time (sec): 3.61 - samples/sec: 1364.35 - lr: 0.100000 - momentum: 0.000000
2025-12-22 21:34:50,113 epoch 30 - iter 6/29 - loss 0.31072767 - time (sec): 4.94 - samples/sec: 1487.31 - lr: 0.100000 - momentum: 0.000000
2025-12-22 21:34:51,220 epoch 30 - iter 8/29 - loss 0.31856711 - time (sec): 6.05 - samples/sec: 1583.76 - lr: 0.100000 - momentum: 0.000000
2025-12-22 21:34:52,380 epoch 30 - iter 10/29 - loss 0.31128306 - time (sec): 7.21 - samples/sec: 1675.47 - lr: 0.100000 - momentum: 0.000000
2025-12-22 21:34:53,437 epoch 30 - iter 12/29 - loss 0.31066853 - time (sec): 8.26 - samples/sec: 1738.84 - lr: 0.100000 - momentum: 0.000000
2025-12-22 21:34:54,554 epoch 30 - iter 14/29 - loss 0.31532455 - time (sec): 9.38 - samples/sec: 1820.89 - lr: 0.100000 - momentum: 0.000000
2025-12-22 21:34:55,601 epoch 30 - iter 16/29 - loss 0.31872801 - time (sec): 10.43 - samples/sec: 1885.30 - lr: 0.100000 - momentum: 0.000000
2025-12-22 21:34:56,684 epoch 30 - iter 18/29 - loss 0.31833883 - time (sec): 11.51 - samples/sec: 1908.14 - lr: 0.100000 - momentum: 0.000000
2025-12-22 21:34:57,895 epoch 30 - iter 20/29 - loss 0.31708604 - time (sec): 12.72 - samples/sec: 1930.70 - lr: 0.100000 - momentum: 0.000000
2025-12-22 21:34:59,042 epoch 30 - iter 22/29 - loss 0.31398401 - time (sec): 13.87 - samples/sec: 1958.80 - lr: 0.100000 - momentum: 0.000000
2025-12-22 21:35:00,251 epoch 30 - iter 24/29 - loss 0.31445023 - time (sec): 15.08 - samples/sec: 1966.52 - lr: 0.100000 - momentum: 0.000000
2025-12-22 21:35:01,390 epoch 30 - iter 26/29 - loss 0.31485577 - time (sec): 16.22 - samples/sec: 1989.01 - lr: 0.100000 - momentum: 0.000000
2025-12-22 21:35:02,703 epoch 30 - iter 28/29 - loss 0.31565877 - time (sec): 17.53 - samples/sec: 1992.52 - lr: 0.100000 - momentum: 0.000000
2025-12-22 21:35:02,972 ----------------------------------------------------------------------------------------------------
2025-12-22 21:35:02,973 EPOCH 30 done: loss 0.3148 - lr: 0.100000
2025-12-22 21:35:06,165 DEV : loss 0.23717620968818665 - f1-score (micro avg)  0.9272
2025-12-22 21:35:06,168  - 0 epochs without improvement
2025-12-22 21:35:06,169 saving best model
2025-12-22 21:35:06,194 ----------------------------------------------------------------------------------------------------
2025-12-22 21:35:07,381 epoch 31 - iter 2/29 - loss 0.32395393 - time (sec): 1.19 - samples/sec: 1930.75 - lr: 0.100000 - momentum: 0.000000
2025-12-22 21:35:08,423 epoch 31 - iter 4/29 - loss 0.31423192 - time (sec): 2.23 - samples/sec: 2139.64 - lr: 0.100000 - momentum: 0.000000
2025-12-22 21:35:09,616 epoch 31 - iter 6/29 - loss 0.31147892 - time (sec): 3.42 - samples/sec: 2103.56 - lr: 0.100000 - momentum: 0.000000
2025-12-22 21:35:10,436 epoch 31 - iter 8/29 - loss 0.30934089 - time (sec): 4.24 - samples/sec: 2224.94 - lr: 0.100000 - momentum: 0.000000
2025-12-22 21:35:11,469 epoch 31 - iter 10/29 - loss 0.30516631 - time (sec): 5.27 - samples/sec: 2267.15 - lr: 0.100000 - momentum: 0.000000
2025-12-22 21:35:12,906 epoch 31 - iter 12/29 - loss 0.29316024 - time (sec): 6.71 - samples/sec: 2268.35 - lr: 0.100000 - momentum: 0.000000
2025-12-22 21:35:13,680 epoch 31 - iter 14/29 - loss 0.29609367 - time (sec): 7.48 - samples/sec: 2307.58 - lr: 0.100000 - momentum: 0.000000
2025-12-22 21:35:14,628 epoch 31 - iter 16/29 - loss 0.30015995 - time (sec): 8.43 - samples/sec: 2328.54 - lr: 0.100000 - momentum: 0.000000
2025-12-22 21:35:15,981 epoch 31 - iter 18/29 - loss 0.30483282 - time (sec): 9.79 - samples/sec: 2271.46 - lr: 0.100000 - momentum: 0.000000
2025-12-22 21:35:16,819 epoch 31 - iter 20/29 - loss 0.30567515 - time (sec): 10.62 - samples/sec: 2312.26 - lr: 0.100000 - momentum: 0.000000
2025-12-22 21:35:17,980 epoch 31 - iter 22/29 - loss 0.30885319 - time (sec): 11.79 - samples/sec: 2313.94 - lr: 0.100000 - momentum: 0.000000
2025-12-22 21:35:19,426 epoch 31 - iter 24/29 - loss 0.31143411 - time (sec): 13.23 - samples/sec: 2253.94 - lr: 0.100000 - momentum: 0.000000
2025-12-22 21:35:20,600 epoch 31 - iter 26/29 - loss 0.31089457 - time (sec): 14.40 - samples/sec: 2234.66 - lr: 0.100000 - momentum: 0.000000
2025-12-22 21:35:21,749 epoch 31 - iter 28/29 - loss 0.30841271 - time (sec): 15.55 - samples/sec: 2227.85 - lr: 0.100000 - momentum: 0.000000
2025-12-22 21:35:22,345 ----------------------------------------------------------------------------------------------------
2025-12-22 21:35:22,345 EPOCH 31 done: loss 0.3075 - lr: 0.100000
2025-12-22 21:35:26,075 DEV : loss 0.2333470582962036 - f1-score (micro avg)  0.9308
2025-12-22 21:35:26,079  - 0 epochs without improvement
2025-12-22 21:35:26,080 saving best model
2025-12-22 21:35:26,104 ----------------------------------------------------------------------------------------------------
2025-12-22 21:35:27,377 epoch 32 - iter 2/29 - loss 0.31245813 - time (sec): 1.27 - samples/sec: 2033.36 - lr: 0.100000 - momentum: 0.000000
2025-12-22 21:35:28,315 epoch 32 - iter 4/29 - loss 0.29707912 - time (sec): 2.21 - samples/sec: 2267.92 - lr: 0.100000 - momentum: 0.000000
2025-12-22 21:35:29,235 epoch 32 - iter 6/29 - loss 0.30419664 - time (sec): 3.13 - samples/sec: 2354.72 - lr: 0.100000 - momentum: 0.000000
2025-12-22 21:35:30,060 epoch 32 - iter 8/29 - loss 0.29905669 - time (sec): 3.96 - samples/sec: 2472.08 - lr: 0.100000 - momentum: 0.000000
2025-12-22 21:35:31,205 epoch 32 - iter 10/29 - loss 0.30023298 - time (sec): 5.10 - samples/sec: 2383.71 - lr: 0.100000 - momentum: 0.000000
2025-12-22 21:35:32,426 epoch 32 - iter 12/29 - loss 0.29887117 - time (sec): 6.32 - samples/sec: 2336.02 - lr: 0.100000 - momentum: 0.000000
2025-12-22 21:35:33,485 epoch 32 - iter 14/29 - loss 0.29359606 - time (sec): 7.38 - samples/sec: 2307.83 - lr: 0.100000 - momentum: 0.000000
2025-12-22 21:35:34,642 epoch 32 - iter 16/29 - loss 0.29388168 - time (sec): 8.54 - samples/sec: 2297.15 - lr: 0.100000 - momentum: 0.000000
2025-12-22 21:35:35,539 epoch 32 - iter 18/29 - loss 0.29745901 - time (sec): 9.44 - samples/sec: 2328.33 - lr: 0.100000 - momentum: 0.000000
2025-12-22 21:35:36,915 epoch 32 - iter 20/29 - loss 0.29808859 - time (sec): 10.81 - samples/sec: 2252.19 - lr: 0.100000 - momentum: 0.000000
2025-12-22 21:35:38,012 epoch 32 - iter 22/29 - loss 0.29532302 - time (sec): 11.91 - samples/sec: 2255.57 - lr: 0.100000 - momentum: 0.000000
2025-12-22 21:35:39,252 epoch 32 - iter 24/29 - loss 0.29612205 - time (sec): 13.15 - samples/sec: 2242.66 - lr: 0.100000 - momentum: 0.000000
2025-12-22 21:35:40,606 epoch 32 - iter 26/29 - loss 0.29514597 - time (sec): 14.50 - samples/sec: 2219.94 - lr: 0.100000 - momentum: 0.000000
2025-12-22 21:35:42,254 epoch 32 - iter 28/29 - loss 0.29901469 - time (sec): 16.15 - samples/sec: 2147.59 - lr: 0.100000 - momentum: 0.000000
2025-12-22 21:35:42,916 ----------------------------------------------------------------------------------------------------
2025-12-22 21:35:42,917 EPOCH 32 done: loss 0.2979 - lr: 0.100000
2025-12-22 21:35:45,940 DEV : loss 0.25084832310676575 - f1-score (micro avg)  0.9286
2025-12-22 21:35:45,945  - 1 epochs without improvement
2025-12-22 21:35:45,946 ----------------------------------------------------------------------------------------------------
2025-12-22 21:35:47,439 epoch 33 - iter 2/29 - loss 0.32305686 - time (sec): 1.49 - samples/sec: 1600.13 - lr: 0.100000 - momentum: 0.000000
2025-12-22 21:35:48,449 epoch 33 - iter 4/29 - loss 0.32071578 - time (sec): 2.50 - samples/sec: 1838.64 - lr: 0.100000 - momentum: 0.000000
2025-12-22 21:35:49,523 epoch 33 - iter 6/29 - loss 0.30475327 - time (sec): 3.58 - samples/sec: 1956.04 - lr: 0.100000 - momentum: 0.000000
2025-12-22 21:35:50,798 epoch 33 - iter 8/29 - loss 0.29515072 - time (sec): 4.85 - samples/sec: 1981.16 - lr: 0.100000 - momentum: 0.000000
2025-12-22 21:35:51,910 epoch 33 - iter 10/29 - loss 0.29307960 - time (sec): 5.96 - samples/sec: 2012.24 - lr: 0.100000 - momentum: 0.000000
2025-12-22 21:35:53,025 epoch 33 - iter 12/29 - loss 0.29627053 - time (sec): 7.08 - samples/sec: 2050.12 - lr: 0.100000 - momentum: 0.000000
2025-12-22 21:35:53,832 epoch 33 - iter 14/29 - loss 0.29735306 - time (sec): 7.89 - samples/sec: 2119.39 - lr: 0.100000 - momentum: 0.000000
2025-12-22 21:35:54,836 epoch 33 - iter 16/29 - loss 0.29908629 - time (sec): 8.89 - samples/sec: 2132.93 - lr: 0.100000 - momentum: 0.000000
2025-12-22 21:35:56,074 epoch 33 - iter 18/29 - loss 0.29774616 - time (sec): 10.13 - samples/sec: 2156.26 - lr: 0.100000 - momentum: 0.000000
2025-12-22 21:35:57,163 epoch 33 - iter 20/29 - loss 0.29697907 - time (sec): 11.22 - samples/sec: 2180.13 - lr: 0.100000 - momentum: 0.000000
2025-12-22 21:35:58,254 epoch 33 - iter 22/29 - loss 0.29756169 - time (sec): 12.31 - samples/sec: 2187.77 - lr: 0.100000 - momentum: 0.000000
2025-12-22 21:35:59,390 epoch 33 - iter 24/29 - loss 0.29799868 - time (sec): 13.44 - samples/sec: 2182.52 - lr: 0.100000 - momentum: 0.000000
2025-12-22 21:36:00,414 epoch 33 - iter 26/29 - loss 0.30201072 - time (sec): 14.47 - samples/sec: 2198.94 - lr: 0.100000 - momentum: 0.000000
2025-12-22 21:36:01,812 epoch 33 - iter 28/29 - loss 0.29865209 - time (sec): 15.87 - samples/sec: 2184.03 - lr: 0.100000 - momentum: 0.000000
2025-12-22 21:36:02,437 ----------------------------------------------------------------------------------------------------
2025-12-22 21:36:02,437 EPOCH 33 done: loss 0.2973 - lr: 0.100000
2025-12-22 21:36:05,650 DEV : loss 0.22586460411548615 - f1-score (micro avg)  0.9324
2025-12-22 21:36:05,654  - 0 epochs without improvement
2025-12-22 21:36:05,654 saving best model
2025-12-22 21:36:05,677 ----------------------------------------------------------------------------------------------------
2025-12-22 21:36:06,679 epoch 34 - iter 2/29 - loss 0.27597309 - time (sec): 1.00 - samples/sec: 2302.06 - lr: 0.100000 - momentum: 0.000000
2025-12-22 21:36:07,824 epoch 34 - iter 4/29 - loss 0.28943688 - time (sec): 2.15 - samples/sec: 2290.32 - lr: 0.100000 - momentum: 0.000000
2025-12-22 21:36:08,850 epoch 34 - iter 6/29 - loss 0.28871486 - time (sec): 3.17 - samples/sec: 2314.28 - lr: 0.100000 - momentum: 0.000000
2025-12-22 21:36:09,901 epoch 34 - iter 8/29 - loss 0.29341904 - time (sec): 4.22 - samples/sec: 2272.99 - lr: 0.100000 - momentum: 0.000000
2025-12-22 21:36:10,976 epoch 34 - iter 10/29 - loss 0.29166669 - time (sec): 5.30 - samples/sec: 2276.27 - lr: 0.100000 - momentum: 0.000000
2025-12-22 21:36:12,152 epoch 34 - iter 12/29 - loss 0.29171371 - time (sec): 6.48 - samples/sec: 2248.49 - lr: 0.100000 - momentum: 0.000000
2025-12-22 21:36:13,876 epoch 34 - iter 14/29 - loss 0.29083794 - time (sec): 8.20 - samples/sec: 2093.54 - lr: 0.100000 - momentum: 0.000000
2025-12-22 21:36:15,013 epoch 34 - iter 16/29 - loss 0.29079398 - time (sec): 9.34 - samples/sec: 2074.01 - lr: 0.100000 - momentum: 0.000000
2025-12-22 21:36:16,297 epoch 34 - iter 18/29 - loss 0.28897564 - time (sec): 10.62 - samples/sec: 2080.30 - lr: 0.100000 - momentum: 0.000000
2025-12-22 21:36:17,509 epoch 34 - iter 20/29 - loss 0.29052291 - time (sec): 11.83 - samples/sec: 2076.74 - lr: 0.100000 - momentum: 0.000000
2025-12-22 21:36:18,601 epoch 34 - iter 22/29 - loss 0.28987526 - time (sec): 12.92 - samples/sec: 2083.69 - lr: 0.100000 - momentum: 0.000000
2025-12-22 21:36:19,665 epoch 34 - iter 24/29 - loss 0.28840253 - time (sec): 13.99 - samples/sec: 2114.10 - lr: 0.100000 - momentum: 0.000000
2025-12-22 21:36:20,932 epoch 34 - iter 26/29 - loss 0.28701771 - time (sec): 15.26 - samples/sec: 2113.22 - lr: 0.100000 - momentum: 0.000000
2025-12-22 21:36:22,117 epoch 34 - iter 28/29 - loss 0.28690441 - time (sec): 16.44 - samples/sec: 2123.43 - lr: 0.100000 - momentum: 0.000000
2025-12-22 21:36:22,385 ----------------------------------------------------------------------------------------------------
2025-12-22 21:36:22,385 EPOCH 34 done: loss 0.2870 - lr: 0.100000
2025-12-22 21:36:25,391 DEV : loss 0.22713670134544373 - f1-score (micro avg)  0.9321
2025-12-22 21:36:25,395  - 1 epochs without improvement
2025-12-22 21:36:25,396 ----------------------------------------------------------------------------------------------------
2025-12-22 21:36:26,274 epoch 35 - iter 2/29 - loss 0.27060693 - time (sec): 0.88 - samples/sec: 2580.34 - lr: 0.100000 - momentum: 0.000000
2025-12-22 21:36:27,412 epoch 35 - iter 4/29 - loss 0.28044489 - time (sec): 2.02 - samples/sec: 2367.87 - lr: 0.100000 - momentum: 0.000000
2025-12-22 21:36:28,480 epoch 35 - iter 6/29 - loss 0.28105364 - time (sec): 3.08 - samples/sec: 2409.01 - lr: 0.100000 - momentum: 0.000000
2025-12-22 21:36:29,663 epoch 35 - iter 8/29 - loss 0.27775539 - time (sec): 4.27 - samples/sec: 2350.01 - lr: 0.100000 - momentum: 0.000000
2025-12-22 21:36:30,727 epoch 35 - iter 10/29 - loss 0.27715721 - time (sec): 5.33 - samples/sec: 2312.60 - lr: 0.100000 - momentum: 0.000000
2025-12-22 21:36:31,595 epoch 35 - iter 12/29 - loss 0.27748238 - time (sec): 6.20 - samples/sec: 2353.51 - lr: 0.100000 - momentum: 0.000000
2025-12-22 21:36:32,804 epoch 35 - iter 14/29 - loss 0.27886404 - time (sec): 7.41 - samples/sec: 2301.58 - lr: 0.100000 - momentum: 0.000000
2025-12-22 21:36:33,986 epoch 35 - iter 16/29 - loss 0.27748162 - time (sec): 8.59 - samples/sec: 2294.85 - lr: 0.100000 - momentum: 0.000000
2025-12-22 21:36:34,845 epoch 35 - iter 18/29 - loss 0.27427576 - time (sec): 9.45 - samples/sec: 2318.26 - lr: 0.100000 - momentum: 0.000000
2025-12-22 21:36:36,214 epoch 35 - iter 20/29 - loss 0.26873784 - time (sec): 10.82 - samples/sec: 2288.94 - lr: 0.100000 - momentum: 0.000000
2025-12-22 21:36:37,343 epoch 35 - iter 22/29 - loss 0.26580616 - time (sec): 11.95 - samples/sec: 2280.91 - lr: 0.100000 - momentum: 0.000000
2025-12-22 21:36:38,371 epoch 35 - iter 24/29 - loss 0.26811381 - time (sec): 12.98 - samples/sec: 2287.20 - lr: 0.100000 - momentum: 0.000000
2025-12-22 21:36:39,626 epoch 35 - iter 26/29 - loss 0.27235653 - time (sec): 14.23 - samples/sec: 2266.43 - lr: 0.100000 - momentum: 0.000000
2025-12-22 21:36:40,727 epoch 35 - iter 28/29 - loss 0.27249298 - time (sec): 15.33 - samples/sec: 2262.26 - lr: 0.100000 - momentum: 0.000000
2025-12-22 21:36:41,294 ----------------------------------------------------------------------------------------------------
2025-12-22 21:36:41,295 EPOCH 35 done: loss 0.2721 - lr: 0.100000
2025-12-22 21:36:45,067 DEV : loss 0.21816261112689972 - f1-score (micro avg)  0.9351
2025-12-22 21:36:45,074  - 0 epochs without improvement
2025-12-22 21:36:45,075 saving best model
2025-12-22 21:36:45,108 ----------------------------------------------------------------------------------------------------
2025-12-22 21:36:46,453 epoch 36 - iter 2/29 - loss 0.24757881 - time (sec): 1.34 - samples/sec: 1778.89 - lr: 0.100000 - momentum: 0.000000
2025-12-22 21:36:47,543 epoch 36 - iter 4/29 - loss 0.25862582 - time (sec): 2.43 - samples/sec: 1929.47 - lr: 0.100000 - momentum: 0.000000
2025-12-22 21:36:48,478 epoch 36 - iter 6/29 - loss 0.26561752 - time (sec): 3.37 - samples/sec: 2053.57 - lr: 0.100000 - momentum: 0.000000
2025-12-22 21:36:49,353 epoch 36 - iter 8/29 - loss 0.25971609 - time (sec): 4.24 - samples/sec: 2187.93 - lr: 0.100000 - momentum: 0.000000
2025-12-22 21:36:50,195 epoch 36 - iter 10/29 - loss 0.26587935 - time (sec): 5.09 - samples/sec: 2322.98 - lr: 0.100000 - momentum: 0.000000
2025-12-22 21:36:51,214 epoch 36 - iter 12/29 - loss 0.26708814 - time (sec): 6.10 - samples/sec: 2306.28 - lr: 0.100000 - momentum: 0.000000
2025-12-22 21:36:52,703 epoch 36 - iter 14/29 - loss 0.26493178 - time (sec): 7.59 - samples/sec: 2194.47 - lr: 0.100000 - momentum: 0.000000
2025-12-22 21:36:54,219 epoch 36 - iter 16/29 - loss 0.26231232 - time (sec): 9.11 - samples/sec: 2148.18 - lr: 0.100000 - momentum: 0.000000
2025-12-22 21:36:55,184 epoch 36 - iter 18/29 - loss 0.26361891 - time (sec): 10.08 - samples/sec: 2177.77 - lr: 0.100000 - momentum: 0.000000
2025-12-22 21:36:56,474 epoch 36 - iter 20/29 - loss 0.26875014 - time (sec): 11.37 - samples/sec: 2146.16 - lr: 0.100000 - momentum: 0.000000
2025-12-22 21:36:57,640 epoch 36 - iter 22/29 - loss 0.26975176 - time (sec): 12.53 - samples/sec: 2157.25 - lr: 0.100000 - momentum: 0.000000
2025-12-22 21:36:58,791 epoch 36 - iter 24/29 - loss 0.27246094 - time (sec): 13.68 - samples/sec: 2171.62 - lr: 0.100000 - momentum: 0.000000
2025-12-22 21:36:59,969 epoch 36 - iter 26/29 - loss 0.27329856 - time (sec): 14.86 - samples/sec: 2172.46 - lr: 0.100000 - momentum: 0.000000
2025-12-22 21:37:01,087 epoch 36 - iter 28/29 - loss 0.27381194 - time (sec): 15.98 - samples/sec: 2171.48 - lr: 0.100000 - momentum: 0.000000
2025-12-22 21:37:01,557 ----------------------------------------------------------------------------------------------------
2025-12-22 21:37:01,557 EPOCH 36 done: loss 0.2734 - lr: 0.100000
2025-12-22 21:37:04,870 DEV : loss 0.21916724741458893 - f1-score (micro avg)  0.933
2025-12-22 21:37:04,875  - 1 epochs without improvement
2025-12-22 21:37:04,875 ----------------------------------------------------------------------------------------------------
2025-12-22 21:37:06,170 epoch 37 - iter 2/29 - loss 0.26541630 - time (sec): 1.29 - samples/sec: 1926.77 - lr: 0.100000 - momentum: 0.000000
2025-12-22 21:37:07,455 epoch 37 - iter 4/29 - loss 0.25451771 - time (sec): 2.58 - samples/sec: 2043.64 - lr: 0.100000 - momentum: 0.000000
2025-12-22 21:37:08,538 epoch 37 - iter 6/29 - loss 0.26245217 - time (sec): 3.66 - samples/sec: 2079.13 - lr: 0.100000 - momentum: 0.000000
2025-12-22 21:37:10,070 epoch 37 - iter 8/29 - loss 0.26995759 - time (sec): 5.19 - samples/sec: 1927.62 - lr: 0.100000 - momentum: 0.000000
2025-12-22 21:37:11,158 epoch 37 - iter 10/29 - loss 0.26594001 - time (sec): 6.28 - samples/sec: 1981.88 - lr: 0.100000 - momentum: 0.000000
2025-12-22 21:37:12,445 epoch 37 - iter 12/29 - loss 0.26809423 - time (sec): 7.57 - samples/sec: 1970.49 - lr: 0.100000 - momentum: 0.000000
2025-12-22 21:37:13,351 epoch 37 - iter 14/29 - loss 0.26648846 - time (sec): 8.48 - samples/sec: 2035.44 - lr: 0.100000 - momentum: 0.000000
2025-12-22 21:37:14,256 epoch 37 - iter 16/29 - loss 0.26473851 - time (sec): 9.38 - samples/sec: 2084.15 - lr: 0.100000 - momentum: 0.000000
2025-12-22 21:37:15,366 epoch 37 - iter 18/29 - loss 0.26621375 - time (sec): 10.49 - samples/sec: 2095.19 - lr: 0.100000 - momentum: 0.000000
2025-12-22 21:37:16,387 epoch 37 - iter 20/29 - loss 0.26781508 - time (sec): 11.51 - samples/sec: 2133.14 - lr: 0.100000 - momentum: 0.000000
2025-12-22 21:37:16,973 epoch 37 - iter 22/29 - loss 0.26842150 - time (sec): 12.10 - samples/sec: 2214.71 - lr: 0.100000 - momentum: 0.000000
2025-12-22 21:37:18,170 epoch 37 - iter 24/29 - loss 0.26952368 - time (sec): 13.29 - samples/sec: 2240.42 - lr: 0.100000 - momentum: 0.000000
2025-12-22 21:37:19,136 epoch 37 - iter 26/29 - loss 0.27094250 - time (sec): 14.26 - samples/sec: 2253.88 - lr: 0.100000 - momentum: 0.000000
2025-12-22 21:37:20,426 epoch 37 - iter 28/29 - loss 0.26932948 - time (sec): 15.55 - samples/sec: 2239.51 - lr: 0.100000 - momentum: 0.000000
2025-12-22 21:37:20,764 ----------------------------------------------------------------------------------------------------
2025-12-22 21:37:20,765 EPOCH 37 done: loss 0.2691 - lr: 0.100000
2025-12-22 21:37:23,863 DEV : loss 0.2124120146036148 - f1-score (micro avg)  0.9369
2025-12-22 21:37:23,867  - 0 epochs without improvement
2025-12-22 21:37:23,868 saving best model
2025-12-22 21:37:23,894 ----------------------------------------------------------------------------------------------------
2025-12-22 21:37:24,910 epoch 38 - iter 2/29 - loss 0.26328713 - time (sec): 1.01 - samples/sec: 2583.45 - lr: 0.100000 - momentum: 0.000000
2025-12-22 21:37:25,963 epoch 38 - iter 4/29 - loss 0.26928133 - time (sec): 2.07 - samples/sec: 2490.01 - lr: 0.100000 - momentum: 0.000000
2025-12-22 21:37:27,040 epoch 38 - iter 6/29 - loss 0.27690600 - time (sec): 3.15 - samples/sec: 2463.99 - lr: 0.100000 - momentum: 0.000000
2025-12-22 21:37:28,454 epoch 38 - iter 8/29 - loss 0.27204969 - time (sec): 4.56 - samples/sec: 2302.04 - lr: 0.100000 - momentum: 0.000000
2025-12-22 21:37:29,525 epoch 38 - iter 10/29 - loss 0.26795101 - time (sec): 5.63 - samples/sec: 2330.57 - lr: 0.100000 - momentum: 0.000000
2025-12-22 21:37:30,735 epoch 38 - iter 12/29 - loss 0.26342876 - time (sec): 6.84 - samples/sec: 2300.75 - lr: 0.100000 - momentum: 0.000000
2025-12-22 21:37:31,589 epoch 38 - iter 14/29 - loss 0.26293818 - time (sec): 7.69 - samples/sec: 2344.25 - lr: 0.100000 - momentum: 0.000000
2025-12-22 21:37:32,338 epoch 38 - iter 16/29 - loss 0.26354340 - time (sec): 8.44 - samples/sec: 2402.69 - lr: 0.100000 - momentum: 0.000000
2025-12-22 21:37:33,306 epoch 38 - iter 18/29 - loss 0.26546502 - time (sec): 9.41 - samples/sec: 2416.16 - lr: 0.100000 - momentum: 0.000000
2025-12-22 21:37:34,101 epoch 38 - iter 20/29 - loss 0.26669222 - time (sec): 10.21 - samples/sec: 2446.38 - lr: 0.100000 - momentum: 0.000000
2025-12-22 21:37:34,947 epoch 38 - iter 22/29 - loss 0.26678638 - time (sec): 11.05 - samples/sec: 2457.33 - lr: 0.100000 - momentum: 0.000000
2025-12-22 21:37:35,858 epoch 38 - iter 24/29 - loss 0.26596349 - time (sec): 11.96 - samples/sec: 2476.51 - lr: 0.100000 - momentum: 0.000000
2025-12-22 21:37:37,015 epoch 38 - iter 26/29 - loss 0.26372593 - time (sec): 13.12 - samples/sec: 2463.20 - lr: 0.100000 - momentum: 0.000000
2025-12-22 21:37:38,055 epoch 38 - iter 28/29 - loss 0.26550643 - time (sec): 14.16 - samples/sec: 2451.10 - lr: 0.100000 - momentum: 0.000000
2025-12-22 21:37:38,514 ----------------------------------------------------------------------------------------------------
2025-12-22 21:37:38,514 EPOCH 38 done: loss 0.2650 - lr: 0.100000
2025-12-22 21:37:41,187 DEV : loss 0.20991705358028412 - f1-score (micro avg)  0.9378
2025-12-22 21:37:41,191  - 0 epochs without improvement
2025-12-22 21:37:41,192 saving best model
2025-12-22 21:37:41,214 ----------------------------------------------------------------------------------------------------
2025-12-22 21:37:42,214 epoch 39 - iter 2/29 - loss 0.24579372 - time (sec): 1.00 - samples/sec: 2350.38 - lr: 0.100000 - momentum: 0.000000
2025-12-22 21:37:43,277 epoch 39 - iter 4/29 - loss 0.26618310 - time (sec): 2.06 - samples/sec: 2267.96 - lr: 0.100000 - momentum: 0.000000
2025-12-22 21:37:44,245 epoch 39 - iter 6/29 - loss 0.25916912 - time (sec): 3.03 - samples/sec: 2384.88 - lr: 0.100000 - momentum: 0.000000
2025-12-22 21:37:45,132 epoch 39 - iter 8/29 - loss 0.26376063 - time (sec): 3.92 - samples/sec: 2474.19 - lr: 0.100000 - momentum: 0.000000
2025-12-22 21:37:46,206 epoch 39 - iter 10/29 - loss 0.26238931 - time (sec): 4.99 - samples/sec: 2422.48 - lr: 0.100000 - momentum: 0.000000
2025-12-22 21:37:47,547 epoch 39 - iter 12/29 - loss 0.26069727 - time (sec): 6.33 - samples/sec: 2341.79 - lr: 0.100000 - momentum: 0.000000
2025-12-22 21:37:48,683 epoch 39 - iter 14/29 - loss 0.25951461 - time (sec): 7.47 - samples/sec: 2306.06 - lr: 0.100000 - momentum: 0.000000
2025-12-22 21:37:49,724 epoch 39 - iter 16/29 - loss 0.25626788 - time (sec): 8.51 - samples/sec: 2319.69 - lr: 0.100000 - momentum: 0.000000
2025-12-22 21:37:50,730 epoch 39 - iter 18/29 - loss 0.25479902 - time (sec): 9.52 - samples/sec: 2323.31 - lr: 0.100000 - momentum: 0.000000
2025-12-22 21:37:51,802 epoch 39 - iter 20/29 - loss 0.25806820 - time (sec): 10.59 - samples/sec: 2325.10 - lr: 0.100000 - momentum: 0.000000
2025-12-22 21:37:52,978 epoch 39 - iter 22/29 - loss 0.25881214 - time (sec): 11.76 - samples/sec: 2323.42 - lr: 0.100000 - momentum: 0.000000
2025-12-22 21:37:54,119 epoch 39 - iter 24/29 - loss 0.25884645 - time (sec): 12.91 - samples/sec: 2322.18 - lr: 0.100000 - momentum: 0.000000
2025-12-22 21:37:55,197 epoch 39 - iter 26/29 - loss 0.25756671 - time (sec): 13.98 - samples/sec: 2326.56 - lr: 0.100000 - momentum: 0.000000
2025-12-22 21:37:56,028 epoch 39 - iter 28/29 - loss 0.25711755 - time (sec): 14.81 - samples/sec: 2352.18 - lr: 0.100000 - momentum: 0.000000
2025-12-22 21:37:56,486 ----------------------------------------------------------------------------------------------------
2025-12-22 21:37:56,486 EPOCH 39 done: loss 0.2572 - lr: 0.100000
2025-12-22 21:37:59,003 DEV : loss 0.19752909243106842 - f1-score (micro avg)  0.9422
2025-12-22 21:37:59,007  - 0 epochs without improvement
2025-12-22 21:37:59,008 saving best model
2025-12-22 21:37:59,029 ----------------------------------------------------------------------------------------------------
2025-12-22 21:37:59,908 epoch 40 - iter 2/29 - loss 0.26772502 - time (sec): 0.88 - samples/sec: 2684.63 - lr: 0.100000 - momentum: 0.000000
2025-12-22 21:38:01,028 epoch 40 - iter 4/29 - loss 0.25388685 - time (sec): 2.00 - samples/sec: 2594.93 - lr: 0.100000 - momentum: 0.000000
2025-12-22 21:38:01,805 epoch 40 - iter 6/29 - loss 0.25057462 - time (sec): 2.78 - samples/sec: 2685.48 - lr: 0.100000 - momentum: 0.000000
2025-12-22 21:38:02,680 epoch 40 - iter 8/29 - loss 0.25025407 - time (sec): 3.65 - samples/sec: 2747.38 - lr: 0.100000 - momentum: 0.000000
2025-12-22 21:38:03,774 epoch 40 - iter 10/29 - loss 0.24830273 - time (sec): 4.75 - samples/sec: 2648.70 - lr: 0.100000 - momentum: 0.000000
2025-12-22 21:38:04,843 epoch 40 - iter 12/29 - loss 0.25025726 - time (sec): 5.81 - samples/sec: 2587.00 - lr: 0.100000 - momentum: 0.000000
2025-12-22 21:38:05,664 epoch 40 - iter 14/29 - loss 0.24876433 - time (sec): 6.63 - samples/sec: 2610.14 - lr: 0.100000 - momentum: 0.000000
2025-12-22 21:38:06,835 epoch 40 - iter 16/29 - loss 0.24683988 - time (sec): 7.81 - samples/sec: 2540.87 - lr: 0.100000 - momentum: 0.000000
2025-12-22 21:38:07,979 epoch 40 - iter 18/29 - loss 0.24683820 - time (sec): 8.95 - samples/sec: 2508.89 - lr: 0.100000 - momentum: 0.000000
2025-12-22 21:38:09,045 epoch 40 - iter 20/29 - loss 0.24672208 - time (sec): 10.02 - samples/sec: 2505.97 - lr: 0.100000 - momentum: 0.000000
2025-12-22 21:38:09,860 epoch 40 - iter 22/29 - loss 0.24593859 - time (sec): 10.83 - samples/sec: 2518.01 - lr: 0.100000 - momentum: 0.000000
2025-12-22 21:38:10,699 epoch 40 - iter 24/29 - loss 0.24868100 - time (sec): 11.67 - samples/sec: 2518.56 - lr: 0.100000 - momentum: 0.000000
2025-12-22 21:38:11,925 epoch 40 - iter 26/29 - loss 0.24848661 - time (sec): 12.90 - samples/sec: 2498.24 - lr: 0.100000 - momentum: 0.000000
2025-12-22 21:38:12,869 epoch 40 - iter 28/29 - loss 0.24999896 - time (sec): 13.84 - samples/sec: 2505.47 - lr: 0.100000 - momentum: 0.000000
2025-12-22 21:38:13,295 ----------------------------------------------------------------------------------------------------
2025-12-22 21:38:13,295 EPOCH 40 done: loss 0.2491 - lr: 0.100000
2025-12-22 21:38:16,153 DEV : loss 0.21359659731388092 - f1-score (micro avg)  0.9345
2025-12-22 21:38:16,157  - 1 epochs without improvement
2025-12-22 21:38:16,158 ----------------------------------------------------------------------------------------------------
2025-12-22 21:38:16,985 epoch 41 - iter 2/29 - loss 0.27204647 - time (sec): 0.83 - samples/sec: 2746.10 - lr: 0.100000 - momentum: 0.000000
2025-12-22 21:38:18,353 epoch 41 - iter 4/29 - loss 0.26389215 - time (sec): 2.19 - samples/sec: 2185.53 - lr: 0.100000 - momentum: 0.000000
2025-12-22 21:38:19,357 epoch 41 - iter 6/29 - loss 0.25860466 - time (sec): 3.20 - samples/sec: 2222.27 - lr: 0.100000 - momentum: 0.000000
2025-12-22 21:38:20,344 epoch 41 - iter 8/29 - loss 0.25439701 - time (sec): 4.19 - samples/sec: 2308.09 - lr: 0.100000 - momentum: 0.000000
2025-12-22 21:38:21,534 epoch 41 - iter 10/29 - loss 0.25117106 - time (sec): 5.38 - samples/sec: 2306.17 - lr: 0.100000 - momentum: 0.000000
2025-12-22 21:38:22,732 epoch 41 - iter 12/29 - loss 0.24764927 - time (sec): 6.57 - samples/sec: 2267.59 - lr: 0.100000 - momentum: 0.000000
2025-12-22 21:38:23,930 epoch 41 - iter 14/29 - loss 0.24575286 - time (sec): 7.77 - samples/sec: 2248.89 - lr: 0.100000 - momentum: 0.000000
2025-12-22 21:38:24,969 epoch 41 - iter 16/29 - loss 0.24494268 - time (sec): 8.81 - samples/sec: 2273.24 - lr: 0.100000 - momentum: 0.000000
2025-12-22 21:38:25,906 epoch 41 - iter 18/29 - loss 0.23980656 - time (sec): 9.75 - samples/sec: 2302.32 - lr: 0.100000 - momentum: 0.000000
2025-12-22 21:38:26,949 epoch 41 - iter 20/29 - loss 0.24139177 - time (sec): 10.79 - samples/sec: 2315.17 - lr: 0.100000 - momentum: 0.000000
2025-12-22 21:38:27,856 epoch 41 - iter 22/29 - loss 0.23986041 - time (sec): 11.70 - samples/sec: 2348.20 - lr: 0.100000 - momentum: 0.000000
2025-12-22 21:38:28,702 epoch 41 - iter 24/29 - loss 0.24231021 - time (sec): 12.54 - samples/sec: 2390.68 - lr: 0.100000 - momentum: 0.000000
2025-12-22 21:38:29,797 epoch 41 - iter 26/29 - loss 0.24626957 - time (sec): 13.64 - samples/sec: 2376.82 - lr: 0.100000 - momentum: 0.000000
2025-12-22 21:38:30,774 epoch 41 - iter 28/29 - loss 0.24522694 - time (sec): 14.62 - samples/sec: 2382.75 - lr: 0.100000 - momentum: 0.000000
2025-12-22 21:38:31,098 ----------------------------------------------------------------------------------------------------
2025-12-22 21:38:31,098 EPOCH 41 done: loss 0.2454 - lr: 0.100000
2025-12-22 21:38:33,978 DEV : loss 0.20276544988155365 - f1-score (micro avg)  0.9405
2025-12-22 21:38:33,982  - 2 epochs without improvement
2025-12-22 21:38:33,983 ----------------------------------------------------------------------------------------------------
2025-12-22 21:38:35,447 epoch 42 - iter 2/29 - loss 0.20322996 - time (sec): 1.46 - samples/sec: 1881.02 - lr: 0.100000 - momentum: 0.000000
2025-12-22 21:38:36,243 epoch 42 - iter 4/29 - loss 0.22340269 - time (sec): 2.26 - samples/sec: 2172.56 - lr: 0.100000 - momentum: 0.000000
2025-12-22 21:38:37,162 epoch 42 - iter 6/29 - loss 0.23179796 - time (sec): 3.18 - samples/sec: 2332.82 - lr: 0.100000 - momentum: 0.000000
2025-12-22 21:38:38,299 epoch 42 - iter 8/29 - loss 0.23486512 - time (sec): 4.32 - samples/sec: 2279.97 - lr: 0.100000 - momentum: 0.000000
2025-12-22 21:38:39,252 epoch 42 - iter 10/29 - loss 0.23428513 - time (sec): 5.27 - samples/sec: 2309.77 - lr: 0.100000 - momentum: 0.000000
2025-12-22 21:38:40,202 epoch 42 - iter 12/29 - loss 0.23287001 - time (sec): 6.22 - samples/sec: 2305.69 - lr: 0.100000 - momentum: 0.000000
2025-12-22 21:38:40,982 epoch 42 - iter 14/29 - loss 0.23665333 - time (sec): 7.00 - samples/sec: 2387.69 - lr: 0.100000 - momentum: 0.000000
2025-12-22 21:38:41,947 epoch 42 - iter 16/29 - loss 0.23799711 - time (sec): 7.96 - samples/sec: 2404.25 - lr: 0.100000 - momentum: 0.000000
2025-12-22 21:38:43,020 epoch 42 - iter 18/29 - loss 0.23842135 - time (sec): 9.04 - samples/sec: 2388.80 - lr: 0.100000 - momentum: 0.000000
2025-12-22 21:38:43,920 epoch 42 - iter 20/29 - loss 0.23748805 - time (sec): 9.94 - samples/sec: 2432.73 - lr: 0.100000 - momentum: 0.000000
2025-12-22 21:38:44,772 epoch 42 - iter 22/29 - loss 0.23755462 - time (sec): 10.79 - samples/sec: 2460.82 - lr: 0.100000 - momentum: 0.000000
2025-12-22 21:38:46,103 epoch 42 - iter 24/29 - loss 0.24073271 - time (sec): 12.12 - samples/sec: 2441.32 - lr: 0.100000 - momentum: 0.000000
2025-12-22 21:38:47,068 epoch 42 - iter 26/29 - loss 0.23946736 - time (sec): 13.08 - samples/sec: 2452.99 - lr: 0.100000 - momentum: 0.000000
2025-12-22 21:38:48,264 epoch 42 - iter 28/29 - loss 0.24096071 - time (sec): 14.28 - samples/sec: 2431.43 - lr: 0.100000 - momentum: 0.000000
2025-12-22 21:38:48,782 ----------------------------------------------------------------------------------------------------
2025-12-22 21:38:48,782 EPOCH 42 done: loss 0.2413 - lr: 0.100000
2025-12-22 21:38:51,109 DEV : loss 0.191407710313797 - f1-score (micro avg)  0.942
2025-12-22 21:38:51,112  - 3 epochs without improvement
2025-12-22 21:38:51,113 ----------------------------------------------------------------------------------------------------
2025-12-22 21:38:51,949 epoch 43 - iter 2/29 - loss 0.23077642 - time (sec): 0.84 - samples/sec: 2811.93 - lr: 0.100000 - momentum: 0.000000
2025-12-22 21:38:52,843 epoch 43 - iter 4/29 - loss 0.22469529 - time (sec): 1.73 - samples/sec: 2739.30 - lr: 0.100000 - momentum: 0.000000
2025-12-22 21:38:53,898 epoch 43 - iter 6/29 - loss 0.22984264 - time (sec): 2.78 - samples/sec: 2583.92 - lr: 0.100000 - momentum: 0.000000
2025-12-22 21:38:55,158 epoch 43 - iter 8/29 - loss 0.22651918 - time (sec): 4.04 - samples/sec: 2396.60 - lr: 0.100000 - momentum: 0.000000
2025-12-22 21:38:56,180 epoch 43 - iter 10/29 - loss 0.22807651 - time (sec): 5.07 - samples/sec: 2424.34 - lr: 0.100000 - momentum: 0.000000
2025-12-22 21:38:57,297 epoch 43 - iter 12/29 - loss 0.22797312 - time (sec): 6.18 - samples/sec: 2375.18 - lr: 0.100000 - momentum: 0.000000
2025-12-22 21:38:58,288 epoch 43 - iter 14/29 - loss 0.22808074 - time (sec): 7.18 - samples/sec: 2402.26 - lr: 0.100000 - momentum: 0.000000
2025-12-22 21:38:59,204 epoch 43 - iter 16/29 - loss 0.23260480 - time (sec): 8.09 - samples/sec: 2444.71 - lr: 0.100000 - momentum: 0.000000
2025-12-22 21:39:00,467 epoch 43 - iter 18/29 - loss 0.23194527 - time (sec): 9.35 - samples/sec: 2395.42 - lr: 0.100000 - momentum: 0.000000
2025-12-22 21:39:01,762 epoch 43 - iter 20/29 - loss 0.22972894 - time (sec): 10.65 - samples/sec: 2357.01 - lr: 0.100000 - momentum: 0.000000
2025-12-22 21:39:02,920 epoch 43 - iter 22/29 - loss 0.23219020 - time (sec): 11.81 - samples/sec: 2339.42 - lr: 0.100000 - momentum: 0.000000
2025-12-22 21:39:03,852 epoch 43 - iter 24/29 - loss 0.23022182 - time (sec): 12.74 - samples/sec: 2350.77 - lr: 0.100000 - momentum: 0.000000
2025-12-22 21:39:05,014 epoch 43 - iter 26/29 - loss 0.23153611 - time (sec): 13.90 - samples/sec: 2337.33 - lr: 0.100000 - momentum: 0.000000
2025-12-22 21:39:06,036 epoch 43 - iter 28/29 - loss 0.23129695 - time (sec): 14.92 - samples/sec: 2337.41 - lr: 0.100000 - momentum: 0.000000
2025-12-22 21:39:06,463 ----------------------------------------------------------------------------------------------------
2025-12-22 21:39:06,464 EPOCH 43 done: loss 0.2303 - lr: 0.100000
2025-12-22 21:39:09,482 DEV : loss 0.1942940056324005 - f1-score (micro avg)  0.9418
2025-12-22 21:39:09,486  - 4 epochs without improvement (above 'patience')-> annealing learning_rate to [0.05]
2025-12-22 21:39:09,487 ----------------------------------------------------------------------------------------------------
2025-12-22 21:39:10,651 epoch 44 - iter 2/29 - loss 0.21613622 - time (sec): 1.16 - samples/sec: 2095.91 - lr: 0.050000 - momentum: 0.000000
2025-12-22 21:39:11,831 epoch 44 - iter 4/29 - loss 0.20635712 - time (sec): 2.34 - samples/sec: 1972.92 - lr: 0.050000 - momentum: 0.000000
2025-12-22 21:39:12,883 epoch 44 - iter 6/29 - loss 0.21677288 - time (sec): 3.40 - samples/sec: 2121.32 - lr: 0.050000 - momentum: 0.000000
2025-12-22 21:39:13,758 epoch 44 - iter 8/29 - loss 0.21287685 - time (sec): 4.27 - samples/sec: 2291.22 - lr: 0.050000 - momentum: 0.000000
2025-12-22 21:39:14,731 epoch 44 - iter 10/29 - loss 0.21364817 - time (sec): 5.24 - samples/sec: 2328.93 - lr: 0.050000 - momentum: 0.000000
2025-12-22 21:39:15,599 epoch 44 - iter 12/29 - loss 0.21794656 - time (sec): 6.11 - samples/sec: 2423.73 - lr: 0.050000 - momentum: 0.000000
2025-12-22 21:39:16,477 epoch 44 - iter 14/29 - loss 0.21766716 - time (sec): 6.99 - samples/sec: 2443.89 - lr: 0.050000 - momentum: 0.000000
2025-12-22 21:39:17,344 epoch 44 - iter 16/29 - loss 0.22003063 - time (sec): 7.86 - samples/sec: 2474.25 - lr: 0.050000 - momentum: 0.000000
2025-12-22 21:39:18,373 epoch 44 - iter 18/29 - loss 0.22263493 - time (sec): 8.89 - samples/sec: 2463.94 - lr: 0.050000 - momentum: 0.000000
2025-12-22 21:39:19,431 epoch 44 - iter 20/29 - loss 0.22019884 - time (sec): 9.94 - samples/sec: 2448.40 - lr: 0.050000 - momentum: 0.000000
2025-12-22 21:39:20,642 epoch 44 - iter 22/29 - loss 0.21932588 - time (sec): 11.16 - samples/sec: 2405.99 - lr: 0.050000 - momentum: 0.000000
2025-12-22 21:39:21,905 epoch 44 - iter 24/29 - loss 0.21946662 - time (sec): 12.42 - samples/sec: 2354.69 - lr: 0.050000 - momentum: 0.000000
2025-12-22 21:39:23,267 epoch 44 - iter 26/29 - loss 0.21791405 - time (sec): 13.78 - samples/sec: 2314.44 - lr: 0.050000 - momentum: 0.000000
2025-12-22 21:39:24,617 epoch 44 - iter 28/29 - loss 0.21724207 - time (sec): 15.13 - samples/sec: 2300.08 - lr: 0.050000 - momentum: 0.000000
2025-12-22 21:39:25,029 ----------------------------------------------------------------------------------------------------
2025-12-22 21:39:25,029 EPOCH 44 done: loss 0.2169 - lr: 0.050000
2025-12-22 21:39:27,946 DEV : loss 0.1872020661830902 - f1-score (micro avg)  0.9441
2025-12-22 21:39:27,950  - 0 epochs without improvement
2025-12-22 21:39:27,950 saving best model
2025-12-22 21:39:27,977 ----------------------------------------------------------------------------------------------------
2025-12-22 21:39:28,784 epoch 45 - iter 2/29 - loss 0.19660320 - time (sec): 0.81 - samples/sec: 2872.26 - lr: 0.050000 - momentum: 0.000000
2025-12-22 21:39:29,859 epoch 45 - iter 4/29 - loss 0.19819921 - time (sec): 1.88 - samples/sec: 2560.12 - lr: 0.050000 - momentum: 0.000000
2025-12-22 21:39:30,994 epoch 45 - iter 6/29 - loss 0.21083002 - time (sec): 3.02 - samples/sec: 2460.87 - lr: 0.050000 - momentum: 0.000000
2025-12-22 21:39:32,195 epoch 45 - iter 8/29 - loss 0.20957169 - time (sec): 4.22 - samples/sec: 2359.20 - lr: 0.050000 - momentum: 0.000000
2025-12-22 21:39:33,161 epoch 45 - iter 10/29 - loss 0.21523447 - time (sec): 5.18 - samples/sec: 2347.32 - lr: 0.050000 - momentum: 0.000000
2025-12-22 21:39:34,107 epoch 45 - iter 12/29 - loss 0.21582610 - time (sec): 6.13 - samples/sec: 2366.21 - lr: 0.050000 - momentum: 0.000000
2025-12-22 21:39:35,208 epoch 45 - iter 14/29 - loss 0.21977574 - time (sec): 7.23 - samples/sec: 2345.54 - lr: 0.050000 - momentum: 0.000000
2025-12-22 21:39:36,077 epoch 45 - iter 16/29 - loss 0.22309484 - time (sec): 8.10 - samples/sec: 2345.20 - lr: 0.050000 - momentum: 0.000000
2025-12-22 21:39:37,108 epoch 45 - iter 18/29 - loss 0.22148810 - time (sec): 9.13 - samples/sec: 2370.34 - lr: 0.050000 - momentum: 0.000000
2025-12-22 21:39:38,143 epoch 45 - iter 20/29 - loss 0.22023192 - time (sec): 10.17 - samples/sec: 2382.04 - lr: 0.050000 - momentum: 0.000000
2025-12-22 21:39:39,044 epoch 45 - iter 22/29 - loss 0.21960923 - time (sec): 11.07 - samples/sec: 2424.12 - lr: 0.050000 - momentum: 0.000000
2025-12-22 21:39:39,874 epoch 45 - iter 24/29 - loss 0.22082953 - time (sec): 11.90 - samples/sec: 2469.20 - lr: 0.050000 - momentum: 0.000000
2025-12-22 21:39:41,034 epoch 45 - iter 26/29 - loss 0.21900924 - time (sec): 13.06 - samples/sec: 2457.60 - lr: 0.050000 - momentum: 0.000000
2025-12-22 21:39:42,209 epoch 45 - iter 28/29 - loss 0.21838513 - time (sec): 14.23 - samples/sec: 2437.90 - lr: 0.050000 - momentum: 0.000000
2025-12-22 21:39:42,681 ----------------------------------------------------------------------------------------------------
2025-12-22 21:39:42,681 EPOCH 45 done: loss 0.2186 - lr: 0.050000
2025-12-22 21:39:45,224 DEV : loss 0.18463146686553955 - f1-score (micro avg)  0.9454
2025-12-22 21:39:45,229  - 0 epochs without improvement
2025-12-22 21:39:45,229 saving best model
2025-12-22 21:39:45,257 ----------------------------------------------------------------------------------------------------
2025-12-22 21:39:46,165 epoch 46 - iter 2/29 - loss 0.20774152 - time (sec): 0.91 - samples/sec: 2537.29 - lr: 0.050000 - momentum: 0.000000
2025-12-22 21:39:46,934 epoch 46 - iter 4/29 - loss 0.20902183 - time (sec): 1.68 - samples/sec: 2659.25 - lr: 0.050000 - momentum: 0.000000
2025-12-22 21:39:48,188 epoch 46 - iter 6/29 - loss 0.21039501 - time (sec): 2.93 - samples/sec: 2449.75 - lr: 0.050000 - momentum: 0.000000
2025-12-22 21:39:49,055 epoch 46 - iter 8/29 - loss 0.21561212 - time (sec): 3.80 - samples/sec: 2542.86 - lr: 0.050000 - momentum: 0.000000
2025-12-22 21:39:50,060 epoch 46 - iter 10/29 - loss 0.21317269 - time (sec): 4.80 - samples/sec: 2546.69 - lr: 0.050000 - momentum: 0.000000
2025-12-22 21:39:51,060 epoch 46 - iter 12/29 - loss 0.21246148 - time (sec): 5.80 - samples/sec: 2552.68 - lr: 0.050000 - momentum: 0.000000
2025-12-22 21:39:52,239 epoch 46 - iter 14/29 - loss 0.21003254 - time (sec): 6.98 - samples/sec: 2484.87 - lr: 0.050000 - momentum: 0.000000
2025-12-22 21:39:53,317 epoch 46 - iter 16/29 - loss 0.20979023 - time (sec): 8.06 - samples/sec: 2474.33 - lr: 0.050000 - momentum: 0.000000
2025-12-22 21:39:54,426 epoch 46 - iter 18/29 - loss 0.20873501 - time (sec): 9.17 - samples/sec: 2461.92 - lr: 0.050000 - momentum: 0.000000
2025-12-22 21:39:55,508 epoch 46 - iter 20/29 - loss 0.20710217 - time (sec): 10.25 - samples/sec: 2455.35 - lr: 0.050000 - momentum: 0.000000
2025-12-22 21:39:56,411 epoch 46 - iter 22/29 - loss 0.20667096 - time (sec): 11.15 - samples/sec: 2466.71 - lr: 0.050000 - momentum: 0.000000
2025-12-22 21:39:57,521 epoch 46 - iter 24/29 - loss 0.20877717 - time (sec): 12.26 - samples/sec: 2437.58 - lr: 0.050000 - momentum: 0.000000
2025-12-22 21:39:58,410 epoch 46 - iter 26/29 - loss 0.21081889 - time (sec): 13.15 - samples/sec: 2447.52 - lr: 0.050000 - momentum: 0.000000
2025-12-22 21:39:59,431 epoch 46 - iter 28/29 - loss 0.20949463 - time (sec): 14.17 - samples/sec: 2450.21 - lr: 0.050000 - momentum: 0.000000
2025-12-22 21:39:59,961 ----------------------------------------------------------------------------------------------------
2025-12-22 21:39:59,961 EPOCH 46 done: loss 0.2088 - lr: 0.050000
2025-12-22 21:40:02,724 DEV : loss 0.18635877966880798 - f1-score (micro avg)  0.9452
2025-12-22 21:40:02,727  - 1 epochs without improvement
2025-12-22 21:40:02,729 ----------------------------------------------------------------------------------------------------
2025-12-22 21:40:03,629 epoch 47 - iter 2/29 - loss 0.17598812 - time (sec): 0.90 - samples/sec: 2684.29 - lr: 0.050000 - momentum: 0.000000
2025-12-22 21:40:04,720 epoch 47 - iter 4/29 - loss 0.20067474 - time (sec): 1.99 - samples/sec: 2409.35 - lr: 0.050000 - momentum: 0.000000
2025-12-22 21:40:06,264 epoch 47 - iter 6/29 - loss 0.20799812 - time (sec): 3.53 - samples/sec: 2137.83 - lr: 0.050000 - momentum: 0.000000
2025-12-22 21:40:07,478 epoch 47 - iter 8/29 - loss 0.20866618 - time (sec): 4.75 - samples/sec: 2153.14 - lr: 0.050000 - momentum: 0.000000
2025-12-22 21:40:08,585 epoch 47 - iter 10/29 - loss 0.20983385 - time (sec): 5.86 - samples/sec: 2159.98 - lr: 0.050000 - momentum: 0.000000
2025-12-22 21:40:09,437 epoch 47 - iter 12/29 - loss 0.20723539 - time (sec): 6.71 - samples/sec: 2250.63 - lr: 0.050000 - momentum: 0.000000
2025-12-22 21:40:10,593 epoch 47 - iter 14/29 - loss 0.20423295 - time (sec): 7.86 - samples/sec: 2228.56 - lr: 0.050000 - momentum: 0.000000
2025-12-22 21:40:11,498 epoch 47 - iter 16/29 - loss 0.20022141 - time (sec): 8.77 - samples/sec: 2266.22 - lr: 0.050000 - momentum: 0.000000
2025-12-22 21:40:12,402 epoch 47 - iter 18/29 - loss 0.19800487 - time (sec): 9.67 - samples/sec: 2294.94 - lr: 0.050000 - momentum: 0.000000
2025-12-22 21:40:13,526 epoch 47 - iter 20/29 - loss 0.20148168 - time (sec): 10.80 - samples/sec: 2296.14 - lr: 0.050000 - momentum: 0.000000
2025-12-22 21:40:14,544 epoch 47 - iter 22/29 - loss 0.20085231 - time (sec): 11.81 - samples/sec: 2326.61 - lr: 0.050000 - momentum: 0.000000
2025-12-22 21:40:15,549 epoch 47 - iter 24/29 - loss 0.20154005 - time (sec): 12.82 - samples/sec: 2350.97 - lr: 0.050000 - momentum: 0.000000
2025-12-22 21:40:16,441 epoch 47 - iter 26/29 - loss 0.20317754 - time (sec): 13.71 - samples/sec: 2368.36 - lr: 0.050000 - momentum: 0.000000
2025-12-22 21:40:17,614 epoch 47 - iter 28/29 - loss 0.20356949 - time (sec): 14.88 - samples/sec: 2350.61 - lr: 0.050000 - momentum: 0.000000
2025-12-22 21:40:17,918 ----------------------------------------------------------------------------------------------------
2025-12-22 21:40:17,918 EPOCH 47 done: loss 0.2041 - lr: 0.050000
2025-12-22 21:40:20,985 DEV : loss 0.1819463074207306 - f1-score (micro avg)  0.9467
2025-12-22 21:40:20,990  - 0 epochs without improvement
2025-12-22 21:40:20,990 saving best model
2025-12-22 21:40:21,017 ----------------------------------------------------------------------------------------------------
2025-12-22 21:40:22,138 epoch 48 - iter 2/29 - loss 0.19878190 - time (sec): 1.12 - samples/sec: 2406.95 - lr: 0.050000 - momentum: 0.000000
2025-12-22 21:40:23,315 epoch 48 - iter 4/29 - loss 0.19790251 - time (sec): 2.30 - samples/sec: 2282.06 - lr: 0.050000 - momentum: 0.000000
2025-12-22 21:40:24,341 epoch 48 - iter 6/29 - loss 0.20236831 - time (sec): 3.32 - samples/sec: 2273.70 - lr: 0.050000 - momentum: 0.000000
2025-12-22 21:40:25,063 epoch 48 - iter 8/29 - loss 0.19837639 - time (sec): 4.05 - samples/sec: 2372.74 - lr: 0.050000 - momentum: 0.000000
2025-12-22 21:40:25,876 epoch 48 - iter 10/29 - loss 0.20005554 - time (sec): 4.86 - samples/sec: 2434.69 - lr: 0.050000 - momentum: 0.000000
2025-12-22 21:40:26,816 epoch 48 - iter 12/29 - loss 0.19630174 - time (sec): 5.80 - samples/sec: 2471.47 - lr: 0.050000 - momentum: 0.000000
2025-12-22 21:40:27,726 epoch 48 - iter 14/29 - loss 0.19893898 - time (sec): 6.71 - samples/sec: 2505.32 - lr: 0.050000 - momentum: 0.000000
2025-12-22 21:40:28,703 epoch 48 - iter 16/29 - loss 0.20452079 - time (sec): 7.68 - samples/sec: 2481.62 - lr: 0.050000 - momentum: 0.000000
2025-12-22 21:40:30,014 epoch 48 - iter 18/29 - loss 0.20500169 - time (sec): 9.00 - samples/sec: 2417.24 - lr: 0.050000 - momentum: 0.000000
2025-12-22 21:40:31,215 epoch 48 - iter 20/29 - loss 0.20611080 - time (sec): 10.20 - samples/sec: 2382.39 - lr: 0.050000 - momentum: 0.000000
2025-12-22 21:40:32,389 epoch 48 - iter 22/29 - loss 0.20746434 - time (sec): 11.37 - samples/sec: 2351.77 - lr: 0.050000 - momentum: 0.000000
2025-12-22 21:40:33,591 epoch 48 - iter 24/29 - loss 0.20647324 - time (sec): 12.57 - samples/sec: 2339.23 - lr: 0.050000 - momentum: 0.000000
2025-12-22 21:40:34,811 epoch 48 - iter 26/29 - loss 0.20331553 - time (sec): 13.79 - samples/sec: 2322.24 - lr: 0.050000 - momentum: 0.000000
2025-12-22 21:40:36,108 epoch 48 - iter 28/29 - loss 0.20410139 - time (sec): 15.09 - samples/sec: 2304.03 - lr: 0.050000 - momentum: 0.000000
2025-12-22 21:40:36,595 ----------------------------------------------------------------------------------------------------
2025-12-22 21:40:36,595 EPOCH 48 done: loss 0.2051 - lr: 0.050000
2025-12-22 21:40:39,787 DEV : loss 0.1828622817993164 - f1-score (micro avg)  0.9459
2025-12-22 21:40:39,791  - 1 epochs without improvement
2025-12-22 21:40:39,792 ----------------------------------------------------------------------------------------------------
2025-12-22 21:40:40,832 epoch 49 - iter 2/29 - loss 0.17518966 - time (sec): 1.04 - samples/sec: 2426.60 - lr: 0.050000 - momentum: 0.000000
2025-12-22 21:40:41,792 epoch 49 - iter 4/29 - loss 0.18277315 - time (sec): 2.00 - samples/sec: 2417.11 - lr: 0.050000 - momentum: 0.000000
2025-12-22 21:40:42,665 epoch 49 - iter 6/29 - loss 0.19570348 - time (sec): 2.87 - samples/sec: 2503.31 - lr: 0.050000 - momentum: 0.000000
2025-12-22 21:40:43,741 epoch 49 - iter 8/29 - loss 0.19609545 - time (sec): 3.95 - samples/sec: 2495.81 - lr: 0.050000 - momentum: 0.000000
2025-12-22 21:40:44,473 epoch 49 - iter 10/29 - loss 0.20250076 - time (sec): 4.68 - samples/sec: 2558.87 - lr: 0.050000 - momentum: 0.000000
2025-12-22 21:40:45,509 epoch 49 - iter 12/29 - loss 0.20225584 - time (sec): 5.72 - samples/sec: 2547.91 - lr: 0.050000 - momentum: 0.000000
2025-12-22 21:40:46,629 epoch 49 - iter 14/29 - loss 0.19964090 - time (sec): 6.84 - samples/sec: 2528.13 - lr: 0.050000 - momentum: 0.000000
2025-12-22 21:40:47,618 epoch 49 - iter 16/29 - loss 0.19992824 - time (sec): 7.83 - samples/sec: 2530.19 - lr: 0.050000 - momentum: 0.000000
2025-12-22 21:40:48,839 epoch 49 - iter 18/29 - loss 0.20169408 - time (sec): 9.05 - samples/sec: 2490.32 - lr: 0.050000 - momentum: 0.000000
2025-12-22 21:40:50,058 epoch 49 - iter 20/29 - loss 0.19917833 - time (sec): 10.27 - samples/sec: 2463.99 - lr: 0.050000 - momentum: 0.000000
2025-12-22 21:40:51,093 epoch 49 - iter 22/29 - loss 0.20161690 - time (sec): 11.30 - samples/sec: 2436.01 - lr: 0.050000 - momentum: 0.000000
2025-12-22 21:40:51,914 epoch 49 - iter 24/29 - loss 0.19967116 - time (sec): 12.12 - samples/sec: 2469.23 - lr: 0.050000 - momentum: 0.000000
2025-12-22 21:40:52,831 epoch 49 - iter 26/29 - loss 0.19991112 - time (sec): 13.04 - samples/sec: 2492.05 - lr: 0.050000 - momentum: 0.000000
2025-12-22 21:40:54,077 epoch 49 - iter 28/29 - loss 0.20110385 - time (sec): 14.28 - samples/sec: 2436.11 - lr: 0.050000 - momentum: 0.000000
2025-12-22 21:40:54,560 ----------------------------------------------------------------------------------------------------
2025-12-22 21:40:54,560 EPOCH 49 done: loss 0.2006 - lr: 0.050000
2025-12-22 21:40:57,134 DEV : loss 0.18527689576148987 - f1-score (micro avg)  0.9458
2025-12-22 21:40:57,138  - 2 epochs without improvement
2025-12-22 21:40:57,138 ----------------------------------------------------------------------------------------------------
2025-12-22 21:40:57,991 epoch 50 - iter 2/29 - loss 0.19683950 - time (sec): 0.85 - samples/sec: 2738.76 - lr: 0.050000 - momentum: 0.000000
2025-12-22 21:40:59,119 epoch 50 - iter 4/29 - loss 0.18568867 - time (sec): 1.98 - samples/sec: 2497.52 - lr: 0.050000 - momentum: 0.000000
2025-12-22 21:41:00,484 epoch 50 - iter 6/29 - loss 0.19364964 - time (sec): 3.35 - samples/sec: 2232.87 - lr: 0.050000 - momentum: 0.000000
2025-12-22 21:41:01,463 epoch 50 - iter 8/29 - loss 0.19072148 - time (sec): 4.32 - samples/sec: 2307.80 - lr: 0.050000 - momentum: 0.000000
2025-12-22 21:41:02,445 epoch 50 - iter 10/29 - loss 0.19619886 - time (sec): 5.31 - samples/sec: 2395.29 - lr: 0.050000 - momentum: 0.000000
2025-12-22 21:41:03,604 epoch 50 - iter 12/29 - loss 0.19827185 - time (sec): 6.47 - samples/sec: 2342.54 - lr: 0.050000 - momentum: 0.000000
2025-12-22 21:41:04,816 epoch 50 - iter 14/29 - loss 0.20044081 - time (sec): 7.68 - samples/sec: 2312.03 - lr: 0.050000 - momentum: 0.000000
2025-12-22 21:41:05,901 epoch 50 - iter 16/29 - loss 0.20351286 - time (sec): 8.76 - samples/sec: 2309.75 - lr: 0.050000 - momentum: 0.000000
2025-12-22 21:41:06,799 epoch 50 - iter 18/29 - loss 0.20424420 - time (sec): 9.66 - samples/sec: 2336.81 - lr: 0.050000 - momentum: 0.000000
2025-12-22 21:41:07,959 epoch 50 - iter 20/29 - loss 0.20097047 - time (sec): 10.82 - samples/sec: 2306.53 - lr: 0.050000 - momentum: 0.000000
2025-12-22 21:41:08,975 epoch 50 - iter 22/29 - loss 0.20220967 - time (sec): 11.84 - samples/sec: 2318.88 - lr: 0.050000 - momentum: 0.000000
2025-12-22 21:41:10,184 epoch 50 - iter 24/29 - loss 0.20202147 - time (sec): 13.04 - samples/sec: 2304.76 - lr: 0.050000 - momentum: 0.000000
2025-12-22 21:41:11,187 epoch 50 - iter 26/29 - loss 0.20238350 - time (sec): 14.05 - samples/sec: 2312.32 - lr: 0.050000 - momentum: 0.000000
2025-12-22 21:41:12,277 epoch 50 - iter 28/29 - loss 0.20364198 - time (sec): 15.14 - samples/sec: 2301.87 - lr: 0.050000 - momentum: 0.000000
2025-12-22 21:41:12,600 ----------------------------------------------------------------------------------------------------
2025-12-22 21:41:12,600 EPOCH 50 done: loss 0.2034 - lr: 0.050000
2025-12-22 21:41:16,012 DEV : loss 0.18188339471817017 - f1-score (micro avg)  0.9461
2025-12-22 21:41:16,022  - 3 epochs without improvement
2025-12-22 21:41:16,023 ----------------------------------------------------------------------------------------------------
2025-12-22 21:41:17,076 epoch 51 - iter 2/29 - loss 0.20099963 - time (sec): 1.05 - samples/sec: 2412.61 - lr: 0.050000 - momentum: 0.000000
2025-12-22 21:41:18,103 epoch 51 - iter 4/29 - loss 0.19607734 - time (sec): 2.08 - samples/sec: 2316.94 - lr: 0.050000 - momentum: 0.000000
2025-12-22 21:41:19,094 epoch 51 - iter 6/29 - loss 0.19742834 - time (sec): 3.07 - samples/sec: 2347.36 - lr: 0.050000 - momentum: 0.000000
2025-12-22 21:41:20,438 epoch 51 - iter 8/29 - loss 0.20028541 - time (sec): 4.41 - samples/sec: 2234.16 - lr: 0.050000 - momentum: 0.000000
2025-12-22 22:23:24,665 epoch 51 - iter 10/29 - loss 0.19595012 - time (sec): 2528.64 - samples/sec: 4.80 - lr: 0.050000 - momentum: 0.000000
2025-12-22 22:23:25,988 epoch 51 - iter 12/29 - loss 0.19384789 - time (sec): 2529.96 - samples/sec: 5.79 - lr: 0.050000 - momentum: 0.000000
2025-12-22 22:23:27,287 epoch 51 - iter 14/29 - loss 0.19261526 - time (sec): 2531.26 - samples/sec: 6.82 - lr: 0.050000 - momentum: 0.000000
2025-12-22 22:23:28,389 epoch 51 - iter 16/29 - loss 0.19525561 - time (sec): 2532.37 - samples/sec: 7.75 - lr: 0.050000 - momentum: 0.000000
2025-12-22 22:23:29,643 epoch 51 - iter 18/29 - loss 0.19158529 - time (sec): 2533.62 - samples/sec: 8.79 - lr: 0.050000 - momentum: 0.000000
2025-12-22 22:23:30,685 epoch 51 - iter 20/29 - loss 0.19279070 - time (sec): 2534.66 - samples/sec: 9.73 - lr: 0.050000 - momentum: 0.000000
2025-12-22 22:23:32,326 epoch 51 - iter 22/29 - loss 0.19460063 - time (sec): 2536.30 - samples/sec: 10.77 - lr: 0.050000 - momentum: 0.000000
2025-12-22 22:23:33,434 epoch 51 - iter 24/29 - loss 0.19620310 - time (sec): 2537.41 - samples/sec: 11.68 - lr: 0.050000 - momentum: 0.000000
2025-12-22 22:23:34,728 epoch 51 - iter 26/29 - loss 0.19564862 - time (sec): 2538.71 - samples/sec: 12.69 - lr: 0.050000 - momentum: 0.000000
2025-12-22 22:23:35,890 epoch 51 - iter 28/29 - loss 0.19610373 - time (sec): 2539.87 - samples/sec: 13.64 - lr: 0.050000 - momentum: 0.000000
2025-12-22 22:23:36,361 ----------------------------------------------------------------------------------------------------
2025-12-22 22:23:36,361 EPOCH 51 done: loss 0.1963 - lr: 0.050000
2025-12-22 22:23:39,629 DEV : loss 0.18308687210083008 - f1-score (micro avg)  0.9462
2025-12-22 22:23:39,634  - 4 epochs without improvement (above 'patience')-> annealing learning_rate to [0.025]
2025-12-22 22:23:39,634 ----------------------------------------------------------------------------------------------------
2025-12-22 22:23:40,783 epoch 52 - iter 2/29 - loss 0.18176343 - time (sec): 1.15 - samples/sec: 2313.01 - lr: 0.025000 - momentum: 0.000000
2025-12-22 22:23:42,564 epoch 52 - iter 4/29 - loss 0.20051910 - time (sec): 2.93 - samples/sec: 1796.43 - lr: 0.025000 - momentum: 0.000000
2025-12-22 22:23:43,877 epoch 52 - iter 6/29 - loss 0.19124006 - time (sec): 4.24 - samples/sec: 1832.55 - lr: 0.025000 - momentum: 0.000000
2025-12-22 22:23:44,701 epoch 52 - iter 8/29 - loss 0.18989423 - time (sec): 5.07 - samples/sec: 1973.62 - lr: 0.025000 - momentum: 0.000000
2025-12-22 22:23:45,652 epoch 52 - iter 10/29 - loss 0.19082746 - time (sec): 6.02 - samples/sec: 2084.57 - lr: 0.025000 - momentum: 0.000000
2025-12-22 22:23:46,830 epoch 52 - iter 12/29 - loss 0.19211709 - time (sec): 7.19 - samples/sec: 2098.91 - lr: 0.025000 - momentum: 0.000000
2025-12-22 22:23:47,703 epoch 52 - iter 14/29 - loss 0.18820866 - time (sec): 8.07 - samples/sec: 2172.73 - lr: 0.025000 - momentum: 0.000000
2025-12-22 22:23:49,231 epoch 52 - iter 16/29 - loss 0.18980695 - time (sec): 9.60 - samples/sec: 2120.12 - lr: 0.025000 - momentum: 0.000000
2025-12-22 22:23:50,336 epoch 52 - iter 18/29 - loss 0.19008791 - time (sec): 10.70 - samples/sec: 2113.14 - lr: 0.025000 - momentum: 0.000000
2025-12-22 22:23:51,512 epoch 52 - iter 20/29 - loss 0.18851853 - time (sec): 11.88 - samples/sec: 2101.98 - lr: 0.025000 - momentum: 0.000000
2025-12-22 22:23:52,401 epoch 52 - iter 22/29 - loss 0.19020674 - time (sec): 12.77 - samples/sec: 2140.08 - lr: 0.025000 - momentum: 0.000000
2025-12-22 22:23:53,592 epoch 52 - iter 24/29 - loss 0.18958762 - time (sec): 13.96 - samples/sec: 2136.18 - lr: 0.025000 - momentum: 0.000000
2025-12-22 22:23:54,810 epoch 52 - iter 26/29 - loss 0.18937706 - time (sec): 15.18 - samples/sec: 2120.00 - lr: 0.025000 - momentum: 0.000000
2025-12-22 22:23:56,056 epoch 52 - iter 28/29 - loss 0.18823501 - time (sec): 16.42 - samples/sec: 2112.94 - lr: 0.025000 - momentum: 0.000000
2025-12-22 22:23:56,639 ----------------------------------------------------------------------------------------------------
2025-12-22 22:23:56,639 EPOCH 52 done: loss 0.1900 - lr: 0.025000
2025-12-22 22:23:59,496 DEV : loss 0.17928248643875122 - f1-score (micro avg)  0.9476
2025-12-22 22:23:59,500  - 0 epochs without improvement
2025-12-22 22:23:59,501 saving best model
2025-12-22 22:23:59,528 ----------------------------------------------------------------------------------------------------
2025-12-22 22:24:00,821 epoch 53 - iter 2/29 - loss 0.18274740 - time (sec): 1.29 - samples/sec: 1775.02 - lr: 0.025000 - momentum: 0.000000
2025-12-22 22:24:02,084 epoch 53 - iter 4/29 - loss 0.17765213 - time (sec): 2.56 - samples/sec: 1802.86 - lr: 0.025000 - momentum: 0.000000
2025-12-22 22:24:03,549 epoch 53 - iter 6/29 - loss 0.18531976 - time (sec): 4.02 - samples/sec: 1768.83 - lr: 0.025000 - momentum: 0.000000
2025-12-22 22:24:04,635 epoch 53 - iter 8/29 - loss 0.18758756 - time (sec): 5.11 - samples/sec: 1900.24 - lr: 0.025000 - momentum: 0.000000
2025-12-22 22:24:05,995 epoch 53 - iter 10/29 - loss 0.19192837 - time (sec): 6.47 - samples/sec: 1865.73 - lr: 0.025000 - momentum: 0.000000
2025-12-22 22:24:07,507 epoch 53 - iter 12/29 - loss 0.19483214 - time (sec): 7.98 - samples/sec: 1862.53 - lr: 0.025000 - momentum: 0.000000
2025-12-22 22:24:08,631 epoch 53 - iter 14/29 - loss 0.19199699 - time (sec): 9.10 - samples/sec: 1903.12 - lr: 0.025000 - momentum: 0.000000
2025-12-22 22:24:09,972 epoch 53 - iter 16/29 - loss 0.19117561 - time (sec): 10.44 - samples/sec: 1903.55 - lr: 0.025000 - momentum: 0.000000
2025-12-22 22:24:11,160 epoch 53 - iter 18/29 - loss 0.19085615 - time (sec): 11.63 - samples/sec: 1909.73 - lr: 0.025000 - momentum: 0.000000
2025-12-22 22:24:12,243 epoch 53 - iter 20/29 - loss 0.19131833 - time (sec): 12.72 - samples/sec: 1934.87 - lr: 0.025000 - momentum: 0.000000
2025-12-22 22:24:13,413 epoch 53 - iter 22/29 - loss 0.19167307 - time (sec): 13.88 - samples/sec: 1942.72 - lr: 0.025000 - momentum: 0.000000
2025-12-22 22:24:14,226 epoch 53 - iter 24/29 - loss 0.19259477 - time (sec): 14.70 - samples/sec: 1991.51 - lr: 0.025000 - momentum: 0.000000
2025-12-22 22:24:15,214 epoch 53 - iter 26/29 - loss 0.19235519 - time (sec): 15.69 - samples/sec: 2035.32 - lr: 0.025000 - momentum: 0.000000
2025-12-22 22:24:16,381 epoch 53 - iter 28/29 - loss 0.19122856 - time (sec): 16.85 - samples/sec: 2055.41 - lr: 0.025000 - momentum: 0.000000
2025-12-22 22:24:16,814 ----------------------------------------------------------------------------------------------------
2025-12-22 22:24:16,814 EPOCH 53 done: loss 0.1916 - lr: 0.025000
2025-12-22 22:24:19,435 DEV : loss 0.1798967719078064 - f1-score (micro avg)  0.9478
2025-12-22 22:24:19,439  - 0 epochs without improvement
2025-12-22 22:24:19,440 saving best model
2025-12-22 22:24:19,460 ----------------------------------------------------------------------------------------------------
2025-12-22 22:24:20,639 epoch 54 - iter 2/29 - loss 0.18530022 - time (sec): 1.18 - samples/sec: 2143.18 - lr: 0.025000 - momentum: 0.000000
2025-12-22 22:24:22,113 epoch 54 - iter 4/29 - loss 0.17877915 - time (sec): 2.65 - samples/sec: 1888.96 - lr: 0.025000 - momentum: 0.000000
2025-12-22 22:24:23,377 epoch 54 - iter 6/29 - loss 0.17807705 - time (sec): 3.92 - samples/sec: 1966.67 - lr: 0.025000 - momentum: 0.000000
2025-12-22 22:24:24,556 epoch 54 - iter 8/29 - loss 0.18078941 - time (sec): 5.10 - samples/sec: 1987.53 - lr: 0.025000 - momentum: 0.000000
2025-12-22 22:24:25,784 epoch 54 - iter 10/29 - loss 0.17722854 - time (sec): 6.32 - samples/sec: 2001.82 - lr: 0.025000 - momentum: 0.000000
2025-12-22 22:24:26,771 epoch 54 - iter 12/29 - loss 0.17949004 - time (sec): 7.31 - samples/sec: 2065.27 - lr: 0.025000 - momentum: 0.000000
2025-12-22 22:24:28,150 epoch 54 - iter 14/29 - loss 0.18049249 - time (sec): 8.69 - samples/sec: 2049.62 - lr: 0.025000 - momentum: 0.000000
2025-12-22 22:24:29,112 epoch 54 - iter 16/29 - loss 0.18068278 - time (sec): 9.65 - samples/sec: 2102.24 - lr: 0.025000 - momentum: 0.000000
2025-12-22 22:24:30,265 epoch 54 - iter 18/29 - loss 0.18042182 - time (sec): 10.80 - samples/sec: 2121.18 - lr: 0.025000 - momentum: 0.000000
2025-12-22 22:24:31,280 epoch 54 - iter 20/29 - loss 0.18146988 - time (sec): 11.82 - samples/sec: 2131.58 - lr: 0.025000 - momentum: 0.000000
2025-12-22 22:24:32,265 epoch 54 - iter 22/29 - loss 0.18362448 - time (sec): 12.80 - samples/sec: 2159.44 - lr: 0.025000 - momentum: 0.000000
2025-12-22 22:24:33,534 epoch 54 - iter 24/29 - loss 0.18310638 - time (sec): 14.07 - samples/sec: 2123.74 - lr: 0.025000 - momentum: 0.000000
2025-12-22 22:24:34,568 epoch 54 - iter 26/29 - loss 0.18265987 - time (sec): 15.11 - samples/sec: 2139.70 - lr: 0.025000 - momentum: 0.000000
2025-12-22 22:24:35,567 epoch 54 - iter 28/29 - loss 0.18281893 - time (sec): 16.11 - samples/sec: 2160.64 - lr: 0.025000 - momentum: 0.000000
2025-12-22 22:24:35,948 ----------------------------------------------------------------------------------------------------
2025-12-22 22:24:35,948 EPOCH 54 done: loss 0.1842 - lr: 0.025000
2025-12-22 22:24:38,781 DEV : loss 0.1771286427974701 - f1-score (micro avg)  0.9486
2025-12-22 22:24:38,785  - 0 epochs without improvement
2025-12-22 22:24:38,786 saving best model
2025-12-22 22:24:38,813 ----------------------------------------------------------------------------------------------------
2025-12-22 22:24:39,851 epoch 55 - iter 2/29 - loss 0.16211427 - time (sec): 1.04 - samples/sec: 2690.79 - lr: 0.025000 - momentum: 0.000000
2025-12-22 22:24:40,776 epoch 55 - iter 4/29 - loss 0.17485553 - time (sec): 1.96 - samples/sec: 2690.32 - lr: 0.025000 - momentum: 0.000000
2025-12-22 22:24:42,187 epoch 55 - iter 6/29 - loss 0.18623854 - time (sec): 3.37 - samples/sec: 2251.48 - lr: 0.025000 - momentum: 0.000000
2025-12-22 22:24:43,318 epoch 55 - iter 8/29 - loss 0.18746083 - time (sec): 4.50 - samples/sec: 2241.42 - lr: 0.025000 - momentum: 0.000000
2025-12-22 22:24:44,337 epoch 55 - iter 10/29 - loss 0.18237018 - time (sec): 5.52 - samples/sec: 2250.01 - lr: 0.025000 - momentum: 0.000000
2025-12-22 22:24:45,350 epoch 55 - iter 12/29 - loss 0.18310953 - time (sec): 6.54 - samples/sec: 2263.55 - lr: 0.025000 - momentum: 0.000000
2025-12-22 22:24:46,276 epoch 55 - iter 14/29 - loss 0.18390643 - time (sec): 7.46 - samples/sec: 2295.36 - lr: 0.025000 - momentum: 0.000000
2025-12-22 22:24:47,989 epoch 55 - iter 16/29 - loss 0.18620193 - time (sec): 9.18 - samples/sec: 2131.52 - lr: 0.025000 - momentum: 0.000000
2025-12-22 22:24:49,406 epoch 55 - iter 18/29 - loss 0.18317049 - time (sec): 10.59 - samples/sec: 2095.56 - lr: 0.025000 - momentum: 0.000000
2025-12-22 22:24:51,093 epoch 55 - iter 20/29 - loss 0.18334742 - time (sec): 12.28 - samples/sec: 2042.00 - lr: 0.025000 - momentum: 0.000000
2025-12-22 22:24:52,454 epoch 55 - iter 22/29 - loss 0.18507504 - time (sec): 13.64 - samples/sec: 2043.85 - lr: 0.025000 - momentum: 0.000000
2025-12-22 22:24:53,620 epoch 55 - iter 24/29 - loss 0.18649457 - time (sec): 14.81 - samples/sec: 2040.11 - lr: 0.025000 - momentum: 0.000000
2025-12-22 22:24:54,492 epoch 55 - iter 26/29 - loss 0.18475666 - time (sec): 15.68 - samples/sec: 2066.23 - lr: 0.025000 - momentum: 0.000000
2025-12-22 22:24:55,695 epoch 55 - iter 28/29 - loss 0.18593810 - time (sec): 16.88 - samples/sec: 2059.99 - lr: 0.025000 - momentum: 0.000000
2025-12-22 22:24:56,169 ----------------------------------------------------------------------------------------------------
2025-12-22 22:24:56,169 EPOCH 55 done: loss 0.1860 - lr: 0.025000
2025-12-22 22:24:59,344 DEV : loss 0.1782030314207077 - f1-score (micro avg)  0.9487
2025-12-22 22:24:59,348  - 0 epochs without improvement
2025-12-22 22:24:59,350 saving best model
2025-12-22 22:24:59,387 ----------------------------------------------------------------------------------------------------
2025-12-22 22:25:00,533 epoch 56 - iter 2/29 - loss 0.18394654 - time (sec): 1.14 - samples/sec: 2274.18 - lr: 0.025000 - momentum: 0.000000
2025-12-22 22:25:01,743 epoch 56 - iter 4/29 - loss 0.19148914 - time (sec): 2.35 - samples/sec: 2217.46 - lr: 0.025000 - momentum: 0.000000
2025-12-22 22:25:02,941 epoch 56 - iter 6/29 - loss 0.18518828 - time (sec): 3.55 - samples/sec: 2233.80 - lr: 0.025000 - momentum: 0.000000
2025-12-22 22:25:03,862 epoch 56 - iter 8/29 - loss 0.17999657 - time (sec): 4.47 - samples/sec: 2278.84 - lr: 0.025000 - momentum: 0.000000
2025-12-22 22:25:04,944 epoch 56 - iter 10/29 - loss 0.17802828 - time (sec): 5.55 - samples/sec: 2263.07 - lr: 0.025000 - momentum: 0.000000
2025-12-22 22:25:05,838 epoch 56 - iter 12/29 - loss 0.17900578 - time (sec): 6.45 - samples/sec: 2282.30 - lr: 0.025000 - momentum: 0.000000
2025-12-22 22:25:06,916 epoch 56 - iter 14/29 - loss 0.17956214 - time (sec): 7.53 - samples/sec: 2296.54 - lr: 0.025000 - momentum: 0.000000
2025-12-22 22:25:08,495 epoch 56 - iter 16/29 - loss 0.17895211 - time (sec): 9.10 - samples/sec: 2197.80 - lr: 0.025000 - momentum: 0.000000
2025-12-22 22:25:09,620 epoch 56 - iter 18/29 - loss 0.17934580 - time (sec): 10.23 - samples/sec: 2187.04 - lr: 0.025000 - momentum: 0.000000
2025-12-22 22:25:10,976 epoch 56 - iter 20/29 - loss 0.18239004 - time (sec): 11.59 - samples/sec: 2149.42 - lr: 0.025000 - momentum: 0.000000
2025-12-22 22:25:11,946 epoch 56 - iter 22/29 - loss 0.18280080 - time (sec): 12.56 - samples/sec: 2165.72 - lr: 0.025000 - momentum: 0.000000
2025-12-22 22:25:13,141 epoch 56 - iter 24/29 - loss 0.18326598 - time (sec): 13.75 - samples/sec: 2157.63 - lr: 0.025000 - momentum: 0.000000
2025-12-22 22:25:14,338 epoch 56 - iter 26/29 - loss 0.18439730 - time (sec): 14.95 - samples/sec: 2158.32 - lr: 0.025000 - momentum: 0.000000
2025-12-22 22:25:15,609 epoch 56 - iter 28/29 - loss 0.18520554 - time (sec): 16.22 - samples/sec: 2136.82 - lr: 0.025000 - momentum: 0.000000
2025-12-22 22:25:16,095 ----------------------------------------------------------------------------------------------------
2025-12-22 22:25:16,095 EPOCH 56 done: loss 0.1857 - lr: 0.025000
2025-12-22 22:25:18,793 DEV : loss 0.1775018721818924 - f1-score (micro avg)  0.9491
2025-12-22 22:25:18,796  - 0 epochs without improvement
2025-12-22 22:25:18,797 saving best model
2025-12-22 22:25:18,824 ----------------------------------------------------------------------------------------------------
2025-12-22 22:25:20,034 epoch 57 - iter 2/29 - loss 0.18213505 - time (sec): 1.21 - samples/sec: 2104.11 - lr: 0.025000 - momentum: 0.000000
2025-12-22 22:25:21,567 epoch 57 - iter 4/29 - loss 0.18994744 - time (sec): 2.74 - samples/sec: 1770.15 - lr: 0.025000 - momentum: 0.000000
2025-12-22 22:25:22,721 epoch 57 - iter 6/29 - loss 0.18748706 - time (sec): 3.90 - samples/sec: 1859.16 - lr: 0.025000 - momentum: 0.000000
2025-12-22 22:25:24,683 epoch 57 - iter 8/29 - loss 0.18491419 - time (sec): 5.86 - samples/sec: 1708.07 - lr: 0.025000 - momentum: 0.000000
2025-12-22 22:25:25,849 epoch 57 - iter 10/29 - loss 0.18211161 - time (sec): 7.02 - samples/sec: 1784.01 - lr: 0.025000 - momentum: 0.000000
2025-12-22 22:25:27,165 epoch 57 - iter 12/29 - loss 0.17989913 - time (sec): 8.34 - samples/sec: 1794.25 - lr: 0.025000 - momentum: 0.000000
2025-12-22 22:25:28,456 epoch 57 - iter 14/29 - loss 0.17891473 - time (sec): 9.63 - samples/sec: 1827.94 - lr: 0.025000 - momentum: 0.000000
2025-12-22 22:25:29,618 epoch 57 - iter 16/29 - loss 0.18126567 - time (sec): 10.79 - samples/sec: 1862.19 - lr: 0.025000 - momentum: 0.000000
2025-12-22 22:25:30,971 epoch 57 - iter 18/29 - loss 0.18445741 - time (sec): 12.15 - samples/sec: 1874.26 - lr: 0.025000 - momentum: 0.000000
2025-12-22 22:25:32,367 epoch 57 - iter 20/29 - loss 0.18502203 - time (sec): 13.54 - samples/sec: 1850.79 - lr: 0.025000 - momentum: 0.000000
2025-12-22 22:25:33,421 epoch 57 - iter 22/29 - loss 0.18295834 - time (sec): 14.60 - samples/sec: 1890.10 - lr: 0.025000 - momentum: 0.000000
2025-12-22 22:25:34,551 epoch 57 - iter 24/29 - loss 0.18197031 - time (sec): 15.73 - samples/sec: 1907.19 - lr: 0.025000 - momentum: 0.000000
2025-12-22 22:25:35,593 epoch 57 - iter 26/29 - loss 0.18325345 - time (sec): 16.77 - samples/sec: 1935.27 - lr: 0.025000 - momentum: 0.000000
2025-12-22 22:25:36,637 epoch 57 - iter 28/29 - loss 0.18294472 - time (sec): 17.81 - samples/sec: 1960.06 - lr: 0.025000 - momentum: 0.000000
2025-12-22 22:25:37,029 ----------------------------------------------------------------------------------------------------
2025-12-22 22:25:37,029 EPOCH 57 done: loss 0.1836 - lr: 0.025000
2025-12-22 22:25:40,246 DEV : loss 0.1778840720653534 - f1-score (micro avg)  0.9486
2025-12-22 22:25:40,250  - 1 epochs without improvement
2025-12-22 22:25:40,250 ----------------------------------------------------------------------------------------------------
2025-12-22 22:25:41,786 epoch 58 - iter 2/29 - loss 0.17735663 - time (sec): 1.53 - samples/sec: 1669.33 - lr: 0.025000 - momentum: 0.000000
2025-12-22 22:25:43,031 epoch 58 - iter 4/29 - loss 0.18773542 - time (sec): 2.78 - samples/sec: 1783.00 - lr: 0.025000 - momentum: 0.000000
2025-12-22 22:25:44,589 epoch 58 - iter 6/29 - loss 0.18052775 - time (sec): 4.34 - samples/sec: 1801.71 - lr: 0.025000 - momentum: 0.000000
2025-12-22 22:25:45,691 epoch 58 - iter 8/29 - loss 0.17457548 - time (sec): 5.44 - samples/sec: 1860.85 - lr: 0.025000 - momentum: 0.000000
2025-12-22 22:25:46,873 epoch 58 - iter 10/29 - loss 0.17651970 - time (sec): 6.62 - samples/sec: 1906.88 - lr: 0.025000 - momentum: 0.000000
2025-12-22 22:25:47,805 epoch 58 - iter 12/29 - loss 0.17580183 - time (sec): 7.55 - samples/sec: 1959.95 - lr: 0.025000 - momentum: 0.000000
2025-12-22 22:25:49,192 epoch 58 - iter 14/29 - loss 0.17498072 - time (sec): 8.94 - samples/sec: 1930.75 - lr: 0.025000 - momentum: 0.000000
2025-12-22 22:25:50,485 epoch 58 - iter 16/29 - loss 0.17501807 - time (sec): 10.23 - samples/sec: 1954.59 - lr: 0.025000 - momentum: 0.000000
2025-12-22 22:25:51,536 epoch 58 - iter 18/29 - loss 0.18039330 - time (sec): 11.29 - samples/sec: 1973.76 - lr: 0.025000 - momentum: 0.000000
2025-12-22 22:25:52,613 epoch 58 - iter 20/29 - loss 0.18103918 - time (sec): 12.36 - samples/sec: 1986.64 - lr: 0.025000 - momentum: 0.000000
2025-12-22 22:25:53,977 epoch 58 - iter 22/29 - loss 0.18298776 - time (sec): 13.72 - samples/sec: 1971.08 - lr: 0.025000 - momentum: 0.000000
2025-12-22 22:25:55,284 epoch 58 - iter 24/29 - loss 0.18494134 - time (sec): 15.03 - samples/sec: 1985.28 - lr: 0.025000 - momentum: 0.000000
2025-12-22 22:25:56,580 epoch 58 - iter 26/29 - loss 0.18474779 - time (sec): 16.33 - samples/sec: 1972.01 - lr: 0.025000 - momentum: 0.000000
2025-12-22 22:25:57,935 epoch 58 - iter 28/29 - loss 0.18404453 - time (sec): 17.68 - samples/sec: 1955.34 - lr: 0.025000 - momentum: 0.000000
2025-12-22 22:25:58,383 ----------------------------------------------------------------------------------------------------
2025-12-22 22:25:58,383 EPOCH 58 done: loss 0.1848 - lr: 0.025000
2025-12-22 22:26:01,503 DEV : loss 0.17668059468269348 - f1-score (micro avg)  0.9488
2025-12-22 22:26:01,508  - 2 epochs without improvement
2025-12-22 22:26:01,509 ----------------------------------------------------------------------------------------------------
2025-12-22 22:26:02,842 epoch 59 - iter 2/29 - loss 0.17904669 - time (sec): 1.33 - samples/sec: 1885.69 - lr: 0.025000 - momentum: 0.000000
2025-12-22 22:26:04,265 epoch 59 - iter 4/29 - loss 0.17794948 - time (sec): 2.76 - samples/sec: 1959.20 - lr: 0.025000 - momentum: 0.000000
2025-12-22 22:26:05,485 epoch 59 - iter 6/29 - loss 0.17182301 - time (sec): 3.97 - samples/sec: 2003.53 - lr: 0.025000 - momentum: 0.000000
2025-12-22 22:26:06,717 epoch 59 - iter 8/29 - loss 0.17305735 - time (sec): 5.21 - samples/sec: 2000.99 - lr: 0.025000 - momentum: 0.000000
2025-12-22 22:26:08,177 epoch 59 - iter 10/29 - loss 0.18199152 - time (sec): 6.67 - samples/sec: 1939.65 - lr: 0.025000 - momentum: 0.000000
2025-12-22 22:26:09,585 epoch 59 - iter 12/29 - loss 0.17947487 - time (sec): 8.08 - samples/sec: 1927.51 - lr: 0.025000 - momentum: 0.000000
2025-12-22 22:26:10,661 epoch 59 - iter 14/29 - loss 0.17975407 - time (sec): 9.15 - samples/sec: 1952.45 - lr: 0.025000 - momentum: 0.000000
2025-12-22 22:26:11,677 epoch 59 - iter 16/29 - loss 0.17914243 - time (sec): 10.17 - samples/sec: 1983.79 - lr: 0.025000 - momentum: 0.000000
2025-12-22 22:26:12,695 epoch 59 - iter 18/29 - loss 0.18154138 - time (sec): 11.19 - samples/sec: 2001.39 - lr: 0.025000 - momentum: 0.000000
2025-12-22 22:26:13,662 epoch 59 - iter 20/29 - loss 0.18275036 - time (sec): 12.15 - samples/sec: 2035.89 - lr: 0.025000 - momentum: 0.000000
2025-12-22 22:26:14,820 epoch 59 - iter 22/29 - loss 0.18305245 - time (sec): 13.31 - samples/sec: 2052.01 - lr: 0.025000 - momentum: 0.000000
2025-12-22 22:26:15,963 epoch 59 - iter 24/29 - loss 0.18455631 - time (sec): 14.45 - samples/sec: 2065.27 - lr: 0.025000 - momentum: 0.000000
2025-12-22 22:26:17,189 epoch 59 - iter 26/29 - loss 0.18514328 - time (sec): 15.68 - samples/sec: 2064.53 - lr: 0.025000 - momentum: 0.000000
2025-12-22 22:26:18,323 epoch 59 - iter 28/29 - loss 0.18480276 - time (sec): 16.81 - samples/sec: 2073.12 - lr: 0.025000 - momentum: 0.000000
2025-12-22 22:26:18,706 ----------------------------------------------------------------------------------------------------
2025-12-22 22:26:18,706 EPOCH 59 done: loss 0.1846 - lr: 0.025000
2025-12-22 22:26:21,480 DEV : loss 0.17742544412612915 - f1-score (micro avg)  0.9481
2025-12-22 22:26:21,485  - 3 epochs without improvement
2025-12-22 22:26:21,485 ----------------------------------------------------------------------------------------------------
2025-12-22 22:26:22,681 epoch 60 - iter 2/29 - loss 0.15909211 - time (sec): 1.20 - samples/sec: 1986.86 - lr: 0.025000 - momentum: 0.000000
2025-12-22 22:26:24,489 epoch 60 - iter 4/29 - loss 0.17381443 - time (sec): 3.00 - samples/sec: 1757.23 - lr: 0.025000 - momentum: 0.000000
2025-12-22 22:26:25,597 epoch 60 - iter 6/29 - loss 0.17553560 - time (sec): 4.11 - samples/sec: 1849.74 - lr: 0.025000 - momentum: 0.000000
2025-12-22 22:26:26,886 epoch 60 - iter 8/29 - loss 0.17009339 - time (sec): 5.40 - samples/sec: 1866.31 - lr: 0.025000 - momentum: 0.000000
2025-12-22 22:26:28,190 epoch 60 - iter 10/29 - loss 0.17139732 - time (sec): 6.70 - samples/sec: 1903.14 - lr: 0.025000 - momentum: 0.000000
2025-12-22 22:26:29,751 epoch 60 - iter 12/29 - loss 0.16642550 - time (sec): 8.26 - samples/sec: 1847.68 - lr: 0.025000 - momentum: 0.000000
2025-12-22 22:26:30,913 epoch 60 - iter 14/29 - loss 0.16947679 - time (sec): 9.43 - samples/sec: 1885.91 - lr: 0.025000 - momentum: 0.000000
2025-12-22 22:26:32,094 epoch 60 - iter 16/29 - loss 0.17252968 - time (sec): 10.61 - samples/sec: 1888.77 - lr: 0.025000 - momentum: 0.000000
2025-12-22 22:26:33,171 epoch 60 - iter 18/29 - loss 0.17440374 - time (sec): 11.69 - samples/sec: 1915.34 - lr: 0.025000 - momentum: 0.000000
2025-12-22 22:26:34,169 epoch 60 - iter 20/29 - loss 0.17417646 - time (sec): 12.68 - samples/sec: 1933.87 - lr: 0.025000 - momentum: 0.000000
2025-12-22 22:26:35,260 epoch 60 - iter 22/29 - loss 0.17505241 - time (sec): 13.77 - samples/sec: 1971.69 - lr: 0.025000 - momentum: 0.000000
2025-12-22 22:26:36,408 epoch 60 - iter 24/29 - loss 0.17552384 - time (sec): 14.92 - samples/sec: 1991.53 - lr: 0.025000 - momentum: 0.000000
2025-12-22 22:26:37,586 epoch 60 - iter 26/29 - loss 0.17669472 - time (sec): 16.10 - samples/sec: 2019.90 - lr: 0.025000 - momentum: 0.000000
2025-12-22 22:26:38,708 epoch 60 - iter 28/29 - loss 0.17693509 - time (sec): 17.22 - samples/sec: 2026.02 - lr: 0.025000 - momentum: 0.000000
2025-12-22 22:26:39,086 ----------------------------------------------------------------------------------------------------
2025-12-22 22:26:39,086 EPOCH 60 done: loss 0.1769 - lr: 0.025000
2025-12-22 22:26:41,794 DEV : loss 0.17701585590839386 - f1-score (micro avg)  0.9489
2025-12-22 22:26:41,798  - 4 epochs without improvement (above 'patience')-> annealing learning_rate to [0.0125]
2025-12-22 22:26:41,799 ----------------------------------------------------------------------------------------------------
2025-12-22 22:26:42,914 epoch 61 - iter 2/29 - loss 0.21119954 - time (sec): 1.11 - samples/sec: 2264.15 - lr: 0.012500 - momentum: 0.000000
2025-12-22 22:26:44,066 epoch 61 - iter 4/29 - loss 0.19874770 - time (sec): 2.27 - samples/sec: 2200.89 - lr: 0.012500 - momentum: 0.000000
2025-12-22 22:26:45,039 epoch 61 - iter 6/29 - loss 0.18386334 - time (sec): 3.24 - samples/sec: 2259.64 - lr: 0.012500 - momentum: 0.000000
2025-12-22 22:26:46,027 epoch 61 - iter 8/29 - loss 0.18240722 - time (sec): 4.23 - samples/sec: 2291.58 - lr: 0.012500 - momentum: 0.000000
2025-12-22 22:26:46,963 epoch 61 - iter 10/29 - loss 0.17958522 - time (sec): 5.16 - samples/sec: 2350.44 - lr: 0.012500 - momentum: 0.000000
2025-12-22 22:26:47,943 epoch 61 - iter 12/29 - loss 0.17807899 - time (sec): 6.14 - samples/sec: 2338.97 - lr: 0.012500 - momentum: 0.000000
2025-12-22 22:26:49,153 epoch 61 - iter 14/29 - loss 0.18001457 - time (sec): 7.35 - samples/sec: 2338.30 - lr: 0.012500 - momentum: 0.000000
2025-12-22 22:26:50,163 epoch 61 - iter 16/29 - loss 0.17887960 - time (sec): 8.36 - samples/sec: 2332.48 - lr: 0.012500 - momentum: 0.000000
2025-12-22 22:26:51,439 epoch 61 - iter 18/29 - loss 0.17919762 - time (sec): 9.64 - samples/sec: 2281.13 - lr: 0.012500 - momentum: 0.000000
2025-12-22 22:26:52,635 epoch 61 - iter 20/29 - loss 0.17775298 - time (sec): 10.84 - samples/sec: 2272.18 - lr: 0.012500 - momentum: 0.000000
2025-12-22 22:26:54,025 epoch 61 - iter 22/29 - loss 0.17871619 - time (sec): 12.23 - samples/sec: 2220.84 - lr: 0.012500 - momentum: 0.000000
2025-12-22 22:26:55,294 epoch 61 - iter 24/29 - loss 0.17865484 - time (sec): 13.49 - samples/sec: 2199.30 - lr: 0.012500 - momentum: 0.000000
2025-12-22 22:26:56,256 epoch 61 - iter 26/29 - loss 0.17779769 - time (sec): 14.46 - samples/sec: 2220.07 - lr: 0.012500 - momentum: 0.000000
2025-12-22 22:26:57,552 epoch 61 - iter 28/29 - loss 0.17788845 - time (sec): 15.75 - samples/sec: 2197.33 - lr: 0.012500 - momentum: 0.000000
2025-12-22 22:26:58,086 ----------------------------------------------------------------------------------------------------
2025-12-22 22:26:58,086 EPOCH 61 done: loss 0.1777 - lr: 0.012500
2025-12-22 22:27:01,326 DEV : loss 0.17600274085998535 - f1-score (micro avg)  0.9497
2025-12-22 22:27:01,330  - 0 epochs without improvement
2025-12-22 22:27:01,331 saving best model
2025-12-22 22:27:01,360 ----------------------------------------------------------------------------------------------------
2025-12-22 22:27:02,449 epoch 62 - iter 2/29 - loss 0.15907952 - time (sec): 1.09 - samples/sec: 2068.43 - lr: 0.012500 - momentum: 0.000000
2025-12-22 22:27:03,814 epoch 62 - iter 4/29 - loss 0.15399678 - time (sec): 2.45 - samples/sec: 2009.67 - lr: 0.012500 - momentum: 0.000000
2025-12-22 22:27:04,798 epoch 62 - iter 6/29 - loss 0.16805095 - time (sec): 3.44 - samples/sec: 2128.61 - lr: 0.012500 - momentum: 0.000000
2025-12-22 22:27:05,824 epoch 62 - iter 8/29 - loss 0.16538077 - time (sec): 4.46 - samples/sec: 2180.54 - lr: 0.012500 - momentum: 0.000000
2025-12-22 22:27:06,958 epoch 62 - iter 10/29 - loss 0.16456582 - time (sec): 5.60 - samples/sec: 2187.08 - lr: 0.012500 - momentum: 0.000000
2025-12-22 22:27:08,272 epoch 62 - iter 12/29 - loss 0.16457705 - time (sec): 6.91 - samples/sec: 2119.59 - lr: 0.012500 - momentum: 0.000000
2025-12-22 22:27:09,516 epoch 62 - iter 14/29 - loss 0.16837855 - time (sec): 8.16 - samples/sec: 2107.07 - lr: 0.012500 - momentum: 0.000000
2025-12-22 22:27:10,767 epoch 62 - iter 16/29 - loss 0.16746026 - time (sec): 9.41 - samples/sec: 2090.75 - lr: 0.012500 - momentum: 0.000000
2025-12-22 22:27:12,164 epoch 62 - iter 18/29 - loss 0.16797370 - time (sec): 10.80 - samples/sec: 2082.10 - lr: 0.012500 - momentum: 0.000000
2025-12-22 22:27:13,345 epoch 62 - iter 20/29 - loss 0.17093595 - time (sec): 11.98 - samples/sec: 2089.66 - lr: 0.012500 - momentum: 0.000000
2025-12-22 22:27:14,626 epoch 62 - iter 22/29 - loss 0.17341937 - time (sec): 13.27 - samples/sec: 2081.81 - lr: 0.012500 - momentum: 0.000000
2025-12-22 22:27:15,729 epoch 62 - iter 24/29 - loss 0.17531536 - time (sec): 14.37 - samples/sec: 2082.22 - lr: 0.012500 - momentum: 0.000000
2025-12-22 22:27:16,920 epoch 62 - iter 26/29 - loss 0.17440603 - time (sec): 15.56 - samples/sec: 2085.81 - lr: 0.012500 - momentum: 0.000000
2025-12-22 22:27:18,016 epoch 62 - iter 28/29 - loss 0.17343397 - time (sec): 16.66 - samples/sec: 2081.85 - lr: 0.012500 - momentum: 0.000000
2025-12-22 22:27:18,435 ----------------------------------------------------------------------------------------------------
2025-12-22 22:27:18,435 EPOCH 62 done: loss 0.1743 - lr: 0.012500
2025-12-22 22:27:21,239 DEV : loss 0.17848271131515503 - f1-score (micro avg)  0.9486
2025-12-22 22:27:21,242  - 1 epochs without improvement
2025-12-22 22:27:21,243 ----------------------------------------------------------------------------------------------------
2025-12-22 22:27:22,048 epoch 63 - iter 2/29 - loss 0.15737445 - time (sec): 0.80 - samples/sec: 2733.62 - lr: 0.012500 - momentum: 0.000000
2025-12-22 22:27:23,353 epoch 63 - iter 4/29 - loss 0.17420101 - time (sec): 2.11 - samples/sec: 2108.12 - lr: 0.012500 - momentum: 0.000000
2025-12-22 22:27:24,554 epoch 63 - iter 6/29 - loss 0.16975974 - time (sec): 3.31 - samples/sec: 2039.30 - lr: 0.012500 - momentum: 0.000000
2025-12-22 22:27:25,634 epoch 63 - iter 8/29 - loss 0.17377502 - time (sec): 4.39 - samples/sec: 2148.65 - lr: 0.012500 - momentum: 0.000000
2025-12-22 22:27:26,598 epoch 63 - iter 10/29 - loss 0.16891686 - time (sec): 5.35 - samples/sec: 2185.83 - lr: 0.012500 - momentum: 0.000000
2025-12-22 22:27:27,743 epoch 63 - iter 12/29 - loss 0.17224081 - time (sec): 6.50 - samples/sec: 2161.63 - lr: 0.012500 - momentum: 0.000000
2025-12-22 22:27:28,990 epoch 63 - iter 14/29 - loss 0.17292381 - time (sec): 7.75 - samples/sec: 2179.31 - lr: 0.012500 - momentum: 0.000000
2025-12-22 22:27:30,239 epoch 63 - iter 16/29 - loss 0.17343650 - time (sec): 9.00 - samples/sec: 2189.05 - lr: 0.012500 - momentum: 0.000000
2025-12-22 22:27:31,369 epoch 63 - iter 18/29 - loss 0.17436819 - time (sec): 10.13 - samples/sec: 2178.36 - lr: 0.012500 - momentum: 0.000000
2025-12-22 22:27:32,515 epoch 63 - iter 20/29 - loss 0.17180303 - time (sec): 11.27 - samples/sec: 2190.82 - lr: 0.012500 - momentum: 0.000000
2025-12-22 22:27:33,524 epoch 63 - iter 22/29 - loss 0.17223312 - time (sec): 12.28 - samples/sec: 2204.01 - lr: 0.012500 - momentum: 0.000000
2025-12-22 22:27:34,582 epoch 63 - iter 24/29 - loss 0.17422191 - time (sec): 13.34 - samples/sec: 2203.86 - lr: 0.012500 - momentum: 0.000000
2025-12-22 22:27:35,952 epoch 63 - iter 26/29 - loss 0.17407578 - time (sec): 14.71 - samples/sec: 2170.87 - lr: 0.012500 - momentum: 0.000000
2025-12-22 22:27:37,277 epoch 63 - iter 28/29 - loss 0.17528916 - time (sec): 16.03 - samples/sec: 2169.22 - lr: 0.012500 - momentum: 0.000000
2025-12-22 22:27:37,654 ----------------------------------------------------------------------------------------------------
2025-12-22 22:27:37,654 EPOCH 63 done: loss 0.1754 - lr: 0.012500
2025-12-22 22:27:40,124 DEV : loss 0.17704111337661743 - f1-score (micro avg)  0.9487
2025-12-22 22:27:40,128  - 2 epochs without improvement
2025-12-22 22:27:40,129 ----------------------------------------------------------------------------------------------------
2025-12-22 22:27:41,296 epoch 64 - iter 2/29 - loss 0.19003588 - time (sec): 1.17 - samples/sec: 1998.97 - lr: 0.012500 - momentum: 0.000000
2025-12-22 22:27:42,330 epoch 64 - iter 4/29 - loss 0.18147820 - time (sec): 2.20 - samples/sec: 2180.68 - lr: 0.012500 - momentum: 0.000000
2025-12-22 22:27:43,457 epoch 64 - iter 6/29 - loss 0.18057920 - time (sec): 3.33 - samples/sec: 2123.61 - lr: 0.012500 - momentum: 0.000000
2025-12-22 22:27:44,422 epoch 64 - iter 8/29 - loss 0.17979026 - time (sec): 4.29 - samples/sec: 2269.09 - lr: 0.012500 - momentum: 0.000000
2025-12-22 22:27:45,653 epoch 64 - iter 10/29 - loss 0.17684170 - time (sec): 5.52 - samples/sec: 2269.93 - lr: 0.012500 - momentum: 0.000000
2025-12-22 22:27:46,663 epoch 64 - iter 12/29 - loss 0.17753591 - time (sec): 6.53 - samples/sec: 2292.39 - lr: 0.012500 - momentum: 0.000000
2025-12-22 22:27:47,708 epoch 64 - iter 14/29 - loss 0.17924420 - time (sec): 7.58 - samples/sec: 2286.33 - lr: 0.012500 - momentum: 0.000000
2025-12-22 22:27:49,221 epoch 64 - iter 16/29 - loss 0.17969244 - time (sec): 9.09 - samples/sec: 2197.03 - lr: 0.012500 - momentum: 0.000000
2025-12-22 22:27:50,480 epoch 64 - iter 18/29 - loss 0.17920471 - time (sec): 10.35 - samples/sec: 2180.45 - lr: 0.012500 - momentum: 0.000000
2025-12-22 22:27:51,602 epoch 64 - iter 20/29 - loss 0.17902905 - time (sec): 11.47 - samples/sec: 2171.94 - lr: 0.012500 - momentum: 0.000000
2025-12-22 22:27:52,770 epoch 64 - iter 22/29 - loss 0.17838522 - time (sec): 12.64 - samples/sec: 2180.60 - lr: 0.012500 - momentum: 0.000000
2025-12-22 22:27:53,900 epoch 64 - iter 24/29 - loss 0.17708464 - time (sec): 13.77 - samples/sec: 2175.79 - lr: 0.012500 - momentum: 0.000000
2025-12-22 22:27:55,034 epoch 64 - iter 26/29 - loss 0.17658541 - time (sec): 14.90 - samples/sec: 2179.50 - lr: 0.012500 - momentum: 0.000000
2025-12-22 22:27:56,162 epoch 64 - iter 28/29 - loss 0.17683979 - time (sec): 16.03 - samples/sec: 2167.48 - lr: 0.012500 - momentum: 0.000000
2025-12-22 22:27:56,550 ----------------------------------------------------------------------------------------------------
2025-12-22 22:27:56,550 EPOCH 64 done: loss 0.1768 - lr: 0.012500
2025-12-22 22:27:59,409 DEV : loss 0.177863210439682 - f1-score (micro avg)  0.9484
2025-12-22 22:27:59,413  - 3 epochs without improvement
2025-12-22 22:27:59,414 ----------------------------------------------------------------------------------------------------
2025-12-22 22:28:00,966 epoch 65 - iter 2/29 - loss 0.15400500 - time (sec): 1.55 - samples/sec: 1776.82 - lr: 0.012500 - momentum: 0.000000
2025-12-22 22:28:01,978 epoch 65 - iter 4/29 - loss 0.17203173 - time (sec): 2.56 - samples/sec: 2050.74 - lr: 0.012500 - momentum: 0.000000
2025-12-22 22:28:02,984 epoch 65 - iter 6/29 - loss 0.17443140 - time (sec): 3.57 - samples/sec: 2139.94 - lr: 0.012500 - momentum: 0.000000
2025-12-22 22:28:03,926 epoch 65 - iter 8/29 - loss 0.17563409 - time (sec): 4.51 - samples/sec: 2207.72 - lr: 0.012500 - momentum: 0.000000
2025-12-22 22:28:05,059 epoch 65 - iter 10/29 - loss 0.17686341 - time (sec): 5.65 - samples/sec: 2209.80 - lr: 0.012500 - momentum: 0.000000
2025-12-22 22:28:06,294 epoch 65 - iter 12/29 - loss 0.17767980 - time (sec): 6.88 - samples/sec: 2202.81 - lr: 0.012500 - momentum: 0.000000
2025-12-22 22:28:07,527 epoch 65 - iter 14/29 - loss 0.17993196 - time (sec): 8.11 - samples/sec: 2179.97 - lr: 0.012500 - momentum: 0.000000
2025-12-22 22:28:08,648 epoch 65 - iter 16/29 - loss 0.18050297 - time (sec): 9.23 - samples/sec: 2178.24 - lr: 0.012500 - momentum: 0.000000
2025-12-22 22:28:09,978 epoch 65 - iter 18/29 - loss 0.17738660 - time (sec): 10.56 - samples/sec: 2147.69 - lr: 0.012500 - momentum: 0.000000
2025-12-22 22:28:10,900 epoch 65 - iter 20/29 - loss 0.17654880 - time (sec): 11.49 - samples/sec: 2177.46 - lr: 0.012500 - momentum: 0.000000
2025-12-22 22:28:11,978 epoch 65 - iter 22/29 - loss 0.17812960 - time (sec): 12.56 - samples/sec: 2172.92 - lr: 0.012500 - momentum: 0.000000
2025-12-22 22:28:13,039 epoch 65 - iter 24/29 - loss 0.17524854 - time (sec): 13.63 - samples/sec: 2188.39 - lr: 0.012500 - momentum: 0.000000
2025-12-22 22:28:14,498 epoch 65 - iter 26/29 - loss 0.17443954 - time (sec): 15.08 - samples/sec: 2153.08 - lr: 0.012500 - momentum: 0.000000
2025-12-22 22:28:15,684 epoch 65 - iter 28/29 - loss 0.17421951 - time (sec): 16.27 - samples/sec: 2142.35 - lr: 0.012500 - momentum: 0.000000
2025-12-22 22:28:16,206 ----------------------------------------------------------------------------------------------------
2025-12-22 22:28:16,206 EPOCH 65 done: loss 0.1746 - lr: 0.012500
2025-12-22 22:28:19,273 DEV : loss 0.17702139914035797 - f1-score (micro avg)  0.9491
2025-12-22 22:28:19,277  - 4 epochs without improvement (above 'patience')-> annealing learning_rate to [0.00625]
2025-12-22 22:28:19,278 ----------------------------------------------------------------------------------------------------
2025-12-22 22:28:20,565 epoch 66 - iter 2/29 - loss 0.16698888 - time (sec): 1.29 - samples/sec: 2063.33 - lr: 0.006250 - momentum: 0.000000
2025-12-22 22:28:21,601 epoch 66 - iter 4/29 - loss 0.16689568 - time (sec): 2.32 - samples/sec: 2156.84 - lr: 0.006250 - momentum: 0.000000
2025-12-22 22:28:22,887 epoch 66 - iter 6/29 - loss 0.16594680 - time (sec): 3.61 - samples/sec: 2115.57 - lr: 0.006250 - momentum: 0.000000
2025-12-22 22:28:24,393 epoch 66 - iter 8/29 - loss 0.16631922 - time (sec): 5.12 - samples/sec: 1950.69 - lr: 0.006250 - momentum: 0.000000
2025-12-22 22:28:25,437 epoch 66 - iter 10/29 - loss 0.16811922 - time (sec): 6.16 - samples/sec: 1991.70 - lr: 0.006250 - momentum: 0.000000
2025-12-22 22:28:26,573 epoch 66 - iter 12/29 - loss 0.16949262 - time (sec): 7.30 - samples/sec: 1995.55 - lr: 0.006250 - momentum: 0.000000
2025-12-22 22:28:27,803 epoch 66 - iter 14/29 - loss 0.17433659 - time (sec): 8.52 - samples/sec: 2023.12 - lr: 0.006250 - momentum: 0.000000
2025-12-22 22:28:29,065 epoch 66 - iter 16/29 - loss 0.17188118 - time (sec): 9.79 - samples/sec: 2017.40 - lr: 0.006250 - momentum: 0.000000
2025-12-22 22:28:30,300 epoch 66 - iter 18/29 - loss 0.17084670 - time (sec): 11.02 - samples/sec: 2043.18 - lr: 0.006250 - momentum: 0.000000
2025-12-22 22:28:31,590 epoch 66 - iter 20/29 - loss 0.17229270 - time (sec): 12.31 - samples/sec: 2021.13 - lr: 0.006250 - momentum: 0.000000
2025-12-22 22:28:32,645 epoch 66 - iter 22/29 - loss 0.17457377 - time (sec): 13.37 - samples/sec: 2039.33 - lr: 0.006250 - momentum: 0.000000
2025-12-22 22:28:33,834 epoch 66 - iter 24/29 - loss 0.17424176 - time (sec): 14.56 - samples/sec: 2053.36 - lr: 0.006250 - momentum: 0.000000
2025-12-22 22:28:34,946 epoch 66 - iter 26/29 - loss 0.17369144 - time (sec): 15.67 - samples/sec: 2074.82 - lr: 0.006250 - momentum: 0.000000
2025-12-22 22:28:35,946 epoch 66 - iter 28/29 - loss 0.17411906 - time (sec): 16.67 - samples/sec: 2091.39 - lr: 0.006250 - momentum: 0.000000
2025-12-22 22:28:36,265 ----------------------------------------------------------------------------------------------------
2025-12-22 22:28:36,265 EPOCH 66 done: loss 0.1742 - lr: 0.006250
2025-12-22 22:28:38,855 DEV : loss 0.1758006513118744 - f1-score (micro avg)  0.9491
2025-12-22 22:28:38,860  - 1 epochs without improvement
2025-12-22 22:28:38,860 ----------------------------------------------------------------------------------------------------
2025-12-22 22:28:39,801 epoch 67 - iter 2/29 - loss 0.15643162 - time (sec): 0.94 - samples/sec: 2394.59 - lr: 0.006250 - momentum: 0.000000
2025-12-22 22:28:40,677 epoch 67 - iter 4/29 - loss 0.18900691 - time (sec): 1.82 - samples/sec: 2504.26 - lr: 0.006250 - momentum: 0.000000
2025-12-22 22:28:41,513 epoch 67 - iter 6/29 - loss 0.18056560 - time (sec): 2.65 - samples/sec: 2561.48 - lr: 0.006250 - momentum: 0.000000
2025-12-22 22:28:42,695 epoch 67 - iter 8/29 - loss 0.17347403 - time (sec): 3.83 - samples/sec: 2564.38 - lr: 0.006250 - momentum: 0.000000
2025-12-22 22:28:43,762 epoch 67 - iter 10/29 - loss 0.17156920 - time (sec): 4.90 - samples/sec: 2509.18 - lr: 0.006250 - momentum: 0.000000
2025-12-22 22:28:44,814 epoch 67 - iter 12/29 - loss 0.17082765 - time (sec): 5.95 - samples/sec: 2507.08 - lr: 0.006250 - momentum: 0.000000
2025-12-22 22:28:45,726 epoch 67 - iter 14/29 - loss 0.17248563 - time (sec): 6.87 - samples/sec: 2523.47 - lr: 0.006250 - momentum: 0.000000
2025-12-22 22:28:46,803 epoch 67 - iter 16/29 - loss 0.17224984 - time (sec): 7.94 - samples/sec: 2501.17 - lr: 0.006250 - momentum: 0.000000
2025-12-22 22:28:47,608 epoch 67 - iter 18/29 - loss 0.17380018 - time (sec): 8.75 - samples/sec: 2564.81 - lr: 0.006250 - momentum: 0.000000
2025-12-22 22:28:48,564 epoch 67 - iter 20/29 - loss 0.17458979 - time (sec): 9.70 - samples/sec: 2569.55 - lr: 0.006250 - momentum: 0.000000
2025-12-22 22:28:49,338 epoch 67 - iter 22/29 - loss 0.17637106 - time (sec): 10.48 - samples/sec: 2593.92 - lr: 0.006250 - momentum: 0.000000
2025-12-22 22:28:50,543 epoch 67 - iter 24/29 - loss 0.17669420 - time (sec): 11.68 - samples/sec: 2546.48 - lr: 0.006250 - momentum: 0.000000
2025-12-22 22:28:51,441 epoch 67 - iter 26/29 - loss 0.17557800 - time (sec): 12.58 - samples/sec: 2556.52 - lr: 0.006250 - momentum: 0.000000
2025-12-22 22:28:52,442 epoch 67 - iter 28/29 - loss 0.17548849 - time (sec): 13.58 - samples/sec: 2546.96 - lr: 0.006250 - momentum: 0.000000
2025-12-22 22:28:52,954 ----------------------------------------------------------------------------------------------------
2025-12-22 22:28:52,954 EPOCH 67 done: loss 0.1746 - lr: 0.006250
2025-12-22 22:28:55,296 DEV : loss 0.17598074674606323 - f1-score (micro avg)  0.9495
2025-12-22 22:28:55,300  - 2 epochs without improvement
2025-12-22 22:28:55,301 ----------------------------------------------------------------------------------------------------
2025-12-22 22:28:56,290 epoch 68 - iter 2/29 - loss 0.16228493 - time (sec): 0.99 - samples/sec: 2510.08 - lr: 0.006250 - momentum: 0.000000
2025-12-22 22:28:57,281 epoch 68 - iter 4/29 - loss 0.16617771 - time (sec): 1.98 - samples/sec: 2544.31 - lr: 0.006250 - momentum: 0.000000
2025-12-22 22:28:58,227 epoch 68 - iter 6/29 - loss 0.16957840 - time (sec): 2.93 - samples/sec: 2646.44 - lr: 0.006250 - momentum: 0.000000
2025-12-22 22:28:58,873 epoch 68 - iter 8/29 - loss 0.17255842 - time (sec): 3.57 - samples/sec: 2803.38 - lr: 0.006250 - momentum: 0.000000
2025-12-22 22:28:59,841 epoch 68 - iter 10/29 - loss 0.17378969 - time (sec): 4.54 - samples/sec: 2714.61 - lr: 0.006250 - momentum: 0.000000
2025-12-22 22:29:01,032 epoch 68 - iter 12/29 - loss 0.17199124 - time (sec): 5.73 - samples/sec: 2600.62 - lr: 0.006250 - momentum: 0.000000
2025-12-22 22:29:02,011 epoch 68 - iter 14/29 - loss 0.17006000 - time (sec): 6.71 - samples/sec: 2565.86 - lr: 0.006250 - momentum: 0.000000
2025-12-22 22:29:03,194 epoch 68 - iter 16/29 - loss 0.17179501 - time (sec): 7.89 - samples/sec: 2487.47 - lr: 0.006250 - momentum: 0.000000
2025-12-22 22:29:04,275 epoch 68 - iter 18/29 - loss 0.17106580 - time (sec): 8.97 - samples/sec: 2455.95 - lr: 0.006250 - momentum: 0.000000
2025-12-22 22:29:05,124 epoch 68 - iter 20/29 - loss 0.17105692 - time (sec): 9.82 - samples/sec: 2491.11 - lr: 0.006250 - momentum: 0.000000
2025-12-22 22:29:06,127 epoch 68 - iter 22/29 - loss 0.17266654 - time (sec): 10.83 - samples/sec: 2494.12 - lr: 0.006250 - momentum: 0.000000
2025-12-22 22:29:07,266 epoch 68 - iter 24/29 - loss 0.17199120 - time (sec): 11.96 - samples/sec: 2466.89 - lr: 0.006250 - momentum: 0.000000
2025-12-22 22:29:08,382 epoch 68 - iter 26/29 - loss 0.17148863 - time (sec): 13.08 - samples/sec: 2461.63 - lr: 0.006250 - momentum: 0.000000
2025-12-22 22:29:09,360 epoch 68 - iter 28/29 - loss 0.16998745 - time (sec): 14.06 - samples/sec: 2465.98 - lr: 0.006250 - momentum: 0.000000
2025-12-22 22:29:09,812 ----------------------------------------------------------------------------------------------------
2025-12-22 22:29:09,812 EPOCH 68 done: loss 0.1703 - lr: 0.006250
2025-12-22 22:29:12,404 DEV : loss 0.17575061321258545 - f1-score (micro avg)  0.9495
2025-12-22 22:29:12,408  - 3 epochs without improvement
2025-12-22 22:29:12,408 ----------------------------------------------------------------------------------------------------
2025-12-22 22:29:13,392 epoch 69 - iter 2/29 - loss 0.16919745 - time (sec): 0.98 - samples/sec: 2607.38 - lr: 0.006250 - momentum: 0.000000
2025-12-22 22:29:14,260 epoch 69 - iter 4/29 - loss 0.16841870 - time (sec): 1.85 - samples/sec: 2594.69 - lr: 0.006250 - momentum: 0.000000
2025-12-22 22:29:15,333 epoch 69 - iter 6/29 - loss 0.16323411 - time (sec): 2.92 - samples/sec: 2549.47 - lr: 0.006250 - momentum: 0.000000
2025-12-22 22:29:16,388 epoch 69 - iter 8/29 - loss 0.15897793 - time (sec): 3.98 - samples/sec: 2520.44 - lr: 0.006250 - momentum: 0.000000
2025-12-22 22:29:17,208 epoch 69 - iter 10/29 - loss 0.16192299 - time (sec): 4.80 - samples/sec: 2589.61 - lr: 0.006250 - momentum: 0.000000
2025-12-22 22:29:17,954 epoch 69 - iter 12/29 - loss 0.16527311 - time (sec): 5.55 - samples/sec: 2674.16 - lr: 0.006250 - momentum: 0.000000
2025-12-22 22:29:18,906 epoch 69 - iter 14/29 - loss 0.17050364 - time (sec): 6.50 - samples/sec: 2655.48 - lr: 0.006250 - momentum: 0.000000
2025-12-22 22:29:20,094 epoch 69 - iter 16/29 - loss 0.16771877 - time (sec): 7.69 - samples/sec: 2573.16 - lr: 0.006250 - momentum: 0.000000
2025-12-22 22:29:21,198 epoch 69 - iter 18/29 - loss 0.16741977 - time (sec): 8.79 - samples/sec: 2533.55 - lr: 0.006250 - momentum: 0.000000
2025-12-22 22:29:22,228 epoch 69 - iter 20/29 - loss 0.16801450 - time (sec): 9.82 - samples/sec: 2551.95 - lr: 0.006250 - momentum: 0.000000
2025-12-22 22:29:23,086 epoch 69 - iter 22/29 - loss 0.16800038 - time (sec): 10.68 - samples/sec: 2570.81 - lr: 0.006250 - momentum: 0.000000
2025-12-22 22:29:24,467 epoch 69 - iter 24/29 - loss 0.17011545 - time (sec): 12.06 - samples/sec: 2510.56 - lr: 0.006250 - momentum: 0.000000
2025-12-22 22:29:25,146 epoch 69 - iter 26/29 - loss 0.16955664 - time (sec): 12.74 - samples/sec: 2535.77 - lr: 0.006250 - momentum: 0.000000
2025-12-22 22:29:26,194 epoch 69 - iter 28/29 - loss 0.17175875 - time (sec): 13.79 - samples/sec: 2517.45 - lr: 0.006250 - momentum: 0.000000
2025-12-22 22:29:26,685 ----------------------------------------------------------------------------------------------------
2025-12-22 22:29:26,685 EPOCH 69 done: loss 0.1716 - lr: 0.006250
2025-12-22 22:29:29,345 DEV : loss 0.17611080408096313 - f1-score (micro avg)  0.9493
2025-12-22 22:29:29,349  - 4 epochs without improvement (above 'patience')-> annealing learning_rate to [0.003125]
2025-12-22 22:29:29,350 ----------------------------------------------------------------------------------------------------
2025-12-22 22:29:30,239 epoch 70 - iter 2/29 - loss 0.16212881 - time (sec): 0.89 - samples/sec: 2713.07 - lr: 0.003125 - momentum: 0.000000
2025-12-22 22:29:31,264 epoch 70 - iter 4/29 - loss 0.16594349 - time (sec): 1.91 - samples/sec: 2511.78 - lr: 0.003125 - momentum: 0.000000
2025-12-22 22:29:32,442 epoch 70 - iter 6/29 - loss 0.16749344 - time (sec): 3.09 - samples/sec: 2447.51 - lr: 0.003125 - momentum: 0.000000
2025-12-22 22:29:33,436 epoch 70 - iter 8/29 - loss 0.17066928 - time (sec): 4.09 - samples/sec: 2457.72 - lr: 0.003125 - momentum: 0.000000
2025-12-22 22:29:34,587 epoch 70 - iter 10/29 - loss 0.16769650 - time (sec): 5.24 - samples/sec: 2431.54 - lr: 0.003125 - momentum: 0.000000
2025-12-22 22:29:35,722 epoch 70 - iter 12/29 - loss 0.16861126 - time (sec): 6.37 - samples/sec: 2444.50 - lr: 0.003125 - momentum: 0.000000
2025-12-22 22:29:36,489 epoch 70 - iter 14/29 - loss 0.17232293 - time (sec): 7.14 - samples/sec: 2508.60 - lr: 0.003125 - momentum: 0.000000
2025-12-22 22:29:37,336 epoch 70 - iter 16/29 - loss 0.16970497 - time (sec): 7.99 - samples/sec: 2520.89 - lr: 0.003125 - momentum: 0.000000
2025-12-22 22:29:38,249 epoch 70 - iter 18/29 - loss 0.17112086 - time (sec): 8.90 - samples/sec: 2523.82 - lr: 0.003125 - momentum: 0.000000
2025-12-22 22:29:39,238 epoch 70 - iter 20/29 - loss 0.17174361 - time (sec): 9.89 - samples/sec: 2521.28 - lr: 0.003125 - momentum: 0.000000
2025-12-22 22:29:40,369 epoch 70 - iter 22/29 - loss 0.17179866 - time (sec): 11.02 - samples/sec: 2456.69 - lr: 0.003125 - momentum: 0.000000
2025-12-22 22:29:41,485 epoch 70 - iter 24/29 - loss 0.17143287 - time (sec): 12.13 - samples/sec: 2463.95 - lr: 0.003125 - momentum: 0.000000
2025-12-22 22:29:42,515 epoch 70 - iter 26/29 - loss 0.17264830 - time (sec): 13.16 - samples/sec: 2459.04 - lr: 0.003125 - momentum: 0.000000
2025-12-22 22:29:43,346 epoch 70 - iter 28/29 - loss 0.17353360 - time (sec): 14.00 - samples/sec: 2487.73 - lr: 0.003125 - momentum: 0.000000
2025-12-22 22:29:43,741 ----------------------------------------------------------------------------------------------------
2025-12-22 22:29:43,742 EPOCH 70 done: loss 0.1738 - lr: 0.003125
2025-12-22 22:29:45,806 DEV : loss 0.1759442389011383 - f1-score (micro avg)  0.9493
2025-12-22 22:29:45,809  - 1 epochs without improvement
2025-12-22 22:29:45,810 ----------------------------------------------------------------------------------------------------
2025-12-22 22:29:46,858 epoch 71 - iter 2/29 - loss 0.18543923 - time (sec): 1.05 - samples/sec: 2408.28 - lr: 0.003125 - momentum: 0.000000
2025-12-22 22:29:47,920 epoch 71 - iter 4/29 - loss 0.18579921 - time (sec): 2.11 - samples/sec: 2486.04 - lr: 0.003125 - momentum: 0.000000
2025-12-22 22:29:48,929 epoch 71 - iter 6/29 - loss 0.18224591 - time (sec): 3.12 - samples/sec: 2480.12 - lr: 0.003125 - momentum: 0.000000
2025-12-22 22:29:49,889 epoch 71 - iter 8/29 - loss 0.18124397 - time (sec): 4.08 - samples/sec: 2503.59 - lr: 0.003125 - momentum: 0.000000
2025-12-22 22:29:50,900 epoch 71 - iter 10/29 - loss 0.17713667 - time (sec): 5.09 - samples/sec: 2501.30 - lr: 0.003125 - momentum: 0.000000
2025-12-22 22:29:51,737 epoch 71 - iter 12/29 - loss 0.17735537 - time (sec): 5.93 - samples/sec: 2553.18 - lr: 0.003125 - momentum: 0.000000
2025-12-22 22:29:52,683 epoch 71 - iter 14/29 - loss 0.17722771 - time (sec): 6.87 - samples/sec: 2524.27 - lr: 0.003125 - momentum: 0.000000
2025-12-22 22:29:53,653 epoch 71 - iter 16/29 - loss 0.17452260 - time (sec): 7.84 - samples/sec: 2534.33 - lr: 0.003125 - momentum: 0.000000
2025-12-22 22:29:54,744 epoch 71 - iter 18/29 - loss 0.17421667 - time (sec): 8.93 - samples/sec: 2490.79 - lr: 0.003125 - momentum: 0.000000
2025-12-22 22:29:55,762 epoch 71 - iter 20/29 - loss 0.17355528 - time (sec): 9.95 - samples/sec: 2482.21 - lr: 0.003125 - momentum: 0.000000
2025-12-22 22:29:56,752 epoch 71 - iter 22/29 - loss 0.17224025 - time (sec): 10.94 - samples/sec: 2487.90 - lr: 0.003125 - momentum: 0.000000
2025-12-22 22:29:57,792 epoch 71 - iter 24/29 - loss 0.17288093 - time (sec): 11.98 - samples/sec: 2480.87 - lr: 0.003125 - momentum: 0.000000
2025-12-22 22:29:58,938 epoch 71 - iter 26/29 - loss 0.17221856 - time (sec): 13.13 - samples/sec: 2475.70 - lr: 0.003125 - momentum: 0.000000
2025-12-22 22:29:59,878 epoch 71 - iter 28/29 - loss 0.17127318 - time (sec): 14.07 - samples/sec: 2474.47 - lr: 0.003125 - momentum: 0.000000
2025-12-22 22:30:00,178 ----------------------------------------------------------------------------------------------------
2025-12-22 22:30:00,178 EPOCH 71 done: loss 0.1708 - lr: 0.003125
2025-12-22 22:30:02,946 DEV : loss 0.1761654019355774 - f1-score (micro avg)  0.9491
2025-12-22 22:30:02,950  - 2 epochs without improvement
2025-12-22 22:30:02,951 ----------------------------------------------------------------------------------------------------
2025-12-22 22:30:03,953 epoch 72 - iter 2/29 - loss 0.16410933 - time (sec): 1.00 - samples/sec: 2393.27 - lr: 0.003125 - momentum: 0.000000
2025-12-22 22:30:05,089 epoch 72 - iter 4/29 - loss 0.16268854 - time (sec): 2.14 - samples/sec: 2400.24 - lr: 0.003125 - momentum: 0.000000
2025-12-22 22:30:05,990 epoch 72 - iter 6/29 - loss 0.17306135 - time (sec): 3.04 - samples/sec: 2465.25 - lr: 0.003125 - momentum: 0.000000
2025-12-22 22:30:06,647 epoch 72 - iter 8/29 - loss 0.17195948 - time (sec): 3.70 - samples/sec: 2643.12 - lr: 0.003125 - momentum: 0.000000
2025-12-22 22:30:07,472 epoch 72 - iter 10/29 - loss 0.16960249 - time (sec): 4.52 - samples/sec: 2676.80 - lr: 0.003125 - momentum: 0.000000
2025-12-22 22:30:08,423 epoch 72 - iter 12/29 - loss 0.17135307 - time (sec): 5.47 - samples/sec: 2652.04 - lr: 0.003125 - momentum: 0.000000
2025-12-22 22:30:09,494 epoch 72 - iter 14/29 - loss 0.17267426 - time (sec): 6.54 - samples/sec: 2639.00 - lr: 0.003125 - momentum: 0.000000
2025-12-22 22:30:10,478 epoch 72 - iter 16/29 - loss 0.17291277 - time (sec): 7.53 - samples/sec: 2655.89 - lr: 0.003125 - momentum: 0.000000
2025-12-22 22:30:11,403 epoch 72 - iter 18/29 - loss 0.17170662 - time (sec): 8.45 - samples/sec: 2672.11 - lr: 0.003125 - momentum: 0.000000
2025-12-22 22:30:12,492 epoch 72 - iter 20/29 - loss 0.17069151 - time (sec): 9.54 - samples/sec: 2613.29 - lr: 0.003125 - momentum: 0.000000
2025-12-22 22:30:13,616 epoch 72 - iter 22/29 - loss 0.17008405 - time (sec): 10.67 - samples/sec: 2571.86 - lr: 0.003125 - momentum: 0.000000
2025-12-22 22:30:14,704 epoch 72 - iter 24/29 - loss 0.17190622 - time (sec): 11.75 - samples/sec: 2557.98 - lr: 0.003125 - momentum: 0.000000
2025-12-22 22:30:15,583 epoch 72 - iter 26/29 - loss 0.17125168 - time (sec): 12.63 - samples/sec: 2553.02 - lr: 0.003125 - momentum: 0.000000
2025-12-22 22:30:16,509 epoch 72 - iter 28/29 - loss 0.17159968 - time (sec): 13.56 - samples/sec: 2554.19 - lr: 0.003125 - momentum: 0.000000
2025-12-22 22:30:16,901 ----------------------------------------------------------------------------------------------------
2025-12-22 22:30:16,902 EPOCH 72 done: loss 0.1715 - lr: 0.003125
2025-12-22 22:30:19,416 DEV : loss 0.17624184489250183 - f1-score (micro avg)  0.9492
2025-12-22 22:30:19,420  - 3 epochs without improvement
2025-12-22 22:30:19,421 ----------------------------------------------------------------------------------------------------
2025-12-22 22:30:20,396 epoch 73 - iter 2/29 - loss 0.17188230 - time (sec): 0.97 - samples/sec: 2745.33 - lr: 0.003125 - momentum: 0.000000
2025-12-22 22:30:21,377 epoch 73 - iter 4/29 - loss 0.17141288 - time (sec): 1.96 - samples/sec: 2672.88 - lr: 0.003125 - momentum: 0.000000
2025-12-22 22:30:22,298 epoch 73 - iter 6/29 - loss 0.16933755 - time (sec): 2.88 - samples/sec: 2658.28 - lr: 0.003125 - momentum: 0.000000
2025-12-22 22:30:23,269 epoch 73 - iter 8/29 - loss 0.16763244 - time (sec): 3.85 - samples/sec: 2595.37 - lr: 0.003125 - momentum: 0.000000
2025-12-22 22:30:24,431 epoch 73 - iter 10/29 - loss 0.16713383 - time (sec): 5.01 - samples/sec: 2438.92 - lr: 0.003125 - momentum: 0.000000
2025-12-22 22:30:25,493 epoch 73 - iter 12/29 - loss 0.17029537 - time (sec): 6.07 - samples/sec: 2412.69 - lr: 0.003125 - momentum: 0.000000
2025-12-22 22:30:26,384 epoch 73 - iter 14/29 - loss 0.17262891 - time (sec): 6.96 - samples/sec: 2467.43 - lr: 0.003125 - momentum: 0.000000
2025-12-22 22:30:27,515 epoch 73 - iter 16/29 - loss 0.17438918 - time (sec): 8.09 - samples/sec: 2438.97 - lr: 0.003125 - momentum: 0.000000
2025-12-22 22:30:28,772 epoch 73 - iter 18/29 - loss 0.17451805 - time (sec): 9.35 - samples/sec: 2425.20 - lr: 0.003125 - momentum: 0.000000
2025-12-22 22:30:29,604 epoch 73 - iter 20/29 - loss 0.17354475 - time (sec): 10.18 - samples/sec: 2469.59 - lr: 0.003125 - momentum: 0.000000
2025-12-22 22:30:30,597 epoch 73 - iter 22/29 - loss 0.17084800 - time (sec): 11.18 - samples/sec: 2465.25 - lr: 0.003125 - momentum: 0.000000
2025-12-22 22:30:31,384 epoch 73 - iter 24/29 - loss 0.16887518 - time (sec): 11.96 - samples/sec: 2499.22 - lr: 0.003125 - momentum: 0.000000
2025-12-22 22:30:32,379 epoch 73 - iter 26/29 - loss 0.16750703 - time (sec): 12.96 - samples/sec: 2503.17 - lr: 0.003125 - momentum: 0.000000
2025-12-22 22:30:33,168 epoch 73 - iter 28/29 - loss 0.16845052 - time (sec): 13.75 - samples/sec: 2526.13 - lr: 0.003125 - momentum: 0.000000
2025-12-22 22:30:33,560 ----------------------------------------------------------------------------------------------------
2025-12-22 22:30:33,560 EPOCH 73 done: loss 0.1679 - lr: 0.003125
2025-12-22 22:30:35,956 DEV : loss 0.17629367113113403 - f1-score (micro avg)  0.9492
2025-12-22 22:30:35,960  - 4 epochs without improvement (above 'patience')-> annealing learning_rate to [0.0015625]
2025-12-22 22:30:35,961 ----------------------------------------------------------------------------------------------------
2025-12-22 22:30:37,174 epoch 74 - iter 2/29 - loss 0.16279152 - time (sec): 1.21 - samples/sec: 2330.08 - lr: 0.001563 - momentum: 0.000000
2025-12-22 22:30:38,162 epoch 74 - iter 4/29 - loss 0.18120168 - time (sec): 2.20 - samples/sec: 2356.76 - lr: 0.001563 - momentum: 0.000000
2025-12-22 22:30:38,988 epoch 74 - iter 6/29 - loss 0.18066024 - time (sec): 3.03 - samples/sec: 2445.98 - lr: 0.001563 - momentum: 0.000000
2025-12-22 22:30:39,949 epoch 74 - iter 8/29 - loss 0.17446118 - time (sec): 3.99 - samples/sec: 2473.15 - lr: 0.001563 - momentum: 0.000000
2025-12-22 22:30:40,781 epoch 74 - iter 10/29 - loss 0.17107187 - time (sec): 4.82 - samples/sec: 2557.59 - lr: 0.001563 - momentum: 0.000000
2025-12-22 22:30:41,892 epoch 74 - iter 12/29 - loss 0.17630203 - time (sec): 5.93 - samples/sec: 2474.90 - lr: 0.001563 - momentum: 0.000000
2025-12-22 22:30:42,931 epoch 74 - iter 14/29 - loss 0.17871117 - time (sec): 6.97 - samples/sec: 2429.11 - lr: 0.001563 - momentum: 0.000000
2025-12-22 22:30:43,867 epoch 74 - iter 16/29 - loss 0.17902792 - time (sec): 7.91 - samples/sec: 2448.37 - lr: 0.001563 - momentum: 0.000000
2025-12-22 22:30:44,693 epoch 74 - iter 18/29 - loss 0.17656890 - time (sec): 8.73 - samples/sec: 2472.88 - lr: 0.001563 - momentum: 0.000000
2025-12-22 22:30:45,732 epoch 74 - iter 20/29 - loss 0.17441318 - time (sec): 9.77 - samples/sec: 2461.32 - lr: 0.001563 - momentum: 0.000000
2025-12-22 22:30:46,758 epoch 74 - iter 22/29 - loss 0.17584877 - time (sec): 10.80 - samples/sec: 2446.14 - lr: 0.001563 - momentum: 0.000000
2025-12-22 22:30:47,718 epoch 74 - iter 24/29 - loss 0.17608277 - time (sec): 11.76 - samples/sec: 2461.94 - lr: 0.001563 - momentum: 0.000000
2025-12-22 22:30:48,823 epoch 74 - iter 26/29 - loss 0.17473085 - time (sec): 12.86 - samples/sec: 2477.21 - lr: 0.001563 - momentum: 0.000000
2025-12-22 22:30:49,882 epoch 74 - iter 28/29 - loss 0.17384461 - time (sec): 13.92 - samples/sec: 2489.64 - lr: 0.001563 - momentum: 0.000000
2025-12-22 22:30:50,331 ----------------------------------------------------------------------------------------------------
2025-12-22 22:30:50,331 EPOCH 74 done: loss 0.1736 - lr: 0.001563
2025-12-22 22:30:52,495 DEV : loss 0.17585834860801697 - f1-score (micro avg)  0.9492
2025-12-22 22:30:52,499  - 1 epochs without improvement
2025-12-22 22:30:52,500 ----------------------------------------------------------------------------------------------------
2025-12-22 22:30:53,287 epoch 75 - iter 2/29 - loss 0.19535564 - time (sec): 0.79 - samples/sec: 3106.87 - lr: 0.001563 - momentum: 0.000000
2025-12-22 22:30:54,278 epoch 75 - iter 4/29 - loss 0.17759644 - time (sec): 1.78 - samples/sec: 2700.03 - lr: 0.001563 - momentum: 0.000000
2025-12-22 22:30:55,580 epoch 75 - iter 6/29 - loss 0.18315374 - time (sec): 3.08 - samples/sec: 2440.49 - lr: 0.001563 - momentum: 0.000000
2025-12-22 22:30:56,471 epoch 75 - iter 8/29 - loss 0.18024920 - time (sec): 3.97 - samples/sec: 2472.25 - lr: 0.001563 - momentum: 0.000000
2025-12-22 22:30:57,672 epoch 75 - iter 10/29 - loss 0.17545250 - time (sec): 5.17 - samples/sec: 2378.59 - lr: 0.001563 - momentum: 0.000000
2025-12-22 22:30:58,567 epoch 75 - iter 12/29 - loss 0.18129258 - time (sec): 6.07 - samples/sec: 2398.64 - lr: 0.001563 - momentum: 0.000000
2025-12-22 22:30:59,432 epoch 75 - iter 14/29 - loss 0.17815842 - time (sec): 6.93 - samples/sec: 2438.08 - lr: 0.001563 - momentum: 0.000000
2025-12-22 22:31:00,543 epoch 75 - iter 16/29 - loss 0.17445213 - time (sec): 8.04 - samples/sec: 2423.72 - lr: 0.001563 - momentum: 0.000000
2025-12-22 22:31:01,274 epoch 75 - iter 18/29 - loss 0.17571311 - time (sec): 8.77 - samples/sec: 2482.87 - lr: 0.001563 - momentum: 0.000000
2025-12-22 22:31:02,222 epoch 75 - iter 20/29 - loss 0.17483757 - time (sec): 9.72 - samples/sec: 2508.00 - lr: 0.001563 - momentum: 0.000000
2025-12-22 22:31:03,436 epoch 75 - iter 22/29 - loss 0.17110664 - time (sec): 10.94 - samples/sec: 2491.95 - lr: 0.001563 - momentum: 0.000000
2025-12-22 22:31:04,241 epoch 75 - iter 24/29 - loss 0.17218238 - time (sec): 11.74 - samples/sec: 2516.73 - lr: 0.001563 - momentum: 0.000000
2025-12-22 22:31:05,082 epoch 75 - iter 26/29 - loss 0.17093072 - time (sec): 12.58 - samples/sec: 2548.31 - lr: 0.001563 - momentum: 0.000000
2025-12-22 22:31:06,159 epoch 75 - iter 28/29 - loss 0.17023479 - time (sec): 13.66 - samples/sec: 2548.13 - lr: 0.001563 - momentum: 0.000000
2025-12-22 22:31:06,439 ----------------------------------------------------------------------------------------------------
2025-12-22 22:31:06,439 EPOCH 75 done: loss 0.1695 - lr: 0.001563
2025-12-22 22:31:09,146 DEV : loss 0.17572078108787537 - f1-score (micro avg)  0.9495
2025-12-22 22:31:09,149  - 2 epochs without improvement
2025-12-22 22:31:09,150 ----------------------------------------------------------------------------------------------------
2025-12-22 22:31:10,161 epoch 76 - iter 2/29 - loss 0.16782480 - time (sec): 1.01 - samples/sec: 2423.00 - lr: 0.001563 - momentum: 0.000000
2025-12-22 22:31:11,151 epoch 76 - iter 4/29 - loss 0.16748354 - time (sec): 2.00 - samples/sec: 2541.01 - lr: 0.001563 - momentum: 0.000000
2025-12-22 22:31:12,157 epoch 76 - iter 6/29 - loss 0.16766795 - time (sec): 3.01 - samples/sec: 2475.06 - lr: 0.001563 - momentum: 0.000000
2025-12-22 22:31:13,065 epoch 76 - iter 8/29 - loss 0.16497074 - time (sec): 3.91 - samples/sec: 2471.91 - lr: 0.001563 - momentum: 0.000000
2025-12-22 22:31:13,964 epoch 76 - iter 10/29 - loss 0.16507236 - time (sec): 4.81 - samples/sec: 2547.03 - lr: 0.001563 - momentum: 0.000000
2025-12-22 22:31:14,853 epoch 76 - iter 12/29 - loss 0.16482239 - time (sec): 5.70 - samples/sec: 2621.67 - lr: 0.001563 - momentum: 0.000000
2025-12-22 22:31:15,917 epoch 76 - iter 14/29 - loss 0.16284061 - time (sec): 6.77 - samples/sec: 2589.94 - lr: 0.001563 - momentum: 0.000000
2025-12-22 22:31:17,248 epoch 76 - iter 16/29 - loss 0.16458779 - time (sec): 8.10 - samples/sec: 2526.78 - lr: 0.001563 - momentum: 0.000000
2025-12-22 22:31:18,060 epoch 76 - iter 18/29 - loss 0.16349916 - time (sec): 8.91 - samples/sec: 2566.18 - lr: 0.001563 - momentum: 0.000000
2025-12-22 22:31:18,814 epoch 76 - iter 20/29 - loss 0.16229688 - time (sec): 9.66 - samples/sec: 2579.81 - lr: 0.001563 - momentum: 0.000000
2025-12-22 22:31:19,773 epoch 76 - iter 22/29 - loss 0.16531096 - time (sec): 10.62 - samples/sec: 2566.58 - lr: 0.001563 - momentum: 0.000000
2025-12-22 22:31:20,825 epoch 76 - iter 24/29 - loss 0.16736996 - time (sec): 11.67 - samples/sec: 2553.49 - lr: 0.001563 - momentum: 0.000000
2025-12-22 22:31:21,794 epoch 76 - iter 26/29 - loss 0.16850577 - time (sec): 12.64 - samples/sec: 2558.75 - lr: 0.001563 - momentum: 0.000000
2025-12-22 22:31:22,914 epoch 76 - iter 28/29 - loss 0.16755654 - time (sec): 13.76 - samples/sec: 2510.22 - lr: 0.001563 - momentum: 0.000000
2025-12-22 22:31:23,438 ----------------------------------------------------------------------------------------------------
2025-12-22 22:31:23,438 EPOCH 76 done: loss 0.1673 - lr: 0.001563
2025-12-22 22:31:26,338 DEV : loss 0.17608456313610077 - f1-score (micro avg)  0.949
2025-12-22 22:31:26,342  - 3 epochs without improvement
2025-12-22 22:31:26,344 ----------------------------------------------------------------------------------------------------
2025-12-22 22:31:27,359 epoch 77 - iter 2/29 - loss 0.18406061 - time (sec): 1.01 - samples/sec: 2449.21 - lr: 0.001563 - momentum: 0.000000
2025-12-22 22:31:28,480 epoch 77 - iter 4/29 - loss 0.18295162 - time (sec): 2.14 - samples/sec: 2429.52 - lr: 0.001563 - momentum: 0.000000
2025-12-22 22:31:29,779 epoch 77 - iter 6/29 - loss 0.18214173 - time (sec): 3.43 - samples/sec: 2283.23 - lr: 0.001563 - momentum: 0.000000
2025-12-22 22:31:30,680 epoch 77 - iter 8/29 - loss 0.17958317 - time (sec): 4.34 - samples/sec: 2335.95 - lr: 0.001563 - momentum: 0.000000
2025-12-22 22:31:31,505 epoch 77 - iter 10/29 - loss 0.17507468 - time (sec): 5.16 - samples/sec: 2482.99 - lr: 0.001563 - momentum: 0.000000
2025-12-22 22:31:32,562 epoch 77 - iter 12/29 - loss 0.17318730 - time (sec): 6.22 - samples/sec: 2460.75 - lr: 0.001563 - momentum: 0.000000
2025-12-22 22:31:33,477 epoch 77 - iter 14/29 - loss 0.17210196 - time (sec): 7.13 - samples/sec: 2500.83 - lr: 0.001563 - momentum: 0.000000
2025-12-22 22:31:34,194 epoch 77 - iter 16/29 - loss 0.17070641 - time (sec): 7.85 - samples/sec: 2535.08 - lr: 0.001563 - momentum: 0.000000
2025-12-22 22:31:35,300 epoch 77 - iter 18/29 - loss 0.17033328 - time (sec): 8.96 - samples/sec: 2504.05 - lr: 0.001563 - momentum: 0.000000
2025-12-22 22:31:36,374 epoch 77 - iter 20/29 - loss 0.17077757 - time (sec): 10.03 - samples/sec: 2509.30 - lr: 0.001563 - momentum: 0.000000
2025-12-22 22:31:37,326 epoch 77 - iter 22/29 - loss 0.17007050 - time (sec): 10.98 - samples/sec: 2495.67 - lr: 0.001563 - momentum: 0.000000
2025-12-22 22:31:38,410 epoch 77 - iter 24/29 - loss 0.17008511 - time (sec): 12.07 - samples/sec: 2467.32 - lr: 0.001563 - momentum: 0.000000
2025-12-22 22:31:39,241 epoch 77 - iter 26/29 - loss 0.17071659 - time (sec): 12.90 - samples/sec: 2511.19 - lr: 0.001563 - momentum: 0.000000
2025-12-22 22:31:40,096 epoch 77 - iter 28/29 - loss 0.17106520 - time (sec): 13.75 - samples/sec: 2532.82 - lr: 0.001563 - momentum: 0.000000
2025-12-22 22:31:40,383 ----------------------------------------------------------------------------------------------------
2025-12-22 22:31:40,384 EPOCH 77 done: loss 0.1708 - lr: 0.001563
2025-12-22 22:31:42,769 DEV : loss 0.17593087255954742 - f1-score (micro avg)  0.9493
2025-12-22 22:31:42,773  - 4 epochs without improvement (above 'patience')-> annealing learning_rate to [0.00078125]
2025-12-22 22:31:42,774 ----------------------------------------------------------------------------------------------------
2025-12-22 22:31:43,742 epoch 78 - iter 2/29 - loss 0.15271262 - time (sec): 0.97 - samples/sec: 2747.70 - lr: 0.000781 - momentum: 0.000000
2025-12-22 22:31:44,729 epoch 78 - iter 4/29 - loss 0.16019055 - time (sec): 1.95 - samples/sec: 2549.60 - lr: 0.000781 - momentum: 0.000000
2025-12-22 22:31:45,875 epoch 78 - iter 6/29 - loss 0.16699728 - time (sec): 3.10 - samples/sec: 2472.78 - lr: 0.000781 - momentum: 0.000000
2025-12-22 22:31:46,866 epoch 78 - iter 8/29 - loss 0.16926225 - time (sec): 4.09 - samples/sec: 2455.02 - lr: 0.000781 - momentum: 0.000000
2025-12-22 22:31:48,025 epoch 78 - iter 10/29 - loss 0.17078341 - time (sec): 5.25 - samples/sec: 2394.67 - lr: 0.000781 - momentum: 0.000000
2025-12-22 22:31:48,882 epoch 78 - iter 12/29 - loss 0.17327644 - time (sec): 6.11 - samples/sec: 2476.09 - lr: 0.000781 - momentum: 0.000000
2025-12-22 22:31:49,728 epoch 78 - iter 14/29 - loss 0.17348024 - time (sec): 6.95 - samples/sec: 2522.71 - lr: 0.000781 - momentum: 0.000000
2025-12-22 22:31:50,407 epoch 78 - iter 16/29 - loss 0.17544958 - time (sec): 7.63 - samples/sec: 2586.38 - lr: 0.000781 - momentum: 0.000000
2025-12-22 22:31:51,298 epoch 78 - iter 18/29 - loss 0.17535970 - time (sec): 8.52 - samples/sec: 2601.18 - lr: 0.000781 - momentum: 0.000000
2025-12-22 22:31:52,442 epoch 78 - iter 20/29 - loss 0.17407085 - time (sec): 9.67 - samples/sec: 2568.08 - lr: 0.000781 - momentum: 0.000000
2025-12-22 22:31:53,495 epoch 78 - iter 22/29 - loss 0.17353611 - time (sec): 10.72 - samples/sec: 2563.76 - lr: 0.000781 - momentum: 0.000000
2025-12-22 22:31:54,538 epoch 78 - iter 24/29 - loss 0.17316581 - time (sec): 11.76 - samples/sec: 2559.54 - lr: 0.000781 - momentum: 0.000000
2025-12-22 22:31:55,808 epoch 78 - iter 26/29 - loss 0.17254677 - time (sec): 13.03 - samples/sec: 2490.67 - lr: 0.000781 - momentum: 0.000000
2025-12-22 22:31:56,749 epoch 78 - iter 28/29 - loss 0.17135961 - time (sec): 13.97 - samples/sec: 2488.81 - lr: 0.000781 - momentum: 0.000000
2025-12-22 22:31:57,048 ----------------------------------------------------------------------------------------------------
2025-12-22 22:31:57,048 EPOCH 78 done: loss 0.1716 - lr: 0.000781
2025-12-22 22:31:59,645 DEV : loss 0.17590853571891785 - f1-score (micro avg)  0.9492
2025-12-22 22:31:59,649  - 1 epochs without improvement
2025-12-22 22:31:59,650 ----------------------------------------------------------------------------------------------------
2025-12-22 22:32:00,811 epoch 79 - iter 2/29 - loss 0.19050035 - time (sec): 1.16 - samples/sec: 2179.00 - lr: 0.000781 - momentum: 0.000000
2025-12-22 22:32:01,964 epoch 79 - iter 4/29 - loss 0.17506639 - time (sec): 2.31 - samples/sec: 2204.34 - lr: 0.000781 - momentum: 0.000000
2025-12-22 22:32:02,973 epoch 79 - iter 6/29 - loss 0.17591537 - time (sec): 3.32 - samples/sec: 2344.99 - lr: 0.000781 - momentum: 0.000000
2025-12-22 22:32:04,031 epoch 79 - iter 8/29 - loss 0.17721914 - time (sec): 4.38 - samples/sec: 2377.66 - lr: 0.000781 - momentum: 0.000000
2025-12-22 22:32:05,002 epoch 79 - iter 10/29 - loss 0.17515301 - time (sec): 5.35 - samples/sec: 2449.07 - lr: 0.000781 - momentum: 0.000000
2025-12-22 22:32:05,767 epoch 79 - iter 12/29 - loss 0.17229382 - time (sec): 6.12 - samples/sec: 2526.26 - lr: 0.000781 - momentum: 0.000000
2025-12-22 22:32:06,749 epoch 79 - iter 14/29 - loss 0.17005513 - time (sec): 7.10 - samples/sec: 2518.93 - lr: 0.000781 - momentum: 0.000000
2025-12-22 22:32:08,041 epoch 79 - iter 16/29 - loss 0.17166020 - time (sec): 8.39 - samples/sec: 2444.61 - lr: 0.000781 - momentum: 0.000000
2025-12-22 22:32:08,924 epoch 79 - iter 18/29 - loss 0.17474495 - time (sec): 9.27 - samples/sec: 2457.20 - lr: 0.000781 - momentum: 0.000000
2025-12-22 22:32:09,882 epoch 79 - iter 20/29 - loss 0.17263467 - time (sec): 10.23 - samples/sec: 2459.40 - lr: 0.000781 - momentum: 0.000000
2025-12-22 22:32:10,854 epoch 79 - iter 22/29 - loss 0.17020137 - time (sec): 11.20 - samples/sec: 2465.31 - lr: 0.000781 - momentum: 0.000000
2025-12-22 22:32:11,889 epoch 79 - iter 24/29 - loss 0.17041042 - time (sec): 12.24 - samples/sec: 2457.05 - lr: 0.000781 - momentum: 0.000000
2025-12-22 22:32:13,005 epoch 79 - iter 26/29 - loss 0.17128391 - time (sec): 13.35 - samples/sec: 2456.41 - lr: 0.000781 - momentum: 0.000000
2025-12-22 22:32:13,788 epoch 79 - iter 28/29 - loss 0.17098062 - time (sec): 14.14 - samples/sec: 2467.68 - lr: 0.000781 - momentum: 0.000000
2025-12-22 22:32:14,208 ----------------------------------------------------------------------------------------------------
2025-12-22 22:32:14,209 EPOCH 79 done: loss 0.1703 - lr: 0.000781
2025-12-22 22:32:16,823 DEV : loss 0.17584171891212463 - f1-score (micro avg)  0.9493
2025-12-22 22:32:16,826  - 2 epochs without improvement
2025-12-22 22:32:16,828 ----------------------------------------------------------------------------------------------------
2025-12-22 22:32:17,780 epoch 80 - iter 2/29 - loss 0.16840910 - time (sec): 0.95 - samples/sec: 2473.23 - lr: 0.000781 - momentum: 0.000000
2025-12-22 22:32:18,761 epoch 80 - iter 4/29 - loss 0.17856684 - time (sec): 1.93 - samples/sec: 2503.84 - lr: 0.000781 - momentum: 0.000000
2025-12-22 22:32:19,981 epoch 80 - iter 6/29 - loss 0.18166632 - time (sec): 3.15 - samples/sec: 2314.43 - lr: 0.000781 - momentum: 0.000000
2025-12-22 22:32:21,087 epoch 80 - iter 8/29 - loss 0.17877214 - time (sec): 4.26 - samples/sec: 2382.67 - lr: 0.000781 - momentum: 0.000000
2025-12-22 22:32:22,128 epoch 80 - iter 10/29 - loss 0.17690427 - time (sec): 5.30 - samples/sec: 2355.19 - lr: 0.000781 - momentum: 0.000000
2025-12-22 22:32:23,286 epoch 80 - iter 12/29 - loss 0.17986991 - time (sec): 6.46 - samples/sec: 2337.79 - lr: 0.000781 - momentum: 0.000000
2025-12-22 22:32:24,827 epoch 80 - iter 14/29 - loss 0.18019724 - time (sec): 8.00 - samples/sec: 2204.87 - lr: 0.000781 - momentum: 0.000000
2025-12-22 22:32:25,650 epoch 80 - iter 16/29 - loss 0.17836141 - time (sec): 8.82 - samples/sec: 2251.55 - lr: 0.000781 - momentum: 0.000000
2025-12-22 22:32:26,426 epoch 80 - iter 18/29 - loss 0.17804556 - time (sec): 9.60 - samples/sec: 2334.79 - lr: 0.000781 - momentum: 0.000000
2025-12-22 22:32:27,635 epoch 80 - iter 20/29 - loss 0.17694960 - time (sec): 10.81 - samples/sec: 2313.48 - lr: 0.000781 - momentum: 0.000000
2025-12-22 22:32:28,533 epoch 80 - iter 22/29 - loss 0.17676173 - time (sec): 11.71 - samples/sec: 2343.24 - lr: 0.000781 - momentum: 0.000000
2025-12-22 22:32:29,487 epoch 80 - iter 24/29 - loss 0.17694963 - time (sec): 12.66 - samples/sec: 2366.05 - lr: 0.000781 - momentum: 0.000000
2025-12-22 22:32:30,385 epoch 80 - iter 26/29 - loss 0.17841072 - time (sec): 13.56 - samples/sec: 2381.40 - lr: 0.000781 - momentum: 0.000000
2025-12-22 22:32:31,567 epoch 80 - iter 28/29 - loss 0.17790023 - time (sec): 14.74 - samples/sec: 2372.13 - lr: 0.000781 - momentum: 0.000000
2025-12-22 22:32:31,805 ----------------------------------------------------------------------------------------------------
2025-12-22 22:32:31,806 EPOCH 80 done: loss 0.1781 - lr: 0.000781
2025-12-22 22:32:34,125 DEV : loss 0.1759108155965805 - f1-score (micro avg)  0.9491
2025-12-22 22:32:34,129  - 3 epochs without improvement
2025-12-22 22:32:34,129 ----------------------------------------------------------------------------------------------------
2025-12-22 22:32:34,966 epoch 81 - iter 2/29 - loss 0.17200043 - time (sec): 0.84 - samples/sec: 2949.89 - lr: 0.000781 - momentum: 0.000000
2025-12-22 22:32:36,025 epoch 81 - iter 4/29 - loss 0.17823185 - time (sec): 1.90 - samples/sec: 2607.33 - lr: 0.000781 - momentum: 0.000000
2025-12-22 22:32:36,937 epoch 81 - iter 6/29 - loss 0.17997029 - time (sec): 2.81 - samples/sec: 2607.73 - lr: 0.000781 - momentum: 0.000000
2025-12-22 22:32:37,930 epoch 81 - iter 8/29 - loss 0.17529108 - time (sec): 3.80 - samples/sec: 2581.20 - lr: 0.000781 - momentum: 0.000000
2025-12-22 22:32:39,065 epoch 81 - iter 10/29 - loss 0.17071521 - time (sec): 4.93 - samples/sec: 2473.18 - lr: 0.000781 - momentum: 0.000000
2025-12-22 22:32:39,944 epoch 81 - iter 12/29 - loss 0.17151009 - time (sec): 5.81 - samples/sec: 2478.64 - lr: 0.000781 - momentum: 0.000000
2025-12-22 22:32:41,039 epoch 81 - iter 14/29 - loss 0.17464454 - time (sec): 6.91 - samples/sec: 2473.69 - lr: 0.000781 - momentum: 0.000000
2025-12-22 22:32:41,942 epoch 81 - iter 16/29 - loss 0.17484658 - time (sec): 7.81 - samples/sec: 2500.64 - lr: 0.000781 - momentum: 0.000000
2025-12-22 22:32:42,910 epoch 81 - iter 18/29 - loss 0.17426096 - time (sec): 8.78 - samples/sec: 2511.63 - lr: 0.000781 - momentum: 0.000000
2025-12-22 22:32:43,783 epoch 81 - iter 20/29 - loss 0.17678568 - time (sec): 9.65 - samples/sec: 2526.67 - lr: 0.000781 - momentum: 0.000000
2025-12-22 22:32:44,779 epoch 81 - iter 22/29 - loss 0.17519084 - time (sec): 10.65 - samples/sec: 2518.58 - lr: 0.000781 - momentum: 0.000000
2025-12-22 22:32:45,733 epoch 81 - iter 24/29 - loss 0.17408990 - time (sec): 11.60 - samples/sec: 2539.68 - lr: 0.000781 - momentum: 0.000000
2025-12-22 22:32:46,649 epoch 81 - iter 26/29 - loss 0.17592232 - time (sec): 12.52 - samples/sec: 2554.52 - lr: 0.000781 - momentum: 0.000000
2025-12-22 22:32:47,700 epoch 81 - iter 28/29 - loss 0.17713617 - time (sec): 13.57 - samples/sec: 2554.36 - lr: 0.000781 - momentum: 0.000000
2025-12-22 22:32:48,112 ----------------------------------------------------------------------------------------------------
2025-12-22 22:32:48,112 EPOCH 81 done: loss 0.1771 - lr: 0.000781
2025-12-22 22:32:50,619 DEV : loss 0.17590315639972687 - f1-score (micro avg)  0.9493
2025-12-22 22:32:50,623  - 4 epochs without improvement (above 'patience')-> annealing learning_rate to [0.000390625]
2025-12-22 22:32:50,624 ----------------------------------------------------------------------------------------------------
2025-12-22 22:32:51,736 epoch 82 - iter 2/29 - loss 0.15799964 - time (sec): 1.11 - samples/sec: 2301.62 - lr: 0.000391 - momentum: 0.000000
2025-12-22 22:32:52,937 epoch 82 - iter 4/29 - loss 0.16399196 - time (sec): 2.31 - samples/sec: 2298.45 - lr: 0.000391 - momentum: 0.000000
2025-12-22 22:32:53,878 epoch 82 - iter 6/29 - loss 0.16554565 - time (sec): 3.25 - samples/sec: 2336.04 - lr: 0.000391 - momentum: 0.000000
2025-12-22 22:32:54,893 epoch 82 - iter 8/29 - loss 0.17300958 - time (sec): 4.27 - samples/sec: 2340.91 - lr: 0.000391 - momentum: 0.000000
2025-12-22 22:32:56,143 epoch 82 - iter 10/29 - loss 0.17441428 - time (sec): 5.52 - samples/sec: 2292.58 - lr: 0.000391 - momentum: 0.000000
2025-12-22 22:32:56,886 epoch 82 - iter 12/29 - loss 0.17646645 - time (sec): 6.26 - samples/sec: 2352.64 - lr: 0.000391 - momentum: 0.000000
2025-12-22 22:32:57,927 epoch 82 - iter 14/29 - loss 0.17307483 - time (sec): 7.30 - samples/sec: 2374.10 - lr: 0.000391 - momentum: 0.000000
2025-12-22 22:32:58,737 epoch 82 - iter 16/29 - loss 0.17289115 - time (sec): 8.11 - samples/sec: 2399.19 - lr: 0.000391 - momentum: 0.000000
2025-12-22 22:32:59,619 epoch 82 - iter 18/29 - loss 0.17121029 - time (sec): 8.99 - samples/sec: 2433.66 - lr: 0.000391 - momentum: 0.000000
2025-12-22 22:33:00,598 epoch 82 - iter 20/29 - loss 0.17025765 - time (sec): 9.97 - samples/sec: 2447.13 - lr: 0.000391 - momentum: 0.000000
2025-12-22 22:33:01,761 epoch 82 - iter 22/29 - loss 0.16858147 - time (sec): 11.14 - samples/sec: 2443.95 - lr: 0.000391 - momentum: 0.000000
2025-12-22 22:33:02,645 epoch 82 - iter 24/29 - loss 0.16694481 - time (sec): 12.02 - samples/sec: 2441.92 - lr: 0.000391 - momentum: 0.000000
2025-12-22 22:33:03,549 epoch 82 - iter 26/29 - loss 0.16545256 - time (sec): 12.92 - samples/sec: 2463.79 - lr: 0.000391 - momentum: 0.000000
2025-12-22 22:33:04,646 epoch 82 - iter 28/29 - loss 0.16618316 - time (sec): 14.02 - samples/sec: 2475.89 - lr: 0.000391 - momentum: 0.000000
2025-12-22 22:33:05,011 ----------------------------------------------------------------------------------------------------
2025-12-22 22:33:05,011 EPOCH 82 done: loss 0.1661 - lr: 0.000391
2025-12-22 22:33:07,613 DEV : loss 0.17594048380851746 - f1-score (micro avg)  0.9493
2025-12-22 22:33:07,616  - 1 epochs without improvement
2025-12-22 22:33:07,618 ----------------------------------------------------------------------------------------------------
2025-12-22 22:33:08,676 epoch 83 - iter 2/29 - loss 0.17496043 - time (sec): 1.06 - samples/sec: 2452.77 - lr: 0.000391 - momentum: 0.000000
2025-12-22 22:33:09,509 epoch 83 - iter 4/29 - loss 0.16749406 - time (sec): 1.89 - samples/sec: 2696.40 - lr: 0.000391 - momentum: 0.000000
2025-12-22 22:33:10,473 epoch 83 - iter 6/29 - loss 0.17049626 - time (sec): 2.86 - samples/sec: 2617.83 - lr: 0.000391 - momentum: 0.000000
2025-12-22 22:33:11,445 epoch 83 - iter 8/29 - loss 0.16665027 - time (sec): 3.83 - samples/sec: 2645.58 - lr: 0.000391 - momentum: 0.000000
2025-12-22 22:33:12,765 epoch 83 - iter 10/29 - loss 0.16445676 - time (sec): 5.15 - samples/sec: 2486.27 - lr: 0.000391 - momentum: 0.000000
2025-12-22 22:33:14,048 epoch 83 - iter 12/29 - loss 0.16655228 - time (sec): 6.43 - samples/sec: 2403.10 - lr: 0.000391 - momentum: 0.000000
2025-12-22 22:33:14,886 epoch 83 - iter 14/29 - loss 0.16614659 - time (sec): 7.27 - samples/sec: 2421.26 - lr: 0.000391 - momentum: 0.000000
2025-12-22 22:33:16,047 epoch 83 - iter 16/29 - loss 0.16624200 - time (sec): 8.43 - samples/sec: 2357.87 - lr: 0.000391 - momentum: 0.000000
2025-12-22 22:33:17,062 epoch 83 - iter 18/29 - loss 0.16640498 - time (sec): 9.44 - samples/sec: 2369.15 - lr: 0.000391 - momentum: 0.000000
2025-12-22 22:33:17,876 epoch 83 - iter 20/29 - loss 0.16551375 - time (sec): 10.26 - samples/sec: 2416.33 - lr: 0.000391 - momentum: 0.000000
2025-12-22 22:33:18,681 epoch 83 - iter 22/29 - loss 0.16344052 - time (sec): 11.06 - samples/sec: 2421.17 - lr: 0.000391 - momentum: 0.000000
2025-12-22 22:33:19,663 epoch 83 - iter 24/29 - loss 0.16405484 - time (sec): 12.05 - samples/sec: 2446.05 - lr: 0.000391 - momentum: 0.000000
2025-12-22 22:33:20,531 epoch 83 - iter 26/29 - loss 0.16486997 - time (sec): 12.91 - samples/sec: 2473.68 - lr: 0.000391 - momentum: 0.000000
2025-12-22 22:33:21,454 epoch 83 - iter 28/29 - loss 0.16495516 - time (sec): 13.84 - samples/sec: 2498.48 - lr: 0.000391 - momentum: 0.000000
2025-12-22 22:33:21,958 ----------------------------------------------------------------------------------------------------
2025-12-22 22:33:21,959 EPOCH 83 done: loss 0.1652 - lr: 0.000391
2025-12-22 22:33:25,528 DEV : loss 0.17595189809799194 - f1-score (micro avg)  0.9493
2025-12-22 22:33:25,533  - 2 epochs without improvement
2025-12-22 22:33:25,533 ----------------------------------------------------------------------------------------------------
2025-12-22 22:33:26,512 epoch 84 - iter 2/29 - loss 0.16890731 - time (sec): 0.98 - samples/sec: 2626.79 - lr: 0.000391 - momentum: 0.000000
2025-12-22 22:33:27,427 epoch 84 - iter 4/29 - loss 0.16329747 - time (sec): 1.89 - samples/sec: 2677.67 - lr: 0.000391 - momentum: 0.000000
2025-12-22 22:33:28,395 epoch 84 - iter 6/29 - loss 0.17065390 - time (sec): 2.86 - samples/sec: 2574.25 - lr: 0.000391 - momentum: 0.000000
2025-12-22 22:33:29,812 epoch 84 - iter 8/29 - loss 0.17205321 - time (sec): 4.28 - samples/sec: 2397.65 - lr: 0.000391 - momentum: 0.000000
2025-12-22 22:33:30,759 epoch 84 - iter 10/29 - loss 0.16941026 - time (sec): 5.23 - samples/sec: 2334.98 - lr: 0.000391 - momentum: 0.000000
2025-12-22 22:33:31,701 epoch 84 - iter 12/29 - loss 0.16835930 - time (sec): 6.17 - samples/sec: 2412.57 - lr: 0.000391 - momentum: 0.000000
2025-12-22 22:33:32,601 epoch 84 - iter 14/29 - loss 0.16701410 - time (sec): 7.07 - samples/sec: 2408.61 - lr: 0.000391 - momentum: 0.000000
2025-12-22 22:33:33,700 epoch 84 - iter 16/29 - loss 0.16844667 - time (sec): 8.17 - samples/sec: 2371.99 - lr: 0.000391 - momentum: 0.000000
2025-12-22 22:33:34,816 epoch 84 - iter 18/29 - loss 0.16622042 - time (sec): 9.28 - samples/sec: 2362.55 - lr: 0.000391 - momentum: 0.000000
2025-12-22 22:33:35,624 epoch 84 - iter 20/29 - loss 0.16693394 - time (sec): 10.09 - samples/sec: 2403.00 - lr: 0.000391 - momentum: 0.000000
2025-12-22 22:33:36,773 epoch 84 - iter 22/29 - loss 0.16699000 - time (sec): 11.24 - samples/sec: 2386.60 - lr: 0.000391 - momentum: 0.000000
2025-12-22 22:33:37,688 epoch 84 - iter 24/29 - loss 0.16762772 - time (sec): 12.15 - samples/sec: 2408.34 - lr: 0.000391 - momentum: 0.000000
2025-12-22 22:33:38,922 epoch 84 - iter 26/29 - loss 0.16678283 - time (sec): 13.39 - samples/sec: 2416.35 - lr: 0.000391 - momentum: 0.000000
2025-12-22 22:33:39,925 epoch 84 - iter 28/29 - loss 0.16688110 - time (sec): 14.39 - samples/sec: 2422.05 - lr: 0.000391 - momentum: 0.000000
2025-12-22 22:33:40,220 ----------------------------------------------------------------------------------------------------
2025-12-22 22:33:40,220 EPOCH 84 done: loss 0.1675 - lr: 0.000391
2025-12-22 22:33:42,589 DEV : loss 0.17598140239715576 - f1-score (micro avg)  0.9494
2025-12-22 22:33:42,594  - 3 epochs without improvement
2025-12-22 22:33:42,595 ----------------------------------------------------------------------------------------------------
2025-12-22 22:33:43,636 epoch 85 - iter 2/29 - loss 0.17837792 - time (sec): 1.04 - samples/sec: 2254.22 - lr: 0.000391 - momentum: 0.000000
2025-12-22 22:33:44,646 epoch 85 - iter 4/29 - loss 0.17765097 - time (sec): 2.05 - samples/sec: 2467.26 - lr: 0.000391 - momentum: 0.000000
2025-12-22 22:33:45,529 epoch 85 - iter 6/29 - loss 0.17022823 - time (sec): 2.93 - samples/sec: 2512.39 - lr: 0.000391 - momentum: 0.000000
2025-12-22 22:33:46,546 epoch 85 - iter 8/29 - loss 0.17413176 - time (sec): 3.95 - samples/sec: 2462.24 - lr: 0.000391 - momentum: 0.000000
2025-12-22 22:33:47,586 epoch 85 - iter 10/29 - loss 0.17094905 - time (sec): 4.99 - samples/sec: 2501.78 - lr: 0.000391 - momentum: 0.000000
2025-12-22 22:33:48,643 epoch 85 - iter 12/29 - loss 0.17083131 - time (sec): 6.05 - samples/sec: 2477.94 - lr: 0.000391 - momentum: 0.000000
2025-12-22 22:33:50,004 epoch 85 - iter 14/29 - loss 0.17164097 - time (sec): 7.41 - samples/sec: 2353.84 - lr: 0.000391 - momentum: 0.000000
2025-12-22 22:33:51,128 epoch 85 - iter 16/29 - loss 0.17135704 - time (sec): 8.53 - samples/sec: 2344.62 - lr: 0.000391 - momentum: 0.000000
2025-12-22 22:33:52,185 epoch 85 - iter 18/29 - loss 0.17062906 - time (sec): 9.59 - samples/sec: 2330.95 - lr: 0.000391 - momentum: 0.000000
2025-12-22 22:33:53,050 epoch 85 - iter 20/29 - loss 0.17073713 - time (sec): 10.45 - samples/sec: 2352.33 - lr: 0.000391 - momentum: 0.000000
2025-12-22 22:33:53,994 epoch 85 - iter 22/29 - loss 0.17004858 - time (sec): 11.40 - samples/sec: 2399.77 - lr: 0.000391 - momentum: 0.000000
2025-12-22 22:33:54,922 epoch 85 - iter 24/29 - loss 0.17172172 - time (sec): 12.33 - samples/sec: 2424.51 - lr: 0.000391 - momentum: 0.000000
2025-12-22 22:33:55,747 epoch 85 - iter 26/29 - loss 0.17105290 - time (sec): 13.15 - samples/sec: 2453.22 - lr: 0.000391 - momentum: 0.000000
2025-12-22 22:33:56,784 epoch 85 - iter 28/29 - loss 0.17180190 - time (sec): 14.19 - samples/sec: 2442.61 - lr: 0.000391 - momentum: 0.000000
2025-12-22 22:33:57,234 ----------------------------------------------------------------------------------------------------
2025-12-22 22:33:57,235 EPOCH 85 done: loss 0.1723 - lr: 0.000391
2025-12-22 22:33:59,649 DEV : loss 0.17604854702949524 - f1-score (micro avg)  0.9494
2025-12-22 22:33:59,653  - 4 epochs without improvement (above 'patience')-> annealing learning_rate to [0.0001953125]
2025-12-22 22:33:59,654 ----------------------------------------------------------------------------------------------------
2025-12-22 22:34:00,907 epoch 86 - iter 2/29 - loss 0.15719036 - time (sec): 1.25 - samples/sec: 1830.63 - lr: 0.000195 - momentum: 0.000000
2025-12-22 22:34:01,931 epoch 86 - iter 4/29 - loss 0.16439576 - time (sec): 2.28 - samples/sec: 2031.59 - lr: 0.000195 - momentum: 0.000000
2025-12-22 22:34:03,295 epoch 86 - iter 6/29 - loss 0.16509812 - time (sec): 3.64 - samples/sec: 1971.01 - lr: 0.000195 - momentum: 0.000000
2025-12-22 22:34:03,972 epoch 86 - iter 8/29 - loss 0.16121762 - time (sec): 4.32 - samples/sec: 2189.36 - lr: 0.000195 - momentum: 0.000000
2025-12-22 22:34:04,781 epoch 86 - iter 10/29 - loss 0.15902457 - time (sec): 5.13 - samples/sec: 2300.25 - lr: 0.000195 - momentum: 0.000000
2025-12-22 22:34:05,764 epoch 86 - iter 12/29 - loss 0.16158502 - time (sec): 6.11 - samples/sec: 2308.85 - lr: 0.000195 - momentum: 0.000000
2025-12-22 22:34:07,015 epoch 86 - iter 14/29 - loss 0.16802980 - time (sec): 7.36 - samples/sec: 2290.48 - lr: 0.000195 - momentum: 0.000000
2025-12-22 22:34:07,990 epoch 86 - iter 16/29 - loss 0.17088884 - time (sec): 8.34 - samples/sec: 2342.54 - lr: 0.000195 - momentum: 0.000000
2025-12-22 22:34:09,025 epoch 86 - iter 18/29 - loss 0.16828003 - time (sec): 9.37 - samples/sec: 2368.08 - lr: 0.000195 - momentum: 0.000000
2025-12-22 22:34:10,196 epoch 86 - iter 20/29 - loss 0.16910950 - time (sec): 10.54 - samples/sec: 2349.97 - lr: 0.000195 - momentum: 0.000000
2025-12-22 22:34:11,299 epoch 86 - iter 22/29 - loss 0.16807547 - time (sec): 11.64 - samples/sec: 2330.77 - lr: 0.000195 - momentum: 0.000000
2025-12-22 22:34:12,190 epoch 86 - iter 24/29 - loss 0.16946287 - time (sec): 12.54 - samples/sec: 2345.80 - lr: 0.000195 - momentum: 0.000000
2025-12-22 22:34:13,159 epoch 86 - iter 26/29 - loss 0.17121661 - time (sec): 13.50 - samples/sec: 2374.41 - lr: 0.000195 - momentum: 0.000000
2025-12-22 22:34:14,172 epoch 86 - iter 28/29 - loss 0.17077461 - time (sec): 14.52 - samples/sec: 2390.19 - lr: 0.000195 - momentum: 0.000000
2025-12-22 22:34:14,729 ----------------------------------------------------------------------------------------------------
2025-12-22 22:34:14,729 EPOCH 86 done: loss 0.1707 - lr: 0.000195
2025-12-22 22:34:17,341 DEV : loss 0.17605571448802948 - f1-score (micro avg)  0.9494
2025-12-22 22:34:17,344  - 1 epochs without improvement
2025-12-22 22:34:17,346 ----------------------------------------------------------------------------------------------------
2025-12-22 22:34:18,260 epoch 87 - iter 2/29 - loss 0.17488197 - time (sec): 0.91 - samples/sec: 2737.98 - lr: 0.000195 - momentum: 0.000000
2025-12-22 22:34:19,425 epoch 87 - iter 4/29 - loss 0.17154651 - time (sec): 2.08 - samples/sec: 2370.86 - lr: 0.000195 - momentum: 0.000000
2025-12-22 22:34:20,702 epoch 87 - iter 6/29 - loss 0.16837666 - time (sec): 3.36 - samples/sec: 2201.75 - lr: 0.000195 - momentum: 0.000000
2025-12-22 22:34:21,580 epoch 87 - iter 8/29 - loss 0.16634758 - time (sec): 4.23 - samples/sec: 2305.96 - lr: 0.000195 - momentum: 0.000000
2025-12-22 22:34:22,664 epoch 87 - iter 10/29 - loss 0.16675609 - time (sec): 5.32 - samples/sec: 2335.07 - lr: 0.000195 - momentum: 0.000000
2025-12-22 22:34:23,584 epoch 87 - iter 12/29 - loss 0.17065019 - time (sec): 6.24 - samples/sec: 2344.65 - lr: 0.000195 - momentum: 0.000000
2025-12-22 22:34:24,739 epoch 87 - iter 14/29 - loss 0.17210555 - time (sec): 7.39 - samples/sec: 2373.10 - lr: 0.000195 - momentum: 0.000000
2025-12-22 22:34:25,818 epoch 87 - iter 16/29 - loss 0.16975036 - time (sec): 8.47 - samples/sec: 2384.43 - lr: 0.000195 - momentum: 0.000000
2025-12-22 22:40:13,418 epoch 87 - iter 18/29 - loss 0.16946611 - time (sec): 356.07 - samples/sec: 63.48 - lr: 0.000195 - momentum: 0.000000
2025-12-22 22:40:14,943 epoch 87 - iter 20/29 - loss 0.16895605 - time (sec): 357.60 - samples/sec: 70.71 - lr: 0.000195 - momentum: 0.000000
2025-12-22 22:40:16,068 epoch 87 - iter 22/29 - loss 0.17024839 - time (sec): 358.72 - samples/sec: 77.48 - lr: 0.000195 - momentum: 0.000000
2025-12-22 22:40:16,755 epoch 87 - iter 24/29 - loss 0.17109933 - time (sec): 359.41 - samples/sec: 83.11 - lr: 0.000195 - momentum: 0.000000
2025-12-22 22:40:17,970 epoch 87 - iter 26/29 - loss 0.17300870 - time (sec): 360.62 - samples/sec: 89.63 - lr: 0.000195 - momentum: 0.000000
2025-12-22 22:40:18,844 epoch 87 - iter 28/29 - loss 0.17308100 - time (sec): 361.50 - samples/sec: 96.22 - lr: 0.000195 - momentum: 0.000000
2025-12-22 22:40:19,210 ----------------------------------------------------------------------------------------------------
2025-12-22 22:40:19,210 EPOCH 87 done: loss 0.1728 - lr: 0.000195
2025-12-22 22:40:21,460 DEV : loss 0.1760188788175583 - f1-score (micro avg)  0.9494
2025-12-22 22:40:21,463  - 2 epochs without improvement
2025-12-22 22:40:21,465 ----------------------------------------------------------------------------------------------------
2025-12-22 22:40:22,469 epoch 88 - iter 2/29 - loss 0.17610032 - time (sec): 1.00 - samples/sec: 2616.27 - lr: 0.000195 - momentum: 0.000000
2025-12-22 22:47:25,617 epoch 88 - iter 4/29 - loss 0.17774602 - time (sec): 424.15 - samples/sec: 12.65 - lr: 0.000195 - momentum: 0.000000
2025-12-22 22:47:27,663 epoch 88 - iter 6/29 - loss 0.17601918 - time (sec): 426.20 - samples/sec: 17.98 - lr: 0.000195 - momentum: 0.000000
2025-12-22 22:47:28,870 epoch 88 - iter 8/29 - loss 0.17462042 - time (sec): 427.40 - samples/sec: 23.30 - lr: 0.000195 - momentum: 0.000000
2025-12-22 22:47:29,862 epoch 88 - iter 10/29 - loss 0.17302763 - time (sec): 428.40 - samples/sec: 28.72 - lr: 0.000195 - momentum: 0.000000
2025-12-22 22:47:31,690 epoch 88 - iter 12/29 - loss 0.17334554 - time (sec): 430.22 - samples/sec: 34.88 - lr: 0.000195 - momentum: 0.000000
2025-12-22 22:47:32,770 epoch 88 - iter 14/29 - loss 0.17075022 - time (sec): 431.31 - samples/sec: 40.45 - lr: 0.000195 - momentum: 0.000000
2025-12-22 22:47:33,887 epoch 88 - iter 16/29 - loss 0.17153974 - time (sec): 432.42 - samples/sec: 46.13 - lr: 0.000195 - momentum: 0.000000
2025-12-22 22:47:35,202 epoch 88 - iter 18/29 - loss 0.17229381 - time (sec): 433.74 - samples/sec: 51.47 - lr: 0.000195 - momentum: 0.000000
2025-12-22 22:47:36,432 epoch 88 - iter 20/29 - loss 0.17040812 - time (sec): 434.97 - samples/sec: 57.20 - lr: 0.000195 - momentum: 0.000000
2025-12-22 22:47:37,534 epoch 88 - iter 22/29 - loss 0.17044799 - time (sec): 436.07 - samples/sec: 62.24 - lr: 0.000195 - momentum: 0.000000
2025-12-22 22:47:39,274 epoch 88 - iter 24/29 - loss 0.17171665 - time (sec): 437.81 - samples/sec: 68.19 - lr: 0.000195 - momentum: 0.000000
2025-12-22 22:47:40,617 epoch 88 - iter 26/29 - loss 0.17126226 - time (sec): 439.15 - samples/sec: 73.19 - lr: 0.000195 - momentum: 0.000000
2025-12-22 22:47:41,942 epoch 88 - iter 28/29 - loss 0.17180303 - time (sec): 440.48 - samples/sec: 78.80 - lr: 0.000195 - momentum: 0.000000
2025-12-22 22:47:42,422 ----------------------------------------------------------------------------------------------------
2025-12-22 22:47:42,423 EPOCH 88 done: loss 0.1714 - lr: 0.000195
2025-12-22 22:47:45,380 DEV : loss 0.17599329352378845 - f1-score (micro avg)  0.9494
2025-12-22 22:47:45,384  - 3 epochs without improvement
2025-12-22 22:47:45,385 ----------------------------------------------------------------------------------------------------
2025-12-22 22:47:46,624 epoch 89 - iter 2/29 - loss 0.17667216 - time (sec): 1.24 - samples/sec: 1858.87 - lr: 0.000195 - momentum: 0.000000
2025-12-22 22:47:48,107 epoch 89 - iter 4/29 - loss 0.16067762 - time (sec): 2.72 - samples/sec: 1843.61 - lr: 0.000195 - momentum: 0.000000
2025-12-22 22:47:49,048 epoch 89 - iter 6/29 - loss 0.16615706 - time (sec): 3.66 - samples/sec: 1960.16 - lr: 0.000195 - momentum: 0.000000
2025-12-22 22:47:50,114 epoch 89 - iter 8/29 - loss 0.16712250 - time (sec): 4.73 - samples/sec: 2011.14 - lr: 0.000195 - momentum: 0.000000
2025-12-22 22:47:51,103 epoch 89 - iter 10/29 - loss 0.16534413 - time (sec): 5.72 - samples/sec: 2107.33 - lr: 0.000195 - momentum: 0.000000
2025-12-22 22:47:52,199 epoch 89 - iter 12/29 - loss 0.16493702 - time (sec): 6.81 - samples/sec: 2105.38 - lr: 0.000195 - momentum: 0.000000
2025-12-22 22:47:53,343 epoch 89 - iter 14/29 - loss 0.16667982 - time (sec): 7.96 - samples/sec: 2074.73 - lr: 0.000195 - momentum: 0.000000
2025-12-22 22:47:54,260 epoch 89 - iter 16/29 - loss 0.16521823 - time (sec): 8.88 - samples/sec: 2147.02 - lr: 0.000195 - momentum: 0.000000
2025-12-22 22:47:55,378 epoch 89 - iter 18/29 - loss 0.16725322 - time (sec): 9.99 - samples/sec: 2163.47 - lr: 0.000195 - momentum: 0.000000
2025-12-22 22:47:56,530 epoch 89 - iter 20/29 - loss 0.16855002 - time (sec): 11.14 - samples/sec: 2179.94 - lr: 0.000195 - momentum: 0.000000
2025-12-22 22:47:57,549 epoch 89 - iter 22/29 - loss 0.16890644 - time (sec): 12.16 - samples/sec: 2185.04 - lr: 0.000195 - momentum: 0.000000
2025-12-22 22:47:58,850 epoch 89 - iter 24/29 - loss 0.16932392 - time (sec): 13.46 - samples/sec: 2171.34 - lr: 0.000195 - momentum: 0.000000
2025-12-22 22:47:59,969 epoch 89 - iter 26/29 - loss 0.16814136 - time (sec): 14.58 - samples/sec: 2195.65 - lr: 0.000195 - momentum: 0.000000
2025-12-22 22:48:01,330 epoch 89 - iter 28/29 - loss 0.16695541 - time (sec): 15.94 - samples/sec: 2170.16 - lr: 0.000195 - momentum: 0.000000
2025-12-22 22:48:01,875 ----------------------------------------------------------------------------------------------------
2025-12-22 22:48:01,875 EPOCH 89 done: loss 0.1656 - lr: 0.000195
2025-12-22 22:48:05,092 DEV : loss 0.17597781121730804 - f1-score (micro avg)  0.9494
2025-12-22 22:48:05,099  - 4 epochs without improvement (above 'patience')-> annealing learning_rate to [9.765625e-05]
2025-12-22 22:48:05,099 ----------------------------------------------------------------------------------------------------
2025-12-22 22:48:05,099 learning rate too small - quitting training!
2025-12-22 22:48:05,099 ----------------------------------------------------------------------------------------------------
2025-12-22 22:48:05,099 Saving model ...
2025-12-22 22:48:05,131 Done.
2025-12-22 22:48:05,132 ----------------------------------------------------------------------------------------------------
2025-12-22 22:48:05,132 Loading model from best epoch ...
2025-12-22 22:48:05,181 [b'<unk>', b'\xe2\x96\x81', b'\xe2\x96\x81a', b',', b'\xe2\x96\x81.', b'i', b't', b'\xe2\x96\x81az', b'\xe2\x96\x81A', b'\xe2\x96\x81\xc3\xa9s', b'a', b'ban', b'\xe2\x96\x81is', b'ben', b'en', b'n', b'\xe2\x96\x81hogy', b'\xe2\x80\x94', b'-', b'nak', b'e', b'k', b'nek', b'\xe2\x96\x81nem', b'\xe2\x96\x81"', b'\xe2\x96\x81egy', b'ra', b'ik', b'ott', b're', b'\xe2\x96\x81meg', b'an', b'ja', b'\xe2\x96\x81s', b'\xe2\x96\x81Az', b'ek', b'et', b'ok', b'on', b'\xe2\x96\x81el', b'\xe2\x96\x81ez', b'os', b'ni', b':', b'ig', b'ett', b'\xc3\xb3', b'\xe2\x96\x81ki', b'\xc3\xa9rt', b'\xe2\x96\x81m\xc3\xa1r', b's', b'\xc3\xa1', b'\xe2\x96\x81de', b'es', b'\xc5\xb1', b'\xe2\x96\x81volt', b'\xc5\x91', b'm', b'\xc3\xa1t', b'\xc3\xa9', b'\xc3\xa1k', b'\xe2\x96\x81m\xc3\xa9g', b'\xe2\x96\x81csak', b'at', b'\xe2\x96\x81ha', b'\xe2\x96\x81amely', b'\xe2\x96\x81szerint', b'.', b'\xc3\xb3l', b'\xe2\x96\x81mint', b'\xe2\x96\x81fel', b'\xe2\x96\x81k\xc3\xa9t', b'\xe2\x96\x81\xc3\xa9v', b'l', b'\xe2\x96\x81ami', b'\xe2\x96\x81azt', b'ta', b'\xe2\x96\x81mi', b'vel', b'\xe2\x96\x81kell', b'k\xc3\xa9nt', b'ak', b'\xe2\x96\x81t\xc3\xb6bb', b'\xc3\xa9t', b'b', b'(', b'\xe2\x96\x81)', b'\xc5\x91l', b'\xe2\x96\x81K', b'\xe2\x96\x81sem', b'\xe2\x96\x81aki', b'ot', b'\xc3\xa1n', b'va', b'\xe2\x96\x81magyar', b'\xe2\x96\x81nagy', b'\xe2\x96\x81be', b'\xe2\x96\x81van', b'r\xc5\x91l', b'\xe2\x96\x81k', b'hoz', b'is', b'te', b'ul', b'\xe2\x96\x81ugyan', b'\xe2\x96\x81ped', b'\xe2\x96\x81ut\xc3\xa1n', b'em', b'\xe2\x96\x81milli\xc3\xb3', b'\xe2\x96\x81\xc3\xa1llam', b'\xe2\x96\x81k\xc3\xb6z\xc3\xb6tt', b'val', b'gy', b'\xc3\xba', b'\xe2\x96\x81gazdas\xc3\xa1g', b'r\xc3\xb3l', b'j\xc3\xa1', b'ai', b'\xc3\xa1s', b'\xe2\x96\x81S', b'\xe2\x96\x81milli\xc3\xa1rd', b'\xe2\x96\x81leg', b'\xe2\x96\x81korm\xc3\xa1ny', b'\xe2\x96\x81minden', b'\xe2\x96\x81B', b'okat', b'er', b'\xe2\x96\x81egyik', b'\xe2\x96\x81forint', b'\xe2\x96\x81ellen', b'\xe2\x96\x81\xc3\xa1t', b'\xe2\x96\x81mind', b'\xe2\x96\x81els\xc5\x91', b't\xc3\xa1k', b'\xe2\x96\x81E', b'\xc3\xa9nek', b'tak', b'\xe2\x96\x81M', b'\xc3\xb3ta', b'kor', b'\xe2\x96\x81szerb', b'\xe2\x96\x81ma', b'\xe2\x96\x81orosz', b'\xe2\x96\x81I', b't\xc3\xa9k', b'\xc3\xa1r', b'\xe2\x96\x81T', b'\xc3\xbck', b'\xe2\x96\x81R', b'\xe2\x96\x81L', b't\xc3\xb3l', b'\xe2\x96\x81azon', b'leg', b'\xe2\x96\x81majd', b'nem', b'\xc3\xbcl', b'uk', b'\xe2\x96\x81akkor', b's\xc3\xa9g', b'kal', b'\xe2\x96\x81f\xc5\x91', b'z', b'\xe2\x96\x81le', b'hez', b'\xe2\x96\x81most', b'\xe2\x96\x81Ez', b'\xe2\x96\x81nemzet', b'\xe2\x96\x81lehet', b'\xe2\x96\x81oly', b'd', b've', b'\xe2\x96\x81\xc3\xbaj', b'\xe2\x96\x81c\xc3\xadm', b'\xe2\x96\x81\xc3\xa1ltal', b'\xe2\x96\x81\xc3\xa9let', b'unk', b'\xe2\x96\x81b', b'\xc3\xa9n', b'\xe2\x96\x81h\xc3\xa9t', b'\xe2\x96\x81m', b'\xe2\x96\x81f', b'egy', b'be', b'\xe2\x96\x81eln\xc3\xb6k', b'nnak', b'\xe2\x96\x81ker\xc3\xbcl', b's\xc3\xa1g', b'\xe2\x96\x81G', b'je', b'hat', b'\xe2\x96\x81nap', b'\xe2\x96\x81\xc3\xbat', b'ba', b'rra', b'\xe2\x96\x81cseh', b'\xe2\x96\x81\xc3\xa9vek', b'\xe2\x96\x81vagy', b'\xe2\x96\x81j\xc3\xb6v\xc5\x91', b'\xe2\x96\x81h\xc3\xb3', b'\xc3\xa9k', b'y', b'\xe2\x96\x81el\xc5\x91', b'abb', b'\xe2\x96\x81id\xc5\x91', b'fontos', b'j', b'\xe2\x96\x81politika', b'\xe2\x96\x81sz\xc3\xa1m', b'ebb', b'kat', b'\xe2\x96\x81j\xc3\xb3', b'\xc3\xa9re', b'ani', b'\xe2\x96\x81parlament', b'o', b'het', b'\xe2\x96\x81mert', b'\xc3\xa9s', b'\xe2\x96\x81tud', b'\xe2\x96\x81miatt', b'\xe2\x96\x81ember', b'\xe2\x96\x81el\xc5\x91tt', b'\xe2\x96\x81doll\xc3\xa1r', b'\xe2\x96\x81c\xc3\xa9g', b'\xe2\x96\x81t\xc3\xb6r\xc3\xb6k', b'\xe2\x96\x81vil\xc3\xa1g', b'\xe2\x96\x81P', b'\xe2\x96\x81lesz', b'\xe2\x96\x81H', b'\xe2\x96\x81tov\xc3\xa1bb', b'\xe2\x96\x81sz\xc3\xa1zal\xc3\xa9k', b'\xe2\x96\x81V', b'\xe2\x96\x81hisze', b'na', b'\xc5\x91t', b'tam', b'ikus', b'\xe2\x96\x81m\xc3\xa1s', b'tek', b'\xe2\x96\x81?', b'\xe2\x96\x81Magyarorsz\xc3\xa1g', b'\xe2\x96\x81mellett', b'csak', b'\xe2\x96\x81hivatal', b't\xc5\x91l', b'\xe2\x96\x811', b'as', b'\xe2\x96\x81c', b'\xe2\x96\x81\xc3\xbagy', b'\xc3\xa1m', b'\xe2\x96\x81F', b'5', b'\xe2\x96\x81valami', b'\xe2\x96\x81nincs', b'\xe2\x96\x81p\xc3\xa9ld\xc3\xa1', b'\xe2\x96\x81fog', b'\xe2\x96\x81h\xc3\xa1rom', b'\xe2\x96\x81sz\xc3\xa1m\xc3\xa1', b'v\xc5\x91', b'al', b'\xe2\x96\x81\xc5\x91', b'hol', b'\xe2\x96\x81v\xc3\xa1ros', b'eket', b'\xe2\x96\x81mely', b'nyi', b'\xe2\x96\x81Ha', b'\xe2\x96\x81ut\xc3\xb3bbi', b'bb', b'\xe2\x96\x81U', b'\xc3\xb6tt', b'n\xc3\xa9l', b'\xc3\xa1sa', b'eni', b'j\xc3\xa1t', b'k\xc3\xb6zi', b'\xe2\x96\x81mond', b'kel', b'\xe2\x96\x81k\xc3\xb6z', b'\xe2\x96\x81sz', b'\xe2\x96\x81\xc3\xad', b'\xe2\x96\x81tartom\xc3\xa1ny', b'\xe2\x96\x81\xc3\xa9l', b'\xe2\x96\x81m\xc3\xbalt', b'orsz\xc3\xa1g', b'oszov\xc3\xb3', b'\xe2\x96\x81Kft', b'\xe2\x96\x81sok', b'\xe2\x96\x81\xc3\xa9pp', b'alatt', b'nagyobb', b'us', b'00', b'\xe2\x96\x81f\xc5\x91v\xc3\xa1ros', b'\xe2\x96\x81Budapest', b'\xe2\x96\x8130', b'eg', b'juk', b'\xe2\x96\x81\xc3\xb6ssze', b'cs', b'k\xc3\xb6z', b'sz', b'\xe2\x96\x81J\xc3\xa1n', b'\xe2\x96\x81p\xc3\xa1rt', b'\xe2\x96\x81sz\xc3\xa9p', b'\xe2\x96\x81akik', b'\xe2\x96\x81ad', b'\xe2\x96\x81szlov\xc3\xa1k', b'\xc3\xb6k', b'\xe2\x96\x81ki\xc3\xa1ll\xc3\xadt\xc3\xa1s', b'\xe2\x96\x81f\xc3\xb6ldreng\xc3\xa9s', b'\xe2\x96\x81t\xc3\xadz', b'\xe2\x96\x81orsz\xc3\xa1g', b'\xe2\x96\x81bel\xc3\xbcl', b's\xc3\xa9ge', b'\xe2\x96\x81rendszer', b'\xe2\x96\x81jog', b'\xe2\x96\x81r\xc3\xa1', b'etlen', b'h\xc3\xa1ny', b'\xe2\x96\x81kap', b'\xe2\x96\x81okoz', b'r', b'\xe2\x96\x81kor', b'\xe2\x96\x81helyzet', b'\xe2\x96\x81Egy', b'\xe2\x96\x81n\xc3\xa9gy', b'\xc3\xa1ll\xc3\xb3', b'\xe2\x96\x81szeret', b'sor', b'\xe2\x96\x81Koszov\xc3\xb3', b'\xe2\x96\x81alb\xc3\xa1nok', b'\xe2\x96\x81szerbek', b'n\xc3\xa1l', b'\xc3\xa9s\xc3\xa9t', b'\xe2\x96\x81g', b'\xe2\x96\x81kor\xc3\xa1bb', b'\xe2\x96\x81t\xc3\xb6rt\xc3\xa9n', b'\xe2\x96\x81Nem', b'zel', b'\xe2\x96\x81Mi', b'f', b'\xe2\x96\x81eg\xc3\xa9sz', b'\xe2\x96\x81v\xc3\xa1rhat\xc3\xb3', b'\xe2\x96\x81kis', b'\xe2\x96\x81v\xc3\xa1lt', b'\xe2\x96\x81sor', b'\xe2\x96\x81hozz\xc3\xa1', b'\xe2\x96\x81t\xc3\xbal', b'rsze', b'\xc3\xa9l', b'\xe2\x96\x81megye', b'\xe2\x96\x81teljes', b'\xe2\x96\x81illet', b'el', b'\xe2\x96\x81semmi', b'\xe2\x96\x81viszony', b'\xe2\x96\x81k\xc3\xb6vet\xc5\x91', b'\xe2\x96\x81magas', b'\xe2\x96\x81k\xc3\xbcl\xc3\xb6n', b'sal', b'\xe2\x96\x81C', b'\xe2\x96\x81ENSZ', b'\xe2\x96\x81\xc3\xa9ve', b'\xe2\x96\x81ilyen', b'\xe2\x96\x81el\xc5\x91ad\xc3\xa1s', b'g', b'v\xc3\xa9', b'\xc3\xa9s\xc3\xa9', b'\xe2\x96\x81h\xc3\xb3nap', b'\xe2\x96\x81d\xc3\xa9l', b'\xe2\x96\x81Ma', b'\xe2\x96\x81feladat', b'\xe2\x96\x81tavaly', b'\xe2\x96\x81f\xc3\xa9l', b'\xe2\x96\x81elej\xc3\xa9', b'\xe2\x96\x81k\xc3\xb6z\xc3\xbcl', b'\xe2\x96\x81hely', b'\xe2\x96\x81telep\xc3\xbcl\xc3\xa9s', b'\xe2\x96\x81n\xc3\xa9', b'\xe2\x96\x81Pe', b'az', b'\xe2\x96\x812', b'\xe2\x96\x81Ferenc', b'\xe2\x96\x81vezet\xc5\x91j', b'\xe2\x96\x81m\xc3\xa1sik', b'v\xc3\xa1', b'\xe2\x96\x81n\xc3\xa9met', b'ame', b'\xe2\x96\x81egy\xc3\xbctt', b'\xe2\x96\x81v\xc3\xa9g\xc3\xa9', b'\xe2\x96\x81mondta', b'M', b'\xe2\x96\x81csal\xc3\xa1d', b'h', b'\xe2\x96\x81sz\xc3\xb3l', b'\xe2\x96\x81hoz', b'\xe2\x96\x81egyszer', b'\xe2\x96\x81l\xc3\xa1that\xc3\xb3', b'\xe2\x96\x81minisztereln\xc3\xb6k', b'\xe2\x96\x81hasonl\xc3\xb3', b'\xe2\x96\x81k\xc3\xa9sz\xc3\xbclt', b'\xe2\x96\x81viszon', b'\xe2\x96\x81dolgoz', b'lag', b'\xe2\x96\x81szem', b'\xe2\x96\x81korm\xc3\xa1nyf\xc5\x91', b'sz\xc3\xb6r', b'om', b'bban', b'\xe2\x96\x81bank', b'secsen', b'\xe2\x96\x81Dubcek', b'\xe2\x96\x81SPD', b'nt', b'\xe2\x96\x81k\xc3\xb6z\xc3\xb6s', b'el\xc5\x91', b'enek', b'ink', b'\xe2\x96\x81anyag', b'\xe2\x96\x81En', b'\xc3\xb3d', b'\xe2\x96\x81lehetet', b'\xc3\xb3k', b'\xc3\x8d', b'\xe2\x96\x81k\xc3\xa9rd\xc3\xa9s', b'n\xc3\xa9', b'emberek', b'\xc3\xb6s', b'\xe2\x96\x81r\xc3\xa9szt', b'\xe2\x96\x81szabad', b'ket', b'\xe2\x96\x81alapj', b'\xe2\x96\x81nyom', b'dig', b'nap', b'ut\xc3\xa1n', b'si', b'\xe2\x96\x81vezet\xc5\x91', b'\xe2\x96\x81este', b'\xc3\xbcnk', b'\xe2\x96\x81maga', b't\xc3\xa1n', b'ing', b'\xe2\x96\x81alap', b'\xe2\x96\x81k\xc3\xb6r', b'\xe2\x96\x81t\xc3\xb6bbs\xc3\xa9g', b'\xc3\xa9ny', b'\xe2\x96\x81Magyar', b'\xe2\x96\x81legal\xc3\xa1bb', b'\xe2\x96\x81egyes', b'\xe2\x96\x81ezek', b'\xe2\x96\x816', b'ad', b'\xe2\x96\x81akar', b'\xe2\x96\x81legyen', b'\xe2\x96\x81nyelv', b'imi', b'\xe2\x96\x81\xc3\xadr', b'\xe2\x96\x81p\xc3\xa9nz', b'\xe2\x96\x81haza', b'\xe2\x96\x81l\xc3\xa9v', b'\xe2\x96\x81orvos', b'\xe2\x96\x81Tit', b'\xe2\x96\x81EU', b'\xe2\x96\x81siker', b'\xe2\x96\x81terv', b'\xe2\x96\x81sz\xc3\xadnpad', b'\xe2\x96\x81W', b'\xe2\x96\x81k\xc3\xadv\xc3\xa1n', b'\xe2\x96\x81er\xc5\x91', b'\xe2\x96\x81jegyz', b'um', b'\xe2\x96\x81cs\xc3\xb6kkent', b'\xe2\x96\x81egy\xc3\xa9b', b'\xe2\x96\x81szemben', b'\xe2\x96\x81jelenleg', b'\xe2\x96\x81k\xc3\xb6zel', b'\xe2\x96\x81N', b'hat\xc3\xb3', b'\xe2\x96\x81D', b'\xe2\x96\x81szak\xc3\xa9rt\xc5\x91', b'\xe2\x96\x81id\xc3\xa9', b'lenne', b'\xe2\x96\x81\xc3\xa1r', b'\xe2\x96\x81k\xc3\xb6r\xc3\xbcl', b'\xe2\x96\x81munka', b'\xe2\x96\x81vissza', b'\xe2\x96\x81\xc3\xbajra', b'\xe2\x96\x81tagja', b'\xc3\xa1st', b'\xe2\x96\x81egym\xc3\xa1s', b'\xe2\x96\x81szerd\xc3\xa1', b'ck', b'\xe2\x96\x81j\xc3\xb3l', b'\xe2\x96\x8119', b'0', b'tette', b'za', b'\xe2\x96\x81b\xc3\xa1r', b'\xe2\x96\x81Sz', b'\xe2\x96\x81sz\xc3\xb3', b'csk', b'\xe2\x96\x81\xc3\x89', b'\xe2\x96\x81s\xc3\xad', b't\xc3\xa9', b'v', b'\xe2\x96\x81jelent\xc5\x91s', b'j\xc3\xa1n', b'\xe2\x96\x81k\xc3\xa9pvisel\xc5\x91', b'\xe2\x96\x81hatalom', b'\xe2\x96\x81vol', b'\xe2\x96\x81val\xc3\xb3', b'\xe2\x96\x81t\xc3\xb6rv\xc3\xa9ny', b'ce', b'k\xc3\xa9pp', b'\xe2\x96\x81m\xc5\xb1k\xc3\xb6d', b'mel', b'\xe2\x96\x81l\xc3\xa1t', b'\xe2\x96\x81l\xc3\xa9p', b'\xe2\x96\x81film', b'\xe2\x96\x81ebb', b'\xe2\x96\x8110', b'\xe2\x96\x81ismert', b'\xe2\x96\x81r\xc3\xa9sz', b'tel', b'\xc3\xa1b', b'\xe2\x96\x81marad', b'\xe2\x96\x8140', b'F', b'\xe2\x96\x81imm', b'hosszabb', b'\xc3\xa9se', b'\xe2\x96\x81gyors', b't\xc3\xadv', b'\xe2\x96\x81szinte', b'\xe2\x96\x81tette', b'\xe2\x96\x81lehet\xc5\x91', b'\xe2\x96\x81hat', b'gazdas\xc3\xa1g', b'\xe2\x96\x81p', b'\xe2\x96\x81k\xc3\xa9pes', b'\xe2\x96\x81hajland\xc3\xb3', b'elm\xc3\xbalt', b'\xe2\x96\x81Meg', b'\xe2\x96\x81hi\xc3\xa1ny', b'D', b'tag', b'\xe2\x96\x81nagyobb', b'\xc3\xa1ra', b'\xe2\x96\x81tart', b'\xe2\x96\x81sz\xc3\xa1z', b'\xe2\x96\x81lehet\xc5\x91s\xc3\xa9g', b'\xe2\x96\x81K\xc3\xb6z', b'nal', b'\xe2\x96\x81\xc3\x89s', b'\xe2\x96\x81teszi', b'\xc3\xb6n', b'\xe2\x96\x81pe', b'z\xc3\xb3', b'ha', b'\xe2\x96\x81al\xc3\xa1', b'og', b'\xe2\x96\x81ideiglenes', b'2', b'6', b'\xe2\x96\x81z\xc3\xa1r', b'oldal', b'\xe2\x96\x81szavak', b'\xe2\x96\x81\xc3\xadrt', b'\xe2\x96\x81t\xc3\xa1rsas\xc3\xa1g', b'\xe2\x96\x81arr', b'\xc3\xadg', b'\xe2\x96\x81jelen', b'ene', b'\xe2\x96\x81hat\xc3\xb3s\xc3\xa1gok', b'\xe2\x96\x81h\xc3\xadr', b'rel', b'\xe2\x96\x81bal', b'\xe2\x96\x81azok', b'\xe2\x96\x81jelentett', b'\xe2\x96\x81Eur\xc3\xb3pa', b'\xe2\x96\x81szeptember', b'\xe2\x96\x81ezel\xc5\x91tt', b'\xe2\x96\x81lett', b'\xe2\x96\x81ism\xc3\xa9t', b'\xe2\x96\x81\xc3\xa9n', b'\xe2\x96\x81k\xc3\xa9sz\xc3\xbcl', b'\xe2\x96\x81alkotm\xc3\xa1ny', b'\xe2\x96\x81\xc3\xa1llamf\xc5\x91', b'\xe2\x96\x81hivatkoz', b'\xe2\x96\x81v\xc3\xa1laszt\xc3\xa1sok', b'\xe2\x96\x81HVG', b'.-', b'\xe2\x96\x81T\xc3\xb6r\xc3\xb6korsz\xc3\xa1g', b'\xe2\x96\x81folyamatos', b'\xe2\x96\x81eddigi', b'\xc3\xa1szl', b'\xe2\x96\x81P\xc3\xa9ter', b';', b'\xe2\x96\x81\xc3\xa9rdek', b'\xe2\x96\x81teh', b'zsi', b'\xe2\x96\x81jut', b'dik', b'\xe2\x96\x81v\xc3\xa1l', b'tal\xc3\xa1n', b'\xe2\x96\x81csup', b'\xe2\x96\x81k\xc3\xb6zleked\xc3\xa9s', b'\xe2\x96\x81szerepe', b'\xe2\x96\x81infl\xc3\xa1ci\xc3\xb3', b'\xe2\x96\x81k\xc3\xb6zvetlen', b'ls\xc5\x91', b'\xe2\x96\x81folytat', b'\xe2\x96\x81v\xc3\xa1r', b'lat', b'szer', b'\xe2\x96\x81\xc3\xa9ves', b'\xe2\x96\x81form\xc3\xa1', b'\xe2\x96\x81er\xc5\x91s', b'\xc5\x91ket', b'\xe2\x96\x81\xc3\xa9l\xc5\x91', b'\xe2\x96\x81maguk', b'\xe2\x96\x81kelet', b'\xe2\x96\x81n\xc3\xa9lk\xc3\xbcl', b'\xe2\x96\x81De', b'\xe2\x96\x81Ami', b'\xe2\x96\x81siker\xc3\xbcl', b'ov\xc3\xa1', b'\xe2\x96\x81vas', b'm\xc3\xa9ter', b'\xe2\x96\x81te', b'\xe2\x96\x81indul', b'\xe2\x96\x81h\xc3\xa1z', b'csi', b'ktor', b'\xe2\x96\x81Ze', b'\xe2\x96\x81tan\xc3\xa1cs', b'\xe2\x96\x81nyolc', b'\xe2\x96\x81lakos', b'\xe2\x96\x81kapcsolat', b'\xe2\x96\x8111', b'\xe2\x96\x81k\xc3\xb3rh\xc3\xa1zba', b'\xe2\x96\x81\xc3\xa1llt', b'pal', b'\xe2\x96\x81s\xc3\xbaly', b'h\xc3\xa1z', b'itt', b'\xe2\x96\x81O', b's\xc3\xa1g\xc3\xa1', b'\xe2\x96\x81n\xc3\xa9z', b'\xe2\x96\x81rendk\xc3\xadv\xc3\xbcl', b'ol', b'\xe2\x96\x81c\xc3\xa9l', b'akon', b'ar', b'\xe2\x96\x81k\xc3\xb6vetkez', b'\xe2\x96\x81Ki', b'\xe2\x96\x81szem\xc3\xa9ly', b'zs', b'\xe2\x96\x81vesz', b'\xe2\x96\x81pontos', b'\xe2\x96\x81mag\xc3\xa1t', b'v\xc3\xa1lt', b'\xe2\x96\x81sz\xc3\xadn', b'ur', b'\xe2\x96\x81lev\xc3\xa9l', b'\xe2\x96\x81\xc3\xadr\xc3\xb3', b'\xe2\x96\x81vele', b'\xe2\x96\x81oszt', b'\xe2\x96\x81kato', b'\xe2\x96\x81meg\xc3\xa9rkez', b'\xe2\x96\x81november', b'\xe2\x96\x81m\xc5\xb1', b'\xe2\x96\x81Mert', b'm\xc3\xa9ny', b'\xe2\x96\x81katona', b'\xe2\x96\x81hor', b'da', b'mint', b'\xe2\x96\x81h\xc3\xa1bor\xc3\xba', b'\xe2\x96\x81tett', b'\xe2\x96\x81gondol', b'\xe2\x96\x81ellenz\xc3\xa9ki', b'\xe2\x96\x81idej\xc3\xa9', b'\xe2\x96\x81olaj', b'\xe2\x96\x81tag', b'\xe2\x96\x81saj\xc3\xa1t', b'oha', b'am', b'\xe2\x96\x81\xc3\x9a', b'\xe2\x96\x81zen\xc3\xa9', b'hard', b'\xe2\x96\x81egykor', b'\xe2\x96\x81Ja', b'\xe2\x96\x81k\xc3\xb6zt\xc3\xa1rsas\xc3\xa1g', b'\xe2\x96\x81\xc3\xbcgy', b'\xe2\x96\x81k\xc3\xb6z\xc3\xb6lt', b'oszkva', b'\xe2\x96\x81Orb\xc3\xa1n', b'zoci\xc3\xa1ldemokrat\xc3\xa1k', b'\xe2\x96\x815', b'\xe2\x96\x817', b'\xe2\x96\x81sz\xc3\xa1zal\xc3\xa9k\xc3\xa1', b'\xe2\x96\x81tart\xc3\xb3', b'\xe2\x96\x81m\xc3\xa9rt\xc3\xa9k', b'\xe2\x96\x81mag\xc3\xa1n', b'\xe2\x96\x81t\xc5\x91ke', b'kon', b'olt', b'\xc3\xa1z', b'\xe2\x96\x81szervezet', b'\xe2\x96\x81mag\xc3\xa1', b'gel', b'\xe2\x96\x81v\xc3\xa1llalatok', b'\xe2\x96\x81hamar', b'ipar', b'\xc3\xa1bb', b'\xc3\xa1s\xc3\xa1t', b'u\xc3\xa1lis', b'\xe2\x96\x81r\xc3\xb6vid', b'\xe2\x96\x81\xc3\xbajabb', b'\xe2\x96\x81kezd\xc5\x91d', b'\xe2\x96\x81\xc3\xb6n', b'ci\xc3\xb3', b'ran', b'\xe2\x96\x81\xc3\xa1ll', b'atlan', b'\xe2\x96\x81k\xc3\xb6z\xc3\xb6tti', b'\xe2\x96\x81t\xc3\xa9ny', b'ur\xc3\xb3pa', b'okba', b'szik', b'\xe2\x96\x81seg\xc3\xadt', b'el\xc5\x91tt', b'\xe2\x96\x81beruh\xc3\xa1z\xc3\xa1s', b'\xe2\x96\x81k\xc3\xbclf\xc3\xb6ld', b'ny', b'\xe2\x96\x818', b'\xe2\x96\x81jelent', b'\xe2\x96\x81keres', b'\xe2\x96\x81tervez', b'\xe2\x96\x81napok', b'\xe2\x96\x81\xc3\xa9rz', b'\xe2\x96\x81Hi', b'\xc3\xadt', b'\xe2\x96\x81k\xc3\xb6nny', b'\xe2\x96\x81helyi', b'\xe2\x96\x81vezet\xc5\x91i', b'\xe2\x96\x81busz', b'\xe2\x96\x81term\xc3\xa9szetes', b'\xe2\x96\x81l\xc3\xa1tsz', b'\xe2\x96\x81ter', b'\xc3\xadtani', b'\xe2\x96\x81csin\xc3\xa1l', b'forgalom', b'ly', b'\xe2\x96\x81men', b'tal\xc3\xa1lt', b'\xe2\x96\x81tudn', b'talan', b'leges', b'y\xc3\xa9b', b'tra', b'V', b'\xe2\x96\x81test\xc3\xbclet', b'or', b'\xe2\x96\x813', b'\xe2\x96\x81Mik', b'\xe2\x96\x81\xc3\xa9let\xc3\xa9', b'\xe2\x96\x81baleset', b'ltak', b'\xe2\x96\x81Sv\xc3\xa1jc', b'\xe2\x96\x81ellenz\xc3\xa9k', b'\xe2\x96\x81igaz', b'eti', b'\xe2\x96\x81szerep\xc3\xa9', b'\xe2\x96\x81\xc3\xa9rtelm', b'\xe2\x96\x81f\xc3\xa9rfi', b'\xe2\x96\x81ahogy', b'\xe2\x96\x81sz\xc3\xb6vets\xc3\xa9g', b'p', b'\xe2\x96\x81alap\xc3\xadtv\xc3\xa1ny', b'\xc3\xa9b', b'\xe2\x96\x81embere', b'yal', b'\xe2\x96\x81benne', b'\xe2\x96\x81egyszer\xc5\xb1', b'S', b'\xe2\x96\x81jugoszl\xc3\xa1v', b'heti', b'son', b's\xc3\xa1ga', b'\xe2\x96\x81t\xc3\xb6rt\xc3\xa9net', b'\xe2\x96\x81partiz\xc3\xa1n', b'\xe2\x96\x81el\xc3\xa9g', b'\xe2\x96\x81szovjet', b'\xe2\x96\x81m\xc3\xb3do', b'\xe2\x96\x81adta', b'kre', b'k\xc3\xa1n', b'\xe2\x96\x81Moszkv\xc3\xa1ba', b'\xe2\x96\x81v\xc3\xa9gzet', b'szel', b'\xe2\x96\x81Ho', b'\xe2\x96\x81megfelel\xc5\x91', b'\xe2\x96\x81\xc3\xa9rint', b'\xe2\x96\x81meg\xc3\xa1llapod\xc3\xa1s', b'ug', b'\xe2\x96\x81EBESZ', b'\xe2\x96\x81k\xc3\xa9sz', b'\xe2\x96\x81kedvez\xc5\x91', b'\xe2\x96\x81n\xc5\x91', b'\xe2\x96\x81fel\xc3\xa9', b'udapesti', b'van', b'\xe2\x96\x81munk\xc3\xa1', b'\xe2\x96\x81szolg\xc3\xa1l', b'\xe2\x96\x81sz\xc3\xadnh\xc3\xa1z', b'\xe2\x96\x81k\xc3\xa9z', b'\xe2\x96\x81\xc3\xa1ll\xc3\xadtj', b'hogy', b'\xe2\x96\x81\xc3\xa9rt\xc3\xa9k', b'man', b'mos', b'\xe2\x96\x81200', b'8', b'\xe2\x96\x81Ger', b'b\xc3\xa9', b'edett', b'r\xc3\xa9szt', b'\xe2\x96\x81neve', b'\xe2\x96\x81ny\xc3\xbajt', b'ro', b'\xe2\x96\x81Tudjman', b'\xe2\x96\x81k\xc3\xa9rd\xc3\xa9sek', b'\xe2\x96\x81k\xc3\xbcl\xc3\xbcgyminiszter', b'\xc3\xbcgy', b'\xe2\x96\x8120', b'\xe2\x96\x81nyugat', b'\xe2\x96\x81AIDS', b'\xe2\x96\x811997', b'ondo', b'\xe2\x96\x81Re', b'\xe2\x96\x81Schr\xc3\xb6der', b'\xc3\xa1ci\xc3\xb3', b'\xe2\x96\x81tartott', b'\xe2\x96\x81Kar', b'kovics', b'\xe2\x96\x81keret\xc3\xa9', b'\xe2\x96\x81foly', b'm\xc3\xa9ret', b'gal', b'\xe2\x96\x81jelent\xc5\x91s\xc3\xa9g', b'het\xc5\x91', b'\xe2\x96\x81m\xc3\xbal', b'\xe2\x96\x81polg\xc3\xa1r', b'\xe2\x96\x81k\xc3\xb6zelm\xc3\xbalt', b'\xc3\xa1lis', b'\xe2\x96\x81t\xc3\xa1vol', b'\xe2\x96\x81v\xc3\xa1ls\xc3\xa1g', b'\xe2\x96\x81katasztr\xc3\xb3fa', b'\xe2\x96\x81m\xc3\xb6g\xc3\xb6tt', b'\xe2\x96\x81mutat', b's\xc3\xa9ges', b'eit', b'\xe2\x96\x81neh\xc3\xa9z', b'\xe2\x96\x81venni', b'nia', b'\xe2\x96\x81m\xc3\xa9r', b'\xe2\x96\x81k\xc3\xb6sz\xc3\xb6nhet\xc5\x91', b'\xe2\x96\x81tavalyi', b'\xe2\x96\x81m\xc3\xa1sod', b'P', b'\xe2\x96\x812000', b'\xe2\x96\x81rossz', b'\xe2\x96\x81\xc3\xa9rkez', b'\xe2\x96\x81hi\xc3\xa1ny\xc3\xa1', b'\xe2\x96\x81n\xc3\xb6vek', b'\xe2\x96\x81teljes\xc3\xadtm\xc3\xa9ny', b'\xe2\x96\x81sz\xc3\xa1m\xc3\xadt', b'\xe2\x96\x81Budapesti', b'\xc3\xa1j\xc3\xa1', b'and\xc3\xb3', b'zer', b'\xe2\x96\x81199', b'1-', b'\xe2\x96\x8131', b'\xe2\x96\x81szak', b'\xe2\x96\x81c\xc3\xa9gek', b'\xe2\x96\x81amelyek', b'\xe2\x96\x81egyetem', b'\xe2\x96\x81Nap', b'\xe2\x96\x81jobb', b'\xe2\x96\x81ker\xc3\xbclhet', b'ad\xc3\xb3', b'\xe2\x96\x81szem\xc3\xa9lyes', b'hatta', b'\xc3\xbatt', b'\xe2\x96\x81alig', b'\xe2\x96\x81fek', b'\xe2\x96\x81voltak', b'\xc3\xb3ri\xc3\xa1', b'\xe2\x96\x81utas', b'\xe2\x96\x81p\xc3\xa1r', b'\xe2\x96\x81probl\xc3\xa9m\xc3\xa1', b'\xe2\x96\x81d\xc3\xb6nt\xc3\xa9s', b'\xe2\x96\x81ker', b's\xc3\xa1gosa', b'\xe2\x96\x81egyes\xc3\xbclet', b'\xe2\x96\x81napirend', b'\xc3\xadtotta', b'akadt', b'\xe2\x96\x81aut\xc3\xb3', b'\xc3\xa1ba', b'elem', b'dt', b'\xe2\x96\x81hi\xc3\xa1ba', b'f\xc3\xa9le', b'kezel\xc5\x91', b'\xe2\x96\x81El', b'\xe2\x96\x81igyekez', b'\xe2\x96\x81n\xc3\xa9p', b'\xe2\x96\x81sz\xc3\xbclet', b'\xe2\x96\x81Aki', b'\xe2\x96\x81kez\xc3\xa9', b'\xe2\x96\x81h', b'get', b'jen', b'\xe2\x96\x81Cs', b'\xe2\x96\x81polg\xc3\xa1rmester', b'\xc3\xa1cs', b'\xe2\x96\x81t\xc3\xa1j\xc3\xa9koztat', b'\xe2\x96\x81lapunk', b'\xe2\x96\x81bizotts\xc3\xa1g', b'\xe2\x96\x81j\xc3\xa1rm\xc5\xb1', b'\xe2\x96\x81Andr\xc3\xa1s', b'\xe2\x96\x81korl\xc3\xa1toz', b'ca', b'\xe2\x96\x81hagy', b's\xc3\xb3', b'\xe2\x96\x81egyh\xc3\xa1z', b'\xe2\x96\x81helyet', b'\xe2\x96\x81alak\xc3\xadtotta', b'\xc3\xa9st', b'\xe2\x96\x81opera', b'\xe2\x96\x81hatalmas', b'\xe2\x96\x81\xc3\xb3r\xc3\xa1', b'sel', b'\xe2\x96\x81Ol', b'\xc3\xb6t', b'd\xc3\xb3', b'\xe2\x96\x814', b'tat', b'\xe2\x96\x81\xc3\xa1llapot', b'\xe2\x96\x81vezette', b'\xe2\x96\x81N\xc3\xa9metorsz\xc3\xa1g', b'ut', b'ch', b't\xc3\xbck', b'\xe2\x96\x81Minden', b'\xe2\x96\x81sze', b'\xe2\x96\x81mindenki', b'\xe2\x96\x81v\xc3\xa9l', b'\xe2\x96\x81jelent\xc3\xa9s\xc3\xa9', b'\xc3\xa1r\xc3\xb3l', b'\xe2\x96\x81h\xc3\xadres', b'ne', b'sa', b'kus', b'\xe2\x96\x81jutott', b'\xe2\x96\x81besz\xc3\xa9d', b'lom', b'\xe2\x96\x81\xc3\xa9rv\xc3\xa9ny', b'\xe2\x96\x81pr', b'\xe2\x96\x81er', b'mat', b'\xe2\x96\x81\xc3\xa9rdekes', b'\xe2\x96\x81tulajdon', b'lehet', b'\xe2\x96\x81nev\xc3\xa9', b'\xe2\x96\x81Vol', b'zott', b'\xe2\x96\x81bar\xc3\xa1t', b'\xe2\x96\x81hangz', b'ait', b'\xc5\x91k', b'\xe2\x96\x81elej', b'\xe2\x96\x81m\xc3\xa1rcius', b'le', b'\xe2\x96\x81tev\xc3\xa9kenys\xc3\xa9g', b'k\xc3\xa1r', b't\xc3\xa1rs', b'csoport', b'\xc3\xa9p', b'l\xc3\xb3', b'\xe2\x96\x81kiz\xc3\xa1r', b'\xe2\x96\x81nevez', b'ni\xc3\xb3', b'\xe2\x96\x81f\xc5\xb1t\xc5\x91olaj', b'\xe2\x96\x81n\xc3\xa9m', b'erre', b'\xe2\x96\x81NATO', b'\xe2\x96\x81seg\xc3\xa9ly', b'end\xc5\x91', b'\xe2\x96\x81egy\xc3\xbcttm\xc5\xb1k\xc3\xb6d\xc3\xa9s', b'\xc3\xa9ves', b'\xe2\x96\x81\xc3\xbcl', b'\xe2\x96\x81bariton', b'\xe2\x96\x81J', b'\xe2\x96\x81m\xc5\xb1v\xc3\xa9sz', b'\xe2\x96\x81biztons\xc3\xa1g', b'ri', b'\xe2\x96\x81szint', b'\xe2\x96\x81v\xc3\xa1llal', b'\xe2\x96\x81besz\xc3\xa9l', b'\xe2\x96\x81foglalkoz', b'\xe2\x96\x81produkci\xc3\xb3', b'\xe2\x96\x81m\xc5\xb1faj', b'\xe2\x96\x81muzsik\xc3\xa1', b'm\xc5\xb1v\xc3\xa9szet', b'0-', b'\xe2\x96\x81alkot\xc3\xb3', b'\xe2\x96\x81album', b'\xe2\x96\x81\xc3\xa9rdekl\xc5\x91d\xc5\x91k', b'l\xc3\xa1s\xc3\xa1', b'u', b'\xe2\x96\x81k\xc3\xb6nyv', b'\xe2\x96\x81\xc3\xa1rver\xc3\xa9s', b'\xe2\x96\x81tulajdonosa', b'szobro', b'\xe2\x96\x81M\xc3\xa1r', b'\xe2\x96\x81szobor', b'\xe2\x96\x81Tu', b'milyen', b'\xe2\x96\x81d\xc3\xb6nt', b'\xe2\x96\x81utal', b'\xc3\xa1nt', b'\xe2\x96\x81fot\xc3\xb3', b'\xe2\x96\x81tervezet', b'\xe2\x96\x81eddig', b'\xe2\x96\x81akci\xc3\xb3', b'\xe2\x96\x81kedd', b'\xe2\x96\x81tartj', b'\xe2\x96\x81t\xc3\xb6rv\xc3\xa9nyt', b'jo', b'\xe2\x96\x81szavazat', b'\xe2\x96\x81elfogad', b'\xe2\x96\x81helyettes\xc3\xadt\xc3\xa9s', b'\xe2\x96\x81Cseh', b'szlov\xc3\xa1kia', b'\xe2\x96\x81Kouchner', b'\xe2\x96\x81b\xc3\xadr\xc3\xa1lat', b'\xe2\x96\x81rend\xc5\x91r', b'\xe2\x96\x81Martonyi', b'\xe2\x96\x81Vi', b'\xe2\x96\x81r\xc3\xa9sz\xc3\xa9', b'pa', b'\xe2\x96\x81h\xc3\xa9tf\xc5\x91', b'av', b'\xe2\x96\x81r\xc3\xa9', b'v\xc3\xa9n', b'\xe2\x96\x81vett', b'K', b'\xe2\x96\x81Bundes', b'\xe2\x96\x81j\xc3\xbanius', b'\xe2\x96\x81olasz', b'\xe2\x96\x81program', b'\xe2\x96\x81ad\xc3\xb3', b'\xe2\x96\x81t\xc3\xa1mad\xc3\xa1sok', b'\xe2\x96\x811998', b'\xe2\x96\x81\xc3\xa1tmeneti', b'\xe2\x96\x81t\xc5\x91k\xc3\xa9', b'\xe2\x96\x81Br\xc3\xb3ker', b'\xe2\x96\x81Erst', b'\xe2\x96\x81takar\xc3\xa9kos', b'\xe2\x96\x81Kfor', b'\xe2\x96\x81konjunkt\xc3\xbara', b'\xe2\x96\x81gyakor', b'p\xc3\xa9nz\xc3\xbcgyminiszter', b'kad\xc3\xa9mia', b'\xe2\x96\x81term\xc3\xa9szet', b'anyag', b'\xe2\x96\x81kereslet', b'\xe2\x96\x81piac', b'hat\xc3\xb3s\xc3\xa1g', b'\xe2\x96\x81v\xc3\xa9letlen', b'\xe2\x96\x81n\xc3\xb6veked\xc3\xa9s', b'\xe2\x96\x81fo', b'\xe2\x96\x81j\xc3\xb6n', b'\xe2\x96\x81l\xc3\xa9tre', b'\xe2\x96\x81eltelt', b'f\xc3\xa9l', b'4', b'\xe2\x96\x81helyett', b'aszt\xc3\xb3', b'\xe2\x96\x81re\xc3\xa1l', b'\xe2\x96\x81l\xc3\xa9g', b'\xe2\x96\x81jellemz\xc5\x91', b'\xe2\x96\x81sz\xc3\xa1mol', b's\xc5\x91', b'\xe2\x96\x81Fel', b'vet\xc5\x91', b'\xe2\x96\x81sz\xc3\xbcks\xc3\xa9ges', b'\xe2\x96\x81j\xc3\xa1r', b'\xe2\x96\x81alakult', b'\xe2\x96\x81ah', b'\xe2\x96\x81t\xc3\xa9r', b'marad\xc3\xa1s', b'rancia', b'\xe2\x96\x81n\xc3\xb6veked\xc3\xa9s\xc3\xa9', b'\xe2\x96\x81fogyaszt', b'\xe2\x96\x81export', b'ult', b'\xe2\x96\x81fizet\xc3\xa9s', b'\xe2\x96\x81ad\xc3\xb3ss\xc3\xa1g', b'\xe2\x96\x81cs\xc3\xb6kken', b'\xe2\x96\x81\xc3\xa9lelm', b'ex', b'szal', b'\xe2\x96\x81rendez', b'\xe2\x96\x81k\xc3\xb6zpont', b'\xe2\x96\x81v\xc3\xa1llalat', b'\xe2\x96\x81rendezv\xc3\xa9ny', b'irod\xc3\xa1k', b'ny\xc3\xa1', b'\xe2\x96\x81di\xc3\xa1kok', b'\xe2\x96\x81kiadv\xc3\xa1ny', b'\xe2\x96\x81legfel', b'\xe2\x96\x81lak\xc3\xb3i', b'szok', b'\xe2\x96\x81egyed', b'\xe2\x96\x81k\xc3\xbczd', b'\xe2\x96\x81perc', b'szen', b'\xe2\x96\x81\xc3\xb6nk\xc3\xa9n', b'tes', b'\xe2\x96\x81t\xc5\xb1zolt\xc3\xb3k', b'\xe2\x96\x8112', b'kocsi', b'\xe2\x96\x81utaz', b'\xe2\x96\x81eln\xc3\xb6k\xc3\xb6', b'ppe', b'val\xc3\xb3', b'munk\xc3\xa1s', b'\xe2\x96\x81k\xc3\xa9nyszer', b'ep', b'g\xc3\xa9pkocsi', b'op', b'\xe2\x96\x81neki', b'\xe2\x96\x81ir\xc3\xa1ny', b'megy', b'\xe2\x96\x81K\xc3\xa9t', b'\xe2\x96\x81ide', b'\xe2\x96\x81m\xc3\xa1sok', b'\xe2\x96\x81se', b'mes', b'\xe2\x96\x81lap', b'\xe2\x96\x81biztos', b'\xe2\x96\x81igaz\xc3\xa1', b'uty', b'omba', b'\xe2\x96\x81Er', b'\xc5\x90', b'\xe2\x96\x81sz\xc3\xa1ll\xc3\xadt', b'\xe2\x96\x81Vesz', b'pr', b'\xc3\xa9m', b'\xe2\x96\x81seg\xc3\xadts\xc3\xa9g\xc3\xa9', b'ed', b'un', b'\xc3\xa1ltal\xc3\xa1n', b'\xe2\x96\x81v\xc3\xa9d', b'titk\xc3\xa1r', b'\xe2\x96\x81szenved', b'\xc3\xa9rt\xc3\xa9k', b'vid\xc3\xa9k', b'\xe2\x96\x81kamionok', b'\xe2\x96\x81buszok', b'ht', b'\xc3\xa1ga', b'\xe2\x96\x81igazgat\xc3\xb3j', b'\xe2\x96\x81fu', b'\xe2\x96\x81Min', b'hatatlan', b'\xe2\x96\x81fal', b'co', b'\xe2\x96\x81vonat', b'\xe2\x96\x81rend\xc5\x91rs\xc3\xa9g', b'\xe2\x96\x81kialakul', b'ord', b'\xe2\x96\x81b\xc3\xadz', b'\xe2\x96\x81Egyes\xc3\xbcl', b'szor', b'yan', b'\xc3\xb6z', b'\xe2\x96\x81mer', b'kos', b'\xe2\x96\x8128', b'etes', b'9', b'\xe2\x96\x81hossz', b'\xe2\x96\x81sokak', b'\xe2\x96\x81l\xc3\xa9gi', b'\xe2\x96\x81\xc3\x81llamok', b'\xe2\x96\x81...', b'\xe2\x96\x81jelent\xc3\xa9s', b'c', b'\xe2\x96\x81Oroszorsz\xc3\xa1g', b'\xe2\x96\x81n\xc3\xa9lk\xc3\xbcli', b'iad\xc3\xb3', b'\xe2\x96\x81hal\xc3\xa1l', b'm\xc3\xa1', b'fon', b'\xe2\x96\x81f\xc3\xa9ny', b'mond', b'\xe2\x96\x81t\xc3\xa1rsadalom', b'\xe2\x96\x81fenntart', b'\xe2\x96\x81demokrati', b'\xe2\x96\x81kult\xc3\xbar', b'anul', b'\xe2\x96\x81legut\xc3\xb3bb', b'\xe2\x96\x81nagyk\xc3\xb6vets\xc3\xa9g', b'\xe2\x96\x81fizet', b'\xe2\x96\x81nyilv\xc3\xa1n', b'\xe2\x96\x81nagyk\xc3\xb6vet', b'pap\xc3\xadr', b'zon', b'bon', b'\xe2\x96\x81mutatj', b'\xe2\x96\x81level\xc3\xa9', b'\xe2\x96\x81lemond', b'\xe2\x96\x81aj\xc3\xa1nl', b'\xe2\x96\x81utol', b'\xe2\x96\x81per', b'\xe2\x96\x81l\xc3\xa9lek', b'cla', b'Gy\xc3\xb6rgy', b'ppan', b'\xe2\x96\x81kiv\xc3\xa1l', b'\xe2\x96\x81n\xc3\xa9metek', b'\xe2\x96\x81h\xc5\x91s', b'\xe2\x96\x81t\xc3\xa1bor', b'\xe2\x96\x81igen', b'\xe2\x96\x81angol', b'\xe2\x96\x81k\xc3\xbcld', b'\xe2\x96\x81tisztelet', b'la', b'\xe2\x96\x81beteg', b'\xe2\x96\x81!', b'\xc3\xbclt', b'ud', b'\xe2\x96\x81sz\xc3\xadv', b'l\xc3\xa9', b'\xe2\x96\x81cse', b'\xe2\x96\x81Akkor', b'ir', b'\xe2\x96\x81\xc3\xa9rte', b'zal', b'\xc3\xa1ltal', b'\xe2\x96\x81bele', b'\xe2\x96\x81december', b'\xe2\x96\x81fogad', b'katon\xc3\xa1k', b'vit', b'\xe2\x96\x81lel', b'\xc3\xadr', b'\xe2\x96\x81j', b'\xe2\x96\x81megkezd', b'\xe2\x96\x81olvas', b'\xe2\x96\x81szomsz\xc3\xa9d', b'\xe2\x96\x81forma', b'\xe2\x96\x81akad', b'\xc3\xa1sok', b'\xe2\x96\x81sz\xc3\xa9t', b'tart', b'\xe2\x96\x81rend', b'\xe2\x96\x81Szerb', b'\xe2\x96\x81fejleszt\xc3\xa9s', b'\xe2\x96\x81vit\xc3\xa1', b'\xe2\x96\x81k\xc3\xb6lts\xc3\xa9gvet\xc3\xa9s', b'\xe2\x96\x81ig\xc3\xa9ny', b'\xe2\x96\x81ar\xc3\xa1ny', b'\xe2\x96\x81hol', b'\xe2\x96\x81szorgalmaz', b'\xe2\x96\x81Ebb', b'\xe2\x96\x81fiatal', b'\xe2\x96\x81k\xc3\xb6z\xc3\xb6ns\xc3\xa9g', b'\xe2\x96\x81\xc3\xa9vtizede', b'\xe2\x96\x81m\xc5\xb1ve', b'\xe2\x96\x81darabok', b'\xe2\x96\x81\xc3\xa9nekel', b'\xe2\x96\x81t\xc3\xa1vo', b'\xe2\x96\x81p\xc3\xa1ly\xc3\xa1', b'se', b'iskol\xc3\xa1', b'l\xc3\xb3s', b'vit\xc3\xa1s', b'\xe2\x96\x81tal\xc3\xa1lkoz', b'tiszt', b'\xe2\x96\x81zeneszerz\xc5\x91', b'\xe2\x96\x81m\xc5\xb1v\xc3\xa9szet', b'\xe2\x96\x81egyedi', b'zen\xc3\xa9', b'dal', b'\xe2\x96\x81Lis', b'\xe2\x96\x81180', b'\xe2\x96\x81koncert', b'E', b'\xe2\x96\x81lemez', b'\xe2\x96\x81nemr\xc3\xa9g', b'k\xc3\xa9t', b'\xe2\x96\x81darab', b'\xe2\x96\x81eg\xc3\xa9szs\xc3\xa9g', b'\xe2\x96\x81Ka', b'gor', b'nok', b'\xe2\x96\x81Zsolnay', b'\xe2\x96\x81t\xc3\xa1rgya', b'beli', b'\xe2\x96\x81janu\xc3\xa1r', b'\xe2\x96\x81Is', b'tv\xc3\xa1n', b'\xe2\x96\x81k\xc3\xa9pe', b'\xe2\x96\x81m\xc5\xb1t\xc3\xa1rgy', b'\xe2\x96\x81kegyt\xc3\xa1rgy', b'\xe2\x96\x81\xc3\x81', b'I', b'\xe2\x96\x81saj\xc3\xa1tos', b'\xe2\x96\x81\xc5\x91sz', b'\xe2\x96\x81list\xc3\xa1', b'n\xc3\xa1', b'\xe2\x96\x81legke', b'sti', b'er\xc5\x91', b'napi', b'\xe2\x96\x81\xc3\xbcres', b'\xe2\x96\x81\xc3\xb6t', b'\xe2\x96\x81vesz\xc3\xa9ly', b'\xe2\x96\x81n\xc3\xa9v', b'\xe2\x96\x81t\xc3\xb6rt\xc3\xa9nelm', b'mus', b'\xe2\x96\x813,', b'\xe2\x96\x81hal\xc3\xa1l\xc3\xa1', b'\xe2\x96\x81Tarzan', b'\xe2\x96\x81rajzfilm', b'\xe2\x96\x81kaland', b'\xe2\x96\x81dzsungel', b'\xe2\x96\x81kevese', b'\xe2\x96\x81t\xc3\xb6r', b'tenger', b'\xe2\x96\x81B\xc3\xa9cs', b'r\xc3\xa1k', b'j\xc3\xa1ra', b'\xe2\x96\x81\xc3\xa9p\xc3\xadt\xc3\xa9sz', b'\xe2\x96\x81Fran', b'\xe2\x96\x81\xc3\xbcl\xc3\xa9s\xc3\xa9n', b'\xe2\x96\x81tiszts\xc3\xa9g', b'v\xc3\xa1laszt\xc3\xa1s', b'\xe2\x96\x8160', b'\xe2\x96\x81napilap', b'\xe2\x96\x81szerda', b'\xe2\x96\x81Milos', b'\xe2\x96\x81koron\xc3\xa1', b'\xe2\x96\x81Bank', b'\xe2\x96\x81kite', b'\xe2\x96\x81ratifik\xc3\xa1l', b'\xe2\x96\x81elmondt', b'\xe2\x96\x8117', b'\xe2\x96\x81alb\xc3\xa1n', b'\xe2\x96\x81fegyveresek', b'\xe2\x96\x81hat\xc3\xa1r', b'T', b'\xe2\x96\x81Kon', b'k\xc3\xadv\xc3\xbcl', b'\xe2\x96\x81szerepel', b'\xe2\x96\x81m\xc3\xa1jus', b'\xe2\x96\x81j\xc3\xa1rt', b'\xe2\x96\x81rendez\xc3\xa9s', b'orosz', b'\xe2\x96\x81k\xc3\xbcl', b'\xe2\x96\x81k\xc3\xb6lcs\xc3\xb6n\xc3\xb6s', b'\xe2\x96\x81harco', b'\xe2\x96\x81oroszok', b'\xe2\x96\x81Rezn\xc3\xadk', b'ros', b'\xe2\x96\x81ellent\xc3\xa9t', b'\xe2\x96\x81k\xc3\xb6r\xc3\xbclm\xc3\xa9nyek', b'\xe2\x96\x81sz\xc3\xa9khely', b'\xe2\x96\x81enged', b'\xe2\x96\x81terhes', b'\xe2\x96\x81p\xc3\xbcsp\xc3\xb6k', b'\xe2\x96\x81tan\xc3\xa1csad\xc3\xa1s', b'\xe2\x96\x81n\xc5\x91k', b'\xe2\x96\x81igazol\xc3\xa1sok', b'\xe2\x96\x81b\xc3\xadr\xc3\xa1l', b'int\xc3\xa9zet', b'\xe2\x96\x81Cor', b'\xe2\x96\x81Ikar', b'\xe2\x96\x81ekkor', b'\xe2\x96\x81szekt', b'\xe2\x96\x811999', b'\xe2\x96\x8150', b'1', b'\xe2\x96\x81vehet', b'\xe2\x96\x811999.', b'\xe2\x96\x81hitel', b'\xe2\x96\x81j\xc3\xbalius', b'eln\xc3\xb6k', b'so', b'\xe2\x96\x81v\xc3\xa9gleg', b'\xe2\x96\x81gy\xc5\x91zel', b'\xe2\x96\x81tulajdon\xc3\xa1ba', b'\xe2\x96\x81k\xc3\xb6zgy\xc5\xb1l\xc3\xa9s', b'\xe2\x96\x81\xc3\xa1rbev\xc3\xa9tel', b'\xe2\x96\x81t\xc5\x91keemel\xc3\xa9s', b'tex', b'7', b'\xe2\x96\x81k\xc3\xa1r', b'\xe2\x96\x81s\xc3\xbajtott', b'bank', b'\xe2\x96\x81nyugd\xc3\xadj', b'\xe2\x96\x81kancell\xc3\xa1r', b'\xe2\x96\x81csomagterv', b'\xe2\x96\x81m\xc3\xa1rk\xc3\xa1t', b'\xe2\x96\x81Weltek', b'\xe2\x96\x81Orahovac', b'\xe2\x96\x81k\xc3\xb6z\xc3\xb6ss\xc3\xa9g', b'\xe2\x96\x81Trajkovics', b'\xe2\x96\x81fellend\xc3\xbcl\xc3\xa9s', b'\xe2\x96\x81fejl\xc5\x91d', b'terjed', b'centr', b'\xe2\x96\x81globaliz\xc3\xa1ci\xc3\xb3', b'gyetem', b'\xe2\x96\x81Jo', b'\xe2\x96\x81vita', b'sorozat', b'\xe2\x96\x81vil\xc3\xa1ggazdas\xc3\xa1g', b'okon', b'\xe2\x96\x81t\xc3\xa9nyez\xc5\x91', b'\xe2\x96\x81verseny', b'\xe2\x96\x81inform\xc3\xa1ci\xc3\xb3', b'\xe2\x96\x81korl\xc3\xa1tai', b'szerepl\xc5\x91', b'gen', b'\xe2\x96\x81korszer\xc5\xb1', b'n\xc3\xa9v', b'koz\xc3\xa1s', b'let', b'\xe2\x96\x81egyes\xc3\xbcl', b'mut', b'\xe2\x96\x81k\xc3\xb6vetkezm\xc3\xa9ny', b'\xe2\x96\x81kutat\xc3\xa1s', b'\xe2\x96\x81eredm\xc3\xa9nyei', b'\xe2\x96\x81hasznos', b'\xe2\x96\x81gyakorlati', b'\xe2\x96\x81R\xc3\xa9', b'\xe2\x96\x81termel\xc3\xa9s', b'\xe2\x96\x81oldal\xc3\xa1', b'\xe2\x96\x81v\xc3\xa9lem\xc3\xa9nye', b'\xe2\x96\x81vir', b'\xe2\x96\x81nevezet', b'dni', b'kelet', b'\xe2\x96\x81megsz', b'meg', b'akkor', b'alom', b'\xe2\x96\x81sz\xc3\xa9l', b'\xe2\x96\x81n\xc3\xb6veked', b'de', b'\xe2\x96\x81vizsg\xc3\xa1l', b'ezet', b'\xe2\x96\x81integr\xc3\xa1', b'\xe2\x96\x81k\xc3\xb6z\xc3\xa9p', b'ci', b'\xe2\x96\x81von', b'k\xc3\xb6zigazgat\xc3\xa1s', b'\xe2\x96\x81teremt', b'\xe2\x96\x81felt\xc3\xa9tel', b'\xe2\x96\x81konv', b'\xe2\x96\x81stabili', b't\xc3\xa1s', b'\xe2\x96\x81megsz\xc3\xbcntet\xc3\xa9s', b'hetetlen', b'\xe2\x96\x81tartan', b'\xe2\x96\x81foglalkoztat', b'\xc3\xadt\xc3\xa9s\xc3\xa9', b'\xe2\x96\x81k\xc3\xbclkereskedelm', b'\xe2\x96\x81sz\xc3\xa1m\xc3\xadtott', b'\xc3\xa9vi', b'\xe2\x96\x81oldal', b'\xe2\x96\x81szerkezet', b'\xe2\x96\x81\xc3\xa1talakul', b'\xe2\x96\x81lass', b'kritikus', b'\xe2\x96\x81\xc3\xa1ra', b'\xe2\x96\x81emelked', b'5-', b'\xc5\xb1szak', b'\xc3\xb6ssze', b'\xe2\x96\x81v\xc3\xa9gz\xc5\x91', b'\xe2\x96\x81hallgat\xc3\xb3k', b'\xc3\xa9sz', b'\xe2\x96\x81m\xc5\xb1szak', b'\xe2\x96\x81megh\xc3\xadv', b'\xe2\x96\x81konk', b'\xe2\x96\x81m\xc3\xb3dszer', b'ss', b'ze', b'\xe2\x96\x81gy\xc5\xb1jt', b'mai', b'\xe2\x96\x8145', b'\xe2\x96\x81p\xc3\xa9ld\xc3\xa1ny', b'\xe2\x96\x81megjelen', b'\xe2\x96\x81n\xc3\xa9pszer\xc5\xb1', b'\xe2\x96\x81havaz\xc3\xa1s', b'\xe2\x96\x81esztend\xc5\x91', b'\xe2\x96\x81k\xc3\xbclvil\xc3\xa1g', b'ehavaz', b'\xe2\x96\x81v\xc3\xa1g', b'yei', b'fenntart\xc3\xb3', b'g\xc3\xa9pe', b'\xe2\x96\x81haj', b'\xe2\x96\x81Pilissz\xc3\xa1nt\xc3\xb3', b'\xc3\xadtott', b'\xe2\x96\x81t\xc3\xa9rni', b'\xe2\x96\x81bor', b'\xe2\x96\x81K\xc3\xbc', b'\xe2\x96\x81elemek', b'\xe2\x96\x81Ig', b'\xe2\x96\x81emberi', b'v\xc3\xa1ri', b'\xc3\xbagy', b'okb', b'\xe2\x96\x81bizony\xc3\xadt', b'\xe2\x96\x81\xc3\xb3r\xc3\xa1k', b'\xe2\x96\x81kezd', b'\xe2\x96\x81kar', b'\xe2\x96\x81eredm\xc3\xa9nye', b'\xe2\x96\x81aut\xc3\xb3busz', b'\xe2\x96\x81kenyere', b'\xc3\xa1rad', b'\xc3\xa1ll', b'lak\xc3\xa1t', b'\xe2\x96\x81M\xc3\xa9g', b'\xc3\xa1lta', b'\xe2\x96\x81\xc3\xb3ra', b'id\xc5\x91', b'\xe2\x96\x81valaki', b'\xe2\x96\x81becs', b'\xe2\x96\x81Zsol', b'\xe2\x96\x81aut\xc3\xb3k', b'\xe2\x96\x81ment', b'\xe2\x96\x81r\xc3\xa1di\xc3\xb3', b'hangz', b'\xe2\x96\x81\xc3\xbajs\xc3\xa1gok', b'\xe2\x96\x81figyelme', b'\xe2\x96\x81k\xc3\xa9r', b'\xe2\x96\x81t\xc5\xb1z', b'bu', b'j\xc3\xa1r\xc3\xb3', b'\xe2\x96\x81h\xc3\xb3l\xc3\xa1nc', b'\xe2\x96\x81tu', b'felszerel\xc3\xa9sek', b'tro', b'\xe2\x96\x81kocsi', b'sz\xc3\xa1z', b'fal', b'ragad', b'\xe2\x96\x81baj', b'\xe2\x96\x81Mind', b'\xe2\x96\x81dolgoz\xc3\xb3', b'\xe2\x96\x81tel', b'ess\xc3\xa9g', b'\xe2\x96\x81puszt', b'\xe2\x96\x81\xc3\x9aj', b'\xe2\x96\x81el\xc3\xa9', b'\xe2\x96\x81nyugo', b'\xe2\x96\x81gyerek', b'h\xc3\xa1', b'\xe2\x96\x81Sz\xc3\xa1', b'\xe2\x96\x81Fej\xc3\xa9r', b'\xe2\x96\x81Je', b'\xe2\x96\x81Ch', b'\xe2\x96\x81Mit', b'r\xc3\xb3', b'r\xc3\xa9gi', b'\xe2\x96\x81megfogad', b'k\xc3\xb6zel', b'\xc3\xb6szt\xc3\xb6n', b'\xe2\x96\x816-', b'kezet', b'\xe2\x96\x81bizony', b'\xe2\x96\x81lez\xc3\xa1rt', b'\xe2\x96\x81megk\xc3\xb6zel\xc3\xadt', b'\xe2\x96\x81Le', b'\xe2\x96\x81ir\xc3\xa1nyb', b'\xe2\x96\x81Sza', b'beteg', b't\xc3\xb6r\xc3\xa9s', b'ment', b'v\xc3\xa9d', b'\xe2\x96\x81cs\xc3\xbct\xc3\xb6rt\xc3\xb6k', b'\xe2\x96\x81k\xc3\xb6zleked', b'magyar\xc3\xa1z', b'\xc3\xbat', b'z\xc3\xa1s', b'umi', b'\xe2\x96\x81Bal', b'ogh', b't\xc3\xa1r', b'\xe2\x96\x81felk\xc3\xa9rte', b'omo', b'\xe2\x96\x81lak\xc3\xa1s', b'don', b'ol\xc3\xb3', b'ed\xc5\x91', b'\xe2\x96\x81J\xc3\xb3zsef', b'\xe2\x96\x81V\xc3\xa9', b'viv\xc5\x91', b'\xe2\x96\x81ell\xc3\xa1t\xc3\xa1s', b'k\xc3\xa9sz\xc3\xadtett', b'\xc3\x81', b'\xe2\x96\x81j\xc3\xa1rato', b'nyugat', b'\xe2\x96\x81Vol\xc3\xa1n', b'\xe2\x96\x81aut\xc3\xb3p\xc3\xa1ly\xc3\xa1', b'\xe2\x96\x81t\xc3\xa1r', b'\xe2\x96\x81Tam\xc3\xa1s', b'\xe2\x96\x81ir\xc3\xa1ny\xc3\xadt\xc3\xa1s', b'szolg\xc3\xa1ltat\xc3\xa1s', b'\xe2\x96\x81F\xc5\x91', b'ag', b'sra', b'\xe2\x96\x81r\xc3\xa9szei', b'\xe2\x96\x81ut', b'k\xc3\xb6zleked\xc3\xa9s', b'\xe2\x96\x81t\xc3\xa9l', b'adatok', b'jev', b'emberg', b'\xe2\x96\x81195', b'\xe2\x96\x81Don', b's\xc3\xa9gbe', b'vezet\xc3\xa9k', b'\xe2\x96\x81vize', b'\xe2\x96\x81villany', b'\xe2\x96\x81szerel', b'\xe2\x96\x81Bad', b'ajo', b'ar\xc3\xa1n', b'\xe2\x96\x81rep\xc3\xbcl\xc5\x91t\xc3\xa9r', b'\xc3\xb3s', b'\xe2\x96\x8180', b'reng', b'eteg', b'\xe2\x96\x81amerikai', b'mantika', b'\xe2\x96\x81puccs', b'\xe2\x96\x81szen', b'\xc3\xa1tor', b'\xe2\x96\x81akarat', b'\xe2\x96\x81l\xc3\xa1thatt', b'\xe2\x96\x81sz\xc3\xa1zad', b'\xe2\x96\x81\xc3\xa9lt', b'\xe2\x96\x81\xc5\x91r\xc3\xbcl', b'\xe2\x96\x81szabads\xc3\xa1g', b'\xe2\x96\x81sz\xc3\xb3t', b'\xe2\x96\x81megmutat', b'\xe2\x96\x81sz\xc3\xb3t\xc3\xa1r', b'\xe2\x96\x811964', b'\xe2\x96\x81po', b'\xe2\x96\x81\xc3\xa9rtet', b'\xe2\x96\x81igazgat\xc3\xb3', b'lens\xc3\xa9ge', b'\xc3\xb6lt', b'\xe2\x96\x81szava', b'\xe2\x96\x81nyilv\xc3\xa1noss\xc3\xa1g', b'\xe2\x96\x81198', b'\xe2\x96\x81reg\xc3\xa9ny', b'\xe2\x96\x81negat\xc3\xadv', b'\xc3\xb3s\xc3\xadt\xc3\xb3', b'\xe2\x96\x81erej', b'apad', b'gyilko', b'elm', b'torlaszok', b'\xe2\x96\x81tized', b'\xe2\x96\x81oda', b'k\xc3\xa9p', b'\xe2\x96\x81t\xc3\xa9v\xc3\xa9', b'\xe2\x96\x81k\xc3\xa9rdez', b'incs', b'\xe2\x96\x81bizonyult', b'\xe2\x96\x81megteremt\xc3\xa9s\xc3\xa9', b'\xe2\x96\x81\xc3\xb6r\xc3\xb6k', b'\xc5\xb1r', b'\xe2\x96\x81partner', b'haszn\xc3\xa1lat', b'ev\xc3\xa9s', b'\xe2\x96\x81k\xc3\xa9rni', b'\xe2\x96\x81tilt', b'\xe2\x96\x81megnyit', b'utat', b'\xe2\x96\x81p\xc3\xa9lda', b'\xc3\xb6zt\xc3\xa1rsas\xc3\xa1g', b'p\xc3\xa9nz', b'\xe2\x96\x81w', b'\xe2\x96\x81l\xc3\xa1tv\xc3\xa1nyos', b'\xe2\x96\x81hangs\xc3\xbalyoz', b'\xe2\x96\x81levele', b'elet', b'v\xc3\xa9lem\xc3\xa9ny', b'\xe2\x96\x81\xc3\xa1ll\xc3\xadt\xc3\xa1s', b'\xe2\x96\x81tetsz', b'\xe2\x96\x81oszt\xc3\xa1ly', b'\xe2\x96\x81d\xc3\xadjazott', b'\xe2\x96\x81tetszen', b'\xe2\x96\x81tartoz', b's\xc3\xba', b'\xe2\x96\x81poszt', b'idesz', b'almas', b'\xe2\x96\x81bet', b'\xe2\x96\x81rang', b'\xe2\x96\x81Any', b'\xe2\x96\x81hagyom\xc3\xa1ny', b'ked\xc3\xa9s', b'szer\xc5\xb1', b'\xe2\x96\x81eset', b'\xe2\x96\x81bizon', b'l\xc3\xa1tni', b'\xe2\x96\x81pro', b'kci\xc3\xb3', b'\xe2\x96\x81k\xc3\xb6vet', b'jelentett', b'\xe2\x96\x81s\xc3\xadr', b'\xe2\x96\x81dolgo', b'\xe2\x96\x81\xc3\xb6r', b'dus', b'\xe2\x96\x81raj', b'pja', b'\xe2\x96\x81ro', b'\xe2\x96\x81kereszt', b'\xe2\x96\x81vall\xc3\xa1s', b'\xe2\x96\x81megfontol\xc3\xa1sok', b'\xe2\x96\x81\xc3\xa1ldozat', b'h\xc3\xadv', b'\xe2\x96\x81zs\xc3\xbafolt', b'munk\xc3\xa1', b'\xe2\x96\x81k\xc3\xb6teless\xc3\xa9g', b'\xe2\x96\x81eml\xc3\xa9kez', b'\xe2\x96\x81r', b'\xe2\x96\x81hegye', b'\xe2\x96\x81mag\xc3\xa1\xc3\xa9', b'\xe2\x96\x81Jugoszl\xc3\xa1vi', b'\xe2\x96\x81ilyenek', b'\xe2\x96\x81tiltakoz', b'\xe2\x96\x81oper\xc3\xa1l', b'\xe2\x96\x81kiemelt', b'\xe2\x96\x81ese', b'\xe2\x96\x81halott', b'\xe2\x96\x81diplom\xc3\xa1', b'\xe2\x96\x81bonyolult', b'\xe2\x96\x81vet', b'\xe2\x96\x81ideg', b'rendszer\xc3\xa9', b'\xe2\x96\x81felt\xc5\xb1n', b'\xe2\x96\x81megbesz\xc3\xa9l\xc3\xa9se', b'\xc3\xb3z', b'\xe2\x96\x81lelkesed', b'\xe2\x96\x81megfelel', b'\xe2\x96\x81gyakorlat', b'\xe2\x96\x81v\xc3\xa9gig', b'\xe2\x96\x81fordul', b'\xe2\x96\x81titkos', b'z\xc3\xa9s', b'zt', b'\xe2\x96\x81felold', b'\xe2\x96\x81t\xc3\xa1v', b'\xc3\xa1ny', b'\xe2\x96\x81Pel', b'\xe2\x96\x81mindazo', b'\xe2\x96\x81kedvelt', b'\xe2\x96\x81ir\xc3\xa1nt', b'\xe2\x96\x81h\xc3\xa1t', b'\xe2\x96\x81harag', b'\xe2\x96\x81szer', b'\xe2\x96\x81vil\xc3\xa1gh\xc3\xa1bor\xc3\xba', b'\xe2\x96\x81politik\xc3\xa1', b'\xe2\x96\x81tartotta', b'\xe2\x96\x81\xc3\xa9vsz\xc3\xa1zad', b'\xe2\x96\x81k\xc3\xb6telez\xc5\x91', b'm\xc3\xb3d', b'\xe2\x96\x81kezelt', b'\xe2\x96\x81in', b'\xc3\xbc', b'ty\xc3\xa1s', b'\xc3\xb6l', b'\xc3\xa1bor', b'ette', b'mez\xc5\x91', b'ven', b'\xe2\x96\x81korm\xc3\xa1nyp\xc3\xa1rt', b'\xe2\x96\x81gy\xc5\x91z', b'\xe2\x96\x81Nis', b'\xe2\x96\x81Pirot', b'\xe2\x96\x81ka', b'\xe2\x96\x81Nyugat', b'\xe2\x96\x81alkalom', b'\xe2\x96\x81szan', b'\xe2\x96\x81350', b'\xe2\x96\x81tonn', b'\xe2\x96\x81sz\xc3\xa1ll\xc3\xadtm\xc3\xa1ny', b'alist', b'\xe2\x96\x81el\xc5\x91bb', b'\xe2\x96\x81finom\xc3\xadt\xc3\xb3', b'cit\xc3\xa1s', b'der', b'f\xc5\x91', b'\xe2\x96\x81Moz', b'O', b'\xe2\x96\x81Zo', b'ztambul', b'konferenci', b'fog\xc3\xa1s', b'z\xc3\xb3d', b'\xe2\x96\x81R\xc3\xa1', b'\xe2\x96\x81uni\xc3\xb3', b'\xe2\x96\x81ford\xc3\xadt', b'\xe2\x96\x81fele', b'\xe2\x96\x81lenn', b'\xe2\x96\x81javaslat', b'olni', b'korm\xc3\xa1ny', b'\xe2\x96\x81\xc3\xb6sszeg', b'500', b'ma', b'\xe2\x96\x81pont', b'\xe2\x96\x81\xc3\xa9p\xc3\xadt\xc3\xa9s', b'\xe2\x96\x81tapasztal', b'ki\xc3\xa1lt', b'\xe2\x96\x81m\xc3\xa9ly', b'j\xc3\xb6n', b'\xe2\x96\x81hib\xc3\xa1tlan', b'alak\xc3\xadt\xc3\xa1s\xc3\xa1', b'\xe2\x96\x81\xc3\xbcnnepel', b'\xe2\x96\x81okt\xc3\xb3ber', b'ral', b'\xe2\x96\x81Mel', b'\xe2\x96\x81zene', b'alak', b'\xe2\x96\x81humor', b'\xe2\x96\x81alak\xc3\xadt', b'szerep', b'\xe2\x96\x81remek', b'\xe2\x96\x81Opera', b'ig\xc3\xa1ny', b'\xe2\x96\x81v\xc3\xa1lasztotta', b'\xe2\x96\x81oper\xc3\xa1', b'm\xc5\xb1', b'\xe2\x96\x81Al', b'\xe2\x96\x81megkapta', b'\xe2\x96\x81Nagy', b'atos', b'\xe2\x96\x81\xc3\xb6tven', b'\xe2\x96\x81\xc3\xa9vfordul\xc3\xb3', b'\xe2\x96\x81rem\xc3\xa9nykedhet', b'\xe2\x96\x81ritmus', b'\xe2\x96\x81neheze', b'\xe2\x96\x81szerepek', b'\xe2\x96\x81besz\xc3\xa9lget', b'\xe2\x96\x81kezdte', b'\xe2\x96\x81b\xc3\xa1n', b'\xe2\x96\x81Bib', b'all\xc3\xb3', b'\xe2\x96\x81Gyu', b'\xe2\x96\x81fia', b'\xe2\x96\x81darabjai', b'\xe2\x96\x81\xc3\xa9letem', b'\xe2\x96\x81tucat', b'\xe2\x96\x81el\xc3\xa9gedett', b'erlin', b'\xe2\x96\x81vend\xc3\xa9g', b'iemelked', b'\xe2\x96\x81alap\xc3\xadtott', b'\xe2\x96\x81\xc3\xa1pol', b'l\xc3\xa9p\xc3\xa9st', b'\xe2\x96\x81\xc3\xa9rthet\xc5\x91', b'\xe2\x96\x81Zeneakad\xc3\xa9mi', b'\xe2\x96\x81dr', b'\xe2\x96\x81legszebb', b'\xe2\x96\x81\xc3\xa9szre', b'eset', b'\xe2\x96\x81n\xc3\xa9z\xc5\x91', b'\xe2\x96\x81tesz', b'ompoz\xc3\xadci\xc3\xb3', b'alap\xc3\xadt\xc3\xb3', b'\xe2\x96\x81csoport', b'egy\xc3\xbcttes', b'\xe2\x96\x81kompon\xc3\xa1l', b'\xe2\x96\x81kamara', b'\xe2\x96\x81szerz\xc5\x91', b'\xe2\x96\x81Amadind', b'\xe2\x96\x81Do', b'vil\xc3\xa1go', b'\xe2\x96\x81sorozat', b'\xe2\x96\x81rem\xc3\xa9l', b'essel', b'\xe2\x96\x81kedv', b'frika', b'\xe2\x96\x81k\xc3\xb6z\xc3\xa9', b'\xe2\x96\x81Makk', b'\xe2\x96\x81munk\xc3\xa1m', b'\xe2\x96\x81febru\xc3\xa1r', b'\xe2\x96\x81Bla', b'hite', b'inc', b'\xe2\x96\x81v\xc3\xa1ltozat', b'ortu', b'\xe2\x96\x81Gal\xc3\xa9ri', b'\xe2\x96\x81l\xc3\xa1togat\xc3\xb3', b'ny\xc3\xadl', b't\xc3\xa1rgya', b'\xe2\x96\x81v\xc3\xa1laszt', b'\xe2\x96\x81gy\xc3\xa1r', b'pir', b'\xe2\x96\x81k\xc3\xa9zi', b'\xe2\x96\x81biztons\xc3\xa1g\xc3\xa1', b'\xe2\x96\x815-', b'mutatkoz', b'\xe2\x96\x81megv\xc3\xa1s\xc3\xa1rol', b'\xe2\x96\x81t\xc3\xa1mogat\xc3\xa1s', b'\xe2\x96\x81M\xc3\xbazeum', b'ical', b'ld', b'eszt', b'\xe2\x96\x81nev', b'\xe2\x96\x81tal\xc3\xa1lhat\xc3\xb3', b'lyen', b'II', b'\xe2\x96\x81Lib', b'\xe2\x96\x81szab', b'\xe2\x96\x81tulajdonos', b'\xe2\x96\x81aukci\xc3\xb3', b'\xe2\x96\x81emel', b'faj', b'cu', b'\xe2\x96\x81Pier', b'\xe2\x96\x81Mari', b'\xe2\x96\x81Ber', b'ard', b'\xe2\x96\x81m\xc5\xb1vei', b'\xe2\x96\x81Man', b'\xe2\x96\x81Jagu\xc3\xa1r', b'v\xc3\xa9s', b'\xe2\x96\x81szobr\xc3\xa1sz', b'\xe2\x96\x81ismeretlen', b'\xe2\x96\x81Vladim', b'\xc3\xa1nyos', b'd\xc5\x91', b't\xc3\xb6lten', b'\xe2\x96\x81v\xc3\xa1lasz', b'\xe2\x96\x81t\xc5\xb1n', b'rendszer', b'\xe2\x96\x81l\xc3\xa1thatatlan', b'amb', b'\xe2\x96\x81hihetetlen', b'\xc3\xa9ly', b'\xe2\x96\x81fenyeget', b'id', b'\xe2\x96\x81sz\xc3\xbcks\xc3\xa9ge', b'\xe2\x96\x81tanul', b'zett', b'\xe2\x96\x81\xc3\xadt\xc3\xa9lt', b'etik', b'iroda', b'\xe2\x96\x81kolozsv\xc3\xa1ri', b'\xe2\x96\x811992-', b'j\xc3\xa1t\xc3\xa9k\xc3\xa1', b'\xe2\x96\x81munk\xc3\xa1j\xc3\xa1', b'\xe2\x96\x81\xc3\x81r', b'ad\xc3\xa1r', b'\xc3\xa1sai', b'\xe2\x96\x81ered', b'm\xc5\xb1v\xc3\xa9sz', b'1959', b'\xe2\x96\x81Se', b'\xe2\x96\x81feln\xc5\x91tt', b'ond', b'\xe2\x96\x81helyez', b'z\xc3\xa9sei', b'int', b'\xe2\x96\x81elv\xc3\xa1r\xc3\xa1s', b'\xe2\x96\x81f\xc3\xb6l', b'\xe2\x96\x81elk\xc3\xa9p', b'\xe2\x96\x81megment', b'\xe2\x96\x81Szovjetuni\xc3\xb3', b'\xe2\x96\x81ter\xc3\xbclete', b'\xe2\x96\x81kapcsolatok', b'\xe2\x96\x81sajt\xc3\xb3', b'\xe2\x96\x81\xc3\xb6sszege', b'\xe2\x96\x811-', b'ej\xc5\xb1', b'\xe2\x96\x81eset\xc3\xa9', b'\xe2\x96\x81fenn\xc3\xa1ll', b'\xe2\x96\x81kezdem\xc3\xa9nyez', b'ebek', b'\xe2\x96\x8127', b'hely\xc3\xa9', b'\xe2\x96\x81Pozsony', b'\xe2\x96\x81vagyon', b'\xe2\x96\x81szerz\xc5\x91d\xc3\xa9s', b'\xe2\x96\x811992', b'\xe2\x96\x81k\xc3\xbcl\xc3\xb6nmegb\xc3\xadzott', b'\xe2\x96\x81t\xc3\xbcz', b'\xe2\x96\x81nyitotta', b'\xe2\x96\x81k\xc3\xb6zlem\xc3\xa9ny', b'\xe2\x96\x81t\xc3\xa1mad', b'\xe2\x96\x81vezet\xc3\xa9s', b'\xe2\x96\x81\xc3\xbcnnep', b'\xe2\x96\x81t\xc3\xa9m\xc3\xa1', b'\xe2\x96\x81l\xc3\xa1togat\xc3\xa1s\xc3\xa1n', b'\xe2\x96\x81l\xc3\xa9gk\xc3\xb6r', b'\xe2\x96\x81vizit', b'\xe2\x96\x81terhel', b'ad\xc3\xb3ss\xc3\xa1g', b'\xe2\x96\x81restit\xc3\xbaci\xc3\xb3', b'\xe2\x96\x81Ivanov', b'helyettes', b'\xe2\x96\x81t\xc3\xa1rgyal\xc3\xa1sok', b'\xe2\x96\x81val\xc3\xb3sz\xc3\xadn\xc5\xb1', b'\xe2\x96\x81es\xc3\xa9ly', b'\xe2\x96\x81nyilatkoz', b'\xe2\x96\x81parancsnoka', b'\xe2\x96\x81Groznijt', b'\xe2\x96\x81t\xc3\xb6meges', b'\xc3\xa1ll\xc3\xa1s', b's\xc3\xa9gek', b'\xe2\x96\x81k\xc3\xb6rny\xc3\xa9k\xc3\xa9', b'\xe2\x96\x81fegyver', b'\xe2\x96\x811994-', b'rom', b'\xe2\x96\x81fogj', b'vic', b'\xe2\x96\x811993', b'\xe2\x96\x81szerencs\xc3\xa9tlen', b'\xe2\x96\x81politikus', b'\xe2\x96\x81per\xc3\xbajrafelv\xc3\xa9tel', b'\xe2\x96\x81t\xc3\xa1mogatj', b'\xe2\x96\x81V\xc3\xa1', b'\xe2\x96\x81politikusok', b'h\xc3\xadve', b'lal', b'\xe2\x96\x81sz\xc3\xa1m\xc3\xadthat', b'\xc3\xbcgyn\xc3\xb6k', b'enki', b'\xe2\x96\x81illet\xc3\xa9kes', b'\xe2\x96\x81Interna', b'\xe2\x96\x81\xc3\xa9p\xc3\xadt', b'\xe2\x96\x81lebont\xc3\xa1s', b'\xe2\x96\x81k\xc3\xb6zz\xc3\xa9', b'\xe2\x96\x81int\xc3\xa9zked\xc3\xa9s', b'\xe2\x96\x81p\xc3\xbcsp\xc3\xb6k\xc3\xb6k', b'v\xc3\xa9tel\xc3\xa9', b'burg', b'\xe2\x96\x81p\xc3\xa1', b'\xe2\x96\x81KGB', b'\xe2\x96\x81Babiuc', b'\xe2\x96\x81attas\xc3\xa9', b'\xe2\x96\x812,', b'\xe2\x96\x81fert\xc5\x91z\xc3\xb6tt', b'v\xc3\xadrus', b'\xe2\x96\x8133', b'\xc3\xbcggetlen', b'\xe2\x96\x81koal\xc3\xadci\xc3\xb3', b'\xe2\x96\x81Tudom', b'\xe2\x96\x81rendelkez', b'\xe2\x96\x81helyezte', b'\xe2\x96\x81hitelei', b'\xe2\x96\x81garancia', b'\xe2\x96\x81ipar', b'\xe2\x96\x81Fidesz', b'me', b'\xe2\x96\x81trag\xc3\xa9di', b'T\xc5\x91', b'zeg', b'v\xc3\xa1s\xc3\xa1rol', b'\xc3\xa9rdekelts\xc3\xa9g', b'\xe2\x96\x81kisebbs\xc3\xa9g', b'\xe2\x96\x81ingatlan', b'\xe2\x96\x81nyere', b'\xe2\x96\x811997-', b'\xe2\x96\x81T\xc5\x91kepiac', b'\xe2\x96\x81el\xc5\x91fordul', b't\xc5\x91zsd', b'jelez', b'\xe2\x96\x81Tibor', b'\xe2\x96\x81tudta', b'\xe2\x96\x81t\xc3\xb6rzst\xc5\x91k\xc3\xa9', b'\xe2\x96\x81t\xc5\x91k\xc3\xa9j\xc3\xa9', b'tion', b'\xe2\x96\x81midibusz', b'\xe2\x96\x81Krav', b'\xe2\x96\x81r\xc3\xa9szv\xc3\xa9nye', b'\xe2\x96\x81reformok', b'\xe2\x96\x81t\xc3\xbal\xc3\xa9l\xc5\x91', b'v\xc3\xa1ny', b'zmit', b'\xe2\x96\x81eur\xc3\xb3', b'\xe2\x96\x81deficit', b'\xe2\x96\x81negyed\xc3\xa9', b'\xe2\x96\x81kabinet', b'\xe2\x96\x81d\xc3\xb6nt\xc5\x91', b'b\xc3\xadr\xc3\xa1', b'\xe2\x96\x81h\xc3\xbasz', b's\xc3\xa9g\xc3\xa9b', b'\xe2\x96\x81Hans', b'\xe2\x96\x81NSZK', b'\xe2\x96\x81Eichel', b'\xe2\x96\x81v\xc3\xa1laszt\xc3\xb3k', b'\xe2\x96\x81Saar', b'\xe2\x96\x81t\xc3\xa1voz', b'szoci\xc3\xa1ldemokrat\xc3\xa1', b'\xe2\x96\x81Tietmeyer', b'\xe2\x96\x81menek\xc3\xbcl\xc3\xa9s', b'\xe2\x96\x81k\xc3\xb6rzet', b'\xe2\x96\x81elvetett', b'id\xc5\x91szak', b'\xe2\x96\x81folyamat', b'\xe2\x96\x81hat\xc3\xa1sa', b'm\xc3\xa1ny', b'atol', b'tudom\xc3\xa1ny', b'\xe2\x96\x81Baran', b'\xe2\x96\x81Fal', b'hat\xc3\xa1r', b'\xe2\x96\x81id\xc3\xa9z', b'\xe2\x96\x81t\xc3\xa9nyez\xc5\x91k', b'\xe2\x96\x81nyers', b'\xe2\x96\x81energiahordoz\xc3\xb3k', b'\xe2\x96\x81munkaer\xc5\x91', b'ol\xc3\xb3gi', b'\xe2\x96\x81v\xc3\xadv', b'\xe2\x96\x81harc', b'piacok', b'fizet\xc5\x91', b'\xe2\x96\x81megjelen\xc3\xa9s', b'\xe2\x96\x81versenyk\xc3\xa9pess\xc3\xa9g', b'\xe2\x96\x81n\xc3\xb6vel', b'\xe2\x96\x81k\xc3\xb6lts\xc3\xa9ge', b'\xe2\x96\x81megb\xc3\xadz', b'\xe2\x96\x81napja', b'\xe2\x96\x81m\xc3\xa1rka', b'\xe2\x96\x81h\xc3\xa1tter', b'\xe2\x96\x81ig\xc3\xa9nyel', b'\xe2\x96\x81t\xc5\x91ket\xc3\xb6', b'\xe2\x96\x81megteremt\xc3\xa9s', b'\xe2\x96\x81k\xc3\xads\xc3\xa9r', b'\xe2\x96\x81\xc3\xa9rez', b'\xe2\x96\x81elm\xc3\xa9let', b'\xc3\xadtj', b'\xe2\x96\x81\xc3\xa1tlagos', b'\xe2\x96\x81hadi', b'\xe2\x96\x813-', b'\xe2\x96\x81felhaszn\xc3\xa1l', b'\xe2\x96\x81k\xc3\xadn\xc3\xa1l', b'\xe2\x96\x81befoly\xc3\xa1sol', b'\xe2\x96\x81j\xc3\xb6vedelmek', b'\xe2\x96\x81keretek', b'gg', b'\xe2\x96\x81mozg', b'\xe2\x96\x81pesszimist', b'ukka', b'\xe2\x96\x81tapasztalat', b'kez\xc5\x91', b'\xe2\x96\x81regi', b'\xe2\x96\x81kr\xc3\xadzis', b'\xe2\x96\x81lok', b'aliz\xc3\xa1l', b'\xe2\x96\x81k\xc3\xb6vetkezet', b'\xe2\x96\x81mozgat\xc3\xa1s', b'p\xc3\xa1n', b'\xe2\x96\x81d\xc3\xa9lkelet', b'SA', b'\xe2\x96\x81hull\xc3\xa1m', b'korrek', b'\xe2\x96\x81\xc3\xa1rfolyam', b'\xe2\x96\x81gyak', b'\xe2\x96\x81kisz\xc3\xa1m\xc3\xadthat', b'v\xc3\xa1ltoz\xc3\xa1s', b'\xe2\x96\x81sokszoros', b'almaz', b'\xe2\x96\x81b\xc3\xbcntet', b'\xe2\x96\x81eszk\xc3\xb6z\xc3\xb6k', b'\xe2\x96\x81t\xc3\xa9rs\xc3\xa9ge', b'\xe2\x96\x81k\xc3\xbcl\xc3\xb6nbs\xc3\xa9ge', b'\xc3\xa9gtelen', b'\xe2\x96\x81der\xc5\xb1l\xc3\xa1t\xc3\xa1s', b'\xe2\x96\x81fel\xc3\xbcl', b'\xe2\x96\x81k\xc3\xb6rny', b'\xe2\x96\x81sz\xc5\xb1k', b'\xe2\x96\x81alkalmazkod\xc3\xa1s', b'nt\xc3\xa9zm\xc3\xa9nyrendszer', b'\xe2\x96\x81tudat', b'form\xc3\xa1l\xc3\xb3d', b'ur\xc3\xa1lis', b'\xe2\x96\x81\xc3\xbath\xc3\xa1l\xc3\xb3zato', b'\xe2\x96\x81kommunik\xc3\xa1', b'\xe2\x96\x81p\xc3\xa9nz\xc3\xbcgy', b'ert\xc3\xa1l', b'\xe2\x96\x81tud\xc3\xa1s', b'\xe2\x96\x81k\xc3\xa9pz', b'\xc3\xb6nt\xc5\x91', b'\xe2\x96\x81tol', b'\xc3\xadt\xc3\xa9lete', b'\xe2\x96\x81er\xc5\x91s\xc3\xadt', b'kro', b'\xe2\x96\x81egyens\xc3\xbaly', b'\xe2\x96\x81n\xc3\xa9gyzet', b'\xe2\x96\x81szervez\xc3\xa9s', b'\xe2\x96\x81beavatkoz', b'd\xc3\xa9n', b'\xe2\x96\x81tendenci', b'gresszi\xc3\xb3', b'\xe2\x96\x81m\xc3\xa9rs\xc3\xa9kl\xc5\x91d', b'\xe2\x96\x81b\xc5\x91v\xc3\xbcl', b'\xe2\x96\x81meghalad', b'tt\xc3\xb3', b'\xe2\x96\x81\xc3\xb6ssz', b'\xe2\x96\x81J\xc3\xb3', b'avaly', b'\xe2\x96\x81j\xc3\xa1tszott', b'\xe2\x96\x81dinamik', b'r\xc3\xa1nyos', b'\xe2\x96\x81v\xc3\xa1ltoz\xc3\xa1s', b'romlottak', b'\xe2\x96\x81\xc3\xa1llamh\xc3\xa1ztart\xc3\xa1s', b'\xe2\x96\x81p\xc3\xb3tol', b'\xc3\xa1llom\xc3\xa1', b'\xe2\x96\x81Ezek', b'\xe2\x96\x81g\xc3\xa9p', b'\xe2\x96\x81term\xc3\xa9kek', b'ind', b'\xe2\x96\x81\xc3\x81ll\xc3\xa1sb\xc3\xb6rz', b'\xe2\x96\x81\xc3\xa1prilis', b'4-', b'\xe2\x96\x81\xc3\xa9p\xc3\xbclet\xc3\xa9', b'\xe2\x96\x81f\xc3\xb3rum', b'\xe2\x96\x81\xc3\xa1ll\xc3\xa1saj\xc3\xa1nlat', b'bel\xc3\xbcl', b'\xe2\x96\x81v\xc3\xa1laszthat', b'\xe2\x96\x81villamos', b'm\xc3\xa9rn', b'\xc3\xb6k\xc3\xb6k', b'\xe2\x96\x81ter\xc3\xbcletek', b'\xe2\x96\x81tapasztalatok', b'\xe2\x96\x81\xc3\xa1ll\xc3\xa1s', b'\xe2\x96\x81jelentkez\xc5\x91', b'\xe2\x96\x81juthat', b'\xe2\x96\x81szervez\xc5\x91', b'r\xc3\xa9t', b'k\xc3\xa9sz\xc3\xadt\xc5\x91', b'\xe2\x96\x81\xc3\xa1ll\xc3\xa1skeres\xc3\xa9s', b'\xe2\x96\x81ismer', b'\xe2\x96\x81viselked', b'lja', b'\xe2\x96\x81interj\xc3\xba', b'\xc3\xa1ll\xc3\xa1sb', b'\xc3\xb6r', b'\xe2\x96\x81als\xc3\xb3', b'\xc3\xa9rhet', b'k\xc3\xb6vetelm\xc3\xa9nye', b'\xe2\x96\x81gyakorlatok', b'\xe2\x96\x81Kal', b'au', b'\xe2\x96\x81k\xc3\xb6t', b'\xe2\x96\x81sz\xc3\xa9les', b'\xe2\x96\x81k\xc3\xb6zep', b'v\xc3\xa1rosok', b'\xe2\x96\x81k\xc3\xb6zs\xc3\xa9g', b'\xe2\x96\x81aligha', b'\xe2\x96\x81\xc3\xbajdons\xc3\xa1g', b'\xe2\x96\x81mozdul', b'\xe2\x96\x81otthonuk', b'\xe2\x96\x81id\xc5\x91j\xc3\xa1r\xc3\xa1s', b'\xe2\x96\x81kilom\xc3\xa9terre', b'\xe2\x96\x81megismer', b'\xe2\x96\x81elszigetel', b'ts\xc3\xa9g', b'\xe2\x96\x81h\xc3\xb3torlasz', b'\xe2\x96\x81h\xc3\xb3mar\xc3\xb3', b'\xe2\x96\x81Pilis', b'v\xc3\xb6r\xc3\xb6sv\xc3\xa1r', b'\xe2\x96\x81\xc3\xb6sszek\xc3\xb6t\xc5\x91', b'\xe2\x96\x81mell\xc3\xa9k', b'\xc3\xbatvonal', b'\xe2\x96\x81kezel\xc5\x91', b'csig', b'g\xc3\xa9l', b'\xe2\x96\x81Tudj', b'\xe2\x96\x81im', b'\xe2\x96\x81\xc3\xbatszakasz', b'perce', b'takar\xc3\xb3', b'\xe2\x96\x81seg\xc3\xadts\xc3\xa9g', b'\xe2\x96\x81V\xc3\xb6r\xc3\xb6s', b'\xe2\x96\x81\xc3\x96nk\xc3\xa9ntes', b'\xe2\x96\x81Egyes\xc3\xbclet', b'\xe2\x96\x81tagjai', b'\xe2\x96\x81elt\xc3\xbcntett', b'r\xc3\xa1cso', b'\xe2\x96\x81szakasz', b'\xe2\x96\x81dombo', b'zata', b'\xe2\x96\x81aut\xc3\xb3sok', b'\xe2\x96\x81\xc3\xa1rkokb', b'\xe2\x96\x81veszteg', b'\xe2\x96\x81k\xc3\xa1v\xc3\xa9', b'sz\xc3\xbcnet', b'\xe2\x96\x81\xc3\xa9jszak', b'\xe2\x96\x81szem\xc3\xa9lyaut\xc3\xb3', b'\xe2\x96\x81r\xc3\xa1ad\xc3\xa1s', b'\xe2\x96\x81igyek', b'szabad\xc3\xadt\xc3\xa1s', b'\xe2\x96\x81Tet', b'sz\xc3\xb3', b'indul', b'\xe2\x96\x81aleln\xc3\xb6k', b'\xe2\x96\x81kivonul', b'\xe2\x96\x81brig\xc3\xa1d', b'\xe2\x96\x81viselked\xc3\xa9s', b'\xe2\x96\x81ment\xc3\xa9s', b'd\xc3\xbch\xc3\xb6', b'\xe2\x96\x81t\xc3\xb6meg', b't\xc3\xb6rt', b'lektora', b'\xe2\x96\x81k\xc3\xa9pzel', b'\xe2\x96\x81sz\xc3\xa1nd\xc3\xa9kos', b'\xe2\x96\x81szabo', b'fe', b'iffer', b'\xe2\x96\x81mes\xc3\xa9l', b'\xe2\x96\x81\xc3\xadt\xc3\xa9let', b'\xe2\x96\x81kif', b'osztani', b'\xe2\x96\x81pr\xc3\xb3b\xc3\xa1l', b'\xe2\x96\x81lelkes', b'\xe2\x96\x81csapat', b'\xe2\x96\x81s\xc3\xbc', b'\xe2\x96\x81k\xc3\xb6ny\xc3\xb6r', b'\xe2\x96\x81hajt', b'\xe2\x96\x81elindul', b'10-1', b'20', b'cent', b'\xe2\x96\x81ver', b'g\xc5\x91', b'tika', b'\xe2\x96\x81pomp\xc3\xa1', b'\xe2\x96\x81Audi', b'\xe2\x96\x81Qua', b'lel', b'\xe2\x96\x81k\xc3\xb6z\xc3\xbat', b'\xe2\x96\x81\xc3\xa9bred', b'\xe2\x96\x81modern', b'technik\xc3\xa1', b'\xe2\x96\x81feltehet\xc5\x91', b'rigy', b'\xe2\x96\x81vonz\xc3\xb3', b'csap', b'd\xc3\xadsz', b'\xe2\x96\x81panaszkod', b'gatj', b'\xe2\x96\x81tologat', b'\xe2\x96\x81El\xc5\x91z', b'\xe2\x96\x8115', b'\xc3\xa1rg', b'onstru', b'\xe2\x96\x81elhagy', b'\xe2\x96\x81cs\xc3\xbasz', b'ker\xc3\xbcl', b'\xe2\x96\x81siet', b'hova', b'\xe2\x96\x81\xc3\xa9rde', b'\xe2\x96\x81elinduln', b'\xe2\x96\x81u', b'\xe2\x96\x81hava', b'\xe2\x96\x81elfoglalts\xc3\xa1g', b'\xe2\x96\x81f\xc3\xa9l\xc3\xb3r\xc3\xa1', b'\xe2\x96\x81ism\xc3\xa9tel', b'\xe2\x96\x81\xc3\xa9lvez', b'\xc3\xadt\xc3\xa9sek', b'\xe2\x96\x81ju', b'szk', b'\xe2\x96\x81ku', b'kasu', b'\xe2\x96\x81\xc3\xa9r', b'\xe2\x96\x81l\xc3\xa1ba', b'\xe2\x96\x81k\xc3\xbczden', b'z\xc3\xa1rtak', b'\xe2\x96\x81tra', b'\xe2\x96\x81eszk\xc3\xb6z', b'\xe2\x96\x81h\xc3\xbaz', b'\xe2\x96\x81\xc5\x91s', b'\xe2\x96\x81h\xc3\xa1l\xc3\xa1', b'\xe2\x96\x81otthon', b'z\xc5\x91', b'olva', b'\xe2\x96\x81legy\xc5\x91zhetetlen', b'\xe2\x96\x81h\xc3\xb3f\xc3\xbav\xc3\xa1s', b'\xe2\x96\x81szor', b'Kis', b'\xe2\x96\x81torl\xc3\xb3d', b'du', b'f\xc3\xb6ld', b'\xe2\x96\x81hida', b'\xe2\x96\x81elvesz', b'ps', b'b\xc3\xb3', b'ezred', b'elmi', b'\xe2\x96\x81\xc3\xb6sszes', b'\xe2\x96\x81ves', b'omb', b'\xe2\x96\x81juttat', b'\xe2\x96\x81El\xc5\x91', b'sz\xc3\xa1ll\xc3\xa1s', b'sz\xc3\xa1ll\xc3\xadt\xc3\xb3', b'\xe2\x96\x81kimenek\xc3\xadt', b'es\xc3\xadt\xc3\xa9s', b'\xe2\x96\x81vitt', b'\xe2\x96\x81Bod', b'esb', b'l\xc3\xa1r', b'\xe2\x96\x81tan\xc3\xadt\xc3\xa1s', b'\xc3\xa1z\xc3\xb3', b'z\xc3\xa9kesfeh\xc3\xa9rv\xc3\xa1r', b'\xe2\x96\x81rekedt', b'sz\xc3\xa9khely', b'\xe2\x96\x81rendelte', b'uta', b'b\xc3\xa1r', b'\xe2\x96\x81sof\xc5\x91rj', b'ncz', b'oszt\xc3\xa1lyvezet\xc5\x91', b'\xe2\x96\x81fennakad\xc3\xa1s', b'\xe2\x96\x81pontjai', b'\xe2\x96\x818-', b'\xe2\x96\x81p\xc3\xa9', b'\xe2\x96\x81ny\xc3\xa1r', b'\xe2\x96\x81rendel', b'\xe2\x96\x81forgalm', b'\xe2\x96\x81sz\xc3\xbcks\xc3\xa9g', b'\xe2\x96\x81miniszter', b'\xe2\x96\x81telep', b'HV', b'\xe2\x96\x81d\xc5\x91lt', b'szob', b'\xe2\x96\x81lak', b'k\xc3\xb6lt\xc3\xb6ztet', b'\xe2\x96\x81Elle', b'sz\xc3\xa1r', b'park', b'\xe2\x96\x81terel', b'\xe2\x96\x81pi', b'en\xc5\x91', b'\xe2\x96\x81Sch', b'\xe2\x96\x81Pol', b'rsz\xc3\xa1go', b'\xe2\x96\x81szembe', b'\xe2\x96\x81Kaposv\xc3\xa1r', b'\xe2\x96\x81ind\xc3\xadtott', b'szak', b'\xe2\x96\x81Bak', b'eire', b'\xe2\x96\x81Szer', b'\xe2\x96\x81k\xc3\xa1osz', b'\xe2\x96\x81kezel\xc3\xa9s\xc3\xa9', b'megb\xc3\xadzott', b'\xc3\xb6zleked\xc3\xa9s', b'\xe2\x96\x81H\xc3\xadr', b'z\xc3\xbcgy', b'\xe2\x96\x81\xc3\xa1llamtitk\xc3\xa1r', b'\xe2\x96\x81B\xc3\xa1n', b'l\xc3\xbcgyminiszt\xc3\xa9rium', b'\xe2\x96\x81Me', b'\xe2\x96\x81Szolg\xc3\xa1l', b'fel\xc3\xbcgyelet', b'vi', b'har', b'engyel', b'zu', b'\xe2\x96\x81k\xc3\xa9s\xc3\xa9s', b'\xe2\x96\x81kilom\xc3\xa9ter', b'\xe2\x96\x81dug\xc3\xb3', b'ax', b'\xe2\x96\x81b\xc3\xa9r', b'\xe2\x96\x81szerencs\xc3\xa9s', b'temp\xc3\xb3', b'\xe2\x96\x81halad', b'\xe2\x96\x81\xc3\xbcggyel', b'jutottak', b'\xe2\x96\x81cs\xc5\x91d', b'ajn\xc3\xa1', b'\xe2\x96\x81maradt', b'\xc3\xa1ram', b'\xe2\x96\x8113', b'\xe2\x96\x81Cse', b'rk', b'\xe2\x96\x81Dny', b'prop', b'ovszk', b'eck', b'\xe2\x96\x81falu', b'k\xc3\xb3d', b'\xe2\x96\x81vas\xc3\xbatvonal', b'mozdony', b'\xc5\x91z', b'v\xc3\xa9ny', b'\xe2\x96\x81Z', b'aporo', b'\xe2\x96\x8186', b'rol', b'\xe2\x96\x81110', b'\xe2\x96\x81megb\xc3\xa9', b'W\xc3\xbcr', b'25-', b'\xe2\x96\x81s\xc3\xa9r\xc3\xbcl\xc3\xa9s', b't\xc3\xa1rsas\xc3\xa1g', b'rich', b'\xe2\x96\x81T\xc3\xb6', b'baleset', b'\xe2\x96\x81Or', b'\xe2\x96\x81sz\xc3\xa1ll\xc3\xadt\xc3\xb3', b'gy\xc5\xb1l\xc3\xa9s', b'\xe2\x96\x81nevezi', b'tematik', b'egut\xc3\xb3bb', b'\xe2\x96\x81rek', b'l\xc3\xa1mo', b'\xe2\x96\x81vesztese', b'kori', b'd\xc3\xa9', b'\xe2\x96\x81betiltott', b'\xe2\x96\x81\xc3\xa9rtelmetlen', b'\xe2\x96\x81ki\xc3\xbcr', b'\xc3\xadtett', b'\xe2\x96\x81tizenk', b'k\xc3\xb6vetkez', b'rist', b'\xe2\x96\x81tekint', b'yelv', b'ius', b'\xe2\x96\x81sz\xc3\xb3t\xc3\xa1r\xc3\xa1', b'\xe2\x96\x81mondato', b'\xe2\x96\x81Pili', b'nszk', b'\xe2\x96\x81Mag', b'\xe2\x96\x81vallat', b'\xe2\x96\x81megtiltott', b'\xe2\x96\x81mondat', b'ell', b'\xc3\xb3pi\xc3\xa1', b'hi\xc3\xa1ny', b'ony', b'\xe2\x96\x81\xc3\xa9rv', b'szabads\xc3\xa1g', b'\xe2\x96\x81fordulat', b'\xe2\x96\x81meglepet\xc3\xa9s', b's\xc3\xa9g\xc3\xbck', b'elt\xc5\xb1n', b'etek', b'gonosz', b'\xe2\x96\x81szorong', b'elmet', b'\xe2\x96\x81megt\xc3\xb6rt\xc3\xa9nhet', b'\xe2\x96\x81kelt', b'\xe2\x96\x81k\xc3\xb6zbesz\xc3\xa9d', b'\xe2\x96\x81k\xc3\xb6zl\xc3\xa9s', b'\xe2\x96\x81k\xc3\xa9pez', b'\xe2\x96\x81eljut', b'at\xc3\xb3k', b'\xe2\x96\x81ter\xc3\xbclet', b'\xe2\x96\x81oka', b'\xe2\x96\x81civil', b'nti', b'demokrat', b'\xe2\x96\x81gyeng\xc3\xa9', b'\xe2\x96\x81tel\xc3\xadt', b'uralkod', b'\xe2\x96\x81jog\xc3\xa1sz', b'\xe2\x96\x81semmit', b'\xe2\x96\x81cs', b'var\xc3\xa1', b'h\xc3\xbaz\xc3\xa1s', b'n\xc3\xa9m', b'\xc3\xadt\xc3\xa1s', b'\xe2\x96\x81alkalmas', b'fel', b'le\xc3\xadr', b'\xe2\x96\x81t\xc3\xb6rt\xc3\xa9n\xc3\xa9se', b'vev\xc5\x91', b'k\xc3\xb6t\xc3\xb6tt', b'\xe2\x96\x81\xc3\xa9rtelmez', b'\xe2\x96\x81kimaradt', b'\xe2\x96\x81kimond', b'\xe2\x96\x81szab\xc3\xa1ly', b'\xe2\x96\x81megfoga', b'lmazott', b'\xe2\x96\x81sz\xc3\xb6vege', b'\xe2\x96\x81gondolt', b'l\xc3\xa9t\xc3\xa9', b'\xe2\x96\x81veszi', b'\xe2\x96\x81mondhat', b'\xe2\x96\x81mag\xc3\xa1nlev', b'\xe2\x96\x81forgat', b'\xe2\x96\x81kereszt\xc3\xbcl', b'ekb', b'hing', b'toni', b'zor', b'\xe2\x96\x81\xc3\xbajs\xc3\xa1g\xc3\xadr\xc3\xb3k', b'ho', b'neszt', b'\xc3\xa1l\xc3\xb3', b'\xe2\x96\x81belpolitika', b'\xe2\x96\x81k\xc3\xa9rd\xc3\xa9sei', b'\xe2\x96\x81univer', b'\xe2\x96\x81transz', b'\xe2\x96\x81szok\xc3\xa1s', b'\xe2\x96\x81ille', b'gondolkod\xc3\xb3', b'\xe2\x96\x81Mindez', b'\xc3\xb3jel', b'\xe2\x96\x81t\xc3\xa1rsadal', b'\xe2\x96\x81tisztess\xc3\xa9gesek', b'isztess\xc3\xa9gtelenek', b'g\xc3\xb3k', b'\xe2\x96\x81karrier', b'\xe2\x96\x81kommunist', b'\xe2\x96\x81amik', b'\xe2\x96\x81figyel', b'\xe2\x96\x81m\xc3\xa9lt\xc3\xb3', b'ew', b'spea', b'\xe2\x96\x81legm\xc3\xa9l', b'\xe2\x96\x81mag\xc3\xa1nszem\xc3\xa9ly', b'irk', b'\xe2\x96\x81hirdet', b'\xe2\x96\x81k\xc3\xb6ztiszt', b'\xe2\x96\x81tan\xc3\xadt', b'\xe2\x96\x81tan\xc3\xadtv\xc3\xa1nya', b'atyj', b'szkij', b'h\xc3\xadvj', b'\xe2\x96\x81szem\xc3\xa9lyis\xc3\xa9g', b'\xe2\x96\x81kutat\xc3\xb3', b'\xe2\x96\x81\xc3\xb6n\xc3\xa1ll\xc3\xb3', b'tlan', b'\xe2\x96\x81alkalmazott', b'k\xc3\xa9pviselet', b'\xe2\x96\x81Goebbels', b'\xe2\x96\x81m\xc3\xb3dszerek', b'\xe2\x96\x81mester', b'\xe2\x96\x81alkalmaz', b'\xe2\x96\x81esett', b'\xe2\x96\x81annyi', b'\xe2\x96\x81megk\xc3\xb6vet', b'\xe2\x96\x81homo', b'\xe2\x96\x81vel\xc3\xbc', b'\xe2\x96\x81\xc3\xbcgyek', b'\xe2\x96\x81bar\xc3\xa1tom', b'\xe2\x96\x81l\xc3\xa9pcs\xc5\x91j\xc3\xa9', b'\xe2\x96\x81sz\xc3\xa1rmaz\xc3\xa1s', b'\xe2\x96\x81f\xc3\xb6l\xc3\xb6tt', b'erus', b'\xe2\x96\x81mo', b'\xe2\x96\x81z\xc3\xa1szl', b'avart', b'kar', b'\xe2\x96\x81h\xc3\xa1z\xc3\xa1t', b'\xe2\x96\x81Szent', b'\xe2\x96\x81Alb', b'\xe2\x96\x81Tan\xc3\xa1cs', b'\xe2\x96\x81bol', b'\xe2\x96\x81k\xc3\xb6t\xc3\xb6tt', b'dici', b't\xc3\xa9r\xc3\xa9s', b'\xe2\x96\x81tekintet', b'\xe2\x96\x81ifj\xc3\xba', b'gedi', b'ter', b'\xe2\x96\x81tanulm\xc3\xa1ny', b'\xe2\x96\x81\xc3\xa9lvezte', b'ob', b'\xe2\x96\x81tud\xc3\xb3s', b'\xc3\xa9szs\xc3\xa9g', b'parti', b'\xe2\x96\x81Po', b'oz\xc3\xa1sok', b'gyen', b'sz\xc3\xa1zad', b'\xe2\x96\x81Borba', b'\xe2\x96\x81b\xc3\xa1nya', b'ed\xc3\xa9s', b'\xe2\x96\x81rab', b'h\xc3\xa1rom', b'vez\xc3\xa9nyelt', b'n\xc3\xb3', b'\xe2\x96\x81tudj', b'\xe2\x96\x81id\xc5\x91r\xc5\x91l', b'rokon', b'\xe2\x96\x81Vagy', b'\xe2\x96\x81temet', b'rtya', b'\xe2\x96\x81fiatalember', b'\xe2\x96\x81Si', b'ens', b'\xe2\x96\x81b\xc3\xa1ny\xc3\xa1', b'szt', b'\xe2\x96\x81illet\xc5\x91', b'\xe2\x96\x81\xc3\xa9p\xc3\xadtse', b'\xe2\x96\x81elsz\xc3\xa1ll\xc3\xadt\xc3\xa1s\xc3\xa1', b'keret', b'\xe2\x96\x81durv', b'y\xc3\xb3gyszer', b'\xe2\x96\x81hideg', b'zben', b'\xe2\x96\x81Rad', b'port', b'44', b'\xe2\x96\x81szakad\xc3\xa9k', b'\xe2\x96\x81megjelent', b'\xc5\x91f', b'\xe2\x96\x81terem', b'\xc3\xb6r\xc3\xbclte', b'v\xc3\xa1n', b'\xe2\x96\x81belgy\xc3\xb3gy\xc3\xa1sz', b'\xe2\x96\x81pszichi\xc3\xa1ter', b'sebes\xc3\xbclt', b'ejt\xc5\x91', b'\xe2\x96\x81ut\xc3\xa1np\xc3\xb3tl\xc3\xa1s', b'\xe2\x96\x81h\xc5\x91s\xc3\xbcnk', b'\xe2\x96\x81elvi', b'\xe2\x96\x81\xc3\xa1lma', b'\xe2\x96\x81terhek', b'\xe2\x96\x81\xc3\xbct', b'visel', b'menek\xc3\xbclt', b'cia', b'\xe2\x96\x81montenegr\xc3\xb3i', b'\xe2\x96\x81dal', b'tart\xc3\xa1sa', b'\xe2\x96\x81konfliktus', b'kezd', b'\xe2\x96\x81marsall', b'v\xc3\xb3', b'\xe2\x96\x81vala', b'melyik', b'bizonyos', b'ankovic', b'\xe2\x96\x81t\xc3\xb6k\xc3\xa9letes', b'ulat', b'\xe2\x96\x81kider\xc3\xbcl', b'\xe2\x96\x81olaszok', b'enyh', b'ront', b'atva', b'\xe2\x96\x81szuggeszti', b'aludt', b'aced\xc3\xb3n', b'\xe2\x96\x81Zsig', b'\xe2\x96\x81szellem', b'\xe2\x96\x81leb', b'\xe2\x96\x81b\xc3\xa1zis', b'\xe2\x96\x81szab\xc3\xa1lyoz', b'\xc3\xa1ci\xc3\xb3s', b'\xe2\x96\x81Bro', b'\xe2\x96\x81bizalmas', b'n\xc3\xa9mely', b'\xe2\x96\x81bevallo', b'\xe2\x96\x81hozz', b'ubli', b'\xc3\xb3d\xc3\xa1s', b'\xe2\x96\x81\xc3\xbcgye', b'\xe2\x96\x81Szt\xc3\xa1lin', b'\xe2\x96\x81elvt\xc3\xa1rs', b'j\xc3\xa9t', b'ag\xc3\xa9', b'\xe2\x96\x81\xc3\xbczenet', b'\xe2\x96\x81eljuttat', b'\xe2\x96\x81l\xc3\xa1ny', b'\xe2\x96\x81Gaz', b'\xe2\x96\x81v\xc3\xa1dol', b'\xe2\x96\x81l\xc3\xa1b', b'\xe2\x96\x81Posz', b'eh', b'\xe2\x96\x81benn', b'\xe2\x96\x81diploma', b'oltot', b'\xe2\x96\x81l\xc3\xa1ng', b'\xc3\xa1tf\xc3\xba', b'\xe2\x96\x81csod\xc3\xa1l', b'\xe2\x96\x81\xc3\x96', b'\xe2\x96\x81\xc3\xa9rezte', b'\xe2\x96\x81mondani', b'besz\xc3\xa9l\xc3\xa9s', b'bony', b'\xe2\x96\x811947', b'\xe2\x96\x81l\xc3\xa1togat', b'v\xc3\xa9tele', b'lobo', b'\xe2\x96\x81ment\xc3\xa9', b'\xe2\x96\x81p\xc3\xa1lya', b'udvar', b'cer', b'\xe2\x96\x81k\xc3\xb3', b'olya', b'vere', b'\xe2\x96\x81R\xc3\xa1kosi', b'\xe2\x96\x81M\xc3\xa1', b'\xe2\x96\x81\xc3\xa9szrevett', b'\xe2\x96\x81forr', b'elte', b'\xe2\x96\x81gy\xc3\xb3gy\xc3\xadt', b'\xe2\x96\x81mese', b'\xe2\x96\x81csat\xc3\xa1', b'kez\xc3\xa9s', b'\xe2\x96\x81dil', b'p\xc3\xb3t', b'\xe2\x96\x81v\xc3\xa1rosok', b'\xe2\x96\x81jel\xc3\xb6ltje', b'\xe2\x96\x81t\xc3\xb6lt', b'\xe2\x96\x81meleg', b'd\xc3\xa9k', b'lyel', b'kci\xc3\xb3k', b'\xe2\x96\x81elt\xc3\xb6rl\xc3\xa9s\xc3\xa9', b'\xe2\x96\x81polg\xc3\xa1rok', b'\xe2\x96\x81k\xc3\xb6zre', b'imist', b'\xe2\x96\x81kezdet', b'\xe2\x96\x81sz\xc3\xa1nd\xc3\xa9k', b'\xe2\x96\x81ennyi', b'ellett', b'l\xc5\x91tt', b'\xc3\xa1lyok', b'\xe2\x96\x81l\xc3\xa9', b'\xe2\x96\x81f\xc3\xbcgg', b'\xe2\x96\x81Br\xc3\xbcs', b'\xe2\x96\x81folytat\xc3\xa1s', b'ss\xc3\xa9', b'\xe2\x96\x81addig', b'\xe2\x96\x81hat\xc3\xa1s', b'\xe2\x96\x81p\xc3\xa1rtok', b'\xe2\x96\x81Demokrat', b'\xe2\x96\x81P\xc3\xa1rt', b'd\xc3\xa1s', b'galom', b'\xe2\x96\x81SP', b'\xe2\x96\x81s\xc3\xbcrget', b'\xe2\x96\x81vez\xc3\xa9r', b'\xe2\x96\x81finom', b'\xe2\x96\x81f\xc3\xa9r', b'sz\xc3\xa1ll\xc3\xadtm\xc3\xa1ny', b'agy', b'elenged', b'\xe2\x96\x81\xc5\x91k', b'\xe2\x96\x81demokr\xc3\xa1ci\xc3\xa1', b'\xe2\x96\x81hatalm', b'\xe2\x96\x81ri', b'liz\xc3\xa1l', b'\xe2\x96\x81energia', b'\xe2\x96\x81T\xc3\xb6bb', b'\xe2\x96\x81elnapolt', b'\xe2\x96\x81lesz\xc3\xb6gez', b'\xe2\x96\x81min\xc5\x91s\xc3\xa9g', b'szab\xc3\xa1', b'\xe2\x96\x81fejleszt\xc3\xa9sek', b'\xe2\x96\x81javasol', b'\xe2\x96\x81megval\xc3\xb3s\xc3\xadt', b'fin', b'roz\xc3\xa1s', b'\xe2\x96\x81falat', b'\xe2\x96\x81t\xc3\xa9tele', b'\xe2\x96\x81Hung', b'szoros', b'\xe2\x96\x81ezre', b'\xe2\x96\x81\xc3\xbctem', b'zik', b'cs\xc3\xbacs', b'\xe2\x96\x81sebess\xc3\xa9g', b'cion\xc3\xa1l', b'\xe2\x96\x81k\xc3\xa9s\xc5\x91', b'\xe2\x96\x81sz\xc3\xa9d', b'st\xc3\xa1t', b'\xe2\x96\x81sz\xc3\xadv\xc3\xa9be', b'\xe2\x96\x81z\xc3\xa1rta', b'\xe2\x96\x81hang', b'kritik', b'\xe2\x96\x811949', b'\xe2\x96\x8118-', b'\xe2\x96\x81Carmen', b'\xe2\x96\x81Mo', b'\xe2\x96\x81legend', b'\xe2\x96\x81\xc3\xa9nekes', b'\xc3\xa9l\xc3\xa9s', b'l\xc3\xadr', b'ffo', b'\xc3\xa9nekes', b'orat\xc3\xb3rium', b'\xe2\x96\x81Ybl', b'\xe2\x96\x81k\xc3\xb6z\xc3\xb6ns\xc3\xa9ge', b'bil', b'\xe2\x96\x81\xc3\xa9vfordul\xc3\xb3j\xc3\xa1', b'von', b'\xe2\x96\x81filoz\xc3\xb3f', b'\xe2\x96\x81darabo', b'\xe2\x96\x81rendszeres', b'szembe', b'\xe2\x96\x81dalsz\xc3\xadnh\xc3\xa1z', b'\xe2\x96\x81szerepelte', b'\xe2\x96\x81hangj', b'\xe2\x96\x81gazd\xc3\xa1lkod', b'\xe2\x96\x81K\xc3\xbcl\xc3\xb6n', b'\xe2\x96\x81p\xc3\xa1ly\xc3\xa1j\xc3\xa1', b'\xe2\x96\x81kapj', b'hesse', b'\xe2\x96\x81eml\xc3\xa9k', b'\xe2\x96\x81szav', b'rto', b'ner', b'\xe2\x96\x81gy\xc3\xb6ny\xc3\xb6r\xc5\xb1', b'\xe2\x96\x81fel\xc3\xbaj\xc3\xadt', b'\xe2\x96\x81dirig', b'\xe2\x96\x81felk\xc3\xa9r\xc3\xa9s', b'\xe2\x96\x81Walt', b'\xe2\x96\x81Fels', b'ste', b'\xe2\x96\x81szerep', b'\xe2\x96\x81bemutat\xc3\xb3', b'\xe2\x96\x81felk\xc3\xa9rt', b'sta', b'l\xc3\xa9s', b'\xe2\x96\x81v\xc3\xa1llalhat', b'\xe2\x96\x81tiszt\xc3\xa1', b'\xe2\x96\x81megg', b'y\xc5\x91z\xc5\x91', b'\xe2\x96\x81j\xc3\xa1tszan', b'd\xc3\xadj', b'\xe2\x96\x81elismer\xc3\xa9s\xc3\xa9', b'\xe2\x96\x81koll\xc3\xa9g', b'd\xc3\xadja', b'\xe2\x96\x81v\xc3\xa9lem', b'gem', b'oldo', b'gg\xc3\xa1', b'\xe2\x96\x81kit\xc3\xbcntet\xc3\xa9s', b'\xe2\x96\x81d\xc3\xadja', b'jegy', b'nyel', b'b\xc3\xa1', b'mellett', b'\xc3\xb3s\xc3\xa1go', b'\xe2\x96\x81el\xc5\x91ad', b'\xe2\x96\x81has', b'\xe2\x96\x81\xc3\xa9nekl', b'\xe2\x96\x81folytat\xc3\xa1sa', b'\xe2\x96\x81kir', b'\xe2\x96\x81j\xc3\xa1tszhatt', b'\xe2\x96\x81bandit\xc3\xa1k', b'ker', b'\xc3\xbar', b'\xe2\x96\x81produkci\xc3\xb3k', b'\xe2\x96\x81Eg\xc3\xa9szs\xc3\xa9g', b'\xe2\x96\x81gondolo', b'sz\xc3\xb3laltat', b'\xe2\x96\x81etn', b'\xe2\x96\x81muzsikus', b'\xe2\x96\x81negyed', b'79-', b'\xe2\x96\x81feloszl', b'\xe2\x96\x81est', b'Z', b'\xe2\x96\x81k\xc3\xbcl\xc3\xb6nb\xc3\xb6z\xc5\x91', b'\xe2\x96\x81szerzem\xc3\xa9nye', b'doro', b'\xe2\x96\x81Mu', b'ron', b'\xc3\xa1l\xc3\xa1s\xc3\xa1', b'hallgathat', b'felv\xc3\xa9tel', b'\xe2\x96\x81fejez', b'\xe2\x96\x81CD', b'\xe2\x96\x81kiad\xc3\xa1s', b'\xe2\x96\x81huszon', b'\xe2\x96\x81Vid', b'ag\xc3\xb3', b'\xe2\x96\x81\xc3\xbct\xc5\x91', b'hangszerek', b'to', b'j\xc3\xba', b'\xe2\x96\x81\xc3\xbct\xc5\x91s', b'\xe2\x96\x81hangszerek', b'\xe2\x96\x81\xc3\x89r', b'dem', b'\xe2\x96\x81l\xc3\xa9nyeges', b'\xe2\x96\x81Haz', b'jelz', b'\xe2\x96\x81mindez', b'\xe2\x96\x81kilencven', b'tal', b'\xe2\x96\x81infrastrukt\xc3\xbar', b'\xe2\x96\x81arat', b'\xe2\x96\x81biztos\xc3\xadt', b'\xe2\x96\x81dol', b'ad\xc3\xa1su', b'pul\xc3\xa1', b'\xe2\x96\x81zen\xc3\xa9k', b'\xe2\x96\x81meg\xc3\xa9l', b'\xe2\x96\x81k\xc3\xads\xc3\xa9r\xc5\x91zen\xc3\xa9', b'\xe2\x96\x81Maj', b'rendez\xc5\x91', b'\xe2\x96\x81K\xc3\xa1r', b'\xe2\x96\x81G\xc3\xb6d', b'\xe2\x96\x81alkot\xc3\xa1s\xc3\xa1', b'sz\xc3\xadnh\xc3\xa1z', b'\xe2\x96\x81\xc3\xa1ll\xc3\xadt\xc3\xa1s\xc3\xa1', b'\xe2\x96\x81l\xc3\xa1thatj', b'\xe2\x96\x81He', b'lbro', b'atic', b'and', b'er\xc3\xa9k', b'\xe2\x96\x81t\xc3\xa1nc', b'\xe2\x96\x81harm', b'\xc3\xb3j\xc3\xa1n', b'\xc3\xbcveg', b'sky', b'\xe2\x96\x81hamis', b'szex', b'\xe2\x96\x81b\xc5\x91v', b'b\xc3\xa9l', b'\xe2\x96\x81utca', b'\xe2\x96\x81Gy', b'\xe2\x96\x81St\xc3\xbadi\xc3\xb3', b'\xc3\xa1za', b'\xe2\x96\x81fest', b'ogr\xc3\xa1', b'\xe2\x96\x81kandall\xc3\xb3', b'\xe2\x96\x81sz\xc3\xa1m\xc3\xadtan', b'k\xc3\xa1lyha', b'r\xc3\xa9p', b'\xc3\xa1zza', b'\xe2\x96\x81d\xc3\xadsz\xc3\xadtett', b'v\xc3\xa1s\xc3\xa1r', b'\xe2\x96\x81gondo', b'ss\xc3\xa1g\xc3\xa1', b'\xe2\x96\x81vall', b'ollari', b'\xe2\x96\x81bev\xc3\xa9tel', b'\xe2\x96\x81Gallery', b'abi', b'\xc3\xb6nyv', b'\xe2\x96\x81utc', b'\xe2\x96\x81k\xc3\xb6tet', b'\xe2\x96\x81f\xc5\xb1z\xc5\x91d', b'\xe2\x96\x81amilyen', b't\xc3\xb6rt\xc3\xa9net', b'\xe2\x96\x81festm\xc3\xa9ny', b'alap', b'\xe2\x96\x81Raj', b'\xe2\x96\x81judai', b'ritkas\xc3\xa1g', b'sz\xc3\xa1nt', b'ford\xc3\xadt\xc3\xa1s', b'X', b'sod\xc3\xa1s', b'tekinthet\xc5\x91', b'\xe2\x96\x81t\xc3\xb3ra', b'tekercs', b'\xe2\x96\x81t\xc3\xb6rt\xc3\xa9nete', b'\xe2\x96\x81sz\xc3\xa1rmaz', b'hmann', b'2-', b'\xe2\x96\x81\xc3\xa9rt\xc3\xa9kes\xc3\xadt', b'\xe2\x96\x81\xc3\xa9rt\xc3\xa9ke', b'\xe2\x96\x81megform\xc3\xa1l\xc3\xa1s', b'\xe2\x96\x8118', b'\xe2\x96\x81por', b'ir\xc3\xb3ni', b'sza', b'matikus', b'\xe2\x96\x81sz\xc3\xadnf', b'mp', b'\xe2\x96\x81nyit', b'\xe2\x96\x81megtal\xc3\xa1l', b'hatj', b'befektet', b'\xe2\x96\x81megtekinthet', b'rium', b'\xe2\x96\x81Mar', b'hes', b'\xe2\x96\x81gy\xc5\xb1jtem\xc3\xa9ny\xc3\xa9', b'illi', b'rajz', b'\xe2\x96\x81\xc3\xa9p\xc3\xbcl', b'uma', b'eme', b'\xe2\x96\x81Hajd', b'\xc3\xa9r', b'\xe2\x96\x81H\xc3\xa1z', b'\xe2\x96\x81Her', b'\xe2\x96\x81kultikus', b'\xe2\x96\x81figur', b'\xe2\x96\x81romantik', b'\xe2\x96\x81jelz\xc5\x91', b'\xe2\x96\x81haszn\xc3\xa1lt', b'\xe2\x96\x81Sor', b'\xe2\x96\x81mag', b'\xc3\xa9rz\xc3\xa9keny', b'\xe2\x96\x81t\xc3\xb6rek', b'\xe2\x96\x81megmutatkoz\xc3\xa1s', b'\xe2\x96\x81M\xc3\xa1s', b'\xe2\x96\x81munk\xc3\xa1im', b'\xe2\x96\x81abba', b'\xe2\x96\x81ki\xc3\xa1ll\xc3\xadt', b'terme', b'\xe2\x96\x81\xc3\x96r', b'\xe2\x96\x81szob', b'\xe2\x96\x81r\xc3\xa9tegel', b'\xe2\x96\x81hallat', b'\xe2\x96\x81emberis\xc3\xa9g', b'\xe2\x96\x81m\xc3\xadtosz', b'\xe2\x96\x81arch', b'\xe2\x96\x81elfelejt', b'etem', b'ung', b'\xe2\x96\x81sar', b't\xc3\xad', b'\xc3\xa1ll\xc3\xadt\xc3\xa1s', b'rt', b'\xe2\x96\x81individu', b'fogyaszt\xc3\xb3', b'osza', b'urusz', b'\xe2\x96\x81h\xc3\xa1l\xc3\xb3', b'agu\xc3\xa1r', b'\xe2\x96\x81val\xc3\xb3s\xc3\xa1g', b'\xe2\x96\x81ed', b'\xe2\x96\x81test', b'\xe2\x96\x81ejtett', b'sem', b'\xe2\x96\x81rend\xc5\xb1', b'\xe2\x96\x81ir\xc3\xa1nyul', b'\xc3\xa1rom', b'zta', b'\xe2\x96\x81fot\xc3\xb3k', b'\xe2\x96\x81megmutatj', b'\xe2\x96\x81Most', b'\xe2\x96\x81J\xc3\xa1r', b'\xe2\x96\x81visz', b'\xe2\x96\x81\xc3\xa9desa', b'\xe2\x96\x81azonos', b'y\xc3\xb6rgy', b'szek', b'lu', b'\xe2\x96\x81sz\xc3\xadni', b'v\xc3\xa1szn', b'\xe2\x96\x81Orosz', b'\xe2\x96\x81Lu', b'\xe2\x96\x81kapcsol', b'\xe2\x96\x811950-', b'\xe2\x96\x81Int\xc3\xa9zet', b'\xe2\x96\x811948-', b't\xc3\xa1rsul', b'asszony', b'\xe2\x96\x81f\xc3\xa9lre\xc3\xa9rt\xc3\xa9s', b'\xe2\x96\x81Senk', b'\xc3\xa1l', b'\xe2\x96\x81Sz\xc3\xadnh\xc3\xa1z', b'gus', b'\xe2\x96\x811969', b'\xe2\x96\x81int\xc3\xa9zm\xc3\xa9ny', b't\xc3\xb6lt\xc3\xb6tt', b'85', b'bizonyosod', b'lus', b'ress', b'dos', b'p\xc3\xa1', b'\xe2\x96\x81szent', b'tet\xc5\x91', b'\xe2\x96\x81\xc3\xa1ll\xc3\xadtott', b'\xe2\x96\x81vi', b'\xe2\x96\x81\xc3\xbajra\xc3\xb6nt', b'idej\xc5\xb1', b'sz\xc3\xbclet\xc3\xa9s\xc3\xa9', b'\xe2\x96\x81120', b'\xe2\x96\x81alkalm', b'\xe2\x96\x81mozi', b'\xe2\x96\x81k\xc3\xb6rbe', b'\xe2\x96\x81gyermek', b'\xe2\x96\x81Disney', b'\xe2\x96\x81fesz\xc3\xbclts\xc3\xa9g', b'\xe2\x96\x81k\xc3\xb6lcs\xc3\xb6n', b'z\xc3\xb6tt', b'\xe2\x96\x81\xc3\xa1llatok', b'\xe2\x96\x81moz', b'szeretet', b'tartoz\xc3\xa1s', b'feldolgoz', b'\xe2\x96\x81fant', b'forg', b'tat\xc3\xb3', b'\xe2\x96\x81prof', b'\xe2\x96\x81Jan', b'007-', b'ada', b'pusz', b'\xe2\x96\x81Brosnan', b'\xe2\x96\x81eleg', b'anci\xc3\xa1', b'edt', b'zupe', b'lte', b'z\xc3\xa1s\xc3\xa1', b'\xe2\x96\x81csoda', b'\xe2\x96\x81els\xc3\xbcl', b'milli\xc3\xa1rd', b'\xe2\x96\x81atom', b'\xe2\x96\x81Richard', b't\xc3\xa9r', b'\xe2\x96\x81hidegh\xc3\xa1bor\xc3\xba', b'\xe2\x96\x81k\xc3\xb6rny\xc3\xa9k', b'z\xc3\xa1l\xc3\xb3d', b'\xc3\xb3pont', b'\xe2\x96\x81r\xc3\xa9sze', b'szl\xc3\xa1v', b'or\xc3\xba', b'eg\xc3\xa9ny', b'\xe2\x96\x81k\xc3\xa9nytelen', b'\xe2\x96\x81k\xc3\xa9m', b'hist\xc3\xb3ri\xc3\xa1', b'\xe2\x96\x81\xc3\xbcld\xc3\xb6z', b'talp', b'\xe2\x96\x81motor', b'elseje', b'\xc3\xa1d', b'inger', b'3', b'm\xc3\xa1r', b'\xe2\x96\x81fedez', b'\xe2\x96\x81kiad\xc3\xb3', b'\xe2\x96\x81mindenek', b'\xe2\x96\x81\xc3\xa9p\xc3\xadt\xc5\x91', b'letek', b's\xc3\xa1gok', b'\xe2\x96\x81megnyilv\xc3\xa1nul', b'\xe2\x96\x81\xc3\xa9rdekelt', b't\xc3\xadz', b'\xe2\x96\x8110-', b'sz\xc3\xa1mo', b'\xe2\x96\x81febru\xc3\xa1rj\xc3\xa1', b'\xe2\x96\x81lic', b'\xe2\x96\x81helyettes\xc3\xadt', b'\xe2\x96\x81eln\xc3\xb6k\xc3\xa9', b'romlott', b't\xc3\xb6bbs\xc3\xa9g', b'\xe2\x96\x81v\xc3\xa1lts', b'\xe2\x96\x81r\xc3\xb6gz\xc3\xadt', b'\xe2\x96\x81el\xc5\x91\xc3\xadrt', b'\xc3\xadr\xc3\xa1s', b'\xe2\x96\x81foglaltak', b'\xe2\x96\x81d\xc3\xa1tum', b'akad\xc3\xa1lyoztat\xc3\xa1s\xc3\xa1t', b'alkotm\xc3\xa1nyb\xc3\xadr\xc3\xb3s\xc3\xa1g', b'hirdet', b'\xe2\x96\x81K\xc3\xb6z\xc3\xb6ss\xc3\xa9g', b'\xe2\x96\x81frakci\xc3\xb3j\xc3\xa1n', b'\xe2\x96\x81k\xc3\xa9pvisel\xc5\x91i', b'\xe2\x96\x81meg\xc3\xa1llapod', b'\xe2\x96\x81min\xc5\x91s', b'\xc3\xadtette', b'z\xc3\xa1gr', b'lo', b'bus', b'\xe2\x96\x81heti', b'lap', b'\xe2\x96\x81pillanat', b'\xe2\x96\x81bek\xc3\xb6vetkez', b'\xe2\x96\x81\xc3\xbajs\xc3\xa1g', b'j\xc3\xa9n', b'\xe2\x96\x81v\xc3\xa9r', b'\xe2\x96\x81szervezet\xc3\xa9', b'nji', b'inten', b'z\xc3\xadv', b'er\xc5\x91s\xc3\xadt', b'kul\xc3\xa1s', b'urin', b'\xe2\x96\x81al\xc3\xa1\xc3\xadrt', b'\xe2\x96\x81ut\xc3\xb3d\xc3\xa1llama', b'\xe2\x96\x81befejez', b'v\xc3\xa1lt\xc3\xb3', b'\xe2\x96\x81v\xc3\xa9grehajt\xc3\xa1s', b'\xe2\x96\x81Nemzet', b'\xe2\x96\x81kett\xc3\xa9v\xc3\xa1l\xc3\xa1s', b'huza', b'vona', b'\xe2\x96\x81kiad', b'\xc3\xa1gai', b'\xe2\x96\x81p\xc3\xa1nc\xc3\xa9l', b'\xe2\x96\x81\xc5\x91r', b'\xe2\x96\x814,', b'\xe2\x96\x81aranykincs', b'\xe2\x96\x81k\xc3\xb6vetel', b'rendez\xc3\xa9s', b'\xe2\x96\x81nyitott', b'\xe2\x96\x81k\xc3\xa9rd\xc3\xa9s\xc3\xa9', b'\xe2\x96\x81egyezs\xc3\xa9g', b'\xe2\x96\x81\xc3\x81ll', b'\xe2\x96\x81er\xc5\x91fesz\xc3\xadt\xc3\xa9se', b'\xe2\x96\x81\xc3\xbajj\xc3\xa1\xc3\xa9p\xc3\xadt\xc3\xa9s', b'\xe2\x96\x81felsz\xc3\xb3l\xc3\xadt', b'\xe2\x96\x81l\xc3\xa9tsz\xc3\xa1m', b'\xe2\x96\x81n\xc3\xb6vel\xc3\xa9s\xc3\xa9r', b'ked', b'\xe2\x96\x81Hol', b'\xe2\x96\x81\xc3\xb6vezet', b'\xe2\x96\x81besz\xc3\xa1mol\xc3\xb3', b'ulj', b'\xe2\x96\x81j\xc3\xa1r\xc5\x91r', b'\xe2\x96\x81\xc3\xa9rtes\xc3\xbcl\xc3\xa9se', b'\xe2\x96\x81v\xc3\xa1rosba', b'\xe2\x96\x81teheraut\xc3\xb3', b'zerbia', b'nevez\xc3\xa9s', b'\xe2\x96\x81szervezte', b'\xe2\x96\x81eszmecser', b'\xe2\x96\x811996', b'oz', b'\xe2\x96\x81rendezetlen', b'rep\xc3\xbcl\xc3\xa9s', b'dalom', b'\xe2\x96\x81nyilatkozat', b'\xe2\x96\x81reakci\xc3\xb3', b'\xe2\x96\x81megnyugtat\xc3\xb3', b'\xe2\x96\x81tiszt\xc3\xa1z', b'\xe2\x96\x81\xc3\xa1ll\xc3\xa1spont', b'\xe2\x96\x81kifejt', b'kiegyenl\xc3\xadt\xc3\xa9s', b'\xe2\x96\x81vegyes', b'\xe2\x96\x81elhat\xc3\xa1roz', b't\xc3\xb6rleszt\xc3\xa9s', b'\xe2\x96\x81m\xc5\xb1kincse', b'k\xc3\xa9rte', b'hozatal\xc3\xa1', b'\xe2\x96\x81\xc3\xa9rdekei', b'\xe2\x96\x81kialakul\xc3\xa1s\xc3\xa1', b'\xe2\x96\x81hozz\xc3\xa1j\xc3\xa1rul', b'v\xc3\xa1ltani', b'\xe2\x96\x81orsz\xc3\xa1gai', b'\xe2\x96\x81fej', b'vet', b'\xe2\x96\x81jelent\xc3\xa9sek', b'sok', b'\xe2\x96\x81mened', b'\xe2\x96\x81had', b'szl', b'mar', b'\xe2\x96\x81heves', b'\xe2\x96\x81elhelyez', b'\xe2\x96\x81forr\xc3\xa1sok', b'\xe2\x96\x81tiszt', b'\xe2\x96\x81bet\xc3\xb6lt', b'\xe2\x96\x81Kn', b'\xe2\x96\x81t\xc3\xa1rgyal', b'k\xc3\xbcld\xc3\xb6tts\xc3\xa9g', b'l\xc3\xa1toga', b'\xe2\x96\x81t\xc3\xbalzotta', b'kod', b'\xe2\x96\x81beleegyez', b'\xe2\x96\x81\xc3\xadg', b'\xe2\x96\x81b\xc5\xb1n', b'bocs\xc3\xa1', b'\xe2\x96\x81megszavazn', b'\xe2\x96\x81hangoztat', b'rakt\xc3\xa1r', b'\xe2\x96\x81verzi\xc3\xb3', b'\xe2\x96\x81Bud', b'\xe2\x96\x81b\xc3\xadr\xc3\xb3s\xc3\xa1g', b'g\xc3\xa9pkocsivezet\xc5\x91j\xc3\xa9', b'\xc5\x91d\xc5\x91', b'zlov\xc3\xa1kia', b'\xe2\x96\x81gyan\xc3\xba', b'\xe2\x96\x81\xc3\xa1ldozata', b'\xe2\x96\x81nyomoz\xc3\xa1s', b'folytat\xc3\xa1s', b'\xe2\x96\x81el\xc5\x91dj', b'\xe2\x96\x81Klaus', b'ozz\xc3\xa1', b'\xe2\x96\x81Havel', b'\xc5\x91rz\xc3\xa9s', b'\xe2\x96\x81akad\xc3\xa1lyozta', b'\xe2\x96\x81vizsg\xc3\xa1lat', b'\xe2\x96\x81lez\xc3\xa1r\xc3\xa1s', b'\xe2\x96\x81gyan\xc3\xbas', b'\xe2\x96\x81Kor\xc3\xa1bb', b'biztons\xc3\xa1g', b'\xe2\x96\x81szolg\xc3\xa1lat', b'\xe2\x96\x81megsemmis\xc3\xadt\xc3\xa9s', b'W', b'\xe2\x96\x81zsol', b'\xe2\x96\x81Szak\xc3\xa9rt\xc5\x91', b'\xe2\x96\x81v\xc3\xa9gre', b'scher', b'\xe2\x96\x81Labem', b'\xe2\x96\x81rom\xc3\xa1k', b'\xe2\x96\x81roma', b'nikai', b'\xe2\x96\x81hat\xc3\xa1roz', b'\xe2\x96\x81csoportok', b'\xe2\x96\x81nyilatkozat\xc3\xa1', b'\xe2\x96\x81gondja', b'csatlakoz', b'\xe2\x96\x81akad\xc3\xa1lya', b'\xe2\x96\x81Vatik\xc3\xa1n', b'\xe2\x96\x81m\xc3\xb3dos\xc3\xadt', b'tan\xc3\xa1csad\xc3\xa1s', b'\xe2\x96\x81b\xc3\xbcntet\xc5\x91', b'\xe2\x96\x81fenntart\xc3\xa1sai', b'koz\xc3\xb3', b'\xe2\x96\x81jelenti', b'\xe2\x96\x81l\xc3\xa1togat\xc3\xa1s', b'\xe2\x96\x81folytass', b'\xe2\x96\x81\xc3\xa1ll\xc3\xadt', b'szerz\xc3\xa9s', b'\xe2\x96\x81Mitrohin', b'\xe2\x96\x81\xc3\xb3vatosa', b'\xe2\x96\x81igazs\xc3\xa1g', b'\xe2\x96\x81szerv', b'ere', b'\xe2\x96\x81fed', b'\xe2\x96\x81titkosszolg\xc3\xa1lat', b'\xe2\x96\x81k\xc3\xa9tsz\xc3\xa1z', b'\xe2\x96\x81f\xc5\x91s', b'\xc5\x91je', b'\xe2\x96\x81teher', b'\xe2\x96\x81megfenyeget', b'\xe2\x96\x81bo', b'\xe2\x96\x81otthoni', b'\xe2\x96\x81sz\xc3\xa1llod', b'\xe2\x96\x81holttest', b'\xe2\x96\x81telev\xc3\xadzi\xc3\xb3', b'\xe2\x96\x81Vil\xc3\xa1g', b'szervezet', b'\xe2\x96\x815,', b'\xe2\x96\x81okoz\xc3\xb3', b'\xe2\x96\x81dokumentum', b'n\xc3\xa9lk\xc3\xbcli', b'A', b'sal\xc3\xa1do', b'ervezete', b'pes', b'\xe2\x96\x81hat\xc3\xa1lyba', b'tag\xc3\xa1llamok', b'\xe2\x96\x81szoci', b'\xe2\x96\x81tonn\xc3\xa1', b'\xe2\x96\x81liberaliz\xc3\xa1', b'\xe2\x96\x81mez\xc5\x91gazdas\xc3\xa1g', b'\xe2\x96\x81kereskedelm', b'zat', b'\xe2\x96\x81valam', b'ennyi', b'\xe2\x96\x81tal\xc3\xa1lkoz\xc3\xb3', b'nemese', b'\xe2\x96\x81nemes', b'\xe2\x96\x81z\xc3\xb6m', b'\xe2\x96\x81konzervgy\xc3\xa1r', b'\xe2\x96\x81likvidit\xc3\xa1s', b'k\xc3\xa9ptelens\xc3\xa9g', b'\xe2\x96\x81indokolj', b'\xe2\x96\x81poz\xc3\xadci\xc3\xb3', b'\xe2\x96\x81kedvezm\xc3\xa9nye', b'\xe2\x96\x81kamatt\xc3\xa1mogat\xc3\xa1s', b'enci\xc3\xa1l', b'\xe2\x96\x81hitele', b'kezess\xc3\xa9gv\xc3\xa1llal\xc3\xa1s', b'hat\xc3\xa1rozat', b'\xe2\x96\x81gy\xc3\xa1rt\xc3\xb3', b'\xe2\x96\x81jegybank', b'adta', b'hivatal', b'esetek', b'vette', b'visel\xc5\x91', b'\xe2\x96\x81t\xc3\xa1rsa', b'pesti', b'\xe2\x96\x81kisz', b'emelt', b'elj\xc3\xa1r\xc3\xa1s', b'H', b'hivatalnok', b'p\xc3\xb3', b'SZ', b'\xe2\x96\x81t\xc3\xa1voz\xc3\xa1s', b'\xe2\x96\x81Hasonl\xc3\xb3', b'\xe2\x96\x81elad\xc3\xb3', b'\xe2\x96\x81privatiz\xc3\xa1ci\xc3\xb3j\xc3\xa1', b'\xe2\x96\x81megszerez', b'c\xc3\xa9g', b'\xe2\x96\x81tulajdonost\xc3\xa1rs', b'\xe2\x96\x81ir\xc3\xa1ny\xc3\xadt', b'\xe2\x96\x81ideig', b'\xe2\x96\x81QI', b'\xe2\x96\x81v\xc3\xa9gelsz\xc3\xa1mol\xc3\xa1s', b'\xe2\x96\x81cip\xc5\x91k', b'ereskedelm', b'\xe2\x96\x81t\xc5\x91k\xc3\xa9j', b'kereskedelm', b'\xe2\x96\x81\xc3\xbcz', b'\xe2\x96\x81elad\xc3\xa1s\xc3\xa1', b'privatiz\xc3\xa1ci\xc3\xb3', b'\xe2\x96\x81alkalmazotta', b'\xe2\x96\x81v\xc3\xa9tel', b'\xe2\x96\x81k\xc3\xa9szp\xc3\xa9nz', b'\xe2\x96\x81\xc3\xa9rt\xc3\xa9kes\xc3\xadt\xc3\xa9s', b'\xe2\x96\x81vesztes\xc3\xa9g', b'\xe2\x96\x81p\xc3\xa1rosul', b'igazgat\xc3\xb3j', b'\xe2\x96\x81\xc3\x81llam', b'\xc3\xa9nz', b'el\xc3\xbcgyelet', b'\xe2\x96\x81\xc3\x81PTF', b'uszt', b'\xe2\x96\x81fel\xc3\xbcgyelet', b'emel\xc3\xa9s', b'\xe2\x96\x81v\xc3\xa9ge', b'\xc3\xb3ztat\xc3\xa1s', b'\xe2\x96\x81FIK', b'\xe2\x96\x81\xc3\x89p\xc3\xadt\xc5\x91', b'j\xc5\xb1', b'ichard', b'\xc5\x91v\xc3\xa1ros', b'\xe2\x96\x81Ingatlan', b'gy\xc3\xa1r', b'\xe2\x96\x81gy\xc5\x91', b'\xe2\x96\x81olcs\xc3\xb3', b'hold', b'\xe2\x96\x81hat\xc3\xa1s\xc3\xa1', b'40', b'\xe2\x96\x81kisbefektet\xc5\x91', b'\xe2\x96\x819,', b'\xe2\x96\x81aj\xc3\xa1nlat', b'\xe2\x96\x81visszav\xc3\xa1s\xc3\xa1rl\xc3\xa1s', b'\xe2\x96\x81igaz\xc3\xadt', b'k\xc3\xb6telez', b'\xe2\x96\x81v\xc3\xa9gi', b'nkar', b'd\xc5\x91lt', b'\xe2\x96\x81k\xc3\xa1rok', b'l\xc3\xa9sek', b'\xe2\x96\x81eml\xc3\xadt', b'pra', b'v\xc3\xa1llalat', b'\xe2\x96\x81legjobb', b'\xe2\x96\x81taks\xc3\xa1l', b'biztos\xc3\xadt\xc3\xa1s', b'\xe2\x96\x81helyre\xc3\xa1ll\xc3\xadt\xc3\xa1s', b'\xe2\x96\x81b\xc3\xbc', b'lemz\xc5\x91', b'\xe2\x96\x81t\xc3\xa1masz', b'\xe2\x96\x81szolidarit\xc3\xa1s', b'\xe2\x96\x81szem\xc3\xa9lyi', b'l\xc3\xa1t\xc3\xa1s', b't\xc3\xa1s\xc3\xa1', b'\xc3\xadt\xc5\x91', b'\xe2\x96\x81Ankar\xc3\xa1b', b'\xe2\x96\x81idei', b'\xe2\x96\x81f\xc3\xa9rfiak', b'korhat\xc3\xa1r', b'\xe2\x96\x81vonul', b'\xe2\x96\x81fogadta', b'skod', b'\xe2\x96\x811995-', b'pe', b'sze', b'\xe2\x96\x812002-', b'\xe2\x96\x81privatiz\xc3\xa1l\xc3\xa1s', b'\xc3\xbcrk', b'elek', b'\xe2\x96\x81b\xc3\xbaz', b'mennyis\xc3\xa9g', b'\xe2\x96\x81do', b'\xe2\x96\x81bevezet\xc3\xa9s', b'\xe2\x96\x81sv\xc3\xa9d', b'\xe2\x96\x81harmad', b'\xe2\x96\x81Isztambul', b'\xe2\x96\x81Atat\xc3\xbcrk', b'\xe2\x96\x81egys\xc3\xa9g', b'\xe2\x96\x81csa', b'\xe2\x96\x81terve', b'\xe2\x96\x81megs', b'\xe2\x96\x81iszl\xc3\xa1mist', b'\xe2\x96\x81szolg\xc3\xa1ltat', b'telen', b'\xe2\x96\x81ossz', b'\xe2\x96\x81korm\xc3\xa1n', b'\xe2\x96\x81hadsereg', b'\xe2\x96\x81mon', b'\xe2\x96\x81vesz\xc3\xadt', b'\xe2\x96\x81m\xc3\xa1rk\xc3\xa1', b'\xe2\x96\x81kapcs', b'\xe2\x96\x81ellent\xc3\xa9tek', b'ssen', b'\xe2\x96\x81Kohl', b'\xe2\x96\x81t\xc3\xa1mogat', b'\xe2\x96\x81Go', b'des', b'berg', b'\xe2\x96\x81megosztotts\xc3\xa1g', b'\xe2\x96\x81megszor\xc3\xadt\xc3\xa1s', b'el\xc5\x91terjeszt', b'\xe2\x96\x81legf', b'\xc5\x91bb', b'rankfurt', b'\xc3\xa9p\xc3\xadt\xc3\xa9s', b'\xe2\x96\x81kamat', b'nn\xc3\xa1l', b'\xe2\x96\x81Brand', b'ival', b'\xe2\x96\x81\xc5\x91riz', b'r\xc3\xbc', b'\xe2\x96\x81szoci\xc3\xa1ldemokrat', b'\xe2\x96\x81kamp\xc3\xa1ny', b'\xe2\x96\x81bri', b'\xe2\x96\x81megpr\xc3\xb3b\xc3\xa1l', b'koz', b'\xe2\x96\x81megk\xc3\xa9rd', b'\xe2\x96\x81megny', b'erte', b'\xe2\x96\x81Wil', b'\xe2\x96\x81elismer', b'\xe2\x96\x81sz\xc3\xa9k', b'\xe2\x96\x81beiktat', b'\xe2\x96\x81t\xc3\xa1voz\xc3\xb3', b'tassa', b'pont', b'\xe2\x96\x81kantonok', b'oszt\xc3\xa1s\xc3\xa1', b'\xe2\x96\x81kom', b'\xe2\x96\x81rend\xc5\x91rs\xc3\xa9ge', b'\xe2\x96\x81\xc3\xa9szak', b'\xe2\x96\x81Kos', b'ovs', b'\xe2\x96\x81Mitro', b'\xe2\x96\x81Pristin\xc3\xa1', b'\xe2\x96\x81b\xc3\xa9k', b'ristin', b'\xe2\x96\x81Gnjilan', b'nemzeti', b'\xe2\x96\x81Szerbi', b'\xe2\x96\x81javaslato', b'\xe2\x96\x81Belgr\xc3\xa1d', b'\xe2\x96\x81megoszt\xc3\xa1s', b'\xe2\x96\x81kantoniz\xc3\xa1', b'\xe2\x96\x81szavatol', b'erjeszt', b'os\xc3\xadt\xc3\xa1s', b'\xc3\xa9kes', b'udi', b'\xc3\xb3di', b'\xe2\x96\x81techn', b'k\xc3\xa9pes', b'\xe2\x96\x81versen', b'c\xc3\xa9gek', b'eloszt\xc3\xa1s\xc3\xa1', b'\xe2\x96\x81Egyes', b'\xe2\x96\x81elv\xc3\xa1l', b'\xe2\x96\x81jelent\xc5\x91', b'rny\xc3\xa9k', b'g\xc3\xb6', b'mb', b'amerikai', b'\xe2\x96\x81globaliz\xc3\xa1', b'\xe2\x96\x81inga', b'doz\xc3\xa1s', b'\xe2\x96\x81pszich', b'\xe2\x96\x81biz', b'\xe2\x96\x81v', b'\xe2\x96\x81t\xc3\xbalzott', b'j\xc3\xb6v\xc5\x91', b'konjunkt\xc3\xbara', b'yitott', b'\xc3\xb6ss\xc3\xa9ge', b'\xe2\x96\x81k\xc3\xbclkereskedel', b'\xe2\x96\x81ig\xc3\xa9nye', b'spe', b'\xe2\x96\x81infrastrukt', b'ci\xc3\xb3s', b'\xe2\x96\x81\xc3\xa1tlag', b'lenged', b'\xe2\x96\x81bizalma', b'\xc5\xb1v', b'\xe2\x96\x81k\xc3\xb6zvet', b'\xe2\x96\x81gazdas\xc3\xa1gba', b'\xe2\x96\x81kisebb', b'bru', b'term\xc3\xa9k', b'\xe2\x96\x81f\xc5\x91szerep', b'\xe2\x96\x81m\xc3\xa9rs\xc3\xa9kl', b'viszony', b'\xc3\xb6veked', b'\xe2\x96\x81vegy', b'\xe2\x96\x81Tava', b'kilenced', b'egyetem', b'\xe2\x96\x81di\xc3\xa1ko', b'\xe2\x96\x81inform', b'nacion\xc3\xa1l', b'\xe2\x96\x81bemutat', b'\xe2\x96\x81hagyom\xc3\xa1n', b'\xe2\x96\x81muta', b'\xe2\x96\x81kapcsolatba', b'\xe2\x96\x81jelentkez', b'\xe2\x96\x81t\xc3\xa1j\xc3\xa9koz', b'\xe2\x96\x81k\xc3\xb6rb', b'nyom\xc3\xa1s', b'k\xc3\xa9sz\xc3\xbclte', b'dug', b'\xe2\x96\x81elz\xc3\xa1r', b'\xe2\x96\x81pilis', b'ter\xc3\xbclet', b'\xc3\xa1llalat', b'g\xc3\xa9p', b'\xc3\xa1zott', b'\xe2\x96\x81\xc3\xbcld\xc3\xb6', b'\xc3\xbclk\xc3\xa9', b'takar', b'\xe2\x96\x81csin\xc3\xa1lj', b'\xe2\x96\x81dolg', b'\xc5\xb1zolt\xc3\xb3', b'ontosa', b'fog', b'\xe2\x96\x81kedvez', b'nyom', b'l\xc5\x91', b's\xc3\xa1g\xc3\xa1b', b'\xe2\x96\x81panasz', b'cs\xc3\xbasz', b'd\xc3\xb6tt', b'\xe2\x96\x81ref', b'\xe2\x96\x81sof\xc5\x91r', b'gel\xc5\x91', b'mag\xc3\xa1', b'kedv', b'ej\xc3\xbck', b'\xe2\x96\x81h\xc3\xb3ba', b'\xe2\x96\x81\xc3\xa9j', b'jel', b'eljes', b'\xc3\xadrt', b'annyi', b'ztet\xc3\xa9s', b'\xc3\xb6g', b'v\xc3\xadz', b'cal', b'\xe2\x96\x81t\xc3\xb6m', b'v\xc3\xa1g', b'\xe2\x96\x81pillan', b'csoda', b'darabb', b'd\xc3\xa1ba', b'\xe2\x96\x81megt\xc3\xb6rt\xc3\xa9n', b'y\xc3\xba', b'\xe2\x96\x81hajto', b'oda', b'arancs', b'\xe2\x96\x81Akad', b'k\xc3\xa1l', b'mar\xc3\xb3g\xc3\xa9p', b'\xe2\x96\x81tenge', b'\xe2\x96\x81akad\xc3\xa1ly', b'ilissz\xc3\xa1nt\xc3\xb3', b'szok\xc3\xa1s', b'natkoz', b'enger', b'\xc3\xa1sznak', b'\xe2\x96\x81mell', b'in\xc3\xa1l', b'ob\xc3\xa1', b'nka', b'l\xc3\xb3r', b'kedvelt', b'ubi', b'shi', b'\xe2\x96\x81Pa', b'orok', b'\xe2\x96\x81eml\xc3\xa9ke', b'\xe2\x96\x81tava', b't\xc5\xb1n\xc5\x91', b'akad\xc3\xa1lyo', b'egk\xc3\xb6zel\xc3\xadt', b'\xe2\x96\x81m\xc3\xb6g', b'solt', b'\xe2\x96\x81Kiemel', b'\xe2\x96\x81kezel', b'rt\xc3\xa9s', b'\xe2\x96\x81hel', b'm\xc3\xa9r', b'\xe2\x96\x81p\xc3\xa9n', b'\xe2\x96\x81L\xc3\xa1', b'amionok', b'\xe2\x96\x81kamion', b'roz\xc3\xb3', b'helye', b't\xc3\xa1rs\xc3\xa1t', b'tudt', b'\xe2\x96\x81fala', b'\xe2\x96\x81\xc3\xa9p\xc3\xbclet', b'\xc3\xb6vetkezet', b'\xe2\x96\x81sz\xc3\xa1ll', b'\xc3\xa1solj', b'meleg', b'ber', b'g\xc3\xa1ri', b'delem', b'arancsnok', b'\xe2\x96\x81elz\xc3\xa1rt', b'h\xc3\xa1l\xc3\xb3zat', b'\xc3\xbctt', b'Magyarorsz\xc3\xa1g', b'eltek', b'busz', b'\xe2\x96\x81j\xc3\xa1rat', b'onyba', b'olna', b'ya', b'alakult', b'k\xc3\xb6zl\xc3\xa9s', b'\xe2\x96\x81V\xc3\xad', b'iniszt\xc3\xa9rium', b'\xe2\x96\x81ko', b'in\xc3\xa1lt', b'\xe2\x96\x81v\xc3\xa9gz', b'inisztereln\xc3\xb6k', b'ivatal', b'\xe2\x96\x81Eur\xc3\xb3p', b'\xe2\x96\x81hely\xc3\xbc', b'v\xc3\xa9sz', b'helyzetb', b'\xe2\x96\x81haszno', b'baj', b'asszi', b'96', b'42', b'olaj', b'eper', b'64', b'ibusz', b'rorsz\xc3\xa1g', b'30', b'\xc3\xbcn', b'\xe2\x96\x81t\xc3\xb6r\xc3\xb6', b'ltek', b'sztr\xc3\xa1', b'z\xc3\xbc', b'ut\xc3\xb3p\xc3\xa1ly\xc3\xa1j\xc3\xa1', b's\xc3\xbafolt', b'ilenced', b'kab', b'\xe2\x96\x81melyb', b'rs', b'\xe2\x96\x81verse', b'\xc3\xadt\xc3\xa9lt', b'w', b'\xe2\x96\x81Felszabad', b'\xc3\xads\xc3\xa9r', b'd\xc3\xa1', b'atok', b'\xc3\xa1rj\xc3\xa1n', b'\xe2\x96\x81tor', b'\xe2\x96\x81elf', b'utottak', b'\xc3\xa9m\xc3\xa1k', b'egyed', b'szab', b'p\xc3\xa1lya', b'vesz\xc3\xa9ly', b'\xe2\x96\x81demokr\xc3\xa1ci', b'\xe2\x96\x81rem\xc3\xa9ny', b'k\xc3\xb6vet', b'elje', b'mond\xc3\xa1s', b'\xe2\x96\x81korl\xc3\xa1t', b'ezn\xc3\xa9', b'\xe2\x96\x81lak\xc3\xb3', b'pon', b'\xe2\x96\x81d\xc3\xadjaz', b'\xe2\x96\x81\xc3\xadrj', b'fogalmaz', b'\xe2\x96\x81\xc3\xa9rti', b'\xe2\x96\x81probl\xc3\xa9m', b'\xe2\x96\x81\xc3\x89rt', b'nden', b'k\xc3\xb6lcs', b'odor', b'mia', b'\xe2\x96\x81tal\xc3\xa1lhat', b'\xe2\x96\x81feljelent', b'kommunist', b'sszimi', b'\xc3\xa1l\xc3\xb3d', b'ag\xc3\xa1nlev', b'yebb', b'\xc3\xa1llapot', b'visel\xc5\x91i', b'egin', b'\xe2\x96\x81ne', b'tanulm\xc3\xa1nyo', b'figyel', b'osztat', b'\xe2\x96\x81gondolkod', b'\xe2\x96\x81elv', b'ehets\xc3\xa9ges', b'\xe2\x96\x81elnevez', b'ehetne', b'b\xc5\xb1nb', b'\xe2\x96\x81egyesek', b'\xe2\x96\x81befoly\xc3\xa1s', b'viselt', b'\xe2\x96\x81cs\xc3\xb6', b'ndes', b'\xe2\x96\x81lako', b'rvos', b'j\xc3\xa1rat', b'elkedjen', b'ogna', b'ar\xc3\xa1tunk', b'alma', b'rtok', b'd\xc3\xadjas', b'\xe2\x96\x81Tisz', b'\xe2\x96\x81megsz\xc3\xa9', b'\xe2\x96\x81vag', b'v\xc3\xa1rosba', b'\xc3\xa9p\xc3\xadt', b'szolg', b'oszt\xc3\xa1ly', b'tapasztal', b'nfer', b'\xe2\x96\x81meghal', b'darab', b'l\xc3\xa1ng', b'odt', b'\xc3\xa1s\xc3\xa1b', b'\xc5\x91zet', b'\xc3\xa9nyek', b'ind\xc3\xadtott', b'csoportba', b'rd', b'\xe2\x96\x81lib', b'\xe2\x96\x81feny', b'ito', b'mpu', b'\xc3\xa1lja', b'\xc5\x91j\xc3\xa9', b'h\xc3\xa1bor\xc3\xba', b'\xe2\x96\x81k\xc3\xb6r\xc3\xbclm\xc3\xa9nye', b'hadi', b'szervez\xc3\xa9s', b'l\xc3\xa1sa', b'sz\xc3\xa1', b'g\xc3\xb3', b'szerel\xc3\xa9se', b't\xc3\xb6lt\xc5\x91', b'mes\xc3\xa9l', b'izonyos', b'\xe2\x96\x81szeme', b'k\xc3\xa9ptelen', b'delj', b'\xe2\x96\x81hegy', b'\xe2\x96\x81k\xc3\xb3rh\xc3\xa1z', b'lta', b'hang', b't\xc3\xa1li', b'ium', b'\xc3\xa1lt', b'\xe2\x96\x81kisv\xc3\xa1r', b'fir', b'egett', b'ritmus', b'cser\xc3\xa9', b'veg', b'ez\xc3\xa9r', b'm\xc3\xa1l\xc3\xa1s', b'\xe2\x96\x81alko', b'\xe2\x96\x81nyer', b'k\xc3\xbcldte', b'gatta', b'l\xc3\xa1m', b'\xe2\x96\x81akarj', b'\xe2\x96\x81k\xc3\xb6z\xc3\xb6l', b'\xe2\x96\x81mes\xc3\xa9', b'efejez', b'k\xc3\xb6nyve', b'zni', b'reml', b'kozn', b'\xc3\xb6n\xc3\xb6s', b'\xe2\x96\x81v\xc3\xa1lasztott', b'\xe2\x96\x81J\xc3\xb3zs', b'\xe2\x96\x81ura', b'vend\xc3\xa9g', b'eleb', b'\xe2\x96\x81tisztele', b'gtek', b'vonat', b'\xc3\xb3ni\xc3\xa1', b'pszichi\xc3\xa1ter', b't\xc3\xa9re', b'mann', b'\xe2\x96\x81v\xc3\xb6r\xc3\xb6s', b'kusz', b'nyeg', b'get\xc3\xa9s', b'dv', b'\xc3\xb6z\xc3\xb6lt', b'aut\xc3\xb3', b'\xe2\x96\x81r\xc3\xa9g', b'\xe2\x96\x81mondj', b'gy\xc3\xb3gy\xc3\xa1sz', b'yr', b'\xe2\x96\x81lak\xc3\xb3it', b'f\xc5\xb1t', b'm\xc5\xb1k\xc3\xb6d\xc3\xa9s', b'\xe2\x96\x81Op', b'\xe2\x96\x81lelk', b'\xe2\x96\x81no', b'alkod', b'bomb', b'hamar', b'ir\xc3\xa1ny\xc3\xadt\xc3\xa1s', b'\xe2\x96\x81felfog', b'\xe2\x96\x81pr\xc3\xb3b\xc3\xa1', b'ez\xc3\xa9s', b'\xc3\xa9r\xc3\xa9s\xc3\xa9t', b'nakod', b'\xe2\x96\x81fize', b'\xe2\x96\x81Leg', b'\xc3\xbaj', b'ndj', b'vonala', b'ideg', b'\xe2\x96\x81fr', b'\xc3\xa1zisok', b'\xe2\x96\x81energi', b'\xc3\xa1suk', b'sz\xc3\xbcntet', b'utas', b'\xe2\x96\x81roml', b'\xe2\x96\x81aut\xc3\xb3ba', b'l\xc3\xa9l\xc5\x91', b'teszi', b'sz\xc3\xad', b'szorosa', b'el\xc3\xa9g', b'\xc3\xa9g', b'\xe2\x96\x81konst', b'l\xc3\xa1ci\xc3\xb3k', b'\xe2\x96\x81h\xc3\xad', b'\xc3\xa1ria', b'\xc3\xa9p\xc3\xbcl', b'vas\xc3\xbat', b'\xe2\x96\x81l\xc3\xa9t', b'es\xc3\xbclt', b'igazol', b'polg\xc3\xa1rmester', b'b\xc5\x91', b'r\xc3\xa9n', b'\xe2\x96\x81beleb', b'ss\xc3\xa9ge', b'forma', b'eneakad\xc3\xa9mi', b'el\xc5\x91ad\xc3\xa1s', b'l\xc3\xa9p\xc3\xa9s', b'ist\xc3\xa1b', b'\xe2\x96\x81dr\xc3\xa1', b'sz\xc3\xadnpad', b'sz\xc3\xb3l', b'\xe2\x96\x81k\xc3\xb6sz\xc3\xb6n', b'\xc3\xa9rv\xc3\xa9ny', b'elmo', b'uss', b'\xe2\x96\x81muzsik', b'\xe2\x96\x81oper', b'\xe2\x96\x81tartom', b'\xe2\x96\x81technik', b'szem', b'\xe2\x96\x81negy', b'felejt', b'\xe2\x96\x81F\xc3\xbc', b'rd\xc3\xa9s', b'cso', b'\xe2\x96\x81\xc3\xa9lte', b'\xe2\x96\x81tudhat', b'repe', b'\xc3\xa9nekelt', b'annh', b'\xc3\xa4', b'olf', b'ramj\xc3\xa1', b'sik', b'l\xc3\xa9nyeges', b'\xe2\x96\x81Kom', b'ische', b'\xe2\x96\x81Oper', b'mber', b'felett', b'hat\xc3\xa1roz', b'\xe2\x96\x81Val', b'\xc3\xa9rz\xc3\xa9s', b'\xe2\x96\x81k\xc3\xb6sz\xc3\xb6nhet', b'ejt\xc3\xa9s\xc3\xa9r', b't\xc3\xb3bb', b'ny\xc3\xbajt', b'\xe2\x96\x81elismer\xc3\xa9s', b'seg\xc3\xadt', b'\xe2\x96\x81G\xc3\xa9', b'\xe2\x96\x81\xc3\xa9lm\xc3\xa9n', b'\xe2\x96\x81ny\xc3\xbajtan', b'\xe2\x96\x81\xc3\xa9szreve', b'\xc3\xa9ged', b'\xe2\x96\x81l\xc3\xa9nyege', b'eglepet', b'lvil\xc3\xa1g', b'ajta', b'\xe2\x96\x81megszere', b'v\xc3\xa9tel', b'\xe2\x96\x81min', b'im\xc3\xa1l', b'zeneszerz\xc5\x91', b'\xe2\x96\x81Zene', b'oper\xc3\xa1', b'zenek', b'm\xc5\xb1ve', b'f\xc3\xb3', b'\xe2\x96\x81\xc3\xa9neke', b'apok', b'ise', b'\xe2\x96\x81ezekb', b'\xe2\x96\x81st\xc3\xbadi\xc3\xb3', b'usic', b'\xe2\x96\x81\xc3\x81l', b'tal\xc3\xa1', b'fek', b'tartoz', b'\xe2\x96\x81r\xc3\xa9teg', b'eh\xc3\xa9z', b'asztal', b'\xc3\xa9rni', b'\xe2\x96\x81t\xc3\xb6rzs', b'k\xc3\xb6z\xc3\xb6ns\xc3\xa9g', b'lhangz', b'\xe2\x96\x81meghallgat', b'\xe2\x96\x81m\xc3\xb3d', b'z\xc3\xbck', b'\xe2\x96\x81\xc3\xa9rdekel', b'ris', b'ossz', b'\xe2\x96\x81f\xc3\xa9lre\xc3\xa9rt', b'\xe2\x96\x81m\xc5\xb1fajb', b'\xe2\x96\x81\xc3\x96n', b'\xe2\x96\x81tal\xc3\xa1l', b'\xe2\x96\x81alk', b'r\xc3\xb6s', b'lamo', b'szeml\xc3\xa9', b'oszto', b'rendez\xc3\xa9s\xc3\xa9', b'tila', b'darabjai', b'\xe2\x96\x81kev', b'\xe2\x96\x81bar', b'ogat', b'\xc3\xa9sz\xc3\xadte', b'll\xc3\xb3', b'\xe2\x96\x81szerencs\xc3\xa9', b'hely', b'teremt', b'is\xc3\xa9g\xc3\xa9', b'\xe2\x96\x81k\xc3\xa9pvisel', b'\xe2\x96\x81vil\xc3\xa1gszer', b'd\xc3\xadszv', b't\xc3\xbadi\xc3\xb3j\xc3\xa1', b'fordul\xc3\xb3', b'\xe2\x96\x81k\xc3\xa1lyh', b'\xe2\x96\x81muz', b'gy\xc3\xa1rt\xc3\xb3', b'\xe2\x96\x81term\xc3\xa9ke', b'ozin', b'\xc3\xadves', b'gazda', b'fak', b'tur\xc3\xa1lis', b'\xc3\xb6rzs', b'\xc3\xb6', b'kiad\xc3\xb3', b'al\xc3\xa9ri\xc3\xa1', b'v\xc3\xa1l', b'udaika', b'rver\xc3\xa9s', b'\xe2\x96\x81\xc3\xa9rt\xc3\xa9kes', b'\xe2\x96\x81kult', b'\xe2\x96\x81besz\xc3\xa1mol', b'alm', b'\xc3\xa1ci', b'\xe2\x96\x81kur', b'\xe2\x96\x81sz\xc3\xa1zadb', b'\xe2\x96\x81Mos', b'endel', b'soh', b'apj\xc3\xa1n', b'\xe2\x96\x81k\xc3\xb6nyve', b'alem', b'\xe2\x96\x81m\xc5\xb1v\xc3\xa9', b'uc', b'mester', b'\xe2\x96\x81194', b'\xe2\x96\x81elh', b'\xe2\x96\x81kiv\xc3\xa9', b'gezte', b'stb', b'l\xc3\xa1lt', b'\xe2\x96\x81arany', b'l\xc3\xa1nb', b'tart\xc3\xb3', b'ukci\xc3\xb3k', b'\xe2\x96\x81kultu', b'\xc3\xa1rver\xc3\xa9s', b'\xe2\x96\x81d\xc3\xb6', b'\xe2\x96\x81term\xc3\xa9', b'gy\xc5\xb1jtem\xc3\xa9ny', b'\xe2\x96\x81tekinthet', b'\xe2\x96\x81Hun', b'ntoni', b'api', b'dua', b'rdo', b'chin', b'fik\xc3\xa1', b'\xe2\x96\x81k\xc3\xb6r\xc3\xa9', b'\xc5\x91m\xc5\xb1v\xc3\xa9sze', b'\xc3\xbcnt', b'her', b'mil', b'cher', b'rny', b'enne', b'\xe2\x96\x81otthont', b'\xe2\x96\x81alkot\xc3\xa1s', b'r\xc3\xa1', b'zol\xc3\xa1s', b'\xc3\xb6tte', b'fus', b'k\xc3\xa1s', b'dol', b'terem', b'97-', b'\xe2\x96\x81sikere', b'\xc3\xa1dj\xc3\xa1', b'\xe2\x96\x81nyug', b'\xe2\x96\x81Tud', b'zk\xc3\xb6', b'rt\xc3\xb3z', b'egbe', b'\xe2\x96\x81mennyi', b'\xe2\x96\x81elfo', b'lyik', b'\xe2\x96\x81t\xc3\xa1rgy', b'aszt', b'gat\xc3\xa1s', b'\xc3\xa9nyes', b'\xe2\x96\x81t\xc3\xb6rt\xc3\xa9net\xc3\xa9n', b'h\xc3\xbaz', b'\xe2\x96\x81n\xc3\xa9pe', b'miatt', b'\xc3\xa9rz', b'fordul', b'\xe2\x96\x81l\xc3\xa9te', b'\xc3\xa9tez', b'lts\xc3\xa1g', b'het\xc3\xa9s', b'\xe2\x96\x81\xc3\xa9rz\xc3\xa9ke', b'\xe2\x96\x81din', b'ep\xc3\xbcl', b'\xe2\x96\x81rep\xc3\xbcl', b'halt', b'nosz', b'tikusok', b'lat\xc3\xb3', b'\xe2\x96\x81figyelm', b'\xe2\x96\x81T\xc3\xb6r\xc3\xb6k', b'atai', b'neve', b'\xe2\x96\x81bec', b'\xe2\x96\x81kiejt', b'\xe2\x96\x81hallgat', b't\xc3\xb6', b'\xe2\x96\x81F\xc3\xa9', b'\xe2\x96\x81rom\xc3\xa1', b'rat\xc3\xb3rium', b'jza', b'olozsv\xc3\xa1r', b'\xc5\xb1v\xc3\xa9szet', b'y\xc3\xb6ny\xc3\xb6r\xc5\xb1', b'efej', b'\xe2\x96\x81sz\xc3\xadnm\xc5\xb1v\xc3\xa9', b'\xe2\x96\x81tap', b'solhat', b'ndr', b'\xe2\x96\x81esztend', b'endez\xc5\x91', b'kt\xc3\xb3ber', b'ecember', b'eged', b'j\xc3\xa9', b'\xe2\x96\x81Te', b'vje', b'maros', b'helyi', b'\xe2\x96\x81f\xc5\xb1z', b'ul\xc3\xa1l', b'\xe2\x96\x81kit\xc3\xbcntet', b'jra\xc3\xb6nt', b'\xc3\xa1ll\xc3\xadtj', b'\xe2\x96\x81Bor', b'szobor', b'psz', b'\xe2\x96\x81k\xc3\xa9sz\xc3\xadte', b'aszk', b'l\xc5\x91n', b'\xe2\x96\x81jelentet', b'60', b'evezetes', b'n\xc3\xa9z\xc5\x91', b'\xe2\x96\x81\xc3\xbajj\xc3\xa1', b'sz\xc3\xbclet', b'doka', b'k\xc3\xb6rbe', b'\xe2\x96\x81Ed', b'gar', b'h\xc5\x91s', b'sz\xc3\xbclte', b'illa', b'csal\xc3\xa1d', b'gyerek', b'lend\xc3\xbcl', b'\xe2\x96\x81leve', b'\xc3\xadt\xc3\xa9s', b'\xc3\xa9let', b'\xe2\x96\x81for', b'\xe2\x96\x81l\xc3\xa9ny', b'volt', b'\xe2\x96\x81l\xc3\xa1tv\xc3\xa1ny', b'sztikus', b'f\xc3\xb6', b'rakoz', b'kutat\xc3\xb3', b'\xe2\x96\x81eleme', b'\xe2\x96\x81kifo', b'hil', b'lins', b'\xc3\xa9rz\xc3\xa9k', b'got', b'\xc3\xa9rde', b'\xe2\x96\x81k\xc3\xad', b'\xc3\xa9letlen', b'\xe2\x96\x81na', b'pr\xc3\xb3', b'k\xc3\xa9m', b'\xe2\x96\x81el\xc5\x91d', b'oger', b'\xe2\x96\x81felle', b'lhet\xc5\x91', b'\xe2\x96\x81h\xc3\xa1l', b"'", b'\xe2\x96\x81l\xc3\xa1tv\xc3\xa1n', b'st\xc3\xa1b', b'elle', b'ktus', b'\xc3\xa9nye', b'j\xc3\xb6', b'hie', b'tud\xc3\xb3s', b'\xe2\x96\x81csom', b'fi\xc3\xba', b'film', b'\xc3\xadr\xc3\xb3', b'zza', b'rep\xc3\xbcl\xc5\x91', b'cs\xc3\xb3n', b'nyelv', b'p\xc3\xa1ros', b'\xe2\x96\x81Sze', b'sch', b'pontos', b'\xe2\x96\x81szok\xc3\xa1so', b'bemutat\xc3\xb3', b'\xe2\x96\x81sz\xc3\xa1mo', b'gy\xc5\xb1l', b'itet', b'\xc3\xa9rtes\xc3\xbcl\xc3\xa9se', b'eml\xc3\xa9k', b'harmad', b'\xe2\x96\x81t\xc3\xb6rv\xc3\xa9n', b'\xe2\x96\x81tart\xc3\xb3s', b'\xe2\x96\x81akad\xc3\xa1lyoztat\xc3\xa1s', b'\xe2\x96\x81fogalm', b'\xe2\x96\x81\xc3\xa1llap', b'\xc3\xadtsa', b'rv\xc3\xa1', b'szthatj', b'\xe2\x96\x81szavaz', b'pontj', b'at\xc3\xa1s\xc3\xa1t', b'\xc3\xbalyos', b'lad\xc3\xa1s', b'm\xc3\xa9rge', b'\xe2\x96\x81Ju', b'tar', b'osszabb', b'\xe2\x96\x81kezel\xc3\xa9s', b'\xe2\x96\x81Ve', b'\xe2\x96\x81\xc3\xa9rtes\xc3\xbcl', b'\xe2\x96\x81Dub', b'ztet\xc5\x91', b'\xe2\x96\x81Szlov\xc3\xa1k', b'megoszt\xc3\xa1s', b'elk\xc3\xa9pes', b'r\xc3\xa1ga', b'osult', b'\xe2\x96\x81Pozsonyba', b'ezm\xc3\xa9ny', b'mind', b'\xe2\x96\x81megel\xc3\xa9ge', b'\xc3\xa9r\xc5\x91', b'\xe2\x96\x81P\xc3\xa1r', b'\xe2\x96\x81tev\xc3\xa9keny', b'\xe2\x96\x81Szak', b'j\xc3\xa1r\xc5\x91r', b'\xe2\x96\x81t\xc3\xa1mad\xc3\xa1s', b'\xc3\xa9rkezne', b'nergia', b'\xe2\x96\x81Zsi', b'\xe2\x96\x81k\xc3\xbcl\xc3\xbcgy', b'lasztott', b'vizit', b'old\xc3\xa1s\xc3\xa1', b'geny', b'\xe2\x96\x81Pri', b'kov', b'R', b'\xe2\x96\x81bonyo', b'\xe2\x96\x81lez\xc3\xa1r', b'azonos', b'idej', b'\xe2\x96\x81Oroszorsz\xc3\xa1gba', b'sz\xc3\xa1rmaz', b'\xc3\xbcgyminiszt\xc3\xa9rium', b'azonos\xc3\xadt', b'\xe2\x96\x81visszaj', b'tat\xc3\xa1s\xc3\xa1t', b'\xe2\x96\x81jellem', b'ezte', b'\xe2\x96\x81tart\xc3\xa1s', b'hatalom', b'besz\xc3\xa9d', b'\xe2\x96\x81\xc3\xa9rdekl\xc5\x91', b'\xe2\x96\x81raga', b'szkod', b'\xe2\x96\x81c\xc3\xa1', b'\xe2\x96\x81parancsnok', b'\xe2\x96\x81f\xc5\x91v\xc3\xa1rosba', b'\xe2\x96\x81bej\xc3\xa1r', b'madi', b'ajda', b'szha', b'dov', b'lk\xc3\xa9pzel', b'\xc3\xa9rs\xc3\xa9g', b'rusz', b'Mart', b'f\xc3\xb6ldre', b'\xe2\x96\x81k\xc3\xb6rzetbe', b'v\xc3\xa9g', b'\xe2\x96\x81elfoglalt', b'\xe2\x96\x81Vla', b'96-', b'\xe2\x96\x81Groznij', b'semmis\xc3\xadt', b'\xe2\x96\x81haszn\xc3\xa1l', b'\xe2\x96\x81Ce', b'sk\xc3\xa9', b'er\xc5\x91s', b'\xe2\x96\x81fegy', b'h\xc3\xa1zb', b'\xc3\xbcntet\xc3\xa9s', b'onyos', b'adalom', b'zoci\xc3\xa1ldemokrat', b'letet', b'\xe2\x96\x81k\xc3\xa9ny', b'elmetlenebb', b'\xe2\x96\x81szem\xc3\xa9', b'ismert', b'\xe2\x96\x81megold', b'\xc3\xadci\xc3\xb3i', b'\xe2\x96\x81szoc', b'kabinet', b'ism\xc3\xa9t', b'kezdem\xc3\xa9nyez', b'\xe2\x96\x81ho', b'lyos', b'\xe2\x96\x81mell\xc3\xa9', b'zkod\xc3\xa1s', b'\xe2\x96\x81g\xc3\xa9pkocsivezet\xc5\x91', b'ov\xc3\xa1bb', b'ger', b's\xc3\xa9r\xc3\xbcl\xc3\xa9s', b'\xc3\xadr\xc3\xb3s\xc3\xa1g', b'ssza', b'\xe2\x96\x81Szoci', b'\xe2\x96\x81lebont', b'tetett', b'\xe2\x96\x81elv\xc3\xa1las', b'v\xc3\xa1laszt\xc3\xb3', b'\xe2\x96\x81tan\xc3\xa1csa', b't\xc3\xb6bb', b'zaj', b'\xe2\x96\x81\xc3\xbatmu', b'tat\xc3\xa1s', b'\xe2\x96\x81igazol\xc3\xa1s', b'jog', b'ak\xc3\xadt\xc3\xa1s\xc3\xa1', b'vizsg\xc3\xa1l', b'\xe2\x96\x81P\xc3\xa1', b'\xe2\x96\x81ki\xc3\xa1ll\xc3\xadt\xc3\xa1s\xc3\xa1', b'puszt\xc3\xadt', b'\xe2\x96\x81megfontol\xc3\xa1s', b'\xe2\x96\x81fenntart\xc3\xa1sa', b's\xc3\xa9k', b'ztos', b'zatel', b'hajt\xc3\xa1s', b'\xe2\x96\x81\xc3\xa1llamtitk', b'\xc3\xadt\xc3\xb3', b'lla', b'\xc3\xa1llam', b'\xc3\xbcgy\xc3\xa9sz', b'\xe2\x96\x81szerepelt', b'\xe2\x96\x81jelent\xc3\xa9se', b'7-', b'\xe2\x96\x81gazd\xc3\xa1', b'\xc3\xb6tven', b'\xe2\x96\x81komp', b'vna', b'urina', b'bort', b'uszon', b'kereste', b'tr\xc3\xa1ny', b'\xe2\x96\x81egy\xc3\xbcttm\xc5\xb1k\xc3\xb6d', b'r\xc3\xa9ny', b'fu', b'szu', b'\xe2\x96\x81kutat', b'ifik\xc3\xa1lt', b'\xe2\x96\x81Ko', b'ol\xc3\xa1s', b'dez\xc3\xa9s', b'\xe2\x96\x81\xc3\xa1ldozato', b'\xe2\x96\x81adat', b'\xe2\x96\x81k\xc3\xb3r', b'okoz\xc3\xb3', b'\xe2\x96\x81orsz\xc3\xa1gok', b'l\xc3\xa1', b'mutat', b'tag\xc3\xa1llam', b'r\xc3\xa1n', b'steri', b'49', b'hordoz\xc3\xb3', b'merik', b'z\xc3\xad', b'li\xc3\xa1', b'\xe2\x96\x81fejle', b'zolidarit\xc3\xa1s', b'\xc3\xa1laszt\xc3\xa1s', b'pera', b'\xe2\x96\x81nyilv\xc3\xa1nos', b'verz', b'v\xc3\xa1jc', b'\xe2\x96\x81t\xc3\xa1rgyal\xc3\xa1s', b'edhet', b'\xe2\x96\x81tran', b'zit', b'\xe2\x96\x81kiszab', b'\xe2\x96\x81piaco', b'\xe2\x96\x81term\xc3\xa9k', b'k\xc3\xb6zbe', b'\xc3\xb6vetel\xc3\xa9', b'\xc3\xb6rt\xc3\xa9nelm', b'gely', b'\xe2\x96\x81N\xc3\xa9metorsz\xc3\xa1gb', b'r\xc3\xb3f', b'\xe2\x96\x81Ny', b'apod', b'\xe2\x96\x81hat\xc3\xa1ly', b'lcsi', b'33', b'j\xc3\xbanius', b'\xe2\x96\x81kezess\xc3\xa9g', b'termel', b'ezteti', b'70', b'90', b'\xe2\x96\x81garanci', b'\xe2\x96\x81Gal', b'onzervgy\xc3\xa1r', b'z\xc3\xb6vets\xc3\xa9g', b'\xe2\x96\x81lef', b'\xe2\x96\x81garan', b't\xc3\xa1lt', b'v\xc3\xa1llal\xc3\xa1s', b'\xc3\xadts', b'kamat', b'szed\xc5\x91', b'r\xc3\xbcl\xc3\xa9s', b'omm', b'\xe2\x96\x81ki\xc3\xa1ll', b'\xe2\x96\x81sz\xc3\xa9ke', b'9.', b'rend\xc5\x91r', b'zm\xc3\xa9nye', b'ikke', b'rgalmazz', b'\xe2\x96\x81int\xc3\xa9z', b'k\xc3\xa9pvisel\xc5\x91', b'\xc3\xa1llapot\xc3\xa1', b'\xc3\xa1ll\xc3\xadt\xc3\xb3', b'\xc3\xa9letb', b'arco', b'Fidesz', b'sz\xc3\xa9kh', b'\xe2\x96\x81form\xc3\xa1l', b'hir', b'\xe2\x96\x811994', b'\xe2\x96\x81\xc3\xa1tt\xc3\xa9', b'tulajdonosa', b'xp', b'ressz', b'ind\xc3\xadtotta', b'tagjai', b'h\xc3\xb3t', b'\xe2\x96\x81amelyb', b'sztj\xc3\xa1', b'vezet\xc5\x91j', b'\xe2\x96\x81ifj', b'k\xc3\xa1lt', b'id\xc3\xa9z', b'lf\xc3\xb6ld', b'renci\xc3\xa1', b'elvon', b'vagyon', b'\xe2\x96\x81privatiz\xc3\xa1l', b'fizet', b'\xc3\xa9gi', b'6-', b'f\xc3\xbcgge', b'keresked', b'\xe2\x96\x81helyzete', b't\xc5\x91ke', b'tlen', b'\xe2\x96\x81indok', b'zetes', b'\xc3\xb3zs', b't\xc3\xa9tbe', b'r\xc3\xa9szv\xc3\xa9nye', b'roszt', b'pta', b'\xe2\x96\x81Pr', b'inform\xc3\xa1ci\xc3\xb3', b'\xe2\x96\x81Yo', b'87', b'magyar', b'hne', b'ez\xc5\x91gazdas\xc3\xa1g', b'\xe2\x96\x81gy\xc3\xa1rb', b'\xe2\x96\x81kiv\xc3\xa1lt', b't\xc3\xb3m\xc5\xb1v', b'epel', b'ut\xc3\xb3', b'\xc3\xa9kbe', b'orr', b'Br', b'ola', b'export', b'r\xc3\xa9sz', b'\xe2\x96\x81eredm\xc3\xa9ny', b'venni', b'\xc3\xa9rt\xc3\xa9k\xc3\xa9n', b'\xe2\x96\x81rem\xc3\xa9nyked', b'\xc3\xa9ve', b'z\xc3\xa9se', b'G', b's\xc3\xadt', b'gyar', b'ap\xc3\xadt', b'al\xc3\xa9kba', b'\xc3\xb6r\xc5\xb1', b'g\xc3\xa1', b'\xe2\x96\x81puszt\xc3\xadt', b'\xe2\x96\x8114', b'\xe2\x96\x81\xc3\xa9lve', b'z\xc3\xa9k', b'\xe2\x96\x81hajl', b'\xe2\x96\x81h\xc3\xadrek', b'\xe2\x96\x81Erc', b'es\xc3\xa9s', b'\xe2\x96\x81part', b'b\xc3\xb6rz\xc3\xa9', b'93', b'mozg\xc3\xa1s', b'\xe2\x96\x81150', b'dzs', b'riz', b'p\xc3\xb3tol', b'l\xc3\xa1sai', b'\xe2\x96\x81vess', b'\xe2\x96\x81befoly', b'n\xc3\xa9k', b'tele', b'\xc3\xbali', b'\xe2\x96\x81m\xc3\xa9rs\xc3\xa9kl\xc5\x91', b'alak\xc3\xadt\xc3\xa1s', b'enl\xc3\xa9t', b'hitel', b'meg\xc3\xa1llapod\xc3\xa1s', b'\xc3\xa9get', b'\xe2\x96\x81megsz\xc3\xbclet', b'10', b'sult', b'\xe2\x96\x81reformo', b'\xe2\x96\x8125', b'47', b'ny\xc3\xba', b'vonal', b'\xe2\x96\x81beruh\xc3\xa1z', b'\xe2\x96\x81megtilt', b'sztotta', b'\xe2\x96\x81rest', b'teljes', b'k\xc3\xa1rok', b'\xe2\x96\x81elad\xc3\xa1s', b'\xe2\x96\x81Y', b'piac', b'tan\xc3\xa1cs', b'beszerz', b't\xc3\xa1mogat\xc3\xa1s', b'\xe2\x96\x81j\xc3\xb6vedel', b'kieg', b'\xc3\xa9sz\xc3\xadt\xc3\xa9s', b'mert', b'sz\xc3\xa1g', b'kincsek', b'\xc3\xb3ipar', b'\xe2\x96\x81Sz\xc3\xb6', b'\xe2\x96\x81bevezet', b'iz\xc3\xa1ci\xc3\xb3', b'jobb', b'stabil', b'\xc3\xb6z\xc3\xb6n', b'\xe2\x96\x81hull', b'torn', b'kezel\xc3\xa9s', b'elh\xc3\xa1', b'r\xc3\xadt\xc3\xa1s', b'szenved', b'\xe2\x96\x81el\xc5\x91\xc3\xadr', b'\xc3\xa9rt\xc3\xa9se', b'\xe2\x96\x81el\xc3\xa9gedet', b'\xe2\x96\x81mun', b'\xc3\xadci\xc3\xb3', b'fia', b'\xe2\x96\x81seg\xc3\xadts', b'iszts\xc3\xa9gvisel\xc5\x91k', b'j\xc3\xa9k', b'\xe2\x96\x81ado', b'm\xc3\xa1nyai', b'\xe2\x96\x81iszl\xc3\xa1m', b'bar\xc3\xa1t', b'lum', b'\xc3\xa1rult', b'kod\xc3\xb3', b'\xe2\x96\x81parancs', b'\xe2\x96\x81alkot', b'\xe2\x96\x81k\xc3\xbcl\xc3\xb6nbs\xc3\xa9g', b'l\xc3\xb3d\xc3\xa1s', b'\xe2\x96\x81\xc3\xbajs\xc3\xa1g\xc3\xadr\xc3\xb3', b'jutott', b'jain', b'\xc3\xadr\xc3\xa1', b'\xe2\x96\x81katasztr\xc3\xb3f', b'akci\xc3\xb3k', b'\xe2\x96\x81szervez', b'olitikus', b'okr\xc3\xa1ci', b'\xe2\x96\x81Kati', b'rci', b'sz\xc3\xadn', b'\xe2\x96\x81k\xc3\xb6ve', b'ml\xc3\xa9kez', b'\xc3\xa1s\xc3\xa1', b'n\xc3\xa9metek', b'n\xc3\xa9met', b'\xe2\x96\x81N\xc3\xa9met', b'\xe2\x96\x81Hor', b'\xe2\x96\x81azokb', b'\xe2\x96\x81hivat', b'\xc3\xa9rtelm', b'\xe2\x96\x81me', b'mora', b'ndu', b'mot', b'J', b'\xc3\xb6v\xc5\x91', b'program', b'"', b'keresztel', b'\xe2\x96\x81v\xc3\xa1ltoz', b'pontjai', b'llg', b'eine', b'fizet\xc3\xa9s', b's\xc3\xa9gtelen', b'\xe2\x96\x81v\xc3\xa1laszt\xc3\xb3', b'kutat\xc3\xa1s', b'k\xc3\xa9rd\xc3\xa9s', b'\xc3\xadti', b'69', b'zen', b'\xe2\x96\x81Kl', b'imm', b'v\xc3\xa1lasztj', b'csomag', b'szerz\xc5\x91', b'd\xc3\xb6nten', b'oss\xc3\xa1g', b'aliz', b'sz\xc3\xa1m', b'k\xc3\xb6', b'\xe2\x96\x81\xc3\xa1ll\xc3\xa1sa', b'harc', b'lassz', b'\xe2\x96\x81La', b'sz\xc3\xb6ge', b's\xc3\xadt\xc3\xa9s\xc3\xa9', b'zisei', b'zve', b'ezett', b'\xe2\x96\x81csin\xc3\xa1lt', b'\xe2\x96\x81elem', b'ucc', b'zeptember', b'\xc3\xb6rv', b'57', b'nst', b'\xe2\x96\x81ut\xc3\xb3d', b'\xe2\x96\x81hivatalba', b'\xe2\x96\x81Vo', b'cke', b'vil\xc3\xa1g', b'j\xc3\xa1rt', b'politika', b'\xc3\xbacs', b'el\xc3\xa9gedett', b'\xe2\x96\x81elmond', b'\xe2\x96\x81tehetet', b'\xc3\xa1ris', b'vezet\xc3\xa9s\xc3\xa9', b'ez', b'ellen', b'\xe2\x96\x81meg\xc3\xa1ll', b'oly', b'm\xc3\xa9nyek', b'\xe2\x96\x81f\xc5\x91b', b'\xe2\x96\x81Car', b'terjeszt', b'deiglenes', b'sszi\xc3\xb3', b'N', b'IK', b'\xe2\x96\x81jav', b'ul\xc3\xa1s\xc3\xa1', b'\xe2\x96\x81mu', b'\xe2\x96\x81fel\xc3\xa1ll', b'\xc3\xb6lcs', b'illet\xc3\xa9kes', b'\xc5\x91d\xc3\xb6t', b'telep\xc3\xbcl\xc3\xa9se', b'sz\xc3\xadni', b'\xe2\x96\x81ut\xc3\xb3bb', b'\xc3\xbcld\xc3\xb6z', b'landok', b'\xc3\xbcntet\xc5\x91', b'\xe2\x96\x81elfog', b'sz\xc3\xa1ll', b'vezet\xc3\xa9s', b'\xe2\x96\x81jele', b'\xe2\x96\x81r\xc3\xb6g', b'\xe2\x96\x81Ro', b'mont', b'enek\xc3\xbclt', b'biztos', b'rahovac', b'talmaz', b'\xe2\x96\x81\xc3\xa9rdekl\xc5\x91d', b'\xe2\x96\x81\xc3\xa9vtized', b'tart\xc3\xb3k', b'\xe2\x96\x81fegyveres', b'gr\xc3\xa1n', b'z\xc3\xa9s\xc3\xa9', b'\xc3\xa1z\xc3\xa1s\xc3\xa1', b'\xe2\x96\x81helyre\xc3\xa1ll\xc3\xadt', b'vics', b'\xe2\x96\x81belg', b'r\xc3\xa1di', b'\xe2\x96\x81cen', b'tat\xc3\xa1sai', b'ssa', b'dolgoz', b'tmeneti', b'\xe2\x96\x81kanton', b'\xe2\x96\x81\xc3\xbcl\xc3\xa9se', b'\xe2\x96\x81ker\xc3\xbcln', b'tervezet', b'\xe2\x96\x81fonto', b'\xc3\xbcl\xc3\xa9sein', b'nagyk\xc3\xb6vet', b'adsereg', b'C', b'atkozni', b'\xe2\x96\x81akad\xc3\xa9mi']
2025-12-22 22:48:05,200 vocabulary size of 4959
2025-12-22 22:48:05,227 SequenceTagger predicts: Dictionary with 19 tags: <PAD>, NOUN, PUNCT, ADJ, DET, VERB, ADV, PROPN, CCONJ, PRON, NUM, ADP, SCONJ, AUX, PART, X, INTJ, <START>, <STOP>
2025-12-22 22:48:07,124 
Results:
- F-score (micro) 0.9408
- F-score (macro) 0.7651
- Accuracy 0.9408

By class:
              precision    recall  f1-score   support

       <PAD>     0.9997    0.9999    0.9998     12769
        NOUN     0.8712    0.8188    0.8442      2362
       PUNCT     0.9980    0.9966    0.9973      1479
         ADJ     0.7526    0.8284    0.7887      1311
         DET     0.9452    0.9818    0.9631      1264
        VERB     0.7921    0.8177    0.8047       927
         ADV     0.8555    0.8121    0.8332       846
       PROPN     0.7685    0.8587    0.8111       750
       CCONJ     0.9468    0.9310    0.9388       478
         NUM     0.8959    0.7774    0.8325       310
        PRON     0.7687    0.6983    0.7318       295
         ADP     0.9551    0.8629    0.9067       197
       SCONJ     0.9103    0.8931    0.9016       159
         AUX     0.8919    0.6471    0.7500        51
        PART     0.9333    0.8750    0.9032        16
        INTJ     0.0000    0.0000    0.0000         1
           X     0.0000    0.0000    0.0000         2

    accuracy                         0.9408     23217
   macro avg     0.7814    0.7529    0.7651     23217
weighted avg     0.9418    0.9408    0.9408     23217

2025-12-22 22:48:07,124 ----------------------------------------------------------------------------------------------------
