2025-12-22 20:52:24,790 ----------------------------------------------------------------------------------------------------
2025-12-22 20:52:24,790 Model: "SequenceTagger(
  (embeddings): StackedEmbeddings(
    (list_embedding_0): OneHotEmbeddings(
      (embedding_layer): Embedding(1518, 300)
    )
  )
  (word_dropout): WordDropout(p=0.05)
  (locked_dropout): LockedDropout(p=0.5)
  (embedding2nn): Linear(in_features=300, out_features=300, bias=True)
  (rnn): LSTM(300, 256, batch_first=True, bidirectional=True)
  (linear): Linear(in_features=512, out_features=18, bias=True)
  (loss_function): ViterbiLoss()
  (crf): CRF()
)"
2025-12-22 20:52:24,790 ----------------------------------------------------------------------------------------------------
2025-12-22 20:52:24,790 Corpus: 412 train + 146 dev + 136 test sentences
2025-12-22 20:52:24,790 ----------------------------------------------------------------------------------------------------
2025-12-22 20:52:24,790 Train:  412 sentences
2025-12-22 20:52:24,790         (train_with_dev=False, train_with_test=False)
2025-12-22 20:52:24,790 ----------------------------------------------------------------------------------------------------
2025-12-22 20:52:24,790 Training Params:
2025-12-22 20:52:24,790  - learning_rate: "0.1" 
2025-12-22 20:52:24,791  - mini_batch_size: "32"
2025-12-22 20:52:24,791  - max_epochs: "150"
2025-12-22 20:52:24,791  - shuffle: "True"
2025-12-22 20:52:24,791 ----------------------------------------------------------------------------------------------------
2025-12-22 20:52:24,791 Plugins:
2025-12-22 20:52:24,791  - AnnealOnPlateau | patience: '3', anneal_factor: '0.5', min_learning_rate: '0.0001'
2025-12-22 20:52:24,791 ----------------------------------------------------------------------------------------------------
2025-12-22 20:52:24,791 Final evaluation on model from best epoch (best-model.pt)
2025-12-22 20:52:24,791  - metric: "('micro avg', 'f1-score')"
2025-12-22 20:52:24,791 ----------------------------------------------------------------------------------------------------
2025-12-22 20:52:24,791 Computation:
2025-12-22 20:52:24,791  - compute on device: cpu
2025-12-22 20:52:24,791  - embedding storage: none
2025-12-22 20:52:24,791 ----------------------------------------------------------------------------------------------------
2025-12-22 20:52:24,791 Model training base path: "models/flair_pos/obpe/kpv"
2025-12-22 20:52:24,791 ----------------------------------------------------------------------------------------------------
2025-12-22 20:52:24,791 ----------------------------------------------------------------------------------------------------
2025-12-22 20:52:24,986 epoch 1 - iter 1/13 - loss 2.57803124 - time (sec): 0.19 - samples/sec: 3339.10 - lr: 0.100000 - momentum: 0.000000
2025-12-22 20:52:25,140 epoch 1 - iter 2/13 - loss 2.43116950 - time (sec): 0.35 - samples/sec: 3935.52 - lr: 0.100000 - momentum: 0.000000
2025-12-22 20:52:25,478 epoch 1 - iter 3/13 - loss 2.30508409 - time (sec): 0.69 - samples/sec: 3111.72 - lr: 0.100000 - momentum: 0.000000
2025-12-22 20:52:25,751 epoch 1 - iter 4/13 - loss 2.25855224 - time (sec): 0.96 - samples/sec: 3042.53 - lr: 0.100000 - momentum: 0.000000
2025-12-22 20:52:26,080 epoch 1 - iter 5/13 - loss 2.21919406 - time (sec): 1.29 - samples/sec: 2809.12 - lr: 0.100000 - momentum: 0.000000
2025-12-22 20:52:26,324 epoch 1 - iter 6/13 - loss 2.17065391 - time (sec): 1.53 - samples/sec: 2912.31 - lr: 0.100000 - momentum: 0.000000
2025-12-22 20:52:26,521 epoch 1 - iter 7/13 - loss 2.13891569 - time (sec): 1.73 - samples/sec: 3025.47 - lr: 0.100000 - momentum: 0.000000
2025-12-22 20:52:26,692 epoch 1 - iter 8/13 - loss 2.11598077 - time (sec): 1.90 - samples/sec: 3061.35 - lr: 0.100000 - momentum: 0.000000
2025-12-22 20:52:26,859 epoch 1 - iter 9/13 - loss 2.08805363 - time (sec): 2.07 - samples/sec: 3100.95 - lr: 0.100000 - momentum: 0.000000
2025-12-22 20:52:27,020 epoch 1 - iter 10/13 - loss 2.06881719 - time (sec): 2.23 - samples/sec: 3187.07 - lr: 0.100000 - momentum: 0.000000
2025-12-22 20:52:27,287 epoch 1 - iter 11/13 - loss 2.04515095 - time (sec): 2.50 - samples/sec: 3182.25 - lr: 0.100000 - momentum: 0.000000
2025-12-22 20:52:27,459 epoch 1 - iter 12/13 - loss 2.02155314 - time (sec): 2.67 - samples/sec: 3251.35 - lr: 0.100000 - momentum: 0.000000
2025-12-22 20:52:27,576 epoch 1 - iter 13/13 - loss 1.99990248 - time (sec): 2.79 - samples/sec: 3318.72 - lr: 0.100000 - momentum: 0.000000
2025-12-22 20:52:27,578 ----------------------------------------------------------------------------------------------------
2025-12-22 20:52:27,578 EPOCH 1 done: loss 1.9999 - lr: 0.100000
2025-12-22 20:52:27,990 DEV : loss 1.6793726682662964 - f1-score (micro avg)  0.555
2025-12-22 20:52:27,991  - 0 epochs without improvement
2025-12-22 20:52:27,991 saving best model
2025-12-22 20:52:28,013 ----------------------------------------------------------------------------------------------------
2025-12-22 20:52:28,294 epoch 2 - iter 1/13 - loss 1.76759974 - time (sec): 0.28 - samples/sec: 2459.00 - lr: 0.100000 - momentum: 0.000000
2025-12-22 20:52:28,613 epoch 2 - iter 2/13 - loss 1.74467876 - time (sec): 0.60 - samples/sec: 2375.63 - lr: 0.100000 - momentum: 0.000000
2025-12-22 20:52:28,847 epoch 2 - iter 3/13 - loss 1.73836434 - time (sec): 0.83 - samples/sec: 2736.28 - lr: 0.100000 - momentum: 0.000000
2025-12-22 20:52:29,004 epoch 2 - iter 4/13 - loss 1.75648475 - time (sec): 0.99 - samples/sec: 2927.39 - lr: 0.100000 - momentum: 0.000000
2025-12-22 20:52:29,277 epoch 2 - iter 5/13 - loss 1.75286249 - time (sec): 1.26 - samples/sec: 2946.25 - lr: 0.100000 - momentum: 0.000000
2025-12-22 20:52:29,462 epoch 2 - iter 6/13 - loss 1.75183177 - time (sec): 1.45 - samples/sec: 3060.54 - lr: 0.100000 - momentum: 0.000000
2025-12-22 20:52:29,648 epoch 2 - iter 7/13 - loss 1.73247272 - time (sec): 1.63 - samples/sec: 3170.52 - lr: 0.100000 - momentum: 0.000000
2025-12-22 20:52:29,842 epoch 2 - iter 8/13 - loss 1.71298133 - time (sec): 1.83 - samples/sec: 3286.47 - lr: 0.100000 - momentum: 0.000000
2025-12-22 20:52:30,012 epoch 2 - iter 9/13 - loss 1.71438469 - time (sec): 2.00 - samples/sec: 3355.55 - lr: 0.100000 - momentum: 0.000000
2025-12-22 20:52:30,141 epoch 2 - iter 10/13 - loss 1.70547871 - time (sec): 2.13 - samples/sec: 3426.33 - lr: 0.100000 - momentum: 0.000000
2025-12-22 20:52:30,401 epoch 2 - iter 11/13 - loss 1.70300247 - time (sec): 2.39 - samples/sec: 3367.85 - lr: 0.100000 - momentum: 0.000000
2025-12-22 20:52:30,560 epoch 2 - iter 12/13 - loss 1.70013104 - time (sec): 2.55 - samples/sec: 3405.15 - lr: 0.100000 - momentum: 0.000000
2025-12-22 20:52:30,717 epoch 2 - iter 13/13 - loss 1.69671160 - time (sec): 2.70 - samples/sec: 3418.79 - lr: 0.100000 - momentum: 0.000000
2025-12-22 20:52:30,717 ----------------------------------------------------------------------------------------------------
2025-12-22 20:52:30,717 EPOCH 2 done: loss 1.6967 - lr: 0.100000
2025-12-22 20:52:31,069 DEV : loss 1.5324206352233887 - f1-score (micro avg)  0.5713
2025-12-22 20:52:31,069  - 0 epochs without improvement
2025-12-22 20:52:31,070 saving best model
2025-12-22 20:52:31,084 ----------------------------------------------------------------------------------------------------
2025-12-22 20:52:31,504 epoch 3 - iter 1/13 - loss 1.73373395 - time (sec): 0.42 - samples/sec: 2037.18 - lr: 0.100000 - momentum: 0.000000
2025-12-22 20:52:31,665 epoch 3 - iter 2/13 - loss 1.75756579 - time (sec): 0.58 - samples/sec: 2539.36 - lr: 0.100000 - momentum: 0.000000
2025-12-22 20:52:31,989 epoch 3 - iter 3/13 - loss 1.71558255 - time (sec): 0.90 - samples/sec: 2561.79 - lr: 0.100000 - momentum: 0.000000
2025-12-22 20:52:32,254 epoch 3 - iter 4/13 - loss 1.67522097 - time (sec): 1.17 - samples/sec: 2675.29 - lr: 0.100000 - momentum: 0.000000
2025-12-22 20:52:32,526 epoch 3 - iter 5/13 - loss 1.66995199 - time (sec): 1.44 - samples/sec: 2721.50 - lr: 0.100000 - momentum: 0.000000
2025-12-22 20:52:32,705 epoch 3 - iter 6/13 - loss 1.67140445 - time (sec): 1.62 - samples/sec: 2845.55 - lr: 0.100000 - momentum: 0.000000
2025-12-22 20:52:32,837 epoch 3 - iter 7/13 - loss 1.67054404 - time (sec): 1.75 - samples/sec: 2971.58 - lr: 0.100000 - momentum: 0.000000
2025-12-22 20:52:33,014 epoch 3 - iter 8/13 - loss 1.65468690 - time (sec): 1.93 - samples/sec: 3063.15 - lr: 0.100000 - momentum: 0.000000
2025-12-22 20:52:33,149 epoch 3 - iter 9/13 - loss 1.65903276 - time (sec): 2.07 - samples/sec: 3156.20 - lr: 0.100000 - momentum: 0.000000
2025-12-22 20:52:33,321 epoch 3 - iter 10/13 - loss 1.65342633 - time (sec): 2.24 - samples/sec: 3239.55 - lr: 0.100000 - momentum: 0.000000
2025-12-22 20:52:33,523 epoch 3 - iter 11/13 - loss 1.65036284 - time (sec): 2.44 - samples/sec: 3274.94 - lr: 0.100000 - momentum: 0.000000
2025-12-22 20:52:33,705 epoch 3 - iter 12/13 - loss 1.65125344 - time (sec): 2.62 - samples/sec: 3289.98 - lr: 0.100000 - momentum: 0.000000
2025-12-22 20:52:33,847 epoch 3 - iter 13/13 - loss 1.64798119 - time (sec): 2.76 - samples/sec: 3345.83 - lr: 0.100000 - momentum: 0.000000
2025-12-22 20:52:33,847 ----------------------------------------------------------------------------------------------------
2025-12-22 20:52:33,847 EPOCH 3 done: loss 1.6480 - lr: 0.100000
2025-12-22 20:52:34,199 DEV : loss 1.5611271858215332 - f1-score (micro avg)  0.3791
2025-12-22 20:52:34,200  - 1 epochs without improvement
2025-12-22 20:52:34,200 ----------------------------------------------------------------------------------------------------
2025-12-22 20:52:34,379 epoch 4 - iter 1/13 - loss 1.71215633 - time (sec): 0.18 - samples/sec: 3996.93 - lr: 0.100000 - momentum: 0.000000
2025-12-22 20:52:34,569 epoch 4 - iter 2/13 - loss 1.66248153 - time (sec): 0.37 - samples/sec: 4118.07 - lr: 0.100000 - momentum: 0.000000
2025-12-22 20:52:34,761 epoch 4 - iter 3/13 - loss 1.62960048 - time (sec): 0.56 - samples/sec: 4131.96 - lr: 0.100000 - momentum: 0.000000
2025-12-22 20:52:34,906 epoch 4 - iter 4/13 - loss 1.61080255 - time (sec): 0.71 - samples/sec: 4193.30 - lr: 0.100000 - momentum: 0.000000
2025-12-22 20:52:35,202 epoch 4 - iter 5/13 - loss 1.60760081 - time (sec): 1.00 - samples/sec: 3676.65 - lr: 0.100000 - momentum: 0.000000
2025-12-22 20:52:35,478 epoch 4 - iter 6/13 - loss 1.60817522 - time (sec): 1.28 - samples/sec: 3413.82 - lr: 0.100000 - momentum: 0.000000
2025-12-22 20:52:35,659 epoch 4 - iter 7/13 - loss 1.60392016 - time (sec): 1.46 - samples/sec: 3424.99 - lr: 0.100000 - momentum: 0.000000
2025-12-22 20:52:35,812 epoch 4 - iter 8/13 - loss 1.59960255 - time (sec): 1.61 - samples/sec: 3483.15 - lr: 0.100000 - momentum: 0.000000
2025-12-22 20:52:36,130 epoch 4 - iter 9/13 - loss 1.60263643 - time (sec): 1.93 - samples/sec: 3339.87 - lr: 0.100000 - momentum: 0.000000
2025-12-22 20:52:36,296 epoch 4 - iter 10/13 - loss 1.61342534 - time (sec): 2.10 - samples/sec: 3412.49 - lr: 0.100000 - momentum: 0.000000
2025-12-22 20:52:36,458 epoch 4 - iter 11/13 - loss 1.61031016 - time (sec): 2.26 - samples/sec: 3465.31 - lr: 0.100000 - momentum: 0.000000
2025-12-22 20:52:36,783 epoch 4 - iter 12/13 - loss 1.61740873 - time (sec): 2.58 - samples/sec: 3320.10 - lr: 0.100000 - momentum: 0.000000
2025-12-22 20:52:36,940 epoch 4 - iter 13/13 - loss 1.61866975 - time (sec): 2.74 - samples/sec: 3373.81 - lr: 0.100000 - momentum: 0.000000
2025-12-22 20:52:36,940 ----------------------------------------------------------------------------------------------------
2025-12-22 20:52:36,940 EPOCH 4 done: loss 1.6187 - lr: 0.100000
2025-12-22 20:52:37,273 DEV : loss 1.4789700508117676 - f1-score (micro avg)  0.5713
2025-12-22 20:52:37,273  - 0 epochs without improvement
2025-12-22 20:52:37,273 ----------------------------------------------------------------------------------------------------
2025-12-22 20:52:37,441 epoch 5 - iter 1/13 - loss 1.53232467 - time (sec): 0.17 - samples/sec: 4190.53 - lr: 0.100000 - momentum: 0.000000
2025-12-22 20:52:37,650 epoch 5 - iter 2/13 - loss 1.59783427 - time (sec): 0.38 - samples/sec: 4185.53 - lr: 0.100000 - momentum: 0.000000
2025-12-22 20:52:37,815 epoch 5 - iter 3/13 - loss 1.55118326 - time (sec): 0.54 - samples/sec: 4238.89 - lr: 0.100000 - momentum: 0.000000
2025-12-22 20:52:38,120 epoch 5 - iter 4/13 - loss 1.55179128 - time (sec): 0.85 - samples/sec: 3583.16 - lr: 0.100000 - momentum: 0.000000
2025-12-22 20:52:38,305 epoch 5 - iter 5/13 - loss 1.57580939 - time (sec): 1.03 - samples/sec: 3557.50 - lr: 0.100000 - momentum: 0.000000
2025-12-22 20:52:38,503 epoch 5 - iter 6/13 - loss 1.57211351 - time (sec): 1.23 - samples/sec: 3559.24 - lr: 0.100000 - momentum: 0.000000
2025-12-22 20:52:38,817 epoch 5 - iter 7/13 - loss 1.58302705 - time (sec): 1.54 - samples/sec: 3327.05 - lr: 0.100000 - momentum: 0.000000
2025-12-22 20:52:38,982 epoch 5 - iter 8/13 - loss 1.57552595 - time (sec): 1.71 - samples/sec: 3336.11 - lr: 0.100000 - momentum: 0.000000
2025-12-22 20:52:39,119 epoch 5 - iter 9/13 - loss 1.57485968 - time (sec): 1.84 - samples/sec: 3431.78 - lr: 0.100000 - momentum: 0.000000
2025-12-22 20:52:39,377 epoch 5 - iter 10/13 - loss 1.56797741 - time (sec): 2.10 - samples/sec: 3337.86 - lr: 0.100000 - momentum: 0.000000
2025-12-22 20:52:39,549 epoch 5 - iter 11/13 - loss 1.57692714 - time (sec): 2.27 - samples/sec: 3406.29 - lr: 0.100000 - momentum: 0.000000
2025-12-22 20:52:39,744 epoch 5 - iter 12/13 - loss 1.57083683 - time (sec): 2.47 - samples/sec: 3438.35 - lr: 0.100000 - momentum: 0.000000
2025-12-22 20:52:39,933 epoch 5 - iter 13/13 - loss 1.57990467 - time (sec): 2.66 - samples/sec: 3475.20 - lr: 0.100000 - momentum: 0.000000
2025-12-22 20:52:39,934 ----------------------------------------------------------------------------------------------------
2025-12-22 20:52:39,934 EPOCH 5 done: loss 1.5799 - lr: 0.100000
2025-12-22 20:52:40,286 DEV : loss 1.4573167562484741 - f1-score (micro avg)  0.6181
2025-12-22 20:52:40,287  - 0 epochs without improvement
2025-12-22 20:52:40,287 saving best model
2025-12-22 20:52:40,300 ----------------------------------------------------------------------------------------------------
2025-12-22 20:52:40,594 epoch 6 - iter 1/13 - loss 1.56842604 - time (sec): 0.29 - samples/sec: 2689.02 - lr: 0.100000 - momentum: 0.000000
2025-12-22 20:52:40,798 epoch 6 - iter 2/13 - loss 1.52025675 - time (sec): 0.50 - samples/sec: 3191.13 - lr: 0.100000 - momentum: 0.000000
2025-12-22 20:52:40,947 epoch 6 - iter 3/13 - loss 1.49648800 - time (sec): 0.65 - samples/sec: 3409.90 - lr: 0.100000 - momentum: 0.000000
2025-12-22 20:52:41,112 epoch 6 - iter 4/13 - loss 1.50563394 - time (sec): 0.81 - samples/sec: 3569.90 - lr: 0.100000 - momentum: 0.000000
2025-12-22 20:52:41,429 epoch 6 - iter 5/13 - loss 1.49867144 - time (sec): 1.13 - samples/sec: 3187.58 - lr: 0.100000 - momentum: 0.000000
2025-12-22 20:52:41,703 epoch 6 - iter 6/13 - loss 1.49947961 - time (sec): 1.40 - samples/sec: 3134.75 - lr: 0.100000 - momentum: 0.000000
2025-12-22 20:52:41,859 epoch 6 - iter 7/13 - loss 1.50422699 - time (sec): 1.56 - samples/sec: 3218.00 - lr: 0.100000 - momentum: 0.000000
2025-12-22 20:52:42,091 epoch 6 - iter 8/13 - loss 1.49584866 - time (sec): 1.79 - samples/sec: 3236.66 - lr: 0.100000 - momentum: 0.000000
2025-12-22 20:52:42,338 epoch 6 - iter 9/13 - loss 1.48816660 - time (sec): 2.04 - samples/sec: 3263.36 - lr: 0.100000 - momentum: 0.000000
2025-12-22 20:52:42,492 epoch 6 - iter 10/13 - loss 1.48604991 - time (sec): 2.19 - samples/sec: 3313.87 - lr: 0.100000 - momentum: 0.000000
2025-12-22 20:52:42,676 epoch 6 - iter 11/13 - loss 1.48093787 - time (sec): 2.38 - samples/sec: 3362.37 - lr: 0.100000 - momentum: 0.000000
2025-12-22 20:52:42,842 epoch 6 - iter 12/13 - loss 1.47860235 - time (sec): 2.54 - samples/sec: 3379.38 - lr: 0.100000 - momentum: 0.000000
2025-12-22 20:52:43,023 epoch 6 - iter 13/13 - loss 1.48002989 - time (sec): 2.72 - samples/sec: 3394.90 - lr: 0.100000 - momentum: 0.000000
2025-12-22 20:52:43,023 ----------------------------------------------------------------------------------------------------
2025-12-22 20:52:43,023 EPOCH 6 done: loss 1.4800 - lr: 0.100000
2025-12-22 20:52:43,344 DEV : loss 1.3121988773345947 - f1-score (micro avg)  0.6184
2025-12-22 20:52:43,345  - 0 epochs without improvement
2025-12-22 20:52:43,345 saving best model
2025-12-22 20:52:43,359 ----------------------------------------------------------------------------------------------------
2025-12-22 20:52:43,653 epoch 7 - iter 1/13 - loss 1.42900498 - time (sec): 0.29 - samples/sec: 2790.02 - lr: 0.100000 - momentum: 0.000000
2025-12-22 20:52:43,847 epoch 7 - iter 2/13 - loss 1.44586087 - time (sec): 0.49 - samples/sec: 3057.01 - lr: 0.100000 - momentum: 0.000000
2025-12-22 20:52:44,004 epoch 7 - iter 3/13 - loss 1.44403885 - time (sec): 0.65 - samples/sec: 3320.31 - lr: 0.100000 - momentum: 0.000000
2025-12-22 20:52:44,239 epoch 7 - iter 4/13 - loss 1.42201860 - time (sec): 0.88 - samples/sec: 3206.85 - lr: 0.100000 - momentum: 0.000000
2025-12-22 20:52:44,415 epoch 7 - iter 5/13 - loss 1.46464915 - time (sec): 1.06 - samples/sec: 3392.55 - lr: 0.100000 - momentum: 0.000000
2025-12-22 20:52:44,606 epoch 7 - iter 6/13 - loss 1.45812372 - time (sec): 1.25 - samples/sec: 3542.51 - lr: 0.100000 - momentum: 0.000000
2025-12-22 20:52:44,824 epoch 7 - iter 7/13 - loss 1.45401059 - time (sec): 1.46 - samples/sec: 3520.93 - lr: 0.100000 - momentum: 0.000000
2025-12-22 20:52:45,082 epoch 7 - iter 8/13 - loss 1.44698231 - time (sec): 1.72 - samples/sec: 3407.25 - lr: 0.100000 - momentum: 0.000000
2025-12-22 20:52:45,243 epoch 7 - iter 9/13 - loss 1.44220779 - time (sec): 1.88 - samples/sec: 3485.25 - lr: 0.100000 - momentum: 0.000000
2025-12-22 20:52:45,404 epoch 7 - iter 10/13 - loss 1.43737848 - time (sec): 2.04 - samples/sec: 3574.23 - lr: 0.100000 - momentum: 0.000000
2025-12-22 20:52:45,567 epoch 7 - iter 11/13 - loss 1.42877990 - time (sec): 2.21 - samples/sec: 3611.48 - lr: 0.100000 - momentum: 0.000000
2025-12-22 20:52:45,812 epoch 7 - iter 12/13 - loss 1.42873997 - time (sec): 2.45 - samples/sec: 3505.40 - lr: 0.100000 - momentum: 0.000000
2025-12-22 20:52:46,106 epoch 7 - iter 13/13 - loss 1.42582102 - time (sec): 2.75 - samples/sec: 3364.97 - lr: 0.100000 - momentum: 0.000000
2025-12-22 20:52:46,106 ----------------------------------------------------------------------------------------------------
2025-12-22 20:52:46,106 EPOCH 7 done: loss 1.4258 - lr: 0.100000
2025-12-22 20:52:46,548 DEV : loss 1.2749059200286865 - f1-score (micro avg)  0.6336
2025-12-22 20:52:46,548  - 0 epochs without improvement
2025-12-22 20:52:46,549 saving best model
2025-12-22 20:52:46,560 ----------------------------------------------------------------------------------------------------
2025-12-22 20:52:46,709 epoch 8 - iter 1/13 - loss 1.52158082 - time (sec): 0.15 - samples/sec: 4072.21 - lr: 0.100000 - momentum: 0.000000
2025-12-22 20:52:46,897 epoch 8 - iter 2/13 - loss 1.46693935 - time (sec): 0.34 - samples/sec: 3872.86 - lr: 0.100000 - momentum: 0.000000
2025-12-22 20:52:47,019 epoch 8 - iter 3/13 - loss 1.44912291 - time (sec): 0.46 - samples/sec: 4097.96 - lr: 0.100000 - momentum: 0.000000
2025-12-22 20:52:47,235 epoch 8 - iter 4/13 - loss 1.43065011 - time (sec): 0.67 - samples/sec: 3917.72 - lr: 0.100000 - momentum: 0.000000
2025-12-22 20:52:47,549 epoch 8 - iter 5/13 - loss 1.43219617 - time (sec): 0.99 - samples/sec: 3526.46 - lr: 0.100000 - momentum: 0.000000
2025-12-22 20:52:47,740 epoch 8 - iter 6/13 - loss 1.42655177 - time (sec): 1.18 - samples/sec: 3637.46 - lr: 0.100000 - momentum: 0.000000
2025-12-22 20:52:47,906 epoch 8 - iter 7/13 - loss 1.41753134 - time (sec): 1.35 - samples/sec: 3731.33 - lr: 0.100000 - momentum: 0.000000
2025-12-22 20:52:48,247 epoch 8 - iter 8/13 - loss 1.40692669 - time (sec): 1.69 - samples/sec: 3485.07 - lr: 0.100000 - momentum: 0.000000
2025-12-22 20:52:48,419 epoch 8 - iter 9/13 - loss 1.40284050 - time (sec): 1.86 - samples/sec: 3522.82 - lr: 0.100000 - momentum: 0.000000
2025-12-22 20:52:48,606 epoch 8 - iter 10/13 - loss 1.40692721 - time (sec): 2.05 - samples/sec: 3553.04 - lr: 0.100000 - momentum: 0.000000
2025-12-22 20:52:48,773 epoch 8 - iter 11/13 - loss 1.39835991 - time (sec): 2.21 - samples/sec: 3603.92 - lr: 0.100000 - momentum: 0.000000
2025-12-22 20:52:48,962 epoch 8 - iter 12/13 - loss 1.39742571 - time (sec): 2.40 - samples/sec: 3576.91 - lr: 0.100000 - momentum: 0.000000
2025-12-22 20:52:49,186 epoch 8 - iter 13/13 - loss 1.38572170 - time (sec): 2.63 - samples/sec: 3520.36 - lr: 0.100000 - momentum: 0.000000
2025-12-22 20:52:49,186 ----------------------------------------------------------------------------------------------------
2025-12-22 20:52:49,186 EPOCH 8 done: loss 1.3857 - lr: 0.100000
2025-12-22 20:52:49,536 DEV : loss 1.2579731941223145 - f1-score (micro avg)  0.4977
2025-12-22 20:52:49,537  - 1 epochs without improvement
2025-12-22 20:52:49,537 ----------------------------------------------------------------------------------------------------
2025-12-22 20:52:49,671 epoch 9 - iter 1/13 - loss 1.31594169 - time (sec): 0.13 - samples/sec: 4455.65 - lr: 0.100000 - momentum: 0.000000
2025-12-22 20:52:49,948 epoch 9 - iter 2/13 - loss 1.36413410 - time (sec): 0.41 - samples/sec: 3618.86 - lr: 0.100000 - momentum: 0.000000
2025-12-22 20:52:50,262 epoch 9 - iter 3/13 - loss 1.35562302 - time (sec): 0.73 - samples/sec: 3068.40 - lr: 0.100000 - momentum: 0.000000
2025-12-22 20:52:50,433 epoch 9 - iter 4/13 - loss 1.35901955 - time (sec): 0.90 - samples/sec: 3293.35 - lr: 0.100000 - momentum: 0.000000
2025-12-22 20:52:50,594 epoch 9 - iter 5/13 - loss 1.35385723 - time (sec): 1.06 - samples/sec: 3367.00 - lr: 0.100000 - momentum: 0.000000
2025-12-22 20:52:50,744 epoch 9 - iter 6/13 - loss 1.35394351 - time (sec): 1.21 - samples/sec: 3501.42 - lr: 0.100000 - momentum: 0.000000
2025-12-22 20:52:51,015 epoch 9 - iter 7/13 - loss 1.35400376 - time (sec): 1.48 - samples/sec: 3305.00 - lr: 0.100000 - momentum: 0.000000
2025-12-22 20:52:51,196 epoch 9 - iter 8/13 - loss 1.35580005 - time (sec): 1.66 - samples/sec: 3352.12 - lr: 0.100000 - momentum: 0.000000
2025-12-22 20:52:51,533 epoch 9 - iter 9/13 - loss 1.35932420 - time (sec): 2.00 - samples/sec: 3233.48 - lr: 0.100000 - momentum: 0.000000
2025-12-22 20:52:51,707 epoch 9 - iter 10/13 - loss 1.35470813 - time (sec): 2.17 - samples/sec: 3328.54 - lr: 0.100000 - momentum: 0.000000
2025-12-22 20:52:51,901 epoch 9 - iter 11/13 - loss 1.35082986 - time (sec): 2.36 - samples/sec: 3374.14 - lr: 0.100000 - momentum: 0.000000
2025-12-22 20:52:52,119 epoch 9 - iter 12/13 - loss 1.34404209 - time (sec): 2.58 - samples/sec: 3354.91 - lr: 0.100000 - momentum: 0.000000
2025-12-22 20:52:52,284 epoch 9 - iter 13/13 - loss 1.34020233 - time (sec): 2.75 - samples/sec: 3364.61 - lr: 0.100000 - momentum: 0.000000
2025-12-22 20:52:52,285 ----------------------------------------------------------------------------------------------------
2025-12-22 20:52:52,285 EPOCH 9 done: loss 1.3402 - lr: 0.100000
2025-12-22 20:52:52,625 DEV : loss 1.162859559059143 - f1-score (micro avg)  0.6342
2025-12-22 20:52:52,626  - 0 epochs without improvement
2025-12-22 20:52:52,627 saving best model
2025-12-22 20:52:52,637 ----------------------------------------------------------------------------------------------------
2025-12-22 20:52:52,764 epoch 10 - iter 1/13 - loss 1.29315864 - time (sec): 0.13 - samples/sec: 3746.99 - lr: 0.100000 - momentum: 0.000000
2025-12-22 20:52:53,029 epoch 10 - iter 2/13 - loss 1.26506632 - time (sec): 0.39 - samples/sec: 3196.32 - lr: 0.100000 - momentum: 0.000000
2025-12-22 20:52:53,212 epoch 10 - iter 3/13 - loss 1.30368721 - time (sec): 0.57 - samples/sec: 3402.03 - lr: 0.100000 - momentum: 0.000000
2025-12-22 20:52:53,380 epoch 10 - iter 4/13 - loss 1.31294566 - time (sec): 0.74 - samples/sec: 3547.61 - lr: 0.100000 - momentum: 0.000000
2025-12-22 20:52:53,554 epoch 10 - iter 5/13 - loss 1.29730792 - time (sec): 0.92 - samples/sec: 3588.62 - lr: 0.100000 - momentum: 0.000000
2025-12-22 20:52:53,874 epoch 10 - iter 6/13 - loss 1.27319562 - time (sec): 1.24 - samples/sec: 3316.62 - lr: 0.100000 - momentum: 0.000000
2025-12-22 20:52:54,135 epoch 10 - iter 7/13 - loss 1.28143301 - time (sec): 1.50 - samples/sec: 3248.20 - lr: 0.100000 - momentum: 0.000000
2025-12-22 20:52:54,461 epoch 10 - iter 8/13 - loss 1.28066819 - time (sec): 1.82 - samples/sec: 3109.36 - lr: 0.100000 - momentum: 0.000000
2025-12-22 20:52:54,624 epoch 10 - iter 9/13 - loss 1.28380074 - time (sec): 1.99 - samples/sec: 3246.26 - lr: 0.100000 - momentum: 0.000000
2025-12-22 20:52:54,801 epoch 10 - iter 10/13 - loss 1.27829041 - time (sec): 2.16 - samples/sec: 3309.18 - lr: 0.100000 - momentum: 0.000000
2025-12-22 20:52:55,014 epoch 10 - iter 11/13 - loss 1.27644417 - time (sec): 2.38 - samples/sec: 3311.55 - lr: 0.100000 - momentum: 0.000000
2025-12-22 20:52:55,211 epoch 10 - iter 12/13 - loss 1.27850468 - time (sec): 2.57 - samples/sec: 3351.89 - lr: 0.100000 - momentum: 0.000000
2025-12-22 20:52:55,372 epoch 10 - iter 13/13 - loss 1.28081579 - time (sec): 2.74 - samples/sec: 3379.07 - lr: 0.100000 - momentum: 0.000000
2025-12-22 20:52:55,373 ----------------------------------------------------------------------------------------------------
2025-12-22 20:52:55,373 EPOCH 10 done: loss 1.2808 - lr: 0.100000
2025-12-22 20:52:55,717 DEV : loss 1.1312004327774048 - f1-score (micro avg)  0.6404
2025-12-22 20:52:55,718  - 0 epochs without improvement
2025-12-22 20:52:55,718 saving best model
2025-12-22 20:52:55,728 ----------------------------------------------------------------------------------------------------
2025-12-22 20:52:55,980 epoch 11 - iter 1/13 - loss 1.20367214 - time (sec): 0.25 - samples/sec: 3229.49 - lr: 0.100000 - momentum: 0.000000
2025-12-22 20:52:56,138 epoch 11 - iter 2/13 - loss 1.19730429 - time (sec): 0.41 - samples/sec: 3577.47 - lr: 0.100000 - momentum: 0.000000
2025-12-22 20:52:56,307 epoch 11 - iter 3/13 - loss 1.20139243 - time (sec): 0.58 - samples/sec: 3718.95 - lr: 0.100000 - momentum: 0.000000
2025-12-22 20:52:56,511 epoch 11 - iter 4/13 - loss 1.21168380 - time (sec): 0.78 - samples/sec: 3888.42 - lr: 0.100000 - momentum: 0.000000
2025-12-22 20:52:56,665 epoch 11 - iter 5/13 - loss 1.21919740 - time (sec): 0.94 - samples/sec: 3927.74 - lr: 0.100000 - momentum: 0.000000
2025-12-22 20:52:56,815 epoch 11 - iter 6/13 - loss 1.22342312 - time (sec): 1.09 - samples/sec: 4004.32 - lr: 0.100000 - momentum: 0.000000
2025-12-22 20:52:57,128 epoch 11 - iter 7/13 - loss 1.21863257 - time (sec): 1.40 - samples/sec: 3686.08 - lr: 0.100000 - momentum: 0.000000
2025-12-22 20:52:57,315 epoch 11 - iter 8/13 - loss 1.22870202 - time (sec): 1.59 - samples/sec: 3632.21 - lr: 0.100000 - momentum: 0.000000
2025-12-22 20:52:57,525 epoch 11 - iter 9/13 - loss 1.22577297 - time (sec): 1.80 - samples/sec: 3722.24 - lr: 0.100000 - momentum: 0.000000
2025-12-22 20:52:57,828 epoch 11 - iter 10/13 - loss 1.22768024 - time (sec): 2.10 - samples/sec: 3502.02 - lr: 0.100000 - momentum: 0.000000
2025-12-22 20:52:58,072 epoch 11 - iter 11/13 - loss 1.22390570 - time (sec): 2.34 - samples/sec: 3402.52 - lr: 0.100000 - momentum: 0.000000
2025-12-22 20:52:58,330 epoch 11 - iter 12/13 - loss 1.21630529 - time (sec): 2.60 - samples/sec: 3354.19 - lr: 0.100000 - momentum: 0.000000
2025-12-22 20:52:58,489 epoch 11 - iter 13/13 - loss 1.21359650 - time (sec): 2.76 - samples/sec: 3347.49 - lr: 0.100000 - momentum: 0.000000
2025-12-22 20:52:58,489 ----------------------------------------------------------------------------------------------------
2025-12-22 20:52:58,489 EPOCH 11 done: loss 1.2136 - lr: 0.100000
2025-12-22 20:52:58,841 DEV : loss 1.04745614528656 - f1-score (micro avg)  0.6463
2025-12-22 20:52:58,842  - 0 epochs without improvement
2025-12-22 20:52:58,843 saving best model
2025-12-22 20:52:58,852 ----------------------------------------------------------------------------------------------------
2025-12-22 20:52:59,003 epoch 12 - iter 1/13 - loss 1.19382985 - time (sec): 0.15 - samples/sec: 4460.97 - lr: 0.100000 - momentum: 0.000000
2025-12-22 20:52:59,155 epoch 12 - iter 2/13 - loss 1.20175905 - time (sec): 0.30 - samples/sec: 4441.30 - lr: 0.100000 - momentum: 0.000000
2025-12-22 20:52:59,405 epoch 12 - iter 3/13 - loss 1.15507723 - time (sec): 0.55 - samples/sec: 3656.84 - lr: 0.100000 - momentum: 0.000000
2025-12-22 20:52:59,615 epoch 12 - iter 4/13 - loss 1.14282949 - time (sec): 0.76 - samples/sec: 3633.59 - lr: 0.100000 - momentum: 0.000000
2025-12-22 20:52:59,942 epoch 12 - iter 5/13 - loss 1.14797569 - time (sec): 1.09 - samples/sec: 3342.46 - lr: 0.100000 - momentum: 0.000000
2025-12-22 20:53:00,131 epoch 12 - iter 6/13 - loss 1.14187123 - time (sec): 1.28 - samples/sec: 3491.93 - lr: 0.100000 - momentum: 0.000000
2025-12-22 20:53:00,296 epoch 12 - iter 7/13 - loss 1.14052818 - time (sec): 1.44 - samples/sec: 3581.21 - lr: 0.100000 - momentum: 0.000000
2025-12-22 20:53:00,453 epoch 12 - iter 8/13 - loss 1.14223277 - time (sec): 1.60 - samples/sec: 3657.07 - lr: 0.100000 - momentum: 0.000000
2025-12-22 20:53:00,611 epoch 12 - iter 9/13 - loss 1.13833058 - time (sec): 1.76 - samples/sec: 3670.29 - lr: 0.100000 - momentum: 0.000000
2025-12-22 20:53:00,785 epoch 12 - iter 10/13 - loss 1.14440225 - time (sec): 1.93 - samples/sec: 3716.31 - lr: 0.100000 - momentum: 0.000000
2025-12-22 20:53:01,047 epoch 12 - iter 11/13 - loss 1.14650969 - time (sec): 2.19 - samples/sec: 3625.30 - lr: 0.100000 - momentum: 0.000000
2025-12-22 20:53:01,379 epoch 12 - iter 12/13 - loss 1.15485001 - time (sec): 2.53 - samples/sec: 3420.67 - lr: 0.100000 - momentum: 0.000000
2025-12-22 20:53:01,545 epoch 12 - iter 13/13 - loss 1.16173570 - time (sec): 2.69 - samples/sec: 3433.18 - lr: 0.100000 - momentum: 0.000000
2025-12-22 20:53:01,545 ----------------------------------------------------------------------------------------------------
2025-12-22 20:53:01,545 EPOCH 12 done: loss 1.1617 - lr: 0.100000
2025-12-22 20:53:01,989 DEV : loss 1.001989722251892 - f1-score (micro avg)  0.6635
2025-12-22 20:53:01,990  - 0 epochs without improvement
2025-12-22 20:53:01,990 saving best model
2025-12-22 20:53:01,999 ----------------------------------------------------------------------------------------------------
2025-12-22 20:53:02,148 epoch 13 - iter 1/13 - loss 1.13460671 - time (sec): 0.15 - samples/sec: 4143.68 - lr: 0.100000 - momentum: 0.000000
2025-12-22 20:53:02,294 epoch 13 - iter 2/13 - loss 1.12830948 - time (sec): 0.29 - samples/sec: 4361.60 - lr: 0.100000 - momentum: 0.000000
2025-12-22 20:53:02,465 epoch 13 - iter 3/13 - loss 1.13386772 - time (sec): 0.46 - samples/sec: 4185.96 - lr: 0.100000 - momentum: 0.000000
2025-12-22 20:53:02,621 epoch 13 - iter 4/13 - loss 1.12201711 - time (sec): 0.62 - samples/sec: 4256.51 - lr: 0.100000 - momentum: 0.000000
2025-12-22 20:53:02,877 epoch 13 - iter 5/13 - loss 1.11431796 - time (sec): 0.88 - samples/sec: 3939.07 - lr: 0.100000 - momentum: 0.000000
2025-12-22 20:53:03,187 epoch 13 - iter 6/13 - loss 1.11953792 - time (sec): 1.19 - samples/sec: 3538.80 - lr: 0.100000 - momentum: 0.000000
2025-12-22 20:53:03,367 epoch 13 - iter 7/13 - loss 1.11496605 - time (sec): 1.37 - samples/sec: 3581.94 - lr: 0.100000 - momentum: 0.000000
2025-12-22 20:53:03,525 epoch 13 - iter 8/13 - loss 1.10784420 - time (sec): 1.53 - samples/sec: 3651.15 - lr: 0.100000 - momentum: 0.000000
2025-12-22 20:53:03,805 epoch 13 - iter 9/13 - loss 1.10911749 - time (sec): 1.80 - samples/sec: 3550.41 - lr: 0.100000 - momentum: 0.000000
2025-12-22 20:53:04,027 epoch 13 - iter 10/13 - loss 1.11163517 - time (sec): 2.03 - samples/sec: 3550.08 - lr: 0.100000 - momentum: 0.000000
2025-12-22 20:53:04,201 epoch 13 - iter 11/13 - loss 1.11166867 - time (sec): 2.20 - samples/sec: 3534.44 - lr: 0.100000 - momentum: 0.000000
2025-12-22 20:53:04,491 epoch 13 - iter 12/13 - loss 1.11558619 - time (sec): 2.49 - samples/sec: 3468.27 - lr: 0.100000 - momentum: 0.000000
2025-12-22 20:53:04,653 epoch 13 - iter 13/13 - loss 1.11970923 - time (sec): 2.65 - samples/sec: 3483.66 - lr: 0.100000 - momentum: 0.000000
2025-12-22 20:53:04,653 ----------------------------------------------------------------------------------------------------
2025-12-22 20:53:04,653 EPOCH 13 done: loss 1.1197 - lr: 0.100000
2025-12-22 20:53:05,019 DEV : loss 0.9814625382423401 - f1-score (micro avg)  0.6736
2025-12-22 20:53:05,019  - 0 epochs without improvement
2025-12-22 20:53:05,020 saving best model
2025-12-22 20:53:05,029 ----------------------------------------------------------------------------------------------------
2025-12-22 20:53:05,195 epoch 14 - iter 1/13 - loss 1.07842381 - time (sec): 0.17 - samples/sec: 3586.65 - lr: 0.100000 - momentum: 0.000000
2025-12-22 20:53:05,545 epoch 14 - iter 2/13 - loss 1.07618541 - time (sec): 0.52 - samples/sec: 2938.57 - lr: 0.100000 - momentum: 0.000000
2025-12-22 20:53:05,722 epoch 14 - iter 3/13 - loss 1.08408555 - time (sec): 0.69 - samples/sec: 3223.93 - lr: 0.100000 - momentum: 0.000000
2025-12-22 20:53:05,971 epoch 14 - iter 4/13 - loss 1.08323599 - time (sec): 0.94 - samples/sec: 3119.13 - lr: 0.100000 - momentum: 0.000000
2025-12-22 20:53:06,126 epoch 14 - iter 5/13 - loss 1.09312058 - time (sec): 1.10 - samples/sec: 3290.05 - lr: 0.100000 - momentum: 0.000000
2025-12-22 20:53:06,323 epoch 14 - iter 6/13 - loss 1.09995423 - time (sec): 1.29 - samples/sec: 3306.95 - lr: 0.100000 - momentum: 0.000000
2025-12-22 20:53:06,787 epoch 14 - iter 7/13 - loss 1.10655495 - time (sec): 1.76 - samples/sec: 2893.59 - lr: 0.100000 - momentum: 0.000000
2025-12-22 20:53:06,951 epoch 14 - iter 8/13 - loss 1.10273342 - time (sec): 1.92 - samples/sec: 2996.73 - lr: 0.100000 - momentum: 0.000000
2025-12-22 20:53:07,207 epoch 14 - iter 9/13 - loss 1.10126173 - time (sec): 2.18 - samples/sec: 2989.75 - lr: 0.100000 - momentum: 0.000000
2025-12-22 20:53:07,368 epoch 14 - iter 10/13 - loss 1.09994736 - time (sec): 2.34 - samples/sec: 3070.27 - lr: 0.100000 - momentum: 0.000000
2025-12-22 20:53:07,560 epoch 14 - iter 11/13 - loss 1.09738534 - time (sec): 2.53 - samples/sec: 3125.26 - lr: 0.100000 - momentum: 0.000000
2025-12-22 20:53:07,745 epoch 14 - iter 12/13 - loss 1.09456682 - time (sec): 2.72 - samples/sec: 3198.41 - lr: 0.100000 - momentum: 0.000000
2025-12-22 20:53:07,857 epoch 14 - iter 13/13 - loss 1.09059289 - time (sec): 2.83 - samples/sec: 3269.34 - lr: 0.100000 - momentum: 0.000000
2025-12-22 20:53:07,857 ----------------------------------------------------------------------------------------------------
2025-12-22 20:53:07,857 EPOCH 14 done: loss 1.0906 - lr: 0.100000
2025-12-22 20:53:08,201 DEV : loss 0.9747940897941589 - f1-score (micro avg)  0.6646
2025-12-22 20:53:08,202  - 1 epochs without improvement
2025-12-22 20:53:08,202 ----------------------------------------------------------------------------------------------------
2025-12-22 20:53:08,547 epoch 15 - iter 1/13 - loss 1.08825997 - time (sec): 0.35 - samples/sec: 2593.74 - lr: 0.100000 - momentum: 0.000000
2025-12-22 20:53:08,714 epoch 15 - iter 2/13 - loss 1.08054616 - time (sec): 0.51 - samples/sec: 3112.07 - lr: 0.100000 - momentum: 0.000000
2025-12-22 20:53:08,892 epoch 15 - iter 3/13 - loss 1.08866179 - time (sec): 0.69 - samples/sec: 3333.56 - lr: 0.100000 - momentum: 0.000000
2025-12-22 20:53:09,038 epoch 15 - iter 4/13 - loss 1.09694392 - time (sec): 0.84 - samples/sec: 3506.13 - lr: 0.100000 - momentum: 0.000000
2025-12-22 20:53:09,428 epoch 15 - iter 5/13 - loss 1.12324449 - time (sec): 1.23 - samples/sec: 2971.08 - lr: 0.100000 - momentum: 0.000000
2025-12-22 20:53:09,583 epoch 15 - iter 6/13 - loss 1.12650086 - time (sec): 1.38 - samples/sec: 3171.55 - lr: 0.100000 - momentum: 0.000000
2025-12-22 20:53:09,794 epoch 15 - iter 7/13 - loss 1.10918949 - time (sec): 1.59 - samples/sec: 3280.66 - lr: 0.100000 - momentum: 0.000000
2025-12-22 20:53:10,050 epoch 15 - iter 8/13 - loss 1.09548489 - time (sec): 1.85 - samples/sec: 3182.32 - lr: 0.100000 - momentum: 0.000000
2025-12-22 20:53:10,257 epoch 15 - iter 9/13 - loss 1.08831745 - time (sec): 2.05 - samples/sec: 3222.86 - lr: 0.100000 - momentum: 0.000000
2025-12-22 20:53:10,407 epoch 15 - iter 10/13 - loss 1.08648366 - time (sec): 2.20 - samples/sec: 3307.77 - lr: 0.100000 - momentum: 0.000000
2025-12-22 20:53:10,596 epoch 15 - iter 11/13 - loss 1.08310893 - time (sec): 2.39 - samples/sec: 3348.18 - lr: 0.100000 - momentum: 0.000000
2025-12-22 20:53:10,819 epoch 15 - iter 12/13 - loss 1.08348919 - time (sec): 2.62 - samples/sec: 3323.96 - lr: 0.100000 - momentum: 0.000000
2025-12-22 20:53:10,958 epoch 15 - iter 13/13 - loss 1.08651973 - time (sec): 2.76 - samples/sec: 3353.32 - lr: 0.100000 - momentum: 0.000000
2025-12-22 20:53:10,959 ----------------------------------------------------------------------------------------------------
2025-12-22 20:53:10,959 EPOCH 15 done: loss 1.0865 - lr: 0.100000
2025-12-22 20:53:11,311 DEV : loss 0.9458742141723633 - f1-score (micro avg)  0.6781
2025-12-22 20:53:11,311  - 0 epochs without improvement
2025-12-22 20:53:11,312 saving best model
2025-12-22 20:53:11,322 ----------------------------------------------------------------------------------------------------
2025-12-22 20:53:11,707 epoch 16 - iter 1/13 - loss 1.06373803 - time (sec): 0.39 - samples/sec: 1645.99 - lr: 0.100000 - momentum: 0.000000
2025-12-22 20:53:11,872 epoch 16 - iter 2/13 - loss 1.04139707 - time (sec): 0.55 - samples/sec: 2474.79 - lr: 0.100000 - momentum: 0.000000
2025-12-22 20:53:12,045 epoch 16 - iter 3/13 - loss 1.05292506 - time (sec): 0.72 - samples/sec: 2905.31 - lr: 0.100000 - momentum: 0.000000
2025-12-22 20:53:12,185 epoch 16 - iter 4/13 - loss 1.03718166 - time (sec): 0.86 - samples/sec: 3296.31 - lr: 0.100000 - momentum: 0.000000
2025-12-22 20:53:12,467 epoch 16 - iter 5/13 - loss 1.04142087 - time (sec): 1.14 - samples/sec: 3169.12 - lr: 0.100000 - momentum: 0.000000
2025-12-22 20:53:12,610 epoch 16 - iter 6/13 - loss 1.03920831 - time (sec): 1.29 - samples/sec: 3329.42 - lr: 0.100000 - momentum: 0.000000
2025-12-22 20:53:12,837 epoch 16 - iter 7/13 - loss 1.04001894 - time (sec): 1.52 - samples/sec: 3322.07 - lr: 0.100000 - momentum: 0.000000
2025-12-22 20:53:13,031 epoch 16 - iter 8/13 - loss 1.03592895 - time (sec): 1.71 - samples/sec: 3326.65 - lr: 0.100000 - momentum: 0.000000
2025-12-22 20:53:13,192 epoch 16 - iter 9/13 - loss 1.02900930 - time (sec): 1.87 - samples/sec: 3439.41 - lr: 0.100000 - momentum: 0.000000
2025-12-22 20:53:13,346 epoch 16 - iter 10/13 - loss 1.03433883 - time (sec): 2.02 - samples/sec: 3545.04 - lr: 0.100000 - momentum: 0.000000
2025-12-22 20:53:13,515 epoch 16 - iter 11/13 - loss 1.03925725 - time (sec): 2.19 - samples/sec: 3626.88 - lr: 0.100000 - momentum: 0.000000
2025-12-22 20:53:13,684 epoch 16 - iter 12/13 - loss 1.03882875 - time (sec): 2.36 - samples/sec: 3679.06 - lr: 0.100000 - momentum: 0.000000
2025-12-22 20:53:13,824 epoch 16 - iter 13/13 - loss 1.04481321 - time (sec): 2.50 - samples/sec: 3693.67 - lr: 0.100000 - momentum: 0.000000
2025-12-22 20:53:13,825 ----------------------------------------------------------------------------------------------------
2025-12-22 20:53:13,825 EPOCH 16 done: loss 1.0448 - lr: 0.100000
2025-12-22 20:53:14,313 DEV : loss 0.9832412600517273 - f1-score (micro avg)  0.6795
2025-12-22 20:53:14,314  - 0 epochs without improvement
2025-12-22 20:53:14,315 saving best model
2025-12-22 20:53:14,329 ----------------------------------------------------------------------------------------------------
2025-12-22 20:53:14,533 epoch 17 - iter 1/13 - loss 1.04770697 - time (sec): 0.20 - samples/sec: 3798.24 - lr: 0.100000 - momentum: 0.000000
2025-12-22 20:53:14,840 epoch 17 - iter 2/13 - loss 1.03616592 - time (sec): 0.51 - samples/sec: 3043.90 - lr: 0.100000 - momentum: 0.000000
2025-12-22 20:53:15,045 epoch 17 - iter 3/13 - loss 1.05675484 - time (sec): 0.72 - samples/sec: 3212.57 - lr: 0.100000 - momentum: 0.000000
2025-12-22 20:53:15,227 epoch 17 - iter 4/13 - loss 1.04823302 - time (sec): 0.90 - samples/sec: 3317.31 - lr: 0.100000 - momentum: 0.000000
2025-12-22 20:53:15,599 epoch 17 - iter 5/13 - loss 1.07682795 - time (sec): 1.27 - samples/sec: 2979.70 - lr: 0.100000 - momentum: 0.000000
2025-12-22 20:53:15,739 epoch 17 - iter 6/13 - loss 1.06556350 - time (sec): 1.41 - samples/sec: 3038.34 - lr: 0.100000 - momentum: 0.000000
2025-12-22 20:53:15,949 epoch 17 - iter 7/13 - loss 1.05190065 - time (sec): 1.62 - samples/sec: 3135.50 - lr: 0.100000 - momentum: 0.000000
2025-12-22 20:53:16,123 epoch 17 - iter 8/13 - loss 1.03650385 - time (sec): 1.79 - samples/sec: 3267.21 - lr: 0.100000 - momentum: 0.000000
2025-12-22 20:53:16,468 epoch 17 - iter 9/13 - loss 1.03161875 - time (sec): 2.14 - samples/sec: 3083.08 - lr: 0.100000 - momentum: 0.000000
2025-12-22 20:53:16,775 epoch 17 - iter 10/13 - loss 1.03117522 - time (sec): 2.45 - samples/sec: 3015.75 - lr: 0.100000 - momentum: 0.000000
2025-12-22 20:53:16,976 epoch 17 - iter 11/13 - loss 1.03176235 - time (sec): 2.65 - samples/sec: 3054.81 - lr: 0.100000 - momentum: 0.000000
2025-12-22 20:53:17,180 epoch 17 - iter 12/13 - loss 1.03405459 - time (sec): 2.85 - samples/sec: 3080.32 - lr: 0.100000 - momentum: 0.000000
2025-12-22 20:53:17,315 epoch 17 - iter 13/13 - loss 1.03855549 - time (sec): 2.99 - samples/sec: 3096.06 - lr: 0.100000 - momentum: 0.000000
2025-12-22 20:53:17,315 ----------------------------------------------------------------------------------------------------
2025-12-22 20:53:17,315 EPOCH 17 done: loss 1.0386 - lr: 0.100000
2025-12-22 20:53:17,676 DEV : loss 0.930844783782959 - f1-score (micro avg)  0.6843
2025-12-22 20:53:17,677  - 0 epochs without improvement
2025-12-22 20:53:17,677 saving best model
2025-12-22 20:53:17,692 ----------------------------------------------------------------------------------------------------
2025-12-22 20:53:17,863 epoch 18 - iter 1/13 - loss 1.06583588 - time (sec): 0.17 - samples/sec: 3369.12 - lr: 0.100000 - momentum: 0.000000
2025-12-22 20:53:18,044 epoch 18 - iter 2/13 - loss 1.03015782 - time (sec): 0.35 - samples/sec: 3435.59 - lr: 0.100000 - momentum: 0.000000
2025-12-22 20:53:18,229 epoch 18 - iter 3/13 - loss 1.01188184 - time (sec): 0.54 - samples/sec: 3664.89 - lr: 0.100000 - momentum: 0.000000
2025-12-22 20:53:18,452 epoch 18 - iter 4/13 - loss 1.02547871 - time (sec): 0.76 - samples/sec: 3416.70 - lr: 0.100000 - momentum: 0.000000
2025-12-22 20:53:18,738 epoch 18 - iter 5/13 - loss 1.02221025 - time (sec): 1.05 - samples/sec: 3136.68 - lr: 0.100000 - momentum: 0.000000
2025-12-22 20:53:18,969 epoch 18 - iter 6/13 - loss 1.01997104 - time (sec): 1.28 - samples/sec: 3265.74 - lr: 0.100000 - momentum: 0.000000
2025-12-22 20:53:19,142 epoch 18 - iter 7/13 - loss 1.01304443 - time (sec): 1.45 - samples/sec: 3349.36 - lr: 0.100000 - momentum: 0.000000
2025-12-22 20:53:19,413 epoch 18 - iter 8/13 - loss 1.00021379 - time (sec): 1.72 - samples/sec: 3225.05 - lr: 0.100000 - momentum: 0.000000
2025-12-22 20:53:19,787 epoch 18 - iter 9/13 - loss 0.99737536 - time (sec): 2.10 - samples/sec: 3047.69 - lr: 0.100000 - momentum: 0.000000
2025-12-22 20:53:19,993 epoch 18 - iter 10/13 - loss 1.00109541 - time (sec): 2.30 - samples/sec: 3045.32 - lr: 0.100000 - momentum: 0.000000
2025-12-22 20:53:20,252 epoch 18 - iter 11/13 - loss 1.00170581 - time (sec): 2.56 - samples/sec: 3064.63 - lr: 0.100000 - momentum: 0.000000
2025-12-22 20:53:20,464 epoch 18 - iter 12/13 - loss 1.00454868 - time (sec): 2.77 - samples/sec: 3097.00 - lr: 0.100000 - momentum: 0.000000
2025-12-22 20:53:20,784 epoch 18 - iter 13/13 - loss 1.00857107 - time (sec): 3.09 - samples/sec: 2989.74 - lr: 0.100000 - momentum: 0.000000
2025-12-22 20:53:20,784 ----------------------------------------------------------------------------------------------------
2025-12-22 20:53:20,784 EPOCH 18 done: loss 1.0086 - lr: 0.100000
2025-12-22 20:53:21,161 DEV : loss 0.8996939659118652 - f1-score (micro avg)  0.6931
2025-12-22 20:53:21,161  - 0 epochs without improvement
2025-12-22 20:53:21,162 saving best model
2025-12-22 20:53:21,171 ----------------------------------------------------------------------------------------------------
2025-12-22 20:53:21,640 epoch 19 - iter 1/13 - loss 0.98552463 - time (sec): 0.47 - samples/sec: 1752.83 - lr: 0.100000 - momentum: 0.000000
2025-12-22 20:53:21,847 epoch 19 - iter 2/13 - loss 1.02321202 - time (sec): 0.68 - samples/sec: 2267.39 - lr: 0.100000 - momentum: 0.000000
2025-12-22 20:53:22,194 epoch 19 - iter 3/13 - loss 1.02575371 - time (sec): 1.02 - samples/sec: 2253.14 - lr: 0.100000 - momentum: 0.000000
2025-12-22 20:53:22,410 epoch 19 - iter 4/13 - loss 1.02179130 - time (sec): 1.24 - samples/sec: 2476.84 - lr: 0.100000 - momentum: 0.000000
2025-12-22 20:53:22,624 epoch 19 - iter 5/13 - loss 1.01687459 - time (sec): 1.45 - samples/sec: 2595.75 - lr: 0.100000 - momentum: 0.000000
2025-12-22 20:53:22,820 epoch 19 - iter 6/13 - loss 1.00909540 - time (sec): 1.65 - samples/sec: 2704.48 - lr: 0.100000 - momentum: 0.000000
2025-12-22 20:53:23,019 epoch 19 - iter 7/13 - loss 1.00986440 - time (sec): 1.85 - samples/sec: 2800.27 - lr: 0.100000 - momentum: 0.000000
2025-12-22 20:53:23,193 epoch 19 - iter 8/13 - loss 1.00071863 - time (sec): 2.02 - samples/sec: 2916.22 - lr: 0.100000 - momentum: 0.000000
2025-12-22 20:53:23,465 epoch 19 - iter 9/13 - loss 1.00047104 - time (sec): 2.29 - samples/sec: 2870.64 - lr: 0.100000 - momentum: 0.000000
2025-12-22 20:53:23,610 epoch 19 - iter 10/13 - loss 0.99694582 - time (sec): 2.44 - samples/sec: 2992.52 - lr: 0.100000 - momentum: 0.000000
2025-12-22 20:53:23,867 epoch 19 - iter 11/13 - loss 0.99836583 - time (sec): 2.70 - samples/sec: 2942.29 - lr: 0.100000 - momentum: 0.000000
2025-12-22 20:53:24,119 epoch 19 - iter 12/13 - loss 0.99948808 - time (sec): 2.95 - samples/sec: 2946.14 - lr: 0.100000 - momentum: 0.000000
2025-12-22 20:53:24,375 epoch 19 - iter 13/13 - loss 0.99224511 - time (sec): 3.20 - samples/sec: 2885.03 - lr: 0.100000 - momentum: 0.000000
2025-12-22 20:53:24,375 ----------------------------------------------------------------------------------------------------
2025-12-22 20:53:24,375 EPOCH 19 done: loss 0.9922 - lr: 0.100000
2025-12-22 20:53:24,763 DEV : loss 0.9015706777572632 - f1-score (micro avg)  0.6993
2025-12-22 20:53:24,764  - 0 epochs without improvement
2025-12-22 20:53:24,765 saving best model
2025-12-22 20:53:24,775 ----------------------------------------------------------------------------------------------------
2025-12-22 20:53:24,957 epoch 20 - iter 1/13 - loss 1.04513274 - time (sec): 0.18 - samples/sec: 3837.16 - lr: 0.100000 - momentum: 0.000000
2025-12-22 20:53:25,256 epoch 20 - iter 2/13 - loss 1.00185361 - time (sec): 0.48 - samples/sec: 3177.61 - lr: 0.100000 - momentum: 0.000000
2025-12-22 20:53:25,402 epoch 20 - iter 3/13 - loss 1.00791008 - time (sec): 0.63 - samples/sec: 3245.98 - lr: 0.100000 - momentum: 0.000000
2025-12-22 20:53:25,663 epoch 20 - iter 4/13 - loss 0.98317922 - time (sec): 0.89 - samples/sec: 3267.88 - lr: 0.100000 - momentum: 0.000000
2025-12-22 20:53:25,799 epoch 20 - iter 5/13 - loss 0.97191438 - time (sec): 1.02 - samples/sec: 3484.05 - lr: 0.100000 - momentum: 0.000000
2025-12-22 20:53:26,125 epoch 20 - iter 6/13 - loss 0.96452102 - time (sec): 1.35 - samples/sec: 3174.36 - lr: 0.100000 - momentum: 0.000000
2025-12-22 20:53:26,308 epoch 20 - iter 7/13 - loss 0.96801200 - time (sec): 1.53 - samples/sec: 3282.42 - lr: 0.100000 - momentum: 0.000000
2025-12-22 20:53:26,505 epoch 20 - iter 8/13 - loss 0.96717009 - time (sec): 1.73 - samples/sec: 3343.99 - lr: 0.100000 - momentum: 0.000000
2025-12-22 20:53:26,856 epoch 20 - iter 9/13 - loss 0.97073063 - time (sec): 2.08 - samples/sec: 3156.64 - lr: 0.100000 - momentum: 0.000000
2025-12-22 20:53:27,151 epoch 20 - iter 10/13 - loss 0.96333309 - time (sec): 2.38 - samples/sec: 3072.97 - lr: 0.100000 - momentum: 0.000000
2025-12-22 20:53:27,355 epoch 20 - iter 11/13 - loss 0.96890269 - time (sec): 2.58 - samples/sec: 3109.11 - lr: 0.100000 - momentum: 0.000000
2025-12-22 20:53:27,563 epoch 20 - iter 12/13 - loss 0.96937830 - time (sec): 2.79 - samples/sec: 3113.84 - lr: 0.100000 - momentum: 0.000000
2025-12-22 20:53:27,729 epoch 20 - iter 13/13 - loss 0.96851798 - time (sec): 2.95 - samples/sec: 3129.85 - lr: 0.100000 - momentum: 0.000000
2025-12-22 20:53:27,729 ----------------------------------------------------------------------------------------------------
2025-12-22 20:53:27,729 EPOCH 20 done: loss 0.9685 - lr: 0.100000
2025-12-22 20:53:28,101 DEV : loss 0.8771669268608093 - f1-score (micro avg)  0.6981
2025-12-22 20:53:28,102  - 1 epochs without improvement
2025-12-22 20:53:28,102 ----------------------------------------------------------------------------------------------------
2025-12-22 20:53:28,402 epoch 21 - iter 1/13 - loss 0.87588914 - time (sec): 0.30 - samples/sec: 2829.91 - lr: 0.100000 - momentum: 0.000000
2025-12-22 20:53:28,592 epoch 21 - iter 2/13 - loss 0.86907308 - time (sec): 0.49 - samples/sec: 3193.41 - lr: 0.100000 - momentum: 0.000000
2025-12-22 20:53:28,817 epoch 21 - iter 3/13 - loss 0.88654657 - time (sec): 0.72 - samples/sec: 3202.27 - lr: 0.100000 - momentum: 0.000000
2025-12-22 20:53:29,016 epoch 21 - iter 4/13 - loss 0.91512941 - time (sec): 0.91 - samples/sec: 3247.72 - lr: 0.100000 - momentum: 0.000000
2025-12-22 20:53:29,163 epoch 21 - iter 5/13 - loss 0.92917468 - time (sec): 1.06 - samples/sec: 3385.39 - lr: 0.100000 - momentum: 0.000000
2025-12-22 20:53:29,361 epoch 21 - iter 6/13 - loss 0.93242731 - time (sec): 1.26 - samples/sec: 3316.46 - lr: 0.100000 - momentum: 0.000000
2025-12-22 20:53:29,559 epoch 21 - iter 7/13 - loss 0.93792587 - time (sec): 1.46 - samples/sec: 3435.50 - lr: 0.100000 - momentum: 0.000000
2025-12-22 20:53:29,757 epoch 21 - iter 8/13 - loss 0.94546267 - time (sec): 1.65 - samples/sec: 3437.46 - lr: 0.100000 - momentum: 0.000000
2025-12-22 20:53:30,085 epoch 21 - iter 9/13 - loss 0.95017125 - time (sec): 1.98 - samples/sec: 3218.04 - lr: 0.100000 - momentum: 0.000000
2025-12-22 20:53:30,425 epoch 21 - iter 10/13 - loss 0.94965768 - time (sec): 2.32 - samples/sec: 3051.55 - lr: 0.100000 - momentum: 0.000000
2025-12-22 20:53:30,613 epoch 21 - iter 11/13 - loss 0.95126945 - time (sec): 2.51 - samples/sec: 3100.07 - lr: 0.100000 - momentum: 0.000000
2025-12-22 20:53:30,908 epoch 21 - iter 12/13 - loss 0.94073027 - time (sec): 2.81 - samples/sec: 3068.92 - lr: 0.100000 - momentum: 0.000000
2025-12-22 20:53:31,078 epoch 21 - iter 13/13 - loss 0.93867630 - time (sec): 2.98 - samples/sec: 3105.90 - lr: 0.100000 - momentum: 0.000000
2025-12-22 20:53:31,078 ----------------------------------------------------------------------------------------------------
2025-12-22 20:53:31,078 EPOCH 21 done: loss 0.9387 - lr: 0.100000
2025-12-22 20:53:31,722 DEV : loss 0.854344367980957 - f1-score (micro avg)  0.717
2025-12-22 20:53:31,723  - 0 epochs without improvement
2025-12-22 20:53:31,724 saving best model
2025-12-22 20:53:31,737 ----------------------------------------------------------------------------------------------------
2025-12-22 20:53:32,025 epoch 22 - iter 1/13 - loss 0.86304399 - time (sec): 0.29 - samples/sec: 2472.75 - lr: 0.100000 - momentum: 0.000000
2025-12-22 20:53:32,237 epoch 22 - iter 2/13 - loss 0.89780264 - time (sec): 0.50 - samples/sec: 3061.93 - lr: 0.100000 - momentum: 0.000000
2025-12-22 20:53:32,454 epoch 22 - iter 3/13 - loss 0.91442910 - time (sec): 0.72 - samples/sec: 3074.91 - lr: 0.100000 - momentum: 0.000000
2025-12-22 20:53:32,655 epoch 22 - iter 4/13 - loss 0.92292768 - time (sec): 0.92 - samples/sec: 3171.15 - lr: 0.100000 - momentum: 0.000000
2025-12-22 20:53:32,802 epoch 22 - iter 5/13 - loss 0.92756496 - time (sec): 1.06 - samples/sec: 3192.04 - lr: 0.100000 - momentum: 0.000000
2025-12-22 20:53:33,021 epoch 22 - iter 6/13 - loss 0.91299316 - time (sec): 1.28 - samples/sec: 3261.05 - lr: 0.100000 - momentum: 0.000000
2025-12-22 20:53:33,203 epoch 22 - iter 7/13 - loss 0.92865147 - time (sec): 1.47 - samples/sec: 3302.01 - lr: 0.100000 - momentum: 0.000000
2025-12-22 20:53:33,384 epoch 22 - iter 8/13 - loss 0.92130480 - time (sec): 1.65 - samples/sec: 3391.92 - lr: 0.100000 - momentum: 0.000000
2025-12-22 20:53:33,761 epoch 22 - iter 9/13 - loss 0.92297461 - time (sec): 2.02 - samples/sec: 3226.07 - lr: 0.100000 - momentum: 0.000000
2025-12-22 20:53:33,955 epoch 22 - iter 10/13 - loss 0.92027524 - time (sec): 2.22 - samples/sec: 3218.97 - lr: 0.100000 - momentum: 0.000000
2025-12-22 20:53:34,128 epoch 22 - iter 11/13 - loss 0.91919078 - time (sec): 2.39 - samples/sec: 3298.31 - lr: 0.100000 - momentum: 0.000000
2025-12-22 20:53:34,482 epoch 22 - iter 12/13 - loss 0.91926043 - time (sec): 2.74 - samples/sec: 3147.01 - lr: 0.100000 - momentum: 0.000000
2025-12-22 20:53:34,659 epoch 22 - iter 13/13 - loss 0.92242446 - time (sec): 2.92 - samples/sec: 3163.47 - lr: 0.100000 - momentum: 0.000000
2025-12-22 20:53:34,660 ----------------------------------------------------------------------------------------------------
2025-12-22 20:53:34,660 EPOCH 22 done: loss 0.9224 - lr: 0.100000
2025-12-22 20:53:35,043 DEV : loss 0.867906928062439 - f1-score (micro avg)  0.7063
2025-12-22 20:53:35,043  - 1 epochs without improvement
2025-12-22 20:53:35,044 ----------------------------------------------------------------------------------------------------
2025-12-22 20:53:35,267 epoch 23 - iter 1/13 - loss 0.93178870 - time (sec): 0.22 - samples/sec: 3582.68 - lr: 0.100000 - momentum: 0.000000
2025-12-22 20:53:35,442 epoch 23 - iter 2/13 - loss 0.91178227 - time (sec): 0.40 - samples/sec: 3605.61 - lr: 0.100000 - momentum: 0.000000
2025-12-22 20:53:35,799 epoch 23 - iter 3/13 - loss 0.87997789 - time (sec): 0.75 - samples/sec: 3007.36 - lr: 0.100000 - momentum: 0.000000
2025-12-22 20:53:35,966 epoch 23 - iter 4/13 - loss 0.88620068 - time (sec): 0.92 - samples/sec: 3218.48 - lr: 0.100000 - momentum: 0.000000
2025-12-22 20:53:36,143 epoch 23 - iter 5/13 - loss 0.88911429 - time (sec): 1.10 - samples/sec: 3270.57 - lr: 0.100000 - momentum: 0.000000
2025-12-22 20:53:36,350 epoch 23 - iter 6/13 - loss 0.89187931 - time (sec): 1.31 - samples/sec: 3304.30 - lr: 0.100000 - momentum: 0.000000
2025-12-22 20:53:36,548 epoch 23 - iter 7/13 - loss 0.89213171 - time (sec): 1.50 - samples/sec: 3339.45 - lr: 0.100000 - momentum: 0.000000
2025-12-22 20:53:36,767 epoch 23 - iter 8/13 - loss 0.89919909 - time (sec): 1.72 - samples/sec: 3336.67 - lr: 0.100000 - momentum: 0.000000
2025-12-22 20:53:37,096 epoch 23 - iter 9/13 - loss 0.89643229 - time (sec): 2.05 - samples/sec: 3118.47 - lr: 0.100000 - momentum: 0.000000
2025-12-22 20:53:37,402 epoch 23 - iter 10/13 - loss 0.90001631 - time (sec): 2.36 - samples/sec: 3047.67 - lr: 0.100000 - momentum: 0.000000
2025-12-22 20:53:37,624 epoch 23 - iter 11/13 - loss 0.89880588 - time (sec): 2.58 - samples/sec: 3059.54 - lr: 0.100000 - momentum: 0.000000
2025-12-22 20:53:37,972 epoch 23 - iter 12/13 - loss 0.89564588 - time (sec): 2.93 - samples/sec: 2957.02 - lr: 0.100000 - momentum: 0.000000
2025-12-22 20:53:38,152 epoch 23 - iter 13/13 - loss 0.89706302 - time (sec): 3.11 - samples/sec: 2974.17 - lr: 0.100000 - momentum: 0.000000
2025-12-22 20:53:38,152 ----------------------------------------------------------------------------------------------------
2025-12-22 20:53:38,152 EPOCH 23 done: loss 0.8971 - lr: 0.100000
2025-12-22 20:53:38,524 DEV : loss 0.8164522647857666 - f1-score (micro avg)  0.7303
2025-12-22 20:53:38,525  - 0 epochs without improvement
2025-12-22 20:53:38,526 saving best model
2025-12-22 20:53:38,538 ----------------------------------------------------------------------------------------------------
2025-12-22 20:53:38,735 epoch 24 - iter 1/13 - loss 0.86312266 - time (sec): 0.20 - samples/sec: 3774.29 - lr: 0.100000 - momentum: 0.000000
2025-12-22 20:53:38,936 epoch 24 - iter 2/13 - loss 0.88539898 - time (sec): 0.40 - samples/sec: 3657.20 - lr: 0.100000 - momentum: 0.000000
2025-12-22 20:53:39,168 epoch 24 - iter 3/13 - loss 0.87438486 - time (sec): 0.63 - samples/sec: 3438.39 - lr: 0.100000 - momentum: 0.000000
2025-12-22 20:53:39,369 epoch 24 - iter 4/13 - loss 0.86250057 - time (sec): 0.83 - samples/sec: 3525.11 - lr: 0.100000 - momentum: 0.000000
2025-12-22 20:53:39,735 epoch 24 - iter 5/13 - loss 0.87913846 - time (sec): 1.20 - samples/sec: 3164.49 - lr: 0.100000 - momentum: 0.000000
2025-12-22 20:53:39,944 epoch 24 - iter 6/13 - loss 0.86422345 - time (sec): 1.41 - samples/sec: 3204.07 - lr: 0.100000 - momentum: 0.000000
2025-12-22 20:53:40,306 epoch 24 - iter 7/13 - loss 0.86897534 - time (sec): 1.77 - samples/sec: 2993.44 - lr: 0.100000 - momentum: 0.000000
2025-12-22 20:53:40,518 epoch 24 - iter 8/13 - loss 0.87511624 - time (sec): 1.98 - samples/sec: 3044.11 - lr: 0.100000 - momentum: 0.000000
2025-12-22 20:53:40,796 epoch 24 - iter 9/13 - loss 0.86791039 - time (sec): 2.26 - samples/sec: 2971.21 - lr: 0.100000 - momentum: 0.000000
2025-12-22 20:53:40,982 epoch 24 - iter 10/13 - loss 0.86106802 - time (sec): 2.44 - samples/sec: 3029.52 - lr: 0.100000 - momentum: 0.000000
2025-12-22 20:53:41,148 epoch 24 - iter 11/13 - loss 0.86397392 - time (sec): 2.61 - samples/sec: 3042.34 - lr: 0.100000 - momentum: 0.000000
2025-12-22 20:53:41,314 epoch 24 - iter 12/13 - loss 0.85803230 - time (sec): 2.78 - samples/sec: 3077.41 - lr: 0.100000 - momentum: 0.000000
2025-12-22 20:53:41,500 epoch 24 - iter 13/13 - loss 0.86179768 - time (sec): 2.96 - samples/sec: 3120.64 - lr: 0.100000 - momentum: 0.000000
2025-12-22 20:53:41,500 ----------------------------------------------------------------------------------------------------
2025-12-22 20:53:41,500 EPOCH 24 done: loss 0.8618 - lr: 0.100000
2025-12-22 20:53:41,880 DEV : loss 0.7792775630950928 - f1-score (micro avg)  0.7399
2025-12-22 20:53:41,881  - 0 epochs without improvement
2025-12-22 20:53:41,881 saving best model
2025-12-22 20:53:41,893 ----------------------------------------------------------------------------------------------------
2025-12-22 20:53:42,068 epoch 25 - iter 1/13 - loss 0.74433187 - time (sec): 0.17 - samples/sec: 3659.75 - lr: 0.100000 - momentum: 0.000000
2025-12-22 20:53:42,320 epoch 25 - iter 2/13 - loss 0.80516764 - time (sec): 0.43 - samples/sec: 3443.64 - lr: 0.100000 - momentum: 0.000000
2025-12-22 20:53:42,540 epoch 25 - iter 3/13 - loss 0.81037348 - time (sec): 0.65 - samples/sec: 3376.70 - lr: 0.100000 - momentum: 0.000000
2025-12-22 20:53:42,842 epoch 25 - iter 4/13 - loss 0.83378911 - time (sec): 0.95 - samples/sec: 3150.24 - lr: 0.100000 - momentum: 0.000000
2025-12-22 20:53:43,171 epoch 25 - iter 5/13 - loss 0.83993786 - time (sec): 1.28 - samples/sec: 2898.41 - lr: 0.100000 - momentum: 0.000000
2025-12-22 20:53:43,376 epoch 25 - iter 6/13 - loss 0.83832072 - time (sec): 1.48 - samples/sec: 3030.75 - lr: 0.100000 - momentum: 0.000000
2025-12-22 20:53:43,667 epoch 25 - iter 7/13 - loss 0.83913775 - time (sec): 1.77 - samples/sec: 2969.40 - lr: 0.100000 - momentum: 0.000000
2025-12-22 20:53:44,021 epoch 25 - iter 8/13 - loss 0.84282942 - time (sec): 2.13 - samples/sec: 2817.89 - lr: 0.100000 - momentum: 0.000000
2025-12-22 20:53:44,203 epoch 25 - iter 9/13 - loss 0.84949543 - time (sec): 2.31 - samples/sec: 2849.73 - lr: 0.100000 - momentum: 0.000000
2025-12-22 20:53:44,357 epoch 25 - iter 10/13 - loss 0.84918416 - time (sec): 2.46 - samples/sec: 2908.34 - lr: 0.100000 - momentum: 0.000000
2025-12-22 20:53:44,581 epoch 25 - iter 11/13 - loss 0.85316685 - time (sec): 2.69 - samples/sec: 2949.81 - lr: 0.100000 - momentum: 0.000000
2025-12-22 20:53:44,959 epoch 25 - iter 12/13 - loss 0.85361059 - time (sec): 3.07 - samples/sec: 2807.64 - lr: 0.100000 - momentum: 0.000000
2025-12-22 20:53:45,160 epoch 25 - iter 13/13 - loss 0.84719322 - time (sec): 3.27 - samples/sec: 2829.35 - lr: 0.100000 - momentum: 0.000000
2025-12-22 20:53:45,161 ----------------------------------------------------------------------------------------------------
2025-12-22 20:53:45,161 EPOCH 25 done: loss 0.8472 - lr: 0.100000
2025-12-22 20:53:45,557 DEV : loss 0.7725212574005127 - f1-score (micro avg)  0.7387
2025-12-22 20:53:45,558  - 1 epochs without improvement
2025-12-22 20:53:45,558 ----------------------------------------------------------------------------------------------------
2025-12-22 20:53:45,683 epoch 26 - iter 1/13 - loss 0.75017205 - time (sec): 0.12 - samples/sec: 4424.13 - lr: 0.100000 - momentum: 0.000000
2025-12-22 20:53:45,909 epoch 26 - iter 2/13 - loss 0.74973439 - time (sec): 0.35 - samples/sec: 3599.49 - lr: 0.100000 - momentum: 0.000000
2025-12-22 20:53:46,064 epoch 26 - iter 3/13 - loss 0.74542498 - time (sec): 0.51 - samples/sec: 3781.43 - lr: 0.100000 - momentum: 0.000000
2025-12-22 20:53:46,516 epoch 26 - iter 4/13 - loss 0.76878174 - time (sec): 0.96 - samples/sec: 3000.00 - lr: 0.100000 - momentum: 0.000000
2025-12-22 20:53:46,829 epoch 26 - iter 5/13 - loss 0.77497428 - time (sec): 1.27 - samples/sec: 2828.92 - lr: 0.100000 - momentum: 0.000000
2025-12-22 20:53:47,034 epoch 26 - iter 6/13 - loss 0.79185399 - time (sec): 1.48 - samples/sec: 2929.08 - lr: 0.100000 - momentum: 0.000000
2025-12-22 20:53:47,224 epoch 26 - iter 7/13 - loss 0.80213401 - time (sec): 1.67 - samples/sec: 2999.03 - lr: 0.100000 - momentum: 0.000000
2025-12-22 20:53:47,573 epoch 26 - iter 8/13 - loss 0.80707656 - time (sec): 2.01 - samples/sec: 2866.46 - lr: 0.100000 - momentum: 0.000000
2025-12-22 20:53:47,827 epoch 26 - iter 9/13 - loss 0.80581811 - time (sec): 2.27 - samples/sec: 2875.12 - lr: 0.100000 - momentum: 0.000000
2025-12-22 20:53:48,018 epoch 26 - iter 10/13 - loss 0.80495210 - time (sec): 2.46 - samples/sec: 2945.08 - lr: 0.100000 - momentum: 0.000000
2025-12-22 20:53:48,184 epoch 26 - iter 11/13 - loss 0.80280907 - time (sec): 2.63 - samples/sec: 2992.16 - lr: 0.100000 - momentum: 0.000000
2025-12-22 20:53:48,395 epoch 26 - iter 12/13 - loss 0.80312327 - time (sec): 2.84 - samples/sec: 3059.66 - lr: 0.100000 - momentum: 0.000000
2025-12-22 20:53:48,541 epoch 26 - iter 13/13 - loss 0.80576747 - time (sec): 2.98 - samples/sec: 3099.35 - lr: 0.100000 - momentum: 0.000000
2025-12-22 20:53:48,541 ----------------------------------------------------------------------------------------------------
2025-12-22 20:53:48,541 EPOCH 26 done: loss 0.8058 - lr: 0.100000
2025-12-22 20:53:49,173 DEV : loss 0.7196972370147705 - f1-score (micro avg)  0.7624
2025-12-22 20:53:49,174  - 0 epochs without improvement
2025-12-22 20:53:49,174 saving best model
2025-12-22 20:53:49,188 ----------------------------------------------------------------------------------------------------
2025-12-22 20:53:49,562 epoch 27 - iter 1/13 - loss 0.78397783 - time (sec): 0.37 - samples/sec: 2393.17 - lr: 0.100000 - momentum: 0.000000
2025-12-22 20:53:49,832 epoch 27 - iter 2/13 - loss 0.78761679 - time (sec): 0.64 - samples/sec: 2379.74 - lr: 0.100000 - momentum: 0.000000
2025-12-22 20:53:50,048 epoch 27 - iter 3/13 - loss 0.80666033 - time (sec): 0.86 - samples/sec: 2507.87 - lr: 0.100000 - momentum: 0.000000
2025-12-22 20:53:50,220 epoch 27 - iter 4/13 - loss 0.79564553 - time (sec): 1.03 - samples/sec: 2699.85 - lr: 0.100000 - momentum: 0.000000
2025-12-22 20:53:50,376 epoch 27 - iter 5/13 - loss 0.77436989 - time (sec): 1.19 - samples/sec: 2912.51 - lr: 0.100000 - momentum: 0.000000
2025-12-22 20:53:50,599 epoch 27 - iter 6/13 - loss 0.77137718 - time (sec): 1.41 - samples/sec: 2938.64 - lr: 0.100000 - momentum: 0.000000
2025-12-22 20:53:50,830 epoch 27 - iter 7/13 - loss 0.77457201 - time (sec): 1.64 - samples/sec: 2907.90 - lr: 0.100000 - momentum: 0.000000
2025-12-22 20:53:51,089 epoch 27 - iter 8/13 - loss 0.77903830 - time (sec): 1.90 - samples/sec: 2901.85 - lr: 0.100000 - momentum: 0.000000
2025-12-22 20:53:51,388 epoch 27 - iter 9/13 - loss 0.78078847 - time (sec): 2.20 - samples/sec: 2903.84 - lr: 0.100000 - momentum: 0.000000
2025-12-22 20:53:51,953 epoch 27 - iter 10/13 - loss 0.78006833 - time (sec): 2.76 - samples/sec: 2644.90 - lr: 0.100000 - momentum: 0.000000
2025-12-22 20:53:52,313 epoch 27 - iter 11/13 - loss 0.77391622 - time (sec): 3.12 - samples/sec: 2548.68 - lr: 0.100000 - momentum: 0.000000
2025-12-22 20:53:52,652 epoch 27 - iter 12/13 - loss 0.77513050 - time (sec): 3.46 - samples/sec: 2482.63 - lr: 0.100000 - momentum: 0.000000
2025-12-22 20:53:52,984 epoch 27 - iter 13/13 - loss 0.77494365 - time (sec): 3.80 - samples/sec: 2435.27 - lr: 0.100000 - momentum: 0.000000
2025-12-22 20:53:52,984 ----------------------------------------------------------------------------------------------------
2025-12-22 20:53:52,984 EPOCH 27 done: loss 0.7749 - lr: 0.100000
2025-12-22 20:53:53,471 DEV : loss 0.6841714978218079 - f1-score (micro avg)  0.7799
2025-12-22 20:53:53,472  - 0 epochs without improvement
2025-12-22 20:53:53,473 saving best model
2025-12-22 20:53:53,484 ----------------------------------------------------------------------------------------------------
2025-12-22 20:53:53,698 epoch 28 - iter 1/13 - loss 0.72832782 - time (sec): 0.21 - samples/sec: 3214.05 - lr: 0.100000 - momentum: 0.000000
2025-12-22 20:53:53,993 epoch 28 - iter 2/13 - loss 0.74051294 - time (sec): 0.51 - samples/sec: 2715.59 - lr: 0.100000 - momentum: 0.000000
2025-12-22 20:53:54,354 epoch 28 - iter 3/13 - loss 0.74247064 - time (sec): 0.87 - samples/sec: 2410.25 - lr: 0.100000 - momentum: 0.000000
2025-12-22 20:53:54,604 epoch 28 - iter 4/13 - loss 0.75004921 - time (sec): 1.12 - samples/sec: 2595.07 - lr: 0.100000 - momentum: 0.000000
2025-12-22 20:53:54,986 epoch 28 - iter 5/13 - loss 0.74860516 - time (sec): 1.50 - samples/sec: 2400.33 - lr: 0.100000 - momentum: 0.000000
2025-12-22 20:53:55,220 epoch 28 - iter 6/13 - loss 0.74422597 - time (sec): 1.74 - samples/sec: 2447.99 - lr: 0.100000 - momentum: 0.000000
2025-12-22 20:53:55,443 epoch 28 - iter 7/13 - loss 0.75680110 - time (sec): 1.96 - samples/sec: 2510.24 - lr: 0.100000 - momentum: 0.000000
2025-12-22 20:53:55,655 epoch 28 - iter 8/13 - loss 0.75725419 - time (sec): 2.17 - samples/sec: 2585.87 - lr: 0.100000 - momentum: 0.000000
2025-12-22 20:53:55,908 epoch 28 - iter 9/13 - loss 0.75126750 - time (sec): 2.42 - samples/sec: 2623.47 - lr: 0.100000 - momentum: 0.000000
2025-12-22 20:53:56,270 epoch 28 - iter 10/13 - loss 0.74891603 - time (sec): 2.79 - samples/sec: 2533.79 - lr: 0.100000 - momentum: 0.000000
2025-12-22 20:53:56,696 epoch 28 - iter 11/13 - loss 0.74522982 - time (sec): 3.21 - samples/sec: 2452.05 - lr: 0.100000 - momentum: 0.000000
2025-12-22 20:53:56,915 epoch 28 - iter 12/13 - loss 0.74309341 - time (sec): 3.43 - samples/sec: 2497.58 - lr: 0.100000 - momentum: 0.000000
2025-12-22 20:53:57,161 epoch 28 - iter 13/13 - loss 0.73980288 - time (sec): 3.68 - samples/sec: 2513.57 - lr: 0.100000 - momentum: 0.000000
2025-12-22 20:53:57,162 ----------------------------------------------------------------------------------------------------
2025-12-22 20:53:57,162 EPOCH 28 done: loss 0.7398 - lr: 0.100000
2025-12-22 20:53:57,601 DEV : loss 0.678074836730957 - f1-score (micro avg)  0.7824
2025-12-22 20:53:57,602  - 0 epochs without improvement
2025-12-22 20:53:57,603 saving best model
2025-12-22 20:53:57,615 ----------------------------------------------------------------------------------------------------
2025-12-22 20:53:57,857 epoch 29 - iter 1/13 - loss 0.76927202 - time (sec): 0.24 - samples/sec: 2951.80 - lr: 0.100000 - momentum: 0.000000
2025-12-22 20:53:58,101 epoch 29 - iter 2/13 - loss 0.73604616 - time (sec): 0.49 - samples/sec: 2977.30 - lr: 0.100000 - momentum: 0.000000
2025-12-22 20:53:58,378 epoch 29 - iter 3/13 - loss 0.72792234 - time (sec): 0.76 - samples/sec: 2718.00 - lr: 0.100000 - momentum: 0.000000
2025-12-22 20:53:58,599 epoch 29 - iter 4/13 - loss 0.71317499 - time (sec): 0.98 - samples/sec: 2814.29 - lr: 0.100000 - momentum: 0.000000
2025-12-22 20:53:58,764 epoch 29 - iter 5/13 - loss 0.71324809 - time (sec): 1.15 - samples/sec: 2913.59 - lr: 0.100000 - momentum: 0.000000
2025-12-22 20:53:58,997 epoch 29 - iter 6/13 - loss 0.72109953 - time (sec): 1.38 - samples/sec: 2935.24 - lr: 0.100000 - momentum: 0.000000
2025-12-22 20:53:59,373 epoch 29 - iter 7/13 - loss 0.71905693 - time (sec): 1.76 - samples/sec: 2735.05 - lr: 0.100000 - momentum: 0.000000
2025-12-22 20:53:59,599 epoch 29 - iter 8/13 - loss 0.72284660 - time (sec): 1.98 - samples/sec: 2774.83 - lr: 0.100000 - momentum: 0.000000
2025-12-22 20:53:59,991 epoch 29 - iter 9/13 - loss 0.70797273 - time (sec): 2.38 - samples/sec: 2641.68 - lr: 0.100000 - momentum: 0.000000
2025-12-22 20:54:00,241 epoch 29 - iter 10/13 - loss 0.71278281 - time (sec): 2.63 - samples/sec: 2667.86 - lr: 0.100000 - momentum: 0.000000
2025-12-22 20:54:00,483 epoch 29 - iter 11/13 - loss 0.70621154 - time (sec): 2.87 - samples/sec: 2699.11 - lr: 0.100000 - momentum: 0.000000
2025-12-22 20:54:00,714 epoch 29 - iter 12/13 - loss 0.70745361 - time (sec): 3.10 - samples/sec: 2731.84 - lr: 0.100000 - momentum: 0.000000
2025-12-22 20:54:00,934 epoch 29 - iter 13/13 - loss 0.70961650 - time (sec): 3.32 - samples/sec: 2784.83 - lr: 0.100000 - momentum: 0.000000
2025-12-22 20:54:00,935 ----------------------------------------------------------------------------------------------------
2025-12-22 20:54:00,935 EPOCH 29 done: loss 0.7096 - lr: 0.100000
2025-12-22 20:54:01,339 DEV : loss 0.6417074203491211 - f1-score (micro avg)  0.7875
2025-12-22 20:54:01,340  - 0 epochs without improvement
2025-12-22 20:54:01,340 saving best model
2025-12-22 20:54:01,350 ----------------------------------------------------------------------------------------------------
2025-12-22 20:54:01,517 epoch 30 - iter 1/13 - loss 0.64870049 - time (sec): 0.17 - samples/sec: 3352.68 - lr: 0.100000 - momentum: 0.000000
2025-12-22 20:54:01,747 epoch 30 - iter 2/13 - loss 0.69001063 - time (sec): 0.40 - samples/sec: 3290.29 - lr: 0.100000 - momentum: 0.000000
2025-12-22 20:54:01,977 epoch 30 - iter 3/13 - loss 0.69176938 - time (sec): 0.63 - samples/sec: 3100.32 - lr: 0.100000 - momentum: 0.000000
2025-12-22 20:54:02,308 epoch 30 - iter 4/13 - loss 0.69996153 - time (sec): 0.96 - samples/sec: 2634.89 - lr: 0.100000 - momentum: 0.000000
2025-12-22 20:54:02,610 epoch 30 - iter 5/13 - loss 0.69591313 - time (sec): 1.26 - samples/sec: 2591.34 - lr: 0.100000 - momentum: 0.000000
2025-12-22 20:54:02,854 epoch 30 - iter 6/13 - loss 0.69121712 - time (sec): 1.50 - samples/sec: 2635.17 - lr: 0.100000 - momentum: 0.000000
2025-12-22 20:54:03,267 epoch 30 - iter 7/13 - loss 0.69017223 - time (sec): 1.92 - samples/sec: 2602.77 - lr: 0.100000 - momentum: 0.000000
2025-12-22 20:54:03,516 epoch 30 - iter 8/13 - loss 0.68954532 - time (sec): 2.17 - samples/sec: 2644.19 - lr: 0.100000 - momentum: 0.000000
2025-12-22 20:54:03,777 epoch 30 - iter 9/13 - loss 0.68754234 - time (sec): 2.43 - samples/sec: 2666.34 - lr: 0.100000 - momentum: 0.000000
2025-12-22 20:54:03,985 epoch 30 - iter 10/13 - loss 0.69063806 - time (sec): 2.63 - samples/sec: 2722.72 - lr: 0.100000 - momentum: 0.000000
2025-12-22 20:54:04,144 epoch 30 - iter 11/13 - loss 0.68652608 - time (sec): 2.79 - samples/sec: 2782.00 - lr: 0.100000 - momentum: 0.000000
2025-12-22 20:54:04,480 epoch 30 - iter 12/13 - loss 0.67931069 - time (sec): 3.13 - samples/sec: 2716.85 - lr: 0.100000 - momentum: 0.000000
2025-12-22 20:54:04,876 epoch 30 - iter 13/13 - loss 0.68247344 - time (sec): 3.52 - samples/sec: 2622.16 - lr: 0.100000 - momentum: 0.000000
2025-12-22 20:54:04,876 ----------------------------------------------------------------------------------------------------
2025-12-22 20:54:04,876 EPOCH 30 done: loss 0.6825 - lr: 0.100000
2025-12-22 20:54:05,390 DEV : loss 0.6140817403793335 - f1-score (micro avg)  0.8005
2025-12-22 20:54:05,391  - 0 epochs without improvement
2025-12-22 20:54:05,391 saving best model
2025-12-22 20:54:05,406 ----------------------------------------------------------------------------------------------------
2025-12-22 20:54:05,801 epoch 31 - iter 1/13 - loss 0.63702565 - time (sec): 0.39 - samples/sec: 1616.27 - lr: 0.100000 - momentum: 0.000000
2025-12-22 20:54:06,003 epoch 31 - iter 2/13 - loss 0.58984641 - time (sec): 0.60 - samples/sec: 2152.42 - lr: 0.100000 - momentum: 0.000000
2025-12-22 20:54:06,191 epoch 31 - iter 3/13 - loss 0.60580467 - time (sec): 0.78 - samples/sec: 2373.83 - lr: 0.100000 - momentum: 0.000000
2025-12-22 20:54:06,428 epoch 31 - iter 4/13 - loss 0.63058622 - time (sec): 1.02 - samples/sec: 2504.07 - lr: 0.100000 - momentum: 0.000000
2025-12-22 20:54:06,595 epoch 31 - iter 5/13 - loss 0.63825984 - time (sec): 1.19 - samples/sec: 2720.91 - lr: 0.100000 - momentum: 0.000000
2025-12-22 20:54:06,847 epoch 31 - iter 6/13 - loss 0.64408586 - time (sec): 1.44 - samples/sec: 2797.05 - lr: 0.100000 - momentum: 0.000000
2025-12-22 20:54:07,080 epoch 31 - iter 7/13 - loss 0.64843247 - time (sec): 1.67 - samples/sec: 2898.98 - lr: 0.100000 - momentum: 0.000000
2025-12-22 20:54:07,537 epoch 31 - iter 8/13 - loss 0.65130269 - time (sec): 2.13 - samples/sec: 2615.58 - lr: 0.100000 - momentum: 0.000000
2025-12-22 20:54:07,878 epoch 31 - iter 9/13 - loss 0.65027899 - time (sec): 2.47 - samples/sec: 2569.27 - lr: 0.100000 - momentum: 0.000000
2025-12-22 20:54:08,287 epoch 31 - iter 10/13 - loss 0.65108936 - time (sec): 2.88 - samples/sec: 2486.02 - lr: 0.100000 - momentum: 0.000000
2025-12-22 20:54:08,534 epoch 31 - iter 11/13 - loss 0.64894195 - time (sec): 3.13 - samples/sec: 2520.40 - lr: 0.100000 - momentum: 0.000000
2025-12-22 20:54:08,734 epoch 31 - iter 12/13 - loss 0.65039238 - time (sec): 3.33 - samples/sec: 2584.91 - lr: 0.100000 - momentum: 0.000000
2025-12-22 20:54:09,060 epoch 31 - iter 13/13 - loss 0.65370553 - time (sec): 3.65 - samples/sec: 2529.68 - lr: 0.100000 - momentum: 0.000000
2025-12-22 20:54:09,061 ----------------------------------------------------------------------------------------------------
2025-12-22 20:54:09,061 EPOCH 31 done: loss 0.6537 - lr: 0.100000
2025-12-22 20:54:09,501 DEV : loss 0.5814884901046753 - f1-score (micro avg)  0.8117
2025-12-22 20:54:09,502  - 0 epochs without improvement
2025-12-22 20:54:09,502 saving best model
2025-12-22 20:54:09,513 ----------------------------------------------------------------------------------------------------
2025-12-22 20:54:09,794 epoch 32 - iter 1/13 - loss 0.61882744 - time (sec): 0.28 - samples/sec: 2634.98 - lr: 0.100000 - momentum: 0.000000
2025-12-22 20:54:10,176 epoch 32 - iter 2/13 - loss 0.62517602 - time (sec): 0.66 - samples/sec: 2261.05 - lr: 0.100000 - momentum: 0.000000
2025-12-22 20:54:10,426 epoch 32 - iter 3/13 - loss 0.60834003 - time (sec): 0.91 - samples/sec: 2444.41 - lr: 0.100000 - momentum: 0.000000
2025-12-22 20:54:10,646 epoch 32 - iter 4/13 - loss 0.61177176 - time (sec): 1.13 - samples/sec: 2606.83 - lr: 0.100000 - momentum: 0.000000
2025-12-22 20:54:11,125 epoch 32 - iter 5/13 - loss 0.61459109 - time (sec): 1.61 - samples/sec: 2316.90 - lr: 0.100000 - momentum: 0.000000
2025-12-22 20:54:11,344 epoch 32 - iter 6/13 - loss 0.63702190 - time (sec): 1.83 - samples/sec: 2416.31 - lr: 0.100000 - momentum: 0.000000
2025-12-22 20:54:11,524 epoch 32 - iter 7/13 - loss 0.63763011 - time (sec): 2.01 - samples/sec: 2498.73 - lr: 0.100000 - momentum: 0.000000
2025-12-22 20:54:11,794 epoch 32 - iter 8/13 - loss 0.63909935 - time (sec): 2.28 - samples/sec: 2549.36 - lr: 0.100000 - momentum: 0.000000
2025-12-22 20:54:11,993 epoch 32 - iter 9/13 - loss 0.63139520 - time (sec): 2.48 - samples/sec: 2614.05 - lr: 0.100000 - momentum: 0.000000
2025-12-22 20:54:12,193 epoch 32 - iter 10/13 - loss 0.63031653 - time (sec): 2.68 - samples/sec: 2688.72 - lr: 0.100000 - momentum: 0.000000
2025-12-22 20:54:12,663 epoch 32 - iter 11/13 - loss 0.63300453 - time (sec): 3.15 - samples/sec: 2558.15 - lr: 0.100000 - momentum: 0.000000
2025-12-22 20:54:12,872 epoch 32 - iter 12/13 - loss 0.63364346 - time (sec): 3.36 - samples/sec: 2599.19 - lr: 0.100000 - momentum: 0.000000
2025-12-22 20:54:13,092 epoch 32 - iter 13/13 - loss 0.63787957 - time (sec): 3.58 - samples/sec: 2582.99 - lr: 0.100000 - momentum: 0.000000
2025-12-22 20:54:13,092 ----------------------------------------------------------------------------------------------------
2025-12-22 20:54:13,092 EPOCH 32 done: loss 0.6379 - lr: 0.100000
2025-12-22 20:54:13,545 DEV : loss 0.5616191029548645 - f1-score (micro avg)  0.8233
2025-12-22 20:54:13,546  - 0 epochs without improvement
2025-12-22 20:54:13,547 saving best model
2025-12-22 20:54:13,561 ----------------------------------------------------------------------------------------------------
2025-12-22 20:54:13,934 epoch 33 - iter 1/13 - loss 0.59076312 - time (sec): 0.37 - samples/sec: 2178.59 - lr: 0.100000 - momentum: 0.000000
2025-12-22 20:54:14,169 epoch 33 - iter 2/13 - loss 0.60791597 - time (sec): 0.61 - samples/sec: 2488.66 - lr: 0.100000 - momentum: 0.000000
2025-12-22 20:54:14,380 epoch 33 - iter 3/13 - loss 0.63070073 - time (sec): 0.82 - samples/sec: 2706.10 - lr: 0.100000 - momentum: 0.000000
2025-12-22 20:54:14,631 epoch 33 - iter 4/13 - loss 0.62604502 - time (sec): 1.07 - samples/sec: 2768.28 - lr: 0.100000 - momentum: 0.000000
2025-12-22 20:54:14,892 epoch 33 - iter 5/13 - loss 0.62269499 - time (sec): 1.33 - samples/sec: 2696.38 - lr: 0.100000 - momentum: 0.000000
2025-12-22 20:54:15,108 epoch 33 - iter 6/13 - loss 0.61655940 - time (sec): 1.55 - samples/sec: 2748.88 - lr: 0.100000 - momentum: 0.000000
2025-12-22 20:54:15,492 epoch 33 - iter 7/13 - loss 0.60903818 - time (sec): 1.93 - samples/sec: 2603.23 - lr: 0.100000 - momentum: 0.000000
2025-12-22 20:54:15,895 epoch 33 - iter 8/13 - loss 0.60753415 - time (sec): 2.33 - samples/sec: 2477.52 - lr: 0.100000 - momentum: 0.000000
2025-12-22 20:54:16,299 epoch 33 - iter 9/13 - loss 0.61381507 - time (sec): 2.74 - samples/sec: 2362.04 - lr: 0.100000 - momentum: 0.000000
2025-12-22 20:54:16,517 epoch 33 - iter 10/13 - loss 0.61066355 - time (sec): 2.95 - samples/sec: 2430.55 - lr: 0.100000 - momentum: 0.000000
2025-12-22 20:54:16,804 epoch 33 - iter 11/13 - loss 0.60273780 - time (sec): 3.24 - samples/sec: 2486.49 - lr: 0.100000 - momentum: 0.000000
2025-12-22 20:54:16,947 epoch 33 - iter 12/13 - loss 0.60385042 - time (sec): 3.39 - samples/sec: 2516.91 - lr: 0.100000 - momentum: 0.000000
2025-12-22 20:54:17,166 epoch 33 - iter 13/13 - loss 0.60502915 - time (sec): 3.60 - samples/sec: 2564.38 - lr: 0.100000 - momentum: 0.000000
2025-12-22 20:54:17,166 ----------------------------------------------------------------------------------------------------
2025-12-22 20:54:17,166 EPOCH 33 done: loss 0.6050 - lr: 0.100000
2025-12-22 20:54:17,622 DEV : loss 0.5518730282783508 - f1-score (micro avg)  0.8253
2025-12-22 20:54:17,622  - 0 epochs without improvement
2025-12-22 20:54:17,623 saving best model
2025-12-22 20:54:17,636 ----------------------------------------------------------------------------------------------------
2025-12-22 20:54:17,962 epoch 34 - iter 1/13 - loss 0.55808256 - time (sec): 0.33 - samples/sec: 2288.44 - lr: 0.100000 - momentum: 0.000000
2025-12-22 20:54:18,298 epoch 34 - iter 2/13 - loss 0.58386950 - time (sec): 0.66 - samples/sec: 2202.12 - lr: 0.100000 - momentum: 0.000000
2025-12-22 20:54:18,506 epoch 34 - iter 3/13 - loss 0.59106710 - time (sec): 0.87 - samples/sec: 2444.16 - lr: 0.100000 - momentum: 0.000000
2025-12-22 20:54:18,746 epoch 34 - iter 4/13 - loss 0.59045256 - time (sec): 1.11 - samples/sec: 2565.68 - lr: 0.100000 - momentum: 0.000000
2025-12-22 20:54:18,994 epoch 34 - iter 5/13 - loss 0.59831691 - time (sec): 1.36 - samples/sec: 2678.19 - lr: 0.100000 - momentum: 0.000000
2025-12-22 20:54:19,366 epoch 34 - iter 6/13 - loss 0.58824279 - time (sec): 1.73 - samples/sec: 2521.88 - lr: 0.100000 - momentum: 0.000000
2025-12-22 20:54:19,707 epoch 34 - iter 7/13 - loss 0.58469828 - time (sec): 2.07 - samples/sec: 2432.09 - lr: 0.100000 - momentum: 0.000000
2025-12-22 20:54:19,937 epoch 34 - iter 8/13 - loss 0.58222178 - time (sec): 2.30 - samples/sec: 2537.12 - lr: 0.100000 - momentum: 0.000000
2025-12-22 20:54:20,098 epoch 34 - iter 9/13 - loss 0.58381289 - time (sec): 2.46 - samples/sec: 2613.64 - lr: 0.100000 - momentum: 0.000000
2025-12-22 20:54:20,477 epoch 34 - iter 10/13 - loss 0.57803227 - time (sec): 2.84 - samples/sec: 2521.10 - lr: 0.100000 - momentum: 0.000000
2025-12-22 20:54:20,706 epoch 34 - iter 11/13 - loss 0.57638359 - time (sec): 3.07 - samples/sec: 2572.17 - lr: 0.100000 - momentum: 0.000000
2025-12-22 20:54:20,971 epoch 34 - iter 12/13 - loss 0.57532054 - time (sec): 3.33 - samples/sec: 2576.07 - lr: 0.100000 - momentum: 0.000000
2025-12-22 20:54:21,185 epoch 34 - iter 13/13 - loss 0.57583938 - time (sec): 3.55 - samples/sec: 2604.39 - lr: 0.100000 - momentum: 0.000000
2025-12-22 20:54:21,185 ----------------------------------------------------------------------------------------------------
2025-12-22 20:54:21,186 EPOCH 34 done: loss 0.5758 - lr: 0.100000
2025-12-22 20:54:21,859 DEV : loss 0.5314117074012756 - f1-score (micro avg)  0.832
2025-12-22 20:54:21,860  - 0 epochs without improvement
2025-12-22 20:54:21,861 saving best model
2025-12-22 20:54:21,873 ----------------------------------------------------------------------------------------------------
2025-12-22 20:54:22,127 epoch 35 - iter 1/13 - loss 0.57794817 - time (sec): 0.25 - samples/sec: 2416.49 - lr: 0.100000 - momentum: 0.000000
2025-12-22 20:54:22,310 epoch 35 - iter 2/13 - loss 0.57191296 - time (sec): 0.44 - samples/sec: 2826.89 - lr: 0.100000 - momentum: 0.000000
2025-12-22 20:54:22,752 epoch 35 - iter 3/13 - loss 0.58354124 - time (sec): 0.88 - samples/sec: 2204.16 - lr: 0.100000 - momentum: 0.000000
2025-12-22 20:54:22,955 epoch 35 - iter 4/13 - loss 0.58808239 - time (sec): 1.08 - samples/sec: 2314.62 - lr: 0.100000 - momentum: 0.000000
2025-12-22 20:54:23,208 epoch 35 - iter 5/13 - loss 0.59481534 - time (sec): 1.33 - samples/sec: 2389.57 - lr: 0.100000 - momentum: 0.000000
2025-12-22 20:54:23,443 epoch 35 - iter 6/13 - loss 0.57684102 - time (sec): 1.57 - samples/sec: 2503.41 - lr: 0.100000 - momentum: 0.000000
2025-12-22 20:54:23,687 epoch 35 - iter 7/13 - loss 0.57769018 - time (sec): 1.81 - samples/sec: 2578.33 - lr: 0.100000 - momentum: 0.000000
2025-12-22 20:54:24,098 epoch 35 - iter 8/13 - loss 0.56975942 - time (sec): 2.22 - samples/sec: 2482.38 - lr: 0.100000 - momentum: 0.000000
2025-12-22 20:54:24,356 epoch 35 - iter 9/13 - loss 0.56896301 - time (sec): 2.48 - samples/sec: 2541.99 - lr: 0.100000 - momentum: 0.000000
2025-12-22 20:54:24,599 epoch 35 - iter 10/13 - loss 0.56797294 - time (sec): 2.73 - samples/sec: 2584.36 - lr: 0.100000 - momentum: 0.000000
2025-12-22 20:54:24,951 epoch 35 - iter 11/13 - loss 0.56913946 - time (sec): 3.08 - samples/sec: 2563.06 - lr: 0.100000 - momentum: 0.000000
2025-12-22 20:54:25,249 epoch 35 - iter 12/13 - loss 0.56856225 - time (sec): 3.38 - samples/sec: 2567.51 - lr: 0.100000 - momentum: 0.000000
2025-12-22 20:54:25,407 epoch 35 - iter 13/13 - loss 0.56021924 - time (sec): 3.53 - samples/sec: 2615.71 - lr: 0.100000 - momentum: 0.000000
2025-12-22 20:54:25,407 ----------------------------------------------------------------------------------------------------
2025-12-22 20:54:25,407 EPOCH 35 done: loss 0.5602 - lr: 0.100000
2025-12-22 20:54:26,096 DEV : loss 0.5230159759521484 - f1-score (micro avg)  0.836
2025-12-22 20:54:26,097  - 0 epochs without improvement
2025-12-22 20:54:26,097 saving best model
2025-12-22 20:54:26,109 ----------------------------------------------------------------------------------------------------
2025-12-22 20:54:26,541 epoch 36 - iter 1/13 - loss 0.53785020 - time (sec): 0.43 - samples/sec: 2221.53 - lr: 0.100000 - momentum: 0.000000
2025-12-22 20:54:26,814 epoch 36 - iter 2/13 - loss 0.57765477 - time (sec): 0.70 - samples/sec: 2459.10 - lr: 0.100000 - momentum: 0.000000
2025-12-22 20:54:27,018 epoch 36 - iter 3/13 - loss 0.55582802 - time (sec): 0.91 - samples/sec: 2697.51 - lr: 0.100000 - momentum: 0.000000
2025-12-22 20:54:27,190 epoch 36 - iter 4/13 - loss 0.54514009 - time (sec): 1.08 - samples/sec: 2851.61 - lr: 0.100000 - momentum: 0.000000
2025-12-22 20:54:27,457 epoch 36 - iter 5/13 - loss 0.54581440 - time (sec): 1.35 - samples/sec: 2819.63 - lr: 0.100000 - momentum: 0.000000
2025-12-22 20:54:27,686 epoch 36 - iter 6/13 - loss 0.53921802 - time (sec): 1.58 - samples/sec: 2823.16 - lr: 0.100000 - momentum: 0.000000
2025-12-22 20:54:28,005 epoch 36 - iter 7/13 - loss 0.55282603 - time (sec): 1.90 - samples/sec: 2687.19 - lr: 0.100000 - momentum: 0.000000
2025-12-22 20:54:28,295 epoch 36 - iter 8/13 - loss 0.55257893 - time (sec): 2.18 - samples/sec: 2707.34 - lr: 0.100000 - momentum: 0.000000
2025-12-22 20:54:28,499 epoch 36 - iter 9/13 - loss 0.55357994 - time (sec): 2.39 - samples/sec: 2786.26 - lr: 0.100000 - momentum: 0.000000
2025-12-22 20:54:28,719 epoch 36 - iter 10/13 - loss 0.55615472 - time (sec): 2.61 - samples/sec: 2834.63 - lr: 0.100000 - momentum: 0.000000
2025-12-22 20:54:28,917 epoch 36 - iter 11/13 - loss 0.55444269 - time (sec): 2.81 - samples/sec: 2852.98 - lr: 0.100000 - momentum: 0.000000
2025-12-22 20:54:29,138 epoch 36 - iter 12/13 - loss 0.54855879 - time (sec): 3.03 - samples/sec: 2870.50 - lr: 0.100000 - momentum: 0.000000
2025-12-22 20:54:29,334 epoch 36 - iter 13/13 - loss 0.55028837 - time (sec): 3.22 - samples/sec: 2867.01 - lr: 0.100000 - momentum: 0.000000
2025-12-22 20:54:29,334 ----------------------------------------------------------------------------------------------------
2025-12-22 20:54:29,334 EPOCH 36 done: loss 0.5503 - lr: 0.100000
2025-12-22 20:54:29,739 DEV : loss 0.5050997138023376 - f1-score (micro avg)  0.8388
2025-12-22 20:54:29,740  - 0 epochs without improvement
2025-12-22 20:54:29,740 saving best model
2025-12-22 20:54:29,752 ----------------------------------------------------------------------------------------------------
2025-12-22 20:54:29,984 epoch 37 - iter 1/13 - loss 0.49085733 - time (sec): 0.23 - samples/sec: 3057.79 - lr: 0.100000 - momentum: 0.000000
2025-12-22 20:54:30,261 epoch 37 - iter 2/13 - loss 0.50240524 - time (sec): 0.51 - samples/sec: 2765.67 - lr: 0.100000 - momentum: 0.000000
2025-12-22 20:54:30,471 epoch 37 - iter 3/13 - loss 0.48353664 - time (sec): 0.72 - samples/sec: 2979.91 - lr: 0.100000 - momentum: 0.000000
2025-12-22 20:54:30,894 epoch 37 - iter 4/13 - loss 0.51297958 - time (sec): 1.14 - samples/sec: 2606.67 - lr: 0.100000 - momentum: 0.000000
2025-12-22 20:54:31,089 epoch 37 - iter 5/13 - loss 0.51168202 - time (sec): 1.34 - samples/sec: 2655.92 - lr: 0.100000 - momentum: 0.000000
2025-12-22 20:54:31,478 epoch 37 - iter 6/13 - loss 0.51058135 - time (sec): 1.72 - samples/sec: 2508.12 - lr: 0.100000 - momentum: 0.000000
2025-12-22 20:54:31,705 epoch 37 - iter 7/13 - loss 0.50549388 - time (sec): 1.95 - samples/sec: 2541.77 - lr: 0.100000 - momentum: 0.000000
2025-12-22 20:54:31,898 epoch 37 - iter 8/13 - loss 0.50979492 - time (sec): 2.14 - samples/sec: 2634.24 - lr: 0.100000 - momentum: 0.000000
2025-12-22 20:54:32,241 epoch 37 - iter 9/13 - loss 0.51562836 - time (sec): 2.49 - samples/sec: 2567.93 - lr: 0.100000 - momentum: 0.000000
2025-12-22 20:54:32,500 epoch 37 - iter 10/13 - loss 0.51960270 - time (sec): 2.75 - samples/sec: 2589.38 - lr: 0.100000 - momentum: 0.000000
2025-12-22 20:54:32,717 epoch 37 - iter 11/13 - loss 0.51853102 - time (sec): 2.96 - samples/sec: 2623.48 - lr: 0.100000 - momentum: 0.000000
2025-12-22 20:54:33,065 epoch 37 - iter 12/13 - loss 0.52051437 - time (sec): 3.31 - samples/sec: 2606.47 - lr: 0.100000 - momentum: 0.000000
2025-12-22 20:54:33,313 epoch 37 - iter 13/13 - loss 0.52279549 - time (sec): 3.56 - samples/sec: 2596.28 - lr: 0.100000 - momentum: 0.000000
2025-12-22 20:54:33,314 ----------------------------------------------------------------------------------------------------
2025-12-22 20:54:33,314 EPOCH 37 done: loss 0.5228 - lr: 0.100000
2025-12-22 20:54:33,728 DEV : loss 0.5135579109191895 - f1-score (micro avg)  0.8388
2025-12-22 20:54:33,729  - 1 epochs without improvement
2025-12-22 20:54:33,729 ----------------------------------------------------------------------------------------------------
2025-12-22 20:54:33,929 epoch 38 - iter 1/13 - loss 0.47156688 - time (sec): 0.20 - samples/sec: 2897.71 - lr: 0.100000 - momentum: 0.000000
2025-12-22 20:54:34,169 epoch 38 - iter 2/13 - loss 0.48306347 - time (sec): 0.44 - samples/sec: 2972.91 - lr: 0.100000 - momentum: 0.000000
2025-12-22 20:54:34,591 epoch 38 - iter 3/13 - loss 0.49235805 - time (sec): 0.86 - samples/sec: 2521.53 - lr: 0.100000 - momentum: 0.000000
2025-12-22 20:54:35,019 epoch 38 - iter 4/13 - loss 0.51369937 - time (sec): 1.29 - samples/sec: 2299.87 - lr: 0.100000 - momentum: 0.000000
2025-12-22 20:54:35,319 epoch 38 - iter 5/13 - loss 0.51672906 - time (sec): 1.59 - samples/sec: 2293.11 - lr: 0.100000 - momentum: 0.000000
2025-12-22 20:54:35,552 epoch 38 - iter 6/13 - loss 0.52402586 - time (sec): 1.82 - samples/sec: 2366.45 - lr: 0.100000 - momentum: 0.000000
2025-12-22 20:54:35,858 epoch 38 - iter 7/13 - loss 0.52405652 - time (sec): 2.13 - samples/sec: 2349.70 - lr: 0.100000 - momentum: 0.000000
2025-12-22 20:54:36,098 epoch 38 - iter 8/13 - loss 0.51587530 - time (sec): 2.37 - samples/sec: 2409.46 - lr: 0.100000 - momentum: 0.000000
2025-12-22 20:54:36,307 epoch 38 - iter 9/13 - loss 0.51071319 - time (sec): 2.58 - samples/sec: 2476.20 - lr: 0.100000 - momentum: 0.000000
2025-12-22 20:54:36,557 epoch 38 - iter 10/13 - loss 0.51110425 - time (sec): 2.83 - samples/sec: 2538.92 - lr: 0.100000 - momentum: 0.000000
2025-12-22 20:54:36,777 epoch 38 - iter 11/13 - loss 0.50979376 - time (sec): 3.05 - samples/sec: 2579.56 - lr: 0.100000 - momentum: 0.000000
2025-12-22 20:54:37,201 epoch 38 - iter 12/13 - loss 0.51462751 - time (sec): 3.47 - samples/sec: 2499.64 - lr: 0.100000 - momentum: 0.000000
2025-12-22 20:54:37,411 epoch 38 - iter 13/13 - loss 0.51700358 - time (sec): 3.68 - samples/sec: 2510.29 - lr: 0.100000 - momentum: 0.000000
2025-12-22 20:54:37,412 ----------------------------------------------------------------------------------------------------
2025-12-22 20:54:37,412 EPOCH 38 done: loss 0.5170 - lr: 0.100000
2025-12-22 20:54:37,860 DEV : loss 0.4814555048942566 - f1-score (micro avg)  0.8498
2025-12-22 20:54:37,861  - 0 epochs without improvement
2025-12-22 20:54:37,862 saving best model
2025-12-22 20:54:37,873 ----------------------------------------------------------------------------------------------------
2025-12-22 20:54:38,206 epoch 39 - iter 1/13 - loss 0.53708756 - time (sec): 0.33 - samples/sec: 2283.14 - lr: 0.100000 - momentum: 0.000000
2025-12-22 20:54:38,433 epoch 39 - iter 2/13 - loss 0.52294674 - time (sec): 0.56 - samples/sec: 2809.03 - lr: 0.100000 - momentum: 0.000000
2025-12-22 20:54:38,693 epoch 39 - iter 3/13 - loss 0.53798391 - time (sec): 0.82 - samples/sec: 2667.62 - lr: 0.100000 - momentum: 0.000000
2025-12-22 20:54:38,962 epoch 39 - iter 4/13 - loss 0.51001172 - time (sec): 1.09 - samples/sec: 2756.69 - lr: 0.100000 - momentum: 0.000000
2025-12-22 20:54:39,365 epoch 39 - iter 5/13 - loss 0.51387374 - time (sec): 1.49 - samples/sec: 2566.43 - lr: 0.100000 - momentum: 0.000000
2025-12-22 20:54:39,583 epoch 39 - iter 6/13 - loss 0.49676042 - time (sec): 1.71 - samples/sec: 2619.08 - lr: 0.100000 - momentum: 0.000000
2025-12-22 20:54:39,808 epoch 39 - iter 7/13 - loss 0.50485488 - time (sec): 1.94 - samples/sec: 2656.33 - lr: 0.100000 - momentum: 0.000000
2025-12-22 20:54:40,066 epoch 39 - iter 8/13 - loss 0.50801693 - time (sec): 2.19 - samples/sec: 2682.11 - lr: 0.100000 - momentum: 0.000000
2025-12-22 20:54:40,496 epoch 39 - iter 9/13 - loss 0.49933792 - time (sec): 2.62 - samples/sec: 2568.58 - lr: 0.100000 - momentum: 0.000000
2025-12-22 20:54:40,709 epoch 39 - iter 10/13 - loss 0.49315356 - time (sec): 2.84 - samples/sec: 2591.08 - lr: 0.100000 - momentum: 0.000000
2025-12-22 20:54:40,898 epoch 39 - iter 11/13 - loss 0.48937303 - time (sec): 3.02 - samples/sec: 2639.63 - lr: 0.100000 - momentum: 0.000000
2025-12-22 20:54:41,131 epoch 39 - iter 12/13 - loss 0.48814097 - time (sec): 3.26 - samples/sec: 2646.44 - lr: 0.100000 - momentum: 0.000000
2025-12-22 20:54:41,299 epoch 39 - iter 13/13 - loss 0.48942263 - time (sec): 3.43 - samples/sec: 2698.05 - lr: 0.100000 - momentum: 0.000000
2025-12-22 20:54:41,299 ----------------------------------------------------------------------------------------------------
2025-12-22 20:54:41,299 EPOCH 39 done: loss 0.4894 - lr: 0.100000
2025-12-22 20:54:41,722 DEV : loss 0.4664510190486908 - f1-score (micro avg)  0.8534
2025-12-22 20:54:41,723  - 0 epochs without improvement
2025-12-22 20:54:41,723 saving best model
2025-12-22 20:54:41,735 ----------------------------------------------------------------------------------------------------
2025-12-22 20:54:42,007 epoch 40 - iter 1/13 - loss 0.44823239 - time (sec): 0.27 - samples/sec: 2569.09 - lr: 0.100000 - momentum: 0.000000
2025-12-22 20:54:42,224 epoch 40 - iter 2/13 - loss 0.46021781 - time (sec): 0.49 - samples/sec: 2589.89 - lr: 0.100000 - momentum: 0.000000
2025-12-22 20:54:42,627 epoch 40 - iter 3/13 - loss 0.43956933 - time (sec): 0.89 - samples/sec: 2356.59 - lr: 0.100000 - momentum: 0.000000
2025-12-22 20:54:42,891 epoch 40 - iter 4/13 - loss 0.44461488 - time (sec): 1.16 - samples/sec: 2507.37 - lr: 0.100000 - momentum: 0.000000
2025-12-22 20:54:43,052 epoch 40 - iter 5/13 - loss 0.44855507 - time (sec): 1.32 - samples/sec: 2623.15 - lr: 0.100000 - momentum: 0.000000
2025-12-22 20:54:43,256 epoch 40 - iter 6/13 - loss 0.45512991 - time (sec): 1.52 - samples/sec: 2716.62 - lr: 0.100000 - momentum: 0.000000
2025-12-22 20:54:43,617 epoch 40 - iter 7/13 - loss 0.44909548 - time (sec): 1.88 - samples/sec: 2655.55 - lr: 0.100000 - momentum: 0.000000
2025-12-22 20:54:43,857 epoch 40 - iter 8/13 - loss 0.45058933 - time (sec): 2.12 - samples/sec: 2700.01 - lr: 0.100000 - momentum: 0.000000
2025-12-22 20:54:44,096 epoch 40 - iter 9/13 - loss 0.45567626 - time (sec): 2.36 - samples/sec: 2755.49 - lr: 0.100000 - momentum: 0.000000
2025-12-22 20:54:44,451 epoch 40 - iter 10/13 - loss 0.45217949 - time (sec): 2.72 - samples/sec: 2652.48 - lr: 0.100000 - momentum: 0.000000
2025-12-22 20:54:44,848 epoch 40 - iter 11/13 - loss 0.45647863 - time (sec): 3.11 - samples/sec: 2553.35 - lr: 0.100000 - momentum: 0.000000
2025-12-22 20:54:45,069 epoch 40 - iter 12/13 - loss 0.46148047 - time (sec): 3.33 - samples/sec: 2592.69 - lr: 0.100000 - momentum: 0.000000
2025-12-22 20:54:45,289 epoch 40 - iter 13/13 - loss 0.46324853 - time (sec): 3.55 - samples/sec: 2601.49 - lr: 0.100000 - momentum: 0.000000
2025-12-22 20:54:45,289 ----------------------------------------------------------------------------------------------------
2025-12-22 20:54:45,289 EPOCH 40 done: loss 0.4632 - lr: 0.100000
2025-12-22 20:54:45,916 DEV : loss 0.4542449712753296 - f1-score (micro avg)  0.8619
2025-12-22 20:54:45,917  - 0 epochs without improvement
2025-12-22 20:54:45,917 saving best model
2025-12-22 20:54:45,928 ----------------------------------------------------------------------------------------------------
2025-12-22 20:54:46,173 epoch 41 - iter 1/13 - loss 0.44880844 - time (sec): 0.24 - samples/sec: 2533.65 - lr: 0.100000 - momentum: 0.000000
2025-12-22 20:54:46,523 epoch 41 - iter 2/13 - loss 0.44690286 - time (sec): 0.60 - samples/sec: 2495.39 - lr: 0.100000 - momentum: 0.000000
2025-12-22 20:54:46,804 epoch 41 - iter 3/13 - loss 0.45971123 - time (sec): 0.88 - samples/sec: 2553.47 - lr: 0.100000 - momentum: 0.000000
2025-12-22 20:54:47,038 epoch 41 - iter 4/13 - loss 0.44392135 - time (sec): 1.11 - samples/sec: 2727.23 - lr: 0.100000 - momentum: 0.000000
2025-12-22 20:54:47,244 epoch 41 - iter 5/13 - loss 0.45119952 - time (sec): 1.32 - samples/sec: 2806.06 - lr: 0.100000 - momentum: 0.000000
2025-12-22 20:54:47,462 epoch 41 - iter 6/13 - loss 0.45691778 - time (sec): 1.53 - samples/sec: 2804.53 - lr: 0.100000 - momentum: 0.000000
2025-12-22 20:54:47,677 epoch 41 - iter 7/13 - loss 0.46023333 - time (sec): 1.75 - samples/sec: 2851.85 - lr: 0.100000 - momentum: 0.000000
2025-12-22 20:54:47,831 epoch 41 - iter 8/13 - loss 0.45687524 - time (sec): 1.90 - samples/sec: 2925.63 - lr: 0.100000 - momentum: 0.000000
2025-12-22 20:54:47,993 epoch 41 - iter 9/13 - loss 0.46116984 - time (sec): 2.07 - samples/sec: 3014.25 - lr: 0.100000 - momentum: 0.000000
2025-12-22 20:54:48,253 epoch 41 - iter 10/13 - loss 0.45930860 - time (sec): 2.32 - samples/sec: 2964.91 - lr: 0.100000 - momentum: 0.000000
2025-12-22 20:54:48,693 epoch 41 - iter 11/13 - loss 0.46020464 - time (sec): 2.77 - samples/sec: 2799.26 - lr: 0.100000 - momentum: 0.000000
2025-12-22 20:54:49,032 epoch 41 - iter 12/13 - loss 0.45891948 - time (sec): 3.10 - samples/sec: 2763.37 - lr: 0.100000 - momentum: 0.000000
2025-12-22 20:54:49,226 epoch 41 - iter 13/13 - loss 0.46163281 - time (sec): 3.30 - samples/sec: 2802.21 - lr: 0.100000 - momentum: 0.000000
2025-12-22 20:54:49,227 ----------------------------------------------------------------------------------------------------
2025-12-22 20:54:49,227 EPOCH 41 done: loss 0.4616 - lr: 0.100000
2025-12-22 20:54:49,741 DEV : loss 0.4511502683162689 - f1-score (micro avg)  0.8619
2025-12-22 20:54:49,742  - 0 epochs without improvement
2025-12-22 20:54:49,742 ----------------------------------------------------------------------------------------------------
2025-12-22 20:54:49,965 epoch 42 - iter 1/13 - loss 0.41692522 - time (sec): 0.22 - samples/sec: 3372.89 - lr: 0.100000 - momentum: 0.000000
2025-12-22 20:54:50,282 epoch 42 - iter 2/13 - loss 0.39254038 - time (sec): 0.54 - samples/sec: 2687.56 - lr: 0.100000 - momentum: 0.000000
2025-12-22 20:54:50,497 epoch 42 - iter 3/13 - loss 0.40015427 - time (sec): 0.75 - samples/sec: 2910.63 - lr: 0.100000 - momentum: 0.000000
2025-12-22 20:54:50,784 epoch 42 - iter 4/13 - loss 0.40408534 - time (sec): 1.04 - samples/sec: 2860.46 - lr: 0.100000 - momentum: 0.000000
2025-12-22 20:54:51,036 epoch 42 - iter 5/13 - loss 0.41681957 - time (sec): 1.29 - samples/sec: 2859.35 - lr: 0.100000 - momentum: 0.000000
2025-12-22 20:54:51,401 epoch 42 - iter 6/13 - loss 0.41647832 - time (sec): 1.66 - samples/sec: 2657.96 - lr: 0.100000 - momentum: 0.000000
2025-12-22 20:54:51,609 epoch 42 - iter 7/13 - loss 0.41196177 - time (sec): 1.87 - samples/sec: 2658.63 - lr: 0.100000 - momentum: 0.000000
2025-12-22 20:54:52,008 epoch 42 - iter 8/13 - loss 0.42050912 - time (sec): 2.27 - samples/sec: 2565.36 - lr: 0.100000 - momentum: 0.000000
2025-12-22 20:54:52,252 epoch 42 - iter 9/13 - loss 0.42802522 - time (sec): 2.51 - samples/sec: 2620.44 - lr: 0.100000 - momentum: 0.000000
2025-12-22 20:54:52,452 epoch 42 - iter 10/13 - loss 0.43321907 - time (sec): 2.71 - samples/sec: 2690.72 - lr: 0.100000 - momentum: 0.000000
2025-12-22 20:54:52,664 epoch 42 - iter 11/13 - loss 0.43148461 - time (sec): 2.92 - samples/sec: 2732.16 - lr: 0.100000 - momentum: 0.000000
2025-12-22 20:54:52,910 epoch 42 - iter 12/13 - loss 0.43190740 - time (sec): 3.17 - samples/sec: 2727.86 - lr: 0.100000 - momentum: 0.000000
2025-12-22 20:54:53,262 epoch 42 - iter 13/13 - loss 0.43100300 - time (sec): 3.52 - samples/sec: 2626.36 - lr: 0.100000 - momentum: 0.000000
2025-12-22 20:54:53,262 ----------------------------------------------------------------------------------------------------
2025-12-22 20:54:53,262 EPOCH 42 done: loss 0.4310 - lr: 0.100000
2025-12-22 20:54:53,670 DEV : loss 0.449596107006073 - f1-score (micro avg)  0.8658
2025-12-22 20:54:53,671  - 0 epochs without improvement
2025-12-22 20:54:53,672 saving best model
2025-12-22 20:54:53,684 ----------------------------------------------------------------------------------------------------
2025-12-22 20:54:53,906 epoch 43 - iter 1/13 - loss 0.36506228 - time (sec): 0.22 - samples/sec: 3226.89 - lr: 0.100000 - momentum: 0.000000
2025-12-22 20:54:54,125 epoch 43 - iter 2/13 - loss 0.37438848 - time (sec): 0.44 - samples/sec: 3076.22 - lr: 0.100000 - momentum: 0.000000
2025-12-22 20:54:54,539 epoch 43 - iter 3/13 - loss 0.40870795 - time (sec): 0.85 - samples/sec: 2588.31 - lr: 0.100000 - momentum: 0.000000
2025-12-22 20:54:54,786 epoch 43 - iter 4/13 - loss 0.42253104 - time (sec): 1.10 - samples/sec: 2656.49 - lr: 0.100000 - momentum: 0.000000
2025-12-22 20:54:55,185 epoch 43 - iter 5/13 - loss 0.42867617 - time (sec): 1.50 - samples/sec: 2414.04 - lr: 0.100000 - momentum: 0.000000
2025-12-22 20:54:55,389 epoch 43 - iter 6/13 - loss 0.43134856 - time (sec): 1.71 - samples/sec: 2530.62 - lr: 0.100000 - momentum: 0.000000
2025-12-22 20:54:55,612 epoch 43 - iter 7/13 - loss 0.43873140 - time (sec): 1.93 - samples/sec: 2570.24 - lr: 0.100000 - momentum: 0.000000
2025-12-22 20:54:55,878 epoch 43 - iter 8/13 - loss 0.43397791 - time (sec): 2.19 - samples/sec: 2603.38 - lr: 0.100000 - momentum: 0.000000
2025-12-22 20:54:56,208 epoch 43 - iter 9/13 - loss 0.43321141 - time (sec): 2.52 - samples/sec: 2597.11 - lr: 0.100000 - momentum: 0.000000
2025-12-22 20:54:56,490 epoch 43 - iter 10/13 - loss 0.42498791 - time (sec): 2.81 - samples/sec: 2610.88 - lr: 0.100000 - momentum: 0.000000
2025-12-22 20:54:56,744 epoch 43 - iter 11/13 - loss 0.43053794 - time (sec): 3.06 - samples/sec: 2607.83 - lr: 0.100000 - momentum: 0.000000
2025-12-22 20:54:56,994 epoch 43 - iter 12/13 - loss 0.43223340 - time (sec): 3.31 - samples/sec: 2653.91 - lr: 0.100000 - momentum: 0.000000
2025-12-22 20:54:57,150 epoch 43 - iter 13/13 - loss 0.43172462 - time (sec): 3.47 - samples/sec: 2666.56 - lr: 0.100000 - momentum: 0.000000
2025-12-22 20:54:57,151 ----------------------------------------------------------------------------------------------------
2025-12-22 20:54:57,151 EPOCH 43 done: loss 0.4317 - lr: 0.100000
2025-12-22 20:54:57,536 DEV : loss 0.43774551153182983 - f1-score (micro avg)  0.8656
2025-12-22 20:54:57,536  - 1 epochs without improvement
2025-12-22 20:54:57,537 ----------------------------------------------------------------------------------------------------
2025-12-22 20:54:57,737 epoch 44 - iter 1/13 - loss 0.37688977 - time (sec): 0.20 - samples/sec: 3541.49 - lr: 0.100000 - momentum: 0.000000
2025-12-22 20:54:58,246 epoch 44 - iter 2/13 - loss 0.38716808 - time (sec): 0.71 - samples/sec: 2016.55 - lr: 0.100000 - momentum: 0.000000
2025-12-22 20:54:58,471 epoch 44 - iter 3/13 - loss 0.41902537 - time (sec): 0.93 - samples/sec: 2369.68 - lr: 0.100000 - momentum: 0.000000
2025-12-22 20:54:58,808 epoch 44 - iter 4/13 - loss 0.40765862 - time (sec): 1.27 - samples/sec: 2296.04 - lr: 0.100000 - momentum: 0.000000
2025-12-22 20:54:59,055 epoch 44 - iter 5/13 - loss 0.40261600 - time (sec): 1.52 - samples/sec: 2362.33 - lr: 0.100000 - momentum: 0.000000
2025-12-22 20:54:59,323 epoch 44 - iter 6/13 - loss 0.39913551 - time (sec): 1.79 - samples/sec: 2358.90 - lr: 0.100000 - momentum: 0.000000
2025-12-22 20:54:59,670 epoch 44 - iter 7/13 - loss 0.40644867 - time (sec): 2.13 - samples/sec: 2303.11 - lr: 0.100000 - momentum: 0.000000
2025-12-22 20:54:59,984 epoch 44 - iter 8/13 - loss 0.40302328 - time (sec): 2.45 - samples/sec: 2276.91 - lr: 0.100000 - momentum: 0.000000
2025-12-22 20:55:00,232 epoch 44 - iter 9/13 - loss 0.40739340 - time (sec): 2.70 - samples/sec: 2327.05 - lr: 0.100000 - momentum: 0.000000
2025-12-22 20:55:00,393 epoch 44 - iter 10/13 - loss 0.40766077 - time (sec): 2.86 - samples/sec: 2434.60 - lr: 0.100000 - momentum: 0.000000
2025-12-22 20:55:00,821 epoch 44 - iter 11/13 - loss 0.40655477 - time (sec): 3.28 - samples/sec: 2419.20 - lr: 0.100000 - momentum: 0.000000
2025-12-22 20:55:01,063 epoch 44 - iter 12/13 - loss 0.40687823 - time (sec): 3.53 - samples/sec: 2452.08 - lr: 0.100000 - momentum: 0.000000
2025-12-22 20:55:01,245 epoch 44 - iter 13/13 - loss 0.40751320 - time (sec): 3.71 - samples/sec: 2492.54 - lr: 0.100000 - momentum: 0.000000
2025-12-22 20:55:01,245 ----------------------------------------------------------------------------------------------------
2025-12-22 20:55:01,245 EPOCH 44 done: loss 0.4075 - lr: 0.100000
2025-12-22 20:55:01,663 DEV : loss 0.4433204233646393 - f1-score (micro avg)  0.8644
2025-12-22 20:55:01,664  - 2 epochs without improvement
2025-12-22 20:55:01,664 ----------------------------------------------------------------------------------------------------
2025-12-22 20:55:01,994 epoch 45 - iter 1/13 - loss 0.35795509 - time (sec): 0.33 - samples/sec: 2208.01 - lr: 0.100000 - momentum: 0.000000
2025-12-22 20:55:02,235 epoch 45 - iter 2/13 - loss 0.35500429 - time (sec): 0.57 - samples/sec: 2584.91 - lr: 0.100000 - momentum: 0.000000
2025-12-22 20:55:02,522 epoch 45 - iter 3/13 - loss 0.34926316 - time (sec): 0.86 - samples/sec: 2603.83 - lr: 0.100000 - momentum: 0.000000
2025-12-22 20:55:03,002 epoch 45 - iter 4/13 - loss 0.37125045 - time (sec): 1.34 - samples/sec: 2249.94 - lr: 0.100000 - momentum: 0.000000
2025-12-22 20:55:03,190 epoch 45 - iter 5/13 - loss 0.37587153 - time (sec): 1.53 - samples/sec: 2386.50 - lr: 0.100000 - momentum: 0.000000
2025-12-22 20:55:03,430 epoch 45 - iter 6/13 - loss 0.38764628 - time (sec): 1.77 - samples/sec: 2458.92 - lr: 0.100000 - momentum: 0.000000
2025-12-22 20:55:03,748 epoch 45 - iter 7/13 - loss 0.39732706 - time (sec): 2.08 - samples/sec: 2411.61 - lr: 0.100000 - momentum: 0.000000
2025-12-22 20:55:03,893 epoch 45 - iter 8/13 - loss 0.39535366 - time (sec): 2.23 - samples/sec: 2501.80 - lr: 0.100000 - momentum: 0.000000
2025-12-22 20:55:04,295 epoch 45 - iter 9/13 - loss 0.39666956 - time (sec): 2.63 - samples/sec: 2408.20 - lr: 0.100000 - momentum: 0.000000
2025-12-22 20:55:04,515 epoch 45 - iter 10/13 - loss 0.39601035 - time (sec): 2.85 - samples/sec: 2475.78 - lr: 0.100000 - momentum: 0.000000
2025-12-22 20:55:04,958 epoch 45 - iter 11/13 - loss 0.39981463 - time (sec): 3.29 - samples/sec: 2378.13 - lr: 0.100000 - momentum: 0.000000
2025-12-22 20:55:05,221 epoch 45 - iter 12/13 - loss 0.39993521 - time (sec): 3.56 - samples/sec: 2389.15 - lr: 0.100000 - momentum: 0.000000
2025-12-22 20:55:05,478 epoch 45 - iter 13/13 - loss 0.39791921 - time (sec): 3.81 - samples/sec: 2423.67 - lr: 0.100000 - momentum: 0.000000
2025-12-22 20:55:05,478 ----------------------------------------------------------------------------------------------------
2025-12-22 20:55:05,478 EPOCH 45 done: loss 0.3979 - lr: 0.100000
2025-12-22 20:55:06,182 DEV : loss 0.4260801672935486 - f1-score (micro avg)  0.8689
2025-12-22 20:55:06,183  - 0 epochs without improvement
2025-12-22 20:55:06,184 saving best model
2025-12-22 20:55:06,198 ----------------------------------------------------------------------------------------------------
2025-12-22 20:55:06,605 epoch 46 - iter 1/13 - loss 0.36242173 - time (sec): 0.41 - samples/sec: 2029.03 - lr: 0.100000 - momentum: 0.000000
2025-12-22 20:55:06,911 epoch 46 - iter 2/13 - loss 0.35405430 - time (sec): 0.71 - samples/sec: 2012.21 - lr: 0.100000 - momentum: 0.000000
2025-12-22 20:55:07,175 epoch 46 - iter 3/13 - loss 0.37924524 - time (sec): 0.98 - samples/sec: 2275.36 - lr: 0.100000 - momentum: 0.000000
2025-12-22 20:55:07,394 epoch 46 - iter 4/13 - loss 0.38510550 - time (sec): 1.20 - samples/sec: 2425.50 - lr: 0.100000 - momentum: 0.000000
2025-12-22 20:55:07,576 epoch 46 - iter 5/13 - loss 0.38477156 - time (sec): 1.38 - samples/sec: 2566.56 - lr: 0.100000 - momentum: 0.000000
2025-12-22 20:55:08,001 epoch 46 - iter 6/13 - loss 0.37675404 - time (sec): 1.80 - samples/sec: 2426.00 - lr: 0.100000 - momentum: 0.000000
2025-12-22 20:55:08,248 epoch 46 - iter 7/13 - loss 0.38429836 - time (sec): 2.05 - samples/sec: 2493.33 - lr: 0.100000 - momentum: 0.000000
2025-12-22 20:55:08,495 epoch 46 - iter 8/13 - loss 0.38487017 - time (sec): 2.30 - samples/sec: 2523.37 - lr: 0.100000 - momentum: 0.000000
2025-12-22 20:55:08,702 epoch 46 - iter 9/13 - loss 0.39082758 - time (sec): 2.50 - samples/sec: 2585.38 - lr: 0.100000 - momentum: 0.000000
2025-12-22 20:55:08,900 epoch 46 - iter 10/13 - loss 0.39275137 - time (sec): 2.70 - samples/sec: 2637.34 - lr: 0.100000 - momentum: 0.000000
2025-12-22 20:55:09,136 epoch 46 - iter 11/13 - loss 0.39815929 - time (sec): 2.94 - samples/sec: 2670.63 - lr: 0.100000 - momentum: 0.000000
2025-12-22 20:55:09,376 epoch 46 - iter 12/13 - loss 0.39633274 - time (sec): 3.18 - samples/sec: 2701.22 - lr: 0.100000 - momentum: 0.000000
2025-12-22 20:55:09,631 epoch 46 - iter 13/13 - loss 0.39562049 - time (sec): 3.43 - samples/sec: 2692.34 - lr: 0.100000 - momentum: 0.000000
2025-12-22 20:55:09,631 ----------------------------------------------------------------------------------------------------
2025-12-22 20:55:09,631 EPOCH 46 done: loss 0.3956 - lr: 0.100000
2025-12-22 20:55:10,063 DEV : loss 0.44375696778297424 - f1-score (micro avg)  0.865
2025-12-22 20:55:10,063  - 1 epochs without improvement
2025-12-22 20:55:10,064 ----------------------------------------------------------------------------------------------------
2025-12-22 20:55:10,272 epoch 47 - iter 1/13 - loss 0.41940685 - time (sec): 0.21 - samples/sec: 3072.13 - lr: 0.100000 - momentum: 0.000000
2025-12-22 20:55:10,519 epoch 47 - iter 2/13 - loss 0.35344411 - time (sec): 0.45 - samples/sec: 3392.71 - lr: 0.100000 - momentum: 0.000000
2025-12-22 20:55:10,722 epoch 47 - iter 3/13 - loss 0.36387928 - time (sec): 0.66 - samples/sec: 3385.77 - lr: 0.100000 - momentum: 0.000000
2025-12-22 20:55:10,920 epoch 47 - iter 4/13 - loss 0.36036087 - time (sec): 0.86 - samples/sec: 3431.88 - lr: 0.100000 - momentum: 0.000000
2025-12-22 20:55:11,176 epoch 47 - iter 5/13 - loss 0.36212943 - time (sec): 1.11 - samples/sec: 3257.41 - lr: 0.100000 - momentum: 0.000000
2025-12-22 20:55:11,548 epoch 47 - iter 6/13 - loss 0.36337749 - time (sec): 1.48 - samples/sec: 2928.92 - lr: 0.100000 - momentum: 0.000000
2025-12-22 20:55:11,793 epoch 47 - iter 7/13 - loss 0.37170796 - time (sec): 1.73 - samples/sec: 2948.26 - lr: 0.100000 - momentum: 0.000000
2025-12-22 20:55:12,135 epoch 47 - iter 8/13 - loss 0.37333673 - time (sec): 2.07 - samples/sec: 2816.16 - lr: 0.100000 - momentum: 0.000000
2025-12-22 20:55:12,543 epoch 47 - iter 9/13 - loss 0.38282936 - time (sec): 2.48 - samples/sec: 2641.09 - lr: 0.100000 - momentum: 0.000000
2025-12-22 20:55:12,789 epoch 47 - iter 10/13 - loss 0.38436516 - time (sec): 2.73 - samples/sec: 2654.39 - lr: 0.100000 - momentum: 0.000000
2025-12-22 20:55:12,979 epoch 47 - iter 11/13 - loss 0.38583611 - time (sec): 2.92 - samples/sec: 2716.27 - lr: 0.100000 - momentum: 0.000000
2025-12-22 20:55:13,457 epoch 47 - iter 12/13 - loss 0.39023091 - time (sec): 3.39 - samples/sec: 2552.88 - lr: 0.100000 - momentum: 0.000000
2025-12-22 20:55:13,664 epoch 47 - iter 13/13 - loss 0.39191002 - time (sec): 3.60 - samples/sec: 2567.41 - lr: 0.100000 - momentum: 0.000000
2025-12-22 20:55:13,665 ----------------------------------------------------------------------------------------------------
2025-12-22 20:55:13,665 EPOCH 47 done: loss 0.3919 - lr: 0.100000
2025-12-22 20:55:14,236 DEV : loss 0.4259108901023865 - f1-score (micro avg)  0.8687
2025-12-22 20:55:14,237  - 2 epochs without improvement
2025-12-22 20:55:14,238 ----------------------------------------------------------------------------------------------------
2025-12-22 20:55:14,484 epoch 48 - iter 1/13 - loss 0.33152803 - time (sec): 0.25 - samples/sec: 2924.02 - lr: 0.100000 - momentum: 0.000000
2025-12-22 20:55:14,684 epoch 48 - iter 2/13 - loss 0.32830385 - time (sec): 0.45 - samples/sec: 3089.83 - lr: 0.100000 - momentum: 0.000000
2025-12-22 20:55:14,932 epoch 48 - iter 3/13 - loss 0.32963626 - time (sec): 0.69 - samples/sec: 3063.84 - lr: 0.100000 - momentum: 0.000000
2025-12-22 20:55:15,141 epoch 48 - iter 4/13 - loss 0.34744445 - time (sec): 0.90 - samples/sec: 3049.97 - lr: 0.100000 - momentum: 0.000000
2025-12-22 20:55:15,371 epoch 48 - iter 5/13 - loss 0.34451980 - time (sec): 1.13 - samples/sec: 3131.71 - lr: 0.100000 - momentum: 0.000000
2025-12-22 20:55:15,580 epoch 48 - iter 6/13 - loss 0.35103764 - time (sec): 1.34 - samples/sec: 3133.65 - lr: 0.100000 - momentum: 0.000000
2025-12-22 20:55:15,940 epoch 48 - iter 7/13 - loss 0.34736190 - time (sec): 1.70 - samples/sec: 2912.14 - lr: 0.100000 - momentum: 0.000000
2025-12-22 20:55:16,338 epoch 48 - iter 8/13 - loss 0.36069415 - time (sec): 2.10 - samples/sec: 2661.09 - lr: 0.100000 - momentum: 0.000000
2025-12-22 20:55:16,560 epoch 48 - iter 9/13 - loss 0.36943956 - time (sec): 2.32 - samples/sec: 2734.02 - lr: 0.100000 - momentum: 0.000000
2025-12-22 20:55:16,956 epoch 48 - iter 10/13 - loss 0.36512364 - time (sec): 2.72 - samples/sec: 2628.27 - lr: 0.100000 - momentum: 0.000000
2025-12-22 20:55:17,173 epoch 48 - iter 11/13 - loss 0.36851878 - time (sec): 2.93 - samples/sec: 2664.77 - lr: 0.100000 - momentum: 0.000000
2025-12-22 20:55:17,461 epoch 48 - iter 12/13 - loss 0.37010950 - time (sec): 3.22 - samples/sec: 2662.30 - lr: 0.100000 - momentum: 0.000000
2025-12-22 20:55:17,672 epoch 48 - iter 13/13 - loss 0.37494511 - time (sec): 3.43 - samples/sec: 2691.66 - lr: 0.100000 - momentum: 0.000000
2025-12-22 20:55:17,672 ----------------------------------------------------------------------------------------------------
2025-12-22 20:55:17,673 EPOCH 48 done: loss 0.3749 - lr: 0.100000
2025-12-22 20:55:18,109 DEV : loss 0.43708106875419617 - f1-score (micro avg)  0.867
2025-12-22 20:55:18,110  - 3 epochs without improvement
2025-12-22 20:55:18,111 ----------------------------------------------------------------------------------------------------
2025-12-22 20:55:18,332 epoch 49 - iter 1/13 - loss 0.37101821 - time (sec): 0.22 - samples/sec: 2840.90 - lr: 0.100000 - momentum: 0.000000
2025-12-22 20:55:18,519 epoch 49 - iter 2/13 - loss 0.37178268 - time (sec): 0.41 - samples/sec: 2954.57 - lr: 0.100000 - momentum: 0.000000
2025-12-22 20:55:18,771 epoch 49 - iter 3/13 - loss 0.38421878 - time (sec): 0.66 - samples/sec: 2916.30 - lr: 0.100000 - momentum: 0.000000
2025-12-22 20:55:19,112 epoch 49 - iter 4/13 - loss 0.36319153 - time (sec): 1.00 - samples/sec: 2553.81 - lr: 0.100000 - momentum: 0.000000
2025-12-22 20:55:19,372 epoch 49 - iter 5/13 - loss 0.36044239 - time (sec): 1.26 - samples/sec: 2561.13 - lr: 0.100000 - momentum: 0.000000
2025-12-22 20:55:19,621 epoch 49 - iter 6/13 - loss 0.36525615 - time (sec): 1.51 - samples/sec: 2658.81 - lr: 0.100000 - momentum: 0.000000
2025-12-22 20:55:20,031 epoch 49 - iter 7/13 - loss 0.36456821 - time (sec): 1.92 - samples/sec: 2549.96 - lr: 0.100000 - momentum: 0.000000
2025-12-22 20:55:20,244 epoch 49 - iter 8/13 - loss 0.36685572 - time (sec): 2.13 - samples/sec: 2619.55 - lr: 0.100000 - momentum: 0.000000
2025-12-22 20:55:20,453 epoch 49 - iter 9/13 - loss 0.36514294 - time (sec): 2.34 - samples/sec: 2686.26 - lr: 0.100000 - momentum: 0.000000
2025-12-22 20:55:20,684 epoch 49 - iter 10/13 - loss 0.36310648 - time (sec): 2.57 - samples/sec: 2721.43 - lr: 0.100000 - momentum: 0.000000
2025-12-22 20:55:20,922 epoch 49 - iter 11/13 - loss 0.36761302 - time (sec): 2.81 - samples/sec: 2759.26 - lr: 0.100000 - momentum: 0.000000
2025-12-22 20:55:21,274 epoch 49 - iter 12/13 - loss 0.36733165 - time (sec): 3.16 - samples/sec: 2737.56 - lr: 0.100000 - momentum: 0.000000
2025-12-22 20:55:21,594 epoch 49 - iter 13/13 - loss 0.36762612 - time (sec): 3.48 - samples/sec: 2653.46 - lr: 0.100000 - momentum: 0.000000
2025-12-22 20:55:21,595 ----------------------------------------------------------------------------------------------------
2025-12-22 20:55:21,595 EPOCH 49 done: loss 0.3676 - lr: 0.100000
2025-12-22 20:55:22,533 DEV : loss 0.4147413969039917 - f1-score (micro avg)  0.8737
2025-12-22 20:55:22,534  - 0 epochs without improvement
2025-12-22 20:55:22,534 saving best model
2025-12-22 20:55:22,551 ----------------------------------------------------------------------------------------------------
2025-12-22 20:55:22,818 epoch 50 - iter 1/13 - loss 0.34602295 - time (sec): 0.27 - samples/sec: 2888.20 - lr: 0.100000 - momentum: 0.000000
2025-12-22 20:55:23,036 epoch 50 - iter 2/13 - loss 0.32986826 - time (sec): 0.48 - samples/sec: 3100.34 - lr: 0.100000 - momentum: 0.000000
2025-12-22 20:55:23,615 epoch 50 - iter 3/13 - loss 0.34006260 - time (sec): 1.06 - samples/sec: 2078.48 - lr: 0.100000 - momentum: 0.000000
2025-12-22 20:55:23,863 epoch 50 - iter 4/13 - loss 0.33905337 - time (sec): 1.31 - samples/sec: 2193.84 - lr: 0.100000 - momentum: 0.000000
2025-12-22 20:55:24,088 epoch 50 - iter 5/13 - loss 0.34493408 - time (sec): 1.54 - samples/sec: 2311.57 - lr: 0.100000 - momentum: 0.000000
2025-12-22 20:55:24,430 epoch 50 - iter 6/13 - loss 0.34598707 - time (sec): 1.88 - samples/sec: 2321.66 - lr: 0.100000 - momentum: 0.000000
2025-12-22 20:55:24,623 epoch 50 - iter 7/13 - loss 0.35288885 - time (sec): 2.07 - samples/sec: 2392.27 - lr: 0.100000 - momentum: 0.000000
2025-12-22 20:55:25,039 epoch 50 - iter 8/13 - loss 0.35488678 - time (sec): 2.49 - samples/sec: 2304.65 - lr: 0.100000 - momentum: 0.000000
2025-12-22 20:55:25,258 epoch 50 - iter 9/13 - loss 0.35697791 - time (sec): 2.71 - samples/sec: 2364.93 - lr: 0.100000 - momentum: 0.000000
2025-12-22 20:55:25,437 epoch 50 - iter 10/13 - loss 0.35728886 - time (sec): 2.89 - samples/sec: 2453.63 - lr: 0.100000 - momentum: 0.000000
2025-12-22 20:55:25,801 epoch 50 - iter 11/13 - loss 0.35839458 - time (sec): 3.25 - samples/sec: 2454.05 - lr: 0.100000 - momentum: 0.000000
2025-12-22 20:55:26,017 epoch 50 - iter 12/13 - loss 0.35746456 - time (sec): 3.47 - samples/sec: 2511.57 - lr: 0.100000 - momentum: 0.000000
2025-12-22 20:55:26,242 epoch 50 - iter 13/13 - loss 0.35851376 - time (sec): 3.69 - samples/sec: 2504.51 - lr: 0.100000 - momentum: 0.000000
2025-12-22 20:55:26,242 ----------------------------------------------------------------------------------------------------
2025-12-22 20:55:26,242 EPOCH 50 done: loss 0.3585 - lr: 0.100000
2025-12-22 20:55:26,675 DEV : loss 0.4229529798030853 - f1-score (micro avg)  0.8684
2025-12-22 20:55:26,676  - 1 epochs without improvement
2025-12-22 20:55:26,677 ----------------------------------------------------------------------------------------------------
2025-12-22 20:55:26,868 epoch 51 - iter 1/13 - loss 0.36242087 - time (sec): 0.19 - samples/sec: 3257.87 - lr: 0.100000 - momentum: 0.000000
2025-12-22 20:55:27,243 epoch 51 - iter 2/13 - loss 0.35219716 - time (sec): 0.57 - samples/sec: 2405.15 - lr: 0.100000 - momentum: 0.000000
2025-12-22 20:55:27,564 epoch 51 - iter 3/13 - loss 0.34983682 - time (sec): 0.89 - samples/sec: 2455.57 - lr: 0.100000 - momentum: 0.000000
2025-12-22 20:55:27,772 epoch 51 - iter 4/13 - loss 0.35798198 - time (sec): 1.09 - samples/sec: 2589.19 - lr: 0.100000 - momentum: 0.000000
2025-12-22 20:55:28,108 epoch 51 - iter 5/13 - loss 0.35620843 - time (sec): 1.43 - samples/sec: 2490.79 - lr: 0.100000 - momentum: 0.000000
2025-12-22 20:55:28,348 epoch 51 - iter 6/13 - loss 0.35455124 - time (sec): 1.67 - samples/sec: 2547.49 - lr: 0.100000 - momentum: 0.000000
2025-12-22 20:55:28,591 epoch 51 - iter 7/13 - loss 0.36123448 - time (sec): 1.91 - samples/sec: 2604.60 - lr: 0.100000 - momentum: 0.000000
2025-12-22 20:55:28,792 epoch 51 - iter 8/13 - loss 0.35798359 - time (sec): 2.12 - samples/sec: 2659.46 - lr: 0.100000 - momentum: 0.000000
2025-12-22 20:55:29,029 epoch 51 - iter 9/13 - loss 0.35636384 - time (sec): 2.35 - samples/sec: 2688.45 - lr: 0.100000 - momentum: 0.000000
2025-12-22 20:55:29,284 epoch 51 - iter 10/13 - loss 0.35326467 - time (sec): 2.61 - samples/sec: 2709.14 - lr: 0.100000 - momentum: 0.000000
2025-12-22 20:55:29,499 epoch 51 - iter 11/13 - loss 0.35440680 - time (sec): 2.82 - samples/sec: 2751.80 - lr: 0.100000 - momentum: 0.000000
2025-12-22 20:55:29,918 epoch 51 - iter 12/13 - loss 0.35876743 - time (sec): 3.24 - samples/sec: 2665.79 - lr: 0.100000 - momentum: 0.000000
2025-12-22 20:55:30,089 epoch 51 - iter 13/13 - loss 0.35483858 - time (sec): 3.41 - samples/sec: 2708.96 - lr: 0.100000 - momentum: 0.000000
2025-12-22 20:55:30,089 ----------------------------------------------------------------------------------------------------
2025-12-22 20:55:30,089 EPOCH 51 done: loss 0.3548 - lr: 0.100000
2025-12-22 20:55:30,458 DEV : loss 0.4213530123233795 - f1-score (micro avg)  0.8749
2025-12-22 20:55:30,459  - 0 epochs without improvement
2025-12-22 20:55:30,459 saving best model
2025-12-22 20:55:30,470 ----------------------------------------------------------------------------------------------------
2025-12-22 20:55:30,644 epoch 52 - iter 1/13 - loss 0.30637921 - time (sec): 0.17 - samples/sec: 3727.47 - lr: 0.100000 - momentum: 0.000000
2025-12-22 20:55:30,833 epoch 52 - iter 2/13 - loss 0.33563773 - time (sec): 0.36 - samples/sec: 3762.98 - lr: 0.100000 - momentum: 0.000000
2025-12-22 20:55:30,972 epoch 52 - iter 3/13 - loss 0.33362561 - time (sec): 0.50 - samples/sec: 3919.88 - lr: 0.100000 - momentum: 0.000000
2025-12-22 20:55:31,407 epoch 52 - iter 4/13 - loss 0.35548187 - time (sec): 0.94 - samples/sec: 3017.17 - lr: 0.100000 - momentum: 0.000000
2025-12-22 20:55:31,583 epoch 52 - iter 5/13 - loss 0.35944610 - time (sec): 1.11 - samples/sec: 3159.10 - lr: 0.100000 - momentum: 0.000000
2025-12-22 20:55:31,888 epoch 52 - iter 6/13 - loss 0.35086538 - time (sec): 1.42 - samples/sec: 3013.27 - lr: 0.100000 - momentum: 0.000000
2025-12-22 20:55:32,250 epoch 52 - iter 7/13 - loss 0.34997869 - time (sec): 1.78 - samples/sec: 2803.71 - lr: 0.100000 - momentum: 0.000000
2025-12-22 20:55:32,461 epoch 52 - iter 8/13 - loss 0.35582421 - time (sec): 1.99 - samples/sec: 2867.68 - lr: 0.100000 - momentum: 0.000000
2025-12-22 20:55:32,682 epoch 52 - iter 9/13 - loss 0.35721211 - time (sec): 2.21 - samples/sec: 2927.81 - lr: 0.100000 - momentum: 0.000000
2025-12-22 20:55:32,896 epoch 52 - iter 10/13 - loss 0.35091766 - time (sec): 2.43 - samples/sec: 2984.06 - lr: 0.100000 - momentum: 0.000000
2025-12-22 20:55:33,098 epoch 52 - iter 11/13 - loss 0.35052465 - time (sec): 2.63 - samples/sec: 2998.40 - lr: 0.100000 - momentum: 0.000000
2025-12-22 20:55:33,382 epoch 52 - iter 12/13 - loss 0.34828442 - time (sec): 2.91 - samples/sec: 2933.17 - lr: 0.100000 - momentum: 0.000000
2025-12-22 20:55:33,575 epoch 52 - iter 13/13 - loss 0.35045170 - time (sec): 3.10 - samples/sec: 2976.95 - lr: 0.100000 - momentum: 0.000000
2025-12-22 20:55:33,575 ----------------------------------------------------------------------------------------------------
2025-12-22 20:55:33,575 EPOCH 52 done: loss 0.3505 - lr: 0.100000
2025-12-22 20:55:33,975 DEV : loss 0.4163690507411957 - f1-score (micro avg)  0.8746
2025-12-22 20:55:33,976  - 1 epochs without improvement
2025-12-22 20:55:33,976 ----------------------------------------------------------------------------------------------------
2025-12-22 20:55:34,155 epoch 53 - iter 1/13 - loss 0.31199504 - time (sec): 0.18 - samples/sec: 2954.68 - lr: 0.100000 - momentum: 0.000000
2025-12-22 20:55:34,519 epoch 53 - iter 2/13 - loss 0.36646308 - time (sec): 0.54 - samples/sec: 2471.89 - lr: 0.100000 - momentum: 0.000000
2025-12-22 20:55:34,699 epoch 53 - iter 3/13 - loss 0.35298208 - time (sec): 0.72 - samples/sec: 2657.01 - lr: 0.100000 - momentum: 0.000000
2025-12-22 20:55:34,895 epoch 53 - iter 4/13 - loss 0.36131643 - time (sec): 0.92 - samples/sec: 2772.56 - lr: 0.100000 - momentum: 0.000000
2025-12-22 20:55:35,068 epoch 53 - iter 5/13 - loss 0.36045686 - time (sec): 1.09 - samples/sec: 2939.39 - lr: 0.100000 - momentum: 0.000000
2025-12-22 20:55:35,374 epoch 53 - iter 6/13 - loss 0.35951044 - time (sec): 1.40 - samples/sec: 2855.93 - lr: 0.100000 - momentum: 0.000000
2025-12-22 20:55:35,518 epoch 53 - iter 7/13 - loss 0.36930026 - time (sec): 1.54 - samples/sec: 3037.61 - lr: 0.100000 - momentum: 0.000000
2025-12-22 20:55:35,713 epoch 53 - iter 8/13 - loss 0.36309917 - time (sec): 1.74 - samples/sec: 3094.14 - lr: 0.100000 - momentum: 0.000000
2025-12-22 20:55:35,937 epoch 53 - iter 9/13 - loss 0.36035188 - time (sec): 1.96 - samples/sec: 3143.04 - lr: 0.100000 - momentum: 0.000000
2025-12-22 20:55:36,128 epoch 53 - iter 10/13 - loss 0.36060278 - time (sec): 2.15 - samples/sec: 3189.99 - lr: 0.100000 - momentum: 0.000000
2025-12-22 20:55:36,350 epoch 53 - iter 11/13 - loss 0.35807765 - time (sec): 2.37 - samples/sec: 3219.63 - lr: 0.100000 - momentum: 0.000000
2025-12-22 20:55:36,662 epoch 53 - iter 12/13 - loss 0.35358697 - time (sec): 2.69 - samples/sec: 3137.09 - lr: 0.100000 - momentum: 0.000000
2025-12-22 20:55:37,014 epoch 53 - iter 13/13 - loss 0.35524371 - time (sec): 3.04 - samples/sec: 3043.16 - lr: 0.100000 - momentum: 0.000000
2025-12-22 20:55:37,014 ----------------------------------------------------------------------------------------------------
2025-12-22 20:55:37,014 EPOCH 53 done: loss 0.3552 - lr: 0.100000
2025-12-22 20:55:37,392 DEV : loss 0.4016515016555786 - f1-score (micro avg)  0.8811
2025-12-22 20:55:37,393  - 0 epochs without improvement
2025-12-22 20:55:37,393 saving best model
2025-12-22 20:55:37,403 ----------------------------------------------------------------------------------------------------
2025-12-22 20:55:37,599 epoch 54 - iter 1/13 - loss 0.30873326 - time (sec): 0.20 - samples/sec: 3833.14 - lr: 0.100000 - momentum: 0.000000
2025-12-22 20:55:37,973 epoch 54 - iter 2/13 - loss 0.32677293 - time (sec): 0.57 - samples/sec: 2929.05 - lr: 0.100000 - momentum: 0.000000
2025-12-22 20:55:38,190 epoch 54 - iter 3/13 - loss 0.34276130 - time (sec): 0.79 - samples/sec: 3019.14 - lr: 0.100000 - momentum: 0.000000
2025-12-22 20:55:38,346 epoch 54 - iter 4/13 - loss 0.34350452 - time (sec): 0.94 - samples/sec: 3289.67 - lr: 0.100000 - momentum: 0.000000
2025-12-22 20:55:38,548 epoch 54 - iter 5/13 - loss 0.34695484 - time (sec): 1.14 - samples/sec: 3294.97 - lr: 0.100000 - momentum: 0.000000
2025-12-22 20:55:38,752 epoch 54 - iter 6/13 - loss 0.34619706 - time (sec): 1.35 - samples/sec: 3328.56 - lr: 0.100000 - momentum: 0.000000
2025-12-22 20:55:38,924 epoch 54 - iter 7/13 - loss 0.35246217 - time (sec): 1.52 - samples/sec: 3379.38 - lr: 0.100000 - momentum: 0.000000
2025-12-22 20:55:39,172 epoch 54 - iter 8/13 - loss 0.35283571 - time (sec): 1.77 - samples/sec: 3347.44 - lr: 0.100000 - momentum: 0.000000
2025-12-22 20:55:39,389 epoch 54 - iter 9/13 - loss 0.34948205 - time (sec): 1.99 - samples/sec: 3301.23 - lr: 0.100000 - momentum: 0.000000
2025-12-22 20:55:39,558 epoch 54 - iter 10/13 - loss 0.34653665 - time (sec): 2.15 - samples/sec: 3316.43 - lr: 0.100000 - momentum: 0.000000
2025-12-22 20:55:39,905 epoch 54 - iter 11/13 - loss 0.34737351 - time (sec): 2.50 - samples/sec: 3125.17 - lr: 0.100000 - momentum: 0.000000
2025-12-22 20:55:40,133 epoch 54 - iter 12/13 - loss 0.34886268 - time (sec): 2.73 - samples/sec: 3157.60 - lr: 0.100000 - momentum: 0.000000
2025-12-22 20:55:40,406 epoch 54 - iter 13/13 - loss 0.34638808 - time (sec): 3.00 - samples/sec: 3078.25 - lr: 0.100000 - momentum: 0.000000
2025-12-22 20:55:40,407 ----------------------------------------------------------------------------------------------------
2025-12-22 20:55:40,407 EPOCH 54 done: loss 0.3464 - lr: 0.100000
2025-12-22 20:55:40,958 DEV : loss 0.4106091558933258 - f1-score (micro avg)  0.874
2025-12-22 20:55:40,958  - 1 epochs without improvement
2025-12-22 20:55:40,959 ----------------------------------------------------------------------------------------------------
2025-12-22 20:55:41,322 epoch 55 - iter 1/13 - loss 0.32378445 - time (sec): 0.36 - samples/sec: 2191.49 - lr: 0.100000 - momentum: 0.000000
2025-12-22 20:55:41,614 epoch 55 - iter 2/13 - loss 0.30637696 - time (sec): 0.65 - samples/sec: 2310.15 - lr: 0.100000 - momentum: 0.000000
2025-12-22 20:55:41,844 epoch 55 - iter 3/13 - loss 0.30424393 - time (sec): 0.88 - samples/sec: 2665.76 - lr: 0.100000 - momentum: 0.000000
2025-12-22 20:55:42,015 epoch 55 - iter 4/13 - loss 0.30568546 - time (sec): 1.06 - samples/sec: 2786.63 - lr: 0.100000 - momentum: 0.000000
2025-12-22 20:55:42,199 epoch 55 - iter 5/13 - loss 0.32107018 - time (sec): 1.24 - samples/sec: 2875.83 - lr: 0.100000 - momentum: 0.000000
2025-12-22 20:55:42,384 epoch 55 - iter 6/13 - loss 0.32732706 - time (sec): 1.43 - samples/sec: 2930.54 - lr: 0.100000 - momentum: 0.000000
2025-12-22 20:55:42,715 epoch 55 - iter 7/13 - loss 0.32191783 - time (sec): 1.76 - samples/sec: 2837.13 - lr: 0.100000 - momentum: 0.000000
2025-12-22 20:55:42,921 epoch 55 - iter 8/13 - loss 0.32340294 - time (sec): 1.96 - samples/sec: 2857.49 - lr: 0.100000 - momentum: 0.000000
2025-12-22 20:55:43,122 epoch 55 - iter 9/13 - loss 0.32724668 - time (sec): 2.16 - samples/sec: 2946.02 - lr: 0.100000 - momentum: 0.000000
2025-12-22 20:55:43,313 epoch 55 - iter 10/13 - loss 0.32993922 - time (sec): 2.35 - samples/sec: 2950.68 - lr: 0.100000 - momentum: 0.000000
2025-12-22 20:55:43,522 epoch 55 - iter 11/13 - loss 0.33369588 - time (sec): 2.56 - samples/sec: 2983.02 - lr: 0.100000 - momentum: 0.000000
2025-12-22 20:55:43,755 epoch 55 - iter 12/13 - loss 0.33738320 - time (sec): 2.80 - samples/sec: 3028.14 - lr: 0.100000 - momentum: 0.000000
2025-12-22 20:55:44,127 epoch 55 - iter 13/13 - loss 0.33053656 - time (sec): 3.17 - samples/sec: 2917.54 - lr: 0.100000 - momentum: 0.000000
2025-12-22 20:55:44,127 ----------------------------------------------------------------------------------------------------
2025-12-22 20:55:44,127 EPOCH 55 done: loss 0.3305 - lr: 0.100000
2025-12-22 20:55:44,524 DEV : loss 0.41616082191467285 - f1-score (micro avg)  0.8785
2025-12-22 20:55:44,525  - 2 epochs without improvement
2025-12-22 20:55:44,525 ----------------------------------------------------------------------------------------------------
2025-12-22 20:55:44,743 epoch 56 - iter 1/13 - loss 0.29001370 - time (sec): 0.22 - samples/sec: 3543.34 - lr: 0.100000 - momentum: 0.000000
2025-12-22 20:55:45,091 epoch 56 - iter 2/13 - loss 0.31825990 - time (sec): 0.57 - samples/sec: 2759.10 - lr: 0.100000 - momentum: 0.000000
2025-12-22 20:55:45,276 epoch 56 - iter 3/13 - loss 0.30754920 - time (sec): 0.75 - samples/sec: 2888.50 - lr: 0.100000 - momentum: 0.000000
2025-12-22 20:55:45,469 epoch 56 - iter 4/13 - loss 0.30554670 - time (sec): 0.94 - samples/sec: 2996.46 - lr: 0.100000 - momentum: 0.000000
2025-12-22 20:55:45,596 epoch 56 - iter 5/13 - loss 0.29561477 - time (sec): 1.07 - samples/sec: 3253.78 - lr: 0.100000 - momentum: 0.000000
2025-12-22 20:55:45,902 epoch 56 - iter 6/13 - loss 0.29611017 - time (sec): 1.38 - samples/sec: 3081.02 - lr: 0.100000 - momentum: 0.000000
2025-12-22 20:55:46,096 epoch 56 - iter 7/13 - loss 0.30657791 - time (sec): 1.57 - samples/sec: 3178.00 - lr: 0.100000 - momentum: 0.000000
2025-12-22 20:55:46,266 epoch 56 - iter 8/13 - loss 0.30279421 - time (sec): 1.74 - samples/sec: 3243.90 - lr: 0.100000 - momentum: 0.000000
2025-12-22 20:55:46,511 epoch 56 - iter 9/13 - loss 0.29833334 - time (sec): 1.99 - samples/sec: 3211.97 - lr: 0.100000 - momentum: 0.000000
2025-12-22 20:55:46,874 epoch 56 - iter 10/13 - loss 0.31213281 - time (sec): 2.35 - samples/sec: 3028.30 - lr: 0.100000 - momentum: 0.000000
2025-12-22 20:55:47,081 epoch 56 - iter 11/13 - loss 0.31262824 - time (sec): 2.56 - samples/sec: 3064.90 - lr: 0.100000 - momentum: 0.000000
2025-12-22 20:55:47,304 epoch 56 - iter 12/13 - loss 0.31046647 - time (sec): 2.78 - samples/sec: 3100.59 - lr: 0.100000 - momentum: 0.000000
2025-12-22 20:55:47,510 epoch 56 - iter 13/13 - loss 0.31705233 - time (sec): 2.99 - samples/sec: 3096.46 - lr: 0.100000 - momentum: 0.000000
2025-12-22 20:55:47,511 ----------------------------------------------------------------------------------------------------
2025-12-22 20:55:47,511 EPOCH 56 done: loss 0.3171 - lr: 0.100000
2025-12-22 20:55:47,892 DEV : loss 0.3928716778755188 - f1-score (micro avg)  0.8782
2025-12-22 20:55:47,892  - 3 epochs without improvement
2025-12-22 20:55:47,893 ----------------------------------------------------------------------------------------------------
2025-12-22 20:55:48,252 epoch 57 - iter 1/13 - loss 0.31276639 - time (sec): 0.36 - samples/sec: 2203.54 - lr: 0.100000 - momentum: 0.000000
2025-12-22 20:55:48,445 epoch 57 - iter 2/13 - loss 0.32639379 - time (sec): 0.55 - samples/sec: 2826.14 - lr: 0.100000 - momentum: 0.000000
2025-12-22 20:55:48,653 epoch 57 - iter 3/13 - loss 0.32900478 - time (sec): 0.76 - samples/sec: 2935.49 - lr: 0.100000 - momentum: 0.000000
2025-12-22 20:55:48,884 epoch 57 - iter 4/13 - loss 0.32589520 - time (sec): 0.99 - samples/sec: 3007.63 - lr: 0.100000 - momentum: 0.000000
2025-12-22 20:55:49,163 epoch 57 - iter 5/13 - loss 0.32170915 - time (sec): 1.27 - samples/sec: 2858.99 - lr: 0.100000 - momentum: 0.000000
2025-12-22 20:55:49,458 epoch 57 - iter 6/13 - loss 0.31670610 - time (sec): 1.57 - samples/sec: 2730.29 - lr: 0.100000 - momentum: 0.000000
2025-12-22 20:55:49,627 epoch 57 - iter 7/13 - loss 0.32225223 - time (sec): 1.73 - samples/sec: 2879.83 - lr: 0.100000 - momentum: 0.000000
2025-12-22 20:55:49,813 epoch 57 - iter 8/13 - loss 0.32019255 - time (sec): 1.92 - samples/sec: 2993.93 - lr: 0.100000 - momentum: 0.000000
2025-12-22 20:55:50,147 epoch 57 - iter 9/13 - loss 0.31750437 - time (sec): 2.25 - samples/sec: 2849.47 - lr: 0.100000 - momentum: 0.000000
2025-12-22 20:55:50,360 epoch 57 - iter 10/13 - loss 0.32075640 - time (sec): 2.47 - samples/sec: 2908.30 - lr: 0.100000 - momentum: 0.000000
2025-12-22 20:55:50,547 epoch 57 - iter 11/13 - loss 0.32048965 - time (sec): 2.65 - samples/sec: 2961.40 - lr: 0.100000 - momentum: 0.000000
2025-12-22 20:55:50,745 epoch 57 - iter 12/13 - loss 0.31886453 - time (sec): 2.85 - samples/sec: 3002.44 - lr: 0.100000 - momentum: 0.000000
2025-12-22 20:55:50,980 epoch 57 - iter 13/13 - loss 0.32026929 - time (sec): 3.09 - samples/sec: 2994.02 - lr: 0.100000 - momentum: 0.000000
2025-12-22 20:55:50,980 ----------------------------------------------------------------------------------------------------
2025-12-22 20:55:50,980 EPOCH 57 done: loss 0.3203 - lr: 0.100000
2025-12-22 20:55:51,352 DEV : loss 0.39584827423095703 - f1-score (micro avg)  0.8856
2025-12-22 20:55:51,353  - 0 epochs without improvement
2025-12-22 20:55:51,353 saving best model
2025-12-22 20:55:51,365 ----------------------------------------------------------------------------------------------------
2025-12-22 20:55:51,603 epoch 58 - iter 1/13 - loss 0.24138417 - time (sec): 0.24 - samples/sec: 2682.87 - lr: 0.100000 - momentum: 0.000000
2025-12-22 20:55:51,797 epoch 58 - iter 2/13 - loss 0.28370802 - time (sec): 0.43 - samples/sec: 2930.82 - lr: 0.100000 - momentum: 0.000000
2025-12-22 20:55:51,991 epoch 58 - iter 3/13 - loss 0.28683581 - time (sec): 0.63 - samples/sec: 3208.91 - lr: 0.100000 - momentum: 0.000000
2025-12-22 20:55:52,175 epoch 58 - iter 4/13 - loss 0.28453529 - time (sec): 0.81 - samples/sec: 3268.37 - lr: 0.100000 - momentum: 0.000000
2025-12-22 20:55:52,391 epoch 58 - iter 5/13 - loss 0.28856521 - time (sec): 1.03 - samples/sec: 3434.61 - lr: 0.100000 - momentum: 0.000000
2025-12-22 20:55:52,690 epoch 58 - iter 6/13 - loss 0.29125763 - time (sec): 1.32 - samples/sec: 3287.37 - lr: 0.100000 - momentum: 0.000000
2025-12-22 20:55:53,059 epoch 58 - iter 7/13 - loss 0.28841920 - time (sec): 1.69 - samples/sec: 3090.91 - lr: 0.100000 - momentum: 0.000000
2025-12-22 20:55:53,202 epoch 58 - iter 8/13 - loss 0.29286047 - time (sec): 1.84 - samples/sec: 3186.67 - lr: 0.100000 - momentum: 0.000000
2025-12-22 20:55:53,568 epoch 58 - iter 9/13 - loss 0.29631924 - time (sec): 2.20 - samples/sec: 2990.69 - lr: 0.100000 - momentum: 0.000000
2025-12-22 20:55:53,800 epoch 58 - iter 10/13 - loss 0.30024169 - time (sec): 2.43 - samples/sec: 2992.69 - lr: 0.100000 - momentum: 0.000000
2025-12-22 20:55:53,972 epoch 58 - iter 11/13 - loss 0.30168594 - time (sec): 2.61 - samples/sec: 3025.87 - lr: 0.100000 - momentum: 0.000000
2025-12-22 20:55:54,272 epoch 58 - iter 12/13 - loss 0.30061272 - time (sec): 2.91 - samples/sec: 2959.14 - lr: 0.100000 - momentum: 0.000000
2025-12-22 20:55:54,472 epoch 58 - iter 13/13 - loss 0.30406625 - time (sec): 3.11 - samples/sec: 2975.79 - lr: 0.100000 - momentum: 0.000000
2025-12-22 20:55:54,472 ----------------------------------------------------------------------------------------------------
2025-12-22 20:55:54,472 EPOCH 58 done: loss 0.3041 - lr: 0.100000
2025-12-22 20:55:54,912 DEV : loss 0.4004186987876892 - f1-score (micro avg)  0.8813
2025-12-22 20:55:54,913  - 1 epochs without improvement
2025-12-22 20:55:54,913 ----------------------------------------------------------------------------------------------------
2025-12-22 20:55:55,059 epoch 59 - iter 1/13 - loss 0.29239470 - time (sec): 0.15 - samples/sec: 4473.46 - lr: 0.100000 - momentum: 0.000000
2025-12-22 20:55:55,288 epoch 59 - iter 2/13 - loss 0.28856961 - time (sec): 0.37 - samples/sec: 3963.37 - lr: 0.100000 - momentum: 0.000000
2025-12-22 20:55:55,517 epoch 59 - iter 3/13 - loss 0.28245718 - time (sec): 0.60 - samples/sec: 3648.64 - lr: 0.100000 - momentum: 0.000000
2025-12-22 20:55:55,688 epoch 59 - iter 4/13 - loss 0.27665777 - time (sec): 0.77 - samples/sec: 3597.61 - lr: 0.100000 - momentum: 0.000000
2025-12-22 20:55:55,883 epoch 59 - iter 5/13 - loss 0.30158237 - time (sec): 0.97 - samples/sec: 3532.91 - lr: 0.100000 - momentum: 0.000000
2025-12-22 20:55:56,258 epoch 59 - iter 6/13 - loss 0.29991692 - time (sec): 1.34 - samples/sec: 3219.40 - lr: 0.100000 - momentum: 0.000000
2025-12-22 20:55:56,459 epoch 59 - iter 7/13 - loss 0.29052252 - time (sec): 1.54 - samples/sec: 3272.85 - lr: 0.100000 - momentum: 0.000000
2025-12-22 20:55:56,787 epoch 59 - iter 8/13 - loss 0.28959350 - time (sec): 1.87 - samples/sec: 3075.61 - lr: 0.100000 - momentum: 0.000000
2025-12-22 20:55:56,981 epoch 59 - iter 9/13 - loss 0.28887602 - time (sec): 2.07 - samples/sec: 3130.25 - lr: 0.100000 - momentum: 0.000000
2025-12-22 20:55:57,389 epoch 59 - iter 10/13 - loss 0.28985115 - time (sec): 2.48 - samples/sec: 2911.51 - lr: 0.100000 - momentum: 0.000000
2025-12-22 20:55:57,591 epoch 59 - iter 11/13 - loss 0.29634834 - time (sec): 2.68 - samples/sec: 2951.24 - lr: 0.100000 - momentum: 0.000000
2025-12-22 20:55:57,794 epoch 59 - iter 12/13 - loss 0.29544756 - time (sec): 2.88 - samples/sec: 2992.21 - lr: 0.100000 - momentum: 0.000000
2025-12-22 20:55:57,952 epoch 59 - iter 13/13 - loss 0.29866785 - time (sec): 3.04 - samples/sec: 3042.06 - lr: 0.100000 - momentum: 0.000000
2025-12-22 20:55:57,952 ----------------------------------------------------------------------------------------------------
2025-12-22 20:55:57,952 EPOCH 59 done: loss 0.2987 - lr: 0.100000
2025-12-22 20:55:58,459 DEV : loss 0.3930269181728363 - f1-score (micro avg)  0.8825
2025-12-22 20:55:58,460  - 2 epochs without improvement
2025-12-22 20:55:58,460 ----------------------------------------------------------------------------------------------------
2025-12-22 20:55:58,675 epoch 60 - iter 1/13 - loss 0.25706911 - time (sec): 0.21 - samples/sec: 3323.26 - lr: 0.100000 - momentum: 0.000000
2025-12-22 20:55:58,872 epoch 60 - iter 2/13 - loss 0.26770297 - time (sec): 0.41 - samples/sec: 3199.85 - lr: 0.100000 - momentum: 0.000000
2025-12-22 20:55:59,081 epoch 60 - iter 3/13 - loss 0.29362551 - time (sec): 0.62 - samples/sec: 3300.24 - lr: 0.100000 - momentum: 0.000000
2025-12-22 20:55:59,258 epoch 60 - iter 4/13 - loss 0.29928665 - time (sec): 0.80 - samples/sec: 3333.20 - lr: 0.100000 - momentum: 0.000000
2025-12-22 20:55:59,626 epoch 60 - iter 5/13 - loss 0.30675547 - time (sec): 1.17 - samples/sec: 3014.17 - lr: 0.100000 - momentum: 0.000000
2025-12-22 20:55:59,833 epoch 60 - iter 6/13 - loss 0.30643584 - time (sec): 1.37 - samples/sec: 3077.64 - lr: 0.100000 - momentum: 0.000000
2025-12-22 20:56:00,211 epoch 60 - iter 7/13 - loss 0.31365945 - time (sec): 1.75 - samples/sec: 2891.77 - lr: 0.100000 - momentum: 0.000000
2025-12-22 20:56:00,410 epoch 60 - iter 8/13 - loss 0.31325392 - time (sec): 1.95 - samples/sec: 2954.65 - lr: 0.100000 - momentum: 0.000000
2025-12-22 20:56:00,718 epoch 60 - iter 9/13 - loss 0.30526334 - time (sec): 2.26 - samples/sec: 2895.32 - lr: 0.100000 - momentum: 0.000000
2025-12-22 20:56:00,861 epoch 60 - iter 10/13 - loss 0.30343520 - time (sec): 2.40 - samples/sec: 2990.88 - lr: 0.100000 - momentum: 0.000000
2025-12-22 20:56:01,084 epoch 60 - iter 11/13 - loss 0.30300628 - time (sec): 2.62 - samples/sec: 3003.52 - lr: 0.100000 - momentum: 0.000000
2025-12-22 20:56:01,280 epoch 60 - iter 12/13 - loss 0.30095804 - time (sec): 2.82 - samples/sec: 3032.35 - lr: 0.100000 - momentum: 0.000000
2025-12-22 20:56:01,484 epoch 60 - iter 13/13 - loss 0.30101807 - time (sec): 3.02 - samples/sec: 3056.81 - lr: 0.100000 - momentum: 0.000000
2025-12-22 20:56:01,484 ----------------------------------------------------------------------------------------------------
2025-12-22 20:56:01,484 EPOCH 60 done: loss 0.3010 - lr: 0.100000
2025-12-22 20:56:01,848 DEV : loss 0.38941723108291626 - f1-score (micro avg)  0.8878
2025-12-22 20:56:01,849  - 0 epochs without improvement
2025-12-22 20:56:01,849 saving best model
2025-12-22 20:56:01,860 ----------------------------------------------------------------------------------------------------
2025-12-22 20:56:02,162 epoch 61 - iter 1/13 - loss 0.32784492 - time (sec): 0.30 - samples/sec: 2386.11 - lr: 0.100000 - momentum: 0.000000
2025-12-22 20:56:02,488 epoch 61 - iter 2/13 - loss 0.28901404 - time (sec): 0.63 - samples/sec: 2520.53 - lr: 0.100000 - momentum: 0.000000
2025-12-22 20:56:02,711 epoch 61 - iter 3/13 - loss 0.28205985 - time (sec): 0.85 - samples/sec: 2665.71 - lr: 0.100000 - momentum: 0.000000
2025-12-22 20:56:02,906 epoch 61 - iter 4/13 - loss 0.28998236 - time (sec): 1.05 - samples/sec: 2881.14 - lr: 0.100000 - momentum: 0.000000
2025-12-22 20:56:03,164 epoch 61 - iter 5/13 - loss 0.28945403 - time (sec): 1.30 - samples/sec: 2895.70 - lr: 0.100000 - momentum: 0.000000
2025-12-22 20:56:03,378 epoch 61 - iter 6/13 - loss 0.29236317 - time (sec): 1.52 - samples/sec: 2902.13 - lr: 0.100000 - momentum: 0.000000
2025-12-22 20:56:03,668 epoch 61 - iter 7/13 - loss 0.29435289 - time (sec): 1.81 - samples/sec: 2777.18 - lr: 0.100000 - momentum: 0.000000
2025-12-22 20:56:03,874 epoch 61 - iter 8/13 - loss 0.29113830 - time (sec): 2.01 - samples/sec: 2829.02 - lr: 0.100000 - momentum: 0.000000
2025-12-22 20:56:04,226 epoch 61 - iter 9/13 - loss 0.29400937 - time (sec): 2.37 - samples/sec: 2706.24 - lr: 0.100000 - momentum: 0.000000
2025-12-22 20:56:04,582 epoch 61 - iter 10/13 - loss 0.29326977 - time (sec): 2.72 - samples/sec: 2614.60 - lr: 0.100000 - momentum: 0.000000
2025-12-22 20:56:04,754 epoch 61 - iter 11/13 - loss 0.29170998 - time (sec): 2.89 - samples/sec: 2703.58 - lr: 0.100000 - momentum: 0.000000
2025-12-22 20:56:04,976 epoch 61 - iter 12/13 - loss 0.29405346 - time (sec): 3.12 - samples/sec: 2725.57 - lr: 0.100000 - momentum: 0.000000
2025-12-22 20:56:05,210 epoch 61 - iter 13/13 - loss 0.29629644 - time (sec): 3.35 - samples/sec: 2759.31 - lr: 0.100000 - momentum: 0.000000
2025-12-22 20:56:05,210 ----------------------------------------------------------------------------------------------------
2025-12-22 20:56:05,210 EPOCH 61 done: loss 0.2963 - lr: 0.100000
2025-12-22 20:56:05,638 DEV : loss 0.38910070061683655 - f1-score (micro avg)  0.8844
2025-12-22 20:56:05,639  - 1 epochs without improvement
2025-12-22 20:56:05,639 ----------------------------------------------------------------------------------------------------
2025-12-22 20:56:06,029 epoch 62 - iter 1/13 - loss 0.29018017 - time (sec): 0.39 - samples/sec: 2238.27 - lr: 0.100000 - momentum: 0.000000
2025-12-22 20:56:06,238 epoch 62 - iter 2/13 - loss 0.26441548 - time (sec): 0.60 - samples/sec: 2550.89 - lr: 0.100000 - momentum: 0.000000
2025-12-22 20:56:06,546 epoch 62 - iter 3/13 - loss 0.27726418 - time (sec): 0.91 - samples/sec: 2530.45 - lr: 0.100000 - momentum: 0.000000
2025-12-22 20:56:06,740 epoch 62 - iter 4/13 - loss 0.29052147 - time (sec): 1.10 - samples/sec: 2646.10 - lr: 0.100000 - momentum: 0.000000
2025-12-22 20:56:06,958 epoch 62 - iter 5/13 - loss 0.28697361 - time (sec): 1.32 - samples/sec: 2757.14 - lr: 0.100000 - momentum: 0.000000
2025-12-22 20:56:07,157 epoch 62 - iter 6/13 - loss 0.28748247 - time (sec): 1.52 - samples/sec: 2863.52 - lr: 0.100000 - momentum: 0.000000
2025-12-22 20:56:07,452 epoch 62 - iter 7/13 - loss 0.28996507 - time (sec): 1.81 - samples/sec: 2825.17 - lr: 0.100000 - momentum: 0.000000
2025-12-22 20:56:07,679 epoch 62 - iter 8/13 - loss 0.28556371 - time (sec): 2.04 - samples/sec: 2852.63 - lr: 0.100000 - momentum: 0.000000
2025-12-22 20:56:07,870 epoch 62 - iter 9/13 - loss 0.28959559 - time (sec): 2.23 - samples/sec: 2916.34 - lr: 0.100000 - momentum: 0.000000
2025-12-22 20:56:08,197 epoch 62 - iter 10/13 - loss 0.29022556 - time (sec): 2.56 - samples/sec: 2810.12 - lr: 0.100000 - momentum: 0.000000
2025-12-22 20:56:08,376 epoch 62 - iter 11/13 - loss 0.28773464 - time (sec): 2.74 - samples/sec: 2872.02 - lr: 0.100000 - momentum: 0.000000
2025-12-22 20:56:08,571 epoch 62 - iter 12/13 - loss 0.29047754 - time (sec): 2.93 - samples/sec: 2905.86 - lr: 0.100000 - momentum: 0.000000
2025-12-22 20:56:08,782 epoch 62 - iter 13/13 - loss 0.29077067 - time (sec): 3.14 - samples/sec: 2941.07 - lr: 0.100000 - momentum: 0.000000
2025-12-22 20:56:08,782 ----------------------------------------------------------------------------------------------------
2025-12-22 20:56:08,782 EPOCH 62 done: loss 0.2908 - lr: 0.100000
2025-12-22 20:56:09,179 DEV : loss 0.3899177610874176 - f1-score (micro avg)  0.8884
2025-12-22 20:56:09,179  - 0 epochs without improvement
2025-12-22 20:56:09,180 saving best model
2025-12-22 20:56:09,190 ----------------------------------------------------------------------------------------------------
2025-12-22 20:56:09,532 epoch 63 - iter 1/13 - loss 0.23421751 - time (sec): 0.34 - samples/sec: 1896.02 - lr: 0.100000 - momentum: 0.000000
2025-12-22 20:56:09,775 epoch 63 - iter 2/13 - loss 0.26500692 - time (sec): 0.59 - samples/sec: 2319.82 - lr: 0.100000 - momentum: 0.000000
2025-12-22 20:56:10,004 epoch 63 - iter 3/13 - loss 0.26969877 - time (sec): 0.81 - samples/sec: 2647.31 - lr: 0.100000 - momentum: 0.000000
2025-12-22 20:56:10,199 epoch 63 - iter 4/13 - loss 0.27926709 - time (sec): 1.01 - samples/sec: 2907.61 - lr: 0.100000 - momentum: 0.000000
2025-12-22 20:56:10,513 epoch 63 - iter 5/13 - loss 0.27617631 - time (sec): 1.32 - samples/sec: 2813.28 - lr: 0.100000 - momentum: 0.000000
2025-12-22 20:56:10,700 epoch 63 - iter 6/13 - loss 0.27514904 - time (sec): 1.51 - samples/sec: 2907.27 - lr: 0.100000 - momentum: 0.000000
2025-12-22 20:56:11,071 epoch 63 - iter 7/13 - loss 0.27663254 - time (sec): 1.88 - samples/sec: 2839.25 - lr: 0.100000 - momentum: 0.000000
2025-12-22 20:56:11,208 epoch 63 - iter 8/13 - loss 0.28227844 - time (sec): 2.02 - samples/sec: 2943.06 - lr: 0.100000 - momentum: 0.000000
2025-12-22 20:56:11,407 epoch 63 - iter 9/13 - loss 0.28464008 - time (sec): 2.22 - samples/sec: 3024.54 - lr: 0.100000 - momentum: 0.000000
2025-12-22 20:56:11,558 epoch 63 - iter 10/13 - loss 0.28401293 - time (sec): 2.37 - samples/sec: 3094.72 - lr: 0.100000 - momentum: 0.000000
2025-12-22 20:56:11,747 epoch 63 - iter 11/13 - loss 0.28416098 - time (sec): 2.56 - samples/sec: 3123.24 - lr: 0.100000 - momentum: 0.000000
2025-12-22 20:56:12,082 epoch 63 - iter 12/13 - loss 0.28546678 - time (sec): 2.89 - samples/sec: 3003.18 - lr: 0.100000 - momentum: 0.000000
2025-12-22 20:56:12,249 epoch 63 - iter 13/13 - loss 0.28427536 - time (sec): 3.06 - samples/sec: 3021.27 - lr: 0.100000 - momentum: 0.000000
2025-12-22 20:56:12,249 ----------------------------------------------------------------------------------------------------
2025-12-22 20:56:12,250 EPOCH 63 done: loss 0.2843 - lr: 0.100000
2025-12-22 20:56:12,618 DEV : loss 0.3860583007335663 - f1-score (micro avg)  0.8898
2025-12-22 20:56:12,619  - 0 epochs without improvement
2025-12-22 20:56:12,619 saving best model
2025-12-22 20:56:12,631 ----------------------------------------------------------------------------------------------------
2025-12-22 20:56:12,820 epoch 64 - iter 1/13 - loss 0.30941501 - time (sec): 0.19 - samples/sec: 3812.75 - lr: 0.100000 - momentum: 0.000000
2025-12-22 20:56:13,009 epoch 64 - iter 2/13 - loss 0.27998177 - time (sec): 0.38 - samples/sec: 3592.88 - lr: 0.100000 - momentum: 0.000000
2025-12-22 20:56:13,314 epoch 64 - iter 3/13 - loss 0.24693415 - time (sec): 0.68 - samples/sec: 2995.68 - lr: 0.100000 - momentum: 0.000000
2025-12-22 20:56:13,507 epoch 64 - iter 4/13 - loss 0.25753678 - time (sec): 0.88 - samples/sec: 3062.53 - lr: 0.100000 - momentum: 0.000000
2025-12-22 20:56:13,813 epoch 64 - iter 5/13 - loss 0.26242432 - time (sec): 1.18 - samples/sec: 2994.23 - lr: 0.100000 - momentum: 0.000000
2025-12-22 20:56:14,029 epoch 64 - iter 6/13 - loss 0.25654969 - time (sec): 1.40 - samples/sec: 3036.88 - lr: 0.100000 - momentum: 0.000000
2025-12-22 20:56:14,203 epoch 64 - iter 7/13 - loss 0.25606759 - time (sec): 1.57 - samples/sec: 3169.31 - lr: 0.100000 - momentum: 0.000000
2025-12-22 20:56:14,550 epoch 64 - iter 8/13 - loss 0.25937600 - time (sec): 1.92 - samples/sec: 2989.35 - lr: 0.100000 - momentum: 0.000000
2025-12-22 20:56:14,772 epoch 64 - iter 9/13 - loss 0.26650318 - time (sec): 2.14 - samples/sec: 3027.99 - lr: 0.100000 - momentum: 0.000000
2025-12-22 20:56:14,937 epoch 64 - iter 10/13 - loss 0.26941220 - time (sec): 2.31 - samples/sec: 3084.62 - lr: 0.100000 - momentum: 0.000000
2025-12-22 20:56:15,121 epoch 64 - iter 11/13 - loss 0.27222943 - time (sec): 2.49 - samples/sec: 3173.96 - lr: 0.100000 - momentum: 0.000000
2025-12-22 20:56:15,487 epoch 64 - iter 12/13 - loss 0.27468835 - time (sec): 2.86 - samples/sec: 3067.91 - lr: 0.100000 - momentum: 0.000000
2025-12-22 20:56:15,665 epoch 64 - iter 13/13 - loss 0.27072879 - time (sec): 3.03 - samples/sec: 3047.32 - lr: 0.100000 - momentum: 0.000000
2025-12-22 20:56:15,665 ----------------------------------------------------------------------------------------------------
2025-12-22 20:56:15,665 EPOCH 64 done: loss 0.2707 - lr: 0.100000
2025-12-22 20:56:16,212 DEV : loss 0.3878425657749176 - f1-score (micro avg)  0.8864
2025-12-22 20:56:16,213  - 1 epochs without improvement
2025-12-22 20:56:16,213 ----------------------------------------------------------------------------------------------------
2025-12-22 20:56:16,422 epoch 65 - iter 1/13 - loss 0.26257929 - time (sec): 0.21 - samples/sec: 2901.73 - lr: 0.100000 - momentum: 0.000000
2025-12-22 20:56:16,618 epoch 65 - iter 2/13 - loss 0.24974881 - time (sec): 0.40 - samples/sec: 3251.97 - lr: 0.100000 - momentum: 0.000000
2025-12-22 20:56:16,856 epoch 65 - iter 3/13 - loss 0.26299072 - time (sec): 0.64 - samples/sec: 3488.03 - lr: 0.100000 - momentum: 0.000000
2025-12-22 20:56:17,211 epoch 65 - iter 4/13 - loss 0.27060340 - time (sec): 1.00 - samples/sec: 3030.89 - lr: 0.100000 - momentum: 0.000000
2025-12-22 20:56:17,437 epoch 65 - iter 5/13 - loss 0.27552477 - time (sec): 1.22 - samples/sec: 3121.83 - lr: 0.100000 - momentum: 0.000000
2025-12-22 20:56:17,642 epoch 65 - iter 6/13 - loss 0.27256996 - time (sec): 1.43 - samples/sec: 3116.63 - lr: 0.100000 - momentum: 0.000000
2025-12-22 20:56:17,923 epoch 65 - iter 7/13 - loss 0.26818345 - time (sec): 1.71 - samples/sec: 3023.61 - lr: 0.100000 - momentum: 0.000000
2025-12-22 20:56:18,274 epoch 65 - iter 8/13 - loss 0.26930600 - time (sec): 2.06 - samples/sec: 2897.19 - lr: 0.100000 - momentum: 0.000000
2025-12-22 20:56:18,433 epoch 65 - iter 9/13 - loss 0.26523515 - time (sec): 2.22 - samples/sec: 2961.24 - lr: 0.100000 - momentum: 0.000000
2025-12-22 20:56:18,645 epoch 65 - iter 10/13 - loss 0.26553113 - time (sec): 2.43 - samples/sec: 2994.42 - lr: 0.100000 - momentum: 0.000000
2025-12-22 20:56:18,863 epoch 65 - iter 11/13 - loss 0.27220439 - time (sec): 2.65 - samples/sec: 3021.17 - lr: 0.100000 - momentum: 0.000000
2025-12-22 20:56:19,114 epoch 65 - iter 12/13 - loss 0.27578269 - time (sec): 2.90 - samples/sec: 2985.03 - lr: 0.100000 - momentum: 0.000000
2025-12-22 20:56:19,382 epoch 65 - iter 13/13 - loss 0.27619444 - time (sec): 3.17 - samples/sec: 2916.78 - lr: 0.100000 - momentum: 0.000000
2025-12-22 20:56:19,382 ----------------------------------------------------------------------------------------------------
2025-12-22 20:56:19,382 EPOCH 65 done: loss 0.2762 - lr: 0.100000
2025-12-22 20:56:19,754 DEV : loss 0.3890393376350403 - f1-score (micro avg)  0.885
2025-12-22 20:56:19,755  - 2 epochs without improvement
2025-12-22 20:56:19,755 ----------------------------------------------------------------------------------------------------
2025-12-22 20:56:19,953 epoch 66 - iter 1/13 - loss 0.24758631 - time (sec): 0.20 - samples/sec: 3736.56 - lr: 0.100000 - momentum: 0.000000
2025-12-22 20:56:20,252 epoch 66 - iter 2/13 - loss 0.25338330 - time (sec): 0.50 - samples/sec: 3002.88 - lr: 0.100000 - momentum: 0.000000
2025-12-22 20:56:20,440 epoch 66 - iter 3/13 - loss 0.26518598 - time (sec): 0.69 - samples/sec: 3154.37 - lr: 0.100000 - momentum: 0.000000
2025-12-22 20:56:20,593 epoch 66 - iter 4/13 - loss 0.25944850 - time (sec): 0.84 - samples/sec: 3261.38 - lr: 0.100000 - momentum: 0.000000
2025-12-22 20:56:20,792 epoch 66 - iter 5/13 - loss 0.27132301 - time (sec): 1.04 - samples/sec: 3377.04 - lr: 0.100000 - momentum: 0.000000
2025-12-22 20:56:21,029 epoch 66 - iter 6/13 - loss 0.26829441 - time (sec): 1.27 - samples/sec: 3277.44 - lr: 0.100000 - momentum: 0.000000
2025-12-22 20:56:21,391 epoch 66 - iter 7/13 - loss 0.26440996 - time (sec): 1.64 - samples/sec: 3080.96 - lr: 0.100000 - momentum: 0.000000
2025-12-22 20:56:21,656 epoch 66 - iter 8/13 - loss 0.26936145 - time (sec): 1.90 - samples/sec: 3050.94 - lr: 0.100000 - momentum: 0.000000
2025-12-22 20:56:21,844 epoch 66 - iter 9/13 - loss 0.27272924 - time (sec): 2.09 - samples/sec: 3075.47 - lr: 0.100000 - momentum: 0.000000
2025-12-22 20:56:22,021 epoch 66 - iter 10/13 - loss 0.26726860 - time (sec): 2.27 - samples/sec: 3093.37 - lr: 0.100000 - momentum: 0.000000
2025-12-22 20:56:22,501 epoch 66 - iter 11/13 - loss 0.26540634 - time (sec): 2.75 - samples/sec: 2837.17 - lr: 0.100000 - momentum: 0.000000
2025-12-22 20:56:22,673 epoch 66 - iter 12/13 - loss 0.27083500 - time (sec): 2.92 - samples/sec: 2915.13 - lr: 0.100000 - momentum: 0.000000
2025-12-22 20:56:22,957 epoch 66 - iter 13/13 - loss 0.27163329 - time (sec): 3.20 - samples/sec: 2886.37 - lr: 0.100000 - momentum: 0.000000
2025-12-22 20:56:22,958 ----------------------------------------------------------------------------------------------------
2025-12-22 20:56:22,958 EPOCH 66 done: loss 0.2716 - lr: 0.100000
2025-12-22 20:56:23,355 DEV : loss 0.3888629078865051 - f1-score (micro avg)  0.8881
2025-12-22 20:56:23,356  - 3 epochs without improvement
2025-12-22 20:56:23,357 ----------------------------------------------------------------------------------------------------
2025-12-22 20:56:23,548 epoch 67 - iter 1/13 - loss 0.27020575 - time (sec): 0.19 - samples/sec: 4098.64 - lr: 0.100000 - momentum: 0.000000
2025-12-22 20:56:23,755 epoch 67 - iter 2/13 - loss 0.26844039 - time (sec): 0.40 - samples/sec: 3625.67 - lr: 0.100000 - momentum: 0.000000
2025-12-22 20:56:24,102 epoch 67 - iter 3/13 - loss 0.26372097 - time (sec): 0.75 - samples/sec: 2990.07 - lr: 0.100000 - momentum: 0.000000
2025-12-22 20:56:24,457 epoch 67 - iter 4/13 - loss 0.26593761 - time (sec): 1.10 - samples/sec: 2671.62 - lr: 0.100000 - momentum: 0.000000
2025-12-22 20:56:24,776 epoch 67 - iter 5/13 - loss 0.26464260 - time (sec): 1.42 - samples/sec: 2653.22 - lr: 0.100000 - momentum: 0.000000
2025-12-22 20:56:25,130 epoch 67 - iter 6/13 - loss 0.26799176 - time (sec): 1.77 - samples/sec: 2522.63 - lr: 0.100000 - momentum: 0.000000
2025-12-22 20:56:25,273 epoch 67 - iter 7/13 - loss 0.27499110 - time (sec): 1.92 - samples/sec: 2641.42 - lr: 0.100000 - momentum: 0.000000
2025-12-22 20:56:25,444 epoch 67 - iter 8/13 - loss 0.27425431 - time (sec): 2.09 - samples/sec: 2723.66 - lr: 0.100000 - momentum: 0.000000
2025-12-22 20:56:25,643 epoch 67 - iter 9/13 - loss 0.27395762 - time (sec): 2.29 - samples/sec: 2818.07 - lr: 0.100000 - momentum: 0.000000
2025-12-22 20:56:25,854 epoch 67 - iter 10/13 - loss 0.27460376 - time (sec): 2.50 - samples/sec: 2896.37 - lr: 0.100000 - momentum: 0.000000
2025-12-22 20:56:26,161 epoch 67 - iter 11/13 - loss 0.27486317 - time (sec): 2.80 - samples/sec: 2836.14 - lr: 0.100000 - momentum: 0.000000
2025-12-22 20:56:26,339 epoch 67 - iter 12/13 - loss 0.27668246 - time (sec): 2.98 - samples/sec: 2907.45 - lr: 0.100000 - momentum: 0.000000
2025-12-22 20:56:26,488 epoch 67 - iter 13/13 - loss 0.27438332 - time (sec): 3.13 - samples/sec: 2952.18 - lr: 0.100000 - momentum: 0.000000
2025-12-22 20:56:26,488 ----------------------------------------------------------------------------------------------------
2025-12-22 20:56:26,488 EPOCH 67 done: loss 0.2744 - lr: 0.100000
2025-12-22 20:56:26,867 DEV : loss 0.39152106642723083 - f1-score (micro avg)  0.8864
2025-12-22 20:56:26,867  - 4 epochs without improvement (above 'patience')-> annealing learning_rate to [0.05]
2025-12-22 20:56:26,868 ----------------------------------------------------------------------------------------------------
2025-12-22 20:56:27,211 epoch 68 - iter 1/13 - loss 0.22887456 - time (sec): 0.34 - samples/sec: 2301.95 - lr: 0.050000 - momentum: 0.000000
2025-12-22 20:56:27,403 epoch 68 - iter 2/13 - loss 0.24517119 - time (sec): 0.54 - samples/sec: 2803.06 - lr: 0.050000 - momentum: 0.000000
2025-12-22 20:56:27,607 epoch 68 - iter 3/13 - loss 0.23497566 - time (sec): 0.74 - samples/sec: 3033.32 - lr: 0.050000 - momentum: 0.000000
2025-12-22 20:56:27,765 epoch 68 - iter 4/13 - loss 0.23744218 - time (sec): 0.90 - samples/sec: 3158.13 - lr: 0.050000 - momentum: 0.000000
2025-12-22 20:56:27,991 epoch 68 - iter 5/13 - loss 0.24042652 - time (sec): 1.12 - samples/sec: 3127.73 - lr: 0.050000 - momentum: 0.000000
2025-12-22 20:56:28,225 epoch 68 - iter 6/13 - loss 0.23977576 - time (sec): 1.36 - samples/sec: 3191.01 - lr: 0.050000 - momentum: 0.000000
2025-12-22 20:56:28,392 epoch 68 - iter 7/13 - loss 0.23807843 - time (sec): 1.52 - samples/sec: 3261.38 - lr: 0.050000 - momentum: 0.000000
2025-12-22 20:56:28,756 epoch 68 - iter 8/13 - loss 0.23570036 - time (sec): 1.89 - samples/sec: 3010.29 - lr: 0.050000 - momentum: 0.000000
2025-12-22 20:56:29,077 epoch 68 - iter 9/13 - loss 0.23832232 - time (sec): 2.21 - samples/sec: 2912.10 - lr: 0.050000 - momentum: 0.000000
2025-12-22 20:56:29,234 epoch 68 - iter 10/13 - loss 0.24436334 - time (sec): 2.37 - samples/sec: 2985.99 - lr: 0.050000 - momentum: 0.000000
2025-12-22 20:56:29,442 epoch 68 - iter 11/13 - loss 0.24628466 - time (sec): 2.57 - samples/sec: 3014.85 - lr: 0.050000 - momentum: 0.000000
2025-12-22 20:56:29,674 epoch 68 - iter 12/13 - loss 0.24823544 - time (sec): 2.81 - samples/sec: 3065.18 - lr: 0.050000 - momentum: 0.000000
2025-12-22 20:56:29,906 epoch 68 - iter 13/13 - loss 0.24591836 - time (sec): 3.04 - samples/sec: 3042.79 - lr: 0.050000 - momentum: 0.000000
2025-12-22 20:56:29,906 ----------------------------------------------------------------------------------------------------
2025-12-22 20:56:29,906 EPOCH 68 done: loss 0.2459 - lr: 0.050000
2025-12-22 20:56:30,462 DEV : loss 0.38500192761421204 - f1-score (micro avg)  0.8844
2025-12-22 20:56:30,463  - 1 epochs without improvement
2025-12-22 20:56:30,463 ----------------------------------------------------------------------------------------------------
2025-12-22 20:56:30,845 epoch 69 - iter 1/13 - loss 0.24166182 - time (sec): 0.38 - samples/sec: 2461.07 - lr: 0.050000 - momentum: 0.000000
2025-12-22 20:56:31,033 epoch 69 - iter 2/13 - loss 0.23880974 - time (sec): 0.57 - samples/sec: 2833.96 - lr: 0.050000 - momentum: 0.000000
2025-12-22 20:56:31,225 epoch 69 - iter 3/13 - loss 0.24311080 - time (sec): 0.76 - samples/sec: 2947.87 - lr: 0.050000 - momentum: 0.000000
2025-12-22 20:56:31,420 epoch 69 - iter 4/13 - loss 0.24579880 - time (sec): 0.96 - samples/sec: 2994.54 - lr: 0.050000 - momentum: 0.000000
2025-12-22 20:56:31,630 epoch 69 - iter 5/13 - loss 0.23949086 - time (sec): 1.17 - samples/sec: 3093.09 - lr: 0.050000 - momentum: 0.000000
2025-12-22 20:56:31,817 epoch 69 - iter 6/13 - loss 0.23954769 - time (sec): 1.35 - samples/sec: 3202.40 - lr: 0.050000 - momentum: 0.000000
2025-12-22 20:56:31,994 epoch 69 - iter 7/13 - loss 0.24674957 - time (sec): 1.53 - samples/sec: 3273.47 - lr: 0.050000 - momentum: 0.000000
2025-12-22 20:56:32,286 epoch 69 - iter 8/13 - loss 0.24059514 - time (sec): 1.82 - samples/sec: 3169.36 - lr: 0.050000 - momentum: 0.000000
2025-12-22 20:56:32,488 epoch 69 - iter 9/13 - loss 0.24080922 - time (sec): 2.02 - samples/sec: 3232.18 - lr: 0.050000 - momentum: 0.000000
2025-12-22 20:56:32,706 epoch 69 - iter 10/13 - loss 0.24018957 - time (sec): 2.24 - samples/sec: 3236.82 - lr: 0.050000 - momentum: 0.000000
2025-12-22 20:56:33,070 epoch 69 - iter 11/13 - loss 0.24709288 - time (sec): 2.61 - samples/sec: 3104.44 - lr: 0.050000 - momentum: 0.000000
2025-12-22 20:56:33,227 epoch 69 - iter 12/13 - loss 0.24525428 - time (sec): 2.76 - samples/sec: 3116.32 - lr: 0.050000 - momentum: 0.000000
2025-12-22 20:56:33,392 epoch 69 - iter 13/13 - loss 0.24805723 - time (sec): 2.93 - samples/sec: 3155.46 - lr: 0.050000 - momentum: 0.000000
2025-12-22 20:56:33,393 ----------------------------------------------------------------------------------------------------
2025-12-22 20:56:33,393 EPOCH 69 done: loss 0.2481 - lr: 0.050000
2025-12-22 20:56:33,767 DEV : loss 0.3808460235595703 - f1-score (micro avg)  0.8921
2025-12-22 20:56:33,768  - 0 epochs without improvement
2025-12-22 20:56:33,768 saving best model
2025-12-22 20:56:33,778 ----------------------------------------------------------------------------------------------------
2025-12-22 20:56:33,963 epoch 70 - iter 1/13 - loss 0.21491614 - time (sec): 0.18 - samples/sec: 3730.69 - lr: 0.050000 - momentum: 0.000000
2025-12-22 20:56:34,327 epoch 70 - iter 2/13 - loss 0.23989420 - time (sec): 0.55 - samples/sec: 2792.31 - lr: 0.050000 - momentum: 0.000000
2025-12-22 20:56:34,496 epoch 70 - iter 3/13 - loss 0.22839644 - time (sec): 0.72 - samples/sec: 3007.45 - lr: 0.050000 - momentum: 0.000000
2025-12-22 20:56:34,651 epoch 70 - iter 4/13 - loss 0.22316191 - time (sec): 0.87 - samples/sec: 3251.16 - lr: 0.050000 - momentum: 0.000000
2025-12-22 20:56:34,869 epoch 70 - iter 5/13 - loss 0.21606732 - time (sec): 1.09 - samples/sec: 3276.94 - lr: 0.050000 - momentum: 0.000000
2025-12-22 20:56:35,041 epoch 70 - iter 6/13 - loss 0.23055164 - time (sec): 1.26 - samples/sec: 3323.03 - lr: 0.050000 - momentum: 0.000000
2025-12-22 20:56:35,397 epoch 70 - iter 7/13 - loss 0.23975203 - time (sec): 1.62 - samples/sec: 3047.86 - lr: 0.050000 - momentum: 0.000000
2025-12-22 20:56:35,612 epoch 70 - iter 8/13 - loss 0.24168138 - time (sec): 1.83 - samples/sec: 3045.43 - lr: 0.050000 - momentum: 0.000000
2025-12-22 20:56:35,833 epoch 70 - iter 9/13 - loss 0.24082572 - time (sec): 2.05 - samples/sec: 3101.49 - lr: 0.050000 - momentum: 0.000000
2025-12-22 20:56:36,130 epoch 70 - iter 10/13 - loss 0.24116700 - time (sec): 2.35 - samples/sec: 3048.54 - lr: 0.050000 - momentum: 0.000000
2025-12-22 20:56:36,443 epoch 70 - iter 11/13 - loss 0.24322984 - time (sec): 2.66 - samples/sec: 2995.37 - lr: 0.050000 - momentum: 0.000000
2025-12-22 20:56:36,633 epoch 70 - iter 12/13 - loss 0.23992011 - time (sec): 2.85 - samples/sec: 3015.07 - lr: 0.050000 - momentum: 0.000000
2025-12-22 20:56:36,848 epoch 70 - iter 13/13 - loss 0.24395457 - time (sec): 3.07 - samples/sec: 3010.80 - lr: 0.050000 - momentum: 0.000000
2025-12-22 20:56:36,849 ----------------------------------------------------------------------------------------------------
2025-12-22 20:56:36,849 EPOCH 70 done: loss 0.2440 - lr: 0.050000
2025-12-22 20:56:37,231 DEV : loss 0.3854922652244568 - f1-score (micro avg)  0.8861
2025-12-22 20:56:37,232  - 1 epochs without improvement
2025-12-22 20:56:37,232 ----------------------------------------------------------------------------------------------------
2025-12-22 20:56:37,582 epoch 71 - iter 1/13 - loss 0.27136863 - time (sec): 0.35 - samples/sec: 2315.90 - lr: 0.050000 - momentum: 0.000000
2025-12-22 20:56:37,914 epoch 71 - iter 2/13 - loss 0.25745023 - time (sec): 0.68 - samples/sec: 2455.56 - lr: 0.050000 - momentum: 0.000000
2025-12-22 20:56:38,087 epoch 71 - iter 3/13 - loss 0.26533271 - time (sec): 0.85 - samples/sec: 2687.38 - lr: 0.050000 - momentum: 0.000000
2025-12-22 20:56:38,383 epoch 71 - iter 4/13 - loss 0.26267951 - time (sec): 1.15 - samples/sec: 2658.68 - lr: 0.050000 - momentum: 0.000000
2025-12-22 20:56:38,561 epoch 71 - iter 5/13 - loss 0.25204764 - time (sec): 1.33 - samples/sec: 2807.00 - lr: 0.050000 - momentum: 0.000000
2025-12-22 20:56:38,910 epoch 71 - iter 6/13 - loss 0.25950582 - time (sec): 1.68 - samples/sec: 2713.74 - lr: 0.050000 - momentum: 0.000000
2025-12-22 20:56:39,073 epoch 71 - iter 7/13 - loss 0.25849328 - time (sec): 1.84 - samples/sec: 2830.41 - lr: 0.050000 - momentum: 0.000000
2025-12-22 20:56:39,271 epoch 71 - iter 8/13 - loss 0.25680632 - time (sec): 2.04 - samples/sec: 2863.27 - lr: 0.050000 - momentum: 0.000000
2025-12-22 20:56:39,497 epoch 71 - iter 9/13 - loss 0.25780880 - time (sec): 2.26 - samples/sec: 2910.45 - lr: 0.050000 - momentum: 0.000000
2025-12-22 20:56:39,660 epoch 71 - iter 10/13 - loss 0.25506074 - time (sec): 2.43 - samples/sec: 2979.02 - lr: 0.050000 - momentum: 0.000000
2025-12-22 20:56:39,894 epoch 71 - iter 11/13 - loss 0.25550414 - time (sec): 2.66 - samples/sec: 3006.85 - lr: 0.050000 - momentum: 0.000000
2025-12-22 20:56:40,063 epoch 71 - iter 12/13 - loss 0.25049182 - time (sec): 2.83 - samples/sec: 3070.30 - lr: 0.050000 - momentum: 0.000000
2025-12-22 20:56:40,288 epoch 71 - iter 13/13 - loss 0.25031342 - time (sec): 3.06 - samples/sec: 3025.16 - lr: 0.050000 - momentum: 0.000000
2025-12-22 20:56:40,288 ----------------------------------------------------------------------------------------------------
2025-12-22 20:56:40,288 EPOCH 71 done: loss 0.2503 - lr: 0.050000
2025-12-22 20:56:40,664 DEV : loss 0.3874094784259796 - f1-score (micro avg)  0.8873
2025-12-22 20:56:40,665  - 2 epochs without improvement
2025-12-22 20:56:40,665 ----------------------------------------------------------------------------------------------------
2025-12-22 20:56:41,035 epoch 72 - iter 1/13 - loss 0.22778170 - time (sec): 0.37 - samples/sec: 2200.43 - lr: 0.050000 - momentum: 0.000000
2025-12-22 20:56:41,228 epoch 72 - iter 2/13 - loss 0.24235078 - time (sec): 0.56 - samples/sec: 2792.96 - lr: 0.050000 - momentum: 0.000000
2025-12-22 20:56:41,421 epoch 72 - iter 3/13 - loss 0.23524412 - time (sec): 0.76 - samples/sec: 2973.05 - lr: 0.050000 - momentum: 0.000000
2025-12-22 20:56:41,660 epoch 72 - iter 4/13 - loss 0.23261485 - time (sec): 0.99 - samples/sec: 3022.80 - lr: 0.050000 - momentum: 0.000000
2025-12-22 20:56:41,866 epoch 72 - iter 5/13 - loss 0.23282834 - time (sec): 1.20 - samples/sec: 3087.22 - lr: 0.050000 - momentum: 0.000000
2025-12-22 20:56:42,037 epoch 72 - iter 6/13 - loss 0.23631273 - time (sec): 1.37 - samples/sec: 3146.17 - lr: 0.050000 - momentum: 0.000000
2025-12-22 20:56:42,247 epoch 72 - iter 7/13 - loss 0.23365053 - time (sec): 1.58 - samples/sec: 3224.41 - lr: 0.050000 - momentum: 0.000000
2025-12-22 20:56:42,521 epoch 72 - iter 8/13 - loss 0.23017090 - time (sec): 1.86 - samples/sec: 3090.89 - lr: 0.050000 - momentum: 0.000000
2025-12-22 20:56:42,859 epoch 72 - iter 9/13 - loss 0.22788286 - time (sec): 2.19 - samples/sec: 2922.43 - lr: 0.050000 - momentum: 0.000000
2025-12-22 20:56:43,056 epoch 72 - iter 10/13 - loss 0.22671817 - time (sec): 2.39 - samples/sec: 3005.23 - lr: 0.050000 - momentum: 0.000000
2025-12-22 20:56:43,280 epoch 72 - iter 11/13 - loss 0.23172188 - time (sec): 2.61 - samples/sec: 3047.17 - lr: 0.050000 - momentum: 0.000000
2025-12-22 20:56:43,420 epoch 72 - iter 12/13 - loss 0.22741340 - time (sec): 2.75 - samples/sec: 3108.77 - lr: 0.050000 - momentum: 0.000000
2025-12-22 20:56:43,636 epoch 72 - iter 13/13 - loss 0.22619662 - time (sec): 2.97 - samples/sec: 3111.36 - lr: 0.050000 - momentum: 0.000000
2025-12-22 20:56:43,637 ----------------------------------------------------------------------------------------------------
2025-12-22 20:56:43,637 EPOCH 72 done: loss 0.2262 - lr: 0.050000
2025-12-22 20:56:44,009 DEV : loss 0.39180195331573486 - f1-score (micro avg)  0.8867
2025-12-22 20:56:44,010  - 3 epochs without improvement
2025-12-22 20:56:44,010 ----------------------------------------------------------------------------------------------------
2025-12-22 20:56:44,282 epoch 73 - iter 1/13 - loss 0.22648488 - time (sec): 0.27 - samples/sec: 2871.18 - lr: 0.050000 - momentum: 0.000000
2025-12-22 20:56:44,491 epoch 73 - iter 2/13 - loss 0.22907291 - time (sec): 0.48 - samples/sec: 3484.30 - lr: 0.050000 - momentum: 0.000000
2025-12-22 20:56:44,677 epoch 73 - iter 3/13 - loss 0.22057689 - time (sec): 0.67 - samples/sec: 3472.56 - lr: 0.050000 - momentum: 0.000000
2025-12-22 20:56:45,058 epoch 73 - iter 4/13 - loss 0.23447357 - time (sec): 1.05 - samples/sec: 3058.13 - lr: 0.050000 - momentum: 0.000000
2025-12-22 20:56:45,266 epoch 73 - iter 5/13 - loss 0.23533868 - time (sec): 1.26 - samples/sec: 3048.51 - lr: 0.050000 - momentum: 0.000000
2025-12-22 20:56:45,452 epoch 73 - iter 6/13 - loss 0.24141934 - time (sec): 1.44 - samples/sec: 3103.01 - lr: 0.050000 - momentum: 0.000000
2025-12-22 20:56:45,812 epoch 73 - iter 7/13 - loss 0.23660177 - time (sec): 1.80 - samples/sec: 2875.05 - lr: 0.050000 - momentum: 0.000000
2025-12-22 20:56:46,030 epoch 73 - iter 8/13 - loss 0.23033996 - time (sec): 2.02 - samples/sec: 2922.55 - lr: 0.050000 - momentum: 0.000000
2025-12-22 20:56:46,330 epoch 73 - iter 9/13 - loss 0.22729695 - time (sec): 2.32 - samples/sec: 2846.68 - lr: 0.050000 - momentum: 0.000000
2025-12-22 20:56:46,520 epoch 73 - iter 10/13 - loss 0.22777605 - time (sec): 2.51 - samples/sec: 2881.37 - lr: 0.050000 - momentum: 0.000000
2025-12-22 20:56:46,748 epoch 73 - iter 11/13 - loss 0.23037462 - time (sec): 2.74 - samples/sec: 2874.67 - lr: 0.050000 - momentum: 0.000000
2025-12-22 20:56:46,926 epoch 73 - iter 12/13 - loss 0.23074011 - time (sec): 2.92 - samples/sec: 2934.63 - lr: 0.050000 - momentum: 0.000000
2025-12-22 20:56:47,229 epoch 73 - iter 13/13 - loss 0.23341756 - time (sec): 3.22 - samples/sec: 2871.98 - lr: 0.050000 - momentum: 0.000000
2025-12-22 20:56:47,229 ----------------------------------------------------------------------------------------------------
2025-12-22 20:56:47,229 EPOCH 73 done: loss 0.2334 - lr: 0.050000
2025-12-22 20:56:47,713 DEV : loss 0.37985584139823914 - f1-score (micro avg)  0.8884
2025-12-22 20:56:47,714  - 4 epochs without improvement (above 'patience')-> annealing learning_rate to [0.025]
2025-12-22 20:56:47,714 ----------------------------------------------------------------------------------------------------
2025-12-22 20:56:47,913 epoch 74 - iter 1/13 - loss 0.27920349 - time (sec): 0.20 - samples/sec: 3684.19 - lr: 0.025000 - momentum: 0.000000
2025-12-22 20:56:48,132 epoch 74 - iter 2/13 - loss 0.24850976 - time (sec): 0.42 - samples/sec: 3454.93 - lr: 0.025000 - momentum: 0.000000
2025-12-22 20:56:48,517 epoch 74 - iter 3/13 - loss 0.24022843 - time (sec): 0.80 - samples/sec: 2765.62 - lr: 0.025000 - momentum: 0.000000
2025-12-22 20:56:48,742 epoch 74 - iter 4/13 - loss 0.23426120 - time (sec): 1.03 - samples/sec: 2831.01 - lr: 0.025000 - momentum: 0.000000
2025-12-22 20:56:49,052 epoch 74 - iter 5/13 - loss 0.22544929 - time (sec): 1.34 - samples/sec: 2768.61 - lr: 0.025000 - momentum: 0.000000
2025-12-22 20:56:49,230 epoch 74 - iter 6/13 - loss 0.23367005 - time (sec): 1.51 - samples/sec: 2885.88 - lr: 0.025000 - momentum: 0.000000
2025-12-22 20:56:49,421 epoch 74 - iter 7/13 - loss 0.23491666 - time (sec): 1.71 - samples/sec: 2948.07 - lr: 0.025000 - momentum: 0.000000
2025-12-22 20:56:49,653 epoch 74 - iter 8/13 - loss 0.23610641 - time (sec): 1.94 - samples/sec: 3033.14 - lr: 0.025000 - momentum: 0.000000
2025-12-22 20:56:49,852 epoch 74 - iter 9/13 - loss 0.23493902 - time (sec): 2.14 - samples/sec: 3116.25 - lr: 0.025000 - momentum: 0.000000
2025-12-22 20:56:50,193 epoch 74 - iter 10/13 - loss 0.22973309 - time (sec): 2.48 - samples/sec: 2982.15 - lr: 0.025000 - momentum: 0.000000
2025-12-22 20:56:50,386 epoch 74 - iter 11/13 - loss 0.22644471 - time (sec): 2.67 - samples/sec: 3002.06 - lr: 0.025000 - momentum: 0.000000
2025-12-22 20:56:50,586 epoch 74 - iter 12/13 - loss 0.23100303 - time (sec): 2.87 - samples/sec: 3068.41 - lr: 0.025000 - momentum: 0.000000
2025-12-22 20:56:50,765 epoch 74 - iter 13/13 - loss 0.23090278 - time (sec): 3.05 - samples/sec: 3030.06 - lr: 0.025000 - momentum: 0.000000
2025-12-22 20:56:50,765 ----------------------------------------------------------------------------------------------------
2025-12-22 20:56:50,765 EPOCH 74 done: loss 0.2309 - lr: 0.025000
2025-12-22 20:56:51,144 DEV : loss 0.3790636956691742 - f1-score (micro avg)  0.8898
2025-12-22 20:56:51,145  - 1 epochs without improvement
2025-12-22 20:56:51,145 ----------------------------------------------------------------------------------------------------
2025-12-22 20:56:51,470 epoch 75 - iter 1/13 - loss 0.27311361 - time (sec): 0.32 - samples/sec: 2459.74 - lr: 0.025000 - momentum: 0.000000
2025-12-22 20:56:51,693 epoch 75 - iter 2/13 - loss 0.25919170 - time (sec): 0.55 - samples/sec: 2823.51 - lr: 0.025000 - momentum: 0.000000
2025-12-22 20:56:51,982 epoch 75 - iter 3/13 - loss 0.24294075 - time (sec): 0.84 - samples/sec: 2719.75 - lr: 0.025000 - momentum: 0.000000
2025-12-22 20:56:52,319 epoch 75 - iter 4/13 - loss 0.23913761 - time (sec): 1.17 - samples/sec: 2558.75 - lr: 0.025000 - momentum: 0.000000
2025-12-22 20:56:52,456 epoch 75 - iter 5/13 - loss 0.22454802 - time (sec): 1.31 - samples/sec: 2768.46 - lr: 0.025000 - momentum: 0.000000
2025-12-22 20:56:52,660 epoch 75 - iter 6/13 - loss 0.22448531 - time (sec): 1.51 - samples/sec: 2863.10 - lr: 0.025000 - momentum: 0.000000
2025-12-22 20:56:52,854 epoch 75 - iter 7/13 - loss 0.22938748 - time (sec): 1.71 - samples/sec: 2991.78 - lr: 0.025000 - momentum: 0.000000
2025-12-22 20:56:53,045 epoch 75 - iter 8/13 - loss 0.23207850 - time (sec): 1.90 - samples/sec: 3004.20 - lr: 0.025000 - momentum: 0.000000
2025-12-22 20:56:53,312 epoch 75 - iter 9/13 - loss 0.23401346 - time (sec): 2.17 - samples/sec: 2932.38 - lr: 0.025000 - momentum: 0.000000
2025-12-22 20:56:53,674 epoch 75 - iter 10/13 - loss 0.23377717 - time (sec): 2.53 - samples/sec: 2852.29 - lr: 0.025000 - momentum: 0.000000
2025-12-22 20:56:53,887 epoch 75 - iter 11/13 - loss 0.23749319 - time (sec): 2.74 - samples/sec: 2868.36 - lr: 0.025000 - momentum: 0.000000
2025-12-22 20:56:54,098 epoch 75 - iter 12/13 - loss 0.23554059 - time (sec): 2.95 - samples/sec: 2925.55 - lr: 0.025000 - momentum: 0.000000
2025-12-22 20:56:54,290 epoch 75 - iter 13/13 - loss 0.23186170 - time (sec): 3.14 - samples/sec: 2939.70 - lr: 0.025000 - momentum: 0.000000
2025-12-22 20:56:54,290 ----------------------------------------------------------------------------------------------------
2025-12-22 20:56:54,290 EPOCH 75 done: loss 0.2319 - lr: 0.025000
2025-12-22 20:56:54,700 DEV : loss 0.37949320673942566 - f1-score (micro avg)  0.889
2025-12-22 20:56:54,701  - 2 epochs without improvement
2025-12-22 20:56:54,701 ----------------------------------------------------------------------------------------------------
2025-12-22 20:56:54,935 epoch 76 - iter 1/13 - loss 0.21894346 - time (sec): 0.23 - samples/sec: 3154.24 - lr: 0.025000 - momentum: 0.000000
2025-12-22 20:56:55,322 epoch 76 - iter 2/13 - loss 0.20774675 - time (sec): 0.62 - samples/sec: 2442.26 - lr: 0.025000 - momentum: 0.000000
2025-12-22 20:56:55,436 epoch 76 - iter 3/13 - loss 0.20526889 - time (sec): 0.73 - samples/sec: 2777.51 - lr: 0.025000 - momentum: 0.000000
2025-12-22 20:56:55,668 epoch 76 - iter 4/13 - loss 0.20610510 - time (sec): 0.97 - samples/sec: 2897.09 - lr: 0.025000 - momentum: 0.000000
2025-12-22 20:56:55,855 epoch 76 - iter 5/13 - loss 0.20241658 - time (sec): 1.15 - samples/sec: 3087.50 - lr: 0.025000 - momentum: 0.000000
2025-12-22 20:56:56,067 epoch 76 - iter 6/13 - loss 0.21359011 - time (sec): 1.37 - samples/sec: 3126.98 - lr: 0.025000 - momentum: 0.000000
2025-12-22 20:56:56,257 epoch 76 - iter 7/13 - loss 0.20742736 - time (sec): 1.56 - samples/sec: 3216.04 - lr: 0.025000 - momentum: 0.000000
2025-12-22 20:56:56,432 epoch 76 - iter 8/13 - loss 0.20712416 - time (sec): 1.73 - samples/sec: 3249.83 - lr: 0.025000 - momentum: 0.000000
2025-12-22 20:56:56,609 epoch 76 - iter 9/13 - loss 0.21411230 - time (sec): 1.91 - samples/sec: 3285.22 - lr: 0.025000 - momentum: 0.000000
2025-12-22 20:56:56,811 epoch 76 - iter 10/13 - loss 0.22096462 - time (sec): 2.11 - samples/sec: 3314.95 - lr: 0.025000 - momentum: 0.000000
2025-12-22 20:56:57,179 epoch 76 - iter 11/13 - loss 0.22284269 - time (sec): 2.48 - samples/sec: 3128.80 - lr: 0.025000 - momentum: 0.000000
2025-12-22 20:56:57,401 epoch 76 - iter 12/13 - loss 0.22672666 - time (sec): 2.70 - samples/sec: 3142.60 - lr: 0.025000 - momentum: 0.000000
2025-12-22 20:56:57,685 epoch 76 - iter 13/13 - loss 0.22773178 - time (sec): 2.98 - samples/sec: 3097.89 - lr: 0.025000 - momentum: 0.000000
2025-12-22 20:56:57,686 ----------------------------------------------------------------------------------------------------
2025-12-22 20:56:57,686 EPOCH 76 done: loss 0.2277 - lr: 0.025000
2025-12-22 20:56:58,052 DEV : loss 0.38339242339134216 - f1-score (micro avg)  0.8878
2025-12-22 20:56:58,052  - 3 epochs without improvement
2025-12-22 20:56:58,053 ----------------------------------------------------------------------------------------------------
2025-12-22 20:56:58,275 epoch 77 - iter 1/13 - loss 0.19679431 - time (sec): 0.22 - samples/sec: 3624.34 - lr: 0.025000 - momentum: 0.000000
2025-12-22 20:56:58,642 epoch 77 - iter 2/13 - loss 0.21386424 - time (sec): 0.59 - samples/sec: 2806.97 - lr: 0.025000 - momentum: 0.000000
2025-12-22 20:56:58,863 epoch 77 - iter 3/13 - loss 0.21086195 - time (sec): 0.81 - samples/sec: 3014.24 - lr: 0.025000 - momentum: 0.000000
2025-12-22 20:56:59,187 epoch 77 - iter 4/13 - loss 0.21556824 - time (sec): 1.13 - samples/sec: 2766.41 - lr: 0.025000 - momentum: 0.000000
2025-12-22 20:56:59,393 epoch 77 - iter 5/13 - loss 0.22332248 - time (sec): 1.34 - samples/sec: 2878.42 - lr: 0.025000 - momentum: 0.000000
2025-12-22 20:56:59,664 epoch 77 - iter 6/13 - loss 0.22660127 - time (sec): 1.61 - samples/sec: 2877.59 - lr: 0.025000 - momentum: 0.000000
2025-12-22 20:56:59,802 epoch 77 - iter 7/13 - loss 0.22375328 - time (sec): 1.75 - samples/sec: 3001.28 - lr: 0.025000 - momentum: 0.000000
2025-12-22 20:57:00,070 epoch 77 - iter 8/13 - loss 0.22036144 - time (sec): 2.02 - samples/sec: 2950.62 - lr: 0.025000 - momentum: 0.000000
2025-12-22 20:57:00,189 epoch 77 - iter 9/13 - loss 0.21652810 - time (sec): 2.14 - samples/sec: 3076.50 - lr: 0.025000 - momentum: 0.000000
2025-12-22 20:57:00,510 epoch 77 - iter 10/13 - loss 0.21837349 - time (sec): 2.46 - samples/sec: 2971.46 - lr: 0.025000 - momentum: 0.000000
2025-12-22 20:57:00,731 epoch 77 - iter 11/13 - loss 0.22172874 - time (sec): 2.68 - samples/sec: 2981.01 - lr: 0.025000 - momentum: 0.000000
2025-12-22 20:57:00,946 epoch 77 - iter 12/13 - loss 0.22212356 - time (sec): 2.89 - samples/sec: 3006.29 - lr: 0.025000 - momentum: 0.000000
2025-12-22 20:57:01,098 epoch 77 - iter 13/13 - loss 0.22493363 - time (sec): 3.04 - samples/sec: 3035.59 - lr: 0.025000 - momentum: 0.000000
2025-12-22 20:57:01,098 ----------------------------------------------------------------------------------------------------
2025-12-22 20:57:01,098 EPOCH 77 done: loss 0.2249 - lr: 0.025000
2025-12-22 20:57:01,476 DEV : loss 0.3815386891365051 - f1-score (micro avg)  0.8881
2025-12-22 20:57:01,477  - 4 epochs without improvement (above 'patience')-> annealing learning_rate to [0.0125]
2025-12-22 20:57:01,478 ----------------------------------------------------------------------------------------------------
2025-12-22 20:57:01,681 epoch 78 - iter 1/13 - loss 0.22026269 - time (sec): 0.20 - samples/sec: 3417.17 - lr: 0.012500 - momentum: 0.000000
2025-12-22 20:57:01,876 epoch 78 - iter 2/13 - loss 0.22026863 - time (sec): 0.40 - samples/sec: 3491.16 - lr: 0.012500 - momentum: 0.000000
2025-12-22 20:57:02,028 epoch 78 - iter 3/13 - loss 0.21941696 - time (sec): 0.55 - samples/sec: 3530.64 - lr: 0.012500 - momentum: 0.000000
2025-12-22 20:57:02,251 epoch 78 - iter 4/13 - loss 0.21183071 - time (sec): 0.77 - samples/sec: 3578.28 - lr: 0.012500 - momentum: 0.000000
2025-12-22 20:57:02,466 epoch 78 - iter 5/13 - loss 0.21862974 - time (sec): 0.99 - samples/sec: 3542.81 - lr: 0.012500 - momentum: 0.000000
2025-12-22 20:57:02,843 epoch 78 - iter 6/13 - loss 0.21912707 - time (sec): 1.36 - samples/sec: 3187.70 - lr: 0.012500 - momentum: 0.000000
2025-12-22 20:57:03,206 epoch 78 - iter 7/13 - loss 0.21733007 - time (sec): 1.73 - samples/sec: 2950.94 - lr: 0.012500 - momentum: 0.000000
2025-12-22 20:57:03,384 epoch 78 - iter 8/13 - loss 0.21467921 - time (sec): 1.91 - samples/sec: 2979.91 - lr: 0.012500 - momentum: 0.000000
2025-12-22 20:57:03,541 epoch 78 - iter 9/13 - loss 0.21256051 - time (sec): 2.06 - samples/sec: 3089.32 - lr: 0.012500 - momentum: 0.000000
2025-12-22 20:57:03,761 epoch 78 - iter 10/13 - loss 0.21672095 - time (sec): 2.28 - samples/sec: 3121.31 - lr: 0.012500 - momentum: 0.000000
2025-12-22 20:57:04,178 epoch 78 - iter 11/13 - loss 0.21885901 - time (sec): 2.70 - samples/sec: 2976.42 - lr: 0.012500 - momentum: 0.000000
2025-12-22 20:57:04,362 epoch 78 - iter 12/13 - loss 0.21862559 - time (sec): 2.88 - samples/sec: 3009.21 - lr: 0.012500 - momentum: 0.000000
2025-12-22 20:57:04,516 epoch 78 - iter 13/13 - loss 0.21825269 - time (sec): 3.04 - samples/sec: 3042.02 - lr: 0.012500 - momentum: 0.000000
2025-12-22 20:57:04,517 ----------------------------------------------------------------------------------------------------
2025-12-22 20:57:04,517 EPOCH 78 done: loss 0.2183 - lr: 0.012500
2025-12-22 20:57:05,098 DEV : loss 0.38120219111442566 - f1-score (micro avg)  0.8881
2025-12-22 20:57:05,099  - 1 epochs without improvement
2025-12-22 20:57:05,099 ----------------------------------------------------------------------------------------------------
2025-12-22 20:57:05,326 epoch 79 - iter 1/13 - loss 0.23257266 - time (sec): 0.23 - samples/sec: 2756.42 - lr: 0.012500 - momentum: 0.000000
2025-12-22 20:57:05,547 epoch 79 - iter 2/13 - loss 0.22633608 - time (sec): 0.45 - samples/sec: 3017.85 - lr: 0.012500 - momentum: 0.000000
2025-12-22 20:57:05,765 epoch 79 - iter 3/13 - loss 0.22326128 - time (sec): 0.67 - samples/sec: 3136.30 - lr: 0.012500 - momentum: 0.000000
2025-12-22 20:57:06,158 epoch 79 - iter 4/13 - loss 0.21699219 - time (sec): 1.06 - samples/sec: 2734.30 - lr: 0.012500 - momentum: 0.000000
2025-12-22 20:57:06,389 epoch 79 - iter 5/13 - loss 0.22044373 - time (sec): 1.29 - samples/sec: 2792.02 - lr: 0.012500 - momentum: 0.000000
2025-12-22 20:57:06,705 epoch 79 - iter 6/13 - loss 0.21862763 - time (sec): 1.61 - samples/sec: 2749.90 - lr: 0.012500 - momentum: 0.000000
2025-12-22 20:57:07,063 epoch 79 - iter 7/13 - loss 0.21469613 - time (sec): 1.96 - samples/sec: 2594.94 - lr: 0.012500 - momentum: 0.000000
2025-12-22 20:57:07,349 epoch 79 - iter 8/13 - loss 0.21547448 - time (sec): 2.25 - samples/sec: 2582.92 - lr: 0.012500 - momentum: 0.000000
2025-12-22 20:57:07,537 epoch 79 - iter 9/13 - loss 0.21318648 - time (sec): 2.44 - samples/sec: 2668.87 - lr: 0.012500 - momentum: 0.000000
2025-12-22 20:57:07,743 epoch 79 - iter 10/13 - loss 0.21259362 - time (sec): 2.64 - samples/sec: 2700.15 - lr: 0.012500 - momentum: 0.000000
2025-12-22 20:57:07,929 epoch 79 - iter 11/13 - loss 0.21742206 - time (sec): 2.83 - samples/sec: 2771.05 - lr: 0.012500 - momentum: 0.000000
2025-12-22 20:57:08,109 epoch 79 - iter 12/13 - loss 0.22009501 - time (sec): 3.01 - samples/sec: 2847.41 - lr: 0.012500 - momentum: 0.000000
2025-12-22 20:57:08,312 epoch 79 - iter 13/13 - loss 0.22179707 - time (sec): 3.21 - samples/sec: 2876.93 - lr: 0.012500 - momentum: 0.000000
2025-12-22 20:57:08,312 ----------------------------------------------------------------------------------------------------
2025-12-22 20:57:08,312 EPOCH 79 done: loss 0.2218 - lr: 0.012500
2025-12-22 20:57:08,702 DEV : loss 0.3797578513622284 - f1-score (micro avg)  0.8898
2025-12-22 20:57:08,703  - 2 epochs without improvement
2025-12-22 20:57:08,703 ----------------------------------------------------------------------------------------------------
2025-12-22 20:57:09,089 epoch 80 - iter 1/13 - loss 0.18744407 - time (sec): 0.39 - samples/sec: 2265.18 - lr: 0.012500 - momentum: 0.000000
2025-12-22 20:57:09,283 epoch 80 - iter 2/13 - loss 0.20025616 - time (sec): 0.58 - samples/sec: 2743.67 - lr: 0.012500 - momentum: 0.000000
2025-12-22 20:57:09,499 epoch 80 - iter 3/13 - loss 0.20721762 - time (sec): 0.80 - samples/sec: 2909.78 - lr: 0.012500 - momentum: 0.000000
2025-12-22 20:57:09,729 epoch 80 - iter 4/13 - loss 0.20326966 - time (sec): 1.03 - samples/sec: 2956.34 - lr: 0.012500 - momentum: 0.000000
2025-12-22 20:57:09,943 epoch 80 - iter 5/13 - loss 0.20515255 - time (sec): 1.24 - samples/sec: 3048.70 - lr: 0.012500 - momentum: 0.000000
2025-12-22 20:57:10,115 epoch 80 - iter 6/13 - loss 0.20982906 - time (sec): 1.41 - samples/sec: 3076.11 - lr: 0.012500 - momentum: 0.000000
2025-12-22 20:57:10,369 epoch 80 - iter 7/13 - loss 0.21334460 - time (sec): 1.67 - samples/sec: 3034.03 - lr: 0.012500 - momentum: 0.000000
2025-12-22 20:57:10,573 epoch 80 - iter 8/13 - loss 0.20905826 - time (sec): 1.87 - samples/sec: 3085.17 - lr: 0.012500 - momentum: 0.000000
2025-12-22 20:57:10,783 epoch 80 - iter 9/13 - loss 0.20988029 - time (sec): 2.08 - samples/sec: 3141.03 - lr: 0.012500 - momentum: 0.000000
2025-12-22 20:57:11,041 epoch 80 - iter 10/13 - loss 0.21120736 - time (sec): 2.34 - samples/sec: 3095.07 - lr: 0.012500 - momentum: 0.000000
2025-12-22 20:57:11,199 epoch 80 - iter 11/13 - loss 0.20827069 - time (sec): 2.50 - samples/sec: 3175.42 - lr: 0.012500 - momentum: 0.000000
2025-12-22 20:57:11,381 epoch 80 - iter 12/13 - loss 0.20950878 - time (sec): 2.68 - samples/sec: 3179.96 - lr: 0.012500 - momentum: 0.000000
2025-12-22 20:57:11,699 epoch 80 - iter 13/13 - loss 0.21544756 - time (sec): 3.00 - samples/sec: 3085.78 - lr: 0.012500 - momentum: 0.000000
2025-12-22 20:57:11,699 ----------------------------------------------------------------------------------------------------
2025-12-22 20:57:11,699 EPOCH 80 done: loss 0.2154 - lr: 0.012500
2025-12-22 20:57:12,077 DEV : loss 0.3875337541103363 - f1-score (micro avg)  0.8884
2025-12-22 20:57:12,077  - 3 epochs without improvement
2025-12-22 20:57:12,078 ----------------------------------------------------------------------------------------------------
2025-12-22 20:57:12,282 epoch 81 - iter 1/13 - loss 0.24741115 - time (sec): 0.20 - samples/sec: 3493.96 - lr: 0.012500 - momentum: 0.000000
2025-12-22 20:57:12,625 epoch 81 - iter 2/13 - loss 0.26024355 - time (sec): 0.55 - samples/sec: 2756.48 - lr: 0.012500 - momentum: 0.000000
2025-12-22 20:57:12,807 epoch 81 - iter 3/13 - loss 0.24552171 - time (sec): 0.73 - samples/sec: 2997.76 - lr: 0.012500 - momentum: 0.000000
2025-12-22 20:57:12,999 epoch 81 - iter 4/13 - loss 0.23810316 - time (sec): 0.92 - samples/sec: 3181.09 - lr: 0.012500 - momentum: 0.000000
2025-12-22 20:57:13,379 epoch 81 - iter 5/13 - loss 0.23932680 - time (sec): 1.30 - samples/sec: 2932.24 - lr: 0.012500 - momentum: 0.000000
2025-12-22 20:57:13,627 epoch 81 - iter 6/13 - loss 0.22938290 - time (sec): 1.55 - samples/sec: 2883.85 - lr: 0.012500 - momentum: 0.000000
2025-12-22 20:57:13,781 epoch 81 - iter 7/13 - loss 0.22979612 - time (sec): 1.70 - samples/sec: 3022.50 - lr: 0.012500 - momentum: 0.000000
2025-12-22 20:57:14,014 epoch 81 - iter 8/13 - loss 0.22724972 - time (sec): 1.94 - samples/sec: 3101.72 - lr: 0.012500 - momentum: 0.000000
2025-12-22 20:57:14,294 epoch 81 - iter 9/13 - loss 0.22506360 - time (sec): 2.22 - samples/sec: 3008.21 - lr: 0.012500 - momentum: 0.000000
2025-12-22 20:57:14,489 epoch 81 - iter 10/13 - loss 0.22490293 - time (sec): 2.41 - samples/sec: 3063.57 - lr: 0.012500 - momentum: 0.000000
2025-12-22 20:57:14,872 epoch 81 - iter 11/13 - loss 0.22720195 - time (sec): 2.79 - samples/sec: 2894.39 - lr: 0.012500 - momentum: 0.000000
2025-12-22 20:57:14,999 epoch 81 - iter 12/13 - loss 0.22419058 - time (sec): 2.92 - samples/sec: 2948.82 - lr: 0.012500 - momentum: 0.000000
2025-12-22 20:57:15,179 epoch 81 - iter 13/13 - loss 0.22301944 - time (sec): 3.10 - samples/sec: 2980.26 - lr: 0.012500 - momentum: 0.000000
2025-12-22 20:57:15,180 ----------------------------------------------------------------------------------------------------
2025-12-22 20:57:15,180 EPOCH 81 done: loss 0.2230 - lr: 0.012500
2025-12-22 20:57:15,573 DEV : loss 0.381813645362854 - f1-score (micro avg)  0.8895
2025-12-22 20:57:15,574  - 4 epochs without improvement (above 'patience')-> annealing learning_rate to [0.00625]
2025-12-22 20:57:15,574 ----------------------------------------------------------------------------------------------------
2025-12-22 20:57:15,885 epoch 82 - iter 1/13 - loss 0.20053046 - time (sec): 0.31 - samples/sec: 2506.84 - lr: 0.006250 - momentum: 0.000000
2025-12-22 20:57:16,109 epoch 82 - iter 2/13 - loss 0.18552091 - time (sec): 0.53 - samples/sec: 2886.43 - lr: 0.006250 - momentum: 0.000000
2025-12-22 20:57:16,488 epoch 82 - iter 3/13 - loss 0.22377578 - time (sec): 0.91 - samples/sec: 2646.26 - lr: 0.006250 - momentum: 0.000000
2025-12-22 20:57:16,693 epoch 82 - iter 4/13 - loss 0.21338372 - time (sec): 1.12 - samples/sec: 2901.92 - lr: 0.006250 - momentum: 0.000000
2025-12-22 20:57:16,922 epoch 82 - iter 5/13 - loss 0.20666053 - time (sec): 1.35 - samples/sec: 2891.21 - lr: 0.006250 - momentum: 0.000000
2025-12-22 20:57:17,146 epoch 82 - iter 6/13 - loss 0.20657494 - time (sec): 1.57 - samples/sec: 2934.20 - lr: 0.006250 - momentum: 0.000000
2025-12-22 20:57:17,270 epoch 82 - iter 7/13 - loss 0.20807419 - time (sec): 1.70 - samples/sec: 3106.84 - lr: 0.006250 - momentum: 0.000000
2025-12-22 20:57:17,585 epoch 82 - iter 8/13 - loss 0.21237506 - time (sec): 2.01 - samples/sec: 2991.14 - lr: 0.006250 - momentum: 0.000000
2025-12-22 20:57:17,936 epoch 82 - iter 9/13 - loss 0.21133116 - time (sec): 2.36 - samples/sec: 2890.69 - lr: 0.006250 - momentum: 0.000000
2025-12-22 20:57:18,128 epoch 82 - iter 10/13 - loss 0.21224305 - time (sec): 2.55 - samples/sec: 2938.24 - lr: 0.006250 - momentum: 0.000000
2025-12-22 20:57:18,482 epoch 82 - iter 11/13 - loss 0.21349168 - time (sec): 2.91 - samples/sec: 2810.31 - lr: 0.006250 - momentum: 0.000000
2025-12-22 20:57:18,651 epoch 82 - iter 12/13 - loss 0.21477132 - time (sec): 3.08 - samples/sec: 2857.87 - lr: 0.006250 - momentum: 0.000000
2025-12-22 20:57:18,768 epoch 82 - iter 13/13 - loss 0.21392815 - time (sec): 3.19 - samples/sec: 2894.55 - lr: 0.006250 - momentum: 0.000000
2025-12-22 20:57:18,769 ----------------------------------------------------------------------------------------------------
2025-12-22 20:57:18,769 EPOCH 82 done: loss 0.2139 - lr: 0.006250
2025-12-22 20:57:19,154 DEV : loss 0.38233262300491333 - f1-score (micro avg)  0.8909
2025-12-22 20:57:19,155  - 1 epochs without improvement
2025-12-22 20:57:19,155 ----------------------------------------------------------------------------------------------------
2025-12-22 20:57:19,512 epoch 83 - iter 1/13 - loss 0.18831720 - time (sec): 0.36 - samples/sec: 2287.00 - lr: 0.006250 - momentum: 0.000000
2025-12-22 20:57:19,702 epoch 83 - iter 2/13 - loss 0.21736023 - time (sec): 0.55 - samples/sec: 2688.03 - lr: 0.006250 - momentum: 0.000000
2025-12-22 20:57:19,893 epoch 83 - iter 3/13 - loss 0.20826432 - time (sec): 0.74 - samples/sec: 3026.31 - lr: 0.006250 - momentum: 0.000000
2025-12-22 20:57:20,110 epoch 83 - iter 4/13 - loss 0.21225360 - time (sec): 0.95 - samples/sec: 3189.74 - lr: 0.006250 - momentum: 0.000000
2025-12-22 20:57:20,327 epoch 83 - iter 5/13 - loss 0.21472698 - time (sec): 1.17 - samples/sec: 3186.40 - lr: 0.006250 - momentum: 0.000000
2025-12-22 20:57:20,609 epoch 83 - iter 6/13 - loss 0.21758892 - time (sec): 1.45 - samples/sec: 3000.54 - lr: 0.006250 - momentum: 0.000000
2025-12-22 20:57:20,760 epoch 83 - iter 7/13 - loss 0.21453954 - time (sec): 1.60 - samples/sec: 3123.87 - lr: 0.006250 - momentum: 0.000000
2025-12-22 20:57:21,044 epoch 83 - iter 8/13 - loss 0.21347060 - time (sec): 1.89 - samples/sec: 3008.18 - lr: 0.006250 - momentum: 0.000000
2025-12-22 20:57:21,242 epoch 83 - iter 9/13 - loss 0.21454991 - time (sec): 2.09 - samples/sec: 3061.19 - lr: 0.006250 - momentum: 0.000000
2025-12-22 20:57:21,624 epoch 83 - iter 10/13 - loss 0.21468024 - time (sec): 2.47 - samples/sec: 2979.79 - lr: 0.006250 - momentum: 0.000000
2025-12-22 20:57:22,107 epoch 83 - iter 11/13 - loss 0.21676192 - time (sec): 2.95 - samples/sec: 2740.69 - lr: 0.006250 - momentum: 0.000000
2025-12-22 20:57:22,348 epoch 83 - iter 12/13 - loss 0.21871085 - time (sec): 3.19 - samples/sec: 2735.17 - lr: 0.006250 - momentum: 0.000000
2025-12-22 20:57:22,504 epoch 83 - iter 13/13 - loss 0.21839363 - time (sec): 3.35 - samples/sec: 2760.57 - lr: 0.006250 - momentum: 0.000000
2025-12-22 20:57:22,504 ----------------------------------------------------------------------------------------------------
2025-12-22 20:57:22,504 EPOCH 83 done: loss 0.2184 - lr: 0.006250
2025-12-22 20:57:23,082 DEV : loss 0.3831194043159485 - f1-score (micro avg)  0.8906
2025-12-22 20:57:23,083  - 2 epochs without improvement
2025-12-22 20:57:23,083 ----------------------------------------------------------------------------------------------------
2025-12-22 20:57:23,392 epoch 84 - iter 1/13 - loss 0.22131723 - time (sec): 0.31 - samples/sec: 2212.14 - lr: 0.006250 - momentum: 0.000000
2025-12-22 20:57:23,558 epoch 84 - iter 2/13 - loss 0.21459151 - time (sec): 0.48 - samples/sec: 2791.17 - lr: 0.006250 - momentum: 0.000000
2025-12-22 20:57:23,745 epoch 84 - iter 3/13 - loss 0.23236838 - time (sec): 0.66 - samples/sec: 2938.05 - lr: 0.006250 - momentum: 0.000000
2025-12-22 20:57:24,088 epoch 84 - iter 4/13 - loss 0.23237647 - time (sec): 1.00 - samples/sec: 2600.75 - lr: 0.006250 - momentum: 0.000000
2025-12-22 20:57:24,303 epoch 84 - iter 5/13 - loss 0.23419802 - time (sec): 1.22 - samples/sec: 2720.26 - lr: 0.006250 - momentum: 0.000000
2025-12-22 20:57:24,472 epoch 84 - iter 6/13 - loss 0.22494566 - time (sec): 1.39 - samples/sec: 2896.21 - lr: 0.006250 - momentum: 0.000000
2025-12-22 20:57:24,809 epoch 84 - iter 7/13 - loss 0.22071036 - time (sec): 1.73 - samples/sec: 2815.38 - lr: 0.006250 - momentum: 0.000000
2025-12-22 20:57:25,147 epoch 84 - iter 8/13 - loss 0.22588526 - time (sec): 2.06 - samples/sec: 2710.23 - lr: 0.006250 - momentum: 0.000000
2025-12-22 20:57:25,360 epoch 84 - iter 9/13 - loss 0.22362106 - time (sec): 2.28 - samples/sec: 2755.78 - lr: 0.006250 - momentum: 0.000000
2025-12-22 20:57:25,606 epoch 84 - iter 10/13 - loss 0.22156803 - time (sec): 2.52 - samples/sec: 2768.51 - lr: 0.006250 - momentum: 0.000000
2025-12-22 20:57:25,843 epoch 84 - iter 11/13 - loss 0.22128103 - time (sec): 2.76 - samples/sec: 2840.75 - lr: 0.006250 - momentum: 0.000000
2025-12-22 20:57:26,030 epoch 84 - iter 12/13 - loss 0.21956844 - time (sec): 2.95 - samples/sec: 2906.06 - lr: 0.006250 - momentum: 0.000000
2025-12-22 20:57:26,207 epoch 84 - iter 13/13 - loss 0.21641768 - time (sec): 3.12 - samples/sec: 2958.71 - lr: 0.006250 - momentum: 0.000000
2025-12-22 20:57:26,208 ----------------------------------------------------------------------------------------------------
2025-12-22 20:57:26,208 EPOCH 84 done: loss 0.2164 - lr: 0.006250
2025-12-22 20:57:26,570 DEV : loss 0.38209742307662964 - f1-score (micro avg)  0.8906
2025-12-22 20:57:26,571  - 3 epochs without improvement
2025-12-22 20:57:26,571 ----------------------------------------------------------------------------------------------------
2025-12-22 20:57:26,754 epoch 85 - iter 1/13 - loss 0.18583706 - time (sec): 0.18 - samples/sec: 3453.47 - lr: 0.006250 - momentum: 0.000000
2025-12-22 20:57:27,098 epoch 85 - iter 2/13 - loss 0.24547391 - time (sec): 0.53 - samples/sec: 2467.64 - lr: 0.006250 - momentum: 0.000000
2025-12-22 20:57:27,318 epoch 85 - iter 3/13 - loss 0.24617841 - time (sec): 0.75 - samples/sec: 2790.34 - lr: 0.006250 - momentum: 0.000000
2025-12-22 20:57:27,531 epoch 85 - iter 4/13 - loss 0.22834175 - time (sec): 0.96 - samples/sec: 3082.78 - lr: 0.006250 - momentum: 0.000000
2025-12-22 20:57:27,828 epoch 85 - iter 5/13 - loss 0.22501869 - time (sec): 1.26 - samples/sec: 3031.63 - lr: 0.006250 - momentum: 0.000000
2025-12-22 20:57:28,041 epoch 85 - iter 6/13 - loss 0.22339622 - time (sec): 1.47 - samples/sec: 3059.59 - lr: 0.006250 - momentum: 0.000000
2025-12-22 20:57:28,325 epoch 85 - iter 7/13 - loss 0.21997247 - time (sec): 1.75 - samples/sec: 2990.90 - lr: 0.006250 - momentum: 0.000000
2025-12-22 20:57:28,483 epoch 85 - iter 8/13 - loss 0.21789663 - time (sec): 1.91 - samples/sec: 3059.85 - lr: 0.006250 - momentum: 0.000000
2025-12-22 20:57:28,688 epoch 85 - iter 9/13 - loss 0.21683328 - time (sec): 2.12 - samples/sec: 3097.90 - lr: 0.006250 - momentum: 0.000000
2025-12-22 20:57:29,036 epoch 85 - iter 10/13 - loss 0.21433667 - time (sec): 2.46 - samples/sec: 2961.92 - lr: 0.006250 - momentum: 0.000000
2025-12-22 20:57:29,231 epoch 85 - iter 11/13 - loss 0.21295465 - time (sec): 2.66 - samples/sec: 2967.52 - lr: 0.006250 - momentum: 0.000000
2025-12-22 20:57:29,471 epoch 85 - iter 12/13 - loss 0.21716287 - time (sec): 2.90 - samples/sec: 2991.57 - lr: 0.006250 - momentum: 0.000000
2025-12-22 20:57:29,646 epoch 85 - iter 13/13 - loss 0.21654230 - time (sec): 3.07 - samples/sec: 3006.45 - lr: 0.006250 - momentum: 0.000000
2025-12-22 20:57:29,646 ----------------------------------------------------------------------------------------------------
2025-12-22 20:57:29,646 EPOCH 85 done: loss 0.2165 - lr: 0.006250
2025-12-22 20:57:30,015 DEV : loss 0.3862817883491516 - f1-score (micro avg)  0.8898
2025-12-22 20:57:30,016  - 4 epochs without improvement (above 'patience')-> annealing learning_rate to [0.003125]
2025-12-22 20:57:30,016 ----------------------------------------------------------------------------------------------------
2025-12-22 20:57:30,202 epoch 86 - iter 1/13 - loss 0.24731838 - time (sec): 0.19 - samples/sec: 3018.64 - lr: 0.003125 - momentum: 0.000000
2025-12-22 20:57:30,538 epoch 86 - iter 2/13 - loss 0.20919293 - time (sec): 0.52 - samples/sec: 2460.41 - lr: 0.003125 - momentum: 0.000000
2025-12-22 20:57:30,734 epoch 86 - iter 3/13 - loss 0.21898028 - time (sec): 0.72 - samples/sec: 2701.80 - lr: 0.003125 - momentum: 0.000000
2025-12-22 20:57:30,897 epoch 86 - iter 4/13 - loss 0.21201415 - time (sec): 0.88 - samples/sec: 2877.05 - lr: 0.003125 - momentum: 0.000000
2025-12-22 20:57:31,253 epoch 86 - iter 5/13 - loss 0.20238468 - time (sec): 1.24 - samples/sec: 2675.53 - lr: 0.003125 - momentum: 0.000000
2025-12-22 20:57:31,472 epoch 86 - iter 6/13 - loss 0.20766959 - time (sec): 1.46 - samples/sec: 2772.13 - lr: 0.003125 - momentum: 0.000000
2025-12-22 20:57:31,835 epoch 86 - iter 7/13 - loss 0.20752634 - time (sec): 1.82 - samples/sec: 2681.78 - lr: 0.003125 - momentum: 0.000000
2025-12-22 20:57:32,126 epoch 86 - iter 8/13 - loss 0.20939317 - time (sec): 2.11 - samples/sec: 2653.01 - lr: 0.003125 - momentum: 0.000000
2025-12-22 20:57:32,308 epoch 86 - iter 9/13 - loss 0.21332000 - time (sec): 2.29 - samples/sec: 2774.70 - lr: 0.003125 - momentum: 0.000000
2025-12-22 20:57:32,507 epoch 86 - iter 10/13 - loss 0.21510668 - time (sec): 2.49 - samples/sec: 2811.63 - lr: 0.003125 - momentum: 0.000000
2025-12-22 20:57:32,687 epoch 86 - iter 11/13 - loss 0.21671213 - time (sec): 2.67 - samples/sec: 2867.54 - lr: 0.003125 - momentum: 0.000000
2025-12-22 20:57:32,932 epoch 86 - iter 12/13 - loss 0.21366956 - time (sec): 2.92 - samples/sec: 2909.30 - lr: 0.003125 - momentum: 0.000000
2025-12-22 20:57:33,223 epoch 86 - iter 13/13 - loss 0.21570224 - time (sec): 3.21 - samples/sec: 2882.83 - lr: 0.003125 - momentum: 0.000000
2025-12-22 20:57:33,223 ----------------------------------------------------------------------------------------------------
2025-12-22 20:57:33,223 EPOCH 86 done: loss 0.2157 - lr: 0.003125
2025-12-22 20:57:33,598 DEV : loss 0.385690301656723 - f1-score (micro avg)  0.8904
2025-12-22 20:57:33,599  - 1 epochs without improvement
2025-12-22 20:57:33,599 ----------------------------------------------------------------------------------------------------
2025-12-22 20:57:33,775 epoch 87 - iter 1/13 - loss 0.17704441 - time (sec): 0.18 - samples/sec: 3412.60 - lr: 0.003125 - momentum: 0.000000
2025-12-22 20:57:33,965 epoch 87 - iter 2/13 - loss 0.21243270 - time (sec): 0.37 - samples/sec: 3692.30 - lr: 0.003125 - momentum: 0.000000
2025-12-22 20:57:34,191 epoch 87 - iter 3/13 - loss 0.22123973 - time (sec): 0.59 - samples/sec: 3297.57 - lr: 0.003125 - momentum: 0.000000
2025-12-22 20:57:34,569 epoch 87 - iter 4/13 - loss 0.21022978 - time (sec): 0.97 - samples/sec: 2936.09 - lr: 0.003125 - momentum: 0.000000
2025-12-22 20:57:34,696 epoch 87 - iter 5/13 - loss 0.21652674 - time (sec): 1.10 - samples/sec: 3101.72 - lr: 0.003125 - momentum: 0.000000
2025-12-22 20:57:34,874 epoch 87 - iter 6/13 - loss 0.21744053 - time (sec): 1.27 - samples/sec: 3198.15 - lr: 0.003125 - momentum: 0.000000
2025-12-22 20:57:35,044 epoch 87 - iter 7/13 - loss 0.21917786 - time (sec): 1.44 - samples/sec: 3283.51 - lr: 0.003125 - momentum: 0.000000
2025-12-22 20:57:35,275 epoch 87 - iter 8/13 - loss 0.21769011 - time (sec): 1.67 - samples/sec: 3361.94 - lr: 0.003125 - momentum: 0.000000
2025-12-22 20:57:35,488 epoch 87 - iter 9/13 - loss 0.22530382 - time (sec): 1.89 - samples/sec: 3471.90 - lr: 0.003125 - momentum: 0.000000
2025-12-22 20:57:35,850 epoch 87 - iter 10/13 - loss 0.22774293 - time (sec): 2.25 - samples/sec: 3231.67 - lr: 0.003125 - momentum: 0.000000
2025-12-22 20:57:36,008 epoch 87 - iter 11/13 - loss 0.22472302 - time (sec): 2.41 - samples/sec: 3291.35 - lr: 0.003125 - momentum: 0.000000
2025-12-22 20:57:36,300 epoch 87 - iter 12/13 - loss 0.22123940 - time (sec): 2.70 - samples/sec: 3190.82 - lr: 0.003125 - momentum: 0.000000
2025-12-22 20:57:36,466 epoch 87 - iter 13/13 - loss 0.22228197 - time (sec): 2.87 - samples/sec: 3224.97 - lr: 0.003125 - momentum: 0.000000
2025-12-22 20:57:36,466 ----------------------------------------------------------------------------------------------------
2025-12-22 20:57:36,466 EPOCH 87 done: loss 0.2223 - lr: 0.003125
2025-12-22 20:57:37,024 DEV : loss 0.38536015152931213 - f1-score (micro avg)  0.8906
2025-12-22 20:57:37,025  - 2 epochs without improvement
2025-12-22 20:57:37,025 ----------------------------------------------------------------------------------------------------
2025-12-22 20:57:37,226 epoch 88 - iter 1/13 - loss 0.17473716 - time (sec): 0.20 - samples/sec: 3280.88 - lr: 0.003125 - momentum: 0.000000
2025-12-22 20:57:37,423 epoch 88 - iter 2/13 - loss 0.20022886 - time (sec): 0.40 - samples/sec: 3693.45 - lr: 0.003125 - momentum: 0.000000
2025-12-22 20:57:37,680 epoch 88 - iter 3/13 - loss 0.19539679 - time (sec): 0.65 - samples/sec: 3458.10 - lr: 0.003125 - momentum: 0.000000
2025-12-22 20:57:37,878 epoch 88 - iter 4/13 - loss 0.20518154 - time (sec): 0.85 - samples/sec: 3458.38 - lr: 0.003125 - momentum: 0.000000
2025-12-22 20:57:38,089 epoch 88 - iter 5/13 - loss 0.21011301 - time (sec): 1.06 - samples/sec: 3422.19 - lr: 0.003125 - momentum: 0.000000
2025-12-22 20:57:38,266 epoch 88 - iter 6/13 - loss 0.20656502 - time (sec): 1.24 - samples/sec: 3461.36 - lr: 0.003125 - momentum: 0.000000
2025-12-22 20:57:38,661 epoch 88 - iter 7/13 - loss 0.21293552 - time (sec): 1.64 - samples/sec: 3178.06 - lr: 0.003125 - momentum: 0.000000
2025-12-22 20:57:38,844 epoch 88 - iter 8/13 - loss 0.21283589 - time (sec): 1.82 - samples/sec: 3227.83 - lr: 0.003125 - momentum: 0.000000
2025-12-22 20:57:38,979 epoch 88 - iter 9/13 - loss 0.21252094 - time (sec): 1.95 - samples/sec: 3312.24 - lr: 0.003125 - momentum: 0.000000
2025-12-22 20:57:39,158 epoch 88 - iter 10/13 - loss 0.21120454 - time (sec): 2.13 - samples/sec: 3369.81 - lr: 0.003125 - momentum: 0.000000
2025-12-22 20:57:39,339 epoch 88 - iter 11/13 - loss 0.20936936 - time (sec): 2.31 - samples/sec: 3344.63 - lr: 0.003125 - momentum: 0.000000
2025-12-22 20:57:39,637 epoch 88 - iter 12/13 - loss 0.20871616 - time (sec): 2.61 - samples/sec: 3265.08 - lr: 0.003125 - momentum: 0.000000
2025-12-22 20:57:39,915 epoch 88 - iter 13/13 - loss 0.20822858 - time (sec): 2.89 - samples/sec: 3198.43 - lr: 0.003125 - momentum: 0.000000
2025-12-22 20:57:39,915 ----------------------------------------------------------------------------------------------------
2025-12-22 20:57:39,915 EPOCH 88 done: loss 0.2082 - lr: 0.003125
2025-12-22 20:57:40,296 DEV : loss 0.38454997539520264 - f1-score (micro avg)  0.8904
2025-12-22 20:57:40,297  - 3 epochs without improvement
2025-12-22 20:57:40,297 ----------------------------------------------------------------------------------------------------
2025-12-22 20:57:40,509 epoch 89 - iter 1/13 - loss 0.20125314 - time (sec): 0.21 - samples/sec: 3220.03 - lr: 0.003125 - momentum: 0.000000
2025-12-22 20:57:40,732 epoch 89 - iter 2/13 - loss 0.22330139 - time (sec): 0.43 - samples/sec: 3618.64 - lr: 0.003125 - momentum: 0.000000
2025-12-22 20:57:40,891 epoch 89 - iter 3/13 - loss 0.22126978 - time (sec): 0.59 - samples/sec: 3830.81 - lr: 0.003125 - momentum: 0.000000
2025-12-22 20:57:41,036 epoch 89 - iter 4/13 - loss 0.22203696 - time (sec): 0.74 - samples/sec: 3955.86 - lr: 0.003125 - momentum: 0.000000
2025-12-22 20:57:41,218 epoch 89 - iter 5/13 - loss 0.21801998 - time (sec): 0.92 - samples/sec: 3971.82 - lr: 0.003125 - momentum: 0.000000
2025-12-22 20:57:41,592 epoch 89 - iter 6/13 - loss 0.22146692 - time (sec): 1.29 - samples/sec: 3474.89 - lr: 0.003125 - momentum: 0.000000
2025-12-22 20:57:41,948 epoch 89 - iter 7/13 - loss 0.22671640 - time (sec): 1.65 - samples/sec: 3171.25 - lr: 0.003125 - momentum: 0.000000
2025-12-22 20:57:42,245 epoch 89 - iter 8/13 - loss 0.22475637 - time (sec): 1.95 - samples/sec: 3091.06 - lr: 0.003125 - momentum: 0.000000
2025-12-22 20:57:42,421 epoch 89 - iter 9/13 - loss 0.22487450 - time (sec): 2.12 - samples/sec: 3118.61 - lr: 0.003125 - momentum: 0.000000
2025-12-22 20:57:42,624 epoch 89 - iter 10/13 - loss 0.22241571 - time (sec): 2.33 - samples/sec: 3144.71 - lr: 0.003125 - momentum: 0.000000
2025-12-22 20:57:42,821 epoch 89 - iter 11/13 - loss 0.21772794 - time (sec): 2.52 - samples/sec: 3134.07 - lr: 0.003125 - momentum: 0.000000
2025-12-22 20:57:43,031 epoch 89 - iter 12/13 - loss 0.21772008 - time (sec): 2.73 - samples/sec: 3191.09 - lr: 0.003125 - momentum: 0.000000
2025-12-22 20:57:43,261 epoch 89 - iter 13/13 - loss 0.21663829 - time (sec): 2.96 - samples/sec: 3119.01 - lr: 0.003125 - momentum: 0.000000
2025-12-22 20:57:43,261 ----------------------------------------------------------------------------------------------------
2025-12-22 20:57:43,261 EPOCH 89 done: loss 0.2166 - lr: 0.003125
2025-12-22 20:57:43,637 DEV : loss 0.38389158248901367 - f1-score (micro avg)  0.8906
2025-12-22 20:57:43,638  - 4 epochs without improvement (above 'patience')-> annealing learning_rate to [0.0015625]
2025-12-22 20:57:43,638 ----------------------------------------------------------------------------------------------------
2025-12-22 20:57:43,854 epoch 90 - iter 1/13 - loss 0.20171398 - time (sec): 0.22 - samples/sec: 3496.72 - lr: 0.001563 - momentum: 0.000000
2025-12-22 20:57:44,062 epoch 90 - iter 2/13 - loss 0.20919642 - time (sec): 0.42 - samples/sec: 3664.70 - lr: 0.001563 - momentum: 0.000000
2025-12-22 20:57:44,364 epoch 90 - iter 3/13 - loss 0.20967967 - time (sec): 0.73 - samples/sec: 3244.11 - lr: 0.001563 - momentum: 0.000000
2025-12-22 20:57:44,684 epoch 90 - iter 4/13 - loss 0.21487605 - time (sec): 1.05 - samples/sec: 2906.30 - lr: 0.001563 - momentum: 0.000000
2025-12-22 20:57:44,893 epoch 90 - iter 5/13 - loss 0.20881923 - time (sec): 1.25 - samples/sec: 2990.00 - lr: 0.001563 - momentum: 0.000000
2025-12-22 20:57:45,128 epoch 90 - iter 6/13 - loss 0.21349038 - time (sec): 1.49 - samples/sec: 2908.63 - lr: 0.001563 - momentum: 0.000000
2025-12-22 20:57:45,342 epoch 90 - iter 7/13 - loss 0.21392500 - time (sec): 1.70 - samples/sec: 3009.59 - lr: 0.001563 - momentum: 0.000000
2025-12-22 20:57:45,480 epoch 90 - iter 8/13 - loss 0.21179745 - time (sec): 1.84 - samples/sec: 3118.95 - lr: 0.001563 - momentum: 0.000000
2025-12-22 20:57:45,841 epoch 90 - iter 9/13 - loss 0.21279570 - time (sec): 2.20 - samples/sec: 2956.82 - lr: 0.001563 - momentum: 0.000000
2025-12-22 20:57:46,016 epoch 90 - iter 10/13 - loss 0.21381144 - time (sec): 2.38 - samples/sec: 3013.89 - lr: 0.001563 - momentum: 0.000000
2025-12-22 20:57:46,218 epoch 90 - iter 11/13 - loss 0.21588006 - time (sec): 2.58 - samples/sec: 3060.11 - lr: 0.001563 - momentum: 0.000000
2025-12-22 20:57:46,395 epoch 90 - iter 12/13 - loss 0.21831481 - time (sec): 2.76 - samples/sec: 3116.49 - lr: 0.001563 - momentum: 0.000000
2025-12-22 20:57:46,664 epoch 90 - iter 13/13 - loss 0.21566648 - time (sec): 3.03 - samples/sec: 3054.82 - lr: 0.001563 - momentum: 0.000000
2025-12-22 20:57:46,664 ----------------------------------------------------------------------------------------------------
2025-12-22 20:57:46,664 EPOCH 90 done: loss 0.2157 - lr: 0.001563
2025-12-22 20:57:47,031 DEV : loss 0.38337042927742004 - f1-score (micro avg)  0.8909
2025-12-22 20:57:47,032  - 1 epochs without improvement
2025-12-22 20:57:47,032 ----------------------------------------------------------------------------------------------------
2025-12-22 20:57:47,235 epoch 91 - iter 1/13 - loss 0.25558446 - time (sec): 0.20 - samples/sec: 2942.68 - lr: 0.001563 - momentum: 0.000000
2025-12-22 20:57:47,398 epoch 91 - iter 2/13 - loss 0.22455530 - time (sec): 0.37 - samples/sec: 3286.24 - lr: 0.001563 - momentum: 0.000000
2025-12-22 20:57:47,560 epoch 91 - iter 3/13 - loss 0.21490623 - time (sec): 0.53 - samples/sec: 3365.79 - lr: 0.001563 - momentum: 0.000000
2025-12-22 20:57:47,760 epoch 91 - iter 4/13 - loss 0.20458107 - time (sec): 0.73 - samples/sec: 3522.27 - lr: 0.001563 - momentum: 0.000000
2025-12-22 20:57:48,054 epoch 91 - iter 5/13 - loss 0.19962835 - time (sec): 1.02 - samples/sec: 3343.38 - lr: 0.001563 - momentum: 0.000000
2025-12-22 20:57:48,243 epoch 91 - iter 6/13 - loss 0.20030833 - time (sec): 1.21 - samples/sec: 3451.34 - lr: 0.001563 - momentum: 0.000000
2025-12-22 20:57:48,523 epoch 91 - iter 7/13 - loss 0.20498698 - time (sec): 1.49 - samples/sec: 3281.60 - lr: 0.001563 - momentum: 0.000000
2025-12-22 20:57:48,738 epoch 91 - iter 8/13 - loss 0.20989625 - time (sec): 1.71 - samples/sec: 3360.09 - lr: 0.001563 - momentum: 0.000000
2025-12-22 20:57:48,923 epoch 91 - iter 9/13 - loss 0.21374571 - time (sec): 1.89 - samples/sec: 3373.87 - lr: 0.001563 - momentum: 0.000000
2025-12-22 20:57:49,282 epoch 91 - iter 10/13 - loss 0.21377799 - time (sec): 2.25 - samples/sec: 3229.31 - lr: 0.001563 - momentum: 0.000000
2025-12-22 20:57:49,471 epoch 91 - iter 11/13 - loss 0.21328764 - time (sec): 2.44 - samples/sec: 3214.97 - lr: 0.001563 - momentum: 0.000000
2025-12-22 20:57:49,852 epoch 91 - iter 12/13 - loss 0.21603173 - time (sec): 2.82 - samples/sec: 3056.50 - lr: 0.001563 - momentum: 0.000000
2025-12-22 20:57:50,095 epoch 91 - iter 13/13 - loss 0.21201792 - time (sec): 3.06 - samples/sec: 3018.78 - lr: 0.001563 - momentum: 0.000000
2025-12-22 20:57:50,095 ----------------------------------------------------------------------------------------------------
2025-12-22 20:57:50,095 EPOCH 91 done: loss 0.2120 - lr: 0.001563
2025-12-22 20:57:50,464 DEV : loss 0.3840608596801758 - f1-score (micro avg)  0.8906
2025-12-22 20:57:50,465  - 2 epochs without improvement
2025-12-22 20:57:50,465 ----------------------------------------------------------------------------------------------------
2025-12-22 20:57:50,793 epoch 92 - iter 1/13 - loss 0.23251937 - time (sec): 0.33 - samples/sec: 1833.22 - lr: 0.001563 - momentum: 0.000000
2025-12-22 20:57:51,083 epoch 92 - iter 2/13 - loss 0.21984961 - time (sec): 0.62 - samples/sec: 2220.41 - lr: 0.001563 - momentum: 0.000000
2025-12-22 20:57:51,281 epoch 92 - iter 3/13 - loss 0.22922645 - time (sec): 0.82 - samples/sec: 2534.98 - lr: 0.001563 - momentum: 0.000000
2025-12-22 20:57:51,475 epoch 92 - iter 4/13 - loss 0.22282511 - time (sec): 1.01 - samples/sec: 2746.35 - lr: 0.001563 - momentum: 0.000000
2025-12-22 20:57:51,815 epoch 92 - iter 5/13 - loss 0.21641541 - time (sec): 1.35 - samples/sec: 2535.86 - lr: 0.001563 - momentum: 0.000000
2025-12-22 20:57:52,044 epoch 92 - iter 6/13 - loss 0.21526379 - time (sec): 1.58 - samples/sec: 2659.33 - lr: 0.001563 - momentum: 0.000000
2025-12-22 20:57:52,335 epoch 92 - iter 7/13 - loss 0.21928863 - time (sec): 1.87 - samples/sec: 2655.22 - lr: 0.001563 - momentum: 0.000000
2025-12-22 20:57:52,553 epoch 92 - iter 8/13 - loss 0.21243035 - time (sec): 2.09 - samples/sec: 2714.17 - lr: 0.001563 - momentum: 0.000000
2025-12-22 20:57:52,728 epoch 92 - iter 9/13 - loss 0.21272558 - time (sec): 2.26 - samples/sec: 2799.16 - lr: 0.001563 - momentum: 0.000000
2025-12-22 20:57:52,903 epoch 92 - iter 10/13 - loss 0.21310862 - time (sec): 2.44 - samples/sec: 2846.72 - lr: 0.001563 - momentum: 0.000000
2025-12-22 20:57:53,116 epoch 92 - iter 11/13 - loss 0.21110098 - time (sec): 2.65 - samples/sec: 2902.00 - lr: 0.001563 - momentum: 0.000000
2025-12-22 20:57:53,346 epoch 92 - iter 12/13 - loss 0.21133834 - time (sec): 2.88 - samples/sec: 2940.84 - lr: 0.001563 - momentum: 0.000000
2025-12-22 20:57:53,612 epoch 92 - iter 13/13 - loss 0.20899388 - time (sec): 3.15 - samples/sec: 2936.71 - lr: 0.001563 - momentum: 0.000000
2025-12-22 20:57:53,613 ----------------------------------------------------------------------------------------------------
2025-12-22 20:57:53,613 EPOCH 92 done: loss 0.2090 - lr: 0.001563
2025-12-22 20:57:54,092 DEV : loss 0.38415253162384033 - f1-score (micro avg)  0.8909
2025-12-22 20:57:54,092  - 3 epochs without improvement
2025-12-22 20:57:54,093 ----------------------------------------------------------------------------------------------------
2025-12-22 20:57:54,297 epoch 93 - iter 1/13 - loss 0.15236392 - time (sec): 0.20 - samples/sec: 3322.44 - lr: 0.001563 - momentum: 0.000000
2025-12-22 20:57:54,500 epoch 93 - iter 2/13 - loss 0.20304834 - time (sec): 0.41 - samples/sec: 3172.08 - lr: 0.001563 - momentum: 0.000000
2025-12-22 20:57:54,727 epoch 93 - iter 3/13 - loss 0.21675747 - time (sec): 0.63 - samples/sec: 3343.15 - lr: 0.001563 - momentum: 0.000000
2025-12-22 20:57:54,983 epoch 93 - iter 4/13 - loss 0.21303768 - time (sec): 0.89 - samples/sec: 3154.83 - lr: 0.001563 - momentum: 0.000000
2025-12-22 20:57:55,186 epoch 93 - iter 5/13 - loss 0.21379355 - time (sec): 1.09 - samples/sec: 3221.40 - lr: 0.001563 - momentum: 0.000000
2025-12-22 20:57:55,536 epoch 93 - iter 6/13 - loss 0.21326982 - time (sec): 1.44 - samples/sec: 2930.12 - lr: 0.001563 - momentum: 0.000000
2025-12-22 20:57:55,854 epoch 93 - iter 7/13 - loss 0.21421361 - time (sec): 1.76 - samples/sec: 2868.92 - lr: 0.001563 - momentum: 0.000000
2025-12-22 20:57:56,017 epoch 93 - iter 8/13 - loss 0.21290298 - time (sec): 1.92 - samples/sec: 2957.67 - lr: 0.001563 - momentum: 0.000000
2025-12-22 20:57:56,247 epoch 93 - iter 9/13 - loss 0.21482261 - time (sec): 2.15 - samples/sec: 2979.60 - lr: 0.001563 - momentum: 0.000000
2025-12-22 20:57:56,526 epoch 93 - iter 10/13 - loss 0.20968779 - time (sec): 2.43 - samples/sec: 2911.61 - lr: 0.001563 - momentum: 0.000000
2025-12-22 20:57:56,883 epoch 93 - iter 11/13 - loss 0.20540431 - time (sec): 2.79 - samples/sec: 2825.21 - lr: 0.001563 - momentum: 0.000000
2025-12-22 20:57:57,095 epoch 93 - iter 12/13 - loss 0.20840079 - time (sec): 3.00 - samples/sec: 2847.77 - lr: 0.001563 - momentum: 0.000000
2025-12-22 20:57:57,278 epoch 93 - iter 13/13 - loss 0.20821939 - time (sec): 3.18 - samples/sec: 2902.18 - lr: 0.001563 - momentum: 0.000000
2025-12-22 20:57:57,278 ----------------------------------------------------------------------------------------------------
2025-12-22 20:57:57,278 EPOCH 93 done: loss 0.2082 - lr: 0.001563
2025-12-22 20:57:57,643 DEV : loss 0.38387975096702576 - f1-score (micro avg)  0.8912
2025-12-22 20:57:57,644  - 4 epochs without improvement (above 'patience')-> annealing learning_rate to [0.00078125]
2025-12-22 20:57:57,644 ----------------------------------------------------------------------------------------------------
2025-12-22 20:57:57,822 epoch 94 - iter 1/13 - loss 0.23583765 - time (sec): 0.18 - samples/sec: 3770.01 - lr: 0.000781 - momentum: 0.000000
2025-12-22 20:57:58,011 epoch 94 - iter 2/13 - loss 0.21845127 - time (sec): 0.37 - samples/sec: 3791.45 - lr: 0.000781 - momentum: 0.000000
2025-12-22 20:57:58,227 epoch 94 - iter 3/13 - loss 0.22212595 - time (sec): 0.58 - samples/sec: 3626.01 - lr: 0.000781 - momentum: 0.000000
2025-12-22 20:57:58,560 epoch 94 - iter 4/13 - loss 0.22018796 - time (sec): 0.92 - samples/sec: 3052.76 - lr: 0.000781 - momentum: 0.000000
2025-12-22 20:57:58,726 epoch 94 - iter 5/13 - loss 0.21847971 - time (sec): 1.08 - samples/sec: 3184.00 - lr: 0.000781 - momentum: 0.000000
2025-12-22 20:57:59,129 epoch 94 - iter 6/13 - loss 0.21364539 - time (sec): 1.48 - samples/sec: 2803.87 - lr: 0.000781 - momentum: 0.000000
2025-12-22 20:57:59,337 epoch 94 - iter 7/13 - loss 0.20840041 - time (sec): 1.69 - samples/sec: 2896.21 - lr: 0.000781 - momentum: 0.000000
2025-12-22 20:57:59,545 epoch 94 - iter 8/13 - loss 0.20445807 - time (sec): 1.90 - samples/sec: 2970.07 - lr: 0.000781 - momentum: 0.000000
2025-12-22 20:57:59,753 epoch 94 - iter 9/13 - loss 0.20734309 - time (sec): 2.11 - samples/sec: 3005.74 - lr: 0.000781 - momentum: 0.000000
2025-12-22 20:57:59,986 epoch 94 - iter 10/13 - loss 0.21237061 - time (sec): 2.34 - samples/sec: 3036.27 - lr: 0.000781 - momentum: 0.000000
2025-12-22 20:58:00,193 epoch 94 - iter 11/13 - loss 0.20993649 - time (sec): 2.55 - samples/sec: 3055.63 - lr: 0.000781 - momentum: 0.000000
2025-12-22 20:58:00,573 epoch 94 - iter 12/13 - loss 0.21107833 - time (sec): 2.93 - samples/sec: 2956.73 - lr: 0.000781 - momentum: 0.000000
2025-12-22 20:58:00,851 epoch 94 - iter 13/13 - loss 0.21151168 - time (sec): 3.21 - samples/sec: 2882.58 - lr: 0.000781 - momentum: 0.000000
2025-12-22 20:58:00,851 ----------------------------------------------------------------------------------------------------
2025-12-22 20:58:00,851 EPOCH 94 done: loss 0.2115 - lr: 0.000781
2025-12-22 20:58:01,228 DEV : loss 0.38389283418655396 - f1-score (micro avg)  0.8912
2025-12-22 20:58:01,229  - 1 epochs without improvement
2025-12-22 20:58:01,229 ----------------------------------------------------------------------------------------------------
2025-12-22 20:58:01,446 epoch 95 - iter 1/13 - loss 0.19697918 - time (sec): 0.22 - samples/sec: 3387.37 - lr: 0.000781 - momentum: 0.000000
2025-12-22 20:58:01,774 epoch 95 - iter 2/13 - loss 0.21892265 - time (sec): 0.54 - samples/sec: 2506.51 - lr: 0.000781 - momentum: 0.000000
2025-12-22 20:58:01,945 epoch 95 - iter 3/13 - loss 0.22126803 - time (sec): 0.72 - samples/sec: 2749.52 - lr: 0.000781 - momentum: 0.000000
2025-12-22 20:58:02,110 epoch 95 - iter 4/13 - loss 0.22790418 - time (sec): 0.88 - samples/sec: 2913.94 - lr: 0.000781 - momentum: 0.000000
2025-12-22 20:58:02,476 epoch 95 - iter 5/13 - loss 0.22421014 - time (sec): 1.25 - samples/sec: 2673.26 - lr: 0.000781 - momentum: 0.000000
2025-12-22 20:58:02,671 epoch 95 - iter 6/13 - loss 0.21644073 - time (sec): 1.44 - samples/sec: 2860.05 - lr: 0.000781 - momentum: 0.000000
2025-12-22 20:58:02,864 epoch 95 - iter 7/13 - loss 0.22028969 - time (sec): 1.63 - samples/sec: 2985.09 - lr: 0.000781 - momentum: 0.000000
2025-12-22 20:58:03,069 epoch 95 - iter 8/13 - loss 0.21447882 - time (sec): 1.84 - samples/sec: 3044.84 - lr: 0.000781 - momentum: 0.000000
2025-12-22 20:58:03,380 epoch 95 - iter 9/13 - loss 0.21100222 - time (sec): 2.15 - samples/sec: 2988.76 - lr: 0.000781 - momentum: 0.000000
2025-12-22 20:58:03,615 epoch 95 - iter 10/13 - loss 0.21256669 - time (sec): 2.39 - samples/sec: 3016.39 - lr: 0.000781 - momentum: 0.000000
2025-12-22 20:58:03,807 epoch 95 - iter 11/13 - loss 0.21366647 - time (sec): 2.58 - samples/sec: 3057.91 - lr: 0.000781 - momentum: 0.000000
2025-12-22 20:58:04,066 epoch 95 - iter 12/13 - loss 0.21327910 - time (sec): 2.84 - samples/sec: 3039.06 - lr: 0.000781 - momentum: 0.000000
2025-12-22 20:58:04,322 epoch 95 - iter 13/13 - loss 0.21218026 - time (sec): 3.09 - samples/sec: 2988.33 - lr: 0.000781 - momentum: 0.000000
2025-12-22 20:58:04,323 ----------------------------------------------------------------------------------------------------
2025-12-22 20:58:04,323 EPOCH 95 done: loss 0.2122 - lr: 0.000781
2025-12-22 20:58:04,689 DEV : loss 0.3838270604610443 - f1-score (micro avg)  0.8912
2025-12-22 20:58:04,689  - 2 epochs without improvement
2025-12-22 20:58:04,690 ----------------------------------------------------------------------------------------------------
2025-12-22 20:58:05,019 epoch 96 - iter 1/13 - loss 0.24088719 - time (sec): 0.33 - samples/sec: 2236.33 - lr: 0.000781 - momentum: 0.000000
2025-12-22 20:58:05,326 epoch 96 - iter 2/13 - loss 0.22846855 - time (sec): 0.64 - samples/sec: 2413.28 - lr: 0.000781 - momentum: 0.000000
2025-12-22 20:58:05,733 epoch 96 - iter 3/13 - loss 0.22208201 - time (sec): 1.04 - samples/sec: 2146.47 - lr: 0.000781 - momentum: 0.000000
2025-12-22 20:58:06,181 epoch 96 - iter 4/13 - loss 0.22424866 - time (sec): 1.49 - samples/sec: 2071.10 - lr: 0.000781 - momentum: 0.000000
2025-12-22 20:58:06,413 epoch 96 - iter 5/13 - loss 0.21680493 - time (sec): 1.72 - samples/sec: 2180.72 - lr: 0.000781 - momentum: 0.000000
2025-12-22 20:58:06,737 epoch 96 - iter 6/13 - loss 0.21217324 - time (sec): 2.05 - samples/sec: 2253.35 - lr: 0.000781 - momentum: 0.000000
2025-12-22 20:58:06,917 epoch 96 - iter 7/13 - loss 0.21264718 - time (sec): 2.23 - samples/sec: 2367.91 - lr: 0.000781 - momentum: 0.000000
2025-12-22 20:58:07,087 epoch 96 - iter 8/13 - loss 0.21188625 - time (sec): 2.40 - samples/sec: 2461.24 - lr: 0.000781 - momentum: 0.000000
2025-12-22 20:58:07,277 epoch 96 - iter 9/13 - loss 0.21204585 - time (sec): 2.59 - samples/sec: 2518.70 - lr: 0.000781 - momentum: 0.000000
2025-12-22 20:58:07,469 epoch 96 - iter 10/13 - loss 0.21158186 - time (sec): 2.78 - samples/sec: 2592.33 - lr: 0.000781 - momentum: 0.000000
2025-12-22 20:58:07,680 epoch 96 - iter 11/13 - loss 0.20842641 - time (sec): 2.99 - samples/sec: 2669.07 - lr: 0.000781 - momentum: 0.000000
2025-12-22 20:58:07,905 epoch 96 - iter 12/13 - loss 0.20602928 - time (sec): 3.21 - samples/sec: 2696.47 - lr: 0.000781 - momentum: 0.000000
2025-12-22 20:58:08,055 epoch 96 - iter 13/13 - loss 0.20971851 - time (sec): 3.37 - samples/sec: 2746.60 - lr: 0.000781 - momentum: 0.000000
2025-12-22 20:58:08,055 ----------------------------------------------------------------------------------------------------
2025-12-22 20:58:08,055 EPOCH 96 done: loss 0.2097 - lr: 0.000781
2025-12-22 20:58:08,449 DEV : loss 0.38388925790786743 - f1-score (micro avg)  0.8906
2025-12-22 20:58:08,450  - 3 epochs without improvement
2025-12-22 20:58:08,450 ----------------------------------------------------------------------------------------------------
2025-12-22 20:58:08,637 epoch 97 - iter 1/13 - loss 0.24874640 - time (sec): 0.19 - samples/sec: 3574.51 - lr: 0.000781 - momentum: 0.000000
2025-12-22 20:58:08,991 epoch 97 - iter 2/13 - loss 0.22736160 - time (sec): 0.54 - samples/sec: 2640.38 - lr: 0.000781 - momentum: 0.000000
2025-12-22 20:58:09,186 epoch 97 - iter 3/13 - loss 0.22766085 - time (sec): 0.74 - samples/sec: 2949.39 - lr: 0.000781 - momentum: 0.000000
2025-12-22 20:58:09,363 epoch 97 - iter 4/13 - loss 0.23475191 - time (sec): 0.91 - samples/sec: 3025.53 - lr: 0.000781 - momentum: 0.000000
2025-12-22 20:58:09,572 epoch 97 - iter 5/13 - loss 0.23016739 - time (sec): 1.12 - samples/sec: 3111.35 - lr: 0.000781 - momentum: 0.000000
2025-12-22 20:58:09,809 epoch 97 - iter 6/13 - loss 0.22616997 - time (sec): 1.36 - samples/sec: 3091.86 - lr: 0.000781 - momentum: 0.000000
2025-12-22 20:58:09,966 epoch 97 - iter 7/13 - loss 0.22369298 - time (sec): 1.52 - samples/sec: 3126.96 - lr: 0.000781 - momentum: 0.000000
2025-12-22 20:58:10,181 epoch 97 - iter 8/13 - loss 0.21862969 - time (sec): 1.73 - samples/sec: 3170.54 - lr: 0.000781 - momentum: 0.000000
2025-12-22 20:58:10,389 epoch 97 - iter 9/13 - loss 0.21673054 - time (sec): 1.94 - samples/sec: 3189.76 - lr: 0.000781 - momentum: 0.000000
2025-12-22 20:58:10,879 epoch 97 - iter 10/13 - loss 0.21606670 - time (sec): 2.43 - samples/sec: 2913.00 - lr: 0.000781 - momentum: 0.000000
2025-12-22 20:58:11,059 epoch 97 - iter 11/13 - loss 0.21941831 - time (sec): 2.61 - samples/sec: 3013.22 - lr: 0.000781 - momentum: 0.000000
2025-12-22 20:58:11,274 epoch 97 - iter 12/13 - loss 0.21849680 - time (sec): 2.82 - samples/sec: 3024.89 - lr: 0.000781 - momentum: 0.000000
2025-12-22 20:58:11,531 epoch 97 - iter 13/13 - loss 0.21413602 - time (sec): 3.08 - samples/sec: 3000.52 - lr: 0.000781 - momentum: 0.000000
2025-12-22 20:58:11,531 ----------------------------------------------------------------------------------------------------
2025-12-22 20:58:11,531 EPOCH 97 done: loss 0.2141 - lr: 0.000781
2025-12-22 20:58:12,097 DEV : loss 0.383821964263916 - f1-score (micro avg)  0.8906
2025-12-22 20:58:12,098  - 4 epochs without improvement (above 'patience')-> annealing learning_rate to [0.000390625]
2025-12-22 20:58:12,098 ----------------------------------------------------------------------------------------------------
2025-12-22 20:58:12,452 epoch 98 - iter 1/13 - loss 0.16322217 - time (sec): 0.35 - samples/sec: 2046.68 - lr: 0.000391 - momentum: 0.000000
2025-12-22 20:58:12,686 epoch 98 - iter 2/13 - loss 0.17184001 - time (sec): 0.59 - samples/sec: 2561.93 - lr: 0.000391 - momentum: 0.000000
2025-12-22 20:58:13,063 epoch 98 - iter 3/13 - loss 0.18789389 - time (sec): 0.96 - samples/sec: 2231.06 - lr: 0.000391 - momentum: 0.000000
2025-12-22 20:58:13,418 epoch 98 - iter 4/13 - loss 0.19269910 - time (sec): 1.32 - samples/sec: 2271.39 - lr: 0.000391 - momentum: 0.000000
2025-12-22 20:58:13,618 epoch 98 - iter 5/13 - loss 0.19929733 - time (sec): 1.52 - samples/sec: 2428.36 - lr: 0.000391 - momentum: 0.000000
2025-12-22 20:58:13,797 epoch 98 - iter 6/13 - loss 0.19380646 - time (sec): 1.70 - samples/sec: 2553.50 - lr: 0.000391 - momentum: 0.000000
2025-12-22 20:58:13,958 epoch 98 - iter 7/13 - loss 0.20247062 - time (sec): 1.86 - samples/sec: 2701.29 - lr: 0.000391 - momentum: 0.000000
2025-12-22 20:58:14,208 epoch 98 - iter 8/13 - loss 0.20073720 - time (sec): 2.11 - samples/sec: 2753.93 - lr: 0.000391 - momentum: 0.000000
2025-12-22 20:58:14,346 epoch 98 - iter 9/13 - loss 0.20121244 - time (sec): 2.25 - samples/sec: 2816.06 - lr: 0.000391 - momentum: 0.000000
2025-12-22 20:58:14,547 epoch 98 - iter 10/13 - loss 0.20657392 - time (sec): 2.45 - samples/sec: 2878.84 - lr: 0.000391 - momentum: 0.000000
2025-12-22 20:58:14,870 epoch 98 - iter 11/13 - loss 0.21078109 - time (sec): 2.77 - samples/sec: 2840.50 - lr: 0.000391 - momentum: 0.000000
2025-12-22 20:58:15,080 epoch 98 - iter 12/13 - loss 0.20887735 - time (sec): 2.98 - samples/sec: 2901.33 - lr: 0.000391 - momentum: 0.000000
2025-12-22 20:58:15,306 epoch 98 - iter 13/13 - loss 0.21003173 - time (sec): 3.21 - samples/sec: 2881.67 - lr: 0.000391 - momentum: 0.000000
2025-12-22 20:58:15,306 ----------------------------------------------------------------------------------------------------
2025-12-22 20:58:15,306 EPOCH 98 done: loss 0.2100 - lr: 0.000391
2025-12-22 20:58:15,738 DEV : loss 0.38366010785102844 - f1-score (micro avg)  0.8904
2025-12-22 20:58:15,738  - 1 epochs without improvement
2025-12-22 20:58:15,739 ----------------------------------------------------------------------------------------------------
2025-12-22 20:58:15,885 epoch 99 - iter 1/13 - loss 0.19052140 - time (sec): 0.15 - samples/sec: 3829.45 - lr: 0.000391 - momentum: 0.000000
2025-12-22 20:58:16,088 epoch 99 - iter 2/13 - loss 0.21551639 - time (sec): 0.35 - samples/sec: 3501.40 - lr: 0.000391 - momentum: 0.000000
2025-12-22 20:58:16,280 epoch 99 - iter 3/13 - loss 0.20769996 - time (sec): 0.54 - samples/sec: 3573.20 - lr: 0.000391 - momentum: 0.000000
2025-12-22 20:58:16,463 epoch 99 - iter 4/13 - loss 0.21128743 - time (sec): 0.72 - samples/sec: 3656.37 - lr: 0.000391 - momentum: 0.000000
2025-12-22 20:58:16,713 epoch 99 - iter 5/13 - loss 0.21863563 - time (sec): 0.97 - samples/sec: 3483.01 - lr: 0.000391 - momentum: 0.000000
2025-12-22 20:58:16,891 epoch 99 - iter 6/13 - loss 0.21955037 - time (sec): 1.15 - samples/sec: 3426.91 - lr: 0.000391 - momentum: 0.000000
2025-12-22 20:58:17,208 epoch 99 - iter 7/13 - loss 0.20830061 - time (sec): 1.47 - samples/sec: 3119.08 - lr: 0.000391 - momentum: 0.000000
2025-12-22 20:58:17,427 epoch 99 - iter 8/13 - loss 0.21301267 - time (sec): 1.69 - samples/sec: 3230.64 - lr: 0.000391 - momentum: 0.000000
2025-12-22 20:58:17,626 epoch 99 - iter 9/13 - loss 0.21163097 - time (sec): 1.89 - samples/sec: 3270.55 - lr: 0.000391 - momentum: 0.000000
2025-12-22 20:58:17,921 epoch 99 - iter 10/13 - loss 0.21315398 - time (sec): 2.18 - samples/sec: 3185.85 - lr: 0.000391 - momentum: 0.000000
2025-12-22 20:58:18,389 epoch 99 - iter 11/13 - loss 0.21607440 - time (sec): 2.65 - samples/sec: 2944.70 - lr: 0.000391 - momentum: 0.000000
2025-12-22 20:58:18,591 epoch 99 - iter 12/13 - loss 0.21812658 - time (sec): 2.85 - samples/sec: 3014.38 - lr: 0.000391 - momentum: 0.000000
2025-12-22 20:58:18,865 epoch 99 - iter 13/13 - loss 0.21905460 - time (sec): 3.13 - samples/sec: 2956.69 - lr: 0.000391 - momentum: 0.000000
2025-12-22 20:58:18,865 ----------------------------------------------------------------------------------------------------
2025-12-22 20:58:18,865 EPOCH 99 done: loss 0.2191 - lr: 0.000391
2025-12-22 20:58:19,281 DEV : loss 0.38382139801979065 - f1-score (micro avg)  0.8904
2025-12-22 20:58:19,282  - 2 epochs without improvement
2025-12-22 20:58:19,282 ----------------------------------------------------------------------------------------------------
2025-12-22 20:58:19,480 epoch 100 - iter 1/13 - loss 0.26735988 - time (sec): 0.20 - samples/sec: 3339.88 - lr: 0.000391 - momentum: 0.000000
2025-12-22 20:58:19,707 epoch 100 - iter 2/13 - loss 0.25895465 - time (sec): 0.42 - samples/sec: 3518.63 - lr: 0.000391 - momentum: 0.000000
2025-12-22 20:58:19,918 epoch 100 - iter 3/13 - loss 0.23099368 - time (sec): 0.64 - samples/sec: 3311.65 - lr: 0.000391 - momentum: 0.000000
2025-12-22 20:58:20,129 epoch 100 - iter 4/13 - loss 0.22907822 - time (sec): 0.85 - samples/sec: 3416.91 - lr: 0.000391 - momentum: 0.000000
2025-12-22 20:58:20,276 epoch 100 - iter 5/13 - loss 0.21717372 - time (sec): 0.99 - samples/sec: 3523.38 - lr: 0.000391 - momentum: 0.000000
2025-12-22 20:58:20,642 epoch 100 - iter 6/13 - loss 0.21781809 - time (sec): 1.36 - samples/sec: 3087.57 - lr: 0.000391 - momentum: 0.000000
2025-12-22 20:58:20,986 epoch 100 - iter 7/13 - loss 0.21480746 - time (sec): 1.70 - samples/sec: 2970.59 - lr: 0.000391 - momentum: 0.000000
2025-12-22 20:58:21,178 epoch 100 - iter 8/13 - loss 0.21949385 - time (sec): 1.90 - samples/sec: 3032.97 - lr: 0.000391 - momentum: 0.000000
2025-12-22 20:58:21,539 epoch 100 - iter 9/13 - loss 0.22071474 - time (sec): 2.26 - samples/sec: 2906.99 - lr: 0.000391 - momentum: 0.000000
2025-12-22 20:58:21,843 epoch 100 - iter 10/13 - loss 0.22088763 - time (sec): 2.56 - samples/sec: 2852.02 - lr: 0.000391 - momentum: 0.000000
2025-12-22 20:58:22,310 epoch 100 - iter 11/13 - loss 0.21969864 - time (sec): 3.03 - samples/sec: 2645.76 - lr: 0.000391 - momentum: 0.000000
2025-12-22 20:58:22,493 epoch 100 - iter 12/13 - loss 0.21919026 - time (sec): 3.21 - samples/sec: 2701.03 - lr: 0.000391 - momentum: 0.000000
2025-12-22 20:58:22,673 epoch 100 - iter 13/13 - loss 0.22201202 - time (sec): 3.39 - samples/sec: 2726.16 - lr: 0.000391 - momentum: 0.000000
2025-12-22 20:58:22,673 ----------------------------------------------------------------------------------------------------
2025-12-22 20:58:22,673 EPOCH 100 done: loss 0.2220 - lr: 0.000391
2025-12-22 20:58:23,085 DEV : loss 0.3839254379272461 - f1-score (micro avg)  0.8904
2025-12-22 20:58:23,086  - 3 epochs without improvement
2025-12-22 20:58:23,086 ----------------------------------------------------------------------------------------------------
2025-12-22 20:58:23,315 epoch 101 - iter 1/13 - loss 0.19116040 - time (sec): 0.23 - samples/sec: 3117.27 - lr: 0.000391 - momentum: 0.000000
2025-12-22 20:58:23,529 epoch 101 - iter 2/13 - loss 0.20377965 - time (sec): 0.44 - samples/sec: 3165.86 - lr: 0.000391 - momentum: 0.000000
2025-12-22 20:58:23,727 epoch 101 - iter 3/13 - loss 0.18596747 - time (sec): 0.64 - samples/sec: 3323.73 - lr: 0.000391 - momentum: 0.000000
2025-12-22 20:58:24,093 epoch 101 - iter 4/13 - loss 0.18490283 - time (sec): 1.01 - samples/sec: 2887.19 - lr: 0.000391 - momentum: 0.000000
2025-12-22 20:58:24,286 epoch 101 - iter 5/13 - loss 0.19773786 - time (sec): 1.20 - samples/sec: 3042.93 - lr: 0.000391 - momentum: 0.000000
2025-12-22 20:58:24,490 epoch 101 - iter 6/13 - loss 0.20131015 - time (sec): 1.40 - samples/sec: 3172.80 - lr: 0.000391 - momentum: 0.000000
2025-12-22 20:58:24,807 epoch 101 - iter 7/13 - loss 0.20393085 - time (sec): 1.72 - samples/sec: 3021.05 - lr: 0.000391 - momentum: 0.000000
2025-12-22 20:58:24,980 epoch 101 - iter 8/13 - loss 0.20576955 - time (sec): 1.89 - samples/sec: 3056.90 - lr: 0.000391 - momentum: 0.000000
2025-12-22 20:58:25,211 epoch 101 - iter 9/13 - loss 0.20550872 - time (sec): 2.12 - samples/sec: 3075.52 - lr: 0.000391 - momentum: 0.000000
2025-12-22 20:58:25,411 epoch 101 - iter 10/13 - loss 0.20627473 - time (sec): 2.32 - samples/sec: 3056.55 - lr: 0.000391 - momentum: 0.000000
2025-12-22 20:58:25,947 epoch 101 - iter 11/13 - loss 0.20729849 - time (sec): 2.86 - samples/sec: 2771.46 - lr: 0.000391 - momentum: 0.000000
2025-12-22 20:58:26,069 epoch 101 - iter 12/13 - loss 0.20655023 - time (sec): 2.98 - samples/sec: 2864.68 - lr: 0.000391 - momentum: 0.000000
2025-12-22 20:58:26,322 epoch 101 - iter 13/13 - loss 0.20525499 - time (sec): 3.23 - samples/sec: 2857.20 - lr: 0.000391 - momentum: 0.000000
2025-12-22 20:58:26,322 ----------------------------------------------------------------------------------------------------
2025-12-22 20:58:26,322 EPOCH 101 done: loss 0.2053 - lr: 0.000391
2025-12-22 20:58:26,692 DEV : loss 0.3838537335395813 - f1-score (micro avg)  0.8904
2025-12-22 20:58:26,692  - 4 epochs without improvement (above 'patience')-> annealing learning_rate to [0.0001953125]
2025-12-22 20:58:26,693 ----------------------------------------------------------------------------------------------------
2025-12-22 20:58:26,885 epoch 102 - iter 1/13 - loss 0.22159998 - time (sec): 0.19 - samples/sec: 3542.00 - lr: 0.000195 - momentum: 0.000000
2025-12-22 20:58:27,127 epoch 102 - iter 2/13 - loss 0.20973129 - time (sec): 0.43 - samples/sec: 3449.01 - lr: 0.000195 - momentum: 0.000000
2025-12-22 20:58:27,329 epoch 102 - iter 3/13 - loss 0.19585360 - time (sec): 0.64 - samples/sec: 3501.37 - lr: 0.000195 - momentum: 0.000000
2025-12-22 20:58:27,646 epoch 102 - iter 4/13 - loss 0.20399856 - time (sec): 0.95 - samples/sec: 3217.63 - lr: 0.000195 - momentum: 0.000000
2025-12-22 20:58:28,041 epoch 102 - iter 5/13 - loss 0.20446184 - time (sec): 1.35 - samples/sec: 2852.71 - lr: 0.000195 - momentum: 0.000000
2025-12-22 20:58:28,266 epoch 102 - iter 6/13 - loss 0.20347826 - time (sec): 1.57 - samples/sec: 2864.54 - lr: 0.000195 - momentum: 0.000000
2025-12-22 20:58:28,556 epoch 102 - iter 7/13 - loss 0.20123474 - time (sec): 1.86 - samples/sec: 2796.76 - lr: 0.000195 - momentum: 0.000000
2025-12-22 20:58:28,960 epoch 102 - iter 8/13 - loss 0.20145034 - time (sec): 2.27 - samples/sec: 2613.56 - lr: 0.000195 - momentum: 0.000000
2025-12-22 20:58:29,164 epoch 102 - iter 9/13 - loss 0.20502877 - time (sec): 2.47 - samples/sec: 2686.37 - lr: 0.000195 - momentum: 0.000000
2025-12-22 20:58:29,318 epoch 102 - iter 10/13 - loss 0.19930173 - time (sec): 2.62 - samples/sec: 2721.58 - lr: 0.000195 - momentum: 0.000000
2025-12-22 20:58:29,514 epoch 102 - iter 11/13 - loss 0.20207338 - time (sec): 2.82 - samples/sec: 2813.72 - lr: 0.000195 - momentum: 0.000000
2025-12-22 20:58:29,714 epoch 102 - iter 12/13 - loss 0.20233345 - time (sec): 3.02 - samples/sec: 2869.10 - lr: 0.000195 - momentum: 0.000000
2025-12-22 20:58:29,864 epoch 102 - iter 13/13 - loss 0.20850074 - time (sec): 3.17 - samples/sec: 2914.66 - lr: 0.000195 - momentum: 0.000000
2025-12-22 20:58:29,864 ----------------------------------------------------------------------------------------------------
2025-12-22 20:58:29,864 EPOCH 102 done: loss 0.2085 - lr: 0.000195
2025-12-22 20:58:30,254 DEV : loss 0.383910596370697 - f1-score (micro avg)  0.8904
2025-12-22 20:58:30,255  - 1 epochs without improvement
2025-12-22 20:58:30,255 ----------------------------------------------------------------------------------------------------
2025-12-22 20:58:30,441 epoch 103 - iter 1/13 - loss 0.22317208 - time (sec): 0.19 - samples/sec: 3437.31 - lr: 0.000195 - momentum: 0.000000
2025-12-22 20:58:30,772 epoch 103 - iter 2/13 - loss 0.21333225 - time (sec): 0.52 - samples/sec: 2874.12 - lr: 0.000195 - momentum: 0.000000
2025-12-22 20:58:30,986 epoch 103 - iter 3/13 - loss 0.19595059 - time (sec): 0.73 - samples/sec: 2992.77 - lr: 0.000195 - momentum: 0.000000
2025-12-22 20:58:31,362 epoch 103 - iter 4/13 - loss 0.19141643 - time (sec): 1.11 - samples/sec: 2772.46 - lr: 0.000195 - momentum: 0.000000
2025-12-22 20:58:31,587 epoch 103 - iter 5/13 - loss 0.19769271 - time (sec): 1.33 - samples/sec: 2874.57 - lr: 0.000195 - momentum: 0.000000
2025-12-22 20:58:31,978 epoch 103 - iter 6/13 - loss 0.20590953 - time (sec): 1.72 - samples/sec: 2765.34 - lr: 0.000195 - momentum: 0.000000
2025-12-22 20:58:32,219 epoch 103 - iter 7/13 - loss 0.20529892 - time (sec): 1.96 - samples/sec: 2780.45 - lr: 0.000195 - momentum: 0.000000
2025-12-22 20:58:32,372 epoch 103 - iter 8/13 - loss 0.20931108 - time (sec): 2.12 - samples/sec: 2867.70 - lr: 0.000195 - momentum: 0.000000
2025-12-22 20:58:32,564 epoch 103 - iter 9/13 - loss 0.21451964 - time (sec): 2.31 - samples/sec: 2892.09 - lr: 0.000195 - momentum: 0.000000
2025-12-22 20:58:32,728 epoch 103 - iter 10/13 - loss 0.21780536 - time (sec): 2.47 - samples/sec: 2925.49 - lr: 0.000195 - momentum: 0.000000
2025-12-22 20:58:32,899 epoch 103 - iter 11/13 - loss 0.21775128 - time (sec): 2.64 - samples/sec: 2984.81 - lr: 0.000195 - momentum: 0.000000
2025-12-22 20:58:33,121 epoch 103 - iter 12/13 - loss 0.21972986 - time (sec): 2.87 - samples/sec: 3000.47 - lr: 0.000195 - momentum: 0.000000
2025-12-22 20:58:33,318 epoch 103 - iter 13/13 - loss 0.21910352 - time (sec): 3.06 - samples/sec: 3017.96 - lr: 0.000195 - momentum: 0.000000
2025-12-22 20:58:33,318 ----------------------------------------------------------------------------------------------------
2025-12-22 20:58:33,318 EPOCH 103 done: loss 0.2191 - lr: 0.000195
2025-12-22 20:58:33,688 DEV : loss 0.38392969965934753 - f1-score (micro avg)  0.8904
2025-12-22 20:58:33,689  - 2 epochs without improvement
2025-12-22 20:58:33,689 ----------------------------------------------------------------------------------------------------
2025-12-22 20:58:33,928 epoch 104 - iter 1/13 - loss 0.22288398 - time (sec): 0.24 - samples/sec: 3046.44 - lr: 0.000195 - momentum: 0.000000
2025-12-22 20:58:34,182 epoch 104 - iter 2/13 - loss 0.22585798 - time (sec): 0.49 - samples/sec: 2824.39 - lr: 0.000195 - momentum: 0.000000
2025-12-22 20:58:34,551 epoch 104 - iter 3/13 - loss 0.21605142 - time (sec): 0.86 - samples/sec: 2586.89 - lr: 0.000195 - momentum: 0.000000
2025-12-22 20:58:34,772 epoch 104 - iter 4/13 - loss 0.22580227 - time (sec): 1.08 - samples/sec: 2732.62 - lr: 0.000195 - momentum: 0.000000
2025-12-22 20:58:34,884 epoch 104 - iter 5/13 - loss 0.22290226 - time (sec): 1.19 - samples/sec: 2950.35 - lr: 0.000195 - momentum: 0.000000
2025-12-22 20:58:35,056 epoch 104 - iter 6/13 - loss 0.22342994 - time (sec): 1.37 - samples/sec: 3090.24 - lr: 0.000195 - momentum: 0.000000
2025-12-22 20:58:35,367 epoch 104 - iter 7/13 - loss 0.21935974 - time (sec): 1.68 - samples/sec: 2990.89 - lr: 0.000195 - momentum: 0.000000
2025-12-22 20:58:35,593 epoch 104 - iter 8/13 - loss 0.21824405 - time (sec): 1.90 - samples/sec: 3048.69 - lr: 0.000195 - momentum: 0.000000
2025-12-22 20:58:35,774 epoch 104 - iter 9/13 - loss 0.21615028 - time (sec): 2.09 - samples/sec: 3123.80 - lr: 0.000195 - momentum: 0.000000
2025-12-22 20:58:35,989 epoch 104 - iter 10/13 - loss 0.21548525 - time (sec): 2.30 - samples/sec: 3158.81 - lr: 0.000195 - momentum: 0.000000
2025-12-22 20:58:36,205 epoch 104 - iter 11/13 - loss 0.21535301 - time (sec): 2.52 - samples/sec: 3163.83 - lr: 0.000195 - momentum: 0.000000
2025-12-22 20:58:36,349 epoch 104 - iter 12/13 - loss 0.21249943 - time (sec): 2.66 - samples/sec: 3212.07 - lr: 0.000195 - momentum: 0.000000
2025-12-22 20:58:36,682 epoch 104 - iter 13/13 - loss 0.21295270 - time (sec): 2.99 - samples/sec: 3088.10 - lr: 0.000195 - momentum: 0.000000
2025-12-22 20:58:36,682 ----------------------------------------------------------------------------------------------------
2025-12-22 20:58:36,683 EPOCH 104 done: loss 0.2130 - lr: 0.000195
2025-12-22 20:58:37,054 DEV : loss 0.38386020064353943 - f1-score (micro avg)  0.8904
2025-12-22 20:58:37,054  - 3 epochs without improvement
2025-12-22 20:58:37,055 ----------------------------------------------------------------------------------------------------
2025-12-22 20:58:37,245 epoch 105 - iter 1/13 - loss 0.23401094 - time (sec): 0.19 - samples/sec: 3289.60 - lr: 0.000195 - momentum: 0.000000
2025-12-22 20:58:37,438 epoch 105 - iter 2/13 - loss 0.21169201 - time (sec): 0.38 - samples/sec: 3407.67 - lr: 0.000195 - momentum: 0.000000
2025-12-22 20:58:37,655 epoch 105 - iter 3/13 - loss 0.22271450 - time (sec): 0.60 - samples/sec: 3391.89 - lr: 0.000195 - momentum: 0.000000
2025-12-22 20:58:37,950 epoch 105 - iter 4/13 - loss 0.20564816 - time (sec): 0.89 - samples/sec: 3124.13 - lr: 0.000195 - momentum: 0.000000
2025-12-22 20:58:38,153 epoch 105 - iter 5/13 - loss 0.20488284 - time (sec): 1.10 - samples/sec: 3207.08 - lr: 0.000195 - momentum: 0.000000
2025-12-22 20:58:38,514 epoch 105 - iter 6/13 - loss 0.20083269 - time (sec): 1.46 - samples/sec: 2963.07 - lr: 0.000195 - momentum: 0.000000
2025-12-22 20:58:38,689 epoch 105 - iter 7/13 - loss 0.20037821 - time (sec): 1.63 - samples/sec: 3067.42 - lr: 0.000195 - momentum: 0.000000
2025-12-22 20:58:38,832 epoch 105 - iter 8/13 - loss 0.20350631 - time (sec): 1.78 - samples/sec: 3167.61 - lr: 0.000195 - momentum: 0.000000
2025-12-22 20:58:39,211 epoch 105 - iter 9/13 - loss 0.20111018 - time (sec): 2.16 - samples/sec: 3005.79 - lr: 0.000195 - momentum: 0.000000
2025-12-22 20:58:39,397 epoch 105 - iter 10/13 - loss 0.20762522 - time (sec): 2.34 - samples/sec: 3067.46 - lr: 0.000195 - momentum: 0.000000
2025-12-22 20:58:39,565 epoch 105 - iter 11/13 - loss 0.20775508 - time (sec): 2.51 - samples/sec: 3125.59 - lr: 0.000195 - momentum: 0.000000
2025-12-22 20:58:39,778 epoch 105 - iter 12/13 - loss 0.20597755 - time (sec): 2.72 - samples/sec: 3138.62 - lr: 0.000195 - momentum: 0.000000
2025-12-22 20:58:40,019 epoch 105 - iter 13/13 - loss 0.20675782 - time (sec): 2.96 - samples/sec: 3118.37 - lr: 0.000195 - momentum: 0.000000
2025-12-22 20:58:40,019 ----------------------------------------------------------------------------------------------------
2025-12-22 20:58:40,019 EPOCH 105 done: loss 0.2068 - lr: 0.000195
2025-12-22 20:58:40,374 DEV : loss 0.3838505744934082 - f1-score (micro avg)  0.8904
2025-12-22 20:58:40,375  - 4 epochs without improvement (above 'patience')-> annealing learning_rate to [9.765625e-05]
2025-12-22 20:58:40,375 ----------------------------------------------------------------------------------------------------
2025-12-22 20:58:40,375 learning rate too small - quitting training!
2025-12-22 20:58:40,375 ----------------------------------------------------------------------------------------------------
2025-12-22 20:58:40,375 Saving model ...
2025-12-22 20:58:40,394 Done.
2025-12-22 20:58:40,395 ----------------------------------------------------------------------------------------------------
2025-12-22 20:58:40,395 Loading model from best epoch ...
2025-12-22 20:58:40,419 [b'<unk>', b'.</w>', b',</w>', b'\xd0\xb4\xd0\xb0</w>', b'\xd3\xa7</w>', b'\xd0\xba\xd1\x8b', b'\xd0\xb8</w>', b'-</w>', b'\xe2\x80\x94</w>', b'\xd3\xa7', b'\xd3\xa7\xd0\xbd</w>', b'\xd1\x80</w>', b'\xd0\xbd\xd1\x8b</w>', b'\xd0\xba\xd0\xb0', b'\xd1\x81\xd3\xa7</w>', b'\xd0\xb4</w>', b'\xd0\xb2', b'\xd1\x8a\xd1\x8f\xd1\x81</w>', b'\xd0\xbd\xd0\xb0</w>', b'\xd0\xbd\xd0\xb8\xd0\xbd</w>', b'\xd0\xb4', b'\xd1\x8f\xd1\x81</w>', b'\xd0\xb2\xd1\x8b\xd0\xbb\xd3\xa7</w>', b'\xd0\xbd</w>', b'\xd1\x80', b'\xd0\xba\xd3\xa7</w>', b'\xd1\x82\xd0\xb0', b'\xd1\x81</w>', b'\xd3\xa7\xd0\xb4', b'\xd1\x8b', b'\xd0\xbd\xd1\x8b', b'\xd1\x81\xd1\x8c', b'\xd1\x8f', b'\xd1\x8d\xd0\xb7</w>', b'\xd0\xbb\xd1\x96\xd1\x81</w>', b'\xd1\x81\xd0\xb0</w>', b'\xd0\xb2\xd0\xbe', b'\xd0\xb6\xd3\xa7</w>', b'\xd1\x8b\xd1\x81</w>', b'\xd0\xb9', b'\xd0\xb2</w>', b'\xd0\xb2\xd3\xa7\xd0\xbb\xd1\x96</w>', b'\xd1\x81\xd1\x8c</w>', b'\xd0\xbc\xd1\x8b\xd0\xb9</w>', b'\xd3\xa7\xd0\xbc</w>', b'\xd0\xbe\xd0\xb7</w>', b'\xd0\xba\xd3\xa7', b'?</w>', b'\xd1\x88', b'\xd0\xbd\xd3\xa7\xd0\xb9</w>', b'\xd1\x8b\xd1\x81\xd1\x8c</w>', b'\xd1\x82\xd3\xa7', b'\xd0\xbc', b'\xd1\x82', b'\xd0\xb0</w>', b'\xd1\x81\xd1\x96\xd0\xb9\xd3\xa7</w>', b'\xd1\x96\xd1\x81</w>', b'\xd0\xb0', b'\xd1\x87', b'\xd0\xba', b'\xd0\xbb\xd3\xa7</w>', b'\xd0\xbd', b'\xd0\xbb\xd3\xa7\xd0\xbd</w>', b'\xd1\x83', b'\xd0\xb2\xd0\xb8', b'\xd1\x82\xd3\xa7\xd0\xb4', b'\xd1\x82\xd1\x83', b'\xd1\x8a\xd1\x8f', b'\xd0\xba\xd0\xbe', b'\xd0\xbe', b'\xd0\xb6', b'\xd0\xbd\xd0\xb5', b'\xd0\xbb\xd1\x8c', b'\xd1\x88\xd1\x83', b'!</w>', b'\xd3\xa7\xd1\x81</w>', b'\xd0\xbb\xd3\xa7', b'\xd1\x81\xd0\xba\xd3\xa7\xd0\xb9</w>', b'\xd0\xbb\xd0\xbe', b'\xd0\xb3', b'\xd1\x81', b'\xd0\xba</w>', b'\xd0\xba\xd1\x83', b'\xd1\x8d', b'\xd0\xbf\xd1\x83', b'\xd0\xbb\xd0\xb0', b'\xd0\xbc\xd1\x8b', b'\xd1\x8e', b'\xd1\x82\xd1\x8b', b'\xd0\xbb\xd1\x8b', b'\xd1\x81\xd0\xb0', b'\xd0\xbf\xd1\x8b', b'\xd0\xb7', b'\xd0\xbf\xd0\xb0\xd1\x81\xd1\x8c', b'\xd0\xb3\xd0\xb0', b'\xd0\xbb\xd1\x8b\xd1\x81\xd1\x8c</w>', b'\xd0\xba\xd3\xa7\xd0\xb4', b'\xd0\xb3</w>', b'\xd0\xbf\xd3\xa7', b'\xd0\xb2\xd3\xa7', b'\xd0\xba\xd0\xb8', b'\xd3\xa7\xd1\x80', b'\xd0\xbd\xd1\x8b\xd1\x81</w>', b'\xd0\xb2\xd1\x8b', b'\xd0\xb2\xd0\xb0', b'\xd0\xbc</w>', b'\xd0\xb3\xd1\x8b', b'\xd0\xb2\xd0\xbd\xd1\x8b</w>', b'\xd1\x88\xd0\xbe', b'\xd0\xb2\xd1\x8b\xd0\xbb\xd1\x8b\xd0\xbd</w>', b'\xd1\x8a\xd1\x8f\xd1\x81\xd3\xa7\xd0\xbd</w>', b'\xd0\xa1', b'\xd1\x8b\xd0\xbd</w>', b'\xd3\xa7\xd1\x82', b'\xd0\xb7\xd1\x8d\xd0\xb2</w>', b'\xd0\xb4\xd0\xb7', b'\xd1\x82\xd3\xa7</w>', b'\xd1\x82\xd0\xb0</w>', b'\xd1\x81\xd3\xa7\xd0\xbc\xd1\x8b\xd0\xbd</w>', b'\xd0\xbc\xd0\xb0', b'\xd0\xb7</w>', b'\xd0\xbb\xd1\x8b</w>', b'\xd3\xa7\xd0\xb4</w>', b'\xd0\xbb\xd1\x8d', b'\xd0\x98</w>', b'\xd0\xba\xd0\xbe\xd0\xb4\xd1\x8c</w>', b'\xd0\xb9\xd3\xa7', b'\xd0\xbf\xd0\xb5', b'\xd0\xbb\xd3\xa7\xd0\xbd\xd1\x8b</w>', b'\xd1\x82\xd0\xb0\xd0\xb9\xd3\xa7</w>', b'\xd0\xbc\xd3\xa7', b'\xd1\x81\xd1\x82', b'\xd0\x9d\xd0\xbe</w>', b'\xd3\xa7\xd0\xb9</w>', b'\xd0\xbb\xd3\xa7\xd0\xbc</w>', b'\xd1\x83\xd0\xbd\xd0\xb0</w>', b'\xd3\xa7\xd1\x81\xd1\x8c</w>', b'\xd1\x87\xd1\x8b', b'\xd1\x80\xd1\x8b', b'\xd1\x96', b'\xd3\xa7\xd0\xb4\xd1\x96\xd1\x81</w>', b'\xd1\x87\xd0\xb8\xd1\x81</w>', b'\xd1\x80\xd0\xb0', b'\xd0\xbc\xd1\x8b\xd1\x81</w>', b'\xd0\xbf\xd0\xbe', b'\xd0\xb2\xd0\xbe</w>', b'\xd0\xba\xd0\xbe\xd0\xbb\xd1\x85\xd0\xbe\xd0\xb7', b'\xd1\x81\xd1\x82\xd0\xb0\xd0\xb2</w>', b'\xd0\xb8\xd0\xbd', b'\xd1\x8b\xd0\xb4\xd0\xb6\xd1\x8b\xd0\xb4</w>', b'\xd1\x82\xd3\xa7\xd0\xbc</w>', b'\xd0\xb2\xd1\x83', b'\xd3\xa7\xd0\xbc', b'\xd0\xbd\xd0\xb0', b'\xd1\x82\xd3\xa7\xd0\xb3</w>', b'\xd1\x82\xd0\xbe\xd1\x80', b'\xd1\x88</w>', b'\xd0\xba\xd0\xb0</w>', b'\xd0\xb4\xd0\xbe', b'\xd0\xbc\xd1\x83', b'\xd0\xbc\xd0\xb8', b'\xd0\xb2\xd0\xb5\xd1\x81\xd1\x8c', b'\xd1\x81\xd0\xbd\xd1\x8b</w>', b'\xd0\xbd\xd1\x8c', b'\xd0\xb2\xd0\xbe\xd0\xb9', b'\xd0\xbc\xd0\xbe\xd0\xb7</w>', b'\xd0\xbb\xd1\x96\xd1\x81\xd0\xbd\xd1\x8b</w>', b'\xd0\xbf\xd0\xb0', b'\xd0\xb2\xd1\x82', b'\xd1\x81\xd0\xb8\xd1\x81</w>', b'\xd0\xbf', b'\xd1\x8f</w>', b'\xd0\xb7\xd1\x8b', b'\xd1\x8a\xd1\x8f</w>', b'\xd0\xb4\xd1\x8b', b'\xd0\xbb\xd1\x83\xd0\xbd</w>', b'\xd0\xbd\xd0\xbe</w>', b'\xd0\xb1\xd0\xbe', b'\xd1\x87\xd0\xb0', b'\xd0\xa2\xd0\xb0', b'\xd0\xbd\xd0\xb8', b'\xd1\x81\xd1\x8c\xd3\xa7', b'\xd1\x80\xd0\xb8', b'\xd0\xba\xd0\xbe\xd1\x80</w>', b'\xd0\xb9\xd1\x8b', b'\xd0\xb4\xd0\xb0', b'\xd0\xbc\xd0\xb0</w>', b'\xd1\x80\xd3\xa7', b'\xd0\xb2\xd0\xb8\xd0\xb4\xd0\xb7\xd3\xa7\xd0\xb4', b'\xd1\x81\xd1\x8c\xd1\x8b\xd1\x81</w>', b'\xd1\x8a\xd1\x8f\xd1\x81\xd1\x81\xd3\xa7</w>', b'\xd1\x81\xd1\x8f', b'\xd1\x81\xd0\xb8\xd0\xbd', b'\xd1\x83\xd1\x80\xd0\xbe\xd0\xb6\xd0\xb0\xd0\xb9</w>', b'\xd0\xa2', b'\xd0\xbe\xd1\x80', b'\xd1\x81\xd1\x8b</w>', b'\xd3\xa7\xd0\xb4\xd0\xbd\xd1\x8b</w>', b'\xd0\xb4\xd1\x96\xd0\xbd\xd3\xa7</w>', b'\xd1\x8a\xd1\x8f\xd1\x81\xd3\xa7\xd1\x81</w>', b'\xd1\x81\xd1\x8c\xd3\xa7\xd0\xbc</w>', b'\xd3\xa7\xd1\x82\xd0\xb8</w>', b'\xd0\xb1\xd1\x8b\xd0\xb4', b'\xd0\xb1\xd1\x8b\xd0\xb4</w>', b'\xd0\xb0\xd1\x81</w>', b'\xd0\xbc\xd0\xbe', b'\xd0\xb9</w>', b'\xd1\x82\xd0\xbe\xd1\x80</w>', b'\xd0\xbb\xd1\x96</w>', b'\xd1\x80\xd0\xb0</w>', b'\xd0\xbb\xd0\xb0</w>', b'\xd0\xba\xd0\xbe\xd1\x80', b'\xd0\xbd\xd0\xb0\xd1\x81</w>', b'\xd0\xbf\xd0\xb8', b'\xd0\xb7\xd1\x8c', b'\xd0\xb9\xd3\xa7\xd0\xbd</w>', b'\xd0\xbc\xd0\xb8\xd1\x8f\xd0\xbd</w>', b'\xd0\xbd\xd1\x83', b'\xd0\xb4\xd0\xb6\xd1\x8b\xd0\xba</w>', b'\xd3\xa7\xd0\xbd\xd1\x8b</w>', b'\xd0\xa3', b'\xd1\x87\xd3\xa7', b'\xd0\xa2\xd0\xb0\xd0\xb9\xd3\xa7</w>', b'\xd0\xb1\xd0\xbe\xd1\x81\xd1\x8c', b'\xd1\x82\xd1\x8b\xd1\x88', b'\xd0\xbc\xd3\xa7\xd0\xb4', b'\xd0\xbb\xd0\xbe\xd0\xbd\xd1\x8b</w>', b'\xd0\xb4\xd0\xb7</w>', b'\xd1\x81\xd1\x8d', b'\xd0\xb6\xd0\xb0', b'\xd0\x95', b'\xd1\x82\xd1\x8b\xd1\x81\xd1\x8c</w>', b'\xd1\x8b\xd1\x88', b'\xd0\xbf\xd1\x8b\xd1\x80</w>', b'\xd1\x96</w>', b'\xd3\xa7\xd0\xbc\xd0\xb0</w>', b'\xd1\x82\xd1\x96</w>', b'\xd0\xbb\xd0\xb0\xd0\xbd\xd1\x8c</w>', b'\xd1\x96\xd1\x81\xd0\xbd\xd1\x8b</w>', b'\xd1\x8e</w>', b'\xd0\xb4\xd0\xb7\xd0\xb8\xd0\xba</w>', b'\xd0\x9a\xd0\xbe', b'\xd1\x82\xd1\x96\xd1\x81</w>', b'\xd0\xb1\xd1\x83', b'\xd0\xb2\xd0\xb5', b'\xd1\x8a\xd1\x8f\xd1\x81\xd1\x8b\xd0\xbd</w>', b'\xd0\xba\xd0\xbe\xd0\xb4', b'\xd3\xa7\xd0\xbd\xd1\x96</w>', b'\xd0\xb8\xd1\x82', b'\xd0\xbd\xd3\xa7', b'\xd0\xb4\xd0\xb6', b'\xd1\x82</w>', b'\xd1\x8c</w>', b'\xd1\x80\xd0\xbe', b'\xd3\xa7\xd0\xb4\xd0\xb7</w>', b'\xd0\xb2\xd0\xb5\xd1\x80\xd0\xbc\xd1\x8b</w>', b'\xd0\xbf\xd3\xa7\xd1\x80', b'\xd0\xbc\xd0\xb0\xd1\x88\xd0\xb8\xd0\xbd\xd0\xb0', b'\xd0\xbb\xd1\x8c</w>', b'\xd1\x81\xd1\x8d\xd1\x82\xd1\x88\xd3\xa7\xd0\xbc</w>', b'\xd1\x81\xd0\xbe', b'\xd1\x82\xd1\x88', b'\xd1\x87\xd0\xb8', b'\xd1\x81\xd1\x8c\xd3\xa7</w>', b'\xd0\x9e', b'\xd0\xbc\xd3\xa7\xd0\xbd</w>', b'\xd0\xbd\xd0\xb8\xd0\xba</w>', b'\xd1\x87\xd3\xa7\xd0\xbc</w>', b'\xd0\xbd\xd1\x8f', b'\xd0\xba\xd0\xbe\xd0\xb4\xd1\x96</w>', b'\xd0\xbc\xd0\xb0\xd1\x81</w>', b'\xd1\x82\xd1\x96\xd1\x81\xd0\xbd\xd1\x8b</w>', b'\xd0\xb2\xd0\xb0</w>', b'\xd0\xbd\xd0\xb8</w>', b'\xd1\x81\xd1\x8f\xd0\xbd\xd1\x8c</w>', b'\xd1\x88\xd0\xb0', b'\xd0\x90</w>', b'\xd0\x9a\xd1\x8b', b'\xd1\x8b</w>', b'\xd0\xb4\xd0\xb7\xd0\xb8', b'\xd0\xb1\xd3\xa7\xd1\x80\xd1\x8b\xd0\xbd</w>', b'\xd0\x93', b'\xd0\xbf\xd1\x83</w>', b'\xd1\x8f\xd1\x81\xd3\xa7\xd1\x81</w>', b'\xd0\xb9\xd3\xa7</w>', b'\xd0\xba\xd0\xb5\xd1\x80\xd0\xba\xd0\xb0', b'\xd0\xb1\xd1\x8b', b'\xd0\xbd\xd1\x8b\xd0\xb4</w>', b'\xd1\x88\xd1\x8b', b'\xd0\xbc\xd0\xb0\xd3\xa7\xd1\x81\xd1\x8c</w>', b'\xd1\x81\xd1\x83\xd0\xbb\xd0\xb0', b'\xd0\xbb', b'\xd0\xbd\xd1\x8c</w>', b'\xd0\xb2\xd1\x8b\xd0\xbb\xd1\x8b\xd1\x81\xd1\x8c</w>', b'\xd0\xb8\xd0\xb4\xd1\x80\xd0\xb0\xd0\xbb\xd3\xa7\xd0\xbc</w>', b'\xd0\xbc\xd1\x83</w>', b'\xd1\x81\xd1\x82\xd0\xb0', b'\xd1\x81\xd1\x8c\xd1\x8b', b'\xd1\x82\xd3\xa7\xd0\xbd\xd1\x8b</w>', b'\xd1\x83\xd0\xb4\xd0\xb6</w>', b'\xd1\x91\xd0\xbd\xd0\xb0</w>', b'\xd0\xb2\xd3\xa7\xd1\x81\xd0\xbd\xd0\xb0</w>', b'\xd0\xbb\xd1\x96', b'\xd1\x81\xd1\x8b', b'\xd1\x82\xd1\x8b\xd1\x80</w>', b'\xd0\xb3\xd1\x8a\xd1\x8f\xd1\x81</w>', b'\xd1\x82\xd0\xbd\xd1\x8b</w>', b'\xd1\x82\xd1\x8d', b'\xd0\xb3\xd3\xa7\xd0\xb3\xd3\xa7\xd1\x80\xd0\xb2\xd0\xbe', b'\xd1\x80\xd1\x82', b'\xd1\x81\xd1\x82\xd3\xa7\xd0\xbc</w>', b'\xd3\xa7\xd0\xb4\xd3\xa7\xd0\xbc</w>', b'\xd1\x8f\xd1\x81\xd3\xa7\xd0\xbd</w>', b'\xd0\x92\xd0\xbe', b'\xd0\xbb\xd1\x83', b'\xd0\xa8\xd0\xbe', b'\xd0\xbd\xd1\x8d', b'\xd3\xa7\xd0\xb4\xd1\x8b\xd1\x81</w>', b'\xd0\xb1\xd3\xa7', b'\xd0\xbb\xd3\xa7\xd0\xbc', b'\xd1\x80\xd1\x8b\xd1\x81</w>', b'\xd0\xb7\xd1\x8d', b'\xd1\x8f\xd0\xbd</w>', b'\xd0\xbd\xd3\xa7</w>', b'\xd3\xa6', b'\xd0\xb2\xd0\xbe\xd1\x81\xd1\x8c', b'\xd1\x91', b'\xd0\xb3\xd0\xbe\xd1\x80', b'\xd0\xb2\xd0\xb5\xd1\x80', b'\xd0\xb9\xd1\x8b\xd1\x81</w>', b'\xd0\x90', b'\xd0\xb1', b'\xd0\xbc\xd0\xb8</w>', b'\xd1\x87\xd3\xa7</w>', b'\xd0\xba\xd0\xb0\xd1\x80', b'\xd3\xa7\xd1\x81', b'\xd0\xba\xd1\x83\xd0\xb7', b'\xd1\x8f\xd1\x81\xd0\xbb\xd3\xa7\xd0\xbd</w>', b'\xd0\xbf\xd0\xbe\xd1\x81', b'\xd1\x81\xd0\xb8', b'\xd0\xba\xd1\x8b\xd0\xb4\xd0\xb7</w>', b'\xd1\x81\xd1\x8c\xd3\xa7\xd0\xbd\xd1\x8b</w>', b'\xd0\xb3\xd3\xa7', b'\xd0\xba\xd1\x8b\xd0\xba</w>', b'\xd1\x88\xd0\xbe\xd0\xbd\xd0\xb4\xd1\x96</w>', b'\xd0\x9f\xd0\xb5', b'A</w>', b'\xd0\xbc\xd3\xa7\xd0\xbc</w>', b'\xd0\x9c\xd0\xb8', b'\xd0\xbb\xd1\x8f', b'\xd0\xa1\xd1\x82\xd0\xb0', b'\xd0\xb2\xd0\xb8\xd0\xb4\xd0\xb7', b'\xd0\xbf\xd1\x83\xd0\xba', b'\xd0\xbb\xd1\x8b\xd0\xbd\xd1\x8b</w>', b'\xd0\xba\xd0\xbe\xd0\xbb\xd3\xa7</w>', b'\xd0\xba\xd0\xbe\xd0\xbb\xd1\x8c', b'\xd0\xba\xd3\xa7\xd0\xbd\xd1\x96</w>', b'\xd0\xb9\xd1\x8b\xd0\xbb\xd1\x8b\xd1\x81\xd1\x8c</w>', b'\xd0\xbb\xd0\xb8', b'\xd1\x81\xd0\xba\xd0\xb0', b'\xd1\x81\xd1\x91', b'\xd0\xb2\xd0\xbb\xd1\x96\xd1\x81</w>', b'\xd3\xa7\xd0\xb4\xd3\xa7\xd0\xbc\xd0\xb0</w>', b'\xd0\x9c\xd0\xb5', b'\xd1\x96\xd0\xb3', b'\xd1\x81\xd1\x96\xd0\xb9\xd3\xa7\xd1\x81</w>', b'\xd0\xba\xd0\xbe\xd0\xb2', b'\xd1\x81\xd1\x8c\xd0\xbd\xd1\x8b</w>', b'\xd1\x81\xd3\xa7', b'\xd1\x8d\xd1\x81\xd1\x8c\xd0\xba\xd3\xa7</w>', b'\xd0\xbe\xd0\xb3</w>', b'\xd0\x9c\xd0\xb5</w>', b'\xd0\xbc\xd0\xb5</w>', b'\xd0\xb2\xd0\xb5\xd1\x82', b'\xd0\xbd\xd3\xa7\xd1\x88\xd1\x82\xd0\xb0</w>', b'\xd1\x87\xd0\xbe', b'\xd0\xbf\xd0\xbe\xd0\xbd', b'\xd1\x81\xd0\xbb\xd1\x8b</w>', b'\xd0\xb4\xd0\xbe\xd1\x80\xd3\xa7</w>', b'\xd0\xbc\xd1\x8b\xd0\xb9', b'\xd0\x9a\xd3\xa7', b'\xd1\x82\xd1\x8c</w>', b'\xd0\x94', b'\xd0\xbb\xd0\xb0\xd1\x81</w>', b'\xd0\xb1\xd3\xa7\xd1\x80', b'\xd1\x87\xd0\xb8\xd1\x81\xd0\xbd\xd1\x8b</w>', b'\xd0\xb8\xd1\x87\xd3\xa7\xd1\x82\xd0\xb8\xd0\xba</w>', b'\xd0\xb1\xd0\xb0', b'\xd0\xb4\xd0\xb6\xd1\x8b', b'\xd0\xb8\xd1\x81\xd0\xbd\xd1\x8b</w>', b'\xd1\x81\xd0\xb8\xd0\xbd</w>', b'\xd0\xbc\xd1\x8b\xd0\xbd\xd1\x8b</w>', b'\xd0\x92\xd0\xb0', b'\xd3\xa7\xd1\x80\xd3\xa7</w>', b'\xd1\x80\xd0\xb0\xd1\x81</w>', b'\xd0\xb6</w>', b'\xd0\xa1\xd1\x96\xd0\xb9\xd3\xa7</w>', b'\xd0\x9a', b'\xd0\xbc\xd0\xb5\xd0\xb4</w>', b'\xd0\xb1\xd0\xb0\xd1\x80\xd0\xb0</w>', b'\xd0\xbb\xd1\x8b\xd1\x81</w>', b'\xd0\xba\xd3\xa7\xd0\xb4</w>', b'\xd1\x8d\xd0\xb3</w>', b'\xd0\xb1\xd1\x8b\xd1\x82\xd1\x82\xd1\x8c\xd3\xa7</w>', b'\xd0\xb2\xd1\x8b\xd0\xb2</w>', b'\xd1\x82\xd0\xb0\xd1\x81</w>', b'\xd0\xb2\xd0\xb5\xd0\xb2\xd1\x82', b'\xd0\xb2\xd1\x81\xd3\xa7</w>', b'\xd0\x9a\xd1\x8b\xd0\xb4\xd0\xb7\xd0\xb8</w>', b'\xd0\xbb\xd0\xbe\xd0\xb8</w>', b'\xd1\x81\xd1\x8b\xd0\xbb\xd3\xa7\xd0\xbd</w>', b'\xd0\xb2\xd3\xa7\xd0\xb2</w>', b'\xd0\xb2\xd0\xb0\xd0\xb6</w>', b'\xd0\xbe\xd0\xbb\xd3\xa7', b'\xd1\x8c', b'\xd0\xb0\xd1\x80', b'\xd0\xb6\xd1\x83', b'\xd0\xbf\xd0\xb5\xd1\x82', b'\xd0\xba\xd0\xb0\xd1\x81</w>', b'\xd0\xb7\xd0\xb0', b'\xd1\x8f\xd1\x81', b'\xd1\x82\xd1\x8d</w>', b'\xd0\xbc\xd0\xb0\xd1\x82', b'\xd1\x81\xd1\x8b\xd0\xbb\xd1\x8b</w>', b'\xd0\xb2\xd0\xb5\xd0\xbb', b'a</w>', b'\xd0\xbc\xd1\x83\xd0\xba\xd3\xa7\xd0\xb4</w>', b'\xd0\xb3\xd3\xa7\xd1\x80', b'\xd0\xb2\xd3\xa7\xd1\x80</w>', b'\xd0\xbd\xd1\x8b\xd0\xbc</w>', b'\xd0\xb4\xd1\x8c', b'\xd0\xb2\xd0\xbe\xd0\xb8\xd1\x81</w>', b'\xd0\xb2\xd0\xb8\xd1\x81\xd1\x8c\xd1\x82\xd0\xb0', b'\xd1\x81\xd0\xb5\xd1\x80', b'\xd0\xbd\xd0\xb8\xd0\xba', b'\xd0\xbb\xd0\xb0\xd0\xbd</w>', b'\xd3\xa7\xd0\xbc\xd3\xa7\xd0\xbd</w>', b'\xd0\xbd\xd1\x81\xd3\xa7</w>', b'\xd0\xbd\xd0\xbe\xd0\xb2', b'\xd0\xb8\xd0\xb4\xd1\x80\xd0\xb0\xd0\xbb\xd3\xa7\xd0\xbc\xd1\x8b\xd0\xbd</w>', b'\xd0\xbc\xd0\xb5\xd0\xb4\xd1\x81\xd1\x8f</w>', b'\xd0\xba\xd0\xbe\xd0\xbb\xd1\x85\xd0\xbe\xd0\xb7\xd1\x8a\xd1\x8f\xd1\x81\xd1\x81\xd0\xb0</w>', b'\xd0\xbf\xd1\x80\xd0\xb5\xd0\xb4\xd1\x81\xd0\xb5\xd0\xb4\xd0\xb0\xd1\x82\xd0\xb5\xd0\xbb\xd1\x8c\xd1\x8f\xd1\x81</w>', b'\xd1\x81\xd1\x96\xd0\xb4\xd0\xb7</w>', b'\xd1\x87\xd1\x87', b'\xd0\xbd\xd1\x8e', b'\xd1\x91\xd1\x80\xd1\x82</w>', b'\xd1\x82\xd3\xa7\xd0\xbc\xd0\xb0</w>', b'\xd1\x83\xd0\xb4\xd0\xb6', b'\xd0\xbb\xd3\xa7\xd0\xb4', b'\xd0\xba\xd0\xbe\xd0\xb4\xd1\x8a\xd1\x8f\xd1\x81</w>', b'\xd1\x81\xd1\x83\xd0\xb2\xd1\x82', b'\xd1\x81\xd0\xb5', b'\xd0\xbd\xd0\xb4', b'\xd0\xb4\xd0\xb8', b'\xd1\x80\xd1\x8a\xd1\x8f\xd1\x81</w>', b'\xd0\xb2\xd3\xa7\xd0\xb9</w>', b'\xd1\x87\xd1\x87\xd1\x8b', b'\xd0\xb4\xd1\x8c</w>', b'\xd0\xb4\xd0\xb6\xd1\x8b\xd0\xb4</w>', b'\xd0\xbc\xd0\xb5\xd0\xbd\xd3\xa7</w>', b'\xd1\x87\xd1\x8b\xd0\xbd\xd1\x8b</w>', b'\xd0\xb0\xd1\x81\xd1\x8b', b'\xd0\xbb\xd1\x8b\xd0\xbd</w>', b'\xd1\x87\xd0\xb8</w>', b'\xd1\x87\xd0\xb5\xd1\x80', b'\xd1\x82\xd1\x8b\xd0\xb4\xd0\xb0', b'\xd0\xad', b'\xd1\x81\xd1\x8f</w>', b'\xd1\x82\xd0\xbe\xd1\x80\xd1\x8a\xd1\x8f\xd1\x81</w>', b'\xd1\x81\xd1\x8d\xd1\x81\xd1\x81\xd1\x8f</w>', b'\xd0\xb2\xd0\xbe\xd0\xb4', b'\xd0\xa7', b'\xd0\xb4\xd1\x8b\xd1\x80</w>', b'\xd0\xbf\xd0\xbe\xd0\xb2', b'\xd1\x81\xd1\x82\xd0\xb0\xd0\xb2\xd1\x8b\xd1\x81</w>', b'\xd0\xb3\xd1\x8b\xd0\xbc\xd0\xb0', b'\xd0\xb2\xd0\xbe\xd0\xb4\xd0\xb7\xd3\xa7</w>', b'\xd1\x87\xd1\x83\xd0\xba', b'\xd0\xbc\xd3\xa7\xd0\xb4\xd3\xa7\xd0\xb4', b'\xd3\xa7\xd0\xb4\xd0\xb9\xd3\xa7</w>', b'\xd1\x80\xd1\x8b\xd0\xb4</w>', b'\xd0\xb4\xd0\xb7\xd0\xb5\xd0\xb1', b'\xd1\x82\xd1\x88\xd3\xa7\xd0\xbc\xd0\xb0</w>', b'\xd0\xba\xd0\xbe\xd0\xba</w>', b'\xd0\xa2\xd1\x83', b'\xd1\x8b\xd0\xbc</w>', b'\xd1\x8f\xd1\x81\xd1\x8b\xd1\x81</w>', b'\xd0\x92\xd3\xa7', b'\xd0\xbd\xd0\xba\xd3\xa7</w>', b'\xd0\x9f\xd0\xb0', b'\xd0\xbf\xd1\x8b\xd1\x82\xd1\x88', b'\xd0\x9c\xd1\x8b\xd0\xb9', b'\xd0\xb2\xd0\xbe\xd0\xb4\xd0\xb7', b'\xd0\xbf\xd1\x8b\xd1\x80\xd1\x8b\xd1\x81\xd1\x8c</w>', b'\xd0\xb8\xd1\x81</w>', b'\xd0\xba\xd3\xa7\xd0\xbc</w>', b'\xd0\xbb\xd3\xa7\xd0\xbc\xd0\xb0</w>', b'\xd0\xba\xd0\xb5\xd1\x80\xd0\xba\xd0\xb0</w>', b'\xd0\x9d\xd0\xb5', b'\xd0\xb4\xd1\x8b\xd0\xbd</w>', b'\xd0\xba\xd3\xa7\xd0\xbd</w>', b'\xd0\xb2\xd1\x8b\xd0\xbb\xd0\xb0\xd1\x81</w>', b'\xd0\xbc\xd1\x83\xd0\xbd', b'\xd1\x82\xd1\x80\xd0\xb0', b'\xd1\x82\xd1\x87\xd3\xa7', b'\xd1\x82\xd0\xb0\xd1\x82\xd1\x88\xd3\xa7\xd0\xbc</w>', b'\xd0\xbb\xd1\x91', b'\xd0\xbe\xd0\xbd</w>', b'\xd0\xbc\xd1\x8b\xd0\xb4</w>', b'\xd0\xb1\xd1\x80\xd0\xbe\xd0\xbd\xd0\xb5\xd0\xb2\xd0\xb8', b'\xd0\xba\xd1\x8b\xd0\xb4</w>', b'\xd1\x81\xd0\xb0\xd1\x81</w>', b'\xd1\x84\xd0\xb5\xd1\x80\xd1\x8b\xd1\x81</w>', b'\xd0\xba\xd0\xb5', b'\xd0\xb3\xd3\xa7\xd0\xb4', b'\xd0\xbd\xd1\x96</w>', b'\xd0\xbc\xd0\xb5', b'\xd0\x9c\xd1\x8b\xd0\xb9</w>', b'\xd1\x87\xd0\xb5', b':</w>', b'\xd0\xbc\xd1\x8b\xd0\xb9\xd0\xba\xd3\xa7</w>', b'\xd1\x82\xd1\x96', b'\xd0\xbb\xd0\xbe\xd0\xb2', b'\xd0\xb3\xd0\xb8', b'\xd1\x82\xd0\xb8', b'\xc2\xab</w>', b'\xc2\xbb</w>', b'\xd1\x8b\xd1\x81\xd1\x8c', b'\xd0\xbe\xd1\x80\xd0\xb4\xd3\xa7</w>', b'\xd0\xbc\xd1\x8a\xd1\x8f\xd1\x81</w>', b'\xd0\xba\xd1\x8b\xd0\xb4', b'\xd1\x8a', b'\xd1\x81\xd0\xb8</w>', b'\xd0\xb1\xd0\xb5\xd1\x80\xd0\xb5', b'\xd0\xb4\xd0\xb7\xd0\xbe', b'\xd0\xb3\xd0\xbe', b'\xd1\x87</w>', b'\xd0\x9a\xd0\xbe\xd0\xb4', b'\xd1\x81\xd0\xb0\xd0\xb9\xd1\x8b\xd0\xbd</w>', b'\xd0\xb4\xd0\xb7\xd1\x8b', b'\xd0\xbf\xd0\xbe\xd0\xb6\xd3\xa7\xd0\xbc</w>', b'\xd0\xbd\xd1\x8a\xd1\x8f\xd1\x81</w>', b'\xd0\x92\xd0\xb0\xd0\xbd\xd1\x8c\xd3\xa7</w>', b'\xd1\x81\xd0\xba', b'\xd0\x9a\xd1\x8b\xd0\xba</w>', b'\xd0\xbb\xd0\xb0\xd1\x8b\xd0\xbd</w>', b'\xd0\x9a\xd0\xbe\xd0\xbb\xd1\x85\xd0\xbe\xd0\xb7', b'\xd1\x82\xd0\xb8</w>', b'\xd0\xba\xd1\x82\xd0\xb0', b'\xd0\xbc\xd1\x83\xd0\xbd\xd3\xa7</w>', b'\xd1\x81\xd0\xbb\xd1\x8b\xd1\x81\xd1\x8c</w>', b'\xd0\xbf\xd0\xb5\xd1\x82\xd0\xba\xd3\xa7\xd0\xb4', b'\xd0\xb4\xd1\x83', b'\xd0\xbd\xd0\xb5\xd0\xba\xd1\x83\xd1\x82\xd1\x88\xd3\xa7\xd0\xbc</w>', b'\xd0\xb5\xd0\xbd', b'\xd0\xbb\xd0\xb8\xd0\xb1\xd3\xa7</w>', b'\xd0\xbf\xd1\x80\xd3\xa7', b'\xd1\x8a\xd1\x8f\xd1\x81\xd1\x8b\xd1\x81</w>', b'\xd1\x81\xd0\xb8\xd0\xba\xd1\x82\xd1\x81\xd0\xb0</w>', b'\xd3\xa7\xd0\xbd', b'\xd0\xb9\xd1\x82\xd0\xbd\xd1\x8b</w>', b'\xe2\x80\x93</w>', b'\xd0\xba\xd1\x8b\xd0\xb2', b'\xd1\x81\xd1\x83', b'\xd0\xbf\xd0\xb0\xd1\x80', b'\xd1\x81\xd0\xba\xd3\xa7\xd0\xb4</w>', b'\xd0\xb2\xd0\xb0\xd0\xb9', b'\xd0\xbd\xd0\xb5</w>', b'\xd0\xb3\xd1\x80\xd0\xb5', b'\xd0\xba\xd0\xb0\xd3\xa7</w>', b'\xd1\x88\xd0\xb5\xd0\xbf</w>', b'\xd0\xba\xd1\x82', b'\xd1\x82\xd1\x8b\xd1\x80\xd1\x82', b'\xd1\x82\xd1\x88\xd3\xa7\xd0\xbc</w>', b'\xd0\xb5', b'\xd1\x8a\xd1\x8f\xd1\x81\xd1\x8b', b'\xd0\x9d', b'\xd0\xbf\xd0\xbe\xd0\xbc\xd0\xb0', b'\xd1\x81\xd1\x8c\xd3\xa7\xd0\xbc\xd3\xa7\xd0\xbd</w>', b'\xd0\xbd\xd1\x8c\xd1\x8b\xd1\x81</w>', b'\xd1\x8a\xd1\x8f\xd1\x81\xd3\xa7</w>', b'\xd1\x81\xd1\x82\xd1\x80\xd0\xb0\xd0\xbd\xd0\xb0', b'\xd0\xbc\xd3\xa7\xd1\x81</w>', b'\xd0\xb2\xd1\x80\xd0\xb0', b'\xd0\xbb\xd0\xb8\xd1\x82', b'\xd1\x81\xd1\x8b\xd0\xbd', b'\xd0\xb2\xd1\x8b\xd0\xbd</w>', b'\xd0\xba\xd3\xa7\xd0\xb4\xd0\xb7</w>', b'\xd0\x92\xd0\xb5', b'\xd0\xba\xd0\xbe\xd0\xba', b'\xd0\xbd\xd0\xb5\xd1\x8b\xd0\xb4\xd0\xb6\xd1\x8b\xd0\xb4</w>', b'\xd0\xb4\xd0\xb6\xd1\x8b\xd0\xba\xd0\xb0</w>', b'\xd0\xba\xd1\x83\xd1\x82\xd1\x96\xd1\x81</w>', b'\xd0\xba\xd1\x8b\xd0\xb4\xd0\xb7\xd0\xb8</w>', b'\xd1\x8e\xd1\x80</w>', b'\xd1\x82\xd1\x8b\xd0\xb4\xd0\xbe\xd0\xb2\xd1\x82', b'\xd0\xb4\xd1\x80\xd1\x83\xd0\xb3</w>', b'\xd1\x81\xd1\x82</w>', b'\xd0\xb7\xd1\x8b\xd0\xbd</w>', b'\xd0\xb8\xd1\x82\xd3\xa7</w>', b'\xd1\x80\xd3\xa7\xd0\xbd</w>', b'\xd0\xb4\xd0\xbe\xd1\x80\xd1\x8b\xd0\xbd</w>', b'\xd1\x87\xd0\xb5\xd1\x80\xd0\xb8</w>', b'\xd0\xb3\xd0\xbe\xd1\x80\xd1\x82', b'\xd0\xb2\xd0\xb5\xd1\x81\xd0\xb8\xd0\xb3</w>', b'\xd3\xa7\xd0\xb4\xd0\xb7\xd1\x8b\xd1\x81</w>', b'\xd0\xb1\xd1\x83\xd1\x80\xd0\xb0</w>', b'\xd0\xbb\xd0\xbe\xd0\xba\xd1\x82', b'\xd0\xb9\xd3\xa7\xd0\xb4', b'\xd0\xbf\xd0\xb8\xd0\xbf\xd1\x83</w>', b'\xd0\x97\xd1\x8d', b'\xd0\xba\xd1\x83\xd1\x82</w>', b'\xd1\x82\xd1\x8d\xd1\x80\xd0\xbc\xd0\xb0', b'\xd1\x81\xd1\x8e\xd1\x80', b'\xd1\x82\xd1\x88\xd3\xa7\xd1\x82\xd1\x88</w>', b'\xd1\x80\xd1\x83', b'\xd0\xbc\xd0\xb5\xd0\xbb', b'\xd1\x87\xd1\x83\xd0\xb6', b'\xd0\xb9\xd0\xb8</w>', b'\xd1\x88\xd0\xb5', b'\xd0\xbb\xd0\xb0\xd0\xb2\xd0\xbd\xd1\x8b</w>', b'\xd0\xbf\xd0\xbe\xd0\xb7', b'\xd1\x82\xd1\x87\xd3\xa7</w>', b'\xd1\x82\xd3\xa7\xd0\xbc', b'\xd0\xb4\xd0\xb7\xd0\xb0</w>', b'\xd0\xa1\xd1\x8d\xd1\x81\xd1\x81\xd1\x8f</w>', b'\xd0\x9c\xd1\x83', b'\xd0\x9b', b'\xd1\x82\xd1\x8b\xd1\x80', b'\xd0\xb0\xd0\xb1\xd1\x83</w>', b'\xd0\xbb\xd3\xa7\xd0\xbc\xd0\xb0\xd3\xa7\xd1\x81\xd1\x8c</w>', b'\xd0\xba\xd0\xbe\xd0\xbc\xd0\xb0\xd0\xbd\xd0\xb4\xd0\xb8', b'\xd3\xa7\xd0\xb9', b'\xd0\xb2\xd0\xb5\xd1\x80\xd0\xbc\xd1\x8b', b'\xd0\xb4\xd1\x8b\xd1\x80\xd0\xb9\xd0\xb8</w>', b'\xd0\x92\xd0\xbe\xd1\x80\xd0\xbe\xd1\x88\xd0\xb8\xd0\xbb\xd0\xbe\xd0\xb2</w>', b'\xd0\xb1\xd0\xbe\xd0\xb5', b'\xd0\xbb\xd1\x83\xd0\xbd', b'\xd0\xba\xd1\x80\xd0\xb0\xd1\x81', b'\xd0\xb2\xd0\xbb\xd0\xb0', b'\xd1\x86', b'\xd1\x81\xd1\x8c\xd3\xa7\xd0\xba\xd1\x8b\xd0\xb4</w>', b'\xe2\x80\xa6</w>', b'\xd0\xb0\xd0\xb4', b'\xd0\xb3\xd3\xa7\xd0\xb3\xd3\xa7\xd1\x80</w>', b'\xd1\x88\xd1\x82\xd0\xb0\xd1\x81</w>', b'\xd0\x92\xd0\xbe\xd0\xb9', b'\xd0\xbb\xd0\xb5', b'\xd0\xbf\xd0\xb5\xd1\x80\xd0\xb5', b'\xd1\x83\xd0\xbb\xd0\xbe', b'\xd0\xb1\xd0\xb5\xd1\x80', b'\xd0\xb4\xd1\x96\xd0\xbd\xd0\xb0\xd1\x81</w>', b'\xd0\xba\xd1\x8b\xd1\x81</w>', b'\xd0\xba\xd1\x8a\xd1\x8f\xd1\x81</w>', b'\xd0\xb5\xd0\xb4\xd0\xb6\xd1\x8b\xd0\xb4</w>', b'\xd0\xba\xd0\xbd\xd0\xb8\xd1\x82\xd1\x96\xd1\x81</w>', b'\xd1\x8f\xd0\xbd', b'\xd1\x82\xd1\x83\xd1\x80\xd1\x83\xd0\xbd</w>', b'\xd0\xbf\xd0\xb5\xd0\xbb\xd1\x8c', b'\xd1\x82\xd0\xbe\xd0\xbc</w>', b'\xd0\xbf\xd1\x8b\xd0\xb2\xd1\x81', b'\xd1\x8a\xd1\x8f\xd1\x81\xd1\x8b\xd0\xb4</w>', b'\xd1\x82\xd0\xba\xd0\xb0</w>', b'\xd1\x8f\xd1\x81\xd1\x82\xd3\xa7</w>', b'\xd1\x82\xd1\x88\xd0\xb0</w>', b'\xd1\x80\xd1\x8b\xd0\xbd</w>', b'\xd0\xbf\xd1\x8b\xd0\xb4', b'\xd0\xbc\xd0\xb5\xd1\x81\xd1\x82\xd0\xb0', b'\xd0\xbf\xd1\x83\xd0\xba\xd0\xb0', b'\xd1\x82\xd0\xbe', b'\xd0\xb0\xd0\xb4\xd0\xb4\xd0\xb7\xd1\x8b', b'\xd0\xb3\xd1\x8b\xd1\x81</w>', b'\xd0\x9c\xd0\xb8</w>', b'\xd0\xbc\xd0\xb5\xd0\xb4', b'\xd0\xa2\xd0\xbe', b'\xd1\x80\xd0\xb5\xd0\xb3\xd1\x8b\xd0\xb4</w>', b'\xd0\xba\xd0\xb8\xd1\x82', b'\xd0\xbb\xd1\x8b\xd0\xbc', b'\xd0\xbc\xd1\x8b\xd0\xbd</w>', b'\xd0\x9b\xd0\xbe\xd0\xba\xd1\x82\xd0\xb0\xd1\x81</w>', b'\xd0\xba\xd1\x8b\xd0\xbd', b'\xd0\xb6\xd0\xb0</w>', b'\xd0\xb2\xd0\xb8\xd0\xb7\xd1\x83', b'\xd0\xb1\xd1\x83\xd1\x80', b'\xd1\x82\xd1\x88\xd3\xa7', b'\xd1\x82\xd1\x8c', b'\xd1\x8a\xd1\x8f\xd1\x81\xd0\xbd\xd0\xb0\xd1\x81</w>', b'\xd1\x8e\xd1\x80', b'\xd0\xba\xd0\xbe\xd0\xb2</w>', b'\xd0\xbf\xd3\xa7\xd0\xbb\xd3\xa7', b'\xd1\x82\xd1\x83\xd1\x80\xd1\x83', b'\xd0\xb4\xd0\xbe\xd1\x80', b'\xd1\x81\xd1\x91\xd1\x80\xd0\xbd\xd0\xb8', b'\xd0\xb7\xd0\xb2\xd0\xb5\xd1\x80', b'\xd0\xb2\xd0\xb8\xd0\xb4\xd0\xb7\xd3\xa7</w>', b'\xd0\xb9\xd0\xb4', b'\xd0\xbb\xd1\x8b\xd0\xb4\xd1\x82\xd3\xa7\xd0\xbc</w>', b'\xd0\xb2\xd0\xbe\xd0\xbc', b'\xd1\x8a\xd1\x8f\xd1\x81\xd0\xb0</w>', b'\xd0\xb2\xd3\xa7\xd1\x80', b'\xd1\x81\xd1\x8e', b'\xd0\xbc\xd3\xa7\xd0\xb4\xd1\x8a\xd1\x8f\xd1\x81</w>', b'\xd1\x82\xd1\x88\xd3\xa7\xd0\xbc', b'\xd1\x80\xd0\xb0\xd0\xb9\xd0\xbe', b'\xd0\xb2\xd0\xbe\xd3\xa7</w>', b'\xd1\x83\xd0\xbd', b'\xd1\x81\xd0\xb5\xd0\xbb\xd1\x8c', b'\xd1\x88\xd0\xb5\xd0\xb4', b'\xd0\xb0\xd1\x81', b'\xd0\xbc\xd0\xb5\xd0\xb4\xd1\x8b\xd0\xbc</w>', b'\xd0\xb2\xd0\xbe\xd1\x88\xd3\xa7\xd0\xbc', b'\xd3\xa7\xd0\xb3</w>', b'\xd0\xb8\xd1\x87\xd3\xa7', b'\xd0\xba\xd0\xb5\xd0\xb6', b'\xd0\xba\xd1\x83\xd0\xbb\xd1\x8c\xd1\x82\xd1\x83\xd1\x80\xd0\xb0\xd1\x8f\xd1\x81</w>', b'\xd0\xb8\xd0\xb4\xd1\x80\xd0\xb0\xd0\xbb\xd3\xa7\xd0\xbc\xd0\xb0</w>', b'\xd1\x87\xd0\xb5\xd0\xbd\xd1\x82</w>', b'\xd0\xbf\xd0\xbb\xd0\xb0\xd0\xbd</w>', b'\xd0\xb6\xd0\xb0\xd0\xb9</w>', b'\xd0\xb1\xd3\xa7\xd1\x80\xd3\xa7</w>', b'\xd0\xa7\xd1\x83', b'\xd1\x81\xd3\xa7\xd0\xb2\xd0\xb5\xd1\x82', b'\xd0\xbb\xd1\x8b\xd0\xb4', b'\xd0\xb4\xd3\xa7</w>', b'\xd0\xb9\xd1\x82\xd1\x96', b'\xd0\xbf\xd0\xbe\xd0\xbc', b'\xd0\xba\xd0\xb0\xd1\x8b\xd1\x81</w>', b'\xd0\xba\xd1\x8b\xd0\xbc\xd1\x8b\xd0\xbd</w>', b'\xd1\x8f\xd1\x81\xd1\x81\xd3\xa7</w>', b'\xd0\xba\xd0\xbe\xd0\xbb', b'\xd0\x9a\xd0\xb0', b'\xd0\xbf\xd1\x80\xd0\xb8', b'\xd0\xbd\xd0\xb0\xd0\xb9', b'\xd0\xa1\xd1\x96', b'\xd0\xbb\xd1\x8b\xd0\xb4\xd0\xb4\xd1\x8c', b'\xd0\x91\xd1\x8b\xd0\xb4</w>', b'\xd0\xbd\xd1\x8f\xd0\xbd\xd1\x8c</w>', b'\xd0\xbb\xd1\x8b\xd0\xb4\xd0\xb4\xd1\x8c\xd1\x8b', b'\xd1\x86\xd0\xb8\xd1\x8f', b'\xd0\xb1\xd0\xbe\xd0\xbb\xd1\x8c\xd1\x88\xd0\xb5\xd0\xb2\xd0\xb8', b'\xd1\x81\xd1\x82\xd0\xb0\xd0\xb2', b'\xd0\xbc\xd0\xb8\xd1\x8f\xd0\xbd\xd0\xbb\xd1\x8b\xd1\x81\xd1\x8c</w>', b'\xd0\xb2\xd0\xb5\xd0\xbb\xd0\xb8\xd0\xba\xd3\xa7\xd0\xb9</w>', b'\xd0\xb6\xd0\xb0\xd0\xbb\xd0\xb8\xd1\x82</w>', b'\xd0\xbe\xd0\xbb\xd3\xa7\xd0\xbc\xd3\xa7\xd1\x81</w>', b'\xd1\x82\xd0\xbe\xd0\xbc', b'\xd0\xb9\xd3\xa7\xd0\xb7', b'\xd0\x9a\xd1\x80\xd0\xb0\xd1\x81', b'\xd0\x90\xd1\x80', b'\xd0\xbd\xd0\xb8\xd0\xbc</w>', b'\xd0\xb4\xd0\xb6\xd1\x8b\xd0\xba', b'\xd1\x80\xd0\xb0\xd0\xb9', b'\xd0\xad\xd0\xb6\xd0\xb2\xd0\xb0</w>', b'\xd0\xb2\xd1\x83\xd0\xb3\xd1\x80\xd0\xb0', b'\xd0\xb8\xd1\x8b\xd1\x81</w>', b'\xd0\xbc\xd0\xb8\xd1\x87\xd0\xb0</w>', b'\xd0\xb6\xd0\xb8', b'\xd0\xb6\xd1\x8b\xd0\xbd</w>', b'\xd0\x9f', b'\xd0\xb7\xd0\xb8', b'\xd1\x8b\xd1\x80', b'\xd0\xb4\xd1\x8b\xd1\x81</w>', b'\xd0\xba\xd1\x83\xd1\x82\xd1\x88\xd3\xa7\xd0\xbc\xd0\xba\xd3\xa7</w>', b'\xd1\x88\xd3\xa7', b'\xd1\x82\xd1\x8b\xd0\xbd</w>', b'\xd0\xbc\xd3\xa7\xd0\xb4</w>', b'\xd0\xba\xd0\xbe\xd0\xb4\xd1\x8c', b'\xd0\xbf\xd0\xbe\xd0\xb6', b'\xd1\x8f\xd0\xb3</w>', b'\xd0\xba\xd1\x8b\xd0\xbc\xd3\xa7', b'\xd1\x8b\xd0\xbb\xd1\x8b', b'\xd0\xb2\xd0\xb5\xd1\x81\xd1\x8c\xd1\x88', b'\xd0\xbc\xd0\xb0\xd0\xb9', b'\xd0\xb7\xd1\x8c\xd3\xa7\xd0\xb4', b'\xd0\xb2\xd0\xb5\xd1\x88\xd0\xb9\xd0\xb8\xd1\x81</w>', b'\xd0\x9f\xd1\x83', b'\xd0\xb2\xd1\x81\xd1\x8f', b'\xd0\xb9\xd0\xbd\xd1\x8b</w>', b'\xd0\xbc\xd1\x83\xd0\xbd\xd0\xbd\xd1\x8b</w>', b'\xd1\x83\xd1\x82', b'\xd1\x87\xd0\xb0\xd1\x80', b'\xd1\x80\xd1\x8b\xd1\x81\xd1\x8c</w>', b'\xd1\x82\xd1\x8a\xd1\x8f\xd1\x81</w>', b'\xd1\x83\xd0\xb4', b'\xd0\xb4\xd0\xb0\xd1\x81</w>', b'\xd0\xbc\xd0\xb0\xd1\x82\xd1\x8b', b'\xd0\x9c\xd0\xb5\xd0\xb4', b'\xd1\x88\xd0\xb5\xd1\x80', b'\xd0\xbb\xd0\xbe\xd0\xb8\xd1\x81</w>', b'\xd0\xb4\xd0\xb0\xd0\xbb\xd1\x96\xd1\x81</w>', b'\xd0\xb1\xd0\xb8', b'\xd1\x87\xd1\x87\xd3\xa7\xd0\xbd</w>', b'\xd0\xbd\xd0\xb8\xd0\xbd', b'\xd0\x9f\xd1\x8b', b'\xd1\x80\xd0\xb8</w>', b'\xd1\x80\xd0\xb4</w>', b'\xd1\x83\xd0\xbb\xd1\x8b\xd0\xbd</w>', b'\xd0\xbf\xd0\xb8\xd1\x81\xd1\x8c', b'\xd0\xb1\xd0\xb8</w>', b'\xd1\x8e\xd0\xb3', b'\xd0\xba\xd0\xb0\xd0\xb7\xd1\x8c', b'\xd0\xb3\xd0\xb0\xd1\x88\xd0\xba\xd3\xa7</w>', b'\xd0\xbc\xd0\xbe\xd1\x80', b'\xd1\x82\xd3\xa7\xd1\x81</w>', b'\xd1\x81\xd0\xbe</w>', b'\xd1\x8d\xd0\xbd</w>', b'\xd1\x82\xd3\xa7\xd0\xb4</w>', b'\xd1\x80\xd0\xbd\xd1\x8b</w>', b'\xd0\xb5\xd1\x80', b'\xd1\x81\xd1\x8d\xd0\xba\xd0\xb8</w>', b'\xd0\xb3\xd0\xbb\xd0\xb0', b'\xd1\x8b\xd1\x81\xd0\xbb\xd3\xa7\xd0\xbd</w>', b'\xd0\xb2\xd0\xb5\xd0\xba\xd0\xbd\xd1\x8c\xd1\x8b\xd0\xb4\xd0\xb8\xd0\xba</w>', b'\xd1\x81\xd0\xb8\xd0\xba\xd1\x82</w>', b'\xd0\x9a\xd0\xbb\xd0\xb8\xd0\xbc\xd0\xb5\xd0\xbd\xd1\x82</w>', b'\xd1\x84\xd1\x80\xd0\xb5\xd0\xbc\xd0\xbe', b'\xd0\xb2\xd0\xb8\xd1\x87</w>', b'\xd0\xb4\xd0\xb5\xd1\x80\xd1\x82</w>', b'\xd0\xb8\xd1\x82\xd1\x96\xd1\x81</w>', b'\xd0\xb4\xd0\xb7\xd0\xb8\xd1\x80', b'\xd0\xb0\xd1\x81\xd0\xbb\xd0\xb0\xd1\x81</w>', b'\xd1\x80\xd1\x82\xd0\xbb\xd3\xa7\xd0\xbd</w>', b'\xd0\xba\xd0\xbd\xd0\xb8\xd0\xb3\xd0\xb0</w>', b'\xd0\xb2\xd3\xa7\xd0\xb2', b'\xd1\x8c\xd1\x8f\xd1\x81</w>', b'\xd0\xb1\xd0\xbe\xd0\xba', b'\xd1\x8a\xd1\x8f\xd1\x81\xd0\xbb\xd3\xa7\xd0\xbd</w>', b'\xd0\xba\xd0\xb0\xd0\xb7\xd0\xb0', b'\xd0\xb3\xd0\xbe\xd1\x80\xd0\xb7', b'\xd3\xa7\xd0\xbc\xd1\x8a\xd1\x8f\xd1\x81</w>', b'\xd0\xba\xd0\xbe\xd0\xb4</w>', b'\xd1\x91\xd0\xbd</w>', b'\xd1\x80\xd0\xb0\xd0\xb7\xd0\xb2\xd0\xb5\xd0\xb4', b'\xd1\x81\xd1\x8d\xd0\xbd\xd1\x96</w>', b'\xd0\x91', b'\xd0\xbf\xd1\x8b\xd1\x80\xd0\xb8\xd1\x81</w>', b'\xd0\xba\xd1\x83\xd1\x82', b'\xd0\xb1\xd0\xbe\xd1\x80', b'\xd1\x8a\xd1\x8f\xd1\x81', b'\xd0\xbf\xd0\xbe\xd0\xbd\xd0\xb4', b'\xd1\x87\xd1\x87\xd0\xb0', b'\xd0\xbc\xd3\xa7\xd0\xb4\xd1\x96\xd1\x81</w>', b'\xd1\x83\xd0\xb4\xd0\xb6\xd0\xb0', b'\xd0\xba\xd0\xb0\xd0\xb6\xd0\xb8\xd1\x82', b'\xd1\x83\xd0\xbb\xd3\xa7</w>', b'\xd0\xbf\xd3\xa7\xd0\xb2\xd1\x81\xd1\x82', b'\xd0\xbf\xd1\x8b\xd1\x80\xd0\xb8', b'\xd3\xa7\xd1\x88\xd0\xb8\xd0\xbd\xd1\x8c</w>', b'\xd0\xb5\xd0\xbb\xd1\x8c', b'\xd1\x87\xd1\x8b\xd1\x81\xd1\x8c</w>', b'\xd0\xbd\xd0\xb8\xd0\xbc', b'\xd0\x90\xd1\x81\xd0\xba\xd0\xb8\xd0\xbd\xd0\xb0\xd1\x81</w>', b'\xd1\x83\xd0\xb7\xd1\x8c', b'\xd0\xba\xd0\xbe\xd0\xb7</w>', b'\xd1\x82\xd1\x88\xd0\xb0', b'\xd1\x81\xd1\x8c\xd3\xa7\xd0\xb4</w>', b'\xd0\xbf\xd0\xb5\xd1\x80', b'\xd0\x9c\xd0\xb8\xd1\x82', b'\xd0\xbf\xd0\xbe\xd0\xb6\xd3\xa7\xd0\xbc\xd1\x8a\xd1\x8f\xd1\x81</w>', b'\xd1\x8e\xd0\xb0', b'\xd3\xa7\xd1\x88\xd0\xb8', b'\xd1\x81\xd1\x96', b'\xd0\xbf\xd3\xa7\xd0\xb2</w>', b'\xd1\x81\xd1\x82\xd1\x96\xd1\x81</w>', b'\xd0\xb5\xd0\xbd\xd1\x8f</w>', b'\xd1\x8c\xd1\x8f', b'\xd0\xbf\xd3\xa7\xd1\x80\xd1\x8b', b'\xd0\x9c\xd0\xb5\xd0\xbd\xd0\xb0\xd0\xbc</w>', b'\xd1\x80\xd0\xb0\xd0\xba\xd3\xa7</w>', b'\xd1\x82\xd0\xb8\xd1\x81</w>', b'\xd0\xb1\xd1\x83\xd1\x80</w>', b'\xd0\xb4\xd1\x80\xd1\x83', b'\xd0\xbf\xd0\xb5\xd1\x82\xd0\xb0', b'\xd0\xbb\xd1\x8c\xd3\xa7', b'\xd0\xb7\xd0\xb4', b'\xd1\x8f\xd1\x81\xd1\x8b\xd1\x81\xd1\x8c</w>', b'\xd0\xb3\xd0\xbe\xd1\x80\xd1\x83', b'\xd0\xbc\xd3\xa7\xd0\xb4\xd1\x8b\xd1\x81\xd1\x8c</w>', b'\xd0\xa1\xd1\x8b', b'\xd0\xba\xd0\xbe\xd0\xb4\xd0\xb7\xd1\x83', b'\xd1\x81\xd1\x8c\xd3\xa7\xd0\xb4', b'\xd0\xbd\xd1\x8c\xd1\x8b\xd0\xb4\xd0\xb8', b'\xd0\xb4\xd1\x8b\xd1\x81\xd1\x8c</w>', b'\xd0\xb3\xd1\x8b\xd0\xb4</w>', b'\xd3\xa7\xd0\xb4\xd1\x87\xd0\xb8\xd1\x81</w>', b'\xd0\xb4\xd0\xb7\xd1\x83', b'\xd0\xa1\xd0\xb2\xd0\xb5\xd0\xb6\xd0\xbe', b'\xd1\x81\xd1\x83\xd0\xb4', b'\xd0\xba\xd0\xb0\xd0\xb7', b'\xd1\x8f\xd0\xbb\xd1\x96\xd1\x81</w>', b'\xd0\xb4\xd0\xb7\xd0\xb0', b'\xd0\xb7\xd0\xb0\xd1\x80', b'\xd1\x87\xd1\x83', b'\xd0\x92\xd3\xa7\xd1\x80', b'\xd0\xbd\xd1\x83\xd0\xbd\xd1\x8b</w>', b'\xd0\xb4\xd0\xbe\xd0\xb7', b'\xd1\x81\xd0\xb8\xd1\x80</w>', b'\xd0\xbb\xd1\x96\xd0\xbc</w>', b'\xd0\x9f\xd0\xb0\xd0\xb2\xd0\xb5\xd0\xbb</w>', b'\xd0\xb2\xd1\x8b\xd0\xbb\xd1\x8c</w>', b'\xd1\x88\xd0\xbe\xd0\xbd\xd0\xb4\xd1\x96', b'\xd1\x80\xd1\x8b\xd1\x82', b'\xd1\x88\xd0\xba\xd0\xbe\xd0\xbb\xd0\xb0', b'\xd1\x82\xd0\xb0\xd1\x80</w>', b'\xd0\xba\xd0\xbe\xd0\xb9', b'\xd0\x92\xd0\xb8', b'\xd1\x8f\xd1\x81\xd1\x8b\xd0\xbd</w>', b'\xd1\x8a\xd1\x8f\xd1\x81\xd0\xbb\xd1\x8b</w>', b'\xd0\x93\xd1\x80\xd0\xb8', b'\xd1\x81\xd1\x8c\xd3\xa7\xd1\x81\xd1\x8c</w>', b'\xd0\xbc\xd0\xbe\xd1\x80\xd1\x82</w>', b'\xd3\xa6\xd1\x82\xd0\xb8', b'\xd1\x80\xd0\xb8\xd0\xb4\xd0\xb7', b'\xd1\x87\xd3\xa7\xd0\xb6</w>', b'\xd0\xb2\xd0\xb5\xd0\xb6', b'\xd0\x92\xd0\xb0\xd1\x80\xd1\x83\xd0\xba</w>', b'\xd1\x81\xd1\x81', b'\xd0\xb3\xd0\xb5', b'\xd0\xb6\xd0\xb0\xd0\xb9', b'\xd0\xbd\xd0\xb8\xd1\x86\xd0\xb0', b'\xd1\x81\xd0\xbe\xd1\x8e', b'\xd1\x81\xd0\xba\xd0\xbe', b'\xd1\x85\xd0\xbe\xd0\xb7\xd1\x8f\xd0\xb9', b'\xd1\x81\xd1\x82\xd0\xb2\xd0\xb5\xd0\xbd', b'\xd0\xb2\xd1\x8b\xd1\x81\xd1\x82\xd0\xb0\xd0\xb2\xd0\xba\xd0\xb0</w>', b'\xd1\x83\xd1\x81\xd0\xbf\xd0\xb5', b'\xd1\x85', b'\xd0\xbb\xd0\xb8\xd0\xbd', b'\xd0\xb5\xd0\xbd\xd1\x8c', b'\xd0\xb8\xd1\x82\xd0\xb5\xd0\xbb\xd1\x8c', b'\xd1\x80\xd0\xb0\xd0\xb9\xd0\xbe\xd0\xbd</w>', b'\xd0\xb7\xd0\xb5\xd1\x80', b'\xd1\x8a\xd1\x8f\xd1\x81\xd1\x81\xd0\xb0</w>', b'\xd0\xbf\xd0\xb0\xd1\x81', b'\xd0\xbe\xd0\xb1\xd1\x89\xd0\xb5\xd1\x81\xd1\x82\xd0\xb2\xd0\xb5\xd0\xbd', b'\xd0\xb7\xd1\x83', b'\xd0\x98', b'\xd0\xa1\xd1\x82\xd0\xb0\xd0\xbb\xd0\xb8\xd0\xbd</w>', b'\xd0\xb4\xd0\xbe\xd0\xbb\xd0\xb6\xd0\xb5\xd0\xbd</w>', b'\xd0\xbe\xd0\xbb\xd3\xa7\xd0\xbc', b'\xd0\xb3\xd1\x80\xd1\x83\xd0\xb7', b'(</w>', b'\xd0\x92\xd1\x8b', b'\xd1\x85\xd0\xbe', b'\xd0\xbf\xd1\x80\xd0\xb5\xd0\xb4\xd1\x81\xd0\xb5\xd0\xb4\xd0\xb0\xd1\x82\xd0\xb5\xd0\xbb\xd1\x8c', b')</w>', b'\xd1\x80\xd0\xb5\xd1\x88', b'\xd0\xbc\xd0\xb5\xd1\x85\xd0\xb0', b'\xd0\xbd\xd0\xb8\xd0\xb7\xd0\xb0', b'\xd0\xb4\xd1\x8b\xd0\xbc</w>', b'\xd0\xbd\xd0\xb8\xd1\x86\xd0\xb0</w>', b'\xd1\x82\xd1\x80\xd1\x83', b'\xd0\xb2\xd0\xb0\xd1\x80', b'\xd0\xb6\xd0\xb5\xd0\xbd', b'\xd0\x9a\xd0\xbe\xd0\xb2', b'\xd0\xab', b'\xd0\xbc\xd0\xb8\xd1\x8f</w>', b'\xd1\x80\xd0\xb0\xd0\xb4', b'\xd0\xb4\xd1\x8f</w>', b'\xd1\x82\xd0\xb0\xd0\xb9', b'\xd0\xb2\xd1\x80\xd0\xb0\xd0\xb3</w>', b'\xd0\x92\xd1\x80\xd0\xb0', b'\xd1\x81\xd1\x8c\xd1\x82\xd0\xb0', b'\xd0\xbe\xd1\x82', b'\xd1\x81\xd0\xba\xd0\xb8', b'\xd1\x81\xd0\xb8\xd0\xb3</w>', b'\xd1\x80\xd1\x83</w>', b'\xd0\xb4\xd1\x83\xd0\xbc\xd0\xb0', b'\xd0\x9b\xd1\x83', b'\xd0\xba\xd0\xb0\xd0\xb4', b'\xd1\x81\xd1\x8c\xd0\xba\xd3\xa7</w>', b'\xd0\xba\xd0\xbd\xd0\xb8', b'\xd0\xbb\xd0\xb0\xd0\xb2', b'\xd0\x9c', b'\xd0\x9f\xd1\x80\xd0\xb8', b'\xd1\x8d\xd1\x88', b'\xd0\xbf\xd0\xbb\xd0\xb0', b'\xd0\xbd\xd0\xb8\xd1\x81</w>', b'\xd0\xb5\xd1\x80\xd0\xb8', b'\xd0\x9a\xd0\xbe\xd1\x80', b'\xd0\xb2\xd0\xb5\xd0\xba</w>', b'\xd0\x9d\xd1\x8c', b'\xd1\x87\xd0\xb0\xd1\x81', b'\xd1\x83\xd0\xbd\xd0\xb0', b'\xd0\xa1\xd1\x8d', b'\xd0\x94\xd1\x83', b'\xd0\x94\xd1\x80\xd1\x83', b'\xd1\x88\xd0\xb8', b'\xd1\x87\xd0\xbd\xd1\x8b</w>', b'\xd0\xbc\xd1\x8b</w>', b'\xd0\x9c\xd0\xb0', b'\xd0\xbc\xd0\xb5\xd0\xbd', b'\xd0\x9e\xd0\xbd</w>', b'\xd1\x88\xd0\xb5\xd0\xbd', b'\xd1\x87\xd0\xb5\xd0\xbb', b'\xd0\x92\xd0\xbe\xd1\x80\xd0\xbe\xd1\x88\xd0\xb8', b'\xd0\xa1\xd0\xbe', b'\xd0\x9d\xd0\xb0', b'\xd1\x81\xd1\x81\xd0\xb0', b'\xd0\xb4\xd0\xb5\xd0\xb9', b'\xd0\xb4\xd1\x8b\xd1\x80', b'\xd1\x8f\xd1\x81\xd0\xb0</w>', b'\xd0\xb0\xd1\x80\xd0\xbc\xd0\xb8', b'\xd0\xb1\xd0\xb5\xd0\xbb', b'\xd0\xb2\xd0\xbe\xd1\x80\xd0\xbe', b'\xd0\xbd\xd1\x91', b'\xd0\xb2\xd0\xbe\xd0\xb9</w>', b'\xd0\xbd\xd0\xbe', b'\xd0\xbf\xd0\xbe\xd1\x82', b'\xd0\x91\xd1\x8b', b'\xd0\xb2\xd0\xba\xd0\xb0', b'\xd0\xb2\xd0\xb7', b'\xd0\xba\xd3\xa7\xd0\xb9</w>', b'\xd0\xb8\xd0\xb7', b'\xd1\x82\xd0\xb5\xd0\xbb\xd1\x8c</w>', b'\xd0\xba\xd0\xbe\xd0\xbb\xd0\xb0', b'\xd1\x83\xd0\xbb\xd0\xb8', b'\xd0\xba\xd1\x82\xd0\xbe\xd1\x80</w>', b'\xd0\x9a\xd0\xb0\xd0\xb7\xd0\xb0', b'\xd0\xbb</w>', b'\xd0\xbc\xd0\xbe\xd0\xb7', b'\xd0\xb3\xd0\xb0</w>', b'\xd0\xb4\xd1\x96', b'\xd0\xbf\xd1\x83\xd0\xbb\xd1\x8f', b'\xd1\x85\xd0\xbe\xd0\xb4', b'\xd0\xbc\xd0\xb8\xd1\x8f\xd0\xbd', b'\xd0\xb2\xd0\xbe\xd1\x82</w>', b'\xd0\xbd\xd1\x8c\xd1\x8b', b'\xd0\xb7\xd0\xbe', b'\xd0\xbd\xd0\xba\xd0\xb0</w>', b'\xd0\x92', b'\xd0\xba\xd0\xbe\xd1\x81</w>', b'\xd0\xbb\xd0\xb8</w>', b'\xd1\x80\xd1\x8b\xd1\x82</w>', b'\xd0\x9c\xd0\xbe\xd1\x80', b'\xd0\xb6\xd0\xbe', b'\xd0\xbd\xd0\xb0\xd0\xbc</w>', b'\xd0\xb9\xd0\xb8\xd1\x81</w>', b'\xd0\xb3\xd1\x83', b'\xd0\x9b\xd1\x8c', b'\xd0\xb8\xd0\xbc</w>', b'\xd0\xbe\xd0\xba\xd0\xbe', b'\xd0\xbb\xd0\xb0\xd0\xbd', b'\xd0\xb2\xd0\xbe\xd0\xba</w>', b'\xd0\xbf</w>', b'\xd0\x9a\xd1\x83', b'\xd1\x87\xd0\xb5\xd1\x81\xd1\x82', b'\xd0\xbd\xd0\xb0\xd0\xb4</w>', b'\xd1\x81\xd0\xbb\xd3\xa7\xd0\xbd</w>', b'\xd0\xb2\xd1\x81\xd1\x8f</w>', b'\xd0\xb4\xd0\xbe\xd0\xbd</w>', b'\xd0\x92\xd0\xb0\xd0\xbd\xd1\x8c', b'\xd0\x90\xd0\xb4', b'\xd0\x91\xd0\xb0', b'\xd0\xae', b'\xd0\xb7\xd0\xb0</w>', b'\xd0\xb2\xd0\xba\xd0\xb0</w>', b'\xd0\xba\xd0\xbb\xd1\x8f', b'\xd1\x81\xd1\x82\xd0\xb5', b'\xd1\x82\xd1\x82\xd1\x8c', b'\xd0\xb1\xd0\xb8\xd1\x82', b'\xd0\xbb\xd1\x8f</w>', b'\xd0\xa0\xd0\xbe', b'\xd0\xb8', b'\xd0\xba\xd0\xb8</w>', b'\xd0\xbb\xd1\x8c\xd0\xba\xd0\xb8</w>', b'\xd0\xb7\xd0\xbe\xd0\xbd', b'\xd0\xbc\xd0\xb0\xd1\x81\xd1\x82\xd0\xb5\xd1\x80', b'\xd1\x82\xd0\xb8\xd0\xbd', b'\xd0\xb4\xd1\x8f', b'\xd0\xba\xd0\xbe\xd1\x81\xd1\x82', b'\xd0\xbc\xd0\xb5\xd1\x81\xd1\x82\xd0\xb0</w>', b'\xd0\xbf\xd1\x83\xd1\x80', b'\xd0\xb3\xd3\xa7\xd1\x80</w>', b'\xd1\x8f\xd0\xb3', b'\xd1\x80\xd0\xb5\xd1\x82', b'\xd0\xba\xd1\x83\xd0\xbb\xd1\x8c', b'\xd3\xa7\xd0\xb4\xd0\xb7\xd1\x8b', b'\xd0\x94\xd0\xb5', b'\xd0\x98\xd0\xb2\xd0\xb0\xd0\xbd</w>', b'\xd0\x98\xd0\xb2\xd0\xb0', b'\xd0\xb3\xd3\xa7\xd0\xb3\xd3\xa7\xd1\x80', b'\xd0\xb4\xd0\xb5', b'\xd0\xb2\xd1\x8b\xd1\x81</w>', b'\xd0\xb4\xd0\xb0\xd0\xb9</w>', b'\xd0\xba\xd0\xbb\xd0\xb5', b'\xd0\xbc\xd0\xb5\xd1\x82', b'\xd1\x82\xd0\xbe</w>', b'\xd0\xb3\xd0\xbe\xd1\x80\xd0\xb0', b'\xd0\x9f\xd0\xbe', b'\xd1\x88\xd0\xba\xd0\xb8', b'\xd1\x91\xd0\xbd', b'\xd0\xb0\xd1\x81\xd0\xbb\xd0\xb0', b'\xd1\x81\xd0\xbe\xd0\xb2', b'\xd0\xb2\xd0\xb5\xd1\x88', b'\xd0\x99', b'\xd1\x80\xd0\xb0\xd1\x8f\xd1\x81</w>', b'\xd1\x82\xd0\xb0\xd0\xb9</w>', b'\xd0\xa5\xd0\xbe', b'\xd1\x85\xd0\xbe\xd0\xbb</w>', b'\xd0\xa1\xd0\xb0', b'\xd0\xbc\xd0\xbe\xd1\x80\xd0\xb5', b'\xd0\xb8\xd1\x81', b'\xd0\x9b\xd0\xb0', b'\xd1\x81\xd0\xb5\xd0\xb9</w>', b'\xd0\xb7\xd0\xb8\xd1\x81</w>', b'\xd0\x91\xd1\x83', b'16</w>', b'18</w>', b'\xd1\x86\xd0\xb5\xd0\xbd\xd1\x82', b'\xd0\xbd\xd0\xb5\xd1\x80', b'\xd1\x83\xd1\x80\xd0\xbe', b'\xd0\xb2\xd0\xbe\xd0\xbe', b'\xd1\x81\xd1\x80\xd0\xbe', b'\xd0\xbf\xd1\x80\xd0\xbe\xd0\xb8\xd0\xb7\xd0\xb2\xd0\xbe\xd0\xb4', b'\xd0\xbd\xd0\xbe\xd1\x81\xd1\x82', b'\xd1\x82\xd1\x8f\xd0\xb1', b'5</w>', b'8', b'5', b'9</w>', b'29</w>', b'\xd0\xa2\xd0\xb5\xd1\x85', b'\xd0\xbd\xd0\xb8\xd1\x87\xd0\xb5', b'3</w>', b'\xd0\xa7\xd0\xb5\xd1\x80', b'\xd0\xb1</w>', b'\xd0\xbf\xd1\x80\xd0\xbe', b'12</w>', b'20</w>', b'\xd0\xbd\xd0\xbe\xd1\x81\xd1\x82\xd1\x8c</w>', b'\xd0\xbc\xd0\xbe\xd0\xb1\xd0\xb8', b'\xd1\x81\xd0\xb5\xd0\xb7\xd0\xbe\xd0\xbd', b'\xd0\xb4\xd1\x80\xd0\xb0', b'\xd0\xb2\xd1\x8b\xd0\xb8\xd0\xb3\xd1\x80\xd0\xb0', b'\xd1\x87\xd0\xb8\xd0\xbd</w>', b'\xd0\xbf\xd1\x80\xd0\xbe\xd0\xb8\xd0\xb3\xd1\x80\xd0\xb0', b'\xd1\x83\xd0\xb1\xd0\xbe\xd1\x80\xd0\xbe', b'\xd1\x83\xd0\xbc\xd1\x8b\xd1\x88\xd0\xbb\xd0\xb5\xd0\xbd', b'4</w>', b'\xd0\xa1\xd0\xb5\xd0\xbb\xd1\x8c', b'\xd0\xbd\xd0\xb5\xd0\xb4\xd0\xbe', b'\xd0\xbe\xd1\x86\xd0\xb5\xd0\xbd\xd0\xb8', b'\xd0\xbc\xd0\xb0\xd1\x88\xd0\xb8', b'\xd0\xb0\xd0\xbd\xd1\x82\xd0\xb8', b'\xd0\xbd\xd0\xb0\xd1\x81\xd1\x82\xd1\x80\xd0\xbe\xd0\xb5\xd0\xbd\xd0\xb8\xd0\xb5</w>', b'\xd0\xb4\xd0\xb0\xd0\xbd</w>', b'\xd1\x81\xd0\xbf\xd0\xbe\xd1\x81\xd0\xbe\xd0\xb1', b'\xd0\xba\xd0\xb0\xd0\xbd</w>', b'\xd0\xb8\xd1\x81\xd0\xbf\xd0\xbe\xd0\xbb\xd1\x8c\xd0\xb7\xd1\x83', b'\xd0\x92\xd1\x83', b'\xd0\xbf\xd1\x80\xd0\xb0', b'\xd0\xba\xd1\x82\xd0\xb8', b'\xd0\xb1\xd1\x80\xd0\xb8', b'\xd0\xbd\xd0\xb0\xd1\x81\xd1\x82\xd1\x80\xd0\xbe', b'\xd0\xbd\xd0\xb8\xd0\xb5', b'\xd0\xbe\xd0\xb1\xd1\x8f\xd0\xb7\xd0\xb0\xd0\xbd', b'\xd0\xb4\xd0\xb5\xd0\xbd\xd1\x8c', b'\xd0\xb4\xd0\xb5\xd0\xbd\xd1\x8c</w>', b'\xd1\x84\xd0\xb0\xd0\xba', b'\xd0\xb8\xd0\xb4\xd1\x80\xd0\xb0', b'\xd0\xbc\xd0\xb1\xd0\xb0\xd1\x80', b'\xd1\x81\xd0\xba\xd0\xbb\xd0\xb0\xd0\xb4', b'\xd0\xa1\xd0\xb8', b'\xd0\xba\xd1\x82\xd1\x81\xd0\xb0</w>', b'\xd0\xbf\xd0\xb0\xd1\x80\xd1\x82\xd0\xb8\xd0\xb9', b'\xd0\xba\xd0\xbe\xd0\xbc', b'\xd0\xbe\xd1\x80\xd0\xb3\xd0\xb0\xd0\xbd\xd0\xb8\xd0\xb7\xd0\xb0', b'\xd0\xb4\xd0\xbe\xd0\xbb', b'\xd0\xb0\xd0\xb3\xd0\xb8\xd1\x82\xd0\xb0', b'\xd1\x86\xd0\xb8\xd0\xbe\xd0\xbd\xd0\xbd\xd0\xbe</w>', b'\xd1\x81\xd0\xbe\xd1\x86\xd0\xb8\xd0\xb0\xd0\xbb\xd0\xb8', b'\xd1\x81\xd1\x82\xd0\xb8\xd1\x87\xd0\xb5', b'\xd0\xbe\xd1\x80\xd0\xb4', b'\xd0\xbe\xd0\xb1\xd0\xb5\xd1\x81\xd0\xbf\xd0\xb5', b'\xd1\x87\xd0\xb8\xd1\x82', b'\xd1\x83\xd1\x81\xd0\xbf\xd0\xb5\xd1\x85</w>', b'\xd0\xb4\xd0\xb2\xd0\xb8\xd0\xb6\xd0\xb5\xd0\xbd\xd0\xb8\xd0\xb5</w>', b'1940</w>', b'\xd1\x83\xd1\x87\xd0\xb0\xd1\x81\xd1\x82\xd0\xb2\xd1\x83', b'\xd1\x82\xd0\xb0\xd0\xbd</w>', b'\xd0\xbf\xd1\x80\xd0\xb0\xd0\xb2\xd0\xbe</w>', b'\xd1\x84\xd0\xb5\xd1\x80', b'\xd0\xbf\xd0\xb0\xd1\x80\xd1\x82\xd0\xb8\xd1\x8f</w>', b'\xd0\xbf\xd1\x80\xd0\xb0\xd0\xb2\xd0\xb8\xd1\x82\xd0\xb5\xd0\xbb\xd1\x8c\xd1\x81\xd1\x82\xd0\xb2\xd0\xbe</w>', b'\xd0\xb2\xd0\xbe\xd0\xb6', b'\xd0\xbf\xd0\xbe\xd1\x87\xd0\xb5\xd1\x82', b'\xd1\x81\xd0\xbe\xd1\x86\xd0\xb8\xd0\xb0\xd0\xbb\xd0\xb8\xd0\xb7\xd0\xbc</w>', b'\xd0\xb2\xd0\xbe\xd1\x81\xd0\xbf\xd0\xb8', b'\xd1\x81\xd0\xb2\xd1\x8f\xd1\x89\xd0\xb5\xd0\xbd', b'\xd0\xb3\xd1\x80\xd0\xb0\xd0\xbd\xd0\xb8\xd1\x86', b'\xd0\xb3\xd1\x80\xd0\xb0\xd0\xbd\xd0\xb8\xd1\x86\xd0\xb0</w>', b'\xd0\xb4\xd0\xb5\xd1\x80\xd0\xb6\xd0\xb0', b'\xd0\xbf\xd0\xbe\xd1\x80</w>', b'\xd0\xa5\xd0\xb0\xd1\x81\xd0\xb0', b'\xd1\x82\xd1\x8b</w>', b'\xd0\xbf\xd0\xbe</w>', b'\xd1\x85\xd0\xb0', b'\xd0\xbd\xd0\xbe\xd0\xb2\xd1\x81\xd0\xba\xd0\xb8\xd0\xb9</w>', b'\xd0\xbd\xd0\xb5\xd0\xbc</w>', b'\xd0\xbc\xd0\xb8\xd1\x81\xd1\x8f</w>', b'\xd0\x9f\xd0\xb5\xd1\x80', b'\xd1\x81\xd0\xb0\xd0\xb4\xd0\xb0</w>', b'\xd1\x80\xd0\xb0\xd0\xbc', b'\xd0\xb9\xd3\xa7\xd1\x81</w>', b'\xd0\xb4\xd0\xb0\xd0\xb2', b'\xd0\xba\xd0\xb0\xd1\x8f</w>', b'\xd0\x9b\xd0\xbe', b'\xd1\x80\xd1\x83\xd0\xb4', b'\xd1\x81\xd0\xbd\xd0\xb0', b'\xd1\x8d\xd0\xbc', b'\xd0\x92\xd0\xbe\xd0\xb4', b'\xd1\x81\xd0\xb2\xd0\xb0', b'\xd0\xb1\xd0\xbe\xd0\xbb', b'\xd0\x9a\xd0\xb5\xd1\x80', b'\xd0\xb1\xd0\xb0</w>', b'\xd1\x81\xd1\x82\xd1\x80\xd0\xb0', b'\xd0\xbf\xd0\xb0\xd0\xbb\xd1\x8c', b'\xd0\xa8', b'\xd0\xa7\xd0\xb5', b'\xd0\xbf\xd0\xb5\xd0\xbb\xd1\x8c</w>', b'\xd0\xb3\xd1\x80\xd0\xb0\xd0\xb4</w>', b'\xd0\xba\xd1\x82\xd0\xb0\xd1\x81</w>', b'\xd0\xb7\xd0\xb8</w>', b'\xd1\x81\xd1\x81\xd0\xb0</w>', b'\xd0\xbc\xd0\xb0\xd1\x80', b'\xd0\xb1\xd0\xbe\xd1\x80\xd0\xbe', b'\xd1\x80\xd0\xbe\xd0\xb4', b'\xd0\xbf\xd0\xbe\xd0\xbb\xd1\x83\xd1\x87', b'\xd0\xb4\xd0\xb5\xd0\xbd', b'\xd0\xbf\xd0\xb5\xd1\x80\xd0\xb2\xd0\xbe', b'\xd0\xbf\xd0\xb0\xd1\x80\xd0\xb0\xd0\xb4</w>', b'\xd0\x9c\xd0\xbe', b'\xd1\x81\xd0\xba\xd0\xbe\xd0\xb2', b'\xd0\x9a\xd1\x80\xd0\xb5\xd0\xbc', b'\xd0\xb1\xd0\xb0\xd1\x88\xd0\xbd\xd1\x8f</w>', b'\xd0\xb3\xd0\xbb\xd0\xb0\xd0\xb2', b'\xd0\xb7\xd0\xb0\xd0\xbc\xd0\xb5\xd1\x87\xd0\xb0', b'\xd1\x82\xd0\xb5\xd0\xbb\xd1\x8c', b'\xd0\xbb\xd0\xb0\xd0\xbc</w>', b'\xd0\xbe\xd0\xb1\xd1\x8b', b'\xd0\xba\xd0\xbd\xd0\xbe\xd0\xb2', b'\xd1\x81\xd0\xbb\xd1\x83\xd1\x87\xd0\xb0\xd0\xb9</w>', b'\xd0\xb3\xd1\x80\xd0\xb0\xd0\xb6\xd0\xb4\xd0\xb0\xd0\xbd', b'\xd1\x84', b'\xd0\xbd\xd1\x82</w>', b'\xd0\xbc\xd0\xb5\xd0\xb9', b'\xd1\x87\xd0\xb0\xd1\x81\xd1\x82', b'\xd0\x92\xd0\xbe\xd0\xbb', b'\xd0\xa6', b'\xd0\xb3\xd1\x80\xd0\xb0\xd0\xb4', b'\xd0\xbd\xd1\x82\xd0\xbe', b'\xd1\x80\xd1\x8b\xd0\xb2', b'\xd1\x8f\xd1\x82\xd0\xb8', b'\xd0\xb1\xd0\xb5\xd0\xbd', b'\xd1\x88\xd0\xb8</w>', b'\xd0\xbf\xd1\x80\xd0\xb8\xd1\x8f', b'\xd1\x81\xd1\x82\xd1\x80\xd0\xb0\xd1\x88', b'\xd1\x81\xd0\xbc\xd0\xb5\xd0\xbb', b'\xd0\xbe\xd0\xbf\xd0\xb0\xd1\x81', b'\xd0\xbc\xd0\xbe\xd0\xb3', b'\xd0\xa0\xd0\xb5', b'\xd1\x81\xd1\x82\xd1\x8b', b'\xd1\x87\xd0\xbe\xd0\xba</w>', b'\xd0\xb1\xd1\x80\xd0\xbe', b'\xd0\xbd\xd0\xb8\xd1\x80\xd0\xbe\xd0\xb2\xd0\xb0\xd0\xbd', b'\xd0\xb0\xd0\xb2\xd1\x82\xd0\xbe\xd0\xbc\xd0\xbe\xd0\xb1\xd0\xb8\xd0\xbb\xd1\x8c</w>', b'\xd0\xbf\xd0\xbe\xd0\xb4</w>', b'\xd0\xb8\xd0\xb7\xd0\xb2\xd0\xb5\xd1\x81\xd1\x82', b'\xd0\xba\xd1\x81\xd0\xb0</w>', b'\xd0\xba\xd0\xbe\xd0\xbc\xd0\xb0\xd0\xbd', b'\xd0\xb2\xd0\xb0\xd0\xb6', b'\xd0\xb4\xd0\xb5\xd0\xbb', b'\xd0\x93\xd0\xbb\xd0\xb0\xd0\xb2', b'\xd0\x9e\xd0\xb4', b'\xd0\xba\xd1\x80\xd1\x83', b'\xd0\x9f\xd0\xb5\xd1\x80\xd0\xb5', b'\xd1\x82\xd0\xb0\xd0\xbd', b'\xd0\xbb\xd0\xbe\xd0\xba</w>', b'\xd0\xb4\xd0\xbe\xd0\xbc\xd0\xb0', b'\xd1\x81\xd0\xb5\xd0\xb4', b'\xd0\xb2\xd0\xbe\xd0\xbe\xd1\x80\xd1\x83', b'\xd0\x91\xd0\xb5\xd0\xbb', b'\xd0\xb4\xd0\xb8\xd1\x82</w>', b'\xd0\xbc\xd0\xb8\xd1\x82', b'\xd1\x91\xd1\x82</w>', b'\xd0\xb1\xd0\xb0\xd0\xbd\xd0\xb4\xd0\xb8\xd1\x82', b'\xd0\xba\xd1\x83\xd1\x80', b'\xd1\x85</w>', b'\xd0\xb1\xd0\xb5\xd0\xb4\xd0\xb0</w>', b'\xd0\x97\xd0\xb0', b'\xd0\x9a\xd1\x80\xd1\x83', b'\xd0\x9d\xd0\xb5</w>', b'\xd1\x8e\xd1\x80\xd0\xb8', b'\xd0\x9d\xd1\x83</w>', b'\xd0\xb1\xd0\xbb\xd0\xb0', b'\xd0\xba\xd0\xb0\xd0\xbd\xd0\xb0', b'\xd0\xbc\xd0\xb0\xd1\x88\xd0\xb8\xd0\xbd\xd0\xb0</w>', b'\xd1\x87\xd1\x83\xd1\x82\xd1\x8c</w>', b'\xd1\x81\xd0\xb2\xd0\xb8', b'\xd0\xbd\xd0\xb5\xd1\x86</w>', b'\xd1\x81\xd1\x82\xd0\xb0\xd0\xbb\xd1\x8c</w>', b'\xd1\x89', b'\xd1\x81\xd1\x82\xd0\xb5\xd1\x80', b'\xd1\x8f\xd0\xb9', b'\xd0\x9a\xd0\xbe\xd0\xbc\xd0\xb0\xd0\xbd', b'\xd1\x88\xd0\xb8\xd0\xbc</w>', b'\xd0\xbf\xd0\xbe\xd0\xbc</w>', b'\xd0\x94\xd0\xb0</w>', b'\xd0\xb7\xd0\xb8\xd0\xbd</w>', b'\xd0\x9c\xd0\xb0\xd0\xba', b'\xd1\x81\xd0\xb8\xd0\xbc', b'\xd0\xbb\xd0\xb5\xd0\xbd', b'\xd0\x98\xd0\xb2\xd0\xb0\xd0\xbd\xd0\xbe\xd0\xb2', b'\xd1\x8e\xd1\x81\xd1\x8c</w>', b'\xd0\xba\xd0\xb5\xd1\x80', b'\xd0\xb8\xd0\xb7</w>', b'\xd1\x81\xd0\xba\xd0\xb5', b'\xd0\xa7\xd0\xb0', b'\xd0\x93\xd0\xbe\xd1\x80', b'\xd0\x94\xd0\xbe', b'\xd1\x81\xd0\xbc', b'\xd0\xb8\xd1\x8e', b'\xd1\x81\xd1\x81\xd1\x8f</w>', b'\xd1\x82\xd1\x8f', b'\xd0\xbf\xd1\x80\xd0\xb8\xd1\x8f\xd1\x82', b'\xd1\x88\xd0\xba\xd0\xb0</w>', b'\xd0\xba\xd0\xb0\xd0\xbd', b'\xd1\x81\xd0\xba\xd0\xb0</w>', b'\xd0\xbc\xd1\x83\xd0\xb6\xd0\xb8', b'\xd0\xbb\xd0\xbe\xd0\xb3</w>', b'\xd1\x80\xd0\xb0\xd0\xb9</w>', b'\xd0\x9c\xd0\xb5\xd0\xbd', b'\xd0\xb4\xd0\xb6\xd0\xb8', b'\xd0\xb4\xd0\xbe\xd1\x80</w>', b'\xd0\x9f\xd1\x80\xd0\xbe', b'\xd1\x81\xd0\xb5\xd0\xbc', b'\xd1\x80\xd0\xb5', b'\xd0\xb2\xd1\x8b\xd0\xbb\xd0\xb0', b'\xd1\x83\xd0\xb4\xd0\xb0', b'e', b'\xd1\x88\xd0\xb5\xd0\xb1', b'\xd1\x80\xd0\xb0\xd1\x81', b'\xd0\xb0\xd1\x80</w>', b'\xd0\x96\xd0\xb0', b'\xd0\x97\xd0\xb0\xd0\xba\xd0\xb0', b'\xd0\xa0\xd1\x83', b'\xd0\xa1\xd0\xbf\xd0\xb8', b'\xd1\x82\xd1\x80', b'\xd0\x93\xd0\xb5\xd1\x80', b'\xd0\xbc\xd0\xb0\xd0\xbd</w>', b'\xd0\xa7\xd0\xb8', b'\xd1\x88\xd1\x82\xd0\xb0', b'\xd0\x9c\xd0\xb8\xd1\x85\xd0\xb0', b'\xd0\xb8\xd0\xbb</w>', b'\xd0\x9f\xd0\xb0\xd1\x80', b'\xd0\xb6\xd1\x83\xd1\x80\xd0\xbd\xd0\xb0\xd0\xbb</w>', b'\xd0\xb7\xd0\xb0\xd0\xb2\xd0\xbe\xd0\xb4', b'\xd1\x88\xd0\xb0\xd0\xbd</w>', b'\xd1\x81\xd0\xb0\xd0\xb9', b'\xd0\x9e\xd1\x80', b'\xd0\xb3\xd0\xb0\xd0\xbd', b'\xd1\x83\xd1\x80', b'\xd0\xb0\xd0\xb2', b'\xd0\xba\xd0\xbe\xd0\xbc\xd0\xbd\xd0\xb0', b'\xd0\xbc\xd0\xb0\xd0\xb3\xd0\xb0', b'\xd0\xbd\xd0\xb0\xd0\xbd', b'\xd0\xba\xd0\xbe\xd0\xbb\xd0\xbe', b'y', b'\xd0\xbd\xd1\x8f</w>', b'\xd1\x80\xd0\xbe\xd0\xb2</w>', b'\xd0\xb2\xd1\x8b\xd0\xb9', b'\xd1\x81\xd1\x81\xd3\xa7</w>', b'\xd0\xbe\xd0\xb1', b'\xd1\x80\xd0\xbe\xd0\xba</w>', b'\xd1\x87\xd0\xb8\xd0\xbc</w>', b'\xd1\x81\xd1\x82\xd0\xb0\xd1\x80\xd0\xb8\xd0\xba</w>', b'\xd0\xbb\xd3\xa7\xd0\xbc\xd1\x8b\xd0\xbd</w>', b'\xd0\xbb\xd1\x83\xd0\xb9', b'\xd0\x9a\xd1\x83\xd0\xb7\xd1\x8c', b'\xd1\x8f\xd1\x82', b'\xd0\xbd\xd0\xbe\xd0\xb3</w>', b'\xd0\xb8\xd0\xbd\xd0\xb0', b';</w>', b'\xd0\xb7\xd1\x8c</w>', b'\xd0\x9c\xd1\x8b', b'\xd0\xb7\xd0\xbe\xd0\xbd</w>', b'\xd0\xb2\xd1\x81', b'\xd0\xbf\xd0\xb5\xd1\x81', b'\xd0\xb5\xd0\xb7', b'\xd0\xbb\xd0\xb0\xd0\xb9', b'\xd0\xaf', b'\xd0\xbf\xd0\xb5\xd0\xbb', b'\xd0\x93\xd0\xb0', b'\xd0\xbd\xd1\x8c\xd1\x8b\xd0\xb4\xd0\xb8\xd0\xba</w>', b'\xd1\x81\xd1\x8b\xd0\xbd</w>', b'o', b'\xd0\xbe\xd1\x82\xd0\xb4\xd0\xb5\xd0\xbb', b'\xd0\xb3\xd1\x83\xd0\xbb\xd1\x8f', b'\xd0\xb1\xd0\xbe\xd0\xba</w>', b'\xd0\xb3\xd0\xb0\xd1\x87</w>', b'\xd0\xb6\xd0\xb0\xd0\xbd', b'\xd0\xb5\xd0\xbc', b'\xd0\x9f\xd0\xb0\xd0\xb2', b'\xd0\xb5\xd0\xbb', b'\xd0\xb2\xd0\xb8\xd1\x82</w>', b'\xd1\x88\xd0\xb8\xd0\xbd</w>', b'\xd0\xa0', b'\xd0\xbd\xd0\xbe\xd1\x80\xd0\xbc\xd0\xb0</w>', b'\xd0\xb2\xd0\xbd\xd1\x83', b'\xd1\x81\xd1\x82\xd0\xb0\xd1\x80\xd0\xb8', b'\xd0\xa8\xd1\x83', b'\xd1\x80\xd0\xb8\xd0\xba</w>', b'\xd0\xbe\xd0\xb4', b'\xd0\xb1\xd0\xb0\xd1\x82\xd1\x8c</w>', b'\xd0\xb4\xd0\xb8\xd0\xb2\xd0\xb0\xd0\xbd</w>', b'\xd0\xbf\xd0\xbe\xd0\xb2</w>', b'\xd0\xbb\xd0\xbe\xd0\xb2</w>', b'\xd0\xb1\xd0\xb5', b'\xd0\xb2\xd0\xbe\xd1\x80', b'\xd0\xbb\xd0\xb8\xd1\x87', b'\xd1\x82\xd1\x88\xd3\xa7\xd1\x82', b'\xd1\x88\xd0\xba\xd0\xb0', b'\xd1\x80\xd0\xb5\xd0\xb9', b'\xd0\xb5\xd0\xb4\xd0\xb6', b'\xd1\x86\xd0\xb2\xd0\xb5\xd1\x82', b'\xd1\x83\xd1\x81\xd1\x82\xd0\xb0', b'\xd0\xba\xd0\xb8\xd0\xbb\xd0\xbe', b'\xd0\xbf\xd0\xb0\xd0\xbb</w>', b'\xd1\x81\xd0\xb8\xd0\xb3', b'\xd0\x92\xd0\xb5\xd1\x80\xd1\x82\xd0\xbe', b'\xd1\x8d\xd0\xba\xd1\x81\xd0\xbf\xd0\xb5\xd0\xb4\xd0\xb8', b'\xd0\xa0\xd0\xb0', b'\xd0\xb3\xd0\xbe\xd0\xb2</w>', b'\xd1\x81\xd1\x82\xd0\xb8</w>', b'\xd0\xba\xd1\x83\xd1\x85', b'\xd1\x8f\xd1\x8f</w>', b'\xd0\xb2\xd0\xbe\xd0\xbc</w>', b'\xd0\x9f\xd0\xb8', b'\xd0\xb0\xd0\xb4\xd1\x80\xd0\xb5', b'\xd0\xa4\xd0\xb5', b'\xd1\x81\xd1\x82\xd1\x80\xd0\xbe', b'\xd0\xbc\xd0\xb8\xd0\xbd', b'\xd0\xb1\xd0\xb0\xd0\xb1\xd0\xb0', b'\xd0\xb8\xd1\x82\xd1\x8c', b'\xd0\x9c\xd0\xbe\xd1\x80\xd0\xbe', b'\xd0\xa1\xd1\x82\xd0\xb5', b'\xd0\x9c\xd0\xb8\xd1\x85\xd0\xb0\xd0\xb9\xd0\xbb\xd0\xbe', b'\xd1\x87\xd1\x8c', b'\xd1\x81\xd0\xbb\xd0\xb0', b'\xd0\xb0\xd1\x82', b'\xd0\xba\xd0\xb8\xd0\xbd</w>', b'\xd0\xba\xd1\x83\xd1\x82\xd1\x88\xd3\xa7\xd0\xbc', b'\xd1\x8d</w>', b'\xd1\x81\xd0\xbb', b'\xd0\xb1\xd1\x83\xd0\xb7', b'\xd0\xb6\xd0\xbc\xd1\x83', b'\xd1\x81\xd1\x91</w>', b'\xd1\x80\xd0\xbe\xd0\xb4\xd0\xb0</w>', b'\xd0\xbc\xd1\x8b\xd1\x81', b'\xd1\x8f\xd1\x81\xd1\x8b', b'\xd0\xb4\xd0\xb5\xd0\xb4</w>', b'\xd0\xbc\xd0\xb5\xd0\xbc</w>', b'\xd0\xbc\xd1\x83\xd0\xbd\xd0\xb0', b'\xd1\x81\xd1\x82\xd1\x8c</w>', b'\xd1\x8d\xd1\x82', b'\xd0\xbf\xd0\xbe\xd0\xbb\xd0\xb8\xd1\x82\xd0\xb8\xd1\x87\xd0\xb5', b'\xd1\x82\xd0\xb8\xd1\x87\xd0\xb5', b'\xd0\xbc\xd0\xbe\xd1\x80\xd0\xbe', b'\xd1\x81\xd0\xbe\xd1\x80', b'\xd0\xb7\xd0\xb0\xd0\xbd', b'\xd1\x80\xd0\xb0\xd0\xb2', b'\xd0\xb2\xd0\xb5\xd0\xbd', b'\xd0\xbb\xd1\x8b\xd0\xbc</w>', b'\xd1\x81\xd0\xbe\xd0\xb1\xd0\xb0', b'\xd0\xbc\xd0\xb5\xd0\xb7', b'\xd1\x82\xd0\xb5', b'\xd0\xbf\xd0\xbb\xd0\xbe', b'\xd0\xbe\xd0\xbd', b'\xd0\xb4\xd0\xb0\xd0\xbd', b'\xd1\x81\xd1\x82\xd0\xb0</w>', b'\xd0\xbc\xd0\xb0\xd0\xbc</w>', b'\xd0\x9f\xd0\xb8\xd1\x82', b'\xd1\x83\xd0\xbd\xd0\xb8\xd0\xb2\xd0\xb5\xd1\x80\xd1\x81\xd0\xb8\xd1\x82\xd0\xb5', b'\xd0\xb3\xd1\x80\xd0\xb0', b'\xd1\x8f\xd1\x81\xd1\x82', b'\xd0\xb4\xd0\xb2\xd0\xb0</w>', b'\xd0\xb5\xd1\x81', b'\xd0\x9b\xd1\x91', b'\xd0\xb3\xd0\xbe\xd0\xbd', b'\xd0\xb8\xd1\x82\xd0\xb5\xd0\xbb\xd1\x8f</w>', b'\xd0\xb5\xd0\xb4\xd0\xb8', b'\xd0\xbb\xd0\xb0\xd0\xb4\xd0\xbe', b'\xd0\xb8\xd1\x82\xd0\xb5\xd0\xbb\xd1\x8c</w>', b'\xd0\xbe</w>', b'\xd1\x82\xd0\xb0\xd1\x80', b'\xd0\xb4\xd0\xb0\xd1\x80', b'\xd1\x81\xd0\xbf\xd0\xb5\xd0\xba', b'\xd1\x82\xd0\xb0\xd0\xba</w>', b'\xd0\xb4\xd0\xb7\xd0\xb8</w>', b'\xd0\xb2\xd0\xb8\xd1\x82', b'\xd0\x9c\xd0\xb0\xd1\x80', b'\xd1\x82\xd0\xb8\xd0\xbd</w>', b'\xd0\xb1\xd1\x8b\xd1\x82\xd1\x82\xd1\x8c', b'\xd1\x81\xd1\x82\xd0\xb8\xd1\x82', b'\xd0\x93\xd1\x80\xd0\xb8\xd0\xb3\xd0\xbe\xd1\x80', b'\xd0\xbf\xd1\x80\xd0\xb5\xd0\xb4\xd1\x81\xd0\xb5\xd0\xb4\xd0\xb0', b'\xd0\xbb\xd0\xba\xd0\xb8', b'\xd0\xb3\xd0\xbb\xd1\x83', b'\xd0\xb5\xd0\xbd\xd1\x8c</w>', b'\xd1\x81\xd0\xbf\xd0\xb5\xd1\x86\xd0\xb8\xd0\xb0\xd0\xbb\xd0\xb8', b'\xd1\x80\xd0\xb5\xd0\xb2\xd0\xbe\xd0\xbb\xd1\x8e', b'\xd1\x80\xd1\x83\xd0\xb6\xd0\xb8', b'\xd0\xb3\xd0\xbe\xd1\x81\xd1\x83\xd0\xb4\xd0\xb0\xd1\x80', b'\xd1\x81\xd1\x82\xd0\xb2\xd0\xbe', b'\xd1\x8f\xd0\xb2', b'\xd0\x91\xd0\xb8']
2025-12-22 20:58:40,421 vocabulary size of 1518
2025-12-22 20:58:40,460 SequenceTagger predicts: Dictionary with 18 tags: <PAD>, NOUN, PUNCT, VERB, ADV, ADJ, PRON, ADP, AUX, CCONJ, SCONJ, DET, NUM, PROPN, PART, INTJ, <START>, <STOP>
2025-12-22 20:58:40,994 
Results:
- F-score (micro) 0.893
- F-score (macro) 0.5693
- Accuracy 0.893

By class:
              precision    recall  f1-score   support

       <PAD>     0.9871    0.9915    0.9893      1769
        NOUN     0.6916    0.7820    0.7340       367
       PUNCT     0.9938    0.9757    0.9847       329
        VERB     0.7909    0.7695    0.7801       295
         ADV     0.6859    0.7616    0.7218       172
        PRON     0.8480    0.7737    0.8092       137
       CCONJ     0.8767    0.8421    0.8591        76
         ADJ     0.5246    0.4156    0.4638        77
         AUX     0.8980    0.7333    0.8073        60
         ADP     0.6571    0.5349    0.5897        43
       SCONJ     0.7778    0.7000    0.7368        20
         NUM     0.2500    0.0909    0.1333        11
         DET     0.4000    0.6667    0.5000         3
       PROPN     0.0000    0.0000    0.0000         4
        INTJ     0.0000    0.0000    0.0000         3
        PART     0.0000    0.0000    0.0000         0

    accuracy                         0.8930      3366
   macro avg     0.5863    0.5648    0.5693      3366
weighted avg     0.8922    0.8930    0.8916      3366

2025-12-22 20:58:40,995 ----------------------------------------------------------------------------------------------------
