2025-12-22 17:41:56,260 ----------------------------------------------------------------------------------------------------
2025-12-22 17:41:56,261 Model: "SequenceTagger(
  (embeddings): StackedEmbeddings(
    (list_embedding_0): OneHotEmbeddings(
      (embedding_layer): Embedding(4511, 300)
    )
  )
  (word_dropout): WordDropout(p=0.05)
  (locked_dropout): LockedDropout(p=0.5)
  (embedding2nn): Linear(in_features=300, out_features=300, bias=True)
  (rnn): LSTM(300, 256, batch_first=True, bidirectional=True)
  (linear): Linear(in_features=512, out_features=17, bias=True)
  (loss_function): ViterbiLoss()
  (crf): CRF()
)"
2025-12-22 17:41:56,261 ----------------------------------------------------------------------------------------------------
2025-12-22 17:41:56,261 Corpus: 1872 train + 624 dev + 625 test sentences
2025-12-22 17:41:56,261 ----------------------------------------------------------------------------------------------------
2025-12-22 17:41:56,261 Train:  1872 sentences
2025-12-22 17:41:56,261         (train_with_dev=False, train_with_test=False)
2025-12-22 17:41:56,261 ----------------------------------------------------------------------------------------------------
2025-12-22 17:41:56,261 Training Params:
2025-12-22 17:41:56,261  - learning_rate: "0.1" 
2025-12-22 17:41:56,261  - mini_batch_size: "32"
2025-12-22 17:41:56,261  - max_epochs: "150"
2025-12-22 17:41:56,261  - shuffle: "True"
2025-12-22 17:41:56,261 ----------------------------------------------------------------------------------------------------
2025-12-22 17:41:56,261 Plugins:
2025-12-22 17:41:56,261  - AnnealOnPlateau | patience: '3', anneal_factor: '0.5', min_learning_rate: '0.0001'
2025-12-22 17:41:56,261 ----------------------------------------------------------------------------------------------------
2025-12-22 17:41:56,261 Final evaluation on model from best epoch (best-model.pt)
2025-12-22 17:41:56,261  - metric: "('micro avg', 'f1-score')"
2025-12-22 17:41:56,261 ----------------------------------------------------------------------------------------------------
2025-12-22 17:41:56,261 Computation:
2025-12-22 17:41:56,261  - compute on device: cpu
2025-12-22 17:41:56,261  - embedding storage: none
2025-12-22 17:41:56,261 ----------------------------------------------------------------------------------------------------
2025-12-22 17:41:56,261 Model training base path: "models/flair_pos/bpe/sme"
2025-12-22 17:41:56,261 ----------------------------------------------------------------------------------------------------
2025-12-22 17:41:56,261 ----------------------------------------------------------------------------------------------------
2025-12-22 17:41:56,751 epoch 1 - iter 5/59 - loss 2.93712330 - time (sec): 0.49 - samples/sec: 4271.44 - lr: 0.100000 - momentum: 0.000000
2025-12-22 17:41:57,324 epoch 1 - iter 10/59 - loss 2.63574633 - time (sec): 1.06 - samples/sec: 4169.53 - lr: 0.100000 - momentum: 0.000000
2025-12-22 17:41:57,992 epoch 1 - iter 15/59 - loss 2.44951753 - time (sec): 1.73 - samples/sec: 3902.33 - lr: 0.100000 - momentum: 0.000000
2025-12-22 17:41:58,644 epoch 1 - iter 20/59 - loss 2.34406953 - time (sec): 2.38 - samples/sec: 3827.80 - lr: 0.100000 - momentum: 0.000000
2025-12-22 17:41:59,087 epoch 1 - iter 25/59 - loss 2.27714912 - time (sec): 2.83 - samples/sec: 3924.41 - lr: 0.100000 - momentum: 0.000000
2025-12-22 17:41:59,560 epoch 1 - iter 30/59 - loss 2.22533972 - time (sec): 3.30 - samples/sec: 4019.36 - lr: 0.100000 - momentum: 0.000000
2025-12-22 17:41:59,969 epoch 1 - iter 35/59 - loss 2.18734113 - time (sec): 3.71 - samples/sec: 4114.52 - lr: 0.100000 - momentum: 0.000000
2025-12-22 17:42:00,361 epoch 1 - iter 40/59 - loss 2.15928400 - time (sec): 4.10 - samples/sec: 4211.87 - lr: 0.100000 - momentum: 0.000000
2025-12-22 17:42:00,826 epoch 1 - iter 45/59 - loss 2.13109123 - time (sec): 4.57 - samples/sec: 4265.83 - lr: 0.100000 - momentum: 0.000000
2025-12-22 17:42:01,232 epoch 1 - iter 50/59 - loss 2.10389138 - time (sec): 4.97 - samples/sec: 4338.78 - lr: 0.100000 - momentum: 0.000000
2025-12-22 17:42:01,654 epoch 1 - iter 55/59 - loss 2.07850008 - time (sec): 5.39 - samples/sec: 4395.81 - lr: 0.100000 - momentum: 0.000000
2025-12-22 17:42:01,981 ----------------------------------------------------------------------------------------------------
2025-12-22 17:42:01,982 EPOCH 1 done: loss 2.0625 - lr: 0.100000
2025-12-22 17:42:02,543 DEV : loss 1.5735929012298584 - f1-score (micro avg)  0.5142
2025-12-22 17:42:02,544  - 0 epochs without improvement
2025-12-22 17:42:02,545 saving best model
2025-12-22 17:42:02,577 ----------------------------------------------------------------------------------------------------
2025-12-22 17:42:03,076 epoch 2 - iter 5/59 - loss 1.81563124 - time (sec): 0.50 - samples/sec: 4648.57 - lr: 0.100000 - momentum: 0.000000
2025-12-22 17:42:03,588 epoch 2 - iter 10/59 - loss 1.82154273 - time (sec): 1.01 - samples/sec: 4553.43 - lr: 0.100000 - momentum: 0.000000
2025-12-22 17:42:04,088 epoch 2 - iter 15/59 - loss 1.79058802 - time (sec): 1.51 - samples/sec: 4478.17 - lr: 0.100000 - momentum: 0.000000
2025-12-22 17:42:04,589 epoch 2 - iter 20/59 - loss 1.77882065 - time (sec): 2.01 - samples/sec: 4425.15 - lr: 0.100000 - momentum: 0.000000
2025-12-22 17:42:04,968 epoch 2 - iter 25/59 - loss 1.77766040 - time (sec): 2.39 - samples/sec: 4552.85 - lr: 0.100000 - momentum: 0.000000
2025-12-22 17:42:05,640 epoch 2 - iter 30/59 - loss 1.77932915 - time (sec): 3.06 - samples/sec: 4251.81 - lr: 0.100000 - momentum: 0.000000
2025-12-22 17:42:06,045 epoch 2 - iter 35/59 - loss 1.77199196 - time (sec): 3.47 - samples/sec: 4320.64 - lr: 0.100000 - momentum: 0.000000
2025-12-22 17:42:06,580 epoch 2 - iter 40/59 - loss 1.75319303 - time (sec): 4.00 - samples/sec: 4312.56 - lr: 0.100000 - momentum: 0.000000
2025-12-22 17:42:07,008 epoch 2 - iter 45/59 - loss 1.75133301 - time (sec): 4.43 - samples/sec: 4373.83 - lr: 0.100000 - momentum: 0.000000
2025-12-22 17:42:08,730 epoch 2 - iter 50/59 - loss 1.74539583 - time (sec): 6.15 - samples/sec: 3504.29 - lr: 0.100000 - momentum: 0.000000
2025-12-22 17:42:09,215 epoch 2 - iter 55/59 - loss 1.73966273 - time (sec): 6.64 - samples/sec: 3562.65 - lr: 0.100000 - momentum: 0.000000
2025-12-22 17:42:09,629 ----------------------------------------------------------------------------------------------------
2025-12-22 17:42:09,629 EPOCH 2 done: loss 1.7336 - lr: 0.100000
2025-12-22 17:42:10,452 DEV : loss 1.4258471727371216 - f1-score (micro avg)  0.5346
2025-12-22 17:42:10,454  - 0 epochs without improvement
2025-12-22 17:42:10,454 saving best model
2025-12-22 17:42:10,473 ----------------------------------------------------------------------------------------------------
2025-12-22 17:42:11,000 epoch 3 - iter 5/59 - loss 1.68526456 - time (sec): 0.53 - samples/sec: 4267.56 - lr: 0.100000 - momentum: 0.000000
2025-12-22 17:42:11,543 epoch 3 - iter 10/59 - loss 1.63489301 - time (sec): 1.07 - samples/sec: 4076.95 - lr: 0.100000 - momentum: 0.000000
2025-12-22 17:42:12,152 epoch 3 - iter 15/59 - loss 1.62721009 - time (sec): 1.68 - samples/sec: 3935.35 - lr: 0.100000 - momentum: 0.000000
2025-12-22 17:42:12,596 epoch 3 - iter 20/59 - loss 1.61827751 - time (sec): 2.12 - samples/sec: 4129.50 - lr: 0.100000 - momentum: 0.000000
2025-12-22 17:42:13,022 epoch 3 - iter 25/59 - loss 1.60014039 - time (sec): 2.55 - samples/sec: 4253.12 - lr: 0.100000 - momentum: 0.000000
2025-12-22 17:42:13,492 epoch 3 - iter 30/59 - loss 1.58263564 - time (sec): 3.02 - samples/sec: 4272.47 - lr: 0.100000 - momentum: 0.000000
2025-12-22 17:42:14,015 epoch 3 - iter 35/59 - loss 1.57625822 - time (sec): 3.54 - samples/sec: 4302.98 - lr: 0.100000 - momentum: 0.000000
2025-12-22 17:42:14,518 epoch 3 - iter 40/59 - loss 1.56337524 - time (sec): 4.05 - samples/sec: 4273.40 - lr: 0.100000 - momentum: 0.000000
2025-12-22 17:42:15,461 epoch 3 - iter 45/59 - loss 1.55015354 - time (sec): 4.99 - samples/sec: 3878.65 - lr: 0.100000 - momentum: 0.000000
2025-12-22 17:42:15,841 epoch 3 - iter 50/59 - loss 1.53359963 - time (sec): 5.37 - samples/sec: 3997.32 - lr: 0.100000 - momentum: 0.000000
2025-12-22 17:42:16,266 epoch 3 - iter 55/59 - loss 1.51439423 - time (sec): 5.79 - samples/sec: 4075.39 - lr: 0.100000 - momentum: 0.000000
2025-12-22 17:42:16,608 ----------------------------------------------------------------------------------------------------
2025-12-22 17:42:16,609 EPOCH 3 done: loss 1.5012 - lr: 0.100000
2025-12-22 17:42:17,184 DEV : loss 1.158013105392456 - f1-score (micro avg)  0.605
2025-12-22 17:42:17,186  - 0 epochs without improvement
2025-12-22 17:42:17,186 saving best model
2025-12-22 17:42:17,205 ----------------------------------------------------------------------------------------------------
2025-12-22 17:42:17,697 epoch 4 - iter 5/59 - loss 1.30609934 - time (sec): 0.49 - samples/sec: 4425.17 - lr: 0.100000 - momentum: 0.000000
2025-12-22 17:42:18,286 epoch 4 - iter 10/59 - loss 1.27691863 - time (sec): 1.08 - samples/sec: 4166.96 - lr: 0.100000 - momentum: 0.000000
2025-12-22 17:42:18,721 epoch 4 - iter 15/59 - loss 1.26086476 - time (sec): 1.52 - samples/sec: 4315.75 - lr: 0.100000 - momentum: 0.000000
2025-12-22 17:42:19,141 epoch 4 - iter 20/59 - loss 1.25264979 - time (sec): 1.94 - samples/sec: 4493.15 - lr: 0.100000 - momentum: 0.000000
2025-12-22 17:42:19,828 epoch 4 - iter 25/59 - loss 1.25327503 - time (sec): 2.62 - samples/sec: 4156.86 - lr: 0.100000 - momentum: 0.000000
2025-12-22 17:42:20,219 epoch 4 - iter 30/59 - loss 1.24383348 - time (sec): 3.01 - samples/sec: 4276.98 - lr: 0.100000 - momentum: 0.000000
2025-12-22 17:42:20,648 epoch 4 - iter 35/59 - loss 1.24037106 - time (sec): 3.44 - samples/sec: 4352.43 - lr: 0.100000 - momentum: 0.000000
2025-12-22 17:42:21,240 epoch 4 - iter 40/59 - loss 1.22956807 - time (sec): 4.03 - samples/sec: 4276.71 - lr: 0.100000 - momentum: 0.000000
2025-12-22 17:42:21,679 epoch 4 - iter 45/59 - loss 1.21574096 - time (sec): 4.47 - samples/sec: 4293.67 - lr: 0.100000 - momentum: 0.000000
2025-12-22 17:42:22,164 epoch 4 - iter 50/59 - loss 1.20676748 - time (sec): 4.96 - samples/sec: 4329.73 - lr: 0.100000 - momentum: 0.000000
2025-12-22 17:42:22,698 epoch 4 - iter 55/59 - loss 1.19352909 - time (sec): 5.49 - samples/sec: 4325.06 - lr: 0.100000 - momentum: 0.000000
2025-12-22 17:42:23,005 ----------------------------------------------------------------------------------------------------
2025-12-22 17:42:23,005 EPOCH 4 done: loss 1.1858 - lr: 0.100000
2025-12-22 17:42:23,629 DEV : loss 0.9044561386108398 - f1-score (micro avg)  0.7234
2025-12-22 17:42:23,631  - 0 epochs without improvement
2025-12-22 17:42:23,631 saving best model
2025-12-22 17:42:23,655 ----------------------------------------------------------------------------------------------------
2025-12-22 17:42:24,106 epoch 5 - iter 5/59 - loss 1.04277062 - time (sec): 0.45 - samples/sec: 4518.32 - lr: 0.100000 - momentum: 0.000000
2025-12-22 17:42:24,656 epoch 5 - iter 10/59 - loss 1.02258077 - time (sec): 1.00 - samples/sec: 4190.82 - lr: 0.100000 - momentum: 0.000000
2025-12-22 17:42:25,075 epoch 5 - iter 15/59 - loss 1.01474880 - time (sec): 1.42 - samples/sec: 4472.41 - lr: 0.100000 - momentum: 0.000000
2025-12-22 17:42:25,506 epoch 5 - iter 20/59 - loss 0.99859163 - time (sec): 1.85 - samples/sec: 4520.99 - lr: 0.100000 - momentum: 0.000000
2025-12-22 17:42:26,036 epoch 5 - iter 25/59 - loss 0.98751965 - time (sec): 2.38 - samples/sec: 4462.00 - lr: 0.100000 - momentum: 0.000000
2025-12-22 17:42:26,470 epoch 5 - iter 30/59 - loss 0.97953344 - time (sec): 2.81 - samples/sec: 4546.98 - lr: 0.100000 - momentum: 0.000000
2025-12-22 17:42:26,900 epoch 5 - iter 35/59 - loss 0.97062330 - time (sec): 3.25 - samples/sec: 4588.24 - lr: 0.100000 - momentum: 0.000000
2025-12-22 17:42:27,357 epoch 5 - iter 40/59 - loss 0.96294230 - time (sec): 3.70 - samples/sec: 4633.02 - lr: 0.100000 - momentum: 0.000000
2025-12-22 17:42:27,904 epoch 5 - iter 45/59 - loss 0.95419923 - time (sec): 4.25 - samples/sec: 4568.25 - lr: 0.100000 - momentum: 0.000000
2025-12-22 17:42:28,492 epoch 5 - iter 50/59 - loss 0.94712775 - time (sec): 4.84 - samples/sec: 4479.20 - lr: 0.100000 - momentum: 0.000000
2025-12-22 17:42:28,995 epoch 5 - iter 55/59 - loss 0.93925153 - time (sec): 5.34 - samples/sec: 4462.15 - lr: 0.100000 - momentum: 0.000000
2025-12-22 17:42:29,299 ----------------------------------------------------------------------------------------------------
2025-12-22 17:42:29,299 EPOCH 5 done: loss 0.9370 - lr: 0.100000
2025-12-22 17:42:29,873 DEV : loss 0.6735687851905823 - f1-score (micro avg)  0.7917
2025-12-22 17:42:29,874  - 0 epochs without improvement
2025-12-22 17:42:29,875 saving best model
2025-12-22 17:42:29,889 ----------------------------------------------------------------------------------------------------
2025-12-22 17:42:30,308 epoch 6 - iter 5/59 - loss 0.80572657 - time (sec): 0.42 - samples/sec: 5265.76 - lr: 0.100000 - momentum: 0.000000
2025-12-22 17:42:30,746 epoch 6 - iter 10/59 - loss 0.81152843 - time (sec): 0.86 - samples/sec: 4851.80 - lr: 0.100000 - momentum: 0.000000
2025-12-22 17:42:31,173 epoch 6 - iter 15/59 - loss 0.80107579 - time (sec): 1.28 - samples/sec: 4857.30 - lr: 0.100000 - momentum: 0.000000
2025-12-22 17:42:31,648 epoch 6 - iter 20/59 - loss 0.79676923 - time (sec): 1.76 - samples/sec: 4848.82 - lr: 0.100000 - momentum: 0.000000
2025-12-22 17:42:32,194 epoch 6 - iter 25/59 - loss 0.79177249 - time (sec): 2.30 - samples/sec: 4632.60 - lr: 0.100000 - momentum: 0.000000
2025-12-22 17:42:32,700 epoch 6 - iter 30/59 - loss 0.79505140 - time (sec): 2.81 - samples/sec: 4549.94 - lr: 0.100000 - momentum: 0.000000
2025-12-22 17:42:33,098 epoch 6 - iter 35/59 - loss 0.79601139 - time (sec): 3.21 - samples/sec: 4618.37 - lr: 0.100000 - momentum: 0.000000
2025-12-22 17:42:33,629 epoch 6 - iter 40/59 - loss 0.78979396 - time (sec): 3.74 - samples/sec: 4538.21 - lr: 0.100000 - momentum: 0.000000
2025-12-22 17:42:34,161 epoch 6 - iter 45/59 - loss 0.78689826 - time (sec): 4.27 - samples/sec: 4505.73 - lr: 0.100000 - momentum: 0.000000
2025-12-22 17:42:34,721 epoch 6 - iter 50/59 - loss 0.78375689 - time (sec): 4.83 - samples/sec: 4442.62 - lr: 0.100000 - momentum: 0.000000
2025-12-22 17:42:35,291 epoch 6 - iter 55/59 - loss 0.77840444 - time (sec): 5.40 - samples/sec: 4380.56 - lr: 0.100000 - momentum: 0.000000
2025-12-22 17:42:35,650 ----------------------------------------------------------------------------------------------------
2025-12-22 17:42:35,650 EPOCH 6 done: loss 0.7752 - lr: 0.100000
2025-12-22 17:42:36,564 DEV : loss 0.5632884502410889 - f1-score (micro avg)  0.8315
2025-12-22 17:42:36,566  - 0 epochs without improvement
2025-12-22 17:42:36,566 saving best model
2025-12-22 17:42:36,586 ----------------------------------------------------------------------------------------------------
2025-12-22 17:42:37,219 epoch 7 - iter 5/59 - loss 0.70366310 - time (sec): 0.63 - samples/sec: 3581.67 - lr: 0.100000 - momentum: 0.000000
2025-12-22 17:42:37,778 epoch 7 - iter 10/59 - loss 0.69576733 - time (sec): 1.19 - samples/sec: 3564.30 - lr: 0.100000 - momentum: 0.000000
2025-12-22 17:42:38,224 epoch 7 - iter 15/59 - loss 0.67925929 - time (sec): 1.64 - samples/sec: 3867.33 - lr: 0.100000 - momentum: 0.000000
2025-12-22 17:42:38,770 epoch 7 - iter 20/59 - loss 0.68121555 - time (sec): 2.18 - samples/sec: 3927.17 - lr: 0.100000 - momentum: 0.000000
2025-12-22 17:42:39,238 epoch 7 - iter 25/59 - loss 0.67986410 - time (sec): 2.65 - samples/sec: 4114.33 - lr: 0.100000 - momentum: 0.000000
2025-12-22 17:42:39,671 epoch 7 - iter 30/59 - loss 0.67691473 - time (sec): 3.08 - samples/sec: 4210.85 - lr: 0.100000 - momentum: 0.000000
2025-12-22 17:42:40,115 epoch 7 - iter 35/59 - loss 0.67241634 - time (sec): 3.53 - samples/sec: 4331.52 - lr: 0.100000 - momentum: 0.000000
2025-12-22 17:42:40,546 epoch 7 - iter 40/59 - loss 0.67539390 - time (sec): 3.96 - samples/sec: 4386.94 - lr: 0.100000 - momentum: 0.000000
2025-12-22 17:42:41,004 epoch 7 - iter 45/59 - loss 0.67283185 - time (sec): 4.42 - samples/sec: 4433.18 - lr: 0.100000 - momentum: 0.000000
2025-12-22 17:42:41,424 epoch 7 - iter 50/59 - loss 0.66926470 - time (sec): 4.84 - samples/sec: 4468.18 - lr: 0.100000 - momentum: 0.000000
2025-12-22 17:42:41,819 epoch 7 - iter 55/59 - loss 0.66891822 - time (sec): 5.23 - samples/sec: 4530.39 - lr: 0.100000 - momentum: 0.000000
2025-12-22 17:42:42,163 ----------------------------------------------------------------------------------------------------
2025-12-22 17:42:42,163 EPOCH 7 done: loss 0.6688 - lr: 0.100000
2025-12-22 17:42:42,740 DEV : loss 0.49795082211494446 - f1-score (micro avg)  0.8513
2025-12-22 17:42:42,741  - 0 epochs without improvement
2025-12-22 17:42:42,742 saving best model
2025-12-22 17:42:42,761 ----------------------------------------------------------------------------------------------------
2025-12-22 17:42:43,188 epoch 8 - iter 5/59 - loss 0.64006265 - time (sec): 0.43 - samples/sec: 4552.57 - lr: 0.100000 - momentum: 0.000000
2025-12-22 17:42:43,619 epoch 8 - iter 10/59 - loss 0.64517197 - time (sec): 0.86 - samples/sec: 4555.51 - lr: 0.100000 - momentum: 0.000000
2025-12-22 17:42:44,142 epoch 8 - iter 15/59 - loss 0.62925554 - time (sec): 1.38 - samples/sec: 4384.66 - lr: 0.100000 - momentum: 0.000000
2025-12-22 17:42:44,763 epoch 8 - iter 20/59 - loss 0.62415927 - time (sec): 2.00 - samples/sec: 4110.11 - lr: 0.100000 - momentum: 0.000000
2025-12-22 17:42:45,194 epoch 8 - iter 25/59 - loss 0.62095245 - time (sec): 2.43 - samples/sec: 4166.48 - lr: 0.100000 - momentum: 0.000000
2025-12-22 17:42:45,756 epoch 8 - iter 30/59 - loss 0.62545821 - time (sec): 2.99 - samples/sec: 4148.68 - lr: 0.100000 - momentum: 0.000000
2025-12-22 17:42:46,276 epoch 8 - iter 35/59 - loss 0.62037893 - time (sec): 3.51 - samples/sec: 4189.17 - lr: 0.100000 - momentum: 0.000000
2025-12-22 17:42:46,704 epoch 8 - iter 40/59 - loss 0.62000929 - time (sec): 3.94 - samples/sec: 4278.64 - lr: 0.100000 - momentum: 0.000000
2025-12-22 17:42:47,166 epoch 8 - iter 45/59 - loss 0.61895041 - time (sec): 4.40 - samples/sec: 4308.07 - lr: 0.100000 - momentum: 0.000000
2025-12-22 17:42:47,711 epoch 8 - iter 50/59 - loss 0.61469619 - time (sec): 4.95 - samples/sec: 4285.21 - lr: 0.100000 - momentum: 0.000000
2025-12-22 17:42:48,223 epoch 8 - iter 55/59 - loss 0.61203095 - time (sec): 5.46 - samples/sec: 4303.55 - lr: 0.100000 - momentum: 0.000000
2025-12-22 17:42:48,555 ----------------------------------------------------------------------------------------------------
2025-12-22 17:42:48,555 EPOCH 8 done: loss 0.6114 - lr: 0.100000
2025-12-22 17:42:49,120 DEV : loss 0.45574653148651123 - f1-score (micro avg)  0.8585
2025-12-22 17:42:49,121  - 0 epochs without improvement
2025-12-22 17:42:49,122 saving best model
2025-12-22 17:42:49,159 ----------------------------------------------------------------------------------------------------
2025-12-22 17:42:49,625 epoch 9 - iter 5/59 - loss 0.54407280 - time (sec): 0.47 - samples/sec: 4643.23 - lr: 0.100000 - momentum: 0.000000
2025-12-22 17:42:50,225 epoch 9 - iter 10/59 - loss 0.57444207 - time (sec): 1.07 - samples/sec: 3905.71 - lr: 0.100000 - momentum: 0.000000
2025-12-22 17:42:50,766 epoch 9 - iter 15/59 - loss 0.58042297 - time (sec): 1.61 - samples/sec: 3843.58 - lr: 0.100000 - momentum: 0.000000
2025-12-22 17:42:51,220 epoch 9 - iter 20/59 - loss 0.57359070 - time (sec): 2.06 - samples/sec: 4022.08 - lr: 0.100000 - momentum: 0.000000
2025-12-22 17:42:51,688 epoch 9 - iter 25/59 - loss 0.57794699 - time (sec): 2.53 - samples/sec: 4143.94 - lr: 0.100000 - momentum: 0.000000
2025-12-22 17:42:52,173 epoch 9 - iter 30/59 - loss 0.57463981 - time (sec): 3.01 - samples/sec: 4222.12 - lr: 0.100000 - momentum: 0.000000
2025-12-22 17:42:52,739 epoch 9 - iter 35/59 - loss 0.57324739 - time (sec): 3.58 - samples/sec: 4166.28 - lr: 0.100000 - momentum: 0.000000
2025-12-22 17:42:53,135 epoch 9 - iter 40/59 - loss 0.57608743 - time (sec): 3.98 - samples/sec: 4230.59 - lr: 0.100000 - momentum: 0.000000
2025-12-22 17:42:53,616 epoch 9 - iter 45/59 - loss 0.57386853 - time (sec): 4.46 - samples/sec: 4247.58 - lr: 0.100000 - momentum: 0.000000
2025-12-22 17:42:54,080 epoch 9 - iter 50/59 - loss 0.57315207 - time (sec): 4.92 - samples/sec: 4315.63 - lr: 0.100000 - momentum: 0.000000
2025-12-22 17:42:54,657 epoch 9 - iter 55/59 - loss 0.57545070 - time (sec): 5.50 - samples/sec: 4262.96 - lr: 0.100000 - momentum: 0.000000
2025-12-22 17:42:55,074 ----------------------------------------------------------------------------------------------------
2025-12-22 17:42:55,074 EPOCH 9 done: loss 0.5761 - lr: 0.100000
2025-12-22 17:42:56,113 DEV : loss 0.44111281633377075 - f1-score (micro avg)  0.8626
2025-12-22 17:42:56,116  - 0 epochs without improvement
2025-12-22 17:42:56,117 saving best model
2025-12-22 17:42:56,145 ----------------------------------------------------------------------------------------------------
2025-12-22 17:42:56,712 epoch 10 - iter 5/59 - loss 0.53446772 - time (sec): 0.57 - samples/sec: 3877.75 - lr: 0.100000 - momentum: 0.000000
2025-12-22 17:42:57,269 epoch 10 - iter 10/59 - loss 0.53348031 - time (sec): 1.12 - samples/sec: 3882.29 - lr: 0.100000 - momentum: 0.000000
2025-12-22 17:42:57,797 epoch 10 - iter 15/59 - loss 0.52679645 - time (sec): 1.65 - samples/sec: 3944.43 - lr: 0.100000 - momentum: 0.000000
2025-12-22 17:42:58,540 epoch 10 - iter 20/59 - loss 0.52795412 - time (sec): 2.39 - samples/sec: 3662.89 - lr: 0.100000 - momentum: 0.000000
2025-12-22 17:42:59,072 epoch 10 - iter 25/59 - loss 0.52696762 - time (sec): 2.93 - samples/sec: 3746.69 - lr: 0.100000 - momentum: 0.000000
2025-12-22 17:42:59,686 epoch 10 - iter 30/59 - loss 0.52518513 - time (sec): 3.54 - samples/sec: 3697.16 - lr: 0.100000 - momentum: 0.000000
2025-12-22 17:43:00,274 epoch 10 - iter 35/59 - loss 0.53097765 - time (sec): 4.13 - samples/sec: 3672.60 - lr: 0.100000 - momentum: 0.000000
2025-12-22 17:43:00,825 epoch 10 - iter 40/59 - loss 0.53141646 - time (sec): 4.68 - samples/sec: 3704.53 - lr: 0.100000 - momentum: 0.000000
2025-12-22 17:43:01,389 epoch 10 - iter 45/59 - loss 0.53264777 - time (sec): 5.24 - samples/sec: 3696.47 - lr: 0.100000 - momentum: 0.000000
2025-12-22 17:43:01,949 epoch 10 - iter 50/59 - loss 0.53299169 - time (sec): 5.80 - samples/sec: 3722.57 - lr: 0.100000 - momentum: 0.000000
2025-12-22 17:43:02,481 epoch 10 - iter 55/59 - loss 0.53838425 - time (sec): 6.34 - samples/sec: 3726.47 - lr: 0.100000 - momentum: 0.000000
2025-12-22 17:43:03,560 ----------------------------------------------------------------------------------------------------
2025-12-22 17:43:03,560 EPOCH 10 done: loss 0.5381 - lr: 0.100000
2025-12-22 17:43:04,292 DEV : loss 0.4262498617172241 - f1-score (micro avg)  0.8661
2025-12-22 17:43:04,293  - 0 epochs without improvement
2025-12-22 17:43:04,294 saving best model
2025-12-22 17:43:04,313 ----------------------------------------------------------------------------------------------------
2025-12-22 17:43:04,964 epoch 11 - iter 5/59 - loss 0.55623112 - time (sec): 0.65 - samples/sec: 3276.10 - lr: 0.100000 - momentum: 0.000000
2025-12-22 17:43:05,511 epoch 11 - iter 10/59 - loss 0.50928887 - time (sec): 1.20 - samples/sec: 3628.10 - lr: 0.100000 - momentum: 0.000000
2025-12-22 17:43:06,022 epoch 11 - iter 15/59 - loss 0.50784918 - time (sec): 1.71 - samples/sec: 3698.65 - lr: 0.100000 - momentum: 0.000000
2025-12-22 17:43:06,570 epoch 11 - iter 20/59 - loss 0.51066981 - time (sec): 2.26 - samples/sec: 3827.87 - lr: 0.100000 - momentum: 0.000000
2025-12-22 17:43:07,134 epoch 11 - iter 25/59 - loss 0.51480773 - time (sec): 2.82 - samples/sec: 3836.97 - lr: 0.100000 - momentum: 0.000000
2025-12-22 17:43:07,831 epoch 11 - iter 30/59 - loss 0.51626564 - time (sec): 3.52 - samples/sec: 3627.57 - lr: 0.100000 - momentum: 0.000000
2025-12-22 17:43:08,379 epoch 11 - iter 35/59 - loss 0.51910596 - time (sec): 4.07 - samples/sec: 3670.28 - lr: 0.100000 - momentum: 0.000000
2025-12-22 17:43:08,839 epoch 11 - iter 40/59 - loss 0.51628204 - time (sec): 4.53 - samples/sec: 3755.87 - lr: 0.100000 - momentum: 0.000000
2025-12-22 17:43:09,421 epoch 11 - iter 45/59 - loss 0.51733285 - time (sec): 5.11 - samples/sec: 3763.78 - lr: 0.100000 - momentum: 0.000000
2025-12-22 17:43:10,059 epoch 11 - iter 50/59 - loss 0.51455702 - time (sec): 5.74 - samples/sec: 3753.44 - lr: 0.100000 - momentum: 0.000000
2025-12-22 17:43:10,613 epoch 11 - iter 55/59 - loss 0.51643545 - time (sec): 6.30 - samples/sec: 3776.18 - lr: 0.100000 - momentum: 0.000000
2025-12-22 17:43:11,011 ----------------------------------------------------------------------------------------------------
2025-12-22 17:43:11,011 EPOCH 11 done: loss 0.5172 - lr: 0.100000
2025-12-22 17:43:11,782 DEV : loss 0.4244271218776703 - f1-score (micro avg)  0.8664
2025-12-22 17:43:11,783  - 0 epochs without improvement
2025-12-22 17:43:11,784 saving best model
2025-12-22 17:43:11,801 ----------------------------------------------------------------------------------------------------
2025-12-22 17:43:12,348 epoch 12 - iter 5/59 - loss 0.48156485 - time (sec): 0.55 - samples/sec: 3957.14 - lr: 0.100000 - momentum: 0.000000
2025-12-22 17:43:12,952 epoch 12 - iter 10/59 - loss 0.48476101 - time (sec): 1.15 - samples/sec: 3869.10 - lr: 0.100000 - momentum: 0.000000
2025-12-22 17:43:13,507 epoch 12 - iter 15/59 - loss 0.49371996 - time (sec): 1.71 - samples/sec: 3907.26 - lr: 0.100000 - momentum: 0.000000
2025-12-22 17:43:14,015 epoch 12 - iter 20/59 - loss 0.50520646 - time (sec): 2.21 - samples/sec: 3991.91 - lr: 0.100000 - momentum: 0.000000
2025-12-22 17:43:14,478 epoch 12 - iter 25/59 - loss 0.49668101 - time (sec): 2.68 - samples/sec: 4082.19 - lr: 0.100000 - momentum: 0.000000
2025-12-22 17:43:15,074 epoch 12 - iter 30/59 - loss 0.49677825 - time (sec): 3.27 - samples/sec: 4030.15 - lr: 0.100000 - momentum: 0.000000
2025-12-22 17:43:15,620 epoch 12 - iter 35/59 - loss 0.49852243 - time (sec): 3.82 - samples/sec: 3984.64 - lr: 0.100000 - momentum: 0.000000
2025-12-22 17:43:16,230 epoch 12 - iter 40/59 - loss 0.49741234 - time (sec): 4.43 - samples/sec: 3941.76 - lr: 0.100000 - momentum: 0.000000
2025-12-22 17:43:16,724 epoch 12 - iter 45/59 - loss 0.49732130 - time (sec): 4.92 - samples/sec: 3969.85 - lr: 0.100000 - momentum: 0.000000
2025-12-22 17:43:17,186 epoch 12 - iter 50/59 - loss 0.50035145 - time (sec): 5.38 - samples/sec: 4018.37 - lr: 0.100000 - momentum: 0.000000
2025-12-22 17:43:17,691 epoch 12 - iter 55/59 - loss 0.50082250 - time (sec): 5.89 - samples/sec: 4040.59 - lr: 0.100000 - momentum: 0.000000
2025-12-22 17:43:18,010 ----------------------------------------------------------------------------------------------------
2025-12-22 17:43:18,010 EPOCH 12 done: loss 0.4997 - lr: 0.100000
2025-12-22 17:43:18,844 DEV : loss 0.4173249304294586 - f1-score (micro avg)  0.8716
2025-12-22 17:43:18,845  - 0 epochs without improvement
2025-12-22 17:43:18,846 saving best model
2025-12-22 17:43:18,859 ----------------------------------------------------------------------------------------------------
2025-12-22 17:43:19,381 epoch 13 - iter 5/59 - loss 0.50964073 - time (sec): 0.52 - samples/sec: 4056.91 - lr: 0.100000 - momentum: 0.000000
2025-12-22 17:43:19,927 epoch 13 - iter 10/59 - loss 0.50892237 - time (sec): 1.07 - samples/sec: 3998.61 - lr: 0.100000 - momentum: 0.000000
2025-12-22 17:43:20,405 epoch 13 - iter 15/59 - loss 0.48230339 - time (sec): 1.55 - samples/sec: 4099.73 - lr: 0.100000 - momentum: 0.000000
2025-12-22 17:43:20,945 epoch 13 - iter 20/59 - loss 0.48097871 - time (sec): 2.09 - samples/sec: 4088.47 - lr: 0.100000 - momentum: 0.000000
2025-12-22 17:43:21,490 epoch 13 - iter 25/59 - loss 0.48020532 - time (sec): 2.63 - samples/sec: 4028.49 - lr: 0.100000 - momentum: 0.000000
2025-12-22 17:43:22,089 epoch 13 - iter 30/59 - loss 0.48378227 - time (sec): 3.23 - samples/sec: 3912.24 - lr: 0.100000 - momentum: 0.000000
2025-12-22 17:43:22,632 epoch 13 - iter 35/59 - loss 0.48269935 - time (sec): 3.77 - samples/sec: 3970.78 - lr: 0.100000 - momentum: 0.000000
2025-12-22 17:43:23,186 epoch 13 - iter 40/59 - loss 0.48677961 - time (sec): 4.33 - samples/sec: 3985.42 - lr: 0.100000 - momentum: 0.000000
2025-12-22 17:43:23,752 epoch 13 - iter 45/59 - loss 0.48598713 - time (sec): 4.89 - samples/sec: 3958.98 - lr: 0.100000 - momentum: 0.000000
2025-12-22 17:43:24,335 epoch 13 - iter 50/59 - loss 0.48599665 - time (sec): 5.48 - samples/sec: 3925.81 - lr: 0.100000 - momentum: 0.000000
2025-12-22 17:43:24,842 epoch 13 - iter 55/59 - loss 0.48367673 - time (sec): 5.98 - samples/sec: 3962.00 - lr: 0.100000 - momentum: 0.000000
2025-12-22 17:43:25,208 ----------------------------------------------------------------------------------------------------
2025-12-22 17:43:25,208 EPOCH 13 done: loss 0.4850 - lr: 0.100000
2025-12-22 17:43:25,853 DEV : loss 0.39349648356437683 - f1-score (micro avg)  0.872
2025-12-22 17:43:25,855  - 0 epochs without improvement
2025-12-22 17:43:25,855 saving best model
2025-12-22 17:43:25,869 ----------------------------------------------------------------------------------------------------
2025-12-22 17:43:26,342 epoch 14 - iter 5/59 - loss 0.47703114 - time (sec): 0.47 - samples/sec: 4361.49 - lr: 0.100000 - momentum: 0.000000
2025-12-22 17:43:26,846 epoch 14 - iter 10/59 - loss 0.47685372 - time (sec): 0.98 - samples/sec: 4281.78 - lr: 0.100000 - momentum: 0.000000
2025-12-22 17:43:27,486 epoch 14 - iter 15/59 - loss 0.47643127 - time (sec): 1.62 - samples/sec: 4081.69 - lr: 0.100000 - momentum: 0.000000
2025-12-22 17:43:28,096 epoch 14 - iter 20/59 - loss 0.47677833 - time (sec): 2.23 - samples/sec: 4001.00 - lr: 0.100000 - momentum: 0.000000
2025-12-22 17:43:28,555 epoch 14 - iter 25/59 - loss 0.46807840 - time (sec): 2.69 - samples/sec: 4055.32 - lr: 0.100000 - momentum: 0.000000
2025-12-22 17:43:29,157 epoch 14 - iter 30/59 - loss 0.46344587 - time (sec): 3.29 - samples/sec: 3981.10 - lr: 0.100000 - momentum: 0.000000
2025-12-22 17:43:29,713 epoch 14 - iter 35/59 - loss 0.46500067 - time (sec): 3.84 - samples/sec: 3950.09 - lr: 0.100000 - momentum: 0.000000
2025-12-22 17:43:30,158 epoch 14 - iter 40/59 - loss 0.46415571 - time (sec): 4.29 - samples/sec: 3990.33 - lr: 0.100000 - momentum: 0.000000
2025-12-22 17:43:30,679 epoch 14 - iter 45/59 - loss 0.46424570 - time (sec): 4.81 - samples/sec: 4013.16 - lr: 0.100000 - momentum: 0.000000
2025-12-22 17:43:31,130 epoch 14 - iter 50/59 - loss 0.46360978 - time (sec): 5.26 - samples/sec: 4070.65 - lr: 0.100000 - momentum: 0.000000
2025-12-22 17:43:31,714 epoch 14 - iter 55/59 - loss 0.46693847 - time (sec): 5.84 - samples/sec: 4078.17 - lr: 0.100000 - momentum: 0.000000
2025-12-22 17:43:32,001 ----------------------------------------------------------------------------------------------------
2025-12-22 17:43:32,001 EPOCH 14 done: loss 0.4671 - lr: 0.100000
2025-12-22 17:43:32,627 DEV : loss 0.39284443855285645 - f1-score (micro avg)  0.8798
2025-12-22 17:43:32,628  - 0 epochs without improvement
2025-12-22 17:43:32,629 saving best model
2025-12-22 17:43:32,646 ----------------------------------------------------------------------------------------------------
2025-12-22 17:43:33,300 epoch 15 - iter 5/59 - loss 0.42994981 - time (sec): 0.65 - samples/sec: 2956.37 - lr: 0.100000 - momentum: 0.000000
2025-12-22 17:43:34,174 epoch 15 - iter 10/59 - loss 0.44313613 - time (sec): 1.53 - samples/sec: 2791.49 - lr: 0.100000 - momentum: 0.000000
2025-12-22 17:43:34,716 epoch 15 - iter 15/59 - loss 0.44947914 - time (sec): 2.07 - samples/sec: 3027.16 - lr: 0.100000 - momentum: 0.000000
2025-12-22 17:43:35,392 epoch 15 - iter 20/59 - loss 0.45350588 - time (sec): 2.75 - samples/sec: 3061.11 - lr: 0.100000 - momentum: 0.000000
2025-12-22 17:43:36,001 epoch 15 - iter 25/59 - loss 0.45198453 - time (sec): 3.36 - samples/sec: 3112.53 - lr: 0.100000 - momentum: 0.000000
2025-12-22 17:43:36,537 epoch 15 - iter 30/59 - loss 0.45444101 - time (sec): 3.89 - samples/sec: 3208.70 - lr: 0.100000 - momentum: 0.000000
2025-12-22 17:43:37,066 epoch 15 - iter 35/59 - loss 0.45278637 - time (sec): 4.42 - samples/sec: 3313.56 - lr: 0.100000 - momentum: 0.000000
2025-12-22 17:43:37,877 epoch 15 - iter 40/59 - loss 0.45487024 - time (sec): 5.23 - samples/sec: 3258.84 - lr: 0.100000 - momentum: 0.000000
2025-12-22 17:43:38,377 epoch 15 - iter 45/59 - loss 0.45979612 - time (sec): 5.73 - samples/sec: 3343.43 - lr: 0.100000 - momentum: 0.000000
2025-12-22 17:43:39,028 epoch 15 - iter 50/59 - loss 0.46039024 - time (sec): 6.38 - samples/sec: 3356.47 - lr: 0.100000 - momentum: 0.000000
2025-12-22 17:43:39,555 epoch 15 - iter 55/59 - loss 0.45872879 - time (sec): 6.91 - samples/sec: 3419.89 - lr: 0.100000 - momentum: 0.000000
2025-12-22 17:43:40,031 ----------------------------------------------------------------------------------------------------
2025-12-22 17:43:40,031 EPOCH 15 done: loss 0.4580 - lr: 0.100000
2025-12-22 17:43:40,848 DEV : loss 0.3787585198879242 - f1-score (micro avg)  0.8811
2025-12-22 17:43:40,850  - 0 epochs without improvement
2025-12-22 17:43:40,850 saving best model
2025-12-22 17:43:40,864 ----------------------------------------------------------------------------------------------------
2025-12-22 17:43:41,335 epoch 16 - iter 5/59 - loss 0.40328622 - time (sec): 0.47 - samples/sec: 4353.19 - lr: 0.100000 - momentum: 0.000000
2025-12-22 17:43:41,901 epoch 16 - iter 10/59 - loss 0.40281110 - time (sec): 1.04 - samples/sec: 4084.07 - lr: 0.100000 - momentum: 0.000000
2025-12-22 17:43:42,430 epoch 16 - iter 15/59 - loss 0.41284423 - time (sec): 1.57 - samples/sec: 4097.70 - lr: 0.100000 - momentum: 0.000000
2025-12-22 17:43:42,880 epoch 16 - iter 20/59 - loss 0.42251236 - time (sec): 2.02 - samples/sec: 4235.60 - lr: 0.100000 - momentum: 0.000000
2025-12-22 17:43:43,447 epoch 16 - iter 25/59 - loss 0.42723292 - time (sec): 2.58 - samples/sec: 4153.43 - lr: 0.100000 - momentum: 0.000000
2025-12-22 17:43:44,117 epoch 16 - iter 30/59 - loss 0.43572003 - time (sec): 3.25 - samples/sec: 3935.80 - lr: 0.100000 - momentum: 0.000000
2025-12-22 17:43:44,670 epoch 16 - iter 35/59 - loss 0.42799439 - time (sec): 3.81 - samples/sec: 3965.91 - lr: 0.100000 - momentum: 0.000000
2025-12-22 17:43:45,188 epoch 16 - iter 40/59 - loss 0.42410147 - time (sec): 4.32 - samples/sec: 3979.93 - lr: 0.100000 - momentum: 0.000000
2025-12-22 17:43:45,710 epoch 16 - iter 45/59 - loss 0.42576965 - time (sec): 4.85 - samples/sec: 4007.72 - lr: 0.100000 - momentum: 0.000000
2025-12-22 17:43:46,228 epoch 16 - iter 50/59 - loss 0.42525906 - time (sec): 5.36 - samples/sec: 3989.72 - lr: 0.100000 - momentum: 0.000000
2025-12-22 17:43:46,817 epoch 16 - iter 55/59 - loss 0.42532295 - time (sec): 5.95 - samples/sec: 3985.90 - lr: 0.100000 - momentum: 0.000000
2025-12-22 17:43:47,349 ----------------------------------------------------------------------------------------------------
2025-12-22 17:43:47,349 EPOCH 16 done: loss 0.4268 - lr: 0.100000
2025-12-22 17:43:48,013 DEV : loss 0.36778876185417175 - f1-score (micro avg)  0.8812
2025-12-22 17:43:48,015  - 0 epochs without improvement
2025-12-22 17:43:48,015 saving best model
2025-12-22 17:43:48,032 ----------------------------------------------------------------------------------------------------
2025-12-22 17:43:48,547 epoch 17 - iter 5/59 - loss 0.42389960 - time (sec): 0.51 - samples/sec: 3862.18 - lr: 0.100000 - momentum: 0.000000
2025-12-22 17:43:49,067 epoch 17 - iter 10/59 - loss 0.43231573 - time (sec): 1.04 - samples/sec: 3979.37 - lr: 0.100000 - momentum: 0.000000
2025-12-22 17:43:49,594 epoch 17 - iter 15/59 - loss 0.42930411 - time (sec): 1.56 - samples/sec: 4026.48 - lr: 0.100000 - momentum: 0.000000
2025-12-22 17:43:50,122 epoch 17 - iter 20/59 - loss 0.43017103 - time (sec): 2.09 - samples/sec: 4010.61 - lr: 0.100000 - momentum: 0.000000
2025-12-22 17:43:50,605 epoch 17 - iter 25/59 - loss 0.42168351 - time (sec): 2.57 - samples/sec: 4125.98 - lr: 0.100000 - momentum: 0.000000
2025-12-22 17:43:51,117 epoch 17 - iter 30/59 - loss 0.41572130 - time (sec): 3.08 - samples/sec: 4151.74 - lr: 0.100000 - momentum: 0.000000
2025-12-22 17:43:51,616 epoch 17 - iter 35/59 - loss 0.41739479 - time (sec): 3.58 - samples/sec: 4164.11 - lr: 0.100000 - momentum: 0.000000
2025-12-22 17:43:52,138 epoch 17 - iter 40/59 - loss 0.41916525 - time (sec): 4.11 - samples/sec: 4137.63 - lr: 0.100000 - momentum: 0.000000
2025-12-22 17:43:52,728 epoch 17 - iter 45/59 - loss 0.42123329 - time (sec): 4.70 - samples/sec: 4104.24 - lr: 0.100000 - momentum: 0.000000
2025-12-22 17:43:53,232 epoch 17 - iter 50/59 - loss 0.42291386 - time (sec): 5.20 - samples/sec: 4117.23 - lr: 0.100000 - momentum: 0.000000
2025-12-22 17:43:53,821 epoch 17 - iter 55/59 - loss 0.42213405 - time (sec): 5.79 - samples/sec: 4070.98 - lr: 0.100000 - momentum: 0.000000
2025-12-22 17:43:54,286 ----------------------------------------------------------------------------------------------------
2025-12-22 17:43:54,286 EPOCH 17 done: loss 0.4235 - lr: 0.100000
2025-12-22 17:43:54,953 DEV : loss 0.36816468834877014 - f1-score (micro avg)  0.8843
2025-12-22 17:43:54,954  - 0 epochs without improvement
2025-12-22 17:43:54,955 saving best model
2025-12-22 17:43:54,976 ----------------------------------------------------------------------------------------------------
2025-12-22 17:43:55,564 epoch 18 - iter 5/59 - loss 0.39958606 - time (sec): 0.59 - samples/sec: 3750.51 - lr: 0.100000 - momentum: 0.000000
2025-12-22 17:43:56,098 epoch 18 - iter 10/59 - loss 0.40610479 - time (sec): 1.12 - samples/sec: 3981.40 - lr: 0.100000 - momentum: 0.000000
2025-12-22 17:43:56,641 epoch 18 - iter 15/59 - loss 0.39988495 - time (sec): 1.66 - samples/sec: 3947.16 - lr: 0.100000 - momentum: 0.000000
2025-12-22 17:43:57,095 epoch 18 - iter 20/59 - loss 0.40049571 - time (sec): 2.12 - samples/sec: 4013.59 - lr: 0.100000 - momentum: 0.000000
2025-12-22 17:43:57,742 epoch 18 - iter 25/59 - loss 0.40644127 - time (sec): 2.77 - samples/sec: 3834.56 - lr: 0.100000 - momentum: 0.000000
2025-12-22 17:43:58,383 epoch 18 - iter 30/59 - loss 0.40687735 - time (sec): 3.41 - samples/sec: 3753.84 - lr: 0.100000 - momentum: 0.000000
2025-12-22 17:43:58,919 epoch 18 - iter 35/59 - loss 0.40382326 - time (sec): 3.94 - samples/sec: 3804.38 - lr: 0.100000 - momentum: 0.000000
2025-12-22 17:43:59,380 epoch 18 - iter 40/59 - loss 0.40184843 - time (sec): 4.40 - samples/sec: 3913.06 - lr: 0.100000 - momentum: 0.000000
2025-12-22 17:43:59,875 epoch 18 - iter 45/59 - loss 0.40161888 - time (sec): 4.90 - samples/sec: 3966.57 - lr: 0.100000 - momentum: 0.000000
2025-12-22 17:44:00,420 epoch 18 - iter 50/59 - loss 0.40322676 - time (sec): 5.44 - samples/sec: 3949.74 - lr: 0.100000 - momentum: 0.000000
2025-12-22 17:44:00,987 epoch 18 - iter 55/59 - loss 0.40445549 - time (sec): 6.01 - samples/sec: 3957.19 - lr: 0.100000 - momentum: 0.000000
2025-12-22 17:44:01,330 ----------------------------------------------------------------------------------------------------
2025-12-22 17:44:01,330 EPOCH 18 done: loss 0.4074 - lr: 0.100000
2025-12-22 17:44:01,969 DEV : loss 0.35217174887657166 - f1-score (micro avg)  0.8885
2025-12-22 17:44:01,970  - 0 epochs without improvement
2025-12-22 17:44:01,971 saving best model
2025-12-22 17:44:01,987 ----------------------------------------------------------------------------------------------------
2025-12-22 17:44:02,495 epoch 19 - iter 5/59 - loss 0.39553466 - time (sec): 0.51 - samples/sec: 4066.73 - lr: 0.100000 - momentum: 0.000000
2025-12-22 17:44:03,079 epoch 19 - iter 10/59 - loss 0.40062120 - time (sec): 1.09 - samples/sec: 3776.70 - lr: 0.100000 - momentum: 0.000000
2025-12-22 17:44:03,675 epoch 19 - iter 15/59 - loss 0.38834622 - time (sec): 1.69 - samples/sec: 3913.70 - lr: 0.100000 - momentum: 0.000000
2025-12-22 17:44:04,126 epoch 19 - iter 20/59 - loss 0.38703170 - time (sec): 2.14 - samples/sec: 4036.43 - lr: 0.100000 - momentum: 0.000000
2025-12-22 17:44:04,656 epoch 19 - iter 25/59 - loss 0.38631240 - time (sec): 2.67 - samples/sec: 3988.94 - lr: 0.100000 - momentum: 0.000000
2025-12-22 17:44:05,115 epoch 19 - iter 30/59 - loss 0.38717634 - time (sec): 3.13 - samples/sec: 4095.67 - lr: 0.100000 - momentum: 0.000000
2025-12-22 17:44:05,949 epoch 19 - iter 35/59 - loss 0.38630071 - time (sec): 3.96 - samples/sec: 3804.70 - lr: 0.100000 - momentum: 0.000000
2025-12-22 17:44:06,520 epoch 19 - iter 40/59 - loss 0.38621760 - time (sec): 4.53 - samples/sec: 3800.95 - lr: 0.100000 - momentum: 0.000000
2025-12-22 17:44:06,991 epoch 19 - iter 45/59 - loss 0.38653474 - time (sec): 5.00 - samples/sec: 3864.57 - lr: 0.100000 - momentum: 0.000000
2025-12-22 17:44:07,670 epoch 19 - iter 50/59 - loss 0.38631064 - time (sec): 5.68 - samples/sec: 3777.30 - lr: 0.100000 - momentum: 0.000000
2025-12-22 17:44:08,209 epoch 19 - iter 55/59 - loss 0.38705190 - time (sec): 6.22 - samples/sec: 3808.30 - lr: 0.100000 - momentum: 0.000000
2025-12-22 17:44:08,544 ----------------------------------------------------------------------------------------------------
2025-12-22 17:44:08,544 EPOCH 19 done: loss 0.3862 - lr: 0.100000
2025-12-22 17:44:09,178 DEV : loss 0.3607861399650574 - f1-score (micro avg)  0.8851
2025-12-22 17:44:09,180  - 1 epochs without improvement
2025-12-22 17:44:09,181 ----------------------------------------------------------------------------------------------------
2025-12-22 17:44:09,783 epoch 20 - iter 5/59 - loss 0.36779341 - time (sec): 0.60 - samples/sec: 3566.72 - lr: 0.100000 - momentum: 0.000000
2025-12-22 17:44:10,420 epoch 20 - iter 10/59 - loss 0.35036044 - time (sec): 1.24 - samples/sec: 3445.42 - lr: 0.100000 - momentum: 0.000000
2025-12-22 17:44:11,072 epoch 20 - iter 15/59 - loss 0.35808143 - time (sec): 1.89 - samples/sec: 3570.75 - lr: 0.100000 - momentum: 0.000000
2025-12-22 17:44:11,559 epoch 20 - iter 20/59 - loss 0.36504425 - time (sec): 2.38 - samples/sec: 3715.72 - lr: 0.100000 - momentum: 0.000000
2025-12-22 17:44:12,053 epoch 20 - iter 25/59 - loss 0.36903347 - time (sec): 2.87 - samples/sec: 3798.97 - lr: 0.100000 - momentum: 0.000000
2025-12-22 17:44:12,543 epoch 20 - iter 30/59 - loss 0.37171016 - time (sec): 3.36 - samples/sec: 3865.44 - lr: 0.100000 - momentum: 0.000000
2025-12-22 17:44:13,598 epoch 20 - iter 35/59 - loss 0.37731495 - time (sec): 4.42 - samples/sec: 3425.30 - lr: 0.100000 - momentum: 0.000000
2025-12-22 17:44:14,153 epoch 20 - iter 40/59 - loss 0.37861829 - time (sec): 4.97 - samples/sec: 3439.01 - lr: 0.100000 - momentum: 0.000000
2025-12-22 17:44:14,846 epoch 20 - iter 45/59 - loss 0.38089745 - time (sec): 5.67 - samples/sec: 3412.54 - lr: 0.100000 - momentum: 0.000000
2025-12-22 17:44:15,375 epoch 20 - iter 50/59 - loss 0.38094852 - time (sec): 6.19 - samples/sec: 3488.29 - lr: 0.100000 - momentum: 0.000000
2025-12-22 17:44:16,264 epoch 20 - iter 55/59 - loss 0.37853717 - time (sec): 7.08 - samples/sec: 3333.32 - lr: 0.100000 - momentum: 0.000000
2025-12-22 17:44:16,670 ----------------------------------------------------------------------------------------------------
2025-12-22 17:44:16,670 EPOCH 20 done: loss 0.3758 - lr: 0.100000
2025-12-22 17:44:17,365 DEV : loss 0.36504295468330383 - f1-score (micro avg)  0.8964
2025-12-22 17:44:17,367  - 0 epochs without improvement
2025-12-22 17:44:17,367 saving best model
2025-12-22 17:44:17,386 ----------------------------------------------------------------------------------------------------
2025-12-22 17:44:17,892 epoch 21 - iter 5/59 - loss 0.33267442 - time (sec): 0.51 - samples/sec: 4331.78 - lr: 0.100000 - momentum: 0.000000
2025-12-22 17:44:18,391 epoch 21 - iter 10/59 - loss 0.33450774 - time (sec): 1.00 - samples/sec: 4226.86 - lr: 0.100000 - momentum: 0.000000
2025-12-22 17:44:18,963 epoch 21 - iter 15/59 - loss 0.34532105 - time (sec): 1.58 - samples/sec: 3987.09 - lr: 0.100000 - momentum: 0.000000
2025-12-22 17:44:19,566 epoch 21 - iter 20/59 - loss 0.34428752 - time (sec): 2.18 - samples/sec: 3894.09 - lr: 0.100000 - momentum: 0.000000
2025-12-22 17:44:20,064 epoch 21 - iter 25/59 - loss 0.34525660 - time (sec): 2.68 - samples/sec: 3960.84 - lr: 0.100000 - momentum: 0.000000
2025-12-22 17:44:20,641 epoch 21 - iter 30/59 - loss 0.34364883 - time (sec): 3.25 - samples/sec: 3963.69 - lr: 0.100000 - momentum: 0.000000
2025-12-22 17:44:21,250 epoch 21 - iter 35/59 - loss 0.34917292 - time (sec): 3.86 - samples/sec: 3881.69 - lr: 0.100000 - momentum: 0.000000
2025-12-22 17:44:21,702 epoch 21 - iter 40/59 - loss 0.35110988 - time (sec): 4.32 - samples/sec: 3975.05 - lr: 0.100000 - momentum: 0.000000
2025-12-22 17:44:22,163 epoch 21 - iter 45/59 - loss 0.35333358 - time (sec): 4.78 - samples/sec: 4018.80 - lr: 0.100000 - momentum: 0.000000
2025-12-22 17:44:22,766 epoch 21 - iter 50/59 - loss 0.35397318 - time (sec): 5.38 - samples/sec: 4000.04 - lr: 0.100000 - momentum: 0.000000
2025-12-22 17:44:23,328 epoch 21 - iter 55/59 - loss 0.35721860 - time (sec): 5.94 - samples/sec: 4006.82 - lr: 0.100000 - momentum: 0.000000
2025-12-22 17:44:23,640 ----------------------------------------------------------------------------------------------------
2025-12-22 17:44:23,640 EPOCH 21 done: loss 0.3608 - lr: 0.100000
2025-12-22 17:44:24,261 DEV : loss 0.3364696502685547 - f1-score (micro avg)  0.8957
2025-12-22 17:44:24,263  - 1 epochs without improvement
2025-12-22 17:44:24,263 ----------------------------------------------------------------------------------------------------
2025-12-22 17:44:24,765 epoch 22 - iter 5/59 - loss 0.35681112 - time (sec): 0.50 - samples/sec: 4257.80 - lr: 0.100000 - momentum: 0.000000
2025-12-22 17:44:25,479 epoch 22 - iter 10/59 - loss 0.35475632 - time (sec): 1.22 - samples/sec: 3766.99 - lr: 0.100000 - momentum: 0.000000
2025-12-22 17:44:25,962 epoch 22 - iter 15/59 - loss 0.34871026 - time (sec): 1.70 - samples/sec: 3938.19 - lr: 0.100000 - momentum: 0.000000
2025-12-22 17:44:26,410 epoch 22 - iter 20/59 - loss 0.34015953 - time (sec): 2.15 - samples/sec: 4075.98 - lr: 0.100000 - momentum: 0.000000
2025-12-22 17:44:26,917 epoch 22 - iter 25/59 - loss 0.33997051 - time (sec): 2.65 - samples/sec: 4091.08 - lr: 0.100000 - momentum: 0.000000
2025-12-22 17:44:27,603 epoch 22 - iter 30/59 - loss 0.34675840 - time (sec): 3.34 - samples/sec: 3968.30 - lr: 0.100000 - momentum: 0.000000
2025-12-22 17:44:28,120 epoch 22 - iter 35/59 - loss 0.34600937 - time (sec): 3.86 - samples/sec: 3983.05 - lr: 0.100000 - momentum: 0.000000
2025-12-22 17:44:28,602 epoch 22 - iter 40/59 - loss 0.34847829 - time (sec): 4.34 - samples/sec: 4012.63 - lr: 0.100000 - momentum: 0.000000
2025-12-22 17:44:29,157 epoch 22 - iter 45/59 - loss 0.34926027 - time (sec): 4.89 - samples/sec: 4010.29 - lr: 0.100000 - momentum: 0.000000
2025-12-22 17:44:29,659 epoch 22 - iter 50/59 - loss 0.34892982 - time (sec): 5.40 - samples/sec: 4035.16 - lr: 0.100000 - momentum: 0.000000
2025-12-22 17:44:30,120 epoch 22 - iter 55/59 - loss 0.35112192 - time (sec): 5.86 - samples/sec: 4056.93 - lr: 0.100000 - momentum: 0.000000
2025-12-22 17:44:30,466 ----------------------------------------------------------------------------------------------------
2025-12-22 17:44:30,466 EPOCH 22 done: loss 0.3501 - lr: 0.100000
2025-12-22 17:44:31,364 DEV : loss 0.32114607095718384 - f1-score (micro avg)  0.9021
2025-12-22 17:44:31,366  - 0 epochs without improvement
2025-12-22 17:44:31,366 saving best model
2025-12-22 17:44:31,381 ----------------------------------------------------------------------------------------------------
2025-12-22 17:44:31,889 epoch 23 - iter 5/59 - loss 0.31094759 - time (sec): 0.51 - samples/sec: 4116.30 - lr: 0.100000 - momentum: 0.000000
2025-12-22 17:44:32,422 epoch 23 - iter 10/59 - loss 0.32745361 - time (sec): 1.04 - samples/sec: 4043.86 - lr: 0.100000 - momentum: 0.000000
2025-12-22 17:44:32,957 epoch 23 - iter 15/59 - loss 0.33295969 - time (sec): 1.58 - samples/sec: 4096.49 - lr: 0.100000 - momentum: 0.000000
2025-12-22 17:44:33,570 epoch 23 - iter 20/59 - loss 0.33149616 - time (sec): 2.19 - samples/sec: 3874.40 - lr: 0.100000 - momentum: 0.000000
2025-12-22 17:44:34,514 epoch 23 - iter 25/59 - loss 0.32855595 - time (sec): 3.13 - samples/sec: 3409.78 - lr: 0.100000 - momentum: 0.000000
2025-12-22 17:44:35,062 epoch 23 - iter 30/59 - loss 0.33153597 - time (sec): 3.68 - samples/sec: 3469.45 - lr: 0.100000 - momentum: 0.000000
2025-12-22 17:44:35,544 epoch 23 - iter 35/59 - loss 0.33083318 - time (sec): 4.16 - samples/sec: 3560.24 - lr: 0.100000 - momentum: 0.000000
2025-12-22 17:44:36,093 epoch 23 - iter 40/59 - loss 0.33177943 - time (sec): 4.71 - samples/sec: 3611.05 - lr: 0.100000 - momentum: 0.000000
2025-12-22 17:44:36,613 epoch 23 - iter 45/59 - loss 0.33260507 - time (sec): 5.23 - samples/sec: 3656.86 - lr: 0.100000 - momentum: 0.000000
2025-12-22 17:44:37,246 epoch 23 - iter 50/59 - loss 0.33215981 - time (sec): 5.86 - samples/sec: 3658.82 - lr: 0.100000 - momentum: 0.000000
2025-12-22 17:44:37,784 epoch 23 - iter 55/59 - loss 0.33381402 - time (sec): 6.40 - samples/sec: 3683.20 - lr: 0.100000 - momentum: 0.000000
2025-12-22 17:44:38,205 ----------------------------------------------------------------------------------------------------
2025-12-22 17:44:38,206 EPOCH 23 done: loss 0.3335 - lr: 0.100000
2025-12-22 17:44:38,845 DEV : loss 0.3233589828014374 - f1-score (micro avg)  0.8998
2025-12-22 17:44:38,847  - 1 epochs without improvement
2025-12-22 17:44:38,847 ----------------------------------------------------------------------------------------------------
2025-12-22 17:44:39,396 epoch 24 - iter 5/59 - loss 0.32254085 - time (sec): 0.55 - samples/sec: 4092.69 - lr: 0.100000 - momentum: 0.000000
2025-12-22 17:44:40,071 epoch 24 - iter 10/59 - loss 0.32970916 - time (sec): 1.22 - samples/sec: 3625.93 - lr: 0.100000 - momentum: 0.000000
2025-12-22 17:44:40,624 epoch 24 - iter 15/59 - loss 0.32569639 - time (sec): 1.78 - samples/sec: 3696.01 - lr: 0.100000 - momentum: 0.000000
2025-12-22 17:44:41,103 epoch 24 - iter 20/59 - loss 0.32216147 - time (sec): 2.26 - samples/sec: 3831.91 - lr: 0.100000 - momentum: 0.000000
2025-12-22 17:44:41,583 epoch 24 - iter 25/59 - loss 0.31720977 - time (sec): 2.74 - samples/sec: 3919.42 - lr: 0.100000 - momentum: 0.000000
2025-12-22 17:44:42,080 epoch 24 - iter 30/59 - loss 0.31400545 - time (sec): 3.23 - samples/sec: 3983.52 - lr: 0.100000 - momentum: 0.000000
2025-12-22 17:44:42,723 epoch 24 - iter 35/59 - loss 0.31503015 - time (sec): 3.88 - samples/sec: 3910.33 - lr: 0.100000 - momentum: 0.000000
2025-12-22 17:44:43,390 epoch 24 - iter 40/59 - loss 0.31292513 - time (sec): 4.54 - samples/sec: 3812.34 - lr: 0.100000 - momentum: 0.000000
2025-12-22 17:44:43,838 epoch 24 - iter 45/59 - loss 0.31036025 - time (sec): 4.99 - samples/sec: 3874.36 - lr: 0.100000 - momentum: 0.000000
2025-12-22 17:44:44,373 epoch 24 - iter 50/59 - loss 0.31235425 - time (sec): 5.53 - samples/sec: 3906.62 - lr: 0.100000 - momentum: 0.000000
2025-12-22 17:44:44,814 epoch 24 - iter 55/59 - loss 0.31572217 - time (sec): 5.97 - samples/sec: 3956.15 - lr: 0.100000 - momentum: 0.000000
2025-12-22 17:44:45,174 ----------------------------------------------------------------------------------------------------
2025-12-22 17:44:45,174 EPOCH 24 done: loss 0.3207 - lr: 0.100000
2025-12-22 17:44:45,780 DEV : loss 0.33453649282455444 - f1-score (micro avg)  0.9027
2025-12-22 17:44:45,781  - 0 epochs without improvement
2025-12-22 17:44:45,781 saving best model
2025-12-22 17:44:45,796 ----------------------------------------------------------------------------------------------------
2025-12-22 17:44:46,329 epoch 25 - iter 5/59 - loss 0.34728892 - time (sec): 0.53 - samples/sec: 4085.82 - lr: 0.100000 - momentum: 0.000000
2025-12-22 17:44:46,789 epoch 25 - iter 10/59 - loss 0.31378095 - time (sec): 0.99 - samples/sec: 4379.35 - lr: 0.100000 - momentum: 0.000000
2025-12-22 17:44:47,342 epoch 25 - iter 15/59 - loss 0.31001183 - time (sec): 1.55 - samples/sec: 4229.45 - lr: 0.100000 - momentum: 0.000000
2025-12-22 17:44:47,813 epoch 25 - iter 20/59 - loss 0.30347399 - time (sec): 2.02 - samples/sec: 4259.31 - lr: 0.100000 - momentum: 0.000000
2025-12-22 17:44:48,340 epoch 25 - iter 25/59 - loss 0.30328106 - time (sec): 2.54 - samples/sec: 4230.04 - lr: 0.100000 - momentum: 0.000000
2025-12-22 17:44:48,981 epoch 25 - iter 30/59 - loss 0.30514054 - time (sec): 3.18 - samples/sec: 4146.24 - lr: 0.100000 - momentum: 0.000000
2025-12-22 17:44:49,491 epoch 25 - iter 35/59 - loss 0.30769273 - time (sec): 3.69 - samples/sec: 4153.13 - lr: 0.100000 - momentum: 0.000000
2025-12-22 17:44:50,002 epoch 25 - iter 40/59 - loss 0.30624509 - time (sec): 4.21 - samples/sec: 4153.41 - lr: 0.100000 - momentum: 0.000000
2025-12-22 17:44:50,464 epoch 25 - iter 45/59 - loss 0.30753018 - time (sec): 4.67 - samples/sec: 4181.95 - lr: 0.100000 - momentum: 0.000000
2025-12-22 17:44:50,919 epoch 25 - iter 50/59 - loss 0.30751094 - time (sec): 5.12 - samples/sec: 4217.25 - lr: 0.100000 - momentum: 0.000000
2025-12-22 17:44:51,419 epoch 25 - iter 55/59 - loss 0.30863946 - time (sec): 5.62 - samples/sec: 4203.33 - lr: 0.100000 - momentum: 0.000000
2025-12-22 17:44:51,779 ----------------------------------------------------------------------------------------------------
2025-12-22 17:44:51,779 EPOCH 25 done: loss 0.3123 - lr: 0.100000
2025-12-22 17:44:52,599 DEV : loss 0.3021821081638336 - f1-score (micro avg)  0.9074
2025-12-22 17:44:52,601  - 0 epochs without improvement
2025-12-22 17:44:52,601 saving best model
2025-12-22 17:44:52,615 ----------------------------------------------------------------------------------------------------
2025-12-22 17:44:53,119 epoch 26 - iter 5/59 - loss 0.29908314 - time (sec): 0.50 - samples/sec: 4186.72 - lr: 0.100000 - momentum: 0.000000
2025-12-22 17:44:53,630 epoch 26 - iter 10/59 - loss 0.28911434 - time (sec): 1.01 - samples/sec: 4112.06 - lr: 0.100000 - momentum: 0.000000
2025-12-22 17:44:54,097 epoch 26 - iter 15/59 - loss 0.28793249 - time (sec): 1.48 - samples/sec: 4174.54 - lr: 0.100000 - momentum: 0.000000
2025-12-22 17:44:54,650 epoch 26 - iter 20/59 - loss 0.28664772 - time (sec): 2.04 - samples/sec: 4127.41 - lr: 0.100000 - momentum: 0.000000
2025-12-22 17:44:55,118 epoch 26 - iter 25/59 - loss 0.28789715 - time (sec): 2.50 - samples/sec: 4199.32 - lr: 0.100000 - momentum: 0.000000
2025-12-22 17:44:55,644 epoch 26 - iter 30/59 - loss 0.29168913 - time (sec): 3.03 - samples/sec: 4170.01 - lr: 0.100000 - momentum: 0.000000
2025-12-22 17:44:56,172 epoch 26 - iter 35/59 - loss 0.29071705 - time (sec): 3.56 - samples/sec: 4166.93 - lr: 0.100000 - momentum: 0.000000
2025-12-22 17:44:56,807 epoch 26 - iter 40/59 - loss 0.29112993 - time (sec): 4.19 - samples/sec: 4057.87 - lr: 0.100000 - momentum: 0.000000
2025-12-22 17:44:57,277 epoch 26 - iter 45/59 - loss 0.29300920 - time (sec): 4.66 - samples/sec: 4105.09 - lr: 0.100000 - momentum: 0.000000
2025-12-22 17:44:57,762 epoch 26 - iter 50/59 - loss 0.29613901 - time (sec): 5.15 - samples/sec: 4125.64 - lr: 0.100000 - momentum: 0.000000
2025-12-22 17:44:58,352 epoch 26 - iter 55/59 - loss 0.29786953 - time (sec): 5.74 - samples/sec: 4105.96 - lr: 0.100000 - momentum: 0.000000
2025-12-22 17:44:58,750 ----------------------------------------------------------------------------------------------------
2025-12-22 17:44:58,750 EPOCH 26 done: loss 0.2957 - lr: 0.100000
2025-12-22 17:44:59,397 DEV : loss 0.3079601526260376 - f1-score (micro avg)  0.9091
2025-12-22 17:44:59,399  - 0 epochs without improvement
2025-12-22 17:44:59,399 saving best model
2025-12-22 17:44:59,413 ----------------------------------------------------------------------------------------------------
2025-12-22 17:44:59,942 epoch 27 - iter 5/59 - loss 0.29284453 - time (sec): 0.53 - samples/sec: 4092.12 - lr: 0.100000 - momentum: 0.000000
2025-12-22 17:45:00,553 epoch 27 - iter 10/59 - loss 0.29056750 - time (sec): 1.14 - samples/sec: 3767.69 - lr: 0.100000 - momentum: 0.000000
2025-12-22 17:45:01,105 epoch 27 - iter 15/59 - loss 0.28598587 - time (sec): 1.69 - samples/sec: 3819.75 - lr: 0.100000 - momentum: 0.000000
2025-12-22 17:45:01,669 epoch 27 - iter 20/59 - loss 0.28641266 - time (sec): 2.26 - samples/sec: 3861.36 - lr: 0.100000 - momentum: 0.000000
2025-12-22 17:45:02,207 epoch 27 - iter 25/59 - loss 0.28758384 - time (sec): 2.79 - samples/sec: 3883.41 - lr: 0.100000 - momentum: 0.000000
2025-12-22 17:45:02,698 epoch 27 - iter 30/59 - loss 0.28451940 - time (sec): 3.28 - samples/sec: 3962.93 - lr: 0.100000 - momentum: 0.000000
2025-12-22 17:45:03,130 epoch 27 - iter 35/59 - loss 0.28443634 - time (sec): 3.72 - samples/sec: 4042.19 - lr: 0.100000 - momentum: 0.000000
2025-12-22 17:45:03,666 epoch 27 - iter 40/59 - loss 0.28744643 - time (sec): 4.25 - samples/sec: 4038.56 - lr: 0.100000 - momentum: 0.000000
2025-12-22 17:45:04,157 epoch 27 - iter 45/59 - loss 0.28755883 - time (sec): 4.74 - samples/sec: 4092.12 - lr: 0.100000 - momentum: 0.000000
2025-12-22 17:45:04,724 epoch 27 - iter 50/59 - loss 0.28688830 - time (sec): 5.31 - samples/sec: 4053.06 - lr: 0.100000 - momentum: 0.000000
2025-12-22 17:45:05,220 epoch 27 - iter 55/59 - loss 0.28737863 - time (sec): 5.81 - samples/sec: 4055.54 - lr: 0.100000 - momentum: 0.000000
2025-12-22 17:45:05,627 ----------------------------------------------------------------------------------------------------
2025-12-22 17:45:05,627 EPOCH 27 done: loss 0.2877 - lr: 0.100000
2025-12-22 17:45:06,347 DEV : loss 0.29867416620254517 - f1-score (micro avg)  0.9049
2025-12-22 17:45:06,349  - 1 epochs without improvement
2025-12-22 17:45:06,349 ----------------------------------------------------------------------------------------------------
2025-12-22 17:45:06,824 epoch 28 - iter 5/59 - loss 0.30264674 - time (sec): 0.47 - samples/sec: 4441.93 - lr: 0.100000 - momentum: 0.000000
2025-12-22 17:45:07,259 epoch 28 - iter 10/59 - loss 0.29073193 - time (sec): 0.91 - samples/sec: 4682.06 - lr: 0.100000 - momentum: 0.000000
2025-12-22 17:45:07,984 epoch 28 - iter 15/59 - loss 0.28423667 - time (sec): 1.63 - samples/sec: 3907.87 - lr: 0.100000 - momentum: 0.000000
2025-12-22 17:45:08,499 epoch 28 - iter 20/59 - loss 0.27624261 - time (sec): 2.15 - samples/sec: 3979.85 - lr: 0.100000 - momentum: 0.000000
2025-12-22 17:45:08,982 epoch 28 - iter 25/59 - loss 0.28044810 - time (sec): 2.63 - samples/sec: 4070.05 - lr: 0.100000 - momentum: 0.000000
2025-12-22 17:45:09,549 epoch 28 - iter 30/59 - loss 0.28011170 - time (sec): 3.20 - samples/sec: 4058.92 - lr: 0.100000 - momentum: 0.000000
2025-12-22 17:45:09,996 epoch 28 - iter 35/59 - loss 0.27650332 - time (sec): 3.65 - samples/sec: 4074.32 - lr: 0.100000 - momentum: 0.000000
2025-12-22 17:45:10,441 epoch 28 - iter 40/59 - loss 0.27859702 - time (sec): 4.09 - samples/sec: 4131.51 - lr: 0.100000 - momentum: 0.000000
2025-12-22 17:45:11,020 epoch 28 - iter 45/59 - loss 0.27814387 - time (sec): 4.67 - samples/sec: 4088.85 - lr: 0.100000 - momentum: 0.000000
2025-12-22 17:45:11,501 epoch 28 - iter 50/59 - loss 0.27951152 - time (sec): 5.15 - samples/sec: 4133.13 - lr: 0.100000 - momentum: 0.000000
2025-12-22 17:45:12,056 epoch 28 - iter 55/59 - loss 0.27873416 - time (sec): 5.71 - samples/sec: 4140.62 - lr: 0.100000 - momentum: 0.000000
2025-12-22 17:45:12,408 ----------------------------------------------------------------------------------------------------
2025-12-22 17:45:12,409 EPOCH 28 done: loss 0.2790 - lr: 0.100000
2025-12-22 17:45:13,217 DEV : loss 0.3015154302120209 - f1-score (micro avg)  0.9103
2025-12-22 17:45:13,219  - 0 epochs without improvement
2025-12-22 17:45:13,219 saving best model
2025-12-22 17:45:13,232 ----------------------------------------------------------------------------------------------------
2025-12-22 17:45:13,760 epoch 29 - iter 5/59 - loss 0.27421836 - time (sec): 0.53 - samples/sec: 4318.34 - lr: 0.100000 - momentum: 0.000000
2025-12-22 17:45:14,235 epoch 29 - iter 10/59 - loss 0.26486232 - time (sec): 1.00 - samples/sec: 4362.75 - lr: 0.100000 - momentum: 0.000000
2025-12-22 17:45:14,738 epoch 29 - iter 15/59 - loss 0.26342626 - time (sec): 1.50 - samples/sec: 4414.07 - lr: 0.100000 - momentum: 0.000000
2025-12-22 17:45:15,330 epoch 29 - iter 20/59 - loss 0.25711873 - time (sec): 2.10 - samples/sec: 4158.18 - lr: 0.100000 - momentum: 0.000000
2025-12-22 17:45:15,797 epoch 29 - iter 25/59 - loss 0.25781252 - time (sec): 2.56 - samples/sec: 4218.84 - lr: 0.100000 - momentum: 0.000000
2025-12-22 17:45:16,334 epoch 29 - iter 30/59 - loss 0.25722449 - time (sec): 3.10 - samples/sec: 4230.32 - lr: 0.100000 - momentum: 0.000000
2025-12-22 17:45:16,861 epoch 29 - iter 35/59 - loss 0.26140123 - time (sec): 3.63 - samples/sec: 4212.31 - lr: 0.100000 - momentum: 0.000000
2025-12-22 17:45:17,270 epoch 29 - iter 40/59 - loss 0.26230533 - time (sec): 4.04 - samples/sec: 4283.59 - lr: 0.100000 - momentum: 0.000000
2025-12-22 17:45:17,817 epoch 29 - iter 45/59 - loss 0.26266946 - time (sec): 4.58 - samples/sec: 4254.15 - lr: 0.100000 - momentum: 0.000000
2025-12-22 17:45:18,574 epoch 29 - iter 50/59 - loss 0.25982359 - time (sec): 5.34 - samples/sec: 4058.51 - lr: 0.100000 - momentum: 0.000000
2025-12-22 17:45:19,040 epoch 29 - iter 55/59 - loss 0.26359012 - time (sec): 5.81 - samples/sec: 4075.11 - lr: 0.100000 - momentum: 0.000000
2025-12-22 17:45:19,390 ----------------------------------------------------------------------------------------------------
2025-12-22 17:45:19,390 EPOCH 29 done: loss 0.2645 - lr: 0.100000
2025-12-22 17:45:20,009 DEV : loss 0.29878005385398865 - f1-score (micro avg)  0.9074
2025-12-22 17:45:20,011  - 1 epochs without improvement
2025-12-22 17:45:20,011 ----------------------------------------------------------------------------------------------------
2025-12-22 17:45:20,566 epoch 30 - iter 5/59 - loss 0.32023418 - time (sec): 0.55 - samples/sec: 4083.50 - lr: 0.100000 - momentum: 0.000000
2025-12-22 17:45:21,206 epoch 30 - iter 10/59 - loss 0.27847181 - time (sec): 1.19 - samples/sec: 3667.17 - lr: 0.100000 - momentum: 0.000000
2025-12-22 17:45:21,734 epoch 30 - iter 15/59 - loss 0.26668949 - time (sec): 1.72 - samples/sec: 3938.60 - lr: 0.100000 - momentum: 0.000000
2025-12-22 17:45:22,252 epoch 30 - iter 20/59 - loss 0.26486387 - time (sec): 2.24 - samples/sec: 4014.22 - lr: 0.100000 - momentum: 0.000000
2025-12-22 17:45:22,782 epoch 30 - iter 25/59 - loss 0.25959367 - time (sec): 2.77 - samples/sec: 4012.23 - lr: 0.100000 - momentum: 0.000000
2025-12-22 17:45:23,249 epoch 30 - iter 30/59 - loss 0.26250966 - time (sec): 3.24 - samples/sec: 4033.74 - lr: 0.100000 - momentum: 0.000000
2025-12-22 17:45:23,914 epoch 30 - iter 35/59 - loss 0.26600033 - time (sec): 3.90 - samples/sec: 3891.46 - lr: 0.100000 - momentum: 0.000000
2025-12-22 17:45:24,676 epoch 30 - iter 40/59 - loss 0.26600345 - time (sec): 4.67 - samples/sec: 3723.02 - lr: 0.100000 - momentum: 0.000000
2025-12-22 17:45:25,225 epoch 30 - iter 45/59 - loss 0.26336358 - time (sec): 5.21 - samples/sec: 3736.03 - lr: 0.100000 - momentum: 0.000000
2025-12-22 17:45:25,807 epoch 30 - iter 50/59 - loss 0.26425911 - time (sec): 5.80 - samples/sec: 3712.34 - lr: 0.100000 - momentum: 0.000000
2025-12-22 17:45:26,342 epoch 30 - iter 55/59 - loss 0.26433812 - time (sec): 6.33 - samples/sec: 3734.35 - lr: 0.100000 - momentum: 0.000000
2025-12-22 17:45:26,784 ----------------------------------------------------------------------------------------------------
2025-12-22 17:45:26,784 EPOCH 30 done: loss 0.2618 - lr: 0.100000
2025-12-22 17:45:27,496 DEV : loss 0.2911820709705353 - f1-score (micro avg)  0.9114
2025-12-22 17:45:27,498  - 0 epochs without improvement
2025-12-22 17:45:27,498 saving best model
2025-12-22 17:45:27,518 ----------------------------------------------------------------------------------------------------
2025-12-22 17:45:28,133 epoch 31 - iter 5/59 - loss 0.25159605 - time (sec): 0.61 - samples/sec: 3542.00 - lr: 0.100000 - momentum: 0.000000
2025-12-22 17:45:28,806 epoch 31 - iter 10/59 - loss 0.25722033 - time (sec): 1.29 - samples/sec: 3408.48 - lr: 0.100000 - momentum: 0.000000
2025-12-22 17:45:29,449 epoch 31 - iter 15/59 - loss 0.24369030 - time (sec): 1.93 - samples/sec: 3404.07 - lr: 0.100000 - momentum: 0.000000
2025-12-22 17:45:30,033 epoch 31 - iter 20/59 - loss 0.24479401 - time (sec): 2.51 - samples/sec: 3448.91 - lr: 0.100000 - momentum: 0.000000
2025-12-22 17:45:30,580 epoch 31 - iter 25/59 - loss 0.24265312 - time (sec): 3.06 - samples/sec: 3483.51 - lr: 0.100000 - momentum: 0.000000
2025-12-22 17:45:31,129 epoch 31 - iter 30/59 - loss 0.24114824 - time (sec): 3.61 - samples/sec: 3521.52 - lr: 0.100000 - momentum: 0.000000
2025-12-22 17:45:31,689 epoch 31 - iter 35/59 - loss 0.24019520 - time (sec): 4.17 - samples/sec: 3555.54 - lr: 0.100000 - momentum: 0.000000
2025-12-22 17:45:32,342 epoch 31 - iter 40/59 - loss 0.24314324 - time (sec): 4.82 - samples/sec: 3524.06 - lr: 0.100000 - momentum: 0.000000
2025-12-22 17:45:32,987 epoch 31 - iter 45/59 - loss 0.24461576 - time (sec): 5.47 - samples/sec: 3521.25 - lr: 0.100000 - momentum: 0.000000
2025-12-22 17:45:33,852 epoch 31 - iter 50/59 - loss 0.24609127 - time (sec): 6.33 - samples/sec: 3371.50 - lr: 0.100000 - momentum: 0.000000
2025-12-22 17:45:34,827 epoch 31 - iter 55/59 - loss 0.24728685 - time (sec): 7.31 - samples/sec: 3230.90 - lr: 0.100000 - momentum: 0.000000
2025-12-22 17:45:35,406 ----------------------------------------------------------------------------------------------------
2025-12-22 17:45:35,407 EPOCH 31 done: loss 0.2462 - lr: 0.100000
2025-12-22 17:45:36,402 DEV : loss 0.2907286584377289 - f1-score (micro avg)  0.9129
2025-12-22 17:45:36,404  - 0 epochs without improvement
2025-12-22 17:45:36,404 saving best model
2025-12-22 17:45:36,423 ----------------------------------------------------------------------------------------------------
2025-12-22 17:45:37,002 epoch 32 - iter 5/59 - loss 0.24103112 - time (sec): 0.58 - samples/sec: 3594.67 - lr: 0.100000 - momentum: 0.000000
2025-12-22 17:45:37,545 epoch 32 - iter 10/59 - loss 0.24332539 - time (sec): 1.12 - samples/sec: 3645.39 - lr: 0.100000 - momentum: 0.000000
2025-12-22 17:45:38,112 epoch 32 - iter 15/59 - loss 0.23688483 - time (sec): 1.69 - samples/sec: 3672.57 - lr: 0.100000 - momentum: 0.000000
2025-12-22 17:45:38,642 epoch 32 - iter 20/59 - loss 0.25053620 - time (sec): 2.22 - samples/sec: 3674.39 - lr: 0.100000 - momentum: 0.000000
2025-12-22 17:45:39,388 epoch 32 - iter 25/59 - loss 0.24993265 - time (sec): 2.96 - samples/sec: 3516.73 - lr: 0.100000 - momentum: 0.000000
2025-12-22 17:45:40,048 epoch 32 - iter 30/59 - loss 0.24566991 - time (sec): 3.62 - samples/sec: 3457.65 - lr: 0.100000 - momentum: 0.000000
2025-12-22 17:45:40,668 epoch 32 - iter 35/59 - loss 0.24694662 - time (sec): 4.25 - samples/sec: 3511.18 - lr: 0.100000 - momentum: 0.000000
2025-12-22 17:45:41,302 epoch 32 - iter 40/59 - loss 0.24579071 - time (sec): 4.88 - samples/sec: 3520.16 - lr: 0.100000 - momentum: 0.000000
2025-12-22 17:45:41,919 epoch 32 - iter 45/59 - loss 0.24752138 - time (sec): 5.50 - samples/sec: 3553.00 - lr: 0.100000 - momentum: 0.000000
2025-12-22 17:45:42,566 epoch 32 - iter 50/59 - loss 0.24653824 - time (sec): 6.14 - samples/sec: 3527.08 - lr: 0.100000 - momentum: 0.000000
2025-12-22 17:45:43,109 epoch 32 - iter 55/59 - loss 0.24562889 - time (sec): 6.69 - samples/sec: 3530.36 - lr: 0.100000 - momentum: 0.000000
2025-12-22 17:45:43,543 ----------------------------------------------------------------------------------------------------
2025-12-22 17:45:43,543 EPOCH 32 done: loss 0.2451 - lr: 0.100000
2025-12-22 17:45:44,260 DEV : loss 0.2933835983276367 - f1-score (micro avg)  0.9107
2025-12-22 17:45:44,261  - 1 epochs without improvement
2025-12-22 17:45:44,261 ----------------------------------------------------------------------------------------------------
2025-12-22 17:45:45,085 epoch 33 - iter 5/59 - loss 0.22496134 - time (sec): 0.82 - samples/sec: 2943.18 - lr: 0.100000 - momentum: 0.000000
2025-12-22 17:45:45,625 epoch 33 - iter 10/59 - loss 0.22472841 - time (sec): 1.36 - samples/sec: 3361.81 - lr: 0.100000 - momentum: 0.000000
2025-12-22 17:45:46,141 epoch 33 - iter 15/59 - loss 0.23407727 - time (sec): 1.88 - samples/sec: 3555.63 - lr: 0.100000 - momentum: 0.000000
2025-12-22 17:45:46,723 epoch 33 - iter 20/59 - loss 0.23368180 - time (sec): 2.46 - samples/sec: 3578.25 - lr: 0.100000 - momentum: 0.000000
2025-12-22 17:45:47,263 epoch 33 - iter 25/59 - loss 0.22986032 - time (sec): 3.00 - samples/sec: 3619.76 - lr: 0.100000 - momentum: 0.000000
2025-12-22 17:45:47,939 epoch 33 - iter 30/59 - loss 0.23240088 - time (sec): 3.68 - samples/sec: 3566.24 - lr: 0.100000 - momentum: 0.000000
2025-12-22 17:45:48,495 epoch 33 - iter 35/59 - loss 0.23457547 - time (sec): 4.23 - samples/sec: 3594.75 - lr: 0.100000 - momentum: 0.000000
2025-12-22 17:45:49,075 epoch 33 - iter 40/59 - loss 0.23623544 - time (sec): 4.81 - samples/sec: 3607.21 - lr: 0.100000 - momentum: 0.000000
2025-12-22 17:45:49,649 epoch 33 - iter 45/59 - loss 0.23676378 - time (sec): 5.39 - samples/sec: 3587.45 - lr: 0.100000 - momentum: 0.000000
2025-12-22 17:45:50,301 epoch 33 - iter 50/59 - loss 0.23640670 - time (sec): 6.04 - samples/sec: 3578.79 - lr: 0.100000 - momentum: 0.000000
2025-12-22 17:45:50,886 epoch 33 - iter 55/59 - loss 0.23694365 - time (sec): 6.62 - samples/sec: 3569.95 - lr: 0.100000 - momentum: 0.000000
2025-12-22 17:45:51,343 ----------------------------------------------------------------------------------------------------
2025-12-22 17:45:51,343 EPOCH 33 done: loss 0.2415 - lr: 0.100000
2025-12-22 17:45:52,079 DEV : loss 0.2910787761211395 - f1-score (micro avg)  0.9107
2025-12-22 17:45:52,080  - 2 epochs without improvement
2025-12-22 17:45:52,081 ----------------------------------------------------------------------------------------------------
2025-12-22 17:45:52,778 epoch 34 - iter 5/59 - loss 0.24297950 - time (sec): 0.70 - samples/sec: 3069.43 - lr: 0.100000 - momentum: 0.000000
2025-12-22 17:45:53,548 epoch 34 - iter 10/59 - loss 0.22763831 - time (sec): 1.47 - samples/sec: 3120.15 - lr: 0.100000 - momentum: 0.000000
2025-12-22 17:45:54,104 epoch 34 - iter 15/59 - loss 0.24284249 - time (sec): 2.02 - samples/sec: 3267.19 - lr: 0.100000 - momentum: 0.000000
2025-12-22 17:45:54,647 epoch 34 - iter 20/59 - loss 0.24014747 - time (sec): 2.57 - samples/sec: 3425.32 - lr: 0.100000 - momentum: 0.000000
2025-12-22 17:45:55,350 epoch 34 - iter 25/59 - loss 0.23481957 - time (sec): 3.27 - samples/sec: 3374.65 - lr: 0.100000 - momentum: 0.000000
2025-12-22 17:45:55,858 epoch 34 - iter 30/59 - loss 0.23289974 - time (sec): 3.78 - samples/sec: 3432.69 - lr: 0.100000 - momentum: 0.000000
2025-12-22 17:45:56,501 epoch 34 - iter 35/59 - loss 0.23290757 - time (sec): 4.42 - samples/sec: 3417.72 - lr: 0.100000 - momentum: 0.000000
2025-12-22 17:45:57,117 epoch 34 - iter 40/59 - loss 0.23335648 - time (sec): 5.04 - samples/sec: 3410.94 - lr: 0.100000 - momentum: 0.000000
2025-12-22 17:45:57,756 epoch 34 - iter 45/59 - loss 0.23621242 - time (sec): 5.68 - samples/sec: 3410.70 - lr: 0.100000 - momentum: 0.000000
2025-12-22 17:45:58,315 epoch 34 - iter 50/59 - loss 0.23741563 - time (sec): 6.23 - samples/sec: 3438.46 - lr: 0.100000 - momentum: 0.000000
2025-12-22 17:45:58,886 epoch 34 - iter 55/59 - loss 0.23745978 - time (sec): 6.81 - samples/sec: 3467.57 - lr: 0.100000 - momentum: 0.000000
2025-12-22 17:45:59,387 ----------------------------------------------------------------------------------------------------
2025-12-22 17:45:59,387 EPOCH 34 done: loss 0.2386 - lr: 0.100000
2025-12-22 17:46:00,126 DEV : loss 0.28867363929748535 - f1-score (micro avg)  0.9129
2025-12-22 17:46:00,128  - 0 epochs without improvement
2025-12-22 17:46:00,128 ----------------------------------------------------------------------------------------------------
2025-12-22 17:46:00,791 epoch 35 - iter 5/59 - loss 0.21479616 - time (sec): 0.66 - samples/sec: 3267.61 - lr: 0.100000 - momentum: 0.000000
2025-12-22 17:46:01,318 epoch 35 - iter 10/59 - loss 0.21130149 - time (sec): 1.19 - samples/sec: 3506.48 - lr: 0.100000 - momentum: 0.000000
2025-12-22 17:46:01,881 epoch 35 - iter 15/59 - loss 0.22810438 - time (sec): 1.75 - samples/sec: 3621.22 - lr: 0.100000 - momentum: 0.000000
2025-12-22 17:46:02,509 epoch 35 - iter 20/59 - loss 0.22150135 - time (sec): 2.38 - samples/sec: 3637.54 - lr: 0.100000 - momentum: 0.000000
2025-12-22 17:46:03,046 epoch 35 - iter 25/59 - loss 0.22133355 - time (sec): 2.92 - samples/sec: 3650.77 - lr: 0.100000 - momentum: 0.000000
2025-12-22 17:46:03,764 epoch 35 - iter 30/59 - loss 0.22008769 - time (sec): 3.64 - samples/sec: 3560.20 - lr: 0.100000 - momentum: 0.000000
2025-12-22 17:46:04,520 epoch 35 - iter 35/59 - loss 0.22076864 - time (sec): 4.39 - samples/sec: 3444.77 - lr: 0.100000 - momentum: 0.000000
2025-12-22 17:46:05,139 epoch 35 - iter 40/59 - loss 0.21881661 - time (sec): 5.01 - samples/sec: 3440.78 - lr: 0.100000 - momentum: 0.000000
2025-12-22 17:46:05,870 epoch 35 - iter 45/59 - loss 0.22117759 - time (sec): 5.74 - samples/sec: 3403.34 - lr: 0.100000 - momentum: 0.000000
2025-12-22 17:46:06,489 epoch 35 - iter 50/59 - loss 0.22271470 - time (sec): 6.36 - samples/sec: 3393.71 - lr: 0.100000 - momentum: 0.000000
2025-12-22 17:46:07,152 epoch 35 - iter 55/59 - loss 0.22432789 - time (sec): 7.02 - samples/sec: 3373.90 - lr: 0.100000 - momentum: 0.000000
2025-12-22 17:46:07,549 ----------------------------------------------------------------------------------------------------
2025-12-22 17:46:07,549 EPOCH 35 done: loss 0.2240 - lr: 0.100000
2025-12-22 17:46:08,978 DEV : loss 0.29145801067352295 - f1-score (micro avg)  0.9085
2025-12-22 17:46:08,980  - 1 epochs without improvement
2025-12-22 17:46:08,980 ----------------------------------------------------------------------------------------------------
2025-12-22 17:46:09,770 epoch 36 - iter 5/59 - loss 0.22247490 - time (sec): 0.79 - samples/sec: 2770.90 - lr: 0.100000 - momentum: 0.000000
2025-12-22 17:46:10,547 epoch 36 - iter 10/59 - loss 0.21250321 - time (sec): 1.57 - samples/sec: 2792.06 - lr: 0.100000 - momentum: 0.000000
2025-12-22 17:46:11,126 epoch 36 - iter 15/59 - loss 0.21669384 - time (sec): 2.15 - samples/sec: 3093.08 - lr: 0.100000 - momentum: 0.000000
2025-12-22 17:46:11,737 epoch 36 - iter 20/59 - loss 0.21297882 - time (sec): 2.76 - samples/sec: 3220.66 - lr: 0.100000 - momentum: 0.000000
2025-12-22 17:46:12,231 epoch 36 - iter 25/59 - loss 0.21682447 - time (sec): 3.25 - samples/sec: 3358.52 - lr: 0.100000 - momentum: 0.000000
2025-12-22 17:46:12,781 epoch 36 - iter 30/59 - loss 0.21719136 - time (sec): 3.80 - samples/sec: 3399.47 - lr: 0.100000 - momentum: 0.000000
2025-12-22 17:46:13,365 epoch 36 - iter 35/59 - loss 0.21665101 - time (sec): 4.38 - samples/sec: 3406.68 - lr: 0.100000 - momentum: 0.000000
2025-12-22 17:46:13,965 epoch 36 - iter 40/59 - loss 0.21539301 - time (sec): 4.98 - samples/sec: 3419.88 - lr: 0.100000 - momentum: 0.000000
2025-12-22 17:46:14,653 epoch 36 - iter 45/59 - loss 0.21491026 - time (sec): 5.67 - samples/sec: 3372.31 - lr: 0.100000 - momentum: 0.000000
2025-12-22 17:46:15,253 epoch 36 - iter 50/59 - loss 0.21551774 - time (sec): 6.27 - samples/sec: 3417.15 - lr: 0.100000 - momentum: 0.000000
2025-12-22 17:46:15,826 epoch 36 - iter 55/59 - loss 0.21633167 - time (sec): 6.85 - samples/sec: 3446.79 - lr: 0.100000 - momentum: 0.000000
2025-12-22 17:46:16,313 ----------------------------------------------------------------------------------------------------
2025-12-22 17:46:16,313 EPOCH 36 done: loss 0.2168 - lr: 0.100000
2025-12-22 17:46:17,006 DEV : loss 0.28119584918022156 - f1-score (micro avg)  0.9186
2025-12-22 17:46:17,007  - 0 epochs without improvement
2025-12-22 17:46:17,008 saving best model
2025-12-22 17:46:17,025 ----------------------------------------------------------------------------------------------------
2025-12-22 17:46:17,670 epoch 37 - iter 5/59 - loss 0.22430491 - time (sec): 0.64 - samples/sec: 3334.74 - lr: 0.100000 - momentum: 0.000000
2025-12-22 17:46:18,197 epoch 37 - iter 10/59 - loss 0.22311819 - time (sec): 1.17 - samples/sec: 3545.68 - lr: 0.100000 - momentum: 0.000000
2025-12-22 17:46:18,731 epoch 37 - iter 15/59 - loss 0.23087229 - time (sec): 1.70 - samples/sec: 3674.22 - lr: 0.100000 - momentum: 0.000000
2025-12-22 17:46:19,337 epoch 37 - iter 20/59 - loss 0.22715192 - time (sec): 2.31 - samples/sec: 3685.23 - lr: 0.100000 - momentum: 0.000000
2025-12-22 17:46:19,932 epoch 37 - iter 25/59 - loss 0.22196769 - time (sec): 2.91 - samples/sec: 3677.82 - lr: 0.100000 - momentum: 0.000000
2025-12-22 17:46:20,464 epoch 37 - iter 30/59 - loss 0.22228396 - time (sec): 3.44 - samples/sec: 3721.14 - lr: 0.100000 - momentum: 0.000000
2025-12-22 17:46:21,040 epoch 37 - iter 35/59 - loss 0.22011907 - time (sec): 4.01 - samples/sec: 3674.43 - lr: 0.100000 - momentum: 0.000000
2025-12-22 17:46:21,589 epoch 37 - iter 40/59 - loss 0.21530410 - time (sec): 4.56 - samples/sec: 3716.31 - lr: 0.100000 - momentum: 0.000000
2025-12-22 17:46:22,259 epoch 37 - iter 45/59 - loss 0.21446583 - time (sec): 5.23 - samples/sec: 3683.97 - lr: 0.100000 - momentum: 0.000000
2025-12-22 17:46:22,889 epoch 37 - iter 50/59 - loss 0.21183953 - time (sec): 5.86 - samples/sec: 3656.24 - lr: 0.100000 - momentum: 0.000000
2025-12-22 17:46:23,438 epoch 37 - iter 55/59 - loss 0.21219215 - time (sec): 6.41 - samples/sec: 3664.53 - lr: 0.100000 - momentum: 0.000000
2025-12-22 17:46:23,912 ----------------------------------------------------------------------------------------------------
2025-12-22 17:46:23,912 EPOCH 37 done: loss 0.2122 - lr: 0.100000
2025-12-22 17:46:24,594 DEV : loss 0.2930695712566376 - f1-score (micro avg)  0.9134
2025-12-22 17:46:24,596  - 1 epochs without improvement
2025-12-22 17:46:24,596 ----------------------------------------------------------------------------------------------------
2025-12-22 17:46:25,239 epoch 38 - iter 5/59 - loss 0.19215275 - time (sec): 0.64 - samples/sec: 3344.79 - lr: 0.100000 - momentum: 0.000000
2025-12-22 17:46:25,798 epoch 38 - iter 10/59 - loss 0.20031186 - time (sec): 1.20 - samples/sec: 3569.29 - lr: 0.100000 - momentum: 0.000000
2025-12-22 17:46:26,489 epoch 38 - iter 15/59 - loss 0.19968951 - time (sec): 1.89 - samples/sec: 3490.50 - lr: 0.100000 - momentum: 0.000000
2025-12-22 17:46:27,106 epoch 38 - iter 20/59 - loss 0.20270842 - time (sec): 2.51 - samples/sec: 3533.69 - lr: 0.100000 - momentum: 0.000000
2025-12-22 17:46:27,645 epoch 38 - iter 25/59 - loss 0.20152618 - time (sec): 3.05 - samples/sec: 3597.20 - lr: 0.100000 - momentum: 0.000000
2025-12-22 17:46:28,211 epoch 38 - iter 30/59 - loss 0.20364058 - time (sec): 3.61 - samples/sec: 3627.30 - lr: 0.100000 - momentum: 0.000000
2025-12-22 17:46:28,661 epoch 38 - iter 35/59 - loss 0.20413958 - time (sec): 4.06 - samples/sec: 3666.96 - lr: 0.100000 - momentum: 0.000000
2025-12-22 17:46:29,354 epoch 38 - iter 40/59 - loss 0.20548969 - time (sec): 4.76 - samples/sec: 3598.28 - lr: 0.100000 - momentum: 0.000000
2025-12-22 17:46:29,980 epoch 38 - iter 45/59 - loss 0.20856816 - time (sec): 5.38 - samples/sec: 3572.16 - lr: 0.100000 - momentum: 0.000000
2025-12-22 17:46:30,547 epoch 38 - iter 50/59 - loss 0.20887047 - time (sec): 5.95 - samples/sec: 3602.26 - lr: 0.100000 - momentum: 0.000000
2025-12-22 17:46:31,090 epoch 38 - iter 55/59 - loss 0.20944209 - time (sec): 6.49 - samples/sec: 3624.80 - lr: 0.100000 - momentum: 0.000000
2025-12-22 17:46:31,478 ----------------------------------------------------------------------------------------------------
2025-12-22 17:46:31,478 EPOCH 38 done: loss 0.2111 - lr: 0.100000
2025-12-22 17:46:32,337 DEV : loss 0.28234583139419556 - f1-score (micro avg)  0.9144
2025-12-22 17:46:32,339  - 2 epochs without improvement
2025-12-22 17:46:32,339 ----------------------------------------------------------------------------------------------------
2025-12-22 17:46:32,899 epoch 39 - iter 5/59 - loss 0.20036908 - time (sec): 0.56 - samples/sec: 3935.56 - lr: 0.100000 - momentum: 0.000000
2025-12-22 17:46:33,457 epoch 39 - iter 10/59 - loss 0.18531595 - time (sec): 1.12 - samples/sec: 3819.65 - lr: 0.100000 - momentum: 0.000000
2025-12-22 17:46:33,996 epoch 39 - iter 15/59 - loss 0.19731101 - time (sec): 1.66 - samples/sec: 3894.57 - lr: 0.100000 - momentum: 0.000000
2025-12-22 17:46:34,694 epoch 39 - iter 20/59 - loss 0.19972203 - time (sec): 2.35 - samples/sec: 3699.35 - lr: 0.100000 - momentum: 0.000000
2025-12-22 17:46:35,390 epoch 39 - iter 25/59 - loss 0.19871466 - time (sec): 3.05 - samples/sec: 3559.31 - lr: 0.100000 - momentum: 0.000000
2025-12-22 17:46:35,984 epoch 39 - iter 30/59 - loss 0.19707639 - time (sec): 3.64 - samples/sec: 3578.29 - lr: 0.100000 - momentum: 0.000000
2025-12-22 17:46:36,497 epoch 39 - iter 35/59 - loss 0.19783408 - time (sec): 4.16 - samples/sec: 3615.01 - lr: 0.100000 - momentum: 0.000000
2025-12-22 17:46:37,156 epoch 39 - iter 40/59 - loss 0.19912934 - time (sec): 4.82 - samples/sec: 3548.45 - lr: 0.100000 - momentum: 0.000000
2025-12-22 17:46:37,728 epoch 39 - iter 45/59 - loss 0.20137117 - time (sec): 5.39 - samples/sec: 3574.81 - lr: 0.100000 - momentum: 0.000000
2025-12-22 17:46:38,330 epoch 39 - iter 50/59 - loss 0.20155040 - time (sec): 5.99 - samples/sec: 3575.30 - lr: 0.100000 - momentum: 0.000000
2025-12-22 17:46:38,949 epoch 39 - iter 55/59 - loss 0.20427463 - time (sec): 6.61 - samples/sec: 3563.45 - lr: 0.100000 - momentum: 0.000000
2025-12-22 17:46:39,371 ----------------------------------------------------------------------------------------------------
2025-12-22 17:46:39,371 EPOCH 39 done: loss 0.2068 - lr: 0.100000
2025-12-22 17:46:40,024 DEV : loss 0.2775079607963562 - f1-score (micro avg)  0.9182
2025-12-22 17:46:40,028  - 3 epochs without improvement
2025-12-22 17:46:40,030 ----------------------------------------------------------------------------------------------------
2025-12-22 17:46:40,615 epoch 40 - iter 5/59 - loss 0.18745439 - time (sec): 0.58 - samples/sec: 3715.69 - lr: 0.100000 - momentum: 0.000000
2025-12-22 17:46:41,172 epoch 40 - iter 10/59 - loss 0.19478875 - time (sec): 1.14 - samples/sec: 3618.54 - lr: 0.100000 - momentum: 0.000000
2025-12-22 17:46:41,747 epoch 40 - iter 15/59 - loss 0.19399348 - time (sec): 1.72 - samples/sec: 3699.22 - lr: 0.100000 - momentum: 0.000000
2025-12-22 17:46:42,239 epoch 40 - iter 20/59 - loss 0.19412564 - time (sec): 2.21 - samples/sec: 3818.33 - lr: 0.100000 - momentum: 0.000000
2025-12-22 17:46:42,840 epoch 40 - iter 25/59 - loss 0.19985190 - time (sec): 2.81 - samples/sec: 3761.71 - lr: 0.100000 - momentum: 0.000000
2025-12-22 17:46:43,430 epoch 40 - iter 30/59 - loss 0.19638520 - time (sec): 3.40 - samples/sec: 3716.09 - lr: 0.100000 - momentum: 0.000000
2025-12-22 17:46:44,045 epoch 40 - iter 35/59 - loss 0.19824583 - time (sec): 4.01 - samples/sec: 3691.25 - lr: 0.100000 - momentum: 0.000000
2025-12-22 17:46:44,720 epoch 40 - iter 40/59 - loss 0.19845363 - time (sec): 4.69 - samples/sec: 3618.83 - lr: 0.100000 - momentum: 0.000000
2025-12-22 17:46:45,361 epoch 40 - iter 45/59 - loss 0.19649223 - time (sec): 5.33 - samples/sec: 3605.93 - lr: 0.100000 - momentum: 0.000000
2025-12-22 17:46:45,888 epoch 40 - iter 50/59 - loss 0.20075760 - time (sec): 5.86 - samples/sec: 3642.92 - lr: 0.100000 - momentum: 0.000000
2025-12-22 17:46:46,482 epoch 40 - iter 55/59 - loss 0.19993128 - time (sec): 6.45 - samples/sec: 3661.85 - lr: 0.100000 - momentum: 0.000000
2025-12-22 17:46:47,031 ----------------------------------------------------------------------------------------------------
2025-12-22 17:46:47,031 EPOCH 40 done: loss 0.1984 - lr: 0.100000
2025-12-22 17:46:47,704 DEV : loss 0.273454874753952 - f1-score (micro avg)  0.921
2025-12-22 17:46:47,706  - 0 epochs without improvement
2025-12-22 17:46:47,706 saving best model
2025-12-22 17:46:47,721 ----------------------------------------------------------------------------------------------------
2025-12-22 17:46:48,281 epoch 41 - iter 5/59 - loss 0.17515825 - time (sec): 0.56 - samples/sec: 3774.27 - lr: 0.100000 - momentum: 0.000000
2025-12-22 17:46:48,967 epoch 41 - iter 10/59 - loss 0.19039712 - time (sec): 1.25 - samples/sec: 3490.81 - lr: 0.100000 - momentum: 0.000000
2025-12-22 17:46:49,493 epoch 41 - iter 15/59 - loss 0.19542434 - time (sec): 1.77 - samples/sec: 3663.10 - lr: 0.100000 - momentum: 0.000000
2025-12-22 17:46:50,123 epoch 41 - iter 20/59 - loss 0.19593685 - time (sec): 2.40 - samples/sec: 3562.02 - lr: 0.100000 - momentum: 0.000000
2025-12-22 17:46:50,741 epoch 41 - iter 25/59 - loss 0.19358942 - time (sec): 3.02 - samples/sec: 3545.47 - lr: 0.100000 - momentum: 0.000000
2025-12-22 17:46:51,330 epoch 41 - iter 30/59 - loss 0.19713402 - time (sec): 3.61 - samples/sec: 3573.10 - lr: 0.100000 - momentum: 0.000000
2025-12-22 17:46:51,928 epoch 41 - iter 35/59 - loss 0.19544922 - time (sec): 4.21 - samples/sec: 3547.25 - lr: 0.100000 - momentum: 0.000000
2025-12-22 17:46:52,505 epoch 41 - iter 40/59 - loss 0.19582397 - time (sec): 4.78 - samples/sec: 3564.85 - lr: 0.100000 - momentum: 0.000000
2025-12-22 17:46:53,079 epoch 41 - iter 45/59 - loss 0.19904391 - time (sec): 5.36 - samples/sec: 3597.25 - lr: 0.100000 - momentum: 0.000000
2025-12-22 17:46:53,658 epoch 41 - iter 50/59 - loss 0.20024663 - time (sec): 5.94 - samples/sec: 3617.01 - lr: 0.100000 - momentum: 0.000000
2025-12-22 17:46:54,282 epoch 41 - iter 55/59 - loss 0.19765147 - time (sec): 6.56 - samples/sec: 3584.51 - lr: 0.100000 - momentum: 0.000000
2025-12-22 17:46:54,756 ----------------------------------------------------------------------------------------------------
2025-12-22 17:46:54,756 EPOCH 41 done: loss 0.1973 - lr: 0.100000
2025-12-22 17:46:55,595 DEV : loss 0.2747080624103546 - f1-score (micro avg)  0.9181
2025-12-22 17:46:55,596  - 1 epochs without improvement
2025-12-22 17:46:55,597 ----------------------------------------------------------------------------------------------------
2025-12-22 17:46:56,237 epoch 42 - iter 5/59 - loss 0.18287335 - time (sec): 0.64 - samples/sec: 3426.00 - lr: 0.100000 - momentum: 0.000000
2025-12-22 17:46:56,738 epoch 42 - iter 10/59 - loss 0.18466167 - time (sec): 1.14 - samples/sec: 3748.65 - lr: 0.100000 - momentum: 0.000000
2025-12-22 17:46:57,375 epoch 42 - iter 15/59 - loss 0.18989715 - time (sec): 1.78 - samples/sec: 3599.12 - lr: 0.100000 - momentum: 0.000000
2025-12-22 17:46:58,035 epoch 42 - iter 20/59 - loss 0.18903841 - time (sec): 2.44 - samples/sec: 3546.79 - lr: 0.100000 - momentum: 0.000000
2025-12-22 17:46:58,619 epoch 42 - iter 25/59 - loss 0.19292542 - time (sec): 3.02 - samples/sec: 3580.18 - lr: 0.100000 - momentum: 0.000000
2025-12-22 17:46:59,283 epoch 42 - iter 30/59 - loss 0.19289442 - time (sec): 3.69 - samples/sec: 3532.12 - lr: 0.100000 - momentum: 0.000000
2025-12-22 17:46:59,862 epoch 42 - iter 35/59 - loss 0.19259001 - time (sec): 4.27 - samples/sec: 3579.21 - lr: 0.100000 - momentum: 0.000000
2025-12-22 17:47:00,353 epoch 42 - iter 40/59 - loss 0.19206493 - time (sec): 4.76 - samples/sec: 3615.20 - lr: 0.100000 - momentum: 0.000000
2025-12-22 17:47:00,865 epoch 42 - iter 45/59 - loss 0.19417026 - time (sec): 5.27 - samples/sec: 3663.35 - lr: 0.100000 - momentum: 0.000000
2025-12-22 17:47:01,535 epoch 42 - iter 50/59 - loss 0.19519374 - time (sec): 5.94 - samples/sec: 3630.77 - lr: 0.100000 - momentum: 0.000000
2025-12-22 17:47:02,083 epoch 42 - iter 55/59 - loss 0.19509498 - time (sec): 6.49 - samples/sec: 3666.18 - lr: 0.100000 - momentum: 0.000000
2025-12-22 17:47:02,478 ----------------------------------------------------------------------------------------------------
2025-12-22 17:47:02,478 EPOCH 42 done: loss 0.1957 - lr: 0.100000
2025-12-22 17:47:03,142 DEV : loss 0.2802946865558624 - f1-score (micro avg)  0.9185
2025-12-22 17:47:03,144  - 2 epochs without improvement
2025-12-22 17:47:03,144 ----------------------------------------------------------------------------------------------------
2025-12-22 17:47:03,859 epoch 43 - iter 5/59 - loss 0.22621312 - time (sec): 0.71 - samples/sec: 3236.37 - lr: 0.100000 - momentum: 0.000000
2025-12-22 17:47:04,478 epoch 43 - iter 10/59 - loss 0.20136485 - time (sec): 1.33 - samples/sec: 3316.89 - lr: 0.100000 - momentum: 0.000000
2025-12-22 17:47:05,084 epoch 43 - iter 15/59 - loss 0.18858337 - time (sec): 1.94 - samples/sec: 3409.37 - lr: 0.100000 - momentum: 0.000000
2025-12-22 17:47:05,661 epoch 43 - iter 20/59 - loss 0.18933409 - time (sec): 2.52 - samples/sec: 3391.18 - lr: 0.100000 - momentum: 0.000000
2025-12-22 17:47:06,268 epoch 43 - iter 25/59 - loss 0.19098384 - time (sec): 3.12 - samples/sec: 3397.71 - lr: 0.100000 - momentum: 0.000000
2025-12-22 17:47:06,851 epoch 43 - iter 30/59 - loss 0.19223151 - time (sec): 3.71 - samples/sec: 3453.78 - lr: 0.100000 - momentum: 0.000000
2025-12-22 17:47:07,582 epoch 43 - iter 35/59 - loss 0.19565310 - time (sec): 4.44 - samples/sec: 3379.37 - lr: 0.100000 - momentum: 0.000000
2025-12-22 17:47:08,385 epoch 43 - iter 40/59 - loss 0.19197067 - time (sec): 5.24 - samples/sec: 3289.18 - lr: 0.100000 - momentum: 0.000000
2025-12-22 17:47:08,971 epoch 43 - iter 45/59 - loss 0.19357549 - time (sec): 5.83 - samples/sec: 3332.51 - lr: 0.100000 - momentum: 0.000000
2025-12-22 17:47:09,468 epoch 43 - iter 50/59 - loss 0.19291241 - time (sec): 6.32 - samples/sec: 3395.71 - lr: 0.100000 - momentum: 0.000000
2025-12-22 17:47:10,018 epoch 43 - iter 55/59 - loss 0.19379065 - time (sec): 6.87 - samples/sec: 3435.92 - lr: 0.100000 - momentum: 0.000000
2025-12-22 17:47:10,452 ----------------------------------------------------------------------------------------------------
2025-12-22 17:47:10,452 EPOCH 43 done: loss 0.1942 - lr: 0.100000
2025-12-22 17:47:11,141 DEV : loss 0.28183308243751526 - f1-score (micro avg)  0.919
2025-12-22 17:47:11,142  - 3 epochs without improvement
2025-12-22 17:47:11,143 ----------------------------------------------------------------------------------------------------
2025-12-22 17:47:11,879 epoch 44 - iter 5/59 - loss 0.17623044 - time (sec): 0.74 - samples/sec: 3244.81 - lr: 0.100000 - momentum: 0.000000
2025-12-22 17:47:12,627 epoch 44 - iter 10/59 - loss 0.18314511 - time (sec): 1.48 - samples/sec: 3170.31 - lr: 0.100000 - momentum: 0.000000
2025-12-22 17:47:13,145 epoch 44 - iter 15/59 - loss 0.19034544 - time (sec): 2.00 - samples/sec: 3300.50 - lr: 0.100000 - momentum: 0.000000
2025-12-22 17:47:13,766 epoch 44 - iter 20/59 - loss 0.18599750 - time (sec): 2.62 - samples/sec: 3391.72 - lr: 0.100000 - momentum: 0.000000
2025-12-22 17:47:14,284 epoch 44 - iter 25/59 - loss 0.18663977 - time (sec): 3.14 - samples/sec: 3459.48 - lr: 0.100000 - momentum: 0.000000
2025-12-22 17:47:14,823 epoch 44 - iter 30/59 - loss 0.18731794 - time (sec): 3.68 - samples/sec: 3509.78 - lr: 0.100000 - momentum: 0.000000
2025-12-22 17:47:15,464 epoch 44 - iter 35/59 - loss 0.18613153 - time (sec): 4.32 - samples/sec: 3528.22 - lr: 0.100000 - momentum: 0.000000
2025-12-22 17:47:16,085 epoch 44 - iter 40/59 - loss 0.18454202 - time (sec): 4.94 - samples/sec: 3550.93 - lr: 0.100000 - momentum: 0.000000
2025-12-22 17:47:16,544 epoch 44 - iter 45/59 - loss 0.18728147 - time (sec): 5.40 - samples/sec: 3616.62 - lr: 0.100000 - momentum: 0.000000
2025-12-22 17:47:17,068 epoch 44 - iter 50/59 - loss 0.18755531 - time (sec): 5.93 - samples/sec: 3646.05 - lr: 0.100000 - momentum: 0.000000
2025-12-22 17:47:17,597 epoch 44 - iter 55/59 - loss 0.18939605 - time (sec): 6.45 - samples/sec: 3664.26 - lr: 0.100000 - momentum: 0.000000
2025-12-22 17:47:18,052 ----------------------------------------------------------------------------------------------------
2025-12-22 17:47:18,052 EPOCH 44 done: loss 0.1904 - lr: 0.100000
2025-12-22 17:47:18,941 DEV : loss 0.2811349332332611 - f1-score (micro avg)  0.92
2025-12-22 17:47:18,942  - 4 epochs without improvement (above 'patience')-> annealing learning_rate to [0.05]
2025-12-22 17:47:18,943 ----------------------------------------------------------------------------------------------------
2025-12-22 17:47:19,575 epoch 45 - iter 5/59 - loss 0.16917940 - time (sec): 0.63 - samples/sec: 3691.65 - lr: 0.050000 - momentum: 0.000000
2025-12-22 17:47:20,128 epoch 45 - iter 10/59 - loss 0.16887941 - time (sec): 1.18 - samples/sec: 3776.84 - lr: 0.050000 - momentum: 0.000000
2025-12-22 17:47:20,661 epoch 45 - iter 15/59 - loss 0.17010565 - time (sec): 1.72 - samples/sec: 3783.49 - lr: 0.050000 - momentum: 0.000000
2025-12-22 17:47:21,183 epoch 45 - iter 20/59 - loss 0.17219972 - time (sec): 2.24 - samples/sec: 3759.52 - lr: 0.050000 - momentum: 0.000000
2025-12-22 17:47:21,790 epoch 45 - iter 25/59 - loss 0.16996149 - time (sec): 2.85 - samples/sec: 3699.09 - lr: 0.050000 - momentum: 0.000000
2025-12-22 17:47:22,396 epoch 45 - iter 30/59 - loss 0.16963092 - time (sec): 3.45 - samples/sec: 3690.66 - lr: 0.050000 - momentum: 0.000000
2025-12-22 17:47:23,036 epoch 45 - iter 35/59 - loss 0.17035877 - time (sec): 4.09 - samples/sec: 3672.35 - lr: 0.050000 - momentum: 0.000000
2025-12-22 17:47:23,900 epoch 45 - iter 40/59 - loss 0.17110588 - time (sec): 4.96 - samples/sec: 3495.15 - lr: 0.050000 - momentum: 0.000000
2025-12-22 17:47:24,511 epoch 45 - iter 45/59 - loss 0.17273087 - time (sec): 5.57 - samples/sec: 3502.39 - lr: 0.050000 - momentum: 0.000000
2025-12-22 17:47:25,148 epoch 45 - iter 50/59 - loss 0.17264115 - time (sec): 6.20 - samples/sec: 3485.29 - lr: 0.050000 - momentum: 0.000000
2025-12-22 17:47:25,715 epoch 45 - iter 55/59 - loss 0.17264898 - time (sec): 6.77 - samples/sec: 3491.72 - lr: 0.050000 - momentum: 0.000000
2025-12-22 17:47:26,164 ----------------------------------------------------------------------------------------------------
2025-12-22 17:47:26,164 EPOCH 45 done: loss 0.1721 - lr: 0.050000
2025-12-22 17:47:26,861 DEV : loss 0.27213814854621887 - f1-score (micro avg)  0.9227
2025-12-22 17:47:26,863  - 0 epochs without improvement
2025-12-22 17:47:26,863 saving best model
2025-12-22 17:47:26,881 ----------------------------------------------------------------------------------------------------
2025-12-22 17:47:27,506 epoch 46 - iter 5/59 - loss 0.16142419 - time (sec): 0.63 - samples/sec: 3627.09 - lr: 0.050000 - momentum: 0.000000
2025-12-22 17:47:28,128 epoch 46 - iter 10/59 - loss 0.16273091 - time (sec): 1.25 - samples/sec: 3528.46 - lr: 0.050000 - momentum: 0.000000
2025-12-22 17:47:28,756 epoch 46 - iter 15/59 - loss 0.16039503 - time (sec): 1.87 - samples/sec: 3475.54 - lr: 0.050000 - momentum: 0.000000
2025-12-22 17:47:29,301 epoch 46 - iter 20/59 - loss 0.16654085 - time (sec): 2.42 - samples/sec: 3607.12 - lr: 0.050000 - momentum: 0.000000
2025-12-22 17:47:29,897 epoch 46 - iter 25/59 - loss 0.16804788 - time (sec): 3.02 - samples/sec: 3587.91 - lr: 0.050000 - momentum: 0.000000
2025-12-22 17:47:30,443 epoch 46 - iter 30/59 - loss 0.16750627 - time (sec): 3.56 - samples/sec: 3620.42 - lr: 0.050000 - momentum: 0.000000
2025-12-22 17:47:30,951 epoch 46 - iter 35/59 - loss 0.16664539 - time (sec): 4.07 - samples/sec: 3656.33 - lr: 0.050000 - momentum: 0.000000
2025-12-22 17:47:31,562 epoch 46 - iter 40/59 - loss 0.16805377 - time (sec): 4.68 - samples/sec: 3660.06 - lr: 0.050000 - momentum: 0.000000
2025-12-22 17:47:32,228 epoch 46 - iter 45/59 - loss 0.17070963 - time (sec): 5.35 - samples/sec: 3619.07 - lr: 0.050000 - momentum: 0.000000
2025-12-22 17:47:32,937 epoch 46 - iter 50/59 - loss 0.17399660 - time (sec): 6.06 - samples/sec: 3551.40 - lr: 0.050000 - momentum: 0.000000
2025-12-22 17:47:33,596 epoch 46 - iter 55/59 - loss 0.17392309 - time (sec): 6.72 - samples/sec: 3518.41 - lr: 0.050000 - momentum: 0.000000
2025-12-22 17:47:34,026 ----------------------------------------------------------------------------------------------------
2025-12-22 17:47:34,026 EPOCH 46 done: loss 0.1743 - lr: 0.050000
2025-12-22 17:47:34,723 DEV : loss 0.27528372406959534 - f1-score (micro avg)  0.9231
2025-12-22 17:47:34,725  - 0 epochs without improvement
2025-12-22 17:47:34,725 saving best model
2025-12-22 17:47:34,742 ----------------------------------------------------------------------------------------------------
2025-12-22 17:47:35,356 epoch 47 - iter 5/59 - loss 0.14335425 - time (sec): 0.61 - samples/sec: 3450.37 - lr: 0.050000 - momentum: 0.000000
2025-12-22 17:47:35,881 epoch 47 - iter 10/59 - loss 0.14390441 - time (sec): 1.14 - samples/sec: 3614.99 - lr: 0.050000 - momentum: 0.000000
2025-12-22 17:47:36,681 epoch 47 - iter 15/59 - loss 0.15353573 - time (sec): 1.94 - samples/sec: 3343.77 - lr: 0.050000 - momentum: 0.000000
2025-12-22 17:47:37,187 epoch 47 - iter 20/59 - loss 0.15773327 - time (sec): 2.45 - samples/sec: 3489.59 - lr: 0.050000 - momentum: 0.000000
2025-12-22 17:47:37,799 epoch 47 - iter 25/59 - loss 0.15339873 - time (sec): 3.06 - samples/sec: 3546.30 - lr: 0.050000 - momentum: 0.000000
2025-12-22 17:47:38,338 epoch 47 - iter 30/59 - loss 0.15705244 - time (sec): 3.60 - samples/sec: 3586.60 - lr: 0.050000 - momentum: 0.000000
2025-12-22 17:47:38,864 epoch 47 - iter 35/59 - loss 0.15736320 - time (sec): 4.12 - samples/sec: 3636.25 - lr: 0.050000 - momentum: 0.000000
2025-12-22 17:47:39,551 epoch 47 - iter 40/59 - loss 0.16142283 - time (sec): 4.81 - samples/sec: 3575.99 - lr: 0.050000 - momentum: 0.000000
2025-12-22 17:47:40,063 epoch 47 - iter 45/59 - loss 0.16223865 - time (sec): 5.32 - samples/sec: 3628.91 - lr: 0.050000 - momentum: 0.000000
2025-12-22 17:47:40,684 epoch 47 - iter 50/59 - loss 0.16222554 - time (sec): 5.94 - samples/sec: 3619.14 - lr: 0.050000 - momentum: 0.000000
2025-12-22 17:47:41,248 epoch 47 - iter 55/59 - loss 0.16486544 - time (sec): 6.51 - samples/sec: 3635.30 - lr: 0.050000 - momentum: 0.000000
2025-12-22 17:47:41,647 ----------------------------------------------------------------------------------------------------
2025-12-22 17:47:41,648 EPOCH 47 done: loss 0.1650 - lr: 0.050000
2025-12-22 17:47:42,592 DEV : loss 0.27125295996665955 - f1-score (micro avg)  0.9255
2025-12-22 17:47:42,594  - 0 epochs without improvement
2025-12-22 17:47:42,594 saving best model
2025-12-22 17:47:42,613 ----------------------------------------------------------------------------------------------------
2025-12-22 17:47:43,155 epoch 48 - iter 5/59 - loss 0.15831584 - time (sec): 0.54 - samples/sec: 3660.33 - lr: 0.050000 - momentum: 0.000000
2025-12-22 17:47:43,702 epoch 48 - iter 10/59 - loss 0.16881880 - time (sec): 1.09 - samples/sec: 3808.91 - lr: 0.050000 - momentum: 0.000000
2025-12-22 17:47:44,244 epoch 48 - iter 15/59 - loss 0.16160372 - time (sec): 1.63 - samples/sec: 3765.12 - lr: 0.050000 - momentum: 0.000000
2025-12-22 17:47:44,887 epoch 48 - iter 20/59 - loss 0.16162153 - time (sec): 2.27 - samples/sec: 3670.25 - lr: 0.050000 - momentum: 0.000000
2025-12-22 17:47:45,564 epoch 48 - iter 25/59 - loss 0.16396585 - time (sec): 2.95 - samples/sec: 3591.40 - lr: 0.050000 - momentum: 0.000000
2025-12-22 17:47:46,157 epoch 48 - iter 30/59 - loss 0.16313068 - time (sec): 3.54 - samples/sec: 3587.83 - lr: 0.050000 - momentum: 0.000000
2025-12-22 17:47:46,764 epoch 48 - iter 35/59 - loss 0.16501022 - time (sec): 4.15 - samples/sec: 3596.96 - lr: 0.050000 - momentum: 0.000000
2025-12-22 17:47:47,305 epoch 48 - iter 40/59 - loss 0.16639419 - time (sec): 4.69 - samples/sec: 3627.79 - lr: 0.050000 - momentum: 0.000000
2025-12-22 17:47:47,959 epoch 48 - iter 45/59 - loss 0.16659690 - time (sec): 5.35 - samples/sec: 3615.52 - lr: 0.050000 - momentum: 0.000000
2025-12-22 17:47:48,585 epoch 48 - iter 50/59 - loss 0.16386458 - time (sec): 5.97 - samples/sec: 3588.50 - lr: 0.050000 - momentum: 0.000000
2025-12-22 17:47:49,144 epoch 48 - iter 55/59 - loss 0.16462650 - time (sec): 6.53 - samples/sec: 3613.86 - lr: 0.050000 - momentum: 0.000000
2025-12-22 17:47:49,591 ----------------------------------------------------------------------------------------------------
2025-12-22 17:47:49,591 EPOCH 48 done: loss 0.1664 - lr: 0.050000
2025-12-22 17:47:50,273 DEV : loss 0.2766781747341156 - f1-score (micro avg)  0.9212
2025-12-22 17:47:50,274  - 1 epochs without improvement
2025-12-22 17:47:50,275 ----------------------------------------------------------------------------------------------------
2025-12-22 17:47:50,920 epoch 49 - iter 5/59 - loss 0.14798901 - time (sec): 0.64 - samples/sec: 3655.11 - lr: 0.050000 - momentum: 0.000000
2025-12-22 17:47:51,441 epoch 49 - iter 10/59 - loss 0.15903167 - time (sec): 1.17 - samples/sec: 3752.28 - lr: 0.050000 - momentum: 0.000000
2025-12-22 17:47:52,016 epoch 49 - iter 15/59 - loss 0.16130011 - time (sec): 1.74 - samples/sec: 3846.70 - lr: 0.050000 - momentum: 0.000000
2025-12-22 17:47:52,613 epoch 49 - iter 20/59 - loss 0.16090512 - time (sec): 2.34 - samples/sec: 3757.75 - lr: 0.050000 - momentum: 0.000000
2025-12-22 17:47:53,145 epoch 49 - iter 25/59 - loss 0.16220404 - time (sec): 2.87 - samples/sec: 3796.34 - lr: 0.050000 - momentum: 0.000000
2025-12-22 17:47:53,747 epoch 49 - iter 30/59 - loss 0.15964491 - time (sec): 3.47 - samples/sec: 3748.82 - lr: 0.050000 - momentum: 0.000000
2025-12-22 17:47:54,325 epoch 49 - iter 35/59 - loss 0.16208638 - time (sec): 4.05 - samples/sec: 3725.12 - lr: 0.050000 - momentum: 0.000000
2025-12-22 17:47:55,112 epoch 49 - iter 40/59 - loss 0.16108634 - time (sec): 4.84 - samples/sec: 3570.02 - lr: 0.050000 - momentum: 0.000000
2025-12-22 17:47:55,675 epoch 49 - iter 45/59 - loss 0.15799901 - time (sec): 5.40 - samples/sec: 3605.11 - lr: 0.050000 - momentum: 0.000000
2025-12-22 17:47:56,212 epoch 49 - iter 50/59 - loss 0.15935302 - time (sec): 5.94 - samples/sec: 3629.53 - lr: 0.050000 - momentum: 0.000000
2025-12-22 17:47:56,930 epoch 49 - iter 55/59 - loss 0.15912527 - time (sec): 6.66 - samples/sec: 3564.18 - lr: 0.050000 - momentum: 0.000000
2025-12-22 17:47:57,423 ----------------------------------------------------------------------------------------------------
2025-12-22 17:47:57,423 EPOCH 49 done: loss 0.1601 - lr: 0.050000
2025-12-22 17:47:58,071 DEV : loss 0.27490463852882385 - f1-score (micro avg)  0.9239
2025-12-22 17:47:58,072  - 2 epochs without improvement
2025-12-22 17:47:58,072 ----------------------------------------------------------------------------------------------------
2025-12-22 17:47:58,617 epoch 50 - iter 5/59 - loss 0.17090874 - time (sec): 0.54 - samples/sec: 3745.30 - lr: 0.050000 - momentum: 0.000000
2025-12-22 17:47:59,190 epoch 50 - iter 10/59 - loss 0.16123999 - time (sec): 1.12 - samples/sec: 3588.42 - lr: 0.050000 - momentum: 0.000000
2025-12-22 17:47:59,830 epoch 50 - iter 15/59 - loss 0.15410216 - time (sec): 1.76 - samples/sec: 3626.67 - lr: 0.050000 - momentum: 0.000000
2025-12-22 17:48:00,432 epoch 50 - iter 20/59 - loss 0.15532166 - time (sec): 2.36 - samples/sec: 3608.56 - lr: 0.050000 - momentum: 0.000000
2025-12-22 17:48:01,034 epoch 50 - iter 25/59 - loss 0.15805813 - time (sec): 2.96 - samples/sec: 3580.25 - lr: 0.050000 - momentum: 0.000000
2025-12-22 17:48:01,595 epoch 50 - iter 30/59 - loss 0.15504033 - time (sec): 3.52 - samples/sec: 3631.42 - lr: 0.050000 - momentum: 0.000000
2025-12-22 17:48:02,273 epoch 50 - iter 35/59 - loss 0.15611961 - time (sec): 4.20 - samples/sec: 3553.79 - lr: 0.050000 - momentum: 0.000000
2025-12-22 17:48:02,861 epoch 50 - iter 40/59 - loss 0.15815876 - time (sec): 4.79 - samples/sec: 3576.34 - lr: 0.050000 - momentum: 0.000000
2025-12-22 17:48:03,496 epoch 50 - iter 45/59 - loss 0.16106225 - time (sec): 5.42 - samples/sec: 3589.41 - lr: 0.050000 - momentum: 0.000000
2025-12-22 17:48:04,069 epoch 50 - iter 50/59 - loss 0.16281274 - time (sec): 6.00 - samples/sec: 3595.64 - lr: 0.050000 - momentum: 0.000000
2025-12-22 17:48:04,668 epoch 50 - iter 55/59 - loss 0.16157651 - time (sec): 6.59 - samples/sec: 3603.88 - lr: 0.050000 - momentum: 0.000000
2025-12-22 17:48:05,019 ----------------------------------------------------------------------------------------------------
2025-12-22 17:48:05,020 EPOCH 50 done: loss 0.1623 - lr: 0.050000
2025-12-22 17:48:05,667 DEV : loss 0.27398499846458435 - f1-score (micro avg)  0.9205
2025-12-22 17:48:05,669  - 3 epochs without improvement
2025-12-22 17:48:05,670 ----------------------------------------------------------------------------------------------------
2025-12-22 17:48:06,246 epoch 51 - iter 5/59 - loss 0.13310287 - time (sec): 0.58 - samples/sec: 3582.95 - lr: 0.050000 - momentum: 0.000000
2025-12-22 17:48:06,878 epoch 51 - iter 10/59 - loss 0.13930361 - time (sec): 1.21 - samples/sec: 3628.81 - lr: 0.050000 - momentum: 0.000000
2025-12-22 17:48:07,444 epoch 51 - iter 15/59 - loss 0.13984318 - time (sec): 1.77 - samples/sec: 3637.89 - lr: 0.050000 - momentum: 0.000000
2025-12-22 17:48:08,099 epoch 51 - iter 20/59 - loss 0.14863215 - time (sec): 2.43 - samples/sec: 3529.39 - lr: 0.050000 - momentum: 0.000000
2025-12-22 17:48:08,673 epoch 51 - iter 25/59 - loss 0.15346519 - time (sec): 3.00 - samples/sec: 3559.27 - lr: 0.050000 - momentum: 0.000000
2025-12-22 17:48:09,194 epoch 51 - iter 30/59 - loss 0.15427038 - time (sec): 3.52 - samples/sec: 3624.23 - lr: 0.050000 - momentum: 0.000000
2025-12-22 17:48:09,764 epoch 51 - iter 35/59 - loss 0.15227756 - time (sec): 4.09 - samples/sec: 3641.41 - lr: 0.050000 - momentum: 0.000000
2025-12-22 17:48:10,638 epoch 51 - iter 40/59 - loss 0.15341415 - time (sec): 4.97 - samples/sec: 3475.23 - lr: 0.050000 - momentum: 0.000000
2025-12-22 17:48:11,317 epoch 51 - iter 45/59 - loss 0.15467156 - time (sec): 5.65 - samples/sec: 3426.35 - lr: 0.050000 - momentum: 0.000000
2025-12-22 17:48:11,924 epoch 51 - iter 50/59 - loss 0.15514762 - time (sec): 6.25 - samples/sec: 3425.12 - lr: 0.050000 - momentum: 0.000000
2025-12-22 17:48:12,492 epoch 51 - iter 55/59 - loss 0.15516236 - time (sec): 6.82 - samples/sec: 3447.41 - lr: 0.050000 - momentum: 0.000000
2025-12-22 17:48:12,923 ----------------------------------------------------------------------------------------------------
2025-12-22 17:48:12,923 EPOCH 51 done: loss 0.1574 - lr: 0.050000
2025-12-22 17:48:13,895 DEV : loss 0.28066349029541016 - f1-score (micro avg)  0.9195
2025-12-22 17:48:13,897  - 4 epochs without improvement (above 'patience')-> annealing learning_rate to [0.025]
2025-12-22 17:48:13,897 ----------------------------------------------------------------------------------------------------
2025-12-22 17:48:14,486 epoch 52 - iter 5/59 - loss 0.14859285 - time (sec): 0.59 - samples/sec: 3547.00 - lr: 0.025000 - momentum: 0.000000
2025-12-22 17:48:15,209 epoch 52 - iter 10/59 - loss 0.13718561 - time (sec): 1.31 - samples/sec: 3302.05 - lr: 0.025000 - momentum: 0.000000
2025-12-22 17:48:15,740 epoch 52 - iter 15/59 - loss 0.14985818 - time (sec): 1.84 - samples/sec: 3493.50 - lr: 0.025000 - momentum: 0.000000
2025-12-22 17:48:16,271 epoch 52 - iter 20/59 - loss 0.15299047 - time (sec): 2.37 - samples/sec: 3556.35 - lr: 0.025000 - momentum: 0.000000
2025-12-22 17:48:16,767 epoch 52 - iter 25/59 - loss 0.15664102 - time (sec): 2.87 - samples/sec: 3669.15 - lr: 0.025000 - momentum: 0.000000
2025-12-22 17:48:17,359 epoch 52 - iter 30/59 - loss 0.15249732 - time (sec): 3.46 - samples/sec: 3680.99 - lr: 0.025000 - momentum: 0.000000
2025-12-22 17:48:17,881 epoch 52 - iter 35/59 - loss 0.15164111 - time (sec): 3.98 - samples/sec: 3736.05 - lr: 0.025000 - momentum: 0.000000
2025-12-22 17:48:18,434 epoch 52 - iter 40/59 - loss 0.15024747 - time (sec): 4.54 - samples/sec: 3730.17 - lr: 0.025000 - momentum: 0.000000
2025-12-22 17:48:18,914 epoch 52 - iter 45/59 - loss 0.15532485 - time (sec): 5.02 - samples/sec: 3789.95 - lr: 0.025000 - momentum: 0.000000
2025-12-22 17:48:19,528 epoch 52 - iter 50/59 - loss 0.15453235 - time (sec): 5.63 - samples/sec: 3793.01 - lr: 0.025000 - momentum: 0.000000
2025-12-22 17:48:20,077 epoch 52 - iter 55/59 - loss 0.15374182 - time (sec): 6.18 - samples/sec: 3796.93 - lr: 0.025000 - momentum: 0.000000
2025-12-22 17:48:20,566 ----------------------------------------------------------------------------------------------------
2025-12-22 17:48:20,567 EPOCH 52 done: loss 0.1522 - lr: 0.025000
2025-12-22 17:48:21,219 DEV : loss 0.2708774507045746 - f1-score (micro avg)  0.9249
2025-12-22 17:48:21,221  - 1 epochs without improvement
2025-12-22 17:48:21,221 ----------------------------------------------------------------------------------------------------
2025-12-22 17:48:21,709 epoch 53 - iter 5/59 - loss 0.15321440 - time (sec): 0.49 - samples/sec: 4078.98 - lr: 0.025000 - momentum: 0.000000
2025-12-22 17:48:22,309 epoch 53 - iter 10/59 - loss 0.14510857 - time (sec): 1.09 - samples/sec: 3823.21 - lr: 0.025000 - momentum: 0.000000
2025-12-22 17:48:22,999 epoch 53 - iter 15/59 - loss 0.14606513 - time (sec): 1.78 - samples/sec: 3628.38 - lr: 0.025000 - momentum: 0.000000
2025-12-22 17:48:23,724 epoch 53 - iter 20/59 - loss 0.14080261 - time (sec): 2.50 - samples/sec: 3473.07 - lr: 0.025000 - momentum: 0.000000
2025-12-22 17:48:24,272 epoch 53 - iter 25/59 - loss 0.14482828 - time (sec): 3.05 - samples/sec: 3540.77 - lr: 0.025000 - momentum: 0.000000
2025-12-22 17:48:24,780 epoch 53 - iter 30/59 - loss 0.14734173 - time (sec): 3.56 - samples/sec: 3577.44 - lr: 0.025000 - momentum: 0.000000
2025-12-22 17:48:25,291 epoch 53 - iter 35/59 - loss 0.14939780 - time (sec): 4.07 - samples/sec: 3651.25 - lr: 0.025000 - momentum: 0.000000
2025-12-22 17:48:25,909 epoch 53 - iter 40/59 - loss 0.14859233 - time (sec): 4.69 - samples/sec: 3634.55 - lr: 0.025000 - momentum: 0.000000
2025-12-22 17:48:26,589 epoch 53 - iter 45/59 - loss 0.14876787 - time (sec): 5.37 - samples/sec: 3623.71 - lr: 0.025000 - momentum: 0.000000
2025-12-22 17:48:27,138 epoch 53 - iter 50/59 - loss 0.15204210 - time (sec): 5.92 - samples/sec: 3665.31 - lr: 0.025000 - momentum: 0.000000
2025-12-22 17:48:27,635 epoch 53 - iter 55/59 - loss 0.15248991 - time (sec): 6.41 - samples/sec: 3699.76 - lr: 0.025000 - momentum: 0.000000
2025-12-22 17:48:28,054 ----------------------------------------------------------------------------------------------------
2025-12-22 17:48:28,054 EPOCH 53 done: loss 0.1537 - lr: 0.025000
2025-12-22 17:48:28,753 DEV : loss 0.2729986608028412 - f1-score (micro avg)  0.9249
2025-12-22 17:48:28,754  - 2 epochs without improvement
2025-12-22 17:48:28,754 ----------------------------------------------------------------------------------------------------
2025-12-22 17:48:29,325 epoch 54 - iter 5/59 - loss 0.14860947 - time (sec): 0.57 - samples/sec: 3778.88 - lr: 0.025000 - momentum: 0.000000
2025-12-22 17:48:29,915 epoch 54 - iter 10/59 - loss 0.14090807 - time (sec): 1.16 - samples/sec: 3784.57 - lr: 0.025000 - momentum: 0.000000
2025-12-22 17:48:30,470 epoch 54 - iter 15/59 - loss 0.14284576 - time (sec): 1.71 - samples/sec: 3774.66 - lr: 0.025000 - momentum: 0.000000
2025-12-22 17:48:30,978 epoch 54 - iter 20/59 - loss 0.14742997 - time (sec): 2.22 - samples/sec: 3805.12 - lr: 0.025000 - momentum: 0.000000
2025-12-22 17:48:31,573 epoch 54 - iter 25/59 - loss 0.15062331 - time (sec): 2.82 - samples/sec: 3786.72 - lr: 0.025000 - momentum: 0.000000
2025-12-22 17:48:32,236 epoch 54 - iter 30/59 - loss 0.15273134 - time (sec): 3.48 - samples/sec: 3705.76 - lr: 0.025000 - momentum: 0.000000
2025-12-22 17:48:32,791 epoch 54 - iter 35/59 - loss 0.15304064 - time (sec): 4.04 - samples/sec: 3724.63 - lr: 0.025000 - momentum: 0.000000
2025-12-22 17:48:33,407 epoch 54 - iter 40/59 - loss 0.15125295 - time (sec): 4.65 - samples/sec: 3676.59 - lr: 0.025000 - momentum: 0.000000
2025-12-22 17:48:34,163 epoch 54 - iter 45/59 - loss 0.15175242 - time (sec): 5.41 - samples/sec: 3582.67 - lr: 0.025000 - momentum: 0.000000
2025-12-22 17:48:34,743 epoch 54 - iter 50/59 - loss 0.15170347 - time (sec): 5.99 - samples/sec: 3571.26 - lr: 0.025000 - momentum: 0.000000
2025-12-22 17:48:35,414 epoch 54 - iter 55/59 - loss 0.15484102 - time (sec): 6.66 - samples/sec: 3560.55 - lr: 0.025000 - momentum: 0.000000
2025-12-22 17:48:35,801 ----------------------------------------------------------------------------------------------------
2025-12-22 17:48:35,801 EPOCH 54 done: loss 0.1561 - lr: 0.025000
2025-12-22 17:48:36,738 DEV : loss 0.2707257866859436 - f1-score (micro avg)  0.9239
2025-12-22 17:48:36,740  - 3 epochs without improvement
2025-12-22 17:48:36,741 ----------------------------------------------------------------------------------------------------
2025-12-22 17:48:37,188 epoch 55 - iter 5/59 - loss 0.18504480 - time (sec): 0.45 - samples/sec: 4038.20 - lr: 0.025000 - momentum: 0.000000
2025-12-22 17:48:37,711 epoch 55 - iter 10/59 - loss 0.16895943 - time (sec): 0.97 - samples/sec: 3956.80 - lr: 0.025000 - momentum: 0.000000
2025-12-22 17:48:38,378 epoch 55 - iter 15/59 - loss 0.16159517 - time (sec): 1.64 - samples/sec: 3796.26 - lr: 0.025000 - momentum: 0.000000
2025-12-22 17:48:38,920 epoch 55 - iter 20/59 - loss 0.16434701 - time (sec): 2.18 - samples/sec: 3821.70 - lr: 0.025000 - momentum: 0.000000
2025-12-22 17:48:39,450 epoch 55 - iter 25/59 - loss 0.16264986 - time (sec): 2.71 - samples/sec: 3870.94 - lr: 0.025000 - momentum: 0.000000
2025-12-22 17:48:40,015 epoch 55 - iter 30/59 - loss 0.16042966 - time (sec): 3.27 - samples/sec: 3843.93 - lr: 0.025000 - momentum: 0.000000
2025-12-22 17:48:40,598 epoch 55 - iter 35/59 - loss 0.16009951 - time (sec): 3.86 - samples/sec: 3884.36 - lr: 0.025000 - momentum: 0.000000
2025-12-22 17:48:41,063 epoch 55 - iter 40/59 - loss 0.15938459 - time (sec): 4.32 - samples/sec: 3940.03 - lr: 0.025000 - momentum: 0.000000
2025-12-22 17:48:41,647 epoch 55 - iter 45/59 - loss 0.15843469 - time (sec): 4.91 - samples/sec: 3886.38 - lr: 0.025000 - momentum: 0.000000
2025-12-22 17:48:42,253 epoch 55 - iter 50/59 - loss 0.15748773 - time (sec): 5.51 - samples/sec: 3877.17 - lr: 0.025000 - momentum: 0.000000
2025-12-22 17:48:42,979 epoch 55 - iter 55/59 - loss 0.15706824 - time (sec): 6.24 - samples/sec: 3794.25 - lr: 0.025000 - momentum: 0.000000
2025-12-22 17:48:43,421 ----------------------------------------------------------------------------------------------------
2025-12-22 17:48:43,421 EPOCH 55 done: loss 0.1566 - lr: 0.025000
2025-12-22 17:48:44,114 DEV : loss 0.27479708194732666 - f1-score (micro avg)  0.9238
2025-12-22 17:48:44,116  - 4 epochs without improvement (above 'patience')-> annealing learning_rate to [0.0125]
2025-12-22 17:48:44,116 ----------------------------------------------------------------------------------------------------
2025-12-22 17:48:44,767 epoch 56 - iter 5/59 - loss 0.16578878 - time (sec): 0.65 - samples/sec: 3473.13 - lr: 0.012500 - momentum: 0.000000
2025-12-22 17:48:45,322 epoch 56 - iter 10/59 - loss 0.14849123 - time (sec): 1.21 - samples/sec: 3617.43 - lr: 0.012500 - momentum: 0.000000
2025-12-22 17:48:45,922 epoch 56 - iter 15/59 - loss 0.14468086 - time (sec): 1.81 - samples/sec: 3688.22 - lr: 0.012500 - momentum: 0.000000
2025-12-22 17:48:46,535 epoch 56 - iter 20/59 - loss 0.14419952 - time (sec): 2.42 - samples/sec: 3600.46 - lr: 0.012500 - momentum: 0.000000
2025-12-22 17:48:47,147 epoch 56 - iter 25/59 - loss 0.14095708 - time (sec): 3.03 - samples/sec: 3593.52 - lr: 0.012500 - momentum: 0.000000
2025-12-22 17:48:47,789 epoch 56 - iter 30/59 - loss 0.14375149 - time (sec): 3.67 - samples/sec: 3561.68 - lr: 0.012500 - momentum: 0.000000
2025-12-22 17:48:48,347 epoch 56 - iter 35/59 - loss 0.14439208 - time (sec): 4.23 - samples/sec: 3567.43 - lr: 0.012500 - momentum: 0.000000
2025-12-22 17:48:48,888 epoch 56 - iter 40/59 - loss 0.14504454 - time (sec): 4.77 - samples/sec: 3596.59 - lr: 0.012500 - momentum: 0.000000
2025-12-22 17:48:49,401 epoch 56 - iter 45/59 - loss 0.14503041 - time (sec): 5.28 - samples/sec: 3626.69 - lr: 0.012500 - momentum: 0.000000
2025-12-22 17:48:50,008 epoch 56 - iter 50/59 - loss 0.14602526 - time (sec): 5.89 - samples/sec: 3648.62 - lr: 0.012500 - momentum: 0.000000
2025-12-22 17:48:50,647 epoch 56 - iter 55/59 - loss 0.14761479 - time (sec): 6.53 - samples/sec: 3631.47 - lr: 0.012500 - momentum: 0.000000
2025-12-22 17:48:51,069 ----------------------------------------------------------------------------------------------------
2025-12-22 17:48:51,069 EPOCH 56 done: loss 0.1475 - lr: 0.012500
2025-12-22 17:48:51,770 DEV : loss 0.2738451361656189 - f1-score (micro avg)  0.9243
2025-12-22 17:48:51,772  - 1 epochs without improvement
2025-12-22 17:48:51,772 ----------------------------------------------------------------------------------------------------
2025-12-22 17:48:52,424 epoch 57 - iter 5/59 - loss 0.15594766 - time (sec): 0.65 - samples/sec: 3230.87 - lr: 0.012500 - momentum: 0.000000
2025-12-22 17:48:52,951 epoch 57 - iter 10/59 - loss 0.15065759 - time (sec): 1.18 - samples/sec: 3604.18 - lr: 0.012500 - momentum: 0.000000
2025-12-22 17:48:53,620 epoch 57 - iter 15/59 - loss 0.14584558 - time (sec): 1.85 - samples/sec: 3546.24 - lr: 0.012500 - momentum: 0.000000
2025-12-22 17:48:54,151 epoch 57 - iter 20/59 - loss 0.14334119 - time (sec): 2.38 - samples/sec: 3598.13 - lr: 0.012500 - momentum: 0.000000
2025-12-22 17:48:54,768 epoch 57 - iter 25/59 - loss 0.14271707 - time (sec): 2.99 - samples/sec: 3580.02 - lr: 0.012500 - momentum: 0.000000
2025-12-22 17:48:55,244 epoch 57 - iter 30/59 - loss 0.14112731 - time (sec): 3.47 - samples/sec: 3709.83 - lr: 0.012500 - momentum: 0.000000
2025-12-22 17:48:55,726 epoch 57 - iter 35/59 - loss 0.14218087 - time (sec): 3.95 - samples/sec: 3786.91 - lr: 0.012500 - momentum: 0.000000
2025-12-22 17:48:56,291 epoch 57 - iter 40/59 - loss 0.13937972 - time (sec): 4.52 - samples/sec: 3787.37 - lr: 0.012500 - momentum: 0.000000
2025-12-22 17:48:56,966 epoch 57 - iter 45/59 - loss 0.14126193 - time (sec): 5.19 - samples/sec: 3717.63 - lr: 0.012500 - momentum: 0.000000
2025-12-22 17:48:57,527 epoch 57 - iter 50/59 - loss 0.14185807 - time (sec): 5.75 - samples/sec: 3729.59 - lr: 0.012500 - momentum: 0.000000
2025-12-22 17:48:58,135 epoch 57 - iter 55/59 - loss 0.14523467 - time (sec): 6.36 - samples/sec: 3724.31 - lr: 0.012500 - momentum: 0.000000
2025-12-22 17:48:58,572 ----------------------------------------------------------------------------------------------------
2025-12-22 17:48:58,573 EPOCH 57 done: loss 0.1460 - lr: 0.012500
2025-12-22 17:48:59,547 DEV : loss 0.27496859431266785 - f1-score (micro avg)  0.9244
2025-12-22 17:48:59,549  - 2 epochs without improvement
2025-12-22 17:48:59,549 ----------------------------------------------------------------------------------------------------
2025-12-22 17:49:00,111 epoch 58 - iter 5/59 - loss 0.13322819 - time (sec): 0.56 - samples/sec: 3763.44 - lr: 0.012500 - momentum: 0.000000
2025-12-22 17:49:00,690 epoch 58 - iter 10/59 - loss 0.13087096 - time (sec): 1.14 - samples/sec: 3696.56 - lr: 0.012500 - momentum: 0.000000
2025-12-22 17:49:01,244 epoch 58 - iter 15/59 - loss 0.13762147 - time (sec): 1.69 - samples/sec: 3698.84 - lr: 0.012500 - momentum: 0.000000
2025-12-22 17:49:01,918 epoch 58 - iter 20/59 - loss 0.14257220 - time (sec): 2.37 - samples/sec: 3548.82 - lr: 0.012500 - momentum: 0.000000
2025-12-22 17:49:02,573 epoch 58 - iter 25/59 - loss 0.14204124 - time (sec): 3.02 - samples/sec: 3452.37 - lr: 0.012500 - momentum: 0.000000
2025-12-22 17:49:03,219 epoch 58 - iter 30/59 - loss 0.14328058 - time (sec): 3.67 - samples/sec: 3416.90 - lr: 0.012500 - momentum: 0.000000
2025-12-22 17:49:03,830 epoch 58 - iter 35/59 - loss 0.14332651 - time (sec): 4.28 - samples/sec: 3434.67 - lr: 0.012500 - momentum: 0.000000
2025-12-22 17:49:04,506 epoch 58 - iter 40/59 - loss 0.14114885 - time (sec): 4.96 - samples/sec: 3456.12 - lr: 0.012500 - momentum: 0.000000
2025-12-22 17:49:05,198 epoch 58 - iter 45/59 - loss 0.14102571 - time (sec): 5.65 - samples/sec: 3443.25 - lr: 0.012500 - momentum: 0.000000
2025-12-22 17:49:05,755 epoch 58 - iter 50/59 - loss 0.14496183 - time (sec): 6.21 - samples/sec: 3488.22 - lr: 0.012500 - momentum: 0.000000
2025-12-22 17:49:06,353 epoch 58 - iter 55/59 - loss 0.14455099 - time (sec): 6.80 - samples/sec: 3501.76 - lr: 0.012500 - momentum: 0.000000
2025-12-22 17:49:06,710 ----------------------------------------------------------------------------------------------------
2025-12-22 17:49:06,710 EPOCH 58 done: loss 0.1445 - lr: 0.012500
2025-12-22 17:49:07,410 DEV : loss 0.2749535143375397 - f1-score (micro avg)  0.9246
2025-12-22 17:49:07,412  - 3 epochs without improvement
2025-12-22 17:49:07,413 ----------------------------------------------------------------------------------------------------
2025-12-22 17:49:08,302 epoch 59 - iter 5/59 - loss 0.15363867 - time (sec): 0.89 - samples/sec: 2402.12 - lr: 0.012500 - momentum: 0.000000
2025-12-22 17:49:08,967 epoch 59 - iter 10/59 - loss 0.14499857 - time (sec): 1.55 - samples/sec: 2713.49 - lr: 0.012500 - momentum: 0.000000
2025-12-22 17:49:09,590 epoch 59 - iter 15/59 - loss 0.14796626 - time (sec): 2.18 - samples/sec: 2921.08 - lr: 0.012500 - momentum: 0.000000
2025-12-22 17:49:10,181 epoch 59 - iter 20/59 - loss 0.14766979 - time (sec): 2.77 - samples/sec: 3071.90 - lr: 0.012500 - momentum: 0.000000
2025-12-22 17:49:10,781 epoch 59 - iter 25/59 - loss 0.14628783 - time (sec): 3.37 - samples/sec: 3174.02 - lr: 0.012500 - momentum: 0.000000
2025-12-22 17:49:11,413 epoch 59 - iter 30/59 - loss 0.14476265 - time (sec): 4.00 - samples/sec: 3229.29 - lr: 0.012500 - momentum: 0.000000
2025-12-22 17:49:11,970 epoch 59 - iter 35/59 - loss 0.14388247 - time (sec): 4.56 - samples/sec: 3272.49 - lr: 0.012500 - momentum: 0.000000
2025-12-22 17:49:12,634 epoch 59 - iter 40/59 - loss 0.14453636 - time (sec): 5.22 - samples/sec: 3291.79 - lr: 0.012500 - momentum: 0.000000
2025-12-22 17:49:13,269 epoch 59 - iter 45/59 - loss 0.14604549 - time (sec): 5.86 - samples/sec: 3294.86 - lr: 0.012500 - momentum: 0.000000
2025-12-22 17:49:13,766 epoch 59 - iter 50/59 - loss 0.14660019 - time (sec): 6.35 - samples/sec: 3358.84 - lr: 0.012500 - momentum: 0.000000
2025-12-22 17:49:14,446 epoch 59 - iter 55/59 - loss 0.14708297 - time (sec): 7.03 - samples/sec: 3356.61 - lr: 0.012500 - momentum: 0.000000
2025-12-22 17:49:14,996 ----------------------------------------------------------------------------------------------------
2025-12-22 17:49:14,997 EPOCH 59 done: loss 0.1467 - lr: 0.012500
2025-12-22 17:49:15,682 DEV : loss 0.2759617865085602 - f1-score (micro avg)  0.9255
2025-12-22 17:49:15,684  - 4 epochs without improvement (above 'patience')-> annealing learning_rate to [0.00625]
2025-12-22 17:49:15,684 ----------------------------------------------------------------------------------------------------
2025-12-22 17:49:16,232 epoch 60 - iter 5/59 - loss 0.13052024 - time (sec): 0.55 - samples/sec: 4123.43 - lr: 0.006250 - momentum: 0.000000
2025-12-22 17:49:16,900 epoch 60 - iter 10/59 - loss 0.14335008 - time (sec): 1.22 - samples/sec: 3708.04 - lr: 0.006250 - momentum: 0.000000
2025-12-22 17:49:17,578 epoch 60 - iter 15/59 - loss 0.14355165 - time (sec): 1.89 - samples/sec: 3560.89 - lr: 0.006250 - momentum: 0.000000
2025-12-22 17:49:18,149 epoch 60 - iter 20/59 - loss 0.14673231 - time (sec): 2.46 - samples/sec: 3605.56 - lr: 0.006250 - momentum: 0.000000
2025-12-22 17:49:18,708 epoch 60 - iter 25/59 - loss 0.14669220 - time (sec): 3.02 - samples/sec: 3681.83 - lr: 0.006250 - momentum: 0.000000
2025-12-22 17:49:19,239 epoch 60 - iter 30/59 - loss 0.14621117 - time (sec): 3.55 - samples/sec: 3717.04 - lr: 0.006250 - momentum: 0.000000
2025-12-22 17:49:19,854 epoch 60 - iter 35/59 - loss 0.14335629 - time (sec): 4.17 - samples/sec: 3662.91 - lr: 0.006250 - momentum: 0.000000
2025-12-22 17:49:20,412 epoch 60 - iter 40/59 - loss 0.14139941 - time (sec): 4.73 - samples/sec: 3698.20 - lr: 0.006250 - momentum: 0.000000
2025-12-22 17:49:20,931 epoch 60 - iter 45/59 - loss 0.14307626 - time (sec): 5.25 - samples/sec: 3691.16 - lr: 0.006250 - momentum: 0.000000
2025-12-22 17:49:21,526 epoch 60 - iter 50/59 - loss 0.14389603 - time (sec): 5.84 - samples/sec: 3685.41 - lr: 0.006250 - momentum: 0.000000
2025-12-22 17:49:22,104 epoch 60 - iter 55/59 - loss 0.14383040 - time (sec): 6.42 - samples/sec: 3693.93 - lr: 0.006250 - momentum: 0.000000
2025-12-22 17:49:22,554 ----------------------------------------------------------------------------------------------------
2025-12-22 17:49:22,554 EPOCH 60 done: loss 0.1433 - lr: 0.006250
2025-12-22 17:49:23,507 DEV : loss 0.27529874444007874 - f1-score (micro avg)  0.9251
2025-12-22 17:49:23,509  - 1 epochs without improvement
2025-12-22 17:49:23,509 ----------------------------------------------------------------------------------------------------
2025-12-22 17:49:24,054 epoch 61 - iter 5/59 - loss 0.15141142 - time (sec): 0.54 - samples/sec: 3647.50 - lr: 0.006250 - momentum: 0.000000
2025-12-22 17:49:24,657 epoch 61 - iter 10/59 - loss 0.15242568 - time (sec): 1.15 - samples/sec: 3608.99 - lr: 0.006250 - momentum: 0.000000
2025-12-22 17:49:25,237 epoch 61 - iter 15/59 - loss 0.14987155 - time (sec): 1.73 - samples/sec: 3588.43 - lr: 0.006250 - momentum: 0.000000
2025-12-22 17:49:25,798 epoch 61 - iter 20/59 - loss 0.15153864 - time (sec): 2.29 - samples/sec: 3699.58 - lr: 0.006250 - momentum: 0.000000
2025-12-22 17:49:26,346 epoch 61 - iter 25/59 - loss 0.14629291 - time (sec): 2.84 - samples/sec: 3726.17 - lr: 0.006250 - momentum: 0.000000
2025-12-22 17:49:26,893 epoch 61 - iter 30/59 - loss 0.14704358 - time (sec): 3.38 - samples/sec: 3774.14 - lr: 0.006250 - momentum: 0.000000
2025-12-22 17:49:27,411 epoch 61 - iter 35/59 - loss 0.14487848 - time (sec): 3.90 - samples/sec: 3819.42 - lr: 0.006250 - momentum: 0.000000
2025-12-22 17:49:28,150 epoch 61 - iter 40/59 - loss 0.14575610 - time (sec): 4.64 - samples/sec: 3702.89 - lr: 0.006250 - momentum: 0.000000
2025-12-22 17:49:28,707 epoch 61 - iter 45/59 - loss 0.14536535 - time (sec): 5.20 - samples/sec: 3725.28 - lr: 0.006250 - momentum: 0.000000
2025-12-22 17:49:29,381 epoch 61 - iter 50/59 - loss 0.14239939 - time (sec): 5.87 - samples/sec: 3687.20 - lr: 0.006250 - momentum: 0.000000
2025-12-22 17:49:29,953 epoch 61 - iter 55/59 - loss 0.14341236 - time (sec): 6.44 - samples/sec: 3677.34 - lr: 0.006250 - momentum: 0.000000
2025-12-22 17:49:30,338 ----------------------------------------------------------------------------------------------------
2025-12-22 17:49:30,339 EPOCH 61 done: loss 0.1436 - lr: 0.006250
2025-12-22 17:49:31,024 DEV : loss 0.2765960097312927 - f1-score (micro avg)  0.9256
2025-12-22 17:49:31,025  - 0 epochs without improvement
2025-12-22 17:49:31,026 saving best model
2025-12-22 17:49:31,045 ----------------------------------------------------------------------------------------------------
2025-12-22 17:49:31,545 epoch 62 - iter 5/59 - loss 0.15313798 - time (sec): 0.50 - samples/sec: 4287.16 - lr: 0.006250 - momentum: 0.000000
2025-12-22 17:49:32,062 epoch 62 - iter 10/59 - loss 0.15357605 - time (sec): 1.02 - samples/sec: 4267.08 - lr: 0.006250 - momentum: 0.000000
2025-12-22 17:49:32,652 epoch 62 - iter 15/59 - loss 0.15806656 - time (sec): 1.61 - samples/sec: 3934.96 - lr: 0.006250 - momentum: 0.000000
2025-12-22 17:49:33,351 epoch 62 - iter 20/59 - loss 0.15449540 - time (sec): 2.31 - samples/sec: 3665.34 - lr: 0.006250 - momentum: 0.000000
2025-12-22 17:49:33,954 epoch 62 - iter 25/59 - loss 0.15428074 - time (sec): 2.91 - samples/sec: 3651.89 - lr: 0.006250 - momentum: 0.000000
2025-12-22 17:49:34,552 epoch 62 - iter 30/59 - loss 0.15122222 - time (sec): 3.51 - samples/sec: 3636.90 - lr: 0.006250 - momentum: 0.000000
2025-12-22 17:49:35,071 epoch 62 - iter 35/59 - loss 0.15049736 - time (sec): 4.03 - samples/sec: 3709.22 - lr: 0.006250 - momentum: 0.000000
2025-12-22 17:49:35,617 epoch 62 - iter 40/59 - loss 0.15137890 - time (sec): 4.57 - samples/sec: 3696.24 - lr: 0.006250 - momentum: 0.000000
2025-12-22 17:49:36,390 epoch 62 - iter 45/59 - loss 0.14935920 - time (sec): 5.35 - samples/sec: 3600.73 - lr: 0.006250 - momentum: 0.000000
2025-12-22 17:49:37,041 epoch 62 - iter 50/59 - loss 0.14781185 - time (sec): 6.00 - samples/sec: 3569.32 - lr: 0.006250 - momentum: 0.000000
2025-12-22 17:49:37,773 epoch 62 - iter 55/59 - loss 0.14757627 - time (sec): 6.73 - samples/sec: 3513.33 - lr: 0.006250 - momentum: 0.000000
2025-12-22 17:49:38,307 ----------------------------------------------------------------------------------------------------
2025-12-22 17:49:38,307 EPOCH 62 done: loss 0.1474 - lr: 0.006250
2025-12-22 17:49:39,023 DEV : loss 0.2760254442691803 - f1-score (micro avg)  0.9239
2025-12-22 17:49:39,025  - 1 epochs without improvement
2025-12-22 17:49:39,025 ----------------------------------------------------------------------------------------------------
2025-12-22 17:49:39,625 epoch 63 - iter 5/59 - loss 0.15017895 - time (sec): 0.60 - samples/sec: 3664.16 - lr: 0.006250 - momentum: 0.000000
2025-12-22 17:49:40,154 epoch 63 - iter 10/59 - loss 0.14469163 - time (sec): 1.13 - samples/sec: 3760.15 - lr: 0.006250 - momentum: 0.000000
2025-12-22 17:49:40,735 epoch 63 - iter 15/59 - loss 0.14077984 - time (sec): 1.71 - samples/sec: 3727.96 - lr: 0.006250 - momentum: 0.000000
2025-12-22 17:49:41,454 epoch 63 - iter 20/59 - loss 0.13898924 - time (sec): 2.43 - samples/sec: 3543.15 - lr: 0.006250 - momentum: 0.000000
2025-12-22 17:49:41,965 epoch 63 - iter 25/59 - loss 0.13764119 - time (sec): 2.94 - samples/sec: 3609.16 - lr: 0.006250 - momentum: 0.000000
2025-12-22 17:49:42,580 epoch 63 - iter 30/59 - loss 0.13988579 - time (sec): 3.55 - samples/sec: 3609.88 - lr: 0.006250 - momentum: 0.000000
2025-12-22 17:49:43,558 epoch 63 - iter 35/59 - loss 0.14128632 - time (sec): 4.53 - samples/sec: 3276.21 - lr: 0.006250 - momentum: 0.000000
2025-12-22 17:49:44,125 epoch 63 - iter 40/59 - loss 0.13982132 - time (sec): 5.10 - samples/sec: 3327.52 - lr: 0.006250 - momentum: 0.000000
2025-12-22 17:49:44,781 epoch 63 - iter 45/59 - loss 0.13946203 - time (sec): 5.76 - samples/sec: 3369.85 - lr: 0.006250 - momentum: 0.000000
2025-12-22 17:49:45,308 epoch 63 - iter 50/59 - loss 0.13867403 - time (sec): 6.28 - samples/sec: 3423.16 - lr: 0.006250 - momentum: 0.000000
2025-12-22 17:49:46,012 epoch 63 - iter 55/59 - loss 0.14030317 - time (sec): 6.99 - samples/sec: 3402.85 - lr: 0.006250 - momentum: 0.000000
2025-12-22 17:49:46,395 ----------------------------------------------------------------------------------------------------
2025-12-22 17:49:46,395 EPOCH 63 done: loss 0.1409 - lr: 0.006250
2025-12-22 17:49:47,089 DEV : loss 0.27528905868530273 - f1-score (micro avg)  0.9243
2025-12-22 17:49:47,091  - 2 epochs without improvement
2025-12-22 17:49:47,091 ----------------------------------------------------------------------------------------------------
2025-12-22 17:49:47,712 epoch 64 - iter 5/59 - loss 0.12370571 - time (sec): 0.62 - samples/sec: 3601.44 - lr: 0.006250 - momentum: 0.000000
2025-12-22 17:49:48,264 epoch 64 - iter 10/59 - loss 0.14287073 - time (sec): 1.17 - samples/sec: 3654.82 - lr: 0.006250 - momentum: 0.000000
2025-12-22 17:49:48,954 epoch 64 - iter 15/59 - loss 0.14528057 - time (sec): 1.86 - samples/sec: 3529.96 - lr: 0.006250 - momentum: 0.000000
2025-12-22 17:49:49,581 epoch 64 - iter 20/59 - loss 0.14306319 - time (sec): 2.49 - samples/sec: 3535.06 - lr: 0.006250 - momentum: 0.000000
2025-12-22 17:49:50,171 epoch 64 - iter 25/59 - loss 0.14096064 - time (sec): 3.08 - samples/sec: 3518.98 - lr: 0.006250 - momentum: 0.000000
2025-12-22 17:49:50,665 epoch 64 - iter 30/59 - loss 0.14217510 - time (sec): 3.57 - samples/sec: 3603.99 - lr: 0.006250 - momentum: 0.000000
2025-12-22 17:49:51,245 epoch 64 - iter 35/59 - loss 0.13968438 - time (sec): 4.15 - samples/sec: 3604.79 - lr: 0.006250 - momentum: 0.000000
2025-12-22 17:49:51,847 epoch 64 - iter 40/59 - loss 0.14031789 - time (sec): 4.76 - samples/sec: 3616.14 - lr: 0.006250 - momentum: 0.000000
2025-12-22 17:49:52,544 epoch 64 - iter 45/59 - loss 0.13950632 - time (sec): 5.45 - samples/sec: 3568.43 - lr: 0.006250 - momentum: 0.000000
2025-12-22 17:49:53,153 epoch 64 - iter 50/59 - loss 0.14166908 - time (sec): 6.06 - samples/sec: 3557.33 - lr: 0.006250 - momentum: 0.000000
2025-12-22 17:49:53,725 epoch 64 - iter 55/59 - loss 0.14213249 - time (sec): 6.63 - samples/sec: 3569.60 - lr: 0.006250 - momentum: 0.000000
2025-12-22 17:49:54,176 ----------------------------------------------------------------------------------------------------
2025-12-22 17:49:54,177 EPOCH 64 done: loss 0.1420 - lr: 0.006250
2025-12-22 17:49:55,114 DEV : loss 0.2753404676914215 - f1-score (micro avg)  0.9252
2025-12-22 17:49:55,115  - 3 epochs without improvement
2025-12-22 17:49:55,115 ----------------------------------------------------------------------------------------------------
2025-12-22 17:49:55,683 epoch 65 - iter 5/59 - loss 0.13058899 - time (sec): 0.57 - samples/sec: 3788.71 - lr: 0.006250 - momentum: 0.000000
2025-12-22 17:49:56,260 epoch 65 - iter 10/59 - loss 0.14152555 - time (sec): 1.14 - samples/sec: 3747.68 - lr: 0.006250 - momentum: 0.000000
2025-12-22 17:49:56,855 epoch 65 - iter 15/59 - loss 0.13925954 - time (sec): 1.74 - samples/sec: 3758.14 - lr: 0.006250 - momentum: 0.000000
2025-12-22 17:49:57,399 epoch 65 - iter 20/59 - loss 0.13752071 - time (sec): 2.28 - samples/sec: 3824.13 - lr: 0.006250 - momentum: 0.000000
2025-12-22 17:49:57,950 epoch 65 - iter 25/59 - loss 0.13613783 - time (sec): 2.83 - samples/sec: 3806.64 - lr: 0.006250 - momentum: 0.000000
2025-12-22 17:49:58,524 epoch 65 - iter 30/59 - loss 0.13657360 - time (sec): 3.41 - samples/sec: 3754.65 - lr: 0.006250 - momentum: 0.000000
2025-12-22 17:49:59,048 epoch 65 - iter 35/59 - loss 0.13456786 - time (sec): 3.93 - samples/sec: 3759.73 - lr: 0.006250 - momentum: 0.000000
2025-12-22 17:49:59,708 epoch 65 - iter 40/59 - loss 0.13503615 - time (sec): 4.59 - samples/sec: 3711.00 - lr: 0.006250 - momentum: 0.000000
2025-12-22 17:50:00,298 epoch 65 - iter 45/59 - loss 0.13620735 - time (sec): 5.18 - samples/sec: 3707.93 - lr: 0.006250 - momentum: 0.000000
2025-12-22 17:50:00,851 epoch 65 - iter 50/59 - loss 0.13887531 - time (sec): 5.74 - samples/sec: 3742.67 - lr: 0.006250 - momentum: 0.000000
2025-12-22 17:50:01,457 epoch 65 - iter 55/59 - loss 0.13800970 - time (sec): 6.34 - samples/sec: 3720.56 - lr: 0.006250 - momentum: 0.000000
2025-12-22 17:50:01,946 ----------------------------------------------------------------------------------------------------
2025-12-22 17:50:01,946 EPOCH 65 done: loss 0.1380 - lr: 0.006250
2025-12-22 17:50:02,645 DEV : loss 0.27508386969566345 - f1-score (micro avg)  0.9259
2025-12-22 17:50:02,647  - 0 epochs without improvement
2025-12-22 17:50:02,647 saving best model
2025-12-22 17:50:02,668 ----------------------------------------------------------------------------------------------------
2025-12-22 17:50:03,282 epoch 66 - iter 5/59 - loss 0.13913348 - time (sec): 0.61 - samples/sec: 3518.44 - lr: 0.006250 - momentum: 0.000000
2025-12-22 17:50:03,894 epoch 66 - iter 10/59 - loss 0.14354819 - time (sec): 1.23 - samples/sec: 3495.79 - lr: 0.006250 - momentum: 0.000000
2025-12-22 17:50:04,492 epoch 66 - iter 15/59 - loss 0.14122967 - time (sec): 1.82 - samples/sec: 3605.50 - lr: 0.006250 - momentum: 0.000000
2025-12-22 17:50:05,152 epoch 66 - iter 20/59 - loss 0.14209229 - time (sec): 2.48 - samples/sec: 3537.54 - lr: 0.006250 - momentum: 0.000000
2025-12-22 17:50:05,717 epoch 66 - iter 25/59 - loss 0.14262000 - time (sec): 3.05 - samples/sec: 3591.81 - lr: 0.006250 - momentum: 0.000000
2025-12-22 17:50:06,227 epoch 66 - iter 30/59 - loss 0.13862254 - time (sec): 3.56 - samples/sec: 3690.45 - lr: 0.006250 - momentum: 0.000000
2025-12-22 17:50:06,791 epoch 66 - iter 35/59 - loss 0.13884620 - time (sec): 4.12 - samples/sec: 3695.12 - lr: 0.006250 - momentum: 0.000000
2025-12-22 17:50:07,397 epoch 66 - iter 40/59 - loss 0.13900609 - time (sec): 4.73 - samples/sec: 3675.68 - lr: 0.006250 - momentum: 0.000000
2025-12-22 17:50:07,994 epoch 66 - iter 45/59 - loss 0.13971982 - time (sec): 5.33 - samples/sec: 3656.85 - lr: 0.006250 - momentum: 0.000000
2025-12-22 17:50:08,695 epoch 66 - iter 50/59 - loss 0.13897474 - time (sec): 6.03 - samples/sec: 3587.24 - lr: 0.006250 - momentum: 0.000000
2025-12-22 17:50:09,237 epoch 66 - iter 55/59 - loss 0.14096759 - time (sec): 6.57 - samples/sec: 3623.30 - lr: 0.006250 - momentum: 0.000000
2025-12-22 17:50:09,636 ----------------------------------------------------------------------------------------------------
2025-12-22 17:50:09,636 EPOCH 66 done: loss 0.1410 - lr: 0.006250
2025-12-22 17:50:10,336 DEV : loss 0.2760081887245178 - f1-score (micro avg)  0.9249
2025-12-22 17:50:10,338  - 1 epochs without improvement
2025-12-22 17:50:10,338 ----------------------------------------------------------------------------------------------------
2025-12-22 17:50:10,942 epoch 67 - iter 5/59 - loss 0.12721651 - time (sec): 0.60 - samples/sec: 3509.57 - lr: 0.006250 - momentum: 0.000000
2025-12-22 17:50:11,519 epoch 67 - iter 10/59 - loss 0.12680538 - time (sec): 1.18 - samples/sec: 3616.09 - lr: 0.006250 - momentum: 0.000000
2025-12-22 17:50:12,212 epoch 67 - iter 15/59 - loss 0.13612598 - time (sec): 1.87 - samples/sec: 3419.29 - lr: 0.006250 - momentum: 0.000000
2025-12-22 17:50:12,808 epoch 67 - iter 20/59 - loss 0.13755000 - time (sec): 2.47 - samples/sec: 3500.89 - lr: 0.006250 - momentum: 0.000000
2025-12-22 17:50:13,424 epoch 67 - iter 25/59 - loss 0.14099323 - time (sec): 3.09 - samples/sec: 3486.85 - lr: 0.006250 - momentum: 0.000000
2025-12-22 17:50:13,893 epoch 67 - iter 30/59 - loss 0.13990063 - time (sec): 3.55 - samples/sec: 3600.04 - lr: 0.006250 - momentum: 0.000000
2025-12-22 17:50:14,430 epoch 67 - iter 35/59 - loss 0.13987131 - time (sec): 4.09 - samples/sec: 3651.79 - lr: 0.006250 - momentum: 0.000000
2025-12-22 17:50:14,975 epoch 67 - iter 40/59 - loss 0.14193169 - time (sec): 4.64 - samples/sec: 3666.99 - lr: 0.006250 - momentum: 0.000000
2025-12-22 17:50:15,493 epoch 67 - iter 45/59 - loss 0.14218111 - time (sec): 5.15 - samples/sec: 3718.07 - lr: 0.006250 - momentum: 0.000000
2025-12-22 17:50:16,118 epoch 67 - iter 50/59 - loss 0.14138774 - time (sec): 5.78 - samples/sec: 3698.20 - lr: 0.006250 - momentum: 0.000000
2025-12-22 17:50:16,697 epoch 67 - iter 55/59 - loss 0.14121725 - time (sec): 6.36 - samples/sec: 3729.86 - lr: 0.006250 - momentum: 0.000000
2025-12-22 17:50:17,117 ----------------------------------------------------------------------------------------------------
2025-12-22 17:50:17,117 EPOCH 67 done: loss 0.1417 - lr: 0.006250
2025-12-22 17:50:17,975 DEV : loss 0.27760961651802063 - f1-score (micro avg)  0.9256
2025-12-22 17:50:17,977  - 2 epochs without improvement
2025-12-22 17:50:17,977 ----------------------------------------------------------------------------------------------------
2025-12-22 17:50:18,636 epoch 68 - iter 5/59 - loss 0.16201086 - time (sec): 0.66 - samples/sec: 3115.09 - lr: 0.006250 - momentum: 0.000000
2025-12-22 17:50:19,244 epoch 68 - iter 10/59 - loss 0.14637127 - time (sec): 1.27 - samples/sec: 3428.17 - lr: 0.006250 - momentum: 0.000000
2025-12-22 17:50:19,859 epoch 68 - iter 15/59 - loss 0.14256460 - time (sec): 1.88 - samples/sec: 3454.10 - lr: 0.006250 - momentum: 0.000000
2025-12-22 17:50:20,473 epoch 68 - iter 20/59 - loss 0.14250405 - time (sec): 2.50 - samples/sec: 3520.52 - lr: 0.006250 - momentum: 0.000000
2025-12-22 17:50:21,138 epoch 68 - iter 25/59 - loss 0.14458513 - time (sec): 3.16 - samples/sec: 3480.66 - lr: 0.006250 - momentum: 0.000000
2025-12-22 17:50:21,659 epoch 68 - iter 30/59 - loss 0.14675624 - time (sec): 3.68 - samples/sec: 3585.29 - lr: 0.006250 - momentum: 0.000000
2025-12-22 17:50:22,238 epoch 68 - iter 35/59 - loss 0.14679319 - time (sec): 4.26 - samples/sec: 3577.18 - lr: 0.006250 - momentum: 0.000000
2025-12-22 17:50:22,792 epoch 68 - iter 40/59 - loss 0.14822760 - time (sec): 4.81 - samples/sec: 3602.88 - lr: 0.006250 - momentum: 0.000000
2025-12-22 17:50:23,371 epoch 68 - iter 45/59 - loss 0.14700760 - time (sec): 5.39 - samples/sec: 3595.47 - lr: 0.006250 - momentum: 0.000000
2025-12-22 17:50:23,894 epoch 68 - iter 50/59 - loss 0.14754885 - time (sec): 5.92 - samples/sec: 3661.30 - lr: 0.006250 - momentum: 0.000000
2025-12-22 17:50:24,407 epoch 68 - iter 55/59 - loss 0.14478256 - time (sec): 6.43 - samples/sec: 3696.52 - lr: 0.006250 - momentum: 0.000000
2025-12-22 17:50:24,752 ----------------------------------------------------------------------------------------------------
2025-12-22 17:50:24,752 EPOCH 68 done: loss 0.1443 - lr: 0.006250
2025-12-22 17:50:25,417 DEV : loss 0.27776557207107544 - f1-score (micro avg)  0.9251
2025-12-22 17:50:25,419  - 3 epochs without improvement
2025-12-22 17:50:25,419 ----------------------------------------------------------------------------------------------------
2025-12-22 17:50:26,049 epoch 69 - iter 5/59 - loss 0.14386557 - time (sec): 0.63 - samples/sec: 3535.23 - lr: 0.006250 - momentum: 0.000000
2025-12-22 17:50:26,623 epoch 69 - iter 10/59 - loss 0.14250191 - time (sec): 1.20 - samples/sec: 3641.14 - lr: 0.006250 - momentum: 0.000000
2025-12-22 17:50:27,195 epoch 69 - iter 15/59 - loss 0.14279688 - time (sec): 1.78 - samples/sec: 3651.50 - lr: 0.006250 - momentum: 0.000000
2025-12-22 17:50:27,823 epoch 69 - iter 20/59 - loss 0.14220164 - time (sec): 2.40 - samples/sec: 3599.00 - lr: 0.006250 - momentum: 0.000000
2025-12-22 17:50:28,334 epoch 69 - iter 25/59 - loss 0.14251358 - time (sec): 2.91 - samples/sec: 3663.22 - lr: 0.006250 - momentum: 0.000000
2025-12-22 17:50:28,890 epoch 69 - iter 30/59 - loss 0.14038258 - time (sec): 3.47 - samples/sec: 3718.11 - lr: 0.006250 - momentum: 0.000000
2025-12-22 17:50:29,453 epoch 69 - iter 35/59 - loss 0.14174470 - time (sec): 4.03 - samples/sec: 3699.47 - lr: 0.006250 - momentum: 0.000000
2025-12-22 17:50:30,053 epoch 69 - iter 40/59 - loss 0.14111022 - time (sec): 4.63 - samples/sec: 3681.12 - lr: 0.006250 - momentum: 0.000000
2025-12-22 17:50:30,599 epoch 69 - iter 45/59 - loss 0.13965064 - time (sec): 5.18 - samples/sec: 3678.51 - lr: 0.006250 - momentum: 0.000000
2025-12-22 17:50:31,292 epoch 69 - iter 50/59 - loss 0.14036709 - time (sec): 5.87 - samples/sec: 3652.62 - lr: 0.006250 - momentum: 0.000000
2025-12-22 17:50:31,878 epoch 69 - iter 55/59 - loss 0.14110276 - time (sec): 6.46 - samples/sec: 3664.86 - lr: 0.006250 - momentum: 0.000000
2025-12-22 17:50:32,317 ----------------------------------------------------------------------------------------------------
2025-12-22 17:50:32,317 EPOCH 69 done: loss 0.1397 - lr: 0.006250
2025-12-22 17:50:32,972 DEV : loss 0.2795226573944092 - f1-score (micro avg)  0.9246
2025-12-22 17:50:32,974  - 4 epochs without improvement (above 'patience')-> annealing learning_rate to [0.003125]
2025-12-22 17:50:32,974 ----------------------------------------------------------------------------------------------------
2025-12-22 17:50:33,810 epoch 70 - iter 5/59 - loss 0.14046084 - time (sec): 0.83 - samples/sec: 2782.35 - lr: 0.003125 - momentum: 0.000000
2025-12-22 17:50:34,486 epoch 70 - iter 10/59 - loss 0.14819277 - time (sec): 1.51 - samples/sec: 3010.21 - lr: 0.003125 - momentum: 0.000000
2025-12-22 17:50:35,048 epoch 70 - iter 15/59 - loss 0.14343761 - time (sec): 2.07 - samples/sec: 3205.96 - lr: 0.003125 - momentum: 0.000000
2025-12-22 17:50:35,599 epoch 70 - iter 20/59 - loss 0.14257350 - time (sec): 2.62 - samples/sec: 3300.95 - lr: 0.003125 - momentum: 0.000000
2025-12-22 17:50:36,215 epoch 70 - iter 25/59 - loss 0.13985895 - time (sec): 3.24 - samples/sec: 3376.62 - lr: 0.003125 - momentum: 0.000000
2025-12-22 17:50:36,820 epoch 70 - iter 30/59 - loss 0.14042206 - time (sec): 3.85 - samples/sec: 3410.85 - lr: 0.003125 - momentum: 0.000000
2025-12-22 17:50:37,319 epoch 70 - iter 35/59 - loss 0.14033222 - time (sec): 4.34 - samples/sec: 3487.87 - lr: 0.003125 - momentum: 0.000000
2025-12-22 17:50:37,886 epoch 70 - iter 40/59 - loss 0.13906428 - time (sec): 4.91 - samples/sec: 3500.89 - lr: 0.003125 - momentum: 0.000000
2025-12-22 17:50:38,597 epoch 70 - iter 45/59 - loss 0.14026165 - time (sec): 5.62 - samples/sec: 3466.19 - lr: 0.003125 - momentum: 0.000000
2025-12-22 17:50:39,129 epoch 70 - iter 50/59 - loss 0.14137694 - time (sec): 6.15 - samples/sec: 3491.25 - lr: 0.003125 - momentum: 0.000000
2025-12-22 17:50:39,649 epoch 70 - iter 55/59 - loss 0.14132174 - time (sec): 6.67 - samples/sec: 3539.45 - lr: 0.003125 - momentum: 0.000000
2025-12-22 17:50:40,057 ----------------------------------------------------------------------------------------------------
2025-12-22 17:50:40,057 EPOCH 70 done: loss 0.1414 - lr: 0.003125
2025-12-22 17:50:41,010 DEV : loss 0.27857133746147156 - f1-score (micro avg)  0.9246
2025-12-22 17:50:41,011  - 1 epochs without improvement
2025-12-22 17:50:41,012 ----------------------------------------------------------------------------------------------------
2025-12-22 17:50:41,602 epoch 71 - iter 5/59 - loss 0.13683236 - time (sec): 0.59 - samples/sec: 3472.51 - lr: 0.003125 - momentum: 0.000000
2025-12-22 17:50:42,239 epoch 71 - iter 10/59 - loss 0.13905032 - time (sec): 1.23 - samples/sec: 3470.43 - lr: 0.003125 - momentum: 0.000000
2025-12-22 17:50:42,826 epoch 71 - iter 15/59 - loss 0.14065911 - time (sec): 1.81 - samples/sec: 3534.55 - lr: 0.003125 - momentum: 0.000000
2025-12-22 17:50:43,457 epoch 71 - iter 20/59 - loss 0.13888879 - time (sec): 2.45 - samples/sec: 3499.16 - lr: 0.003125 - momentum: 0.000000
2025-12-22 17:50:43,987 epoch 71 - iter 25/59 - loss 0.13846029 - time (sec): 2.97 - samples/sec: 3545.02 - lr: 0.003125 - momentum: 0.000000
2025-12-22 17:50:44,550 epoch 71 - iter 30/59 - loss 0.14101925 - time (sec): 3.54 - samples/sec: 3586.79 - lr: 0.003125 - momentum: 0.000000
2025-12-22 17:50:45,109 epoch 71 - iter 35/59 - loss 0.14067382 - time (sec): 4.10 - samples/sec: 3639.00 - lr: 0.003125 - momentum: 0.000000
2025-12-22 17:50:45,707 epoch 71 - iter 40/59 - loss 0.14072891 - time (sec): 4.70 - samples/sec: 3654.34 - lr: 0.003125 - momentum: 0.000000
2025-12-22 17:50:46,221 epoch 71 - iter 45/59 - loss 0.13893074 - time (sec): 5.21 - samples/sec: 3698.98 - lr: 0.003125 - momentum: 0.000000
2025-12-22 17:50:46,785 epoch 71 - iter 50/59 - loss 0.13964635 - time (sec): 5.77 - samples/sec: 3712.68 - lr: 0.003125 - momentum: 0.000000
2025-12-22 17:50:47,404 epoch 71 - iter 55/59 - loss 0.14031064 - time (sec): 6.39 - samples/sec: 3697.28 - lr: 0.003125 - momentum: 0.000000
2025-12-22 17:50:47,814 ----------------------------------------------------------------------------------------------------
2025-12-22 17:50:47,814 EPOCH 71 done: loss 0.1410 - lr: 0.003125
2025-12-22 17:50:48,497 DEV : loss 0.2788441777229309 - f1-score (micro avg)  0.9247
2025-12-22 17:50:48,499  - 2 epochs without improvement
2025-12-22 17:50:48,499 ----------------------------------------------------------------------------------------------------
2025-12-22 17:50:49,021 epoch 72 - iter 5/59 - loss 0.14466133 - time (sec): 0.52 - samples/sec: 3854.64 - lr: 0.003125 - momentum: 0.000000
2025-12-22 17:50:49,613 epoch 72 - iter 10/59 - loss 0.13342004 - time (sec): 1.11 - samples/sec: 3787.28 - lr: 0.003125 - momentum: 0.000000
2025-12-22 17:50:50,232 epoch 72 - iter 15/59 - loss 0.13734914 - time (sec): 1.73 - samples/sec: 3687.65 - lr: 0.003125 - momentum: 0.000000
2025-12-22 17:50:51,000 epoch 72 - iter 20/59 - loss 0.14167145 - time (sec): 2.50 - samples/sec: 3480.44 - lr: 0.003125 - momentum: 0.000000
2025-12-22 17:50:51,593 epoch 72 - iter 25/59 - loss 0.13877891 - time (sec): 3.09 - samples/sec: 3510.52 - lr: 0.003125 - momentum: 0.000000
2025-12-22 17:50:52,163 epoch 72 - iter 30/59 - loss 0.13992775 - time (sec): 3.66 - samples/sec: 3570.61 - lr: 0.003125 - momentum: 0.000000
2025-12-22 17:50:52,695 epoch 72 - iter 35/59 - loss 0.14000837 - time (sec): 4.20 - samples/sec: 3601.99 - lr: 0.003125 - momentum: 0.000000
2025-12-22 17:50:53,281 epoch 72 - iter 40/59 - loss 0.14116934 - time (sec): 4.78 - samples/sec: 3608.77 - lr: 0.003125 - momentum: 0.000000
2025-12-22 17:50:53,768 epoch 72 - iter 45/59 - loss 0.14279455 - time (sec): 5.27 - samples/sec: 3659.24 - lr: 0.003125 - momentum: 0.000000
2025-12-22 17:50:54,312 epoch 72 - iter 50/59 - loss 0.14383019 - time (sec): 5.81 - samples/sec: 3685.51 - lr: 0.003125 - momentum: 0.000000
2025-12-22 17:50:54,965 epoch 72 - iter 55/59 - loss 0.14490124 - time (sec): 6.47 - samples/sec: 3658.27 - lr: 0.003125 - momentum: 0.000000
2025-12-22 17:50:55,357 ----------------------------------------------------------------------------------------------------
2025-12-22 17:50:55,357 EPOCH 72 done: loss 0.1457 - lr: 0.003125
2025-12-22 17:50:56,071 DEV : loss 0.27875667810440063 - f1-score (micro avg)  0.9261
2025-12-22 17:50:56,073  - 0 epochs without improvement
2025-12-22 17:50:56,073 saving best model
2025-12-22 17:50:56,091 ----------------------------------------------------------------------------------------------------
2025-12-22 17:50:56,658 epoch 73 - iter 5/59 - loss 0.14939644 - time (sec): 0.57 - samples/sec: 3909.90 - lr: 0.003125 - momentum: 0.000000
2025-12-22 17:50:57,256 epoch 73 - iter 10/59 - loss 0.14602587 - time (sec): 1.16 - samples/sec: 3732.36 - lr: 0.003125 - momentum: 0.000000
2025-12-22 17:50:57,856 epoch 73 - iter 15/59 - loss 0.14370950 - time (sec): 1.76 - samples/sec: 3666.98 - lr: 0.003125 - momentum: 0.000000
2025-12-22 17:50:58,358 epoch 73 - iter 20/59 - loss 0.14513677 - time (sec): 2.27 - samples/sec: 3748.41 - lr: 0.003125 - momentum: 0.000000
2025-12-22 17:50:58,986 epoch 73 - iter 25/59 - loss 0.14824748 - time (sec): 2.89 - samples/sec: 3700.40 - lr: 0.003125 - momentum: 0.000000
2025-12-22 17:50:59,603 epoch 73 - iter 30/59 - loss 0.14303554 - time (sec): 3.51 - samples/sec: 3689.81 - lr: 0.003125 - momentum: 0.000000
2025-12-22 17:51:00,170 epoch 73 - iter 35/59 - loss 0.14488782 - time (sec): 4.08 - samples/sec: 3681.41 - lr: 0.003125 - momentum: 0.000000
2025-12-22 17:51:00,706 epoch 73 - iter 40/59 - loss 0.14529516 - time (sec): 4.61 - samples/sec: 3718.39 - lr: 0.003125 - momentum: 0.000000
2025-12-22 17:51:01,294 epoch 73 - iter 45/59 - loss 0.14409284 - time (sec): 5.20 - samples/sec: 3709.46 - lr: 0.003125 - momentum: 0.000000
2025-12-22 17:51:02,102 epoch 73 - iter 50/59 - loss 0.14364623 - time (sec): 6.01 - samples/sec: 3583.55 - lr: 0.003125 - momentum: 0.000000
2025-12-22 17:51:02,669 epoch 73 - iter 55/59 - loss 0.14507500 - time (sec): 6.58 - samples/sec: 3610.68 - lr: 0.003125 - momentum: 0.000000
2025-12-22 17:51:03,021 ----------------------------------------------------------------------------------------------------
2025-12-22 17:51:03,021 EPOCH 73 done: loss 0.1440 - lr: 0.003125
2025-12-22 17:51:04,015 DEV : loss 0.2787921726703644 - f1-score (micro avg)  0.9246
2025-12-22 17:51:04,017  - 1 epochs without improvement
2025-12-22 17:51:04,017 ----------------------------------------------------------------------------------------------------
2025-12-22 17:51:04,604 epoch 74 - iter 5/59 - loss 0.10769515 - time (sec): 0.59 - samples/sec: 3585.49 - lr: 0.003125 - momentum: 0.000000
2025-12-22 17:51:05,166 epoch 74 - iter 10/59 - loss 0.12471097 - time (sec): 1.15 - samples/sec: 3817.36 - lr: 0.003125 - momentum: 0.000000
2025-12-22 17:51:05,669 epoch 74 - iter 15/59 - loss 0.13673801 - time (sec): 1.65 - samples/sec: 3945.13 - lr: 0.003125 - momentum: 0.000000
2025-12-22 17:51:06,341 epoch 74 - iter 20/59 - loss 0.13694214 - time (sec): 2.32 - samples/sec: 3762.03 - lr: 0.003125 - momentum: 0.000000
2025-12-22 17:51:06,982 epoch 74 - iter 25/59 - loss 0.13438330 - time (sec): 2.96 - samples/sec: 3716.55 - lr: 0.003125 - momentum: 0.000000
2025-12-22 17:51:07,525 epoch 74 - iter 30/59 - loss 0.13585183 - time (sec): 3.51 - samples/sec: 3757.32 - lr: 0.003125 - momentum: 0.000000
2025-12-22 17:51:08,078 epoch 74 - iter 35/59 - loss 0.13336155 - time (sec): 4.06 - samples/sec: 3747.54 - lr: 0.003125 - momentum: 0.000000
2025-12-22 17:51:08,847 epoch 74 - iter 40/59 - loss 0.13347816 - time (sec): 4.83 - samples/sec: 3621.88 - lr: 0.003125 - momentum: 0.000000
2025-12-22 17:51:09,496 epoch 74 - iter 45/59 - loss 0.13402244 - time (sec): 5.48 - samples/sec: 3596.25 - lr: 0.003125 - momentum: 0.000000
2025-12-22 17:51:10,033 epoch 74 - iter 50/59 - loss 0.13474118 - time (sec): 6.02 - samples/sec: 3596.58 - lr: 0.003125 - momentum: 0.000000
2025-12-22 17:51:10,614 epoch 74 - iter 55/59 - loss 0.13721574 - time (sec): 6.60 - samples/sec: 3601.89 - lr: 0.003125 - momentum: 0.000000
2025-12-22 17:51:11,039 ----------------------------------------------------------------------------------------------------
2025-12-22 17:51:11,039 EPOCH 74 done: loss 0.1378 - lr: 0.003125
2025-12-22 17:51:11,787 DEV : loss 0.27839532494544983 - f1-score (micro avg)  0.9251
2025-12-22 17:51:11,788  - 2 epochs without improvement
2025-12-22 17:51:11,789 ----------------------------------------------------------------------------------------------------
2025-12-22 17:51:12,322 epoch 75 - iter 5/59 - loss 0.14147101 - time (sec): 0.53 - samples/sec: 3700.58 - lr: 0.003125 - momentum: 0.000000
2025-12-22 17:51:12,931 epoch 75 - iter 10/59 - loss 0.14476391 - time (sec): 1.14 - samples/sec: 3629.66 - lr: 0.003125 - momentum: 0.000000
2025-12-22 17:51:13,515 epoch 75 - iter 15/59 - loss 0.14308533 - time (sec): 1.73 - samples/sec: 3604.09 - lr: 0.003125 - momentum: 0.000000
2025-12-22 17:51:14,120 epoch 75 - iter 20/59 - loss 0.14137059 - time (sec): 2.33 - samples/sec: 3612.22 - lr: 0.003125 - momentum: 0.000000
2025-12-22 17:51:14,948 epoch 75 - iter 25/59 - loss 0.14520352 - time (sec): 3.16 - samples/sec: 3267.85 - lr: 0.003125 - momentum: 0.000000
2025-12-22 17:51:15,522 epoch 75 - iter 30/59 - loss 0.14252867 - time (sec): 3.73 - samples/sec: 3375.06 - lr: 0.003125 - momentum: 0.000000
2025-12-22 17:51:16,090 epoch 75 - iter 35/59 - loss 0.14279279 - time (sec): 4.30 - samples/sec: 3430.11 - lr: 0.003125 - momentum: 0.000000
2025-12-22 17:51:16,706 epoch 75 - iter 40/59 - loss 0.14126207 - time (sec): 4.92 - samples/sec: 3417.79 - lr: 0.003125 - momentum: 0.000000
2025-12-22 17:51:17,351 epoch 75 - iter 45/59 - loss 0.14102067 - time (sec): 5.56 - samples/sec: 3457.43 - lr: 0.003125 - momentum: 0.000000
2025-12-22 17:51:18,001 epoch 75 - iter 50/59 - loss 0.14122065 - time (sec): 6.21 - samples/sec: 3450.78 - lr: 0.003125 - momentum: 0.000000
2025-12-22 17:51:18,709 epoch 75 - iter 55/59 - loss 0.14394080 - time (sec): 6.92 - samples/sec: 3411.78 - lr: 0.003125 - momentum: 0.000000
2025-12-22 17:51:19,206 ----------------------------------------------------------------------------------------------------
2025-12-22 17:51:19,206 EPOCH 75 done: loss 0.1428 - lr: 0.003125
2025-12-22 17:51:19,983 DEV : loss 0.27790406346321106 - f1-score (micro avg)  0.9247
2025-12-22 17:51:19,984  - 3 epochs without improvement
2025-12-22 17:51:19,985 ----------------------------------------------------------------------------------------------------
2025-12-22 17:51:20,564 epoch 76 - iter 5/59 - loss 0.13447904 - time (sec): 0.58 - samples/sec: 3594.69 - lr: 0.003125 - momentum: 0.000000
2025-12-22 17:51:21,188 epoch 76 - iter 10/59 - loss 0.14735289 - time (sec): 1.20 - samples/sec: 3545.60 - lr: 0.003125 - momentum: 0.000000
2025-12-22 17:51:21,765 epoch 76 - iter 15/59 - loss 0.14614580 - time (sec): 1.78 - samples/sec: 3566.45 - lr: 0.003125 - momentum: 0.000000
2025-12-22 17:51:22,338 epoch 76 - iter 20/59 - loss 0.14191236 - time (sec): 2.35 - samples/sec: 3622.49 - lr: 0.003125 - momentum: 0.000000
2025-12-22 17:51:22,902 epoch 76 - iter 25/59 - loss 0.14251920 - time (sec): 2.92 - samples/sec: 3666.94 - lr: 0.003125 - momentum: 0.000000
2025-12-22 17:51:23,480 epoch 76 - iter 30/59 - loss 0.13994348 - time (sec): 3.49 - samples/sec: 3642.82 - lr: 0.003125 - momentum: 0.000000
2025-12-22 17:51:24,041 epoch 76 - iter 35/59 - loss 0.14136807 - time (sec): 4.06 - samples/sec: 3686.08 - lr: 0.003125 - momentum: 0.000000
2025-12-22 17:51:24,630 epoch 76 - iter 40/59 - loss 0.14168246 - time (sec): 4.64 - samples/sec: 3689.15 - lr: 0.003125 - momentum: 0.000000
2025-12-22 17:51:25,168 epoch 76 - iter 45/59 - loss 0.14284781 - time (sec): 5.18 - samples/sec: 3727.02 - lr: 0.003125 - momentum: 0.000000
2025-12-22 17:51:25,626 epoch 76 - iter 50/59 - loss 0.14243490 - time (sec): 5.64 - samples/sec: 3771.22 - lr: 0.003125 - momentum: 0.000000
2025-12-22 17:51:26,385 epoch 76 - iter 55/59 - loss 0.14093357 - time (sec): 6.40 - samples/sec: 3687.00 - lr: 0.003125 - momentum: 0.000000
2025-12-22 17:51:26,837 ----------------------------------------------------------------------------------------------------
2025-12-22 17:51:26,837 EPOCH 76 done: loss 0.1404 - lr: 0.003125
2025-12-22 17:51:27,756 DEV : loss 0.27856290340423584 - f1-score (micro avg)  0.9257
2025-12-22 17:51:27,758  - 4 epochs without improvement (above 'patience')-> annealing learning_rate to [0.0015625]
2025-12-22 17:51:27,758 ----------------------------------------------------------------------------------------------------
2025-12-22 17:51:28,379 epoch 77 - iter 5/59 - loss 0.12950892 - time (sec): 0.62 - samples/sec: 3505.47 - lr: 0.001563 - momentum: 0.000000
2025-12-22 17:51:28,890 epoch 77 - iter 10/59 - loss 0.13525322 - time (sec): 1.13 - samples/sec: 3783.00 - lr: 0.001563 - momentum: 0.000000
2025-12-22 17:51:29,419 epoch 77 - iter 15/59 - loss 0.13036995 - time (sec): 1.66 - samples/sec: 3858.55 - lr: 0.001563 - momentum: 0.000000
2025-12-22 17:51:29,983 epoch 77 - iter 20/59 - loss 0.13122798 - time (sec): 2.22 - samples/sec: 3820.22 - lr: 0.001563 - momentum: 0.000000
2025-12-22 17:51:30,574 epoch 77 - iter 25/59 - loss 0.12850383 - time (sec): 2.82 - samples/sec: 3775.39 - lr: 0.001563 - momentum: 0.000000
2025-12-22 17:51:31,200 epoch 77 - iter 30/59 - loss 0.12928691 - time (sec): 3.44 - samples/sec: 3716.19 - lr: 0.001563 - momentum: 0.000000
2025-12-22 17:51:31,827 epoch 77 - iter 35/59 - loss 0.13275773 - time (sec): 4.07 - samples/sec: 3668.29 - lr: 0.001563 - momentum: 0.000000
2025-12-22 17:51:32,417 epoch 77 - iter 40/59 - loss 0.13330124 - time (sec): 4.66 - samples/sec: 3674.44 - lr: 0.001563 - momentum: 0.000000
2025-12-22 17:51:33,062 epoch 77 - iter 45/59 - loss 0.13455362 - time (sec): 5.30 - samples/sec: 3654.20 - lr: 0.001563 - momentum: 0.000000
2025-12-22 17:51:33,680 epoch 77 - iter 50/59 - loss 0.13669773 - time (sec): 5.92 - samples/sec: 3623.87 - lr: 0.001563 - momentum: 0.000000
2025-12-22 17:51:34,360 epoch 77 - iter 55/59 - loss 0.13791295 - time (sec): 6.60 - samples/sec: 3582.94 - lr: 0.001563 - momentum: 0.000000
2025-12-22 17:51:34,783 ----------------------------------------------------------------------------------------------------
2025-12-22 17:51:34,783 EPOCH 77 done: loss 0.1388 - lr: 0.001563
2025-12-22 17:51:35,479 DEV : loss 0.2779478132724762 - f1-score (micro avg)  0.9256
2025-12-22 17:51:35,481  - 1 epochs without improvement
2025-12-22 17:51:35,481 ----------------------------------------------------------------------------------------------------
2025-12-22 17:51:36,022 epoch 78 - iter 5/59 - loss 0.13724490 - time (sec): 0.54 - samples/sec: 4081.12 - lr: 0.001563 - momentum: 0.000000
2025-12-22 17:51:36,618 epoch 78 - iter 10/59 - loss 0.13976465 - time (sec): 1.14 - samples/sec: 3790.76 - lr: 0.001563 - momentum: 0.000000
2025-12-22 17:51:37,230 epoch 78 - iter 15/59 - loss 0.14064334 - time (sec): 1.75 - samples/sec: 3743.48 - lr: 0.001563 - momentum: 0.000000
2025-12-22 17:51:37,799 epoch 78 - iter 20/59 - loss 0.13838971 - time (sec): 2.32 - samples/sec: 3706.15 - lr: 0.001563 - momentum: 0.000000
2025-12-22 17:51:38,432 epoch 78 - iter 25/59 - loss 0.13657914 - time (sec): 2.95 - samples/sec: 3671.70 - lr: 0.001563 - momentum: 0.000000
2025-12-22 17:51:39,048 epoch 78 - iter 30/59 - loss 0.14160938 - time (sec): 3.57 - samples/sec: 3623.94 - lr: 0.001563 - momentum: 0.000000
2025-12-22 17:51:39,610 epoch 78 - iter 35/59 - loss 0.14195275 - time (sec): 4.13 - samples/sec: 3625.91 - lr: 0.001563 - momentum: 0.000000
2025-12-22 17:51:40,280 epoch 78 - iter 40/59 - loss 0.14208370 - time (sec): 4.80 - samples/sec: 3558.82 - lr: 0.001563 - momentum: 0.000000
2025-12-22 17:51:40,811 epoch 78 - iter 45/59 - loss 0.14242447 - time (sec): 5.33 - samples/sec: 3611.56 - lr: 0.001563 - momentum: 0.000000
2025-12-22 17:51:41,470 epoch 78 - iter 50/59 - loss 0.14143801 - time (sec): 5.99 - samples/sec: 3588.12 - lr: 0.001563 - momentum: 0.000000
2025-12-22 17:51:42,042 epoch 78 - iter 55/59 - loss 0.14161004 - time (sec): 6.56 - samples/sec: 3601.65 - lr: 0.001563 - momentum: 0.000000
2025-12-22 17:51:42,495 ----------------------------------------------------------------------------------------------------
2025-12-22 17:51:42,495 EPOCH 78 done: loss 0.1411 - lr: 0.001563
2025-12-22 17:51:43,200 DEV : loss 0.27800652384757996 - f1-score (micro avg)  0.9256
2025-12-22 17:51:43,202  - 2 epochs without improvement
2025-12-22 17:51:43,203 ----------------------------------------------------------------------------------------------------
2025-12-22 17:51:43,809 epoch 79 - iter 5/59 - loss 0.14305547 - time (sec): 0.61 - samples/sec: 3534.89 - lr: 0.001563 - momentum: 0.000000
2025-12-22 17:51:44,494 epoch 79 - iter 10/59 - loss 0.13911611 - time (sec): 1.29 - samples/sec: 3306.04 - lr: 0.001563 - momentum: 0.000000
2025-12-22 17:51:45,142 epoch 79 - iter 15/59 - loss 0.13141582 - time (sec): 1.94 - samples/sec: 3379.87 - lr: 0.001563 - momentum: 0.000000
2025-12-22 17:51:45,688 epoch 79 - iter 20/59 - loss 0.13444367 - time (sec): 2.48 - samples/sec: 3436.22 - lr: 0.001563 - momentum: 0.000000
2025-12-22 17:51:46,300 epoch 79 - iter 25/59 - loss 0.13433176 - time (sec): 3.10 - samples/sec: 3526.83 - lr: 0.001563 - momentum: 0.000000
2025-12-22 17:51:46,963 epoch 79 - iter 30/59 - loss 0.13389300 - time (sec): 3.76 - samples/sec: 3539.85 - lr: 0.001563 - momentum: 0.000000
2025-12-22 17:51:47,490 epoch 79 - iter 35/59 - loss 0.13661153 - time (sec): 4.29 - samples/sec: 3593.77 - lr: 0.001563 - momentum: 0.000000
2025-12-22 17:51:47,979 epoch 79 - iter 40/59 - loss 0.13832466 - time (sec): 4.78 - samples/sec: 3658.86 - lr: 0.001563 - momentum: 0.000000
2025-12-22 17:51:48,544 epoch 79 - iter 45/59 - loss 0.13882105 - time (sec): 5.34 - samples/sec: 3687.23 - lr: 0.001563 - momentum: 0.000000
2025-12-22 17:51:49,068 epoch 79 - iter 50/59 - loss 0.14059860 - time (sec): 5.87 - samples/sec: 3696.50 - lr: 0.001563 - momentum: 0.000000
2025-12-22 17:51:49,568 epoch 79 - iter 55/59 - loss 0.13940617 - time (sec): 6.36 - samples/sec: 3731.24 - lr: 0.001563 - momentum: 0.000000
2025-12-22 17:51:49,965 ----------------------------------------------------------------------------------------------------
2025-12-22 17:51:49,965 EPOCH 79 done: loss 0.1387 - lr: 0.001563
2025-12-22 17:51:50,649 DEV : loss 0.2784779369831085 - f1-score (micro avg)  0.9257
2025-12-22 17:51:50,650  - 3 epochs without improvement
2025-12-22 17:51:50,650 ----------------------------------------------------------------------------------------------------
2025-12-22 17:51:51,303 epoch 80 - iter 5/59 - loss 0.12239659 - time (sec): 0.65 - samples/sec: 3302.78 - lr: 0.001563 - momentum: 0.000000
2025-12-22 17:51:51,852 epoch 80 - iter 10/59 - loss 0.13781909 - time (sec): 1.20 - samples/sec: 3503.64 - lr: 0.001563 - momentum: 0.000000
2025-12-22 17:51:52,469 epoch 80 - iter 15/59 - loss 0.13411050 - time (sec): 1.82 - samples/sec: 3612.67 - lr: 0.001563 - momentum: 0.000000
2025-12-22 17:51:52,998 epoch 80 - iter 20/59 - loss 0.13573282 - time (sec): 2.35 - samples/sec: 3643.17 - lr: 0.001563 - momentum: 0.000000
2025-12-22 17:51:53,556 epoch 80 - iter 25/59 - loss 0.13553820 - time (sec): 2.91 - samples/sec: 3666.24 - lr: 0.001563 - momentum: 0.000000
2025-12-22 17:51:54,157 epoch 80 - iter 30/59 - loss 0.13487750 - time (sec): 3.51 - samples/sec: 3668.41 - lr: 0.001563 - momentum: 0.000000
2025-12-22 17:51:54,715 epoch 80 - iter 35/59 - loss 0.13492400 - time (sec): 4.06 - samples/sec: 3710.63 - lr: 0.001563 - momentum: 0.000000
2025-12-22 17:51:55,217 epoch 80 - iter 40/59 - loss 0.13926493 - time (sec): 4.57 - samples/sec: 3753.78 - lr: 0.001563 - momentum: 0.000000
2025-12-22 17:51:55,837 epoch 80 - iter 45/59 - loss 0.13908978 - time (sec): 5.19 - samples/sec: 3705.22 - lr: 0.001563 - momentum: 0.000000
2025-12-22 17:51:56,412 epoch 80 - iter 50/59 - loss 0.13804425 - time (sec): 5.76 - samples/sec: 3722.14 - lr: 0.001563 - momentum: 0.000000
2025-12-22 17:51:57,120 epoch 80 - iter 55/59 - loss 0.13857602 - time (sec): 6.47 - samples/sec: 3680.47 - lr: 0.001563 - momentum: 0.000000
2025-12-22 17:51:57,498 ----------------------------------------------------------------------------------------------------
2025-12-22 17:51:57,498 EPOCH 80 done: loss 0.1380 - lr: 0.001563
2025-12-22 17:51:58,470 DEV : loss 0.2784019112586975 - f1-score (micro avg)  0.9249
2025-12-22 17:51:58,472  - 4 epochs without improvement (above 'patience')-> annealing learning_rate to [0.00078125]
2025-12-22 17:51:58,472 ----------------------------------------------------------------------------------------------------
2025-12-22 17:51:59,026 epoch 81 - iter 5/59 - loss 0.12738361 - time (sec): 0.55 - samples/sec: 3739.78 - lr: 0.000781 - momentum: 0.000000
2025-12-22 17:51:59,548 epoch 81 - iter 10/59 - loss 0.13311505 - time (sec): 1.08 - samples/sec: 3960.02 - lr: 0.000781 - momentum: 0.000000
2025-12-22 17:52:00,070 epoch 81 - iter 15/59 - loss 0.12961820 - time (sec): 1.60 - samples/sec: 3926.51 - lr: 0.000781 - momentum: 0.000000
2025-12-22 17:52:00,685 epoch 81 - iter 20/59 - loss 0.13311413 - time (sec): 2.21 - samples/sec: 3845.85 - lr: 0.000781 - momentum: 0.000000
2025-12-22 17:52:01,208 epoch 81 - iter 25/59 - loss 0.14032566 - time (sec): 2.74 - samples/sec: 3854.28 - lr: 0.000781 - momentum: 0.000000
2025-12-22 17:52:01,732 epoch 81 - iter 30/59 - loss 0.13883225 - time (sec): 3.26 - samples/sec: 3857.85 - lr: 0.000781 - momentum: 0.000000
2025-12-22 17:52:02,295 epoch 81 - iter 35/59 - loss 0.14043897 - time (sec): 3.82 - samples/sec: 3877.87 - lr: 0.000781 - momentum: 0.000000
2025-12-22 17:52:02,909 epoch 81 - iter 40/59 - loss 0.13766855 - time (sec): 4.44 - samples/sec: 3829.24 - lr: 0.000781 - momentum: 0.000000
2025-12-22 17:52:03,540 epoch 81 - iter 45/59 - loss 0.13790636 - time (sec): 5.07 - samples/sec: 3780.00 - lr: 0.000781 - momentum: 0.000000
2025-12-22 17:52:04,183 epoch 81 - iter 50/59 - loss 0.13848862 - time (sec): 5.71 - samples/sec: 3744.17 - lr: 0.000781 - momentum: 0.000000
2025-12-22 17:52:04,771 epoch 81 - iter 55/59 - loss 0.13881597 - time (sec): 6.30 - samples/sec: 3724.97 - lr: 0.000781 - momentum: 0.000000
2025-12-22 17:52:05,245 ----------------------------------------------------------------------------------------------------
2025-12-22 17:52:05,245 EPOCH 81 done: loss 0.1385 - lr: 0.000781
2025-12-22 17:52:05,971 DEV : loss 0.27829810976982117 - f1-score (micro avg)  0.9248
2025-12-22 17:52:05,972  - 1 epochs without improvement
2025-12-22 17:52:05,973 ----------------------------------------------------------------------------------------------------
2025-12-22 17:52:06,611 epoch 82 - iter 5/59 - loss 0.12919366 - time (sec): 0.64 - samples/sec: 3359.74 - lr: 0.000781 - momentum: 0.000000
2025-12-22 17:52:07,202 epoch 82 - iter 10/59 - loss 0.13823004 - time (sec): 1.23 - samples/sec: 3505.57 - lr: 0.000781 - momentum: 0.000000
2025-12-22 17:52:07,751 epoch 82 - iter 15/59 - loss 0.13742487 - time (sec): 1.78 - samples/sec: 3644.40 - lr: 0.000781 - momentum: 0.000000
2025-12-22 17:52:08,344 epoch 82 - iter 20/59 - loss 0.13877146 - time (sec): 2.37 - samples/sec: 3631.21 - lr: 0.000781 - momentum: 0.000000
2025-12-22 17:52:08,878 epoch 82 - iter 25/59 - loss 0.13738721 - time (sec): 2.90 - samples/sec: 3699.23 - lr: 0.000781 - momentum: 0.000000
2025-12-22 17:52:09,644 epoch 82 - iter 30/59 - loss 0.13812271 - time (sec): 3.67 - samples/sec: 3547.81 - lr: 0.000781 - momentum: 0.000000
2025-12-22 17:52:10,257 epoch 82 - iter 35/59 - loss 0.13929821 - time (sec): 4.28 - samples/sec: 3584.18 - lr: 0.000781 - momentum: 0.000000
2025-12-22 17:52:10,746 epoch 82 - iter 40/59 - loss 0.14188298 - time (sec): 4.77 - samples/sec: 3647.08 - lr: 0.000781 - momentum: 0.000000
2025-12-22 17:52:11,326 epoch 82 - iter 45/59 - loss 0.14178757 - time (sec): 5.35 - samples/sec: 3680.05 - lr: 0.000781 - momentum: 0.000000
2025-12-22 17:52:11,914 epoch 82 - iter 50/59 - loss 0.14339197 - time (sec): 5.94 - samples/sec: 3664.42 - lr: 0.000781 - momentum: 0.000000
2025-12-22 17:52:12,513 epoch 82 - iter 55/59 - loss 0.14261216 - time (sec): 6.54 - samples/sec: 3639.85 - lr: 0.000781 - momentum: 0.000000
2025-12-22 17:52:12,873 ----------------------------------------------------------------------------------------------------
2025-12-22 17:52:12,873 EPOCH 82 done: loss 0.1409 - lr: 0.000781
2025-12-22 17:52:13,562 DEV : loss 0.2782489061355591 - f1-score (micro avg)  0.9249
2025-12-22 17:52:13,563  - 2 epochs without improvement
2025-12-22 17:52:13,564 ----------------------------------------------------------------------------------------------------
2025-12-22 17:52:14,082 epoch 83 - iter 5/59 - loss 0.12187528 - time (sec): 0.52 - samples/sec: 4002.01 - lr: 0.000781 - momentum: 0.000000
2025-12-22 17:52:14,974 epoch 83 - iter 10/59 - loss 0.13568711 - time (sec): 1.41 - samples/sec: 3044.10 - lr: 0.000781 - momentum: 0.000000
2025-12-22 17:52:15,591 epoch 83 - iter 15/59 - loss 0.13491872 - time (sec): 2.03 - samples/sec: 3197.87 - lr: 0.000781 - momentum: 0.000000
2025-12-22 17:52:16,199 epoch 83 - iter 20/59 - loss 0.13731201 - time (sec): 2.63 - samples/sec: 3310.02 - lr: 0.000781 - momentum: 0.000000
2025-12-22 17:52:16,729 epoch 83 - iter 25/59 - loss 0.13663436 - time (sec): 3.17 - samples/sec: 3409.20 - lr: 0.000781 - momentum: 0.000000
2025-12-22 17:52:17,404 epoch 83 - iter 30/59 - loss 0.13715365 - time (sec): 3.84 - samples/sec: 3422.77 - lr: 0.000781 - momentum: 0.000000
2025-12-22 17:52:18,014 epoch 83 - iter 35/59 - loss 0.13560503 - time (sec): 4.45 - samples/sec: 3396.30 - lr: 0.000781 - momentum: 0.000000
2025-12-22 17:52:18,537 epoch 83 - iter 40/59 - loss 0.13431233 - time (sec): 4.97 - samples/sec: 3465.58 - lr: 0.000781 - momentum: 0.000000
2025-12-22 17:52:19,128 epoch 83 - iter 45/59 - loss 0.13511160 - time (sec): 5.56 - samples/sec: 3476.07 - lr: 0.000781 - momentum: 0.000000
2025-12-22 17:52:19,749 epoch 83 - iter 50/59 - loss 0.13713493 - time (sec): 6.19 - samples/sec: 3495.09 - lr: 0.000781 - momentum: 0.000000
2025-12-22 17:52:20,276 epoch 83 - iter 55/59 - loss 0.13754599 - time (sec): 6.71 - samples/sec: 3524.37 - lr: 0.000781 - momentum: 0.000000
2025-12-22 17:52:20,727 ----------------------------------------------------------------------------------------------------
2025-12-22 17:52:20,727 EPOCH 83 done: loss 0.1373 - lr: 0.000781
2025-12-22 17:52:21,616 DEV : loss 0.27843621373176575 - f1-score (micro avg)  0.9249
2025-12-22 17:52:21,618  - 3 epochs without improvement
2025-12-22 17:52:21,618 ----------------------------------------------------------------------------------------------------
2025-12-22 17:52:22,197 epoch 84 - iter 5/59 - loss 0.13089355 - time (sec): 0.58 - samples/sec: 3531.17 - lr: 0.000781 - momentum: 0.000000
2025-12-22 17:52:22,796 epoch 84 - iter 10/59 - loss 0.12159690 - time (sec): 1.18 - samples/sec: 3514.15 - lr: 0.000781 - momentum: 0.000000
2025-12-22 17:52:23,320 epoch 84 - iter 15/59 - loss 0.11976547 - time (sec): 1.70 - samples/sec: 3668.64 - lr: 0.000781 - momentum: 0.000000
2025-12-22 17:52:23,933 epoch 84 - iter 20/59 - loss 0.12917519 - time (sec): 2.32 - samples/sec: 3691.48 - lr: 0.000781 - momentum: 0.000000
2025-12-22 17:52:24,419 epoch 84 - iter 25/59 - loss 0.13014879 - time (sec): 2.80 - samples/sec: 3740.92 - lr: 0.000781 - momentum: 0.000000
2025-12-22 17:52:24,993 epoch 84 - iter 30/59 - loss 0.13027039 - time (sec): 3.37 - samples/sec: 3745.93 - lr: 0.000781 - momentum: 0.000000
2025-12-22 17:52:25,457 epoch 84 - iter 35/59 - loss 0.13360275 - time (sec): 3.84 - samples/sec: 3826.86 - lr: 0.000781 - momentum: 0.000000
2025-12-22 17:52:25,968 epoch 84 - iter 40/59 - loss 0.13242358 - time (sec): 4.35 - samples/sec: 3875.95 - lr: 0.000781 - momentum: 0.000000
2025-12-22 17:52:26,545 epoch 84 - iter 45/59 - loss 0.13402149 - time (sec): 4.93 - samples/sec: 3856.89 - lr: 0.000781 - momentum: 0.000000
2025-12-22 17:52:27,134 epoch 84 - iter 50/59 - loss 0.13408669 - time (sec): 5.52 - samples/sec: 3857.10 - lr: 0.000781 - momentum: 0.000000
2025-12-22 17:52:27,850 epoch 84 - iter 55/59 - loss 0.13663548 - time (sec): 6.23 - samples/sec: 3790.97 - lr: 0.000781 - momentum: 0.000000
2025-12-22 17:52:28,325 ----------------------------------------------------------------------------------------------------
2025-12-22 17:52:28,325 EPOCH 84 done: loss 0.1354 - lr: 0.000781
2025-12-22 17:52:28,988 DEV : loss 0.27834388613700867 - f1-score (micro avg)  0.9247
2025-12-22 17:52:28,989  - 4 epochs without improvement (above 'patience')-> annealing learning_rate to [0.000390625]
2025-12-22 17:52:28,990 ----------------------------------------------------------------------------------------------------
2025-12-22 17:52:29,602 epoch 85 - iter 5/59 - loss 0.13926824 - time (sec): 0.61 - samples/sec: 3378.89 - lr: 0.000391 - momentum: 0.000000
2025-12-22 17:52:30,132 epoch 85 - iter 10/59 - loss 0.14119908 - time (sec): 1.14 - samples/sec: 3642.43 - lr: 0.000391 - momentum: 0.000000
2025-12-22 17:52:30,629 epoch 85 - iter 15/59 - loss 0.14447189 - time (sec): 1.64 - samples/sec: 3808.98 - lr: 0.000391 - momentum: 0.000000
2025-12-22 17:52:31,161 epoch 85 - iter 20/59 - loss 0.14393515 - time (sec): 2.17 - samples/sec: 3791.17 - lr: 0.000391 - momentum: 0.000000
2025-12-22 17:52:31,775 epoch 85 - iter 25/59 - loss 0.14467821 - time (sec): 2.79 - samples/sec: 3719.50 - lr: 0.000391 - momentum: 0.000000
2025-12-22 17:52:32,312 epoch 85 - iter 30/59 - loss 0.14349711 - time (sec): 3.32 - samples/sec: 3737.81 - lr: 0.000391 - momentum: 0.000000
2025-12-22 17:52:32,926 epoch 85 - iter 35/59 - loss 0.14156656 - time (sec): 3.94 - samples/sec: 3764.19 - lr: 0.000391 - momentum: 0.000000
2025-12-22 17:52:33,544 epoch 85 - iter 40/59 - loss 0.14179944 - time (sec): 4.55 - samples/sec: 3744.37 - lr: 0.000391 - momentum: 0.000000
2025-12-22 17:52:34,153 epoch 85 - iter 45/59 - loss 0.14161509 - time (sec): 5.16 - samples/sec: 3712.05 - lr: 0.000391 - momentum: 0.000000
2025-12-22 17:52:34,803 epoch 85 - iter 50/59 - loss 0.14102509 - time (sec): 5.81 - samples/sec: 3696.36 - lr: 0.000391 - momentum: 0.000000
2025-12-22 17:52:35,418 epoch 85 - iter 55/59 - loss 0.14052608 - time (sec): 6.43 - samples/sec: 3691.30 - lr: 0.000391 - momentum: 0.000000
2025-12-22 17:52:35,827 ----------------------------------------------------------------------------------------------------
2025-12-22 17:52:35,827 EPOCH 85 done: loss 0.1407 - lr: 0.000391
2025-12-22 17:52:36,485 DEV : loss 0.2783324122428894 - f1-score (micro avg)  0.9248
2025-12-22 17:52:36,486  - 1 epochs without improvement
2025-12-22 17:52:36,487 ----------------------------------------------------------------------------------------------------
2025-12-22 17:52:37,184 epoch 86 - iter 5/59 - loss 0.14937225 - time (sec): 0.70 - samples/sec: 3318.20 - lr: 0.000391 - momentum: 0.000000
2025-12-22 17:52:37,726 epoch 86 - iter 10/59 - loss 0.14196750 - time (sec): 1.24 - samples/sec: 3563.34 - lr: 0.000391 - momentum: 0.000000
2025-12-22 17:52:38,248 epoch 86 - iter 15/59 - loss 0.13966612 - time (sec): 1.76 - samples/sec: 3702.06 - lr: 0.000391 - momentum: 0.000000
2025-12-22 17:52:38,803 epoch 86 - iter 20/59 - loss 0.14580244 - time (sec): 2.32 - samples/sec: 3739.53 - lr: 0.000391 - momentum: 0.000000
2025-12-22 17:52:39,404 epoch 86 - iter 25/59 - loss 0.14902391 - time (sec): 2.92 - samples/sec: 3731.08 - lr: 0.000391 - momentum: 0.000000
2025-12-22 17:52:39,951 epoch 86 - iter 30/59 - loss 0.14574261 - time (sec): 3.46 - samples/sec: 3770.81 - lr: 0.000391 - momentum: 0.000000
2025-12-22 17:52:40,632 epoch 86 - iter 35/59 - loss 0.14801885 - time (sec): 4.15 - samples/sec: 3722.02 - lr: 0.000391 - momentum: 0.000000
2025-12-22 17:52:41,216 epoch 86 - iter 40/59 - loss 0.14767539 - time (sec): 4.73 - samples/sec: 3693.65 - lr: 0.000391 - momentum: 0.000000
2025-12-22 17:52:41,800 epoch 86 - iter 45/59 - loss 0.14443924 - time (sec): 5.31 - samples/sec: 3692.76 - lr: 0.000391 - momentum: 0.000000
2025-12-22 17:52:42,432 epoch 86 - iter 50/59 - loss 0.14357254 - time (sec): 5.95 - samples/sec: 3661.61 - lr: 0.000391 - momentum: 0.000000
2025-12-22 17:52:42,946 epoch 86 - iter 55/59 - loss 0.14306000 - time (sec): 6.46 - samples/sec: 3682.18 - lr: 0.000391 - momentum: 0.000000
2025-12-22 17:52:43,361 ----------------------------------------------------------------------------------------------------
2025-12-22 17:52:43,361 EPOCH 86 done: loss 0.1429 - lr: 0.000391
2025-12-22 17:52:44,297 DEV : loss 0.2782466411590576 - f1-score (micro avg)  0.9248
2025-12-22 17:52:44,299  - 2 epochs without improvement
2025-12-22 17:52:44,299 ----------------------------------------------------------------------------------------------------
2025-12-22 17:52:44,948 epoch 87 - iter 5/59 - loss 0.14118513 - time (sec): 0.65 - samples/sec: 3238.54 - lr: 0.000391 - momentum: 0.000000
2025-12-22 17:52:45,471 epoch 87 - iter 10/59 - loss 0.14765396 - time (sec): 1.17 - samples/sec: 3535.92 - lr: 0.000391 - momentum: 0.000000
2025-12-22 17:52:46,168 epoch 87 - iter 15/59 - loss 0.14477750 - time (sec): 1.87 - samples/sec: 3406.85 - lr: 0.000391 - momentum: 0.000000
2025-12-22 17:52:46,771 epoch 87 - iter 20/59 - loss 0.14323184 - time (sec): 2.47 - samples/sec: 3491.25 - lr: 0.000391 - momentum: 0.000000
2025-12-22 17:52:47,287 epoch 87 - iter 25/59 - loss 0.14240776 - time (sec): 2.99 - samples/sec: 3619.92 - lr: 0.000391 - momentum: 0.000000
2025-12-22 17:52:47,860 epoch 87 - iter 30/59 - loss 0.14445935 - time (sec): 3.56 - samples/sec: 3671.77 - lr: 0.000391 - momentum: 0.000000
2025-12-22 17:52:48,413 epoch 87 - iter 35/59 - loss 0.14382012 - time (sec): 4.11 - samples/sec: 3688.78 - lr: 0.000391 - momentum: 0.000000
2025-12-22 17:52:48,929 epoch 87 - iter 40/59 - loss 0.14568558 - time (sec): 4.63 - samples/sec: 3713.94 - lr: 0.000391 - momentum: 0.000000
2025-12-22 17:52:49,510 epoch 87 - iter 45/59 - loss 0.14371450 - time (sec): 5.21 - samples/sec: 3710.74 - lr: 0.000391 - momentum: 0.000000
2025-12-22 17:52:50,030 epoch 87 - iter 50/59 - loss 0.14220893 - time (sec): 5.73 - samples/sec: 3740.63 - lr: 0.000391 - momentum: 0.000000
2025-12-22 17:52:50,527 epoch 87 - iter 55/59 - loss 0.14210181 - time (sec): 6.23 - samples/sec: 3782.03 - lr: 0.000391 - momentum: 0.000000
2025-12-22 17:52:50,933 ----------------------------------------------------------------------------------------------------
2025-12-22 17:52:50,933 EPOCH 87 done: loss 0.1415 - lr: 0.000391
2025-12-22 17:52:51,625 DEV : loss 0.2782442271709442 - f1-score (micro avg)  0.9247
2025-12-22 17:52:51,627  - 3 epochs without improvement
2025-12-22 17:52:51,627 ----------------------------------------------------------------------------------------------------
2025-12-22 17:52:52,159 epoch 88 - iter 5/59 - loss 0.17904920 - time (sec): 0.53 - samples/sec: 3888.75 - lr: 0.000391 - momentum: 0.000000
2025-12-22 17:52:52,784 epoch 88 - iter 10/59 - loss 0.15708225 - time (sec): 1.16 - samples/sec: 3751.11 - lr: 0.000391 - momentum: 0.000000
2025-12-22 17:52:53,417 epoch 88 - iter 15/59 - loss 0.15062083 - time (sec): 1.79 - samples/sec: 3661.15 - lr: 0.000391 - momentum: 0.000000
2025-12-22 17:52:53,868 epoch 88 - iter 20/59 - loss 0.14531841 - time (sec): 2.24 - samples/sec: 3818.78 - lr: 0.000391 - momentum: 0.000000
2025-12-22 17:52:54,483 epoch 88 - iter 25/59 - loss 0.14006951 - time (sec): 2.86 - samples/sec: 3777.66 - lr: 0.000391 - momentum: 0.000000
2025-12-22 17:52:55,015 epoch 88 - iter 30/59 - loss 0.13792757 - time (sec): 3.39 - samples/sec: 3815.59 - lr: 0.000391 - momentum: 0.000000
2025-12-22 17:52:55,594 epoch 88 - iter 35/59 - loss 0.13731876 - time (sec): 3.97 - samples/sec: 3831.52 - lr: 0.000391 - momentum: 0.000000
2025-12-22 17:52:56,233 epoch 88 - iter 40/59 - loss 0.14134691 - time (sec): 4.61 - samples/sec: 3796.42 - lr: 0.000391 - momentum: 0.000000
2025-12-22 17:52:56,816 epoch 88 - iter 45/59 - loss 0.14189035 - time (sec): 5.19 - samples/sec: 3780.06 - lr: 0.000391 - momentum: 0.000000
2025-12-22 17:52:57,333 epoch 88 - iter 50/59 - loss 0.14016659 - time (sec): 5.71 - samples/sec: 3784.23 - lr: 0.000391 - momentum: 0.000000
2025-12-22 17:52:57,859 epoch 88 - iter 55/59 - loss 0.13968962 - time (sec): 6.23 - samples/sec: 3795.77 - lr: 0.000391 - momentum: 0.000000
2025-12-22 17:52:58,275 ----------------------------------------------------------------------------------------------------
2025-12-22 17:52:58,275 EPOCH 88 done: loss 0.1415 - lr: 0.000391
2025-12-22 17:52:58,931 DEV : loss 0.2781657874584198 - f1-score (micro avg)  0.9248
2025-12-22 17:52:58,933  - 4 epochs without improvement (above 'patience')-> annealing learning_rate to [0.0001953125]
2025-12-22 17:52:58,933 ----------------------------------------------------------------------------------------------------
2025-12-22 17:52:59,512 epoch 89 - iter 5/59 - loss 0.15396329 - time (sec): 0.58 - samples/sec: 3943.30 - lr: 0.000195 - momentum: 0.000000
2025-12-22 17:53:00,081 epoch 89 - iter 10/59 - loss 0.14493386 - time (sec): 1.15 - samples/sec: 3969.45 - lr: 0.000195 - momentum: 0.000000
2025-12-22 17:53:00,662 epoch 89 - iter 15/59 - loss 0.14380030 - time (sec): 1.73 - samples/sec: 3827.17 - lr: 0.000195 - momentum: 0.000000
2025-12-22 17:53:01,263 epoch 89 - iter 20/59 - loss 0.14818799 - time (sec): 2.33 - samples/sec: 3725.83 - lr: 0.000195 - momentum: 0.000000
2025-12-22 17:53:01,771 epoch 89 - iter 25/59 - loss 0.14670384 - time (sec): 2.84 - samples/sec: 3796.79 - lr: 0.000195 - momentum: 0.000000
2025-12-22 17:53:02,306 epoch 89 - iter 30/59 - loss 0.14147374 - time (sec): 3.37 - samples/sec: 3817.14 - lr: 0.000195 - momentum: 0.000000
2025-12-22 17:53:02,989 epoch 89 - iter 35/59 - loss 0.13769183 - time (sec): 4.06 - samples/sec: 3699.19 - lr: 0.000195 - momentum: 0.000000
2025-12-22 17:53:03,485 epoch 89 - iter 40/59 - loss 0.13723174 - time (sec): 4.55 - samples/sec: 3768.78 - lr: 0.000195 - momentum: 0.000000
2025-12-22 17:53:04,010 epoch 89 - iter 45/59 - loss 0.13777529 - time (sec): 5.08 - samples/sec: 3800.13 - lr: 0.000195 - momentum: 0.000000
2025-12-22 17:53:04,561 epoch 89 - iter 50/59 - loss 0.13857844 - time (sec): 5.63 - samples/sec: 3798.34 - lr: 0.000195 - momentum: 0.000000
2025-12-22 17:53:05,210 epoch 89 - iter 55/59 - loss 0.13761264 - time (sec): 6.28 - samples/sec: 3736.49 - lr: 0.000195 - momentum: 0.000000
2025-12-22 17:53:05,751 ----------------------------------------------------------------------------------------------------
2025-12-22 17:53:05,751 EPOCH 89 done: loss 0.1386 - lr: 0.000195
2025-12-22 17:53:06,699 DEV : loss 0.2781054377555847 - f1-score (micro avg)  0.9249
2025-12-22 17:53:06,700  - 1 epochs without improvement
2025-12-22 17:53:06,701 ----------------------------------------------------------------------------------------------------
2025-12-22 17:53:07,345 epoch 90 - iter 5/59 - loss 0.14351601 - time (sec): 0.64 - samples/sec: 3291.74 - lr: 0.000195 - momentum: 0.000000
2025-12-22 17:53:08,086 epoch 90 - iter 10/59 - loss 0.15073197 - time (sec): 1.38 - samples/sec: 3261.42 - lr: 0.000195 - momentum: 0.000000
2025-12-22 17:53:08,709 epoch 90 - iter 15/59 - loss 0.15316897 - time (sec): 2.01 - samples/sec: 3370.95 - lr: 0.000195 - momentum: 0.000000
2025-12-22 17:53:09,310 epoch 90 - iter 20/59 - loss 0.14809539 - time (sec): 2.61 - samples/sec: 3441.66 - lr: 0.000195 - momentum: 0.000000
2025-12-22 17:53:09,937 epoch 90 - iter 25/59 - loss 0.14368261 - time (sec): 3.24 - samples/sec: 3416.13 - lr: 0.000195 - momentum: 0.000000
2025-12-22 17:53:10,462 epoch 90 - iter 30/59 - loss 0.14198496 - time (sec): 3.76 - samples/sec: 3492.23 - lr: 0.000195 - momentum: 0.000000
2025-12-22 17:53:11,033 epoch 90 - iter 35/59 - loss 0.14113692 - time (sec): 4.33 - samples/sec: 3538.62 - lr: 0.000195 - momentum: 0.000000
2025-12-22 17:53:11,519 epoch 90 - iter 40/59 - loss 0.14168063 - time (sec): 4.82 - samples/sec: 3582.69 - lr: 0.000195 - momentum: 0.000000
2025-12-22 17:53:12,152 epoch 90 - iter 45/59 - loss 0.14086806 - time (sec): 5.45 - samples/sec: 3576.49 - lr: 0.000195 - momentum: 0.000000
2025-12-22 17:53:12,692 epoch 90 - iter 50/59 - loss 0.14234237 - time (sec): 5.99 - samples/sec: 3601.89 - lr: 0.000195 - momentum: 0.000000
2025-12-22 17:53:13,257 epoch 90 - iter 55/59 - loss 0.14090269 - time (sec): 6.56 - samples/sec: 3620.53 - lr: 0.000195 - momentum: 0.000000
2025-12-22 17:53:13,657 ----------------------------------------------------------------------------------------------------
2025-12-22 17:53:13,657 EPOCH 90 done: loss 0.1417 - lr: 0.000195
2025-12-22 17:53:14,344 DEV : loss 0.2780448794364929 - f1-score (micro avg)  0.9249
2025-12-22 17:53:14,346  - 2 epochs without improvement
2025-12-22 17:53:14,346 ----------------------------------------------------------------------------------------------------
2025-12-22 17:53:15,074 epoch 91 - iter 5/59 - loss 0.13728111 - time (sec): 0.73 - samples/sec: 2834.78 - lr: 0.000195 - momentum: 0.000000
2025-12-22 17:53:15,656 epoch 91 - iter 10/59 - loss 0.12898221 - time (sec): 1.31 - samples/sec: 3174.02 - lr: 0.000195 - momentum: 0.000000
2025-12-22 17:53:16,249 epoch 91 - iter 15/59 - loss 0.13510002 - time (sec): 1.90 - samples/sec: 3371.92 - lr: 0.000195 - momentum: 0.000000
2025-12-22 17:53:16,836 epoch 91 - iter 20/59 - loss 0.14127506 - time (sec): 2.49 - samples/sec: 3399.14 - lr: 0.000195 - momentum: 0.000000
2025-12-22 17:53:17,380 epoch 91 - iter 25/59 - loss 0.14077748 - time (sec): 3.03 - samples/sec: 3455.22 - lr: 0.000195 - momentum: 0.000000
2025-12-22 17:53:17,914 epoch 91 - iter 30/59 - loss 0.13634506 - time (sec): 3.57 - samples/sec: 3499.66 - lr: 0.000195 - momentum: 0.000000
2025-12-22 17:53:18,493 epoch 91 - iter 35/59 - loss 0.13819249 - time (sec): 4.15 - samples/sec: 3586.92 - lr: 0.000195 - momentum: 0.000000
2025-12-22 17:53:19,109 epoch 91 - iter 40/59 - loss 0.13754709 - time (sec): 4.76 - samples/sec: 3564.57 - lr: 0.000195 - momentum: 0.000000
2025-12-22 17:53:19,725 epoch 91 - iter 45/59 - loss 0.14003781 - time (sec): 5.38 - samples/sec: 3568.45 - lr: 0.000195 - momentum: 0.000000
2025-12-22 17:53:20,365 epoch 91 - iter 50/59 - loss 0.14090344 - time (sec): 6.02 - samples/sec: 3568.68 - lr: 0.000195 - momentum: 0.000000
2025-12-22 17:53:20,977 epoch 91 - iter 55/59 - loss 0.13923781 - time (sec): 6.63 - samples/sec: 3560.90 - lr: 0.000195 - momentum: 0.000000
2025-12-22 17:53:21,443 ----------------------------------------------------------------------------------------------------
2025-12-22 17:53:21,443 EPOCH 91 done: loss 0.1385 - lr: 0.000195
2025-12-22 17:53:22,113 DEV : loss 0.27807119488716125 - f1-score (micro avg)  0.9251
2025-12-22 17:53:22,115  - 3 epochs without improvement
2025-12-22 17:53:22,116 ----------------------------------------------------------------------------------------------------
2025-12-22 17:53:22,696 epoch 92 - iter 5/59 - loss 0.12894183 - time (sec): 0.58 - samples/sec: 3574.28 - lr: 0.000195 - momentum: 0.000000
2025-12-22 17:53:23,239 epoch 92 - iter 10/59 - loss 0.13277480 - time (sec): 1.12 - samples/sec: 3691.82 - lr: 0.000195 - momentum: 0.000000
2025-12-22 17:53:23,841 epoch 92 - iter 15/59 - loss 0.13060362 - time (sec): 1.72 - samples/sec: 3679.04 - lr: 0.000195 - momentum: 0.000000
2025-12-22 17:53:24,398 epoch 92 - iter 20/59 - loss 0.13354248 - time (sec): 2.28 - samples/sec: 3727.06 - lr: 0.000195 - momentum: 0.000000
2025-12-22 17:53:25,209 epoch 92 - iter 25/59 - loss 0.13374522 - time (sec): 3.09 - samples/sec: 3499.97 - lr: 0.000195 - momentum: 0.000000
2025-12-22 17:53:25,786 epoch 92 - iter 30/59 - loss 0.13373459 - time (sec): 3.67 - samples/sec: 3529.01 - lr: 0.000195 - momentum: 0.000000
2025-12-22 17:53:26,306 epoch 92 - iter 35/59 - loss 0.13446071 - time (sec): 4.19 - samples/sec: 3574.51 - lr: 0.000195 - momentum: 0.000000
2025-12-22 17:53:26,893 epoch 92 - iter 40/59 - loss 0.13697790 - time (sec): 4.78 - samples/sec: 3596.10 - lr: 0.000195 - momentum: 0.000000
2025-12-22 17:53:27,518 epoch 92 - iter 45/59 - loss 0.13776062 - time (sec): 5.40 - samples/sec: 3569.08 - lr: 0.000195 - momentum: 0.000000
2025-12-22 17:53:28,087 epoch 92 - iter 50/59 - loss 0.13621110 - time (sec): 5.97 - samples/sec: 3593.44 - lr: 0.000195 - momentum: 0.000000
2025-12-22 17:53:28,687 epoch 92 - iter 55/59 - loss 0.13776150 - time (sec): 6.57 - samples/sec: 3601.76 - lr: 0.000195 - momentum: 0.000000
2025-12-22 17:53:29,111 ----------------------------------------------------------------------------------------------------
2025-12-22 17:53:29,112 EPOCH 92 done: loss 0.1383 - lr: 0.000195
2025-12-22 17:53:30,039 DEV : loss 0.27811139822006226 - f1-score (micro avg)  0.9251
2025-12-22 17:53:30,041  - 4 epochs without improvement (above 'patience')-> annealing learning_rate to [9.765625e-05]
2025-12-22 17:53:30,041 ----------------------------------------------------------------------------------------------------
2025-12-22 17:53:30,041 learning rate too small - quitting training!
2025-12-22 17:53:30,041 ----------------------------------------------------------------------------------------------------
2025-12-22 17:53:30,041 Saving model ...
2025-12-22 17:53:30,064 Done.
2025-12-22 17:53:30,064 ----------------------------------------------------------------------------------------------------
2025-12-22 17:53:30,065 Loading model from best epoch ...
2025-12-22 17:53:30,098 [b'<unk>', b'\xe2\x96\x81.', b'\xe2\x96\x81,', b'\xe2\x96\x81ja', b'\xe2\x96\x81lea', b'\xe2\x96\x81leat', b'\xe2\x96\x81go', b'\xe2\x96\x81?', b'\xe2\x96\x81lei', b'\xe2\x96\x81ahte', b'\xe2\x96\x81ii', b'at', b'a', b'-', b'\xe2\x96\x81ledje', b'\xe2\x96\x81dan', b'\xe2\x96\x81maid', b'\xe2\x96\x81Son', b'it', b'i', b'u', b'ii', b'an', b'iid', b'is', b'e', b'\xe2\x96\x81!', b'et', b'\xe2\x96\x81de', b'in', b'\xe2\x96\x81Mun', b'\xe2\x96\x81son', b'as', b'\xe2\x96\x81mii', b'\xe2\x96\x81s\xc3\xa1mi', b'\xc3\xa1', b'iin', b'o', b'\xe2\x96\x81dat', b'\xe2\x96\x81Dat', b'\xe2\x96\x81gal', b'us', b'\xe2\x96\x81mielde', b'\xe2\x96\x81muhto', b'ut', b'\xe2\x96\x81lean', b'\xe2\x96\x81birra', b'\xe2\x96\x81eai', b'\xe2\x96\x81Ja', b'go', b'\xe2\x96\x81nu', b'\xe2\x96\x81ollu', b'\xc3\xa1i', b'\xe2\x96\x81su', b'_', b'\xe2\x96\x81galg\xc3\xa1', b's', b'\xe2\x96\x81d\xc3\xa1n', b'aid', b'\xe2\x96\x81S', b'ain', b'\xc3\xa1n', b'en', b'\xe2\x96\x81buot', b'ui', b'\xe2\x96\x81du\xc5\xa1\xc5\xa1e', b'\xe2\x96\x81mun', b'\xe2\x96\x81r', b'uid', b'\xe2\x96\x81jagi', b'\xe2\x96\x81maidd\xc3\xa1i', b'\xe2\x96\x81dahje', b'\xe2\x96\x81Ii', b'b', b'\xe2\x96\x81d\xc3\xa1l', b'\xe2\x96\x81s\xc3\xa1htt\xc3\xa1', b'\xe2\x96\x81sii', b'al', b'\xe2\x96\x81mu', b'\xe2\x96\x81ge', b'\xe2\x96\x81Sii', b'v', b'ala\xc5\xa1', b'\xe2\x96\x81B', b'\xe2\x96\x81Go', b'l', b'g', b'ai', b'\xe2\x96\x81', b'\xe2\x96\x81Lea', b'\xe2\x96\x81don', b'\xe2\x96\x81Mii', b'\xc3\xa1s', b'k', b'\xe2\x96\x81m', b'\xe2\x96\x81L', b'\xe2\x96\x81b', b'uin', b'os', b'ad', b'\xe2\x96\x81Muhto', b'\xe2\x96\x81min', b'ge', b'\xe2\x96\x81du', b'\xe2\x96\x81ear\xc3\xa1', b'\xe2\x96\x81g', b'\xe2\x96\x81vai', b'ea', b'\xe2\x96\x81bo\xc4\x91ii', b'\xe2\x96\x81G', b'\xe2\x96\x81o\xc4\x91\xc4\x91a', b'\xe2\x96\x81l', b'on', b'\xe2\x96\x81s', b'\xe2\x96\x81geat', b'm', b'\xc3\xa1l', b'\xe2\x96\x81h', b'\xc3\xa1t', b'am', b'\xe2\x96\x81sin', b'\xe2\x96\x81D\xc3\xa1t', b'\xe2\x96\x81leama\xc5\xa1', b't', b'ast', b'\xe2\x96\x81hui', b'il', b'er', b'\xe2\x96\x81De', b'ol', b'\xe2\x96\x81olbmot', b'un', b'r', b'\xe2\x96\x81munnje', b'j', b'dd', b'\xe2\x96\x81juo', b'\xe2\x96\x81m\xc3\xa1n\xc3\xa1id', b'\xe2\x96\x81Soai', b'\xe2\x96\x81Dan', b'\xe2\x96\x81ie\xc5\xbeas', b'a\xc5\xa1', b'ah', b'\xc3\xa1r', b'h', b'\xe2\x96\x81guokte', b'iv', b'es', b'\xe2\x96\x81M', b'ot', b'\xe2\x96\x81skuvla', b'd', b'\xe2\x96\x81mat', b'edje', b'\xe2\x96\x81vel', b'\xe2\x96\x81s\xc3\xa1megiela', b'\xe2\x96\x81galget', b'\xe2\x96\x81S\xc3\xa1mi', b'usa', b'\xe2\x96\x81:', b'\xe2\x96\x81unn\xc3\xa1n', b'\xe2\x96\x81v', b'\xe2\x96\x81n', b'\xe2\x96\x81eret', b'\xe2\x96\x81dakk\xc3\xa1r', b'iiguin', b'\xe2\x96\x81vuo', b'\xe2\x96\x81fas', b'\xe2\x96\x81j', b'\xe2\x96\x81eanet', b'\xe2\x96\x81&#34;', b'\xe2\x96\x81gaskkas', b'\xc3\xa1v', b'\xe2\x96\x81d', b'eaddji', b'\xe2\x96\x81O', b'\xe2\x96\x81ovdal', b'\xe2\x96\x81D\xc3\xa1l', b'ar', b'ojuvvon', b'\xe2\x96\x81D', b'\xe2\x96\x81daid', b'\xe2\x96\x81lusa', b'\xe2\x96\x81ferte', b'id', b'n', b'usat', b'\xc3\xa1la\xc5\xa1', b'\xe2\x96\x81boaht\xc3\xa1n', b'aide', b'\xe2\x96\x81D\xc3\xa1n', b'kk', b'eg', b'ab', b'\xe2\x96\x81vuostta\xc5\xa1', b'\xc3\xa1d', b'tta', b'\xe2\x96\x81r\xc3\xa1jes', b'ojuvvo', b'\xe2\x96\x81muhtun', b'\xe2\x96\x81manai', b'uvvo', b'\xe2\x96\x81S\xc3\xa1mediggi', b'\xe2\x96\x81skuvlla', b'\xe2\x96\x81E', b'\xe2\x96\x81stuora', b'\xe2\x96\x81ovddas', b'ear', b'iide', b'uvvon', b'\xe2\x96\x81geavah', b'\xe2\x96\x81buorre', b'\xe2\x96\x81sihke', b'uo', b'adit', b'or', b'\xe2\x96\x81leaba', b'\xe2\x96\x81gii', b'\xe2\x96\x81sis', b'\xe2\x96\x81gitta', b'\xe2\x96\x81d\xc3\xa1t', b'\xe2\x96\x81bohte', b'ga', b'\xe2\x96\x81Mus', b'\xe2\x96\x81Lin\xc3\xa1', b'\xe2\x96\x81Biret', b'\xe2\x96\x81Moai', b'\xe2\x96\x81doppe', b'\xe2\x96\x81skuvllas', b'ta', b'\xe2\x96\x81R', b'asat', b'\xe2\x96\x81\xc5\xa1at', b'\xe2\x96\x81juohke', b'\xe2\x96\x81V', b'\xe2\x96\x81S\xc3\xa1medikki', b'el', b'\xe2\x96\x81seamma', b'\xe2\x96\x81N', b'\xe2\x96\x81J', b'ja', b'\xe2\x96\x81mannat', b'vuohta', b'\xe2\x96\x81\xc3\xa1\xc5\xa1\xc5\xa1i', b'usaid', b'\xe2\x96\x81f', b'\xe2\x96\x81dohko', b'ola\xc5\xa1', b'\xe2\x96\x81dearvva\xc5\xa1vuo\xc4\x91', b'\xe2\x96\x81\xc3\x81', b'\xe2\x96\x81o\xc5\xbe\xc5\xbeon', b'\xe2\x96\x81ovttas', b'p', b'\xe2\x96\x81olbmo', b'\xe2\x96\x81olbmuid', b'\xe2\x96\x81eana\xc5\xa1', b'\xe2\x96\x81K', b'll', b'rr', b'\xe2\x96\x81beaivvi', b'\xe2\x96\x81bo', b'eami', b'\xe2\x96\x81mo', b'ev', b'\xe2\x96\x81Finnm\xc3\xa1rkkuopm', b'allat', b'\xe2\x96\x81ma\xc5\x8b\xc5\x8b\xc3\xa1', b'\xe2\x96\x81\xc4\x8c', b'jedje', b'\xe2\x96\x81ie\xc5\xbeaset', b'\xe2\x96\x81K\xc3\xa1r\xc3\xa1\xc5\xa1jogas', b'\xe2\x96\x81m\xc3\xa1n\xc3\xa1t', b'\xe2\x96\x81duo', b'f', b'bb', b'\xe2\x96\x81\xc4\x8d', b'\xe2\x96\x81bokte', b'ji', b'\xe2\x96\x81sierra', b'\xe2\x96\x81ovtta', b'uide', b'\xe2\x96\x81dasa', b'\xe2\x96\x81dego', b'\xe2\x96\x81b\xc3\xa1lval', b'\xe2\x96\x81Guovdageainnus', b'\xe2\x96\x81Finnm\xc3\xa1rkku', b'\xe2\x96\x81gos', b'\xe2\x96\x81\xc3\xa1lo', b'\xe2\x96\x81vuost\xc3\xa1', b'asiid', b'vv', b'\xe2\x96\x81mearridit', b'\xe2\x96\x81olmmo\xc5\xa1', b'ag', b'ie', b'\xe2\x96\x81Norgga', b'oh', b'\xe2\x96\x81v\xc3\xa1ttis', b'\xc3\xa1ga', b'\xe2\x96\x81boaht\xc3\xa1', b'\xe2\x96\x81skuvl', b'\xe2\x96\x81Ollu', b'\xe2\x96\x81dii', b'\xe2\x96\x81Don', b'je', b'ov', b'\xe2\x96\x81sullii', b'dde', b'\xe2\x96\x81mielas', b'\xe2\x96\x81oaidn\xc3\xa1n', b'ir', b'odat', b'all', b'.', b'uvvot', b'hte', b'\xe2\x96\x81H', b'\xc3\xa1m', b'ill', b'\xe2\x96\x81dalle', b'ss', b'aiguin', b'\xe2\x96\x81jo', b'\xe2\x96\x81\xc3\xa1', b'tt', b'\xe2\x96\x81bures', b'uh', b'\xe2\x96\x81d\xc3\xa1s', b'iidda', b'\xe2\x96\x81okta', b'\xe2\x96\x81nj', b'eapm\xc3\xa1i', b'\xe2\x96\x81\xc3\xa1igge', b'\xe2\x96\x81(', b'\xe2\x96\x81)', b'\xe2\x96\x81geah\xc4\x8d\xc4\x8dat', b'pp', b'\xe2\x96\x81vejola\xc5\xa1', b'eb', b'\xe2\x96\x81\xc3\xa1l', b'\xe2\x96\x81\xc3\xa1sah', b'\xe2\x96\x81dus', b'\xe2\x96\x81orro', b'\xe2\x96\x81intern\xc3\xa1htas', b'\xe2\x96\x81din', b'\xe2\x96\x81Gal', b'\xe2\x96\x81oahppit', b'ejuvvon', b'\xe2\x96\x81das', b'\xe2\x96\x81geass', b'\xe2\x96\x81Juohke', b'\xe2\x96\x81o\xc5\xbe\xc5\xbeot', b'sa', b'kt', b'\xe2\x96\x81\xc5\xa1add\xc3\xa1', b'\xe2\x96\x81oktage', b'\xc4\x8d', b'\xe2\x96\x81\xc3\xa1r', b'dn', b'\xe2\x96\x81mas', b'\xe2\x96\x81Dii', b'\xe2\x96\x81luhtte', b'\xe2\x96\x81Nu', b'\xe2\x96\x81dahkat', b'o\xc5\xa1', b'\xe2\x96\x81sea', b'\xc3\xa1h', b'\xe2\x96\x81\xc5\xa1attai', b'\xe2\x96\x81ledjen', b'\xe2\x96\x81man', b'\xe2\x96\x81g\xc3\xa1r', b'\xe2\x96\x81vaikko', b'allan', b'\xe2\x96\x81Mu', b'\xe2\x96\x81\xc3\xa1iggi', b'gg', b'\xe2\x96\x81s\xc3\xa1hte', b'\xe2\x96\x81st\xc3\xa1hta', b'\xe2\x96\x81bivd', b'og', b'eh', b'\xe2\x96\x81s\xc3\xa1miid', b'\xe2\x96\x81nuppi', b'\xe2\x96\x81ain', b'\xe2\x96\x81In', b'\xe2\x96\x81v\xc3\xa1ldit', b'ig', b'\xe2\x96\x81\xc4\x8dohkk', b'\xe2\x96\x81ovddidit', b'adan', b'\xe2\x96\x81Buot', b'\xe2\x96\x81oastit', b'\xe2\x96\x81Maid', b'\xe2\x96\x81Romssa', b'\xe2\x96\x81d\xc3\xa1b\xc3\xa1la\xc5\xa1', b'ht', b'\xe2\x96\x81oktii', b'\xe2\x96\x81St', b'\xe2\x96\x81oa\xc5\xbe\xc5\xbeut', b'\xe2\x96\x81boahtte', b'\xe2\x96\x81\xc3\xa1\xc5\xa1\xc5\xa1iid', b'\xe2\x96\x81m\xc3\xa1n\xc3\xa1', b'\xc4\x91\xc4\x91', b'av', b'\xe2\x96\x81K\xc3\xa1r\xc3\xa1\xc5\xa1joga', b'\xe2\x96\x81oahpah', b'\xe2\x96\x81boazodo', b'odahkii', b'ihk', b'imii', b'\xe2\x96\x81galggai', b'\xe2\x96\x81v\xc3\xa1ld', b'\xe2\x96\x81maidege', b'vuo\xc4\x91a', b'\xe2\x96\x81o', b'\xe2\x96\x81stuorra', b'\xe2\x96\x81luo', b'g\xc3\xa1', b'\xe2\x96\x81guhte', b'eal', b'\xe2\x96\x81Man', b'\xe2\x96\x81boazodoalu', b'aga', b'\xe2\x96\x81moai', b'\xe2\x96\x81barggu', b'\xe2\x96\x81oalle', b'\xe2\x96\x81\xc4\x8duo', b'\xe2\x96\x81oaidnit', b'\xe2\x96\x81makk\xc3\xa1r', b'emiin', b'\xe2\x96\x81eambbo', b'\xe2\x96\x81ovddast', b'la', b'\xe2\x96\x81\xc4\x8doahkk', b'\xe2\x96\x81mearr', b'\xe2\x96\x81bidjat', b'ul', b'\xe2\x96\x81deike', b'mm', b'\xe2\x96\x81d\xc3\xa1hp\xc3\xa1h', b'\xe2\x96\x81jos', b'\xe2\x96\x81nubbi', b'\xe2\x96\x81bargat', b'eva\xc5\xa1', b'\xe2\x96\x81geavahit', b'\xe2\x96\x81in', b'kan', b'\xc3\xa1la\xc4\x8d\xc4\x8dat', b'\xe2\x96\x81da', b'ala\xc4\x8d\xc4\x8dat', b'astit', b'\xe2\x96\x81oahpaheaddji', b'\xc3\xa1in', b'easet', b'3', b'\xe2\x96\x81hea', b'\xe2\x96\x81intern\xc3\xa1httaskuv', b'\xe2\x96\x81vuolgit', b'\xe2\x96\x81boahtit', b'\xe2\x96\x81M\xc3\xa1htte', b'\xe2\x96\x81nuoraid', b'\xe2\x96\x81lihk', b'\xe2\x96\x81gul', b'lla', b'\xe2\x96\x81\xc4\x8d\xc3\xa1ll', b'\xe2\x96\x81suo', b'\xe2\x96\x81\xc3\xa1lbmot', b'\xe2\x96\x81gosa', b'\xe2\x96\x81bargo', b'\xe2\x96\x81T', b'\xe2\x96\x81movt', b'ida', b'bm', b'\xe2\x96\x81r\xc3\xa1', b'\xe2\x96\x81vuolgg', b'\xe2\x96\x81suohkan', b'\xe2\x96\x81gu', b'\xe2\x96\x81Doai', b'\xe2\x96\x81eat', b'\xe2\x96\x81ol', b'ahan', b'\xe2\x96\x81namma', b'\xe2\x96\x81\xc3\xa1iggun', b'\xe2\x96\x81Das', b'\xe2\x96\x81soai', b'\xe2\x96\x81sutnje', b'\xe2\x96\x81ie\xc5\xa1', b'\xe2\x96\x81guov', b'0', b'gga', b'\xe2\x96\x81reivve', b'\xe2\x96\x81h\xc3\xa1ldda\xc5\xa1', b'uvvet', b'\xe2\x96\x81ektui', b'\xe2\x96\x81oa\xc5\xbe\xc5\xbeu', b'\xe2\x96\x81vuoigatvuo\xc4\x91aid', b'\xe2\x96\x81d\xc3\xa1rbba\xc5\xa1', b'gi', b'\xe2\x96\x81olles', b'\xe2\x96\x81gusto', b'eamis', b'\xe2\x96\x81l\xc3\xa1v', b'de', b'odaga', b'\xc3\xa1st', b'uvvan', b'llu', b'kka', b'te', b'logu', b'\xe2\x96\x81buoremus', b'\xe2\x96\x81\xc3\xa1lgo', b'iht', b'agat', b'\xe2\x96\x81f\xc3\xa1g', b'\xc3\xa1\xc5\xa1', b'\xe2\x96\x81Dalle', b'\xe2\x96\x81rabas', b'om', b'\xe2\x96\x81\xc3\xa1lggah', b'\xe2\x96\x81dearvva\xc5\xa1vuo\xc4\x91a', b'\xe2\x96\x81skuvlii', b'\xe2\x96\x81oahppan', b'eaddjit', b'hkk', b'\xe2\x96\x81Sus', b'um', b'\xe2\x96\x81girjji', b'\xe2\x96\x81-', b'\xe2\x96\x81gil', b'\xe2\x96\x81bii', b'\xe2\x96\x81bargg', b'\xe2\x96\x81orru', b'\xe2\x96\x81nam', b'\xe2\x96\x81nuorat', b'\xe2\x96\x81d\xc3\xa1vj\xc3\xa1', b'\xe2\x96\x81a', b'st', b'\xe2\x96\x81doai', b'ola\xc4\x8d\xc4\x8dat', b'\xe2\x96\x81borr', b'\xe2\x96\x81evttoh', b'ahttit', b'uvvojit', b'\xe2\x96\x81\xc5\xa1iehtad', b'\xe2\x96\x81die\xc4\x91', b'\xc4\x8doahkk', b'\xe2\x96\x81r\xc3\xa1\xc4\x91\xc4\x91', b'\xe2\x96\x81beare', b'\xe2\x96\x81almm', b'\xe2\x96\x81alde', b'\xe2\x96\x81Na', b'\xe2\x96\x81eal', b'itt', b'ivv', b'\xe2\x96\x81Ipmil', b'\xe2\x96\x81s\xc3\xa1httet', b'\xe2\x96\x81P', b'guin', b'\xe2\x96\x81mis', b'\xe2\x96\x81Eat', b'hk', b'\xe2\x96\x81dahkan', b'\xe2\x96\x81d\xc3\xa1ppe', b'rras', b'\xe2\x96\x81\xc3\xa1rvvo\xc5\xa1tallat', b'\xe2\x96\x81r\xc3\xa1hkadit', b'met', b'ojit', b'\xe2\x96\x81st', b'eapmi', b'\xc3\xa1ll', b'\xe2\x96\x81ea', b'y', b'\xe2\x96\x81guhk\xc3\xa1', b'\xe2\x96\x81liv\xc4\x8d\xc4\x8dii', b'\xe2\x96\x81s\xc3\xa1mit', b'idan', b'\xe2\x96\x81do', b'\xe2\x96\x81\xc3\xa1\xc5\xa1\xc5\xa1', b'\xe2\x96\x81gie\xc4\x91', b'ra', b'\xe2\x96\x81vuo\xc4\x91\xc4\x91ud', b'\xe2\x96\x81kultuvrra', b'ima', b'kkis', b'ettiin', b'\xc3\xa1hka', b'ob', b'\xe2\x96\x81guovllus', b'\xe2\x96\x81dainna', b'\xe2\x96\x81vuoigatvuohta', b'\xe2\x96\x81jurdda\xc5\xa1', b'\xc3\xa1hk', b'ttiin', b'\xe2\x96\x81guo', b'ddiid', b'juvvo', b'\xe2\x96\x81Tommi', b'pm', b'\xe2\x96\x81\xc3\xa1igu', b'\xe2\x96\x81boa\xc4\x91e', b'ema', b'\xe2\x96\x81danin', b'\xe2\x96\x81vuo\xc4\x91\xc4\x91', b'\xe2\x96\x81unnit', b'\xe2\x96\x81danne', b'uvdna', b'\xe2\x96\x81guovllu', b'\xe2\x96\x81Eana\xc5\xa1', b'usas', b'uor', b'htt', b'\xe2\x96\x81d\xc3\xa1id', b'ihka', b'\xc3\xa1g', b'\xe2\x96\x81lo', b'\xe2\x96\x81Min', b'\xc3\xa1dus', b'\xe2\x96\x81\xe2\x80\x93', b'\xe2\x96\x81l\xc3\xa1g', b'\xe2\x96\x81bearra\xc5\xa1', b'\xe2\x96\x81buohccediv\xc5\xa1\xc5\xa1\xc3\xa1r', b'\xc3\xa1id', b'uvvui', b'\xe2\x96\x8119', b':', b'ist', b'eaddjin', b'asa', b'alle', b'\xe2\x96\x81Eadni', b'\xe2\x96\x81gir', b'\xe2\x96\x81fertii', b'\xc4\x91', b'\xe2\x96\x81Ipmila', b'im', b'\xe2\x96\x81m\xc3\xa1\xc5\x8bga', b'\xe2\x96\x81moadde', b'\xe2\x96\x81bor', b'\xe2\x96\x81bohtet', b'jit', b'\xe2\x96\x81st\xc3\xa1lu', b'\xe2\x96\x81d\xc3\xa1b\xc3\xa1la\xc4\x8d\xc4\x8dat', b'\xe2\x96\x81M\xc3\xa1n\xc3\xa1t', b'\xe2\x96\x81boaittobeale', b'\xe2\x96\x81s\xc3\xa1pmela\xc4\x8d\xc4\x8dat', b'\xe2\x96\x81intern\xc3\xa1htt', b'\xe2\x96\x81m\xc3\xa1ksit', b'\xc3\xa1j', b'\xe2\x96\x81ruovttus', b'iella', b'\xe2\x96\x81mannan', b'\xe2\x96\x81r\xc3\xa1hkad', b'\xe2\x96\x81mieht\xc3\xa1', b'\xe2\x96\x81dutnje', b'\xe2\x96\x81golbma', b'ddi', b'\xe2\x96\x81v\xc3\xa1st', b'idii', b'\xc3\xa1hus', b'\xe2\x96\x81p', b'\xc4\x8d\xc4\x8d', b'\xe2\x96\x81g\xc3\xa1v', b'em', b'sk', b'\xe2\x96\x81kultur', b'\xe2\x96\x81biv', b'\xe2\x96\x81erenoam\xc3\xa1\xc5\xa1', b'tn', b'\xe2\x96\x81Doppe', b'\xc5\xbea', b'\xe2\x96\x81boazodoall', b'\xe2\x96\x81g\xc3\xa1vdn', b'ed', b'\xe2\x96\x81dihte', b'\xe2\x96\x81deh\xc3\xa1la\xc5\xa1', b'\xe2\x96\x81\xc4\x8dielga', b'ba', b'inn', b'\xe2\x96\x81t', b'\xe2\x96\x81lullis\xc3\xa1m', b'\xe2\x96\x81Maidd\xc3\xa1i', b'ihkka', b'\xe2\x96\x81lohk\xc3\xa1', b'\xe2\x96\x81geas', b'osiid', b'\xe2\x96\x81\xc5\xa1addan', b'\xe2\x96\x81joavkk', b'\xe2\x96\x81eatnama', b'\xe2\x96\x81gean', b'ama', b'\xe2\x96\x81oktan', b'\xe2\x96\x81c', b'ih', b'\xe2\x96\x81vulggii', b'\xe2\x96\x81Manne', b'\xe2\x96\x81meannud', b'amis', b'\xe2\x96\x81nie', b'\xe2\x96\x81lehpet', b'\xe2\x96\x81Ale', b'anj', b'lohk', b'od', b'\xc3\xa1ht', b'alus', b'\xe2\x96\x8112', b'1', b'\xe2\x96\x81mann\xc3\xa1', b'\xe2\x96\x81buktit', b'\xe2\x96\x81A', b'\xe2\x96\x81Eai', b'uhit', b'\xe2\x96\x81muhtin', b'\xe2\x96\x81fertejit', b'juvvot', b'\xe2\x96\x81l\xc3\xa1ve', b'usaiguin', b'ihtt', b'\xe2\x96\x81\xc4\x8dalmm', b'\xe2\x96\x81st\xc3\xa1ht', b'\xe2\x96\x81meahcc', b'llui', b'agas', b'\xe2\x96\x81Juos', b'ud', b'ahit', b'\xe2\x96\x81g\xc3\xa1ib', b'\xe2\x96\x81golmma', b'all\xc3\xa1', b'\xe2\x96\x81vuo\xc4\x91ul', b'\xe2\x96\x81die\xc4\x91uid', b'odagas', b'\xc3\xa1mu\xc5\xa1', b'\xe2\x96\x81sus', b'ada', b'hkki', b'uov', b'kkiid', b'\xe2\x96\x81b\xc3\xa1', b'ks', b'\xe2\x96\x81sisa', b'\xe2\x96\x81lass', b'ddj', b'\xe2\x96\x81Muhtumin', b'\xe2\x96\x81ovdalgo', b'asiin', b'\xe2\x96\x81bass', b'\xe2\x96\x81Pippi', b'\xe2\x96\x81ear', b'ddu', b'\xe2\x96\x81g\xc3\xa1hkuid', b'\xc3\xa1iggis', b'\xe2\x96\x81orui', b'\xe2\x96\x81\xc3\xa1lgg', b'iiga', b'\xe2\x96\x81Gea', b'\xe2\x96\x81v\xc3\xa1id', b'\xe2\x96\x81guovdd\xc3\xa1\xc5\xa1', b'\xe2\x96\x81deaivv', b'\xe2\x96\x81mearkka\xc5\xa1', b'\xe2\x96\x81giela', b'\xe2\x96\x81vur', b'\xe2\x96\x81oahpahusa', b'gat', b'\xe2\x96\x81Finnm\xc3\xa1rkkus', b'\xe2\x96\x81S\xc3\xa1pmela\xc4\x8d\xc4\x8dat', b'\xe2\x96\x81lohkan', b'eav', b'\xe2\x96\x81div\xc5\xa1\xc5\xa1ohas', b'\xe2\x96\x81d\xc3\xa1kk\xc3\xa1r', b'\xe2\x96\x81d\xc3\xa1rogielat', b'\xe2\x96\x81v\xc3\xa1zz', b'\xe2\x96\x81Lei', b'\xe2\x96\x81g\xc3\xa1vtti', b'\xe2\x96\x81buohcc', b'\xe2\x96\x81galge', b'\xe2\x96\x81K\xc3\xa1r\xc3\xa1\xc5\xa1johkii', b'\xe2\x96\x81s\xc3\xa1htt\xc3\xa1n', b'eas', b'\xe2\x96\x81geain', b'\xe2\x96\x81s\xc3\xa1htte', b'\xe2\x96\x81\xc4\x8diel', b'\xe2\x96\x81njeallje', b'\xe2\x96\x81\xc3\xa1igo', b'igg', b'guovttos', b'a\xc4\x8d\xc4\x8dat', b'\xe2\x96\x81\xc5\xa1', b'\xe2\x96\x81gol', b'uvdn', b'imis', b'\xe2\x96\x81oktavuo\xc4\x91as', b'\xe2\x96\x81Muhtinl\xc3\xa1gan', b'ggi', b'\xe2\x96\x81skuvll', b'\xe2\x96\x81Intern\xc3\xa1htt', b'\xe2\x96\x81intern\xc3\xa1httii', b'alit', b'\xe2\x96\x81m\xc3\xa1ks', b'\xe2\x96\x81ruovtt', b'\xe2\x96\x81v\xc3\xa1rra', b'\xc3\xa1ide', b'\xe2\x96\x81guhkit', b'\xe2\x96\x81vihtta', b'\xe2\x96\x81borramu\xc5\xa1', b'\xe2\x96\x81dul', b'\xe2\x96\x81ie\xc5\xbea', b'usain', b'\xe2\x96\x81olggos', b'\xe2\x96\x81ruvnno', b'\xe2\x96\x81atnit', b'\xe2\x96\x81\xc4\x8d\xc3\xa1llit', b'\xe2\x96\x81amas', b'\xe2\x96\x81\xc4\x8da\xc4\x91a', b'\xe2\x96\x81Leago', b'\xe2\x96\x81M\xc3\xa1nn\xc3\xa1', b'\xe2\x96\x81boaris', b'\xe2\x96\x81\xc3\x81ddj\xc3\xa1', b'\xe2\x96\x81buoret', b'uhan', b'dje', b'oahpah', b'\xe2\x96\x81jear', b'dihte', b'cc', b'\xc3\xa1la', b'\xe2\x96\x81n\xc3\xa1', b'\xe2\x96\x81duo\xc4\x91a\xc5\xa1t', b'\xe2\x96\x81gie', b'\xe2\x96\x81e', b'ahk', b'ttis', b'\xe2\x96\x81sk', b'anb', b'\xe2\x96\x81luoss', b'ass', b'\xe2\x96\x81d\xc3\xa1rbba\xc5\xa1la\xc5\xa1', b'iel', b'\xe2\x96\x81\xc4\x8die', b'eaddjis', b'\xe2\x96\x81meahcc\xc3\xa1i', b'jj', b'\xe2\x96\x81Oahpaheaddji', b'\xe2\x96\x81njuolga', b'\xe2\x96\x81riekta', b'\xe2\x96\x81filmma', b'\xe2\x96\x81dovd', b'\xe2\x96\x81bargan', b'\xe2\x96\x81dadj\xc3\xa1', b'ne', b'\xe2\x96\x81juohk', b'\xe2\x96\x81Guovdageainnu', b'\xe2\x96\x81ma\xc5\x8b\xc5\x8bel', b'\xe2\x96\x81pedagog', b'u\xc5\xa1', b'ib', b'ke', b'sen', b'\xe2\x96\x81ruht', b'\xe2\x96\x81S\xc3\xa1m', b'c', b'\xe2\x96\x81oppa', b'\xc5\xa1\xc5\xa1', b'oa', b'ohk', b'ana', b'\xe2\x96\x81Hearr\xc3\xa1', b'ara', b'\xe2\x96\x81attii', b'\xe2\x96\x81divrras', b'\xe2\x96\x81bi', b'\xe2\x96\x81dadjat', b'vuo\xc4\x91aid', b'\xe2\x96\x81v\xc3\xa1ld\xc3\xa1n', b'\xe2\x96\x81mus', b'igatvuo\xc4\x91a', b'\xc3\xa1dusa', b'\xe2\x96\x81G\xc3\xa1i', b'\xc3\xa1iggi', b'\xe2\x96\x81boastut', b'\xe2\x96\x81liv\xc4\x8d\xc4\x8de', b'gu', b'\xe2\x96\x81\xc4\x8dilge', b'\xe2\x96\x81sidjiide', b'\xe2\x96\x81Boa\xc4\x91e', b'\xe2\x96\x81buohk', b'eddjiid', b'\xe2\x96\x81ie\xc5\xbean', b'\xe2\x96\x81v\xc3\xa1s', b'\xe2\x96\x81b\xc3\xa1ikk\xc3\xa1la\xc5\xa1', b'\xe2\x96\x81luondd', b'\xc3\xa1hta', b'\xe2\x96\x81bargu', b'2', b'\xe2\x96\x81oktasa\xc5\xa1', b'\xc5\x8b', b'me', b'imat', b'\xe2\x96\x81Galg\xc3\xa1', b'vuoigatvuohta', b'\xe2\x96\x81D\xc3\xa1', b'\xe2\x96\x81juoid\xc3\xa1', b'\xe2\x96\x81s\xc3\xa1gast', b'\xc5\xbe', b'rrut', b'\xe2\x96\x81dil', b'\xe2\x96\x81stuor\xc3\xa1t', b'\xe2\x96\x81g\xc3\xa1r\xc5\xbe\xc5\xbe', b'\xe2\x96\x81hear', b'z', b'\xe2\x96\x81\xc5\xa1addet', b'\xe2\x96\x81\xc3\xa1ig', b'\xe2\x96\x81buht', b'\xe2\x96\x81njuolggadusaid', b'\xe2\x96\x81gorr', b'\xe2\x96\x81badjel', b'dil', b'aheami', b'\xe2\x96\x81\xc3\xa1rvvo\xc5\xa1t', b'\xe2\x96\x81Vuo', b'ttas', b'\xe2\x96\x81namm', b'assii', b'zihanl\xc3\xa1vdegoddi', b'ahtti', b'\xe2\x96\x81\xc4\x8da\xc4\x91ah', b'\xe2\x96\x81par', b'\xe2\x96\x81add\xc3\xa1', b'tii', b'\xe2\x96\x81dil\xc3\xa1la\xc5\xa1vuo\xc4\x91aid', b'da', b'\xe2\x96\x81l\xc3\xa1hka', b'\xe2\x96\x81doaibm', b'\xe2\x96\x81bu', b'\xe2\x96\x81lohpi', b'\xe2\x96\x81sp', b'\xe2\x96\x81bivdit', b'\xe2\x96\x81ma\xc5\x8b\xc5\x8bil', b'\xe2\x96\x81addit', b'\xe2\x96\x81vuov', b'ddis', b'\xe2\x96\x81geavahanvuo', b'\xe2\x96\x81dahkk', b'\xe2\x96\x81gull', b'\xe2\x96\x81ie\xc5\xbe', b'\xe2\x96\x81muitalan', b'\xe2\x96\x81h\xc3\xa1liid', b'\xe2\x96\x81lahka', b'\xe2\x96\x81Jos', b'\xe2\x96\x81dakkavi\xc4\x91e', b'\xe2\x96\x81goik', b'ihkk', b'\xe2\x96\x81adnojuvvo', b'\xe2\x96\x81b\xc3\xa1l', b'\xe2\x96\x81goassege', b'\xe2\x96\x81eadni', b'\xe2\x96\x81nieidda', b'oahp', b'ean', b'\xe2\x96\x81Gii', b'\xe2\x96\x81\xc4\x8d\xc3\xa1ppa', b'ss\xc3\xa1', b'\xe2\x96\x81geah\xc4\x8d', b'aiga', b'beahtti', b'oai', b'\xe2\x96\x81oinnii', b'\xe2\x96\x81ruoktot', b'\xe2\x96\x81v\xc3\xa1ikkuhit', b'k\xc3\xa1', b'\xe2\x96\x81d\xc3\xa1l\xc3\xa1', b'\xe2\x96\x81v\xc3\xa1i', b'ens', b'\xe2\x96\x81organisa\xc5\xa1uvnn', b'\xe2\x96\x81ovtt', b'\xe2\x96\x81giell', b'vuo', b'\xe2\x96\x81riikkaid', b'\xe2\x96\x81konven\xc5\xa1', b'va', b'\xe2\x96\x81oass\xc3\xa1lastit', b'\xe2\x96\x81oassi', b'idd', b'\xe2\x96\x81fier', b'\xe2\x96\x81buor', b'ehk', b'\xe2\x96\x81d\xc3\xa1fus', b'\xe2\x96\x81h\xc3\xa1rr\xc3\xa1i', b'\xe2\x96\x81bargui', b'idit', b'\xe2\x96\x81deattuha', b'\xe2\x96\x81huks', b'\xe2\x96\x81boazodoallol', b'\xe2\x96\x81sihkkarastit', b'al\xc3\xa1gan', b'\xe2\x96\x81h\xc3\xa1l', b'kuvllas', b'\xe2\x96\x81joatkkas', b'ddus', b'\xe2\x96\x81m\xc3\xa1nn', b'umis', b'\xe2\x96\x81geavahedje', b'\xe2\x96\x81Olbmot', b'\xe2\x96\x81veahki', b'\xe2\x96\x81F', b'\xe2\x96\x81\xc3\xa1lgit', b'barggu', b'\xe2\x96\x81barggus', b'\xe2\x96\x81vuor', b'\xe2\x96\x81\xc4\x8deahpit', b'\xe2\x96\x81v\xc3\xa1', b'\xe2\x96\x81gillen', b'bma', b'\xe2\x96\x81U', b'\xe2\x96\x81oaiv', b'\xe2\x96\x81girjjiid', b'\xe2\x96\x81poar', b'ttaid', b'\xe2\x96\x81seamm\xc3\xa1', b'\xe2\x96\x81bearr', b'\xe2\x96\x81\xc3\xa1lbmog', b'\xe2\x96\x81duohta', b'gas', b'aj', b'\xe2\x96\x81ovdan', b'\xe2\x96\x81\xc4\x8d\xc3\xa1ll\xc3\xa1n', b'aldagaid', b'\xe2\x96\x81\xc3\xa1lbmoga', b'\xe2\x96\x81ruhta', b'\xe2\x96\x81St\xc3\xa1llu', b'\xe2\x96\x81biktasiid', b'\xc3\xa1ld', b'\xc3\xa1hp', b'ier', b'\xc3\xa1rat', b'kkas', b'\xe2\x96\x81194', b'ilit', b'ielas', b'\xe2\x96\x81intern\xc3\xa1htta', b'\xc3\xa1pmela\xc4\x8d\xc4\x8daide', b'uvvojedje', b'\xe2\x96\x8120', b'\xe2\x96\x81oahpp', b'\xe2\x96\x81riikka', b'\xc3\xa1la\xc5\xa1vuo\xc4\x91', b'\xe2\x96\x81gelbbola\xc5\xa1vuo\xc4\x91a', b'\xe2\x96\x81v\xc3\xa1hnemat', b'\xe2\x96\x81\xc4\x8d\xc3\xa1ll\xc3\xa1', b'\xe2\x96\x81gaskan', b'\xc5\xa1', b'\xe2\x96\x81oasis', b'h\xc4\x8d\xc4\x8d', b'\xe2\x96\x81v\xc3\xa1r', b'\xe2\x96\x81oar', b'\xe2\x96\x81mielkki', b'\xe2\x96\x81makk\xc3\xa1rge', b'\xe2\x96\x81dol', b'odagain', b'\xe2\x96\x81g\xc3\xa1fe', b'\xe2\x96\x81barg', b'\xe2\x96\x81Jesus', b'\xe2\x96\x81d\xc3\xa1lvvi', b'\xe2\x96\x81g\xc3\xa1', b'\xe2\x96\x81guhku', b'\xe2\x96\x81doaimmaid', b'\xe2\x96\x81Diet', b'\xe2\x96\x81Div\xc5\xa1\xc5\xa1ohas', b'\xe2\x96\x81journ\xc3\xa1la', b'\xe2\x96\x81Do', b'\xe2\x96\x81it', b'\xc3\xa1hku', b'\xe2\x96\x81gaskal', b'\xe2\x96\x81muital', b'\xe2\x96\x81Ferte', b'ibehtet', b'ssa', b'\xe2\x96\x81d\xc3\xa1rbu', b'\xe2\x96\x81M\xc3\xa1ret', b'\xe2\x96\x81ovdd', b'\xe2\x96\x81bearjadaga', b'\xe2\x96\x81\xc3\x81nde', b'\xe2\x96\x81\xc3\x81h\xc4\x8d\xc4\x8di', b'\xe2\x96\x81odne', b'\xe2\x96\x81h\xc3\xa1liidii', b'\xe2\x96\x81oktavuo\xc4\x91a', b'ia', b'\xe2\x96\x81Rie', b'uohk', b'ieht', b'\xe2\x96\x81njun', b'\xe2\x96\x81meara', b'\xe2\x96\x81l\xc3\xa1hkai', b'\xe2\x96\x81Su', b'\xe2\x96\x81vuorru', b'\xe2\x96\x81iige', b'\xc4\x8doahkkin', b'\xe2\x96\x81St\xc3\xa1hta', b'\xe2\x96\x81v\xc3\xa1il', b'\xe2\x96\x81bis', b'M', b'dd\xc3\xa1\xc5\xbea', b'\xe2\x96\x81\xc3\xa1ibbas', b'\xe2\x96\x81g\xc3\xa1vdno', b'\xe2\x96\x81s\xc3\xa1meg', b'est', b'ago\xc4\x91ii', b'vuona', b'\xe2\x96\x81vugiin', b'asta', b'lli', b'\xe2\x96\x81ma\xc5\x8b', b'val', b'\xe2\x96\x81d\xc3\xa1', b'\xe2\x96\x81beass\xc3\xa1', b'\xe2\x96\x81vuos', b'\xe2\x96\x81suohkana', b'\xe2\x96\x81nuorra', b'af', b'\xe2\x96\x81Tr', b'\xe2\x96\x81eks\xc3\xa1mena', b'\xe2\x96\x81soahp', b'anvuo', b'ussii', b'ahttu', b'alu', b'\xe2\x96\x81ovddasv\xc3\xa1st\xc3\xa1dus', b'ttain', b'\xe2\x96\x81visot', b'alis', b'\xe2\x96\x81oai', b'\xe2\x96\x81bero\xc5\xa1tumit', b'\xe2\x96\x81vuhtii', b'\xe2\x96\x81guliid', b'\xe2\x96\x81sm\xc3\xa1vva', b'\xe2\x96\x81elliid', b'\xe2\x96\x81eatnamis', b'\xe2\x96\x81b\xc3\xa1rtnit', b'aba', b'\xe2\x96\x81nieida', b'\xe2\x96\x81nama', b'\xe2\x96\x81olbm', b'\xe2\x96\x81dasgo', b'\xe2\x96\x81boares', b'\xe2\x96\x81be', b'\xe2\x96\x81b\xc3\xa1ik', b'\xe2\x96\x81Mo', b'\xe2\x96\x81doalai', b'j\xc3\xa1n', b'\xe2\x96\x81nieidd', b'\xe2\x96\x81unna', b'\xe2\x96\x81Gu', b'hcc', b'\xe2\x96\x81g\xc3\xa1ibiduvvo', b'rra', b'\xe2\x96\x81al', b'\xe2\x96\x81eatnamiid', b'\xe2\x96\x81\xc3\xa1h\xc4\x8dis', b'\xe2\x96\x81v\xc3\xa1lddii', b'\xe2\x96\x81eatn', b'\xe2\x96\x81eahket', b'\xe2\x96\x81muitalit', b'\xc3\xa1husain', b'idn', b'tti', b'barg', b'dda\xc5\xa1', b'\xe2\x96\x81oa\xc4\x8d\xc4\x8dui', b'\xe2\x96\x81ovttasbargo', b'\xe2\x96\x81fylkk', b'\xe2\x96\x81bar', b'\xe2\x96\x81besset', b'\xe2\x96\x81barggai', b'\xe2\x96\x81die\xc4\x91usge', b'\xe2\x96\x81goit', b'\xe2\x96\x81\xc4\x8d\xc3\xa1l', b'\xe2\x96\x81olbmuin', b'iggodagaide', b'\xe2\x96\x81gear', b'\xe2\x96\x81masa', b'\xe2\x96\x81h\xc3\xa1liidan', b'amat', b'ttat', b'\xe2\x96\x81dain', b'\xe2\x96\x81eanas', b'\xe2\x96\x81Boaz', b'\xe2\x96\x81dor', b'iduvvo', b'sea', b'istit', b'\xe2\x96\x81vuo\xc4\x91u', b'\xe2\x96\x81s\xc3\xa1httit', b'\xe2\x96\x81orrot', b'\xe2\x96\x81m\xc3\xa1', b'uiguin', b'\xe2\x96\x81Ikte', b'ost', b'\xe2\x96\x81oidnen', b'\xe2\x96\x81vah', b'adusa', b'\xc3\xa1husa', b'\xe2\x96\x81j\xc3\xa1hkk', b'\xe2\x96\x81radi', b'\xe2\x96\x81oahppat', b'ahallat', b'\xe2\x96\x81adn', b'ojuvvot', b'\xe2\x96\x81mearr\xc3\xa1dusaid', b'\xe2\x96\x81guol\xc3\xa1st', b'eeatnamiid', b'upmi', b'\xe2\x96\x81v\xc3\xa1ikk', b'uha', b'\xe2\x96\x81eal\xc3\xa1hus', b'la\xc5\xa1', b'\xe2\x96\x81dolo\xc5\xa1', b'ddut', b'\xe2\x96\x81uhcc\xc3\xa1n', b'\xe2\x96\x81v\xc3\xa1ldd', b'bmii', b'\xe2\x96\x81guor', b'ahallam', b'\xc5\xbe\xc5\xbean', b'\xe2\x96\x81doaimm', b'jag', b'estii', b'asis', b'asii', b'\xe2\x96\x81s\xc3\xa1rdn', b'ahtt', b'\xe2\x96\x81jahk\xc3\xa1sa\xc4\x8d\xc4\x8dat', b'\xe2\x96\x81jahk', b'\xe2\x96\x81eaktod\xc3\xa1ht', b'\xe2\x96\x81dag', b'\xe2\x96\x81luohtt', b'mma', b'vvuiguin', b'\xe2\x96\x81\xc3\xa1vkk\xc3\xa1st', b'allamii', b'\xe2\x96\x81lobi', b'\xe2\x96\x81goar', b'\xe2\x96\x81mie', b'llas', b'\xe2\x96\x81div', b'odagaid', b'\xe2\x96\x81earret', b'\xe2\x96\x81ovdamearkan', b'\xe2\x96\x81luopm\xc3\xa1nat', b'\xe2\x96\x81vu', b'\xe2\x96\x81eall\xc3\xa1n', b'\xe2\x96\x81dahke', b'\xe2\x96\x81ro', b'eall', b'ask', b'\xe2\x96\x81nuor', b'\xe2\x96\x81olu', b'\xc3\xa1ss', b'\xe2\x96\x81gea', b'\xe2\x96\x81johtt', b'\xe2\x96\x81beasa', b'dag', b'get', b'\xe2\x96\x81guhkki', b'\xe2\x96\x81botn', b'\xe2\x96\x81mu\xc4\x91ui', b'\xe2\x96\x81gur', b'\xe2\x96\x81geasset', b'\xe2\x96\x81d\xc3\xa1lvet', b'\xe2\x96\x81nalde', b'\xe2\x96\x81\xc4\x8do', b'bo', b'hkka', b'\xe2\x96\x81siste', b'\xe2\x96\x81viesu', b'\xe2\x96\x81viessu', b'\xe2\x96\x81Nj', b'\xe2\x96\x81ulbmil', b'imin', b'\xe2\x96\x81l\xc3\xa1ib', b'\xe2\x96\x81eaba', b'\xe2\x96\x81g\xc3\xa1vdnat', b'\xe2\x96\x81varas', b'kat', b'\xc5\xa7', b'alii', b'\xe2\x96\x81W', b'\xe2\x96\x81\xc3\x81iggun', b'\xc3\xa1da', b'eall\xc3\xa1i', b'\xe2\x96\x81h\xc3\xa1bm', b'iija', b'\xe2\x96\x81l\xc3\xa1ga', b'\xe2\x96\x81h\xc3\xa1rve', b'\xe2\x96\x81dis', b'\xe2\x96\x81jienastuslog', b'uvnn', b'\xe2\x96\x81Olbm', b'\xe2\x96\x81almmola\xc5\xa1', b'\xe2\x96\x81jus', b'\xe2\x96\x81bero\xc5\xa1keahtt\xc3\xa1', b'\xe2\x96\x81bero\xc5\xa1tum', b'riekti', b'\xe2\x96\x81nann', b'\xe2\x96\x81ie\xc5\xa1mearr', b'\xe2\x96\x81Guovdd\xc3\xa1\xc5\xa1', b'ggus', b'\xe2\x96\x81\xc3\xa1sahan', b'iguov', b'eamos', b'\xe2\x96\x81jagiid', b'allamiid', b'kta', b'\xe2\x96\x81dutkan', b'bi', b'\xe2\x96\x81k', b'\xc3\xa1sa', b'\xe2\x96\x81doaimmat', b'\xe2\x96\x81gaskka', b'\xe2\x96\x81I', b'\xc5\x8bgg', b'\xe2\x96\x81geatnegasvuohta', b'uvtt', b'\xe2\x96\x81eahp', b'\xe2\x96\x81vearr', b'\xe2\x96\x81doaimmain', b'\xe2\x96\x81Mis', b'\xc3\xa1pmela\xc4\x8d\xc4\x8daid', b'\xe2\x96\x81vuoi\xc5\x8b\xc5\x8b', b'\xe2\x96\x81gall', b'uolggad', b'\xe2\x96\x81rievd', b'\xe2\x96\x81erenoam\xc3\xa1\xc5\xbeit', b'\xe2\x96\x81lag', b'\xe2\x96\x81pl\xc3\xa1n', b'\xe2\x96\x81d\xc3\xa1ss', b'\xe2\x96\x81ovd\xc3\xa1n', b'zz', b'\xe2\x96\x81m\xc3\xa1n\xc3\xa1iguin', b'\xe2\x96\x81kl\xc3\xa1ss', b'\xe2\x96\x81oahpaheaddjit', b'\xe2\x96\x81v\xc3\xa1zzit', b'\xe2\x96\x81Danin', b'\xe2\x96\x81dihtii', b'\xe2\x96\x81M\xc3\xa1', b'\xc3\xa1vuo\xc4\x91as', b'jagiid', b'\xe2\x96\x81s\xc3\xa1megielat', b'eanttat', b'abargit', b'skuvlla', b'\xe2\x96\x81Buo', b'\xe2\x96\x81serv', b'\xe2\x96\x81Vaikko', b'\xe2\x96\x81dattetge', b'\xe2\x96\x81veahkehit', b'\xe2\x96\x81beatn', b'\xe2\x96\x81guhk\xc3\xa1s', b'\xe2\x96\x81buorid', b'ursa', b'\xe2\x96\x81lohkat', b'\xe2\x96\x81lohk', b'\xe2\x96\x81leigga', b'ust', b'\xe2\x96\x81\xc3\x81ilu', b'\xe2\x96\x81givss', b'\xe2\x96\x81measta', b'\xe2\x96\x81Busi', b'\xe2\x96\x81beaivv\xc3\xa1\xc5\xbe', b'jiid', b'eamen', b'\xe2\x96\x81Nie', b'ild', b'\xe2\x96\x81duohken', b'\xe2\x96\x81miht', b'\xe2\x96\x81G\xc3\xa1vpot', b'\xe2\x96\x81\xc4\x8duovgga', b'\xe2\x96\x81buktet', b'uo\xc4\x91', b'\xe2\x96\x81\xc4\x8d\xc3\xa1jehii', b'\xe2\x96\x81kr', b'\xe2\x96\x81muorra', b'\xe2\x96\x81g\xc3\xa1vpogis', b'ejit', b'eahttun', b'\xe2\x96\x81Smier', b'vuonas', b'\xe2\x96\x81gi\xc4\x91\xc4\x91', b'\xc5\xbeat', b'\xe2\x96\x81g\xc3\xa1l', b'ige', b'\xe2\x96\x81juovlab', b'\xe2\x96\x81b\xc3\xa1s\xc3\xa1r', b'\xc3\xa1llu', b'\xe2\x96\x81doarv\xc3\xa1i', b'\xe2\x96\x81\xc3\xa1i', b'\xe2\x96\x81Nils', b'\xe2\x96\x81duhtava\xc4\x8d\xc4\x8dat', b'\xe2\x96\x81almmuh', b'dden', b'\xe2\x96\x81l\xc3\xa1vlaga', b'a\xc4\x8d\xc4\x8dain', b'\xe2\x96\x81Niillas', b'ki', b'\xe2\x96\x81M\xc3\xa1r', b'agiid', b'uvss', b'\xe2\x96\x81\xc3\x81nne', b'\xe2\x96\x81ustibat', b'\xe2\x96\x81st\xc3\xa1l', b'\xe2\x96\x81Ma\xc5\x8b\xc5\x8b\xc3\xa1', b'\xe2\x96\x81lassin', b'\xe2\x96\x81Oslo', b'and', b'\xe2\x96\x8118', b'\xc3\xa1sa\xc5\xa1', b'\xe2\x96\x811', b'ahii', b'\xe2\x96\x81intern\xc3\xa1httadoai', b'adoai', b'lle', b'adedje', b'lii', b'\xe2\x96\x81lullis\xc3\xa1mi', b'\xe2\x96\x81buohkat', b'\xe2\x96\x81sosi\xc3\xa1lala\xc5\xa1', b'\xe2\x96\x81dovde', b'\xc3\xa1vv', b'\xe2\x96\x81Romssas', b'\xe2\x96\x81biht\xc3\xa1id', b'\xe2\x96\x81jo\xc4\x91ih', b'\xe2\x96\x81muitt\xc3\xa1n', b'\xe2\x96\x81d\xc3\xa1hp\xc3\xa1huvai', b'\xe2\x96\x81dik\xc5\xa1', b'\xe2\x96\x81kl\xc3\xa1ssalanj', b'\xe2\x96\x81Norggas', b'eamit', b'\xe2\x96\x81gearddis', b'ejedje', b'\xe2\x96\x81oa\xc4\x91\xc4\x91', b'\xe2\x96\x81diibmu', b'\xe2\x96\x81ligg', b'alan', b'\xe2\x96\x81vahkk', b'\xe2\x96\x81Sin', b'vissui', b'uoraid', b'\xe2\x96\x81bohcc', b'alat', b'ago', b'\xe2\x96\x81d\xc3\xa1rog', b'iss', b'\xe2\x96\x81Deanu', b'\xe2\x96\x81guhkes', b'\xe2\x96\x81s\xc3\xa1htii', b'\xe2\x96\x81Nieiddat', b'\xe2\x96\x81liiko', b'ur', b'\xe2\x96\x81bea', b'\xe2\x96\x81oaivil', b'\xe2\x96\x81historjj\xc3\xa1', b'\xe2\x96\x81Trosterud', b'\xe2\x96\x81fanas', b'\xe2\x96\x81vuoll\xc3\xa1i', b'\xe2\x96\x81Biera', b'\xe2\x96\x81vie', b'\xe2\x96\x81oa', b'ame', b'\xe2\x96\x81\xc3\xa1\xc5\xa1\xc5\xa1iin', b'vu', b'\xe2\x96\x81\xc4\x8duovv', b'istan', b'\xe2\x96\x81midjiide', b'\xe2\x96\x81easkka', b'\xe2\x96\x81Turi', b'\xe2\x96\x81Lene', b'\xe2\x96\x81Dearvva\xc5\xa1vuo\xc4\x91', b'\xe2\x96\x81div\xc5\xa1\xc5\xa1ohasa', b'\xe2\x96\x81S\xc3\xa1medikkiin', b'\xe2\x96\x81jahk\xc3\xa1sa\xc5\xa1', b'\xe2\x96\x81gili', b'ehtet', b'\xe2\x96\x81Du\xc5\xa1\xc5\xa1e', b'\xe2\x96\x81mearr\xc3\xa1dusat', b'iduvvon', b'\xe2\x96\x81Ruo\xc5\xa7a', b'\xe2\x96\x81viid', b'jjit', b'\xe2\x96\x81Ean', b'\xe2\x96\x81Vuoig\xc5\x8ba', b'\xe2\x96\x81vielljan', b'\xe2\x96\x81sp\xc3\xa1ppa', b'\xe2\x96\x81Heasta', b'\xe2\x96\x81dearvan', b'\xe2\x96\x81g\xc3\xa1hku', b'age', b'\xe2\x96\x81sakka', b'\xe2\x96\x81manne', b'j\xc3\xa1', b'\xe2\x96\x81suohtas', b'\xe2\x96\x81nisu', b'\xe2\x96\x81vie\xc5\xbe\xc5\xbeat', b'\xe2\x96\x81leimmet', b'etne', b'\xe2\x96\x81n\xc3\xa1italan', b'\xe2\x96\x81ihttin', b'dd\xc3\xa1n', b'\xe2\x96\x81biillain', b'\xe2\x96\x81Odne', b'\xe2\x96\x81duddj', b'\xe2\x96\x81Ovdal', b'\xe2\x96\x81R\xc3\xa1\xc4\x91\xc4\x91ehus', b'\xe2\x96\x81Skuvla', b'\xe2\x96\x81s\xc3\xa1m', b'\xe2\x96\x81Harry', b'\xe2\x96\x81Vuoigatvuohta', b'\xe2\x96\x81boahtiba', b'\xe2\x96\x81joht', b'\xe2\x96\x81eami\xc3\xa1lbmot', b'\xe2\x96\x81eami\xc3\xa1lbmogiid', b'\xc3\xa1igi', b'vo', b'ahallan', b'\xe2\x96\x81Mat', b'ahallamii', b'hpp', b'\xe2\x96\x81f\xc3\xa1pmu', b'\xe2\x96\x81m\xc3\xa1\xc5\x8bggas', b'\xe2\x96\x81\xc4\x8d\xc3\xa1j', b'lanja', b'\xe2\x96\x81boa\xc4\x91', b'\xe2\x96\x81ma\xc5\x8b\xc5\x8beleappos', b'\xe2\x96\x81\xc4\x8d\xc3\xa1hci', b'\xe2\x96\x81lieggan', b'\xe2\x96\x81\xc3\xa1rrat', b'\xe2\x96\x81medi', b'ahall', b'\xe2\x96\x81kommi\xc5\xa1uvnn', b'\xe2\x96\x81galggat', b'kkat', b'\xc3\xa1ikk', b'a\xc5\xa1uvnn', b'\xe2\x96\x81l\xc3\xa1vii', b'itn', b'\xe2\x96\x81geavat', b'\xe2\x96\x81ear\xc3\xa1t', b'\xe2\x96\x81Intern', b'\xe2\x96\x81jo\xc4\x91iheaddji', b'\xe2\x96\x81f\xc3\xa1laldat', b'\xe2\x96\x81m\xc3\xa1n\xc3\xa1ide', b'vvis', b'\xe2\x96\x81fal', b'ddit', b'\xe2\x96\x81lundd', b'\xe2\x96\x81neal', b'ppis', b'eva\xc5\xa1vuo\xc4\x91a', b'\xe2\x96\x81dovdd', b'\xe2\x96\x81ohppiid', b'\xe2\x96\x81eaige', b'presideanta', b'\xe2\x96\x81beaht', b'\xe2\x96\x81Bargiidbell', b'\xe2\x96\x81geah\xc4\x8d\xc4\x8d\xc3\xa1', b'\xe2\x96\x81historjj\xc3\xa1s', b'\xe2\x96\x81s\xc3\xa1mepolit', b'\xe2\x96\x81\xc3\x81r', b'\xe2\x96\x81d\xc3\xa1hp\xc3\xa1huvv\xc3\xa1', b'\xc3\xa1giin', b'\xe2\x96\x81galgga\xc5\xa1ii', b'\xe2\x96\x81beassat', b'\xe2\x96\x81\xc4\x8da\xc4\x91ahit', b'\xe2\x96\x81bohccuid', b'\xe2\x96\x81oahppopl\xc3\xa1na', b'\xe2\x96\x81s\xc3\xa1pmel', b'\xe2\x96\x81o\xc4\x91asm', b'ahttin', b'\xe2\x96\x81boht', b'\xe2\x96\x81geah\xc4\x8d\xc4\x8dal', b'\xe2\x96\x81heas', b'bm\xc3\xa1', b'\xe2\x96\x81Deanus', b'\xe2\x96\x81die\xc4\x91ih', b'\xe2\x96\x81suohkanst', b'ivra', b'\xe2\x96\x81vuosttald', b'\xe2\x96\x81suodjalan', b'ub', b'\xe2\x96\x81eatnamiin', b'\xe2\x96\x81eamit', b'ka', b'ram', b'\xe2\x96\x81Du', b'\xe2\x96\x81duopm', b'\xe2\x96\x81all', b'\xe2\x96\x81daga', b'\xe2\x96\x81i', b'\xe2\x96\x81mana', b'iime', b'\xe2\x96\x81rieg\xc3\xa1dahtt\xc3\xa1n', b'\xe2\x96\x81b\xc3\xa1rtni', b'\xe2\x96\x81lu', b'\xe2\x96\x81muoraid', b'ff', b'\xe2\x96\x81v\xc3\xa1r\xc3\xa1s', b'\xe2\x96\x81goh\xc4\x8d\xc4\x8d', b'\xe2\x96\x81Addet', b'\xc3\xa1ikin', b'\xe2\x96\x81h\xc3\xa1vd\xc3\xa1dit', b'\xe2\x96\x81j\xc3\xa1pm', b'jii', b'\xe2\x96\x81ie\xc5\xbeat', b'\xe2\x96\x81Dasto', b'rie', b'\xe2\x96\x81gea\xc4\x91gi', b'\xe2\x96\x81s\xc3\xa1vzz', b'\xe2\x96\x81vea', b'\xe2\x96\x81rie', b'\xe2\x96\x81Ar', b'\xe2\x96\x81nieg', b'\xe2\x96\x81farao', b'\xe2\x96\x81fuom\xc3\xa1\xc5\xa1', b'\xe2\x96\x81garrasit', b'\xe2\x96\x81die\xc4\x91e', b'\xe2\x96\x81l\xc3\xa1htt', b'anassii', b'\xe2\x96\x81Div', b'\xe2\x96\x81Gos', b'astte', b'\xe2\x96\x81\xc5\xa1addat', b'\xe2\x96\x81opm', b'\xe2\x96\x81goapp', b'a\xc5\xa1at', b'iidis', b'ma', b'\xe2\x96\x81i\xc4\x91', b'\xe2\x96\x81barggan', b'\xe2\x96\x81oahpahus', b'\xe2\x96\x81\xc3\xa1lggos', b'l\xc3\xa1vdego', b'\xc3\xa1htaid', b'\xe2\x96\x81lahk', b'ang', b'bottena', b'\xe2\x96\x81Bargo', b'\xe2\x96\x81\xc3\x81lgo', b'\xe2\x96\x81ma\xc5\x8bimus', b'joavkkuide', b'\xe2\x96\x81viid\xc3\xa1s', b'kke', b'\xe2\x96\x81\xc3\xa1igg', b'\xe2\x96\x81doll', b'\xe2\x96\x81oaiviliid', b'\xc3\xa1\xc4\x91\xc4\x91', b'\xe2\x96\x81buvttii', b'uidis', b'\xe2\x96\x81Leat', b'\xe2\x96\x81veahk', b'\xe2\x96\x81luonddur', b'\xe2\x96\x81Luondd', b'eahtt', b'jum', b'\xe2\x96\x81priv\xc3\xa1hta', b'\xe2\x96\x81veah', b'\xe2\x96\x81meahcci', b'lin', b'\xe2\x96\x81o\xc4\x91\xc4\x91', b'\xe2\x96\x81Olmmo\xc5\xa1', b'n\xc3\xa1', b'\xe2\x96\x81ru\xc4\x91', b'\xe2\x96\x81vuoit\xc3\xa1', b'\xe2\x96\x81tur', b'\xe2\x96\x81diekk\xc3\xa1r', b'\xe2\x96\x81fargga', b'\xe2\x96\x81f\xc3\xa1', b'\xe2\x96\x81guvlui', b'kkit', b'\xe2\x96\x81ovttasbargat', b'\xe2\x96\x81han', b'\xe2\x96\x81v\xc3\xa1ileva\xc5\xa1', b'\xe2\x96\x81vuost', b'ssas', b'uht', b'\xe2\x96\x81ohc', b'\xe2\x96\x81s\xc3\xa1v', b'ddet', b'\xe2\x96\x81die', b'\xe2\x96\x81oainn\xc3\xa1n', b'\xe2\x96\x81\xc3\xa1lgo\xc3\xa1lbmogiid', b'\xe2\x96\x81nupp\xc3\xa1stuvvan', b'\xe2\x96\x81fylkkagiel', b'\xe2\x96\x81eisev\xc3\xa1lddit', b'\xe2\x96\x81nupp\xc3\xa1st', b'\xe2\x96\x81kultuv', b'\xe2\x96\x81meahc\xc3\xa1st', b'doai', b'mmah', b'\xe2\x96\x81servodat', b'\xe2\x96\x81earr', b'\xc3\xa1sat', b'\xe2\x96\x81oamast', b'\xe2\x96\x81g\xc3\xa1ib\xc3\xa1dusa', b'\xe2\x96\x81sadj\xc3\xa1sa\xc5\xa1laht', b'\xe2\x96\x81nissonat', b'asaid', b'\xe2\x96\x81uhc', b'imus', b'\xe2\x96\x81jienaid', b'ista', b'\xe2\x96\x81ma\xc5\x8bimu\xc5\xa1', b'\xe2\x96\x81Stivra', b'\xe2\x96\x81dahkamu\xc5\xa1aidis', b'\xe2\x96\x81stivrr', b'jo\xc4\x91ih', b'\xe2\x96\x81fuolahit', b'guov', b'ojuvvojit', b'dda', b'\xe2\x96\x81mearriduvvo', b'\xe2\x96\x81doar', b'lohku', b'\xe2\x96\x81g\xc3\xa1ibidit', b'\xe2\x96\x81goalmm\xc3\xa1t', b'\xe2\x96\x81njealj\xc3\xa1t', b'l\xc3\xa1hkai', b'a\xc4\x91', b'\xe2\x96\x81gustojit', b'\xc3\xa1pm', b'anvuoigatvuohta', b'\xe2\x96\x81h\xc3\xa1v', b'\xe2\x96\x81d\xc3\xa1rbba\xc5\xa1a', b'gg\xc3\xa1i', b'\xe2\x96\x81departemen', b'\xe2\x96\x81Raporttas', b'\xe2\x96\x81\xc4\x8dilget', b'mmas', b'\xe2\x96\x81siskk', b'\xe2\x96\x81guosk', b'ie\xc4\x91', b'\xe2\x96\x81fuo\xc4\x91\xc4\x91', b'\xe2\x96\x81vuost\xc3\xa1i', b'\xe2\x96\x81Departemeantta', b'agaid', b'\xe2\x96\x81mearr\xc3\xa1dus', b'do', b'\xe2\x96\x81\xc4\x8duj', b'uv', b'\xe2\x96\x81vuoigatvuo\xc4\x91at', b'anvuoigatvuo\xc4\x91aid', b'hp', b'\xe2\x96\x81guo\xc4\x91oh', b'\xe2\x96\x81dohkk', b'\xe2\x96\x81nupp', b'\xe2\x96\x81dili', b'\xe2\x96\x81boaht', b'\xe2\x96\x81liv\xc4\x8d\xc4\x8d', b'\xe2\x96\x81Mon', b'\xe2\x96\x81vuoh\xc4\x8d\xc4\x8dan', b'iell', b'\xe2\x96\x81leai', b'du', b'i\xc5\xa1go\xc4\x91ii', b'\xe2\x96\x81boaz', b'\xe2\x96\x81l\xc3\xa1vejit', b'\xe2\x96\x81muhtumin', b'\xe2\x96\x81soames', b'jeh', b'\xe2\x96\x81ger', b'\xe2\x96\x81diev\xc3\xa1s', b'\xe2\x96\x81vi\xc5\xbe\xc5\xbee', b'rre', b'\xe2\x96\x81oa\xc4\x8d\xc4\x8do', b'\xe2\x96\x81dola', b'\xe2\x96\x81il', b'bmi', b'\xe2\x96\x81seavdn', b'jat', b'\xe2\x96\x81\xc3\xa1lget', b'\xe2\x96\x81muhtumat', b'\xe2\x96\x81oainne', b'\xe2\x96\x81hearggit', b'\xe2\x96\x81mannet', b'\xe2\x96\x81gea\xc4\x91ggi', b'\xe2\x96\x81gull\xc3\xa1', b'\xe2\x96\x81idja', b'ggat', b'ikan', b'\xe2\x96\x81duoddar', b'ume', b'\xe2\x96\x81muor', b'\xe2\x96\x81juste', b'\xe2\x96\x81guovtt', b'd\xc3\xa1n', b'\xe2\x96\x81g\xc3\xa1pm', b'\xe2\x96\x81m\xc3\xa1nn\xc3\xa1', b'\xe2\x96\x81biss', b'\xe2\x96\x81Guokte', b'\xc5\x8bgga', b'\xe2\x96\x81fatn', b'nu', b'\xe2\x96\x81uksa', b'\xe2\x96\x81Manin', b'\xe2\x96\x81v\xc3\xa1cc', b'\xe2\x96\x81v\xc3\xa1cc\xc3\xa1n', b'\xe2\x96\x81ruo', b'\xe2\x96\x81G\xc3\xa1r', b'\xe2\x96\x81dien', b'\xc5\x8bg', b'\xe2\x96\x81add', b'umin', b'eahkki', b'\xe2\x96\x81duon', b'\xe2\x96\x81ohcet', b'\xe2\x96\x81olbm\xc3\xa1', b'\xe2\x96\x81ovddab', b'ealde', b'astt', b'\xe2\x96\x81Ruo', b'\xe2\x96\x81nala', b'\xe2\x96\x81jorba', b'\xe2\x96\x81Bengt', b'\xe2\x96\x81jorg', b'\xe2\x96\x81lokt', b'\xe2\x96\x81gi', b'\xe2\x96\x81veal', b'\xe2\x96\x81deatt', b'am\xc3\xa1nn', b'\xe2\x96\x81addojuvvo', b'\xe2\x96\x81Guo', b'partem', b'eanttain', b'\xe2\x96\x81S\xc3\xa1medikkis', b'\xe2\x96\x81\xc3\x81lbmot', b'registrer', b'kantuv', b'\xe2\x96\x81h\xc3\xa1ldda\xc5\xa1a', b'\xe2\x96\x81dutkam', b'\xe2\x96\x81hukset', b'pr', b'\xe2\x96\x81Danne', b'allam', b'\xe2\x96\x81mearridan', b'\xc3\xa1neapmi', b'\xe2\x96\x81m\xc3\xa1htt', b'\xe2\x96\x81dal', b'\xe2\x96\x81oro', b'\xc5\xbeit', b'\xe2\x96\x81sosi\xc3\xa1la', b'\xe2\x96\x81pr', b'\xe2\x96\x81m\xc3\xa1t', b'sii', b'jut', b'\xe2\x96\x81g\xc3\xa1vnn', b'\xc3\xa1\xc5\xa1\xc5\xa1', b'gaskasa\xc5\xa1', b'vtt', b'\xe2\x96\x81r\xc3\xa1ddjejuvvon', b'\xe2\x96\x81ovttaskas', b'\xe2\x96\x81olbmuide', b'\xe2\x96\x81D\xc3\xa1vj\xc3\xa1', b'\xe2\x96\x81giel', b'\xe2\x96\x81Daid', b'\xe2\x96\x81rievtt', b'\xe2\x96\x81miellagidd', b'kti', b'\xe2\x96\x81diehtojuohk', b'\xe2\x96\x81gas', b'eahtta', b'\xe2\x96\x81boa', b'\xe2\x96\x81Ol', b'eali', b'uovl', b'o\xc3\xa1\xc5\xa1\xc5\xa1', b'dojuvvon', b'\xe2\x96\x81\xc3\xa1sahus', b'\xe2\x96\x81boa\xc4\x91us', b'\xe2\x96\x81stuor', b'\xc3\xa1igodagas', b'departemen', b'tan', b'\xe2\x96\x81gullet', b'\xe2\x96\x81m\xc3\xa1n\xc3\xa1idg', b'\xe2\x96\x81H\xc3\xa1l', b'uol', b'\xe2\x96\x81pros', b'ideami', b'ahp', b'agis', b'\xe2\x96\x81\xc3\xa1vdn', b'bar', b'\xe2\x96\x81v\xc3\xa1rre', b'\xe2\x96\x81Joh', b'\xc3\xa1gan', b'\xe2\x96\x81da\xc4\x91i', b'\xe2\x96\x81giella', b'\xe2\x96\x81polit', b'\xe2\x96\x81mea', b'\xe2\x96\x81eana', b'\xe2\x96\x81n\xc3\xa1gg', b'\xe2\x96\x81riggodag', b'\xe2\x96\x81bukt\xc3\xa1', b'\xe2\x96\x81biddj', b'ent\xc3\xa1r', b'\xe2\x96\x81lanj', b'\xe2\x96\x81v\xc3\xa1llje', b'ggut', b'\xe2\x96\x81doarjj', b'ovuo', b'\xe2\x96\x81m\xc3\xa1nus', b'\xe2\x96\x81sosi\xc3\xa1laf', b'\xe2\x96\x81m\xc3\xa1\xc5\x8bgga', b'uvrr', b'aimet', b'\xc3\xa1nn', b'\xe2\x96\x81d\xc3\xa1rogiela', b'\xe2\x96\x81\xc3\xa1lgen', b'jin', b'\xe2\x96\x81luohk\xc3\xa1s', b'gen', b'kuvla', b'\xe2\x96\x81geargan', b'\xe2\x96\x81ovddasv\xc3\xa1st\xc3\xa1dusa', b'\xe2\x96\x81l\xc3\xa1gidit', b'ab\xc3\xa1lval', b'\xe2\x96\x81S\xc3\xa1memi\xc5\xa1\xc5\xa1', b'\xe2\x96\x81Muitt\xc3\xa1n', b'istt', b'\xe2\x96\x81H\xc3\xa1mm\xc3\xa1rf', b'oahppu', b'6', b'\xe2\x96\x81stud', b'\xe2\x96\x81Vuostta\xc5\xa1', b'\xe2\x96\x81\xc3\xa1lggus', b'80', b'\xe2\x96\x81\xc4\x8d\xc3\xa1llen', b'\xe2\x96\x81buhcciid', b'\xe2\x96\x81dieht\xc3\xa1n', b'agii', b'aska', b'\xe2\x96\x81f\xc3\xa1rr', b'\xe2\x96\x81orron', b'\xe2\x96\x81form', b'\xe2\x96\x81m\xc3\xa1htte', b'vuo\xc4\x91as', b'vutnii', b'eddjiin', b'\xe2\x96\x81olggobealde', b'\xe2\x96\x81doakt\xc3\xa1r', b'anas', b'\xe2\x96\x81h\xc3\xa1ll', b'\xe2\x96\x81s\xc3\xa1ht', b'\xe2\x96\x81dearvva\xc5\xa1vuo\xc4\x91af', b'\xe2\x96\x81oahpaheaddjin', b'\xe2\x96\x81vissa', b'\xe2\x96\x81matemat', b'\xe2\x96\x81rehk', b'emat', b'emus', b'jet', b'\xe2\x96\x81v\xc3\xa1cciiga', b'\xe2\x96\x81luohk\xc3\xa1', b'\xe2\x96\x81skuvllain', b'\xe2\x96\x81fil', b'\xc5\xa1iljus', b'ahalai', b'\xe2\x96\x81tr', b'\xe2\x96\x81buss', b'\xe2\x96\x81borrat', b'\xe2\x96\x81vissui', b'\xe2\x96\x81b\xc3\xa1lkestii', b'\xe2\x96\x81l\xc3\xa1htt\xc3\xa1i', b'\xe2\x96\x81bel', b'\xe2\x96\x81duo\xc4\x91ala\xc4\x8d\xc4\x8dat', b'\xe2\x96\x81muitalii', b'\xe2\x96\x81girjj', b'\xe2\x96\x81geah\xc4\x8dai', b'\xe2\x96\x81b\xc3\xa1hkk', b'anii', b'\xe2\x96\x81\xc4\x8duvges', b'\xe2\x96\x81vuovttaid', b'vit', b'\xe2\x96\x81g\xc3\xa1vpoga', b'\xe2\x96\x81govdat', b'\xe2\x96\x81\xc4\x8di\xc5\x8b', b'ahuvvon', b'\xe2\x96\x81guoktenuppelot', b'\xe2\x96\x81r\xc3\xa1hkaduvvon', b'\xe2\x96\x81hearv\xc3\xa1s', b'\xe2\x96\x81\xc4\x8duovga', b'\xe2\x96\x81\xc4\x8duovggas', b'vuo\xc4\x91at', b'\xe2\x96\x81g\xc3\xa1vpogii', b'\xe2\x96\x81mihkkege', b'\xe2\x96\x81buhtism', b'\xe2\x96\x81L\xc3\xa1bb\xc3\xa1', b'\xe2\x96\x81eallima', b'\xe2\x96\x81e\xc5\x8bgel', b'\xe2\x96\x81\xc5\xa1add', b'\xe2\x96\x81\xc5\xa1att', b'\xe2\x96\x81celkkii', b'\xe2\x96\x81gullan', b'\xe2\x96\x81rohkad', b'\xe2\x96\x81L\xc3\xa1vv', b'ardaga', b'\xe2\x96\x81\xc4\x8d\xc3\xa1jeh', b'\xe2\x96\x81muitala', b'\xe2\x96\x81verdde', b'\xe2\x96\x81Por\xc5\xa1\xc3\xa1\xc5\x8bggus', b'\xe2\x96\x81filbmejuvvon', b'allamis', b'\xe2\x96\x81Filbma', b'\xe2\x96\x81pro\xc5\xa1eavtt', b'\xe2\x96\x81Pro\xc5\xa1eavtta', b'\xe2\x96\x81v\xc3\xa1ld\xc3\xa1', b'\xc3\xa1husaid', b'iikk', b'ggas', b'ei', b'\xe2\x96\x81vuoitt', b'\xe2\x96\x81moatti', b'idedje', b'\xe2\x96\x81IL', b'\xe2\x96\x81val\xc3\xa1\xc5\xa1tallan', b'earvi', b'\xe2\x96\x81Ovdde\xc5\xa1', b'ast\xc3\xa1n', b'\xe2\x96\x81oktiibuot', b'aboaht', b'ittus', b'\xe2\x96\x81ollusat', b'\xe2\x96\x81dahk', b'\xe2\x96\x81namalassii', b'Jienat', b'em\xc3\xa1nu', b'\xe2\x96\x8110', b'\xe2\x96\x812005', b'\xe2\x96\x81Stuor', b'adeami', b'kes', b'\xc3\xa1na', b'ggu', b'\xe2\x96\x81meahcis', b'\xe2\x96\x81oa\xc4\x91\xc4\x91it', b'\xe2\x96\x81st\xc3\xa1llu', b'\xe2\x96\x81stuoris', b'ttut', b'\xe2\x96\x81Stuorra', b'\xe2\x96\x81\xc4\x8dear', b's\xc3\xa1', b'\xe2\x96\x81Leatgo', b'ers', b'\xc3\xa1hc', b'kuvlla', b'ihkas', b'olog', b'\xe2\x96\x81199', b'\xe2\x96\x81r\xc3\xa1dj\xc3\xa1i', b'\xe2\x96\x81jo\xc4\x91ihii', b'\xe2\x96\x81Oslos', b'kon', b'9:', b'uoht', b'\xe2\x96\x81buo', b'\xc3\xa1httu', b'Finnm\xc3\xa1rkk', b'\xe2\x96\x81heitt', b'askuv', b'\xe2\x96\x81186', b'\xe2\x96\x81guovll', b'\xe2\x96\x81V\xc3\xa1ld', b'ggan', b'\xe2\x96\x81Sis', b'\xe2\x96\x81intern\xc3\xa1htain', b'\xe2\x96\x81Muital', b'\xe2\x96\x81intern\xc3\xa1htat', b'\xe2\x96\x81gieldda', b'asas', b'\xe2\x96\x81guhk', b'kuv', b'osa', b'\xe2\x96\x81b\xc3\xa1hc\xc3\xa1n', b'\xe2\x96\x81d\xc3\xa1sis', b'\xe2\x96\x81vi\xc5\xa1\xc5\xa1', b'\xe2\x96\x81D\xc3\xa1ppe', b'skuvllas', b'hki', b'sse', b'\xe2\x96\x81s\xc3\xa1mes', b'\xe2\x96\x81guorahallat', b'\xe2\x96\x81boazos', b'\xe2\x96\x81g\xc3\xa1ibidedje', b'no', b'\xe2\x96\x81Da', b'T', b'aintern\xc3\xa1hta', b'\xe2\x96\x81Buolbm', b'\xc5\xbeiin', b'\xe2\x96\x81m\xc3\xa1rkana', b'\xe2\x96\x81\xc4\x8doahkkimis', b'\xc3\xa1pmela\xc4\x8d\xc4\x8dat', b'imiin', b'ld', b'\xe2\x96\x81gask', b'\xe2\x96\x81lanjain', b'\xe2\x96\x81Muhtun', b'\xe2\x96\x81oahpaheddj', b'\xe2\x96\x81smiehttan', b'\xe2\x96\x81dilli', b'\xe2\x96\x81garra', b'\xe2\x96\x81meass', b'\xe2\x96\x81fuol', b'\xe2\x96\x81gielda', b'\xe2\x96\x81juollud', b'\xe2\x96\x81m\xc3\xa1vss', b'htes', b'\xe2\x96\x81bierggu', b'\xe2\x96\x81orrun', b'\xe2\x96\x81Guoss', b'eviessu', b'eam', b'\xc3\xa1ris', b'jan', b'\xe2\x96\x81v\xc3\xa1zze', b'\xe2\x96\x81\xc4\x8dak\xc4\x8d', b'\xe2\x96\x81badjeolbmot', b'uks', b'\xe2\x96\x81b\xc3\xa1z', b'amiid', b'.00', b'\xe2\x96\x81suov', b'rron', b'\xe2\x96\x81juhk', b'\xe2\x96\x81veahkkin', b'\xe2\x96\x81muitaledje', b'\xe2\x96\x81doal', b'uorran', b'\xe2\x96\x81l\xc3\xa1h\xc4\x8d', b'\xe2\x96\x81easka', b'\xe2\x96\x81Bo', b'hkkelis', b'\xe2\x96\x81h\xc3\xa1r', b'olbmot', b'\xe2\x96\x81bukte', b'\xe2\x96\x81bissova\xc5\xa1', b'jui', b'\xe2\x96\x81s\xc3\xa1megiella', b'add', b'\xe2\x96\x81Pors\xc3\xa1\xc5\x8bggu', b'\xe2\x96\x81oktavuohta', b'joga', b'\xe2\x96\x81leagis', b'iideaset', b'vvoh', b'abargiiguin', b'\xe2\x96\x81ruovttum\xc3\xa1t', b'rru', b'iduvvui', b'earr', b'\xe2\x96\x81Ovd', b'\xe2\x96\x81eisev\xc3\xa1lddiid', b'\xe2\x96\x81sotnab', b'\xe2\x96\x81s\xc3\xa1', b'\xe2\x96\x81Dainna', b'nna', b'\xe2\x96\x81lohkk', b'\xe2\x96\x81\xc3\xa1igut', b'\xe2\x96\x81juogadit', b'\xe2\x96\x81giks', b'\xe2\x96\x81lanjat', b'\xe2\x96\x81universitehtas', b'ehta', b'abargiid', b'orr', b'\xe2\x96\x81am', b'\xe2\x96\x81d\xc3\xa1i', b'\xe2\x96\x81\xc4\x8dovd', b'\xe2\x96\x81jiena', b'\xe2\x96\x81berrejit', b'\xe2\x96\x81h\xc3\xa1bmet', b'\xe2\x96\x81Bargu', b'\xe2\x96\x81dutkama', b'\xe2\x96\x81Beana', b'\xe2\x96\x81j\xc3\xa1v', b'\xe2\x96\x81Beas', b'\xe2\x96\x81Beass\xc3\xa1\xc5\xbeiid', b'00', b'\xe2\x96\x81oahpaha', b'Elle', b'oeal', b'\xe2\x96\x81Boa\xc4\x91\xc3\xa1n', b'\xe2\x96\x81g\xc3\xa1kti', b'abehtet', b'\xe2\x96\x81v\xc3\xa1ldi', b'\xe2\x96\x81f\xc3\xa1m', b'o\xc5\xa1t', b'\xe2\x96\x81buorit', b'dne', b'\xe2\x96\x81b\xc3\xa1lk', b'\xe2\x96\x81gielddaid', b'\xe2\x96\x81munno', b'\xe2\x96\x81leamen', b'\xe2\x96\x81heajut', b'\xe2\x96\x81Davvir', b'iikkaid', b'keahtt\xc3\xa1', b'\xe2\x96\x81\xc3\xa1lgo\xc3\xa1lbmog', b'\xe2\x96\x81m\xc3\xa1idn', b'\xe2\x96\x81sisdo', b'\xe2\x96\x81Mana', b'\xe2\x96\x81bas', b'\xe2\x96\x81Sil', b'\xe2\x96\x81ohc\xc3\xa1', b'lliid', b'\xe2\x96\x81vuolg\xc3\xa1', b'\xe2\x96\x81Antonsen', b'\xe2\x96\x81vir', b'avea', b'\xe2\x96\x81dieht', b'\xc3\xa1sah', b'vuo\xc4\x91ain', b'\xe2\x96\x81vu\xc4\x91ola\xc4\x8d\xc4\x8dat', b'bearr\xc3\xa1igea', b'eht', b'\xe2\x96\x813', b'osa\xc5\xa1', b'\xe2\x96\x81\xc4\x8duovvut', b'\xe2\x96\x81s\xc3\xa1vtta', b'\xe2\x96\x81deh', b'amin', b'\xe2\x96\x81\xc4\x8duoig', b'\xe2\x96\x81D\xc3\xa1b\xc3\xa1la\xc4\x8d\xc4\x8dat', b'\xe2\x96\x81l\xc3\xa1gaid', b'\xe2\x96\x81he', b'\xe2\x96\x811971', b'\xe2\x96\x81dea\xc5\xa7ala\xc5\xa1', b'\xe2\x96\x81\xc4\x8dearuid', b'\xe2\x96\x81boazoorohagaid', b'\xe2\x96\x81almenn', b'\xe2\x96\x81njuolggad', b'\xe2\x96\x81galgga', b'\xe2\x96\x81guovtti', b'\xe2\x96\x81s\xc3\xa1me', b'5', b'\xc5\x8bu', b'\xe2\x96\x81johtilit', b'\xe2\x96\x81ruovttusiiddu', b'\xe2\x96\x81o\xc4\x91\xc4\x91asit', b'\xe2\x96\x81politihkkariin', b'\xe2\x96\x81d\xc3\xa1idda', b'\xe2\x96\x81viehk', b'\xe2\x96\x81s\xc3\xa1htt', b'\xe2\x96\x81buriid', b'anguov', b'\xe2\x96\x81biilla', b'\xe2\x96\x81nuppiin', b'oaht\xc3\xa1n', b'\xe2\x96\x81Gir', b'\xe2\x96\x81deanu', b'\xe2\x96\x81Olmm\xc3\xa1i', b'\xe2\x96\x81Guov', b'lu', b'\xe2\x96\x81\xc4\x8duo\xc5\xbe\xc5\xbe', b'\xe2\x96\x81juolggi', b'ik', b'\xe2\x96\x81riekt', b'edi', b'\xe2\x96\x81st\xc3\xa1htas', b'\xe2\x96\x81geah\xc4\x8d\xc4\x8d', b'\xe2\x96\x81beal', b'\xe2\x96\x81\xc3\xa1viisa', b'\xe2\x96\x81v\xc3\xa1imm', b'\xe2\x96\x81d\xc3\xa1htu', b'\xe2\x96\x81bah\xc3\xa1', b'ehpet', b'\xe2\x96\x81bargojoavku', b'\xe2\x96\x81riekte', b'\xe2\x96\x81fuo', b'aha', b'\xe2\x96\x81eanebut', b'\xe2\x96\x81m\xc3\xa1n', b'ohcamiid', b'\xe2\x96\x81velgg', b'\xe2\x96\x81ovttasbarggu', b'of', b'\xe2\x96\x81\xc3\xa1igi', b'\xe2\x96\x81b\xc3\xa1rdni', b'dit', b'\xe2\x96\x81juks', b'\xe2\x96\x81g\xc3\xa1dd\xc3\xa1i', b'\xe2\x96\x81Var', b'\xe2\x96\x81L\xc3\xa1v', b'\xe2\x96\x81goall', b'\xe2\x96\x81Un', b'\xe2\x96\x81soa\xc4\x91i', b'\xe2\x96\x81vujii', b'\xe2\x96\x81nj\xc3\xa1l', b'\xe2\x96\x81dorsk', b'\xe2\x96\x81att\xc3\xa1n', b'\xe2\x96\x81s\xc3\xa1vzzaid', b'\xe2\x96\x81barg\xc3\xa1', b'\xe2\x96\x81d\xc3\xa1rbba\xc5\xa1an', b'\xe2\x96\x81viesus', b'\xe2\x96\x81\xc3\xa1h\xc4\x8di', b'\xe2\x96\x81d\xc3\xa1rogillii', b'\xe2\x96\x81M\xc3\xa1nn', b'\xe2\x96\x81M\xc3\xa1n\xc3\xa1s', b'\xe2\x96\x81ga\xc5\xbealdag', b'\xe2\x96\x81historjj', b'\xe2\x96\x81dearvvas', b'\xe2\x96\x81Oahpa', b'\xe2\x96\x81bajil', b'\xe2\x96\x81cealk', b'\xe2\x96\x81skohter', b'\xe2\x96\x81Ber', b'\xe2\x96\x81eavtt', b'\xe2\x96\x81kultur\xc3\xa1ddejumi', b'\xe2\x96\x81loktema', b'\xe2\x96\x81Seamma', b'\xe2\x96\x81j\xc3\xa1vkat', b'\xe2\x96\x81Ohcejogas', b'\xe2\x96\x81lohkaba', b'Potter', b'asgillii', b'\xe2\x96\x81bileahta', b'\xe2\x96\x81heajaide', b'\xe2\x96\x81h\xc3\xa1m', b'\xe2\x96\x81Ulbmil', b'\xe2\x96\x81V\xc3\xa1', b'\xe2\x96\x81\xc3\x81i', b'\xe2\x96\x81s\xc3\xa1megillii', b'\xe2\x96\x81\xc3\xa1h\xc4\x8d\xc4\x8di', b'\xe2\x96\x81uvssa', b'\xe2\x96\x81eahkedis', b'\xe2\x96\x81Juh\xc3\xa1n', b'\xe2\x96\x81d\xc3\xa1mm\xc3\xa1', b'\xe2\x96\x81l\xc3\xa1ibut', b'\xe2\x96\x81\xc5\xa1uhkol\xc3\xa1dag', b'\xe2\x96\x81l\xc3\xa1kcag', b'\xe2\x96\x81Spider', b'Man', b'\xe2\x96\x81buola\xc5\xa1', b'\xe2\x96\x81Hea', b'\xe2\x96\x81\xc3\x81hkku', b'\xe2\x96\x81Dor', b'\xe2\x96\x81mahk\xc3\xa1\xc5\xa1', b'\xc3\xa1mma', b'idjiide', b'\xe2\x96\x81Mor', b'vtti', b'\xc3\xa1vvet', b'\xe2\x96\x81rektor', b'tein', b'\xe2\x96\x81hupm', b'ihkkag', b'\xe2\x96\x81oidnojit', b'\xe2\x96\x81b\xc3\xa1r', b'\xe2\x96\x81die\xc4\x91u', b'\xe2\x96\x81vulos', b'\xe2\x96\x81jog', b'em\xc3\xa1n', b'oaht\xc3\xa1', b'osat', b'asttain', b'\xe2\x96\x81Gask', b'eda', b'vis', b'\xe2\x96\x8150', b'\xe2\x96\x81gielddas', b'\xe2\x96\x81deavdit', b'\xe2\x96\x81Isa', b'\xe2\x96\x81ima\xc5\xa1', b'vugiid', b'\xe2\x96\x81ru', b'elef', b'uvnna', b'\xe2\x96\x81\xc3\x81ltt\xc3\xa1', b'\xe2\x96\x81Joht', b'olat', b'\xe2\x96\x81muitt', b'a\xc5\xa1a', b'\xe2\x96\x81jie', b'eabbon', b'\xe2\x96\x81Far', b'\xe2\x96\x81Mikkel', b'ira', b'abivd', b'osaji', b'\xe2\x96\x81jagis', b'\xe2\x96\x81sa', b'\xe2\x96\x81Dattetge', b'a\xc5\xa1un\xc3\xa1la', b'\xe2\x96\x81Fil', b'aguov', b'\xe2\x96\x81oass\xc3\xa1l', b'\xe2\x96\x81kurssa', b'\xe2\x96\x81Sm', b'vva', b'\xe2\x96\x81heiveh', b'\xe2\x96\x81jalges', b'\xe2\x96\x81n\xc3\xa1v', b'\xe2\x96\x81fiev', b'ppiid', b'eana', b'\xe2\x96\x81\xc4\x8d\xc3\xa1jehan', b'\xe2\x96\x81Divttas', b'\xe2\x96\x81oahpu', b'\xe2\x96\x81leage', b'\xe2\x96\x81S\xc3\xa1medigg', b'\xe2\x96\x81bell', b'valit', b'\xe2\x96\x81stip', b'ej', b'eanttaid', b'\xe2\x96\x81bovdii', b'\xe2\x96\x81g\xc3\xa1ff', b'\xe2\x96\x81g\xc3\xa1hk', b'eriijas', b'\xc3\xa5', b'amma', b'iela', b'\xe2\x96\x81Eriksen', b'\xe2\x96\x81Anders', b'oaffar', b'\xc4\x91a', b'ihan', b'\xe2\x96\x81dievas', b'eahtas', b'ahttima', b'\xe2\x96\x81lasiha', b'\xe2\x96\x81her', b'l\xc3\xa1', b'\xe2\x96\x81l\xc3\xa1gid', b'\xe2\x96\x81sivas', b'\xe2\x96\x81Goa', b'\xe2\x96\x81b\xc3\xa1ikkiin', b'vvildit', b'pl\xc3\xa1nain', b'jehkos', b'\xe2\x96\x81lottiid', b'\xe2\x96\x81\xc5\xa1ib', b'ihiid', b'K', b'\xe2\x96\x81oabb\xc3\xa1', b'\xe2\x96\x81\xc3\xa1rv', b'\xe2\x96\x81Ab', b'\xe2\x96\x81\xc3\xa1hk', b'\xe2\x96\x81\xc4\x8duor', b'vvui', b'e\xc5\xa1e', b'\xc3\xa1guo', b'\xe2\x96\x81d\xc3\xa1hki', b'\xe2\x96\x81vuolde', b'ug', b'eadnu', b'ni', b'\xe2\x96\x81veall\xc3\xa1', b'uinna', b'iv\xc4\x8d\xc4\x8d', b'\xe2\x96\x81\xc3\xa1h\xc4\x8d\xc4\x8d', b'\xe2\x96\x81boaldin', b'\xe2\x96\x81\xc3\xa1hkk\xc3\xa1n', b'\xe2\x96\x81eadn', b'\xe2\x96\x81skea\xc5\x8b', b'kkaid', b'\xe2\x96\x81Iss\xc3\xa1t', b'\xe2\x96\x81Be', b'oi', b'rrasiin', b'\xe2\x96\x81dagai', b'\xe2\x96\x81dearv', b'\xe2\x96\x81vul', b'\xe2\x96\x81r\xc3\xa1fis', b'\xe2\x96\x81rivv', b'\xe2\x96\x81bur', b'httet', b'\xe2\x96\x81dajai', b'\xe2\x96\x81Ie', b'\xc5\xbeas', b'\xe2\x96\x81ealu', b'astat', b'\xe2\x96\x81daidda', b'\xe2\x96\x81Almm', b'\xe2\x96\x81J\xc3\xa1hkoba', b'\xc4\x91et', b'dedje', b'addan', b'\xe2\x96\x81sohk', b'oaiv', b'u\xc4\x8d\xc4\x8dat', b'oma', b'ktot', b'adeigga', b'\xe2\x96\x81niehku', b'\xe2\x96\x81s\xc3\xa1rtnui', b'\xe2\x96\x81jearai', b'\xe2\x96\x81va', b'\xe2\x96\x81lea\xc5\xbe\xc5\xbe\xc3\xa1', b'\xe2\x96\x81bidjan', b'uva', b'ahala', b'iddat', b'\xe2\x96\x81golbm', b'j\xc3\xa1t', b'\xe2\x96\x81\xc3\xa1ss', b'\xe2\x96\x81l\xc3\xa1ibb', b'\xe2\x96\x81eatnamat', b'\xe2\x96\x81b\xc3\xa1rtn', b'\xe2\x96\x81oll', b'uvvat', b'\xe2\x96\x81heakkas', b'attai', b'\xe2\x96\x81beaivi', b'\xe2\x96\x81baj\xc3\xa1s\xc5\xa1', b'\xe2\x96\x81isidiin', b'\xe2\x96\x81oahpahan', b'of\xc3\xa1g', b'k\xc3\xa1n', b'tuv', b'\xe2\x96\x81pl\xc3\xa1naid', b'hci', b'ureserv', b'\xe2\x96\x81Guovdag', b'\xe2\x96\x81Or', b'ohagas', b'\xc3\xb8r', b'erv', b'\xe2\x96\x81\xc4\x8dielgg', b'\xe2\x96\x81Guovtti', b'app', b'\xe2\x96\x81divod', b'\xc5\xa1uvnnaid', b'.03', b'iimet', b'eapp', b'\xe2\x96\x81jo\xc4\x91us', b'\xe2\x96\x81haga', b'\xe2\x96\x81guovtt\xc3\xa1', b'\xe2\x96\x81joatkit', b'oavku', b'\xe2\x96\x81b\xc3\xa1ikk', b'joavku', b'ilis', b'iras', b'\xc3\xa1htten', b'partemean', b'\xe2\x96\x81oainn', b'meahcit', b'\xc3\xa1ldi', b'\xe2\x96\x81oidno', b'ug\xc3\xa1htten', b'\xe2\x96\x81liht', b'gg\xc3\xa1t', b'\xe2\x96\x81di\xc5\x8bgo', b'\xe2\x96\x81v\xc3\xa1lljen', b'\xe2\x96\x81\xc4\x8doaggit', b'\xe2\x96\x81oaivilat', b'\xe2\x96\x81Eatn', b'\xe2\x96\x81muit', b'\xe2\x96\x81Bii', b'aluo', b'htas', b'erat', b'TV', b'\xe2\x96\x81borasp', b'iret', b'lggat', b'\xe2\x96\x81bohccot', b'uovdag', b'illi', b'\xe2\x96\x81guovllut', b'anm', b'\xc3\xa1lle', b'\xe2\x96\x81dadjamu\xc5\xa1', b'odoall', b'astan', b'\xe2\x96\x81suddje', b'\xe2\x96\x81Suo', b'atn', b'\xe2\x96\x81d\xc3\xa1ss\xc3\xa1\xc5\xbeii', b'\xe2\x96\x81h\xc3\xa1liit', b'\xe2\x96\x81birge', b'gel', b'eatnam', b'\xe2\x96\x81galgga\xc5\xa1e', b'umu\xc5\xa1aid', b'\xe2\x96\x81luonddu', b'\xe2\x96\x81g\xc3\xa1htt', b'\xe2\x96\x81rohkk', b'\xe2\x96\x81\xc4\x8duo\xc4\x8d\xc4\x8d', b'\xe2\x96\x81\xc3\xa1vii', b'erro\xc5\xa1', b'ehis', b'\xe2\x96\x81\xc3\xa1rtet', b'\xe2\x96\x81Dut', b'\xe2\x96\x81oba', b'\xe2\x96\x81leatge', b'omer', b'\xe2\x96\x81boraspir', b'\xe2\x96\x81\xc4\x8duvvon', b'\xe2\x96\x81L\xc3\xa1hka', b'\xc3\xa1dagaid', b'\xe2\x96\x81vier', b'\xe2\x96\x81r\xc3\xa1d', b'\xc3\xa1dagain', b'\xe2\x96\x81\xc3\x81\xc5\xa1\xc5\xa1', b'ddala\xc5\xa1', b'\xe2\x96\x81gieldd', b'rii', b'eallimii', b'\xe2\x96\x81okt', b'\xe2\x96\x81lahtuid', b'\xe2\x96\x81diev', b'abeali', b'\xe2\x96\x81loktet', b'\xe2\x96\x81listtas', b'\xe2\x96\x81listtaid', b'\xe2\x96\x81stivrras', b'\xe2\x96\x81eanemus', b'\xe2\x96\x81main', b'\xe2\x96\x81olis', b'hta', b'ahusaid', b'\xe2\x96\x81bagad', b'\xe2\x96\x81\xc4\x8da\xc4\x91aha', b'\xe2\x96\x81atn\xc3\xa1', b'\xe2\x96\x81Stivrra', b'\xe2\x96\x81\xc3\xa1ige', b'\xe2\x96\x81ulbm', b'illa\xc5\xa1', b'vttola\xc5\xa1', b'alahtu', b'\xe2\x96\x81uhcit', b'doaimm', b'eallima', b'\xe2\x96\x81stivrra', b'\xe2\x96\x81Nuppi', b'\xe2\x96\x81la\xc4\x91\xc4\x91asa', b'bbi', b'irgeh', b'\xe2\x96\x81la\xc4\x91\xc4\x91', b'\xe2\x96\x81l\xc3\xa1igoh', b'\xe2\x96\x81jienast', b'aht', b'\xe2\x96\x81njealji', b'\xe2\x96\x81logi', b'\xe2\x96\x81nammadan', b'gotti', b'\xe2\x96\x81fidnet', b'\xe2\x96\x81d\xc3\xa1buh', b'agr\xc3\xa1fa', b'emuital', b'ahahtti', b'uhttit', b'\xe2\x96\x81m\xc3\xa1ks\xc3\xa1', b'\xe2\x96\x81org\xc3\xa1na', b'a\xc4\x8d\xc4\x8da', b'\xe2\x96\x81manahusa', b'\xe2\x96\x81geatnegas', b'\xe2\x96\x81Gieldda', b'anl', b'\xe2\x96\x81sm\xc3\xa1vv', b'u\xc4\x91', b'bivdui', b'\xe2\x96\x81duor', b'\xe2\x96\x81s\xc3\xa1i', b'va\xc4\x8d\xc3\xa1zis', b'\xe2\x96\x81go\xc4\x91\xc4\x91i', b'aguliid', b'\xe2\x96\x81gittanea', b'v\xc3\xa1ldit', b'\xe2\x96\x81\xc4\x8d\xc3\xa1jeha', b'amiin', b'iehk', b'\xe2\x96\x81mearas', b'\xc3\xa1go', b'\xe2\x96\x81d\xc3\xa1rkilet', b'\xe2\x96\x81eavttuid', b'\xe2\x96\x81lubm', b'emii', b'\xe2\x96\x81olbmos', b'\xe2\x96\x81eallit', b'\xe2\x96\x81geavahan', b'\xe2\x96\x81eatnam', b'\xe2\x96\x81sird', b'\xe2\x96\x81diht', b'llus', b'\xe2\x96\x81j\xc3\xa1hk', b'osii', b'\xe2\x96\x81gullat', b'\xe2\x96\x81S\xc3\xa1miid', b'\xe2\x96\x81bivdduin', b'\xe2\x96\x81guov\xc5\xbe\xc5\xbe', b'\xe2\x96\x81meahc', b'\xe2\x96\x81gale', b'ttih', b'\xe2\x96\x81biddjon', b'ttiid', b'\xe2\x96\x81ruohtt\xc3\xa1', b'\xe2\x96\x81alla', b'\xe2\x96\x81dass\xc3\xa1go', b'\xe2\x96\x81oahp', b'\xe2\x96\x81stuorr\xc3\xa1t', b'\xe2\x96\x81maidd\xc3\xa1', b'\xe2\x96\x81darfeg', b'oa\xc4\x91i', b'nai', b'\xe2\x96\x81oidne', b'\xe2\x96\x81d\xc3\xa1\xc5\xbea', b'\xe2\x96\x81hoahpus', b'\xe2\x96\x81r\xc3\xa1siid', b'\xe2\x96\x81\xc3\xa1iggis', b'\xe2\x96\x81atn\xc3\xa1n', b'\xe2\x96\x81r\xc3\xa1t', b'\xe2\x96\x81j\xc3\xa1vr', b'j\xc3\xa1r', b'\xe2\x96\x81searve', b'\xe2\x96\x81siidii', b'\xe2\x96\x81ohppe', b'\xe2\x96\x81veh\xc3\xa1\xc5\xa1', b'\xc3\xa1nii', b'\xe2\x96\x81geardde', b'\xe2\x96\x81galbmo', b'\xe2\x96\x81j\xc3\xa1mas', b'\xe2\x96\x81m\xc3\xa1tk', b'\xe2\x96\x81\xc4\x8doask', b'eabb', b'esta', b'\xe2\x96\x81ohcat', b'\xe2\x96\x81l\xc3\xa1hpp', b'uhtt', b'jadin', b'\xe2\x96\x81v\xc3\xa1ib', b'\xe2\x96\x81nohkan', b'\xe2\x96\x81v\xc3\xa1zz\xc3\xa1', b'\xe2\x96\x81jea', b'\xe2\x96\x81vel\xc3\xa1', b'eainn', b'\xe2\x96\x81sie\xc4\x91', b'\xe2\x96\x81headju', b'\xe2\x96\x81buollit', b'\xe2\x96\x81surgat', b'\xe2\x96\x81orr', b'\xe2\x96\x81dahe', b'\xe2\x96\x81njul', b'\xe2\x96\x81d\xc3\xa1v', b'ttit', b'\xe2\x96\x81biso', b'pat', b'\xe2\x96\x81skoa\xc4\x91as', b'\xe2\x96\x81gietkama', b'isti', b'\xe2\x96\x81liekkas', b'\xe2\x96\x81sur', b'\xe2\x96\x81f\xc3\xa1rrui', b'ros', b'enoam\xc3\xa1\xc5\xa1', b'\xe2\x96\x81Olles', b'\xe2\x96\x81m\xc3\xa1ilmm', b'\xe2\x96\x81gievrras', b'\xe2\x96\x81boles', b'din', b'\xe2\x96\x81ga', b'ccaid', b'\xe2\x96\x81borran', b'\xe2\x96\x81logai', b'\xe2\x96\x81f\xc3\xa1rrii', b'\xe2\x96\x81Hearv', b'\xe2\x96\x81Juste', b'\xe2\x96\x81rahpasii', b'ad\xc3\xa1l', b'\xc3\xa1las', b'\xc3\xa1\xc5\xbe', b'\xe2\x96\x81suor', b'\xe2\x96\x81mann', b'\xe2\x96\x81v\xc3\xa1ccii', b'agiiguin', b'\xe2\x96\x81Makk\xc3\xa1r', b'\xe2\x96\x81dudno', b'\xe2\x96\x81l\xc3\xa1httis', b'\xe2\x96\x81deadd', b'\xe2\x96\x81h\xc3\xa1mi', b'\xe2\x96\x81uks', b'\xe2\x96\x81mill', b'\xe2\x96\x81Annika', b'\xc3\xa1f', b'\xe2\x96\x81oainn\xc3\xa1t', b'\xe2\x96\x81botta', b'\xe2\x96\x81\xc4\x8dohkked', b'\xe2\x96\x81ala', b'\xe2\x96\x81heait\xc3\xa1n', b'\xe2\x96\x81l\xc3\xa1g\xc3\xa1n', b'\xe2\x96\x81di\xc5\x8bggaid', b'\xe2\x96\x81g\xc3\xa1vdn\xc3\xa1', b'\xe2\x96\x81oa\xc4\x91\xc4\x91imin', b'\xc3\xa1htt', b'\xe2\x96\x81ru\xc5\xa1ppiid', b'\xe2\x96\x81Leahppi', b'\xe2\x96\x81is', b'\xe2\x96\x81Vai', b'lbma', b'\xe2\x96\x81diet', b'\xe2\x96\x81\xc4\x8di', b'\xe2\x96\x81ganj', b'\xc4\x8dalmm', b'\xe2\x96\x81ma\xc5\x8b\xc5\x8b', b'\xe2\x96\x81g\xc3\xa1pmagat', b'\xe2\x96\x81boald\xc3\xa1', b'\xe2\x96\x81\xc3\xa1lg\xc3\xa1', b'\xe2\x96\x81baj\xc3\xa1s', b'\xe2\x96\x81soahk', b'\xe2\x96\x81gu\xc4\x91ii', b'almm', b'\xe2\x96\x81\xc4\x8dohkk\xc3\xa1t', b'\xe2\x96\x81Opp', b'\xe2\x96\x81str', b'aheapmi', b'stad', b'\xe2\x96\x81Departemean', b'\xe2\x96\x81joat', b'\xe2\x96\x81ortneg', b'uhuvvo', b'\xe2\x96\x81doaibmav', b'\xe2\x96\x81m\xc3\xa1inna\xc5\xa1', b'aj\xc3\xa1', b'\xe2\x96\x81Geav', b'\xe2\x96\x81seamm\xc3\xa1s', b'a\xc5\xa1uvdna', b'\xe2\x96\x81eisev\xc3\xa1ldd', b'\xc3\xa1ige', b'\xe2\x96\x81l\xc3\xa1hk', b'vd', b'askudd', b'\xe2\x96\x81dovddus', b'\xe2\x96\x81dasto', b'a\xc4\x8d\xc4\x8daide', b'\xe2\x96\x81nana', b'ogea\xc4\x91', b'\xe2\x96\x81eallin', b'mmat', b'\xe2\x96\x81sihkkar', b'\xe2\x96\x81oainnut', b'\xe2\x96\x81oass', b'eass', b'aguo', b'\xe2\x96\x81journ', b'isttat', b'uttos', b'\xc3\xa1husat', b'a\xc5\xa1vuo\xc4\x91as', b'\xe2\x96\x81gulleva\xc5\xa1', b'\xe2\x96\x81deattu', b'\xe2\x96\x81Alimus', b'\xe2\x96\x81doarjaga', b'\xc3\xa1hpp', b'\xc3\xa1lbmot', b'\xe2\x96\x81surggiin', b'uvnnain', b'\xe2\x96\x81d\xc3\xa1id\xc3\xa1', b'\xe2\x96\x81oppala\xc5\xa1', b'\xe2\x96\x81suorgg', b'\xe2\x96\x81doaibma', b'\xe2\x96\x81bealis', b'\xe2\x96\x81\xc3\xa1ir', b'\xe2\x96\x81stivr', b'org\xc3\xa1n', b'\xe2\x96\x81Finnm\xc3\xa1r', b'ko', b'\xc3\xa1vdego', b'doar', b'\xe2\x96\x81dig', b'\xe2\x96\x81dea\xc5\xa7', b'ala\xc5\xbe\xc5\xbean', b'kkust', b'anbar', b'oria', b'julgg', b'a\xc5\xa1t', b'ere', b'\xe2\x96\x81davv', b'riik', b'ade', b'\xe2\x96\x81Er', b'\xe2\x96\x81tem', b'uvrra', b'birgej', b'\xe2\x96\x81bidj', b'g\xc3\xa1ib', b'\xc3\xa1dusaid', b'\xe2\x96\x81f\xc3\xa1ga', b'adie\xc4\x91', b'ttisdo', b'i\xc3\xa1la', b'\xe2\x96\x81R\xc3\xa1\xc4\x91\xc4\x91eh', b'\xc4\x91ege', b'adigge', b'\xe2\x96\x81eaktud', b'li', b'\xc3\xa1rde', b'\xe2\x96\x81vuord', b'dj', b'alusa', b'\xc3\xa1ri', b'guovlluid', b'\xc3\xa1lbmog', b'\xe2\x96\x81ie\xc5\xa1gu\xc4\x91et', b'\xe2\x96\x81ipm\xc3\xa1rd', b'a\xc4\x8d\xc4\x8daid', b'asiiguin', b'\xe2\x96\x81Sara', b'\xe2\x96\x81fylkkas', b'nes', b'\xe2\x96\x81Die\xc4\x91ut', b'ossodagas', b'ovdd', b'earv', b'oam', b'hpan', b'\xe2\x96\x81Kesk', b'italo', b'\xe2\x96\x81olgo', b'\xe2\x96\x81biras', b'hkk\xc3\xa1i', b'iidn', b'\xe2\x96\x81luonddus', b'sajit', b'\xe2\x96\x81kon', b'\xe2\x96\x81nannejit', b'etr', b'o\xc5\xa1eavtta', b'\xe2\x96\x81Sirpm\xc3\xa1s', b'\xe2\x96\x81doallan', b'nas', b'\xe2\x96\x81jurdagat', b'amu\xc4\x8d\xc4\x8daide', b'ohkii', b'lbmi', b'\xe2\x96\x81eami\xc3\xa1lbmog', b'ivd', b'\xc3\xa1laldat', b'gojuvvon', b'\xe2\x96\x81j\xc3\xa1vk', b'agoaht\xc3\xa1', b'\xe2\x96\x81Dea', b'\xe2\x96\x81\xc4\x8d\xc3\xa1llin', b'earrin', b'a\xc5\xa1vuo\xc4\x91a', b'vej', b'ola\xc5\xa1vuo\xc4\x91', b'ddaide', b'\xe2\x96\x81Tr\xc3\xb8ndel', b'oahpu', b'\xe2\x96\x81\xc3\xa1ddejum', b'\xe2\x96\x81Ruovttus', b'\xe2\x96\x81h\xc3\xa1llen', b'\xe2\x96\x81Ledjen', b'\xe2\x96\x81d\xc3\xa1lon', b'\xe2\x96\x81M\xc3\xa1\xc5\x8bggas', b'uld', b'\xe2\x96\x81Girkon', b'j\xc3\xa1rgga', b'j\xc3\xa1rggas', b'\xe2\x96\x81v\xc3\xa1sihit', b'\xe2\x96\x81geh\xc4\x8d\xc4\x8de', b'\xe2\x96\x81r\xc3\xa1i', b'estob', b'\xc3\xa1sahusaid', b'\xe2\x96\x81riv', b'gut', b'\xe2\x96\x811970-', b'\xe2\x96\x81diliid', b'\xe2\x96\x81h\xc3\xa1rjeh', b'iv\xc5\xa1\xc5\xa1\xc3\xa1r', b'\xe2\x96\x81d\xc3\xa1rkk', b'\xe2\x96\x81searvi', b'\xe2\x96\x81Ie\xc5\xa1', b'\xe2\x96\x81isit', b'\xe2\x96\x81manaime', b'\xe2\x96\x81spesi', b'adoavttir', b'\xc3\xa1lvalus', b'\xe2\x96\x81letne', b'asv\xc3\xa1st', b'\xe2\x96\x81bargen', b'\xe2\x96\x81ruovttub', b'edik\xc5\xa1', b'\xe2\x96\x81oss', b'eallje', b'b\xc3\xa1', b'au', b'lggaid', b'\xe2\x96\x81beakk\xc3\xa1n', b'80-', b'iettis', b'\xe2\x96\x81jitnosit', b'\xe2\x96\x81h\xc3\xa1llat', b'\xe2\x96\x811995:', b'\xe2\x96\x81jerre', b'aldat', b'v\xc3\xa1', b'\xc3\xa1gat', b'\xe2\x96\x81far', b'iba', b'lgg', b'\xe2\x96\x81muht', b'\xe2\x96\x81Lulli', b'Norggas', b'\xe2\x96\x81\xc5\xa1ie', b'\xe2\x96\x81Ear\xc3\xa1t', b'\xe2\x96\x81ovdalis', b'\xe2\x96\x81t\xc3\xa1l', b'\xe2\x96\x81bust\xc3\xa1v', b'\xe2\x96\x81si\xc4\x91', b'\xe2\x96\x81diimmu', b'\xe2\x96\x81v\xc3\xa1ll', b'\xe2\x96\x81dujiin', b'bbo', b'\xe2\x96\x819', b'\xe2\x96\x81Isabell\xc3\xa1', b'\xe2\x96\x81N\xc3\xa1', b'\xe2\x96\x81log', b'\xe2\x96\x81beasai', b'inna', b'guovtt', b'\xe2\x96\x81sudn', b'\xe2\x96\x81bero\xc5\xa1t', b'\xe2\x96\x81vikk', b'\xe2\x96\x81L\xc3\xa1rin', b'\xe2\x96\x81\xc3\x81l', b'\xe2\x96\x81\xc4\x8diek\xc4\x8d', b'allamin', b'\xe2\x96\x81ollen', b'\xe2\x96\x81b\xc3\xa1ljo', b'\xe2\x96\x81liikui', b'ppa', b'\xe2\x96\x81latn', b'\xe2\x96\x81guld', b'enastin', b'umiin', b'\xe2\x96\x81viel', b'\xe2\x96\x81oapp\xc3\xa1', b'jjiid', b'\xe2\x96\x81V\xc3\xa1st', b'\xc3\xa1v\xc4\x8d\xc4\x8d', b'\xe2\x96\x81liikon', b'\xe2\x96\x81gorut', b'\xe2\x96\x81L\xc3\xa1rina', b'\xe2\x96\x81sp\xc3\xa1bba', b'\xc4\x8diek\xc4\x8d', b'\xe2\x96\x81vuolleg', b'oahtit', b'\xe2\x96\x81f\xc3\xa1kt', b'emin', b'\xe2\x96\x81dollii', b'\xe2\x96\x81E\xc5\x8bgelis', b'\xe2\x96\x81gollem', b'ihttos', b'oabbi', b'\xe2\x96\x81muvrraid', b'\xc4\x8die', b'ggiiguin', b'ala', b'\xc3\xa1dj', b'olit', b'\xe2\x96\x81G\xc3\xa1vpoga', b'ahpp', b'\xe2\x96\x81beaiv', b'\xe2\x96\x81geaid', b'\xe2\x96\x81girj\xc3\xa1i', b'\xe2\x96\x81\xc4\x8d\xc3\xa1zi', b'\xe2\x96\x81eanu', b'\xc3\xa1lla', b'\xe2\x96\x81v\xc3\xa1ldog', b'eainnu', b'\xe2\x96\x81\xc5\xa1attuid', b'\xe2\x96\x81ag', b'vuhtii', b'\xe2\x96\x81s\xc3\xa1nit', b'h\xc4\x8d', b'\xe2\x96\x81boa\xc4\x91\xc3\xa1n', b'\xe2\x96\x81\xc3\x81vd', b'\xe2\x96\x81profeht', b'\xe2\x96\x81s\xc3\xa1niid', b'\xe2\x96\x81luoit', b'\xc3\xa1din', b'\xc5\x8bge', b'llos', b'ivuo\xc4\x91as', b'alehk', b'\xe2\x96\x81vanhurs', b'\xe2\x96\x81bassi', b'\xe2\x96\x81dokum', b'afilbma', b'\xe2\x96\x81goh\xc4\x8dodan', b'ierr', b'\xe2\x96\x81Smierru', b'eoroh', b'ahkii', b'\xe2\x96\x81ovdde\xc5\xa1', b'\xc3\xa1igg', b'\xe2\x96\x81otn', b'\xe2\x96\x81instit', b'ten', b'ulbmil', b'\xe2\x96\x81ga\xc5\xbe', b'\xe2\x96\x81Ear\xc3\xa1', b'bbu', b'ahttet', b'\xe2\x96\x81l\xc3\xa1vv', b'O', b'S', b'dd\xc3\xa1\xc5\xbeis', b'\xe2\x96\x81Nord', b'eaddj', b'\xe2\x96\x81beales', b'\xe2\x96\x81njealjeh', b'\xe2\x96\x81dievva', b'\xe2\x96\x81Nor', b'\xe2\x96\x81unn', b'\xe2\x96\x81olbmui', b'Nordlys', b'\xc3\xa1s\xc3\xa1ra', b'\xe2\x96\x81\xc3\xa1iggiid', b'\xe2\x96\x81l\xc3\xa1gidii', b'iesus', b'\xe2\x96\x81sm', b'ittii', b'\xe2\x96\x81justa', b'\xe2\x96\x81D\xc3\xa1s', b'\xe2\x96\x81vuoit', b'ege', b'\xe2\x96\x81beaivv', b'\xe2\x96\x81jag\xc3\xa1\xc5\xa1', b'doaluin', b'\xe2\x96\x8116', b'_000', b'\xe2\x96\x81ruvnnu', b'\xe2\x96\x81ju', b'\xe2\x96\x81\xc4\x8duoigan', b'/', b'kui', b'\xe2\x96\x81fertet', b'\xe2\x96\x81f\xc3\xa1l', b'\xe2\x96\x81f\xc3\xa1ll', b'eame', b'\xe2\x96\x81s\xc3\xa1lbma', b'CD', b'\xe2\x96\x81Aslak', b'\xe2\x96\x81Val', b'keap\xc3\xa4\xc3\xa4', b'stt', b'\xe2\x96\x81CD', b'\xe2\x96\x81v\xc3\xa1lmmas', b'adi', b'kki', b'\xe2\x96\x811982:', b'\xe2\x96\x81roasmmoh', b'ojuvvui', b'\xe2\x96\x81b\xc3\xa1htar', b'\xe2\x96\x81Kan', b'\xe2\x96\x81hea\xc4\x91', b'\xe2\x96\x81roa', b'jes', b'\xe2\x96\x81orrut', b'hppi', b'\xe2\x96\x81duljiid', b'\xe2\x96\x81olgguld', b'asb', b'dno', b'\xe2\x96\x81liegga', b'\xe2\x96\x81liema', b'\xe2\x96\x81oapm', b'\xe2\x96\x81d\xc3\xa1httu', b'\xe2\x96\x81v\xc3\xa1ibaba', b'\xe2\x96\x81Vea', b'\xe2\x96\x81St\xc3\xa1lu', b'\xe2\x96\x81goa\xc4\x91is', b'\xe2\x96\x81bahkk', b'\xe2\x96\x81fitnat', b'\xe2\x96\x81suige', b'\xe2\x96\x81bala', b'\xe2\x96\x81Arne', b'\xe2\x96\x81fuobm', b'\xe2\x96\x81Guhk', b'\xe2\x96\x81sn', b'\xe2\x96\x81gurut', b'\xe2\x96\x81oal', b'ggis', b'\xe2\x96\x81\xc4\x8dohkk\xc3\xa1', b'\xe2\x96\x81mieskan', b'\xc3\xa1nit', b'\xe2\x96\x81Sk', b'\xc5\xbe\xc3\xa1', b'oal', b'\xe2\x96\x81njuos', b'\xe2\x96\x81okto', b'\xe2\x96\x81\xc3\xa1igumin', b'\xe2\x96\x81rom', b'\xe2\x96\x81Aar', b'9', b'7', b'\xe2\x96\x81rieg\xc3\xa1dii', b'6:', b'\xe2\x96\x81et', b'mus', b'\xe2\x96\x81Dasa', b'\xe2\x96\x81un', b'iversiteht', b'\xe2\x96\x81ean', b'askuvllas', b'\xe2\x96\x81Art', b'\xe2\x96\x81logald', b'ferean', b'\xe2\x96\x81Oahpah', b'oa\xc4\x91', b'aduo', b'\xe2\x96\x81;', b'\xe2\x96\x81\xc4\x8dohk', b'\xe2\x96\x81veall', b'uorgg', b'\xe2\x96\x81\xc3\xa1rr', b'ola', b'\xe2\x96\x81alddis', b'\xe2\x96\x81bisteva\xc5\xa1', b'\xe2\x96\x81o\xc4\x91\xc4\x91asat', b'\xe2\x96\x81Mu\xc4\x91ui', b'\xe2\x96\x81johtti', b'\xe2\x96\x81o\xc5\xbe\xc5\xbe', b'7:', b'\xe2\x96\x81heajos', b'\xe2\x96\x81ovda', b'olbmo', b'\xe2\x96\x81s\xc3\xa1ddet', b'\xe2\x96\x81189', b'oav', b'lanj', b'\xc3\xa1ldu', b'\xe2\x96\x818', b'\xe2\x96\x81\xc4\x8duovui', b'\xe2\x96\x81h\xc3\xa1lddus', b'\xe2\x96\x81geafes', b'\xe2\x96\x81v\xc3\xa1rri', b'kologiija', b'\xe2\x96\x81Gielddat', b'aintern', b'\xc3\xa1htain', b'\xe2\x96\x81d\xc3\xa1ssi', b'\xe2\x96\x81d\xc3\xa1l\xc3\xa1\xc5\xa1', b'\xe2\x96\x81Havii', b'lluin', b'illii', b'abar', b'\xe2\x96\x81rah\xc4\x8d', b'amu\xc5\xa1at', b'iik', b'\xe2\x96\x81oahppi', b'\xe2\x96\x81ie\xc5\xa1d\xc3\xa1ht', b'\xe2\x96\x81S\xc3\xa1meg', b'vvuid', b'abirrasis', b'llain', b'\xe2\x96\x81sosi\xc3\xa1l', b'8:', b'Norgga', b'\xe2\x96\x81195', b'vvi', b'dd\xc3\xa1\xc5\xbeiid', b'am\xc3\xa1n\xc3\xa1id', b'\xc4\x91istaga', b'\xe2\x96\x81d\xc3\xa1hpin', b'\xe2\x96\x81badje', b'olbm', b'v\xc3\xa1zzin', b'ostuvvan', b'\xe2\x96\x81j\xc3\xa1n', b'adil', b'4:', b'r\xc3\xa1hk', b'aboddosa\xc5\xa1', b'ohpp', b'\xe2\x96\x812', b'\xe2\x96\x81lokten', b'dagas', b'ald', b'dagaid', b'oavd', b'\xe2\x96\x81lasihan', b'adilis', b'\xe2\x96\x81M\xc3\xa1n\xc3\xa1id', b'\xe2\x96\x81m\xc3\xa1vssii', b'\xe2\x96\x81saj', b'bukt', b'ire', b'nn', b'\xe2\x96\x81lieggasa', b'\xe2\x96\x81opp', b'\xc3\xa1ig\xc3\xa1i', b'\xe2\x96\x81j\xc3\xa1voh', b'uvve', b'\xe2\x96\x8170', b'\xe2\x96\x81oasi', b'\xc3\xa1ra', b'\xe2\x96\x81stuorit', b'alanja', b'\xe2\x96\x81res', b'\xe2\x96\x81feas', b'\xe2\x96\x81dohk', b'latn', b'ttar', b'ohp', b'\xe2\x96\x81Boai', b'ttobeale', b'um\xc3\xa1n\xc3\xa1t', b'am\xc3\xa1nus', b'\xe2\x96\x81sk\xc3\xa1bm', b'\xe2\x96\x81beass\xc3\xa1\xc5\xbe', b'\xe2\x96\x81Badjem', b'\xc3\xa1n\xc3\xa1t', b'\xe2\x96\x81oan', b'\xe2\x96\x81lahkosis', b'adat', b'\xc3\xa1igge', b'\xe2\x96\x8117', b'\xe2\x96\x81asttu', b'\xe2\x96\x81petrom', b'\xc3\xa1vss', b'eviesus', b'reg', b'\xe2\x96\x81jur', b'iinna', b'\xe2\x96\x81\xc3\xa1idna', b'ksa', b'i\xc5\xa1gohte', b'\xe2\x96\x81n\xc3\xa1kkis', b'\xe2\x96\x81guhtta', b'adiimm', b'beaivve', b'iepm', b'\xe2\x96\x81Duosttan', b'inat', b'\xe2\x96\x81f\xc3\xa1rre', b'\xe2\x96\x81beavddi', b'adans', b'\xe2\x96\x81Ledje', b'\xe2\x96\x81juog', b'uorr', b'ddat', b'jain', b'ad\xc3\xa1luin', b'iij', b'\xe2\x96\x81vuovdi', b'\xe2\x96\x81boanda', b'\xe2\x96\x81d\xc3\xa1lu', b'\xe2\x96\x81sullasa\xc5\xa1', b'\xe2\x96\x81nuvtt\xc3\xa1', b'\xe2\x96\x81g\xc3\xa1n', b'\xe2\x96\x81g\xc3\xa1nddat', b'aduvvon', b'aideaset', b'\xe2\x96\x81Dilli', b'\xe2\x96\x81gievkkan', b'\xc5\xbe\xc5\xbe', b'\xe2\x96\x81f\xc3\xa1rreh', b'\xe2\x96\x81guoss', b'\xe2\x96\x81bottuin', b'oar', b'\xe2\x96\x81jna', b'ilmas', b'\xe2\x96\x81veahkk', b'iellan', b'\xe2\x96\x81duo\xc4\x91ai', b'\xe2\x96\x81luo\xc4\x91i', b'\xe2\x96\x81orode', b'igan', b'\xe2\x96\x81nohkkan', b'\xe2\x96\x81oroh', b'\xe2\x96\x81G\xc3\xa1rdima', b'\xe2\x96\x81Molle\xc5\xa1', b'\xe2\x96\x81\xc5\xa0uo\xc5\xa1\xc5\xa1', b'j\xc3\xa1vrri', b'\xe2\x96\x81Ie\xc5\xa1joh', b'leagi', b'stobuin', b'\xe2\x96\x81fulkke', b'\xe2\x96\x81sogas', b'\xc3\xa1la\xc5\xa1vuo\xc4\x91aid', b'\xe2\x96\x81guhtet', b'\xe2\x96\x81guimm', b'isvuo\xc4\x91a', b'\xe2\x96\x81ful', b'kkiin', b'rren', b'\xe2\x96\x81kur\xc3\xa1htor', b'm\xc3\xa1nn', b'\xe2\x96\x81h\xc3\xa1le\xc5\xa1t', b'\xe2\x96\x81sohkan', b'\xe2\x96\x81\xc4\x8deahppi', b'\xe2\x96\x81doaimmai', b'\xc3\xa1igo', b'dat', b'viesut', b'eainnut', b'obii', b'llat', b'\xe2\x96\x81geainn', b'\xe2\x96\x81ordn', b'\xe2\x96\x81ohppiide', b'vuo\xc4\x91', b'adoall', b'\xe2\x96\x81v\xc3\xa1hn', b'\xe2\x96\x81buorem', b'is\xc3\xa1m', b'adeapmi', b'eaivve', b'gilvv', b'\xe2\x96\x81berre', b'\xe2\x96\x81dagahit', b'\xe2\x96\x81s\xc3\xa1hp\xc3\xa1nat', b'\xe2\x96\x81ar', b'\xe2\x96\x811700-', b'\xe2\x96\x81Suoma', b'\xc5\xa1\xc5\xa1a', b'\xe2\x96\x81gaskasa\xc5\xa1', b'\xe2\x96\x81soahti', b'v\xc3\xa1n', b'aliser', b'P', b'zen', b'i\xc3\xa1lbmog', b'llem', b'utt', b'dor', b'\xe2\x96\x81Allet', b'\xe2\x96\x81dubme', b'adet', b'atge', b'\xe2\x96\x81jurdag', b'\xe2\x96\x81buorrin', b'mas', b'\xe2\x96\x81dovdda', b'\xe2\x96\x81Att', b'\xe2\x96\x81Per', b'bell', b'ivrras', b'\xe2\x96\x81k\xc3\xa1nske', b'vier', b'\xe2\x96\x81s\xc3\xa1ht\xc3\xa1\xc5\xa1ii', b'\xe2\x96\x81doalut', b'm\xc3\xa1r', b'\xe2\x96\x81guossi', b'\xe2\x96\x8135', b'\xc3\xa1rkan', b'\xe2\x96\x81sabehiid', b'ehiin', b'\xe2\x96\x81duddjot', b'\xe2\x96\x81Boaht\xc3\xa1go', b'\xe2\x96\x81Duomm\xc3\xa1', b'rrasat', b'ehusa', b'ddain', b'eassa', b'\xe2\x96\x81g\xc3\xa1rvvis', b'\xe2\x96\x81Bures', b'\xe2\x96\x81Buvtte', b'\xe2\x96\x81borad', b'aladd', b'\xc3\xa1tned', b'\xe2\x96\x81m\xc3\xa1ks\xc3\xa1n', b'\xe2\x96\x81Ruon\xc3\xa1', b'eaddi', b'\xe2\x96\x81riikkain', b'igo\xc4\x91ii', b'\xe2\x96\x81bisttii', b'aguolli', b'\xe2\x96\x81geahppas', b'\xe2\x96\x81golmm', b'ielat', b'\xe2\x96\x81suomag', b'\xe2\x96\x81gusa', b'ilh', b'\xe2\x96\x81dut', b'\xe2\x96\x81badj', b'\xe2\x96\x81jurdda', b'ahat', b'\xe2\x96\x81g\xc3\xa1tti', b'\xe2\x96\x81vuogas', b'r\xc3\xa1\xc4\x91iid', b'\xe2\x96\x81Tromssa', b'kam', b'ann', b'\xe2\x96\x81geaidnu', b'estuvvo', b'\xe2\x96\x81guoskkai', b'ohkk', b'\xe2\x96\x81olmm\xc3\xa1i', b'\xe2\x96\x81Hel', b'\xe2\x96\x81miella', b'ova\xc5\xa1', b'\xe2\x96\x81sajis', b'\xe2\x96\x81noa', b'juvvon', b'00-', b'\xe2\x96\x81gaskam', b'\xe2\x96\x81oas', b'\xe2\x96\x81eahpit', b'\xe2\x96\x81tuoll', b'\xe2\x96\x81beav', b'\xe2\x96\x81cukc', b'aluin', b'\xe2\x96\x81golmmas', b'\xe2\x96\x81silbbaid', b'\xe2\x96\x81viimmat', b'abarg', b'iehtad', b'\xe2\x96\x81l\xc3\xa1', b'duo', b'ivvun', b'\xe2\x96\x81sihkkun', b'4', b'\xe2\x96\x81movttiid', b'\xe2\x96\x81id', b'\xe2\x96\x81Die\xc4\x91', b'\xe2\x96\x81galgab', b'\xe2\x96\x81oskk', b'uvv\xc3\xa1', b'i\xc5\x8b', b'h\xc4\x8d\xc4\x8di', b'\xe2\x96\x81konkr', b'journ\xc3\xa1la', b'abij', b'\xe2\x96\x81bu\xc5\xa1eahtt', b'ar\xc3\xa1mma', b'.000', b'\xe2\x96\x81Dohko', b'\xe2\x96\x81vi\xc4\x91a', b'\xe2\x96\x81mehter', b'\xe2\x96\x81goh\xc4\x8dodit', b'\xe2\x96\x81s\xc3\xa1htiime', b'\xe2\x96\x81deaja', b'\xe2\x96\x81Dovddat', b'\xe2\x96\x81Dovd', b'\xe2\x96\x81gea\xc5\xbeil', b'\xe2\x96\x81biehtt', b'ukt', b'\xe2\x96\x81jearr', b'\xe2\x96\x81\xc3\xa1rgab', b'eaivv', b'\xe2\x96\x81heaittih', b'\xe2\x96\x81r\xc3\xa1vde', b'ven', b'igatvuo\xc4\x91aid', b'\xe2\x96\x81sierr', b'\xe2\x96\x81\xc4\x8duollu', b'bmebaji', b'\xe2\x96\x81D\xc3\xa1hp', b'\xc3\xa1huvv\xc3\xa1', b'\xe2\x96\x81rievttis', b'\xe2\x96\x81D\xc3\xa1ht', b'\xc3\xa1idda', b'\xe2\x96\x81\xc4\x8doavd', b'\xe2\x96\x81D\xc3\xa1l\xc3\xa1', b'\xe2\x96\x81Ruo\xc5\xa7', b'\xe2\x96\x81ovddit', b'\xe2\x96\x81oskui', b'\xc4\x91e', b'\xe2\x96\x81doa', b'aluvvon', b'\xe2\x96\x81alit', b'\xe2\x96\x81geah\xc4\x8da', b'\xe2\x96\x81ma\xc5\x8b\xc5\x8belis', b'\xe2\x96\x81os', b'eva\xc4\x8d\xc4\x8dat', b'istui', b'\xe2\x96\x81g\xc3\xa1ld', b'\xe2\x96\x81D\xc3\xa1rog', b'\xe2\x96\x81nor', b'\xe2\x96\x81seamm', b'\xe2\x96\x81guoddit', b'\xe2\x96\x81ga\xc5\xbealdat', b'hkit', b'anda', b'skka', b'\xe2\x96\x81psy', b'\xe2\x96\x81200', b'\xe2\x96\x81sala', b'lun', b'\xc3\xa1iki', b'\xe2\x96\x81aiddo', b'\xe2\x96\x81guovttis', b'\xe2\x96\x81nagot', b'\xe2\x96\x81Eam', b'oss', b'\xe2\x96\x81riekti', b'\xe2\x96\x81prinsihp', b'\xe2\x96\x81dovdet', b'\xe2\x96\x81d\xc3\xa1in', b'astallan', b'\xe2\x96\x81\xc3\xa1sahit', b'\xe2\x96\x81Ehpet', b'\xe2\x96\x81Evttohus', b'iseal', b'amu\xc5\xa1', b'\xe2\x96\x81gova', b'\xe2\x96\x81ovttasbar', b'\xe2\x96\x81\xc4\x8diehk\xc3\xa1', b'\xe2\x96\x81luottaid', b'asttan', b'\xe2\x96\x81daiguin', b'\xe2\x96\x81vuordit', b'\xe2\x96\x81bora', b'\xe2\x96\x81Geafit', b'joht', b'\xe2\x96\x81ekon', b'omala\xc5\xa1', b'\xc3\xa1ikkuh', b'\xe2\x96\x81r\xc3\xa1hkis', b'\xe2\x96\x81f\xc3\xa1sta', b'iessu', b'di', b'\xe2\x96\x81manat', b'\xe2\x96\x81beall\xc3\xa1i', b'gasit', b'\xe2\x96\x81miehtan', b'\xe2\x96\x81guolli', b'\xe2\x96\x81fitn\xc3\xa1', b'ugo', b'\xc3\xa1ldas', b'omear', b'\xe2\x96\x81b\xc3\xa1ikkiid', b'\xe2\x96\x81Gonagas', b'ri', b'\xe2\x96\x81vuod', b'\xe2\x96\x81doavtt', b'\xe2\x96\x81nissona', b'\xe2\x96\x81fer', b'\xe2\x96\x81j\xc3\xa1vrr', b'\xe2\x96\x81Han', b'\xe2\x96\x81suova', b'ahtt\xc3\xa1', b'\xe2\x96\x81\xc4\x8duo\xc5\xbe\xc5\xbeu', b'\xe2\x96\x81Hei', b'enr', b'\xe2\x96\x81gussiid', b'\xc3\xa1hkan', b'dda\xc5\xa1an', b'\xe2\x96\x81deas', b'j\xc3\xa1nit', b'\xc3\xa1rd\xc3\xa1i', b'\xc5\xa1\xc5\xa1eb', b'\xe2\x96\x81vahkus', b'\xe2\x96\x81rohk', b'vuovdimii', b'\xe2\x96\x81opmodat', b'\xe2\x96\x81vuovdit', b'\xe2\x96\x81\xc3\xa1v', b'\xe2\x96\x81suohtast', b'miin', b'\xe2\x96\x81ipmird', b'\xe2\x96\x81ima\xc5\xa1t', b'\xe2\x96\x81mora\xc5\xa1t', b'estit', b'uinis', b'progr\xc3\xa1mm', b'hk\xc3\xa1sa\xc5\xa1', b'alot', b'\xe2\x96\x81doaimmas', b'\xe2\x96\x81rast\xc3\xa1', b'\xe2\x96\x81Jo', b'\xe2\x96\x81guolit', b'ddejuvvon', b'\xe2\x96\x81nubb\xc3\xa1i', b'\xe2\x96\x81Journ\xc3\xa1la', b'\xe2\x96\x81Jud', b'ob\xc3\xa1rtni', b'\xe2\x96\x81cu', b'\xc3\xa1ddejum', b'eha\xc5\xa1', b'\xe2\x96\x81rihkk', b'\xe2\x96\x81Jus', b'\xe2\x96\x81s\xc3\xa1hka', b'\xe2\x96\x81J\xc3\xa1hk', b'\xe2\x96\x81M\xc3\xa1rjj', b'\xe2\x96\x81balddon', b'asmuital', b'usaide', b'l\xc3\xa1n', b'na', b'ola\xc4\x8d\xc4\x8daid', b'ingeahp', b'\xe2\x96\x81Konven\xc5\xa1', b'\xe2\x96\x81deleg', b'\xe2\x96\x81bargit', b'\xe2\x96\x8143', b'\xe2\x96\x81diibm\xc3\xa1', b'\xe2\x96\x81nannet', b'\xe2\x96\x81Mi', b'\xe2\x96\x81duo\xc4\x91', b'\xe2\x96\x81\xc3\xa1nss', b'\xe2\x96\x81kurssas', b'\xe2\x96\x81\xc4\x8da\xc4\x91at', b'\xe2\x96\x81ohcan', b'\xe2\x96\x81julggiid', b'eha', b'\xe2\x96\x81oidnet', b'\xe2\x96\x81ipmir', b'\xe2\x96\x81ustit', b'\xe2\x96\x81Lehpet', b'\xc5\x8bgg\xc3\xa1in', b'\xe2\x96\x81fatnasa', b'\xe2\x96\x81Liik', b'bbai', b'\xe2\x96\x81s\xc3\xa1r', b'istu', b'\xc3\xa1mus', b'\xe2\x96\x81kil', b'abier', b'\xe2\x96\x81L\xc3\xa1ga', b'\xe2\x96\x81\xc4\x8duov', b'\xe2\x96\x81bargamin', b'\xe2\x96\x81L\xc3\xa1sse', b'\xe2\x96\x81sihtan', b'agiin', b'\xe2\x96\x81davvir', b'\xe2\x96\x81L\xc3\xa1vvom', b'\xe2\x96\x81loavdaga', b'\xc5\xbei', b'\xe2\x96\x81\xc4\x8dea', b'ehii', b'vvut', b'\xe2\x96\x81moarsi', b'\xe2\x96\x81r\xc3\xa1\xc4\x91', b'\xe2\x96\x81bah\xc3\xa1s', b'\xe2\x96\x81riev', b'\xe2\x96\x81\xc3\x81ltt\xc3\xa1s', b'o\xc5\xa1ii', b'\xe2\x96\x81\xc3\xa1\xc5\x8bgir', b'\xe2\x96\x81diehtit', b'\xe2\x96\x81heive', b'\xe2\x96\x81luotta', b'\xe2\x96\x81aktiivv', b'\xe2\x96\x81oahpahit', b'\xe2\x96\x81alu', b'\xe2\x96\x81vuolit', b'\xe2\x96\x81d\xc3\xa1si', b'guovdd\xc3\xa1\xc5\xa1', b'\xe2\x96\x81dugo', b'\xc4\x8d\xc4\x8da', b'\xe2\x96\x81Movt', b'enamain', b'\xe2\x96\x812.', b'\xe2\x96\x81buo\xc4\x91\xc4\x91', b'uo\xc4\x91ut', b'\xe2\x96\x81rea', b'\xe2\x96\x81h\xc3\xa1lit', b'mmi', b'nnuhat', b'\xc3\xa1ldd', b'\xe2\x96\x81Muhtumat', b'\xe2\x96\x81j\xc3\xa1pmima', b'\xe2\x96\x81\xc4\x8duoigga', b'\xe2\x96\x81mih\xc3\xa1', b'\xe2\x96\x81heaggan', b'\xe2\x96\x81ceavzz\xc3\xa1n', b'\xe2\x96\x81goarg\xc5\x8b', b'\xe2\x96\x81h\xc3\xa1lidan', b'\xe2\x96\x81goarrut', b'\xe2\x96\x81jerren', b'\xe2\x96\x81girdi', b'\xe2\x96\x81hilb', b'\xe2\x96\x81m\xc3\xa1n\xc3\xa1in', b'\xe2\x96\x81orun', b'\xe2\x96\x81vilges', b'eaddj\xc3\xa1i', b'\xe2\x96\x81duinna', b'\xe2\x96\x81b\xc3\xa1hc', b'\xe2\x96\x81loga', b'\xe2\x96\x81biergu', b'\xe2\x96\x81M\xc3\xa1htt\xc3\xa1j', b'\xe2\x96\x81j\xc3\xa1vohaga', b'emiid', b'\xe2\x96\x81M\xc3\xa1n\xc3\xa1in', b'anmiella', b'\xe2\x96\x81\xc4\x8dierast', b'allame', b'\xe2\x96\x81sehkkii', b'\xe2\x96\x81M\xc3\xa1hte', b'\xe2\x96\x81Gonagasa', b'\xe2\x96\x81M\xc3\xa1\xc5\x8bga', b'\xe2\x96\x81g\xc3\xa1vpe', b'\xe2\x96\x81lonuh', b'\xe2\x96\x81f\xc3\xa1hcaid', b'\xe2\x96\x81M\xc3\xa1\xc5\x8bgasat', b'\xe2\x96\x81hupmen', b'\xe2\x96\x81Nissonat', b'\xe2\x96\x81barget', b'\xe2\x96\x81suokkard', b'\xe2\x96\x81geav', b'\xe2\x96\x81Nuppe', b'\xe2\x96\x81bivde', b'\xe2\x96\x81guosk\xc3\xa1', b'\xc3\xb8', b'\xe2\x96\x81rievttes', b'\xe2\x96\x81geavv', b'\xe2\x96\x81geasi', b'\xe2\x96\x81Oahppit', b'idettiin', b'\xe2\x96\x81s\xc3\xa1dde', b'ahusa', b'\xe2\x96\x81Oktii', b'\xe2\x96\x81stuorr', b'\xe2\x96\x81vuvde', b'\xe2\x96\x81vuolg\xc3\xa1n', b'\xe2\x96\x81Olbmuin', b'uovtt', b'eg\xc3\xa1vpog', b'\xe2\x96\x81friddj', b'\xe2\x96\x81Oslola\xc5\xa1', b'\xe2\x96\x81Eurohp', b'amea\xc5\xa1', b'ttirin', b'gilvvus', b'\xe2\x96\x81g\xc3\xa1nda', b'eavstta', b'\xe2\x96\x81oaidn', b'kkod', b'mm\xc3\xa1', b'vuodjimis', b'\xe2\x96\x81riikar', b'\xe2\x96\x81guoras', b'\xe2\x96\x81Ru\xc4\x91', b'\xe2\x96\x81mielddus', b'\xe2\x96\x81buori', b'\xe2\x96\x81r\xc3\xa1fi', b'\xe2\x96\x81goh\xc4\x8dod', b'\xe2\x96\x81luosa', b'\xe2\x96\x81juolgg', b'\xe2\x96\x81golggot', b'm\xc3\xa1nu', b'\xe2\x96\x81isid', b'\xe2\x96\x81fitnan', b'\xe2\x96\x81bir', b'\xe2\x96\x81ferteba', b'vvas', b'girjji', b'\xe2\x96\x81ea\xc5\x8bgal', b'\xe2\x96\x81Soa', b'girji', b'\xe2\x96\x81nov', b'eallat', b'eaivvi', b'\xe2\x96\x81s\xc3\xa1niin', b'kkain', b'\xc3\xa1said', b'\xe2\x96\x81ri\xc5\x8bgii', b'\xe2\x96\x81viehk\xc3\xa1', b'\xe2\x96\x81bovde', b'\xe2\x96\x81Sp', b'adj', b'\xe2\x96\x81beaivv\xc3\xa1\xc5\xa1', b'\xe2\x96\x81Suomas', b'\xe2\x96\x81Suov', b'vuov', b'\xe2\x96\x81S\xc3\xa1htt\xc3\xa1', b'u\xc5\xa1\xc5\xa1', b'edie\xc4\x91', b'\xe2\x96\x81l\xc3\xa1vvor', b'eivviid', b'\xe2\x96\x81uvss', b'.01', b'\xe2\x96\x81S\xc3\xa1medikk', b'\xe2\x96\x81d\xc3\xa1rbbu', b'bevierru', b'\xe2\x96\x81d\xc3\xa1rbb', b'\xe2\x96\x81vear', b'gii', b'\xc3\xa1last', b'ond', b'\xe2\x96\x81hupm\xc3\xa1', b'\xe2\x96\x81\xc4\x8duovvul', b'\xe2\x96\x81\xc4\x8div', b'\xe2\x96\x81galmmas', b'\xe2\x96\x81Vearr', b'\xe2\x96\x81Vihtta', b'ovuogi', b'\xe2\x96\x81Visot', b'\xe2\x96\x81geargat', b'\xe2\x96\x81Vuoll', b'\xe2\x96\x81V\xc3\xa1i', b'\xe2\x96\x81V\xc3\xa1ldde', b'\xe2\x96\x81\xc4\x8dil', b'\xe2\x96\x81boahtime', b'hku', b'\xe2\x96\x81\xc3\x81s', b'ealit', b'\xe2\x96\x81\xc4\x8c\xc3\xa1l', b'\xe2\x96\x81Dus', b'\xe2\x96\x81Boa\xc4\x91\xc3\xa1t', b'\xe2\x96\x81Vuolgi', b'\xe2\x96\x81arv\xc3\xa1', b'ilb', b'\xe2\x96\x81guoll\xc3\xa1i', b'\xe2\x96\x81godd\xc3\xa1', b'\xe2\x96\x81Vuov', b'\xe2\x96\x81oste', b'abeahtti', b'\xe2\x96\x81Bija', b'\xe2\x96\x81beana', b'\xe2\x96\x81s\xc3\xa1vzzat', b'\xe2\x96\x81fuolkkit', b'\xe2\x96\x81oast\xc3\xa1', b'\xe2\x96\x81Lem', b'\xe2\x96\x81Ellii', b'\xe2\x96\x81f\xc3\xa1v', b'ibeahtti', b'\xe2\x96\x81gille', b'\xe2\x96\x81It', b'\xe2\x96\x81Arv\xc3\xa1', b'\xe2\x96\x81Nieidd', b'\xe2\x96\x81v\xc3\xa1ldet', b'iidui', b'\xe2\x96\x81bassat', b'\xe2\x96\x81\xc3\x81dj\xc3\xa1s', b'\xe2\x96\x81sabehat', b'\xe2\x96\x81Londonis', b'\xe2\x96\x81Nji\xc5\x8b\xc5\x8b', b'elas', b'heasta', b'isheasta', b'\xe2\x96\x81ore', b'\xe2\x96\x81m\xc3\xa1ht\xc3\xa1n', b'\xc3\xa1nuid', b'\xe2\x96\x81bu\xc4\x91ehiid', b'\xe2\x96\x81m\xc3\xa1ll\xc3\xa1sii', b'eheapme', b'ilbeall', b'\xe2\x96\x81rikkis', b'\xe2\x96\x81servet', b'\xe2\x96\x81leahppi', b'\xe2\x96\x81Jack', b'\xe2\x96\x81Sparrow', b'\xe2\x96\x81Eliz', b'abeth', b'\xe2\x96\x81Sw', b'\xe2\x96\x81Jeakkis', b'\xe2\x96\x81R\xc3\xa1n', b'\xe2\x96\x81Gerget', b'\xe2\x96\x81Boaht\xc3\xa1', b'\xe2\x96\x81goarr', b'\xe2\x96\x81D\xc3\xa1rbb', b'\xe2\x96\x81TV', b'\xe2\x96\x81Bidjet', b'\xe2\x96\x81eatnanm', b'\xe2\x96\x81varr', b'ehei', b'ejin', b'idiin', b'\xe2\x96\x81\xc4\x8doakkal', b'on\xc3\xa1hkis', b'otea', b'\xe2\x96\x81\xc3\x81ndde', b'\xe2\x96\x81f\xc3\xa1mut', b'\xe2\x96\x81h\xc3\xa1lid', b'igoahtit', b'ohit', b'an\xc3\xa1hkis', b'eahp', b'\xe2\x96\x81jo\xc5\x8baid', b'\xe2\x96\x81l\xc3\xa1hk\xc3\xa1i', b'\xe2\x96\x81Dakk\xc3\xa1r', b'\xc3\xa1hkku', b'\xe2\x96\x81I\xc5\x8bg\xc3\xa1', b'\xe2\x96\x81mollii', b'\xe2\x96\x81v\xc3\xa1ramat', b'gevuodj', b'\xe2\x96\x81Vuolgg', b'\xe2\x96\x81kin', b'\xe2\x96\x81Bovnnas', b'\xe2\x96\x81suhkat', b'\xe2\x96\x81galgat', b'eng', b'progr', b'vvir', b'r\xc3\xa1\xc4\x91', b'\xe2\x96\x81le', b'\xe2\x96\x81\xc4\x8d\xc3\xa1hc', b'\xc3\xa1\xc5\xa1ii', b'i\xc5\xa1', b'\xe2\x96\x81politihkkar', b'\xe2\x96\x81eahk', b'ksen', b'\xe2\x96\x81dadj', b'\xe2\x96\x81s\xc3\xa1g', b'kkel', b'\xe2\x96\x81gitt', b'ohc', b'gil', b'\xc3\x98', b'feg', b'\xe2\x96\x81geh', b'git', b'eantt', b'ado', b'ainna', b'ggiin', b'pl\xc3\xa1n', b'\xe2\x96\x81R\xc3\xa1\xc4\x91\xc4\x91', b'bme', b'ddon', b'\xc3\xa1vde', b'\xe2\x96\x81beas', b'L', b'R', b'g\xc3\xa1d', b'it\xc3\xa1n', b'\xe2\x96\x81silbb', b'\xe2\x96\x81moar', b'\xe2\x96\x81\xc5\xa0', b'mea', b'\xc3\xa6', b'\xe2\x96\x81ver', b'kk\xc3\xa1r', b'\xc3\xa1hkk', b'\xe2\x96\x81oaid', b'lmm', b'ktor', b'\xe2\x96\x81Jea', b'\xc5\x8bgii', b'asttu', b'\xe2\x96\x81Al', b'kit', b'\xc4\x8d\xc3\xa1z', b'\xe2\x96\x81guoskk', b'eddj', b'\xe2\x96\x81stiv', b'\xc3\xa1siid', b'\xe2\x96\x81r\xc3\xa1dj', b'apor', b'adigg', b'\xe2\x96\x81S\xc3\xa1medi', b'zihan', b'ssu', b'\xe2\x96\x81laht', b'ohko', b'\xe2\x96\x81\xc4\x8d\xc3\xa1z', b'\xe2\x96\x81sullas', b'uvv', b'\xe2\x96\x81S\xc3\xa1htt', b'ivdui', b'erre', b'\xe2\x96\x81Finnm\xc3\xa1rkk', b'ogas', b'imu\xc5\xa1', b'\xc3\xa1pmela\xc4\x8d\xc4\x8d', b'alde', b'ihke', b'\xe2\x96\x81la', b'fit', b'hkat', b'jad', b'\xe2\x96\x81loav', b'\xe2\x80\x94', b'hk\xc3\xa1', b'lgi', b'ird', b'vet', b'lggad', b'\xe2\x96\x81giet', b'\xe2\x96\x81di', b'\xe2\x96\x81bu\xc4\x91eh', b'hkku', b'\xe2\x96\x81Pi', b'eh\xc3\xa1\xc5\xa1', b'vi', b'bb\xc3\xa1i', b'htt\xc3\xa1', b'\xc5\x8bgo', b'isev', b'upm', b'\xc4\x8d\xc4\x8de', b'ele', b'\xc4\x91ih', b'\xe2\x96\x81jienastus', b'\xc2\xbb', b'o\xc5\xa1eavtt', b'\xe2\x96\x81geahpp', b'ogr', b'abi', b'\xe2\x96\x81riikk', b'vde', b'tnegas', b'\xe2\x96\x81aktii', b'N', b'iggodag', b'kko', b'kte', b'enoam', b'\xc3\xa1\xc5\xbeit', b'\xe2\x96\x81eks', b'\xe2\x96\x81prinsih', b'\xe2\x96\x81vu\xc4\x91', b'\xe2\x96\x81prins', b'ip', b'ebut', b'\xe2\x96\x81leam', b'\xe2\x96\x81miel', b'adn', b'\xe2\x96\x81Oahpp', b'esk', b'oa\xc4\x91as', b'\xe2\x96\x81r\xc3\xa1f', b'fer', b'djalan', b'\xe2\x96\x81bero\xc5\xa1', b'\xe2\x96\x81ceav', b'k\xc5\xa1', b'\xe2\x96\x81ustib', b'ult', b'\xc3\xa1sii', b'\xe2\x96\x81Ann', b'ediv\xc5\xa1\xc5\xa1\xc3\xa1r', b'oahpus', b'\xe2\x96\x81ovd', b'k\xc4\x8d', b'\xe2\x96\x81guv', b'log', b'asit', b'\xe2\x96\x81198', b'\xe2\x96\x81bist', b'\xe2\x96\x81Guovtt', b'oahpp', b'\xe2\x96\x81Ma', b'\xe2\x96\x81beass', b'ddje', b'\xe2\x96\x81diimm', b'\xe2\x96\x81s\xc3\xa1hp', b'\xe2\x96\x81Isabell', b'ck', b'ter', b'nit', b'g\xc3\xa1n', b'gir', b'\xe2\x96\x81njeal', b'ggit', b'\xe2\x96\x81\xc4\x8duv', b'lbm', b'\xe2\x96\x81bukt', b'pp\xc3\xa1', b'\xe2\x96\x81E\xc5\x8bgel', b'oht', b'\xc3\xa1mas', b'idne', b'anh', b'\xc3\xa1htu', b'hc', b'sl', b'al\xc3\xa1\xc5\xa1tallan', b'dlys', b'uovlab', b'osit', b'onsen', b'\xe2\x96\x81vej', b'dly', b'\xe2\x96\x81sadj', b'al\xc3\xa1\xc5\xa1t', b'aidda', b'bbol', b'G', b'\xe2\x96\x81rii', b'uvai', b'kil', b'\xe2\x96\x81\xc3\x81ltt', b'\xe2\x96\x81buorr', b'\xe2\x96\x81njuo', b'ska', b'igga', b'\xc3\xa1nu', b'\xe2\x96\x81vie\xc5\xbe\xc5\xbe', b'nii', b'\xc5\x8bg\xc3\xa1', b'ea\xc5\xa1', b'eth', b'iijas', b'\xe2\x96\x81197', b'l\xc3\xa1gan', b'ddar', b'34', b'\xc3\xa1hkai', b'tneg', b'\xe2\x96\x81ohpp', b'ivrra', b'\xc2\xb6', b'sy', b'\xe2\x96\x81duht', b'\xe2\x96\x81\xc4\x8doa', b'\xe2\x96\x81organis', b'ganis', b'\xe2\x96\x81Hav', b'\xe2\x96\x81olgg', b'\xe2\x96\x81Lu', b'llis\xc3\xa1m', b'\xc3\xb8ndel', b'jo', b'\xe2\x96\x81kur', b'\xe2\x96\x81d\xc3\xa1rkil', b'\xe2\x96\x81bear', b'kea', b'2:', b'\xe2\x96\x81Giel', b'abb\xc3\xa1', b'isev\xc3\xa1ldd', b'\xc4\x91ii', b'ies', b'\xe2\x96\x811970', b'\xc3\xa1rkana', b'vvo\xc5\xa1t', b'm\xc3\xa1\xc5\xa1', b'pet', b'ard', b'ierru', b'igat', b'ienat', b'uorra', b'\xe2\x96\x81vuol', b'u\xc4\x8d\xc4\x8d', b'\xc3\xa1ig', b'\xe2\x96\x81d\xc3\xa1hp', b'tem', b'uige', b'lleg', b'\xe2\x96\x81An', b'\xc3\xa1iguin', b'\xe2\x96\x81ie\xc5\xa1gu', b'am\xc3\xa1n', b'\xc3\xa1hn', b'amear', b'bott', b'v\xc3\xa1ld', b'adni', b'\xe2\x96\x81ri', b'laht', b'\xe2\x96\x81ovttasbarg', b'iversit', b'joavkk', b'\xe2\x96\x81ihtt', b'\xe2\x96\x81Bargiid', b'\xe2\x96\x81listt', b'\xe2\x96\x81vil', b'\xe2\x96\x81Beass', b'\xe2\x96\x81fit', b'000', b'\xe2\x96\x81vahk', b'\xe2\x96\x81er', b'\xe2\x96\x81bah', b'ffar', b'ea\xc5\x8b', b'oavtt', b'\xe2\x96\x81s\xc3\xa1l', b'\xe2\x96\x81jo\xc4\x91', b'\xe2\x96\x81ruvnn', b'\xe2\x96\x81g\xc3\xa1vpog', b'\xe2\x96\x81buvtt', b'\xe2\x96\x81fyl', b'\xe2\x96\x81smiehtt', b'\xc4\x91oh', b'\xe2\x96\x81Dear', b've', b'\xe2\x96\x81nan', b'\xc4\x91\xc4\x91i', b'agiel', b'adje', b'\xc4\x91i', b'kka\xc5\xa1', b'htu', b'\xe2\x96\x81priv', b'adoavtt', b'\xe2\x96\x81sil', b'bu', b'\xc2\xa7', b'\xe2\x96\x814', b'ent', b'\xe2\x96\x81ovddasv\xc3\xa1st', b'asa\xc5\xa1', b'\xe2\x96\x81guokt', b'\xc3\xa1igea', b'eahtti', b'\xe2\x96\x81govd', b'\xe2\x96\x81att', b'hcciid', b'\xe2\x96\x81Duo', b'\xe2\x96\x81var', b'oavkk', b'50', b'\xe2\x96\x81re', b'\xe2\x96\x81D\xc3\xa1b', b'juvv', b'ehit', b'udd', b'otn', b'\xe2\x96\x81eakt', b'\xe2\x96\x81siid', b'\xe2\x96\x81D\xc3\xa1r', b'igatvuo\xc4\x91', b'a\xc4\x8d\xc4\x8d', b'\xe2\x96\x81at', b'\xe2\x96\x81Jes', b'\xe2\x96\x81Fer', b'\xc3\xa1pmu', b'\xe2\x96\x81sabeh', b'\xe2\x96\x81godd', b'rr\xc3\xa1i', b'ovd', b'alassii', b'almm\xc3\xa1t', b'\xe2\x96\x81fidn', b'\xe2\x96\x81boai', b'ttobeal', b'\xe2\x96\x81rieg\xc3\xa1d', b'ovt', b'ism', b'amain', b'lluid', b'nat', b'\xc3\xa1ib', b'uss', b'\xe2\x96\x81buoll', b'eigga', b'\xe2\x96\x81goass', b'\xc3\xa1mm', b'odag', b'\xe2\x96\x81siv', b'\xe2\x96\x81n\xc3\xa1ital', b'\xe2\x96\x81suokk', b'ndd', b'o\xc5\xa1ea', b'rri', b'hppe', b'\xe2\x96\x81galbm', b'\xe2\x96\x81\xc4\x8du', b'\xe2\x96\x81deavd', b'sset', b'evttoh', b'in\xc3\xa1', b'asto', b'\xe2\x96\x81dass', b'\xe2\x96\x81o\xc4\x91', b'eanus', b'\xe2\x96\x81v\xc3\xa1l', b'enn', b'atti', b'ures', b'igatvuo\xc4\x91at', b'abirras', b'\xe2\x96\x81osk', b'\xe2\x96\x81Ma\xc5\x8b\xc5\x8b', b'iversitehtas', b'ojuvv', b'aldag', b'\xe2\x96\x81Is', b'keahtt', b'\xe2\x96\x81oidn', b'osis', b'ihtan', b'jai', b'\xe2\x96\x81\xc3\xa1h\xc4\x8d', b'evtt', b'\xe2\x96\x81Muht', b'ogea', b'\xe2\x96\x81vug', b'\xe2\x96\x81dear', b'\xe2\x96\x81dov', b'ppi', b'i\xc5\x8b\xc5\x8b', b'uos', b'e\xc5\xa1', b'iljus', b'\xe2\x96\x81vuv', b'skk', b'\xe2\x96\x81\xc4\x8dier', b'\xe2\x96\x81njuol', b'\xe2\x96\x81bu\xc5\xa1', b'\xe2\x96\x81h\xc3\xa1', b'presid', b'\xc3\xa1rtni', b'ahpah', b'H', b'\xe2\x96\x81vuostt', b'istrer', b'\xe2\x96\x81Ohc', b'\xc3\xa1ik', b'\xe2\x96\x81ceal', b'asm', b'ehter', b'lan', b'\xe2\x96\x81d\xc3\xa1b', b'amearkan', b'\xc3\xa1\xc5\xa1t', b'iev', b'onuh', b'iera', b'\xe2\x96\x81Rom', b'buo', b'\xe2\x96\x81boazooroh', b'r\xc3\xa1f', b'hcit', b'iv\xc5\xa1\xc5\xa1', b'istorjj', b'\xe2\x96\x81Sea', b'\xe2\x96\x81riik', b'earve', b'ilea', b'\xe2\x96\x81sie', b'ing', b'ihit', b'\xe2\x96\x81gea\xc4\x91', b'v\xc3\xa1zz', b'\xe2\x96\x81Trom', b'ly', b'ttuin', b'\xe2\x96\x81uhcc', b'earr\xc3\xa1', b'irpm', b'\xc3\xa1ppa', b'nnas', b'\xc3\xa1ht\xc3\xa1n', b'\xc5\x8bgir', b'\xe2\x96\x81org\xc3\xa1n', b'\xe2\x96\x81galgga\xc5\xa1', b'ku', b'Nor', b'urs', b'dd\xc3\xa1\xc5\xbe', b'\xe2\x96\x81gust', b'polit', b'obealde', b'\xe2\x96\x81oa\xc5\xbe\xc5\xbe', b'\xe2\x96\x81fitn', b'osi\xc3\xa1l', b'\xe2\x96\x81juollu', b'pl\xc3\xa1na', b'\xe2\x96\x81m\xc3\xa1ll', b'mearr', b'\xe2\x96\x81jien', b'\xe2\x96\x81mies', b'eadn', b'\xe2\x96\x81bier', b'nnud', b'uoll', b'\xe2\x96\x81gill', b'\xc3\xa1z', b'\xe2\x96\x81r\xc3\xa1hk', b'\xe2\x96\x81guol', b'\xe2\x96\x81Nii', b'oahkk', b'\xc3\xa1htte', b'ime', b'\xe2\x96\x81m\xc3\xa1i', b'd\xc3\xa1d', b'urn', b'n\xc3\xa1n', b'\xe2\x96\x81Boa', b'oaht', b'pe', b'\xe2\x96\x81oam', b'dni', b'\xe2\x96\x81sihkk', b'ggasa', b'\xe2\x96\x81heaj', b'eg\xc3\xa1v', b'eanu', b'edis', b'easta', b'\xe2\x96\x81vi', b'alai', b'ahkk', b'mmet', b'v\xc3\xa1i', b'arr', b'\xe2\x96\x81M\xc3\xa1htt', b'ika', b'htte', b'ihkkar', b'kc', b'jji', b'otter', b'uvssa', b'ivviid', b'\xe2\x96\x81d\xc3\xa1r', b'\xe2\x96\x81se', b'emi', b'jadaga', b'daga', b'dduin', b'ah\xc4\x8d', b'idnu', b'\xe2\x96\x81nisson', b'\xc3\xa1hkis', b'\xe2\x96\x81Ger', b'I', b'\xe2\x96\x81eam', b'\xe2\x96\x81viell', b'\xe2\x96\x81\xc4\x8d\xc3\xa1', b'idda', b'vdn', b'bbas', b'\xc3\xa1bba', b'\xe2\x96\x81soa', b'\xe2\x96\x81dar', b'ast\xc3\xa1', b'\xe2\x96\x81goa\xc4\x91', b'gab', b'\xe2\x96\x81vulgg']
2025-12-22 17:53:30,101 vocabulary size of 4511
2025-12-22 17:53:30,121 SequenceTagger predicts: Dictionary with 17 tags: <PAD>, NOUN, VERB, PUNCT, PRON, ADV, AUX, ADJ, CCONJ, PROPN, ADP, SCONJ, NUM, PART, INTJ, <START>, <STOP>
2025-12-22 17:53:30,808 
Results:
- F-score (micro) 0.9075
- F-score (macro) 0.805
- Accuracy 0.9075

By class:
              precision    recall  f1-score   support

       <PAD>     0.9945    0.9959    0.9952      4173
        NOUN     0.7538    0.8719    0.8085      1085
       PUNCT     0.9988    1.0000    0.9994       867
        VERB     0.7555    0.7661    0.7607       855
        PRON     0.9359    0.9605    0.9481       532
         ADV     0.8164    0.8266    0.8215       398
         AUX     0.8333    0.7824    0.8071       409
         ADJ     0.7749    0.5424    0.6381       330
       PROPN     0.7136    0.6434    0.6767       244
       CCONJ     0.9934    0.9868    0.9901       152
       SCONJ     0.8108    0.9091    0.8571        99
         NUM     0.9091    0.5769    0.7059       104
         ADP     0.8831    0.7816    0.8293        87
        PART     0.9688    0.7381    0.8378        84
        INTJ     1.0000    0.2500    0.4000         4

    accuracy                         0.9075      9423
   macro avg     0.8761    0.7755    0.8050      9423
weighted avg     0.9086    0.9075    0.9060      9423

2025-12-22 17:53:30,808 ----------------------------------------------------------------------------------------------------
