2025-12-16 18:02:44,494 ----------------------------------------------------------------------------------------------------
2025-12-16 18:02:44,494 Model: "SequenceTagger(
  (embeddings): StackedEmbeddings(
    (list_embedding_0): OneHotEmbeddings(
      (embedding_layer): Embedding(4894, 300)
    )
  )
  (word_dropout): WordDropout(p=0.05)
  (locked_dropout): LockedDropout(p=0.5)
  (embedding2nn): Linear(in_features=300, out_features=300, bias=True)
  (rnn): LSTM(300, 256, batch_first=True, bidirectional=True)
  (linear): Linear(in_features=512, out_features=20, bias=True)
  (loss_function): ViterbiLoss()
  (crf): CRF()
)"
2025-12-16 18:02:44,494 ----------------------------------------------------------------------------------------------------
2025-12-16 18:02:44,495 Corpus: 5444 train + 833 dev + 913 test sentences
2025-12-16 18:02:44,495 ----------------------------------------------------------------------------------------------------
2025-12-16 18:02:44,495 Train:  5444 sentences
2025-12-16 18:02:44,495         (train_with_dev=False, train_with_test=False)
2025-12-16 18:02:44,495 ----------------------------------------------------------------------------------------------------
2025-12-16 18:02:44,495 Training Params:
2025-12-16 18:02:44,495  - learning_rate: "0.1" 
2025-12-16 18:02:44,495  - mini_batch_size: "32"
2025-12-16 18:02:44,495  - max_epochs: "150"
2025-12-16 18:02:44,495  - shuffle: "True"
2025-12-16 18:02:44,495 ----------------------------------------------------------------------------------------------------
2025-12-16 18:02:44,495 Plugins:
2025-12-16 18:02:44,495  - AnnealOnPlateau | patience: '3', anneal_factor: '0.5', min_learning_rate: '0.0001'
2025-12-16 18:02:44,495 ----------------------------------------------------------------------------------------------------
2025-12-16 18:02:44,495 Final evaluation on model from best epoch (best-model.pt)
2025-12-16 18:02:44,495  - metric: "('micro avg', 'f1-score')"
2025-12-16 18:02:44,495 ----------------------------------------------------------------------------------------------------
2025-12-16 18:02:44,495 Computation:
2025-12-16 18:02:44,495  - compute on device: cpu
2025-12-16 18:02:44,495  - embedding storage: none
2025-12-16 18:02:44,495 ----------------------------------------------------------------------------------------------------
2025-12-16 18:02:44,495 Model training base path: "models/pos_bpe"
2025-12-16 18:02:44,495 ----------------------------------------------------------------------------------------------------
2025-12-16 18:02:44,495 ----------------------------------------------------------------------------------------------------
2025-12-16 18:02:47,516 epoch 1 - iter 17/171 - loss 2.64325670 - time (sec): 3.02 - samples/sec: 3288.52 - lr: 0.100000 - momentum: 0.000000
2025-12-16 18:02:50,132 epoch 1 - iter 34/171 - loss 2.43706721 - time (sec): 5.64 - samples/sec: 3593.08 - lr: 0.100000 - momentum: 0.000000
2025-12-16 18:02:53,034 epoch 1 - iter 51/171 - loss 2.32189240 - time (sec): 8.54 - samples/sec: 3646.71 - lr: 0.100000 - momentum: 0.000000
2025-12-16 18:02:56,270 epoch 1 - iter 68/171 - loss 2.25165379 - time (sec): 11.77 - samples/sec: 3497.60 - lr: 0.100000 - momentum: 0.000000
2025-12-16 18:02:59,162 epoch 1 - iter 85/171 - loss 2.19193763 - time (sec): 14.67 - samples/sec: 3496.84 - lr: 0.100000 - momentum: 0.000000
2025-12-16 18:03:02,512 epoch 1 - iter 102/171 - loss 2.14158476 - time (sec): 18.02 - samples/sec: 3422.11 - lr: 0.100000 - momentum: 0.000000
2025-12-16 18:03:05,571 epoch 1 - iter 119/171 - loss 2.09388676 - time (sec): 21.08 - samples/sec: 3406.10 - lr: 0.100000 - momentum: 0.000000
2025-12-16 18:03:08,698 epoch 1 - iter 136/171 - loss 2.04886901 - time (sec): 24.20 - samples/sec: 3397.06 - lr: 0.100000 - momentum: 0.000000
2025-12-16 18:03:11,911 epoch 1 - iter 153/171 - loss 2.00672038 - time (sec): 27.42 - samples/sec: 3379.31 - lr: 0.100000 - momentum: 0.000000
2025-12-16 18:03:14,712 epoch 1 - iter 170/171 - loss 1.97559077 - time (sec): 30.22 - samples/sec: 3382.84 - lr: 0.100000 - momentum: 0.000000
2025-12-16 18:03:14,751 ----------------------------------------------------------------------------------------------------
2025-12-16 18:03:14,751 EPOCH 1 done: loss 1.9758 - lr: 0.100000
2025-12-16 18:03:16,326 DEV : loss 1.6083910465240479 - f1-score (micro avg)  0.2702
2025-12-16 18:03:16,337  - 0 epochs without improvement
2025-12-16 18:03:16,337 saving best model
2025-12-16 18:03:16,363 ----------------------------------------------------------------------------------------------------
2025-12-16 18:03:19,048 epoch 2 - iter 17/171 - loss 1.60145032 - time (sec): 2.68 - samples/sec: 3686.11 - lr: 0.100000 - momentum: 0.000000
2025-12-16 18:03:22,036 epoch 2 - iter 34/171 - loss 1.60196801 - time (sec): 5.67 - samples/sec: 3656.51 - lr: 0.100000 - momentum: 0.000000
2025-12-16 18:03:24,951 epoch 2 - iter 51/171 - loss 1.58489925 - time (sec): 8.59 - samples/sec: 3595.61 - lr: 0.100000 - momentum: 0.000000
2025-12-16 18:03:27,582 epoch 2 - iter 68/171 - loss 1.55241974 - time (sec): 11.22 - samples/sec: 3645.79 - lr: 0.100000 - momentum: 0.000000
2025-12-16 18:03:30,416 epoch 2 - iter 85/171 - loss 1.52229515 - time (sec): 14.05 - samples/sec: 3650.87 - lr: 0.100000 - momentum: 0.000000
2025-12-16 18:03:33,417 epoch 2 - iter 102/171 - loss 1.48700190 - time (sec): 17.05 - samples/sec: 3610.08 - lr: 0.100000 - momentum: 0.000000
2025-12-16 18:03:36,989 epoch 2 - iter 119/171 - loss 1.46554439 - time (sec): 20.63 - samples/sec: 3514.25 - lr: 0.100000 - momentum: 0.000000
2025-12-16 18:03:39,537 epoch 2 - iter 136/171 - loss 1.44106403 - time (sec): 23.17 - samples/sec: 3554.99 - lr: 0.100000 - momentum: 0.000000
2025-12-16 18:03:42,146 epoch 2 - iter 153/171 - loss 1.42001256 - time (sec): 25.78 - samples/sec: 3582.36 - lr: 0.100000 - momentum: 0.000000
2025-12-16 18:03:44,735 epoch 2 - iter 170/171 - loss 1.40541191 - time (sec): 28.37 - samples/sec: 3598.11 - lr: 0.100000 - momentum: 0.000000
2025-12-16 18:03:44,849 ----------------------------------------------------------------------------------------------------
2025-12-16 18:03:44,849 EPOCH 2 done: loss 1.4049 - lr: 0.100000
2025-12-16 18:03:46,980 DEV : loss 1.2106446027755737 - f1-score (micro avg)  0.4714
2025-12-16 18:03:46,990  - 0 epochs without improvement
2025-12-16 18:03:46,991 saving best model
2025-12-16 18:03:47,007 ----------------------------------------------------------------------------------------------------
2025-12-16 18:03:50,199 epoch 3 - iter 17/171 - loss 1.23535113 - time (sec): 3.19 - samples/sec: 3291.80 - lr: 0.100000 - momentum: 0.000000
2025-12-16 18:03:53,683 epoch 3 - iter 34/171 - loss 1.20853415 - time (sec): 6.68 - samples/sec: 3154.46 - lr: 0.100000 - momentum: 0.000000
2025-12-16 18:03:56,430 epoch 3 - iter 51/171 - loss 1.20714828 - time (sec): 9.42 - samples/sec: 3310.06 - lr: 0.100000 - momentum: 0.000000
2025-12-16 18:03:59,352 epoch 3 - iter 68/171 - loss 1.19702530 - time (sec): 12.34 - samples/sec: 3325.59 - lr: 0.100000 - momentum: 0.000000
2025-12-16 18:04:01,771 epoch 3 - iter 85/171 - loss 1.17550054 - time (sec): 14.76 - samples/sec: 3429.96 - lr: 0.100000 - momentum: 0.000000
2025-12-16 18:04:04,450 epoch 3 - iter 102/171 - loss 1.16648561 - time (sec): 17.44 - samples/sec: 3453.01 - lr: 0.100000 - momentum: 0.000000
2025-12-16 18:04:07,519 epoch 3 - iter 119/171 - loss 1.15631584 - time (sec): 20.51 - samples/sec: 3452.19 - lr: 0.100000 - momentum: 0.000000
2025-12-16 18:04:10,913 epoch 3 - iter 136/171 - loss 1.14625839 - time (sec): 23.91 - samples/sec: 3413.23 - lr: 0.100000 - momentum: 0.000000
2025-12-16 18:04:13,591 epoch 3 - iter 153/171 - loss 1.14408037 - time (sec): 26.58 - samples/sec: 3468.13 - lr: 0.100000 - momentum: 0.000000
2025-12-16 18:04:16,355 epoch 3 - iter 170/171 - loss 1.13372241 - time (sec): 29.35 - samples/sec: 3482.86 - lr: 0.100000 - momentum: 0.000000
2025-12-16 18:04:16,396 ----------------------------------------------------------------------------------------------------
2025-12-16 18:04:16,396 EPOCH 3 done: loss 1.1336 - lr: 0.100000
2025-12-16 18:04:18,036 DEV : loss 1.0520384311676025 - f1-score (micro avg)  0.6
2025-12-16 18:04:18,048  - 0 epochs without improvement
2025-12-16 18:04:18,048 saving best model
2025-12-16 18:04:18,064 ----------------------------------------------------------------------------------------------------
2025-12-16 18:04:21,013 epoch 4 - iter 17/171 - loss 1.06817445 - time (sec): 2.95 - samples/sec: 3388.24 - lr: 0.100000 - momentum: 0.000000
2025-12-16 18:04:24,150 epoch 4 - iter 34/171 - loss 1.01569540 - time (sec): 6.09 - samples/sec: 3360.57 - lr: 0.100000 - momentum: 0.000000
2025-12-16 18:04:27,112 epoch 4 - iter 51/171 - loss 1.04051772 - time (sec): 9.05 - samples/sec: 3401.60 - lr: 0.100000 - momentum: 0.000000
2025-12-16 18:04:29,987 epoch 4 - iter 68/171 - loss 1.02758605 - time (sec): 11.92 - samples/sec: 3492.75 - lr: 0.100000 - momentum: 0.000000
2025-12-16 18:04:32,798 epoch 4 - iter 85/171 - loss 1.02229545 - time (sec): 14.73 - samples/sec: 3514.31 - lr: 0.100000 - momentum: 0.000000
2025-12-16 18:04:35,320 epoch 4 - iter 102/171 - loss 1.02539627 - time (sec): 17.26 - samples/sec: 3555.96 - lr: 0.100000 - momentum: 0.000000
2025-12-16 18:04:38,616 epoch 4 - iter 119/171 - loss 1.02153043 - time (sec): 20.55 - samples/sec: 3494.73 - lr: 0.100000 - momentum: 0.000000
2025-12-16 18:04:41,790 epoch 4 - iter 136/171 - loss 1.01267970 - time (sec): 23.73 - samples/sec: 3463.24 - lr: 0.100000 - momentum: 0.000000
2025-12-16 18:04:44,934 epoch 4 - iter 153/171 - loss 1.00747251 - time (sec): 26.87 - samples/sec: 3424.96 - lr: 0.100000 - momentum: 0.000000
2025-12-16 18:04:48,284 epoch 4 - iter 170/171 - loss 0.99967094 - time (sec): 30.22 - samples/sec: 3383.00 - lr: 0.100000 - momentum: 0.000000
2025-12-16 18:04:48,311 ----------------------------------------------------------------------------------------------------
2025-12-16 18:04:48,311 EPOCH 4 done: loss 0.9996 - lr: 0.100000
2025-12-16 18:04:49,963 DEV : loss 0.9733625054359436 - f1-score (micro avg)  0.6522
2025-12-16 18:04:49,973  - 0 epochs without improvement
2025-12-16 18:04:49,974 saving best model
2025-12-16 18:04:49,988 ----------------------------------------------------------------------------------------------------
2025-12-16 18:04:52,738 epoch 5 - iter 17/171 - loss 0.88572788 - time (sec): 2.75 - samples/sec: 3505.17 - lr: 0.100000 - momentum: 0.000000
2025-12-16 18:04:56,009 epoch 5 - iter 34/171 - loss 0.90772473 - time (sec): 6.02 - samples/sec: 3391.24 - lr: 0.100000 - momentum: 0.000000
2025-12-16 18:04:59,133 epoch 5 - iter 51/171 - loss 0.90761493 - time (sec): 9.15 - samples/sec: 3392.82 - lr: 0.100000 - momentum: 0.000000
2025-12-16 18:05:02,503 epoch 5 - iter 68/171 - loss 0.91680697 - time (sec): 12.52 - samples/sec: 3329.65 - lr: 0.100000 - momentum: 0.000000
2025-12-16 18:05:05,583 epoch 5 - iter 85/171 - loss 0.92134996 - time (sec): 15.59 - samples/sec: 3349.14 - lr: 0.100000 - momentum: 0.000000
2025-12-16 18:05:08,477 epoch 5 - iter 102/171 - loss 0.92495059 - time (sec): 18.49 - samples/sec: 3375.05 - lr: 0.100000 - momentum: 0.000000
2025-12-16 18:05:11,533 epoch 5 - iter 119/171 - loss 0.92049739 - time (sec): 21.54 - samples/sec: 3356.41 - lr: 0.100000 - momentum: 0.000000
2025-12-16 18:05:14,321 epoch 5 - iter 136/171 - loss 0.91787988 - time (sec): 24.33 - samples/sec: 3369.99 - lr: 0.100000 - momentum: 0.000000
2025-12-16 18:05:17,040 epoch 5 - iter 153/171 - loss 0.92106728 - time (sec): 27.05 - samples/sec: 3400.50 - lr: 0.100000 - momentum: 0.000000
2025-12-16 18:05:20,008 epoch 5 - iter 170/171 - loss 0.92447068 - time (sec): 30.02 - samples/sec: 3404.49 - lr: 0.100000 - momentum: 0.000000
2025-12-16 18:05:20,040 ----------------------------------------------------------------------------------------------------
2025-12-16 18:05:20,040 EPOCH 5 done: loss 0.9247 - lr: 0.100000
2025-12-16 18:05:22,329 DEV : loss 0.9410659074783325 - f1-score (micro avg)  0.5321
2025-12-16 18:05:22,340  - 1 epochs without improvement
2025-12-16 18:05:22,340 ----------------------------------------------------------------------------------------------------
2025-12-16 18:05:25,377 epoch 6 - iter 17/171 - loss 0.96542798 - time (sec): 3.04 - samples/sec: 3317.83 - lr: 0.100000 - momentum: 0.000000
2025-12-16 18:05:28,433 epoch 6 - iter 34/171 - loss 0.92607263 - time (sec): 6.09 - samples/sec: 3341.38 - lr: 0.100000 - momentum: 0.000000
2025-12-16 18:05:31,196 epoch 6 - iter 51/171 - loss 0.90818292 - time (sec): 8.86 - samples/sec: 3447.64 - lr: 0.100000 - momentum: 0.000000
2025-12-16 18:05:34,014 epoch 6 - iter 68/171 - loss 0.90232436 - time (sec): 11.67 - samples/sec: 3497.45 - lr: 0.100000 - momentum: 0.000000
2025-12-16 18:05:36,473 epoch 6 - iter 85/171 - loss 0.89796197 - time (sec): 14.13 - samples/sec: 3598.35 - lr: 0.100000 - momentum: 0.000000
2025-12-16 18:05:39,653 epoch 6 - iter 102/171 - loss 0.89416003 - time (sec): 17.31 - samples/sec: 3561.61 - lr: 0.100000 - momentum: 0.000000
2025-12-16 18:05:42,897 epoch 6 - iter 119/171 - loss 0.89250721 - time (sec): 20.56 - samples/sec: 3502.89 - lr: 0.100000 - momentum: 0.000000
2025-12-16 18:05:46,030 epoch 6 - iter 136/171 - loss 0.88791004 - time (sec): 23.69 - samples/sec: 3466.59 - lr: 0.100000 - momentum: 0.000000
2025-12-16 18:05:48,895 epoch 6 - iter 153/171 - loss 0.88111125 - time (sec): 26.55 - samples/sec: 3463.91 - lr: 0.100000 - momentum: 0.000000
2025-12-16 18:05:51,865 epoch 6 - iter 170/171 - loss 0.88288966 - time (sec): 29.52 - samples/sec: 3461.33 - lr: 0.100000 - momentum: 0.000000
2025-12-16 18:05:51,905 ----------------------------------------------------------------------------------------------------
2025-12-16 18:05:51,906 EPOCH 6 done: loss 0.8828 - lr: 0.100000
2025-12-16 18:05:53,498 DEV : loss 0.8573842644691467 - f1-score (micro avg)  0.6608
2025-12-16 18:05:53,508  - 0 epochs without improvement
2025-12-16 18:05:53,508 saving best model
2025-12-16 18:05:53,522 ----------------------------------------------------------------------------------------------------
2025-12-16 18:05:56,656 epoch 7 - iter 17/171 - loss 0.82287599 - time (sec): 3.13 - samples/sec: 3211.84 - lr: 0.100000 - momentum: 0.000000
2025-12-16 18:05:59,407 epoch 7 - iter 34/171 - loss 0.80650542 - time (sec): 5.89 - samples/sec: 3528.71 - lr: 0.100000 - momentum: 0.000000
2025-12-16 18:06:02,177 epoch 7 - iter 51/171 - loss 0.81508724 - time (sec): 8.66 - samples/sec: 3591.66 - lr: 0.100000 - momentum: 0.000000
2025-12-16 18:06:05,490 epoch 7 - iter 68/171 - loss 0.81185895 - time (sec): 11.97 - samples/sec: 3472.52 - lr: 0.100000 - momentum: 0.000000
2025-12-16 18:06:08,299 epoch 7 - iter 85/171 - loss 0.81691663 - time (sec): 14.78 - samples/sec: 3477.71 - lr: 0.100000 - momentum: 0.000000
2025-12-16 18:06:11,199 epoch 7 - iter 102/171 - loss 0.82301405 - time (sec): 17.68 - samples/sec: 3479.78 - lr: 0.100000 - momentum: 0.000000
2025-12-16 18:06:14,157 epoch 7 - iter 119/171 - loss 0.82979626 - time (sec): 20.63 - samples/sec: 3470.76 - lr: 0.100000 - momentum: 0.000000
2025-12-16 18:06:17,042 epoch 7 - iter 136/171 - loss 0.83016092 - time (sec): 23.52 - samples/sec: 3476.45 - lr: 0.100000 - momentum: 0.000000
2025-12-16 18:06:19,828 epoch 7 - iter 153/171 - loss 0.83297286 - time (sec): 26.31 - samples/sec: 3504.17 - lr: 0.100000 - momentum: 0.000000
2025-12-16 18:06:23,037 epoch 7 - iter 170/171 - loss 0.83674064 - time (sec): 29.51 - samples/sec: 3464.39 - lr: 0.100000 - momentum: 0.000000
2025-12-16 18:06:23,050 ----------------------------------------------------------------------------------------------------
2025-12-16 18:06:23,051 EPOCH 7 done: loss 0.8367 - lr: 0.100000
2025-12-16 18:06:24,669 DEV : loss 0.8276824951171875 - f1-score (micro avg)  0.6676
2025-12-16 18:06:24,682  - 0 epochs without improvement
2025-12-16 18:06:24,683 saving best model
2025-12-16 18:06:24,698 ----------------------------------------------------------------------------------------------------
2025-12-16 18:06:27,758 epoch 8 - iter 17/171 - loss 0.83745065 - time (sec): 3.06 - samples/sec: 3395.78 - lr: 0.100000 - momentum: 0.000000
2025-12-16 18:06:30,781 epoch 8 - iter 34/171 - loss 0.79750323 - time (sec): 6.08 - samples/sec: 3387.47 - lr: 0.100000 - momentum: 0.000000
2025-12-16 18:06:33,485 epoch 8 - iter 51/171 - loss 0.80284326 - time (sec): 8.79 - samples/sec: 3490.40 - lr: 0.100000 - momentum: 0.000000
2025-12-16 18:06:36,160 epoch 8 - iter 68/171 - loss 0.79731864 - time (sec): 11.46 - samples/sec: 3517.90 - lr: 0.100000 - momentum: 0.000000
2025-12-16 18:06:39,477 epoch 8 - iter 85/171 - loss 0.79966999 - time (sec): 14.78 - samples/sec: 3451.72 - lr: 0.100000 - momentum: 0.000000
2025-12-16 18:06:42,425 epoch 8 - iter 102/171 - loss 0.79312118 - time (sec): 17.73 - samples/sec: 3469.95 - lr: 0.100000 - momentum: 0.000000
2025-12-16 18:06:45,214 epoch 8 - iter 119/171 - loss 0.79413814 - time (sec): 20.52 - samples/sec: 3481.29 - lr: 0.100000 - momentum: 0.000000
2025-12-16 18:06:48,901 epoch 8 - iter 136/171 - loss 0.80466991 - time (sec): 24.20 - samples/sec: 3382.58 - lr: 0.100000 - momentum: 0.000000
2025-12-16 18:06:51,731 epoch 8 - iter 153/171 - loss 0.80438169 - time (sec): 27.03 - samples/sec: 3406.90 - lr: 0.100000 - momentum: 0.000000
2025-12-16 18:06:54,234 epoch 8 - iter 170/171 - loss 0.80175812 - time (sec): 29.54 - samples/sec: 3459.19 - lr: 0.100000 - momentum: 0.000000
2025-12-16 18:06:54,278 ----------------------------------------------------------------------------------------------------
2025-12-16 18:06:54,278 EPOCH 8 done: loss 0.8014 - lr: 0.100000
2025-12-16 18:06:56,589 DEV : loss 0.8056321740150452 - f1-score (micro avg)  0.6896
2025-12-16 18:06:56,599  - 0 epochs without improvement
2025-12-16 18:06:56,599 saving best model
2025-12-16 18:06:56,619 ----------------------------------------------------------------------------------------------------
2025-12-16 18:06:59,635 epoch 9 - iter 17/171 - loss 0.78873333 - time (sec): 3.02 - samples/sec: 3315.21 - lr: 0.100000 - momentum: 0.000000
2025-12-16 18:07:02,234 epoch 9 - iter 34/171 - loss 0.77995831 - time (sec): 5.62 - samples/sec: 3590.81 - lr: 0.100000 - momentum: 0.000000
2025-12-16 18:07:05,052 epoch 9 - iter 51/171 - loss 0.79694675 - time (sec): 8.43 - samples/sec: 3565.61 - lr: 0.100000 - momentum: 0.000000
2025-12-16 18:07:07,962 epoch 9 - iter 68/171 - loss 0.79019802 - time (sec): 11.34 - samples/sec: 3552.95 - lr: 0.100000 - momentum: 0.000000
2025-12-16 18:07:11,370 epoch 9 - iter 85/171 - loss 0.79422324 - time (sec): 14.75 - samples/sec: 3482.09 - lr: 0.100000 - momentum: 0.000000
2025-12-16 18:07:14,369 epoch 9 - iter 102/171 - loss 0.78939609 - time (sec): 17.75 - samples/sec: 3467.84 - lr: 0.100000 - momentum: 0.000000
2025-12-16 18:07:17,200 epoch 9 - iter 119/171 - loss 0.78531870 - time (sec): 20.58 - samples/sec: 3486.61 - lr: 0.100000 - momentum: 0.000000
2025-12-16 18:07:20,504 epoch 9 - iter 136/171 - loss 0.78420931 - time (sec): 23.89 - samples/sec: 3425.18 - lr: 0.100000 - momentum: 0.000000
2025-12-16 18:07:23,390 epoch 9 - iter 153/171 - loss 0.78002929 - time (sec): 26.77 - samples/sec: 3431.65 - lr: 0.100000 - momentum: 0.000000
2025-12-16 18:07:26,260 epoch 9 - iter 170/171 - loss 0.77467992 - time (sec): 29.64 - samples/sec: 3446.84 - lr: 0.100000 - momentum: 0.000000
2025-12-16 18:07:26,313 ----------------------------------------------------------------------------------------------------
2025-12-16 18:07:26,313 EPOCH 9 done: loss 0.7744 - lr: 0.100000
2025-12-16 18:07:27,897 DEV : loss 0.7731204032897949 - f1-score (micro avg)  0.7085
2025-12-16 18:07:27,907  - 0 epochs without improvement
2025-12-16 18:07:27,908 saving best model
2025-12-16 18:07:27,924 ----------------------------------------------------------------------------------------------------
2025-12-16 18:07:31,169 epoch 10 - iter 17/171 - loss 0.75967579 - time (sec): 3.24 - samples/sec: 3217.18 - lr: 0.100000 - momentum: 0.000000
2025-12-16 18:07:33,777 epoch 10 - iter 34/171 - loss 0.74383161 - time (sec): 5.85 - samples/sec: 3456.81 - lr: 0.100000 - momentum: 0.000000
2025-12-16 18:07:37,241 epoch 10 - iter 51/171 - loss 0.75213981 - time (sec): 9.32 - samples/sec: 3314.48 - lr: 0.100000 - momentum: 0.000000
2025-12-16 18:07:40,169 epoch 10 - iter 68/171 - loss 0.73622548 - time (sec): 12.24 - samples/sec: 3285.64 - lr: 0.100000 - momentum: 0.000000
2025-12-16 18:07:43,448 epoch 10 - iter 85/171 - loss 0.74262002 - time (sec): 15.52 - samples/sec: 3242.99 - lr: 0.100000 - momentum: 0.000000
2025-12-16 18:07:46,993 epoch 10 - iter 102/171 - loss 0.74750790 - time (sec): 19.07 - samples/sec: 3181.13 - lr: 0.100000 - momentum: 0.000000
2025-12-16 18:07:49,796 epoch 10 - iter 119/171 - loss 0.75141509 - time (sec): 21.87 - samples/sec: 3240.98 - lr: 0.100000 - momentum: 0.000000
2025-12-16 18:07:52,770 epoch 10 - iter 136/171 - loss 0.75545149 - time (sec): 24.85 - samples/sec: 3280.18 - lr: 0.100000 - momentum: 0.000000
2025-12-16 18:07:55,567 epoch 10 - iter 153/171 - loss 0.75144532 - time (sec): 27.64 - samples/sec: 3322.36 - lr: 0.100000 - momentum: 0.000000
2025-12-16 18:07:58,451 epoch 10 - iter 170/171 - loss 0.75011406 - time (sec): 30.53 - samples/sec: 3347.10 - lr: 0.100000 - momentum: 0.000000
2025-12-16 18:07:58,496 ----------------------------------------------------------------------------------------------------
2025-12-16 18:07:58,496 EPOCH 10 done: loss 0.7500 - lr: 0.100000
2025-12-16 18:08:00,104 DEV : loss 0.7509863972663879 - f1-score (micro avg)  0.7044
2025-12-16 18:08:00,114  - 1 epochs without improvement
2025-12-16 18:08:00,114 ----------------------------------------------------------------------------------------------------
2025-12-16 18:08:03,183 epoch 11 - iter 17/171 - loss 0.76643484 - time (sec): 3.07 - samples/sec: 3406.62 - lr: 0.100000 - momentum: 0.000000
2025-12-16 18:08:06,740 epoch 11 - iter 34/171 - loss 0.77338086 - time (sec): 6.63 - samples/sec: 3166.43 - lr: 0.100000 - momentum: 0.000000
2025-12-16 18:08:09,583 epoch 11 - iter 51/171 - loss 0.75468933 - time (sec): 9.47 - samples/sec: 3243.70 - lr: 0.100000 - momentum: 0.000000
2025-12-16 18:08:12,449 epoch 11 - iter 68/171 - loss 0.76003791 - time (sec): 12.33 - samples/sec: 3338.47 - lr: 0.100000 - momentum: 0.000000
2025-12-16 18:08:15,843 epoch 11 - iter 85/171 - loss 0.74905555 - time (sec): 15.73 - samples/sec: 3276.56 - lr: 0.100000 - momentum: 0.000000
2025-12-16 18:08:19,095 epoch 11 - iter 102/171 - loss 0.73950796 - time (sec): 18.98 - samples/sec: 3247.68 - lr: 0.100000 - momentum: 0.000000
2025-12-16 18:08:22,236 epoch 11 - iter 119/171 - loss 0.73506878 - time (sec): 22.12 - samples/sec: 3234.20 - lr: 0.100000 - momentum: 0.000000
2025-12-16 18:08:25,319 epoch 11 - iter 136/171 - loss 0.73656817 - time (sec): 25.20 - samples/sec: 3233.22 - lr: 0.100000 - momentum: 0.000000
2025-12-16 18:08:28,421 epoch 11 - iter 153/171 - loss 0.72946483 - time (sec): 28.31 - samples/sec: 3241.47 - lr: 0.100000 - momentum: 0.000000
2025-12-16 18:08:31,520 epoch 11 - iter 170/171 - loss 0.72628997 - time (sec): 31.41 - samples/sec: 3253.02 - lr: 0.100000 - momentum: 0.000000
2025-12-16 18:08:31,574 ----------------------------------------------------------------------------------------------------
2025-12-16 18:08:31,574 EPOCH 11 done: loss 0.7267 - lr: 0.100000
2025-12-16 18:08:33,934 DEV : loss 0.7280454635620117 - f1-score (micro avg)  0.7095
2025-12-16 18:08:33,944  - 0 epochs without improvement
2025-12-16 18:08:33,945 saving best model
2025-12-16 18:08:33,962 ----------------------------------------------------------------------------------------------------
2025-12-16 18:08:37,347 epoch 12 - iter 17/171 - loss 0.73092573 - time (sec): 3.39 - samples/sec: 3031.89 - lr: 0.100000 - momentum: 0.000000
2025-12-16 18:08:41,100 epoch 12 - iter 34/171 - loss 0.70896285 - time (sec): 7.14 - samples/sec: 2863.80 - lr: 0.100000 - momentum: 0.000000
2025-12-16 18:08:44,536 epoch 12 - iter 51/171 - loss 0.71268962 - time (sec): 10.57 - samples/sec: 2902.60 - lr: 0.100000 - momentum: 0.000000
2025-12-16 18:08:47,791 epoch 12 - iter 68/171 - loss 0.70113288 - time (sec): 13.83 - samples/sec: 2961.62 - lr: 0.100000 - momentum: 0.000000
2025-12-16 18:08:50,452 epoch 12 - iter 85/171 - loss 0.69909028 - time (sec): 16.49 - samples/sec: 3081.84 - lr: 0.100000 - momentum: 0.000000
2025-12-16 18:08:53,687 epoch 12 - iter 102/171 - loss 0.70037239 - time (sec): 19.72 - samples/sec: 3108.56 - lr: 0.100000 - momentum: 0.000000
2025-12-16 18:08:56,565 epoch 12 - iter 119/171 - loss 0.69872406 - time (sec): 22.60 - samples/sec: 3158.35 - lr: 0.100000 - momentum: 0.000000
2025-12-16 18:08:59,643 epoch 12 - iter 136/171 - loss 0.69759399 - time (sec): 25.68 - samples/sec: 3181.00 - lr: 0.100000 - momentum: 0.000000
2025-12-16 18:09:02,519 epoch 12 - iter 153/171 - loss 0.70588384 - time (sec): 28.56 - samples/sec: 3221.98 - lr: 0.100000 - momentum: 0.000000
2025-12-16 18:09:05,500 epoch 12 - iter 170/171 - loss 0.70894546 - time (sec): 31.54 - samples/sec: 3240.62 - lr: 0.100000 - momentum: 0.000000
2025-12-16 18:09:05,528 ----------------------------------------------------------------------------------------------------
2025-12-16 18:09:05,528 EPOCH 12 done: loss 0.7090 - lr: 0.100000
2025-12-16 18:09:07,180 DEV : loss 0.7101804614067078 - f1-score (micro avg)  0.712
2025-12-16 18:09:07,191  - 0 epochs without improvement
2025-12-16 18:09:07,192 saving best model
2025-12-16 18:09:07,208 ----------------------------------------------------------------------------------------------------
2025-12-16 18:09:10,470 epoch 13 - iter 17/171 - loss 0.68002985 - time (sec): 3.26 - samples/sec: 3175.27 - lr: 0.100000 - momentum: 0.000000
2025-12-16 18:09:13,586 epoch 13 - iter 34/171 - loss 0.70448249 - time (sec): 6.38 - samples/sec: 3175.22 - lr: 0.100000 - momentum: 0.000000
2025-12-16 18:09:16,532 epoch 13 - iter 51/171 - loss 0.69719622 - time (sec): 9.32 - samples/sec: 3224.81 - lr: 0.100000 - momentum: 0.000000
2025-12-16 18:09:19,498 epoch 13 - iter 68/171 - loss 0.69423480 - time (sec): 12.29 - samples/sec: 3272.14 - lr: 0.100000 - momentum: 0.000000
2025-12-16 18:09:22,367 epoch 13 - iter 85/171 - loss 0.69473668 - time (sec): 15.16 - samples/sec: 3296.90 - lr: 0.100000 - momentum: 0.000000
2025-12-16 18:09:25,573 epoch 13 - iter 102/171 - loss 0.69780541 - time (sec): 18.36 - samples/sec: 3312.46 - lr: 0.100000 - momentum: 0.000000
2025-12-16 18:09:28,758 epoch 13 - iter 119/171 - loss 0.70076467 - time (sec): 21.55 - samples/sec: 3306.58 - lr: 0.100000 - momentum: 0.000000
2025-12-16 18:09:32,314 epoch 13 - iter 136/171 - loss 0.69381431 - time (sec): 25.11 - samples/sec: 3240.61 - lr: 0.100000 - momentum: 0.000000
2025-12-16 18:09:35,620 epoch 13 - iter 153/171 - loss 0.69356902 - time (sec): 28.41 - samples/sec: 3232.30 - lr: 0.100000 - momentum: 0.000000
2025-12-16 18:09:38,911 epoch 13 - iter 170/171 - loss 0.69359490 - time (sec): 31.70 - samples/sec: 3223.89 - lr: 0.100000 - momentum: 0.000000
2025-12-16 18:09:38,952 ----------------------------------------------------------------------------------------------------
2025-12-16 18:09:38,952 EPOCH 13 done: loss 0.6935 - lr: 0.100000
2025-12-16 18:09:41,344 DEV : loss 0.6969679594039917 - f1-score (micro avg)  0.7149
2025-12-16 18:09:41,354  - 0 epochs without improvement
2025-12-16 18:09:41,354 saving best model
2025-12-16 18:09:41,371 ----------------------------------------------------------------------------------------------------
2025-12-16 18:09:44,439 epoch 14 - iter 17/171 - loss 0.68056776 - time (sec): 3.07 - samples/sec: 3331.13 - lr: 0.100000 - momentum: 0.000000
2025-12-16 18:09:47,134 epoch 14 - iter 34/171 - loss 0.67378510 - time (sec): 5.76 - samples/sec: 3501.72 - lr: 0.100000 - momentum: 0.000000
2025-12-16 18:09:50,289 epoch 14 - iter 51/171 - loss 0.67376501 - time (sec): 8.92 - samples/sec: 3415.93 - lr: 0.100000 - momentum: 0.000000
2025-12-16 18:09:53,469 epoch 14 - iter 68/171 - loss 0.68545856 - time (sec): 12.10 - samples/sec: 3391.02 - lr: 0.100000 - momentum: 0.000000
2025-12-16 18:09:56,217 epoch 14 - iter 85/171 - loss 0.68205012 - time (sec): 14.85 - samples/sec: 3452.23 - lr: 0.100000 - momentum: 0.000000
2025-12-16 18:09:59,042 epoch 14 - iter 102/171 - loss 0.68044863 - time (sec): 17.67 - samples/sec: 3481.83 - lr: 0.100000 - momentum: 0.000000
2025-12-16 18:10:01,624 epoch 14 - iter 119/171 - loss 0.67475506 - time (sec): 20.25 - samples/sec: 3536.13 - lr: 0.100000 - momentum: 0.000000
2025-12-16 18:10:04,203 epoch 14 - iter 136/171 - loss 0.67265130 - time (sec): 22.83 - samples/sec: 3566.45 - lr: 0.100000 - momentum: 0.000000
2025-12-16 18:10:07,212 epoch 14 - iter 153/171 - loss 0.67009093 - time (sec): 25.84 - samples/sec: 3534.74 - lr: 0.100000 - momentum: 0.000000
2025-12-16 18:10:10,353 epoch 14 - iter 170/171 - loss 0.67623683 - time (sec): 28.98 - samples/sec: 3526.20 - lr: 0.100000 - momentum: 0.000000
2025-12-16 18:10:10,392 ----------------------------------------------------------------------------------------------------
2025-12-16 18:10:10,392 EPOCH 14 done: loss 0.6761 - lr: 0.100000
2025-12-16 18:10:11,974 DEV : loss 0.6843745708465576 - f1-score (micro avg)  0.7202
2025-12-16 18:10:11,984  - 0 epochs without improvement
2025-12-16 18:10:11,987 saving best model
2025-12-16 18:10:12,004 ----------------------------------------------------------------------------------------------------
2025-12-16 18:10:15,196 epoch 15 - iter 17/171 - loss 0.64871870 - time (sec): 3.19 - samples/sec: 3325.46 - lr: 0.100000 - momentum: 0.000000
2025-12-16 18:10:18,153 epoch 15 - iter 34/171 - loss 0.63354181 - time (sec): 6.15 - samples/sec: 3427.57 - lr: 0.100000 - momentum: 0.000000
2025-12-16 18:10:21,515 epoch 15 - iter 51/171 - loss 0.63180975 - time (sec): 9.51 - samples/sec: 3304.73 - lr: 0.100000 - momentum: 0.000000
2025-12-16 18:10:24,305 epoch 15 - iter 68/171 - loss 0.63845561 - time (sec): 12.30 - samples/sec: 3373.39 - lr: 0.100000 - momentum: 0.000000
2025-12-16 18:10:27,934 epoch 15 - iter 85/171 - loss 0.65447982 - time (sec): 15.93 - samples/sec: 3265.12 - lr: 0.100000 - momentum: 0.000000
2025-12-16 18:10:31,351 epoch 15 - iter 102/171 - loss 0.65511747 - time (sec): 19.35 - samples/sec: 3229.39 - lr: 0.100000 - momentum: 0.000000
2025-12-16 18:10:34,153 epoch 15 - iter 119/171 - loss 0.65767309 - time (sec): 22.15 - samples/sec: 3256.19 - lr: 0.100000 - momentum: 0.000000
2025-12-16 18:10:36,943 epoch 15 - iter 136/171 - loss 0.65733184 - time (sec): 24.94 - samples/sec: 3300.12 - lr: 0.100000 - momentum: 0.000000
2025-12-16 18:10:39,660 epoch 15 - iter 153/171 - loss 0.65689091 - time (sec): 27.66 - samples/sec: 3333.43 - lr: 0.100000 - momentum: 0.000000
2025-12-16 18:10:42,402 epoch 15 - iter 170/171 - loss 0.65906988 - time (sec): 30.40 - samples/sec: 3360.57 - lr: 0.100000 - momentum: 0.000000
2025-12-16 18:10:42,484 ----------------------------------------------------------------------------------------------------
2025-12-16 18:10:42,484 EPOCH 15 done: loss 0.6588 - lr: 0.100000
2025-12-16 18:10:44,069 DEV : loss 0.6742095351219177 - f1-score (micro avg)  0.7295
2025-12-16 18:10:44,080  - 0 epochs without improvement
2025-12-16 18:10:44,080 saving best model
2025-12-16 18:10:44,098 ----------------------------------------------------------------------------------------------------
2025-12-16 18:10:46,852 epoch 16 - iter 17/171 - loss 0.61128729 - time (sec): 2.75 - samples/sec: 3550.07 - lr: 0.100000 - momentum: 0.000000
2025-12-16 18:10:50,238 epoch 16 - iter 34/171 - loss 0.62957484 - time (sec): 6.14 - samples/sec: 3301.10 - lr: 0.100000 - momentum: 0.000000
2025-12-16 18:10:52,723 epoch 16 - iter 51/171 - loss 0.65841581 - time (sec): 8.62 - samples/sec: 3491.83 - lr: 0.100000 - momentum: 0.000000
2025-12-16 18:10:55,220 epoch 16 - iter 68/171 - loss 0.65446262 - time (sec): 11.12 - samples/sec: 3626.23 - lr: 0.100000 - momentum: 0.000000
2025-12-16 18:10:58,305 epoch 16 - iter 85/171 - loss 0.64478888 - time (sec): 14.21 - samples/sec: 3530.08 - lr: 0.100000 - momentum: 0.000000
2025-12-16 18:11:01,198 epoch 16 - iter 102/171 - loss 0.65077765 - time (sec): 17.10 - samples/sec: 3534.09 - lr: 0.100000 - momentum: 0.000000
2025-12-16 18:11:04,103 epoch 16 - iter 119/171 - loss 0.65221065 - time (sec): 20.00 - samples/sec: 3537.26 - lr: 0.100000 - momentum: 0.000000
2025-12-16 18:11:07,123 epoch 16 - iter 136/171 - loss 0.65548308 - time (sec): 23.02 - samples/sec: 3540.14 - lr: 0.100000 - momentum: 0.000000
2025-12-16 18:11:10,095 epoch 16 - iter 153/171 - loss 0.64953980 - time (sec): 26.00 - samples/sec: 3525.72 - lr: 0.100000 - momentum: 0.000000
2025-12-16 18:11:12,845 epoch 16 - iter 170/171 - loss 0.64986503 - time (sec): 28.75 - samples/sec: 3554.20 - lr: 0.100000 - momentum: 0.000000
2025-12-16 18:11:12,929 ----------------------------------------------------------------------------------------------------
2025-12-16 18:11:12,929 EPOCH 16 done: loss 0.6499 - lr: 0.100000
2025-12-16 18:11:15,084 DEV : loss 0.6683569550514221 - f1-score (micro avg)  0.7307
2025-12-16 18:11:15,094  - 0 epochs without improvement
2025-12-16 18:11:15,094 saving best model
2025-12-16 18:11:15,110 ----------------------------------------------------------------------------------------------------
2025-12-16 18:11:18,588 epoch 17 - iter 17/171 - loss 0.70393368 - time (sec): 3.48 - samples/sec: 3118.02 - lr: 0.100000 - momentum: 0.000000
2025-12-16 18:11:21,477 epoch 17 - iter 34/171 - loss 0.70307401 - time (sec): 6.37 - samples/sec: 3275.24 - lr: 0.100000 - momentum: 0.000000
2025-12-16 18:11:24,526 epoch 17 - iter 51/171 - loss 0.67605290 - time (sec): 9.42 - samples/sec: 3265.35 - lr: 0.100000 - momentum: 0.000000
2025-12-16 18:11:27,454 epoch 17 - iter 68/171 - loss 0.65605318 - time (sec): 12.34 - samples/sec: 3317.70 - lr: 0.100000 - momentum: 0.000000
2025-12-16 18:11:30,693 epoch 17 - iter 85/171 - loss 0.64577597 - time (sec): 15.58 - samples/sec: 3303.71 - lr: 0.100000 - momentum: 0.000000
2025-12-16 18:11:33,667 epoch 17 - iter 102/171 - loss 0.63374834 - time (sec): 18.56 - samples/sec: 3342.93 - lr: 0.100000 - momentum: 0.000000
2025-12-16 18:11:36,589 epoch 17 - iter 119/171 - loss 0.62937479 - time (sec): 21.48 - samples/sec: 3383.22 - lr: 0.100000 - momentum: 0.000000
2025-12-16 18:11:39,476 epoch 17 - iter 136/171 - loss 0.63405879 - time (sec): 24.37 - samples/sec: 3373.23 - lr: 0.100000 - momentum: 0.000000
2025-12-16 18:11:42,130 epoch 17 - iter 153/171 - loss 0.62859714 - time (sec): 27.02 - samples/sec: 3414.82 - lr: 0.100000 - momentum: 0.000000
2025-12-16 18:11:45,074 epoch 17 - iter 170/171 - loss 0.63396402 - time (sec): 29.96 - samples/sec: 3411.57 - lr: 0.100000 - momentum: 0.000000
2025-12-16 18:11:45,105 ----------------------------------------------------------------------------------------------------
2025-12-16 18:11:45,105 EPOCH 17 done: loss 0.6340 - lr: 0.100000
2025-12-16 18:11:46,802 DEV : loss 0.6495400071144104 - f1-score (micro avg)  0.7351
2025-12-16 18:11:46,813  - 0 epochs without improvement
2025-12-16 18:11:46,813 saving best model
2025-12-16 18:11:46,829 ----------------------------------------------------------------------------------------------------
2025-12-16 18:11:49,670 epoch 18 - iter 17/171 - loss 0.63221987 - time (sec): 2.84 - samples/sec: 3562.70 - lr: 0.100000 - momentum: 0.000000
2025-12-16 18:11:52,861 epoch 18 - iter 34/171 - loss 0.64012993 - time (sec): 6.03 - samples/sec: 3414.05 - lr: 0.100000 - momentum: 0.000000
2025-12-16 18:11:55,789 epoch 18 - iter 51/171 - loss 0.63619565 - time (sec): 8.96 - samples/sec: 3405.44 - lr: 0.100000 - momentum: 0.000000
2025-12-16 18:11:58,629 epoch 18 - iter 68/171 - loss 0.62907457 - time (sec): 11.80 - samples/sec: 3454.80 - lr: 0.100000 - momentum: 0.000000
2025-12-16 18:12:01,999 epoch 18 - iter 85/171 - loss 0.63896588 - time (sec): 15.17 - samples/sec: 3395.25 - lr: 0.100000 - momentum: 0.000000
2025-12-16 18:12:04,748 epoch 18 - iter 102/171 - loss 0.63343850 - time (sec): 17.92 - samples/sec: 3421.17 - lr: 0.100000 - momentum: 0.000000
2025-12-16 18:12:07,668 epoch 18 - iter 119/171 - loss 0.62399124 - time (sec): 20.84 - samples/sec: 3431.50 - lr: 0.100000 - momentum: 0.000000
2025-12-16 18:12:10,724 epoch 18 - iter 136/171 - loss 0.61938651 - time (sec): 23.89 - samples/sec: 3407.49 - lr: 0.100000 - momentum: 0.000000
2025-12-16 18:12:14,272 epoch 18 - iter 153/171 - loss 0.62018082 - time (sec): 27.44 - samples/sec: 3355.38 - lr: 0.100000 - momentum: 0.000000
2025-12-16 18:12:17,129 epoch 18 - iter 170/171 - loss 0.61758010 - time (sec): 30.30 - samples/sec: 3372.32 - lr: 0.100000 - momentum: 0.000000
2025-12-16 18:12:17,184 ----------------------------------------------------------------------------------------------------
2025-12-16 18:12:17,184 EPOCH 18 done: loss 0.6181 - lr: 0.100000
2025-12-16 18:12:19,023 DEV : loss 0.6340378522872925 - f1-score (micro avg)  0.7375
2025-12-16 18:12:19,036  - 0 epochs without improvement
2025-12-16 18:12:19,036 saving best model
2025-12-16 18:12:19,052 ----------------------------------------------------------------------------------------------------
2025-12-16 18:12:22,350 epoch 19 - iter 17/171 - loss 0.60171151 - time (sec): 3.30 - samples/sec: 3027.17 - lr: 0.100000 - momentum: 0.000000
2025-12-16 18:12:25,288 epoch 19 - iter 34/171 - loss 0.60055452 - time (sec): 6.24 - samples/sec: 3172.51 - lr: 0.100000 - momentum: 0.000000
2025-12-16 18:12:28,194 epoch 19 - iter 51/171 - loss 0.59575765 - time (sec): 9.14 - samples/sec: 3286.50 - lr: 0.100000 - momentum: 0.000000
2025-12-16 18:12:31,588 epoch 19 - iter 68/171 - loss 0.59200560 - time (sec): 12.54 - samples/sec: 3229.78 - lr: 0.100000 - momentum: 0.000000
2025-12-16 18:12:35,351 epoch 19 - iter 85/171 - loss 0.59197006 - time (sec): 16.30 - samples/sec: 3110.46 - lr: 0.100000 - momentum: 0.000000
2025-12-16 18:12:38,698 epoch 19 - iter 102/171 - loss 0.59483540 - time (sec): 19.65 - samples/sec: 3115.59 - lr: 0.100000 - momentum: 0.000000
2025-12-16 18:12:41,419 epoch 19 - iter 119/171 - loss 0.59862957 - time (sec): 22.37 - samples/sec: 3175.19 - lr: 0.100000 - momentum: 0.000000
2025-12-16 18:12:44,213 epoch 19 - iter 136/171 - loss 0.59987871 - time (sec): 25.16 - samples/sec: 3232.05 - lr: 0.100000 - momentum: 0.000000
2025-12-16 18:12:47,108 epoch 19 - iter 153/171 - loss 0.60830990 - time (sec): 28.06 - samples/sec: 3274.92 - lr: 0.100000 - momentum: 0.000000
2025-12-16 18:12:49,654 epoch 19 - iter 170/171 - loss 0.60452088 - time (sec): 30.60 - samples/sec: 3340.63 - lr: 0.100000 - momentum: 0.000000
2025-12-16 18:12:49,678 ----------------------------------------------------------------------------------------------------
2025-12-16 18:12:49,681 EPOCH 19 done: loss 0.6045 - lr: 0.100000
2025-12-16 18:12:51,791 DEV : loss 0.6418805718421936 - f1-score (micro avg)  0.7355
2025-12-16 18:12:51,801  - 1 epochs without improvement
2025-12-16 18:12:51,802 ----------------------------------------------------------------------------------------------------
2025-12-16 18:12:54,504 epoch 20 - iter 17/171 - loss 0.56594798 - time (sec): 2.70 - samples/sec: 3692.07 - lr: 0.100000 - momentum: 0.000000
2025-12-16 18:12:56,956 epoch 20 - iter 34/171 - loss 0.57438844 - time (sec): 5.15 - samples/sec: 3896.54 - lr: 0.100000 - momentum: 0.000000
2025-12-16 18:12:59,601 epoch 20 - iter 51/171 - loss 0.58436776 - time (sec): 7.80 - samples/sec: 3886.68 - lr: 0.100000 - momentum: 0.000000
2025-12-16 18:13:02,186 epoch 20 - iter 68/171 - loss 0.58421744 - time (sec): 10.38 - samples/sec: 3877.95 - lr: 0.100000 - momentum: 0.000000
2025-12-16 18:13:05,093 epoch 20 - iter 85/171 - loss 0.57811426 - time (sec): 13.29 - samples/sec: 3800.13 - lr: 0.100000 - momentum: 0.000000
2025-12-16 18:13:08,342 epoch 20 - iter 102/171 - loss 0.57373186 - time (sec): 16.54 - samples/sec: 3692.08 - lr: 0.100000 - momentum: 0.000000
2025-12-16 18:13:11,733 epoch 20 - iter 119/171 - loss 0.58148990 - time (sec): 19.93 - samples/sec: 3605.96 - lr: 0.100000 - momentum: 0.000000
2025-12-16 18:13:15,047 epoch 20 - iter 136/171 - loss 0.58898163 - time (sec): 23.24 - samples/sec: 3548.82 - lr: 0.100000 - momentum: 0.000000
2025-12-16 18:13:17,617 epoch 20 - iter 153/171 - loss 0.58527278 - time (sec): 25.81 - samples/sec: 3564.36 - lr: 0.100000 - momentum: 0.000000
2025-12-16 18:13:20,829 epoch 20 - iter 170/171 - loss 0.58915952 - time (sec): 29.03 - samples/sec: 3520.59 - lr: 0.100000 - momentum: 0.000000
2025-12-16 18:13:20,896 ----------------------------------------------------------------------------------------------------
2025-12-16 18:13:20,896 EPOCH 20 done: loss 0.5893 - lr: 0.100000
2025-12-16 18:13:22,640 DEV : loss 0.6380120515823364 - f1-score (micro avg)  0.7216
2025-12-16 18:13:22,655  - 2 epochs without improvement
2025-12-16 18:13:22,657 ----------------------------------------------------------------------------------------------------
2025-12-16 18:13:25,989 epoch 21 - iter 17/171 - loss 0.52703141 - time (sec): 3.33 - samples/sec: 3008.38 - lr: 0.100000 - momentum: 0.000000
2025-12-16 18:13:29,019 epoch 21 - iter 34/171 - loss 0.55566103 - time (sec): 6.36 - samples/sec: 3198.66 - lr: 0.100000 - momentum: 0.000000
2025-12-16 18:13:32,044 epoch 21 - iter 51/171 - loss 0.54007918 - time (sec): 9.39 - samples/sec: 3269.70 - lr: 0.100000 - momentum: 0.000000
2025-12-16 18:13:35,101 epoch 21 - iter 68/171 - loss 0.55081855 - time (sec): 12.44 - samples/sec: 3304.11 - lr: 0.100000 - momentum: 0.000000
2025-12-16 18:13:38,971 epoch 21 - iter 85/171 - loss 0.57581242 - time (sec): 16.31 - samples/sec: 3181.86 - lr: 0.100000 - momentum: 0.000000
2025-12-16 18:13:41,859 epoch 21 - iter 102/171 - loss 0.58025708 - time (sec): 19.20 - samples/sec: 3227.61 - lr: 0.100000 - momentum: 0.000000
2025-12-16 18:13:44,779 epoch 21 - iter 119/171 - loss 0.57603104 - time (sec): 22.12 - samples/sec: 3261.93 - lr: 0.100000 - momentum: 0.000000
2025-12-16 18:13:47,547 epoch 21 - iter 136/171 - loss 0.57864746 - time (sec): 24.89 - samples/sec: 3305.92 - lr: 0.100000 - momentum: 0.000000
2025-12-16 18:13:50,414 epoch 21 - iter 153/171 - loss 0.57703706 - time (sec): 27.76 - samples/sec: 3328.88 - lr: 0.100000 - momentum: 0.000000
2025-12-16 18:13:53,344 epoch 21 - iter 170/171 - loss 0.57649743 - time (sec): 30.69 - samples/sec: 3329.77 - lr: 0.100000 - momentum: 0.000000
2025-12-16 18:13:53,404 ----------------------------------------------------------------------------------------------------
2025-12-16 18:13:53,405 EPOCH 21 done: loss 0.5764 - lr: 0.100000
2025-12-16 18:13:54,986 DEV : loss 0.6232544779777527 - f1-score (micro avg)  0.7485
2025-12-16 18:13:54,997  - 0 epochs without improvement
2025-12-16 18:13:54,997 saving best model
2025-12-16 18:13:55,017 ----------------------------------------------------------------------------------------------------
2025-12-16 18:13:58,027 epoch 22 - iter 17/171 - loss 0.53111327 - time (sec): 3.01 - samples/sec: 3386.42 - lr: 0.100000 - momentum: 0.000000
2025-12-16 18:14:01,287 epoch 22 - iter 34/171 - loss 0.54774064 - time (sec): 6.27 - samples/sec: 3296.80 - lr: 0.100000 - momentum: 0.000000
2025-12-16 18:14:03,965 epoch 22 - iter 51/171 - loss 0.55122118 - time (sec): 8.95 - samples/sec: 3399.20 - lr: 0.100000 - momentum: 0.000000
2025-12-16 18:14:06,891 epoch 22 - iter 68/171 - loss 0.55626877 - time (sec): 11.87 - samples/sec: 3455.65 - lr: 0.100000 - momentum: 0.000000
2025-12-16 18:14:09,952 epoch 22 - iter 85/171 - loss 0.56083145 - time (sec): 14.94 - samples/sec: 3451.71 - lr: 0.100000 - momentum: 0.000000
2025-12-16 18:14:12,958 epoch 22 - iter 102/171 - loss 0.56181390 - time (sec): 17.94 - samples/sec: 3451.81 - lr: 0.100000 - momentum: 0.000000
2025-12-16 18:14:15,553 epoch 22 - iter 119/171 - loss 0.56529192 - time (sec): 20.54 - samples/sec: 3485.30 - lr: 0.100000 - momentum: 0.000000
2025-12-16 18:14:18,367 epoch 22 - iter 136/171 - loss 0.56474920 - time (sec): 23.35 - samples/sec: 3514.45 - lr: 0.100000 - momentum: 0.000000
2025-12-16 18:14:21,727 epoch 22 - iter 153/171 - loss 0.56320142 - time (sec): 26.71 - samples/sec: 3445.48 - lr: 0.100000 - momentum: 0.000000
2025-12-16 18:14:24,787 epoch 22 - iter 170/171 - loss 0.56531498 - time (sec): 29.77 - samples/sec: 3432.94 - lr: 0.100000 - momentum: 0.000000
2025-12-16 18:14:24,836 ----------------------------------------------------------------------------------------------------
2025-12-16 18:14:24,836 EPOCH 22 done: loss 0.5653 - lr: 0.100000
2025-12-16 18:14:27,045 DEV : loss 0.5918755531311035 - f1-score (micro avg)  0.7439
2025-12-16 18:14:27,055  - 1 epochs without improvement
2025-12-16 18:14:27,055 ----------------------------------------------------------------------------------------------------
2025-12-16 18:14:30,176 epoch 23 - iter 17/171 - loss 0.51792449 - time (sec): 3.12 - samples/sec: 3298.95 - lr: 0.100000 - momentum: 0.000000
2025-12-16 18:14:33,010 epoch 23 - iter 34/171 - loss 0.51733452 - time (sec): 5.95 - samples/sec: 3376.53 - lr: 0.100000 - momentum: 0.000000
2025-12-16 18:14:35,526 epoch 23 - iter 51/171 - loss 0.53065936 - time (sec): 8.47 - samples/sec: 3508.09 - lr: 0.100000 - momentum: 0.000000
2025-12-16 18:14:39,037 epoch 23 - iter 68/171 - loss 0.54098664 - time (sec): 11.98 - samples/sec: 3376.93 - lr: 0.100000 - momentum: 0.000000
2025-12-16 18:14:41,835 epoch 23 - iter 85/171 - loss 0.53613785 - time (sec): 14.78 - samples/sec: 3433.70 - lr: 0.100000 - momentum: 0.000000
2025-12-16 18:14:44,928 epoch 23 - iter 102/171 - loss 0.53486786 - time (sec): 17.87 - samples/sec: 3413.20 - lr: 0.100000 - momentum: 0.000000
2025-12-16 18:14:48,008 epoch 23 - iter 119/171 - loss 0.53743711 - time (sec): 20.95 - samples/sec: 3404.42 - lr: 0.100000 - momentum: 0.000000
2025-12-16 18:14:50,778 epoch 23 - iter 136/171 - loss 0.54061940 - time (sec): 23.72 - samples/sec: 3432.76 - lr: 0.100000 - momentum: 0.000000
2025-12-16 18:14:53,856 epoch 23 - iter 153/171 - loss 0.54889592 - time (sec): 26.80 - samples/sec: 3424.66 - lr: 0.100000 - momentum: 0.000000
2025-12-16 18:14:56,748 epoch 23 - iter 170/171 - loss 0.54388270 - time (sec): 29.69 - samples/sec: 3441.34 - lr: 0.100000 - momentum: 0.000000
2025-12-16 18:14:56,787 ----------------------------------------------------------------------------------------------------
2025-12-16 18:14:56,788 EPOCH 23 done: loss 0.5441 - lr: 0.100000
2025-12-16 18:14:58,414 DEV : loss 0.6080284118652344 - f1-score (micro avg)  0.7333
2025-12-16 18:14:58,424  - 2 epochs without improvement
2025-12-16 18:14:58,425 ----------------------------------------------------------------------------------------------------
2025-12-16 18:15:01,508 epoch 24 - iter 17/171 - loss 0.52884453 - time (sec): 3.08 - samples/sec: 3334.28 - lr: 0.100000 - momentum: 0.000000
2025-12-16 18:15:04,122 epoch 24 - iter 34/171 - loss 0.53021355 - time (sec): 5.70 - samples/sec: 3617.97 - lr: 0.100000 - momentum: 0.000000
2025-12-16 18:15:06,889 epoch 24 - iter 51/171 - loss 0.52719541 - time (sec): 8.46 - samples/sec: 3615.77 - lr: 0.100000 - momentum: 0.000000
2025-12-16 18:15:09,876 epoch 24 - iter 68/171 - loss 0.53838934 - time (sec): 11.45 - samples/sec: 3585.66 - lr: 0.100000 - momentum: 0.000000
2025-12-16 18:15:13,118 epoch 24 - iter 85/171 - loss 0.53137429 - time (sec): 14.69 - samples/sec: 3508.13 - lr: 0.100000 - momentum: 0.000000
2025-12-16 18:15:15,860 epoch 24 - iter 102/171 - loss 0.53134999 - time (sec): 17.43 - samples/sec: 3533.56 - lr: 0.100000 - momentum: 0.000000
2025-12-16 18:15:18,593 epoch 24 - iter 119/171 - loss 0.53322323 - time (sec): 20.17 - samples/sec: 3536.07 - lr: 0.100000 - momentum: 0.000000
2025-12-16 18:15:21,671 epoch 24 - iter 136/171 - loss 0.52924450 - time (sec): 23.25 - samples/sec: 3512.97 - lr: 0.100000 - momentum: 0.000000
2025-12-16 18:15:24,448 epoch 24 - iter 153/171 - loss 0.53061289 - time (sec): 26.02 - samples/sec: 3514.83 - lr: 0.100000 - momentum: 0.000000
2025-12-16 18:15:28,097 epoch 24 - iter 170/171 - loss 0.53454634 - time (sec): 29.67 - samples/sec: 3443.81 - lr: 0.100000 - momentum: 0.000000
2025-12-16 18:15:28,155 ----------------------------------------------------------------------------------------------------
2025-12-16 18:15:28,155 EPOCH 24 done: loss 0.5343 - lr: 0.100000
2025-12-16 18:15:29,762 DEV : loss 0.5851986408233643 - f1-score (micro avg)  0.7567
2025-12-16 18:15:29,773  - 0 epochs without improvement
2025-12-16 18:15:29,773 saving best model
2025-12-16 18:15:29,795 ----------------------------------------------------------------------------------------------------
2025-12-16 18:15:33,053 epoch 25 - iter 17/171 - loss 0.47090943 - time (sec): 3.26 - samples/sec: 3344.84 - lr: 0.100000 - momentum: 0.000000
2025-12-16 18:15:36,130 epoch 25 - iter 34/171 - loss 0.47595648 - time (sec): 6.34 - samples/sec: 3336.92 - lr: 0.100000 - momentum: 0.000000
2025-12-16 18:15:39,364 epoch 25 - iter 51/171 - loss 0.51501688 - time (sec): 9.57 - samples/sec: 3276.60 - lr: 0.100000 - momentum: 0.000000
2025-12-16 18:15:42,139 epoch 25 - iter 68/171 - loss 0.51903906 - time (sec): 12.34 - samples/sec: 3371.41 - lr: 0.100000 - momentum: 0.000000
2025-12-16 18:15:44,794 epoch 25 - iter 85/171 - loss 0.52508752 - time (sec): 15.00 - samples/sec: 3402.64 - lr: 0.100000 - momentum: 0.000000
2025-12-16 18:15:47,587 epoch 25 - iter 102/171 - loss 0.53053689 - time (sec): 17.79 - samples/sec: 3487.62 - lr: 0.100000 - momentum: 0.000000
2025-12-16 18:15:50,362 epoch 25 - iter 119/171 - loss 0.52970834 - time (sec): 20.57 - samples/sec: 3491.03 - lr: 0.100000 - momentum: 0.000000
2025-12-16 18:15:52,961 epoch 25 - iter 136/171 - loss 0.52911990 - time (sec): 23.17 - samples/sec: 3533.63 - lr: 0.100000 - momentum: 0.000000
2025-12-16 18:15:55,966 epoch 25 - iter 153/171 - loss 0.52710067 - time (sec): 26.17 - samples/sec: 3522.85 - lr: 0.100000 - momentum: 0.000000
2025-12-16 18:15:58,772 epoch 25 - iter 170/171 - loss 0.52136622 - time (sec): 28.98 - samples/sec: 3526.22 - lr: 0.100000 - momentum: 0.000000
2025-12-16 18:15:58,817 ----------------------------------------------------------------------------------------------------
2025-12-16 18:15:58,817 EPOCH 25 done: loss 0.5212 - lr: 0.100000
2025-12-16 18:16:00,957 DEV : loss 0.6033251881599426 - f1-score (micro avg)  0.7655
2025-12-16 18:16:00,967  - 0 epochs without improvement
2025-12-16 18:16:00,968 saving best model
2025-12-16 18:16:00,984 ----------------------------------------------------------------------------------------------------
2025-12-16 18:16:03,508 epoch 26 - iter 17/171 - loss 0.47150801 - time (sec): 2.52 - samples/sec: 3809.85 - lr: 0.100000 - momentum: 0.000000
2025-12-16 18:16:06,292 epoch 26 - iter 34/171 - loss 0.46800122 - time (sec): 5.31 - samples/sec: 3738.33 - lr: 0.100000 - momentum: 0.000000
2025-12-16 18:16:09,020 epoch 26 - iter 51/171 - loss 0.48331445 - time (sec): 8.04 - samples/sec: 3782.78 - lr: 0.100000 - momentum: 0.000000
2025-12-16 18:16:11,924 epoch 26 - iter 68/171 - loss 0.48613859 - time (sec): 10.94 - samples/sec: 3699.84 - lr: 0.100000 - momentum: 0.000000
2025-12-16 18:16:14,746 epoch 26 - iter 85/171 - loss 0.49703413 - time (sec): 13.76 - samples/sec: 3677.98 - lr: 0.100000 - momentum: 0.000000
2025-12-16 18:16:18,080 epoch 26 - iter 102/171 - loss 0.50867929 - time (sec): 17.10 - samples/sec: 3552.87 - lr: 0.100000 - momentum: 0.000000
2025-12-16 18:16:20,971 epoch 26 - iter 119/171 - loss 0.50649310 - time (sec): 19.99 - samples/sec: 3554.69 - lr: 0.100000 - momentum: 0.000000
2025-12-16 18:16:24,264 epoch 26 - iter 136/171 - loss 0.51205850 - time (sec): 23.28 - samples/sec: 3498.70 - lr: 0.100000 - momentum: 0.000000
2025-12-16 18:16:27,452 epoch 26 - iter 153/171 - loss 0.51488888 - time (sec): 26.47 - samples/sec: 3465.35 - lr: 0.100000 - momentum: 0.000000
2025-12-16 18:16:30,619 epoch 26 - iter 170/171 - loss 0.51213147 - time (sec): 29.64 - samples/sec: 3448.41 - lr: 0.100000 - momentum: 0.000000
2025-12-16 18:16:30,666 ----------------------------------------------------------------------------------------------------
2025-12-16 18:16:30,666 EPOCH 26 done: loss 0.5119 - lr: 0.100000
2025-12-16 18:16:32,260 DEV : loss 0.5900031328201294 - f1-score (micro avg)  0.7583
2025-12-16 18:16:32,270  - 1 epochs without improvement
2025-12-16 18:16:32,271 ----------------------------------------------------------------------------------------------------
2025-12-16 18:16:35,505 epoch 27 - iter 17/171 - loss 0.50911743 - time (sec): 3.23 - samples/sec: 3270.36 - lr: 0.100000 - momentum: 0.000000
2025-12-16 18:16:38,138 epoch 27 - iter 34/171 - loss 0.50533198 - time (sec): 5.87 - samples/sec: 3524.59 - lr: 0.100000 - momentum: 0.000000
2025-12-16 18:16:40,933 epoch 27 - iter 51/171 - loss 0.51528998 - time (sec): 8.66 - samples/sec: 3523.76 - lr: 0.100000 - momentum: 0.000000
2025-12-16 18:16:43,958 epoch 27 - iter 68/171 - loss 0.51515949 - time (sec): 11.69 - samples/sec: 3498.07 - lr: 0.100000 - momentum: 0.000000
2025-12-16 18:16:47,173 epoch 27 - iter 85/171 - loss 0.50820209 - time (sec): 14.90 - samples/sec: 3409.52 - lr: 0.100000 - momentum: 0.000000
2025-12-16 18:16:50,532 epoch 27 - iter 102/171 - loss 0.50572621 - time (sec): 18.26 - samples/sec: 3375.73 - lr: 0.100000 - momentum: 0.000000
2025-12-16 18:16:53,400 epoch 27 - iter 119/171 - loss 0.49809024 - time (sec): 21.13 - samples/sec: 3385.94 - lr: 0.100000 - momentum: 0.000000
2025-12-16 18:16:56,711 epoch 27 - iter 136/171 - loss 0.50125941 - time (sec): 24.44 - samples/sec: 3353.76 - lr: 0.100000 - momentum: 0.000000
2025-12-16 18:16:59,433 epoch 27 - iter 153/171 - loss 0.50030938 - time (sec): 27.16 - samples/sec: 3392.48 - lr: 0.100000 - momentum: 0.000000
2025-12-16 18:17:02,388 epoch 27 - iter 170/171 - loss 0.50004238 - time (sec): 30.12 - samples/sec: 3393.58 - lr: 0.100000 - momentum: 0.000000
2025-12-16 18:17:02,434 ----------------------------------------------------------------------------------------------------
2025-12-16 18:17:02,434 EPOCH 27 done: loss 0.4999 - lr: 0.100000
2025-12-16 18:17:04,569 DEV : loss 0.6036593914031982 - f1-score (micro avg)  0.7713
2025-12-16 18:17:04,579  - 0 epochs without improvement
2025-12-16 18:17:04,580 saving best model
2025-12-16 18:17:04,599 ----------------------------------------------------------------------------------------------------
2025-12-16 18:17:07,359 epoch 28 - iter 17/171 - loss 0.44721022 - time (sec): 2.76 - samples/sec: 3518.61 - lr: 0.100000 - momentum: 0.000000
2025-12-16 18:17:10,200 epoch 28 - iter 34/171 - loss 0.45666604 - time (sec): 5.60 - samples/sec: 3493.77 - lr: 0.100000 - momentum: 0.000000
2025-12-16 18:17:12,980 epoch 28 - iter 51/171 - loss 0.44862495 - time (sec): 8.38 - samples/sec: 3532.95 - lr: 0.100000 - momentum: 0.000000
2025-12-16 18:17:16,539 epoch 28 - iter 68/171 - loss 0.45477029 - time (sec): 11.94 - samples/sec: 3321.85 - lr: 0.100000 - momentum: 0.000000
2025-12-16 18:17:19,762 epoch 28 - iter 85/171 - loss 0.46770480 - time (sec): 15.16 - samples/sec: 3287.57 - lr: 0.100000 - momentum: 0.000000
2025-12-16 18:17:23,246 epoch 28 - iter 102/171 - loss 0.47356805 - time (sec): 18.65 - samples/sec: 3251.66 - lr: 0.100000 - momentum: 0.000000
2025-12-16 18:17:26,577 epoch 28 - iter 119/171 - loss 0.47953372 - time (sec): 21.98 - samples/sec: 3229.25 - lr: 0.100000 - momentum: 0.000000
2025-12-16 18:17:29,591 epoch 28 - iter 136/171 - loss 0.48170484 - time (sec): 24.99 - samples/sec: 3260.16 - lr: 0.100000 - momentum: 0.000000
2025-12-16 18:17:32,790 epoch 28 - iter 153/171 - loss 0.48939145 - time (sec): 28.19 - samples/sec: 3259.84 - lr: 0.100000 - momentum: 0.000000
2025-12-16 18:17:36,051 epoch 28 - iter 170/171 - loss 0.49301484 - time (sec): 31.45 - samples/sec: 3250.60 - lr: 0.100000 - momentum: 0.000000
2025-12-16 18:17:36,079 ----------------------------------------------------------------------------------------------------
2025-12-16 18:17:36,079 EPOCH 28 done: loss 0.4932 - lr: 0.100000
2025-12-16 18:17:37,989 DEV : loss 0.5832811594009399 - f1-score (micro avg)  0.7387
2025-12-16 18:17:38,000  - 1 epochs without improvement
2025-12-16 18:17:38,001 ----------------------------------------------------------------------------------------------------
2025-12-16 18:17:41,226 epoch 29 - iter 17/171 - loss 0.47301070 - time (sec): 3.22 - samples/sec: 3211.90 - lr: 0.100000 - momentum: 0.000000
2025-12-16 18:17:44,555 epoch 29 - iter 34/171 - loss 0.45284752 - time (sec): 6.55 - samples/sec: 3187.90 - lr: 0.100000 - momentum: 0.000000
2025-12-16 18:17:47,796 epoch 29 - iter 51/171 - loss 0.47296165 - time (sec): 9.79 - samples/sec: 3169.14 - lr: 0.100000 - momentum: 0.000000
2025-12-16 18:17:51,153 epoch 29 - iter 68/171 - loss 0.48084425 - time (sec): 13.15 - samples/sec: 3144.09 - lr: 0.100000 - momentum: 0.000000
2025-12-16 18:17:54,306 epoch 29 - iter 85/171 - loss 0.47658711 - time (sec): 16.30 - samples/sec: 3141.46 - lr: 0.100000 - momentum: 0.000000
2025-12-16 18:17:57,627 epoch 29 - iter 102/171 - loss 0.47915189 - time (sec): 19.63 - samples/sec: 3132.71 - lr: 0.100000 - momentum: 0.000000
2025-12-16 18:18:01,280 epoch 29 - iter 119/171 - loss 0.47430572 - time (sec): 23.28 - samples/sec: 3082.42 - lr: 0.100000 - momentum: 0.000000
2025-12-16 18:18:04,999 epoch 29 - iter 136/171 - loss 0.47603506 - time (sec): 27.00 - samples/sec: 3026.33 - lr: 0.100000 - momentum: 0.000000
2025-12-16 18:18:08,763 epoch 29 - iter 153/171 - loss 0.47865118 - time (sec): 30.76 - samples/sec: 2981.07 - lr: 0.100000 - momentum: 0.000000
2025-12-16 18:18:13,018 epoch 29 - iter 170/171 - loss 0.48098055 - time (sec): 35.02 - samples/sec: 2918.55 - lr: 0.100000 - momentum: 0.000000
2025-12-16 18:18:13,071 ----------------------------------------------------------------------------------------------------
2025-12-16 18:18:13,071 EPOCH 29 done: loss 0.4808 - lr: 0.100000
2025-12-16 18:18:14,722 DEV : loss 0.5761364698410034 - f1-score (micro avg)  0.7505
2025-12-16 18:18:14,733  - 2 epochs without improvement
2025-12-16 18:18:14,733 ----------------------------------------------------------------------------------------------------
2025-12-16 18:18:18,086 epoch 30 - iter 17/171 - loss 0.44770344 - time (sec): 3.35 - samples/sec: 3081.90 - lr: 0.100000 - momentum: 0.000000
2025-12-16 18:18:21,751 epoch 30 - iter 34/171 - loss 0.43146872 - time (sec): 7.02 - samples/sec: 2928.24 - lr: 0.100000 - momentum: 0.000000
2025-12-16 18:18:25,460 epoch 30 - iter 51/171 - loss 0.45639644 - time (sec): 10.73 - samples/sec: 2850.00 - lr: 0.100000 - momentum: 0.000000
2025-12-16 18:18:28,757 epoch 30 - iter 68/171 - loss 0.46667004 - time (sec): 14.02 - samples/sec: 2910.79 - lr: 0.100000 - momentum: 0.000000
2025-12-16 18:18:32,005 epoch 30 - iter 85/171 - loss 0.47211825 - time (sec): 17.27 - samples/sec: 2946.15 - lr: 0.100000 - momentum: 0.000000
2025-12-16 18:18:35,536 epoch 30 - iter 102/171 - loss 0.46796219 - time (sec): 20.80 - samples/sec: 2919.38 - lr: 0.100000 - momentum: 0.000000
2025-12-16 18:18:39,553 epoch 30 - iter 119/171 - loss 0.46739624 - time (sec): 24.82 - samples/sec: 2863.54 - lr: 0.100000 - momentum: 0.000000
2025-12-16 18:18:42,994 epoch 30 - iter 136/171 - loss 0.46888577 - time (sec): 28.26 - samples/sec: 2879.69 - lr: 0.100000 - momentum: 0.000000
2025-12-16 18:18:46,510 epoch 30 - iter 153/171 - loss 0.46862016 - time (sec): 31.78 - samples/sec: 2885.10 - lr: 0.100000 - momentum: 0.000000
2025-12-16 18:18:50,545 epoch 30 - iter 170/171 - loss 0.47514297 - time (sec): 35.81 - samples/sec: 2853.03 - lr: 0.100000 - momentum: 0.000000
2025-12-16 18:18:50,600 ----------------------------------------------------------------------------------------------------
2025-12-16 18:18:50,600 EPOCH 30 done: loss 0.4752 - lr: 0.100000
2025-12-16 18:18:52,812 DEV : loss 0.5745686292648315 - f1-score (micro avg)  0.7647
2025-12-16 18:18:52,822  - 3 epochs without improvement
2025-12-16 18:18:52,823 ----------------------------------------------------------------------------------------------------
2025-12-16 18:18:56,583 epoch 31 - iter 17/171 - loss 0.52971069 - time (sec): 3.76 - samples/sec: 2713.15 - lr: 0.100000 - momentum: 0.000000
2025-12-16 18:19:00,080 epoch 31 - iter 34/171 - loss 0.49000020 - time (sec): 7.26 - samples/sec: 2836.62 - lr: 0.100000 - momentum: 0.000000
2025-12-16 18:19:03,822 epoch 31 - iter 51/171 - loss 0.49072770 - time (sec): 11.00 - samples/sec: 2796.88 - lr: 0.100000 - momentum: 0.000000
2025-12-16 18:19:07,501 epoch 31 - iter 68/171 - loss 0.48622540 - time (sec): 14.68 - samples/sec: 2797.89 - lr: 0.100000 - momentum: 0.000000
2025-12-16 18:19:10,566 epoch 31 - iter 85/171 - loss 0.48089175 - time (sec): 17.74 - samples/sec: 2876.53 - lr: 0.100000 - momentum: 0.000000
2025-12-16 18:19:13,939 epoch 31 - iter 102/171 - loss 0.47484226 - time (sec): 21.12 - samples/sec: 2886.80 - lr: 0.100000 - momentum: 0.000000
2025-12-16 18:19:17,418 epoch 31 - iter 119/171 - loss 0.47733940 - time (sec): 24.59 - samples/sec: 2914.78 - lr: 0.100000 - momentum: 0.000000
2025-12-16 18:19:20,853 epoch 31 - iter 136/171 - loss 0.47555868 - time (sec): 28.03 - samples/sec: 2916.07 - lr: 0.100000 - momentum: 0.000000
2025-12-16 18:19:24,748 epoch 31 - iter 153/171 - loss 0.47565460 - time (sec): 31.92 - samples/sec: 2887.31 - lr: 0.100000 - momentum: 0.000000
2025-12-16 18:19:28,204 epoch 31 - iter 170/171 - loss 0.47341790 - time (sec): 35.38 - samples/sec: 2888.04 - lr: 0.100000 - momentum: 0.000000
2025-12-16 18:19:28,259 ----------------------------------------------------------------------------------------------------
2025-12-16 18:19:28,259 EPOCH 31 done: loss 0.4734 - lr: 0.100000
2025-12-16 18:19:29,900 DEV : loss 0.576293408870697 - f1-score (micro avg)  0.7658
2025-12-16 18:19:29,910  - 4 epochs without improvement (above 'patience')-> annealing learning_rate to [0.05]
2025-12-16 18:19:29,911 ----------------------------------------------------------------------------------------------------
2025-12-16 18:19:32,931 epoch 32 - iter 17/171 - loss 0.41391744 - time (sec): 3.02 - samples/sec: 3272.34 - lr: 0.050000 - momentum: 0.000000
2025-12-16 18:19:36,912 epoch 32 - iter 34/171 - loss 0.43417841 - time (sec): 7.00 - samples/sec: 2915.43 - lr: 0.050000 - momentum: 0.000000
2025-12-16 18:19:40,307 epoch 32 - iter 51/171 - loss 0.42984320 - time (sec): 10.40 - samples/sec: 2929.22 - lr: 0.050000 - momentum: 0.000000
2025-12-16 18:19:44,226 epoch 32 - iter 68/171 - loss 0.44455005 - time (sec): 14.32 - samples/sec: 2863.29 - lr: 0.050000 - momentum: 0.000000
2025-12-16 18:19:47,621 epoch 32 - iter 85/171 - loss 0.44303441 - time (sec): 17.71 - samples/sec: 2859.70 - lr: 0.050000 - momentum: 0.000000
2025-12-16 18:19:51,598 epoch 32 - iter 102/171 - loss 0.43873639 - time (sec): 21.69 - samples/sec: 2823.38 - lr: 0.050000 - momentum: 0.000000
2025-12-16 18:19:54,984 epoch 32 - iter 119/171 - loss 0.43422545 - time (sec): 25.07 - samples/sec: 2859.51 - lr: 0.050000 - momentum: 0.000000
2025-12-16 18:19:58,361 epoch 32 - iter 136/171 - loss 0.43818967 - time (sec): 28.45 - samples/sec: 2860.97 - lr: 0.050000 - momentum: 0.000000
2025-12-16 18:20:02,057 epoch 32 - iter 153/171 - loss 0.43897711 - time (sec): 32.15 - samples/sec: 2853.59 - lr: 0.050000 - momentum: 0.000000
2025-12-16 18:20:05,749 epoch 32 - iter 170/171 - loss 0.43996660 - time (sec): 35.84 - samples/sec: 2852.21 - lr: 0.050000 - momentum: 0.000000
2025-12-16 18:20:05,780 ----------------------------------------------------------------------------------------------------
2025-12-16 18:20:05,780 EPOCH 32 done: loss 0.4399 - lr: 0.050000
2025-12-16 18:20:07,430 DEV : loss 0.5620939135551453 - f1-score (micro avg)  0.7728
2025-12-16 18:20:07,440  - 0 epochs without improvement
2025-12-16 18:20:07,442 saving best model
2025-12-16 18:20:07,460 ----------------------------------------------------------------------------------------------------
2025-12-16 18:20:10,612 epoch 33 - iter 17/171 - loss 0.41007801 - time (sec): 3.15 - samples/sec: 3005.96 - lr: 0.050000 - momentum: 0.000000
2025-12-16 18:20:13,997 epoch 33 - iter 34/171 - loss 0.43175409 - time (sec): 6.54 - samples/sec: 3027.37 - lr: 0.050000 - momentum: 0.000000
2025-12-16 18:20:17,382 epoch 33 - iter 51/171 - loss 0.41890675 - time (sec): 9.92 - samples/sec: 3040.26 - lr: 0.050000 - momentum: 0.000000
2025-12-16 18:20:21,081 epoch 33 - iter 68/171 - loss 0.42725109 - time (sec): 13.62 - samples/sec: 2994.59 - lr: 0.050000 - momentum: 0.000000
2025-12-16 18:20:24,736 epoch 33 - iter 85/171 - loss 0.43130542 - time (sec): 17.28 - samples/sec: 2967.60 - lr: 0.050000 - momentum: 0.000000
2025-12-16 18:20:27,833 epoch 33 - iter 102/171 - loss 0.42762193 - time (sec): 20.37 - samples/sec: 3001.03 - lr: 0.050000 - momentum: 0.000000
2025-12-16 18:20:31,800 epoch 33 - iter 119/171 - loss 0.43082989 - time (sec): 24.34 - samples/sec: 2958.24 - lr: 0.050000 - momentum: 0.000000
2025-12-16 18:20:35,383 epoch 33 - iter 136/171 - loss 0.42952889 - time (sec): 27.92 - samples/sec: 2939.65 - lr: 0.050000 - momentum: 0.000000
2025-12-16 18:20:38,573 epoch 33 - iter 153/171 - loss 0.42960006 - time (sec): 31.11 - samples/sec: 2961.59 - lr: 0.050000 - momentum: 0.000000
2025-12-16 18:20:41,904 epoch 33 - iter 170/171 - loss 0.43132533 - time (sec): 34.44 - samples/sec: 2967.29 - lr: 0.050000 - momentum: 0.000000
2025-12-16 18:20:41,947 ----------------------------------------------------------------------------------------------------
2025-12-16 18:20:41,947 EPOCH 33 done: loss 0.4314 - lr: 0.050000
2025-12-16 18:20:44,158 DEV : loss 0.567520260810852 - f1-score (micro avg)  0.7764
2025-12-16 18:20:44,168  - 0 epochs without improvement
2025-12-16 18:20:44,169 saving best model
2025-12-16 18:20:44,183 ----------------------------------------------------------------------------------------------------
2025-12-16 18:20:47,648 epoch 34 - iter 17/171 - loss 0.43216110 - time (sec): 3.46 - samples/sec: 2769.47 - lr: 0.050000 - momentum: 0.000000
2025-12-16 18:20:51,131 epoch 34 - iter 34/171 - loss 0.41965274 - time (sec): 6.95 - samples/sec: 2859.21 - lr: 0.050000 - momentum: 0.000000
2025-12-16 18:20:54,892 epoch 34 - iter 51/171 - loss 0.44736249 - time (sec): 10.71 - samples/sec: 2822.48 - lr: 0.050000 - momentum: 0.000000
2025-12-16 18:20:58,810 epoch 34 - iter 68/171 - loss 0.43560137 - time (sec): 14.63 - samples/sec: 2776.13 - lr: 0.050000 - momentum: 0.000000
2025-12-16 18:21:02,422 epoch 34 - iter 85/171 - loss 0.42445757 - time (sec): 18.24 - samples/sec: 2801.44 - lr: 0.050000 - momentum: 0.000000
2025-12-16 18:21:05,756 epoch 34 - iter 102/171 - loss 0.42570289 - time (sec): 21.57 - samples/sec: 2832.42 - lr: 0.050000 - momentum: 0.000000
2025-12-16 18:21:09,393 epoch 34 - iter 119/171 - loss 0.43089411 - time (sec): 25.21 - samples/sec: 2833.47 - lr: 0.050000 - momentum: 0.000000
2025-12-16 18:21:12,491 epoch 34 - iter 136/171 - loss 0.42483166 - time (sec): 28.31 - samples/sec: 2870.89 - lr: 0.050000 - momentum: 0.000000
2025-12-16 18:21:16,007 epoch 34 - iter 153/171 - loss 0.42821183 - time (sec): 31.82 - samples/sec: 2886.67 - lr: 0.050000 - momentum: 0.000000
2025-12-16 18:21:19,318 epoch 34 - iter 170/171 - loss 0.42796990 - time (sec): 35.13 - samples/sec: 2908.82 - lr: 0.050000 - momentum: 0.000000
2025-12-16 18:21:19,361 ----------------------------------------------------------------------------------------------------
2025-12-16 18:21:19,362 EPOCH 34 done: loss 0.4279 - lr: 0.050000
2025-12-16 18:21:21,128 DEV : loss 0.5704566836357117 - f1-score (micro avg)  0.7772
2025-12-16 18:21:21,138  - 0 epochs without improvement
2025-12-16 18:21:21,139 saving best model
2025-12-16 18:21:21,165 ----------------------------------------------------------------------------------------------------
2025-12-16 18:21:24,611 epoch 35 - iter 17/171 - loss 0.39708865 - time (sec): 3.45 - samples/sec: 2887.92 - lr: 0.050000 - momentum: 0.000000
2025-12-16 18:21:28,280 epoch 35 - iter 34/171 - loss 0.42488453 - time (sec): 7.11 - samples/sec: 2834.78 - lr: 0.050000 - momentum: 0.000000
2025-12-16 18:21:32,483 epoch 35 - iter 51/171 - loss 0.42798525 - time (sec): 11.32 - samples/sec: 2695.69 - lr: 0.050000 - momentum: 0.000000
2025-12-16 18:21:36,122 epoch 35 - iter 68/171 - loss 0.43268135 - time (sec): 14.96 - samples/sec: 2751.91 - lr: 0.050000 - momentum: 0.000000
2025-12-16 18:21:39,554 epoch 35 - iter 85/171 - loss 0.43036779 - time (sec): 18.39 - samples/sec: 2810.66 - lr: 0.050000 - momentum: 0.000000
2025-12-16 18:21:43,086 epoch 35 - iter 102/171 - loss 0.42692371 - time (sec): 21.92 - samples/sec: 2822.22 - lr: 0.050000 - momentum: 0.000000
2025-12-16 18:21:46,255 epoch 35 - iter 119/171 - loss 0.42437656 - time (sec): 25.09 - samples/sec: 2861.95 - lr: 0.050000 - momentum: 0.000000
2025-12-16 18:21:50,017 epoch 35 - iter 136/171 - loss 0.42361409 - time (sec): 28.85 - samples/sec: 2836.46 - lr: 0.050000 - momentum: 0.000000
2025-12-16 18:21:53,846 epoch 35 - iter 153/171 - loss 0.42528426 - time (sec): 32.68 - samples/sec: 2811.49 - lr: 0.050000 - momentum: 0.000000
2025-12-16 18:21:57,801 epoch 35 - iter 170/171 - loss 0.42067146 - time (sec): 36.64 - samples/sec: 2789.74 - lr: 0.050000 - momentum: 0.000000
2025-12-16 18:21:57,849 ----------------------------------------------------------------------------------------------------
2025-12-16 18:21:57,849 EPOCH 35 done: loss 0.4206 - lr: 0.050000
2025-12-16 18:21:59,560 DEV : loss 0.5694326162338257 - f1-score (micro avg)  0.7748
2025-12-16 18:21:59,571  - 1 epochs without improvement
2025-12-16 18:21:59,571 ----------------------------------------------------------------------------------------------------
2025-12-16 18:22:03,132 epoch 36 - iter 17/171 - loss 0.38256389 - time (sec): 3.56 - samples/sec: 2897.38 - lr: 0.050000 - momentum: 0.000000
2025-12-16 18:22:06,376 epoch 36 - iter 34/171 - loss 0.40964452 - time (sec): 6.80 - samples/sec: 2993.51 - lr: 0.050000 - momentum: 0.000000
2025-12-16 18:22:09,683 epoch 36 - iter 51/171 - loss 0.40815065 - time (sec): 10.11 - samples/sec: 2928.97 - lr: 0.050000 - momentum: 0.000000
2025-12-16 18:22:13,186 epoch 36 - iter 68/171 - loss 0.41349284 - time (sec): 13.61 - samples/sec: 2962.10 - lr: 0.050000 - momentum: 0.000000
2025-12-16 18:22:17,009 epoch 36 - iter 85/171 - loss 0.41871470 - time (sec): 17.44 - samples/sec: 2884.40 - lr: 0.050000 - momentum: 0.000000
2025-12-16 18:22:19,949 epoch 36 - iter 102/171 - loss 0.41536919 - time (sec): 20.38 - samples/sec: 2953.09 - lr: 0.050000 - momentum: 0.000000
2025-12-16 18:22:23,307 epoch 36 - iter 119/171 - loss 0.41465987 - time (sec): 23.74 - samples/sec: 2961.14 - lr: 0.050000 - momentum: 0.000000
2025-12-16 18:22:27,860 epoch 36 - iter 136/171 - loss 0.42186217 - time (sec): 28.29 - samples/sec: 2876.98 - lr: 0.050000 - momentum: 0.000000
2025-12-16 18:22:31,154 epoch 36 - iter 153/171 - loss 0.42158025 - time (sec): 31.58 - samples/sec: 2903.04 - lr: 0.050000 - momentum: 0.000000
2025-12-16 18:22:34,887 epoch 36 - iter 170/171 - loss 0.42030165 - time (sec): 35.32 - samples/sec: 2893.32 - lr: 0.050000 - momentum: 0.000000
2025-12-16 18:22:34,970 ----------------------------------------------------------------------------------------------------
2025-12-16 18:22:34,970 EPOCH 36 done: loss 0.4202 - lr: 0.050000
2025-12-16 18:22:37,292 DEV : loss 0.5803184509277344 - f1-score (micro avg)  0.7731
2025-12-16 18:22:37,302  - 2 epochs without improvement
2025-12-16 18:22:37,303 ----------------------------------------------------------------------------------------------------
2025-12-16 18:22:40,959 epoch 37 - iter 17/171 - loss 0.41592910 - time (sec): 3.66 - samples/sec: 2809.30 - lr: 0.050000 - momentum: 0.000000
2025-12-16 18:22:44,755 epoch 37 - iter 34/171 - loss 0.41255031 - time (sec): 7.45 - samples/sec: 2768.61 - lr: 0.050000 - momentum: 0.000000
2025-12-16 18:22:48,152 epoch 37 - iter 51/171 - loss 0.41473877 - time (sec): 10.85 - samples/sec: 2795.16 - lr: 0.050000 - momentum: 0.000000
2025-12-16 18:22:51,507 epoch 37 - iter 68/171 - loss 0.41140479 - time (sec): 14.20 - samples/sec: 2850.64 - lr: 0.050000 - momentum: 0.000000
2025-12-16 18:22:55,269 epoch 37 - iter 85/171 - loss 0.40606320 - time (sec): 17.97 - samples/sec: 2830.23 - lr: 0.050000 - momentum: 0.000000
2025-12-16 18:22:58,414 epoch 37 - iter 102/171 - loss 0.40519129 - time (sec): 21.11 - samples/sec: 2865.46 - lr: 0.050000 - momentum: 0.000000
2025-12-16 18:23:02,145 epoch 37 - iter 119/171 - loss 0.40640190 - time (sec): 24.84 - samples/sec: 2837.83 - lr: 0.050000 - momentum: 0.000000
2025-12-16 18:23:05,569 epoch 37 - iter 136/171 - loss 0.40765643 - time (sec): 28.27 - samples/sec: 2852.28 - lr: 0.050000 - momentum: 0.000000
2025-12-16 18:23:08,986 epoch 37 - iter 153/171 - loss 0.41245385 - time (sec): 31.68 - samples/sec: 2880.76 - lr: 0.050000 - momentum: 0.000000
2025-12-16 18:23:12,623 epoch 37 - iter 170/171 - loss 0.41640720 - time (sec): 35.32 - samples/sec: 2889.76 - lr: 0.050000 - momentum: 0.000000
2025-12-16 18:23:12,841 ----------------------------------------------------------------------------------------------------
2025-12-16 18:23:12,841 EPOCH 37 done: loss 0.4171 - lr: 0.050000
2025-12-16 18:23:14,571 DEV : loss 0.5650267004966736 - f1-score (micro avg)  0.7789
2025-12-16 18:23:14,581  - 0 epochs without improvement
2025-12-16 18:23:14,582 saving best model
2025-12-16 18:23:14,598 ----------------------------------------------------------------------------------------------------
2025-12-16 18:23:17,611 epoch 38 - iter 17/171 - loss 0.40846952 - time (sec): 3.01 - samples/sec: 3168.31 - lr: 0.050000 - momentum: 0.000000
2025-12-16 18:23:20,896 epoch 38 - iter 34/171 - loss 0.39974298 - time (sec): 6.30 - samples/sec: 3126.85 - lr: 0.050000 - momentum: 0.000000
2025-12-16 18:23:25,203 epoch 38 - iter 51/171 - loss 0.40399927 - time (sec): 10.60 - samples/sec: 2832.39 - lr: 0.050000 - momentum: 0.000000
2025-12-16 18:23:28,352 epoch 38 - iter 68/171 - loss 0.38868838 - time (sec): 13.75 - samples/sec: 2901.53 - lr: 0.050000 - momentum: 0.000000
2025-12-16 18:23:31,771 epoch 38 - iter 85/171 - loss 0.39863653 - time (sec): 17.17 - samples/sec: 2929.94 - lr: 0.050000 - momentum: 0.000000
2025-12-16 18:23:35,873 epoch 38 - iter 102/171 - loss 0.40195587 - time (sec): 21.27 - samples/sec: 2880.16 - lr: 0.050000 - momentum: 0.000000
2025-12-16 18:23:39,977 epoch 38 - iter 119/171 - loss 0.40339772 - time (sec): 25.38 - samples/sec: 2819.21 - lr: 0.050000 - momentum: 0.000000
2025-12-16 18:23:43,833 epoch 38 - iter 136/171 - loss 0.40731969 - time (sec): 29.23 - samples/sec: 2814.02 - lr: 0.050000 - momentum: 0.000000
2025-12-16 18:23:47,200 epoch 38 - iter 153/171 - loss 0.40546895 - time (sec): 32.60 - samples/sec: 2827.16 - lr: 0.050000 - momentum: 0.000000
2025-12-16 18:23:50,436 epoch 38 - iter 170/171 - loss 0.41290618 - time (sec): 35.84 - samples/sec: 2851.85 - lr: 0.050000 - momentum: 0.000000
2025-12-16 18:23:50,492 ----------------------------------------------------------------------------------------------------
2025-12-16 18:23:50,492 EPOCH 38 done: loss 0.4128 - lr: 0.050000
2025-12-16 18:23:52,207 DEV : loss 0.5813508629798889 - f1-score (micro avg)  0.7744
2025-12-16 18:23:52,217  - 1 epochs without improvement
2025-12-16 18:23:52,219 ----------------------------------------------------------------------------------------------------
2025-12-16 18:23:55,643 epoch 39 - iter 17/171 - loss 0.44324461 - time (sec): 3.42 - samples/sec: 3016.49 - lr: 0.050000 - momentum: 0.000000
2025-12-16 18:23:59,250 epoch 39 - iter 34/171 - loss 0.43331133 - time (sec): 7.03 - samples/sec: 2951.09 - lr: 0.050000 - momentum: 0.000000
2025-12-16 18:24:02,692 epoch 39 - iter 51/171 - loss 0.41981634 - time (sec): 10.47 - samples/sec: 2937.17 - lr: 0.050000 - momentum: 0.000000
2025-12-16 18:24:06,385 epoch 39 - iter 68/171 - loss 0.42117138 - time (sec): 14.17 - samples/sec: 2924.51 - lr: 0.050000 - momentum: 0.000000
2025-12-16 18:24:10,251 epoch 39 - iter 85/171 - loss 0.41570539 - time (sec): 18.03 - samples/sec: 2872.13 - lr: 0.050000 - momentum: 0.000000
2025-12-16 18:24:14,084 epoch 39 - iter 102/171 - loss 0.41283662 - time (sec): 21.87 - samples/sec: 2841.35 - lr: 0.050000 - momentum: 0.000000
2025-12-16 18:24:17,260 epoch 39 - iter 119/171 - loss 0.41726484 - time (sec): 25.04 - samples/sec: 2876.97 - lr: 0.050000 - momentum: 0.000000
2025-12-16 18:24:20,817 epoch 39 - iter 136/171 - loss 0.41585557 - time (sec): 28.60 - samples/sec: 2861.44 - lr: 0.050000 - momentum: 0.000000
2025-12-16 18:24:24,288 epoch 39 - iter 153/171 - loss 0.41167497 - time (sec): 32.07 - samples/sec: 2873.56 - lr: 0.050000 - momentum: 0.000000
2025-12-16 18:24:27,703 epoch 39 - iter 170/171 - loss 0.40766664 - time (sec): 35.48 - samples/sec: 2879.12 - lr: 0.050000 - momentum: 0.000000
2025-12-16 18:24:27,767 ----------------------------------------------------------------------------------------------------
2025-12-16 18:24:27,767 EPOCH 39 done: loss 0.4081 - lr: 0.050000
2025-12-16 18:24:30,069 DEV : loss 0.5623352527618408 - f1-score (micro avg)  0.7761
2025-12-16 18:24:30,079  - 2 epochs without improvement
2025-12-16 18:24:30,079 ----------------------------------------------------------------------------------------------------
2025-12-16 18:24:33,731 epoch 40 - iter 17/171 - loss 0.37185533 - time (sec): 3.65 - samples/sec: 2855.25 - lr: 0.050000 - momentum: 0.000000
2025-12-16 18:24:36,886 epoch 40 - iter 34/171 - loss 0.40256665 - time (sec): 6.81 - samples/sec: 3042.56 - lr: 0.050000 - momentum: 0.000000
2025-12-16 18:24:40,692 epoch 40 - iter 51/171 - loss 0.40001533 - time (sec): 10.61 - samples/sec: 2931.44 - lr: 0.050000 - momentum: 0.000000
2025-12-16 18:24:43,921 epoch 40 - iter 68/171 - loss 0.39185507 - time (sec): 13.84 - samples/sec: 2961.31 - lr: 0.050000 - momentum: 0.000000
2025-12-16 18:24:47,934 epoch 40 - iter 85/171 - loss 0.39358411 - time (sec): 17.85 - samples/sec: 2873.84 - lr: 0.050000 - momentum: 0.000000
2025-12-16 18:24:52,543 epoch 40 - iter 102/171 - loss 0.39769043 - time (sec): 22.46 - samples/sec: 2719.85 - lr: 0.050000 - momentum: 0.000000
2025-12-16 18:24:55,931 epoch 40 - iter 119/171 - loss 0.39862499 - time (sec): 25.85 - samples/sec: 2748.31 - lr: 0.050000 - momentum: 0.000000
2025-12-16 18:24:59,855 epoch 40 - iter 136/171 - loss 0.40213742 - time (sec): 29.78 - samples/sec: 2737.01 - lr: 0.050000 - momentum: 0.000000
2025-12-16 18:25:03,165 epoch 40 - iter 153/171 - loss 0.39960627 - time (sec): 33.09 - samples/sec: 2770.47 - lr: 0.050000 - momentum: 0.000000
2025-12-16 18:25:06,553 epoch 40 - iter 170/171 - loss 0.39904193 - time (sec): 36.47 - samples/sec: 2801.99 - lr: 0.050000 - momentum: 0.000000
2025-12-16 18:25:06,607 ----------------------------------------------------------------------------------------------------
2025-12-16 18:25:06,607 EPOCH 40 done: loss 0.3989 - lr: 0.050000
2025-12-16 18:25:08,333 DEV : loss 0.5780321955680847 - f1-score (micro avg)  0.7761
2025-12-16 18:25:08,343  - 3 epochs without improvement
2025-12-16 18:25:08,343 ----------------------------------------------------------------------------------------------------
2025-12-16 18:25:11,720 epoch 41 - iter 17/171 - loss 0.41946707 - time (sec): 3.38 - samples/sec: 3013.28 - lr: 0.050000 - momentum: 0.000000
2025-12-16 18:25:14,987 epoch 41 - iter 34/171 - loss 0.42621797 - time (sec): 6.64 - samples/sec: 3122.93 - lr: 0.050000 - momentum: 0.000000
2025-12-16 18:25:18,642 epoch 41 - iter 51/171 - loss 0.41206034 - time (sec): 10.30 - samples/sec: 2996.82 - lr: 0.050000 - momentum: 0.000000
2025-12-16 18:25:22,038 epoch 41 - iter 68/171 - loss 0.41509813 - time (sec): 13.69 - samples/sec: 2998.29 - lr: 0.050000 - momentum: 0.000000
2025-12-16 18:25:25,370 epoch 41 - iter 85/171 - loss 0.40452983 - time (sec): 17.03 - samples/sec: 2998.97 - lr: 0.050000 - momentum: 0.000000
2025-12-16 18:25:28,843 epoch 41 - iter 102/171 - loss 0.39896005 - time (sec): 20.50 - samples/sec: 2980.37 - lr: 0.050000 - momentum: 0.000000
2025-12-16 18:25:32,468 epoch 41 - iter 119/171 - loss 0.39998069 - time (sec): 24.12 - samples/sec: 2973.97 - lr: 0.050000 - momentum: 0.000000
2025-12-16 18:25:35,521 epoch 41 - iter 136/171 - loss 0.39922536 - time (sec): 27.18 - samples/sec: 2991.29 - lr: 0.050000 - momentum: 0.000000
2025-12-16 18:25:39,042 epoch 41 - iter 153/171 - loss 0.39809028 - time (sec): 30.70 - samples/sec: 2988.32 - lr: 0.050000 - momentum: 0.000000
2025-12-16 18:25:43,528 epoch 41 - iter 170/171 - loss 0.40219703 - time (sec): 35.18 - samples/sec: 2905.30 - lr: 0.050000 - momentum: 0.000000
2025-12-16 18:25:43,557 ----------------------------------------------------------------------------------------------------
2025-12-16 18:25:43,557 EPOCH 41 done: loss 0.4022 - lr: 0.050000
2025-12-16 18:25:45,167 DEV : loss 0.5592791438102722 - f1-score (micro avg)  0.7695
2025-12-16 18:25:45,177  - 4 epochs without improvement (above 'patience')-> annealing learning_rate to [0.025]
2025-12-16 18:25:45,178 ----------------------------------------------------------------------------------------------------
2025-12-16 18:25:48,630 epoch 42 - iter 17/171 - loss 0.37822947 - time (sec): 3.45 - samples/sec: 3109.12 - lr: 0.025000 - momentum: 0.000000
2025-12-16 18:25:52,420 epoch 42 - iter 34/171 - loss 0.39548164 - time (sec): 7.24 - samples/sec: 2912.17 - lr: 0.025000 - momentum: 0.000000
2025-12-16 18:25:55,969 epoch 42 - iter 51/171 - loss 0.37778431 - time (sec): 10.79 - samples/sec: 2896.14 - lr: 0.025000 - momentum: 0.000000
2025-12-16 18:26:00,135 epoch 42 - iter 68/171 - loss 0.39035337 - time (sec): 14.96 - samples/sec: 2854.63 - lr: 0.025000 - momentum: 0.000000
2025-12-16 18:26:03,645 epoch 42 - iter 85/171 - loss 0.38854546 - time (sec): 18.47 - samples/sec: 2837.42 - lr: 0.025000 - momentum: 0.000000
2025-12-16 18:26:07,401 epoch 42 - iter 102/171 - loss 0.39021631 - time (sec): 22.22 - samples/sec: 2804.09 - lr: 0.025000 - momentum: 0.000000
2025-12-16 18:26:10,473 epoch 42 - iter 119/171 - loss 0.39341287 - time (sec): 25.30 - samples/sec: 2846.38 - lr: 0.025000 - momentum: 0.000000
2025-12-16 18:26:13,929 epoch 42 - iter 136/171 - loss 0.39107625 - time (sec): 28.75 - samples/sec: 2855.15 - lr: 0.025000 - momentum: 0.000000
2025-12-16 18:26:17,116 epoch 42 - iter 153/171 - loss 0.38882884 - time (sec): 31.94 - samples/sec: 2882.06 - lr: 0.025000 - momentum: 0.000000
2025-12-16 18:26:20,512 epoch 42 - iter 170/171 - loss 0.38820127 - time (sec): 35.33 - samples/sec: 2892.95 - lr: 0.025000 - momentum: 0.000000
2025-12-16 18:26:20,539 ----------------------------------------------------------------------------------------------------
2025-12-16 18:26:20,539 EPOCH 42 done: loss 0.3881 - lr: 0.025000
2025-12-16 18:26:22,299 DEV : loss 0.5886504054069519 - f1-score (micro avg)  0.784
2025-12-16 18:26:22,309  - 0 epochs without improvement
2025-12-16 18:26:22,310 saving best model
2025-12-16 18:26:22,330 ----------------------------------------------------------------------------------------------------
2025-12-16 18:26:25,642 epoch 43 - iter 17/171 - loss 0.42032113 - time (sec): 3.31 - samples/sec: 3134.74 - lr: 0.025000 - momentum: 0.000000
2025-12-16 18:26:29,174 epoch 43 - iter 34/171 - loss 0.39748082 - time (sec): 6.84 - samples/sec: 2999.07 - lr: 0.025000 - momentum: 0.000000
2025-12-16 18:26:33,173 epoch 43 - iter 51/171 - loss 0.39381515 - time (sec): 10.84 - samples/sec: 2887.40 - lr: 0.025000 - momentum: 0.000000
2025-12-16 18:26:36,570 epoch 43 - iter 68/171 - loss 0.39013483 - time (sec): 14.24 - samples/sec: 2896.21 - lr: 0.025000 - momentum: 0.000000
2025-12-16 18:26:40,085 epoch 43 - iter 85/171 - loss 0.38455267 - time (sec): 17.75 - samples/sec: 2908.47 - lr: 0.025000 - momentum: 0.000000
2025-12-16 18:26:43,481 epoch 43 - iter 102/171 - loss 0.38324442 - time (sec): 21.15 - samples/sec: 2914.00 - lr: 0.025000 - momentum: 0.000000
2025-12-16 18:26:47,559 epoch 43 - iter 119/171 - loss 0.38626918 - time (sec): 25.23 - samples/sec: 2858.85 - lr: 0.025000 - momentum: 0.000000
2025-12-16 18:26:51,147 epoch 43 - iter 136/171 - loss 0.38696610 - time (sec): 28.82 - samples/sec: 2854.56 - lr: 0.025000 - momentum: 0.000000
2025-12-16 18:26:54,701 epoch 43 - iter 153/171 - loss 0.38515779 - time (sec): 32.37 - samples/sec: 2858.22 - lr: 0.025000 - momentum: 0.000000
2025-12-16 18:26:58,294 epoch 43 - iter 170/171 - loss 0.38354083 - time (sec): 35.96 - samples/sec: 2841.07 - lr: 0.025000 - momentum: 0.000000
2025-12-16 18:26:58,356 ----------------------------------------------------------------------------------------------------
2025-12-16 18:26:58,357 EPOCH 43 done: loss 0.3836 - lr: 0.025000
2025-12-16 18:27:00,146 DEV : loss 0.5943177938461304 - f1-score (micro avg)  0.7825
2025-12-16 18:27:00,156  - 1 epochs without improvement
2025-12-16 18:27:00,157 ----------------------------------------------------------------------------------------------------
2025-12-16 18:27:03,929 epoch 44 - iter 17/171 - loss 0.36276797 - time (sec): 3.77 - samples/sec: 2653.99 - lr: 0.025000 - momentum: 0.000000
2025-12-16 18:27:07,163 epoch 44 - iter 34/171 - loss 0.37761476 - time (sec): 7.01 - samples/sec: 2836.33 - lr: 0.025000 - momentum: 0.000000
2025-12-16 18:27:10,996 epoch 44 - iter 51/171 - loss 0.38704600 - time (sec): 10.84 - samples/sec: 2788.49 - lr: 0.025000 - momentum: 0.000000
2025-12-16 18:27:15,060 epoch 44 - iter 68/171 - loss 0.38120107 - time (sec): 14.90 - samples/sec: 2730.21 - lr: 0.025000 - momentum: 0.000000
2025-12-16 18:27:18,414 epoch 44 - iter 85/171 - loss 0.37733856 - time (sec): 18.26 - samples/sec: 2787.64 - lr: 0.025000 - momentum: 0.000000
2025-12-16 18:27:21,528 epoch 44 - iter 102/171 - loss 0.37381688 - time (sec): 21.37 - samples/sec: 2869.11 - lr: 0.025000 - momentum: 0.000000
2025-12-16 18:27:24,679 epoch 44 - iter 119/171 - loss 0.38052619 - time (sec): 24.52 - samples/sec: 2909.11 - lr: 0.025000 - momentum: 0.000000
2025-12-16 18:27:28,277 epoch 44 - iter 136/171 - loss 0.38379882 - time (sec): 28.12 - samples/sec: 2902.81 - lr: 0.025000 - momentum: 0.000000
2025-12-16 18:27:32,015 epoch 44 - iter 153/171 - loss 0.38218949 - time (sec): 31.86 - samples/sec: 2884.18 - lr: 0.025000 - momentum: 0.000000
2025-12-16 18:27:35,681 epoch 44 - iter 170/171 - loss 0.38497818 - time (sec): 35.52 - samples/sec: 2877.68 - lr: 0.025000 - momentum: 0.000000
2025-12-16 18:27:35,704 ----------------------------------------------------------------------------------------------------
2025-12-16 18:27:35,705 EPOCH 44 done: loss 0.3849 - lr: 0.025000
2025-12-16 18:27:37,974 DEV : loss 0.5853596329689026 - f1-score (micro avg)  0.7812
2025-12-16 18:27:37,987  - 2 epochs without improvement
2025-12-16 18:27:37,987 ----------------------------------------------------------------------------------------------------
2025-12-16 18:27:41,187 epoch 45 - iter 17/171 - loss 0.34671086 - time (sec): 3.20 - samples/sec: 3157.57 - lr: 0.025000 - momentum: 0.000000
2025-12-16 18:27:45,318 epoch 45 - iter 34/171 - loss 0.34391924 - time (sec): 7.33 - samples/sec: 2828.01 - lr: 0.025000 - momentum: 0.000000
2025-12-16 18:27:48,449 epoch 45 - iter 51/171 - loss 0.34897654 - time (sec): 10.46 - samples/sec: 2935.65 - lr: 0.025000 - momentum: 0.000000
2025-12-16 18:27:52,297 epoch 45 - iter 68/171 - loss 0.36956643 - time (sec): 14.31 - samples/sec: 2902.70 - lr: 0.025000 - momentum: 0.000000
2025-12-16 18:27:55,456 epoch 45 - iter 85/171 - loss 0.37671642 - time (sec): 17.47 - samples/sec: 2955.22 - lr: 0.025000 - momentum: 0.000000
2025-12-16 18:27:58,608 epoch 45 - iter 102/171 - loss 0.38419686 - time (sec): 20.62 - samples/sec: 3000.15 - lr: 0.025000 - momentum: 0.000000
2025-12-16 18:28:02,543 epoch 45 - iter 119/171 - loss 0.38415143 - time (sec): 24.56 - samples/sec: 2949.63 - lr: 0.025000 - momentum: 0.000000
2025-12-16 18:28:05,998 epoch 45 - iter 136/171 - loss 0.37656946 - time (sec): 28.01 - samples/sec: 2956.79 - lr: 0.025000 - momentum: 0.000000
2025-12-16 18:28:09,410 epoch 45 - iter 153/171 - loss 0.37657816 - time (sec): 31.42 - samples/sec: 2939.44 - lr: 0.025000 - momentum: 0.000000
2025-12-16 18:28:12,482 epoch 45 - iter 170/171 - loss 0.37955512 - time (sec): 34.49 - samples/sec: 2961.82 - lr: 0.025000 - momentum: 0.000000
2025-12-16 18:28:12,546 ----------------------------------------------------------------------------------------------------
2025-12-16 18:28:12,546 EPOCH 45 done: loss 0.3793 - lr: 0.025000
2025-12-16 18:28:14,156 DEV : loss 0.586249053478241 - f1-score (micro avg)  0.7815
2025-12-16 18:28:14,167  - 3 epochs without improvement
2025-12-16 18:28:14,167 ----------------------------------------------------------------------------------------------------
2025-12-16 18:28:17,496 epoch 46 - iter 17/171 - loss 0.34636944 - time (sec): 3.33 - samples/sec: 3085.42 - lr: 0.025000 - momentum: 0.000000
2025-12-16 18:28:21,009 epoch 46 - iter 34/171 - loss 0.35078295 - time (sec): 6.84 - samples/sec: 3015.77 - lr: 0.025000 - momentum: 0.000000
2025-12-16 18:28:24,284 epoch 46 - iter 51/171 - loss 0.36770941 - time (sec): 10.12 - samples/sec: 3045.74 - lr: 0.025000 - momentum: 0.000000
2025-12-16 18:28:28,462 epoch 46 - iter 68/171 - loss 0.36807182 - time (sec): 14.29 - samples/sec: 2870.32 - lr: 0.025000 - momentum: 0.000000
2025-12-16 18:28:32,024 epoch 46 - iter 85/171 - loss 0.37137886 - time (sec): 17.86 - samples/sec: 2849.89 - lr: 0.025000 - momentum: 0.000000
2025-12-16 18:28:36,065 epoch 46 - iter 102/171 - loss 0.37701618 - time (sec): 21.90 - samples/sec: 2797.49 - lr: 0.025000 - momentum: 0.000000
2025-12-16 18:28:39,608 epoch 46 - iter 119/171 - loss 0.37776363 - time (sec): 25.44 - samples/sec: 2812.68 - lr: 0.025000 - momentum: 0.000000
2025-12-16 18:28:43,478 epoch 46 - iter 136/171 - loss 0.38299972 - time (sec): 29.31 - samples/sec: 2786.43 - lr: 0.025000 - momentum: 0.000000
2025-12-16 18:28:47,000 epoch 46 - iter 153/171 - loss 0.38447499 - time (sec): 32.83 - samples/sec: 2798.47 - lr: 0.025000 - momentum: 0.000000
2025-12-16 18:28:50,696 epoch 46 - iter 170/171 - loss 0.38101914 - time (sec): 36.53 - samples/sec: 2797.54 - lr: 0.025000 - momentum: 0.000000
2025-12-16 18:28:50,749 ----------------------------------------------------------------------------------------------------
2025-12-16 18:28:50,749 EPOCH 46 done: loss 0.3809 - lr: 0.025000
2025-12-16 18:28:52,448 DEV : loss 0.6083773374557495 - f1-score (micro avg)  0.7826
2025-12-16 18:28:52,458  - 4 epochs without improvement (above 'patience')-> annealing learning_rate to [0.0125]
2025-12-16 18:28:52,459 ----------------------------------------------------------------------------------------------------
2025-12-16 18:28:55,749 epoch 47 - iter 17/171 - loss 0.38847771 - time (sec): 3.29 - samples/sec: 2976.40 - lr: 0.012500 - momentum: 0.000000
2025-12-16 18:28:58,940 epoch 47 - iter 34/171 - loss 0.38666627 - time (sec): 6.48 - samples/sec: 3022.57 - lr: 0.012500 - momentum: 0.000000
2025-12-16 18:29:02,765 epoch 47 - iter 51/171 - loss 0.39052646 - time (sec): 10.31 - samples/sec: 2901.60 - lr: 0.012500 - momentum: 0.000000
2025-12-16 18:29:06,038 epoch 47 - iter 68/171 - loss 0.38159712 - time (sec): 13.58 - samples/sec: 2942.92 - lr: 0.012500 - momentum: 0.000000
2025-12-16 18:29:09,568 epoch 47 - iter 85/171 - loss 0.39357192 - time (sec): 17.11 - samples/sec: 2928.97 - lr: 0.012500 - momentum: 0.000000
2025-12-16 18:29:13,570 epoch 47 - iter 102/171 - loss 0.38882417 - time (sec): 21.11 - samples/sec: 2847.36 - lr: 0.012500 - momentum: 0.000000
2025-12-16 18:29:17,160 epoch 47 - iter 119/171 - loss 0.38590535 - time (sec): 24.70 - samples/sec: 2853.09 - lr: 0.012500 - momentum: 0.000000
2025-12-16 18:29:20,939 epoch 47 - iter 136/171 - loss 0.38193582 - time (sec): 28.48 - samples/sec: 2844.41 - lr: 0.012500 - momentum: 0.000000
2025-12-16 18:29:24,861 epoch 47 - iter 153/171 - loss 0.38037893 - time (sec): 32.40 - samples/sec: 2827.20 - lr: 0.012500 - momentum: 0.000000
2025-12-16 18:29:28,394 epoch 47 - iter 170/171 - loss 0.37627578 - time (sec): 35.93 - samples/sec: 2842.93 - lr: 0.012500 - momentum: 0.000000
2025-12-16 18:29:28,474 ----------------------------------------------------------------------------------------------------
2025-12-16 18:29:28,474 EPOCH 47 done: loss 0.3763 - lr: 0.012500
2025-12-16 18:29:30,877 DEV : loss 0.6086364388465881 - f1-score (micro avg)  0.783
2025-12-16 18:29:30,888  - 1 epochs without improvement
2025-12-16 18:29:30,888 ----------------------------------------------------------------------------------------------------
2025-12-16 18:29:33,826 epoch 48 - iter 17/171 - loss 0.34087472 - time (sec): 2.94 - samples/sec: 3395.29 - lr: 0.012500 - momentum: 0.000000
2025-12-16 18:29:37,791 epoch 48 - iter 34/171 - loss 0.33670060 - time (sec): 6.90 - samples/sec: 2986.25 - lr: 0.012500 - momentum: 0.000000
2025-12-16 18:29:41,128 epoch 48 - iter 51/171 - loss 0.35305321 - time (sec): 10.24 - samples/sec: 3025.87 - lr: 0.012500 - momentum: 0.000000
2025-12-16 18:29:45,134 epoch 48 - iter 68/171 - loss 0.35706375 - time (sec): 14.24 - samples/sec: 2911.11 - lr: 0.012500 - momentum: 0.000000
2025-12-16 18:29:48,538 epoch 48 - iter 85/171 - loss 0.35997705 - time (sec): 17.65 - samples/sec: 2872.76 - lr: 0.012500 - momentum: 0.000000
2025-12-16 18:29:51,910 epoch 48 - iter 102/171 - loss 0.36907772 - time (sec): 21.02 - samples/sec: 2893.41 - lr: 0.012500 - momentum: 0.000000
2025-12-16 18:29:56,182 epoch 48 - iter 119/171 - loss 0.37832123 - time (sec): 25.29 - samples/sec: 2823.63 - lr: 0.012500 - momentum: 0.000000
2025-12-16 18:29:59,744 epoch 48 - iter 136/171 - loss 0.37587971 - time (sec): 28.86 - samples/sec: 2833.82 - lr: 0.012500 - momentum: 0.000000
2025-12-16 18:30:02,985 epoch 48 - iter 153/171 - loss 0.37301402 - time (sec): 32.10 - samples/sec: 2852.16 - lr: 0.012500 - momentum: 0.000000
2025-12-16 18:30:06,925 epoch 48 - iter 170/171 - loss 0.37223511 - time (sec): 36.04 - samples/sec: 2836.51 - lr: 0.012500 - momentum: 0.000000
2025-12-16 18:30:06,956 ----------------------------------------------------------------------------------------------------
2025-12-16 18:30:06,956 EPOCH 48 done: loss 0.3722 - lr: 0.012500
2025-12-16 18:30:08,594 DEV : loss 0.6003451347351074 - f1-score (micro avg)  0.7835
2025-12-16 18:30:08,605  - 2 epochs without improvement
2025-12-16 18:30:08,606 ----------------------------------------------------------------------------------------------------
2025-12-16 18:30:12,145 epoch 49 - iter 17/171 - loss 0.32938286 - time (sec): 3.54 - samples/sec: 2861.63 - lr: 0.012500 - momentum: 0.000000
2025-12-16 18:30:16,170 epoch 49 - iter 34/171 - loss 0.34734759 - time (sec): 7.56 - samples/sec: 2752.70 - lr: 0.012500 - momentum: 0.000000
2025-12-16 18:30:19,401 epoch 49 - iter 51/171 - loss 0.35874822 - time (sec): 10.80 - samples/sec: 2871.55 - lr: 0.012500 - momentum: 0.000000
2025-12-16 18:30:22,460 epoch 49 - iter 68/171 - loss 0.35859992 - time (sec): 13.85 - samples/sec: 2932.97 - lr: 0.012500 - momentum: 0.000000
2025-12-16 18:30:26,226 epoch 49 - iter 85/171 - loss 0.37215916 - time (sec): 17.62 - samples/sec: 2920.98 - lr: 0.012500 - momentum: 0.000000
2025-12-16 18:30:30,978 epoch 49 - iter 102/171 - loss 0.37084813 - time (sec): 22.37 - samples/sec: 2766.45 - lr: 0.012500 - momentum: 0.000000
2025-12-16 18:30:34,291 epoch 49 - iter 119/171 - loss 0.36840588 - time (sec): 25.69 - samples/sec: 2818.13 - lr: 0.012500 - momentum: 0.000000
2025-12-16 18:30:37,561 epoch 49 - iter 136/171 - loss 0.37338194 - time (sec): 28.95 - samples/sec: 2847.21 - lr: 0.012500 - momentum: 0.000000
2025-12-16 18:30:40,534 epoch 49 - iter 153/171 - loss 0.36942493 - time (sec): 31.93 - samples/sec: 2886.69 - lr: 0.012500 - momentum: 0.000000
2025-12-16 18:30:44,292 epoch 49 - iter 170/171 - loss 0.37054747 - time (sec): 35.69 - samples/sec: 2863.51 - lr: 0.012500 - momentum: 0.000000
2025-12-16 18:30:44,508 ----------------------------------------------------------------------------------------------------
2025-12-16 18:30:44,508 EPOCH 49 done: loss 0.3705 - lr: 0.012500
2025-12-16 18:30:46,426 DEV : loss 0.6008098721504211 - f1-score (micro avg)  0.7844
2025-12-16 18:30:46,436  - 0 epochs without improvement
2025-12-16 18:30:46,437 saving best model
2025-12-16 18:30:46,452 ----------------------------------------------------------------------------------------------------
2025-12-16 18:30:50,215 epoch 50 - iter 17/171 - loss 0.37123551 - time (sec): 3.76 - samples/sec: 2654.37 - lr: 0.012500 - momentum: 0.000000
2025-12-16 18:30:53,747 epoch 50 - iter 34/171 - loss 0.39348380 - time (sec): 7.29 - samples/sec: 2776.06 - lr: 0.012500 - momentum: 0.000000
2025-12-16 18:30:57,086 epoch 50 - iter 51/171 - loss 0.37735494 - time (sec): 10.63 - samples/sec: 2864.80 - lr: 0.012500 - momentum: 0.000000
2025-12-16 18:31:01,118 epoch 50 - iter 68/171 - loss 0.37929949 - time (sec): 14.67 - samples/sec: 2791.90 - lr: 0.012500 - momentum: 0.000000
2025-12-16 18:31:04,836 epoch 50 - iter 85/171 - loss 0.37610592 - time (sec): 18.38 - samples/sec: 2763.72 - lr: 0.012500 - momentum: 0.000000
2025-12-16 18:31:08,280 epoch 50 - iter 102/171 - loss 0.37289877 - time (sec): 21.83 - samples/sec: 2794.23 - lr: 0.012500 - momentum: 0.000000
2025-12-16 18:31:12,042 epoch 50 - iter 119/171 - loss 0.36798021 - time (sec): 25.59 - samples/sec: 2799.41 - lr: 0.012500 - momentum: 0.000000
2025-12-16 18:31:15,341 epoch 50 - iter 136/171 - loss 0.37467223 - time (sec): 28.89 - samples/sec: 2829.83 - lr: 0.012500 - momentum: 0.000000
2025-12-16 18:31:18,697 epoch 50 - iter 153/171 - loss 0.37425664 - time (sec): 32.25 - samples/sec: 2856.56 - lr: 0.012500 - momentum: 0.000000
2025-12-16 18:31:22,132 epoch 50 - iter 170/171 - loss 0.37157991 - time (sec): 35.68 - samples/sec: 2863.81 - lr: 0.012500 - momentum: 0.000000
2025-12-16 18:31:22,218 ----------------------------------------------------------------------------------------------------
2025-12-16 18:31:22,218 EPOCH 50 done: loss 0.3714 - lr: 0.012500
2025-12-16 18:31:24,702 DEV : loss 0.609533965587616 - f1-score (micro avg)  0.7829
2025-12-16 18:31:24,712  - 1 epochs without improvement
2025-12-16 18:31:24,713 ----------------------------------------------------------------------------------------------------
2025-12-16 18:31:29,593 epoch 51 - iter 17/171 - loss 0.37716515 - time (sec): 4.88 - samples/sec: 2235.90 - lr: 0.012500 - momentum: 0.000000
2025-12-16 18:31:33,064 epoch 51 - iter 34/171 - loss 0.39118584 - time (sec): 8.35 - samples/sec: 2544.87 - lr: 0.012500 - momentum: 0.000000
2025-12-16 18:31:36,682 epoch 51 - iter 51/171 - loss 0.38746265 - time (sec): 11.97 - samples/sec: 2667.36 - lr: 0.012500 - momentum: 0.000000
2025-12-16 18:31:40,205 epoch 51 - iter 68/171 - loss 0.37899799 - time (sec): 15.49 - samples/sec: 2706.05 - lr: 0.012500 - momentum: 0.000000
2025-12-16 18:31:43,186 epoch 51 - iter 85/171 - loss 0.37368724 - time (sec): 18.47 - samples/sec: 2804.26 - lr: 0.012500 - momentum: 0.000000
2025-12-16 18:31:46,856 epoch 51 - iter 102/171 - loss 0.37597918 - time (sec): 22.14 - samples/sec: 2812.82 - lr: 0.012500 - momentum: 0.000000
2025-12-16 18:31:50,482 epoch 51 - iter 119/171 - loss 0.36970749 - time (sec): 25.77 - samples/sec: 2814.55 - lr: 0.012500 - momentum: 0.000000
2025-12-16 18:31:53,785 epoch 51 - iter 136/171 - loss 0.36931013 - time (sec): 29.07 - samples/sec: 2842.22 - lr: 0.012500 - momentum: 0.000000
2025-12-16 18:31:56,767 epoch 51 - iter 153/171 - loss 0.36940972 - time (sec): 32.05 - samples/sec: 2880.80 - lr: 0.012500 - momentum: 0.000000
2025-12-16 18:32:00,031 epoch 51 - iter 170/171 - loss 0.36948691 - time (sec): 35.32 - samples/sec: 2893.75 - lr: 0.012500 - momentum: 0.000000
2025-12-16 18:32:00,086 ----------------------------------------------------------------------------------------------------
2025-12-16 18:32:00,086 EPOCH 51 done: loss 0.3695 - lr: 0.012500
2025-12-16 18:32:01,784 DEV : loss 0.5999835133552551 - f1-score (micro avg)  0.7841
2025-12-16 18:32:01,794  - 2 epochs without improvement
2025-12-16 18:32:01,795 ----------------------------------------------------------------------------------------------------
2025-12-16 18:32:05,401 epoch 52 - iter 17/171 - loss 0.35366852 - time (sec): 3.61 - samples/sec: 2822.88 - lr: 0.012500 - momentum: 0.000000
2025-12-16 18:32:08,388 epoch 52 - iter 34/171 - loss 0.34029244 - time (sec): 6.59 - samples/sec: 3067.16 - lr: 0.012500 - momentum: 0.000000
2025-12-16 18:32:12,253 epoch 52 - iter 51/171 - loss 0.36534077 - time (sec): 10.46 - samples/sec: 2908.13 - lr: 0.012500 - momentum: 0.000000
2025-12-16 18:32:15,483 epoch 52 - iter 68/171 - loss 0.36452328 - time (sec): 13.69 - samples/sec: 2974.74 - lr: 0.012500 - momentum: 0.000000
2025-12-16 18:32:18,742 epoch 52 - iter 85/171 - loss 0.36939002 - time (sec): 16.95 - samples/sec: 2992.75 - lr: 0.012500 - momentum: 0.000000
2025-12-16 18:32:22,255 epoch 52 - iter 102/171 - loss 0.37312079 - time (sec): 20.46 - samples/sec: 2967.96 - lr: 0.012500 - momentum: 0.000000
2025-12-16 18:32:25,425 epoch 52 - iter 119/171 - loss 0.37022777 - time (sec): 23.63 - samples/sec: 2991.76 - lr: 0.012500 - momentum: 0.000000
2025-12-16 18:32:28,631 epoch 52 - iter 136/171 - loss 0.36526953 - time (sec): 26.84 - samples/sec: 3018.12 - lr: 0.012500 - momentum: 0.000000
2025-12-16 18:32:31,701 epoch 52 - iter 153/171 - loss 0.36854468 - time (sec): 29.91 - samples/sec: 3048.58 - lr: 0.012500 - momentum: 0.000000
2025-12-16 18:32:35,790 epoch 52 - iter 170/171 - loss 0.36763640 - time (sec): 33.99 - samples/sec: 3004.55 - lr: 0.012500 - momentum: 0.000000
2025-12-16 18:32:35,870 ----------------------------------------------------------------------------------------------------
2025-12-16 18:32:35,871 EPOCH 52 done: loss 0.3677 - lr: 0.012500
2025-12-16 18:32:37,494 DEV : loss 0.597862958908081 - f1-score (micro avg)  0.783
2025-12-16 18:32:37,505  - 3 epochs without improvement
2025-12-16 18:32:37,506 ----------------------------------------------------------------------------------------------------
2025-12-16 18:32:40,454 epoch 53 - iter 17/171 - loss 0.35364070 - time (sec): 2.95 - samples/sec: 3349.02 - lr: 0.012500 - momentum: 0.000000
2025-12-16 18:32:44,051 epoch 53 - iter 34/171 - loss 0.36462959 - time (sec): 6.54 - samples/sec: 3063.44 - lr: 0.012500 - momentum: 0.000000
2025-12-16 18:32:47,280 epoch 53 - iter 51/171 - loss 0.34769999 - time (sec): 9.77 - samples/sec: 3126.83 - lr: 0.012500 - momentum: 0.000000
2025-12-16 18:32:51,241 epoch 53 - iter 68/171 - loss 0.35772096 - time (sec): 13.74 - samples/sec: 2993.62 - lr: 0.012500 - momentum: 0.000000
2025-12-16 18:32:54,692 epoch 53 - iter 85/171 - loss 0.35723386 - time (sec): 17.19 - samples/sec: 2983.59 - lr: 0.012500 - momentum: 0.000000
2025-12-16 18:32:58,543 epoch 53 - iter 102/171 - loss 0.35610956 - time (sec): 21.04 - samples/sec: 2927.58 - lr: 0.012500 - momentum: 0.000000
2025-12-16 18:33:01,798 epoch 53 - iter 119/171 - loss 0.35428837 - time (sec): 24.29 - samples/sec: 2955.94 - lr: 0.012500 - momentum: 0.000000
2025-12-16 18:33:04,984 epoch 53 - iter 136/171 - loss 0.35709575 - time (sec): 27.48 - samples/sec: 2973.69 - lr: 0.012500 - momentum: 0.000000
2025-12-16 18:33:08,311 epoch 53 - iter 153/171 - loss 0.36224114 - time (sec): 30.80 - samples/sec: 2978.93 - lr: 0.012500 - momentum: 0.000000
2025-12-16 18:33:11,739 epoch 53 - iter 170/171 - loss 0.36962976 - time (sec): 34.23 - samples/sec: 2985.60 - lr: 0.012500 - momentum: 0.000000
2025-12-16 18:33:11,806 ----------------------------------------------------------------------------------------------------
2025-12-16 18:33:11,806 EPOCH 53 done: loss 0.3699 - lr: 0.012500
2025-12-16 18:33:14,091 DEV : loss 0.598189115524292 - f1-score (micro avg)  0.7825
2025-12-16 18:33:14,101  - 4 epochs without improvement (above 'patience')-> annealing learning_rate to [0.00625]
2025-12-16 18:33:14,102 ----------------------------------------------------------------------------------------------------
2025-12-16 18:33:17,090 epoch 54 - iter 17/171 - loss 0.38868409 - time (sec): 2.99 - samples/sec: 3264.82 - lr: 0.006250 - momentum: 0.000000
2025-12-16 18:33:20,357 epoch 54 - iter 34/171 - loss 0.37038422 - time (sec): 6.25 - samples/sec: 3144.76 - lr: 0.006250 - momentum: 0.000000
2025-12-16 18:33:24,309 epoch 54 - iter 51/171 - loss 0.37729449 - time (sec): 10.21 - samples/sec: 2945.75 - lr: 0.006250 - momentum: 0.000000
2025-12-16 18:33:28,241 epoch 54 - iter 68/171 - loss 0.37070501 - time (sec): 14.14 - samples/sec: 2882.57 - lr: 0.006250 - momentum: 0.000000
2025-12-16 18:33:32,064 epoch 54 - iter 85/171 - loss 0.36398109 - time (sec): 17.96 - samples/sec: 2867.40 - lr: 0.006250 - momentum: 0.000000
2025-12-16 18:33:35,907 epoch 54 - iter 102/171 - loss 0.35928200 - time (sec): 21.80 - samples/sec: 2845.60 - lr: 0.006250 - momentum: 0.000000
2025-12-16 18:33:39,528 epoch 54 - iter 119/171 - loss 0.35630244 - time (sec): 25.43 - samples/sec: 2843.37 - lr: 0.006250 - momentum: 0.000000
2025-12-16 18:33:43,123 epoch 54 - iter 136/171 - loss 0.35917799 - time (sec): 29.02 - samples/sec: 2837.56 - lr: 0.006250 - momentum: 0.000000
2025-12-16 18:33:47,090 epoch 54 - iter 153/171 - loss 0.36145833 - time (sec): 32.99 - samples/sec: 2808.19 - lr: 0.006250 - momentum: 0.000000
2025-12-16 18:33:50,328 epoch 54 - iter 170/171 - loss 0.36129870 - time (sec): 36.23 - samples/sec: 2821.05 - lr: 0.006250 - momentum: 0.000000
2025-12-16 18:33:50,378 ----------------------------------------------------------------------------------------------------
2025-12-16 18:33:50,378 EPOCH 54 done: loss 0.3612 - lr: 0.006250
2025-12-16 18:33:52,167 DEV : loss 0.6044910550117493 - f1-score (micro avg)  0.7855
2025-12-16 18:33:52,179  - 0 epochs without improvement
2025-12-16 18:33:52,180 saving best model
2025-12-16 18:33:52,201 ----------------------------------------------------------------------------------------------------
2025-12-16 18:33:56,007 epoch 55 - iter 17/171 - loss 0.33064378 - time (sec): 3.81 - samples/sec: 2696.62 - lr: 0.006250 - momentum: 0.000000
2025-12-16 18:33:59,637 epoch 55 - iter 34/171 - loss 0.35437468 - time (sec): 7.44 - samples/sec: 2765.45 - lr: 0.006250 - momentum: 0.000000
2025-12-16 18:34:04,037 epoch 55 - iter 51/171 - loss 0.35587862 - time (sec): 11.84 - samples/sec: 2636.19 - lr: 0.006250 - momentum: 0.000000
2025-12-16 18:34:08,178 epoch 55 - iter 68/171 - loss 0.35765761 - time (sec): 15.98 - samples/sec: 2615.26 - lr: 0.006250 - momentum: 0.000000
2025-12-16 18:34:12,127 epoch 55 - iter 85/171 - loss 0.35916705 - time (sec): 19.93 - samples/sec: 2634.81 - lr: 0.006250 - momentum: 0.000000
2025-12-16 18:34:15,809 epoch 55 - iter 102/171 - loss 0.35902548 - time (sec): 23.61 - samples/sec: 2647.90 - lr: 0.006250 - momentum: 0.000000
2025-12-16 18:34:19,195 epoch 55 - iter 119/171 - loss 0.35997392 - time (sec): 26.99 - samples/sec: 2686.81 - lr: 0.006250 - momentum: 0.000000
2025-12-16 18:34:22,349 epoch 55 - iter 136/171 - loss 0.36017066 - time (sec): 30.15 - samples/sec: 2726.59 - lr: 0.006250 - momentum: 0.000000
2025-12-16 18:34:26,105 epoch 55 - iter 153/171 - loss 0.36136332 - time (sec): 33.90 - samples/sec: 2713.75 - lr: 0.006250 - momentum: 0.000000
2025-12-16 18:34:29,714 epoch 55 - iter 170/171 - loss 0.36377191 - time (sec): 37.51 - samples/sec: 2725.51 - lr: 0.006250 - momentum: 0.000000
2025-12-16 18:34:29,742 ----------------------------------------------------------------------------------------------------
2025-12-16 18:34:29,742 EPOCH 55 done: loss 0.3638 - lr: 0.006250
2025-12-16 18:34:31,434 DEV : loss 0.6067634224891663 - f1-score (micro avg)  0.7841
2025-12-16 18:34:31,444  - 1 epochs without improvement
2025-12-16 18:34:31,445 ----------------------------------------------------------------------------------------------------
2025-12-16 18:34:35,125 epoch 56 - iter 17/171 - loss 0.33313774 - time (sec): 3.68 - samples/sec: 2878.10 - lr: 0.006250 - momentum: 0.000000
2025-12-16 18:34:38,386 epoch 56 - iter 34/171 - loss 0.34567218 - time (sec): 6.94 - samples/sec: 2935.05 - lr: 0.006250 - momentum: 0.000000
2025-12-16 18:34:41,640 epoch 56 - iter 51/171 - loss 0.34931919 - time (sec): 10.19 - samples/sec: 2984.61 - lr: 0.006250 - momentum: 0.000000
2025-12-16 18:34:45,158 epoch 56 - iter 68/171 - loss 0.34679113 - time (sec): 13.71 - samples/sec: 2979.23 - lr: 0.006250 - momentum: 0.000000
2025-12-16 18:34:48,702 epoch 56 - iter 85/171 - loss 0.34730037 - time (sec): 17.26 - samples/sec: 2962.17 - lr: 0.006250 - momentum: 0.000000
2025-12-16 18:34:51,993 epoch 56 - iter 102/171 - loss 0.35265975 - time (sec): 20.55 - samples/sec: 2974.13 - lr: 0.006250 - momentum: 0.000000
2025-12-16 18:34:55,401 epoch 56 - iter 119/171 - loss 0.35675148 - time (sec): 23.96 - samples/sec: 2968.57 - lr: 0.006250 - momentum: 0.000000
2025-12-16 18:34:59,762 epoch 56 - iter 136/171 - loss 0.35383452 - time (sec): 28.32 - samples/sec: 2892.02 - lr: 0.006250 - momentum: 0.000000
2025-12-16 18:35:03,253 epoch 56 - iter 153/171 - loss 0.35362723 - time (sec): 31.81 - samples/sec: 2894.62 - lr: 0.006250 - momentum: 0.000000
2025-12-16 18:35:07,300 epoch 56 - iter 170/171 - loss 0.35840935 - time (sec): 35.85 - samples/sec: 2850.67 - lr: 0.006250 - momentum: 0.000000
2025-12-16 18:35:07,345 ----------------------------------------------------------------------------------------------------
2025-12-16 18:35:07,346 EPOCH 56 done: loss 0.3584 - lr: 0.006250
2025-12-16 18:35:09,560 DEV : loss 0.6128880977630615 - f1-score (micro avg)  0.7856
2025-12-16 18:35:09,570  - 0 epochs without improvement
2025-12-16 18:35:09,572 saving best model
2025-12-16 18:35:09,589 ----------------------------------------------------------------------------------------------------
2025-12-16 18:35:13,259 epoch 57 - iter 17/171 - loss 0.39548516 - time (sec): 3.67 - samples/sec: 2889.84 - lr: 0.006250 - momentum: 0.000000
2025-12-16 18:35:17,256 epoch 57 - iter 34/171 - loss 0.39135790 - time (sec): 7.67 - samples/sec: 2757.92 - lr: 0.006250 - momentum: 0.000000
2025-12-16 18:35:20,918 epoch 57 - iter 51/171 - loss 0.38123461 - time (sec): 11.33 - samples/sec: 2728.32 - lr: 0.006250 - momentum: 0.000000
2025-12-16 18:35:24,395 epoch 57 - iter 68/171 - loss 0.36761263 - time (sec): 14.81 - samples/sec: 2781.75 - lr: 0.006250 - momentum: 0.000000
2025-12-16 18:35:28,243 epoch 57 - iter 85/171 - loss 0.36662257 - time (sec): 18.65 - samples/sec: 2760.62 - lr: 0.006250 - momentum: 0.000000
2025-12-16 18:35:31,447 epoch 57 - iter 102/171 - loss 0.36536300 - time (sec): 21.86 - samples/sec: 2798.44 - lr: 0.006250 - momentum: 0.000000
2025-12-16 18:35:34,829 epoch 57 - iter 119/171 - loss 0.35770183 - time (sec): 25.24 - samples/sec: 2837.86 - lr: 0.006250 - momentum: 0.000000
2025-12-16 18:35:38,522 epoch 57 - iter 136/171 - loss 0.35710853 - time (sec): 28.93 - samples/sec: 2836.31 - lr: 0.006250 - momentum: 0.000000
2025-12-16 18:35:42,168 epoch 57 - iter 153/171 - loss 0.35966045 - time (sec): 32.58 - samples/sec: 2834.25 - lr: 0.006250 - momentum: 0.000000
2025-12-16 18:35:45,799 epoch 57 - iter 170/171 - loss 0.36146495 - time (sec): 36.21 - samples/sec: 2822.43 - lr: 0.006250 - momentum: 0.000000
2025-12-16 18:35:45,841 ----------------------------------------------------------------------------------------------------
2025-12-16 18:35:45,841 EPOCH 57 done: loss 0.3614 - lr: 0.006250
2025-12-16 18:35:47,574 DEV : loss 0.5994366407394409 - f1-score (micro avg)  0.7834
2025-12-16 18:35:47,584  - 1 epochs without improvement
2025-12-16 18:35:47,586 ----------------------------------------------------------------------------------------------------
2025-12-16 18:35:51,291 epoch 58 - iter 17/171 - loss 0.38340179 - time (sec): 3.71 - samples/sec: 2803.75 - lr: 0.006250 - momentum: 0.000000
2025-12-16 18:35:54,533 epoch 58 - iter 34/171 - loss 0.36114456 - time (sec): 6.95 - samples/sec: 2897.23 - lr: 0.006250 - momentum: 0.000000
2025-12-16 18:35:57,804 epoch 58 - iter 51/171 - loss 0.35782176 - time (sec): 10.22 - samples/sec: 2939.56 - lr: 0.006250 - momentum: 0.000000
2025-12-16 18:36:01,203 epoch 58 - iter 68/171 - loss 0.35402826 - time (sec): 13.62 - samples/sec: 2930.50 - lr: 0.006250 - momentum: 0.000000
2025-12-16 18:36:04,698 epoch 58 - iter 85/171 - loss 0.36207162 - time (sec): 17.11 - samples/sec: 2972.31 - lr: 0.006250 - momentum: 0.000000
2025-12-16 18:36:08,267 epoch 58 - iter 102/171 - loss 0.35763358 - time (sec): 20.68 - samples/sec: 2958.86 - lr: 0.006250 - momentum: 0.000000
2025-12-16 18:36:11,877 epoch 58 - iter 119/171 - loss 0.35846458 - time (sec): 24.29 - samples/sec: 2951.73 - lr: 0.006250 - momentum: 0.000000
2025-12-16 18:36:15,073 epoch 58 - iter 136/171 - loss 0.36274148 - time (sec): 27.49 - samples/sec: 2963.09 - lr: 0.006250 - momentum: 0.000000
2025-12-16 18:36:18,775 epoch 58 - iter 153/171 - loss 0.36065634 - time (sec): 31.19 - samples/sec: 2946.78 - lr: 0.006250 - momentum: 0.000000
2025-12-16 18:36:22,980 epoch 58 - iter 170/171 - loss 0.36135388 - time (sec): 35.39 - samples/sec: 2885.58 - lr: 0.006250 - momentum: 0.000000
2025-12-16 18:36:23,067 ----------------------------------------------------------------------------------------------------
2025-12-16 18:36:23,067 EPOCH 58 done: loss 0.3612 - lr: 0.006250
2025-12-16 18:36:25,501 DEV : loss 0.6039074063301086 - f1-score (micro avg)  0.786
2025-12-16 18:36:25,510  - 0 epochs without improvement
2025-12-16 18:36:25,511 saving best model
2025-12-16 18:36:25,531 ----------------------------------------------------------------------------------------------------
2025-12-16 18:36:29,010 epoch 59 - iter 17/171 - loss 0.39866600 - time (sec): 3.48 - samples/sec: 2867.12 - lr: 0.006250 - momentum: 0.000000
2025-12-16 18:36:32,492 epoch 59 - iter 34/171 - loss 0.38970157 - time (sec): 6.96 - samples/sec: 2866.08 - lr: 0.006250 - momentum: 0.000000
2025-12-16 18:36:35,976 epoch 59 - iter 51/171 - loss 0.37605092 - time (sec): 10.44 - samples/sec: 2893.18 - lr: 0.006250 - momentum: 0.000000
2025-12-16 18:36:39,127 epoch 59 - iter 68/171 - loss 0.37332249 - time (sec): 13.60 - samples/sec: 2962.15 - lr: 0.006250 - momentum: 0.000000
2025-12-16 18:36:42,617 epoch 59 - iter 85/171 - loss 0.37461735 - time (sec): 17.09 - samples/sec: 2952.81 - lr: 0.006250 - momentum: 0.000000
2025-12-16 18:36:45,854 epoch 59 - iter 102/171 - loss 0.37031208 - time (sec): 20.32 - samples/sec: 2963.85 - lr: 0.006250 - momentum: 0.000000
2025-12-16 18:36:49,757 epoch 59 - iter 119/171 - loss 0.36975740 - time (sec): 24.23 - samples/sec: 2929.57 - lr: 0.006250 - momentum: 0.000000
2025-12-16 18:36:53,416 epoch 59 - iter 136/171 - loss 0.36142643 - time (sec): 27.89 - samples/sec: 2903.68 - lr: 0.006250 - momentum: 0.000000
2025-12-16 18:36:56,738 epoch 59 - iter 153/171 - loss 0.36021317 - time (sec): 31.21 - samples/sec: 2933.23 - lr: 0.006250 - momentum: 0.000000
2025-12-16 18:37:00,542 epoch 59 - iter 170/171 - loss 0.36148104 - time (sec): 35.01 - samples/sec: 2919.92 - lr: 0.006250 - momentum: 0.000000
2025-12-16 18:37:00,570 ----------------------------------------------------------------------------------------------------
2025-12-16 18:37:00,570 EPOCH 59 done: loss 0.3615 - lr: 0.006250
2025-12-16 18:37:02,512 DEV : loss 0.6049622893333435 - f1-score (micro avg)  0.7854
2025-12-16 18:37:02,530  - 1 epochs without improvement
2025-12-16 18:37:02,531 ----------------------------------------------------------------------------------------------------
2025-12-16 18:37:06,238 epoch 60 - iter 17/171 - loss 0.34141798 - time (sec): 3.71 - samples/sec: 2785.37 - lr: 0.006250 - momentum: 0.000000
2025-12-16 18:37:10,417 epoch 60 - iter 34/171 - loss 0.35725616 - time (sec): 7.89 - samples/sec: 2577.27 - lr: 0.006250 - momentum: 0.000000
2025-12-16 18:37:14,023 epoch 60 - iter 51/171 - loss 0.35650189 - time (sec): 11.49 - samples/sec: 2679.75 - lr: 0.006250 - momentum: 0.000000
2025-12-16 18:37:17,473 epoch 60 - iter 68/171 - loss 0.34844836 - time (sec): 14.94 - samples/sec: 2726.81 - lr: 0.006250 - momentum: 0.000000
2025-12-16 18:37:20,824 epoch 60 - iter 85/171 - loss 0.35180603 - time (sec): 18.29 - samples/sec: 2757.34 - lr: 0.006250 - momentum: 0.000000
2025-12-16 18:37:24,515 epoch 60 - iter 102/171 - loss 0.35712194 - time (sec): 21.98 - samples/sec: 2756.91 - lr: 0.006250 - momentum: 0.000000
2025-12-16 18:37:28,351 epoch 60 - iter 119/171 - loss 0.36437539 - time (sec): 25.82 - samples/sec: 2749.25 - lr: 0.006250 - momentum: 0.000000
2025-12-16 18:37:31,782 epoch 60 - iter 136/171 - loss 0.36611693 - time (sec): 29.25 - samples/sec: 2765.20 - lr: 0.006250 - momentum: 0.000000
2025-12-16 18:37:35,212 epoch 60 - iter 153/171 - loss 0.36316186 - time (sec): 32.68 - samples/sec: 2787.02 - lr: 0.006250 - momentum: 0.000000
2025-12-16 18:37:38,890 epoch 60 - iter 170/171 - loss 0.36155946 - time (sec): 36.36 - samples/sec: 2810.59 - lr: 0.006250 - momentum: 0.000000
2025-12-16 18:37:38,955 ----------------------------------------------------------------------------------------------------
2025-12-16 18:37:38,955 EPOCH 60 done: loss 0.3618 - lr: 0.006250
2025-12-16 18:37:40,928 DEV : loss 0.6050195097923279 - f1-score (micro avg)  0.7853
2025-12-16 18:37:40,940  - 2 epochs without improvement
2025-12-16 18:37:40,941 ----------------------------------------------------------------------------------------------------
2025-12-16 18:37:44,307 epoch 61 - iter 17/171 - loss 0.34674597 - time (sec): 3.37 - samples/sec: 2842.01 - lr: 0.006250 - momentum: 0.000000
2025-12-16 18:37:47,807 epoch 61 - iter 34/171 - loss 0.33898295 - time (sec): 6.87 - samples/sec: 2913.63 - lr: 0.006250 - momentum: 0.000000
2025-12-16 18:37:51,511 epoch 61 - iter 51/171 - loss 0.34351007 - time (sec): 10.57 - samples/sec: 2893.83 - lr: 0.006250 - momentum: 0.000000
2025-12-16 18:37:54,916 epoch 61 - iter 68/171 - loss 0.34530530 - time (sec): 13.98 - samples/sec: 2950.39 - lr: 0.006250 - momentum: 0.000000
2025-12-16 18:37:58,262 epoch 61 - iter 85/171 - loss 0.34905738 - time (sec): 17.32 - samples/sec: 2965.37 - lr: 0.006250 - momentum: 0.000000
2025-12-16 18:38:01,633 epoch 61 - iter 102/171 - loss 0.35349899 - time (sec): 20.69 - samples/sec: 2978.28 - lr: 0.006250 - momentum: 0.000000
2025-12-16 18:38:05,173 epoch 61 - iter 119/171 - loss 0.35951110 - time (sec): 24.23 - samples/sec: 2963.10 - lr: 0.006250 - momentum: 0.000000
2025-12-16 18:38:08,804 epoch 61 - iter 136/171 - loss 0.36289412 - time (sec): 27.86 - samples/sec: 2944.91 - lr: 0.006250 - momentum: 0.000000
2025-12-16 18:38:12,839 epoch 61 - iter 153/171 - loss 0.36464748 - time (sec): 31.90 - samples/sec: 2890.21 - lr: 0.006250 - momentum: 0.000000
2025-12-16 18:38:16,665 epoch 61 - iter 170/171 - loss 0.36168686 - time (sec): 35.72 - samples/sec: 2861.64 - lr: 0.006250 - momentum: 0.000000
2025-12-16 18:38:16,694 ----------------------------------------------------------------------------------------------------
2025-12-16 18:38:16,694 EPOCH 61 done: loss 0.3617 - lr: 0.006250
2025-12-16 18:38:19,162 DEV : loss 0.60356205701828 - f1-score (micro avg)  0.7852
2025-12-16 18:38:19,172  - 3 epochs without improvement
2025-12-16 18:38:19,173 ----------------------------------------------------------------------------------------------------
2025-12-16 18:38:22,952 epoch 62 - iter 17/171 - loss 0.36284011 - time (sec): 3.78 - samples/sec: 2649.15 - lr: 0.006250 - momentum: 0.000000
2025-12-16 18:38:27,267 epoch 62 - iter 34/171 - loss 0.34686355 - time (sec): 8.09 - samples/sec: 2461.96 - lr: 0.006250 - momentum: 0.000000
2025-12-16 18:38:31,074 epoch 62 - iter 51/171 - loss 0.35267922 - time (sec): 11.90 - samples/sec: 2518.74 - lr: 0.006250 - momentum: 0.000000
2025-12-16 18:38:34,921 epoch 62 - iter 68/171 - loss 0.37055777 - time (sec): 15.75 - samples/sec: 2537.89 - lr: 0.006250 - momentum: 0.000000
2025-12-16 18:38:38,584 epoch 62 - iter 85/171 - loss 0.36768868 - time (sec): 19.41 - samples/sec: 2613.38 - lr: 0.006250 - momentum: 0.000000
2025-12-16 18:38:42,101 epoch 62 - iter 102/171 - loss 0.36028190 - time (sec): 22.93 - samples/sec: 2662.06 - lr: 0.006250 - momentum: 0.000000
2025-12-16 18:38:45,201 epoch 62 - iter 119/171 - loss 0.36002392 - time (sec): 26.03 - samples/sec: 2751.27 - lr: 0.006250 - momentum: 0.000000
2025-12-16 18:38:48,332 epoch 62 - iter 136/171 - loss 0.35642921 - time (sec): 29.16 - samples/sec: 2800.19 - lr: 0.006250 - momentum: 0.000000
2025-12-16 18:38:51,921 epoch 62 - iter 153/171 - loss 0.35592077 - time (sec): 32.75 - samples/sec: 2814.47 - lr: 0.006250 - momentum: 0.000000
2025-12-16 18:38:54,907 epoch 62 - iter 170/171 - loss 0.35583070 - time (sec): 35.73 - samples/sec: 2860.98 - lr: 0.006250 - momentum: 0.000000
2025-12-16 18:38:54,933 ----------------------------------------------------------------------------------------------------
2025-12-16 18:38:54,934 EPOCH 62 done: loss 0.3558 - lr: 0.006250
2025-12-16 18:38:56,599 DEV : loss 0.6083849668502808 - f1-score (micro avg)  0.7849
2025-12-16 18:38:56,609  - 4 epochs without improvement (above 'patience')-> annealing learning_rate to [0.003125]
2025-12-16 18:38:56,611 ----------------------------------------------------------------------------------------------------
2025-12-16 18:39:00,187 epoch 63 - iter 17/171 - loss 0.35569096 - time (sec): 3.58 - samples/sec: 2857.81 - lr: 0.003125 - momentum: 0.000000
2025-12-16 18:39:03,734 epoch 63 - iter 34/171 - loss 0.34508909 - time (sec): 7.12 - samples/sec: 2881.01 - lr: 0.003125 - momentum: 0.000000
2025-12-16 18:39:07,564 epoch 63 - iter 51/171 - loss 0.35286268 - time (sec): 10.95 - samples/sec: 2847.82 - lr: 0.003125 - momentum: 0.000000
2025-12-16 18:39:10,840 epoch 63 - iter 68/171 - loss 0.35589591 - time (sec): 14.23 - samples/sec: 2928.92 - lr: 0.003125 - momentum: 0.000000
2025-12-16 18:39:14,016 epoch 63 - iter 85/171 - loss 0.36088555 - time (sec): 17.40 - samples/sec: 2984.70 - lr: 0.003125 - momentum: 0.000000
2025-12-16 18:39:17,241 epoch 63 - iter 102/171 - loss 0.35519651 - time (sec): 20.63 - samples/sec: 3012.55 - lr: 0.003125 - momentum: 0.000000
2025-12-16 18:39:20,634 epoch 63 - iter 119/171 - loss 0.35294080 - time (sec): 24.02 - samples/sec: 3004.13 - lr: 0.003125 - momentum: 0.000000
2025-12-16 18:39:23,845 epoch 63 - iter 136/171 - loss 0.35196955 - time (sec): 27.23 - samples/sec: 3008.92 - lr: 0.003125 - momentum: 0.000000
2025-12-16 18:39:27,675 epoch 63 - iter 153/171 - loss 0.35724009 - time (sec): 31.06 - samples/sec: 2969.63 - lr: 0.003125 - momentum: 0.000000
2025-12-16 18:39:31,011 epoch 63 - iter 170/171 - loss 0.35973040 - time (sec): 34.40 - samples/sec: 2972.01 - lr: 0.003125 - momentum: 0.000000
2025-12-16 18:39:31,033 ----------------------------------------------------------------------------------------------------
2025-12-16 18:39:31,034 EPOCH 63 done: loss 0.3597 - lr: 0.003125
2025-12-16 18:39:32,834 DEV : loss 0.5974176526069641 - f1-score (micro avg)  0.7845
2025-12-16 18:39:32,845  - 1 epochs without improvement
2025-12-16 18:39:32,846 ----------------------------------------------------------------------------------------------------
2025-12-16 18:39:36,628 epoch 64 - iter 17/171 - loss 0.38923863 - time (sec): 3.78 - samples/sec: 2691.01 - lr: 0.003125 - momentum: 0.000000
2025-12-16 18:39:39,931 epoch 64 - iter 34/171 - loss 0.37125686 - time (sec): 7.09 - samples/sec: 2952.22 - lr: 0.003125 - momentum: 0.000000
2025-12-16 18:39:42,916 epoch 64 - iter 51/171 - loss 0.36045387 - time (sec): 10.07 - samples/sec: 3056.38 - lr: 0.003125 - momentum: 0.000000
2025-12-16 18:39:46,741 epoch 64 - iter 68/171 - loss 0.37400808 - time (sec): 13.89 - samples/sec: 2939.75 - lr: 0.003125 - momentum: 0.000000
2025-12-16 18:39:50,222 epoch 64 - iter 85/171 - loss 0.36997298 - time (sec): 17.38 - samples/sec: 2951.53 - lr: 0.003125 - momentum: 0.000000
2025-12-16 18:39:54,034 epoch 64 - iter 102/171 - loss 0.36743129 - time (sec): 21.19 - samples/sec: 2921.84 - lr: 0.003125 - momentum: 0.000000
2025-12-16 18:39:58,061 epoch 64 - iter 119/171 - loss 0.36855037 - time (sec): 25.21 - samples/sec: 2868.55 - lr: 0.003125 - momentum: 0.000000
2025-12-16 18:40:02,406 epoch 64 - iter 136/171 - loss 0.36456534 - time (sec): 29.56 - samples/sec: 2788.22 - lr: 0.003125 - momentum: 0.000000
2025-12-16 18:40:05,892 epoch 64 - iter 153/171 - loss 0.36342750 - time (sec): 33.05 - samples/sec: 2791.23 - lr: 0.003125 - momentum: 0.000000
2025-12-16 18:40:09,454 epoch 64 - iter 170/171 - loss 0.35977275 - time (sec): 36.61 - samples/sec: 2791.55 - lr: 0.003125 - momentum: 0.000000
2025-12-16 18:40:09,514 ----------------------------------------------------------------------------------------------------
2025-12-16 18:40:09,514 EPOCH 64 done: loss 0.3596 - lr: 0.003125
2025-12-16 18:40:12,086 DEV : loss 0.6046037673950195 - f1-score (micro avg)  0.7866
2025-12-16 18:40:12,096  - 0 epochs without improvement
2025-12-16 18:40:12,097 saving best model
2025-12-16 18:40:12,116 ----------------------------------------------------------------------------------------------------
2025-12-16 18:40:15,754 epoch 65 - iter 17/171 - loss 0.37024089 - time (sec): 3.64 - samples/sec: 2767.03 - lr: 0.003125 - momentum: 0.000000
2025-12-16 18:40:19,614 epoch 65 - iter 34/171 - loss 0.37963079 - time (sec): 7.50 - samples/sec: 2710.33 - lr: 0.003125 - momentum: 0.000000
2025-12-16 18:40:23,304 epoch 65 - iter 51/171 - loss 0.36457389 - time (sec): 11.19 - samples/sec: 2717.44 - lr: 0.003125 - momentum: 0.000000
2025-12-16 18:40:27,405 epoch 65 - iter 68/171 - loss 0.37116250 - time (sec): 15.29 - samples/sec: 2694.08 - lr: 0.003125 - momentum: 0.000000
2025-12-16 18:40:31,289 epoch 65 - iter 85/171 - loss 0.36884973 - time (sec): 19.17 - samples/sec: 2682.10 - lr: 0.003125 - momentum: 0.000000
2025-12-16 18:40:35,196 epoch 65 - iter 102/171 - loss 0.36856876 - time (sec): 23.08 - samples/sec: 2682.76 - lr: 0.003125 - momentum: 0.000000
2025-12-16 18:40:39,141 epoch 65 - iter 119/171 - loss 0.36948093 - time (sec): 27.03 - samples/sec: 2673.89 - lr: 0.003125 - momentum: 0.000000
2025-12-16 18:40:42,715 epoch 65 - iter 136/171 - loss 0.36248960 - time (sec): 30.60 - samples/sec: 2686.89 - lr: 0.003125 - momentum: 0.000000
2025-12-16 18:40:46,196 epoch 65 - iter 153/171 - loss 0.36285928 - time (sec): 34.08 - samples/sec: 2704.18 - lr: 0.003125 - momentum: 0.000000
2025-12-16 18:40:49,656 epoch 65 - iter 170/171 - loss 0.36156050 - time (sec): 37.54 - samples/sec: 2722.64 - lr: 0.003125 - momentum: 0.000000
2025-12-16 18:40:49,702 ----------------------------------------------------------------------------------------------------
2025-12-16 18:40:49,702 EPOCH 65 done: loss 0.3615 - lr: 0.003125
2025-12-16 18:40:51,505 DEV : loss 0.6033728122711182 - f1-score (micro avg)  0.7849
2025-12-16 18:40:51,515  - 1 epochs without improvement
2025-12-16 18:40:51,515 ----------------------------------------------------------------------------------------------------
2025-12-16 18:40:54,655 epoch 66 - iter 17/171 - loss 0.34919621 - time (sec): 3.14 - samples/sec: 3122.17 - lr: 0.003125 - momentum: 0.000000
2025-12-16 18:40:57,733 epoch 66 - iter 34/171 - loss 0.34771547 - time (sec): 6.22 - samples/sec: 3219.42 - lr: 0.003125 - momentum: 0.000000
2025-12-16 18:41:01,319 epoch 66 - iter 51/171 - loss 0.35679187 - time (sec): 9.80 - samples/sec: 3139.56 - lr: 0.003125 - momentum: 0.000000
2025-12-16 18:41:04,852 epoch 66 - iter 68/171 - loss 0.35471522 - time (sec): 13.34 - samples/sec: 3069.60 - lr: 0.003125 - momentum: 0.000000
2025-12-16 18:41:08,414 epoch 66 - iter 85/171 - loss 0.35584146 - time (sec): 16.90 - samples/sec: 3037.88 - lr: 0.003125 - momentum: 0.000000
2025-12-16 18:41:11,856 epoch 66 - iter 102/171 - loss 0.35785995 - time (sec): 20.34 - samples/sec: 3010.24 - lr: 0.003125 - momentum: 0.000000
2025-12-16 18:41:16,068 epoch 66 - iter 119/171 - loss 0.35996942 - time (sec): 24.55 - samples/sec: 2939.24 - lr: 0.003125 - momentum: 0.000000
2025-12-16 18:41:19,566 epoch 66 - iter 136/171 - loss 0.35810550 - time (sec): 28.05 - samples/sec: 2934.18 - lr: 0.003125 - momentum: 0.000000
2025-12-16 18:41:23,156 epoch 66 - iter 153/171 - loss 0.35581158 - time (sec): 31.64 - samples/sec: 2910.60 - lr: 0.003125 - momentum: 0.000000
2025-12-16 18:41:27,197 epoch 66 - iter 170/171 - loss 0.35725672 - time (sec): 35.68 - samples/sec: 2865.10 - lr: 0.003125 - momentum: 0.000000
2025-12-16 18:41:27,227 ----------------------------------------------------------------------------------------------------
2025-12-16 18:41:27,228 EPOCH 66 done: loss 0.3573 - lr: 0.003125
2025-12-16 18:41:29,043 DEV : loss 0.6001624464988708 - f1-score (micro avg)  0.7849
2025-12-16 18:41:29,054  - 2 epochs without improvement
2025-12-16 18:41:29,054 ----------------------------------------------------------------------------------------------------
2025-12-16 18:41:32,649 epoch 67 - iter 17/171 - loss 0.35280242 - time (sec): 3.59 - samples/sec: 2802.76 - lr: 0.003125 - momentum: 0.000000
2025-12-16 18:41:36,411 epoch 67 - iter 34/171 - loss 0.36609187 - time (sec): 7.36 - samples/sec: 2789.10 - lr: 0.003125 - momentum: 0.000000
2025-12-16 18:41:40,018 epoch 67 - iter 51/171 - loss 0.37190803 - time (sec): 10.96 - samples/sec: 2769.32 - lr: 0.003125 - momentum: 0.000000
2025-12-16 18:41:44,218 epoch 67 - iter 68/171 - loss 0.37111582 - time (sec): 15.16 - samples/sec: 2692.32 - lr: 0.003125 - momentum: 0.000000
2025-12-16 18:41:47,885 epoch 67 - iter 85/171 - loss 0.37005115 - time (sec): 18.83 - samples/sec: 2724.12 - lr: 0.003125 - momentum: 0.000000
2025-12-16 18:41:51,633 epoch 67 - iter 102/171 - loss 0.36413340 - time (sec): 22.58 - samples/sec: 2704.94 - lr: 0.003125 - momentum: 0.000000
2025-12-16 18:41:55,715 epoch 67 - iter 119/171 - loss 0.35798204 - time (sec): 26.66 - samples/sec: 2676.22 - lr: 0.003125 - momentum: 0.000000
2025-12-16 18:41:58,923 epoch 67 - iter 136/171 - loss 0.36061810 - time (sec): 29.87 - samples/sec: 2725.58 - lr: 0.003125 - momentum: 0.000000
2025-12-16 18:42:02,436 epoch 67 - iter 153/171 - loss 0.36229605 - time (sec): 33.38 - samples/sec: 2755.38 - lr: 0.003125 - momentum: 0.000000
2025-12-16 18:42:06,572 epoch 67 - iter 170/171 - loss 0.36014798 - time (sec): 37.52 - samples/sec: 2724.39 - lr: 0.003125 - momentum: 0.000000
2025-12-16 18:42:06,600 ----------------------------------------------------------------------------------------------------
2025-12-16 18:42:06,600 EPOCH 67 done: loss 0.3601 - lr: 0.003125
2025-12-16 18:42:08,762 DEV : loss 0.5998175740242004 - f1-score (micro avg)  0.7861
2025-12-16 18:42:08,772  - 3 epochs without improvement
2025-12-16 18:42:08,773 ----------------------------------------------------------------------------------------------------
2025-12-16 18:42:12,202 epoch 68 - iter 17/171 - loss 0.36036312 - time (sec): 3.43 - samples/sec: 2901.01 - lr: 0.003125 - momentum: 0.000000
2025-12-16 18:42:15,233 epoch 68 - iter 34/171 - loss 0.33863156 - time (sec): 6.46 - samples/sec: 3117.97 - lr: 0.003125 - momentum: 0.000000
2025-12-16 18:42:18,644 epoch 68 - iter 51/171 - loss 0.35188859 - time (sec): 9.87 - samples/sec: 3053.16 - lr: 0.003125 - momentum: 0.000000
2025-12-16 18:42:22,307 epoch 68 - iter 68/171 - loss 0.34409847 - time (sec): 13.53 - samples/sec: 2996.00 - lr: 0.003125 - momentum: 0.000000
2025-12-16 18:42:26,043 epoch 68 - iter 85/171 - loss 0.35808661 - time (sec): 17.27 - samples/sec: 2958.84 - lr: 0.003125 - momentum: 0.000000
2025-12-16 18:42:29,636 epoch 68 - iter 102/171 - loss 0.35641771 - time (sec): 20.86 - samples/sec: 2956.85 - lr: 0.003125 - momentum: 0.000000
2025-12-16 18:42:33,367 epoch 68 - iter 119/171 - loss 0.36060626 - time (sec): 24.59 - samples/sec: 2937.28 - lr: 0.003125 - momentum: 0.000000
2025-12-16 18:42:36,743 epoch 68 - iter 136/171 - loss 0.35650381 - time (sec): 27.97 - samples/sec: 2942.02 - lr: 0.003125 - momentum: 0.000000
2025-12-16 18:42:40,040 epoch 68 - iter 153/171 - loss 0.35673595 - time (sec): 31.27 - samples/sec: 2941.12 - lr: 0.003125 - momentum: 0.000000
2025-12-16 18:42:43,661 epoch 68 - iter 170/171 - loss 0.35698408 - time (sec): 34.89 - samples/sec: 2928.14 - lr: 0.003125 - momentum: 0.000000
2025-12-16 18:42:43,744 ----------------------------------------------------------------------------------------------------
2025-12-16 18:42:43,744 EPOCH 68 done: loss 0.3568 - lr: 0.003125
2025-12-16 18:42:45,462 DEV : loss 0.5959756374359131 - f1-score (micro avg)  0.7842
2025-12-16 18:42:45,473  - 4 epochs without improvement (above 'patience')-> annealing learning_rate to [0.0015625]
2025-12-16 18:42:45,474 ----------------------------------------------------------------------------------------------------
2025-12-16 18:42:49,160 epoch 69 - iter 17/171 - loss 0.35488500 - time (sec): 3.69 - samples/sec: 2616.65 - lr: 0.001563 - momentum: 0.000000
2025-12-16 18:42:53,308 epoch 69 - iter 34/171 - loss 0.34582602 - time (sec): 7.83 - samples/sec: 2612.22 - lr: 0.001563 - momentum: 0.000000
2025-12-16 18:42:57,525 epoch 69 - iter 51/171 - loss 0.33906263 - time (sec): 12.05 - samples/sec: 2548.90 - lr: 0.001563 - momentum: 0.000000
2025-12-16 18:43:01,489 epoch 69 - iter 68/171 - loss 0.33483616 - time (sec): 16.01 - samples/sec: 2546.84 - lr: 0.001563 - momentum: 0.000000
2025-12-16 18:43:05,466 epoch 69 - iter 85/171 - loss 0.33215063 - time (sec): 19.99 - samples/sec: 2540.98 - lr: 0.001563 - momentum: 0.000000
2025-12-16 18:43:09,500 epoch 69 - iter 102/171 - loss 0.34260244 - time (sec): 24.03 - samples/sec: 2546.27 - lr: 0.001563 - momentum: 0.000000
2025-12-16 18:43:12,982 epoch 69 - iter 119/171 - loss 0.34517593 - time (sec): 27.51 - samples/sec: 2590.48 - lr: 0.001563 - momentum: 0.000000
2025-12-16 18:43:16,687 epoch 69 - iter 136/171 - loss 0.34777420 - time (sec): 31.21 - samples/sec: 2611.32 - lr: 0.001563 - momentum: 0.000000
2025-12-16 18:43:20,611 epoch 69 - iter 153/171 - loss 0.35208885 - time (sec): 35.14 - samples/sec: 2622.83 - lr: 0.001563 - momentum: 0.000000
2025-12-16 18:43:24,694 epoch 69 - iter 170/171 - loss 0.35492813 - time (sec): 39.22 - samples/sec: 2605.13 - lr: 0.001563 - momentum: 0.000000
2025-12-16 18:43:24,798 ----------------------------------------------------------------------------------------------------
2025-12-16 18:43:24,798 EPOCH 69 done: loss 0.3549 - lr: 0.001563
2025-12-16 18:43:26,699 DEV : loss 0.6006287932395935 - f1-score (micro avg)  0.7849
2025-12-16 18:43:26,709  - 1 epochs without improvement
2025-12-16 18:43:26,710 ----------------------------------------------------------------------------------------------------
2025-12-16 18:43:29,892 epoch 70 - iter 17/171 - loss 0.38263583 - time (sec): 3.18 - samples/sec: 3156.00 - lr: 0.001563 - momentum: 0.000000
2025-12-16 18:43:33,986 epoch 70 - iter 34/171 - loss 0.37920299 - time (sec): 7.28 - samples/sec: 2850.10 - lr: 0.001563 - momentum: 0.000000
2025-12-16 18:43:37,500 epoch 70 - iter 51/171 - loss 0.36768784 - time (sec): 10.79 - samples/sec: 2861.40 - lr: 0.001563 - momentum: 0.000000
2025-12-16 18:43:40,694 epoch 70 - iter 68/171 - loss 0.35838762 - time (sec): 13.98 - samples/sec: 2922.04 - lr: 0.001563 - momentum: 0.000000
2025-12-16 18:43:44,437 epoch 70 - iter 85/171 - loss 0.35718829 - time (sec): 17.73 - samples/sec: 2863.12 - lr: 0.001563 - momentum: 0.000000
2025-12-16 18:43:47,853 epoch 70 - iter 102/171 - loss 0.35827034 - time (sec): 21.14 - samples/sec: 2881.45 - lr: 0.001563 - momentum: 0.000000
2025-12-16 18:43:51,099 epoch 70 - iter 119/171 - loss 0.35302676 - time (sec): 24.39 - samples/sec: 2896.08 - lr: 0.001563 - momentum: 0.000000
2025-12-16 18:43:54,775 epoch 70 - iter 136/171 - loss 0.36076301 - time (sec): 28.06 - samples/sec: 2903.33 - lr: 0.001563 - momentum: 0.000000
2025-12-16 18:43:58,478 epoch 70 - iter 153/171 - loss 0.36235001 - time (sec): 31.77 - samples/sec: 2900.26 - lr: 0.001563 - momentum: 0.000000
2025-12-16 18:44:01,694 epoch 70 - iter 170/171 - loss 0.35907430 - time (sec): 34.98 - samples/sec: 2920.84 - lr: 0.001563 - momentum: 0.000000
2025-12-16 18:44:01,764 ----------------------------------------------------------------------------------------------------
2025-12-16 18:44:01,764 EPOCH 70 done: loss 0.3590 - lr: 0.001563
2025-12-16 18:44:04,077 DEV : loss 0.6018496751785278 - f1-score (micro avg)  0.7852
2025-12-16 18:44:04,087  - 2 epochs without improvement
2025-12-16 18:44:04,088 ----------------------------------------------------------------------------------------------------
2025-12-16 18:44:07,624 epoch 71 - iter 17/171 - loss 0.34723907 - time (sec): 3.54 - samples/sec: 2892.00 - lr: 0.001563 - momentum: 0.000000
2025-12-16 18:44:11,504 epoch 71 - iter 34/171 - loss 0.33083766 - time (sec): 7.42 - samples/sec: 2785.25 - lr: 0.001563 - momentum: 0.000000
2025-12-16 18:44:15,279 epoch 71 - iter 51/171 - loss 0.33591201 - time (sec): 11.19 - samples/sec: 2789.51 - lr: 0.001563 - momentum: 0.000000
2025-12-16 18:44:18,508 epoch 71 - iter 68/171 - loss 0.34535662 - time (sec): 14.42 - samples/sec: 2854.21 - lr: 0.001563 - momentum: 0.000000
2025-12-16 18:44:22,393 epoch 71 - iter 85/171 - loss 0.35614963 - time (sec): 18.30 - samples/sec: 2805.13 - lr: 0.001563 - momentum: 0.000000
2025-12-16 18:44:25,496 epoch 71 - iter 102/171 - loss 0.35936261 - time (sec): 21.41 - samples/sec: 2859.75 - lr: 0.001563 - momentum: 0.000000
2025-12-16 18:44:28,959 epoch 71 - iter 119/171 - loss 0.35702918 - time (sec): 24.87 - samples/sec: 2873.46 - lr: 0.001563 - momentum: 0.000000
2025-12-16 18:44:32,500 epoch 71 - iter 136/171 - loss 0.36199810 - time (sec): 28.41 - samples/sec: 2886.15 - lr: 0.001563 - momentum: 0.000000
2025-12-16 18:44:36,510 epoch 71 - iter 153/171 - loss 0.35865126 - time (sec): 32.42 - samples/sec: 2850.14 - lr: 0.001563 - momentum: 0.000000
2025-12-16 18:44:39,675 epoch 71 - iter 170/171 - loss 0.35668262 - time (sec): 35.59 - samples/sec: 2870.83 - lr: 0.001563 - momentum: 0.000000
2025-12-16 18:44:39,735 ----------------------------------------------------------------------------------------------------
2025-12-16 18:44:39,735 EPOCH 71 done: loss 0.3567 - lr: 0.001563
2025-12-16 18:44:41,412 DEV : loss 0.5989509224891663 - f1-score (micro avg)  0.7843
2025-12-16 18:44:41,424  - 3 epochs without improvement
2025-12-16 18:44:41,425 ----------------------------------------------------------------------------------------------------
2025-12-16 18:44:45,322 epoch 72 - iter 17/171 - loss 0.37302110 - time (sec): 3.90 - samples/sec: 2778.49 - lr: 0.001563 - momentum: 0.000000
2025-12-16 18:44:49,202 epoch 72 - iter 34/171 - loss 0.38133882 - time (sec): 7.78 - samples/sec: 2723.84 - lr: 0.001563 - momentum: 0.000000
2025-12-16 18:44:52,508 epoch 72 - iter 51/171 - loss 0.37952862 - time (sec): 11.08 - samples/sec: 2817.12 - lr: 0.001563 - momentum: 0.000000
2025-12-16 18:44:55,982 epoch 72 - iter 68/171 - loss 0.36772854 - time (sec): 14.56 - samples/sec: 2843.54 - lr: 0.001563 - momentum: 0.000000
2025-12-16 18:44:59,493 epoch 72 - iter 85/171 - loss 0.36249034 - time (sec): 18.07 - samples/sec: 2836.42 - lr: 0.001563 - momentum: 0.000000
2025-12-16 18:45:02,798 epoch 72 - iter 102/171 - loss 0.35615037 - time (sec): 21.37 - samples/sec: 2859.28 - lr: 0.001563 - momentum: 0.000000
2025-12-16 18:45:06,459 epoch 72 - iter 119/171 - loss 0.35733969 - time (sec): 25.03 - samples/sec: 2838.11 - lr: 0.001563 - momentum: 0.000000
2025-12-16 18:45:10,338 epoch 72 - iter 136/171 - loss 0.35847360 - time (sec): 28.91 - samples/sec: 2822.27 - lr: 0.001563 - momentum: 0.000000
2025-12-16 18:45:13,837 epoch 72 - iter 153/171 - loss 0.35908779 - time (sec): 32.41 - samples/sec: 2835.61 - lr: 0.001563 - momentum: 0.000000
2025-12-16 18:45:17,038 epoch 72 - iter 170/171 - loss 0.35794872 - time (sec): 35.61 - samples/sec: 2869.24 - lr: 0.001563 - momentum: 0.000000
2025-12-16 18:45:17,095 ----------------------------------------------------------------------------------------------------
2025-12-16 18:45:17,095 EPOCH 72 done: loss 0.3577 - lr: 0.001563
2025-12-16 18:45:19,102 DEV : loss 0.5960814356803894 - f1-score (micro avg)  0.7848
2025-12-16 18:45:19,114  - 4 epochs without improvement (above 'patience')-> annealing learning_rate to [0.00078125]
2025-12-16 18:45:19,115 ----------------------------------------------------------------------------------------------------
2025-12-16 18:45:22,890 epoch 73 - iter 17/171 - loss 0.37650009 - time (sec): 3.77 - samples/sec: 2668.28 - lr: 0.000781 - momentum: 0.000000
2025-12-16 18:45:26,718 epoch 73 - iter 34/171 - loss 0.37911990 - time (sec): 7.60 - samples/sec: 2680.38 - lr: 0.000781 - momentum: 0.000000
2025-12-16 18:45:30,550 epoch 73 - iter 51/171 - loss 0.37495559 - time (sec): 11.43 - samples/sec: 2652.67 - lr: 0.000781 - momentum: 0.000000
2025-12-16 18:45:34,222 epoch 73 - iter 68/171 - loss 0.36057534 - time (sec): 15.11 - samples/sec: 2688.03 - lr: 0.000781 - momentum: 0.000000
2025-12-16 18:45:38,936 epoch 73 - iter 85/171 - loss 0.35103912 - time (sec): 19.82 - samples/sec: 2557.09 - lr: 0.000781 - momentum: 0.000000
2025-12-16 18:45:42,371 epoch 73 - iter 102/171 - loss 0.35052154 - time (sec): 23.26 - samples/sec: 2610.78 - lr: 0.000781 - momentum: 0.000000
2025-12-16 18:45:45,778 epoch 73 - iter 119/171 - loss 0.34799967 - time (sec): 26.66 - samples/sec: 2648.53 - lr: 0.000781 - momentum: 0.000000
2025-12-16 18:45:49,012 epoch 73 - iter 136/171 - loss 0.35268103 - time (sec): 29.90 - samples/sec: 2704.97 - lr: 0.000781 - momentum: 0.000000
2025-12-16 18:45:52,393 epoch 73 - iter 153/171 - loss 0.35314346 - time (sec): 33.28 - samples/sec: 2728.88 - lr: 0.000781 - momentum: 0.000000
2025-12-16 18:45:56,187 epoch 73 - iter 170/171 - loss 0.35467183 - time (sec): 37.07 - samples/sec: 2756.34 - lr: 0.000781 - momentum: 0.000000
2025-12-16 18:45:56,258 ----------------------------------------------------------------------------------------------------
2025-12-16 18:45:56,258 EPOCH 73 done: loss 0.3549 - lr: 0.000781
2025-12-16 18:45:57,854 DEV : loss 0.5995632410049438 - f1-score (micro avg)  0.784
2025-12-16 18:45:57,864  - 1 epochs without improvement
2025-12-16 18:45:57,865 ----------------------------------------------------------------------------------------------------
2025-12-16 18:46:00,949 epoch 74 - iter 17/171 - loss 0.36073738 - time (sec): 3.08 - samples/sec: 3147.96 - lr: 0.000781 - momentum: 0.000000
2025-12-16 18:46:04,489 epoch 74 - iter 34/171 - loss 0.34128688 - time (sec): 6.62 - samples/sec: 2965.19 - lr: 0.000781 - momentum: 0.000000
2025-12-16 18:46:07,979 epoch 74 - iter 51/171 - loss 0.35027868 - time (sec): 10.11 - samples/sec: 2980.27 - lr: 0.000781 - momentum: 0.000000
2025-12-16 18:46:11,468 epoch 74 - iter 68/171 - loss 0.35294904 - time (sec): 13.60 - samples/sec: 2954.98 - lr: 0.000781 - momentum: 0.000000
2025-12-16 18:46:15,019 epoch 74 - iter 85/171 - loss 0.35118194 - time (sec): 17.15 - samples/sec: 2948.15 - lr: 0.000781 - momentum: 0.000000
2025-12-16 18:46:18,433 epoch 74 - iter 102/171 - loss 0.35336551 - time (sec): 20.57 - samples/sec: 2960.77 - lr: 0.000781 - momentum: 0.000000
2025-12-16 18:46:22,269 epoch 74 - iter 119/171 - loss 0.35819113 - time (sec): 24.40 - samples/sec: 2924.49 - lr: 0.000781 - momentum: 0.000000
2025-12-16 18:46:25,371 epoch 74 - iter 136/171 - loss 0.35452900 - time (sec): 27.50 - samples/sec: 2953.58 - lr: 0.000781 - momentum: 0.000000
2025-12-16 18:46:29,215 epoch 74 - iter 153/171 - loss 0.35210344 - time (sec): 31.35 - samples/sec: 2921.42 - lr: 0.000781 - momentum: 0.000000
2025-12-16 18:46:32,774 epoch 74 - iter 170/171 - loss 0.35227304 - time (sec): 34.91 - samples/sec: 2926.03 - lr: 0.000781 - momentum: 0.000000
2025-12-16 18:46:32,865 ----------------------------------------------------------------------------------------------------
2025-12-16 18:46:32,866 EPOCH 74 done: loss 0.3524 - lr: 0.000781
2025-12-16 18:46:34,553 DEV : loss 0.5996389985084534 - f1-score (micro avg)  0.7843
2025-12-16 18:46:34,564  - 2 epochs without improvement
2025-12-16 18:46:34,565 ----------------------------------------------------------------------------------------------------
2025-12-16 18:46:37,673 epoch 75 - iter 17/171 - loss 0.36988369 - time (sec): 3.11 - samples/sec: 3210.61 - lr: 0.000781 - momentum: 0.000000
2025-12-16 18:46:40,611 epoch 75 - iter 34/171 - loss 0.35612489 - time (sec): 6.05 - samples/sec: 3194.52 - lr: 0.000781 - momentum: 0.000000
2025-12-16 18:46:44,277 epoch 75 - iter 51/171 - loss 0.36061589 - time (sec): 9.71 - samples/sec: 3005.10 - lr: 0.000781 - momentum: 0.000000
2025-12-16 18:46:47,973 epoch 75 - iter 68/171 - loss 0.36035187 - time (sec): 13.41 - samples/sec: 2966.32 - lr: 0.000781 - momentum: 0.000000
2025-12-16 18:46:52,034 epoch 75 - iter 85/171 - loss 0.35958840 - time (sec): 17.47 - samples/sec: 2861.69 - lr: 0.000781 - momentum: 0.000000
2025-12-16 18:46:56,396 epoch 75 - iter 102/171 - loss 0.35749523 - time (sec): 21.83 - samples/sec: 2800.76 - lr: 0.000781 - momentum: 0.000000
2025-12-16 18:46:59,911 epoch 75 - iter 119/171 - loss 0.35611704 - time (sec): 25.34 - samples/sec: 2810.05 - lr: 0.000781 - momentum: 0.000000
2025-12-16 18:47:03,875 epoch 75 - iter 136/171 - loss 0.35701392 - time (sec): 29.31 - samples/sec: 2795.70 - lr: 0.000781 - momentum: 0.000000
2025-12-16 18:47:07,552 epoch 75 - iter 153/171 - loss 0.35710643 - time (sec): 32.99 - samples/sec: 2795.30 - lr: 0.000781 - momentum: 0.000000
2025-12-16 18:47:10,900 epoch 75 - iter 170/171 - loss 0.35575090 - time (sec): 36.33 - samples/sec: 2812.64 - lr: 0.000781 - momentum: 0.000000
2025-12-16 18:47:10,953 ----------------------------------------------------------------------------------------------------
2025-12-16 18:47:10,954 EPOCH 75 done: loss 0.3557 - lr: 0.000781
2025-12-16 18:47:13,280 DEV : loss 0.6014918684959412 - f1-score (micro avg)  0.7843
2025-12-16 18:47:13,289  - 3 epochs without improvement
2025-12-16 18:47:13,291 ----------------------------------------------------------------------------------------------------
2025-12-16 18:47:17,140 epoch 76 - iter 17/171 - loss 0.36656748 - time (sec): 3.85 - samples/sec: 2743.89 - lr: 0.000781 - momentum: 0.000000
2025-12-16 18:47:21,311 epoch 76 - iter 34/171 - loss 0.37306363 - time (sec): 8.02 - samples/sec: 2639.95 - lr: 0.000781 - momentum: 0.000000
2025-12-16 18:47:25,463 epoch 76 - iter 51/171 - loss 0.38019161 - time (sec): 12.17 - samples/sec: 2588.30 - lr: 0.000781 - momentum: 0.000000
2025-12-16 18:47:29,039 epoch 76 - iter 68/171 - loss 0.37288782 - time (sec): 15.75 - samples/sec: 2656.99 - lr: 0.000781 - momentum: 0.000000
2025-12-16 18:47:32,399 epoch 76 - iter 85/171 - loss 0.36840583 - time (sec): 19.11 - samples/sec: 2708.16 - lr: 0.000781 - momentum: 0.000000
2025-12-16 18:47:35,804 epoch 76 - iter 102/171 - loss 0.36427994 - time (sec): 22.51 - samples/sec: 2732.84 - lr: 0.000781 - momentum: 0.000000
2025-12-16 18:47:39,506 epoch 76 - iter 119/171 - loss 0.36416376 - time (sec): 26.22 - samples/sec: 2728.16 - lr: 0.000781 - momentum: 0.000000
2025-12-16 18:47:43,552 epoch 76 - iter 136/171 - loss 0.36121824 - time (sec): 30.26 - samples/sec: 2693.71 - lr: 0.000781 - momentum: 0.000000
2025-12-16 18:47:47,217 epoch 76 - iter 153/171 - loss 0.36316590 - time (sec): 33.93 - samples/sec: 2706.77 - lr: 0.000781 - momentum: 0.000000
2025-12-16 18:47:50,617 epoch 76 - iter 170/171 - loss 0.35778948 - time (sec): 37.33 - samples/sec: 2737.69 - lr: 0.000781 - momentum: 0.000000
2025-12-16 18:47:50,677 ----------------------------------------------------------------------------------------------------
2025-12-16 18:47:50,677 EPOCH 76 done: loss 0.3576 - lr: 0.000781
2025-12-16 18:47:52,338 DEV : loss 0.6009101867675781 - f1-score (micro avg)  0.784
2025-12-16 18:47:52,349  - 4 epochs without improvement (above 'patience')-> annealing learning_rate to [0.000390625]
2025-12-16 18:47:52,350 ----------------------------------------------------------------------------------------------------
2025-12-16 18:47:56,004 epoch 77 - iter 17/171 - loss 0.33808212 - time (sec): 3.65 - samples/sec: 2880.96 - lr: 0.000391 - momentum: 0.000000
2025-12-16 18:47:59,123 epoch 77 - iter 34/171 - loss 0.32373556 - time (sec): 6.77 - samples/sec: 3000.77 - lr: 0.000391 - momentum: 0.000000
2025-12-16 18:48:02,522 epoch 77 - iter 51/171 - loss 0.33694856 - time (sec): 10.17 - samples/sec: 3016.28 - lr: 0.000391 - momentum: 0.000000
2025-12-16 18:48:05,597 epoch 77 - iter 68/171 - loss 0.33968100 - time (sec): 13.25 - samples/sec: 3061.66 - lr: 0.000391 - momentum: 0.000000
2025-12-16 18:48:08,713 epoch 77 - iter 85/171 - loss 0.34091882 - time (sec): 16.36 - samples/sec: 3091.47 - lr: 0.000391 - momentum: 0.000000
2025-12-16 18:48:11,690 epoch 77 - iter 102/171 - loss 0.34422176 - time (sec): 19.34 - samples/sec: 3134.94 - lr: 0.000391 - momentum: 0.000000
2025-12-16 18:48:15,222 epoch 77 - iter 119/171 - loss 0.34865258 - time (sec): 22.87 - samples/sec: 3101.19 - lr: 0.000391 - momentum: 0.000000
2025-12-16 18:48:18,961 epoch 77 - iter 136/171 - loss 0.35250401 - time (sec): 26.61 - samples/sec: 3077.88 - lr: 0.000391 - momentum: 0.000000
2025-12-16 18:48:22,402 epoch 77 - iter 153/171 - loss 0.35108687 - time (sec): 30.05 - samples/sec: 3050.78 - lr: 0.000391 - momentum: 0.000000
2025-12-16 18:48:26,043 epoch 77 - iter 170/171 - loss 0.35056580 - time (sec): 33.69 - samples/sec: 3033.31 - lr: 0.000391 - momentum: 0.000000
2025-12-16 18:48:26,087 ----------------------------------------------------------------------------------------------------
2025-12-16 18:48:26,087 EPOCH 77 done: loss 0.3505 - lr: 0.000391
2025-12-16 18:48:27,796 DEV : loss 0.6018127202987671 - f1-score (micro avg)  0.7843
2025-12-16 18:48:27,807  - 1 epochs without improvement
2025-12-16 18:48:27,808 ----------------------------------------------------------------------------------------------------
2025-12-16 18:48:31,462 epoch 78 - iter 17/171 - loss 0.37660296 - time (sec): 3.65 - samples/sec: 2844.40 - lr: 0.000391 - momentum: 0.000000
2025-12-16 18:48:35,276 epoch 78 - iter 34/171 - loss 0.35074608 - time (sec): 7.47 - samples/sec: 2789.97 - lr: 0.000391 - momentum: 0.000000
2025-12-16 18:48:38,718 epoch 78 - iter 51/171 - loss 0.35861562 - time (sec): 10.91 - samples/sec: 2852.85 - lr: 0.000391 - momentum: 0.000000
2025-12-16 18:48:42,136 epoch 78 - iter 68/171 - loss 0.35827984 - time (sec): 14.33 - samples/sec: 2882.68 - lr: 0.000391 - momentum: 0.000000
2025-12-16 18:48:45,378 epoch 78 - iter 85/171 - loss 0.36463531 - time (sec): 17.57 - samples/sec: 2955.47 - lr: 0.000391 - momentum: 0.000000
2025-12-16 18:48:48,600 epoch 78 - iter 102/171 - loss 0.36077994 - time (sec): 20.79 - samples/sec: 2959.23 - lr: 0.000391 - momentum: 0.000000
2025-12-16 18:48:52,210 epoch 78 - iter 119/171 - loss 0.35926541 - time (sec): 24.40 - samples/sec: 2943.20 - lr: 0.000391 - momentum: 0.000000
2025-12-16 18:48:55,174 epoch 78 - iter 136/171 - loss 0.35603301 - time (sec): 27.37 - samples/sec: 2987.63 - lr: 0.000391 - momentum: 0.000000
2025-12-16 18:48:58,462 epoch 78 - iter 153/171 - loss 0.35619584 - time (sec): 30.65 - samples/sec: 3000.68 - lr: 0.000391 - momentum: 0.000000
2025-12-16 18:49:02,101 epoch 78 - iter 170/171 - loss 0.35495128 - time (sec): 34.29 - samples/sec: 2979.94 - lr: 0.000391 - momentum: 0.000000
2025-12-16 18:49:02,176 ----------------------------------------------------------------------------------------------------
2025-12-16 18:49:02,176 EPOCH 78 done: loss 0.3548 - lr: 0.000391
2025-12-16 18:49:04,324 DEV : loss 0.6022855043411255 - f1-score (micro avg)  0.7842
2025-12-16 18:49:04,335  - 2 epochs without improvement
2025-12-16 18:49:04,335 ----------------------------------------------------------------------------------------------------
2025-12-16 18:49:07,981 epoch 79 - iter 17/171 - loss 0.37244578 - time (sec): 3.65 - samples/sec: 2875.31 - lr: 0.000391 - momentum: 0.000000
2025-12-16 18:49:11,008 epoch 79 - iter 34/171 - loss 0.35891929 - time (sec): 6.67 - samples/sec: 3078.42 - lr: 0.000391 - momentum: 0.000000
2025-12-16 18:49:14,303 epoch 79 - iter 51/171 - loss 0.35512374 - time (sec): 9.97 - samples/sec: 3063.83 - lr: 0.000391 - momentum: 0.000000
2025-12-16 18:49:17,958 epoch 79 - iter 68/171 - loss 0.35211661 - time (sec): 13.62 - samples/sec: 3031.08 - lr: 0.000391 - momentum: 0.000000
2025-12-16 18:49:21,581 epoch 79 - iter 85/171 - loss 0.35441921 - time (sec): 17.25 - samples/sec: 2983.74 - lr: 0.000391 - momentum: 0.000000
2025-12-16 18:49:25,186 epoch 79 - iter 102/171 - loss 0.35208298 - time (sec): 20.85 - samples/sec: 2951.19 - lr: 0.000391 - momentum: 0.000000
2025-12-16 18:49:28,653 epoch 79 - iter 119/171 - loss 0.34681801 - time (sec): 24.32 - samples/sec: 2960.79 - lr: 0.000391 - momentum: 0.000000
2025-12-16 18:49:32,123 epoch 79 - iter 136/171 - loss 0.34712518 - time (sec): 27.79 - samples/sec: 2945.32 - lr: 0.000391 - momentum: 0.000000
2025-12-16 18:49:36,009 epoch 79 - iter 153/171 - loss 0.35270468 - time (sec): 31.67 - samples/sec: 2914.21 - lr: 0.000391 - momentum: 0.000000
2025-12-16 18:49:39,428 epoch 79 - iter 170/171 - loss 0.35753477 - time (sec): 35.09 - samples/sec: 2911.49 - lr: 0.000391 - momentum: 0.000000
2025-12-16 18:49:39,627 ----------------------------------------------------------------------------------------------------
2025-12-16 18:49:39,627 EPOCH 79 done: loss 0.3576 - lr: 0.000391
2025-12-16 18:49:41,367 DEV : loss 0.601311981678009 - f1-score (micro avg)  0.784
2025-12-16 18:49:41,378  - 3 epochs without improvement
2025-12-16 18:49:41,379 ----------------------------------------------------------------------------------------------------
2025-12-16 18:49:45,588 epoch 80 - iter 17/171 - loss 0.39695316 - time (sec): 4.21 - samples/sec: 2496.01 - lr: 0.000391 - momentum: 0.000000
2025-12-16 18:49:49,126 epoch 80 - iter 34/171 - loss 0.39082269 - time (sec): 7.75 - samples/sec: 2713.01 - lr: 0.000391 - momentum: 0.000000
2025-12-16 18:49:52,174 epoch 80 - iter 51/171 - loss 0.37700749 - time (sec): 10.79 - samples/sec: 2871.13 - lr: 0.000391 - momentum: 0.000000
2025-12-16 18:49:55,431 epoch 80 - iter 68/171 - loss 0.36272107 - time (sec): 14.05 - samples/sec: 2907.61 - lr: 0.000391 - momentum: 0.000000
2025-12-16 18:49:58,619 epoch 80 - iter 85/171 - loss 0.36069699 - time (sec): 17.24 - samples/sec: 2935.74 - lr: 0.000391 - momentum: 0.000000
2025-12-16 18:50:01,854 epoch 80 - iter 102/171 - loss 0.35675351 - time (sec): 20.48 - samples/sec: 2970.62 - lr: 0.000391 - momentum: 0.000000
2025-12-16 18:50:04,835 epoch 80 - iter 119/171 - loss 0.35610734 - time (sec): 23.46 - samples/sec: 3027.33 - lr: 0.000391 - momentum: 0.000000
2025-12-16 18:50:08,235 epoch 80 - iter 136/171 - loss 0.35261687 - time (sec): 26.86 - samples/sec: 3024.56 - lr: 0.000391 - momentum: 0.000000
2025-12-16 18:50:11,633 epoch 80 - iter 153/171 - loss 0.35732348 - time (sec): 30.25 - samples/sec: 3026.68 - lr: 0.000391 - momentum: 0.000000
2025-12-16 18:50:15,440 epoch 80 - iter 170/171 - loss 0.35560087 - time (sec): 34.06 - samples/sec: 3000.17 - lr: 0.000391 - momentum: 0.000000
2025-12-16 18:50:15,506 ----------------------------------------------------------------------------------------------------
2025-12-16 18:50:15,506 EPOCH 80 done: loss 0.3557 - lr: 0.000391
2025-12-16 18:50:17,114 DEV : loss 0.601325273513794 - f1-score (micro avg)  0.784
2025-12-16 18:50:17,124  - 4 epochs without improvement (above 'patience')-> annealing learning_rate to [0.0001953125]
2025-12-16 18:50:17,124 ----------------------------------------------------------------------------------------------------
2025-12-16 18:50:20,541 epoch 81 - iter 17/171 - loss 0.34709307 - time (sec): 3.42 - samples/sec: 2984.67 - lr: 0.000195 - momentum: 0.000000
2025-12-16 18:50:23,975 epoch 81 - iter 34/171 - loss 0.35238809 - time (sec): 6.85 - samples/sec: 3010.77 - lr: 0.000195 - momentum: 0.000000
2025-12-16 18:50:27,440 epoch 81 - iter 51/171 - loss 0.34101431 - time (sec): 10.32 - samples/sec: 3009.98 - lr: 0.000195 - momentum: 0.000000
2025-12-16 18:50:30,312 epoch 81 - iter 68/171 - loss 0.34585399 - time (sec): 13.19 - samples/sec: 3109.14 - lr: 0.000195 - momentum: 0.000000
2025-12-16 18:50:33,514 epoch 81 - iter 85/171 - loss 0.35021597 - time (sec): 16.39 - samples/sec: 3112.05 - lr: 0.000195 - momentum: 0.000000
2025-12-16 18:50:36,659 epoch 81 - iter 102/171 - loss 0.35205738 - time (sec): 19.53 - samples/sec: 3133.89 - lr: 0.000195 - momentum: 0.000000
2025-12-16 18:50:40,488 epoch 81 - iter 119/171 - loss 0.35437611 - time (sec): 23.36 - samples/sec: 3084.03 - lr: 0.000195 - momentum: 0.000000
2025-12-16 18:50:44,499 epoch 81 - iter 136/171 - loss 0.35726674 - time (sec): 27.37 - samples/sec: 3010.71 - lr: 0.000195 - momentum: 0.000000
2025-12-16 18:50:47,886 epoch 81 - iter 153/171 - loss 0.35721831 - time (sec): 30.76 - samples/sec: 3004.08 - lr: 0.000195 - momentum: 0.000000
2025-12-16 18:50:51,001 epoch 81 - iter 170/171 - loss 0.35363909 - time (sec): 33.88 - samples/sec: 3015.95 - lr: 0.000195 - momentum: 0.000000
2025-12-16 18:50:51,046 ----------------------------------------------------------------------------------------------------
2025-12-16 18:50:51,046 EPOCH 81 done: loss 0.3536 - lr: 0.000195
2025-12-16 18:50:53,338 DEV : loss 0.6015374064445496 - f1-score (micro avg)  0.7845
2025-12-16 18:50:53,349  - 1 epochs without improvement
2025-12-16 18:50:53,350 ----------------------------------------------------------------------------------------------------
2025-12-16 18:50:57,197 epoch 82 - iter 17/171 - loss 0.34305693 - time (sec): 3.85 - samples/sec: 2691.36 - lr: 0.000195 - momentum: 0.000000
2025-12-16 18:51:00,125 epoch 82 - iter 34/171 - loss 0.34760538 - time (sec): 6.78 - samples/sec: 2995.20 - lr: 0.000195 - momentum: 0.000000
2025-12-16 18:51:03,827 epoch 82 - iter 51/171 - loss 0.35921071 - time (sec): 10.48 - samples/sec: 2941.01 - lr: 0.000195 - momentum: 0.000000
2025-12-16 18:51:07,422 epoch 82 - iter 68/171 - loss 0.36353261 - time (sec): 14.07 - samples/sec: 2894.26 - lr: 0.000195 - momentum: 0.000000
2025-12-16 18:51:10,430 epoch 82 - iter 85/171 - loss 0.36080837 - time (sec): 17.08 - samples/sec: 2958.67 - lr: 0.000195 - momentum: 0.000000
2025-12-16 18:51:13,482 epoch 82 - iter 102/171 - loss 0.35641745 - time (sec): 20.13 - samples/sec: 3025.75 - lr: 0.000195 - momentum: 0.000000
2025-12-16 18:51:16,786 epoch 82 - iter 119/171 - loss 0.35513346 - time (sec): 23.44 - samples/sec: 3053.77 - lr: 0.000195 - momentum: 0.000000
2025-12-16 18:51:20,422 epoch 82 - iter 136/171 - loss 0.35244770 - time (sec): 27.07 - samples/sec: 3022.32 - lr: 0.000195 - momentum: 0.000000
2025-12-16 18:51:23,752 epoch 82 - iter 153/171 - loss 0.35625194 - time (sec): 30.40 - samples/sec: 3026.83 - lr: 0.000195 - momentum: 0.000000
2025-12-16 18:51:26,747 epoch 82 - iter 170/171 - loss 0.35640717 - time (sec): 33.40 - samples/sec: 3060.94 - lr: 0.000195 - momentum: 0.000000
2025-12-16 18:51:26,773 ----------------------------------------------------------------------------------------------------
2025-12-16 18:51:26,773 EPOCH 82 done: loss 0.3566 - lr: 0.000195
2025-12-16 18:51:28,525 DEV : loss 0.6018611788749695 - f1-score (micro avg)  0.7843
2025-12-16 18:51:28,535  - 2 epochs without improvement
2025-12-16 18:51:28,536 ----------------------------------------------------------------------------------------------------
2025-12-16 18:51:31,826 epoch 83 - iter 17/171 - loss 0.30657734 - time (sec): 3.29 - samples/sec: 3017.01 - lr: 0.000195 - momentum: 0.000000
2025-12-16 18:51:34,881 epoch 83 - iter 34/171 - loss 0.32992970 - time (sec): 6.34 - samples/sec: 3195.06 - lr: 0.000195 - momentum: 0.000000
2025-12-16 18:51:38,649 epoch 83 - iter 51/171 - loss 0.36003529 - time (sec): 10.11 - samples/sec: 3028.07 - lr: 0.000195 - momentum: 0.000000
2025-12-16 18:51:42,711 epoch 83 - iter 68/171 - loss 0.35465211 - time (sec): 14.17 - samples/sec: 2894.57 - lr: 0.000195 - momentum: 0.000000
2025-12-16 18:51:46,157 epoch 83 - iter 85/171 - loss 0.34670292 - time (sec): 17.62 - samples/sec: 2905.47 - lr: 0.000195 - momentum: 0.000000
2025-12-16 18:51:49,278 epoch 83 - iter 102/171 - loss 0.34586342 - time (sec): 20.74 - samples/sec: 2962.82 - lr: 0.000195 - momentum: 0.000000
2025-12-16 18:51:51,890 epoch 83 - iter 119/171 - loss 0.34886451 - time (sec): 23.35 - samples/sec: 3035.03 - lr: 0.000195 - momentum: 0.000000
2025-12-16 18:51:55,107 epoch 83 - iter 136/171 - loss 0.35069820 - time (sec): 26.57 - samples/sec: 3048.93 - lr: 0.000195 - momentum: 0.000000
2025-12-16 18:51:58,251 epoch 83 - iter 153/171 - loss 0.34961831 - time (sec): 29.71 - samples/sec: 3071.25 - lr: 0.000195 - momentum: 0.000000
2025-12-16 18:52:02,213 epoch 83 - iter 170/171 - loss 0.35261980 - time (sec): 33.68 - samples/sec: 3035.37 - lr: 0.000195 - momentum: 0.000000
2025-12-16 18:52:02,244 ----------------------------------------------------------------------------------------------------
2025-12-16 18:52:02,245 EPOCH 83 done: loss 0.3525 - lr: 0.000195
2025-12-16 18:52:03,861 DEV : loss 0.6015135645866394 - f1-score (micro avg)  0.7843
2025-12-16 18:52:03,871  - 3 epochs without improvement
2025-12-16 18:52:03,872 ----------------------------------------------------------------------------------------------------
2025-12-16 18:52:07,453 epoch 84 - iter 17/171 - loss 0.34150585 - time (sec): 3.58 - samples/sec: 2807.29 - lr: 0.000195 - momentum: 0.000000
2025-12-16 18:52:11,009 epoch 84 - iter 34/171 - loss 0.37229821 - time (sec): 7.14 - samples/sec: 2923.73 - lr: 0.000195 - momentum: 0.000000
2025-12-16 18:52:14,270 epoch 84 - iter 51/171 - loss 0.36001581 - time (sec): 10.40 - samples/sec: 2968.54 - lr: 0.000195 - momentum: 0.000000
2025-12-16 18:52:17,440 epoch 84 - iter 68/171 - loss 0.36387378 - time (sec): 13.57 - samples/sec: 3029.50 - lr: 0.000195 - momentum: 0.000000
2025-12-16 18:52:20,880 epoch 84 - iter 85/171 - loss 0.36073197 - time (sec): 17.01 - samples/sec: 2994.71 - lr: 0.000195 - momentum: 0.000000
2025-12-16 18:52:24,259 epoch 84 - iter 102/171 - loss 0.35487630 - time (sec): 20.39 - samples/sec: 3000.35 - lr: 0.000195 - momentum: 0.000000
2025-12-16 18:52:27,351 epoch 84 - iter 119/171 - loss 0.34926292 - time (sec): 23.48 - samples/sec: 3045.68 - lr: 0.000195 - momentum: 0.000000
2025-12-16 18:52:31,448 epoch 84 - iter 136/171 - loss 0.35321573 - time (sec): 27.58 - samples/sec: 2982.37 - lr: 0.000195 - momentum: 0.000000
2025-12-16 18:52:34,595 epoch 84 - iter 153/171 - loss 0.34767862 - time (sec): 30.72 - samples/sec: 3010.22 - lr: 0.000195 - momentum: 0.000000
2025-12-16 18:52:37,560 epoch 84 - iter 170/171 - loss 0.35136528 - time (sec): 33.69 - samples/sec: 3032.43 - lr: 0.000195 - momentum: 0.000000
2025-12-16 18:52:37,636 ----------------------------------------------------------------------------------------------------
2025-12-16 18:52:37,636 EPOCH 84 done: loss 0.3515 - lr: 0.000195
2025-12-16 18:52:39,854 DEV : loss 0.6016377806663513 - f1-score (micro avg)  0.7848
2025-12-16 18:52:39,865  - 4 epochs without improvement (above 'patience')-> annealing learning_rate to [9.765625e-05]
2025-12-16 18:52:39,865 ----------------------------------------------------------------------------------------------------
2025-12-16 18:52:39,865 learning rate too small - quitting training!
2025-12-16 18:52:39,865 ----------------------------------------------------------------------------------------------------
2025-12-16 18:52:39,865 Saving model ...
2025-12-16 18:52:39,889 Done.
2025-12-16 18:52:39,889 ----------------------------------------------------------------------------------------------------
2025-12-16 18:52:39,889 Loading model from best epoch ...
2025-12-16 18:52:39,921 [b'<unk>', b'\xe2\x96\x81,', b'\xe2\x96\x81.', b'\xe2\x96\x81on', b'\xe2\x96\x81ja', b'\xe2\x96\x81ei', b'\xe2\x96\x81et', b'\xe2\x96\x81:', b'\xe2\x96\x81ka', b'\xe2\x96\x81kui', b'\xe2\x96\x81see', b'\xe2\x96\x81siis', b'\xe2\x96\x81?', b'id', b'\xe2\x96\x81ma', b'\xe2\x96\x81aga', b'\xe2\x96\x81"', b'le', b'ma', b'-', b'\xe2\x96\x81mis', b'\xe2\x96\x81nii', b'us', b'\xe2\x96\x81)', b'\xe2\x96\x81seda', b'\xe2\x96\x81oma', b'is', b'b', b'vad', b'...', b'\xe2\x96\x81pole', b'ga', b'\xe2\x96\x81ta', b'\xe2\x96\x81!', b't', b'\xe2\x96\x81oli', b'd', b'\xe2\x96\x81(', b'ks', b'\xe2\x96\x81v\xc3\xb5i', b's', b'ist', b'gi', b'u', b'\xe2\x96\x81ole', b'\xe2\x96\x81sa', b'i', b'k', b'te', b'\xe2\x96\x81-', b'se', b'da', b'm', b'st', b'in', b'ta', b'v', b'ne', b'\xe2\x96\x81kes', b'p', b'ust', b'el', b'a', b'\xe2\x96\x81...', b'\xe2\x96\x81ju', b'n', b'ja', b'\xe2\x96\x81ikka', b'\xe2\x96\x81\xc3\xa4ra', b'al', b'\xe2\x96\x81mitte', b'as', b'\xe2\x96\x81veel', b'\xe2\x96\x81oleks', b'it', b'\xe2\x96\x81v\xc3\xa4lja', b'\xe2\x96\x81juba', b'il', b'\xe2\x96\x81k\xc3\xb5ik', b'\xe2\x96\x81midagi', b'\xe2\x96\x81Kui', b'\xe2\x96\x81kas', b'r', b'h', b'ki', b'ra', b'o', b'\xe2\x96\x81selle', b'va', b'\xe2\x96\x81ise', b'ad', b'l', b'\xe2\x96\x81nagu', b'\xe2\x96\x81mida', b'\xe2\x96\x81saab', b'\xe2\x96\x81k\xc3\xbcll', b'\xe2\x96\x81Ma', b'me', b'es', b'use', b'at', b'ri', b'\xe2\x96\x81v\xc3\xa4ga', b'ik', b'\xe2\x96\x81a', b'ge', b'\xe2\x96\x81mingi', b'\xe2\x96\x81seal', b'nud', b'an', b'\xe2\x96\x81@', b'\xe2\x96\x81Ja', b'tud', b'mine', b'ke', b'\xe2\x96\x81neid', b'\xe2\x96\x81A', b'\xe2\x96\x81saa', b'\xe2\x96\x81\xc3\xbcle', b'e', b'ti', b'\xe2\x96\x81tuleb', b'\xe2\x96\x81s', b'\xe2\x96\x81need', b'\xe2\x96\x81M', b'\xe2\x96\x81olen', b'na', b're', b'\xe2\x96\x81peale', b'\xe2\x96\x81S', b'ast', b'ud', b'\xe2\x96\x81P', b'\xe2\x96\x81palju', b'\xe2\x96\x81See', b'est', b'\xe2\x96\x81Aga', b'\xe2\x96\x81v', b'ut', b'\xe2\x96\x81lihtsalt', b'takse', b'\xe2\x96\x81keegi', b'la', b'ka', b'\xe2\x96\x81ning', b'ide', b'\xe2\x96\x81ainult', b'\xe2\x96\x81iga', b'\xe2\x96\x81T', b'\xe2\x96\x81nad', b'\xe2\x96\x81p', b'\xe2\x96\x81sest', b'\xe2\x96\x81K', b'\xe2\x96\x81\xc3\xbcks', b'de', b'ar', b'\xe2\x96\x81m', b'sed', b'g', b'\xe2\x96\x81v\xc3\xb5ib', b'\xe2\x96\x81n\xc3\xbc\xc3\xbcd', b'\xe2\x96\x81kus', b'\xe2\x96\x81teha', b'\xe2\x96\x81vaid', b'ul', b'ine', b'mise', b'\xe2\x96\x81enam', b'\xe2\x96\x81aasta', b'\xe2\x96\x81asi', b'\xe2\x96\x81', b'\xe2\x96\x81Kas', b'\xe2\x96\x81tagasi', b'iks', b'gu', b'mist', b'\xe2\x96\x81olla', b'\xe2\x96\x81l', b'ub', b'ha', b'mas', b'.', b've', b'\xe2\x96\x81re', b'\xe2\x96\x81siin', b'\xe2\x96\x81E', b'\xe2\x96\x81mul', b'\xe2\x96\x81sama', b'\xe2\x96\x81vaja', b'2', b'ku', b'\xe2\x96\x81ko', b'\xe2\x96\x81rohkem', b'on', b'\xe2\x96\x81su', b'\xe2\x96\x81r', b'ise', b'\xe2\x96\x81pa', b'ida', b'\xe2\x96\x81te', b'\xe2\x96\x81peaks', b'\xe2\x96\x81le', b'\xe2\x96\x81olema', b'\xe2\x96\x812', b'/', b'y', b'f', b'\xe2\x96\x81minu', b'selt', b'\xe2\x96\x81me', b'\xe2\x96\x81saada', b'\xe2\x96\x81t', b'di', b'un', b'sin', b'\xe2\x96\x81L', b'\xe2\x96\x81auto', b'si', b'\xe2\x96\x81mina', b'\xe2\x96\x81ku', b'im', b'\xc3\xb5', b'\xe2\x96\x81eest', b'c', b'\xe2\x96\x81isegi', b'\xc3\xbc', b'er', b'\xe2\x96\x81e', b'ju', b'vi', b'iga', b'\xe2\x96\x81n', b'\xe2\x96\x81kuid', b'li', b'x', b'\xe2\x96\x81jah', b'\xe2\x96\x81aru', b'\xe2\x96\x81olnud', b'iku', b'mad', b'\xe2\x96\x81pea', b'\xe2\x96\x81enne', b'\xe2\x96\x81meie', b'\xe2\x96\x81mu', b'or', b'\xe2\x96\x81hea', b'\xe2\x96\x81p\xc3\xa4rast', b'j', b'\xe2\x96\x81ra', b'\xe2\x96\x81I', b'\xe2\x96\x81t\xc3\xb6\xc3\xb6', b'\xe2\x96\x81va', b'\xe2\x96\x81sellest', b'usest', b'ur', b'\xe2\x96\x81ette', b'\xe2\x96\x81ajal', b'\xe2\x96\x81la', b'\xe2\x96\x81kohta', b'ega', b'\xe2\x96\x81val', b'\xe2\x96\x81to', b'he', b'\xe2\x96\x81tead', b'\xe2\x96\x81Ei', b'alt', b'\xe2\x96\x81kah', b'ika', b'sti', b'miseks', b'lik', b'\xe2\x96\x81l\xc3\xa4bi', b'\xe2\x96\x81Ka', b'\xe2\x96\x81kuna', b"\xe2\x96\x81'", b'\xe2\x96\x81jne', b'\xe2\x96\x81just', b'\xe2\x96\x81v\xc3\xa4', b'\xe2\x96\x81ega', b'used', b'uks', b'\xe2\x96\x81\xc3\xbcldse', b'\xe2\x96\x81\xc3\xb5', b'pp', b'\xe2\x96\x81kuidas', b'\xe2\x96\x81kohe', b'\xe2\x96\x81suur', b'\xe2\x96\x81po', b'\xe2\x96\x81F', b'ol', b'6', b'\xe2\x96\x81V', b'\xe2\x96\x81se', b'\xe2\x96\x81loo', b'\xe2\x96\x81h', b'\xe2\x96\x81miks', b'\xe2\x96\x81tule', b'usi', b'pa', b'ita', b'\xe2\x96\x81b', b'\xe2\x96\x81tea', b'sid', b'ised', b'oo', b'ak', b'tada', b'\xe2\x96\x81nende', b'mat', b'usega', b'\xe2\x96\x81f', b'\xe2\x96\x81t\xc3\xb5', b'en', b'\xe2\x96\x81vastu', b'\xe2\x96\x81oled', b'\xe2\x96\x81maha', b'ts', b'\xe2\x96\x81\xc3\xbche', b'\xe2\x96\x81N', b'nd', b'\xe2\x96\x81d', b'\xe2\x96\x81kogu', b'uta', b'test', b'\xe2\x96\x81pe', b'\xe2\x96\x81aastat', b'um', b'\xe2\x96\x81l\xc3\xa4heb', b'\xe2\x96\x81B', b'ike', b'ina', b'\xe2\x96\x81H', b'\xe2\x96\x81v\xc3\xb5iks', b'\xe2\x96\x81alla', b'\xe2\x96\x81aega', b'\xe2\x96\x81peab', b'maks', b'uste', b'\xe2\x96\x8110', b'\xe2\x96\x81k', b'\xe2\x96\x81tee', b'\xe2\x96\x81muidugi', b'\xe2\x96\x81ehk', b'mata', b'inud', b'\xe2\x96\x81praegu', b'\xe2\x96\x81saanud', b'\xe2\x96\x81osa', b"'", b'ule', b'ikud', b'\xe2\x96\x81Te', b'ee', b'os', b'vat', b'\xe2\x96\x813', b'\xe2\x96\x81suht', b'\xe2\x96\x81O', b'\xe2\x96\x81raha', b'\xe2\x96\x81ilmselt', b'mi', b'elt', b'\xe2\x96\x81p\xc3\xa4ris', b'jad', b'ime', b'\xe2\x96\x81Sa', b'D', b'\xe2\x96\x81k\xc3\xb5ige', b'tes', b'\xe2\x96\x81kokku', b'\xe2\x96\x81\xc3\xbcles', b'\xe2\x96\x81asja', b'\xe2\x96\x81tema', b'and', b'\xe2\x96\x81osta', b'uda', b'\xe2\x96\x81kunagi', b'val', b'\xe2\x96\x81koos', b'tega', b'\xe2\x96\x81v\xc3\xa4he', b'\xe2\x96\x81eks', b'\xe2\x96\x81selline', b'\xe2\x96\x81v\xc3\xa4hemalt', b'sa', b'\xe2\x96\x81p\xc3\xb5', b'ba', b'\xe2\x96\x81olid', b'ni', b'uk', b'\xe2\x96\x81k\xc3\xa4', b'mis', b'\xe2\x96\x81inimene', b'\xe2\x96\x81vist', b'\xe2\x96\x81ha', b'\xe2\x96\x81teema', b'\xe2\x96\x81korda', b'\xe2\x96\x81minna', b'S', b'\xe2\x96\x81n\xc3\xa4', b'ste', b'\xe2\x96\x81as', b'\xe2\x96\x81o', b'\xe2\x96\x81aeg', b'\xe2\x96\x81t\xc3\xa4na', b'3', b'A', b'\xe2\x96\x81saaks', b'unud', b'et', b'\xe2\x96\x81eriti', b'\xe2\x96\x81aja', b'\xe2\x96\x81hoo', b'\xe2\x96\x81Mis', b'\xe2\x96\x81n\xc3\xa4iteks', b'\xc3\xb6\xc3\xb6', b'\xe2\x96\x81s\xc3\xb5', b'\xe2\x96\x81too', b'\xe2\x96\x81teine', b'\xe2\x96\x81t\xc3\xa4', b'\xe2\x96\x81R', b'1', b'\xe2\x96\x81enda', b'\xe2\x96\x81nime', b'\xe2\x96\x81all', b'\xe2\x96\x81van', b'ile', b'\xe2\x96\x81natuke', b'ane', b'\xe2\x96\x81sellist', b'ht', b'\xe2\x96\x81juurde', b'\xe2\x96\x81al', b'ing', b'atud', b'\xe2\x96\x81D', b'des', b'\xe2\x96\x81na', b'\xe2\x96\x81taga', b'\xe2\x96\x81v\xc3\xb5', b'\xe2\x96\x81olemas', b'kas', b':', b'\xe2\x96\x81poole', b'\xe2\x96\x81vast', b'itud', b'rit', b'ru', b'\xe2\x96\x81ist', b'E', b'ab', b'\xe2\x96\x81Eesti', b'tu', b'pe', b'\xe2\x96\x811', b'\xe2\x96\x81p\xc3\xa4eva', b'kk', b'?', b'\xe2\x96\x81j\xc3\xa4\xc3\xa4', b'\xc3\xa4', b'\xe2\x96\x81\xc3\xb5ige', b'\xe2\x96\x81ilma', b'uses', b',', b'\xe2\x96\x81alati', b'\xe2\x96\x81t\xc3\xb5esti', b'\xe2\x96\x81Mul', b'\xe2\x96\x81m\xc3\xbc\xc3\xbc', b'\xe2\x96\x81no', b'sta', b'0', b'5', b'ib', b'\xe2\x96\x81puud', b'usta', b'pi', b'I', b'ia', b'\xe2\x96\x81rahul', b'\xe2\x96\x81arv', b'\xe2\x96\x81sai', b'\xe2\x96\x81J', b'\xe2\x96\x81selles', b'\xe2\x96\x81mulle', b'\xe2\x96\x81var', b'ude', b'ade', b'oon', b'\xe2\x96\x81kasuta', b'bi', b'7', b'\xe2\x96\x81Nii', b'\xe2\x96\x81teada', b'ult', b'8', b'les', b'\xe2\x96\x81jaoks', b'\xe2\x96\x81elu', b'\xe2\x96\x81sellise', b'iis', b'\xe2\x96\x81edasi', b'\xe2\x96\x81tar', b'\xe2\x96\x81sel', b'\xe2\x96\x81tuli', b'\xe2\x96\x81liiga', b'\xe2\x96\x81k\xc3\xb5', b'du', b'\xe2\x96\x81muud', b'uga', b'\xe2\x96\x815', b'ii', b'\xe2\x96\x81inimesed', b'vast', b'\xe2\x96\x81j\xc3\xa4rgi', b'iline', b'ini', b'iste', b'\xe2\x96\x81%', b'\xe2\x96\x81panna', b'\xe2\x96\x81kindlasti', b'\xe2\x96\x81meil', b'idega', b'ama', b'\xe2\x96\x81and', b'ter', b'\xe2\x96\x81ve', b'imine', b'ko', b'\xe2\x96\x81No', b'\xe2\x96\x81kar', b'\xe2\x96\x81\xc3\xb6elda', b'\xe2\x96\x81siiski', b'\xe2\x96\x81tegelikult', b'isse', b'\xe2\x96\x81Selle', b'dus', b'\xe2\x96\x81m\xc3\xa4r', b'usel', b'nda', b'\xe2\x96\x81suure', b'\xe2\x96\x81in', b'its', b'\xe2\x96\x81U', b'tus', b'ada', b'set', b'ides', b'\xe2\x96\x81eel', b'\xe2\x96\x81ongi', b'idest', b'tab', b'\xe2\x96\x81end', b'\xe2\x96\x81Jumal', b'\xe2\x96\x81min', b'nt', b'valt', b'\xe2\x96\x81peal', b'ses', b'\xe2\x96\x81har', b'R', b'\xe2\x96\x81lahti', b'\xe2\x96\x814', b'jal', b'ite', b'\xe2\x96\x81m\xc3\xb6\xc3\xb6da', b'\xe2\x96\x81v\xc3\xb5imalik', b'\xe2\x96\x81Mina', b'oh', b'\xe2\x96\x81ees', b'\xe2\x96\x81probleem', b'\xe2\x96\x81an', b'\xe2\x96\x81Ko', b'\xe2\x96\x81Saku', b'\xe2\x96\x81u', b'\xe2\x96\x81paar', b'\xe2\x96\x81sealt', b'asin', b'itse', b'\xe2\x96\x81Ta', b'lus', b'\xe2\x96\x81ar', b'\xe2\x96\x81j', b'z', b'\xe2\x96\x81p\xc3\xbc', b'\xe2\x96\x81kuidagi', b'\xe2\x96\x81kuu', b'\xe2\x96\x81ost', b'sel', b'ista', b'useks', b'\xe2\x96\x81sul', b'\xe2\x96\x81mille', b'\xe2\x96\x81juht', b'ole', b'elda', b'tele', b'hi', b'\xe2\x96\x81aju', b'\xe2\x96\x81kuul', b'lt', b'\xe2\x96\x81v\xc3\xb5tta', b'\xe2\x96\x81h\xc3\xa4sti', b'\xe2\x96\x81head', b'\xe2\x96\x81k\xc3\xbcl', b'ot', b'\xe2\x96\x81kir', b'\xe2\x96\x81suuda', b'\xe2\x96\x81par', b'\xe2\x96\x81sain', b'malt', b'mp', b'ed', b'anud', b'\xe2\x96\x81mingit', b'\xe2\x96\x81Seda', b'isid', b'ind', b'\xe2\x96\x81umbes', b'\xe2\x96\x81l\xc3\xa4he', b'\xe2\x96\x81kur', b'\xe2\x96\x81sisse', b'\xe2\x96\x81inimesi', b'\xe2\x96\x81ajas', b'\xe2\x96\x81ikkagi', b'ig', b'\xe2\x96\x81kuni', b'\xe2\x96\x81tahaks', b'\xe2\x96\x81kr', b'usele', b'\xe2\x96\x81koo', b'\xe2\x96\x81t\xc3\xbc', b'mm', b'jas', b'lis', b'\xe2\x96\x81st', b'\xc3\xbc\xc3\xbc', b'\xe2\x96\x81tal', b'\xe2\x96\x81kinni', b'\xe2\x96\x81G', b'\xe2\x96\x81l\xc3\xa4ks', b'\xe2\x96\x81tun', b'\xe2\x96\x81sinu', b'gid', b'\xe2\x96\x81p\xc3\xb5h', b'\xe2\x96\x81usu', b'\xe2\x96\x81loll', b'\xe2\x96\x81kon', b'utada', b'\xe2\x96\x81\xc3\xa4kki', b'inna', b'isin', b'\xe2\x96\x81he', b'misel', b'\xe2\x96\x81pil', b'\xe2\x96\x81l\xc3\xb5', b'\xe2\x96\x81vana', b'iselt', b'\xe2\x96\x81selleks', b'\xe2\x96\x81mind', b'\xe2\x96\x81s\xc3\xb5na', b'\xe2\x96\x81teeb', b'jate', b'\xe2\x96\x81Siis', b'ati', b'\xe2\x96\x81li', b'tsi', b'\xe2\x96\x81k\xc3\xbc', b'\xe2\x96\x81puhul', b'\xe2\x96\x81\xc3\xbctles', b'\xe2\x96\x81asjad', b'\xe2\x96\x81teed', b'\xe2\x96\x81hetkel', b'\xe2\x96\x81asju', b'\xc3\xb6', b'\xe2\x96\x8120', b'\xe2\x96\x81kooli', b'\xe2\x96\x81tank', b'\xe2\x96\x81\xc3\xbctle', b'\xe2\x96\x81saan', b'asi', b'\xe2\x96\x81\xc3\xbcmber', b'\xe2\x96\x81taime', b'\xe2\x96\x81sinna', b'ua', b'je', b'ir', b'\xe2\x96\x81pr', b'\xe2\x96\x81el', b'v\xc3\xb5', b'\xe2\x96\x81sur', b'\xe2\x96\x81taha', b'\xe2\x96\x81julge', b'\xe2\x96\x81kan', b'\xe2\x96\x81k\xc3\xb5r', b'\xe2\x96\x81h\xc3\xa4', b'\xe2\x96\x81maa', b'\xe2\x96\x81t\xc3\xa4pselt', b'V', b'U', b'\xe2\x96\x81soo', b'\xe2\x96\x81ela', b'\xe2\x96\x81vms', b'\xe2\x96\x81vee', b'be', b'\xe2\x96\x81pan', b'am', b'\xe2\x96\x81tundub', b'su', b'hu', b'\xe2\x96\x81er', b'mal', b'\xe2\x96\x81kol', b'\xe2\x96\x81n\xc3\xa4ha', b'\xe2\x96\x81vaata', b'dega', b'\xe2\x96\x81vahe', b'\xe2\x96\x81saad', b'\xe2\x96\x81de', b'neb', b'\xe2\x96\x81j\xc3\xa4lle', b'\xe2\x96\x81Olen', b'guse', b'\xe2\x96\x81t\xc3\xa4is', b'\xe2\x96\x81tege', b'isi', b'vas', b'4', b'lased', b'\xe2\x96\x81pak', b'\xe2\x96\x81toidu', b'nik', b'\xe2\x96\x81alles', b'\xe2\x96\x81jutt', b'\xe2\x96\x81kaks', b'\xe2\x96\x81mees', b'\xe2\x96\x8115', b'\xe2\x96\x81neist', b'\xe2\x96\x81M\xc3\xb5', b'\xe2\x96\x81sellele', b'\xe2\x96\x81m\xc3\xb5ne', b'\xe2\x96\x81pu', b'\xe2\x96\x81jama', b'tavad', b'\xe2\x96\x81vahel', b'ikas', b'liku', b'del', b'\xe2\x96\x81pere', b'und', b'\xe2\x96\x81C', b'\xe2\x96\x81huvita', b'\xe2\x96\x81kanna', b'tse', b'\xe2\x96\x81jumal', b'\xe2\x96\x81\xc3\xbc', b'\xe2\x96\x81oska', b'ata', b'\xe2\x96\x81ots', b'vaid', b'\xe2\x96\x81hoopis', b'tt', b'\xe2\x96\x81ringi', b'\xe2\x96\x81kaitse', b'\xe2\x96\x81p\xc3\xa4ev', b'\xe2\x96\x81juhul', b'\xe2\x96\x81nt', b'\xe2\x96\x81autot', b'itu', b'\xe2\x96\x81parem', b'\xe2\x96\x81100', b'ps', b'\xe2\x96\x81teise', b'\xe2\x96\x81are', b'gus', b'\xe2\x96\x81sees', b'\xe2\x96\x816', b'umist', b'\xe2\x96\x81koha', b'\xe2\x96\x81Le', b'9', b'umi', b'ani', b'\xe2\x96\x81g', b'\xe2\x96\x81On', b'seks', b'\xe2\x96\x81j\xc3\xa4', b'\xe2\x96\x81m\xc3\xb5', b'\xe2\x96\x81tulnud', b'\xe2\x96\x81tul', b'\xe2\x96\x81pigem', b'oot', b'\xe2\x96\x81ennast', b'\xe2\x96\x81Eestis', b'\xe2\x96\x81tunne', b'\xe2\x96\x81hakkab', b'\xe2\x96\x81kiiremini', b'\xe2\x96\x81kord', b'\xe2\x96\x81joo', b'tle', b'\xe2\x96\x81rah', b'\xe2\x96\x81Kuid', b'hti', b'uu', b'seid', b'w', b'\xe2\x96\x81seega', b'ro', b'maid', b'ades', b'B', b'vate', b'\xe2\x96\x81l\xc3\xa4inud', b'misest', b'\xe2\x96\x81r\xc3\xa4\xc3\xa4kida', b'\xe2\x96\x81paljud', b'\xe2\x96\x81endale', b'\xe2\x96\x81muidu', b'\xe2\x96\x81kust', b'aga', b'\xe2\x96\x81hakkas', b'ikat', b'T', b'usid', b'tan', b'gel', b'\xe2\x96\x81\xc3\x9c', b'\xe2\x96\x81teab', b'lane', b'imist', b'\xe2\x96\x81terve', b'kse', b'\xe2\x96\x81inimese', b'ilise', b'\xe2\x96\x81m\xc3\xb5ist', b'\xe2\x96\x81s\xc3\xb5ita', b'\xe2\x96\x81kirjuta', b'\xe2\x96\x81maks', b'\xe2\x96\x81talle', b'\xe2\x96\x8119', b'\xe2\x96\x81hakata', b'\xe2\x96\x81pane', b'\xe2\x96\x81V\xc3\xb5i', b'\xe2\x96\x81kasva', b'ula', b'\xe2\x96\x81samas', b'\xe2\x96\x81arvan', b'\xe2\x96\x81katse', b'\xe2\x96\x81pool', b'\xe2\x96\x81vasta', b'lema', b'\xe2\x96\x81kasutada', b'\xe2\x96\x81tuleks', b'ali', b'\xe2\x96\x81tr', b'ip', b'nes', b'\xe2\x96\x81K\xc3\xb5ik', b'nn', b'\xe2\x96\x81us', b'rgi', b'\xe2\x96\x81raske', b'\xe2\x96\x81/', b'\xe2\x96\x81jal', b'\xe2\x96\x81im', b'\xe2\x96\x81mee', b'\xe2\x96\x81kor', b'\xe2\x96\x81pla', b'ras', b'\xe2\x96\x81Su', b'\xe2\x96\x81Miks', b'\xe2\x96\x81poolt', b'\xe2\x96\x81m\xc3\xb5tle', b'\xe2\x96\x81kaasa', b'\xe2\x96\x81sise', b'\xe2\x96\x819', b'\xe2\x96\x81tegelt', b'p\xc3\xa4ev', b'isa', b'\xe2\x96\x81Coq', b'\xe2\x96\x81teist', b'ksin', b'\xe2\x96\x81ViinaMuri', b'\xe2\x96\x81lii', b'idele', b'\xe2\x96\x81Ise', b'ingi', b'kus', b'mate', b'\xe2\x96\x81mar', b'\xe2\x96\x81maitse', b'\xe2\x96\x81t\xc3\xa4iesti', b'\xe2\x96\x81jooksul', b'jale', b'ndi', b'\xe2\x96\x818', b'let', b'\xe2\x96\x81sil', b'\xe2\x96\x81tegu', b'\xe2\x96\x81muut', b'\xe2\x96\x81Pa', b'\xe2\x96\x81kuigi', b'\xe2\x96\x81ro', b'\xe2\x96\x81tegema', b'\xe2\x96\x81kee', b'misega', b'\xe2\x96\x81m\xc3\xb5ned', b'N', b'\xe2\x96\x81teised', b'esse', b'\xe2\x96\x81teen', b'\xe2\x96\x81n\xc3\xb5', b'\xe2\x96\x81mo', b'mid', b'kt', b'\xe2\x96\x81pro', b'lust', b'\xe2\x96\x81t\xc3\xb6\xc3\xb6d', b'\xe2\x96\x81kaht', b'\xe2\x96\x81siia', b'idu', b'\xe2\x96\x81nael', b'\xe2\x96\x81sellega', b'hh', b'\xe2\x96\x81sina', b'\xe2\x96\x81viga', b'asta', b'\xe2\x96\x81Ku', b'\xe2\x96\x81pr\xc3\xbcgi', b'\xe2\x96\x81y', b'\xe2\x96\x81toim', b'\xe2\x96\x81sind', b'\xe2\x96\x81huvitav', b'\xe2\x96\x81inimest', b'\xe2\x96\x81viiruse', b'\xe2\x96\x81viirus', b'\xe2\x96\x81v\xc3\xb5ibolla', b'sest', b'\xe2\x96\x81aitab', b'\xe2\x96\x81Neeme', b'\xe2\x96\x81ava', b'kad', b'likult', b'\xe2\x96\x81Ega', b'\xe2\x96\x81s\xc3\xbc', b'ate', b'\xe2\x96\x81Kes', b'\xe2\x96\x81Va', b'lu', b'\xe2\x96\x817', b'last', b'idi', b'\xe2\x96\x81tur', b'\xe2\x96\x81tehtud', b'gem', b'nast', b'\xe2\x96\x81Need', b'\xe2\x96\x81uus', b'\xe2\x96\x81ne', b'nu', b'\xe2\x96\x81jms', b'\xe2\x96\x81eesti', b'ood', b'O', b'tule', b'\xe2\x96\x81v\xc3\xa4l', b'dud', b'kki', b'\xe2\x96\x81paha', b'\xe2\x96\x81mine', b'\xe2\x96\x81\xc3\x9cks', b'\xe2\x96\x81so', b'\xe2\x96\x81mas', b'\xe2\x96\x81kelle', b'\xe2\x96\x81hirm', b'iliselt', b'mme', b'\xe2\x96\x81c', b'\xe2\x96\x81200', b'\xe2\x96\x81vale', b'\xe2\x96\x81arvut', b'\xe2\x96\x81z', b'\xe2\x96\x81muu', b'\xe2\x96\x81mingid', b'las', b'ilt', b'vale', b'\xe2\x96\x81aastal', b'\xe2\x96\x81m\xc3\xb5te', b'jus', b'uvad', b'\xe2\x96\x81minema', b'\xe2\x96\x81hal', b'\xe2\x96\x81k\xc3\xa4tte', b'M', b'ndada', b'vahe', b'\xe2\x96\x81m\xc3\xbc', b'\xe2\x96\x81keha', b'\xe2\x96\x81piir', b'ie', b'\xe2\x96\x81lu', b'\xe2\x96\x81Minu', b'\xe2\x96\x81liik', b'tee', b'\xe2\x96\x81n\xc3\xa4inud', b'\xe2\x96\x81seis', b'\xe2\x96\x81olin', b'\xe2\x96\x81s\xc3\xb6\xc3\xb6', b'\xe2\x96\x81k\xc3\xb5ike', b'tama', b'\xe2\x96\x81ke', b'\xe2\x96\x81lai', b'ikk', b'\xe2\x96\x81polnud', b'\xe2\x96\x81hiljem', b'\xe2\x96\x81igal', b'\xe2\x96\x81vii', b'gil', b'inn', b'\xe2\x96\x81il', b'\xe2\x96\x81r\xc3\xa4', b'\xe2\x96\x81samuti', b'\xe2\x96\x81n\xc3\xa4e', b'\xe2\x96\x81j\xc3\xa4rg', b'\xe2\x96\x81vab', b'\xe2\x96\x81vane', b'jaid', b'ima', b'\xe2\x96\x81reaal', b'\xe2\x96\x81juures', b'\xe2\x96\x81krist', b'\xe2\x96\x81pal', b'por', b'\xe2\x96\x81punkti', b'\xe2\x96\x81v\xc3\xb5ta', b'\xe2\x96\x81Ehk', b'\xe2\x96\x81panin', b'dab', b'rad', b'!', b'\xe2\x96\x81korral', b'\xe2\x96\x81muutub', b'vaks', b'\xe2\x96\x81kerge', b'imise', b'umise', b'rite', b'\xe2\x96\x81soovita', b'\xe2\x96\x81os', b'\xe2\x96\x81k\xc3\xa4ib', b'\xe2\x96\x81kahe', b'eer', b'\xc3\xa4r', b'\xe2\x96\x81tulevad', b'uri', b'\xe2\x96\x81kuskilt', b'\xe2\x96\x81neile', b'ress', b'\xe2\x96\x81kra', b'vita', b'\xe2\x96\x81ki', b'gad', b'hel', b'\xe2\x96\x81\xc3\xb5peta', b'\xe2\x96\x81\xc3\xb5pp', b'igu', b'ele', b'\xe2\x96\x81Samas', b'\xe2\x96\x81kuulnud', b'all', b'\xe2\x96\x81k\xc3\xa4est', b'\xe2\x96\x81vaadata', b'tel', b'mast', b'\xe2\x96\x81ajast', b'\xe2\x96\x81V\xc3\xb5', b'\xe2\x96\x81v\xc3\xa4hem', b'\xe2\x96\x81inglise', b'\xe2\x96\x81hakka', b'\xe2\x96\x81is', b'\xe2\x96\x81t\xc3\xa4ht', b'L', b'asid', b'ori', b'\xc3\xa4\xc3\xa4', b'\xe2\x96\x81P\xc3\xb5h', b'\xe2\x96\x81Jah', b'\xe2\x96\x81j\xc3\xb5ua', b'\xe2\x96\x81v\xc3\xb5imal', b'\xe2\x96\x81Iga', b'\xe2\x96\x81luge', b'\xe2\x96\x81noh', b'maal', b'oni', b'\xe2\x96\x81mass', b'xz', b'\xe2\x96\x81Vasur', b'\xe2\x96\x81kiir', b'\xe2\x96\x81uuesti', b'\xe2\x96\x81n\xc3\xa4ita', b'\xe2\x96\x81kohal', b'\xe2\x96\x81viima', b'\xe2\x96\x81j\xc3\xa4\xc3\xa4nud', b'kka', b'\xe2\x96\x81varem', b'p\xc3\xa4rast', b'\xe2\x96\x81m\xc3\xa4', b'\xe2\x96\x81j\xc3\xb5', b'uur', b'\xe2\x96\x81kuskil', b'\xe2\x96\x81soov', b'\xe2\x96\x81m\xc3\xb5n', b'\xe2\x96\x81n\xc3\xa4dal', b'\xe2\x96\x81palun', b'ool', b'utus', b'tsiooni', b'\xe2\x96\x81p\xc3\xb5hjust', b'enda', b'\xe2\x96\x81l\xc3\xb5p', b'\xe2\x96\x81\xc3\x95', b'H', b'\xe2\x96\x81viis', b'\xe2\x96\x81kodus', b'\xe2\x96\x81To', b'\xe2\x96\x81Kahjuks', b'adi', b'\xe2\x96\x81j\xc3\xa4\xc3\xa4b', b'esi', b'ugu', b'ingu', b'\xe2\x96\x81otse', b'\xe2\x96\x81elus', b'\xe2\x96\x81sellised', b'\xe2\x96\x81m\xc3\xb5tet', b'udel', b'eeri', b'\xe2\x96\x81korra', b'\xe2\x96\x81tuua', b'vam', b'\xe2\x96\x81v\xc3\xa4ike', b'ikuid', b'\xe2\x96\x81erine', b'\xe2\x96\x81oleme', b'gust', b'\xe2\x96\x81lihtne', b'erida', b'p\xc3\xa4eva', b'\xe2\x96\x81jul', b'\xe2\x96\x81juttu', b'rid', b'\xe2\x96\x81ol', b'\xe2\x96\x81las', b'\xe2\x96\x81kesk', b'\xe2\x96\x81teda', b'\xe2\x96\x81liigub', b'X', b'\xe2\x96\x81maailmas', b'\xe2\x96\x81telefon', b'\xe2\x96\x81arva', b'\xe2\x96\x81m\xc3\xb5ni', b'\xe2\x96\x81l\xc3\xb5puks', b'\xe2\x96\x81\xc3\xa4r', b'\xe2\x96\x81koolis', b'\xe2\x96\x81eba', b'\xe2\x96\x81antud', b'jah', b'oks', b'\xe2\x96\x81saavad', b'\xe2\x96\x81oh', b'\xe2\x96\x81nomad', b'\xe2\x96\x81koroona', b'\xe2\x96\x81Hobiviroloog', b'\xe2\x96\x81P\xc3\xa4rtel', b'\xe2\x96\x81Ennist', b'\xe2\x96\x81n\xc3\xb5u', b'\xe2\x96\x81pandud', b'\xe2\x96\x81kellegi', b'\xe2\x96\x81l\xc3\xa4hevad', b'\xe2\x96\x81Kuidas', b'eg', b'20', b'itsi', b'K', b'unn', b'\xe2\x96\x81\xc3\x84kki', b'kond', b'ill', b'C', b'\xe2\x96\x81uue', b'\xe2\x96\x81t\xc3\xa4itsa', b'ss', b'umine', b'\xe2\x96\x81;', b'\xe2\x96\x81teinud', b'\xe2\x96\x81Mil', b'\xe2\x96\x81annab', b'\xe2\x96\x81N\xc3\xbc\xc3\xbcd', b'\xe2\x96\x81lood', b'\xe2\x96\x81poleks', b'po', b'\xe2\x96\x81pida', b'med', b'\xe2\x96\x81Ra', b'\xe2\x96\x81arvest', b'\xe2\x96\x81liigu', b'\xe2\x96\x81Z', b'\xe2\x96\x81en', b'\xe2\x96\x81valguse', b'\xe2\x96\x81terv', b'\xe2\x96\x81kel', b'\xe2\x96\x81por', b'\xe2\x96\x81lasta', b'aja', b'ell', b'iti', b'\xe2\x96\x81suurem', b'kir', b'\xe2\x96\x81neil', b'maa', b'+', b'kul', b'kid', b'\xe2\x96\x81hinna', b'akse', b'\xe2\x96\x81w', b'\xe2\x96\x81last', b'asse', b'ame', b'\xe2\x96\x81lange', b'\xe2\x96\x81Me', b'\xe2\x96\x81linna', b'\xe2\x96\x81Tartu', b'\xe2\x96\x81naine', b'\xe2\x96\x81hob', b'\xe2\x96\x81hoi', b'res', b'\xe2\x96\x81keh', b'teer', b'\xe2\x96\x81inim', b'\xe2\x96\x81\xc3\xb5lu', b'\xe2\x96\x81sureb', b'\xe2\x96\x81tussu', b'\xe2\x96\x81Mida', b'\xe2\x96\x81anna', b'leta', b'pu', b'rat', b'mu', b'eline', b'\xe2\x96\x81lehe', b'kat', b'gis', b'peal', b'\xe2\x96\x81\xc3\xbcsna', b'\xe2\x96\x81taht', b'\xc3\xb5r', b'gelt', b'iin', b'\xe2\x96\x81keel', b'\xe2\x96\x81Kus', b'\xe2\x96\x81\xc3\xbctleb', b'ana', b'olla', b'\xe2\x96\x81tean', b'\xe2\x96\x81Mar', b'\xe2\x96\x81Pal', b'\xe2\x96\x8150', b'\xe2\x96\x81\xc3\xbcri', b'\xe2\x96\x81lausa', b'hk', b'uma', b'das', b'\xe2\x96\x81koht', b'\xe2\x96\x81veidi', b'\xe2\x96\x81nimi', b'\xe2\x96\x81must', b'\xe2\x96\x81W', b'kon', b'\xe2\x96\x81m\xc3\xb5tte', b'ce', b'\xe2\x96\x81hoid', b'\xe2\x96\x81teh', b'\xe2\x96\x81k\xc3\xb5rvale', b'\xe2\x96\x81eri', b'asti', b'\xe2\x96\x81asemel', b'00', b'\xe2\x96\x8112', b'uh', b'\xe2\x96\x81esi', b'\xe2\x96\x81tulla', b'\xe2\x96\x81j\xc3\xa4i', b'\xe2\x96\x81kinn', b'pidi', b'\xe2\x96\x81\xc3\xa4', b'pro', b'konna', b'\xe2\x96\x81inimeste', b'eet', b'\xe2\x96\x81miski', b'\xe2\x96\x81kirja', b'tust', b'000', b'dal', b'\xe2\x96\x81maailma', b'jat', b'tte', b'\xe2\x96\x81kindel', b'\xe2\x96\x81Imre', b'\xe2\x96\x81h\xc3\xa4\xc3\xa4', b'\xe2\x96\x81tre', b'\xe2\x96\x81parim', b'matu', b'\xe2\x96\x81koju', b'tas', b'\xe2\x96\x81reis', b'mb', b'ustest', b'v\xc3\xa4', b'\xe2\x96\x81Val', b'lid', b'\xe2\x96\x81f\xc3\xbc\xc3\xbcs', b'\xe2\x96\x81eksam', b'\xe2\x96\x81L\xc3\xa4', b'\xe2\x96\x81abi', b'\xe2\x96\x81k\xc3\xb5rval', b'\xe2\x96\x81vara', b'ev', b'\xe2\x96\x81vil', b'\xe2\x96\x81ilus', b'\xe2\x96\x81peaaegu', b'\xe2\x96\x81hakkama', b'tsioon', b'rem', b'\xe2\x96\x81piisavalt', b'eerida', b'\xe2\x96\x81kiiresti', b'stada', b'\xe2\x96\x81aval', b'\xe2\x96\x81Siin', b'\xe2\x96\x81lugu', b'isti', b'utu', b'uline', b'sust', b'\xe2\x96\x81palj', b'iseks', b'rist', b'\xe2\x96\x81mitu', b'\xe2\x96\x81hin', b'\xe2\x96\x81anda', b'\xe2\x96\x81kasu', b'teks', b'\xe2\x96\x81p\xc3\xa4r', b'\xe2\x96\x81ho', b'imi', b'sse', b'\xe2\x96\x8190', b'ant', b'\xe2\x96\x81v\xc3\xb5imalus', b'\xe2\x96\x81Po', b'\xe2\x96\x81ni', b'\xe2\x96\x81nn', b'eed', b'van', b'\xe2\x96\x81olevat', b'\xe2\x96\x81sellel', b'\xe2\x96\x81kogem', b'\xe2\x96\x81alguses', b'\xe2\x96\x81vene', b'\xe2\x96\x81ammu', b'\xe2\x96\x81suu', b'\xe2\x96\x81taval', b'\xe2\x96\x81\xc3\xb5pe', b'jut', b'av', b'\xe2\x96\x81t\xc3\xbc\xc3\xbc', b'\xe2\x96\x81usun', b'\xe2\x96\x81l\xc3\xa4', b'\xe2\x96\x81j\xc3\xb5uab', b'amatu', b'\xe2\x96\x81masin', b'\xe2\x96\x81millest', b'sele', b'ver', b'\xe2\x96\x81masina', b'ord', b'isk', b'\xe2\x96\x81t\xc3\xa4he', b'\xe2\x96\x81lisaks', b'esta', b'\xe2\x96\x81r\xc3\xa4\xc3\xa4gib', b'dad', b'\xe2\x96\x81sead', b'eks', b'\xe2\x96\x81k\xc3\xbcs', b'kut', b'\xe2\x96\x81usk', b'\xe2\x96\x81rii', b'itus', b'\xe2\x96\x81tundus', b'\xe2\x96\x81l\xc3\xa4hen', b'ho', b'eemia', b'\xe2\x96\x81ainuke', b'\xe2\x96\x81leida', b'oll', b'port', b'\xe2\x96\x81eksper', b'\xe2\x96\x81Eks', b'\xe2\x96\x81saku', b'\xe2\x96\x81viirust', b'\xe2\x96\x81viir', b'\xe2\x96\x81700', b'\xe2\x96\x81naast', b'\xe2\x96\x81aast', b'\xe2\x96\x81viimasel', b'\xe2\x96\x81Mu', b'\xe2\x96\x81proov', b'\xe2\x96\x81tulemust', b'\xe2\x96\x81m\xc3\xb5ista', b'een', b'\xe2\x96\x81kolm', b'\xe2\x96\x81k\xc3\xa4es', b'\xe2\x96\x81kau', b'\xe2\x96\x81peagi', b'oor', b'hul', b'oori', b'\xe2\x96\x81lah', b'uni', b'\xe2\x96\x81\xc3\xbcl', b'n\xc3\xa4', b'sis', b'\xe2\x96\x81kedagi', b'\xe2\x96\x81tegel', b'ksid', b'\xe2\x96\x81mer', b'\xe2\x96\x81puu', b'dada', b'iiv', b'roo', b'ooni', b'gul', b'!!', b'\xe2\x96\x81oodata', b'\xe2\x96\x81oskab', b'\xe2\x96\x81koh', b'\xe2\x96\x81peavad', b'eni', b'\xe2\x96\x81aeda', b'\xe2\x96\x81mingeid', b'\xe2\x96\x81tas', b'ikult', b'\xe2\x96\x81hoida', b'\xe2\x96\x81pild', b'AN', b'\xe2\x96\x81milles', b'\xe2\x96\x81Hil', b'rv', b'G', b'tor', b'\xe2\x96\x81lub', b'\xe2\x96\x81n\xc3\xa4dala', b'\xe2\x96\x81Praegu', b'\xe2\x96\x81\xc3\xb5h', b'ld', b'\xe2\x96\x81nagunii', b'tuse', b'\xe2\x96\x81polegi', b'\xe2\x96\x81pidevalt', b'\xe2\x96\x81soovi', b'\xe2\x96\x81suurt', b'\xe2\x96\x81An', b'istada', b'\xe2\x96\x81Pole', b'stab', b'\xe2\x96\x81m\xc3\xb5nda', b'uti', b'\xe2\x96\x81oht', b'\xe2\x96\x81v\xc3\xb5it', b'kst', b'\xe2\x96\x81tuge', b'\xe2\x96\x81Tule', b'ikute', b'\xe2\x96\x81Meil', b'davad', b'\xe2\x96\x81teiste', b'\xe2\x96\x81olukor', b'\xe2\x96\x81korras', b'\xe2\x96\x81hul', b'\xe2\x96\x81j\xc3\xb5ud', b'\xe2\x96\x81riik', b'dest', b'ond', b'\xe2\x96\x81Et', b'\xe2\x96\x81teata', b'one', b'\xe2\x96\x81kuts', b'\xe2\x96\x81tore', b'\xe2\x96\x81tark', b'\xe2\x96\x81tulemus', b'\xe2\x96\x81kaudu', b'\xe2\x96\x81arvamus', b'\xe2\x96\x81\xc3\xb5igesti', b'rd', b'\xe2\x96\x81niisama', b'\xe2\x96\x81pealt', b'q', b'\xe2\x96\x81k\xc3\xbcsimus', b'vel', b'\xe2\x96\x81t\xc3\xb6\xc3\xb6ta', b'hes', b'\xe2\x96\x81tele', b'\xe2\x96\x81mil', b'lo', b'\xe2\x96\x81kool', b'\xe2\x96\x81BMW', b'\xe2\x96\x81eur', b'\xe2\x96\x81rahva', b'\xe2\x96\x81levi', b'\xe2\x96\x81Rock', b'\xe2\x96\x81fil', b'\xe2\x96\x81ti', b'\xe2\x96\x81karantiin', b'\xe2\x96\x81Hiina', b'\xe2\x96\x81\xc3\xb5lle', b'male', b'rk', b'\xe2\x96\x81p\xc3\xb5l', b'\xe2\x96\x81m\xc3\xb5tlesin', b'\xe2\x96\x81roh', b'udu', b'\xe2\x96\x81v\xc3\xb5t', b'\xe2\x96\x81tingi', b'\xe2\x96\x81kasv', b'\xe2\x96\x81v\xc3\xb5ivad', b'ikku', b'\xe2\x96\x81K\xc3\xbcll', b'una', b'\xe2\x96\x81ca', b'hte', b'aal', b'\xe2\x96\x81tekib', b'must', b'\xe2\x96\x81pare', b'\xe2\x96\x81kahju', b't\xc3\xa4', b'ag', b'\xe2\x96\x810', b'\xe2\x96\x81poo', b'\xe2\x96\x81kul', b'tamine', b'\xe2\x96\x81alust', b'\xe2\x96\x81ime', b'ande', b'\xe2\x96\x81lei', b'tsin', b'ili', b'\xe2\x96\x81ron', b'dele', b'kord', b'tsid', b'\xe2\x96\x81pii', b'ris', b'\xe2\x96\x81uu', b'\xe2\x96\x81Keegi', b'IN', b'ale', b'ikut', b'are', b'\xe2\x96\x81kaeva', b'\xe2\x96\x81lo', b'\xe2\x96\x81pee', b'\xe2\x96\x81tahab', b'\xe2\x96\x81tervis', b'\xe2\x96\x81pike', b'ppe', b'\xe2\x96\x81m\xc3\xb5elda', b'\xe2\x96\x81sin', b'\xe2\x96\x81Vene', b'\xe2\x96\x81jaga', b'\xe2\x96\x81Eest', b'\xe2\x96\x81komp', b'\xe2\x96\x81meeldi', b'hoo', b'jalt', b'\xe2\x96\x81kaal', b'\xe2\x96\x81teevad', b'vil', b'\xe2\x96\x81ga', b'\xe2\x96\x81m\xc3\xbc\xc3\xbcja', b'\xe2\x96\x81para', b'\xe2\x96\x81oota', b'kide', b'\xe2\x96\x81kuhu', b'\xe2\x96\x81paremini', b'\xe2\x96\x81eestis', b'\xe2\x96\x81k\xc3\xbcsim', b'\xe2\x96\x81kal', b'\xe2\x96\x81autosid', b'pil', b'\xe2\x96\x81riigi', b'\xe2\x96\x81numb', b'\xe2\x96\x81odava', b'\xe2\x96\x81kiire', b'\xe2\x96\x81v\xc3\xa4\xc3\xa4r', b'dades', b'\xe2\x96\x81n\xc3\xa4dalat', b'\xe2\x96\x81vari', b'\xe2\x96\x81Re', b'ene', b'kla', b'\xe2\x96\x81Ho', b'meid', b'\xe2\x96\x81j\xc3\xa4r', b'\xe2\x96\x8128', b'\xe2\x96\x81mujal', b'`', b'\xe2\x96\x81ah', b'\xe2\x96\x81m\xc3\xb5le', b'\xe2\x96\x81\xe2\x80\x93', b'udes', b'\xe2\x96\x81enese', b'\xe2\x96\x81ras', b'ppi', b'\xe2\x96\x81tehakse', b'pealt', b'\xe2\x96\x81ala', b'\xe2\x96\x81Teine', b'\xe2\x96\x81s\xc3\xb5it', b'\xe2\x96\x81v\xc3\xb5e', b'suse', b'\xe2\x96\x81tegi', b'\xe2\x96\x81sulle', b'\xe2\x96\x81meile', b'\xe2\x96\x81rumal', b'\xe2\x96\x81t\xc3\xb6\xc3\xb6le', b'\xe2\x96\x81ab', b'\xe2\x96\x81praeguse', b'\xe2\x96\x81un', b'\xc3\xb2', b'mmi', b'\xe2\x96\x81aita', b'\xe2\x96\x81valits', b'\xe2\x96\x81kand', b'\xe2\x96\x81kiri', b'\xe2\x96\x81arvamust', b'\xe2\x96\x81klaas', b'hv', b'\xe2\x96\x81artik', b'\xe2\x96\x8118', b'\xe2\x96\x81palga', b'\xe2\x96\x81karantiini', b'\xe2\x96\x81Milja', b'\xe2\x96\x81nakat', b'\xe2\x96\x81liiku', b'\xe2\x96\x81lamell', b'\xe2\x96\x81rehv', b'\xe2\x96\x81gravitatsioon', b'\xe2\x96\x81valgusest', b'\xe2\x96\x81\xc3\xb5itse', b'\xe2\x96\x81T\xc3\xa4', b'\xe2\x96\x81said', b'\xe2\x96\x81tegele', b'\xe2\x96\x81t\xc3\xb5ttu', b'\xe2\x96\x81alt', b'\xe2\x96\x81v\xc3\xb5id', b'\xe2\x96\x81ettev\xc3\xb5', b'\xe2\x96\x81loodus', b'55', b'\xe2\x96\x81tegemist', b'\xe2\x96\x81juu', b'esti', b'vus', b'vust', b'tatud', b'p\xc3\xb5', b'jand', b'\xe2\x96\x81r\xc3\xa4\xc3\xa4kimata', b'\xe2\x96\x81loe', b'oone', b'konnas', b'per', b'\xe2\x96\x81infot', b'\xe2\x96\x81ilm', b'\xe2\x96\x81Mer', b'\xe2\x96\x81toimub', b'\xe2\x96\x81tavaliselt', b'taja', b'\xe2\x96\x81seemne', b'\xe2\x96\x81kasvab', b'itada', b'\xe2\x96\x81tegin', b'\xe2\x96\x81katki', b'\xe2\x96\x8140', b'\xe2\x96\x81sipelga', b'imal', b'\xe2\x96\x81Ice', b'\xe2\x96\x81eelmine', b'\xe2\x96\x81pur', b'\xe2\x96\x81kaua', b'maja', b'likud', b'nenud', b'\xe2\x96\x81proovida', b'to', b'\xe2\x96\x81pidi', b'\xe2\x96\x81kevadel', b'\xe2\x96\x81haige', b'\xe2\x96\x81\xc3\xbchtegi', b'\xe2\x96\x81mets', b'utamine', b'\xe2\x96\x81k\xc3\xbcsi', b'\xe2\x96\x81vanad', b'endada', b'\xe2\x96\x8160', b'pida', b'\xe2\x96\x81millal', b'usa', b'\xe2\x96\x81loen', b'lega', b'\xe2\x96\x81esimene', b'nema', b'\xe2\x96\x81ema', b'\xe2\x96\x81mill', b'\xe2\x96\x81niimoodi', b'ige', b'\xe2\x96\x81sellep\xc3\xa4rast', b'ange', b'imus', b'\xe2\x96\x81erinevaid', b'dust', b'\xe2\x96\x81tagu', b'\xe2\x96\x81Kuna', b'\xe2\x96\x81unust', b'\xe2\x96\x81vahet', b'nna', b'\xe2\x96\x81kontrolli', b'pool', b'\xe2\x96\x81kall', b'\xe2\x96\x81juh', b'\xe2\x96\x81m\xc3\xb5tlen', b'\xe2\x96\x81vajab', b'\xe2\x96\x81T\xc3\xa4na', b'_', b'\xe2\x96\x81kuulut', b'mo', b'\xe2\x96\x81selliste', b'\xe2\x96\x81s\xc3\xb5idu', b'auto', b'ots', b'\xe2\x96\x81tehnika', b'\xe2\x96\x81siit', b'\xe2\x96\x81aus', b'\xe2\x96\x81n\xc3\xa4ide', b'\xe2\x96\x81p\xc3\xb5hj', b'tav', b'\xe2\x96\x81t\xc3\xbch', b'\xe2\x96\x81Tegelikult', b'\xe2\x96\x81pead', b'\xe2\x96\x81viitsi', b'\xe2\x96\x81vend', b'\xe2\x96\x81tel', b'\xe2\x96\x81Muidugi', b'mised', b'\xe2\x96\x81toodan', b'\xe2\x96\x81firma', b'\xe2\x96\x8111', b'nad', b'\xe2\x96\x81pra', b'\xe2\x96\x81linnas', b'\xe2\x96\x81elan', b'no', b'iisi', b'\xe2\x96\x81s\xc3\xb5lt', b'\xe2\x96\x81toode', b'\xe2\x96\x81N\xc3\xa4', b'\xe2\x96\x81meel', b'\xe2\x96\x81La', b'ttes', b'tis', b'\xe2\x96\x81keele', b'\xe2\x96\x81In', b'\xe2\x96\x81or', b'mar', b'\xe2\x96\x81kuulda', b'\xe2\x96\x81be', b'\xe2\x96\x81ple', b'usin', b'juht', b'useid', b'\xe2\x96\x81valitsus', b'dan', b'paha', b'istest', b'\xe2\x96\x81lugeda', b'\xe2\x96\x81loodud', b'\xe2\x96\x81olukord', b'\xe2\x96\x81teki', b'\xe2\x96\x81uudis', b'\xe2\x96\x81lennuk', b'\xe2\x96\x81osas', b'\xe2\x96\x81aine', b'kes', b'\xe2\x96\x81Nagu', b'co', b'lad', b'\xe2\x96\x81era', b'\xe2\x96\x81elanik', b'\xe2\x96\x81homme', b'\xe2\x96\x81r\xc3\xa4\xc3\xa4gi', b'\xe2\x96\x81valgus', b'\xe2\x96\x81k\xc3\xa4inud', b'\xe2\x96\x81Hiinas', b'\xe2\x96\x81000', b'\xe2\x96\x81tanki', b'\xe2\x96\x81f\xc3\xbc\xc3\xbcsika', b'\xe2\x96\x81ice', b'\xe2\x96\x81V\xc3\xb5ibolla', b'jul', b'\xe2\x96\x81v\xc3\xb5tab', b'mne', b'\xe2\x96\x81sib', b'nni', b'\xe2\x96\x81ilusti', b'\xe2\x96\x81tihe', b'uuri', b'\xe2\x96\x81Tere', b'iki', b'var', b'\xe2\x96\x81sor', b'\xe2\x96\x81Vast', b'\xe2\x96\x81pes', b'andus', b'\xe2\x96\x81saat', b'\xe2\x96\x81info', b'\xe2\x96\x81lis', b'jan', b'\xe2\x96\x81roo', b'12', b'mete', b'\xe2\x96\x81mulda', b'ndab', b'ila', b'adus', b'imis', b'\xe2\x96\x81haiguse', b'\xe2\x96\x81j\xc3\xa4rgmine', b'uun', b'\xe2\x96\x81tund', b'\xe2\x96\x81s\xc3\xbc\xc3\xbca', b'\xe2\x96\x81k\xc3\xbcsida', b'ustega', b'\xe2\x96\x81veid', b'\xe2\x96\x81kasvama', b'nevad', b'amat', b'\xe2\x96\x81saata', b't\xc3\xb5', b'pis', b'\xc3\xbc\xc3\xbcs', b'\xe2\x96\x81kao', b'11', b'od', b'\xe2\x96\x81Ning', b'\xe2\x96\x81keda', b'\xe2\x96\x81rikk', b'\xe2\x96\x81k\xc3\xa4it', b'tta', b'\xe2\x96\x81noo', b'ST', b'\xe2\x96\x81kop', b'\xe2\x96\x81ase', b'\xe2\x96\x81vas', b'\xe2\x96\x81enamus', b'men', b'k\xc3\xbc', b'\xe2\x96\x81kuud', b'\xe2\x96\x81kla', b'kab', b'gen', b'aeg', b'\xe2\x96\x81tu', b'gud', b'\xe2\x96\x81sal', b'\xe2\x96\x81naab', b'\xe2\x96\x81\xc3\xbcrit', b'idetud', b'\xe2\x96\x81toot', b'\xe2\x96\x81kauge', b'\xe2\x96\x81Sama', b'siga', b'\xe2\x96\x81p\xc3\xa4e', b'gan', b'\xe2\x96\x81L\xc3\xb5', b'sad', b'\xe2\x96\x81V\xc3\xa4', b'udega', b'rast', b'\xe2\x96\x81vi', b'\xe2\x96\x81valmis', b'\xe2\x96\x81puha', b'*', b'\xe2\x96\x81oleksin', b'usse', b'\xe2\x96\x81ostja', b'der', b'\xe2\x96\x81pas', b'\xe2\x96\x81soe', b'\xe2\x96\x81kirjutada', b'\xe2\x96\x81olgu', b'\xe2\x96\x81seo', b'alle', b'\xe2\x96\x81joon', b'\xe2\x96\x81t\xc3\xa4i', b'\xe2\x96\x81meid', b'\xe2\x96\x81m\xc3\xb5ttetu', b'\xe2\x96\x81otsi', b'\xe2\x96\x81k\xc3\xa4ivad', b'\xe2\x96\x81vaada', b'\xe2\x96\x81lahe', b'\xe2\x96\x81leid', b'utud', b'ntaar', b';', b'\xe2\x96\x81selgeks', b'\xe2\x96\x81siiani', b'\xe2\x96\x81arvab', b'isele', b'\xe2\x96\x81prakt', b'p\xc3\xa4ra', b'h\xc3\xa4', b'\xe2\x96\x81\xc3\x9cle', b'\xe2\x96\x81tavaline', b'\xe2\x96\x81J\xc3\xa4', b'\xe2\x96\x81m\xc3\xb5tlema', b'\xe2\x96\x81\xc3\xbctlesin', b'\xe2\x96\x81m\xc3\xb5tles', b'p\xc3\xa4eval', b'\xe2\x96\x81tuu', b'P', b'ent', b'\xe2\x96\x81arvuti', b'\xe2\x96\x81muuta', b'\xe2\x96\x81Tallinn', b'alist', b'\xe2\x96\x81teatud', b'\xe2\x96\x81aut', b'ksa', b'??', b'j\xc3\xb5', b'vatest', b'pt', b'kra', b'\xe2\x96\x81kun', b'\xe2\x96\x81s\xc3\xbcnd', b'umis', b'\xe2\x96\x81toit', b'lise', b'\xe2\x96\x81kvalite', b'\xe2\x96\x81tekst', b'gin', b'\xe2\x96\x81haiged', b'\xe2\x96\x81Meie', b'atsioon', b'\xe2\x96\x81jut', b'\xe2\x96\x81alg', b'\xe2\x96\x81meelde', b'uslik', b'\xe2\x96\x81Seega', b'\xe2\x96\x81kristlaste', b'jast', b'\xe2\x96\x81nalja', b'\xe2\x96\x81pani', b'\xe2\x96\x81hetke', b'\xe2\x96\x81leiuta', b'ess', b'\xe2\x96\x81juhtub', b'\xe2\x96\x81l\xc3\xb5pp', b'\xe2\x96\x81surnud', b'\xe2\x96\x81klass', b'\xe2\x96\x81tegutse', b'\xe2\x96\x81v\xc3\xb5ttis', b'\xe2\x96\x81valla', b'\xe2\x96\x81Oleks', b'\xe2\x96\x81muretse', b'\xe2\x96\x81uut', b'\xe2\x96\x81j\xc3\xa4\xc3\xa4da', b'\xe2\x96\x8130', b'ont', b'\xe2\x96\x81kutse', b'andeid', b'\xe2\x96\x81kahjuks', b'\xe2\x96\x81punkt', b'\xe2\x96\x81r\xc3\xa4\xc3\xa4k', b'fi', b'eli', b'\xe2\x96\x81mingis', b'\xe2\x96\x81hinga', b'\xe2\x96\x81+', b'\xe2\x96\x81arvata', b'ck', b'\xe2\x96\x81suhteliselt', b'\xe2\x96\x81kensey', b'\xe2\x96\x81ser', b'\xe2\x96\x81Itaalia', b'sus', b'\xe2\x96\x81professor', b'\xe2\x96\x81maske', b'\xe2\x96\x81Riigikogu', b'Le', b'\xe2\x96\x81Ole', b'\xe2\x96\x81juure', b'uva', b'\xe2\x96\x81karm', b'\xe2\x96\x81k\xc3\xb5rge', b'kaid', b'://', b'\xe2\x96\x81vajal', b'\xe2\x96\x81normaal', b'\xe2\x96\x81metsa', b'\xe2\x96\x81nendega', b'\xe2\x96\x81umb', b'\xe2\x96\x81v\xc3\xa4ik', b'\xe2\x96\x81suvel', b'\xe2\x96\x81k\xc3\xa4ima', b'\xe2\x96\x81v\xc3\xa4ikse', b'\xe2\x96\x81ast', b'\xe2\x96\x81maasika', b'\xe2\x96\x81Viima', b',5', b'\xe2\x96\x81pikk', b'\xe2\x96\x81lisada', b'\xe2\x96\x81kena', b'\xe2\x96\x81tekk', b'anda', b'\xe2\x96\x81fa', b'alda', b'F', b'isega', b'ota', b'\xe2\x96\x81vastuse', b'\xe2\x96\x81rake', b'\xe2\x96\x81Oma', b'\xe2\x96\x81lihtsam', b'\xe2\x96\x81rohel', b'\xe2\x96\x81Noh', b'\xe2\x96\x81kindla', b'\xe2\x96\x81tunn', b'aste', b'oloo', b'\xe2\x96\x81toh', b'\xe2\x96\x81j\xc3\xa4l', b'\xe2\x96\x81madal', b'musi', b'\xe2\x96\x81tihti', b'\xe2\x96\x81Seal', b'\xe2\x96\x81Na', b'\xe2\x96\x81eesm', b'\xe2\x96\x81Ait\xc3\xa4h', b'\xe2\x96\x81kasutatud', b'vuse', b'juta', b'\xe2\x96\x81saav', b'\xe2\x96\x81m\xc3\xb5ttes', b'\xe2\x96\x81l\xc3\xb5h', b'itakse', b'eld', b'\xe2\x96\x81selliseid', b'KS', b'IK', b'\xe2\x96\x81p\xc3\xa4\xc3\xa4sta', b'=', b'\xe2\x96\x81puh', b'\xe2\x96\x81l\xc3\xb5una', b'\xe2\x96\x81endal', b'\xe2\x96\x81n\xc3\xa4gin', b'\xe2\x96\x81ain', b'\xe2\x96\x81tohi', b'ikad', b'up', b'\xe2\x96\x81muude', b'\xe2\x96\x81t\xc3\xa4nu', b'met', b'tile', b'\xe2\x96\x81h\xc3\xa4id', b'\xe2\x96\x81lugesin', b'\xe2\x96\x81sure', b'\xe2\x96\x81ul', b'\xe2\x96\x81korralikult', b'IT', b'\xe2\x96\x81millel', b'ilised', b'\xe2\x96\x81\xc3\xbchest', b'\xe2\x96\x81til', b'gut', b'\xe2\x96\x81Pea', b'\xe2\x96\x81vahele', b'\xe2\x96\x81kartul', b'\xe2\x96\x81valida', b'\xe2\x96\x81Tema', b'\xe2\x96\x81mai', b'iina', b'puta', b'gas', b'taks', b'ral', b'\xe2\x96\x81probleemi', b'\xe2\x96\x81\xc3\xb6\xc3\xb6', b'SE', b'rii', b'elle', b'\xe2\x96\x81inimestel', b'levad', b'\xe2\x96\x81remon', b'\xe2\x96\x81teksti', b'\xe2\x96\x81asjast', b'\xe2\x96\x81valiku', b'dam', b'mee', b'\xe2\x96\x81sp', b'pea', b'\xe2\x96\x81pihta', b'v\xc3\xa4\xc3\xa4r', b'\xe2\x96\x81spe', b'\xe2\x96\x81suut', b'\xe2\x96\x81j\xc3\xa4tta', b'\xe2\x96\x81jm', b'ih', b'ndatud', b'ng', b'\xe2\x96\x81probleeme', b'\xe2\x96\x81teisi', b'\xe2\x96\x81Enam', b'idel', b'\xe2\x96\x81esimese', b'mises', b'\xe2\x96\x81paistab', b'\xe2\x96\x81jutu', b'\xe2\x96\x81K\xc3\xb5ige', b'luse', b'\xe2\x96\x81ostma', b'\xe2\x96\x81otsust', b'\xe2\x96\x81reeg', b'\xe2\x96\x81nu', b'\xe2\x96\x81n\xc3\xa4itab', b'\xe2\x96\x81luu', b'igi', b'\xe2\x96\x81tarbi', b'igus', b'\xe2\x96\x81valik', b'diga', b'\xe2\x96\x81kohale', b'\xe2\x96\x81v\xc3\xb5\xc3\xb5', b'kar', b'unde', b'\xe2\x96\x81s\xc3\xb5nul', b'\xe2\x96\x81pime', b'ooli', b'\xe2\x96\x81noor', b'\xe2\x96\x81N\xc3\xa4iteks', b'\xc3\xa4ra', b'\xc3\xb5na', b'\xe2\x96\x81meelest', b'\xe2\x96\x81negatiiv', b'ustele', b'jaks', b'\xe2\x96\x81\xc3\xbcld', b'\xe2\x96\x81tulemusi', b'\xe2\x96\x81katk', b'\xe2\x96\x81laste', b'end', b'kem', b'\xe2\x96\x81ellu', b'\xe2\x96\x81k\xc3\xa4ia', b'\xe2\x96\x81nendest', b'\xe2\x96\x81Isegi', b'\xe2\x96\x81t\xc3\xb5s', b'\xe2\x96\x81=', b'isest', b'\xe2\x96\x81And', b'\xe2\x96\x81investeer', b'\xe2\x96\x81igatahes', b'\xe2\x96\x81j\xc3\xa4\xc3\xa4vad', b'\xe2\x96\x81i', b'\xe2\x96\x81rahvas', b'net', b'\xe2\x96\x81t\xc3\xa4p', b'iseer', b'ndus', b'\xe2\x96\x81tulevik', b'rata', b'\xe2\x96\x81Tead', b'\xc3\xbch', b'\xe2\x96\x81mit', b'\xe2\x96\x8117', b'\xe2\x96\x81ravi', b'\xc3\xa0', b'\xe2\x96\x81plan', b'\xe2\x96\x81liikuda', b'\xe2\x96\x81v\xc3\xb5rd', b'\xe2\x96\x81elame', b'\xe2\x96\x81miljonit', b'\xe2\x96\x81kontroll', b'oop', b'p\xc3\xa4e', b'\xe2\x96\x81mehed', b'\xe2\x96\x81korralda', b'eel', b'\xe2\x96\x81Je', b'\xe2\x96\x81kuula', b'inga', b'\xe2\x96\x81\xc3\x84ra', b'\xe2\x96\x81tap', b'\xe2\x96\x81l\xc3\xb6\xc3\xb6', b'\xe2\x96\x81k\xc3\xb5igile', b'\xe2\x96\x81k\xc3\xb5igil', b'\xe2\x96\x81v\xc3\xb5imatu', b'\xe2\x96\x81Y', b'jaa', b'\xe2\x96\x81arvad', b'\xe2\x96\x81weeb', b'\xe2\x96\x81BurneR', b'bo', b'\xe2\x96\x81suuline', b'\xe2\x96\x81enamik', b'\xe2\x96\x81tagant', b'\xe2\x96\x81loodan', b'\xe2\x96\x81test', b'\xe2\x96\x81\xc3\xbclikool', b'lest', b'\xe2\x96\x81t\xc3\xb5l', b'man', b'\xe2\x96\x81gri', b'\xe2\x96\x81surma', b'\xe2\x96\x81prognoo', b'\xe2\x96\x81300', b'\xe2\x96\x81nakatunuid', b'stest', b'\xe2\x96\x81desinfitse', b'\xe2\x96\x81levik', b'\xe2\x96\x81levikut', b'\xe2\x96\x81Max', b'\xe2\x96\x81haigest', b'\xe2\x96\x81rel', b'\xe2\x96\x81tanke', b'biil', b'sioon', b'\xe2\x96\x81libeda', b'\xe2\x96\x81tume', b'\xe2\x96\x81DMX', b'67', b'\xe2\x96\x81viimase', b'\xe2\x96\x81T\xc3\xa4nan', b'\xe2\x96\x81p\xc3\xa4he', b'\xe2\x96\x81satt', b'dia', b'\xe2\x96\x81luua', b'\xe2\x96\x81Ilmselt', b'taime', b'\xe2\x96\x81metsmaasika', b'\xe2\x96\x81kasvatada', b'\xe2\x96\x81suured', b'asikas', b'dr', b'\xe2\x96\x81hakkad', b'\xe2\x96\x81avast', b'\xe2\x96\x81eh', b'-1', b'\xe2\x96\x81lisa', b'ustaks', b'unu', b'www', b'uba', b'ela', b'\xe2\x96\x81Lo', b'for', b'elist', b'ngu', b'\xe2\x96\x81sis', b'misi', b'\xe2\x96\x81kasvata', b'\xe2\x96\x81kasv\xc3\xb5i', b'ala', b'\xe2\x96\x81millega', b'htu', b'\xe2\x96\x81kl', b'\xe2\x96\x81100%', b'unda', b'\xe2\x96\x81alga', b'imest', b'\xe2\x96\x81meele', b'\xe2\x96\x81euro', b'\xe2\x96\x81\xc3\xb5nnest', b'\xe2\x96\x81\xc3\xbcksi', b'\xe2\x96\x81p\xc3\xb5r', b'\xe2\x96\x81kohtades', b'\xe2\x96\x81eemal', b'poole', b'\xe2\x96\x81p\xc3\xa4eval', b'\xe2\x96\x81Hea', b'\xe2\x96\x81v\xc3\xa4ide', b'tavalt', b'\xe2\x96\x81seisma', b'\xe2\x96\x81igasugu', b'\xe2\x96\x81Sel', b'\xe2\x96\x81samamoodi', b'oolis', b'\xe2\x96\x81v\xc3\xa4rs', b'\xe2\x96\x81peenras', b'\xe2\x96\x81oot', b'\xe2\x96\x81Mill', b'red', b'\xe2\x96\x81Sixie', b'oha', b'\xe2\x96\x81ntx', b'tesse', b'\xe2\x96\x81eelmisel', b'IL', b'OO', b'\xc3\x95', b'\xe2\x96\x81s\xc3\xbcgisel', b'\xe2\x96\x81pun', b'\xe2\x96\x81l\xc3\xa4h', b'\xe2\x96\x81Ch', b'\xe2\x96\x8125', b'\xe2\x96\x81toime', b'kti', b'ned', b'\xe2\x96\x81Kul', b'lit', b'eri', b'\xe2\x96\x81l\xc3\xa4heks', b'\xe2\x96\x81vis', b'likum', b'\xe2\x96\x81Ost', b'\xe2\x96\x81soovit', b'\xe2\x96\x81Ol', b'git', b'\xe2\x96\x81kile', b'ndid', b'mbr', b'\xe2\x96\x81millise', b'\xe2\x96\x81\xc3\xa4\xc3\xa4r', b'\xe2\x96\x81tugev', b'\xe2\x96\x81Vaata', b'kke', b'\xe2\x96\x81N\xc3\xb5', b'ges', b'\xe2\x96\x81M\xc3\xa4', b'koha', b'\xe2\x96\x81k\xc3\xb5igi', b'\xe2\x96\x81K\xc3\xbc', b'\xe2\x96\x81hind', b'\xe2\x96\x81automaat', b'juures', b'\xe2\x96\x81huv', b'ber', b'keel', b'\xe2\x96\x81j\xc3\xa4t', b'\xe2\x96\x81V\xc3\xa4ga', b'\xe2\x96\x81tor', b'\xe2\x96\x81omal', b'\xe2\x96\x81ostan', b'\xe2\x96\x81kava', b'\xe2\x96\x81jooks', b'pane', b'raga', b'\xe2\x96\x81kellel', b'\xe2\x96\x81han', b'\xe2\x96\x81hullu', b'\xe2\x96\x81nemad', b'deid', b'\xe2\x96\x81Kar', b'\xe2\x96\x81Huvitav', b'sib', b'reid', b'\xe2\x96\x81nimelt', b'\xe2\x96\x81till', b'\xe2\x96\x81Igal', b'\xe2\x96\x81Veel', b'tege', b'\xe2\x96\x81auk', b'\xe2\x96\x81imelik', b'ten', b'\xe2\x96\x81usal', b'\xe2\x96\x81tol', b'\xe2\x96\x81n\xc3\xa4eb', b'teeri', b'\xe2\x96\x81kli', b'\xe2\x96\x81kuulutuses', b'\xe2\x96\x81isiku', b'\xe2\x96\x81aad', b'\xe2\x96\x81X', b'\xe2\x96\x81Sinu', b'\xe2\x96\x81\xc3\xbckski', b'\xe2\x96\x81arusa', b'\xe2\x96\x81vaim', b'\xe2\x96\x81sta', b'\xe2\x96\x81number', b'\xe2\x96\x81tasuta', b'\xe2\x96\x81r\xc3\xa4\xc3\xa4kis', b'\xe2\x96\x81olegi', b'\xe2\x96\x81turu', b'\xe2\x96\x81postit', b'\xe2\x96\x81j\xc3\xb5udnud', b'\xe2\x96\x81korralik', b'\xe2\x96\x81krii', b'\xe2\x96\x81proovi', b'\xe2\x96\x81autod', b'\xe2\x96\x81esime', b'legi', b'\xe2\x96\x81sol', b'mus', b'\xe2\x96\x81otsa', b'\xe2\x96\x81km', b'\xe2\x96\x81tava', b'ume', b'\xe2\x96\x81arvavad', b'\xe2\x96\x81n\xc3\xa4ida', b'\xe2\x96\x81per', b'\xe2\x96\x81vahenda', b'\xe2\x96\x81s\xc3\xa4\xc3\xa4st', b'\xe2\x96\x81tarb', b'\xe2\x96\x81nur', b'\xe2\x96\x81Tallinnas', b'\xe2\x96\x81maja', b'osa', b'\xe2\x96\x81Selline', b'isel', b'\xe2\x96\x81\xe2\x80\x9c', b'\xe2\x96\x81m\xc3\xa4n', b'\xe2\x96\x81s\xc3\xb5brad', b'kor', b'\xe2\x96\x81organ', b'ism', b'\xe2\x96\x81kergelt', b'\xe2\x96\x81K\xc3\xb5', b'\xe2\x96\x81\xc3\xbches', b'\xe2\x96\x81tunda', b'\xe2\x96\x81Ar', b'\xe2\x96\x81meist', b'\xe2\x96\x81loeb', b'\xe2\x96\x81s\xc3\xbcnni', b'\xe2\x96\x81v\xc3\xa4ljas', b'\xe2\x96\x81main', b'gra', b'\xe2\x96\x81rats', b'\xe2\x96\x81arust', b'rele', b'\xe2\x96\x81teavad', b'\xe2\x96\x81samm', b'lla', b'\xe2\x96\x81k\xc3\xa4i', b'kiri', b'\xe2\x96\x81klassi', b'\xe2\x96\x81haka', b'kee', b'\xe2\x96\x81valesti', b'\xe2\x96\x81St', b'\xe2\x96\x81omale', b'\xe2\x96\x81meeldib', b'\xe2\x96\x81v\xc3\xa4rk', b'\xe2\x96\x81bus', b'\xe2\x96\x81kod', b'\xe2\x96\x81osanud', b'\xe2\x96\x81kogud', b'\xe2\x96\x81tekitab', b'\xe2\x96\x81puudub', b'inge', b'ressid', b'\xe2\x96\x81ennust', b'pla', b'\xe2\x96\x81j\xc3\xa4rsku', b'\xe2\x96\x81kirjutatud', b'eh', b'mini', b'\xe2\x96\x81TE', b'moodi', b'\xe2\x96\x81sar', b'dile', b'\xe2\x96\x81k\xc3\xbclge', b'\xe2\x96\x81arst', b'\xe2\x96\x81aprill', b'gika', b'mit', b'\xe2\x96\x81teie', b'\xe2\x96\x81n\xc3\xb5us', b'\xe2\x96\x81amet', b'\xe2\x96\x81uud', b'\xe2\x96\x81jookse', b'joni', b'\xe2\x96\x81avalik', b'\xe2\x96\x81Saaremaa', b'\xe2\x96\x81ring', b'\xe2\x96\x81Jumala', b'\xe2\x96\x81kasutab', b'oopas', b'\xe2\x96\x81levib', b'\xe2\x96\x81lev', b'jandi', b'tik', b'\xe2\x96\x81t\xc3\xb5en\xc3\xa4oliselt', b'\xe2\x96\x81kr\xc3\xb5b', b'\xe2\x96\x81t\xc3\xa4hendab', b'\xe2\x96\x81suhtes', b'taal', b'\xe2\x96\x81Tele', b'\xe2\x96\x81m\xc3\xa4rts', b'\xe2\x96\x81p\xc3\xa4ike', b'\xe2\x96\x81t\xc3\xa4henda', b'.:', b'\xe2\x96\x81gra', b'eb', b'\xe2\x96\x81co', b'eenius', b'\xe2\x96\x81kodanikuportaal', b'\xe2\x96\x81lam', b'\xe2\x96\x81ehita', b'\xe2\x96\x81tipp', b'\xe2\x96\x81n\xc3\xa4eme', b'jon', b'\xe2\x96\x81haig', b'\xe2\x96\x81Terviseame', b'\xe2\x96\x81ohtu', b'\xe2\x96\x81vaktsiin', b'\xe2\x96\x81meditsiin', b'\xe2\x96\x81veebruar', b'\xe2\x96\x81leviku', b'\xe2\x96\x81nakatunu', b'\xe2\x96\x81nakatunud', b'\xe2\x96\x81nakkuse', b'\xe2\x96\x81kehte', b'dat', b'\xe2\x96\x81oleksid', b'seeri', b'lol', b'\xe2\x96\x81Sak', b'\xe2\x96\x81kosmose', b'\xe2\x96\x81ale', b'\xe2\x96\x81premium', b'\xe2\x96\x81rullnokk', b'\xe2\x96\x81reetpa', b'aasta', b'\xe2\x96\x81M\xc3\xb5ni', b'\xe2\x96\x81teisiti', b'\xe2\x96\x81m\xc3\xb5tled', b'\xe2\x96\x81m\xc3\xb5istlik', b'\xe2\x96\x81j\xc3\xa4rgmisel', b'ulise', b'\xe2\x96\x81kohas', b'\xe2\x96\x81niipalju', b'\xe2\x96\x81j\xc3\xa4tku', b'\xe2\x96\x81ruumi', b'\xe2\x96\x81n\xc3\xa4ht', b'\xe2\x96\x81aastaid', b'\xe2\x96\x81j\xc3\xa4rjest', b'\xe2\x96\x81vaeva', b'ukoh', b'\xe2\x96\x81oluline', b'\xe2\x96\x81tunduvalt', b'\xe2\x96\x81saaki', b'\xe2\x96\x81Sest', b'\xe2\x96\x81peen', b'\xe2\x96\x81n\xc3\xa4ol', b'innas', b'\xe2\x96\x81juurest', b'\xe2\x96\x81vett', b'\xe2\x96\x81paari', b'\xe2\x96\x81meet', b'gusel', b'tun', b'\xe2\x96\x81puudu', b'\xe2\x96\x81lase', b'akad', b'\xe2\x96\x81v\xc3\xa4r', b'\xe2\x96\x81mustad', b'\xe2\x96\x81Tom', b'\xe2\x96\x81l\xc3\xa4ksid', b'\xe2\x96\x81ide', b'<', b'\xe2\x96\x81rask', b'v\xc3\xa4e', b'\xe2\x96\x81alguse', b'\xe2\x96\x81edukalt', b'umisest', b'\xe2\x96\x81sobib', b'\xe2\x96\x81k\xc3\xbcmne', b'mees', b'iib', b'iik', b'\xe2\x96\x810,', b'iini', b'\xe2\x96\x81pul', b'gitud', b'\xe2\x96\x81naa', b'kida', b'\xe2\x96\x81Poo', b'\xe2\x96\x81tehn', b'oris', b'\xe2\x96\x81kogemus', b'\xe2\x96\x81\xc3\xbckskord', b'\xe2\x96\x81vaatab', b'\xe2\x96\x81tell', b'ami', b'\xe2\x96\x81m\xc3\xb5ju', b'\xe2\x96\x81kordu', b'\xe2\x96\x81t\xc3\xa4it', b'hus', b'!!!', b'\xe2\x96\x81\xc3\xbchel', b'riga', b'\xe2\x96\x81tahtnud', b'\xe2\x96\x81kalla', b'\xe2\x96\x81kevad', b'gik', b'\xc3\xa4\xc3\xa4r', b'\xe2\x96\x81huvi', b'\xe2\x96\x81esma', b'\xe2\x96\x81ai', b'\xe2\x96\x81millegi', b'\xe2\x96\x81Soov', b'\xe2\x96\x81krooksuja', b'\xe2\x96\x81kirjas', b'just', b'\xe2\x96\x81huu', b'\xe2\x96\x81uur', b'TE', b'DA', b'\xe2\x96\x81SA', b'\xc3\x9c', b'\xe2\x96\x81mut', b'is\xc3\xb5', b'fe', b'illa', b'\xe2\x96\x81Mitte', b'\xe2\x96\x81m\xc3\xa4ngi', b'kud', b'\xe2\x96\x81Tul', b'gula', b'\xe2\x96\x81v\xc3\xa4ida', b'\xe2\x96\x81da', b'\xe2\x96\x81oste', b'\xe2\x96\x81kasul', b'\xe2\x96\x81Tean', b'\xe2\x96\x81k\xc3\xbclva', b'este', b'\xe2\x96\x81Kuu', b'\xe2\x96\x81p\xc3\xa4ritolu', b'pr', b'\xe2\x96\x81id', b'jatele', b'\xe2\x96\x81s\xc3\xbcda', b'ppa', b'uke', b'vaat', b'\xe2\x96\x81\xc3\xbcht', b'\xe2\x96\x81j\xc3\xa4\xc3\xa4ks', b'\xe2\x96\x81moodi', b'pal', b'une', b'\xe2\x96\x81suurema', b'kese', b'\xe2\x96\x81v\xc3\xb5im', b'lasi', b'k\xc3\xbcl', b'\xe2\x96\x81s\xc3\xb5r', b'\xe2\x96\x81tohiks', b'\xe2\x96\x81kolma', b'\xe2\x96\x81Auto', b'\xe2\x96\x81olete', b'\xe2\x96\x81foorum', b'sil', b'\xe2\x96\x81Las', b'\xe2\x96\x81V\xc3\xb5ib', b'urid', b'\xe2\x96\x81Ve', b'itab', b'bu', b'\xe2\x96\x81maksma', b'\xe2\x96\x81hinnaga', b'\xe2\x96\x81Esime', b'\xe2\x96\x81lihtsa', b'\xe2\x96\x81s\xc3\xa4\xc3\xa4', b'gist', b'\xe2\x96\x81He', b'\xe2\x96\x81Por', b'\xe2\x96\x81osad', b'stama', b'naga', b'\xe2\x96\x81maksab', b'estab', b'rg', b'\xe2\x96\x81p\xc3\xa4ikese', b'\xe2\x96\x81soovitab', b'\xe2\x96\x81t\xc3\xa4helepanu', b'**', b'\xe2\x96\x81tilli', b'\xe2\x96\x81erilist', b'lep', b'mida', b'\xc3\xb5b', b'\xe2\x96\x81k\xc3\xa4si', b'utama', b'\xe2\x96\x81l\xc3\xb5pus', b'\xe2\x96\x81Lihtsalt', b'ruk', b'\xe2\x96\x81suval', b'\xe2\x96\x81n\xc3\xa4ge', b'\xe2\x96\x81tutta', b'\xe2\x96\x81t\xc3\xb5si', b'\xe2\x96\x81s\xc3\xb5itnud', b'\xe2\x96\x81otsas', b'\xe2\x96\x81komme', b'\xe2\x96\x81\xc3\xbchis', b'\xe2\x96\x81inimesel', b'\xe2\x96\x81vaba', b'\xe2\x96\x81lahenda', b'\xe2\x96\x81ker', b'\xe2\x96\x81vaatama', b'\xe2\x96\x81asjade', b'istan', b'\xe2\x96\x81keskk', b'\xe2\x96\x81mingil', b'\xe2\x96\x81p\xc3\xb6\xc3\xb6r', b'olli', b'\xe2\x96\x81protse', b'istab', b'\xe2\x96\x81hu', b'\xe2\x96\x81igap\xc3\xa4eva', b'\xe2\x96\x81saama', b'\xc3\xa4e', b'\xe2\x96\x81\xc3\xb6eldi', b'\xe2\x96\x81lak', b'\xe2\x96\x81viie', b'\xe2\x96\x81arve', b'\xe2\x96\x81helist', b'hinna', b'\xe2\x96\x81sisuliselt', b'jana', b'\xe2\x96\x81mudel', b'\xe2\x96\x81pilt', b'\xe2\x96\x81justkui', b'\xe2\x96\x81edu', b'\xe2\x96\x81Kirjuta', b'\xe2\x96\x81kind', b'\xe2\x96\x81Reaal', b'\xc3\xa4i', b'\xe2\x96\x81ometi', b'oog', b'statud', b'mele', b'ker', b'\xe2\x96\x8114', b'giga', b'\xe2\x96\x81vabalt', b'\xe2\x96\x81lause', b'miste', b'raal', b'\xe2\x96\x81Sellest', b'pte', b'\xe2\x96\x81energia', b'utakse', b'gast', b'piir', b'\xe2\x96\x81Tee', b'\xe2\x96\x81kallis', b'\xe2\x96\x81minust', b'\xe2\x96\x81p\xc3\xb5le', b'meel', b'ket', b'\xe2\x96\x81k\xc3\xb6\xc3\xb6', b'\xe2\x96\x81tsi', b'likku', b'\xe2\x96\x81eelda', b'\xe2\x96\x81valmist', b'hva', b'ari', b'\xe2\x96\x81keer', b'\xe2\x96\x81Al', b'vasse', b'\xe2\x96\x81\xc3\xb5ppida', b'\xe2\x96\x81ene', b'\xe2\x96\x81positiiv', b'\xe2\x96\x81toiduaine', b'ves', b'\xe2\x96\x81samal', b'\xe2\x96\x81m\xc3\xb5nus', b'lastel', b'\xe2\x96\x81millele', b'\xe2\x96\x81Kir', b'\xe2\x96\x81kannat', b'mari', b'\xe2\x96\x81minevikus', b'tad', b'\xe2\x96\x81k\xc3\xb5iki', b'\xe2\x96\x81hobuse', b'\xe2\x96\x81viha', b'utav', b'\xe2\x96\x81gal', b'\xe2\x96\x81j\xc3\xb5ulude', b'\xe2\x96\x81\xc3\xb5p', b'\xe2\x96\x81korraks', b'\xe2\x96\x81lugemine', b'\xe2\x96\x81t\xc3\xb5e', b'\xe2\x96\x81r\xc3\xb5\xc3\xb5m', b'\xe2\x96\x81energiat', b'utult', b'oloogi', b'elikult', b'\xe2\x96\x81k\xc3\xb5igest', b'\xe2\x96\x81l\xc3\xa4hed', b'\xe2\x96\x81luba', b'\xe2\x96\x81s\xc3\xb5ber', b'-10', b'\xe2\x96\x81r\xc3\xa4\xc3\xa4kima', b'ran', b'\xe2\x96\x81r\xc3\xa4\xc3\xa4', b'\xe2\x96\x81\xc3\xa4mmvei', b'\xe2\x96\x81teil', b'mba', b'\xe2\x96\x81tekita', b'\xe2\x96\x81vahepeal', b'\xe2\x96\x81Ju', b'\xe2\x96\x81teadnud', b'\xe2\x96\x81t\xc3\xa4htajal', b'\xe2\x96\x81saate', b'\xe2\x96\x81int', b'\xe2\x96\x81viimane', b'\xe2\x96\x81t\xc3\xb5sta', b'arve', b'jaga', b'ordi', b'\xe2\x96\x81erinevate', b'\xe2\x96\x81t\xc3\xb5de', b'af', b'mel', b'\xe2\x96\x81seotud', b'asja', b'3-', b'\xe2\x96\x81Rammste', b'olde', b'\xe2\x96\x81My', b'\xe2\x96\x81Arv', b'\xe2\x96\x81nyyd', b'\xe2\x96\x81n\xc3\xa4rv', b'ara', b'\xe2\x96\x81s\xc3\xb5ja', b'\xe2\x96\x81kuulata', b'\xe2\x96\x81J\xc3\xa4rg', b'\xe2\x96\x81mon', b'\xe2\x96\x81*', b'\xe2\x96\x81seleta', b'\xe2\x96\x81hmm', b'AL', b'igust', b'\xe2\x96\x81Mingi', b'\xe2\x96\x81puutub', b'\xe2\x96\x81n\xc3\xa4en', b'\xc3\xb6\xc3\xb6d', b'\xe2\x96\x81hakkaks', b'ald', b'\xe2\x96\x81h\xc3\xa4da', b'\xe2\x96\x81Too', b'\xe2\x96\x81paast', b'\xe2\x96\x81asenda', b'itsa', b'\xe2\x96\x81palve', b'anne', b'\xe2\x96\x8129', b'oob', b'\xe2\x96\x81Maa', b'led', b'\xe2\x96\x81\xc3\xbclla', b'-2', b'\xe2\x96\x81lenn', b'\xe2\x96\x81tuden', b'\xe2\x96\x81varu', b'\xe2\x96\x81\xc3\x9clikooli', b'\xe2\x96\x81t\xc3\xa4ielik', b'\xe2\x96\x81varsti', b'\xe2\x96\x81eurot', b'\xe2\x96\x81tasemel', b'\xe2\x96\x81ba', b'\xe2\x96\x81tall', b'\xe2\x96\x81point', b'\xe2\x96\x81enamasti', b'\xe2\x96\x81nelja', b'\xe2\x96\x81hommikul', b'\xe2\x96\x81paned', b'oopa', b'\xe2\x96\x81\xc3\xbch', b'\xe2\x96\x81islami', b'\xc3\xbcstee', b'\xe2\x96\x81Pigem', b'kist', b'\xe2\x96\x81teooria', b'klas', b'oom', b'\xe2\x96\x81s\xc3\xbcmpto', b'\xe2\x96\x81paanikahoo', b'\xe2\x96\x81Inimesed', b'lab', b'\xe2\x96\x81Ne', b'Z', b'\xe2\x96\x81kaamera', b'\xe2\x96\x81eb', b'ante', b'iseid', b'\xe2\x96\x81l\xc3\xb5peta', b'\xe2\x96\x81\xc3\xbclej\xc3\xa4\xc3\xa4nud', b'\xe2\x96\x81iseenesest', b'\xe2\x96\x81Kr', b'vahel', b'01', b'\xe2\x96\x81&', b'\xe2\x96\x81huvitab', b'\xe2\x96\x81\xc3\xbcldiselt', b'\xe2\x96\x81of', b'mark', b'\xe2\x96\x81|=', b'=|', b'\xe2\x96\x81v\xc3\xb5rreldes', b'\xe2\x96\x81ge', b'\xe2\x96\x81Sirius', b'\xe2\x96\x81matemaat', b'0007', b'\xe2\x96\x81imo', b'\xe2\x96\x81tulemused', b'\xe2\x96\x8180', b'\xe2\x96\x81YOU', b'\xe2\x96\x81Koroona', b'\xe2\x96\x81USA', b'\xe2\x96\x81Pilge', b'\xe2\x96\x81suudab', b'olt', b'eerib', b'ino', b'\xe2\x96\x81Saare', b'\xe2\x96\x81koroonaviirus', b'\xe2\x96\x81sulge', b'\xe2\x96\x81koroonaviir', b'\xe2\x96\x81kujune', b'\xe2\x96\x81tundu', b'\xe2\x96\x81viirused', b'\xe2\x96\x811000', b'\xe2\x96\x81saaremaa', b'\xe2\x96\x81EK', b'eemi', b'\xe2\x96\x81ita', b'usalt', b'\xe2\x96\x81seni', b'\xe2\x96\x81pand', b'zi', b'\xe2\x96\x81Leelotaja', b'\xe2\x96\x81Leopard', b'\xe2\x96\x81s\xc3\xb5idab', b'atal', b'\xe2\x96\x81standa', b'\xe2\x96\x81TT', b'\xe2\x96\x81Pas', b'\xc3\xb5naga', b'uto', b'\xe2\x96\x81s\xc3\xb5idan', b'\xe2\x96\x81lamelliga', b'rehv', b'mst', b'\xe2\x96\x81koopia', b'yr', b'\xe2\x96\x81rs', b'\xe2\x96\x81universumi', b'yl', b'\xe2\x96\x81Premium', b'\xe2\x96\x81\xc3\xb5lut', b'\xe2\x96\x81rock', b'\xe2\x96\x81alternatiiv', b'sche', b'\xe2\x96\x81Motorex', b'\xe2\x96\x81Juba', b'vata', b'\xe2\x96\x81k\xc3\xbclm', b'\xe2\x96\x81hakanud', b'\xe2\x96\x81kasvanud', b'siooni', b'\xe2\x96\x81tahad', b'\xe2\x96\x81kodu', b'\xe2\x96\x81tahavad', b'\xe2\x96\x81uuri', b'sik', b'\xe2\x96\x81leebe', b'\xe2\x96\x81pik', b'peale', b'\xe2\x96\x81metsma', b'\xe2\x96\x81kompo', b'k\xc3\xb5', b'\xe2\x96\x81viin', b'\xe2\x96\x81vajavad', b'\xe2\x96\x81teisele', b'\xe2\x96\x81Sul', b'rt', b'eenras', b'\xe2\x96\x81Krist', b'J', b'\xc5\xa1', b'\xe2\x96\x81n\xc3\xb6', b'dade', b'\xe2\x96\x81cm', b'\xe2\x96\x81foto', b'\xe2\x96\x81ae', b'umisel', b'adel', b'alg', b'\xe2\x96\x81k\xc3\xa4ttesaada', b'\xe2\x96\x81Mo', b'\xe2\x96\x81alates', b'-6', b'\xe2\x96\x81vajalik', b'iguste', b'\xe2\x96\x81esimest', b'\xe2\x96\x81haigust', b'\xe2\x96\x81loomulikult', b'ganud', b'aks', b'\xe2\x96\x81foorumis', b'idata', b'\xe2\x96\x81kuju', b'\xe2\x96\x81hele', b'\xe2\x96\x81selge', b'hed', b'idagi', b'\xe2\x96\x81kuku', b'nel', b'\xe2\x96\x81De', b'60', b'\xe2\x96\x81pidada', b'\xe2\x96\x81aktiiv', b'hku', b'\xe2\x96\x81h\xc3\xa4vita', b'\xe2\x96\x81prof', b'ksi', b'\xe2\x96\x81viisil', b'\xe2\x96\x81Tar', b'kilt', b'\xe2\x96\x81troopika', b'\xe2\x96\x81leidnud', b'\xe2\x96\x81kirjutasin', b'\xe2\x96\x81aidata', b'\xe2\x96\x81net', b'\xe2\x96\x81telli', b'\xe2\x96\x81h\xc3\xa4vitada', b'j\xc3\xa4r', b'\xe2\x96\x81Ro', b'eva', b'\xe2\x96\x81m\xc3\xa4nn', b'\xe2\x96\x81sob', b'undi', b'evad', b'rava', b'\xe2\x96\x81v\xc3\xb5ime', b'ites', b'ikesed', b'\xe2\x96\x81kummal', b'!!!!', b'iseb', b'\xe2\x96\x81Angel', b'\xe2\x96\x81kellelgi', b'\xe2\x96\x81500', b'\xe2\x96\x81komb', b'\xe2\x96\x81Neid', b'iri', b'\xe2\x96\x81Kor', b'tanud', b'gub', b'tund', b'utatud', b'p\xc3\xa4r', b'giks', b'\xe2\x96\x81Nende', b'\xe2\x96\x81m\xc3\xbcr', b'asika', b'delt', b'\xe2\x96\x81v\xc3\xb5etud', b'tar', b'\xe2\x96\x81Hetkel', b'\xe2\x96\x81tavalise', b'\xe2\x96\x81lehed', b'\xe2\x96\x81viitsinud', b'puu', b'kis', b'VA', b'umas', b'\xe2\x96\x81kiirusega', b'\xe2\x96\x81Nad', b'\xe2\x96\x81teemat', b'\xe2\x96\x81k\xc3\xa4sitle', b'\xe2\x96\x81pidanud', b'lah', b'like', b'misse', b'\xe2\x96\x81p\xc3\xb5hja', b'\xe2\x96\x81mullaga', b'\xe2\x96\x81ris', b'\xe2\x96\x81ravim', b'kski', b'\xe2\x96\x81seemneid', b'\xe2\x96\x81silma', b'\xe2\x96\x81k\xc3\xbclvata', b'\xe2\x96\x81ootama', b'\xe2\x96\x81t\xc3\xa4r', b'\xe2\x96\x81\xc3\xb5nnestunud', b'ue', b'kan', b'idesse', b'\xe2\x96\x81hak', b'\xe2\x96\x81au', b'\xe2\x96\x81Tavaliselt', b'ikul', b'utasin', b'\xe2\x96\x81v\xc3\xb5imalikult', b'laste', b'sega', b'\xe2\x96\x81P\xc3\xa4ris', b'arb', b'\xe2\x96\x81\xc3\xbcli', b'osi', b'\xe2\x96\x81p\xc3\xa4\xc3\xa4', b'meet', b'\xe2\x96\x81h\xc3\xbc', b'\xe2\x96\x81l\xc3\xbc', b'\xe2\x96\x81saade', b'\xe2\x96\x81kusagi', b'maalt', b'\xe2\x96\x81kaup', b's\xc3\xbcsteemi', b'\xe2\x96\x81tekkis', b'gule', b'\xe2\x96\x81s\xc3\xbcsteem', b'lee', b'ndal', b'ard', b's\xc3\xbcsteem', b'\xe2\x96\x81mure', b'koh', b'\xe2\x96\x81Peale', b'\xe2\x96\x81J\xc3\xb5', b'\xe2\x96\x81parane', b'\xe2\x96\x81s\xc3\xa4il', b'\xe2\x96\x81panen', b'\xe2\x96\x81v\xc3\xa4lis', b'\xe2\x96\x81eemale', b'\xe2\x96\x81tra', b'\xe2\x96\x81j\xc3\xa4rje', b'kind', b'\xe2\x96\x81s\xc3\xa4', b'\xe2\x96\x81kaugel', b'\xe2\x96\x81hilja', b'\xe2\x96\x81lamb', b'\xe2\x96\x81suurte', b'\xe2\x96\x81algul', b'ralik', b'\xe2\x96\x81NI', b'wa', b'tsiaal', b'utub', b'\xe2\x96\x81autode', b'\xe2\x96\x81koge', b'\xe2\x96\x81p\xc3\xb5hjal', b'\xe2\x96\x81s\xc3\xb5b', b'\xe2\x96\x81K\xc3\xa4rss', b'umb', b'\xe2\x96\x81teemasse', b'\xe2\x96\x81m\xc3\xbc\xc3\xbca', b'jud', b'seis', b'\xe2\x96\x81t\xc3\xa4hele', b'oja', b'\xe2\x96\x81isik', b'ky', b'\xe2\x96\x81hakkan', b'\xe2\x96\x81igas', b'vatel', b'giline', b'\xe2\x96\x81reaals', b'\xe2\x96\x81ausalt', b'kui', b'\xe2\x96\x81oda', b'k\xc3\xa4', b'raha', b'\xe2\x96\x81vahetada', b'm\xc3\xb5', b'his', b'\xe2\x96\x81suude', b'usu', b'\xe2\x96\x81Lisaks', b'put', b'\xe2\x96\x81masinat', b'\xe2\x96\x81arvates', b'\xe2\x96\x81uurida', b'\xe2\x96\x81kalli', b'imalt', b'\xe2\x96\x81tuul', b'onaal', b'kur', b'\xe2\x96\x81n\xc3\xa4ite', b'\xe2\x96\x81201', b'\xe2\x96\x81ennem', b'did', b'\xe2\x96\x81p\xc3\xa4de', b'\xe2\x96\x81s\xc3\xb5itma', b'\xe2\x96\x81reh', b'\xe2\x96\x81Oli', b'lase', b'\xc3\xb5peta', b'\xe2\x96\x81samasuguse', b'uselt', b'\xe2\x96\x81aastast', b'\xe2\x96\x81v\xc3\xb5is', b'\xe2\x96\x81CO', b'\xe2\x96\x81programm', b'lan', b'\xe2\x96\x81ainus', b'\xe2\x96\x81l\xc3\xa4ksin', b'\xe2\x96\x81kellele', b'\xe2\x96\x81lap', b'risse', b'\xe2\x96\x81Papini', b'usesse', b'lle', b'\xe2\x96\x81korr', b'\xe2\x96\x81politse', b'\xe2\x96\x81teeme', b'\xe2\x96\x81l\xc3\xb5ppe', b'\xe2\x96\x81armast', b'utavad', b'\xe2\x96\x81v\xc3\xb5iksid', b'\xe2\x96\x81di', b'usti', b'\xe2\x96\x81uusi', b'\xe2\x96\x81p\xc3\xbc\xc3\xbc', b'\xe2\x96\x81m\xc3\xb5jutab', b'\xe2\x96\x81super', b'\xe2\x96\x81paks', b'idust', b'\xe2\x96\x81tunned', b'\xe2\x96\x81tasakaal', b'\xe2\x96\x81p\xc3\xb5hjenda', b'mes', b'\xe2\x96\x81originaal', b'\xe2\x96\x81\xc3\xb6eldud', b'\xe2\x96\x81toe', b'raditsi', b'\xe2\x96\x81ing', b'imiseks', b'\xe2\x96\x81Loodan', b'ded', b'\xe2\x96\x81P\xc3\xb5', b'ren', b'\xe2\x96\x81lib', b'ang', b'\xe2\x96\x81arvatavasti', b'\xe2\x96\x81paan', b'ustun', b'juhul', b'\xe2\x96\x81kohustuslik', b'\xe2\x96\x81Tor', b'im\xc3\xb5tteliselt', b'\xe2\x96\x81paranda', b'ruu', b'\xe2\x96\x81s\xc3\xbcdam', b'poolest', b'\xe2\x96\x81Se', b'\xe2\x96\x81j\xc3\xb5ul', b'\xc3\xb6h', b'\xe2\x96\x81Pe', b'\xe2\x96\x81viia', b'udest', b'v\xc3\xb5rd', b'\xe2\x96\x81s\xc3\xb5bran', b'\xe2\x96\x81suuremaks', b'ch', b'\xe2\x96\x81nor', b'\xe2\x96\x81suhte', b'\xe2\x96\x81telefoni', b'\xe2\x96\x81\xc3\xbctlesid', b'nikord', b's\xc3\xb5', b'\xe2\x96\x81onju', b'\xe2\x96\x81irw', b'tet', b'\xe2\x96\x81Mulle', b'\xe2\x96\x81isa', b'\xe2\x96\x81\xc3\xb6elnud', b'pul', b'\xe2\x96\x81muide', b'\xe2\x96\x81usku', b'\xe2\x96\x81mater', b'\xe2\x96\x81pension', b'isvara', b'anti', b'\xe2\x96\x81mingisuguse', b'udi', b'\xe2\x96\x81Ah', b'\xe2\x96\x81miljardit', b'esid', b'sim', b'\xe2\x96\x81ajaks', b'ppida', b'\xe2\x96\x81mp', b'dama', b'\xe2\x96\x81playl', b'\xe2\x96\x81muus', b'\xe2\x96\x81nim', b'\xe2\x96\x81Aja', b'\xe2\x96\x81laul', b'\xe2\x96\x81pop', b'\xe2\x96\x81sega', b'\xe2\x96\x81t\xc3\xb5mma', b'\xe2\x96\x81yldse', b'\xe2\x96\x81Man', b'\xe2\x96\x81tut', b'\xe2\x96\x81ekra', b'\xe2\x96\x81post', b'\xe2\x96\x81ir', b'\xe2\x96\x81keelt', b'\xe2\x96\x81v\xc3\xb5inud', b'\xe2\x96\x81uurima', b'\xe2\x96\x81Soovitan', b'v\xc3\xb5t', b'\xe2\x96\x81tulevikku', b'\xe2\x96\x81Kind', b'\xe2\x96\x81m\xc3\xb5juta', b'\xe2\x96\x81teagi', b'\xe2\x96\x81minut', b'\xe2\x96\x81sek', b'\xe2\x96\x81m\xc3\xa4leta', b'\xe2\x96\x81jo', b'\xe2\x96\x81paastu', b'\xe2\x96\x81kuule', b'vest', b'\xe2\x96\x81teoori', b'ugune', b'sete', b'\xe2\x96\x81hull', b'\xe2\x96\x81Tall', b'\xe2\x96\x81IT', b'aast', b'\xe2\x96\x81erial', b'lja', b'\xe2\x96\x81ak', b'\xe2\x96\x81pilet', b'\xe2\x96\x81Kangro', b'\xe2\x96\x81Luge', b'\xe2\x96\x81j\xc3\xa4rjekord', b'\xe2\x96\x81laie', b'\xc3\xbcri', b'\xe2\x96\x81laus', b'mmun', b'\xe2\x96\x81suunas', b'\xe2\x96\x81ter', b'\xe2\x96\x81vald', b'\xe2\x96\x81kiirust', b'\xe2\x96\x81kru', b'\xe2\x96\x81muuse', b'\xe2\x96\x81asfalt', b'\xe2\x96\x81\xc3\x9cld', b'nev', b'\xe2\x96\x81s\xc3\xb5ida', b'\xe2\x96\x81p\xc3\xa4\xc3\xa4se', b'\xe2\x96\x81t\xc3\xb6\xc3\xb6l', b'\xe2\x96\x81jumala', b'tted', b'\xe2\x96\x81t\xc3\xa4nap\xc3\xa4eval', b'\xe2\x96\x81maga', b'\xe2\x96\x81Suu', b'fil', b'\xe2\x96\x81Posta', b'\xe2\x96\x81Samuti', b'\xe2\x96\x81kirik', b'leks', b'\xe2\x96\x81esile', b'\xe2\x96\x81kristlasi', b'\xe2\x96\x81h\xc3\xa4\xc3\xa4li', b'\xe2\x96\x81Euroopa', b'\xe2\x96\x81vabad', b'\xe2\x96\x81l\xc3\xa4\xc3\xa4', b'\xe2\x96\x81religi', b'mon', b'\xe2\x96\x81EU', b'\xe2\x96\x81kell', b'\xe2\x96\x81telkla', b'agri', b'\xe2\x96\x81laht', b'\xe2\x96\x81range', b'\xe2\x96\x81k\xc3\xa4e', b'\xe2\x96\x81tahtsin', b'\xe2\x96\x81paanikah\xc3\xa4ire', b'\xe2\x96\x81!!', b'\xe2\x96\x81enesekind', b'--', b'\xe2\x96\x81maailm', b'\xe2\x96\x81raputa', b'\xe2\x96\x81maski', b'ikast', b'\xe2\x96\x81keeles', b'rastatud', b'neva', b'\xe2\x96\x81algusest', b'\xe2\x96\x81popip\xc3\xa4ev', b'\xe2\x96\x81monstrum', b'aega', b'\xe2\x96\x81kitse', b'\xe2\x96\x81|', b'|', b'\xe2\x96\x81vaevalt', b'\xe2\x96\x81tom', b'\xe2\x96\x81vaadanud', b'olog', b'\xe2\x96\x81k\xc3\xa4in', b'\xe2\x96\x81eksami', b'\xe2\x96\x81kommen', b'ry', b'\xe2\x96\x81v\xc3\xb5in', b'tsu', b'cer', b'\xe2\x96\x81twilightzone', b'\xe2\x96\x81gudher', b'\xe2\x96\x81suulise', b'th', b'ner', b'\xe2\x96\x81teemad', b'\xe2\x96\x81DoGGy', b'\xe2\x96\x81kuradi', b'\xe2\x96\x81n\xc3\xb5rge', b'rima', b'\xe2\x96\x81sim', b'\xe2\x96\x81maal', b'\xe2\x96\x81Suvat\xc3\xbc\xc3\xbcp', b'\xe2\x96\x81lagu', b'\xe2\x96\x81Venemaa', b'\xe2\x96\x81usklikud', b'\xe2\x96\x81lolli', b'\xe2\x96\x81ajus', b'\xe2\x96\x81tuh', b'\xe2\x96\x81koroon', b'\xe2\x96\x81x', b'\xe2\x96\x81kommenta', b'\xe2\x96\x81vaktsiini', b'\xe2\x96\x81juhid', b'\xe2\x96\x81terviseame', b'\xe2\x96\x81mikrobioloogia', b'\xe2\x96\x81Vasuri', b'\xe2\x96\x81eleonore', b'\xe2\x96\x81viroloog', b'\xe2\x96\x81surmade', b'\xe2\x96\x81surem', b'ath', b'-19', b'\xe2\x96\x81Eur', b'\xe2\x96\x81kodanik', b'\xe2\x96\x81piiri', b'\xe2\x96\x81lenda', b'\xe2\x96\x81piirangu', b'\xe2\x96\x81elekt', b'tti', b'\xe2\x96\x81\xc3\xbchte', b'\xe2\x96\x81testi', b'\xe2\x82\xac', b'\xe2\x96\x81naka', b'\xe2\x96\x81statist', b'\xe2\x96\x81maksa', b'\xe2\x96\x81Ants', b'kku', b'mil', b'\xe2\x96\x81Pahane', b'\xe2\x96\x81tekivad', b'\xe2\x96\x81teoreet', b'\xe2\x96\x81sii', b'\xe2\x96\x81yle', b'\xe2\x96\x81direktor', b'ca', b'-72', b'\xe2\x96\x81tehnik', b'km', b'\xe2\x96\x81tankide', b'sp', b'\xe2\x96\x81NATO', b'\xe2\x96\x81koosneb', b'teerida', b'\xe2\x96\x81elektri', b'\xe2\x96\x81tuumaja', b'akt', b'\xe2\x96\x81kurvis', b'\xe2\x96\x81kiirusel', b'\xe2\x96\x81Selles', b'\xe2\x96\x81\xc3\xb5ppej\xc3\xb5ud', b'lusid', b'\xe2\x96\x81teoreetiliselt', b'\xe2\x96\x81tehis', b'\xe2\x96\x81aatomi', b'\xe2\x96\x81ulme', b'\xe2\x96\x81Mihkelsch', b'\xe2\x96\x81tulevikus', b'\xe2\x96\x81valgust', b'vikku', b'\xe2\x96\x81Ajamasin', b'\xe2\x96\x81pocket', b'\xe2\x96\x81rullno', b'\xe2\x96\x81aias', b'\xe2\x96\x81nartsis', b'\xe2\x96\x81s\xc3\xbcga', b'nul', b'\xe2\x96\x81aastate', b'\xe2\x96\x81pinnase', b'\xe2\x96\x81pinna', b'\xe2\x96\x81Var', b'\xe2\x96\x81Ain', b'\xe2\x96\x81l\xc3\xb5iga', b'imisega', b'\xe2\x96\x81mah', b'\xe2\x96\x81kuiva', b'mpe', b'\xe2\x96\x81m\xc3\xb5\xc3\xb5t', b'ulad', b'\xe2\x96\x81panema', b'\xe2\x96\x81kult', b'mused', b'\xe2\x96\x81plaani', b'\xe2\x96\x81sort', b'utas', b'vadki', b'ikese', b'vane', b'\xe2\x96\x81\xc3\xb5itsemise', b'\xe2\x96\x81\xc3\xb5ied', b'\xe2\x96\x81j\xc3\xa4lgi', b'\xe2\x96\x81Vahe', b'\xe2\x96\x81hulga', b'asikad', b'\xe2\x96\x81mult', b'\xe2\x96\x81Sii', b'\xe2\x96\x81Kop', b'\xe2\x96\x81Sulle', b'\xe2\x96\x81http', b'jandus', b'\xe2\x96\x81Arvatavasti', b'\xe2\x96\x81P\xc3\xb5ld', b'ttu', b'\xe2\x96\x81>', b'\xe2\x96\x81\xc3\xb5ie', b'\xe2\x96\x81eleme', b'\xe2\x96\x812-3', b'\xe2\x96\x81Par', b'uvat', b'\xe2\x96\x81Saa', b'\xe2\x96\x81moodust', b'umiseks', b'\xe2\x96\x81Eel', b'nime', b'\xe2\x96\x81t\xc3\xb5rjeks', b'\xe2\x96\x81sobi', b'\xe2\x96\x81pritsida', b'\xe2\x96\x81n\xc3\xb5ude', b'ilet', b'nas', b'\xe2\x96\x81kirjelda', b'\xe2\x96\x81k\xc3\xb5l', b'\xe2\x96\x81her', b'\xe2\x96\x81ena', b'ic', b'\xe2\x96\x8122', b'm\xc3\xa4', b'brit', b'isteem', b'ema', b'tahes', b'\xe2\x96\x81iga\xc3\xbcks', b'oloogia', b'\xe2\x96\x81lab', b'\xe2\x96\x81kast', b'\xe2\x96\x81bana', b'\xe2\x96\x81Ette', b'\xe2\x96\x81r\xc3\xa4\xc3\xa4givad', b'\xe2\x96\x81tellinud', b'blee', b'adid', b'kile', b'\xe2\x96\x81niit', b'kit', b'\xe2\x96\x81kat', b'\xe2\x96\x81kohanud', b'\xe2\x96\x81sipelgad', b'\xe2\x96\x81kasvuhoones', b'\xe2\x96\x81aimu', b'\xe2\x96\x81kasvuhoonesse', b'\xe2\x96\x81karusmari', b'nased', b'\xe2\x96\x81the', b'\xe2\x96\x81kuskile', b'\xe2\x96\x81proovinud', b'\xe2\x96\x81saagi', b'\xe2\x96\x81uskuma', b'vu', b'\xe2\x96\x81taas', b'\xe2\x96\x81pakkuda', b'\xe2\x96\x81s\xc3\xbc\xc3\xbc', b'\xe2\x96\x81j\xc3\xa4relikult', b'\xe2\x96\x81talve', b'\xe2\x96\x81sinirebane', b'puh', b'\xe2\x96\x81vih', b'\xe2\x96\x81halb', b'\xe2\x96\x81uued', b'\xe2\x96\x81T\xc3\xa4p', b'imisel', b'\xe2\x96\x81KA', b'JU', b'\xe2\x96\x81EI', b'II', b'EL', b'ID', b'\xe2\x96\x81haigus', b'\xe2\x96\x81k\xc3\xa4r', b'\xe2\x96\x81lin', b'\xe2\x96\x81aadressi', b'\xe2\x96\x81P\xc3\xbc', b'vitab', b'\xe2\x96\x81s\xc3\xb6\xc3\xb6da', b'leid', b'\xe2\x96\x81ex', b'\xe2\x96\x81leian', b'\xe2\x96\x81M\xc3\xb5ned', b'\xe2\x96\x81sugu', b'\xe2\x96\x81vb', b'kam', b'gal', b'ille', b'\xe2\x96\x81tera', b'ram', b'\xe2\x96\x81seemned', b'\xe2\x96\x81vanade', b'\xe2\x96\x81kergem', b'\xe2\x96\x81n\xc3\xb5r', b'\xe2\x96\x81niiske', b'\xe2\x96\x81hakkasid', b'jata', b'\xc3\xa4\xc3\xa4ri', b'anded', b'istes', b'\xe2\x96\x81sageli', b'\xe2\x96\x81nuht', b'\xe2\x96\x81piisab', b'\xe2\x96\x81s\xc3\xb6\xc3\xb6gi', b'atu', b'\xe2\x96\x81mitme', b'rine', b'\xe2\x96\x81sir', b'ulda', b'\xe2\x96\x81halvasti', b'\xe2\x96\x81hukka', b'\xe2\x96\x81teistest', b'\xe2\x96\x81v\xc3\xb5rra', b'\xe2\x96\x81suutnud', b'\xe2\x96\x81juhtunud', b'kaitse', b'\xe2\x96\x81Hiin', b'\xe2\x96\x81ehitus', b'90', b'\xe2\x96\x81kastmis', b'80', b'\xe2\x96\x81lahend', b'setest', b'\xe2\x96\x81abiks', b'\xe2\x96\x81veelgi', b'\xe2\x96\x81\xc3\xb5htul', b'igalda', b'\xe2\x96\x81ukse', b'\xe2\x96\x81kaubanduskesk', b'\xe2\x96\x81paremad', b'\xe2\x96\x81s\xc3\xbcsteemi', b'\xe2\x96\x81l\xc3\xbcl', b'gida', b'olu', b'\xe2\x96\x81voo', b'\xe2\x96\x81Natuke', b'\xe2\x96\x81tasub', b'\xe2\x96\x81pika', b'\xe2\x96\x81Har', b'\xe2\x96\x81levinud', b'\xe2\x96\x81pisut', b'\xe2\x96\x81puhta', b'\xe2\x96\x81maad', b'\xe2\x96\x81Enne', b'\xe2\x96\x81kadunud', b'\xe2\x96\x81p\xc3\xbc\xc3\xbcdnud', b'itel', b'ikak', b'\xe2\x96\x81Niis', b'\xe2\x96\x81hoiab', b'\xe2\x96\x81Ajas', b'ritest', b'neda', b'\xe2\x96\x81nar', b'ttis', b'nar', b'\xe2\x96\x81k\xc3\xb5vasti', b'\xe2\x96\x81liha', b'\xe2\x96\x81kaval', b'len', b'\xe2\x96\x81t\xc3\xb5m', b'\xe2\x96\x81K\xc3\xbcl', b'\xe2\x96\x81tuttav', b'\xe2\x96\x81s\xc3\xbcgavk\xc3\xbcl', b'\xe2\x96\x81J\xc3\xa4\xc3\xa4', b'\xe2\x96\x81ine', b'\xe2\x96\x81j\xc3\xa4id', b'\xe2\x96\x81T\xc3\xa4iesti', b'\xe2\x96\x81eelmise', b'AR', b'UT', b'vaba', b'sist', b'\xe2\x96\x81m\xc3\xbc\xc3\xbcgikuulut', b'\xe2\x96\x81sele', b'nevalt', b'ustav', b'ldus', b'\xe2\x96\x81k\xc3\xa4ed', b'\xe2\x96\x81autoga', b'\xe2\x96\x81veend', b'\xe2\x96\x81hel', b'kel', b'\xe2\x96\x81Peab', b'\xe2\x96\x81Tahaks', b'\xe2\x96\x81hulk', b'\xe2\x96\x81saadakse', b'\xe2\x96\x81esine', b'\xe2\x96\x81kurja', b'\xe2\x96\x81miskit', b'on\xc3\xbc\xc3\xbc', b'on\xc3\xbc\xc3\xbcmne', b'\xe2\x96\x81k\xc3\xa4itumis', b'\xe2\x96\x81paraku', b'\xe2\x96\x81paneb', b'\xe2\x96\x81oluliselt', b'sugune', b'\xe2\x96\x81kuulutused', b'\xe2\x96\x81pildil', b'\xe2\x96\x81pilti', b'\xe2\x96\x81p\xc3\xb5hjusel', b'\xe2\x96\x81meelega', b'ubli', b'\xe2\x96\x81l\xc3\xbch', b'\xe2\x96\x81absoluutselt', b'iv', b'\xe2\x96\x81loode', b'tavasti', b'\xe2\x96\x81puht', b'ikka', b'\xe2\x96\x81n\xc3\xa4hta', b'\xe2\x96\x81kohust', b'\xe2\x96\x81avasta', b'\xe2\x96\x81vastas', b'\xe2\x96\x81foor', b'\xe2\x96\x81konkreetse', b'\xe2\x96\x81moot', b'\xe2\x96\x81muret', b'\xe2\x96\x81vanuse', b'\xe2\x96\x81muinasjut', b'\xe2\x96\x81lahendanud', b'\xe2\x96\x81odavad', b'\xe2\x96\x81kordi', b'aval', b'istama', b'iajal', b'\xe2\x96\x81liht', b'\xe2\x96\x81\xc3\x95nneks', b'\xe2\x96\x81kii', b'\xc3\xa4rk', b'\xe2\x96\x81peaksid', b'\xe2\x96\x81mootor', b'\xe2\x96\x81Raha', b'k\xc3\xb5ige', b'\xe2\x96\x81hirmus', b'\xe2\x96\x81Tekkis', b'sime', b'\xe2\x96\x81soodust', b'\xe2\x96\x81kiirelt', b'\xe2\x96\x81jor', b'\xc3\xb5it', b'htis', b'\xe2\x96\x81m\xc3\xb5elnud', b'mbris', b'\xc3\xa4rg', b'\xe2\x96\x81seisuga', b'\xe2\x96\x81kilo', b'\xe2\x96\x81r\xc3\xa4\xc3\xa4gitakse', b'elli', b'iit', b'iska', b'\xe2\x96\x81piirkon', b'\xe2\x96\x81Us', b'\xe2\x96\x81J\xc3\xa4r', b'\xe2\x96\x81Muide', b'juti', b'\xe2\x96\x81seisab', b'\xe2\x96\x81kaob', b'\xe2\x96\x81P\xc3\xa4rnu', b'\xe2\x96\x81k\xc3\xa4isin', b'\xe2\x96\x81\xc3\xbcpris', b'\xe2\x96\x81bussi', b'\xe2\x96\x81ad', b'\xe2\x96\x81Pr\xc3\xbcgi', b'mber', b'\xe2\x96\x81\xc3\xb6', b'\xe2\x96\x81puhas', b'ksta', b'\xe2\x96\x81k\xc3\xb5lbab', b'\xe2\x96\x81autor', b'nust', b'kot', b'\xe2\x96\x81toimunud', b'\xe2\x96\x81gu', b'\xe2\x96\x81mehe', b'\xe2\x96\x81naise', b'\xe2\x96\x81naer', b'\xe2\x96\x81sen', b'\xe2\x96\x81tulemuse', b'\xe2\x96\x81Just', b'\xe2\x96\x81allik', b'\xe2\x96\x81tegemine', b'\xe2\x96\x81k\xc3\xbclla', b'\xe2\x96\x81Loomulikult', b'\xe2\x96\x81poest', b'\xe2\x96\x81Toidu', b'\xe2\x96\x81tundmatu', b'\xe2\x96\x81prote', b'\xe2\x96\x81Light', b'\xe2\x96\x81igast', b'kult', b'eeritud', b'\xe2\x96\x81lisatud', b'\xe2\x96\x81paik', b'\xe2\x96\x81ap', b'\xe2\x96\x81selts', b'eedi', b'asu', b'\xe2\x96\x81m\xc3\xb5nu', b'\xe2\x96\x81\xc3\xb5nneks', b'\xe2\x96\x81tunnen', b'ette', b'\xe2\x96\x81kirjutama', b'\xe2\x96\x81SU', b'\xe2\x96\x81tekitada', b'\xe2\x96\x81tahetakse', b'ktiiv', b'\xe2\x96\x81p\xc3\xb6\xc3\xb6', b'\xe2\x96\x81Esi', b'\xe2\x96\x81hullem', b'\xe2\x96\x81Ha', b'\xe2\x96\x81K\xc3\x95', b'\xe2\x96\x81kujuta', b'\xe2\x96\x81madala', b'\xe2\x96\x81h\xc3\xbcpp', b'v\xc3\xa4hem', b'\xe2\x96\x81temaga', b'tused', b'ark', b'\xe2\x96\x81laps', b'estada', b'\xe2\x96\x81tah', b'\xe2\x96\x81kristlane', b'had', b'ilisi', b'\xe2\x96\x81Ras', b'\xe2\x96\x81nen', b'\xe2\x96\x81efe', b'duse', b'\xe2\x96\x81tulen', b'\xe2\x96\x81raudselt', b'\xe2\x96\x81t\xc3\xbcdruk', b'\xe2\x96\x81muutunud', b'\xe2\x96\x81kolmanda', b'mmik', b'\xe2\x96\x81n\xc3\xa4rvi', b'\xe2\x96\x81naeru', b'\xe2\x96\x81ok', b'ilo', b't\xc3\xb5ttu', b'\xe2\x96\x81oi', b'\xe2\x96\x81r\xc3\xb5', b'\xe2\x96\x81teadsin', b'\xe2\x96\x81\xe2\x80\x9d', b'\xe2\x96\x81r\xc3\xa4\xc3\xa4kisin', b'\xe2\x96\x81kindlalt', b'\xe2\x96\x81tahes', b'\xe2\x96\x81sinus', b'\xe2\x96\x81krooni', b'\xe2\x96\x81s\xc3\xa4\xc3\xa4ste', b'\xe2\x96\x81kuhugi', b'\xe2\x96\x81kannavad', b'\xe2\x96\x81Inime', b'\xe2\x96\x81arvas', b'nan', b'\xe2\x96\x81pension\xc3\xa4r', b'pan', b'veer', b'\xe2\x96\x81odav', b'maine', b'vasti', b'\xe2\x96\x81tegevus', b'imu', b'\xe2\x96\x81Nor', b'\xe2\x96\x81lapse', b'\xe2\x96\x81poliit', b'htud', b'\xe2\x96\x81pudel', b'\xe2\x96\x81tarv', b'\xe2\x96\x81kaota', b'\xe2\x96\x81kurat', b'\xe2\x96\x81M\xc3\xa4r', b'\xe2\x96\x81\xc3\xb5i', b'\xe2\x96\x81muideks', b'que', b'cki', b'\xe2\x96\x81yks', b'\xe2\x96\x81lapsed', b'\xe2\x96\x81pist', b'ideo', b'jed', b'\xe2\x96\x81koost', b'aa', b'ull', b'im\xc3\xb5', b'miselt', b'\xe2\x96\x81top', b'\xe2\x96\x81tse', b'min', b'eede', b'\xe2\x96\x81fakt', b'\xe2\x96\x81v\xc3\xa4ita', b'MA', b'\xe2\x96\x81korraliku', b'rah', b'\xe2\x96\x81hing', b'misv\xc3\xb5', b'\xe2\x96\x81infor', b'\xe2\x96\x81t\xc3\xa4naval', b'\xe2\x96\x81ennustada', b'\xe2\x96\x81s\xc3\xb5nu', b'\xe2\x96\x81ebak', b'viku', b'\xe2\x96\x81soovid', b'nusta', b'\xe2\x96\x81silmad', b'\xe2\x96\x81eet', b'\xe2\x96\x81iganes', b'\xe2\x96\x81Univers', b'\xe2\x96\x81\xc3\xbctleks', b'\xe2\x96\x81olukorda', b'\xe2\x96\x81Universum', b'\xe2\x96\x81t\xc3\xa4ps', b'\xe2\x96\x81t\xc3\xa4nase', b'\xe2\x96\x81m\xc3\xa4letan', b'nut', b'unne', b'\xe2\x96\x81edas', b'\xe2\x96\x81k\xc3\xa4is', b'tut', b'\xe2\x96\x81aastas', b'\xe2\x96\x81Loo', b'\xe2\x96\x81Ing', b'lite', b'\xe2\x96\x81n\xc3\xa4l', b'\xe2\x96\x81Lennu', b'\xe2\x96\x81v\xc3\xa4gagi', b'koht', b'vara', b'\xc3\xb6r', b'ileti', b'\xe2\x96\x81sisaldab', b'\xe2\x96\x81m\xc3\xb5eldud', b'sion', b'\xe2\x96\x81k\xc3\xb6', b'\xe2\x96\x81ruu', b'\xe2\x96\x81v\xc3\xb5rrelda', b'levipo', b'angu', b'\xe2\x96\x81garan', b'\xe2\x96\x81objekt', b'\xe2\x96\x81hoiata', b'kaks', b'teen', b'\xe2\x96\x81omavalits', b'\xe2\x96\x81planeeritud', b'\xe2\x96\x81120', b'\xe2\x96\x81seletada', b'\xe2\x96\x81normaalne', b'radi', b'\xe2\x96\x81rahulikult', b'\xe2\x96\x81pandi', b'sat', b'idud', b'\xe2\x96\x81isiklikult', b'\xe2\x96\x81lau', b'\xe2\x96\x81erinevad', b'ea', b'\xe2\x96\x81lahk', b'kte', b'\xe2\x96\x81hooli', b'\xe2\x96\x81s\xc3\xbc\xc3\xbcdi', b'bit', b'\xe2\x96\x81moslemeid', b'\xe2\x96\x81s\xc3\xbc\xc3\xbcd', b'\xe2\x96\x81rahvast', b'\xe2\x96\x81mosle', b'mite', b'\xe2\x96\x81piib', b'\xe2\x96\x81riikide', b'\xe2\x96\x81moslemid', b'\xe2\x96\x817-', b'\xe2\x96\x81t\xc3\xb5mba', b'\xe2\x96\x81T\xc3\xb5', b'\xe2\x96\x81paika', b'\xe2\x96\x81rist', b'\xe2\x96\x81miljard', b'\xe2\x96\x81peamiselt', b'\xe2\x96\x81vihka', b'\xe2\x96\x81vastupidi', b'\xe2\x96\x81v\xc3\xa4lj', b'\xe2\x96\x81Telkla', b'ger', b'\xe2\x96\x81pannakse', b'\xe2\x96\x81sedasi', b'rvuti', b'\xe2\x96\x81v\xc3\xb6', b'tast', b'musest', b'p\xc3\xa4', b'\xe2\x96\x81teile', b'\xe2\x96\x81\xc3\xbcle\xc3\xbc', b'\xe2\x96\x81hoiavad', b'GA', b'\xe2\x96\x81kardab', b'\xe2\x96\x81endasse', b'\xe2\x96\x81vastupid', b'tuna', b'ndeid', b'eliselt', b'\xe2\x96\x81l\xc3\xb5pe', b'EK', b'\xe2\x96\x81oo', b'\xe2\x96\x81lubada', b'\xe2\x96\x81kirjutas', b'\xe2\x96\x81h\xc3\xa4\xc3\xa4lt', b'msun', b'hn', b'ator', b'\xe2\x96\x81Enda', b'\xe2\x96\x81\xc3\xb5r', b'\xe2\x96\x81t\xc3\xa4nud', b'\xe2\x96\x81Vot', b'\xe2\x96\x81soom', b'ratsioon', b'%', b'\xe2\x96\x81otsast', b'\xe2\x96\x81Elvis', b'\xe2\x96\x81\xc3\xbclemaail', b'\xe2\x96\x81davey', b'\xe2\x96\x81idi', b'ssi', b'\xe2\x96\x81romz', b'\xe2\x96\x81okei', b'\xe2\x96\x81\xc3\x84', b'\xe2\x96\x81juua', b'key', b'\xe2\x96\x81tek', b'\xe2\x96\x81jur', b'\xe2\x96\x81inimestele', b'\xe2\x96\x81kirjalik', b'\xe2\x96\x81Teised', b'\xe2\x96\x81konsul', b'666', b'oline', b'eest', b'\xe2\x96\x81pidin', b'\xe2\x96\x81Flash', b'\xe2\x96\x81Hmm', b'\xe2\x96\x81teises', b'osity', b'\xe2\x96\x81Ent', b'pruul', b'cu', b'tatsioon', b'\xe2\x96\x81\xc3\xb5petaja', b'jalik', b'qu', b'oloog', b'\xe2\x96\x8181', b'\xe2\x96\x8188', b'\xe2\x96\x81r\xc3\xbch', b'itule', b'Q', b'rukt', b'tr', b'\xe2\x96\x81andmed', b'\xe2\x96\x81jura', b'.0', b'\xe2\x96\x81Viir', b'\xe2\x96\x81Covid', b'\xe2\x96\x81laboratooriumis', b'\xe2\x96\x81\xc3\xb5nne', b'likuks', b'\xe2\x96\x81aimugi', b'\xe2\x96\x81meedia', b'\xe2\x96\x81Kuuuurija', b'\xe2\x96\x81pi', b'\xe2\x96\x81sell', b'\xe2\x96\x81artikkel', b'\xe2\x96\x81grip', b'\xe2\x96\x81osak', b'\xe2\x96\x81uskumatu', b'\xe2\x96\x81grippi', b'\xe2\x96\x81k\xc3\xbcsitakse', b'\xe2\x96\x81Itaalias', b'\xe2\x96\x81Uus', b'\xe2\x96\x81Tark', b'\xe2\x96\x81professori', b'\xe2\x96\x81maail', b'\xc3\xb5pp', b'\xe2\x96\x81koroonaviiruse', b'\xe2\x96\x81\xc3\xb6eldakse', b'unut', b'\xe2\x96\x81\xc3\xbclikooli', b'\xe2\x96\x81rati', b'\xe2\x96\x81penn', b'iroloogia', b'\xe2\x96\x81Vab', b'\xe2\x96\x81Ainult', b'\xe2\x96\x81hooldeko', b'\xe2\x96\x81kordades', b'\xe2\x96\x81nat', b'34', b'vik', b'\xe2\x96\x81pidur', b'\xe2\x96\x81transport', b'ron', b'W', b'0000', b'\xe2\x96\x81arvutused', b'eedik', b'\xe2\x96\x81Saksama', b'nane', b'\xe2\x96\x81p\xc3\xb5de', b'\xe2\x96\x81tuhat', b'\xe2\x96\x81mete', b'\xe2\x96\x81SARS', b'\xe2\x96\x81cor', b'\xe2\x96\x81surnuid', b'\xe2\x96\x81kohad', b'\xe2\x96\x81andme', b'\xe2\x96\x81vot', b'sugu', b'\xe2\x96\x81epid', b'\xe2\x96\x81saame', b'\xe2\x96\x81korraga', b'\xe2\x96\x81tulevikust', b'LO', b'\xe2\x96\x81r\xc3\xbc', b'\xe2\x96\x81room', b'rdi', b'\xe2\x96\x81\xc3\xb5l', b'\xe2\x96\x81vahest', b'ktor', b'amaani', b'\xe2\x96\x81samasugune', b'uriga', b'\xe2\x96\x81BT', b'\xe2\x96\x81ameer', b'\xe2\x96\x81Krt', b'\xe2\x96\x81simulaator', b'\xe2\x96\x81taks', b'imen', b'\xe2\x96\x81ven', b'\xe2\x96\x81autol', b'\xe2\x96\x81lamellidega', b'\xe2\x96\x81lamellid', b'kaan', b'\xe2\x96\x81\xc3\xb5ppej\xc3\xb5udude', b'origa', b'\xe2\x96\x81impul', b'\xe2\x96\x81aato', b'sy', b'\xe2\x96\x81Must', b'\xe2\x96\x81universum', b'\xe2\x96\x81f\xc3\xbc\xc3\xbcsik', b'\xe2\x96\x81kosmoses', b'\xe2\x96\x81footon', b'\xe2\x96\x81gravita', b'\xe2\x96\x81hint', b'\xe2\x96\x81ajamasin', b'\xe2\x96\x81valguskiir', b'\xe2\x96\x81olevikus', b'\xe2\x96\x81kva', b'\xe2\x96\x81mateeri', b'wer', b'\xe2\x96\x81kvantarvuti', b'chine', b'\xe2\x96\x81Ale', b'\xe2\x96\x81kuld', b'\xe2\x96\x81absint', b'\xe2\x96\x81rullnoka', b'\xe2\x96\x81foori', b'\xe2\x96\x81toyota', b'\xe2\x96\x81jahimees', b'\xe2\x96\x81Nar', b'tsis', b'sita', b'iig', b'istel', b'gata', b'\xe2\x96\x81htt', b'mets', b'\xe2\x96\x81P\xc3\xa4', b'\xc3\xbc\xc3\xbca', b'ode', b'eeme', b'\xe2\x96\x81Aed', b'\xe2\x96\x81Os', b'eerin', b'kasva', b'her', b'oa', b'\xe2\x96\x81mulla', b'\xe2\x96\x81pH', b'ol\xc3\xbc', b'ktsi', b'\xe2\x96\x813-4', b'rits', b'inal', b'num', b'\xe2\x96\x811,', b'\xe2\x96\x81kg', b'esu', b'\xe2\x96\x81kuj', b'sekt', b'\xe2\x96\x81Pro', b'.00', b'sud', b'tul', b'mati', b'BA', b'\xe2\x96\x81T\xc3\x9c', b'hoi', b'\xe2\x96\x81ban', b'dup', b'ksu', b'\xe2\x96\x81mur', b'irm', b'\xe2\x96\x81Ker', b'ven', b'\xe2\x96\x81teis', b'\xe2\x96\x81nip', b'enud', b'lack', b'alap', b'ska', b'keste', b'ong', b'\xe2\x96\x81hil', b'kesed', b'kah', b'rab', b'SA', b'RE', b'\xc3\x96', b'AT', b'irni', b'hta', b'vit', b'\xe2\x96\x81Sc', b'ler', b'\xe2\x96\x81Ig', b'poo', b'\xe2\x96\x81ane', b'vend', b'fitse', b'\xe2\x96\x81\xc3\xbcma', b'r\xc3\xa4', b'ssa', b'kuu', b'\xe2\x96\x81Edu', b'\xe2\x96\x81juur', b'\xe2\x96\x81Juu', b'keid', b'eeb', b'ikan', b'\xc3\xa4eta', b'\xe2\x96\x81K\xc3\xbcs', b'\xe2\x96\x81Blu', b'itest', b'\xe2\x96\x81arvam', b'ted', b'nnist', b'\xe2\x96\x81Jaa', b'nnis', b'iko', b'mma', b'teid', b'\xe2\x96\x81pide', b'\xe2\x96\x81Hei', b'ovi', b'tsed', b'pud', b'\xe2\x96\x81inf', b'\xe2\x96\x81m\xc3\xbcg', b'\xe2\x96\x81t\xc3\xa4helep', b'Eur', b'stas', b'\xe2\x96\x81\xc3\xb5u', b'ralt', b'\xe2\x96\x81hulle', b'bid', b'henda', b'\xe2\x96\x81**', b'inul', b'\xe2\x96\x8113', b'\xe2\x96\x81n\xc3\xa4r', b'tuks', b'\xc3\xb5rgu', b'\xe2\x96\x81Osa', b'aine', b'UL', b'niku', b'pib', b'\xe2\x96\x81ik', b'\xe2\x96\x81VIN', b'ingut', b'\xc3\xbcks', b'\xe2\x96\x81konkr', b'amata', b'\xe2\x96\x81kusa', b'\xe2\x96\x81fr', b'\xe2\x96\x81t\xc3\xbcd', b'ilist', b'uko', b'danud', b'\xe2\x96\x81V\xc3\xa4l', b'tava', b'pru', b'\xe2\x96\x81\xc3\xa4ge', b'iid', b'evu', b'\xe2\x96\x81Pra', b'giko', b'\xe2\x96\x81Pil', b'salt', b'tles', b'vis', b'\xc3\xa4rra', b'onna', b'\xe2\x96\x81tase', b'\xe2\x96\x81atm', b'osf', b'utab', b'\xe2\x96\x81\xc3\x96', b'm\xc3\xa4gi', b'\xc3\xbcl', b'iat', b'valits', b'veo', b'\xc5\xbe', b'.20', b'idus', b'nus', b'pilt', b'\xe2\x96\x81Koh', b'\xe2\x96\x81Es', b'irmad', b'm\xc3\xa4e', b'\xe2\x96\x81om', b'hm', b'ants', b'\xc3\xb5nne', b'vise', b'ut\xc3\xa4', b'ressi', b'kaal', b'tma', b'ott', b'idrun', b'\xe2\x96\x81rap', b'\xe2\x96\x81emo', b'eene', b'isev', b'\xe2\x96\x81veeb', b'lusi', b'\xe2\x96\x81t\xc3\xa4h', b'jem', b'\xe2\x96\x81ON', b'\xe2\x96\x81ms', b'\xe2\x96\x81klas', b'nis', b'\xe2\x96\x81hoia', b'\xe2\x96\x81vir', b'pra', b'ikuks', b'\xe2\x96\x81Mrt', b'\xe2\x96\x8132', b'vee', b'urn', b'iir', b'str', b'\xe2\x96\x81v\xc3\xb5r', b'kohe', b'\xe2\x96\x81vor', b'\xe2\x96\x81invest', b'kkuv\xc3\xb5', b'imaal', b'umma', b'j\xc3\xa4\xc3\xa4', b'kirja', b'ulu', b'\xe2\x96\x8116', b'ises', b'riti', b'ister', b'uka', b'rale', b'vii', b'\xe2\x96\x81pat', b'cy', b'semb', b'\xe2\x96\x81kyl', b'tat', b'\xe2\x96\x81piisa', b'v\xc3\xb5i', b'LE', b'nal', b'it\xc3\xa4hh', b'\xe2\x96\x81Ela', b'itst', b'antee', b'\xe2\x96\x81surnu', b'\xe2\x96\x81ros', b'\xe2\x96\x81sho', b'\xe2\x96\x81Oot', b'\xe2\x96\x81arm', b'gk', b'\xc3\xb5pil', b'ased', b'ikes', b'\xe2\x96\x81\xc3\xb5hk', b'vol', b'tead', b'istid', b'tid', b'tei', b'osak', b'\xe2\x96\x81hool', b'\xe2\x96\x81kis', b'\xe2\x96\x81KO', b'\xe2\x96\x81kurv', b'\xe2\x96\x81PS', b'\xe2\x96\x81kih', b'\xe2\x96\x81Muidu', b'aldi', b'ort', b'mend', b'\xe2\x96\x81es', b'\xe2\x96\x81Sai', b'lasta', b'\xe2\x96\x81Tal', b'andi', b'\xe2\x96\x81\xc3\xbck', b'kast', b'do', b'vade', b'\xe2\x96\x81\xc3\xb5ppe', b'meti', b'\xe2\x96\x81Ilm', b'\xe2\x96\x81isla', b'arust', b'iht', b'flik', b'itsid', b'maail', b'kib', b'leb', b'\xe2\x96\x81trans', b'inet', b'gude', b'\xe2\x96\x81\xc3\xa4re', b'\xe2\x96\x81\xe2\x80\x99', b'ldse', b'bab', b'\xe2\x96\x81paanika', b'ksus', b'\xe2\x96\x81ER', b'RI', b'\xe2\x96\x81klo', b'uki', b'umus', b'veri', b'abas', b'\xc3\xb5bin', b'seer', b'sile', b'kuse', b'atri', b'iip', b'inii', b'imust', b'k\xc3\xb5ik', b':/', b'assi', b'juse', b'osk', b'~', b'\xe2\x96\x81Dr', b'\xe2\x96\x81oke', b'ydo', b'jones', b'\xe2\x96\x81V\xc3\x95', b'har', b'\xc3\xa4rast', b'\xe2\x96\x81hun', b'\xe2\x96\x81wtf', b'\xe2\x96\x8195', b'\xe2\x96\x8179', b'ander', b'aros', b'\xe2\x96\x81yo', b'-70', b'yan', b'husi', b'ow', b'\xe2\x96\x81mood', b'\xe2\x96\x81Mon', b'\xe2\x96\x81tub', b'\xe2\x96\x81do', b'\xe2\x96\x81miu', b'ved', b'\xe2\x96\x81sms', b'\xe2\x96\x81sit', b'\xe2\x96\x8192', b'dava', b'ona', b'UM', b'og', b'dasid', b'\xe2\x96\x81Kur', b'\xe2\x96\x81ida', b'go', b'viir', b'iniga', b'innu', b'\xe2\x96\x81Sell', b'\xe2\x96\x81koe', b'\xe2\x96\x81Joh', b'VID', b'penn', b'arii', b'alia', b'angud', b'ikum', b'rr', b'\xe2\x96\x81Gri', b'pide', b'\xe2\x96\x81Co', b'nta', b'poed', b'lam', b'\xe2\x96\x81bi', b'gede', b'outh', b'ritud', b'\xe2\x96\x81El', b'rans', b'\xe2\x96\x81si', b'\xe2\x96\x81kip', b'j\xc3\xb5ud', b'che', b'tehn', b'\xe2\x96\x81met', b'cout', b'\xe2\x96\x81Tan', b'ato', b'\xe2\x96\x81KV', b'\xe2\x96\x81lol', b'::', b'\xe2\x96\x81T\xc5\xa1', b'\xc3\xa4ral', b'\xe2\x96\x81Ab', b'\xe2\x96\x81f\xc3\xa4', b'\xe2\x96\x81san', b'\xe2\x96\x81s\xc3\xb5id', b'\xe2\x96\x81m\xc3\xa4\xc3\xa4', b'\xe2\x96\x81vul', b'\xe2\x96\x81ull', b'stee', b'rium', b'\xe2\x96\x81ein', b'\xe2\x96\x81Tur', b'rra', b'\xe2\x96\x81Cab', b'\xe2\x96\x81Dri', b'lend', b'\xe2\x96\x81sm', b'\xe2\x96\x81Bad', b'Boy', b'uden', b'bauer', b'riginaal', b'33', b'\xe2\x96\x81356', b'bertq', b'hQst', b'eda', b'\xe2\x96\x81niis', b'ias', b'@', b'-7', b'eeni', b'meer', b'\xe2\x96\x81t\xc3\xb5r', b'\xe2\x96\x81prits', b'\xe2\x96\x81Pr', b'\xe2\x96\x81p\xc3\xa4rit', b'juur', b'\xe2\x96\x81k\xc3\xa4sit', b'\xe2\x96\x81Taval', b'ore', b'lm', b'\xe2\x96\x81tahe', b'\xe2\x96\x81raud', b'imees', b'igal', b'\xe2\x96\x81kasvuh', b'nam', b'\xe2\x96\x81kaas', b'\xe2\x96\x81loom', b'oodi', b'tke', b'\xe2\x96\x81eda', b'tk', b'inni', b'\xc3\xbc\xc3\xbcd', b'\xe2\x80\x9e', b'jest', b'\xe2\x96\x81prae', b'oov', b'\xe2\x96\x81absoluut', b'\xe2\x96\x81pid', b'\xc3\xb6\xc3\xb6da', b'Y', b'op', b'itte', b'lalt', b'eldes', b'j\xc3\xa4\xc3\xa4nud', b'kesk', b'iguse', b'irma', b'\xe2\x96\x81p\xc3\xa4', b'\xe2\x96\x81viits', b'htul', b'enn', b'\xe2\x96\x81j\xc3\xb5u', b'\xe2\x96\x81luges', b'inas', b'\xe2\x96\x81hommik', b'\xe2\x96\x81med', b'\xe2\x96\x81Hu', b'\xe2\x96\x81Ter', b'pid', b'\xe2\x96\x81minge', b'\xe2\x96\x81Kee', b'\xe2\x96\x81huk', b'\xc3\xbc\xc3\xbcp', b'\xe2\x96\x81meditsi', b'\xe2\x96\x81saare', b'onore', b'iima', b'\xe2\x96\x81t\xc3\xa4helepan', b'liit', b'\xe2\x96\x81nakk', b'kiir', b'tiiv', b'-3', b'\xe2\x96\x81Mi', b'\xe2\x96\x81ooda', b'ooton', b'>', b'lash', b'\xe2\x96\x81veebru', b'remi', b'rigina', b'sint', b'haha', b'\xe2\x96\x81s\xc3\xbcgav', b'\xe2\x96\x81fot', b'\xe2\x96\x81nel', b'\xe2\x96\x81Kah', b'ipel', b'muti', b'jeks', b'\xe2\x96\x81Taha', b'it\xc3\xa4h', b'\xe2\x96\x81pis', b'maat', b'\xe2\x96\x81s\xc3\xbcstee', b'uliselt', b'\xc3\xbcgi', b'en\xc3\xa4', b'\xe2\x96\x81Nen', b'mned', b'ms', b'\xe2\x96\x81teemas', b'\xe2\x96\x81abs', b'\xe2\x96\x81uni', b'\xe2\x96\x81t\xc3\xa4hta', b'\xe2\x96\x81miljon', b'\xe2\x96\x81\xc3\xb6el', b'\xcc\x81', b'ire', b'\xe2\x96\x81energi', b'kr', b'\xe2\x96\x81obje', b'iesti', b'\xe2\x96\x81pakku', b'nii', b'ense', b'\xe2\x96\x81inime', b'\xe2\x96\x81\xc3\xa4mmve', b'yyd', b'yd', b'peta', b'\xc3\xb9', b'palju', b'masti', b'\xe2\x96\x81m\xc3\xb5el', b'\xe2\x80\xa2', b'\xe2\x96\x81suh', b'\xc3\x84', b's\xc3\xbcstee', b'\xe2\x96\x81kaame', b'en\xc3\xa4ol', b'\xe2\x96\x81telef', b'^', b'gia', b'vey', b'bje', b'\xe2\x96\x81Mihkel', b'\xe2\x96\x81sisal', b'elik', b'gramm', b'\xe2\x96\x81\xc3\x9clik', b'\xe2\x96\x81Im', b'iu', b'ikro', b'\xe2\x96\x8135', b'\xe2\x96\x81rav', b'\xe2\x96\x81Itaal', b'vid', b'int', b'\xe2\x96\x81\xc3\xbclik', b'\xe2\x96\x81tan', b'\xe2\x96\x81piis', b'\xe2\x96\x81Soo', b'\xe2\x96\x813-', b'oona', b'vikus', b'sit', b'hat', b'kkis', b'uer', b'\xc2\xab', b'\xc2\xbb', b'\xe2\x96\x81hetk', b'gikogu', b'pini', b'\xf0\x9f\x98\x80', b'eem', b'juks', b'\xe2\x96\x81Si', b'\xe2\x96\x81tulem', b'\xe2\x96\x81kosmo', b'\xe2\x96\x81univers', b'\xe2\x96\x81milja', b'\xe2\x96\x81ed', b'mmu', b'\xe2\x96\x81alterna', b'yota', b'\xe2\x96\x81artikk', b'mmal', b'iinaMuri', b'portaal', b'\xf0\x9f\x99\x82', b'\xf0\x9f\x98\xad', b'\xe2\x96\x81m\xc3\xb5\xc3\xb5', b'igem', b'\xe2\x96\x81eduk', b'remini', b'\xe2\x96\x81r\xc3\xb5\xc3\xb5', b'sul', b'\xe2\x96\x81s\xc3\xbcgi', b'wil', b'\xe2\x96\x81problee', b'\xe2\x96\x81kaub', b'\xe2\x96\x81P\xc3\xa4r', b'\xe2\x96\x81vae', b'\xe2\x96\x81rull', b'\xe2\x96\x81kaubandus', b'\xe2\x96\x81nal', b'\xe2\x96\x81Soovita', b'\xe2\x96\x81ele', b'\xc3\xb3', b'mmste', b'ntr', b'sitiiv', b'ulut', b'sku', b'ooksu', b'\xe2\x96\x81Kang', b'\xc3\xb0', b'h\xc3\xa4ire', b'\xe2\x96\x81Liht', b'\xe2\x96\x81pol', b'\xe2\x96\x81popi', b'oy', b'inu', b'\xe2\x96\x81ee', b'\xc5\x9a', b'\xe2\x96\x81Arvata', b'OU', b'zone', b'\xe2\x96\x81Do', b'\xe2\x96\x81r\xc3\xa4\xc3\xa4ki', b'\\', b'en\xc3\xa4oliselt', b'[', b']', b'\xe2\x96\x81kodan', b'\xe2\x96\x81laboratoori', b'\xe2\x96\x81Suvat', b'egu', b'uge', b'ikrobioloogia', b'ikrobi', b'vitav', b'ww', b'\xe2\x96\x81leeb', b'iroloo', b'temaat', b'RS', b'\xf0\x9f\x92\x9c', b'\xe2\x96\x81Leelota', b'aegu', b'osit', b'\xe2\x96\x81apr', b'\xe2\x96\x81pen', b'\xe2\x96\x81Terv', b'\xe2\x96\x81asf', b'saada', b'oreet', b'\xe2\x96\x81dire', b'\xe2\x96\x81des', b'levi', b'66', b'\xe2\x96\x81Leop', b'ulaator', b'umal', b'\xf0\x9f\xa4\x94', b'\xf0\x9f\x8c\xb4', b'\xf0\x9f\x8d\xb9', b'\xf0\x9f\x98\x81', b'hem', b'im\xc3\xb5tt', b'eeg', b'\xe2\x96\x81Tegel', b'enesest', b'vers', b'\xe2\x96\x81Het', b'\xe2\x96\x81kvanta', b'isaks', b'iteks', b'ans', b'\xc5\xbd', b'out', b'\xe2\x96\x81Rii', b'rig', b'\xe2\x96\x81mos']
2025-12-16 18:52:39,923 vocabulary size of 4894
2025-12-16 18:52:39,946 SequenceTagger predicts: Dictionary with 20 tags: NOUN, VERB, ADV, PUNCT, ADJ, PROPN, PRON, AUX, CCONJ, SCONJ, DET, NUM, ADP, INTJ, SYM, O, X, PART, <START>, <STOP>
2025-12-16 18:52:42,390 
Results:
- F-score (micro) 0.4281
- F-score (macro) 0.3025
- Accuracy 0.4244

By class:
              precision    recall  f1-score   support

        NOUN     0.4344    0.6742    0.5284     10256
        VERB     0.4908    0.4638    0.4769      4519
       PROPN     0.3366    0.6127    0.4345      2830
         ADV     0.3171    0.2061    0.2498      4426
         ADJ     0.2655    0.2056    0.2318      2889
       PUNCT     0.7122    0.4399    0.5439      2712
        PRON     0.7424    0.1157    0.2002      1893
         AUX     0.7879    0.3358    0.4709      1239
       CCONJ     0.6723    0.1833    0.2880       873
         DET     0.0942    0.0162    0.0277       801
         NUM     0.6636    0.3860    0.4881       557
       SCONJ     0.8800    0.2418    0.3793       546
         ADP     0.5217    0.0239    0.0456       503
         SYM     0.1235    0.1667    0.1419       126
        INTJ     0.4623    0.2606    0.3333       188
           X     0.0000    0.0000    0.0000        49

   micro avg     0.4296    0.4267    0.4281     34407
   macro avg     0.4690    0.2708    0.3025     34407
weighted avg     0.4646    0.4267    0.4032     34407

2025-12-16 18:52:42,390 ----------------------------------------------------------------------------------------------------
