2026-01-03 00:15:54,302 ----------------------------------------------------------------------------------------------------
2026-01-03 00:15:54,302 Model: "SequenceTagger(
  (embeddings): StackedEmbeddings(
    (list_embedding_0): OneHotEmbeddings(
      (embedding_layer): Embedding(1712, 300)
    )
  )
  (word_dropout): WordDropout(p=0.05)
  (locked_dropout): LockedDropout(p=0.5)
  (embedding2nn): Linear(in_features=300, out_features=300, bias=True)
  (rnn): LSTM(300, 256, batch_first=True, bidirectional=True)
  (linear): Linear(in_features=512, out_features=17, bias=True)
  (loss_function): ViterbiLoss()
  (crf): CRF()
)"
2026-01-03 00:15:54,302 ----------------------------------------------------------------------------------------------------
2026-01-03 00:15:54,302 Corpus: 1872 train + 624 dev + 625 test sentences
2026-01-03 00:15:54,302 ----------------------------------------------------------------------------------------------------
2026-01-03 00:15:54,302 Train:  1872 sentences
2026-01-03 00:15:54,302         (train_with_dev=False, train_with_test=False)
2026-01-03 00:15:54,302 ----------------------------------------------------------------------------------------------------
2026-01-03 00:15:54,302 Training Params:
2026-01-03 00:15:54,302  - learning_rate: "0.1" 
2026-01-03 00:15:54,302  - mini_batch_size: "32"
2026-01-03 00:15:54,302  - max_epochs: "150"
2026-01-03 00:15:54,302  - shuffle: "True"
2026-01-03 00:15:54,302 ----------------------------------------------------------------------------------------------------
2026-01-03 00:15:54,302 Plugins:
2026-01-03 00:15:54,303  - AnnealOnPlateau | patience: '3', anneal_factor: '0.5', min_learning_rate: '0.0001'
2026-01-03 00:15:54,303 ----------------------------------------------------------------------------------------------------
2026-01-03 00:15:54,303 Final evaluation on model from best epoch (best-model.pt)
2026-01-03 00:15:54,303  - metric: "('micro avg', 'f1-score')"
2026-01-03 00:15:54,303 ----------------------------------------------------------------------------------------------------
2026-01-03 00:15:54,303 Computation:
2026-01-03 00:15:54,303  - compute on device: cpu
2026-01-03 00:15:54,303  - embedding storage: none
2026-01-03 00:15:54,303 ----------------------------------------------------------------------------------------------------
2026-01-03 00:15:54,303 Model training base path: "models/flair_pos/obpe/sme/sme_et"
2026-01-03 00:15:54,303 ----------------------------------------------------------------------------------------------------
2026-01-03 00:15:54,303 ----------------------------------------------------------------------------------------------------
2026-01-03 00:15:56,164 epoch 1 - iter 5/59 - loss 2.23064125 - time (sec): 1.86 - samples/sec: 1886.12 - lr: 0.100000 - momentum: 0.000000
2026-01-03 00:15:57,966 epoch 1 - iter 10/59 - loss 1.98779349 - time (sec): 3.66 - samples/sec: 1925.46 - lr: 0.100000 - momentum: 0.000000
2026-01-03 00:15:59,585 epoch 1 - iter 15/59 - loss 1.88620513 - time (sec): 5.28 - samples/sec: 1964.45 - lr: 0.100000 - momentum: 0.000000
2026-01-03 00:16:02,440 epoch 1 - iter 20/59 - loss 1.79288203 - time (sec): 8.14 - samples/sec: 1776.89 - lr: 0.100000 - momentum: 0.000000
2026-01-03 00:16:04,313 epoch 1 - iter 25/59 - loss 1.73311584 - time (sec): 10.01 - samples/sec: 1839.94 - lr: 0.100000 - momentum: 0.000000
2026-01-03 00:16:05,954 epoch 1 - iter 30/59 - loss 1.69800556 - time (sec): 11.65 - samples/sec: 1876.12 - lr: 0.100000 - momentum: 0.000000
2026-01-03 00:16:07,549 epoch 1 - iter 35/59 - loss 1.66846975 - time (sec): 13.25 - samples/sec: 1889.94 - lr: 0.100000 - momentum: 0.000000
2026-01-03 00:16:09,330 epoch 1 - iter 40/59 - loss 1.63927292 - time (sec): 15.03 - samples/sec: 1918.57 - lr: 0.100000 - momentum: 0.000000
2026-01-03 00:16:10,969 epoch 1 - iter 45/59 - loss 1.61934514 - time (sec): 16.67 - samples/sec: 1936.59 - lr: 0.100000 - momentum: 0.000000
2026-01-03 00:16:13,440 epoch 1 - iter 50/59 - loss 1.59958162 - time (sec): 19.14 - samples/sec: 1898.75 - lr: 0.100000 - momentum: 0.000000
2026-01-03 00:16:15,434 epoch 1 - iter 55/59 - loss 1.58182349 - time (sec): 21.13 - samples/sec: 1886.80 - lr: 0.100000 - momentum: 0.000000
2026-01-03 00:16:16,564 ----------------------------------------------------------------------------------------------------
2026-01-03 00:16:16,564 EPOCH 1 done: loss 1.5692 - lr: 0.100000
2026-01-03 00:16:17,853 DEV : loss 1.3198630809783936 - f1-score (micro avg)  0.6648
2026-01-03 00:16:17,856  - 0 epochs without improvement
2026-01-03 00:16:17,856 saving best model
2026-01-03 00:16:17,875 ----------------------------------------------------------------------------------------------------
2026-01-03 00:16:19,574 epoch 2 - iter 5/59 - loss 1.38480124 - time (sec): 1.70 - samples/sec: 2179.24 - lr: 0.100000 - momentum: 0.000000
2026-01-03 00:16:21,628 epoch 2 - iter 10/59 - loss 1.37490557 - time (sec): 3.75 - samples/sec: 1991.06 - lr: 0.100000 - momentum: 0.000000
2026-01-03 00:16:23,220 epoch 2 - iter 15/59 - loss 1.36913426 - time (sec): 5.34 - samples/sec: 2044.78 - lr: 0.100000 - momentum: 0.000000
2026-01-03 00:16:25,195 epoch 2 - iter 20/59 - loss 1.36634589 - time (sec): 7.32 - samples/sec: 2006.57 - lr: 0.100000 - momentum: 0.000000
2026-01-03 00:16:26,949 epoch 2 - iter 25/59 - loss 1.36465037 - time (sec): 9.07 - samples/sec: 2033.01 - lr: 0.100000 - momentum: 0.000000
2026-01-03 00:16:28,933 epoch 2 - iter 30/59 - loss 1.36241698 - time (sec): 11.06 - samples/sec: 2007.84 - lr: 0.100000 - momentum: 0.000000
2026-01-03 00:16:30,740 epoch 2 - iter 35/59 - loss 1.35084953 - time (sec): 12.86 - samples/sec: 2025.30 - lr: 0.100000 - momentum: 0.000000
2026-01-03 00:16:32,397 epoch 2 - iter 40/59 - loss 1.34507908 - time (sec): 14.52 - samples/sec: 2034.98 - lr: 0.100000 - momentum: 0.000000
2026-01-03 00:16:34,274 epoch 2 - iter 45/59 - loss 1.33664930 - time (sec): 16.40 - samples/sec: 2024.01 - lr: 0.100000 - momentum: 0.000000
2026-01-03 00:16:36,057 epoch 2 - iter 50/59 - loss 1.32735443 - time (sec): 18.18 - samples/sec: 2019.90 - lr: 0.100000 - momentum: 0.000000
2026-01-03 00:16:37,813 epoch 2 - iter 55/59 - loss 1.31816157 - time (sec): 19.94 - samples/sec: 2004.59 - lr: 0.100000 - momentum: 0.000000
2026-01-03 00:16:38,888 ----------------------------------------------------------------------------------------------------
2026-01-03 00:16:38,888 EPOCH 2 done: loss 1.3113 - lr: 0.100000
2026-01-03 00:16:40,617 DEV : loss 1.142879605293274 - f1-score (micro avg)  0.6709
2026-01-03 00:16:40,620  - 0 epochs without improvement
2026-01-03 00:16:40,620 saving best model
2026-01-03 00:16:40,630 ----------------------------------------------------------------------------------------------------
2026-01-03 00:16:42,268 epoch 3 - iter 5/59 - loss 1.21109193 - time (sec): 1.64 - samples/sec: 2019.01 - lr: 0.100000 - momentum: 0.000000
2026-01-03 00:16:44,155 epoch 3 - iter 10/59 - loss 1.20901610 - time (sec): 3.52 - samples/sec: 2000.79 - lr: 0.100000 - momentum: 0.000000
2026-01-03 00:16:46,150 epoch 3 - iter 15/59 - loss 1.18342733 - time (sec): 5.52 - samples/sec: 1989.84 - lr: 0.100000 - momentum: 0.000000
2026-01-03 00:16:48,026 epoch 3 - iter 20/59 - loss 1.18095082 - time (sec): 7.40 - samples/sec: 1934.77 - lr: 0.100000 - momentum: 0.000000
2026-01-03 00:16:50,010 epoch 3 - iter 25/59 - loss 1.17290075 - time (sec): 9.38 - samples/sec: 1906.47 - lr: 0.100000 - momentum: 0.000000
2026-01-03 00:16:51,704 epoch 3 - iter 30/59 - loss 1.15889068 - time (sec): 11.07 - samples/sec: 1936.35 - lr: 0.100000 - momentum: 0.000000
2026-01-03 00:16:53,990 epoch 3 - iter 35/59 - loss 1.14441914 - time (sec): 13.36 - samples/sec: 1891.68 - lr: 0.100000 - momentum: 0.000000
2026-01-03 00:16:56,311 epoch 3 - iter 40/59 - loss 1.13950359 - time (sec): 15.68 - samples/sec: 1850.75 - lr: 0.100000 - momentum: 0.000000
2026-01-03 00:16:58,679 epoch 3 - iter 45/59 - loss 1.13031595 - time (sec): 18.05 - samples/sec: 1799.81 - lr: 0.100000 - momentum: 0.000000
2026-01-03 00:17:01,030 epoch 3 - iter 50/59 - loss 1.11759767 - time (sec): 20.40 - samples/sec: 1775.33 - lr: 0.100000 - momentum: 0.000000
2026-01-03 00:17:03,691 epoch 3 - iter 55/59 - loss 1.10562512 - time (sec): 23.06 - samples/sec: 1729.84 - lr: 0.100000 - momentum: 0.000000
2026-01-03 00:17:05,356 ----------------------------------------------------------------------------------------------------
2026-01-03 00:17:05,357 EPOCH 3 done: loss 1.1013 - lr: 0.100000
2026-01-03 00:17:07,328 DEV : loss 0.9567899107933044 - f1-score (micro avg)  0.6974
2026-01-03 00:17:07,331  - 0 epochs without improvement
2026-01-03 00:17:07,333 saving best model
2026-01-03 00:17:07,393 ----------------------------------------------------------------------------------------------------
2026-01-03 00:17:10,209 epoch 4 - iter 5/59 - loss 0.98439235 - time (sec): 2.82 - samples/sec: 1454.29 - lr: 0.100000 - momentum: 0.000000
2026-01-03 00:17:12,395 epoch 4 - iter 10/59 - loss 0.98094340 - time (sec): 5.00 - samples/sec: 1521.77 - lr: 0.100000 - momentum: 0.000000
2026-01-03 00:17:15,367 epoch 4 - iter 15/59 - loss 0.98904398 - time (sec): 7.97 - samples/sec: 1386.97 - lr: 0.100000 - momentum: 0.000000
2026-01-03 00:17:17,617 epoch 4 - iter 20/59 - loss 0.98731776 - time (sec): 10.22 - samples/sec: 1426.92 - lr: 0.100000 - momentum: 0.000000
2026-01-03 00:17:19,656 epoch 4 - iter 25/59 - loss 0.97804747 - time (sec): 12.26 - samples/sec: 1483.70 - lr: 0.100000 - momentum: 0.000000
2026-01-03 00:17:21,771 epoch 4 - iter 30/59 - loss 0.96805214 - time (sec): 14.38 - samples/sec: 1504.02 - lr: 0.100000 - momentum: 0.000000
2026-01-03 00:17:23,863 epoch 4 - iter 35/59 - loss 0.96128000 - time (sec): 16.47 - samples/sec: 1540.67 - lr: 0.100000 - momentum: 0.000000
2026-01-03 00:17:25,830 epoch 4 - iter 40/59 - loss 0.95805067 - time (sec): 18.44 - samples/sec: 1568.58 - lr: 0.100000 - momentum: 0.000000
2026-01-03 00:17:28,014 epoch 4 - iter 45/59 - loss 0.95266684 - time (sec): 20.62 - samples/sec: 1576.87 - lr: 0.100000 - momentum: 0.000000
2026-01-03 00:17:30,102 epoch 4 - iter 50/59 - loss 0.94890718 - time (sec): 22.71 - samples/sec: 1597.20 - lr: 0.100000 - momentum: 0.000000
2026-01-03 00:17:32,078 epoch 4 - iter 55/59 - loss 0.94413082 - time (sec): 24.69 - samples/sec: 1613.80 - lr: 0.100000 - momentum: 0.000000
2026-01-03 00:17:33,439 ----------------------------------------------------------------------------------------------------
2026-01-03 00:17:33,439 EPOCH 4 done: loss 0.9418 - lr: 0.100000
2026-01-03 00:17:34,948 DEV : loss 0.8200607895851135 - f1-score (micro avg)  0.7481
2026-01-03 00:17:34,951  - 0 epochs without improvement
2026-01-03 00:17:34,952 saving best model
2026-01-03 00:17:34,962 ----------------------------------------------------------------------------------------------------
2026-01-03 00:17:37,100 epoch 5 - iter 5/59 - loss 0.84624308 - time (sec): 2.14 - samples/sec: 1772.48 - lr: 0.100000 - momentum: 0.000000
2026-01-03 00:17:38,909 epoch 5 - iter 10/59 - loss 0.85693987 - time (sec): 3.95 - samples/sec: 1853.06 - lr: 0.100000 - momentum: 0.000000
2026-01-03 00:17:40,898 epoch 5 - iter 15/59 - loss 0.85992673 - time (sec): 5.94 - samples/sec: 1878.73 - lr: 0.100000 - momentum: 0.000000
2026-01-03 00:17:42,914 epoch 5 - iter 20/59 - loss 0.84871196 - time (sec): 7.95 - samples/sec: 1846.64 - lr: 0.100000 - momentum: 0.000000
2026-01-03 00:17:44,795 epoch 5 - iter 25/59 - loss 0.84512366 - time (sec): 9.83 - samples/sec: 1849.06 - lr: 0.100000 - momentum: 0.000000
2026-01-03 00:17:46,795 epoch 5 - iter 30/59 - loss 0.83699505 - time (sec): 11.83 - samples/sec: 1836.51 - lr: 0.100000 - momentum: 0.000000
2026-01-03 00:17:48,573 epoch 5 - iter 35/59 - loss 0.83421190 - time (sec): 13.61 - samples/sec: 1847.37 - lr: 0.100000 - momentum: 0.000000
2026-01-03 00:17:50,491 epoch 5 - iter 40/59 - loss 0.83122785 - time (sec): 15.53 - samples/sec: 1853.24 - lr: 0.100000 - momentum: 0.000000
2026-01-03 00:17:52,404 epoch 5 - iter 45/59 - loss 0.82511922 - time (sec): 17.44 - samples/sec: 1855.26 - lr: 0.100000 - momentum: 0.000000
2026-01-03 00:17:54,563 epoch 5 - iter 50/59 - loss 0.81823317 - time (sec): 19.60 - samples/sec: 1835.24 - lr: 0.100000 - momentum: 0.000000
2026-01-03 00:17:56,574 epoch 5 - iter 55/59 - loss 0.81067703 - time (sec): 21.61 - samples/sec: 1840.82 - lr: 0.100000 - momentum: 0.000000
2026-01-03 00:17:57,848 ----------------------------------------------------------------------------------------------------
2026-01-03 00:17:57,849 EPOCH 5 done: loss 0.8075 - lr: 0.100000
2026-01-03 00:17:59,502 DEV : loss 0.6812205910682678 - f1-score (micro avg)  0.7914
2026-01-03 00:17:59,504  - 0 epochs without improvement
2026-01-03 00:17:59,506 saving best model
2026-01-03 00:17:59,540 ----------------------------------------------------------------------------------------------------
2026-01-03 00:18:01,885 epoch 6 - iter 5/59 - loss 0.70870275 - time (sec): 2.34 - samples/sec: 1652.56 - lr: 0.100000 - momentum: 0.000000
2026-01-03 00:18:03,616 epoch 6 - iter 10/59 - loss 0.73673436 - time (sec): 4.08 - samples/sec: 1774.00 - lr: 0.100000 - momentum: 0.000000
2026-01-03 00:18:06,076 epoch 6 - iter 15/59 - loss 0.72929906 - time (sec): 6.54 - samples/sec: 1676.88 - lr: 0.100000 - momentum: 0.000000
2026-01-03 00:18:08,250 epoch 6 - iter 20/59 - loss 0.71578754 - time (sec): 8.71 - samples/sec: 1668.08 - lr: 0.100000 - momentum: 0.000000
2026-01-03 00:18:10,291 epoch 6 - iter 25/59 - loss 0.71104847 - time (sec): 10.75 - samples/sec: 1701.00 - lr: 0.100000 - momentum: 0.000000
2026-01-03 00:18:13,668 epoch 6 - iter 30/59 - loss 0.70241388 - time (sec): 14.13 - samples/sec: 1557.28 - lr: 0.100000 - momentum: 0.000000
2026-01-03 00:18:15,557 epoch 6 - iter 35/59 - loss 0.69806674 - time (sec): 16.02 - samples/sec: 1594.82 - lr: 0.100000 - momentum: 0.000000
2026-01-03 00:18:17,026 epoch 6 - iter 40/59 - loss 0.69123508 - time (sec): 17.49 - samples/sec: 1651.56 - lr: 0.100000 - momentum: 0.000000
2026-01-03 00:18:20,074 epoch 6 - iter 45/59 - loss 0.68569870 - time (sec): 20.53 - samples/sec: 1604.93 - lr: 0.100000 - momentum: 0.000000
2026-01-03 00:18:22,323 epoch 6 - iter 50/59 - loss 0.68074634 - time (sec): 22.78 - samples/sec: 1602.94 - lr: 0.100000 - momentum: 0.000000
2026-01-03 00:18:24,068 epoch 6 - iter 55/59 - loss 0.67630904 - time (sec): 24.53 - samples/sec: 1629.88 - lr: 0.100000 - momentum: 0.000000
2026-01-03 00:18:25,155 ----------------------------------------------------------------------------------------------------
2026-01-03 00:18:25,156 EPOCH 6 done: loss 0.6710 - lr: 0.100000
2026-01-03 00:18:26,795 DEV : loss 0.5517298579216003 - f1-score (micro avg)  0.8289
2026-01-03 00:18:26,798  - 0 epochs without improvement
2026-01-03 00:18:26,799 saving best model
2026-01-03 00:18:26,814 ----------------------------------------------------------------------------------------------------
2026-01-03 00:18:29,014 epoch 7 - iter 5/59 - loss 0.60904535 - time (sec): 2.20 - samples/sec: 1686.59 - lr: 0.100000 - momentum: 0.000000
2026-01-03 00:18:32,676 epoch 7 - iter 10/59 - loss 0.61634475 - time (sec): 5.86 - samples/sec: 1238.28 - lr: 0.100000 - momentum: 0.000000
2026-01-03 00:18:34,952 epoch 7 - iter 15/59 - loss 0.60557251 - time (sec): 8.14 - samples/sec: 1337.58 - lr: 0.100000 - momentum: 0.000000
2026-01-03 00:18:37,342 epoch 7 - iter 20/59 - loss 0.60103562 - time (sec): 10.53 - samples/sec: 1381.69 - lr: 0.100000 - momentum: 0.000000
2026-01-03 00:18:39,561 epoch 7 - iter 25/59 - loss 0.60396684 - time (sec): 12.75 - samples/sec: 1424.12 - lr: 0.100000 - momentum: 0.000000
2026-01-03 00:18:41,912 epoch 7 - iter 30/59 - loss 0.59886931 - time (sec): 15.10 - samples/sec: 1466.65 - lr: 0.100000 - momentum: 0.000000
2026-01-03 00:18:43,619 epoch 7 - iter 35/59 - loss 0.59385839 - time (sec): 16.80 - samples/sec: 1528.32 - lr: 0.100000 - momentum: 0.000000
2026-01-03 00:18:45,394 epoch 7 - iter 40/59 - loss 0.59415849 - time (sec): 18.58 - samples/sec: 1558.59 - lr: 0.100000 - momentum: 0.000000
2026-01-03 00:18:47,729 epoch 7 - iter 45/59 - loss 0.59324958 - time (sec): 20.91 - samples/sec: 1575.76 - lr: 0.100000 - momentum: 0.000000
2026-01-03 00:18:49,652 epoch 7 - iter 50/59 - loss 0.59371574 - time (sec): 22.84 - samples/sec: 1595.00 - lr: 0.100000 - momentum: 0.000000
2026-01-03 00:18:51,363 epoch 7 - iter 55/59 - loss 0.58836680 - time (sec): 24.55 - samples/sec: 1621.59 - lr: 0.100000 - momentum: 0.000000
2026-01-03 00:18:53,501 ----------------------------------------------------------------------------------------------------
2026-01-03 00:18:53,502 EPOCH 7 done: loss 0.5863 - lr: 0.100000
2026-01-03 00:18:54,767 DEV : loss 0.4858924448490143 - f1-score (micro avg)  0.8447
2026-01-03 00:18:54,770  - 0 epochs without improvement
2026-01-03 00:18:54,771 saving best model
2026-01-03 00:18:54,791 ----------------------------------------------------------------------------------------------------
2026-01-03 00:18:56,434 epoch 8 - iter 5/59 - loss 0.51773863 - time (sec): 1.64 - samples/sec: 2329.61 - lr: 0.100000 - momentum: 0.000000
2026-01-03 00:18:58,113 epoch 8 - iter 10/59 - loss 0.54177360 - time (sec): 3.32 - samples/sec: 2229.17 - lr: 0.100000 - momentum: 0.000000
2026-01-03 00:19:00,061 epoch 8 - iter 15/59 - loss 0.54320943 - time (sec): 5.27 - samples/sec: 2074.63 - lr: 0.100000 - momentum: 0.000000
2026-01-03 00:19:01,944 epoch 8 - iter 20/59 - loss 0.54426334 - time (sec): 7.15 - samples/sec: 2043.27 - lr: 0.100000 - momentum: 0.000000
2026-01-03 00:19:03,543 epoch 8 - iter 25/59 - loss 0.54087396 - time (sec): 8.75 - samples/sec: 2059.08 - lr: 0.100000 - momentum: 0.000000
2026-01-03 00:19:05,506 epoch 8 - iter 30/59 - loss 0.54387291 - time (sec): 10.71 - samples/sec: 2026.10 - lr: 0.100000 - momentum: 0.000000
2026-01-03 00:19:07,930 epoch 8 - iter 35/59 - loss 0.54121881 - time (sec): 13.14 - samples/sec: 1956.54 - lr: 0.100000 - momentum: 0.000000
2026-01-03 00:19:09,792 epoch 8 - iter 40/59 - loss 0.53882835 - time (sec): 15.00 - samples/sec: 1931.71 - lr: 0.100000 - momentum: 0.000000
2026-01-03 00:19:11,576 epoch 8 - iter 45/59 - loss 0.53538580 - time (sec): 16.78 - samples/sec: 1933.88 - lr: 0.100000 - momentum: 0.000000
2026-01-03 00:19:13,432 epoch 8 - iter 50/59 - loss 0.53138105 - time (sec): 18.64 - samples/sec: 1944.51 - lr: 0.100000 - momentum: 0.000000
2026-01-03 00:19:15,144 epoch 8 - iter 55/59 - loss 0.52927679 - time (sec): 20.35 - samples/sec: 1949.32 - lr: 0.100000 - momentum: 0.000000
2026-01-03 00:19:16,471 ----------------------------------------------------------------------------------------------------
2026-01-03 00:19:16,471 EPOCH 8 done: loss 0.5286 - lr: 0.100000
2026-01-03 00:19:18,069 DEV : loss 0.44098731875419617 - f1-score (micro avg)  0.8544
2026-01-03 00:19:18,071  - 0 epochs without improvement
2026-01-03 00:19:18,075 saving best model
2026-01-03 00:19:18,086 ----------------------------------------------------------------------------------------------------
2026-01-03 00:19:20,003 epoch 9 - iter 5/59 - loss 0.46988191 - time (sec): 1.92 - samples/sec: 1844.44 - lr: 0.100000 - momentum: 0.000000
2026-01-03 00:19:22,186 epoch 9 - iter 10/59 - loss 0.49251110 - time (sec): 4.10 - samples/sec: 1719.01 - lr: 0.100000 - momentum: 0.000000
2026-01-03 00:19:24,223 epoch 9 - iter 15/59 - loss 0.49078975 - time (sec): 6.14 - samples/sec: 1735.04 - lr: 0.100000 - momentum: 0.000000
2026-01-03 00:19:26,067 epoch 9 - iter 20/59 - loss 0.48853283 - time (sec): 7.98 - samples/sec: 1781.75 - lr: 0.100000 - momentum: 0.000000
2026-01-03 00:19:27,542 epoch 9 - iter 25/59 - loss 0.48330337 - time (sec): 9.46 - samples/sec: 1858.57 - lr: 0.100000 - momentum: 0.000000
2026-01-03 00:19:29,011 epoch 9 - iter 30/59 - loss 0.47901375 - time (sec): 10.93 - samples/sec: 1921.08 - lr: 0.100000 - momentum: 0.000000
2026-01-03 00:19:30,919 epoch 9 - iter 35/59 - loss 0.47722633 - time (sec): 12.83 - samples/sec: 1955.55 - lr: 0.100000 - momentum: 0.000000
2026-01-03 00:19:32,623 epoch 9 - iter 40/59 - loss 0.47830683 - time (sec): 14.54 - samples/sec: 1978.45 - lr: 0.100000 - momentum: 0.000000
2026-01-03 00:19:34,382 epoch 9 - iter 45/59 - loss 0.47721024 - time (sec): 16.30 - samples/sec: 1989.99 - lr: 0.100000 - momentum: 0.000000
2026-01-03 00:19:36,148 epoch 9 - iter 50/59 - loss 0.47583763 - time (sec): 18.06 - samples/sec: 2012.43 - lr: 0.100000 - momentum: 0.000000
2026-01-03 00:19:38,376 epoch 9 - iter 55/59 - loss 0.47754605 - time (sec): 20.29 - samples/sec: 1960.33 - lr: 0.100000 - momentum: 0.000000
2026-01-03 00:19:40,049 ----------------------------------------------------------------------------------------------------
2026-01-03 00:19:40,049 EPOCH 9 done: loss 0.4776 - lr: 0.100000
2026-01-03 00:19:41,257 DEV : loss 0.4086884558200836 - f1-score (micro avg)  0.8651
2026-01-03 00:19:41,260  - 0 epochs without improvement
2026-01-03 00:19:41,261 saving best model
2026-01-03 00:19:41,273 ----------------------------------------------------------------------------------------------------
2026-01-03 00:19:43,409 epoch 10 - iter 5/59 - loss 0.46058737 - time (sec): 2.14 - samples/sec: 1833.12 - lr: 0.100000 - momentum: 0.000000
2026-01-03 00:19:45,425 epoch 10 - iter 10/59 - loss 0.45899165 - time (sec): 4.15 - samples/sec: 1891.89 - lr: 0.100000 - momentum: 0.000000
2026-01-03 00:19:47,011 epoch 10 - iter 15/59 - loss 0.45226433 - time (sec): 5.74 - samples/sec: 1972.21 - lr: 0.100000 - momentum: 0.000000
2026-01-03 00:19:48,889 epoch 10 - iter 20/59 - loss 0.44768242 - time (sec): 7.62 - samples/sec: 1983.06 - lr: 0.100000 - momentum: 0.000000
2026-01-03 00:19:50,434 epoch 10 - iter 25/59 - loss 0.44438570 - time (sec): 9.16 - samples/sec: 2050.14 - lr: 0.100000 - momentum: 0.000000
2026-01-03 00:19:51,791 epoch 10 - iter 30/59 - loss 0.44261625 - time (sec): 10.52 - samples/sec: 2108.69 - lr: 0.100000 - momentum: 0.000000
2026-01-03 00:19:53,143 epoch 10 - iter 35/59 - loss 0.44361152 - time (sec): 11.87 - samples/sec: 2129.90 - lr: 0.100000 - momentum: 0.000000
2026-01-03 00:19:54,427 epoch 10 - iter 40/59 - loss 0.44297233 - time (sec): 13.15 - samples/sec: 2186.14 - lr: 0.100000 - momentum: 0.000000
2026-01-03 00:19:56,148 epoch 10 - iter 45/59 - loss 0.44194583 - time (sec): 14.88 - samples/sec: 2188.37 - lr: 0.100000 - momentum: 0.000000
2026-01-03 00:19:57,591 epoch 10 - iter 50/59 - loss 0.43827079 - time (sec): 16.32 - samples/sec: 2212.65 - lr: 0.100000 - momentum: 0.000000
2026-01-03 00:19:59,198 epoch 10 - iter 55/59 - loss 0.43748056 - time (sec): 17.92 - samples/sec: 2224.88 - lr: 0.100000 - momentum: 0.000000
2026-01-03 00:20:00,352 ----------------------------------------------------------------------------------------------------
2026-01-03 00:20:00,352 EPOCH 10 done: loss 0.4380 - lr: 0.100000
2026-01-03 00:20:01,772 DEV : loss 0.36778393387794495 - f1-score (micro avg)  0.8802
2026-01-03 00:20:01,775  - 0 epochs without improvement
2026-01-03 00:20:01,775 saving best model
2026-01-03 00:20:01,786 ----------------------------------------------------------------------------------------------------
2026-01-03 00:20:03,422 epoch 11 - iter 5/59 - loss 0.41744701 - time (sec): 1.64 - samples/sec: 2177.73 - lr: 0.100000 - momentum: 0.000000
2026-01-03 00:20:05,052 epoch 11 - iter 10/59 - loss 0.40735734 - time (sec): 3.27 - samples/sec: 2296.71 - lr: 0.100000 - momentum: 0.000000
2026-01-03 00:20:06,605 epoch 11 - iter 15/59 - loss 0.41505823 - time (sec): 4.82 - samples/sec: 2288.94 - lr: 0.100000 - momentum: 0.000000
2026-01-03 00:20:08,377 epoch 11 - iter 20/59 - loss 0.40974054 - time (sec): 6.59 - samples/sec: 2239.91 - lr: 0.100000 - momentum: 0.000000
2026-01-03 00:20:10,132 epoch 11 - iter 25/59 - loss 0.41311503 - time (sec): 8.35 - samples/sec: 2185.91 - lr: 0.100000 - momentum: 0.000000
2026-01-03 00:20:12,204 epoch 11 - iter 30/59 - loss 0.41368551 - time (sec): 10.42 - samples/sec: 2107.45 - lr: 0.100000 - momentum: 0.000000
2026-01-03 00:20:13,609 epoch 11 - iter 35/59 - loss 0.41409952 - time (sec): 11.82 - samples/sec: 2139.77 - lr: 0.100000 - momentum: 0.000000
2026-01-03 00:20:15,692 epoch 11 - iter 40/59 - loss 0.41611399 - time (sec): 13.91 - samples/sec: 2077.44 - lr: 0.100000 - momentum: 0.000000
2026-01-03 00:20:17,441 epoch 11 - iter 45/59 - loss 0.41371567 - time (sec): 15.65 - samples/sec: 2080.00 - lr: 0.100000 - momentum: 0.000000
2026-01-03 00:20:19,093 epoch 11 - iter 50/59 - loss 0.41424022 - time (sec): 17.31 - samples/sec: 2088.49 - lr: 0.100000 - momentum: 0.000000
2026-01-03 00:20:20,818 epoch 11 - iter 55/59 - loss 0.40875419 - time (sec): 19.03 - samples/sec: 2092.04 - lr: 0.100000 - momentum: 0.000000
2026-01-03 00:20:21,907 ----------------------------------------------------------------------------------------------------
2026-01-03 00:20:21,907 EPOCH 11 done: loss 0.4094 - lr: 0.100000
2026-01-03 00:20:23,174 DEV : loss 0.3381068706512451 - f1-score (micro avg)  0.8879
2026-01-03 00:20:23,177  - 0 epochs without improvement
2026-01-03 00:20:23,178 saving best model
2026-01-03 00:20:23,188 ----------------------------------------------------------------------------------------------------
2026-01-03 00:20:24,963 epoch 12 - iter 5/59 - loss 0.37801868 - time (sec): 1.77 - samples/sec: 2191.99 - lr: 0.100000 - momentum: 0.000000
2026-01-03 00:20:26,574 epoch 12 - iter 10/59 - loss 0.38421300 - time (sec): 3.39 - samples/sec: 2254.99 - lr: 0.100000 - momentum: 0.000000
2026-01-03 00:20:28,098 epoch 12 - iter 15/59 - loss 0.38222252 - time (sec): 4.91 - samples/sec: 2306.97 - lr: 0.100000 - momentum: 0.000000
2026-01-03 00:20:29,477 epoch 12 - iter 20/59 - loss 0.37967299 - time (sec): 6.29 - samples/sec: 2382.36 - lr: 0.100000 - momentum: 0.000000
2026-01-03 00:20:31,089 epoch 12 - iter 25/59 - loss 0.38166160 - time (sec): 7.90 - samples/sec: 2352.99 - lr: 0.100000 - momentum: 0.000000
2026-01-03 00:20:32,648 epoch 12 - iter 30/59 - loss 0.38180040 - time (sec): 9.46 - samples/sec: 2338.87 - lr: 0.100000 - momentum: 0.000000
2026-01-03 00:20:34,473 epoch 12 - iter 35/59 - loss 0.38172426 - time (sec): 11.28 - samples/sec: 2287.25 - lr: 0.100000 - momentum: 0.000000
2026-01-03 00:20:36,037 epoch 12 - iter 40/59 - loss 0.37999562 - time (sec): 12.85 - samples/sec: 2295.08 - lr: 0.100000 - momentum: 0.000000
2026-01-03 00:20:38,605 epoch 12 - iter 45/59 - loss 0.37972538 - time (sec): 15.42 - samples/sec: 2136.03 - lr: 0.100000 - momentum: 0.000000
2026-01-03 00:20:40,326 epoch 12 - iter 50/59 - loss 0.37709294 - time (sec): 17.14 - samples/sec: 2135.02 - lr: 0.100000 - momentum: 0.000000
2026-01-03 00:20:42,305 epoch 12 - iter 55/59 - loss 0.37679839 - time (sec): 19.12 - samples/sec: 2097.94 - lr: 0.100000 - momentum: 0.000000
2026-01-03 00:20:43,533 ----------------------------------------------------------------------------------------------------
2026-01-03 00:20:43,534 EPOCH 12 done: loss 0.3755 - lr: 0.100000
2026-01-03 00:20:44,962 DEV : loss 0.3194860816001892 - f1-score (micro avg)  0.8974
2026-01-03 00:20:44,965  - 0 epochs without improvement
2026-01-03 00:20:44,966 saving best model
2026-01-03 00:20:44,981 ----------------------------------------------------------------------------------------------------
2026-01-03 00:20:46,708 epoch 13 - iter 5/59 - loss 0.35295433 - time (sec): 1.73 - samples/sec: 2011.34 - lr: 0.100000 - momentum: 0.000000
2026-01-03 00:20:48,567 epoch 13 - iter 10/59 - loss 0.36572473 - time (sec): 3.59 - samples/sec: 1973.65 - lr: 0.100000 - momentum: 0.000000
2026-01-03 00:20:50,214 epoch 13 - iter 15/59 - loss 0.35745305 - time (sec): 5.23 - samples/sec: 2017.31 - lr: 0.100000 - momentum: 0.000000
2026-01-03 00:20:51,773 epoch 13 - iter 20/59 - loss 0.34890650 - time (sec): 6.79 - samples/sec: 2070.56 - lr: 0.100000 - momentum: 0.000000
2026-01-03 00:20:53,387 epoch 13 - iter 25/59 - loss 0.34848372 - time (sec): 8.40 - samples/sec: 2086.26 - lr: 0.100000 - momentum: 0.000000
2026-01-03 00:20:54,764 epoch 13 - iter 30/59 - loss 0.35203411 - time (sec): 9.78 - samples/sec: 2153.23 - lr: 0.100000 - momentum: 0.000000
2026-01-03 00:20:56,189 epoch 13 - iter 35/59 - loss 0.35418425 - time (sec): 11.21 - samples/sec: 2207.03 - lr: 0.100000 - momentum: 0.000000
2026-01-03 00:20:58,156 epoch 13 - iter 40/59 - loss 0.35631950 - time (sec): 13.17 - samples/sec: 2195.85 - lr: 0.100000 - momentum: 0.000000
2026-01-03 00:20:59,648 epoch 13 - iter 45/59 - loss 0.35519046 - time (sec): 14.67 - samples/sec: 2230.17 - lr: 0.100000 - momentum: 0.000000
2026-01-03 00:21:01,011 epoch 13 - iter 50/59 - loss 0.35364133 - time (sec): 16.03 - samples/sec: 2267.04 - lr: 0.100000 - momentum: 0.000000
2026-01-03 00:21:02,912 epoch 13 - iter 55/59 - loss 0.35490990 - time (sec): 17.93 - samples/sec: 2236.74 - lr: 0.100000 - momentum: 0.000000
2026-01-03 00:21:03,819 ----------------------------------------------------------------------------------------------------
2026-01-03 00:21:03,820 EPOCH 13 done: loss 0.3539 - lr: 0.100000
2026-01-03 00:21:05,401 DEV : loss 0.29894930124282837 - f1-score (micro avg)  0.8971
2026-01-03 00:21:05,403  - 1 epochs without improvement
2026-01-03 00:21:05,404 ----------------------------------------------------------------------------------------------------
2026-01-03 00:21:08,056 epoch 14 - iter 5/59 - loss 0.32268026 - time (sec): 2.65 - samples/sec: 1365.22 - lr: 0.100000 - momentum: 0.000000
2026-01-03 00:21:09,537 epoch 14 - iter 10/59 - loss 0.33076010 - time (sec): 4.13 - samples/sec: 1706.00 - lr: 0.100000 - momentum: 0.000000
2026-01-03 00:21:11,053 epoch 14 - iter 15/59 - loss 0.33489714 - time (sec): 5.65 - samples/sec: 1881.98 - lr: 0.100000 - momentum: 0.000000
2026-01-03 00:21:12,918 epoch 14 - iter 20/59 - loss 0.33336324 - time (sec): 7.51 - samples/sec: 1913.52 - lr: 0.100000 - momentum: 0.000000
2026-01-03 00:21:14,270 epoch 14 - iter 25/59 - loss 0.33399428 - time (sec): 8.87 - samples/sec: 2034.07 - lr: 0.100000 - momentum: 0.000000
2026-01-03 00:21:15,841 epoch 14 - iter 30/59 - loss 0.33374991 - time (sec): 10.44 - samples/sec: 2094.33 - lr: 0.100000 - momentum: 0.000000
2026-01-03 00:21:17,314 epoch 14 - iter 35/59 - loss 0.33547207 - time (sec): 11.91 - samples/sec: 2132.97 - lr: 0.100000 - momentum: 0.000000
2026-01-03 00:21:18,773 epoch 14 - iter 40/59 - loss 0.33811487 - time (sec): 13.37 - samples/sec: 2158.18 - lr: 0.100000 - momentum: 0.000000
2026-01-03 00:21:20,170 epoch 14 - iter 45/59 - loss 0.33758191 - time (sec): 14.77 - samples/sec: 2206.77 - lr: 0.100000 - momentum: 0.000000
2026-01-03 00:21:21,708 epoch 14 - iter 50/59 - loss 0.33748277 - time (sec): 16.30 - samples/sec: 2223.30 - lr: 0.100000 - momentum: 0.000000
2026-01-03 00:21:23,405 epoch 14 - iter 55/59 - loss 0.33500656 - time (sec): 18.00 - samples/sec: 2221.38 - lr: 0.100000 - momentum: 0.000000
2026-01-03 00:21:24,263 ----------------------------------------------------------------------------------------------------
2026-01-03 00:21:24,263 EPOCH 14 done: loss 0.3347 - lr: 0.100000
2026-01-03 00:21:25,435 DEV : loss 0.2877838909626007 - f1-score (micro avg)  0.9054
2026-01-03 00:21:25,437  - 0 epochs without improvement
2026-01-03 00:21:25,439 saving best model
2026-01-03 00:21:25,450 ----------------------------------------------------------------------------------------------------
2026-01-03 00:21:27,107 epoch 15 - iter 5/59 - loss 0.32123288 - time (sec): 1.66 - samples/sec: 2155.91 - lr: 0.100000 - momentum: 0.000000
2026-01-03 00:21:28,394 epoch 15 - iter 10/59 - loss 0.32575716 - time (sec): 2.94 - samples/sec: 2468.90 - lr: 0.100000 - momentum: 0.000000
2026-01-03 00:21:29,692 epoch 15 - iter 15/59 - loss 0.31962348 - time (sec): 4.24 - samples/sec: 2644.17 - lr: 0.100000 - momentum: 0.000000
2026-01-03 00:21:30,973 epoch 15 - iter 20/59 - loss 0.31849673 - time (sec): 5.52 - samples/sec: 2663.18 - lr: 0.100000 - momentum: 0.000000
2026-01-03 00:21:32,411 epoch 15 - iter 25/59 - loss 0.31731192 - time (sec): 6.96 - samples/sec: 2677.37 - lr: 0.100000 - momentum: 0.000000
2026-01-03 00:21:33,810 epoch 15 - iter 30/59 - loss 0.31540950 - time (sec): 8.36 - samples/sec: 2664.36 - lr: 0.100000 - momentum: 0.000000
2026-01-03 00:21:35,488 epoch 15 - iter 35/59 - loss 0.31790816 - time (sec): 10.04 - samples/sec: 2586.88 - lr: 0.100000 - momentum: 0.000000
2026-01-03 00:21:36,859 epoch 15 - iter 40/59 - loss 0.31753305 - time (sec): 11.41 - samples/sec: 2579.83 - lr: 0.100000 - momentum: 0.000000
2026-01-03 00:21:38,923 epoch 15 - iter 45/59 - loss 0.31705221 - time (sec): 13.47 - samples/sec: 2434.97 - lr: 0.100000 - momentum: 0.000000
2026-01-03 00:21:40,462 epoch 15 - iter 50/59 - loss 0.31588862 - time (sec): 15.01 - samples/sec: 2423.03 - lr: 0.100000 - momentum: 0.000000
2026-01-03 00:21:41,827 epoch 15 - iter 55/59 - loss 0.31650685 - time (sec): 16.38 - samples/sec: 2434.21 - lr: 0.100000 - momentum: 0.000000
2026-01-03 00:21:42,832 ----------------------------------------------------------------------------------------------------
2026-01-03 00:21:42,832 EPOCH 15 done: loss 0.3144 - lr: 0.100000
2026-01-03 00:21:43,953 DEV : loss 0.2713077962398529 - f1-score (micro avg)  0.9054
2026-01-03 00:21:43,956  - 0 epochs without improvement
2026-01-03 00:21:43,957 ----------------------------------------------------------------------------------------------------
2026-01-03 00:21:45,222 epoch 16 - iter 5/59 - loss 0.30573966 - time (sec): 1.26 - samples/sec: 2594.89 - lr: 0.100000 - momentum: 0.000000
2026-01-03 00:21:47,033 epoch 16 - iter 10/59 - loss 0.29091577 - time (sec): 3.08 - samples/sec: 2286.70 - lr: 0.100000 - momentum: 0.000000
2026-01-03 00:21:48,914 epoch 16 - iter 15/59 - loss 0.29628300 - time (sec): 4.96 - samples/sec: 2230.53 - lr: 0.100000 - momentum: 0.000000
2026-01-03 00:21:50,415 epoch 16 - iter 20/59 - loss 0.29802471 - time (sec): 6.46 - samples/sec: 2264.48 - lr: 0.100000 - momentum: 0.000000
2026-01-03 00:21:51,987 epoch 16 - iter 25/59 - loss 0.30023750 - time (sec): 8.03 - samples/sec: 2261.95 - lr: 0.100000 - momentum: 0.000000
2026-01-03 00:21:53,300 epoch 16 - iter 30/59 - loss 0.29827897 - time (sec): 9.34 - samples/sec: 2320.65 - lr: 0.100000 - momentum: 0.000000
2026-01-03 00:21:54,479 epoch 16 - iter 35/59 - loss 0.29910872 - time (sec): 10.52 - samples/sec: 2394.42 - lr: 0.100000 - momentum: 0.000000
2026-01-03 00:21:55,882 epoch 16 - iter 40/59 - loss 0.29907968 - time (sec): 11.92 - samples/sec: 2428.32 - lr: 0.100000 - momentum: 0.000000
2026-01-03 00:21:57,180 epoch 16 - iter 45/59 - loss 0.30111050 - time (sec): 13.22 - samples/sec: 2470.31 - lr: 0.100000 - momentum: 0.000000
2026-01-03 00:21:58,757 epoch 16 - iter 50/59 - loss 0.30062299 - time (sec): 14.80 - samples/sec: 2450.42 - lr: 0.100000 - momentum: 0.000000
2026-01-03 00:22:00,448 epoch 16 - iter 55/59 - loss 0.29930165 - time (sec): 16.49 - samples/sec: 2426.05 - lr: 0.100000 - momentum: 0.000000
2026-01-03 00:22:01,304 ----------------------------------------------------------------------------------------------------
2026-01-03 00:22:01,304 EPOCH 16 done: loss 0.2983 - lr: 0.100000
2026-01-03 00:22:02,907 DEV : loss 0.2575170695781708 - f1-score (micro avg)  0.9133
2026-01-03 00:22:02,913  - 0 epochs without improvement
2026-01-03 00:22:02,914 saving best model
2026-01-03 00:22:02,924 ----------------------------------------------------------------------------------------------------
2026-01-03 00:22:04,621 epoch 17 - iter 5/59 - loss 0.26365686 - time (sec): 1.70 - samples/sec: 2089.77 - lr: 0.100000 - momentum: 0.000000
2026-01-03 00:22:06,049 epoch 17 - iter 10/59 - loss 0.27630707 - time (sec): 3.12 - samples/sec: 2248.53 - lr: 0.100000 - momentum: 0.000000
2026-01-03 00:22:07,663 epoch 17 - iter 15/59 - loss 0.27967557 - time (sec): 4.74 - samples/sec: 2226.01 - lr: 0.100000 - momentum: 0.000000
2026-01-03 00:22:09,113 epoch 17 - iter 20/59 - loss 0.27940841 - time (sec): 6.19 - samples/sec: 2290.72 - lr: 0.100000 - momentum: 0.000000
2026-01-03 00:22:10,822 epoch 17 - iter 25/59 - loss 0.27831269 - time (sec): 7.90 - samples/sec: 2302.87 - lr: 0.100000 - momentum: 0.000000
2026-01-03 00:22:12,652 epoch 17 - iter 30/59 - loss 0.28168235 - time (sec): 9.73 - samples/sec: 2256.17 - lr: 0.100000 - momentum: 0.000000
2026-01-03 00:22:14,163 epoch 17 - iter 35/59 - loss 0.28205756 - time (sec): 11.24 - samples/sec: 2270.40 - lr: 0.100000 - momentum: 0.000000
2026-01-03 00:22:15,613 epoch 17 - iter 40/59 - loss 0.28499380 - time (sec): 12.69 - samples/sec: 2309.40 - lr: 0.100000 - momentum: 0.000000
2026-01-03 00:22:17,074 epoch 17 - iter 45/59 - loss 0.28396788 - time (sec): 14.15 - samples/sec: 2318.98 - lr: 0.100000 - momentum: 0.000000
2026-01-03 00:22:18,513 epoch 17 - iter 50/59 - loss 0.28123028 - time (sec): 15.59 - samples/sec: 2339.46 - lr: 0.100000 - momentum: 0.000000
2026-01-03 00:22:19,801 epoch 17 - iter 55/59 - loss 0.28186891 - time (sec): 16.88 - samples/sec: 2359.95 - lr: 0.100000 - momentum: 0.000000
2026-01-03 00:22:20,858 ----------------------------------------------------------------------------------------------------
2026-01-03 00:22:20,858 EPOCH 17 done: loss 0.2823 - lr: 0.100000
2026-01-03 00:22:21,949 DEV : loss 0.2555488049983978 - f1-score (micro avg)  0.9127
2026-01-03 00:22:21,952  - 1 epochs without improvement
2026-01-03 00:22:21,953 ----------------------------------------------------------------------------------------------------
2026-01-03 00:22:23,231 epoch 18 - iter 5/59 - loss 0.27479150 - time (sec): 1.28 - samples/sec: 3029.49 - lr: 0.100000 - momentum: 0.000000
2026-01-03 00:22:24,375 epoch 18 - iter 10/59 - loss 0.27504986 - time (sec): 2.42 - samples/sec: 3042.81 - lr: 0.100000 - momentum: 0.000000
2026-01-03 00:22:25,928 epoch 18 - iter 15/59 - loss 0.26822915 - time (sec): 3.97 - samples/sec: 2776.47 - lr: 0.100000 - momentum: 0.000000
2026-01-03 00:22:27,230 epoch 18 - iter 20/59 - loss 0.27560399 - time (sec): 5.28 - samples/sec: 2789.17 - lr: 0.100000 - momentum: 0.000000
2026-01-03 00:22:28,530 epoch 18 - iter 25/59 - loss 0.27663652 - time (sec): 6.58 - samples/sec: 2780.62 - lr: 0.100000 - momentum: 0.000000
2026-01-03 00:22:29,828 epoch 18 - iter 30/59 - loss 0.27411033 - time (sec): 7.87 - samples/sec: 2745.32 - lr: 0.100000 - momentum: 0.000000
2026-01-03 00:22:31,425 epoch 18 - iter 35/59 - loss 0.27446780 - time (sec): 9.47 - samples/sec: 2664.29 - lr: 0.100000 - momentum: 0.000000
2026-01-03 00:22:33,146 epoch 18 - iter 40/59 - loss 0.27556648 - time (sec): 11.19 - samples/sec: 2607.03 - lr: 0.100000 - momentum: 0.000000
2026-01-03 00:22:34,609 epoch 18 - iter 45/59 - loss 0.27700559 - time (sec): 12.66 - samples/sec: 2569.63 - lr: 0.100000 - momentum: 0.000000
2026-01-03 00:22:35,980 epoch 18 - iter 50/59 - loss 0.27530529 - time (sec): 14.03 - samples/sec: 2568.42 - lr: 0.100000 - momentum: 0.000000
2026-01-03 00:22:38,795 epoch 18 - iter 55/59 - loss 0.27274852 - time (sec): 16.84 - samples/sec: 2365.48 - lr: 0.100000 - momentum: 0.000000
2026-01-03 00:22:39,858 ----------------------------------------------------------------------------------------------------
2026-01-03 00:22:39,859 EPOCH 18 done: loss 0.2713 - lr: 0.100000
2026-01-03 00:22:41,335 DEV : loss 0.23783132433891296 - f1-score (micro avg)  0.9246
2026-01-03 00:22:41,337  - 0 epochs without improvement
2026-01-03 00:22:41,338 saving best model
2026-01-03 00:22:41,347 ----------------------------------------------------------------------------------------------------
2026-01-03 00:22:42,749 epoch 19 - iter 5/59 - loss 0.26216930 - time (sec): 1.40 - samples/sec: 2604.40 - lr: 0.100000 - momentum: 0.000000
2026-01-03 00:22:44,094 epoch 19 - iter 10/59 - loss 0.26574594 - time (sec): 2.75 - samples/sec: 2643.18 - lr: 0.100000 - momentum: 0.000000
2026-01-03 00:22:45,642 epoch 19 - iter 15/59 - loss 0.25691496 - time (sec): 4.29 - samples/sec: 2483.78 - lr: 0.100000 - momentum: 0.000000
2026-01-03 00:22:47,088 epoch 19 - iter 20/59 - loss 0.26119415 - time (sec): 5.74 - samples/sec: 2492.49 - lr: 0.100000 - momentum: 0.000000
2026-01-03 00:22:48,447 epoch 19 - iter 25/59 - loss 0.26095207 - time (sec): 7.10 - samples/sec: 2497.71 - lr: 0.100000 - momentum: 0.000000
2026-01-03 00:22:50,077 epoch 19 - iter 30/59 - loss 0.26060589 - time (sec): 8.73 - samples/sec: 2457.30 - lr: 0.100000 - momentum: 0.000000
2026-01-03 00:22:51,571 epoch 19 - iter 35/59 - loss 0.25916892 - time (sec): 10.22 - samples/sec: 2463.82 - lr: 0.100000 - momentum: 0.000000
2026-01-03 00:22:52,899 epoch 19 - iter 40/59 - loss 0.25798395 - time (sec): 11.55 - samples/sec: 2486.37 - lr: 0.100000 - momentum: 0.000000
2026-01-03 00:22:54,290 epoch 19 - iter 45/59 - loss 0.25823683 - time (sec): 12.94 - samples/sec: 2504.87 - lr: 0.100000 - momentum: 0.000000
2026-01-03 00:22:55,889 epoch 19 - iter 50/59 - loss 0.25825591 - time (sec): 14.54 - samples/sec: 2485.35 - lr: 0.100000 - momentum: 0.000000
2026-01-03 00:22:57,277 epoch 19 - iter 55/59 - loss 0.25867572 - time (sec): 15.93 - samples/sec: 2497.73 - lr: 0.100000 - momentum: 0.000000
2026-01-03 00:22:58,414 ----------------------------------------------------------------------------------------------------
2026-01-03 00:22:58,414 EPOCH 19 done: loss 0.2582 - lr: 0.100000
2026-01-03 00:22:59,508 DEV : loss 0.23129242658615112 - f1-score (micro avg)  0.9244
2026-01-03 00:22:59,510  - 1 epochs without improvement
2026-01-03 00:22:59,512 ----------------------------------------------------------------------------------------------------
2026-01-03 00:23:00,777 epoch 20 - iter 5/59 - loss 0.24454722 - time (sec): 1.26 - samples/sec: 2707.98 - lr: 0.100000 - momentum: 0.000000
2026-01-03 00:23:02,231 epoch 20 - iter 10/59 - loss 0.24837075 - time (sec): 2.72 - samples/sec: 2580.40 - lr: 0.100000 - momentum: 0.000000
2026-01-03 00:23:03,698 epoch 20 - iter 15/59 - loss 0.24113540 - time (sec): 4.19 - samples/sec: 2510.83 - lr: 0.100000 - momentum: 0.000000
2026-01-03 00:23:05,337 epoch 20 - iter 20/59 - loss 0.24123573 - time (sec): 5.82 - samples/sec: 2438.04 - lr: 0.100000 - momentum: 0.000000
2026-01-03 00:23:06,839 epoch 20 - iter 25/59 - loss 0.24205196 - time (sec): 7.33 - samples/sec: 2443.59 - lr: 0.100000 - momentum: 0.000000
2026-01-03 00:23:08,435 epoch 20 - iter 30/59 - loss 0.24714769 - time (sec): 8.92 - samples/sec: 2415.17 - lr: 0.100000 - momentum: 0.000000
2026-01-03 00:23:10,206 epoch 20 - iter 35/59 - loss 0.24846503 - time (sec): 10.69 - samples/sec: 2356.05 - lr: 0.100000 - momentum: 0.000000
2026-01-03 00:23:12,041 epoch 20 - iter 40/59 - loss 0.25034285 - time (sec): 12.53 - samples/sec: 2300.58 - lr: 0.100000 - momentum: 0.000000
2026-01-03 00:23:13,270 epoch 20 - iter 45/59 - loss 0.24785604 - time (sec): 13.76 - samples/sec: 2346.37 - lr: 0.100000 - momentum: 0.000000
2026-01-03 00:23:14,769 epoch 20 - iter 50/59 - loss 0.25112626 - time (sec): 15.26 - samples/sec: 2360.06 - lr: 0.100000 - momentum: 0.000000
2026-01-03 00:23:16,256 epoch 20 - iter 55/59 - loss 0.25081623 - time (sec): 16.74 - samples/sec: 2363.62 - lr: 0.100000 - momentum: 0.000000
2026-01-03 00:23:17,640 ----------------------------------------------------------------------------------------------------
2026-01-03 00:23:17,640 EPOCH 20 done: loss 0.2505 - lr: 0.100000
2026-01-03 00:23:18,721 DEV : loss 0.2298138439655304 - f1-score (micro avg)  0.9284
2026-01-03 00:23:18,724  - 0 epochs without improvement
2026-01-03 00:23:18,725 saving best model
2026-01-03 00:23:18,736 ----------------------------------------------------------------------------------------------------
2026-01-03 00:23:20,418 epoch 21 - iter 5/59 - loss 0.22238925 - time (sec): 1.68 - samples/sec: 2230.60 - lr: 0.100000 - momentum: 0.000000
2026-01-03 00:23:21,893 epoch 21 - iter 10/59 - loss 0.24119639 - time (sec): 3.16 - samples/sec: 2338.90 - lr: 0.100000 - momentum: 0.000000
2026-01-03 00:23:23,902 epoch 21 - iter 15/59 - loss 0.24320468 - time (sec): 5.16 - samples/sec: 2178.51 - lr: 0.100000 - momentum: 0.000000
2026-01-03 00:23:25,418 epoch 21 - iter 20/59 - loss 0.24238884 - time (sec): 6.68 - samples/sec: 2220.71 - lr: 0.100000 - momentum: 0.000000
2026-01-03 00:23:26,989 epoch 21 - iter 25/59 - loss 0.24201202 - time (sec): 8.25 - samples/sec: 2225.00 - lr: 0.100000 - momentum: 0.000000
2026-01-03 00:23:28,579 epoch 21 - iter 30/59 - loss 0.24429163 - time (sec): 9.84 - samples/sec: 2241.31 - lr: 0.100000 - momentum: 0.000000
2026-01-03 00:23:29,882 epoch 21 - iter 35/59 - loss 0.24245302 - time (sec): 11.15 - samples/sec: 2289.44 - lr: 0.100000 - momentum: 0.000000
2026-01-03 00:23:31,326 epoch 21 - iter 40/59 - loss 0.24199343 - time (sec): 12.59 - samples/sec: 2296.71 - lr: 0.100000 - momentum: 0.000000
2026-01-03 00:23:32,814 epoch 21 - iter 45/59 - loss 0.24567686 - time (sec): 14.08 - samples/sec: 2305.00 - lr: 0.100000 - momentum: 0.000000
2026-01-03 00:23:34,406 epoch 21 - iter 50/59 - loss 0.24494079 - time (sec): 15.67 - samples/sec: 2315.08 - lr: 0.100000 - momentum: 0.000000
2026-01-03 00:23:36,026 epoch 21 - iter 55/59 - loss 0.24360518 - time (sec): 17.29 - samples/sec: 2295.82 - lr: 0.100000 - momentum: 0.000000
2026-01-03 00:23:37,608 ----------------------------------------------------------------------------------------------------
2026-01-03 00:23:37,609 EPOCH 21 done: loss 0.2436 - lr: 0.100000
2026-01-03 00:23:40,329 DEV : loss 0.22232165932655334 - f1-score (micro avg)  0.9308
2026-01-03 00:23:40,332  - 0 epochs without improvement
2026-01-03 00:23:40,333 saving best model
2026-01-03 00:23:40,345 ----------------------------------------------------------------------------------------------------
2026-01-03 00:23:42,622 epoch 22 - iter 5/59 - loss 0.25189608 - time (sec): 2.28 - samples/sec: 1766.77 - lr: 0.100000 - momentum: 0.000000
2026-01-03 00:23:44,205 epoch 22 - iter 10/59 - loss 0.23831602 - time (sec): 3.86 - samples/sec: 2081.26 - lr: 0.100000 - momentum: 0.000000
2026-01-03 00:23:45,750 epoch 22 - iter 15/59 - loss 0.23471761 - time (sec): 5.40 - samples/sec: 2179.54 - lr: 0.100000 - momentum: 0.000000
2026-01-03 00:23:47,024 epoch 22 - iter 20/59 - loss 0.24501380 - time (sec): 6.68 - samples/sec: 2287.85 - lr: 0.100000 - momentum: 0.000000
2026-01-03 00:23:48,541 epoch 22 - iter 25/59 - loss 0.24122978 - time (sec): 8.20 - samples/sec: 2324.28 - lr: 0.100000 - momentum: 0.000000
2026-01-03 00:23:49,790 epoch 22 - iter 30/59 - loss 0.24031772 - time (sec): 9.44 - samples/sec: 2380.69 - lr: 0.100000 - momentum: 0.000000
2026-01-03 00:23:51,202 epoch 22 - iter 35/59 - loss 0.23755317 - time (sec): 10.86 - samples/sec: 2396.52 - lr: 0.100000 - momentum: 0.000000
2026-01-03 00:23:53,126 epoch 22 - iter 40/59 - loss 0.23890625 - time (sec): 12.78 - samples/sec: 2307.08 - lr: 0.100000 - momentum: 0.000000
2026-01-03 00:23:54,408 epoch 22 - iter 45/59 - loss 0.23617937 - time (sec): 14.06 - samples/sec: 2343.09 - lr: 0.100000 - momentum: 0.000000
2026-01-03 00:23:56,476 epoch 22 - iter 50/59 - loss 0.23460750 - time (sec): 16.13 - samples/sec: 2264.40 - lr: 0.100000 - momentum: 0.000000
2026-01-03 00:23:58,085 epoch 22 - iter 55/59 - loss 0.23463819 - time (sec): 17.74 - samples/sec: 2250.09 - lr: 0.100000 - momentum: 0.000000
2026-01-03 00:23:59,282 ----------------------------------------------------------------------------------------------------
2026-01-03 00:23:59,285 EPOCH 22 done: loss 0.2342 - lr: 0.100000
2026-01-03 00:24:00,674 DEV : loss 0.20817631483078003 - f1-score (micro avg)  0.9341
2026-01-03 00:24:00,677  - 0 epochs without improvement
2026-01-03 00:24:00,677 saving best model
2026-01-03 00:24:00,690 ----------------------------------------------------------------------------------------------------
2026-01-03 00:24:02,457 epoch 23 - iter 5/59 - loss 0.22400339 - time (sec): 1.77 - samples/sec: 1945.98 - lr: 0.100000 - momentum: 0.000000
2026-01-03 00:24:04,343 epoch 23 - iter 10/59 - loss 0.20842456 - time (sec): 3.65 - samples/sec: 1995.52 - lr: 0.100000 - momentum: 0.000000
2026-01-03 00:24:06,787 epoch 23 - iter 15/59 - loss 0.21024255 - time (sec): 6.10 - samples/sec: 1816.71 - lr: 0.100000 - momentum: 0.000000
2026-01-03 00:24:08,503 epoch 23 - iter 20/59 - loss 0.21426761 - time (sec): 7.81 - samples/sec: 1850.32 - lr: 0.100000 - momentum: 0.000000
2026-01-03 00:24:11,164 epoch 23 - iter 25/59 - loss 0.21479923 - time (sec): 10.47 - samples/sec: 1720.64 - lr: 0.100000 - momentum: 0.000000
2026-01-03 00:24:13,655 epoch 23 - iter 30/59 - loss 0.21979857 - time (sec): 12.96 - samples/sec: 1671.07 - lr: 0.100000 - momentum: 0.000000
2026-01-03 00:24:15,878 epoch 23 - iter 35/59 - loss 0.21910514 - time (sec): 15.19 - samples/sec: 1660.03 - lr: 0.100000 - momentum: 0.000000
2026-01-03 00:24:18,039 epoch 23 - iter 40/59 - loss 0.22005952 - time (sec): 17.35 - samples/sec: 1668.50 - lr: 0.100000 - momentum: 0.000000
2026-01-03 00:24:19,992 epoch 23 - iter 45/59 - loss 0.22074830 - time (sec): 19.30 - samples/sec: 1686.07 - lr: 0.100000 - momentum: 0.000000
2026-01-03 00:24:21,986 epoch 23 - iter 50/59 - loss 0.22085252 - time (sec): 21.30 - samples/sec: 1709.27 - lr: 0.100000 - momentum: 0.000000
2026-01-03 00:24:23,998 epoch 23 - iter 55/59 - loss 0.21797032 - time (sec): 23.31 - samples/sec: 1715.16 - lr: 0.100000 - momentum: 0.000000
2026-01-03 00:24:25,174 ----------------------------------------------------------------------------------------------------
2026-01-03 00:24:25,175 EPOCH 23 done: loss 0.2196 - lr: 0.100000
2026-01-03 00:24:27,003 DEV : loss 0.20840959250926971 - f1-score (micro avg)  0.9332
2026-01-03 00:24:27,006  - 1 epochs without improvement
2026-01-03 00:24:27,007 ----------------------------------------------------------------------------------------------------
2026-01-03 00:24:29,202 epoch 24 - iter 5/59 - loss 0.19404525 - time (sec): 2.20 - samples/sec: 1655.80 - lr: 0.100000 - momentum: 0.000000
2026-01-03 00:24:31,198 epoch 24 - iter 10/59 - loss 0.21073837 - time (sec): 4.19 - samples/sec: 1693.46 - lr: 0.100000 - momentum: 0.000000
2026-01-03 00:24:33,379 epoch 24 - iter 15/59 - loss 0.20720860 - time (sec): 6.37 - samples/sec: 1631.45 - lr: 0.100000 - momentum: 0.000000
2026-01-03 00:24:35,555 epoch 24 - iter 20/59 - loss 0.20687927 - time (sec): 8.55 - samples/sec: 1642.49 - lr: 0.100000 - momentum: 0.000000
2026-01-03 00:24:38,027 epoch 24 - iter 25/59 - loss 0.21511977 - time (sec): 11.02 - samples/sec: 1617.99 - lr: 0.100000 - momentum: 0.000000
2026-01-03 00:24:41,033 epoch 24 - iter 30/59 - loss 0.21422561 - time (sec): 14.03 - samples/sec: 1538.55 - lr: 0.100000 - momentum: 0.000000
2026-01-03 00:24:42,717 epoch 24 - iter 35/59 - loss 0.21417997 - time (sec): 15.71 - samples/sec: 1591.90 - lr: 0.100000 - momentum: 0.000000
2026-01-03 00:24:45,061 epoch 24 - iter 40/59 - loss 0.21183726 - time (sec): 18.05 - samples/sec: 1591.74 - lr: 0.100000 - momentum: 0.000000
2026-01-03 00:24:47,622 epoch 24 - iter 45/59 - loss 0.21107244 - time (sec): 20.61 - samples/sec: 1581.17 - lr: 0.100000 - momentum: 0.000000
2026-01-03 00:24:49,819 epoch 24 - iter 50/59 - loss 0.21184864 - time (sec): 22.81 - samples/sec: 1584.55 - lr: 0.100000 - momentum: 0.000000
2026-01-03 00:24:51,886 epoch 24 - iter 55/59 - loss 0.21369031 - time (sec): 24.88 - samples/sec: 1594.06 - lr: 0.100000 - momentum: 0.000000
2026-01-03 00:24:53,805 ----------------------------------------------------------------------------------------------------
2026-01-03 00:24:53,807 EPOCH 24 done: loss 0.2137 - lr: 0.100000
2026-01-03 00:24:55,280 DEV : loss 0.20181114971637726 - f1-score (micro avg)  0.9347
2026-01-03 00:24:55,283  - 0 epochs without improvement
2026-01-03 00:24:55,284 saving best model
2026-01-03 00:24:55,296 ----------------------------------------------------------------------------------------------------
2026-01-03 00:24:57,307 epoch 25 - iter 5/59 - loss 0.19489375 - time (sec): 2.01 - samples/sec: 1857.98 - lr: 0.100000 - momentum: 0.000000
2026-01-03 00:24:59,289 epoch 25 - iter 10/59 - loss 0.20311540 - time (sec): 3.99 - samples/sec: 1807.97 - lr: 0.100000 - momentum: 0.000000
2026-01-03 00:25:01,215 epoch 25 - iter 15/59 - loss 0.21005440 - time (sec): 5.92 - samples/sec: 1850.19 - lr: 0.100000 - momentum: 0.000000
2026-01-03 00:25:03,157 epoch 25 - iter 20/59 - loss 0.21134209 - time (sec): 7.86 - samples/sec: 1831.83 - lr: 0.100000 - momentum: 0.000000
2026-01-03 00:25:05,026 epoch 25 - iter 25/59 - loss 0.20938507 - time (sec): 9.73 - samples/sec: 1844.42 - lr: 0.100000 - momentum: 0.000000
2026-01-03 00:25:06,783 epoch 25 - iter 30/59 - loss 0.21223641 - time (sec): 11.49 - samples/sec: 1872.98 - lr: 0.100000 - momentum: 0.000000
2026-01-03 00:25:09,608 epoch 25 - iter 35/59 - loss 0.21253971 - time (sec): 14.31 - samples/sec: 1775.78 - lr: 0.100000 - momentum: 0.000000
2026-01-03 00:25:11,556 epoch 25 - iter 40/59 - loss 0.21133487 - time (sec): 16.26 - samples/sec: 1794.93 - lr: 0.100000 - momentum: 0.000000
2026-01-03 00:25:13,430 epoch 25 - iter 45/59 - loss 0.21110528 - time (sec): 18.13 - samples/sec: 1801.28 - lr: 0.100000 - momentum: 0.000000
2026-01-03 00:25:16,218 epoch 25 - iter 50/59 - loss 0.20879487 - time (sec): 20.92 - samples/sec: 1743.11 - lr: 0.100000 - momentum: 0.000000
2026-01-03 00:25:18,583 epoch 25 - iter 55/59 - loss 0.20766705 - time (sec): 23.29 - samples/sec: 1716.97 - lr: 0.100000 - momentum: 0.000000
2026-01-03 00:25:20,270 ----------------------------------------------------------------------------------------------------
2026-01-03 00:25:20,270 EPOCH 25 done: loss 0.2083 - lr: 0.100000
2026-01-03 00:25:22,642 DEV : loss 0.19898879528045654 - f1-score (micro avg)  0.9357
2026-01-03 00:25:22,650  - 0 epochs without improvement
2026-01-03 00:25:22,651 saving best model
2026-01-03 00:25:22,674 ----------------------------------------------------------------------------------------------------
2026-01-03 00:25:24,893 epoch 26 - iter 5/59 - loss 0.20610434 - time (sec): 2.22 - samples/sec: 1622.88 - lr: 0.100000 - momentum: 0.000000
2026-01-03 00:25:26,928 epoch 26 - iter 10/59 - loss 0.19923986 - time (sec): 4.25 - samples/sec: 1702.51 - lr: 0.100000 - momentum: 0.000000
2026-01-03 00:25:29,152 epoch 26 - iter 15/59 - loss 0.19925935 - time (sec): 6.48 - samples/sec: 1698.89 - lr: 0.100000 - momentum: 0.000000
2026-01-03 00:25:31,210 epoch 26 - iter 20/59 - loss 0.19320171 - time (sec): 8.53 - samples/sec: 1735.61 - lr: 0.100000 - momentum: 0.000000
2026-01-03 00:25:33,099 epoch 26 - iter 25/59 - loss 0.19605122 - time (sec): 10.42 - samples/sec: 1776.31 - lr: 0.100000 - momentum: 0.000000
2026-01-03 00:25:34,991 epoch 26 - iter 30/59 - loss 0.19430038 - time (sec): 12.32 - samples/sec: 1781.66 - lr: 0.100000 - momentum: 0.000000
2026-01-03 00:25:36,702 epoch 26 - iter 35/59 - loss 0.19644411 - time (sec): 14.03 - samples/sec: 1795.43 - lr: 0.100000 - momentum: 0.000000
2026-01-03 00:25:38,613 epoch 26 - iter 40/59 - loss 0.19397152 - time (sec): 15.94 - samples/sec: 1801.70 - lr: 0.100000 - momentum: 0.000000
2026-01-03 00:25:41,761 epoch 26 - iter 45/59 - loss 0.19631956 - time (sec): 19.09 - samples/sec: 1691.03 - lr: 0.100000 - momentum: 0.000000
2026-01-03 00:25:44,088 epoch 26 - iter 50/59 - loss 0.19662720 - time (sec): 21.41 - samples/sec: 1686.36 - lr: 0.100000 - momentum: 0.000000
2026-01-03 00:25:46,508 epoch 26 - iter 55/59 - loss 0.19713778 - time (sec): 23.83 - samples/sec: 1679.14 - lr: 0.100000 - momentum: 0.000000
2026-01-03 00:25:47,875 ----------------------------------------------------------------------------------------------------
2026-01-03 00:25:47,875 EPOCH 26 done: loss 0.1987 - lr: 0.100000
2026-01-03 00:25:50,008 DEV : loss 0.1954304426908493 - f1-score (micro avg)  0.9387
2026-01-03 00:25:50,013  - 0 epochs without improvement
2026-01-03 00:25:50,014 saving best model
2026-01-03 00:25:50,025 ----------------------------------------------------------------------------------------------------
2026-01-03 00:25:52,786 epoch 27 - iter 5/59 - loss 0.17846456 - time (sec): 2.76 - samples/sec: 1303.76 - lr: 0.100000 - momentum: 0.000000
2026-01-03 00:25:55,010 epoch 27 - iter 10/59 - loss 0.19352147 - time (sec): 4.98 - samples/sec: 1472.84 - lr: 0.100000 - momentum: 0.000000
2026-01-03 00:25:57,118 epoch 27 - iter 15/59 - loss 0.19303964 - time (sec): 7.09 - samples/sec: 1531.46 - lr: 0.100000 - momentum: 0.000000
2026-01-03 00:25:59,782 epoch 27 - iter 20/59 - loss 0.19080443 - time (sec): 9.76 - samples/sec: 1523.03 - lr: 0.100000 - momentum: 0.000000
2026-01-03 00:26:02,166 epoch 27 - iter 25/59 - loss 0.19285825 - time (sec): 12.14 - samples/sec: 1544.02 - lr: 0.100000 - momentum: 0.000000
2026-01-03 00:26:04,030 epoch 27 - iter 30/59 - loss 0.19036162 - time (sec): 14.00 - samples/sec: 1588.31 - lr: 0.100000 - momentum: 0.000000
2026-01-03 00:26:06,335 epoch 27 - iter 35/59 - loss 0.19201156 - time (sec): 16.31 - samples/sec: 1602.99 - lr: 0.100000 - momentum: 0.000000
2026-01-03 00:26:08,172 epoch 27 - iter 40/59 - loss 0.19193010 - time (sec): 18.15 - samples/sec: 1622.13 - lr: 0.100000 - momentum: 0.000000
2026-01-03 00:26:10,864 epoch 27 - iter 45/59 - loss 0.19114746 - time (sec): 20.84 - samples/sec: 1575.26 - lr: 0.100000 - momentum: 0.000000
2026-01-03 00:26:13,145 epoch 27 - iter 50/59 - loss 0.19297257 - time (sec): 23.12 - samples/sec: 1582.33 - lr: 0.100000 - momentum: 0.000000
2026-01-03 00:26:15,274 epoch 27 - iter 55/59 - loss 0.19302345 - time (sec): 25.25 - samples/sec: 1583.00 - lr: 0.100000 - momentum: 0.000000
2026-01-03 00:26:16,703 ----------------------------------------------------------------------------------------------------
2026-01-03 00:26:16,703 EPOCH 27 done: loss 0.1931 - lr: 0.100000
2026-01-03 00:26:18,222 DEV : loss 0.19385969638824463 - f1-score (micro avg)  0.9361
2026-01-03 00:26:18,224  - 1 epochs without improvement
2026-01-03 00:26:18,226 ----------------------------------------------------------------------------------------------------
2026-01-03 00:26:20,286 epoch 28 - iter 5/59 - loss 0.19256071 - time (sec): 2.06 - samples/sec: 1717.47 - lr: 0.100000 - momentum: 0.000000
2026-01-03 00:26:22,680 epoch 28 - iter 10/59 - loss 0.19122104 - time (sec): 4.45 - samples/sec: 1647.44 - lr: 0.100000 - momentum: 0.000000
2026-01-03 00:26:24,327 epoch 28 - iter 15/59 - loss 0.17944258 - time (sec): 6.10 - samples/sec: 1748.94 - lr: 0.100000 - momentum: 0.000000
2026-01-03 00:26:26,239 epoch 28 - iter 20/59 - loss 0.18057355 - time (sec): 8.01 - samples/sec: 1788.08 - lr: 0.100000 - momentum: 0.000000
2026-01-03 00:26:28,474 epoch 28 - iter 25/59 - loss 0.18217541 - time (sec): 10.25 - samples/sec: 1744.06 - lr: 0.100000 - momentum: 0.000000
2026-01-03 00:26:30,803 epoch 28 - iter 30/59 - loss 0.18208160 - time (sec): 12.58 - samples/sec: 1707.16 - lr: 0.100000 - momentum: 0.000000
2026-01-03 00:26:32,704 epoch 28 - iter 35/59 - loss 0.18408820 - time (sec): 14.48 - samples/sec: 1721.07 - lr: 0.100000 - momentum: 0.000000
2026-01-03 00:26:35,053 epoch 28 - iter 40/59 - loss 0.18423693 - time (sec): 16.83 - samples/sec: 1699.91 - lr: 0.100000 - momentum: 0.000000
2026-01-03 00:26:38,146 epoch 28 - iter 45/59 - loss 0.18574172 - time (sec): 19.92 - samples/sec: 1619.16 - lr: 0.100000 - momentum: 0.000000
2026-01-03 00:26:40,892 epoch 28 - iter 50/59 - loss 0.18394690 - time (sec): 22.67 - samples/sec: 1594.72 - lr: 0.100000 - momentum: 0.000000
2026-01-03 00:26:43,302 epoch 28 - iter 55/59 - loss 0.18632380 - time (sec): 25.08 - samples/sec: 1594.59 - lr: 0.100000 - momentum: 0.000000
2026-01-03 00:26:45,171 ----------------------------------------------------------------------------------------------------
2026-01-03 00:26:45,171 EPOCH 28 done: loss 0.1869 - lr: 0.100000
2026-01-03 00:26:46,906 DEV : loss 0.18990762531757355 - f1-score (micro avg)  0.9403
2026-01-03 00:26:46,909  - 0 epochs without improvement
2026-01-03 00:26:46,909 saving best model
2026-01-03 00:26:46,922 ----------------------------------------------------------------------------------------------------
2026-01-03 00:26:48,847 epoch 29 - iter 5/59 - loss 0.17120314 - time (sec): 1.92 - samples/sec: 1738.60 - lr: 0.100000 - momentum: 0.000000
2026-01-03 00:26:50,817 epoch 29 - iter 10/59 - loss 0.17305107 - time (sec): 3.90 - samples/sec: 1689.48 - lr: 0.100000 - momentum: 0.000000
2026-01-03 00:26:53,363 epoch 29 - iter 15/59 - loss 0.17173949 - time (sec): 6.44 - samples/sec: 1593.80 - lr: 0.100000 - momentum: 0.000000
2026-01-03 00:26:55,453 epoch 29 - iter 20/59 - loss 0.17154369 - time (sec): 8.53 - samples/sec: 1631.28 - lr: 0.100000 - momentum: 0.000000
2026-01-03 00:26:57,514 epoch 29 - iter 25/59 - loss 0.17493958 - time (sec): 10.59 - samples/sec: 1656.52 - lr: 0.100000 - momentum: 0.000000
2026-01-03 00:26:59,937 epoch 29 - iter 30/59 - loss 0.17644393 - time (sec): 13.01 - samples/sec: 1635.10 - lr: 0.100000 - momentum: 0.000000
2026-01-03 00:27:02,642 epoch 29 - iter 35/59 - loss 0.17520085 - time (sec): 15.72 - samples/sec: 1582.11 - lr: 0.100000 - momentum: 0.000000
2026-01-03 00:27:04,938 epoch 29 - iter 40/59 - loss 0.17557123 - time (sec): 18.02 - samples/sec: 1577.34 - lr: 0.100000 - momentum: 0.000000
2026-01-03 00:27:07,482 epoch 29 - iter 45/59 - loss 0.17819212 - time (sec): 20.56 - samples/sec: 1562.37 - lr: 0.100000 - momentum: 0.000000
2026-01-03 00:27:10,831 epoch 29 - iter 50/59 - loss 0.17890482 - time (sec): 23.91 - samples/sec: 1511.45 - lr: 0.100000 - momentum: 0.000000
2026-01-03 00:27:13,347 epoch 29 - iter 55/59 - loss 0.17989399 - time (sec): 26.43 - samples/sec: 1504.14 - lr: 0.100000 - momentum: 0.000000
2026-01-03 00:27:15,677 ----------------------------------------------------------------------------------------------------
2026-01-03 00:27:15,678 EPOCH 29 done: loss 0.1805 - lr: 0.100000
2026-01-03 00:27:18,069 DEV : loss 0.18445417284965515 - f1-score (micro avg)  0.9398
2026-01-03 00:27:18,072  - 1 epochs without improvement
2026-01-03 00:27:18,073 ----------------------------------------------------------------------------------------------------
2026-01-03 00:27:20,767 epoch 30 - iter 5/59 - loss 0.17553262 - time (sec): 2.69 - samples/sec: 1252.01 - lr: 0.100000 - momentum: 0.000000
2026-01-03 00:27:23,686 epoch 30 - iter 10/59 - loss 0.16525962 - time (sec): 5.61 - samples/sec: 1236.00 - lr: 0.100000 - momentum: 0.000000
2026-01-03 00:27:26,295 epoch 30 - iter 15/59 - loss 0.16884944 - time (sec): 8.22 - samples/sec: 1243.98 - lr: 0.100000 - momentum: 0.000000
2026-01-03 00:27:28,761 epoch 30 - iter 20/59 - loss 0.16949508 - time (sec): 10.69 - samples/sec: 1300.41 - lr: 0.100000 - momentum: 0.000000
2026-01-03 00:27:31,668 epoch 30 - iter 25/59 - loss 0.17392091 - time (sec): 13.59 - samples/sec: 1313.14 - lr: 0.100000 - momentum: 0.000000
2026-01-03 00:27:34,421 epoch 30 - iter 30/59 - loss 0.17601884 - time (sec): 16.35 - samples/sec: 1323.05 - lr: 0.100000 - momentum: 0.000000
2026-01-03 00:27:38,008 epoch 30 - iter 35/59 - loss 0.17673708 - time (sec): 19.93 - samples/sec: 1273.67 - lr: 0.100000 - momentum: 0.000000
2026-01-03 00:27:43,353 epoch 30 - iter 40/59 - loss 0.17961830 - time (sec): 25.28 - samples/sec: 1159.53 - lr: 0.100000 - momentum: 0.000000
2026-01-03 00:27:46,886 epoch 30 - iter 45/59 - loss 0.18070586 - time (sec): 28.81 - samples/sec: 1139.40 - lr: 0.100000 - momentum: 0.000000
2026-01-03 00:27:50,371 epoch 30 - iter 50/59 - loss 0.17834077 - time (sec): 32.30 - samples/sec: 1127.57 - lr: 0.100000 - momentum: 0.000000
2026-01-03 00:27:53,430 epoch 30 - iter 55/59 - loss 0.17963396 - time (sec): 35.36 - samples/sec: 1130.26 - lr: 0.100000 - momentum: 0.000000
2026-01-03 00:27:55,325 ----------------------------------------------------------------------------------------------------
2026-01-03 00:27:55,325 EPOCH 30 done: loss 0.1814 - lr: 0.100000
2026-01-03 00:27:57,517 DEV : loss 0.18538959324359894 - f1-score (micro avg)  0.9394
2026-01-03 00:27:57,521  - 2 epochs without improvement
2026-01-03 00:27:57,522 ----------------------------------------------------------------------------------------------------
2026-01-03 00:28:00,789 epoch 31 - iter 5/59 - loss 0.16141999 - time (sec): 3.26 - samples/sec: 1126.29 - lr: 0.100000 - momentum: 0.000000
2026-01-03 00:28:04,065 epoch 31 - iter 10/59 - loss 0.15897547 - time (sec): 6.54 - samples/sec: 1093.47 - lr: 0.100000 - momentum: 0.000000
2026-01-03 00:28:09,050 epoch 31 - iter 15/59 - loss 0.16365256 - time (sec): 11.53 - samples/sec: 921.34 - lr: 0.100000 - momentum: 0.000000
2026-01-03 00:28:12,704 epoch 31 - iter 20/59 - loss 0.17033283 - time (sec): 15.18 - samples/sec: 954.13 - lr: 0.100000 - momentum: 0.000000
2026-01-03 00:28:15,510 epoch 31 - iter 25/59 - loss 0.17047594 - time (sec): 17.99 - samples/sec: 1007.85 - lr: 0.100000 - momentum: 0.000000
2026-01-03 00:28:18,535 epoch 31 - iter 30/59 - loss 0.16970461 - time (sec): 21.01 - samples/sec: 1034.80 - lr: 0.100000 - momentum: 0.000000
2026-01-03 00:28:21,475 epoch 31 - iter 35/59 - loss 0.17043074 - time (sec): 23.95 - samples/sec: 1047.54 - lr: 0.100000 - momentum: 0.000000
2026-01-03 00:28:24,868 epoch 31 - iter 40/59 - loss 0.17077425 - time (sec): 27.35 - samples/sec: 1070.62 - lr: 0.100000 - momentum: 0.000000
2026-01-03 00:28:27,589 epoch 31 - iter 45/59 - loss 0.17225176 - time (sec): 30.07 - samples/sec: 1087.74 - lr: 0.100000 - momentum: 0.000000
2026-01-03 00:28:30,290 epoch 31 - iter 50/59 - loss 0.17245029 - time (sec): 32.77 - samples/sec: 1110.75 - lr: 0.100000 - momentum: 0.000000
2026-01-03 00:28:33,486 epoch 31 - iter 55/59 - loss 0.17323444 - time (sec): 35.96 - samples/sec: 1119.61 - lr: 0.100000 - momentum: 0.000000
2026-01-03 00:28:35,152 ----------------------------------------------------------------------------------------------------
2026-01-03 00:28:35,153 EPOCH 31 done: loss 0.1743 - lr: 0.100000
2026-01-03 00:28:37,607 DEV : loss 0.18243169784545898 - f1-score (micro avg)  0.9432
2026-01-03 00:28:37,611  - 0 epochs without improvement
2026-01-03 00:28:37,613 saving best model
2026-01-03 00:28:37,625 ----------------------------------------------------------------------------------------------------
2026-01-03 00:28:41,645 epoch 32 - iter 5/59 - loss 0.15731321 - time (sec): 4.02 - samples/sec: 933.91 - lr: 0.100000 - momentum: 0.000000
2026-01-03 00:28:43,568 epoch 32 - iter 10/59 - loss 0.16720136 - time (sec): 5.94 - samples/sec: 1202.16 - lr: 0.100000 - momentum: 0.000000
2026-01-03 00:28:45,424 epoch 32 - iter 15/59 - loss 0.16893831 - time (sec): 7.80 - samples/sec: 1376.40 - lr: 0.100000 - momentum: 0.000000
2026-01-03 00:28:47,853 epoch 32 - iter 20/59 - loss 0.16789366 - time (sec): 10.23 - samples/sec: 1403.29 - lr: 0.100000 - momentum: 0.000000
2026-01-03 00:28:50,159 epoch 32 - iter 25/59 - loss 0.16635114 - time (sec): 12.53 - samples/sec: 1410.29 - lr: 0.100000 - momentum: 0.000000
2026-01-03 00:28:52,831 epoch 32 - iter 30/59 - loss 0.16949425 - time (sec): 15.21 - samples/sec: 1430.94 - lr: 0.100000 - momentum: 0.000000
2026-01-03 00:28:55,191 epoch 32 - iter 35/59 - loss 0.17119012 - time (sec): 17.56 - samples/sec: 1431.61 - lr: 0.100000 - momentum: 0.000000
2026-01-03 00:28:57,678 epoch 32 - iter 40/59 - loss 0.17040820 - time (sec): 20.05 - samples/sec: 1445.50 - lr: 0.100000 - momentum: 0.000000
2026-01-03 00:29:00,099 epoch 32 - iter 45/59 - loss 0.17015371 - time (sec): 22.47 - samples/sec: 1447.25 - lr: 0.100000 - momentum: 0.000000
2026-01-03 00:29:03,347 epoch 32 - iter 50/59 - loss 0.17123956 - time (sec): 25.72 - samples/sec: 1410.10 - lr: 0.100000 - momentum: 0.000000
2026-01-03 00:29:05,591 epoch 32 - iter 55/59 - loss 0.17013386 - time (sec): 27.97 - samples/sec: 1429.53 - lr: 0.100000 - momentum: 0.000000
2026-01-03 00:29:07,138 ----------------------------------------------------------------------------------------------------
2026-01-03 00:29:07,138 EPOCH 32 done: loss 0.1704 - lr: 0.100000
2026-01-03 00:29:08,707 DEV : loss 0.1821439117193222 - f1-score (micro avg)  0.9445
2026-01-03 00:29:08,710  - 0 epochs without improvement
2026-01-03 00:29:08,712 saving best model
2026-01-03 00:29:08,722 ----------------------------------------------------------------------------------------------------
2026-01-03 00:29:11,514 epoch 33 - iter 5/59 - loss 0.15260165 - time (sec): 2.79 - samples/sec: 1373.04 - lr: 0.100000 - momentum: 0.000000
2026-01-03 00:29:13,660 epoch 33 - iter 10/59 - loss 0.15807445 - time (sec): 4.94 - samples/sec: 1526.48 - lr: 0.100000 - momentum: 0.000000
2026-01-03 00:29:16,456 epoch 33 - iter 15/59 - loss 0.16520604 - time (sec): 7.73 - samples/sec: 1452.73 - lr: 0.100000 - momentum: 0.000000
2026-01-03 00:29:18,579 epoch 33 - iter 20/59 - loss 0.16318054 - time (sec): 9.86 - samples/sec: 1502.83 - lr: 0.100000 - momentum: 0.000000
2026-01-03 00:29:21,013 epoch 33 - iter 25/59 - loss 0.16389798 - time (sec): 12.29 - samples/sec: 1493.70 - lr: 0.100000 - momentum: 0.000000
2026-01-03 00:29:23,308 epoch 33 - iter 30/59 - loss 0.16657988 - time (sec): 14.58 - samples/sec: 1492.09 - lr: 0.100000 - momentum: 0.000000
2026-01-03 00:29:25,932 epoch 33 - iter 35/59 - loss 0.16772355 - time (sec): 17.21 - samples/sec: 1469.53 - lr: 0.100000 - momentum: 0.000000
2026-01-03 00:29:28,168 epoch 33 - iter 40/59 - loss 0.16758439 - time (sec): 19.45 - samples/sec: 1471.11 - lr: 0.100000 - momentum: 0.000000
2026-01-03 00:29:30,597 epoch 33 - iter 45/59 - loss 0.16756499 - time (sec): 21.87 - samples/sec: 1492.21 - lr: 0.100000 - momentum: 0.000000
2026-01-03 00:29:32,495 epoch 33 - iter 50/59 - loss 0.16725404 - time (sec): 23.77 - samples/sec: 1507.20 - lr: 0.100000 - momentum: 0.000000
2026-01-03 00:29:34,462 epoch 33 - iter 55/59 - loss 0.16729650 - time (sec): 25.74 - samples/sec: 1546.89 - lr: 0.100000 - momentum: 0.000000
2026-01-03 00:29:36,104 ----------------------------------------------------------------------------------------------------
2026-01-03 00:29:36,104 EPOCH 33 done: loss 0.1665 - lr: 0.100000
2026-01-03 00:29:37,903 DEV : loss 0.17903923988342285 - f1-score (micro avg)  0.9421
2026-01-03 00:29:37,914  - 1 epochs without improvement
2026-01-03 00:29:37,917 ----------------------------------------------------------------------------------------------------
2026-01-03 00:29:41,489 epoch 34 - iter 5/59 - loss 0.16143856 - time (sec): 3.57 - samples/sec: 1014.44 - lr: 0.100000 - momentum: 0.000000
2026-01-03 00:29:43,746 epoch 34 - iter 10/59 - loss 0.15935100 - time (sec): 5.83 - samples/sec: 1214.72 - lr: 0.100000 - momentum: 0.000000
2026-01-03 00:29:46,067 epoch 34 - iter 15/59 - loss 0.15905432 - time (sec): 8.15 - samples/sec: 1299.58 - lr: 0.100000 - momentum: 0.000000
2026-01-03 00:29:49,007 epoch 34 - iter 20/59 - loss 0.15665351 - time (sec): 11.08 - samples/sec: 1296.49 - lr: 0.100000 - momentum: 0.000000
2026-01-03 00:29:51,703 epoch 34 - iter 25/59 - loss 0.15630031 - time (sec): 13.78 - samples/sec: 1325.74 - lr: 0.100000 - momentum: 0.000000
2026-01-03 00:29:54,052 epoch 34 - iter 30/59 - loss 0.15833536 - time (sec): 16.13 - samples/sec: 1353.01 - lr: 0.100000 - momentum: 0.000000
2026-01-03 00:29:56,453 epoch 34 - iter 35/59 - loss 0.15762159 - time (sec): 18.53 - samples/sec: 1368.07 - lr: 0.100000 - momentum: 0.000000
2026-01-03 00:29:58,661 epoch 34 - iter 40/59 - loss 0.16052417 - time (sec): 20.74 - samples/sec: 1396.20 - lr: 0.100000 - momentum: 0.000000
2026-01-03 00:30:01,129 epoch 34 - iter 45/59 - loss 0.16081711 - time (sec): 23.21 - samples/sec: 1411.55 - lr: 0.100000 - momentum: 0.000000
2026-01-03 00:30:04,355 epoch 34 - iter 50/59 - loss 0.16238386 - time (sec): 26.44 - samples/sec: 1367.12 - lr: 0.100000 - momentum: 0.000000
2026-01-03 00:30:07,085 epoch 34 - iter 55/59 - loss 0.16283317 - time (sec): 29.17 - samples/sec: 1356.00 - lr: 0.100000 - momentum: 0.000000
2026-01-03 00:30:08,896 ----------------------------------------------------------------------------------------------------
2026-01-03 00:30:08,896 EPOCH 34 done: loss 0.1633 - lr: 0.100000
2026-01-03 00:30:11,544 DEV : loss 0.17663808166980743 - f1-score (micro avg)  0.9447
2026-01-03 00:30:11,547  - 0 epochs without improvement
2026-01-03 00:30:11,547 saving best model
2026-01-03 00:30:11,562 ----------------------------------------------------------------------------------------------------
2026-01-03 00:30:13,481 epoch 35 - iter 5/59 - loss 0.15799187 - time (sec): 1.92 - samples/sec: 1737.23 - lr: 0.100000 - momentum: 0.000000
2026-01-03 00:30:15,610 epoch 35 - iter 10/59 - loss 0.14904886 - time (sec): 4.05 - samples/sec: 1700.72 - lr: 0.100000 - momentum: 0.000000
2026-01-03 00:30:17,855 epoch 35 - iter 15/59 - loss 0.15401935 - time (sec): 6.29 - samples/sec: 1668.64 - lr: 0.100000 - momentum: 0.000000
2026-01-03 00:30:19,657 epoch 35 - iter 20/59 - loss 0.15810685 - time (sec): 8.09 - samples/sec: 1735.03 - lr: 0.100000 - momentum: 0.000000
2026-01-03 00:30:22,527 epoch 35 - iter 25/59 - loss 0.15853612 - time (sec): 10.96 - samples/sec: 1629.50 - lr: 0.100000 - momentum: 0.000000
2026-01-03 00:30:25,137 epoch 35 - iter 30/59 - loss 0.15728903 - time (sec): 13.57 - samples/sec: 1587.54 - lr: 0.100000 - momentum: 0.000000
2026-01-03 00:30:27,514 epoch 35 - iter 35/59 - loss 0.16034960 - time (sec): 15.95 - samples/sec: 1594.03 - lr: 0.100000 - momentum: 0.000000
2026-01-03 00:30:30,264 epoch 35 - iter 40/59 - loss 0.15974099 - time (sec): 18.70 - samples/sec: 1556.31 - lr: 0.100000 - momentum: 0.000000
2026-01-03 00:30:32,697 epoch 35 - iter 45/59 - loss 0.15906059 - time (sec): 21.13 - samples/sec: 1548.96 - lr: 0.100000 - momentum: 0.000000
2026-01-03 00:30:35,125 epoch 35 - iter 50/59 - loss 0.15905546 - time (sec): 23.56 - samples/sec: 1543.87 - lr: 0.100000 - momentum: 0.000000
2026-01-03 00:30:38,145 epoch 35 - iter 55/59 - loss 0.16075067 - time (sec): 26.58 - samples/sec: 1492.56 - lr: 0.100000 - momentum: 0.000000
2026-01-03 00:30:39,994 ----------------------------------------------------------------------------------------------------
2026-01-03 00:30:39,995 EPOCH 35 done: loss 0.1597 - lr: 0.100000
2026-01-03 00:30:42,231 DEV : loss 0.18103763461112976 - f1-score (micro avg)  0.9413
2026-01-03 00:30:42,235  - 1 epochs without improvement
2026-01-03 00:30:42,236 ----------------------------------------------------------------------------------------------------
2026-01-03 00:30:44,544 epoch 36 - iter 5/59 - loss 0.15123351 - time (sec): 2.31 - samples/sec: 1554.59 - lr: 0.100000 - momentum: 0.000000
2026-01-03 00:30:46,548 epoch 36 - iter 10/59 - loss 0.15041363 - time (sec): 4.31 - samples/sec: 1654.25 - lr: 0.100000 - momentum: 0.000000
2026-01-03 00:30:48,936 epoch 36 - iter 15/59 - loss 0.15093363 - time (sec): 6.70 - samples/sec: 1642.16 - lr: 0.100000 - momentum: 0.000000
2026-01-03 00:30:52,248 epoch 36 - iter 20/59 - loss 0.15304635 - time (sec): 10.01 - samples/sec: 1468.05 - lr: 0.100000 - momentum: 0.000000
2026-01-03 00:30:55,166 epoch 36 - iter 25/59 - loss 0.15610153 - time (sec): 12.93 - samples/sec: 1418.89 - lr: 0.100000 - momentum: 0.000000
2026-01-03 00:30:57,403 epoch 36 - iter 30/59 - loss 0.15662983 - time (sec): 15.17 - samples/sec: 1432.10 - lr: 0.100000 - momentum: 0.000000
2026-01-03 00:30:59,368 epoch 36 - iter 35/59 - loss 0.15627404 - time (sec): 17.13 - samples/sec: 1482.23 - lr: 0.100000 - momentum: 0.000000
2026-01-03 00:31:02,481 epoch 36 - iter 40/59 - loss 0.15657447 - time (sec): 20.25 - samples/sec: 1440.24 - lr: 0.100000 - momentum: 0.000000
2026-01-03 00:31:04,828 epoch 36 - iter 45/59 - loss 0.15717067 - time (sec): 22.59 - samples/sec: 1442.10 - lr: 0.100000 - momentum: 0.000000
2026-01-03 00:31:06,907 epoch 36 - iter 50/59 - loss 0.15816077 - time (sec): 24.67 - samples/sec: 1468.83 - lr: 0.100000 - momentum: 0.000000
2026-01-03 00:31:09,344 epoch 36 - iter 55/59 - loss 0.15708257 - time (sec): 27.11 - samples/sec: 1468.25 - lr: 0.100000 - momentum: 0.000000
2026-01-03 00:31:11,301 ----------------------------------------------------------------------------------------------------
2026-01-03 00:31:11,301 EPOCH 36 done: loss 0.1575 - lr: 0.100000
2026-01-03 00:31:13,621 DEV : loss 0.17518822848796844 - f1-score (micro avg)  0.9432
2026-01-03 00:31:13,665  - 2 epochs without improvement
2026-01-03 00:31:13,666 ----------------------------------------------------------------------------------------------------
2026-01-03 00:31:15,973 epoch 37 - iter 5/59 - loss 0.14275928 - time (sec): 2.31 - samples/sec: 1439.25 - lr: 0.100000 - momentum: 0.000000
2026-01-03 00:31:18,768 epoch 37 - iter 10/59 - loss 0.14816061 - time (sec): 5.10 - samples/sec: 1400.04 - lr: 0.100000 - momentum: 0.000000
2026-01-03 00:31:21,782 epoch 37 - iter 15/59 - loss 0.14708961 - time (sec): 8.12 - samples/sec: 1308.26 - lr: 0.100000 - momentum: 0.000000
2026-01-03 00:31:23,761 epoch 37 - iter 20/59 - loss 0.14487258 - time (sec): 10.09 - samples/sec: 1411.23 - lr: 0.100000 - momentum: 0.000000
2026-01-03 00:31:25,909 epoch 37 - iter 25/59 - loss 0.14313980 - time (sec): 12.24 - samples/sec: 1453.12 - lr: 0.100000 - momentum: 0.000000
2026-01-03 00:31:28,306 epoch 37 - iter 30/59 - loss 0.14421064 - time (sec): 14.63 - samples/sec: 1462.85 - lr: 0.100000 - momentum: 0.000000
2026-01-03 00:31:30,683 epoch 37 - iter 35/59 - loss 0.14698804 - time (sec): 17.02 - samples/sec: 1468.07 - lr: 0.100000 - momentum: 0.000000
2026-01-03 00:31:32,804 epoch 37 - iter 40/59 - loss 0.14598120 - time (sec): 19.14 - samples/sec: 1518.16 - lr: 0.100000 - momentum: 0.000000
2026-01-03 00:31:34,773 epoch 37 - iter 45/59 - loss 0.14759675 - time (sec): 21.11 - samples/sec: 1534.50 - lr: 0.100000 - momentum: 0.000000
2026-01-03 00:31:36,754 epoch 37 - iter 50/59 - loss 0.14965075 - time (sec): 23.09 - samples/sec: 1561.60 - lr: 0.100000 - momentum: 0.000000
2026-01-03 00:31:39,436 epoch 37 - iter 55/59 - loss 0.14977752 - time (sec): 25.77 - samples/sec: 1541.81 - lr: 0.100000 - momentum: 0.000000
2026-01-03 00:31:41,669 ----------------------------------------------------------------------------------------------------
2026-01-03 00:31:41,670 EPOCH 37 done: loss 0.1502 - lr: 0.100000
2026-01-03 00:31:43,501 DEV : loss 0.1848955601453781 - f1-score (micro avg)  0.9421
2026-01-03 00:31:43,504  - 3 epochs without improvement
2026-01-03 00:31:43,504 ----------------------------------------------------------------------------------------------------
2026-01-03 00:31:45,051 epoch 38 - iter 5/59 - loss 0.13990967 - time (sec): 1.55 - samples/sec: 2179.97 - lr: 0.100000 - momentum: 0.000000
2026-01-03 00:31:47,356 epoch 38 - iter 10/59 - loss 0.14251777 - time (sec): 3.85 - samples/sec: 1903.16 - lr: 0.100000 - momentum: 0.000000
2026-01-03 00:31:49,296 epoch 38 - iter 15/59 - loss 0.14500769 - time (sec): 5.79 - samples/sec: 1907.63 - lr: 0.100000 - momentum: 0.000000
2026-01-03 00:31:51,265 epoch 38 - iter 20/59 - loss 0.14580315 - time (sec): 7.76 - samples/sec: 1862.11 - lr: 0.100000 - momentum: 0.000000
2026-01-03 00:31:53,919 epoch 38 - iter 25/59 - loss 0.14477037 - time (sec): 10.41 - samples/sec: 1755.59 - lr: 0.100000 - momentum: 0.000000
2026-01-03 00:31:55,874 epoch 38 - iter 30/59 - loss 0.14527094 - time (sec): 12.37 - samples/sec: 1771.45 - lr: 0.100000 - momentum: 0.000000
2026-01-03 00:31:57,669 epoch 38 - iter 35/59 - loss 0.14810921 - time (sec): 14.16 - samples/sec: 1799.14 - lr: 0.100000 - momentum: 0.000000
2026-01-03 00:31:59,582 epoch 38 - iter 40/59 - loss 0.14903157 - time (sec): 16.08 - samples/sec: 1824.72 - lr: 0.100000 - momentum: 0.000000
2026-01-03 00:32:01,302 epoch 38 - iter 45/59 - loss 0.14928014 - time (sec): 17.80 - samples/sec: 1839.69 - lr: 0.100000 - momentum: 0.000000
2026-01-03 00:32:03,296 epoch 38 - iter 50/59 - loss 0.14944770 - time (sec): 19.79 - samples/sec: 1824.58 - lr: 0.100000 - momentum: 0.000000
2026-01-03 00:32:05,219 epoch 38 - iter 55/59 - loss 0.15086497 - time (sec): 21.71 - samples/sec: 1827.69 - lr: 0.100000 - momentum: 0.000000
2026-01-03 00:32:06,612 ----------------------------------------------------------------------------------------------------
2026-01-03 00:32:06,612 EPOCH 38 done: loss 0.1500 - lr: 0.100000
2026-01-03 00:32:08,019 DEV : loss 0.17451536655426025 - f1-score (micro avg)  0.9454
2026-01-03 00:32:08,022  - 0 epochs without improvement
2026-01-03 00:32:08,023 saving best model
2026-01-03 00:32:08,033 ----------------------------------------------------------------------------------------------------
2026-01-03 00:32:09,858 epoch 39 - iter 5/59 - loss 0.13266532 - time (sec): 1.82 - samples/sec: 2073.35 - lr: 0.100000 - momentum: 0.000000
2026-01-03 00:32:11,850 epoch 39 - iter 10/59 - loss 0.13409491 - time (sec): 3.82 - samples/sec: 1855.84 - lr: 0.100000 - momentum: 0.000000
2026-01-03 00:32:13,763 epoch 39 - iter 15/59 - loss 0.13503678 - time (sec): 5.73 - samples/sec: 1857.00 - lr: 0.100000 - momentum: 0.000000
2026-01-03 00:32:16,408 epoch 39 - iter 20/59 - loss 0.13297879 - time (sec): 8.37 - samples/sec: 1744.66 - lr: 0.100000 - momentum: 0.000000
2026-01-03 00:32:18,182 epoch 39 - iter 25/59 - loss 0.13540594 - time (sec): 10.15 - samples/sec: 1803.35 - lr: 0.100000 - momentum: 0.000000
2026-01-03 00:32:20,200 epoch 39 - iter 30/59 - loss 0.13656862 - time (sec): 12.17 - samples/sec: 1812.88 - lr: 0.100000 - momentum: 0.000000
2026-01-03 00:32:22,177 epoch 39 - iter 35/59 - loss 0.13880185 - time (sec): 14.14 - samples/sec: 1808.30 - lr: 0.100000 - momentum: 0.000000
2026-01-03 00:32:23,939 epoch 39 - iter 40/59 - loss 0.13974776 - time (sec): 15.91 - samples/sec: 1834.06 - lr: 0.100000 - momentum: 0.000000
2026-01-03 00:32:25,865 epoch 39 - iter 45/59 - loss 0.14000349 - time (sec): 17.83 - samples/sec: 1847.58 - lr: 0.100000 - momentum: 0.000000
2026-01-03 00:32:27,692 epoch 39 - iter 50/59 - loss 0.14322956 - time (sec): 19.66 - samples/sec: 1850.34 - lr: 0.100000 - momentum: 0.000000
2026-01-03 00:32:29,431 epoch 39 - iter 55/59 - loss 0.14483688 - time (sec): 21.40 - samples/sec: 1864.15 - lr: 0.100000 - momentum: 0.000000
2026-01-03 00:32:31,263 ----------------------------------------------------------------------------------------------------
2026-01-03 00:32:31,263 EPOCH 39 done: loss 0.1455 - lr: 0.100000
2026-01-03 00:32:33,070 DEV : loss 0.17637839913368225 - f1-score (micro avg)  0.9442
2026-01-03 00:32:33,072  - 1 epochs without improvement
2026-01-03 00:32:33,073 ----------------------------------------------------------------------------------------------------
2026-01-03 00:32:34,949 epoch 40 - iter 5/59 - loss 0.14787723 - time (sec): 1.88 - samples/sec: 1898.67 - lr: 0.100000 - momentum: 0.000000
2026-01-03 00:32:37,123 epoch 40 - iter 10/59 - loss 0.14413244 - time (sec): 4.05 - samples/sec: 1790.76 - lr: 0.100000 - momentum: 0.000000
2026-01-03 00:32:38,998 epoch 40 - iter 15/59 - loss 0.14440729 - time (sec): 5.92 - samples/sec: 1809.63 - lr: 0.100000 - momentum: 0.000000
2026-01-03 00:32:41,157 epoch 40 - iter 20/59 - loss 0.14640020 - time (sec): 8.08 - samples/sec: 1763.86 - lr: 0.100000 - momentum: 0.000000
2026-01-03 00:32:43,045 epoch 40 - iter 25/59 - loss 0.14734037 - time (sec): 9.97 - samples/sec: 1796.80 - lr: 0.100000 - momentum: 0.000000
2026-01-03 00:32:44,661 epoch 40 - iter 30/59 - loss 0.14470586 - time (sec): 11.59 - samples/sec: 1821.85 - lr: 0.100000 - momentum: 0.000000
2026-01-03 00:32:46,501 epoch 40 - iter 35/59 - loss 0.14324963 - time (sec): 13.43 - samples/sec: 1858.47 - lr: 0.100000 - momentum: 0.000000
2026-01-03 00:32:48,471 epoch 40 - iter 40/59 - loss 0.14209092 - time (sec): 15.40 - samples/sec: 1853.54 - lr: 0.100000 - momentum: 0.000000
2026-01-03 00:32:51,014 epoch 40 - iter 45/59 - loss 0.14445349 - time (sec): 17.94 - samples/sec: 1807.71 - lr: 0.100000 - momentum: 0.000000
2026-01-03 00:32:54,010 epoch 40 - iter 50/59 - loss 0.14427671 - time (sec): 20.94 - samples/sec: 1720.45 - lr: 0.100000 - momentum: 0.000000
2026-01-03 00:32:56,362 epoch 40 - iter 55/59 - loss 0.14428784 - time (sec): 23.29 - samples/sec: 1701.92 - lr: 0.100000 - momentum: 0.000000
2026-01-03 00:32:57,797 ----------------------------------------------------------------------------------------------------
2026-01-03 00:32:57,798 EPOCH 40 done: loss 0.1439 - lr: 0.100000
2026-01-03 00:32:59,143 DEV : loss 0.17938712239265442 - f1-score (micro avg)  0.9421
2026-01-03 00:32:59,145  - 2 epochs without improvement
2026-01-03 00:32:59,146 ----------------------------------------------------------------------------------------------------
2026-01-03 00:33:00,957 epoch 41 - iter 5/59 - loss 0.13588892 - time (sec): 1.81 - samples/sec: 1952.49 - lr: 0.100000 - momentum: 0.000000
2026-01-03 00:33:03,311 epoch 41 - iter 10/59 - loss 0.14575474 - time (sec): 4.16 - samples/sec: 1745.50 - lr: 0.100000 - momentum: 0.000000
2026-01-03 00:33:05,177 epoch 41 - iter 15/59 - loss 0.14845946 - time (sec): 6.03 - samples/sec: 1828.51 - lr: 0.100000 - momentum: 0.000000
2026-01-03 00:33:07,017 epoch 41 - iter 20/59 - loss 0.14479208 - time (sec): 7.87 - samples/sec: 1853.44 - lr: 0.100000 - momentum: 0.000000
2026-01-03 00:33:09,011 epoch 41 - iter 25/59 - loss 0.14307931 - time (sec): 9.86 - samples/sec: 1852.45 - lr: 0.100000 - momentum: 0.000000
2026-01-03 00:33:10,880 epoch 41 - iter 30/59 - loss 0.14367149 - time (sec): 11.73 - samples/sec: 1866.87 - lr: 0.100000 - momentum: 0.000000
2026-01-03 00:33:13,519 epoch 41 - iter 35/59 - loss 0.14428469 - time (sec): 14.37 - samples/sec: 1778.01 - lr: 0.100000 - momentum: 0.000000
2026-01-03 00:33:15,352 epoch 41 - iter 40/59 - loss 0.14358647 - time (sec): 16.21 - samples/sec: 1792.08 - lr: 0.100000 - momentum: 0.000000
2026-01-03 00:33:17,148 epoch 41 - iter 45/59 - loss 0.14291635 - time (sec): 18.00 - samples/sec: 1814.67 - lr: 0.100000 - momentum: 0.000000
2026-01-03 00:33:19,363 epoch 41 - iter 50/59 - loss 0.14366211 - time (sec): 20.22 - samples/sec: 1792.67 - lr: 0.100000 - momentum: 0.000000
2026-01-03 00:33:21,232 epoch 41 - iter 55/59 - loss 0.14258776 - time (sec): 22.08 - samples/sec: 1801.09 - lr: 0.100000 - momentum: 0.000000
2026-01-03 00:33:22,732 ----------------------------------------------------------------------------------------------------
2026-01-03 00:33:22,732 EPOCH 41 done: loss 0.1427 - lr: 0.100000
2026-01-03 00:33:24,103 DEV : loss 0.17384842038154602 - f1-score (micro avg)  0.9465
2026-01-03 00:33:24,106  - 0 epochs without improvement
2026-01-03 00:33:24,107 saving best model
2026-01-03 00:33:24,118 ----------------------------------------------------------------------------------------------------
2026-01-03 00:33:25,836 epoch 42 - iter 5/59 - loss 0.13938800 - time (sec): 1.72 - samples/sec: 2058.70 - lr: 0.100000 - momentum: 0.000000
2026-01-03 00:33:28,393 epoch 42 - iter 10/59 - loss 0.13996329 - time (sec): 4.27 - samples/sec: 1634.46 - lr: 0.100000 - momentum: 0.000000
2026-01-03 00:33:30,506 epoch 42 - iter 15/59 - loss 0.14222384 - time (sec): 6.39 - samples/sec: 1658.49 - lr: 0.100000 - momentum: 0.000000
2026-01-03 00:33:33,158 epoch 42 - iter 20/59 - loss 0.14585986 - time (sec): 9.04 - samples/sec: 1580.24 - lr: 0.100000 - momentum: 0.000000
2026-01-03 00:33:36,619 epoch 42 - iter 25/59 - loss 0.14527760 - time (sec): 12.50 - samples/sec: 1425.23 - lr: 0.100000 - momentum: 0.000000
2026-01-03 00:33:39,163 epoch 42 - iter 30/59 - loss 0.14441526 - time (sec): 15.04 - samples/sec: 1432.48 - lr: 0.100000 - momentum: 0.000000
2026-01-03 00:33:42,217 epoch 42 - iter 35/59 - loss 0.14295942 - time (sec): 18.10 - samples/sec: 1385.79 - lr: 0.100000 - momentum: 0.000000
2026-01-03 00:33:44,388 epoch 42 - iter 40/59 - loss 0.14366444 - time (sec): 20.27 - samples/sec: 1415.13 - lr: 0.100000 - momentum: 0.000000
2026-01-03 00:33:47,472 epoch 42 - iter 45/59 - loss 0.14507754 - time (sec): 23.35 - samples/sec: 1394.91 - lr: 0.100000 - momentum: 0.000000
2026-01-03 00:33:49,632 epoch 42 - iter 50/59 - loss 0.14381055 - time (sec): 25.51 - samples/sec: 1416.07 - lr: 0.100000 - momentum: 0.000000
2026-01-03 00:33:52,497 epoch 42 - iter 55/59 - loss 0.14368987 - time (sec): 28.38 - samples/sec: 1409.15 - lr: 0.100000 - momentum: 0.000000
2026-01-03 00:33:54,045 ----------------------------------------------------------------------------------------------------
2026-01-03 00:33:54,045 EPOCH 42 done: loss 0.1433 - lr: 0.100000
2026-01-03 00:33:55,941 DEV : loss 0.18407125771045685 - f1-score (micro avg)  0.9415
2026-01-03 00:33:55,944  - 1 epochs without improvement
2026-01-03 00:33:55,945 ----------------------------------------------------------------------------------------------------
2026-01-03 00:33:57,953 epoch 43 - iter 5/59 - loss 0.12096188 - time (sec): 2.01 - samples/sec: 1793.26 - lr: 0.100000 - momentum: 0.000000
2026-01-03 00:34:00,032 epoch 43 - iter 10/59 - loss 0.12340832 - time (sec): 4.09 - samples/sec: 1778.74 - lr: 0.100000 - momentum: 0.000000
2026-01-03 00:34:02,228 epoch 43 - iter 15/59 - loss 0.12663517 - time (sec): 6.28 - samples/sec: 1726.24 - lr: 0.100000 - momentum: 0.000000
2026-01-03 00:34:04,622 epoch 43 - iter 20/59 - loss 0.12883554 - time (sec): 8.68 - samples/sec: 1647.47 - lr: 0.100000 - momentum: 0.000000
2026-01-03 00:34:06,723 epoch 43 - iter 25/59 - loss 0.13133984 - time (sec): 10.78 - samples/sec: 1646.44 - lr: 0.100000 - momentum: 0.000000
2026-01-03 00:34:09,425 epoch 43 - iter 30/59 - loss 0.12841932 - time (sec): 13.48 - samples/sec: 1605.78 - lr: 0.100000 - momentum: 0.000000
2026-01-03 00:34:11,678 epoch 43 - iter 35/59 - loss 0.12956230 - time (sec): 15.73 - samples/sec: 1594.90 - lr: 0.100000 - momentum: 0.000000
2026-01-03 00:34:13,759 epoch 43 - iter 40/59 - loss 0.13023955 - time (sec): 17.81 - samples/sec: 1613.30 - lr: 0.100000 - momentum: 0.000000
2026-01-03 00:34:15,848 epoch 43 - iter 45/59 - loss 0.13310625 - time (sec): 19.90 - samples/sec: 1629.67 - lr: 0.100000 - momentum: 0.000000
2026-01-03 00:34:17,929 epoch 43 - iter 50/59 - loss 0.13553937 - time (sec): 21.98 - samples/sec: 1645.15 - lr: 0.100000 - momentum: 0.000000
2026-01-03 00:34:20,179 epoch 43 - iter 55/59 - loss 0.13673755 - time (sec): 24.23 - samples/sec: 1646.60 - lr: 0.100000 - momentum: 0.000000
2026-01-03 00:34:21,807 ----------------------------------------------------------------------------------------------------
2026-01-03 00:34:21,807 EPOCH 43 done: loss 0.1365 - lr: 0.100000
2026-01-03 00:34:23,487 DEV : loss 0.16991324722766876 - f1-score (micro avg)  0.9463
2026-01-03 00:34:23,492  - 2 epochs without improvement
2026-01-03 00:34:23,493 ----------------------------------------------------------------------------------------------------
2026-01-03 00:34:25,504 epoch 44 - iter 5/59 - loss 0.13346429 - time (sec): 2.01 - samples/sec: 1719.67 - lr: 0.100000 - momentum: 0.000000
2026-01-03 00:34:28,102 epoch 44 - iter 10/59 - loss 0.12880187 - time (sec): 4.61 - samples/sec: 1522.57 - lr: 0.100000 - momentum: 0.000000
2026-01-03 00:34:30,714 epoch 44 - iter 15/59 - loss 0.13265103 - time (sec): 7.22 - samples/sec: 1490.00 - lr: 0.100000 - momentum: 0.000000
2026-01-03 00:34:33,118 epoch 44 - iter 20/59 - loss 0.13703298 - time (sec): 9.62 - samples/sec: 1519.17 - lr: 0.100000 - momentum: 0.000000
2026-01-03 00:34:35,153 epoch 44 - iter 25/59 - loss 0.13804832 - time (sec): 11.66 - samples/sec: 1540.03 - lr: 0.100000 - momentum: 0.000000
2026-01-03 00:34:37,775 epoch 44 - iter 30/59 - loss 0.13781808 - time (sec): 14.28 - samples/sec: 1510.94 - lr: 0.100000 - momentum: 0.000000
2026-01-03 00:34:40,306 epoch 44 - iter 35/59 - loss 0.13892610 - time (sec): 16.81 - samples/sec: 1514.51 - lr: 0.100000 - momentum: 0.000000
2026-01-03 00:34:43,480 epoch 44 - iter 40/59 - loss 0.13923150 - time (sec): 19.99 - samples/sec: 1450.92 - lr: 0.100000 - momentum: 0.000000
2026-01-03 00:34:45,951 epoch 44 - iter 45/59 - loss 0.13859129 - time (sec): 22.46 - samples/sec: 1452.16 - lr: 0.100000 - momentum: 0.000000
2026-01-03 00:34:48,089 epoch 44 - iter 50/59 - loss 0.13959045 - time (sec): 24.60 - samples/sec: 1473.46 - lr: 0.100000 - momentum: 0.000000
2026-01-03 00:34:49,979 epoch 44 - iter 55/59 - loss 0.13923277 - time (sec): 26.49 - samples/sec: 1501.38 - lr: 0.100000 - momentum: 0.000000
2026-01-03 00:34:51,574 ----------------------------------------------------------------------------------------------------
2026-01-03 00:34:51,574 EPOCH 44 done: loss 0.1388 - lr: 0.100000
2026-01-03 00:34:54,053 DEV : loss 0.1734098196029663 - f1-score (micro avg)  0.9471
2026-01-03 00:34:54,062  - 0 epochs without improvement
2026-01-03 00:34:54,063 saving best model
2026-01-03 00:34:54,078 ----------------------------------------------------------------------------------------------------
2026-01-03 00:34:56,051 epoch 45 - iter 5/59 - loss 0.13256114 - time (sec): 1.97 - samples/sec: 1749.16 - lr: 0.100000 - momentum: 0.000000
2026-01-03 00:34:57,935 epoch 45 - iter 10/59 - loss 0.13175810 - time (sec): 3.86 - samples/sec: 1802.55 - lr: 0.100000 - momentum: 0.000000
2026-01-03 00:35:00,199 epoch 45 - iter 15/59 - loss 0.12504535 - time (sec): 6.12 - samples/sec: 1744.93 - lr: 0.100000 - momentum: 0.000000
2026-01-03 00:35:02,169 epoch 45 - iter 20/59 - loss 0.12803344 - time (sec): 8.09 - samples/sec: 1762.56 - lr: 0.100000 - momentum: 0.000000
2026-01-03 00:35:04,373 epoch 45 - iter 25/59 - loss 0.12709505 - time (sec): 10.29 - samples/sec: 1713.96 - lr: 0.100000 - momentum: 0.000000
2026-01-03 00:35:06,573 epoch 45 - iter 30/59 - loss 0.12579754 - time (sec): 12.49 - samples/sec: 1679.60 - lr: 0.100000 - momentum: 0.000000
2026-01-03 00:35:08,725 epoch 45 - iter 35/59 - loss 0.12582792 - time (sec): 14.65 - samples/sec: 1691.57 - lr: 0.100000 - momentum: 0.000000
2026-01-03 00:35:11,154 epoch 45 - iter 40/59 - loss 0.12655986 - time (sec): 17.07 - samples/sec: 1678.86 - lr: 0.100000 - momentum: 0.000000
2026-01-03 00:35:13,861 epoch 45 - iter 45/59 - loss 0.12804701 - time (sec): 19.78 - samples/sec: 1638.56 - lr: 0.100000 - momentum: 0.000000
2026-01-03 00:35:16,372 epoch 45 - iter 50/59 - loss 0.12943418 - time (sec): 22.29 - samples/sec: 1615.33 - lr: 0.100000 - momentum: 0.000000
2026-01-03 00:35:18,410 epoch 45 - iter 55/59 - loss 0.12892324 - time (sec): 24.33 - samples/sec: 1634.92 - lr: 0.100000 - momentum: 0.000000
2026-01-03 00:35:19,980 ----------------------------------------------------------------------------------------------------
2026-01-03 00:35:19,980 EPOCH 45 done: loss 0.1302 - lr: 0.100000
2026-01-03 00:35:21,819 DEV : loss 0.1668352633714676 - f1-score (micro avg)  0.9478
2026-01-03 00:35:21,822  - 0 epochs without improvement
2026-01-03 00:35:21,823 saving best model
2026-01-03 00:35:21,834 ----------------------------------------------------------------------------------------------------
2026-01-03 00:35:24,771 epoch 46 - iter 5/59 - loss 0.12693004 - time (sec): 2.94 - samples/sec: 1166.88 - lr: 0.100000 - momentum: 0.000000
2026-01-03 00:35:26,847 epoch 46 - iter 10/59 - loss 0.13078323 - time (sec): 5.01 - samples/sec: 1435.39 - lr: 0.100000 - momentum: 0.000000
2026-01-03 00:35:28,771 epoch 46 - iter 15/59 - loss 0.13371024 - time (sec): 6.94 - samples/sec: 1582.44 - lr: 0.100000 - momentum: 0.000000
2026-01-03 00:35:31,441 epoch 46 - iter 20/59 - loss 0.13263179 - time (sec): 9.61 - samples/sec: 1530.61 - lr: 0.100000 - momentum: 0.000000
2026-01-03 00:35:33,475 epoch 46 - iter 25/59 - loss 0.13346979 - time (sec): 11.64 - samples/sec: 1561.90 - lr: 0.100000 - momentum: 0.000000
2026-01-03 00:35:35,597 epoch 46 - iter 30/59 - loss 0.13359932 - time (sec): 13.76 - samples/sec: 1587.85 - lr: 0.100000 - momentum: 0.000000
2026-01-03 00:35:38,034 epoch 46 - iter 35/59 - loss 0.13254569 - time (sec): 16.20 - samples/sec: 1577.26 - lr: 0.100000 - momentum: 0.000000
2026-01-03 00:35:40,741 epoch 46 - iter 40/59 - loss 0.13584791 - time (sec): 18.91 - samples/sec: 1563.92 - lr: 0.100000 - momentum: 0.000000
2026-01-03 00:35:42,769 epoch 46 - iter 45/59 - loss 0.13585847 - time (sec): 20.94 - samples/sec: 1579.78 - lr: 0.100000 - momentum: 0.000000
2026-01-03 00:35:45,431 epoch 46 - iter 50/59 - loss 0.13388653 - time (sec): 23.60 - samples/sec: 1548.92 - lr: 0.100000 - momentum: 0.000000
2026-01-03 00:35:48,010 epoch 46 - iter 55/59 - loss 0.13517952 - time (sec): 26.18 - samples/sec: 1521.39 - lr: 0.100000 - momentum: 0.000000
2026-01-03 00:35:49,562 ----------------------------------------------------------------------------------------------------
2026-01-03 00:35:49,562 EPOCH 46 done: loss 0.1357 - lr: 0.100000
2026-01-03 00:35:51,319 DEV : loss 0.16630962491035461 - f1-score (micro avg)  0.9493
2026-01-03 00:35:51,322  - 0 epochs without improvement
2026-01-03 00:35:51,324 saving best model
2026-01-03 00:35:51,334 ----------------------------------------------------------------------------------------------------
2026-01-03 00:35:53,157 epoch 47 - iter 5/59 - loss 0.12691560 - time (sec): 1.82 - samples/sec: 1835.25 - lr: 0.100000 - momentum: 0.000000
2026-01-03 00:35:55,202 epoch 47 - iter 10/59 - loss 0.14534900 - time (sec): 3.87 - samples/sec: 1811.82 - lr: 0.100000 - momentum: 0.000000
2026-01-03 00:35:57,515 epoch 47 - iter 15/59 - loss 0.14178218 - time (sec): 6.18 - samples/sec: 1737.84 - lr: 0.100000 - momentum: 0.000000
2026-01-03 00:35:59,778 epoch 47 - iter 20/59 - loss 0.13428144 - time (sec): 8.44 - samples/sec: 1737.67 - lr: 0.100000 - momentum: 0.000000
2026-01-03 00:36:01,448 epoch 47 - iter 25/59 - loss 0.13347171 - time (sec): 10.11 - samples/sec: 1777.61 - lr: 0.100000 - momentum: 0.000000
2026-01-03 00:36:03,512 epoch 47 - iter 30/59 - loss 0.13182672 - time (sec): 12.18 - samples/sec: 1757.28 - lr: 0.100000 - momentum: 0.000000
2026-01-03 00:36:06,233 epoch 47 - iter 35/59 - loss 0.13055688 - time (sec): 14.90 - samples/sec: 1693.88 - lr: 0.100000 - momentum: 0.000000
2026-01-03 00:36:08,292 epoch 47 - iter 40/59 - loss 0.13025444 - time (sec): 16.96 - samples/sec: 1706.95 - lr: 0.100000 - momentum: 0.000000
2026-01-03 00:36:10,592 epoch 47 - iter 45/59 - loss 0.13028852 - time (sec): 19.26 - samples/sec: 1690.02 - lr: 0.100000 - momentum: 0.000000
2026-01-03 00:36:12,429 epoch 47 - iter 50/59 - loss 0.12975512 - time (sec): 21.09 - samples/sec: 1701.38 - lr: 0.100000 - momentum: 0.000000
2026-01-03 00:36:14,620 epoch 47 - iter 55/59 - loss 0.12916726 - time (sec): 23.29 - samples/sec: 1702.38 - lr: 0.100000 - momentum: 0.000000
2026-01-03 00:36:16,215 ----------------------------------------------------------------------------------------------------
2026-01-03 00:36:16,215 EPOCH 47 done: loss 0.1299 - lr: 0.100000
2026-01-03 00:36:17,987 DEV : loss 0.1686444878578186 - f1-score (micro avg)  0.949
2026-01-03 00:36:17,989  - 1 epochs without improvement
2026-01-03 00:36:17,990 ----------------------------------------------------------------------------------------------------
2026-01-03 00:36:20,696 epoch 48 - iter 5/59 - loss 0.12646137 - time (sec): 2.71 - samples/sec: 1403.31 - lr: 0.100000 - momentum: 0.000000
2026-01-03 00:36:22,886 epoch 48 - iter 10/59 - loss 0.13140130 - time (sec): 4.90 - samples/sec: 1506.07 - lr: 0.100000 - momentum: 0.000000
2026-01-03 00:36:25,074 epoch 48 - iter 15/59 - loss 0.13071337 - time (sec): 7.08 - samples/sec: 1557.50 - lr: 0.100000 - momentum: 0.000000
2026-01-03 00:36:27,808 epoch 48 - iter 20/59 - loss 0.12855914 - time (sec): 9.82 - samples/sec: 1473.64 - lr: 0.100000 - momentum: 0.000000
2026-01-03 00:36:30,085 epoch 48 - iter 25/59 - loss 0.12840557 - time (sec): 12.09 - samples/sec: 1465.36 - lr: 0.100000 - momentum: 0.000000
2026-01-03 00:36:32,810 epoch 48 - iter 30/59 - loss 0.12703891 - time (sec): 14.82 - samples/sec: 1447.56 - lr: 0.100000 - momentum: 0.000000
2026-01-03 00:36:34,975 epoch 48 - iter 35/59 - loss 0.12820033 - time (sec): 16.98 - samples/sec: 1477.48 - lr: 0.100000 - momentum: 0.000000
2026-01-03 00:36:37,474 epoch 48 - iter 40/59 - loss 0.12837366 - time (sec): 19.48 - samples/sec: 1486.51 - lr: 0.100000 - momentum: 0.000000
2026-01-03 00:36:39,519 epoch 48 - iter 45/59 - loss 0.12862955 - time (sec): 21.53 - samples/sec: 1515.23 - lr: 0.100000 - momentum: 0.000000
2026-01-03 00:36:41,949 epoch 48 - iter 50/59 - loss 0.12783904 - time (sec): 23.96 - samples/sec: 1515.12 - lr: 0.100000 - momentum: 0.000000
2026-01-03 00:36:44,605 epoch 48 - iter 55/59 - loss 0.12838778 - time (sec): 26.60 - samples/sec: 1495.86 - lr: 0.100000 - momentum: 0.000000
2026-01-03 00:36:46,459 ----------------------------------------------------------------------------------------------------
2026-01-03 00:36:46,459 EPOCH 48 done: loss 0.1278 - lr: 0.100000
2026-01-03 00:36:47,956 DEV : loss 0.1736590713262558 - f1-score (micro avg)  0.9434
2026-01-03 00:36:47,960  - 2 epochs without improvement
2026-01-03 00:36:47,961 ----------------------------------------------------------------------------------------------------
2026-01-03 00:36:49,839 epoch 49 - iter 5/59 - loss 0.11788149 - time (sec): 1.88 - samples/sec: 1860.13 - lr: 0.100000 - momentum: 0.000000
2026-01-03 00:36:51,841 epoch 49 - iter 10/59 - loss 0.11861590 - time (sec): 3.88 - samples/sec: 1878.57 - lr: 0.100000 - momentum: 0.000000
2026-01-03 00:36:53,984 epoch 49 - iter 15/59 - loss 0.12600196 - time (sec): 6.02 - samples/sec: 1831.91 - lr: 0.100000 - momentum: 0.000000
2026-01-03 00:36:56,310 epoch 49 - iter 20/59 - loss 0.12401165 - time (sec): 8.35 - samples/sec: 1766.89 - lr: 0.100000 - momentum: 0.000000
2026-01-03 00:36:58,634 epoch 49 - iter 25/59 - loss 0.12360120 - time (sec): 10.67 - samples/sec: 1742.96 - lr: 0.100000 - momentum: 0.000000
2026-01-03 00:37:00,662 epoch 49 - iter 30/59 - loss 0.12282472 - time (sec): 12.70 - samples/sec: 1743.27 - lr: 0.100000 - momentum: 0.000000
2026-01-03 00:37:02,721 epoch 49 - iter 35/59 - loss 0.12380094 - time (sec): 14.76 - samples/sec: 1746.17 - lr: 0.100000 - momentum: 0.000000
2026-01-03 00:37:05,436 epoch 49 - iter 40/59 - loss 0.12577952 - time (sec): 17.48 - samples/sec: 1683.16 - lr: 0.100000 - momentum: 0.000000
2026-01-03 00:37:08,153 epoch 49 - iter 45/59 - loss 0.12564045 - time (sec): 20.19 - samples/sec: 1645.70 - lr: 0.100000 - momentum: 0.000000
2026-01-03 00:37:10,276 epoch 49 - iter 50/59 - loss 0.12592130 - time (sec): 22.31 - samples/sec: 1635.43 - lr: 0.100000 - momentum: 0.000000
2026-01-03 00:37:12,530 epoch 49 - iter 55/59 - loss 0.12611299 - time (sec): 24.57 - samples/sec: 1627.43 - lr: 0.100000 - momentum: 0.000000
2026-01-03 00:37:14,322 ----------------------------------------------------------------------------------------------------
2026-01-03 00:37:14,322 EPOCH 49 done: loss 0.1261 - lr: 0.100000
2026-01-03 00:37:16,083 DEV : loss 0.16847868263721466 - f1-score (micro avg)  0.947
2026-01-03 00:37:16,086  - 3 epochs without improvement
2026-01-03 00:37:16,088 ----------------------------------------------------------------------------------------------------
2026-01-03 00:37:19,160 epoch 50 - iter 5/59 - loss 0.10359728 - time (sec): 3.07 - samples/sec: 1168.21 - lr: 0.100000 - momentum: 0.000000
2026-01-03 00:37:21,660 epoch 50 - iter 10/59 - loss 0.11063918 - time (sec): 5.57 - samples/sec: 1297.94 - lr: 0.100000 - momentum: 0.000000
2026-01-03 00:37:24,613 epoch 50 - iter 15/59 - loss 0.11551482 - time (sec): 8.52 - samples/sec: 1287.72 - lr: 0.100000 - momentum: 0.000000
2026-01-03 00:37:26,654 epoch 50 - iter 20/59 - loss 0.11673740 - time (sec): 10.57 - samples/sec: 1360.70 - lr: 0.100000 - momentum: 0.000000
2026-01-03 00:37:28,609 epoch 50 - iter 25/59 - loss 0.11619797 - time (sec): 12.52 - samples/sec: 1437.08 - lr: 0.100000 - momentum: 0.000000
2026-01-03 00:37:30,634 epoch 50 - iter 30/59 - loss 0.11890858 - time (sec): 14.55 - samples/sec: 1477.91 - lr: 0.100000 - momentum: 0.000000
2026-01-03 00:37:32,843 epoch 50 - iter 35/59 - loss 0.11975620 - time (sec): 16.75 - samples/sec: 1491.62 - lr: 0.100000 - momentum: 0.000000
2026-01-03 00:37:35,703 epoch 50 - iter 40/59 - loss 0.12233592 - time (sec): 19.61 - samples/sec: 1459.14 - lr: 0.100000 - momentum: 0.000000
2026-01-03 00:37:40,569 epoch 50 - iter 45/59 - loss 0.12204581 - time (sec): 24.48 - samples/sec: 1323.48 - lr: 0.100000 - momentum: 0.000000
2026-01-03 00:37:44,816 epoch 50 - iter 50/59 - loss 0.12397731 - time (sec): 28.72 - samples/sec: 1262.58 - lr: 0.100000 - momentum: 0.000000
2026-01-03 00:37:47,328 epoch 50 - iter 55/59 - loss 0.12424006 - time (sec): 31.24 - samples/sec: 1276.28 - lr: 0.100000 - momentum: 0.000000
2026-01-03 00:37:49,377 ----------------------------------------------------------------------------------------------------
2026-01-03 00:37:49,377 EPOCH 50 done: loss 0.1240 - lr: 0.100000
2026-01-03 00:37:51,366 DEV : loss 0.16928277909755707 - f1-score (micro avg)  0.9478
2026-01-03 00:37:51,369  - 4 epochs without improvement (above 'patience')-> annealing learning_rate to [0.05]
2026-01-03 00:37:51,369 ----------------------------------------------------------------------------------------------------
2026-01-03 00:37:53,757 epoch 51 - iter 5/59 - loss 0.11194057 - time (sec): 2.39 - samples/sec: 1512.67 - lr: 0.050000 - momentum: 0.000000
2026-01-03 00:37:56,238 epoch 51 - iter 10/59 - loss 0.11612778 - time (sec): 4.87 - samples/sec: 1493.28 - lr: 0.050000 - momentum: 0.000000
2026-01-03 00:37:58,780 epoch 51 - iter 15/59 - loss 0.11890735 - time (sec): 7.41 - samples/sec: 1479.54 - lr: 0.050000 - momentum: 0.000000
2026-01-03 00:38:00,823 epoch 51 - iter 20/59 - loss 0.11789352 - time (sec): 9.45 - samples/sec: 1528.15 - lr: 0.050000 - momentum: 0.000000
2026-01-03 00:38:04,020 epoch 51 - iter 25/59 - loss 0.11849997 - time (sec): 12.65 - samples/sec: 1447.47 - lr: 0.050000 - momentum: 0.000000
2026-01-03 00:38:06,097 epoch 51 - iter 30/59 - loss 0.11604694 - time (sec): 14.73 - samples/sec: 1496.87 - lr: 0.050000 - momentum: 0.000000
2026-01-03 00:38:08,910 epoch 51 - iter 35/59 - loss 0.11504043 - time (sec): 17.54 - samples/sec: 1471.54 - lr: 0.050000 - momentum: 0.000000
2026-01-03 00:38:12,543 epoch 51 - iter 40/59 - loss 0.11599427 - time (sec): 21.17 - samples/sec: 1385.13 - lr: 0.050000 - momentum: 0.000000
2026-01-03 00:38:15,226 epoch 51 - iter 45/59 - loss 0.11598180 - time (sec): 23.86 - samples/sec: 1377.80 - lr: 0.050000 - momentum: 0.000000
2026-01-03 00:38:17,724 epoch 51 - iter 50/59 - loss 0.11768032 - time (sec): 26.35 - samples/sec: 1379.19 - lr: 0.050000 - momentum: 0.000000
2026-01-03 00:38:19,839 epoch 51 - iter 55/59 - loss 0.11763749 - time (sec): 28.47 - samples/sec: 1398.04 - lr: 0.050000 - momentum: 0.000000
2026-01-03 00:38:21,241 ----------------------------------------------------------------------------------------------------
2026-01-03 00:38:21,241 EPOCH 51 done: loss 0.1171 - lr: 0.050000
2026-01-03 00:38:22,804 DEV : loss 0.16806180775165558 - f1-score (micro avg)  0.9491
2026-01-03 00:38:22,807  - 1 epochs without improvement
2026-01-03 00:38:22,808 ----------------------------------------------------------------------------------------------------
2026-01-03 00:38:25,812 epoch 52 - iter 5/59 - loss 0.11361698 - time (sec): 3.00 - samples/sec: 1210.58 - lr: 0.050000 - momentum: 0.000000
2026-01-03 00:38:28,373 epoch 52 - iter 10/59 - loss 0.10883202 - time (sec): 5.56 - samples/sec: 1300.84 - lr: 0.050000 - momentum: 0.000000
2026-01-03 00:38:30,647 epoch 52 - iter 15/59 - loss 0.10806223 - time (sec): 7.84 - samples/sec: 1399.27 - lr: 0.050000 - momentum: 0.000000
2026-01-03 00:38:33,130 epoch 52 - iter 20/59 - loss 0.11341585 - time (sec): 10.32 - samples/sec: 1409.37 - lr: 0.050000 - momentum: 0.000000
2026-01-03 00:38:35,860 epoch 52 - iter 25/59 - loss 0.11412462 - time (sec): 13.05 - samples/sec: 1385.05 - lr: 0.050000 - momentum: 0.000000
2026-01-03 00:38:39,623 epoch 52 - iter 30/59 - loss 0.11411170 - time (sec): 16.81 - samples/sec: 1289.00 - lr: 0.050000 - momentum: 0.000000
2026-01-03 00:38:42,684 epoch 52 - iter 35/59 - loss 0.11356861 - time (sec): 19.88 - samples/sec: 1261.96 - lr: 0.050000 - momentum: 0.000000
2026-01-03 00:38:49,418 epoch 52 - iter 40/59 - loss 0.11199680 - time (sec): 26.61 - samples/sec: 1076.32 - lr: 0.050000 - momentum: 0.000000
2026-01-03 00:38:52,559 epoch 52 - iter 45/59 - loss 0.11120684 - time (sec): 29.75 - samples/sec: 1086.18 - lr: 0.050000 - momentum: 0.000000
2026-01-03 00:38:54,839 epoch 52 - iter 50/59 - loss 0.11226123 - time (sec): 32.03 - samples/sec: 1113.65 - lr: 0.050000 - momentum: 0.000000
2026-01-03 00:38:57,010 epoch 52 - iter 55/59 - loss 0.11378666 - time (sec): 34.20 - samples/sec: 1151.28 - lr: 0.050000 - momentum: 0.000000
2026-01-03 00:38:59,373 ----------------------------------------------------------------------------------------------------
2026-01-03 00:38:59,373 EPOCH 52 done: loss 0.1141 - lr: 0.050000
2026-01-03 00:39:00,889 DEV : loss 0.16815029084682465 - f1-score (micro avg)  0.948
2026-01-03 00:39:00,895  - 2 epochs without improvement
2026-01-03 00:39:00,897 ----------------------------------------------------------------------------------------------------
2026-01-03 00:39:03,049 epoch 53 - iter 5/59 - loss 0.10452860 - time (sec): 2.15 - samples/sec: 1644.61 - lr: 0.050000 - momentum: 0.000000
2026-01-03 00:39:05,406 epoch 53 - iter 10/59 - loss 0.10286304 - time (sec): 4.51 - samples/sec: 1588.39 - lr: 0.050000 - momentum: 0.000000
2026-01-03 00:39:07,687 epoch 53 - iter 15/59 - loss 0.10694185 - time (sec): 6.79 - samples/sec: 1559.50 - lr: 0.050000 - momentum: 0.000000
2026-01-03 00:39:10,289 epoch 53 - iter 20/59 - loss 0.10513205 - time (sec): 9.39 - samples/sec: 1535.10 - lr: 0.050000 - momentum: 0.000000
2026-01-03 00:39:12,717 epoch 53 - iter 25/59 - loss 0.10725878 - time (sec): 11.82 - samples/sec: 1517.20 - lr: 0.050000 - momentum: 0.000000
2026-01-03 00:39:15,038 epoch 53 - iter 30/59 - loss 0.10945302 - time (sec): 14.14 - samples/sec: 1534.00 - lr: 0.050000 - momentum: 0.000000
2026-01-03 00:39:17,587 epoch 53 - iter 35/59 - loss 0.11008083 - time (sec): 16.69 - samples/sec: 1515.03 - lr: 0.050000 - momentum: 0.000000
2026-01-03 00:39:20,412 epoch 53 - iter 40/59 - loss 0.10934578 - time (sec): 19.51 - samples/sec: 1496.91 - lr: 0.050000 - momentum: 0.000000
2026-01-03 00:39:23,030 epoch 53 - iter 45/59 - loss 0.10906895 - time (sec): 22.13 - samples/sec: 1479.76 - lr: 0.050000 - momentum: 0.000000
2026-01-03 00:39:25,160 epoch 53 - iter 50/59 - loss 0.10982923 - time (sec): 24.26 - samples/sec: 1496.89 - lr: 0.050000 - momentum: 0.000000
2026-01-03 00:39:27,637 epoch 53 - iter 55/59 - loss 0.11071475 - time (sec): 26.74 - samples/sec: 1497.28 - lr: 0.050000 - momentum: 0.000000
2026-01-03 00:39:29,700 ----------------------------------------------------------------------------------------------------
2026-01-03 00:39:29,700 EPOCH 53 done: loss 0.1117 - lr: 0.050000
2026-01-03 00:39:32,029 DEV : loss 0.16953131556510925 - f1-score (micro avg)  0.949
2026-01-03 00:39:32,033  - 3 epochs without improvement
2026-01-03 00:39:32,033 ----------------------------------------------------------------------------------------------------
2026-01-03 00:39:34,912 epoch 54 - iter 5/59 - loss 0.11215521 - time (sec): 2.88 - samples/sec: 1298.16 - lr: 0.050000 - momentum: 0.000000
2026-01-03 00:39:37,128 epoch 54 - iter 10/59 - loss 0.10904462 - time (sec): 5.10 - samples/sec: 1433.56 - lr: 0.050000 - momentum: 0.000000
2026-01-03 00:39:39,682 epoch 54 - iter 15/59 - loss 0.11290526 - time (sec): 7.65 - samples/sec: 1453.69 - lr: 0.050000 - momentum: 0.000000
2026-01-03 00:39:42,066 epoch 54 - iter 20/59 - loss 0.11141080 - time (sec): 10.03 - samples/sec: 1458.77 - lr: 0.050000 - momentum: 0.000000
2026-01-03 00:39:45,170 epoch 54 - iter 25/59 - loss 0.11214191 - time (sec): 13.14 - samples/sec: 1412.13 - lr: 0.050000 - momentum: 0.000000
2026-01-03 00:39:47,000 epoch 54 - iter 30/59 - loss 0.11148005 - time (sec): 14.97 - samples/sec: 1452.89 - lr: 0.050000 - momentum: 0.000000
2026-01-03 00:39:49,878 epoch 54 - iter 35/59 - loss 0.11045450 - time (sec): 17.84 - samples/sec: 1430.04 - lr: 0.050000 - momentum: 0.000000
2026-01-03 00:39:52,301 epoch 54 - iter 40/59 - loss 0.11230098 - time (sec): 20.27 - samples/sec: 1440.84 - lr: 0.050000 - momentum: 0.000000
2026-01-03 00:39:54,406 epoch 54 - iter 45/59 - loss 0.11222057 - time (sec): 22.37 - samples/sec: 1456.15 - lr: 0.050000 - momentum: 0.000000
2026-01-03 00:39:56,682 epoch 54 - iter 50/59 - loss 0.11344115 - time (sec): 24.65 - samples/sec: 1473.98 - lr: 0.050000 - momentum: 0.000000
2026-01-03 00:39:59,021 epoch 54 - iter 55/59 - loss 0.11276532 - time (sec): 26.99 - samples/sec: 1480.59 - lr: 0.050000 - momentum: 0.000000
2026-01-03 00:40:01,089 ----------------------------------------------------------------------------------------------------
2026-01-03 00:40:01,090 EPOCH 54 done: loss 0.1121 - lr: 0.050000
2026-01-03 00:40:02,705 DEV : loss 0.16567079722881317 - f1-score (micro avg)  0.9495
2026-01-03 00:40:02,709  - 0 epochs without improvement
2026-01-03 00:40:02,709 saving best model
2026-01-03 00:40:02,725 ----------------------------------------------------------------------------------------------------
2026-01-03 00:40:05,863 epoch 55 - iter 5/59 - loss 0.10992856 - time (sec): 3.14 - samples/sec: 1251.68 - lr: 0.050000 - momentum: 0.000000
2026-01-03 00:40:08,442 epoch 55 - iter 10/59 - loss 0.11586222 - time (sec): 5.71 - samples/sec: 1331.26 - lr: 0.050000 - momentum: 0.000000
2026-01-03 00:40:10,733 epoch 55 - iter 15/59 - loss 0.10977408 - time (sec): 8.01 - samples/sec: 1361.06 - lr: 0.050000 - momentum: 0.000000
2026-01-03 00:40:13,198 epoch 55 - iter 20/59 - loss 0.11176887 - time (sec): 10.47 - samples/sec: 1378.02 - lr: 0.050000 - momentum: 0.000000
2026-01-03 00:40:15,996 epoch 55 - iter 25/59 - loss 0.11301094 - time (sec): 13.27 - samples/sec: 1396.04 - lr: 0.050000 - momentum: 0.000000
2026-01-03 00:40:18,453 epoch 55 - iter 30/59 - loss 0.11167383 - time (sec): 15.73 - samples/sec: 1405.60 - lr: 0.050000 - momentum: 0.000000
2026-01-03 00:40:20,519 epoch 55 - iter 35/59 - loss 0.11286395 - time (sec): 17.79 - samples/sec: 1437.08 - lr: 0.050000 - momentum: 0.000000
2026-01-03 00:40:23,274 epoch 55 - iter 40/59 - loss 0.11257764 - time (sec): 20.55 - samples/sec: 1426.50 - lr: 0.050000 - momentum: 0.000000
2026-01-03 00:40:25,451 epoch 55 - iter 45/59 - loss 0.11246120 - time (sec): 22.73 - samples/sec: 1445.05 - lr: 0.050000 - momentum: 0.000000
2026-01-03 00:40:27,671 epoch 55 - iter 50/59 - loss 0.11397082 - time (sec): 24.95 - samples/sec: 1462.97 - lr: 0.050000 - momentum: 0.000000
2026-01-03 00:40:30,652 epoch 55 - iter 55/59 - loss 0.11423427 - time (sec): 27.93 - samples/sec: 1433.67 - lr: 0.050000 - momentum: 0.000000
2026-01-03 00:40:32,479 ----------------------------------------------------------------------------------------------------
2026-01-03 00:40:32,479 EPOCH 55 done: loss 0.1145 - lr: 0.050000
2026-01-03 00:40:34,414 DEV : loss 0.167464479804039 - f1-score (micro avg)  0.9499
2026-01-03 00:40:34,417  - 0 epochs without improvement
2026-01-03 00:40:34,418 saving best model
2026-01-03 00:40:34,429 ----------------------------------------------------------------------------------------------------
2026-01-03 00:40:36,559 epoch 56 - iter 5/59 - loss 0.10330363 - time (sec): 2.13 - samples/sec: 1726.24 - lr: 0.050000 - momentum: 0.000000
2026-01-03 00:40:38,735 epoch 56 - iter 10/59 - loss 0.11032614 - time (sec): 4.31 - samples/sec: 1721.98 - lr: 0.050000 - momentum: 0.000000
2026-01-03 00:40:40,810 epoch 56 - iter 15/59 - loss 0.10766651 - time (sec): 6.38 - samples/sec: 1717.89 - lr: 0.050000 - momentum: 0.000000
2026-01-03 00:40:42,730 epoch 56 - iter 20/59 - loss 0.10234763 - time (sec): 8.30 - samples/sec: 1726.33 - lr: 0.050000 - momentum: 0.000000
2026-01-03 00:40:45,012 epoch 56 - iter 25/59 - loss 0.10084320 - time (sec): 10.58 - samples/sec: 1704.26 - lr: 0.050000 - momentum: 0.000000
2026-01-03 00:40:47,305 epoch 56 - iter 30/59 - loss 0.10197207 - time (sec): 12.88 - samples/sec: 1689.22 - lr: 0.050000 - momentum: 0.000000
2026-01-03 00:40:49,406 epoch 56 - iter 35/59 - loss 0.10294434 - time (sec): 14.98 - samples/sec: 1696.15 - lr: 0.050000 - momentum: 0.000000
2026-01-03 00:40:51,637 epoch 56 - iter 40/59 - loss 0.10250909 - time (sec): 17.21 - samples/sec: 1686.89 - lr: 0.050000 - momentum: 0.000000
2026-01-03 00:40:54,016 epoch 56 - iter 45/59 - loss 0.10596185 - time (sec): 19.59 - samples/sec: 1659.64 - lr: 0.050000 - momentum: 0.000000
2026-01-03 00:40:56,349 epoch 56 - iter 50/59 - loss 0.10624850 - time (sec): 21.92 - samples/sec: 1652.80 - lr: 0.050000 - momentum: 0.000000
2026-01-03 00:40:58,298 epoch 56 - iter 55/59 - loss 0.10654975 - time (sec): 23.87 - samples/sec: 1653.09 - lr: 0.050000 - momentum: 0.000000
2026-01-03 00:41:00,087 ----------------------------------------------------------------------------------------------------
2026-01-03 00:41:00,087 EPOCH 56 done: loss 0.1066 - lr: 0.050000
2026-01-03 00:41:01,915 DEV : loss 0.1692572683095932 - f1-score (micro avg)  0.948
2026-01-03 00:41:01,919  - 1 epochs without improvement
2026-01-03 00:41:01,920 ----------------------------------------------------------------------------------------------------
2026-01-03 00:41:03,892 epoch 57 - iter 5/59 - loss 0.09463847 - time (sec): 1.97 - samples/sec: 1776.84 - lr: 0.050000 - momentum: 0.000000
2026-01-03 00:41:06,131 epoch 57 - iter 10/59 - loss 0.09732918 - time (sec): 4.21 - samples/sec: 1698.30 - lr: 0.050000 - momentum: 0.000000
2026-01-03 00:41:08,766 epoch 57 - iter 15/59 - loss 0.09353637 - time (sec): 6.85 - samples/sec: 1583.96 - lr: 0.050000 - momentum: 0.000000
2026-01-03 00:41:11,557 epoch 57 - iter 20/59 - loss 0.09727161 - time (sec): 9.64 - samples/sec: 1513.49 - lr: 0.050000 - momentum: 0.000000
2026-01-03 00:41:13,979 epoch 57 - iter 25/59 - loss 0.09747194 - time (sec): 12.06 - samples/sec: 1522.48 - lr: 0.050000 - momentum: 0.000000
2026-01-03 00:41:16,438 epoch 57 - iter 30/59 - loss 0.10001066 - time (sec): 14.52 - samples/sec: 1509.29 - lr: 0.050000 - momentum: 0.000000
2026-01-03 00:41:19,077 epoch 57 - iter 35/59 - loss 0.10095602 - time (sec): 17.16 - samples/sec: 1486.81 - lr: 0.050000 - momentum: 0.000000
2026-01-03 00:41:21,212 epoch 57 - iter 40/59 - loss 0.10273883 - time (sec): 19.29 - samples/sec: 1521.13 - lr: 0.050000 - momentum: 0.000000
2026-01-03 00:41:24,155 epoch 57 - iter 45/59 - loss 0.10535643 - time (sec): 22.23 - samples/sec: 1480.10 - lr: 0.050000 - momentum: 0.000000
2026-01-03 00:41:26,070 epoch 57 - iter 50/59 - loss 0.10538860 - time (sec): 24.15 - samples/sec: 1493.40 - lr: 0.050000 - momentum: 0.000000
2026-01-03 00:41:28,642 epoch 57 - iter 55/59 - loss 0.10663029 - time (sec): 26.72 - samples/sec: 1485.55 - lr: 0.050000 - momentum: 0.000000
2026-01-03 00:41:30,677 ----------------------------------------------------------------------------------------------------
2026-01-03 00:41:30,678 EPOCH 57 done: loss 0.1071 - lr: 0.050000
2026-01-03 00:41:32,601 DEV : loss 0.1689443290233612 - f1-score (micro avg)  0.9502
2026-01-03 00:41:32,607  - 0 epochs without improvement
2026-01-03 00:41:32,608 saving best model
2026-01-03 00:41:32,628 ----------------------------------------------------------------------------------------------------
2026-01-03 00:41:34,954 epoch 58 - iter 5/59 - loss 0.12865340 - time (sec): 2.32 - samples/sec: 1555.01 - lr: 0.050000 - momentum: 0.000000
2026-01-03 00:41:37,575 epoch 58 - iter 10/59 - loss 0.10995599 - time (sec): 4.95 - samples/sec: 1539.56 - lr: 0.050000 - momentum: 0.000000
2026-01-03 00:41:39,571 epoch 58 - iter 15/59 - loss 0.10947034 - time (sec): 6.94 - samples/sec: 1614.23 - lr: 0.050000 - momentum: 0.000000
2026-01-03 00:41:41,249 epoch 58 - iter 20/59 - loss 0.11079325 - time (sec): 8.62 - samples/sec: 1697.18 - lr: 0.050000 - momentum: 0.000000
2026-01-03 00:41:43,561 epoch 58 - iter 25/59 - loss 0.11249341 - time (sec): 10.93 - samples/sec: 1675.09 - lr: 0.050000 - momentum: 0.000000
2026-01-03 00:41:45,329 epoch 58 - iter 30/59 - loss 0.11226361 - time (sec): 12.70 - samples/sec: 1718.51 - lr: 0.050000 - momentum: 0.000000
2026-01-03 00:41:47,885 epoch 58 - iter 35/59 - loss 0.11238758 - time (sec): 15.26 - samples/sec: 1674.88 - lr: 0.050000 - momentum: 0.000000
2026-01-03 00:41:49,970 epoch 58 - iter 40/59 - loss 0.11381738 - time (sec): 17.34 - samples/sec: 1668.40 - lr: 0.050000 - momentum: 0.000000
2026-01-03 00:41:52,544 epoch 58 - iter 45/59 - loss 0.11247357 - time (sec): 19.92 - samples/sec: 1636.83 - lr: 0.050000 - momentum: 0.000000
2026-01-03 00:41:55,178 epoch 58 - iter 50/59 - loss 0.11121792 - time (sec): 22.55 - samples/sec: 1605.86 - lr: 0.050000 - momentum: 0.000000
2026-01-03 00:41:57,181 epoch 58 - iter 55/59 - loss 0.10915429 - time (sec): 24.55 - samples/sec: 1620.92 - lr: 0.050000 - momentum: 0.000000
2026-01-03 00:41:58,777 ----------------------------------------------------------------------------------------------------
2026-01-03 00:41:58,778 EPOCH 58 done: loss 0.1083 - lr: 0.050000
2026-01-03 00:42:00,995 DEV : loss 0.16485968232154846 - f1-score (micro avg)  0.9506
2026-01-03 00:42:01,003  - 0 epochs without improvement
2026-01-03 00:42:01,006 saving best model
2026-01-03 00:42:01,021 ----------------------------------------------------------------------------------------------------
2026-01-03 00:42:03,054 epoch 59 - iter 5/59 - loss 0.10495064 - time (sec): 2.03 - samples/sec: 1796.68 - lr: 0.050000 - momentum: 0.000000
2026-01-03 00:42:05,444 epoch 59 - iter 10/59 - loss 0.10229035 - time (sec): 4.42 - samples/sec: 1665.76 - lr: 0.050000 - momentum: 0.000000
2026-01-03 00:42:07,524 epoch 59 - iter 15/59 - loss 0.10066655 - time (sec): 6.50 - samples/sec: 1661.76 - lr: 0.050000 - momentum: 0.000000
2026-01-03 00:42:10,017 epoch 59 - iter 20/59 - loss 0.10598087 - time (sec): 9.00 - samples/sec: 1593.96 - lr: 0.050000 - momentum: 0.000000
2026-01-03 00:42:12,135 epoch 59 - iter 25/59 - loss 0.10800515 - time (sec): 11.11 - samples/sec: 1606.24 - lr: 0.050000 - momentum: 0.000000
2026-01-03 00:42:14,584 epoch 59 - iter 30/59 - loss 0.10718788 - time (sec): 13.56 - samples/sec: 1598.65 - lr: 0.050000 - momentum: 0.000000
2026-01-03 00:42:16,734 epoch 59 - iter 35/59 - loss 0.10753572 - time (sec): 15.71 - samples/sec: 1606.76 - lr: 0.050000 - momentum: 0.000000
2026-01-03 00:42:19,134 epoch 59 - iter 40/59 - loss 0.10587269 - time (sec): 18.11 - samples/sec: 1591.04 - lr: 0.050000 - momentum: 0.000000
2026-01-03 00:42:20,783 epoch 59 - iter 45/59 - loss 0.10781589 - time (sec): 19.76 - samples/sec: 1635.32 - lr: 0.050000 - momentum: 0.000000
2026-01-03 00:42:22,670 epoch 59 - iter 50/59 - loss 0.10821232 - time (sec): 21.65 - samples/sec: 1665.37 - lr: 0.050000 - momentum: 0.000000
2026-01-03 00:42:25,038 epoch 59 - iter 55/59 - loss 0.10853271 - time (sec): 24.02 - samples/sec: 1654.33 - lr: 0.050000 - momentum: 0.000000
2026-01-03 00:42:26,629 ----------------------------------------------------------------------------------------------------
2026-01-03 00:42:26,629 EPOCH 59 done: loss 0.1088 - lr: 0.050000
2026-01-03 00:42:28,056 DEV : loss 0.16725429892539978 - f1-score (micro avg)  0.9509
2026-01-03 00:42:28,059  - 0 epochs without improvement
2026-01-03 00:42:28,059 saving best model
2026-01-03 00:42:28,073 ----------------------------------------------------------------------------------------------------
2026-01-03 00:42:30,325 epoch 60 - iter 5/59 - loss 0.09791693 - time (sec): 2.25 - samples/sec: 1533.65 - lr: 0.050000 - momentum: 0.000000
2026-01-03 00:42:32,315 epoch 60 - iter 10/59 - loss 0.10286053 - time (sec): 4.24 - samples/sec: 1664.21 - lr: 0.050000 - momentum: 0.000000
2026-01-03 00:42:35,336 epoch 60 - iter 15/59 - loss 0.10516384 - time (sec): 7.26 - samples/sec: 1467.75 - lr: 0.050000 - momentum: 0.000000
2026-01-03 00:42:37,008 epoch 60 - iter 20/59 - loss 0.10490639 - time (sec): 8.93 - samples/sec: 1583.85 - lr: 0.050000 - momentum: 0.000000
2026-01-03 00:42:39,130 epoch 60 - iter 25/59 - loss 0.10517684 - time (sec): 11.06 - samples/sec: 1606.56 - lr: 0.050000 - momentum: 0.000000
2026-01-03 00:42:41,385 epoch 60 - iter 30/59 - loss 0.10315227 - time (sec): 13.31 - samples/sec: 1621.88 - lr: 0.050000 - momentum: 0.000000
2026-01-03 00:42:44,626 epoch 60 - iter 35/59 - loss 0.10359926 - time (sec): 16.55 - samples/sec: 1523.62 - lr: 0.050000 - momentum: 0.000000
2026-01-03 00:42:46,922 epoch 60 - iter 40/59 - loss 0.10500630 - time (sec): 18.85 - samples/sec: 1534.19 - lr: 0.050000 - momentum: 0.000000
2026-01-03 00:42:49,161 epoch 60 - iter 45/59 - loss 0.10375894 - time (sec): 21.09 - samples/sec: 1541.65 - lr: 0.050000 - momentum: 0.000000
2026-01-03 00:42:51,822 epoch 60 - iter 50/59 - loss 0.10428320 - time (sec): 23.75 - samples/sec: 1522.92 - lr: 0.050000 - momentum: 0.000000
2026-01-03 00:42:53,855 epoch 60 - iter 55/59 - loss 0.10424646 - time (sec): 25.78 - samples/sec: 1543.60 - lr: 0.050000 - momentum: 0.000000
2026-01-03 00:42:55,764 ----------------------------------------------------------------------------------------------------
2026-01-03 00:42:55,765 EPOCH 60 done: loss 0.1044 - lr: 0.050000
2026-01-03 00:42:57,255 DEV : loss 0.16944769024848938 - f1-score (micro avg)  0.9524
2026-01-03 00:42:57,258  - 0 epochs without improvement
2026-01-03 00:42:57,259 saving best model
2026-01-03 00:42:57,270 ----------------------------------------------------------------------------------------------------
2026-01-03 00:42:59,226 epoch 61 - iter 5/59 - loss 0.10334959 - time (sec): 1.96 - samples/sec: 1674.68 - lr: 0.050000 - momentum: 0.000000
2026-01-03 00:43:01,711 epoch 61 - iter 10/59 - loss 0.10410627 - time (sec): 4.44 - samples/sec: 1653.23 - lr: 0.050000 - momentum: 0.000000
2026-01-03 00:43:03,638 epoch 61 - iter 15/59 - loss 0.10278748 - time (sec): 6.37 - samples/sec: 1746.35 - lr: 0.050000 - momentum: 0.000000
2026-01-03 00:43:05,519 epoch 61 - iter 20/59 - loss 0.09989338 - time (sec): 8.25 - samples/sec: 1761.27 - lr: 0.050000 - momentum: 0.000000
2026-01-03 00:43:07,896 epoch 61 - iter 25/59 - loss 0.09999123 - time (sec): 10.63 - samples/sec: 1697.78 - lr: 0.050000 - momentum: 0.000000
2026-01-03 00:43:10,179 epoch 61 - iter 30/59 - loss 0.09829716 - time (sec): 12.91 - samples/sec: 1668.34 - lr: 0.050000 - momentum: 0.000000
2026-01-03 00:43:12,320 epoch 61 - iter 35/59 - loss 0.09994130 - time (sec): 15.05 - samples/sec: 1668.37 - lr: 0.050000 - momentum: 0.000000
2026-01-03 00:43:14,293 epoch 61 - iter 40/59 - loss 0.10209493 - time (sec): 17.02 - samples/sec: 1688.12 - lr: 0.050000 - momentum: 0.000000
2026-01-03 00:43:16,256 epoch 61 - iter 45/59 - loss 0.10137912 - time (sec): 18.99 - samples/sec: 1708.41 - lr: 0.050000 - momentum: 0.000000
2026-01-03 00:43:18,452 epoch 61 - iter 50/59 - loss 0.10011514 - time (sec): 21.18 - samples/sec: 1703.05 - lr: 0.050000 - momentum: 0.000000
2026-01-03 00:43:20,789 epoch 61 - iter 55/59 - loss 0.10108839 - time (sec): 23.52 - samples/sec: 1687.82 - lr: 0.050000 - momentum: 0.000000
2026-01-03 00:43:22,665 ----------------------------------------------------------------------------------------------------
2026-01-03 00:43:22,665 EPOCH 61 done: loss 0.1009 - lr: 0.050000
2026-01-03 00:43:24,479 DEV : loss 0.16883446276187897 - f1-score (micro avg)  0.9526
2026-01-03 00:43:24,481  - 0 epochs without improvement
2026-01-03 00:43:24,483 saving best model
2026-01-03 00:43:24,496 ----------------------------------------------------------------------------------------------------
2026-01-03 00:43:27,266 epoch 62 - iter 5/59 - loss 0.09330329 - time (sec): 2.77 - samples/sec: 1365.35 - lr: 0.050000 - momentum: 0.000000
2026-01-03 00:43:29,697 epoch 62 - iter 10/59 - loss 0.09433305 - time (sec): 5.20 - samples/sec: 1454.36 - lr: 0.050000 - momentum: 0.000000
2026-01-03 00:43:31,972 epoch 62 - iter 15/59 - loss 0.09719054 - time (sec): 7.48 - samples/sec: 1478.86 - lr: 0.050000 - momentum: 0.000000
2026-01-03 00:43:34,346 epoch 62 - iter 20/59 - loss 0.09771786 - time (sec): 9.85 - samples/sec: 1491.68 - lr: 0.050000 - momentum: 0.000000
2026-01-03 00:43:36,601 epoch 62 - iter 25/59 - loss 0.09884055 - time (sec): 12.10 - samples/sec: 1511.93 - lr: 0.050000 - momentum: 0.000000
2026-01-03 00:43:38,630 epoch 62 - iter 30/59 - loss 0.09700703 - time (sec): 14.13 - samples/sec: 1552.68 - lr: 0.050000 - momentum: 0.000000
2026-01-03 00:43:41,227 epoch 62 - iter 35/59 - loss 0.09694096 - time (sec): 16.73 - samples/sec: 1514.24 - lr: 0.050000 - momentum: 0.000000
2026-01-03 00:43:43,394 epoch 62 - iter 40/59 - loss 0.09746408 - time (sec): 18.90 - samples/sec: 1541.99 - lr: 0.050000 - momentum: 0.000000
2026-01-03 00:43:45,576 epoch 62 - iter 45/59 - loss 0.09831131 - time (sec): 21.08 - samples/sec: 1547.92 - lr: 0.050000 - momentum: 0.000000
2026-01-03 00:43:48,084 epoch 62 - iter 50/59 - loss 0.09918313 - time (sec): 23.59 - samples/sec: 1549.32 - lr: 0.050000 - momentum: 0.000000
2026-01-03 00:43:49,879 epoch 62 - iter 55/59 - loss 0.10050111 - time (sec): 25.38 - samples/sec: 1579.37 - lr: 0.050000 - momentum: 0.000000
2026-01-03 00:43:51,232 ----------------------------------------------------------------------------------------------------
2026-01-03 00:43:51,233 EPOCH 62 done: loss 0.1013 - lr: 0.050000
2026-01-03 00:43:52,662 DEV : loss 0.16431014239788055 - f1-score (micro avg)  0.9529
2026-01-03 00:43:52,665  - 0 epochs without improvement
2026-01-03 00:43:52,665 saving best model
2026-01-03 00:43:52,675 ----------------------------------------------------------------------------------------------------
2026-01-03 00:43:54,363 epoch 63 - iter 5/59 - loss 0.10626136 - time (sec): 1.69 - samples/sec: 2038.58 - lr: 0.050000 - momentum: 0.000000
2026-01-03 00:43:56,600 epoch 63 - iter 10/59 - loss 0.10105955 - time (sec): 3.92 - samples/sec: 1789.83 - lr: 0.050000 - momentum: 0.000000
2026-01-03 00:43:58,300 epoch 63 - iter 15/59 - loss 0.10310375 - time (sec): 5.62 - samples/sec: 1841.84 - lr: 0.050000 - momentum: 0.000000
2026-01-03 00:44:00,796 epoch 63 - iter 20/59 - loss 0.09927173 - time (sec): 8.12 - samples/sec: 1765.85 - lr: 0.050000 - momentum: 0.000000
2026-01-03 00:44:02,552 epoch 63 - iter 25/59 - loss 0.10019315 - time (sec): 9.88 - samples/sec: 1808.89 - lr: 0.050000 - momentum: 0.000000
2026-01-03 00:44:03,942 epoch 63 - iter 30/59 - loss 0.09965210 - time (sec): 11.27 - samples/sec: 1896.96 - lr: 0.050000 - momentum: 0.000000
2026-01-03 00:44:06,135 epoch 63 - iter 35/59 - loss 0.09957404 - time (sec): 13.46 - samples/sec: 1852.33 - lr: 0.050000 - momentum: 0.000000
2026-01-03 00:44:08,078 epoch 63 - iter 40/59 - loss 0.09829844 - time (sec): 15.40 - samples/sec: 1867.71 - lr: 0.050000 - momentum: 0.000000
2026-01-03 00:44:09,882 epoch 63 - iter 45/59 - loss 0.09870024 - time (sec): 17.21 - samples/sec: 1878.79 - lr: 0.050000 - momentum: 0.000000
2026-01-03 00:44:12,030 epoch 63 - iter 50/59 - loss 0.09919224 - time (sec): 19.35 - samples/sec: 1859.76 - lr: 0.050000 - momentum: 0.000000
2026-01-03 00:44:13,985 epoch 63 - iter 55/59 - loss 0.09962367 - time (sec): 21.31 - samples/sec: 1875.89 - lr: 0.050000 - momentum: 0.000000
2026-01-03 00:44:15,228 ----------------------------------------------------------------------------------------------------
2026-01-03 00:44:15,228 EPOCH 63 done: loss 0.1003 - lr: 0.050000
2026-01-03 00:44:16,804 DEV : loss 0.16634365916252136 - f1-score (micro avg)  0.9524
2026-01-03 00:44:16,806  - 1 epochs without improvement
2026-01-03 00:44:16,807 ----------------------------------------------------------------------------------------------------
2026-01-03 00:44:18,665 epoch 64 - iter 5/59 - loss 0.09404854 - time (sec): 1.86 - samples/sec: 1981.11 - lr: 0.050000 - momentum: 0.000000
2026-01-03 00:44:20,452 epoch 64 - iter 10/59 - loss 0.09609324 - time (sec): 3.64 - samples/sec: 1995.19 - lr: 0.050000 - momentum: 0.000000
2026-01-03 00:44:22,263 epoch 64 - iter 15/59 - loss 0.09799928 - time (sec): 5.46 - samples/sec: 1982.99 - lr: 0.050000 - momentum: 0.000000
2026-01-03 00:44:24,106 epoch 64 - iter 20/59 - loss 0.09914239 - time (sec): 7.30 - samples/sec: 1975.71 - lr: 0.050000 - momentum: 0.000000
2026-01-03 00:44:25,774 epoch 64 - iter 25/59 - loss 0.09989561 - time (sec): 8.97 - samples/sec: 2011.61 - lr: 0.050000 - momentum: 0.000000
2026-01-03 00:44:27,320 epoch 64 - iter 30/59 - loss 0.09825048 - time (sec): 10.51 - samples/sec: 2054.14 - lr: 0.050000 - momentum: 0.000000
2026-01-03 00:44:29,214 epoch 64 - iter 35/59 - loss 0.09816921 - time (sec): 12.41 - samples/sec: 2046.15 - lr: 0.050000 - momentum: 0.000000
2026-01-03 00:44:31,311 epoch 64 - iter 40/59 - loss 0.09838816 - time (sec): 14.50 - samples/sec: 1988.94 - lr: 0.050000 - momentum: 0.000000
2026-01-03 00:44:33,133 epoch 64 - iter 45/59 - loss 0.09639767 - time (sec): 16.33 - samples/sec: 1999.84 - lr: 0.050000 - momentum: 0.000000
2026-01-03 00:44:34,896 epoch 64 - iter 50/59 - loss 0.09631765 - time (sec): 18.09 - samples/sec: 2010.79 - lr: 0.050000 - momentum: 0.000000
2026-01-03 00:44:37,062 epoch 64 - iter 55/59 - loss 0.09752354 - time (sec): 20.26 - samples/sec: 1970.89 - lr: 0.050000 - momentum: 0.000000
2026-01-03 00:44:38,547 ----------------------------------------------------------------------------------------------------
2026-01-03 00:44:38,547 EPOCH 64 done: loss 0.0979 - lr: 0.050000
2026-01-03 00:44:39,871 DEV : loss 0.1700015515089035 - f1-score (micro avg)  0.9522
2026-01-03 00:44:39,874  - 2 epochs without improvement
2026-01-03 00:44:39,874 ----------------------------------------------------------------------------------------------------
2026-01-03 00:44:41,876 epoch 65 - iter 5/59 - loss 0.09098237 - time (sec): 2.00 - samples/sec: 1845.67 - lr: 0.050000 - momentum: 0.000000
2026-01-03 00:44:43,538 epoch 65 - iter 10/59 - loss 0.10088401 - time (sec): 3.66 - samples/sec: 1990.99 - lr: 0.050000 - momentum: 0.000000
2026-01-03 00:44:45,827 epoch 65 - iter 15/59 - loss 0.10259969 - time (sec): 5.95 - samples/sec: 1829.36 - lr: 0.050000 - momentum: 0.000000
2026-01-03 00:44:47,746 epoch 65 - iter 20/59 - loss 0.09934308 - time (sec): 7.87 - samples/sec: 1857.52 - lr: 0.050000 - momentum: 0.000000
2026-01-03 00:44:49,340 epoch 65 - iter 25/59 - loss 0.10218550 - time (sec): 9.46 - samples/sec: 1892.14 - lr: 0.050000 - momentum: 0.000000
2026-01-03 00:44:51,259 epoch 65 - iter 30/59 - loss 0.10284909 - time (sec): 11.38 - samples/sec: 1905.87 - lr: 0.050000 - momentum: 0.000000
2026-01-03 00:44:53,033 epoch 65 - iter 35/59 - loss 0.10247402 - time (sec): 13.16 - samples/sec: 1915.96 - lr: 0.050000 - momentum: 0.000000
2026-01-03 00:44:54,914 epoch 65 - iter 40/59 - loss 0.10470707 - time (sec): 15.04 - samples/sec: 1905.06 - lr: 0.050000 - momentum: 0.000000
2026-01-03 00:44:57,120 epoch 65 - iter 45/59 - loss 0.10344476 - time (sec): 17.25 - samples/sec: 1883.21 - lr: 0.050000 - momentum: 0.000000
2026-01-03 00:44:58,752 epoch 65 - iter 50/59 - loss 0.10130154 - time (sec): 18.88 - samples/sec: 1916.71 - lr: 0.050000 - momentum: 0.000000
2026-01-03 00:45:00,338 epoch 65 - iter 55/59 - loss 0.10233861 - time (sec): 20.46 - samples/sec: 1950.71 - lr: 0.050000 - momentum: 0.000000
2026-01-03 00:45:01,432 ----------------------------------------------------------------------------------------------------
2026-01-03 00:45:01,432 EPOCH 65 done: loss 0.1014 - lr: 0.050000
2026-01-03 00:45:02,733 DEV : loss 0.1671694964170456 - f1-score (micro avg)  0.9536
2026-01-03 00:45:02,737  - 0 epochs without improvement
2026-01-03 00:45:02,740 saving best model
2026-01-03 00:45:02,778 ----------------------------------------------------------------------------------------------------
2026-01-03 00:45:04,785 epoch 66 - iter 5/59 - loss 0.08607762 - time (sec): 2.01 - samples/sec: 1830.97 - lr: 0.050000 - momentum: 0.000000
2026-01-03 00:45:06,703 epoch 66 - iter 10/59 - loss 0.08751884 - time (sec): 3.92 - samples/sec: 1904.41 - lr: 0.050000 - momentum: 0.000000
2026-01-03 00:45:08,648 epoch 66 - iter 15/59 - loss 0.08921600 - time (sec): 5.87 - samples/sec: 1936.20 - lr: 0.050000 - momentum: 0.000000
2026-01-03 00:45:10,458 epoch 66 - iter 20/59 - loss 0.08824874 - time (sec): 7.68 - samples/sec: 1932.50 - lr: 0.050000 - momentum: 0.000000
2026-01-03 00:45:12,262 epoch 66 - iter 25/59 - loss 0.08985198 - time (sec): 9.48 - samples/sec: 1927.24 - lr: 0.050000 - momentum: 0.000000
2026-01-03 00:45:13,936 epoch 66 - iter 30/59 - loss 0.08946483 - time (sec): 11.16 - samples/sec: 1961.57 - lr: 0.050000 - momentum: 0.000000
2026-01-03 00:45:15,849 epoch 66 - iter 35/59 - loss 0.09028526 - time (sec): 13.07 - samples/sec: 1936.22 - lr: 0.050000 - momentum: 0.000000
2026-01-03 00:45:17,697 epoch 66 - iter 40/59 - loss 0.09247270 - time (sec): 14.92 - samples/sec: 1945.98 - lr: 0.050000 - momentum: 0.000000
2026-01-03 00:45:19,365 epoch 66 - iter 45/59 - loss 0.09410481 - time (sec): 16.59 - samples/sec: 1959.45 - lr: 0.050000 - momentum: 0.000000
2026-01-03 00:45:21,396 epoch 66 - iter 50/59 - loss 0.09378292 - time (sec): 18.62 - samples/sec: 1948.61 - lr: 0.050000 - momentum: 0.000000
2026-01-03 00:45:23,279 epoch 66 - iter 55/59 - loss 0.09371906 - time (sec): 20.50 - samples/sec: 1944.33 - lr: 0.050000 - momentum: 0.000000
2026-01-03 00:45:24,616 ----------------------------------------------------------------------------------------------------
2026-01-03 00:45:24,616 EPOCH 66 done: loss 0.0939 - lr: 0.050000
2026-01-03 00:45:26,148 DEV : loss 0.16830837726593018 - f1-score (micro avg)  0.9516
2026-01-03 00:45:26,152  - 1 epochs without improvement
2026-01-03 00:45:26,153 ----------------------------------------------------------------------------------------------------
2026-01-03 00:45:28,101 epoch 67 - iter 5/59 - loss 0.09595303 - time (sec): 1.95 - samples/sec: 1825.55 - lr: 0.050000 - momentum: 0.000000
2026-01-03 00:45:30,095 epoch 67 - iter 10/59 - loss 0.09250605 - time (sec): 3.94 - samples/sec: 1862.23 - lr: 0.050000 - momentum: 0.000000
2026-01-03 00:45:31,958 epoch 67 - iter 15/59 - loss 0.09161386 - time (sec): 5.80 - samples/sec: 1898.30 - lr: 0.050000 - momentum: 0.000000
2026-01-03 00:45:33,659 epoch 67 - iter 20/59 - loss 0.08969241 - time (sec): 7.51 - samples/sec: 1941.78 - lr: 0.050000 - momentum: 0.000000
2026-01-03 00:45:35,371 epoch 67 - iter 25/59 - loss 0.09089467 - time (sec): 9.22 - samples/sec: 1951.45 - lr: 0.050000 - momentum: 0.000000
2026-01-03 00:45:37,327 epoch 67 - iter 30/59 - loss 0.09259218 - time (sec): 11.17 - samples/sec: 1923.10 - lr: 0.050000 - momentum: 0.000000
2026-01-03 00:45:39,524 epoch 67 - iter 35/59 - loss 0.09365775 - time (sec): 13.37 - samples/sec: 1896.65 - lr: 0.050000 - momentum: 0.000000
2026-01-03 00:45:41,596 epoch 67 - iter 40/59 - loss 0.09222973 - time (sec): 15.44 - samples/sec: 1881.48 - lr: 0.050000 - momentum: 0.000000
2026-01-03 00:45:43,390 epoch 67 - iter 45/59 - loss 0.09221678 - time (sec): 17.24 - samples/sec: 1888.47 - lr: 0.050000 - momentum: 0.000000
2026-01-03 00:45:45,415 epoch 67 - iter 50/59 - loss 0.09296453 - time (sec): 19.26 - samples/sec: 1875.11 - lr: 0.050000 - momentum: 0.000000
2026-01-03 00:45:47,446 epoch 67 - iter 55/59 - loss 0.09433801 - time (sec): 21.29 - samples/sec: 1876.00 - lr: 0.050000 - momentum: 0.000000
2026-01-03 00:45:48,687 ----------------------------------------------------------------------------------------------------
2026-01-03 00:45:48,688 EPOCH 67 done: loss 0.0943 - lr: 0.050000
2026-01-03 00:45:50,008 DEV : loss 0.16896364092826843 - f1-score (micro avg)  0.9529
2026-01-03 00:45:50,011  - 2 epochs without improvement
2026-01-03 00:45:50,012 ----------------------------------------------------------------------------------------------------
2026-01-03 00:45:51,805 epoch 68 - iter 5/59 - loss 0.08496403 - time (sec): 1.79 - samples/sec: 1940.88 - lr: 0.050000 - momentum: 0.000000
2026-01-03 00:45:53,846 epoch 68 - iter 10/59 - loss 0.08238234 - time (sec): 3.83 - samples/sec: 1856.60 - lr: 0.050000 - momentum: 0.000000
2026-01-03 00:45:55,567 epoch 68 - iter 15/59 - loss 0.08472348 - time (sec): 5.55 - samples/sec: 1900.56 - lr: 0.050000 - momentum: 0.000000
2026-01-03 00:45:57,767 epoch 68 - iter 20/59 - loss 0.08680434 - time (sec): 7.75 - samples/sec: 1826.12 - lr: 0.050000 - momentum: 0.000000
2026-01-03 00:45:59,741 epoch 68 - iter 25/59 - loss 0.09048244 - time (sec): 9.73 - samples/sec: 1828.02 - lr: 0.050000 - momentum: 0.000000
2026-01-03 00:46:02,062 epoch 68 - iter 30/59 - loss 0.08983078 - time (sec): 12.05 - samples/sec: 1794.01 - lr: 0.050000 - momentum: 0.000000
2026-01-03 00:46:03,727 epoch 68 - iter 35/59 - loss 0.09316476 - time (sec): 13.71 - samples/sec: 1829.13 - lr: 0.050000 - momentum: 0.000000
2026-01-03 00:46:05,367 epoch 68 - iter 40/59 - loss 0.09280662 - time (sec): 15.35 - samples/sec: 1870.55 - lr: 0.050000 - momentum: 0.000000
2026-01-03 00:46:07,016 epoch 68 - iter 45/59 - loss 0.09361496 - time (sec): 17.00 - samples/sec: 1892.97 - lr: 0.050000 - momentum: 0.000000
2026-01-03 00:46:09,117 epoch 68 - iter 50/59 - loss 0.09448478 - time (sec): 19.10 - samples/sec: 1881.63 - lr: 0.050000 - momentum: 0.000000
2026-01-03 00:46:10,963 epoch 68 - iter 55/59 - loss 0.09572918 - time (sec): 20.95 - samples/sec: 1901.78 - lr: 0.050000 - momentum: 0.000000
2026-01-03 00:46:12,221 ----------------------------------------------------------------------------------------------------
2026-01-03 00:46:12,221 EPOCH 68 done: loss 0.0963 - lr: 0.050000
2026-01-03 00:46:13,518 DEV : loss 0.16722986102104187 - f1-score (micro avg)  0.9533
2026-01-03 00:46:13,522  - 3 epochs without improvement
2026-01-03 00:46:13,523 ----------------------------------------------------------------------------------------------------
2026-01-03 00:46:15,517 epoch 69 - iter 5/59 - loss 0.08515419 - time (sec): 1.99 - samples/sec: 1855.93 - lr: 0.050000 - momentum: 0.000000
2026-01-03 00:46:17,338 epoch 69 - iter 10/59 - loss 0.08776618 - time (sec): 3.81 - samples/sec: 1971.29 - lr: 0.050000 - momentum: 0.000000
2026-01-03 00:46:19,147 epoch 69 - iter 15/59 - loss 0.09103785 - time (sec): 5.62 - samples/sec: 1966.45 - lr: 0.050000 - momentum: 0.000000
2026-01-03 00:46:21,171 epoch 69 - iter 20/59 - loss 0.08967747 - time (sec): 7.65 - samples/sec: 1898.53 - lr: 0.050000 - momentum: 0.000000
2026-01-03 00:46:23,359 epoch 69 - iter 25/59 - loss 0.09160570 - time (sec): 9.83 - samples/sec: 1874.59 - lr: 0.050000 - momentum: 0.000000
2026-01-03 00:46:25,218 epoch 69 - iter 30/59 - loss 0.09072313 - time (sec): 11.69 - samples/sec: 1881.06 - lr: 0.050000 - momentum: 0.000000
2026-01-03 00:46:27,153 epoch 69 - iter 35/59 - loss 0.09046432 - time (sec): 13.63 - samples/sec: 1873.02 - lr: 0.050000 - momentum: 0.000000
2026-01-03 00:46:28,892 epoch 69 - iter 40/59 - loss 0.09031218 - time (sec): 15.37 - samples/sec: 1889.94 - lr: 0.050000 - momentum: 0.000000
2026-01-03 00:46:30,875 epoch 69 - iter 45/59 - loss 0.09213518 - time (sec): 17.35 - samples/sec: 1876.20 - lr: 0.050000 - momentum: 0.000000
2026-01-03 00:46:32,777 epoch 69 - iter 50/59 - loss 0.09293521 - time (sec): 19.25 - samples/sec: 1883.77 - lr: 0.050000 - momentum: 0.000000
2026-01-03 00:46:34,735 epoch 69 - iter 55/59 - loss 0.09322942 - time (sec): 21.21 - samples/sec: 1889.19 - lr: 0.050000 - momentum: 0.000000
2026-01-03 00:46:35,948 ----------------------------------------------------------------------------------------------------
2026-01-03 00:46:35,948 EPOCH 69 done: loss 0.0940 - lr: 0.050000
2026-01-03 00:46:37,475 DEV : loss 0.17044958472251892 - f1-score (micro avg)  0.9522
2026-01-03 00:46:37,478  - 4 epochs without improvement (above 'patience')-> annealing learning_rate to [0.025]
2026-01-03 00:46:37,479 ----------------------------------------------------------------------------------------------------
2026-01-03 00:46:39,196 epoch 70 - iter 5/59 - loss 0.09957129 - time (sec): 1.72 - samples/sec: 1985.81 - lr: 0.025000 - momentum: 0.000000
2026-01-03 00:46:41,355 epoch 70 - iter 10/59 - loss 0.09488573 - time (sec): 3.88 - samples/sec: 1915.31 - lr: 0.025000 - momentum: 0.000000
2026-01-03 00:46:43,563 epoch 70 - iter 15/59 - loss 0.09706444 - time (sec): 6.08 - samples/sec: 1853.81 - lr: 0.025000 - momentum: 0.000000
2026-01-03 00:46:45,571 epoch 70 - iter 20/59 - loss 0.09498798 - time (sec): 8.09 - samples/sec: 1842.53 - lr: 0.025000 - momentum: 0.000000
2026-01-03 00:46:47,577 epoch 70 - iter 25/59 - loss 0.09219776 - time (sec): 10.10 - samples/sec: 1826.98 - lr: 0.025000 - momentum: 0.000000
2026-01-03 00:46:49,408 epoch 70 - iter 30/59 - loss 0.09313943 - time (sec): 11.93 - samples/sec: 1842.33 - lr: 0.025000 - momentum: 0.000000
2026-01-03 00:46:51,686 epoch 70 - iter 35/59 - loss 0.09166816 - time (sec): 14.21 - samples/sec: 1803.91 - lr: 0.025000 - momentum: 0.000000
2026-01-03 00:46:53,505 epoch 70 - iter 40/59 - loss 0.09210525 - time (sec): 16.03 - samples/sec: 1802.82 - lr: 0.025000 - momentum: 0.000000
2026-01-03 00:46:57,471 epoch 70 - iter 45/59 - loss 0.09174114 - time (sec): 19.99 - samples/sec: 1628.52 - lr: 0.025000 - momentum: 0.000000
2026-01-03 00:46:59,849 epoch 70 - iter 50/59 - loss 0.09174907 - time (sec): 22.37 - samples/sec: 1619.97 - lr: 0.025000 - momentum: 0.000000
2026-01-03 00:47:01,600 epoch 70 - iter 55/59 - loss 0.09141024 - time (sec): 24.12 - samples/sec: 1651.66 - lr: 0.025000 - momentum: 0.000000
2026-01-03 00:47:02,763 ----------------------------------------------------------------------------------------------------
2026-01-03 00:47:02,763 EPOCH 70 done: loss 0.0903 - lr: 0.025000
2026-01-03 00:47:04,165 DEV : loss 0.16916824877262115 - f1-score (micro avg)  0.9522
2026-01-03 00:47:04,168  - 1 epochs without improvement
2026-01-03 00:47:04,170 ----------------------------------------------------------------------------------------------------
2026-01-03 00:47:05,813 epoch 71 - iter 5/59 - loss 0.08975100 - time (sec): 1.64 - samples/sec: 2096.66 - lr: 0.025000 - momentum: 0.000000
2026-01-03 00:47:07,746 epoch 71 - iter 10/59 - loss 0.08505171 - time (sec): 3.58 - samples/sec: 1907.97 - lr: 0.025000 - momentum: 0.000000
2026-01-03 00:47:09,609 epoch 71 - iter 15/59 - loss 0.08113262 - time (sec): 5.44 - samples/sec: 1967.73 - lr: 0.025000 - momentum: 0.000000
2026-01-03 00:47:11,554 epoch 71 - iter 20/59 - loss 0.08576026 - time (sec): 7.38 - samples/sec: 1984.98 - lr: 0.025000 - momentum: 0.000000
2026-01-03 00:47:13,213 epoch 71 - iter 25/59 - loss 0.08617700 - time (sec): 9.04 - samples/sec: 1988.18 - lr: 0.025000 - momentum: 0.000000
2026-01-03 00:47:15,478 epoch 71 - iter 30/59 - loss 0.08795491 - time (sec): 11.31 - samples/sec: 1931.91 - lr: 0.025000 - momentum: 0.000000
2026-01-03 00:47:17,494 epoch 71 - iter 35/59 - loss 0.08872266 - time (sec): 13.32 - samples/sec: 1923.15 - lr: 0.025000 - momentum: 0.000000
2026-01-03 00:47:19,319 epoch 71 - iter 40/59 - loss 0.08714970 - time (sec): 15.15 - samples/sec: 1917.87 - lr: 0.025000 - momentum: 0.000000
2026-01-03 00:47:21,253 epoch 71 - iter 45/59 - loss 0.08640985 - time (sec): 17.08 - samples/sec: 1923.81 - lr: 0.025000 - momentum: 0.000000
2026-01-03 00:47:23,365 epoch 71 - iter 50/59 - loss 0.08739056 - time (sec): 19.19 - samples/sec: 1902.45 - lr: 0.025000 - momentum: 0.000000
2026-01-03 00:47:25,064 epoch 71 - iter 55/59 - loss 0.08724084 - time (sec): 20.89 - samples/sec: 1905.02 - lr: 0.025000 - momentum: 0.000000
2026-01-03 00:47:26,466 ----------------------------------------------------------------------------------------------------
2026-01-03 00:47:26,466 EPOCH 71 done: loss 0.0875 - lr: 0.025000
2026-01-03 00:47:28,076 DEV : loss 0.16831070184707642 - f1-score (micro avg)  0.9536
2026-01-03 00:47:28,079  - 2 epochs without improvement
2026-01-03 00:47:28,080 ----------------------------------------------------------------------------------------------------
2026-01-03 00:47:30,207 epoch 72 - iter 5/59 - loss 0.08627293 - time (sec): 2.13 - samples/sec: 1792.08 - lr: 0.025000 - momentum: 0.000000
2026-01-03 00:47:32,090 epoch 72 - iter 10/59 - loss 0.09192903 - time (sec): 4.01 - samples/sec: 1829.92 - lr: 0.025000 - momentum: 0.000000
2026-01-03 00:47:34,206 epoch 72 - iter 15/59 - loss 0.08722303 - time (sec): 6.13 - samples/sec: 1830.13 - lr: 0.025000 - momentum: 0.000000
2026-01-03 00:47:35,796 epoch 72 - iter 20/59 - loss 0.08855434 - time (sec): 7.72 - samples/sec: 1877.65 - lr: 0.025000 - momentum: 0.000000
2026-01-03 00:47:37,807 epoch 72 - iter 25/59 - loss 0.08864975 - time (sec): 9.73 - samples/sec: 1852.87 - lr: 0.025000 - momentum: 0.000000
2026-01-03 00:47:39,927 epoch 72 - iter 30/59 - loss 0.09051831 - time (sec): 11.85 - samples/sec: 1829.67 - lr: 0.025000 - momentum: 0.000000
2026-01-03 00:47:41,819 epoch 72 - iter 35/59 - loss 0.09353551 - time (sec): 13.74 - samples/sec: 1853.20 - lr: 0.025000 - momentum: 0.000000
2026-01-03 00:47:43,923 epoch 72 - iter 40/59 - loss 0.09116122 - time (sec): 15.84 - samples/sec: 1843.29 - lr: 0.025000 - momentum: 0.000000
2026-01-03 00:47:46,431 epoch 72 - iter 45/59 - loss 0.09117169 - time (sec): 18.35 - samples/sec: 1786.68 - lr: 0.025000 - momentum: 0.000000
2026-01-03 00:47:48,158 epoch 72 - iter 50/59 - loss 0.09150476 - time (sec): 20.08 - samples/sec: 1805.94 - lr: 0.025000 - momentum: 0.000000
2026-01-03 00:47:49,852 epoch 72 - iter 55/59 - loss 0.09211021 - time (sec): 21.77 - samples/sec: 1825.64 - lr: 0.025000 - momentum: 0.000000
2026-01-03 00:47:51,362 ----------------------------------------------------------------------------------------------------
2026-01-03 00:47:51,362 EPOCH 72 done: loss 0.0924 - lr: 0.025000
2026-01-03 00:47:53,341 DEV : loss 0.1694972813129425 - f1-score (micro avg)  0.9549
2026-01-03 00:47:53,345  - 0 epochs without improvement
2026-01-03 00:47:53,346 saving best model
2026-01-03 00:47:53,358 ----------------------------------------------------------------------------------------------------
2026-01-03 00:47:55,606 epoch 73 - iter 5/59 - loss 0.08767468 - time (sec): 2.25 - samples/sec: 1756.17 - lr: 0.025000 - momentum: 0.000000
2026-01-03 00:47:57,657 epoch 73 - iter 10/59 - loss 0.08536625 - time (sec): 4.30 - samples/sec: 1809.72 - lr: 0.025000 - momentum: 0.000000
2026-01-03 00:47:59,699 epoch 73 - iter 15/59 - loss 0.08744339 - time (sec): 6.34 - samples/sec: 1782.44 - lr: 0.025000 - momentum: 0.000000
2026-01-03 00:48:01,634 epoch 73 - iter 20/59 - loss 0.08827736 - time (sec): 8.28 - samples/sec: 1826.71 - lr: 0.025000 - momentum: 0.000000
2026-01-03 00:48:03,501 epoch 73 - iter 25/59 - loss 0.08679323 - time (sec): 10.14 - samples/sec: 1859.70 - lr: 0.025000 - momentum: 0.000000
2026-01-03 00:48:05,466 epoch 73 - iter 30/59 - loss 0.08713898 - time (sec): 12.11 - samples/sec: 1850.68 - lr: 0.025000 - momentum: 0.000000
2026-01-03 00:48:07,512 epoch 73 - iter 35/59 - loss 0.08740283 - time (sec): 14.15 - samples/sec: 1840.08 - lr: 0.025000 - momentum: 0.000000
2026-01-03 00:48:09,490 epoch 73 - iter 40/59 - loss 0.08692711 - time (sec): 16.13 - samples/sec: 1842.44 - lr: 0.025000 - momentum: 0.000000
2026-01-03 00:48:11,293 epoch 73 - iter 45/59 - loss 0.08782943 - time (sec): 17.93 - samples/sec: 1853.55 - lr: 0.025000 - momentum: 0.000000
2026-01-03 00:48:12,927 epoch 73 - iter 50/59 - loss 0.08814935 - time (sec): 19.57 - samples/sec: 1875.26 - lr: 0.025000 - momentum: 0.000000
2026-01-03 00:48:14,622 epoch 73 - iter 55/59 - loss 0.08876930 - time (sec): 21.26 - samples/sec: 1880.07 - lr: 0.025000 - momentum: 0.000000
2026-01-03 00:48:15,878 ----------------------------------------------------------------------------------------------------
2026-01-03 00:48:15,878 EPOCH 73 done: loss 0.0896 - lr: 0.025000
2026-01-03 00:48:17,253 DEV : loss 0.16766999661922455 - f1-score (micro avg)  0.9536
2026-01-03 00:48:17,257  - 1 epochs without improvement
2026-01-03 00:48:17,257 ----------------------------------------------------------------------------------------------------
2026-01-03 00:48:18,868 epoch 74 - iter 5/59 - loss 0.08935333 - time (sec): 1.61 - samples/sec: 2265.09 - lr: 0.025000 - momentum: 0.000000
2026-01-03 00:48:21,091 epoch 74 - iter 10/59 - loss 0.08608233 - time (sec): 3.83 - samples/sec: 2005.36 - lr: 0.025000 - momentum: 0.000000
2026-01-03 00:48:23,023 epoch 74 - iter 15/59 - loss 0.08798616 - time (sec): 5.77 - samples/sec: 2006.71 - lr: 0.025000 - momentum: 0.000000
2026-01-03 00:48:24,750 epoch 74 - iter 20/59 - loss 0.08897277 - time (sec): 7.49 - samples/sec: 1987.44 - lr: 0.025000 - momentum: 0.000000
2026-01-03 00:48:26,638 epoch 74 - iter 25/59 - loss 0.08917204 - time (sec): 9.38 - samples/sec: 1949.24 - lr: 0.025000 - momentum: 0.000000
2026-01-03 00:48:28,449 epoch 74 - iter 30/59 - loss 0.08794120 - time (sec): 11.19 - samples/sec: 1961.77 - lr: 0.025000 - momentum: 0.000000
2026-01-03 00:48:30,064 epoch 74 - iter 35/59 - loss 0.09016537 - time (sec): 12.81 - samples/sec: 1979.45 - lr: 0.025000 - momentum: 0.000000
2026-01-03 00:48:31,730 epoch 74 - iter 40/59 - loss 0.09137304 - time (sec): 14.47 - samples/sec: 1993.58 - lr: 0.025000 - momentum: 0.000000
2026-01-03 00:48:33,920 epoch 74 - iter 45/59 - loss 0.09148889 - time (sec): 16.66 - samples/sec: 1945.40 - lr: 0.025000 - momentum: 0.000000
2026-01-03 00:48:35,629 epoch 74 - iter 50/59 - loss 0.09079436 - time (sec): 18.37 - samples/sec: 1962.32 - lr: 0.025000 - momentum: 0.000000
2026-01-03 00:48:37,602 epoch 74 - iter 55/59 - loss 0.09151633 - time (sec): 20.34 - samples/sec: 1955.98 - lr: 0.025000 - momentum: 0.000000
2026-01-03 00:48:39,002 ----------------------------------------------------------------------------------------------------
2026-01-03 00:48:39,002 EPOCH 74 done: loss 0.0923 - lr: 0.025000
2026-01-03 00:48:40,806 DEV : loss 0.17037001252174377 - f1-score (micro avg)  0.9536
2026-01-03 00:48:40,808  - 2 epochs without improvement
2026-01-03 00:48:40,810 ----------------------------------------------------------------------------------------------------
2026-01-03 00:48:42,640 epoch 75 - iter 5/59 - loss 0.08499754 - time (sec): 1.83 - samples/sec: 2128.35 - lr: 0.025000 - momentum: 0.000000
2026-01-03 00:48:44,511 epoch 75 - iter 10/59 - loss 0.08454643 - time (sec): 3.70 - samples/sec: 2033.55 - lr: 0.025000 - momentum: 0.000000
2026-01-03 00:48:47,191 epoch 75 - iter 15/59 - loss 0.08469329 - time (sec): 6.38 - samples/sec: 1745.21 - lr: 0.025000 - momentum: 0.000000
2026-01-03 00:48:49,006 epoch 75 - iter 20/59 - loss 0.08626302 - time (sec): 8.20 - samples/sec: 1777.10 - lr: 0.025000 - momentum: 0.000000
2026-01-03 00:48:50,991 epoch 75 - iter 25/59 - loss 0.08644899 - time (sec): 10.18 - samples/sec: 1779.31 - lr: 0.025000 - momentum: 0.000000
2026-01-03 00:48:52,605 epoch 75 - iter 30/59 - loss 0.08425809 - time (sec): 11.79 - samples/sec: 1837.93 - lr: 0.025000 - momentum: 0.000000
2026-01-03 00:48:54,236 epoch 75 - iter 35/59 - loss 0.08547880 - time (sec): 13.43 - samples/sec: 1875.89 - lr: 0.025000 - momentum: 0.000000
2026-01-03 00:48:56,177 epoch 75 - iter 40/59 - loss 0.08814173 - time (sec): 15.37 - samples/sec: 1879.10 - lr: 0.025000 - momentum: 0.000000
2026-01-03 00:48:58,458 epoch 75 - iter 45/59 - loss 0.08706737 - time (sec): 17.65 - samples/sec: 1829.73 - lr: 0.025000 - momentum: 0.000000
2026-01-03 00:49:00,240 epoch 75 - iter 50/59 - loss 0.08771650 - time (sec): 19.43 - samples/sec: 1844.50 - lr: 0.025000 - momentum: 0.000000
2026-01-03 00:49:02,704 epoch 75 - iter 55/59 - loss 0.08719761 - time (sec): 21.89 - samples/sec: 1807.44 - lr: 0.025000 - momentum: 0.000000
2026-01-03 00:49:04,274 ----------------------------------------------------------------------------------------------------
2026-01-03 00:49:04,274 EPOCH 75 done: loss 0.0874 - lr: 0.025000
2026-01-03 00:49:05,713 DEV : loss 0.16909541189670563 - f1-score (micro avg)  0.9541
2026-01-03 00:49:05,716  - 3 epochs without improvement
2026-01-03 00:49:05,717 ----------------------------------------------------------------------------------------------------
2026-01-03 00:49:07,285 epoch 76 - iter 5/59 - loss 0.09162946 - time (sec): 1.57 - samples/sec: 2166.55 - lr: 0.025000 - momentum: 0.000000
2026-01-03 00:49:09,032 epoch 76 - iter 10/59 - loss 0.08827610 - time (sec): 3.31 - samples/sec: 2129.52 - lr: 0.025000 - momentum: 0.000000
2026-01-03 00:49:10,905 epoch 76 - iter 15/59 - loss 0.08439777 - time (sec): 5.19 - samples/sec: 2063.78 - lr: 0.025000 - momentum: 0.000000
2026-01-03 00:49:12,585 epoch 76 - iter 20/59 - loss 0.08244259 - time (sec): 6.87 - samples/sec: 2084.67 - lr: 0.025000 - momentum: 0.000000
2026-01-03 00:49:14,570 epoch 76 - iter 25/59 - loss 0.08249388 - time (sec): 8.85 - samples/sec: 2040.66 - lr: 0.025000 - momentum: 0.000000
2026-01-03 00:49:16,214 epoch 76 - iter 30/59 - loss 0.08265740 - time (sec): 10.50 - samples/sec: 2014.73 - lr: 0.025000 - momentum: 0.000000
2026-01-03 00:49:18,349 epoch 76 - iter 35/59 - loss 0.08200215 - time (sec): 12.63 - samples/sec: 1971.43 - lr: 0.025000 - momentum: 0.000000
2026-01-03 00:49:20,287 epoch 76 - iter 40/59 - loss 0.08310453 - time (sec): 14.57 - samples/sec: 1969.57 - lr: 0.025000 - momentum: 0.000000
2026-01-03 00:49:22,538 epoch 76 - iter 45/59 - loss 0.08393738 - time (sec): 16.82 - samples/sec: 1939.51 - lr: 0.025000 - momentum: 0.000000
2026-01-03 00:49:24,606 epoch 76 - iter 50/59 - loss 0.08582788 - time (sec): 18.89 - samples/sec: 1911.13 - lr: 0.025000 - momentum: 0.000000
2026-01-03 00:49:26,311 epoch 76 - iter 55/59 - loss 0.08490173 - time (sec): 20.59 - samples/sec: 1937.41 - lr: 0.025000 - momentum: 0.000000
2026-01-03 00:49:27,599 ----------------------------------------------------------------------------------------------------
2026-01-03 00:49:27,599 EPOCH 76 done: loss 0.0849 - lr: 0.025000
2026-01-03 00:49:28,867 DEV : loss 0.16993875801563263 - f1-score (micro avg)  0.9519
2026-01-03 00:49:28,870  - 4 epochs without improvement (above 'patience')-> annealing learning_rate to [0.0125]
2026-01-03 00:49:28,871 ----------------------------------------------------------------------------------------------------
2026-01-03 00:49:30,862 epoch 77 - iter 5/59 - loss 0.08157100 - time (sec): 1.99 - samples/sec: 1829.43 - lr: 0.012500 - momentum: 0.000000
2026-01-03 00:49:32,688 epoch 77 - iter 10/59 - loss 0.08227438 - time (sec): 3.82 - samples/sec: 1894.33 - lr: 0.012500 - momentum: 0.000000
2026-01-03 00:49:34,761 epoch 77 - iter 15/59 - loss 0.08379150 - time (sec): 5.89 - samples/sec: 1851.93 - lr: 0.012500 - momentum: 0.000000
2026-01-03 00:49:36,429 epoch 77 - iter 20/59 - loss 0.08434365 - time (sec): 7.56 - samples/sec: 1917.62 - lr: 0.012500 - momentum: 0.000000
2026-01-03 00:49:38,568 epoch 77 - iter 25/59 - loss 0.08350563 - time (sec): 9.70 - samples/sec: 1879.63 - lr: 0.012500 - momentum: 0.000000
2026-01-03 00:49:40,598 epoch 77 - iter 30/59 - loss 0.08484430 - time (sec): 11.73 - samples/sec: 1850.04 - lr: 0.012500 - momentum: 0.000000
2026-01-03 00:49:42,815 epoch 77 - iter 35/59 - loss 0.08369278 - time (sec): 13.94 - samples/sec: 1823.49 - lr: 0.012500 - momentum: 0.000000
2026-01-03 00:49:44,395 epoch 77 - iter 40/59 - loss 0.08286737 - time (sec): 15.52 - samples/sec: 1854.98 - lr: 0.012500 - momentum: 0.000000
2026-01-03 00:49:47,478 epoch 77 - iter 45/59 - loss 0.08420833 - time (sec): 18.61 - samples/sec: 1734.46 - lr: 0.012500 - momentum: 0.000000
2026-01-03 00:49:49,608 epoch 77 - iter 50/59 - loss 0.08339118 - time (sec): 20.74 - samples/sec: 1739.70 - lr: 0.012500 - momentum: 0.000000
2026-01-03 00:49:52,058 epoch 77 - iter 55/59 - loss 0.08365210 - time (sec): 23.19 - samples/sec: 1717.14 - lr: 0.012500 - momentum: 0.000000
2026-01-03 00:49:53,364 ----------------------------------------------------------------------------------------------------
2026-01-03 00:49:53,365 EPOCH 77 done: loss 0.0838 - lr: 0.012500
2026-01-03 00:49:54,953 DEV : loss 0.1709652692079544 - f1-score (micro avg)  0.9532
2026-01-03 00:49:54,956  - 1 epochs without improvement
2026-01-03 00:49:54,956 ----------------------------------------------------------------------------------------------------
2026-01-03 00:49:56,874 epoch 78 - iter 5/59 - loss 0.07634498 - time (sec): 1.92 - samples/sec: 1894.72 - lr: 0.012500 - momentum: 0.000000
2026-01-03 00:49:58,901 epoch 78 - iter 10/59 - loss 0.08388668 - time (sec): 3.94 - samples/sec: 1926.16 - lr: 0.012500 - momentum: 0.000000
2026-01-03 00:50:00,602 epoch 78 - iter 15/59 - loss 0.08208904 - time (sec): 5.65 - samples/sec: 1996.61 - lr: 0.012500 - momentum: 0.000000
2026-01-03 00:50:02,204 epoch 78 - iter 20/59 - loss 0.08770006 - time (sec): 7.25 - samples/sec: 2042.78 - lr: 0.012500 - momentum: 0.000000
2026-01-03 00:50:04,305 epoch 78 - iter 25/59 - loss 0.08590393 - time (sec): 9.35 - samples/sec: 1966.44 - lr: 0.012500 - momentum: 0.000000
2026-01-03 00:50:06,025 epoch 78 - iter 30/59 - loss 0.08432593 - time (sec): 11.07 - samples/sec: 1979.29 - lr: 0.012500 - momentum: 0.000000
2026-01-03 00:50:08,086 epoch 78 - iter 35/59 - loss 0.08466463 - time (sec): 13.13 - samples/sec: 1946.43 - lr: 0.012500 - momentum: 0.000000
2026-01-03 00:50:09,922 epoch 78 - iter 40/59 - loss 0.08553902 - time (sec): 14.97 - samples/sec: 1941.97 - lr: 0.012500 - momentum: 0.000000
2026-01-03 00:50:11,906 epoch 78 - iter 45/59 - loss 0.08487896 - time (sec): 16.95 - samples/sec: 1927.05 - lr: 0.012500 - momentum: 0.000000
2026-01-03 00:50:13,487 epoch 78 - iter 50/59 - loss 0.08577470 - time (sec): 18.53 - samples/sec: 1965.33 - lr: 0.012500 - momentum: 0.000000
2026-01-03 00:50:15,166 epoch 78 - iter 55/59 - loss 0.08579451 - time (sec): 20.21 - samples/sec: 1975.37 - lr: 0.012500 - momentum: 0.000000
2026-01-03 00:50:16,375 ----------------------------------------------------------------------------------------------------
2026-01-03 00:50:16,376 EPOCH 78 done: loss 0.0858 - lr: 0.012500
2026-01-03 00:50:17,665 DEV : loss 0.17018577456474304 - f1-score (micro avg)  0.9537
2026-01-03 00:50:17,668  - 2 epochs without improvement
2026-01-03 00:50:17,669 ----------------------------------------------------------------------------------------------------
2026-01-03 00:50:19,383 epoch 79 - iter 5/59 - loss 0.07037625 - time (sec): 1.71 - samples/sec: 2162.31 - lr: 0.012500 - momentum: 0.000000
2026-01-03 00:50:21,394 epoch 79 - iter 10/59 - loss 0.07439711 - time (sec): 3.73 - samples/sec: 1960.64 - lr: 0.012500 - momentum: 0.000000
2026-01-03 00:50:23,056 epoch 79 - iter 15/59 - loss 0.07707640 - time (sec): 5.39 - samples/sec: 2012.96 - lr: 0.012500 - momentum: 0.000000
2026-01-03 00:50:24,790 epoch 79 - iter 20/59 - loss 0.07771003 - time (sec): 7.12 - samples/sec: 2019.23 - lr: 0.012500 - momentum: 0.000000
2026-01-03 00:50:26,241 epoch 79 - iter 25/59 - loss 0.07671469 - time (sec): 8.57 - samples/sec: 2092.31 - lr: 0.012500 - momentum: 0.000000
2026-01-03 00:50:28,205 epoch 79 - iter 30/59 - loss 0.07965544 - time (sec): 10.54 - samples/sec: 2067.38 - lr: 0.012500 - momentum: 0.000000
2026-01-03 00:50:29,624 epoch 79 - iter 35/59 - loss 0.08003037 - time (sec): 11.95 - samples/sec: 2107.46 - lr: 0.012500 - momentum: 0.000000
2026-01-03 00:50:31,066 epoch 79 - iter 40/59 - loss 0.08183636 - time (sec): 13.40 - samples/sec: 2162.58 - lr: 0.012500 - momentum: 0.000000
2026-01-03 00:50:32,902 epoch 79 - iter 45/59 - loss 0.08362002 - time (sec): 15.23 - samples/sec: 2157.95 - lr: 0.012500 - momentum: 0.000000
2026-01-03 00:50:34,430 epoch 79 - iter 50/59 - loss 0.08297680 - time (sec): 16.76 - samples/sec: 2179.24 - lr: 0.012500 - momentum: 0.000000
2026-01-03 00:50:35,941 epoch 79 - iter 55/59 - loss 0.08310360 - time (sec): 18.27 - samples/sec: 2183.77 - lr: 0.012500 - momentum: 0.000000
2026-01-03 00:50:37,196 ----------------------------------------------------------------------------------------------------
2026-01-03 00:50:37,197 EPOCH 79 done: loss 0.0831 - lr: 0.012500
2026-01-03 00:50:38,820 DEV : loss 0.17103596031665802 - f1-score (micro avg)  0.9526
2026-01-03 00:50:38,824  - 3 epochs without improvement
2026-01-03 00:50:38,824 ----------------------------------------------------------------------------------------------------
2026-01-03 00:50:40,798 epoch 80 - iter 5/59 - loss 0.07459647 - time (sec): 1.97 - samples/sec: 1917.97 - lr: 0.012500 - momentum: 0.000000
2026-01-03 00:50:42,654 epoch 80 - iter 10/59 - loss 0.07645070 - time (sec): 3.83 - samples/sec: 1891.57 - lr: 0.012500 - momentum: 0.000000
2026-01-03 00:50:44,058 epoch 80 - iter 15/59 - loss 0.08087461 - time (sec): 5.23 - samples/sec: 2052.75 - lr: 0.012500 - momentum: 0.000000
2026-01-03 00:50:45,709 epoch 80 - iter 20/59 - loss 0.07852444 - time (sec): 6.88 - samples/sec: 2115.39 - lr: 0.012500 - momentum: 0.000000
2026-01-03 00:50:47,741 epoch 80 - iter 25/59 - loss 0.07893636 - time (sec): 8.92 - samples/sec: 2010.06 - lr: 0.012500 - momentum: 0.000000
2026-01-03 00:50:49,362 epoch 80 - iter 30/59 - loss 0.07852755 - time (sec): 10.54 - samples/sec: 2058.27 - lr: 0.012500 - momentum: 0.000000
2026-01-03 00:50:51,176 epoch 80 - iter 35/59 - loss 0.08169620 - time (sec): 12.35 - samples/sec: 2040.98 - lr: 0.012500 - momentum: 0.000000
2026-01-03 00:50:53,244 epoch 80 - iter 40/59 - loss 0.08215473 - time (sec): 14.42 - samples/sec: 2001.46 - lr: 0.012500 - momentum: 0.000000
2026-01-03 00:50:54,822 epoch 80 - iter 45/59 - loss 0.08236188 - time (sec): 16.00 - samples/sec: 2010.26 - lr: 0.012500 - momentum: 0.000000
2026-01-03 00:50:56,499 epoch 80 - iter 50/59 - loss 0.08198116 - time (sec): 17.67 - samples/sec: 2020.81 - lr: 0.012500 - momentum: 0.000000
2026-01-03 00:50:58,344 epoch 80 - iter 55/59 - loss 0.08141242 - time (sec): 19.52 - samples/sec: 2033.84 - lr: 0.012500 - momentum: 0.000000
2026-01-03 00:50:59,430 ----------------------------------------------------------------------------------------------------
2026-01-03 00:50:59,431 EPOCH 80 done: loss 0.0816 - lr: 0.012500
2026-01-03 00:51:00,627 DEV : loss 0.17085415124893188 - f1-score (micro avg)  0.9539
2026-01-03 00:51:00,630  - 4 epochs without improvement (above 'patience')-> annealing learning_rate to [0.00625]
2026-01-03 00:51:00,631 ----------------------------------------------------------------------------------------------------
2026-01-03 00:51:02,075 epoch 81 - iter 5/59 - loss 0.09160007 - time (sec): 1.44 - samples/sec: 2542.31 - lr: 0.006250 - momentum: 0.000000
2026-01-03 00:51:04,102 epoch 81 - iter 10/59 - loss 0.08554114 - time (sec): 3.47 - samples/sec: 2177.64 - lr: 0.006250 - momentum: 0.000000
2026-01-03 00:51:05,665 epoch 81 - iter 15/59 - loss 0.08677370 - time (sec): 5.03 - samples/sec: 2185.02 - lr: 0.006250 - momentum: 0.000000
2026-01-03 00:51:07,221 epoch 81 - iter 20/59 - loss 0.08574670 - time (sec): 6.59 - samples/sec: 2195.58 - lr: 0.006250 - momentum: 0.000000
2026-01-03 00:51:08,944 epoch 81 - iter 25/59 - loss 0.08497394 - time (sec): 8.31 - samples/sec: 2185.95 - lr: 0.006250 - momentum: 0.000000
2026-01-03 00:51:10,652 epoch 81 - iter 30/59 - loss 0.08379076 - time (sec): 10.02 - samples/sec: 2156.27 - lr: 0.006250 - momentum: 0.000000
2026-01-03 00:51:12,345 epoch 81 - iter 35/59 - loss 0.08373741 - time (sec): 11.71 - samples/sec: 2143.61 - lr: 0.006250 - momentum: 0.000000
2026-01-03 00:51:14,390 epoch 81 - iter 40/59 - loss 0.08448381 - time (sec): 13.76 - samples/sec: 2094.55 - lr: 0.006250 - momentum: 0.000000
2026-01-03 00:51:16,164 epoch 81 - iter 45/59 - loss 0.08435832 - time (sec): 15.53 - samples/sec: 2096.25 - lr: 0.006250 - momentum: 0.000000
2026-01-03 00:51:18,364 epoch 81 - iter 50/59 - loss 0.08426763 - time (sec): 17.73 - samples/sec: 2039.86 - lr: 0.006250 - momentum: 0.000000
2026-01-03 00:51:20,061 epoch 81 - iter 55/59 - loss 0.08398817 - time (sec): 19.43 - samples/sec: 2066.75 - lr: 0.006250 - momentum: 0.000000
2026-01-03 00:51:21,132 ----------------------------------------------------------------------------------------------------
2026-01-03 00:51:21,133 EPOCH 81 done: loss 0.0843 - lr: 0.006250
2026-01-03 00:51:22,372 DEV : loss 0.17081938683986664 - f1-score (micro avg)  0.9532
2026-01-03 00:51:22,375  - 1 epochs without improvement
2026-01-03 00:51:22,376 ----------------------------------------------------------------------------------------------------
2026-01-03 00:51:24,015 epoch 82 - iter 5/59 - loss 0.07715417 - time (sec): 1.64 - samples/sec: 2081.18 - lr: 0.006250 - momentum: 0.000000
2026-01-03 00:51:25,672 epoch 82 - iter 10/59 - loss 0.08231687 - time (sec): 3.30 - samples/sec: 2185.74 - lr: 0.006250 - momentum: 0.000000
2026-01-03 00:51:27,178 epoch 82 - iter 15/59 - loss 0.08027490 - time (sec): 4.80 - samples/sec: 2174.63 - lr: 0.006250 - momentum: 0.000000
2026-01-03 00:51:28,880 epoch 82 - iter 20/59 - loss 0.08222492 - time (sec): 6.50 - samples/sec: 2196.36 - lr: 0.006250 - momentum: 0.000000
2026-01-03 00:51:30,366 epoch 82 - iter 25/59 - loss 0.08597078 - time (sec): 7.99 - samples/sec: 2251.61 - lr: 0.006250 - momentum: 0.000000
2026-01-03 00:51:32,288 epoch 82 - iter 30/59 - loss 0.08613455 - time (sec): 9.91 - samples/sec: 2193.49 - lr: 0.006250 - momentum: 0.000000
2026-01-03 00:51:33,935 epoch 82 - iter 35/59 - loss 0.08493900 - time (sec): 11.56 - samples/sec: 2206.31 - lr: 0.006250 - momentum: 0.000000
2026-01-03 00:51:35,390 epoch 82 - iter 40/59 - loss 0.08487174 - time (sec): 13.01 - samples/sec: 2215.85 - lr: 0.006250 - momentum: 0.000000
2026-01-03 00:51:36,943 epoch 82 - iter 45/59 - loss 0.08637919 - time (sec): 14.57 - samples/sec: 2217.31 - lr: 0.006250 - momentum: 0.000000
2026-01-03 00:51:39,008 epoch 82 - iter 50/59 - loss 0.08550082 - time (sec): 16.63 - samples/sec: 2164.31 - lr: 0.006250 - momentum: 0.000000
2026-01-03 00:51:40,828 epoch 82 - iter 55/59 - loss 0.08523731 - time (sec): 18.45 - samples/sec: 2155.16 - lr: 0.006250 - momentum: 0.000000
2026-01-03 00:51:42,383 ----------------------------------------------------------------------------------------------------
2026-01-03 00:51:42,383 EPOCH 82 done: loss 0.0847 - lr: 0.006250
2026-01-03 00:51:43,884 DEV : loss 0.1708323210477829 - f1-score (micro avg)  0.9538
2026-01-03 00:51:43,887  - 2 epochs without improvement
2026-01-03 00:51:43,887 ----------------------------------------------------------------------------------------------------
2026-01-03 00:51:45,472 epoch 83 - iter 5/59 - loss 0.07732196 - time (sec): 1.58 - samples/sec: 2138.46 - lr: 0.006250 - momentum: 0.000000
2026-01-03 00:51:47,323 epoch 83 - iter 10/59 - loss 0.08583944 - time (sec): 3.44 - samples/sec: 2046.55 - lr: 0.006250 - momentum: 0.000000
2026-01-03 00:51:50,017 epoch 83 - iter 15/59 - loss 0.08201564 - time (sec): 6.13 - samples/sec: 1735.54 - lr: 0.006250 - momentum: 0.000000
2026-01-03 00:51:52,303 epoch 83 - iter 20/59 - loss 0.08416489 - time (sec): 8.42 - samples/sec: 1711.18 - lr: 0.006250 - momentum: 0.000000
2026-01-03 00:51:54,346 epoch 83 - iter 25/59 - loss 0.08275209 - time (sec): 10.46 - samples/sec: 1736.93 - lr: 0.006250 - momentum: 0.000000
2026-01-03 00:51:56,100 epoch 83 - iter 30/59 - loss 0.08257056 - time (sec): 12.21 - samples/sec: 1801.30 - lr: 0.006250 - momentum: 0.000000
2026-01-03 00:51:57,782 epoch 83 - iter 35/59 - loss 0.08175075 - time (sec): 13.89 - samples/sec: 1826.08 - lr: 0.006250 - momentum: 0.000000
2026-01-03 00:51:59,416 epoch 83 - iter 40/59 - loss 0.08214034 - time (sec): 15.53 - samples/sec: 1862.63 - lr: 0.006250 - momentum: 0.000000
2026-01-03 00:52:01,042 epoch 83 - iter 45/59 - loss 0.08129754 - time (sec): 17.15 - samples/sec: 1889.81 - lr: 0.006250 - momentum: 0.000000
2026-01-03 00:52:02,424 epoch 83 - iter 50/59 - loss 0.08157270 - time (sec): 18.54 - samples/sec: 1946.27 - lr: 0.006250 - momentum: 0.000000
2026-01-03 00:52:04,106 epoch 83 - iter 55/59 - loss 0.08186855 - time (sec): 20.22 - samples/sec: 1965.84 - lr: 0.006250 - momentum: 0.000000
2026-01-03 00:52:05,384 ----------------------------------------------------------------------------------------------------
2026-01-03 00:52:05,385 EPOCH 83 done: loss 0.0819 - lr: 0.006250
2026-01-03 00:52:06,668 DEV : loss 0.17010627686977386 - f1-score (micro avg)  0.9537
2026-01-03 00:52:06,671  - 3 epochs without improvement
2026-01-03 00:52:06,671 ----------------------------------------------------------------------------------------------------
2026-01-03 00:52:08,452 epoch 84 - iter 5/59 - loss 0.08055431 - time (sec): 1.78 - samples/sec: 2039.68 - lr: 0.006250 - momentum: 0.000000
2026-01-03 00:52:09,951 epoch 84 - iter 10/59 - loss 0.07917267 - time (sec): 3.28 - samples/sec: 2182.03 - lr: 0.006250 - momentum: 0.000000
2026-01-03 00:52:12,201 epoch 84 - iter 15/59 - loss 0.07851873 - time (sec): 5.53 - samples/sec: 1888.43 - lr: 0.006250 - momentum: 0.000000
2026-01-03 00:52:13,844 epoch 84 - iter 20/59 - loss 0.08023571 - time (sec): 7.17 - samples/sec: 1950.01 - lr: 0.006250 - momentum: 0.000000
2026-01-03 00:52:15,290 epoch 84 - iter 25/59 - loss 0.08015247 - time (sec): 8.62 - samples/sec: 2042.39 - lr: 0.006250 - momentum: 0.000000
2026-01-03 00:52:17,564 epoch 84 - iter 30/59 - loss 0.07907191 - time (sec): 10.89 - samples/sec: 1995.31 - lr: 0.006250 - momentum: 0.000000
2026-01-03 00:52:19,799 epoch 84 - iter 35/59 - loss 0.07779619 - time (sec): 13.13 - samples/sec: 1935.20 - lr: 0.006250 - momentum: 0.000000
2026-01-03 00:52:21,575 epoch 84 - iter 40/59 - loss 0.07922567 - time (sec): 14.90 - samples/sec: 1949.79 - lr: 0.006250 - momentum: 0.000000
2026-01-03 00:52:23,342 epoch 84 - iter 45/59 - loss 0.08100199 - time (sec): 16.67 - samples/sec: 1959.63 - lr: 0.006250 - momentum: 0.000000
2026-01-03 00:52:25,344 epoch 84 - iter 50/59 - loss 0.08124453 - time (sec): 18.67 - samples/sec: 1927.03 - lr: 0.006250 - momentum: 0.000000
2026-01-03 00:52:27,280 epoch 84 - iter 55/59 - loss 0.08143211 - time (sec): 20.61 - samples/sec: 1924.36 - lr: 0.006250 - momentum: 0.000000
2026-01-03 00:52:28,795 ----------------------------------------------------------------------------------------------------
2026-01-03 00:52:28,795 EPOCH 84 done: loss 0.0812 - lr: 0.006250
2026-01-03 00:52:30,072 DEV : loss 0.17082442343235016 - f1-score (micro avg)  0.9529
2026-01-03 00:52:30,075  - 4 epochs without improvement (above 'patience')-> annealing learning_rate to [0.003125]
2026-01-03 00:52:30,076 ----------------------------------------------------------------------------------------------------
2026-01-03 00:52:31,691 epoch 85 - iter 5/59 - loss 0.07592859 - time (sec): 1.61 - samples/sec: 2294.68 - lr: 0.003125 - momentum: 0.000000
2026-01-03 00:52:33,304 epoch 85 - iter 10/59 - loss 0.08470931 - time (sec): 3.23 - samples/sec: 2243.52 - lr: 0.003125 - momentum: 0.000000
2026-01-03 00:52:35,144 epoch 85 - iter 15/59 - loss 0.08338336 - time (sec): 5.07 - samples/sec: 2159.72 - lr: 0.003125 - momentum: 0.000000
2026-01-03 00:52:37,033 epoch 85 - iter 20/59 - loss 0.08278280 - time (sec): 6.96 - samples/sec: 2091.15 - lr: 0.003125 - momentum: 0.000000
2026-01-03 00:52:38,658 epoch 85 - iter 25/59 - loss 0.07939594 - time (sec): 8.58 - samples/sec: 2135.37 - lr: 0.003125 - momentum: 0.000000
2026-01-03 00:52:40,130 epoch 85 - iter 30/59 - loss 0.07925192 - time (sec): 10.05 - samples/sec: 2169.92 - lr: 0.003125 - momentum: 0.000000
2026-01-03 00:52:42,093 epoch 85 - iter 35/59 - loss 0.07981679 - time (sec): 12.02 - samples/sec: 2115.28 - lr: 0.003125 - momentum: 0.000000
2026-01-03 00:52:43,701 epoch 85 - iter 40/59 - loss 0.08010442 - time (sec): 13.62 - samples/sec: 2115.63 - lr: 0.003125 - momentum: 0.000000
2026-01-03 00:52:45,225 epoch 85 - iter 45/59 - loss 0.07884817 - time (sec): 15.15 - samples/sec: 2118.86 - lr: 0.003125 - momentum: 0.000000
2026-01-03 00:52:47,023 epoch 85 - iter 50/59 - loss 0.07921504 - time (sec): 16.95 - samples/sec: 2105.90 - lr: 0.003125 - momentum: 0.000000
2026-01-03 00:52:49,203 epoch 85 - iter 55/59 - loss 0.08099689 - time (sec): 19.13 - samples/sec: 2071.61 - lr: 0.003125 - momentum: 0.000000
2026-01-03 00:52:50,817 ----------------------------------------------------------------------------------------------------
2026-01-03 00:52:50,817 EPOCH 85 done: loss 0.0808 - lr: 0.003125
2026-01-03 00:52:52,291 DEV : loss 0.17073208093643188 - f1-score (micro avg)  0.9536
2026-01-03 00:52:52,294  - 1 epochs without improvement
2026-01-03 00:52:52,294 ----------------------------------------------------------------------------------------------------
2026-01-03 00:52:54,015 epoch 86 - iter 5/59 - loss 0.07751111 - time (sec): 1.72 - samples/sec: 2063.09 - lr: 0.003125 - momentum: 0.000000
2026-01-03 00:52:56,028 epoch 86 - iter 10/59 - loss 0.08865347 - time (sec): 3.73 - samples/sec: 1998.62 - lr: 0.003125 - momentum: 0.000000
2026-01-03 00:52:57,805 epoch 86 - iter 15/59 - loss 0.08571204 - time (sec): 5.51 - samples/sec: 1987.27 - lr: 0.003125 - momentum: 0.000000
2026-01-03 00:52:59,204 epoch 86 - iter 20/59 - loss 0.08485107 - time (sec): 6.91 - samples/sec: 2089.17 - lr: 0.003125 - momentum: 0.000000
2026-01-03 00:53:00,701 epoch 86 - iter 25/59 - loss 0.08300836 - time (sec): 8.41 - samples/sec: 2128.67 - lr: 0.003125 - momentum: 0.000000
2026-01-03 00:53:02,433 epoch 86 - iter 30/59 - loss 0.08275391 - time (sec): 10.14 - samples/sec: 2136.66 - lr: 0.003125 - momentum: 0.000000
2026-01-03 00:53:03,722 epoch 86 - iter 35/59 - loss 0.08252277 - time (sec): 11.43 - samples/sec: 2187.48 - lr: 0.003125 - momentum: 0.000000
2026-01-03 00:53:05,449 epoch 86 - iter 40/59 - loss 0.08137632 - time (sec): 13.15 - samples/sec: 2190.50 - lr: 0.003125 - momentum: 0.000000
2026-01-03 00:53:07,513 epoch 86 - iter 45/59 - loss 0.08098796 - time (sec): 15.22 - samples/sec: 2150.40 - lr: 0.003125 - momentum: 0.000000
2026-01-03 00:53:09,444 epoch 86 - iter 50/59 - loss 0.08086995 - time (sec): 17.15 - samples/sec: 2123.21 - lr: 0.003125 - momentum: 0.000000
2026-01-03 00:53:11,068 epoch 86 - iter 55/59 - loss 0.08141205 - time (sec): 18.77 - samples/sec: 2121.66 - lr: 0.003125 - momentum: 0.000000
2026-01-03 00:53:12,253 ----------------------------------------------------------------------------------------------------
2026-01-03 00:53:12,253 EPOCH 86 done: loss 0.0808 - lr: 0.003125
2026-01-03 00:53:13,523 DEV : loss 0.1706138700246811 - f1-score (micro avg)  0.9532
2026-01-03 00:53:13,526  - 2 epochs without improvement
2026-01-03 00:53:13,527 ----------------------------------------------------------------------------------------------------
2026-01-03 00:53:15,419 epoch 87 - iter 5/59 - loss 0.08380334 - time (sec): 1.89 - samples/sec: 2009.44 - lr: 0.003125 - momentum: 0.000000
2026-01-03 00:53:17,144 epoch 87 - iter 10/59 - loss 0.08912494 - time (sec): 3.62 - samples/sec: 2053.32 - lr: 0.003125 - momentum: 0.000000
2026-01-03 00:53:18,630 epoch 87 - iter 15/59 - loss 0.08749025 - time (sec): 5.10 - samples/sec: 2131.37 - lr: 0.003125 - momentum: 0.000000
2026-01-03 00:53:20,644 epoch 87 - iter 20/59 - loss 0.08472184 - time (sec): 7.12 - samples/sec: 2040.65 - lr: 0.003125 - momentum: 0.000000
2026-01-03 00:53:22,333 epoch 87 - iter 25/59 - loss 0.08670912 - time (sec): 8.81 - samples/sec: 2040.46 - lr: 0.003125 - momentum: 0.000000
2026-01-03 00:53:24,112 epoch 87 - iter 30/59 - loss 0.08418440 - time (sec): 10.59 - samples/sec: 2035.80 - lr: 0.003125 - momentum: 0.000000
2026-01-03 00:53:25,643 epoch 87 - iter 35/59 - loss 0.08306348 - time (sec): 12.12 - samples/sec: 2077.78 - lr: 0.003125 - momentum: 0.000000
2026-01-03 00:53:27,344 epoch 87 - iter 40/59 - loss 0.08246258 - time (sec): 13.82 - samples/sec: 2094.89 - lr: 0.003125 - momentum: 0.000000
2026-01-03 00:53:28,777 epoch 87 - iter 45/59 - loss 0.08275553 - time (sec): 15.25 - samples/sec: 2122.82 - lr: 0.003125 - momentum: 0.000000
2026-01-03 00:53:30,464 epoch 87 - iter 50/59 - loss 0.08228943 - time (sec): 16.94 - samples/sec: 2133.70 - lr: 0.003125 - momentum: 0.000000
2026-01-03 00:53:32,148 epoch 87 - iter 55/59 - loss 0.08188624 - time (sec): 18.62 - samples/sec: 2139.62 - lr: 0.003125 - momentum: 0.000000
2026-01-03 00:53:33,134 ----------------------------------------------------------------------------------------------------
2026-01-03 00:53:33,134 EPOCH 87 done: loss 0.0819 - lr: 0.003125
2026-01-03 00:53:34,290 DEV : loss 0.17053689062595367 - f1-score (micro avg)  0.9531
2026-01-03 00:53:34,292  - 3 epochs without improvement
2026-01-03 00:53:34,293 ----------------------------------------------------------------------------------------------------
2026-01-03 00:53:35,817 epoch 88 - iter 5/59 - loss 0.08878099 - time (sec): 1.52 - samples/sec: 2349.24 - lr: 0.003125 - momentum: 0.000000
2026-01-03 00:53:37,357 epoch 88 - iter 10/59 - loss 0.08029400 - time (sec): 3.06 - samples/sec: 2297.47 - lr: 0.003125 - momentum: 0.000000
2026-01-03 00:53:39,470 epoch 88 - iter 15/59 - loss 0.08019517 - time (sec): 5.18 - samples/sec: 2135.57 - lr: 0.003125 - momentum: 0.000000
2026-01-03 00:53:41,316 epoch 88 - iter 20/59 - loss 0.07976258 - time (sec): 7.02 - samples/sec: 2109.58 - lr: 0.003125 - momentum: 0.000000
2026-01-03 00:53:42,878 epoch 88 - iter 25/59 - loss 0.07893071 - time (sec): 8.58 - samples/sec: 2142.63 - lr: 0.003125 - momentum: 0.000000
2026-01-03 00:53:44,643 epoch 88 - iter 30/59 - loss 0.07823238 - time (sec): 10.35 - samples/sec: 2143.39 - lr: 0.003125 - momentum: 0.000000
2026-01-03 00:53:46,989 epoch 88 - iter 35/59 - loss 0.07796628 - time (sec): 12.70 - samples/sec: 2019.38 - lr: 0.003125 - momentum: 0.000000
2026-01-03 00:53:50,209 epoch 88 - iter 40/59 - loss 0.07889063 - time (sec): 15.92 - samples/sec: 1837.60 - lr: 0.003125 - momentum: 0.000000
2026-01-03 00:53:51,982 epoch 88 - iter 45/59 - loss 0.07920535 - time (sec): 17.69 - samples/sec: 1860.25 - lr: 0.003125 - momentum: 0.000000
2026-01-03 00:53:53,717 epoch 88 - iter 50/59 - loss 0.08017561 - time (sec): 19.42 - samples/sec: 1879.41 - lr: 0.003125 - momentum: 0.000000
2026-01-03 00:53:55,614 epoch 88 - iter 55/59 - loss 0.07909409 - time (sec): 21.32 - samples/sec: 1882.99 - lr: 0.003125 - momentum: 0.000000
2026-01-03 00:53:56,649 ----------------------------------------------------------------------------------------------------
2026-01-03 00:53:56,649 EPOCH 88 done: loss 0.0795 - lr: 0.003125
2026-01-03 00:53:57,943 DEV : loss 0.17059725522994995 - f1-score (micro avg)  0.9531
2026-01-03 00:53:57,946  - 4 epochs without improvement (above 'patience')-> annealing learning_rate to [0.0015625]
2026-01-03 00:53:57,947 ----------------------------------------------------------------------------------------------------
2026-01-03 00:53:59,573 epoch 89 - iter 5/59 - loss 0.07442759 - time (sec): 1.63 - samples/sec: 2310.00 - lr: 0.001563 - momentum: 0.000000
2026-01-03 00:54:01,256 epoch 89 - iter 10/59 - loss 0.07442061 - time (sec): 3.31 - samples/sec: 2235.62 - lr: 0.001563 - momentum: 0.000000
2026-01-03 00:54:02,941 epoch 89 - iter 15/59 - loss 0.07643754 - time (sec): 4.99 - samples/sec: 2194.39 - lr: 0.001563 - momentum: 0.000000
2026-01-03 00:54:04,391 epoch 89 - iter 20/59 - loss 0.07905510 - time (sec): 6.44 - samples/sec: 2253.92 - lr: 0.001563 - momentum: 0.000000
2026-01-03 00:54:05,956 epoch 89 - iter 25/59 - loss 0.07738215 - time (sec): 8.01 - samples/sec: 2250.28 - lr: 0.001563 - momentum: 0.000000
2026-01-03 00:54:07,615 epoch 89 - iter 30/59 - loss 0.07875663 - time (sec): 9.67 - samples/sec: 2222.46 - lr: 0.001563 - momentum: 0.000000
2026-01-03 00:54:09,180 epoch 89 - iter 35/59 - loss 0.07877471 - time (sec): 11.23 - samples/sec: 2236.82 - lr: 0.001563 - momentum: 0.000000
2026-01-03 00:54:10,715 epoch 89 - iter 40/59 - loss 0.07813558 - time (sec): 12.77 - samples/sec: 2241.95 - lr: 0.001563 - momentum: 0.000000
2026-01-03 00:54:12,623 epoch 89 - iter 45/59 - loss 0.07824385 - time (sec): 14.68 - samples/sec: 2198.72 - lr: 0.001563 - momentum: 0.000000
2026-01-03 00:54:14,501 epoch 89 - iter 50/59 - loss 0.07850914 - time (sec): 16.55 - samples/sec: 2170.07 - lr: 0.001563 - momentum: 0.000000
2026-01-03 00:54:16,332 epoch 89 - iter 55/59 - loss 0.07884820 - time (sec): 18.38 - samples/sec: 2154.54 - lr: 0.001563 - momentum: 0.000000
2026-01-03 00:54:17,676 ----------------------------------------------------------------------------------------------------
2026-01-03 00:54:17,676 EPOCH 89 done: loss 0.0795 - lr: 0.001563
2026-01-03 00:54:18,900 DEV : loss 0.17061424255371094 - f1-score (micro avg)  0.9528
2026-01-03 00:54:18,903  - 1 epochs without improvement
2026-01-03 00:54:18,904 ----------------------------------------------------------------------------------------------------
2026-01-03 00:54:20,708 epoch 90 - iter 5/59 - loss 0.08764568 - time (sec): 1.80 - samples/sec: 2009.80 - lr: 0.001563 - momentum: 0.000000
2026-01-03 00:54:22,182 epoch 90 - iter 10/59 - loss 0.09204409 - time (sec): 3.28 - samples/sec: 2205.46 - lr: 0.001563 - momentum: 0.000000
2026-01-03 00:54:24,136 epoch 90 - iter 15/59 - loss 0.08817758 - time (sec): 5.23 - samples/sec: 2079.56 - lr: 0.001563 - momentum: 0.000000
2026-01-03 00:54:25,991 epoch 90 - iter 20/59 - loss 0.08879456 - time (sec): 7.09 - samples/sec: 2075.96 - lr: 0.001563 - momentum: 0.000000
2026-01-03 00:54:27,577 epoch 90 - iter 25/59 - loss 0.08627216 - time (sec): 8.67 - samples/sec: 2099.02 - lr: 0.001563 - momentum: 0.000000
2026-01-03 00:54:29,272 epoch 90 - iter 30/59 - loss 0.08733027 - time (sec): 10.37 - samples/sec: 2089.84 - lr: 0.001563 - momentum: 0.000000
2026-01-03 00:54:30,590 epoch 90 - iter 35/59 - loss 0.08422614 - time (sec): 11.69 - samples/sec: 2149.98 - lr: 0.001563 - momentum: 0.000000
2026-01-03 00:54:32,155 epoch 90 - iter 40/59 - loss 0.08429468 - time (sec): 13.25 - samples/sec: 2191.50 - lr: 0.001563 - momentum: 0.000000
2026-01-03 00:54:33,649 epoch 90 - iter 45/59 - loss 0.08401908 - time (sec): 14.74 - samples/sec: 2221.21 - lr: 0.001563 - momentum: 0.000000
2026-01-03 00:54:35,395 epoch 90 - iter 50/59 - loss 0.08355700 - time (sec): 16.49 - samples/sec: 2206.52 - lr: 0.001563 - momentum: 0.000000
2026-01-03 00:54:37,610 epoch 90 - iter 55/59 - loss 0.08351377 - time (sec): 18.71 - samples/sec: 2138.34 - lr: 0.001563 - momentum: 0.000000
2026-01-03 00:54:39,112 ----------------------------------------------------------------------------------------------------
2026-01-03 00:54:39,112 EPOCH 90 done: loss 0.0831 - lr: 0.001563
2026-01-03 00:54:40,591 DEV : loss 0.17034000158309937 - f1-score (micro avg)  0.9533
2026-01-03 00:54:40,594  - 2 epochs without improvement
2026-01-03 00:54:40,595 ----------------------------------------------------------------------------------------------------
2026-01-03 00:54:42,375 epoch 91 - iter 5/59 - loss 0.06891786 - time (sec): 1.78 - samples/sec: 1931.31 - lr: 0.001563 - momentum: 0.000000
2026-01-03 00:54:44,355 epoch 91 - iter 10/59 - loss 0.08245310 - time (sec): 3.76 - samples/sec: 1964.63 - lr: 0.001563 - momentum: 0.000000
2026-01-03 00:54:45,934 epoch 91 - iter 15/59 - loss 0.08265515 - time (sec): 5.34 - samples/sec: 2021.74 - lr: 0.001563 - momentum: 0.000000
2026-01-03 00:54:47,534 epoch 91 - iter 20/59 - loss 0.08146384 - time (sec): 6.94 - samples/sec: 2045.50 - lr: 0.001563 - momentum: 0.000000
2026-01-03 00:54:49,363 epoch 91 - iter 25/59 - loss 0.08296430 - time (sec): 8.77 - samples/sec: 2012.10 - lr: 0.001563 - momentum: 0.000000
2026-01-03 00:54:51,606 epoch 91 - iter 30/59 - loss 0.08438406 - time (sec): 11.01 - samples/sec: 1934.72 - lr: 0.001563 - momentum: 0.000000
2026-01-03 00:54:53,260 epoch 91 - iter 35/59 - loss 0.08377681 - time (sec): 12.66 - samples/sec: 1974.15 - lr: 0.001563 - momentum: 0.000000
2026-01-03 00:54:55,031 epoch 91 - iter 40/59 - loss 0.08278116 - time (sec): 14.44 - samples/sec: 2001.90 - lr: 0.001563 - momentum: 0.000000
2026-01-03 00:54:56,793 epoch 91 - iter 45/59 - loss 0.08181159 - time (sec): 16.20 - samples/sec: 2009.39 - lr: 0.001563 - momentum: 0.000000
2026-01-03 00:54:58,545 epoch 91 - iter 50/59 - loss 0.08159854 - time (sec): 17.95 - samples/sec: 2013.00 - lr: 0.001563 - momentum: 0.000000
2026-01-03 00:55:00,254 epoch 91 - iter 55/59 - loss 0.08096934 - time (sec): 19.66 - samples/sec: 2028.98 - lr: 0.001563 - momentum: 0.000000
2026-01-03 00:55:01,591 ----------------------------------------------------------------------------------------------------
2026-01-03 00:55:01,591 EPOCH 91 done: loss 0.0812 - lr: 0.001563
2026-01-03 00:55:02,725 DEV : loss 0.17063166201114655 - f1-score (micro avg)  0.953
2026-01-03 00:55:02,728  - 3 epochs without improvement
2026-01-03 00:55:02,729 ----------------------------------------------------------------------------------------------------
2026-01-03 00:55:04,542 epoch 92 - iter 5/59 - loss 0.08151877 - time (sec): 1.81 - samples/sec: 1981.64 - lr: 0.001563 - momentum: 0.000000
2026-01-03 00:55:06,663 epoch 92 - iter 10/59 - loss 0.07989446 - time (sec): 3.93 - samples/sec: 1909.74 - lr: 0.001563 - momentum: 0.000000
2026-01-03 00:55:08,572 epoch 92 - iter 15/59 - loss 0.07847286 - time (sec): 5.84 - samples/sec: 1918.03 - lr: 0.001563 - momentum: 0.000000
2026-01-03 00:55:10,006 epoch 92 - iter 20/59 - loss 0.08110920 - time (sec): 7.28 - samples/sec: 2006.31 - lr: 0.001563 - momentum: 0.000000
2026-01-03 00:55:11,573 epoch 92 - iter 25/59 - loss 0.07965521 - time (sec): 8.84 - samples/sec: 2053.33 - lr: 0.001563 - momentum: 0.000000
2026-01-03 00:55:13,063 epoch 92 - iter 30/59 - loss 0.07933543 - time (sec): 10.33 - samples/sec: 2097.97 - lr: 0.001563 - momentum: 0.000000
2026-01-03 00:55:15,065 epoch 92 - iter 35/59 - loss 0.07766563 - time (sec): 12.34 - samples/sec: 2064.74 - lr: 0.001563 - momentum: 0.000000
2026-01-03 00:55:16,736 epoch 92 - iter 40/59 - loss 0.07764431 - time (sec): 14.01 - samples/sec: 2071.86 - lr: 0.001563 - momentum: 0.000000
2026-01-03 00:55:18,264 epoch 92 - iter 45/59 - loss 0.07740933 - time (sec): 15.53 - samples/sec: 2095.13 - lr: 0.001563 - momentum: 0.000000
2026-01-03 00:55:20,101 epoch 92 - iter 50/59 - loss 0.07705593 - time (sec): 17.37 - samples/sec: 2079.56 - lr: 0.001563 - momentum: 0.000000
2026-01-03 00:55:22,387 epoch 92 - iter 55/59 - loss 0.07748522 - time (sec): 19.66 - samples/sec: 2031.68 - lr: 0.001563 - momentum: 0.000000
2026-01-03 00:55:23,678 ----------------------------------------------------------------------------------------------------
2026-01-03 00:55:23,678 EPOCH 92 done: loss 0.0779 - lr: 0.001563
2026-01-03 00:55:25,076 DEV : loss 0.17088298499584198 - f1-score (micro avg)  0.9529
2026-01-03 00:55:25,079  - 4 epochs without improvement (above 'patience')-> annealing learning_rate to [0.00078125]
2026-01-03 00:55:25,081 ----------------------------------------------------------------------------------------------------
2026-01-03 00:55:27,166 epoch 93 - iter 5/59 - loss 0.09277444 - time (sec): 2.08 - samples/sec: 1877.66 - lr: 0.000781 - momentum: 0.000000
2026-01-03 00:55:29,120 epoch 93 - iter 10/59 - loss 0.08302714 - time (sec): 4.04 - samples/sec: 1913.63 - lr: 0.000781 - momentum: 0.000000
2026-01-03 00:55:30,812 epoch 93 - iter 15/59 - loss 0.07911231 - time (sec): 5.73 - samples/sec: 1998.26 - lr: 0.000781 - momentum: 0.000000
2026-01-03 00:55:32,696 epoch 93 - iter 20/59 - loss 0.07932890 - time (sec): 7.61 - samples/sec: 2003.83 - lr: 0.000781 - momentum: 0.000000
2026-01-03 00:55:34,316 epoch 93 - iter 25/59 - loss 0.07990879 - time (sec): 9.24 - samples/sec: 2015.80 - lr: 0.000781 - momentum: 0.000000
2026-01-03 00:55:35,891 epoch 93 - iter 30/59 - loss 0.07863959 - time (sec): 10.81 - samples/sec: 2050.12 - lr: 0.000781 - momentum: 0.000000
2026-01-03 00:55:37,999 epoch 93 - iter 35/59 - loss 0.07942183 - time (sec): 12.92 - samples/sec: 2020.07 - lr: 0.000781 - momentum: 0.000000
2026-01-03 00:55:40,392 epoch 93 - iter 40/59 - loss 0.07892934 - time (sec): 15.31 - samples/sec: 1933.93 - lr: 0.000781 - momentum: 0.000000
2026-01-03 00:55:42,935 epoch 93 - iter 45/59 - loss 0.07941306 - time (sec): 17.85 - samples/sec: 1848.18 - lr: 0.000781 - momentum: 0.000000
2026-01-03 00:55:46,324 epoch 93 - iter 50/59 - loss 0.07913288 - time (sec): 21.24 - samples/sec: 1726.50 - lr: 0.000781 - momentum: 0.000000
2026-01-03 00:55:50,327 epoch 93 - iter 55/59 - loss 0.07952476 - time (sec): 25.24 - samples/sec: 1585.28 - lr: 0.000781 - momentum: 0.000000
2026-01-03 00:55:53,948 ----------------------------------------------------------------------------------------------------
2026-01-03 00:55:53,949 EPOCH 93 done: loss 0.0799 - lr: 0.000781
2026-01-03 00:55:56,173 DEV : loss 0.1707242727279663 - f1-score (micro avg)  0.9529
2026-01-03 00:55:56,176  - 1 epochs without improvement
2026-01-03 00:55:56,176 ----------------------------------------------------------------------------------------------------
2026-01-03 00:55:58,190 epoch 94 - iter 5/59 - loss 0.07959506 - time (sec): 2.01 - samples/sec: 1951.66 - lr: 0.000781 - momentum: 0.000000
2026-01-03 00:56:00,605 epoch 94 - iter 10/59 - loss 0.07816843 - time (sec): 4.43 - samples/sec: 1721.48 - lr: 0.000781 - momentum: 0.000000
2026-01-03 00:56:02,490 epoch 94 - iter 15/59 - loss 0.07654824 - time (sec): 6.31 - samples/sec: 1752.41 - lr: 0.000781 - momentum: 0.000000
2026-01-03 00:56:04,264 epoch 94 - iter 20/59 - loss 0.08067081 - time (sec): 8.09 - samples/sec: 1807.72 - lr: 0.000781 - momentum: 0.000000
2026-01-03 00:56:06,277 epoch 94 - iter 25/59 - loss 0.08004716 - time (sec): 10.10 - samples/sec: 1798.43 - lr: 0.000781 - momentum: 0.000000
2026-01-03 00:56:08,148 epoch 94 - iter 30/59 - loss 0.08037469 - time (sec): 11.97 - samples/sec: 1807.45 - lr: 0.000781 - momentum: 0.000000
2026-01-03 00:56:10,155 epoch 94 - iter 35/59 - loss 0.07913657 - time (sec): 13.98 - samples/sec: 1796.03 - lr: 0.000781 - momentum: 0.000000
2026-01-03 00:56:12,269 epoch 94 - iter 40/59 - loss 0.07832005 - time (sec): 16.09 - samples/sec: 1777.72 - lr: 0.000781 - momentum: 0.000000
2026-01-03 00:56:14,333 epoch 94 - iter 45/59 - loss 0.07966668 - time (sec): 18.16 - samples/sec: 1781.54 - lr: 0.000781 - momentum: 0.000000
2026-01-03 00:56:16,004 epoch 94 - iter 50/59 - loss 0.08046951 - time (sec): 19.83 - samples/sec: 1818.96 - lr: 0.000781 - momentum: 0.000000
2026-01-03 00:56:17,637 epoch 94 - iter 55/59 - loss 0.08038059 - time (sec): 21.46 - samples/sec: 1844.77 - lr: 0.000781 - momentum: 0.000000
2026-01-03 00:56:19,264 ----------------------------------------------------------------------------------------------------
2026-01-03 00:56:19,264 EPOCH 94 done: loss 0.0801 - lr: 0.000781
2026-01-03 00:56:20,773 DEV : loss 0.17099176347255707 - f1-score (micro avg)  0.9533
2026-01-03 00:56:20,775  - 2 epochs without improvement
2026-01-03 00:56:20,776 ----------------------------------------------------------------------------------------------------
2026-01-03 00:56:23,237 epoch 95 - iter 5/59 - loss 0.06959689 - time (sec): 2.46 - samples/sec: 1528.41 - lr: 0.000781 - momentum: 0.000000
2026-01-03 00:56:25,321 epoch 95 - iter 10/59 - loss 0.07273636 - time (sec): 4.54 - samples/sec: 1616.42 - lr: 0.000781 - momentum: 0.000000
2026-01-03 00:56:27,110 epoch 95 - iter 15/59 - loss 0.07327394 - time (sec): 6.33 - samples/sec: 1733.60 - lr: 0.000781 - momentum: 0.000000
2026-01-03 00:56:29,730 epoch 95 - iter 20/59 - loss 0.07847415 - time (sec): 8.95 - samples/sec: 1670.51 - lr: 0.000781 - momentum: 0.000000
2026-01-03 00:56:31,963 epoch 95 - iter 25/59 - loss 0.07764395 - time (sec): 11.19 - samples/sec: 1670.94 - lr: 0.000781 - momentum: 0.000000
2026-01-03 00:56:34,177 epoch 95 - iter 30/59 - loss 0.07870037 - time (sec): 13.40 - samples/sec: 1673.51 - lr: 0.000781 - momentum: 0.000000
2026-01-03 00:56:36,405 epoch 95 - iter 35/59 - loss 0.07817166 - time (sec): 15.63 - samples/sec: 1651.34 - lr: 0.000781 - momentum: 0.000000
2026-01-03 00:56:38,849 epoch 95 - iter 40/59 - loss 0.07918804 - time (sec): 18.07 - samples/sec: 1625.15 - lr: 0.000781 - momentum: 0.000000
2026-01-03 00:56:40,707 epoch 95 - iter 45/59 - loss 0.08013139 - time (sec): 19.93 - samples/sec: 1647.51 - lr: 0.000781 - momentum: 0.000000
2026-01-03 00:56:42,584 epoch 95 - iter 50/59 - loss 0.08077616 - time (sec): 21.81 - samples/sec: 1657.72 - lr: 0.000781 - momentum: 0.000000
2026-01-03 00:56:44,419 epoch 95 - iter 55/59 - loss 0.08083781 - time (sec): 23.64 - samples/sec: 1686.88 - lr: 0.000781 - momentum: 0.000000
2026-01-03 00:56:45,660 ----------------------------------------------------------------------------------------------------
2026-01-03 00:56:45,660 EPOCH 95 done: loss 0.0809 - lr: 0.000781
2026-01-03 00:56:47,312 DEV : loss 0.17096589505672455 - f1-score (micro avg)  0.953
2026-01-03 00:56:47,316  - 3 epochs without improvement
2026-01-03 00:56:47,317 ----------------------------------------------------------------------------------------------------
2026-01-03 00:56:49,714 epoch 96 - iter 5/59 - loss 0.07831074 - time (sec): 2.40 - samples/sec: 1439.28 - lr: 0.000781 - momentum: 0.000000
2026-01-03 00:56:52,222 epoch 96 - iter 10/59 - loss 0.08805542 - time (sec): 4.90 - samples/sec: 1418.62 - lr: 0.000781 - momentum: 0.000000
2026-01-03 00:56:54,398 epoch 96 - iter 15/59 - loss 0.08349647 - time (sec): 7.08 - samples/sec: 1468.60 - lr: 0.000781 - momentum: 0.000000
2026-01-03 00:56:57,363 epoch 96 - iter 20/59 - loss 0.07997688 - time (sec): 10.05 - samples/sec: 1425.80 - lr: 0.000781 - momentum: 0.000000
2026-01-03 00:56:59,686 epoch 96 - iter 25/59 - loss 0.07797457 - time (sec): 12.37 - samples/sec: 1461.34 - lr: 0.000781 - momentum: 0.000000
2026-01-03 00:57:05,485 epoch 96 - iter 30/59 - loss 0.07728128 - time (sec): 18.16 - samples/sec: 1202.08 - lr: 0.000781 - momentum: 0.000000
2026-01-03 00:57:08,819 epoch 96 - iter 35/59 - loss 0.07995596 - time (sec): 21.50 - samples/sec: 1178.93 - lr: 0.000781 - momentum: 0.000000
2026-01-03 00:57:11,304 epoch 96 - iter 40/59 - loss 0.08180086 - time (sec): 23.99 - samples/sec: 1209.98 - lr: 0.000781 - momentum: 0.000000
2026-01-03 00:57:13,582 epoch 96 - iter 45/59 - loss 0.08212857 - time (sec): 26.26 - samples/sec: 1241.26 - lr: 0.000781 - momentum: 0.000000
2026-01-03 00:57:15,604 epoch 96 - iter 50/59 - loss 0.08182502 - time (sec): 28.29 - samples/sec: 1281.13 - lr: 0.000781 - momentum: 0.000000
2026-01-03 00:57:17,259 epoch 96 - iter 55/59 - loss 0.08224993 - time (sec): 29.94 - samples/sec: 1328.51 - lr: 0.000781 - momentum: 0.000000
2026-01-03 00:57:18,844 ----------------------------------------------------------------------------------------------------
2026-01-03 00:57:18,844 EPOCH 96 done: loss 0.0826 - lr: 0.000781
2026-01-03 00:57:20,317 DEV : loss 0.17101691663265228 - f1-score (micro avg)  0.953
2026-01-03 00:57:20,321  - 4 epochs without improvement (above 'patience')-> annealing learning_rate to [0.000390625]
2026-01-03 00:57:20,322 ----------------------------------------------------------------------------------------------------
2026-01-03 00:57:22,487 epoch 97 - iter 5/59 - loss 0.08356226 - time (sec): 2.16 - samples/sec: 1704.53 - lr: 0.000391 - momentum: 0.000000
2026-01-03 00:57:24,182 epoch 97 - iter 10/59 - loss 0.08115187 - time (sec): 3.86 - samples/sec: 1798.77 - lr: 0.000391 - momentum: 0.000000
2026-01-03 00:57:26,051 epoch 97 - iter 15/59 - loss 0.08188756 - time (sec): 5.73 - samples/sec: 1848.40 - lr: 0.000391 - momentum: 0.000000
2026-01-03 00:57:28,286 epoch 97 - iter 20/59 - loss 0.08271267 - time (sec): 7.96 - samples/sec: 1789.67 - lr: 0.000391 - momentum: 0.000000
2026-01-03 00:57:30,735 epoch 97 - iter 25/59 - loss 0.08145604 - time (sec): 10.41 - samples/sec: 1734.70 - lr: 0.000391 - momentum: 0.000000
2026-01-03 00:57:32,647 epoch 97 - iter 30/59 - loss 0.08095755 - time (sec): 12.32 - samples/sec: 1774.16 - lr: 0.000391 - momentum: 0.000000
2026-01-03 00:57:35,307 epoch 97 - iter 35/59 - loss 0.08121345 - time (sec): 14.98 - samples/sec: 1721.22 - lr: 0.000391 - momentum: 0.000000
2026-01-03 00:57:37,474 epoch 97 - iter 40/59 - loss 0.08055881 - time (sec): 17.15 - samples/sec: 1709.60 - lr: 0.000391 - momentum: 0.000000
2026-01-03 00:57:39,550 epoch 97 - iter 45/59 - loss 0.08198375 - time (sec): 19.23 - samples/sec: 1713.85 - lr: 0.000391 - momentum: 0.000000
2026-01-03 00:57:41,317 epoch 97 - iter 50/59 - loss 0.08263565 - time (sec): 20.99 - samples/sec: 1739.44 - lr: 0.000391 - momentum: 0.000000
2026-01-03 00:57:43,159 epoch 97 - iter 55/59 - loss 0.08254027 - time (sec): 22.84 - samples/sec: 1752.93 - lr: 0.000391 - momentum: 0.000000
2026-01-03 00:57:44,447 ----------------------------------------------------------------------------------------------------
2026-01-03 00:57:44,447 EPOCH 97 done: loss 0.0822 - lr: 0.000391
2026-01-03 00:57:45,787 DEV : loss 0.17104782164096832 - f1-score (micro avg)  0.9531
2026-01-03 00:57:45,790  - 1 epochs without improvement
2026-01-03 00:57:45,791 ----------------------------------------------------------------------------------------------------
2026-01-03 00:57:47,786 epoch 98 - iter 5/59 - loss 0.08764245 - time (sec): 1.99 - samples/sec: 1758.00 - lr: 0.000391 - momentum: 0.000000
2026-01-03 00:57:50,029 epoch 98 - iter 10/59 - loss 0.08831417 - time (sec): 4.24 - samples/sec: 1772.60 - lr: 0.000391 - momentum: 0.000000
2026-01-03 00:57:51,585 epoch 98 - iter 15/59 - loss 0.08431008 - time (sec): 5.79 - samples/sec: 1860.99 - lr: 0.000391 - momentum: 0.000000
2026-01-03 00:57:53,953 epoch 98 - iter 20/59 - loss 0.08757814 - time (sec): 8.16 - samples/sec: 1768.16 - lr: 0.000391 - momentum: 0.000000
2026-01-03 00:57:56,010 epoch 98 - iter 25/59 - loss 0.08410826 - time (sec): 10.22 - samples/sec: 1773.38 - lr: 0.000391 - momentum: 0.000000
2026-01-03 00:57:58,112 epoch 98 - iter 30/59 - loss 0.08366058 - time (sec): 12.32 - samples/sec: 1747.96 - lr: 0.000391 - momentum: 0.000000
2026-01-03 00:58:00,391 epoch 98 - iter 35/59 - loss 0.08209014 - time (sec): 14.60 - samples/sec: 1741.23 - lr: 0.000391 - momentum: 0.000000
2026-01-03 00:58:02,423 epoch 98 - iter 40/59 - loss 0.08119237 - time (sec): 16.63 - samples/sec: 1756.21 - lr: 0.000391 - momentum: 0.000000
2026-01-03 00:58:04,759 epoch 98 - iter 45/59 - loss 0.08063959 - time (sec): 18.97 - samples/sec: 1737.32 - lr: 0.000391 - momentum: 0.000000
2026-01-03 00:58:06,711 epoch 98 - iter 50/59 - loss 0.07959189 - time (sec): 20.92 - samples/sec: 1741.40 - lr: 0.000391 - momentum: 0.000000
2026-01-03 00:58:09,063 epoch 98 - iter 55/59 - loss 0.08017402 - time (sec): 23.27 - samples/sec: 1722.79 - lr: 0.000391 - momentum: 0.000000
2026-01-03 00:58:10,196 ----------------------------------------------------------------------------------------------------
2026-01-03 00:58:10,197 EPOCH 98 done: loss 0.0797 - lr: 0.000391
2026-01-03 00:58:12,174 DEV : loss 0.17106316983699799 - f1-score (micro avg)  0.9531
2026-01-03 00:58:12,178  - 2 epochs without improvement
2026-01-03 00:58:12,179 ----------------------------------------------------------------------------------------------------
2026-01-03 00:58:14,345 epoch 99 - iter 5/59 - loss 0.08828217 - time (sec): 2.17 - samples/sec: 1661.98 - lr: 0.000391 - momentum: 0.000000
2026-01-03 00:58:16,293 epoch 99 - iter 10/59 - loss 0.08226523 - time (sec): 4.11 - samples/sec: 1716.59 - lr: 0.000391 - momentum: 0.000000
2026-01-03 00:58:18,440 epoch 99 - iter 15/59 - loss 0.07850603 - time (sec): 6.26 - samples/sec: 1713.28 - lr: 0.000391 - momentum: 0.000000
2026-01-03 00:58:20,505 epoch 99 - iter 20/59 - loss 0.08285795 - time (sec): 8.33 - samples/sec: 1699.27 - lr: 0.000391 - momentum: 0.000000
2026-01-03 00:58:22,250 epoch 99 - iter 25/59 - loss 0.08462601 - time (sec): 10.07 - samples/sec: 1753.11 - lr: 0.000391 - momentum: 0.000000
2026-01-03 00:58:24,129 epoch 99 - iter 30/59 - loss 0.08361014 - time (sec): 11.95 - samples/sec: 1776.00 - lr: 0.000391 - momentum: 0.000000
2026-01-03 00:58:26,453 epoch 99 - iter 35/59 - loss 0.08131641 - time (sec): 14.27 - samples/sec: 1746.20 - lr: 0.000391 - momentum: 0.000000
2026-01-03 00:58:28,223 epoch 99 - iter 40/59 - loss 0.08257461 - time (sec): 16.04 - samples/sec: 1769.79 - lr: 0.000391 - momentum: 0.000000
2026-01-03 00:58:30,462 epoch 99 - iter 45/59 - loss 0.08311668 - time (sec): 18.28 - samples/sec: 1756.52 - lr: 0.000391 - momentum: 0.000000
2026-01-03 00:58:33,639 epoch 99 - iter 50/59 - loss 0.08399035 - time (sec): 21.46 - samples/sec: 1690.85 - lr: 0.000391 - momentum: 0.000000
2026-01-03 00:58:35,722 epoch 99 - iter 55/59 - loss 0.08351378 - time (sec): 23.54 - samples/sec: 1700.75 - lr: 0.000391 - momentum: 0.000000
2026-01-03 00:58:37,039 ----------------------------------------------------------------------------------------------------
2026-01-03 00:58:37,039 EPOCH 99 done: loss 0.0830 - lr: 0.000391
2026-01-03 00:58:38,753 DEV : loss 0.17109793424606323 - f1-score (micro avg)  0.9528
2026-01-03 00:58:38,767  - 3 epochs without improvement
2026-01-03 00:58:38,768 ----------------------------------------------------------------------------------------------------
2026-01-03 00:58:42,217 epoch 100 - iter 5/59 - loss 0.08112114 - time (sec): 3.45 - samples/sec: 1065.26 - lr: 0.000391 - momentum: 0.000000
2026-01-03 00:58:44,259 epoch 100 - iter 10/59 - loss 0.07988815 - time (sec): 5.49 - samples/sec: 1306.84 - lr: 0.000391 - momentum: 0.000000
2026-01-03 00:58:46,167 epoch 100 - iter 15/59 - loss 0.07647048 - time (sec): 7.40 - samples/sec: 1471.01 - lr: 0.000391 - momentum: 0.000000
2026-01-03 00:58:48,146 epoch 100 - iter 20/59 - loss 0.07895195 - time (sec): 9.38 - samples/sec: 1550.05 - lr: 0.000391 - momentum: 0.000000
2026-01-03 00:58:49,954 epoch 100 - iter 25/59 - loss 0.07961992 - time (sec): 11.19 - samples/sec: 1657.32 - lr: 0.000391 - momentum: 0.000000
2026-01-03 00:58:51,836 epoch 100 - iter 30/59 - loss 0.07940882 - time (sec): 13.07 - samples/sec: 1701.29 - lr: 0.000391 - momentum: 0.000000
2026-01-03 00:58:54,590 epoch 100 - iter 35/59 - loss 0.07960867 - time (sec): 15.82 - samples/sec: 1635.61 - lr: 0.000391 - momentum: 0.000000
2026-01-03 00:58:56,369 epoch 100 - iter 40/59 - loss 0.08030233 - time (sec): 17.60 - samples/sec: 1668.67 - lr: 0.000391 - momentum: 0.000000
2026-01-03 00:58:58,509 epoch 100 - iter 45/59 - loss 0.07926281 - time (sec): 19.74 - samples/sec: 1675.96 - lr: 0.000391 - momentum: 0.000000
2026-01-03 00:58:59,983 epoch 100 - iter 50/59 - loss 0.08003342 - time (sec): 21.21 - samples/sec: 1713.61 - lr: 0.000391 - momentum: 0.000000
2026-01-03 00:59:01,372 epoch 100 - iter 55/59 - loss 0.08023269 - time (sec): 22.60 - samples/sec: 1763.80 - lr: 0.000391 - momentum: 0.000000
2026-01-03 00:59:02,711 ----------------------------------------------------------------------------------------------------
2026-01-03 00:59:02,712 EPOCH 100 done: loss 0.0816 - lr: 0.000391
2026-01-03 00:59:04,096 DEV : loss 0.17105598747730255 - f1-score (micro avg)  0.9531
2026-01-03 00:59:04,100  - 4 epochs without improvement (above 'patience')-> annealing learning_rate to [0.0001953125]
2026-01-03 00:59:04,101 ----------------------------------------------------------------------------------------------------
2026-01-03 00:59:06,275 epoch 101 - iter 5/59 - loss 0.06962094 - time (sec): 2.17 - samples/sec: 1641.26 - lr: 0.000195 - momentum: 0.000000
2026-01-03 00:59:08,293 epoch 101 - iter 10/59 - loss 0.07192217 - time (sec): 4.19 - samples/sec: 1792.84 - lr: 0.000195 - momentum: 0.000000
2026-01-03 00:59:10,196 epoch 101 - iter 15/59 - loss 0.07305373 - time (sec): 6.09 - samples/sec: 1803.51 - lr: 0.000195 - momentum: 0.000000
2026-01-03 00:59:11,817 epoch 101 - iter 20/59 - loss 0.07414270 - time (sec): 7.72 - samples/sec: 1882.42 - lr: 0.000195 - momentum: 0.000000
2026-01-03 00:59:13,661 epoch 101 - iter 25/59 - loss 0.07774330 - time (sec): 9.56 - samples/sec: 1872.89 - lr: 0.000195 - momentum: 0.000000
2026-01-03 00:59:15,633 epoch 101 - iter 30/59 - loss 0.07822188 - time (sec): 11.53 - samples/sec: 1884.67 - lr: 0.000195 - momentum: 0.000000
2026-01-03 00:59:17,568 epoch 101 - iter 35/59 - loss 0.07790552 - time (sec): 13.47 - samples/sec: 1889.94 - lr: 0.000195 - momentum: 0.000000
2026-01-03 00:59:19,146 epoch 101 - iter 40/59 - loss 0.07856218 - time (sec): 15.04 - samples/sec: 1912.41 - lr: 0.000195 - momentum: 0.000000
2026-01-03 00:59:20,868 epoch 101 - iter 45/59 - loss 0.07967392 - time (sec): 16.77 - samples/sec: 1942.42 - lr: 0.000195 - momentum: 0.000000
2026-01-03 00:59:22,527 epoch 101 - iter 50/59 - loss 0.07962943 - time (sec): 18.42 - samples/sec: 1964.67 - lr: 0.000195 - momentum: 0.000000
2026-01-03 00:59:24,413 epoch 101 - iter 55/59 - loss 0.08005706 - time (sec): 20.31 - samples/sec: 1961.02 - lr: 0.000195 - momentum: 0.000000
2026-01-03 00:59:26,014 ----------------------------------------------------------------------------------------------------
2026-01-03 00:59:26,014 EPOCH 101 done: loss 0.0799 - lr: 0.000195
2026-01-03 00:59:27,595 DEV : loss 0.17102472484111786 - f1-score (micro avg)  0.953
2026-01-03 00:59:27,597  - 1 epochs without improvement
2026-01-03 00:59:27,598 ----------------------------------------------------------------------------------------------------
2026-01-03 00:59:29,605 epoch 102 - iter 5/59 - loss 0.08124704 - time (sec): 2.01 - samples/sec: 1908.03 - lr: 0.000195 - momentum: 0.000000
2026-01-03 00:59:31,341 epoch 102 - iter 10/59 - loss 0.07828085 - time (sec): 3.74 - samples/sec: 1927.01 - lr: 0.000195 - momentum: 0.000000
2026-01-03 00:59:33,441 epoch 102 - iter 15/59 - loss 0.08238465 - time (sec): 5.84 - samples/sec: 1834.62 - lr: 0.000195 - momentum: 0.000000
2026-01-03 00:59:35,189 epoch 102 - iter 20/59 - loss 0.08325958 - time (sec): 7.59 - samples/sec: 1876.33 - lr: 0.000195 - momentum: 0.000000
2026-01-03 00:59:36,951 epoch 102 - iter 25/59 - loss 0.08168750 - time (sec): 9.35 - samples/sec: 1897.63 - lr: 0.000195 - momentum: 0.000000
2026-01-03 00:59:38,819 epoch 102 - iter 30/59 - loss 0.08307817 - time (sec): 11.22 - samples/sec: 1906.18 - lr: 0.000195 - momentum: 0.000000
2026-01-03 00:59:40,556 epoch 102 - iter 35/59 - loss 0.08427447 - time (sec): 12.96 - samples/sec: 1927.48 - lr: 0.000195 - momentum: 0.000000
2026-01-03 00:59:42,536 epoch 102 - iter 40/59 - loss 0.08293173 - time (sec): 14.94 - samples/sec: 1916.24 - lr: 0.000195 - momentum: 0.000000
2026-01-03 00:59:45,036 epoch 102 - iter 45/59 - loss 0.08158710 - time (sec): 17.44 - samples/sec: 1858.49 - lr: 0.000195 - momentum: 0.000000
2026-01-03 00:59:47,587 epoch 102 - iter 50/59 - loss 0.08131863 - time (sec): 19.99 - samples/sec: 1813.58 - lr: 0.000195 - momentum: 0.000000
2026-01-03 00:59:49,369 epoch 102 - iter 55/59 - loss 0.08179964 - time (sec): 21.77 - samples/sec: 1826.98 - lr: 0.000195 - momentum: 0.000000
2026-01-03 00:59:50,825 ----------------------------------------------------------------------------------------------------
2026-01-03 00:59:50,825 EPOCH 102 done: loss 0.0812 - lr: 0.000195
2026-01-03 00:59:52,215 DEV : loss 0.17108823359012604 - f1-score (micro avg)  0.9529
2026-01-03 00:59:52,217  - 2 epochs without improvement
2026-01-03 00:59:52,218 ----------------------------------------------------------------------------------------------------
2026-01-03 00:59:55,070 epoch 103 - iter 5/59 - loss 0.09108859 - time (sec): 2.85 - samples/sec: 1394.07 - lr: 0.000195 - momentum: 0.000000
2026-01-03 00:59:56,800 epoch 103 - iter 10/59 - loss 0.09126906 - time (sec): 4.58 - samples/sec: 1657.55 - lr: 0.000195 - momentum: 0.000000
2026-01-03 00:59:58,628 epoch 103 - iter 15/59 - loss 0.08819327 - time (sec): 6.41 - samples/sec: 1718.16 - lr: 0.000195 - momentum: 0.000000
2026-01-03 01:00:00,314 epoch 103 - iter 20/59 - loss 0.08589339 - time (sec): 8.10 - samples/sec: 1774.70 - lr: 0.000195 - momentum: 0.000000
2026-01-03 01:00:02,216 epoch 103 - iter 25/59 - loss 0.08239574 - time (sec): 10.00 - samples/sec: 1799.78 - lr: 0.000195 - momentum: 0.000000
2026-01-03 01:00:04,417 epoch 103 - iter 30/59 - loss 0.08153115 - time (sec): 12.20 - samples/sec: 1764.74 - lr: 0.000195 - momentum: 0.000000
2026-01-03 01:00:06,146 epoch 103 - iter 35/59 - loss 0.07913159 - time (sec): 13.93 - samples/sec: 1805.05 - lr: 0.000195 - momentum: 0.000000
2026-01-03 01:00:07,988 epoch 103 - iter 40/59 - loss 0.07984189 - time (sec): 15.77 - samples/sec: 1816.09 - lr: 0.000195 - momentum: 0.000000
2026-01-03 01:00:09,741 epoch 103 - iter 45/59 - loss 0.08156928 - time (sec): 17.52 - samples/sec: 1850.02 - lr: 0.000195 - momentum: 0.000000
2026-01-03 01:00:11,821 epoch 103 - iter 50/59 - loss 0.08118383 - time (sec): 19.60 - samples/sec: 1850.09 - lr: 0.000195 - momentum: 0.000000
2026-01-03 01:00:13,790 epoch 103 - iter 55/59 - loss 0.08185790 - time (sec): 21.57 - samples/sec: 1857.06 - lr: 0.000195 - momentum: 0.000000
2026-01-03 01:00:15,026 ----------------------------------------------------------------------------------------------------
2026-01-03 01:00:15,026 EPOCH 103 done: loss 0.0814 - lr: 0.000195
2026-01-03 01:00:16,776 DEV : loss 0.1710917353630066 - f1-score (micro avg)  0.9528
2026-01-03 01:00:16,779  - 3 epochs without improvement
2026-01-03 01:00:16,779 ----------------------------------------------------------------------------------------------------
2026-01-03 01:00:18,654 epoch 104 - iter 5/59 - loss 0.07741343 - time (sec): 1.87 - samples/sec: 1867.67 - lr: 0.000195 - momentum: 0.000000
2026-01-03 01:00:20,440 epoch 104 - iter 10/59 - loss 0.08265110 - time (sec): 3.66 - samples/sec: 1984.25 - lr: 0.000195 - momentum: 0.000000
2026-01-03 01:00:22,281 epoch 104 - iter 15/59 - loss 0.07997705 - time (sec): 5.50 - samples/sec: 2002.00 - lr: 0.000195 - momentum: 0.000000
2026-01-03 01:00:24,265 epoch 104 - iter 20/59 - loss 0.07910859 - time (sec): 7.49 - samples/sec: 1985.08 - lr: 0.000195 - momentum: 0.000000
2026-01-03 01:00:25,839 epoch 104 - iter 25/59 - loss 0.07875453 - time (sec): 9.06 - samples/sec: 2026.11 - lr: 0.000195 - momentum: 0.000000
2026-01-03 01:00:27,919 epoch 104 - iter 30/59 - loss 0.07703762 - time (sec): 11.14 - samples/sec: 1991.94 - lr: 0.000195 - momentum: 0.000000
2026-01-03 01:00:29,703 epoch 104 - iter 35/59 - loss 0.07683062 - time (sec): 12.92 - samples/sec: 1984.36 - lr: 0.000195 - momentum: 0.000000
2026-01-03 01:00:31,364 epoch 104 - iter 40/59 - loss 0.07615835 - time (sec): 14.58 - samples/sec: 1995.23 - lr: 0.000195 - momentum: 0.000000
2026-01-03 01:00:33,259 epoch 104 - iter 45/59 - loss 0.07790323 - time (sec): 16.48 - samples/sec: 1973.11 - lr: 0.000195 - momentum: 0.000000
2026-01-03 01:00:35,370 epoch 104 - iter 50/59 - loss 0.07725882 - time (sec): 18.59 - samples/sec: 1949.68 - lr: 0.000195 - momentum: 0.000000
2026-01-03 01:00:37,737 epoch 104 - iter 55/59 - loss 0.07757634 - time (sec): 20.96 - samples/sec: 1903.12 - lr: 0.000195 - momentum: 0.000000
2026-01-03 01:00:39,100 ----------------------------------------------------------------------------------------------------
2026-01-03 01:00:39,100 EPOCH 104 done: loss 0.0790 - lr: 0.000195
2026-01-03 01:00:40,462 DEV : loss 0.17112821340560913 - f1-score (micro avg)  0.9528
2026-01-03 01:00:40,465  - 4 epochs without improvement (above 'patience')-> annealing learning_rate to [9.765625e-05]
2026-01-03 01:00:40,465 ----------------------------------------------------------------------------------------------------
2026-01-03 01:00:40,465 learning rate too small - quitting training!
2026-01-03 01:00:40,465 ----------------------------------------------------------------------------------------------------
2026-01-03 01:00:40,465 Saving model ...
2026-01-03 01:00:40,485 Done.
2026-01-03 01:00:40,485 ----------------------------------------------------------------------------------------------------
2026-01-03 01:00:40,485 Loading model from best epoch ...
2026-01-03 01:00:40,518 [b'<unk>', b'.</w>', b't</w>', b'id</w>', b'ja</w>', b',</w>', b'in</w>', b'i</w>', b'n</w>', b'lea', b'lea</w>', b's</w>', b'\xc5\xa1</w>', b'ii</w>', b'on</w>', b'di', b'go</w>', b'as</w>', b'd\xc3\xa1', b'it</w>', b'ma', b'\xc3\xa1', b'gu', b'gi', b'S', b'at</w>', b'D', b'id', b'la', b'a', b'da', b'h', b'mu', b'ga', b's\xc3\xa1', b'du', b'hte</w>', b's', b'ga</w>', b'v', b'dje</w>', b'de</w>', b'i', b'\xc3\xa1</w>', b'?</w>', b'as', b'ea', b'go', b'o', b'vuo', b'ra</w>', b'lei</w>', b'le', b'g', b'ti', b'g\xc3\xa1', b'do', b'd', b'ge</w>', b'dan</w>', b'ht', b'nu', b'ge', b'na', b'Mu', b'si', b'l\xc3\xa1', b'm\xc3\xa1', b'lo', b'e', b'gi</w>', b'v\xc3\xa1', b'j', b'b', b'al', b'sa', b'sa</w>', b'ma</w>', b'\xc5\xa1', b'dat</w>', b'r\xc3\xa1', b'ja', b'n\xc3\xa1', b'mi', b'te</w>', b'mii</w>', b'\xc4\x8d\xc4\x8d', b'de', b'na</w>', b'k', b'or', b'ide</w>', b'G', b'in', b'bu', b'juvv', b'r', b'li', b'buo', b'gal', b'M', b'gea', b'ol', b'e</w>', b'hka', b'su', b'\xc4\x8d', b'n', b'nu</w>', b'hto</w>', b'hta</w>', b'je</w>', b'hta', b'ra', b'us</w>', b'miel', b'm', b't', b'f', b'p', b'is</w>', b'va', b'oa', b'\xc4\x91', b'\xc3\xa1l', b'-', b'ear', b'ala', b'I', b'o</w>', b'vi', b'bo', b'!</w>', b'ru', b'ri', b'ju', b'll', b'ola', b'\xc5\xa1\xc5\xa1', b's\xc3\xa1mi</w>', b'O', b'da</w>', b'bea', b'D\xc3\xa1', b'bar', b'b\xc3\xa1', b'u', b'h\xc3\xa1', b'B', b're', b'g\xc3\xa1</w>', b'hea', b'E', b'dea', b'bi', b'\xc3\x81', b'la</w>', b'hu', b'j\xc3\xa1', b'\xc3\xa1n</w>', b'sii</w>', b'mi</w>', b'iv', b'lu', b'\xc3\xa1ig', b'\xc3\xa1r', b'm\xc3\xa1n\xc3\xa1', b'kk', b'il', b'te', b'mat</w>', b'su</w>', b'bir', b'oai</w>', b'gal</w>', b'ar', b'\xc5\x8b', b'vuo\xc4\x91', b'min</w>', b'st', b'be', b'ov', b'an</w>', b'ba', b'gu</w>', b'gas', b'barg', b'mis</w>', b'jo', b's\xc3\xa1me', b'vv', b'htt\xc3\xa1</w>', b'a</w>', b'S\xc3\xa1', b'eai</w>', b'ollu</w>', b'boaht', b'lii</w>', b'ot</w>', b'Ja</w>', b'ba</w>', b'_', b'L', b'nat</w>', b'le</w>', b'f\xc3\xa1', b'hk', b'hke</w>', b'tti', b'vu', b'ie\xc5\xbe', b'ig', b'ni', b'vd', b'dah', b'st\xc3\xa1', b'hke', b'he', b'man', b'ha', b'er', b'oahp', b'mu</w>', b'ka', b'kka', b'tta', b'ne</w>', b'it', b'sat</w>', b'je', b'ret</w>', b'\xc3\xa1r</w>', b'V', b'ie', b'dj', b'ki', b'tii</w>', b'tta</w>', b'stu', b'ta', b'ne', b'tu', b'ro', b'igu', b'ti</w>', b'duo', b'sea', b'luo', b'vuoigat', b'skuv', b'dan', b'die', b'M\xc3\xa1', b'ast', b'A', b'mas</w>', b'dus</w>', b'\xc5\xbe', b'pe</w>', b'o\xc4\x91\xc4\x91', b'juo', b'hi', b'\xc4\x8duo', b'\xc3\xa1h', b'-</w>', b'an', b'ui</w>', b'asa</w>', b'un', b'ji', b'vt', b'oas', b'se', b'nit</w>', b'kki', b'us', b'set</w>', b've', b'pe', b're</w>', b'H', b'vai</w>', b'daga', b'v\xc3\xa1l', b'ad', b'ddj', b'\xc3\xa1sa', b'at', b'boa', b'\xc3\xa1i</w>', b'kii</w>', b'ut</w>', b'okta', b'ma\xc5\x8b\xc5\x8b', b'gan</w>', b'giela</w>', b'Ma', b'oahpa', b'sin</w>', b'du</w>', b'rr', b'\xc5\xbe\xc5\xbe', b'guov', b'3', b'is', b'vie', b'19', b'4', b'ni</w>', b'hc', b'olbmo', b'\xc5\xa1ad', b'vr', b'to', b'\xc4\x91\xc4\x91', b'mus</w>', b'vvo</w>', b'vi</w>', b'net</w>', b'eal', b'hte', b'uo', b'ii', b'n\xc3\xa1</w>', b'K\xc3\xa1r\xc3\xa1\xc5\xa1jo', b'J', b'ik', b'git</w>', b'so', b'mit</w>', b'N', b'vea', b'gas</w>', b'di</w>', b'giel', b'ora', b'el', b'pi', b'las', b'Lea</w>', b'no', b'ku</w>', b'd\xc3\xa1</w>', b'sti', b'ta</w>', b'mo', b'muita', b'lit</w>', b've</w>', b'lat</w>', b'ht\xc3\xa1', b'hk\xc3\xa1', b'\xc4\x8d\xc3\xa1', b'ji</w>', b'me', b'huvv', b'bor', b'l', b's\xc3\xa1ht', b'tet</w>', b'mearri', b'\xc3\xa1lbmo', b'o\xc5\xbe\xc5\xbe', b'gg', b'po', b'boazo', b'nd', b'pa', b'vvo', b'guok', b'kk\xc3\xa1', b'\xc3\xa1v', b'1', b'im', b'bo\xc4\x91', b'kkas</w>', b'mma</w>', b'oahpaheaddj', b'met</w>', b'olbmu', b'biv', b'han</w>', b'oaid', b'husa</w>', b'dag', b'asi', b'd\xc3\xa1l</w>', b'munn', b'dal', b'vuo\xc4\x91a', b'ean', b'Finnm\xc3\xa1r', b'tun</w>', b'mana', b'hp', b'R', b'olg', b'h\xc4\x8d\xc4\x8d', b'geava', b'S\xc3\xa1medi', b'm\xc3\xa1</w>', b'alm', b'ok', b'me</w>', b'pm\xc3\xa1', b'b\xc3\xa1l', b'hkke', b'z', b'mear', b'Go</w>', b'\xc5\x8bg', b'dearvva\xc5\xa1vuo\xc4\x91a', b':', b'llu</w>', b'skuvla', b'ru</w>', b'ib', b'\xc5\xa1at</w>', b'hk\xc3\xa1</w>', b'ha</w>', b'c', b'tn', b'jat</w>', b'en</w>', b'u</w>', b'hka</w>', b'vs', b'hal', b'lan', b'galg', b'T', b'idu', b'daga</w>', b'vuol', b'stuor', b'et</w>', b'De</w>', b'lu</w>', b'es</w>', b'ul', b'bi</w>', b'kka</w>', b'ss', b'bear', b'skuvlla</w>', b'girj', b'intern\xc3\xa1', b'han', b'ko', b'al</w>', b'lan</w>', b'geah\xc4\x8d\xc4\x8d', b's\xc3\xa1pme', b'htt', b'kki</w>', b'ki</w>', b'g\xc3\xa1r', b'nii</w>', b'beal', b'intern\xc3\xa1htta', b';</w>', b'vuo\xc4\x91a</w>', b'j\xc3\xa1</w>', b'vet</w>', b'es', b'mas', b'S\xc3\xa1medig', b'ev', b'Guovdagea', b'dde', b'asta', b'bid', b'v\xc3\xa1ld', b'pmi</w>', b'Boa', b'\xc4\x8do', b'si</w>', b'oa\xc5\xbe\xc5\xbe', b'rat</w>', b'ai</w>', b'Juo', b'F', b'\xc5\xa1u', b'riek', b':</w>', b'eatna', b'oh', b'husa', b'r\xc3\xa1hka', b'tti</w>', b'ovttas', b'ko</w>', b'vel</w>', b'\xc4\x91u', b'ppi</w>', b'vej', b'v\xc3\xa1zz', b'idea', b'ris</w>', b'd\xc3\xa1b\xc3\xa1', b'&', b'#', b'gil', b'van</w>', b'ora</w>', b'mea', b'das</w>', b'goa', b'\xc5\xa1uvn', b'doa', b'tu</w>', b'suo', b'tan</w>', b't\xc3\xa1', b'vuostta', b'kku</w>', b'sis</w>', b'\xc3\xa1\xc5\xa1\xc5\xa1i</w>', b'ke', b'L\xc3\xa1', b'riev', b'guo', b'kan</w>', b'7', b'\xc4\x8d\xc3\xa1l', b'en', b'buore', b'\xc3\xa1\xc5\xa1\xc5\xa1i', b'\xc4\x91\xc3\xa1', b'\xc4\x8d\xc3\xa1ll', b'guovdd\xc3\xa1', b'pp', b'ku', b'suohka', b'alu</w>', b'ovddas', b'joav', b'\xc5\xa1at', b'\xc4\x8di', b'vo', b'0', b'lis</w>', b'y', b'\xc4\x8du', b'kultu', b'r\xc3\xa1j', b'asa', b'l\xc3\xa1v', b'hko</w>', b'd\xc3\xa1l', b'mie', b'nn', b'alu', b'v\xc3\xa1r', b'd\xc3\xa1ro', b'Lin', b'h\xc3\xa1li', b'\xc3\xa1i', b'ht\xc3\xa1</w>', b'ovddas</w>', b'olbmo</w>', b'K', b'ohc', b'asta</w>', b'\xc4\x8doahkki', b'bero\xc5\xa1', b'nan</w>', b'liv\xc4\x8d\xc4\x8d', b'P', b'duvv', b'ir', b'gear', b'olm', b'tea', b'doaimma', b'nje', b'Vuo', b'd\xc3\xa1r', b's\xc3\xa1mi', b'\xc5\xa7', b'h\xc3\xa1r', b'ri</w>', b'Buo', b'lle', b'\xc4\x8c', b'Da', b'giela', b'kuv', b'juo</w>', b'hku</w>', b'les</w>', b'jea', b'os</w>', b'\xc4\x91a', b'hkka', b'oah', b'fu', b'bok', b'op', b'men', b'\xc5\xbea</w>', b'headdj', b'va</w>', b'\xc3\xa1l</w>', b'beas', b'mil</w>', b'gun</w>', b'bme', b'die\xc4\x91', b'res</w>', b'lii', b'soa', b'dol', b'doar', b'rd', b'\xc5\xa1vuo\xc4\x91a', b'tus</w>', b'tne', b'ovdal', b'ttu', b'dut', b'kon', b'Norg', b'teh', b'fer', b'ruovttu', b'htta</w>', b'M\xc3\xa1n\xc3\xa1', b'hppi', b'nju', b'oid', b'asse', b'eg', b'\xc3\x81l', b'jo\xc4\x91i', b'bas</w>', b'sier', b'dov', b's\xc3\xa1</w>', b'ek', b'itto', b'dji', b'ala</w>', b'ser', b'ui', b'.', b'oll', b'st\xc3\xa1</w>', b'htta', b'lla', b'doal', b'ferte', b'\xc3\xa1lgo', b'mearr\xc3\xa1', b'Finnm\xc3\xa1rkkuopmo', b'hkki</w>', b'ide', b'Ol', b'sosi', b'riikka', b'Ea', b'm\xc3\xa1r', b'ase', b'buohcce', b'9', b'Nor', b'g\xc3\xa1vpo', b'htu', b'gield', b'sen</w>', b'St\xc3\xa1', b'to</w>', b'b\xc3\xa1ik', b'\xc5\xa1a</w>', b'd\xc3\xa1rbba\xc5\xa1', b'li</w>', b'pl\xc3\xa1', b'mma', b'eatnami', b'ka</w>', b'ss\xc3\xa1', b'nieid', b'olgga', b'hcc', b'g\xc3\xa1ib', b'dego</w>', b'tai</w>', b'kti', b'oal', b'kus</w>', b'tem', b'oain', b'ferte</w>', b'ste', b'guos', b'ddji', b'gie', b'il</w>', b'men</w>', b'sit</w>', b'dde</w>', b'\xc4\x91i</w>', b'ain</w>', b'et', b'ovd', b'bmo', b'vuov', b'ie\xc5\xa1', b'la\xc4\x8d\xc4\x8da', b'eah', b'\xc5\x8b\xc5\x8b', b'vis', b'Bu', b'\xc4\x8duov', b'guh', b'm\xc3\xa1\xc5\x8b', b'ovttas</w>', b'l\xc3\xa1hka', b'vul', b'poli', b'\xc3\xa1lbmot', b'sul', b'0</w>', b'jan</w>', b'ovt</w>', b'ovdal</w>', b'\xc4\x8d\xc3\xa1je', b'\xc5\xa1vuo\xc4\x91a</w>', b'pu</w>', b'\xc4\x8diel', b'bel', b'historj', b'rii', b'eat</w>', b'\xc5\xa1ea', b'l\xc3\xa1g', b'b\xc3\xa1rt', b'olb', b'das', b'l\xc3\xa1</w>', b'sk', b'Man', b'fuo', b'var', b'\xc3\xa1n', b'dego', b'Guov', b'bargo', b'oav', b'sto', b'hear', b'\xc3\xa1igu', b'tui</w>', b'bo</w>', b'sso', b'tas</w>', b'sta</w>', b'tt', b'dil\xc3\xa1la', b'\xc4\x91o', b'(</w>', b')</w>', b'nj', b'nub', b'bu</w>', b'dn', b'guovt', b'f\xc3\xa1r', b'v\xc3\xa1cc', b'ppa</w>', b'geah', b'oa\xc4\x91\xc4\x91', b'Ruo', b'boa\xc4\x91', b'kan', b'\xc4\x8d\xc4\x8da', b'pro', b'dd\xc3\xa1', b'\xc3\xa1lgga', b'ot', b'8', b'dat', b'Be', b'skuvlla', b'U', b'gir', b'orro</w>', b'eami', b'kt', b'g\xc3\xa1v', b'kat</w>', b'let</w>', b'bis', b'erenoam\xc3\xa1', b'sta', b'jie', b'no</w>', b'meahcc', b'ppi', b'Oah', b'Div', b'skuvla</w>', b'ovtta</w>', b'lulli', b'\xc4\x8da\xc4\x91a', b'\xc4\x91i', b'tad', b'v\xc3\xa1st\xc3\xa1', b'pa</w>', b'alan', b'bb', b'v\xc3\xa1ldo', b'eg\xc3\xa1', b'dear', b'luht', b'vzz', b'ai', b'g\xc3\xa1i', b'astu', b'eh', b'Go', b'\xc3\xa1lg', b'ledj', b'\xc3\xa1rvvo\xc5\xa1talla', b'meahc', b'fyl', b'oat', b'depar', b'htu</w>', b'okta</w>', b'mo</w>', b'v\xc3\xa1ik', b'doaim', b'kto', b'vva', b'stalla', b'par', b'Lea', b'hkko', b'boahti', b'ruo', b'ike</w>', b'j\xc3\xa1v', b'sear', b'r</w>', b'ste</w>', b'kkas', b'iga</w>', b'In</w>', b'beaht', b'guovllu', b'ovddid', b'uov', b'div\xc5\xa1\xc5\xa1oh', b'div\xc5\xa1\xc5\xa1', b'h\xc3\xa1l', b'Le', b'b\xc3\xa1lval', b'all', b'Nie', b'buk', b'iga', b'\xc3\xa1ld', b'bier', b'fit', b'Roms', b'intern\xc3\xa1ht', b'\xc5\xbei', b'biil', b'M\xc3\xa1ht', b'Stu', b'd\xc3\xa1v', b'rahal', b'5', b'dad', b'vn', b'In', b'f\xc3\xa1l', b'go\xc4\x91', b'ovdd', b'ilm', b'Bar', b'val', b'pan</w>', b'bohcc', b'\xc5\xa1iehta', b'r\xc3\xa1\xc4\x91\xc4\x91', b'hto', b'Dea', b'R\xc3\xa1', b'maide', b'ead', b'golb', b'ikk', b'luonddu', b'2', b'viid', b'oaivi', b'h\xc3\xa1ldda\xc5\xa1', b'mu\xc5\xa1a', b'orro', b'eamb', b'adno', b'njuolgga', b'eise', b'lok', b'dje', b'golm', b'tead', b'jahk\xc3\xa1sa', b'doaib', b'Gi', b'jurd', b'pme', b'tk', b'dda', b'kis</w>', b'm\xc3\xa1n', b'dd', b'lb', b'\xc4\x8doh', b'\xc5\xa1uvd', b'geavah', b'sihk', b'mm', b'jour', b'm\xc3\xa1ht', b'ddji</w>', b'alle</w>', b'hti', b'fil', b'dul', b'Os', b'18', b'lle</w>', b'ter', b'm\xc3\xa1n\xc3\xa1</w>', b'ak', b'vat</w>', b'ssa', b'boazodoal', b'ssa</w>', b'd\xc3\xa1hp\xc3\xa1', b'hku', b'el</w>', b'ogi', b'r\xc3\xa1</w>', b'Ju', b'div', b'Nu</w>', b'lm', b'oai', b'uk', b'\xc3\xa1s', b'vii', b'\xc4\x8doa', b'oo', b'Suo', b'Mu</w>', b'pp\xc3\xa1', b'toh', b'\xc3\xa1\xc5\xa1\xc5\xa1', b'Nu', b'da\xc5\xa1', b'Muhtu', b'bas', b'Gu', b'd\xc3\xa1hp\xc3\xa1hu', b'seam', b'h\xc3\xa1ld', b'kea', b'tii', b'fi', b'Jo', b'len</w>', b'ei</w>', b'6', b'2</w>', b'kui</w>', b'hp\xc3\xa1', b'sp', b'bba', b'\xc4\x8da', b'olle', b'nag', b'alda', b'ollu', b'hppi</w>', b'Ar', b'tern\xc3\xa1', b'ruov', b'\xc4\x8dea', b'Man</w>', b'cc', b'tet', b'ie\xc5\xbea</w>', b'kur', b'olli', b'ige</w>', b'\xc4\x91a</w>', b'hkka</w>', b'ke</w>', b'kku', b'nis</w>', b'vil', b'\xc5\xa1i', b'b\xc3\xa1</w>', b'De', b'ali', b'ald', b'ten</w>', b'alj', b'\xc5\x8bi', b'oj', b'ovtta', b'rig', b'h\xc3\xa1</w>', b'mu\xc5\xa1</w>', b'ro\xc5\xa1', b'radi', b'ige', b'zi', b'pi</w>', b'muhtu', b'jo</w>', b'\xc4\x91g', b'sur', b'Pi', b'Tom', b'oda', b'ren</w>', b'ruvnn', b'kar', b'oro', b'jut</w>', b'ven', b'gask', b'vur', b'Min</w>', b'\xe2\x80\x93</w>', b'nas</w>', b'gen</w>', b'beaivv', b'Ipmi', b'sis', b'os', b'eat', b'3</w>', b'niver', b'om', b'pmi', b'kul', b'nan', b'vis</w>', b'lli</w>', b'\xc3\xa1s</w>', b'dj\xc3\xa1</w>', b'nde', b'dus', b'rea', b'rg', b'Sa', b'ei', b'fa', b'ras', b'nas', b'isi', b'\xc3\xb8', b'arg', b'ali</w>', b'dji</w>', b'lami', b'ul</w>', b'sto</w>', b'd\xc3\xa1rbba', b'htt\xc3\xa1', b'eld', b'ret', b'un</w>', b'huv', b'vi\xc4\x91', b'vel', b'jul', b'ran</w>', b'rah', b'jor', b'dovd', b'organi', b'tus', b'huk', b'tat</w>', b'kas', b'guovllu</w>', b'lo</w>', b'nne', b'hil', b'dik', b'las</w>', b'Por', b'on', b'\xc5\xa1talla', b'5</w>', b'tt\xc3\xa1', b'olli</w>', b'bora', b'ivv', b'ita', b'tes</w>', b'rit</w>', b'00</w>', b'hkk', b'nda</w>', b'ber', b'fe</w>', b'Je', b'ell', b'\xc4\x8da\xc4\x91a</w>', b'oli', b'or</w>', b'vah', b'tt\xc3\xa1</w>', b'vii</w>', b'jal', b'ff', b'jas</w>', b'Vi', b'hko', b'Tu', b'Ra', b'Du', b'nie', b'sil', b'ie\xc5\xa1</w>', b'Boa\xc4\x91', b'opmo', b'ime</w>', b'alg', b'nen</w>', b'hcce', b'rii</w>', b'man</w>', b'\xc5\xa1ta', b'g\xc3\xa1i</w>', b'l\xc3\xa1hka</w>', b'nai</w>', b'dav', b'ola</w>', b'ask', b'll\xc3\xa1</w>', b'ju</w>', b'nal', b'kuh', b'stre', b'dal</w>', b'tumi', b'kti</w>', b'tut</w>', b'doall', b'jur', b'fe', b'ron</w>', b'Va', b'vahe', b'ilu</w>', b'vit</w>', b'000</w>', b'lla</w>', b'kut</w>', b'se</w>', b'vvu', b'gel', b'olu', b'sut</w>', b'vu</w>', b'min', b'\xc3\xa1igu</w>', b'He', b'b\xc3\xa1r', b'Na</w>', b'eam', b'nde</w>', b'od', b'prog', b'Su</w>', b'medi', b'tur', b'viid</w>', b'vas', b'pre', b'ela', b'vuost', b'tal', b'vva</w>', b'bal', b'ho', b'Ha', b'v\xc4\x8d\xc4\x8d', b'La', b'Mo</w>', b'rt', b'ppa', b'pri', b'zo', b'dut</w>', b'mil', b'vir', b'por', b'keva', b'\xc4\x8d\xc4\x8da</w>', b'mu\xc5\xa1', b'tan', b'stan', b'mes</w>', b'olu</w>', b'ike', b'nni', b'W', b'uos', b'mut', b'kas</w>', b'ine', b'mos</w>', b'eami</w>', b'rin', b'saj', b'jj', b'ing', b'Mi', b'rin</w>', b'll\xc3\xa1', b'Val', b'bus', b'ter</w>', b'van', b'dl', b'ur', b'nam', b'C', b'den</w>', b'M\xc3\xa1r', b'nne</w>', b'h</w>', b'hti</w>', b'ise', b'sii', b'asi</w>', b'kse', b'lig', b'mut</w>', b'l\xc3\xa1h', b'Sin</w>', b'nda', b'\xc5\xa1jo', b'00', b'ks', b'hkki', b'mu\xc5\xa1a</w>', b'ene</w>', b'Do</w>', b'D\xc3\xa1</w>', b'1</w>', b'hin</w>', b'do</w>', b'llu', b'Ja', b'\xc4\x8di</w>', b'koh', b'Si', b'arr', b'igat', b'v\xc3\xa1</w>', b'ca', b'\xc4\x91u</w>', b'kom', b'kel</w>', b'giel</w>', b'nii', b'Ka', b'am', b'rik', b'kon</w>', b'Na', b'm</w>', b'kos</w>', b'mana</w>', b'ee', b'\xc5\xa0', b'elg', b'da\xc5\xa1</w>', b'20', b'rist', b'ten', b'his</w>', b'mah', b'meri', b'para', b'het', b'teg', b'ssi</w>', b'fit</w>', b'bmo</w>', b'jas', b'sti</w>', b'renoam\xc3\xa1', b'pas', b'ea</w>', b'ill', b'y</w>', b'ttu</w>', b'nen', b'ord', b'zz', b'ven</w>', b'for', b'\xc5\xa1ie', b'mate', b'san</w>', b'kes</w>', b'pp\xc3\xa1</w>', b'ag', b'\xc4\x8da</w>', b'kis', b'D</w>', b'k</w>', b'200', b'ld', b'set', b'ps', b'kol', b'pu', b'20</w>', b'pan', b'alan</w>', b'vali', b'tun', b'idn', b'An', b'ton', b'ran', b'ssi', b'ilu', b'ris', b'Lo', b'pid', b'Hea', b'tne</w>', b'g</w>', b'\xc3\xa1lbmot</w>', b'vo</w>', b'kag', b'osa', b'osa</w>', b'oht', b'sir', b'inn', b'valit</w>', b'\xc3\xa5', b'vas</w>', b'Ro', b'Se', b'bba</w>', b'vale', b'asse</w>', b'ng', b'ver', b'mui', b'em', b'asu', b'liht', b'ut', b'mer', b'dala', b'\xc3\xa1rvvo', b'oli</w>', b'fa</w>', b'git', b'idi', b'ppu', b'fir', b'jad', b'he</w>', b'ole', b'nni</w>', b'ean</w>', b'pii</w>', b'Bo', b'oaivi</w>', b'pen', b'kud', b'arve', b'allin', b'mus', b'jaga</w>', b'nit', b'Di', b'dak', b'ria', b'\xc3\xa1sa</w>', b'bli', b'luond', b'sen', b'spe', b'let', b'rj', b'lin</w>', b'dai</w>', b'ina</w>', b'd\xc3\xa1rbba\xc5\xa1</w>', b'zi</w>', b'krist', b'profe', b'd</w>', b'\xc5\xa1a', b'f</w>', b'nie</w>', b'Pe', b'p\xc3\xa4\xc3\xa4</w>', b'algu', b'kk\xc3\xa1</w>', b'iste', b'\xc3\xa1g', b'nna', b'rit', b'hkke</w>', b'oor', b'taga</w>', b'elo', b'kse</w>', b'ksu', b'lah', b'gen', b'intern\xc3\xa1htta</w>', b'his', b'mai</w>', b'mearri</w>', b'6</w>', b'er</w>', b'net', b'ass', b'oma', b'pal', b'Sea', b'kun</w>', b'konk', b'meh', b'To', b'po</w>', b'riikka</w>', b'nor', b'200</w>', b'remi', b'mora', b'um', b'pea', b'ie\xc5\xbea', b'Li', b'\xc5\xbei</w>', b'stan</w>', b'tiiv', b'ain', b'nna</w>', b'oro</w>', b'bus</w>', b'uro', b'ab', b'og', b'fi</w>', b'err', b'pm\xc3\xa1</w>', b'duo</w>', b'dd\xc3\xa1</w>', b'ehi', b'pme</w>', b'ck</w>', b'w</w>', b'w', b'V</w>', b'kin', b'tal</w>', b'vir</w>', b'inf', b'sak', b'\xc5\xa1ta</w>', b'Tele', b'lit', b'sak</w>', b'terna', b'arv', b'ell</w>', b'gil</w>', b'\xc3\x98', b'kk</w>', b'ndi', b'gud', b'alle', b'ron', b'rs</w>', b'ar</w>', b'nt', b'cu', b'tel', b'aa', b'oa</w>', b'Mil', b'm\xc3\xa1r</w>', b'sai</w>', b'res', b'usk', b'\xc3\xa6', b'Bir', b'tele', b'lin', b'sc', b'AT', b'luonddu</w>', b'ae', b'eri', b'tag', b'doaimma</w>', b'bis</w>', b'vall', b'lub', b'ts', b'kog', b'pai</w>', b'liigu', b'nel', b'hak', b'vee', b'\xe2\x80\x94</w>', b'eag', b'pm', b'lai</w>', b'Ve', b'sal', b'gea</w>', b'stra', b'tegi', b'tre', b'elek', b'\xc2\xbb</w>', b'sm', b'kee', b'kaht', b'N</w>', b'ren', b'koo', b'rel', b'Mo', b'ken', b'jaga', b'arva', b'ras</w>', b'rk', b'met', b'lai', b'gra', b'rge', b'nega', b'au', b'nat', b'lg', b'vai', b'ck', b'ted</w>', b'Re', b'dearvva\xc5\xa1vuo\xc4\x91a</w>', b'aru', b'im</w>', b'S</w>', b'lei', b'L</w>', b'/</w>', b'oska</w>', b'gan', b'c\xc3\xa1', b'hp\xc3\xa1</w>', b'm\xc3\xa1n</w>', b'Ho</w>', b'hoi</w>', b'sea</w>', b'pah', b'bm', b'/', b'ton</w>', b'8</w>', b'\xc2\xb6</w>', b'lek', b'oahpp', b'ikka</w>', b'add', b'bol', b'sek', b'dire', b'elda</w>', b'sin', b'Me', b'vuoigat</w>', b'rad', b'\xc5\xbea', b'allin</w>', b'bme</w>', b'mat', b'kri', b'Saa', b'uri', b'dj\xc3\xa1', b'oma</w>', b'tat', b'ksi</w>', b'kir', b'hel', b'rs', b'mai', b'\xc2\xa7</w>', b'4</w>', b'dearvva', b'jat', b'Du</w>', b'vara</w>', b'vara', b'kus', b'inu', b'Ole</w>', b'vvu</w>', b'istu', b'tm', b'mb', b'aj', b'lis', b'bora</w>', b'noo', b'ah', b'gri', b'rik</w>', b'ci', b'kos', b'hk\xc3\xa1sa', b'lus</w>', b'Kan', b'mis', b'istu</w>', b'stu</w>', b'san', b'Su', b'mon</w>', b'sku</w>', b'anna', b'riik', b'ela</w>', b'\xc3\xa1lgga</w>', b'var</w>', b'kat', b'mp', b'njuolgga</w>', b'O</w>', b'\xc3\xb8</w>', b'vet', b'ksi', b'ame', b'lus', b'sku', b'musta', b'ikka', b'stru', b'orr', b'\xc4\x8d\xc3\xa1</w>', b'pol', b'ini', b'dea</w>', b'mari', b'idi</w>', b'earr', b'Ti', b'nd</w>', b'Ter', b's\xc3\xa1m', b'are</w>', b'lel</w>', b'vil</w>', b'lap', b'esi</w>', b'lame', b'kes', b'ss\xc3\xa1</w>', b'Nii', b'am</w>', b'urne', b'ca</w>', b'oahpa</w>', b'Do', b'sei', b'Liht', b'ro</w>', b'koj', b'oas</w>', b'raha</w>', b'eai', b'ud', b'K\xc3\xa1', b'Ne', b'vaja', b'anna</w>', b'ud</w>', b'minu', b'zo</w>', b'Ku', b'vita</w>', b'ses</w>', b'per', b'rge</w>', b'vl']
2026-01-03 01:00:40,520 vocabulary size of 1712
2026-01-03 01:00:40,536 SequenceTagger predicts: Dictionary with 17 tags: <PAD>, NOUN, VERB, PUNCT, PRON, ADV, AUX, ADJ, CCONJ, PROPN, ADP, SCONJ, NUM, PART, INTJ, <START>, <STOP>
2026-01-03 01:00:41,957 
Results:
- F-score (micro) 0.9373
- F-score (macro) 0.839
- Accuracy 0.9373

By class:
              precision    recall  f1-score   support

       <PAD>     0.9987    0.9988    0.9988      7675
        NOUN     0.7837    0.8848    0.8312      1085
       PUNCT     0.9977    1.0000    0.9988       867
        VERB     0.7949    0.7661    0.7802       855
        PRON     0.9227    0.9643    0.9430       532
         ADV     0.7541    0.8166    0.7841       398
         AUX     0.8260    0.8240    0.8250       409
         ADJ     0.7975    0.5727    0.6667       330
       PROPN     0.7972    0.6926    0.7412       244
       CCONJ     0.9739    0.9803    0.9770       152
       SCONJ     0.7917    0.9596    0.8676        99
         NUM     0.9275    0.6154    0.7399       104
         ADP     0.7857    0.7586    0.7719        87
        PART     0.9828    0.6786    0.8028        84
        INTJ     1.0000    0.7500    0.8571         4

    accuracy                         0.9373     12925
   macro avg     0.8756    0.8175    0.8390     12925
weighted avg     0.9380    0.9373    0.9363     12925

2026-01-03 01:00:41,959 ----------------------------------------------------------------------------------------------------
