2026-01-03 00:17:00,652 ----------------------------------------------------------------------------------------------------
2026-01-03 00:17:00,652 Model: "SequenceTagger(
  (embeddings): StackedEmbeddings(
    (list_embedding_0): OneHotEmbeddings(
      (embedding_layer): Embedding(2060, 300)
    )
  )
  (word_dropout): WordDropout(p=0.05)
  (locked_dropout): LockedDropout(p=0.5)
  (embedding2nn): Linear(in_features=300, out_features=300, bias=True)
  (rnn): LSTM(300, 256, batch_first=True, bidirectional=True)
  (linear): Linear(in_features=512, out_features=19, bias=True)
  (loss_function): ViterbiLoss()
  (crf): CRF()
)"
2026-01-03 00:17:00,652 ----------------------------------------------------------------------------------------------------
2026-01-03 00:17:00,652 Corpus: 918 train + 445 dev + 448 test sentences
2026-01-03 00:17:00,652 ----------------------------------------------------------------------------------------------------
2026-01-03 00:17:00,652 Train:  918 sentences
2026-01-03 00:17:00,652         (train_with_dev=False, train_with_test=False)
2026-01-03 00:17:00,653 ----------------------------------------------------------------------------------------------------
2026-01-03 00:17:00,653 Training Params:
2026-01-03 00:17:00,653  - learning_rate: "0.1" 
2026-01-03 00:17:00,653  - mini_batch_size: "32"
2026-01-03 00:17:00,653  - max_epochs: "150"
2026-01-03 00:17:00,653  - shuffle: "True"
2026-01-03 00:17:00,653 ----------------------------------------------------------------------------------------------------
2026-01-03 00:17:00,653 Plugins:
2026-01-03 00:17:00,653  - AnnealOnPlateau | patience: '3', anneal_factor: '0.5', min_learning_rate: '0.0001'
2026-01-03 00:17:00,653 ----------------------------------------------------------------------------------------------------
2026-01-03 00:17:00,653 Final evaluation on model from best epoch (best-model.pt)
2026-01-03 00:17:00,653  - metric: "('micro avg', 'f1-score')"
2026-01-03 00:17:00,653 ----------------------------------------------------------------------------------------------------
2026-01-03 00:17:00,653 Computation:
2026-01-03 00:17:00,653  - compute on device: cpu
2026-01-03 00:17:00,653  - embedding storage: none
2026-01-03 00:17:00,653 ----------------------------------------------------------------------------------------------------
2026-01-03 00:17:00,653 Model training base path: "models/flair_pos/obpe/hu/hu_et"
2026-01-03 00:17:00,653 ----------------------------------------------------------------------------------------------------
2026-01-03 00:17:00,653 ----------------------------------------------------------------------------------------------------
2026-01-03 00:17:03,791 epoch 1 - iter 2/29 - loss 2.89648952 - time (sec): 3.14 - samples/sec: 1239.83 - lr: 0.100000 - momentum: 0.000000
2026-01-03 00:17:05,941 epoch 1 - iter 4/29 - loss 2.60006613 - time (sec): 5.29 - samples/sec: 1306.44 - lr: 0.100000 - momentum: 0.000000
2026-01-03 00:17:09,252 epoch 1 - iter 6/29 - loss 2.35859777 - time (sec): 8.60 - samples/sec: 1215.93 - lr: 0.100000 - momentum: 0.000000
2026-01-03 00:17:12,362 epoch 1 - iter 8/29 - loss 2.20145536 - time (sec): 11.71 - samples/sec: 1241.35 - lr: 0.100000 - momentum: 0.000000
2026-01-03 00:17:14,848 epoch 1 - iter 10/29 - loss 2.12784787 - time (sec): 14.19 - samples/sec: 1261.48 - lr: 0.100000 - momentum: 0.000000
2026-01-03 00:17:17,856 epoch 1 - iter 12/29 - loss 2.05684938 - time (sec): 17.20 - samples/sec: 1257.18 - lr: 0.100000 - momentum: 0.000000
2026-01-03 00:17:19,803 epoch 1 - iter 14/29 - loss 1.99858040 - time (sec): 19.15 - samples/sec: 1310.75 - lr: 0.100000 - momentum: 0.000000
2026-01-03 00:17:21,682 epoch 1 - iter 16/29 - loss 1.96463132 - time (sec): 21.03 - samples/sec: 1344.02 - lr: 0.100000 - momentum: 0.000000
2026-01-03 00:17:24,139 epoch 1 - iter 18/29 - loss 1.92820617 - time (sec): 23.49 - samples/sec: 1347.77 - lr: 0.100000 - momentum: 0.000000
2026-01-03 00:17:25,970 epoch 1 - iter 20/29 - loss 1.90181684 - time (sec): 25.32 - samples/sec: 1380.17 - lr: 0.100000 - momentum: 0.000000
2026-01-03 00:17:28,197 epoch 1 - iter 22/29 - loss 1.87754003 - time (sec): 27.54 - samples/sec: 1394.26 - lr: 0.100000 - momentum: 0.000000
2026-01-03 00:17:30,321 epoch 1 - iter 24/29 - loss 1.85252237 - time (sec): 29.67 - samples/sec: 1411.72 - lr: 0.100000 - momentum: 0.000000
2026-01-03 00:17:32,374 epoch 1 - iter 26/29 - loss 1.83622972 - time (sec): 31.72 - samples/sec: 1428.11 - lr: 0.100000 - momentum: 0.000000
2026-01-03 00:17:34,644 epoch 1 - iter 28/29 - loss 1.81802216 - time (sec): 33.99 - samples/sec: 1440.77 - lr: 0.100000 - momentum: 0.000000
2026-01-03 00:17:35,402 ----------------------------------------------------------------------------------------------------
2026-01-03 00:17:35,402 EPOCH 1 done: loss 1.8131 - lr: 0.100000
2026-01-03 00:17:40,048 DEV : loss 1.446591854095459 - f1-score (micro avg)  0.6248
2026-01-03 00:17:40,054  - 0 epochs without improvement
2026-01-03 00:17:40,054 saving best model
2026-01-03 00:17:40,074 ----------------------------------------------------------------------------------------------------
2026-01-03 00:17:42,303 epoch 2 - iter 2/29 - loss 1.54513725 - time (sec): 2.23 - samples/sec: 1523.31 - lr: 0.100000 - momentum: 0.000000
2026-01-03 00:17:44,380 epoch 2 - iter 4/29 - loss 1.54338931 - time (sec): 4.31 - samples/sec: 1734.01 - lr: 0.100000 - momentum: 0.000000
2026-01-03 00:17:46,597 epoch 2 - iter 6/29 - loss 1.54008103 - time (sec): 6.52 - samples/sec: 1611.54 - lr: 0.100000 - momentum: 0.000000
2026-01-03 00:17:48,617 epoch 2 - iter 8/29 - loss 1.53293133 - time (sec): 8.54 - samples/sec: 1605.94 - lr: 0.100000 - momentum: 0.000000
2026-01-03 00:17:51,126 epoch 2 - iter 10/29 - loss 1.52677463 - time (sec): 11.05 - samples/sec: 1589.60 - lr: 0.100000 - momentum: 0.000000
2026-01-03 00:17:53,059 epoch 2 - iter 12/29 - loss 1.51835639 - time (sec): 12.98 - samples/sec: 1612.48 - lr: 0.100000 - momentum: 0.000000
2026-01-03 00:17:55,764 epoch 2 - iter 14/29 - loss 1.51471760 - time (sec): 15.69 - samples/sec: 1564.60 - lr: 0.100000 - momentum: 0.000000
2026-01-03 00:17:57,692 epoch 2 - iter 16/29 - loss 1.51459219 - time (sec): 17.62 - samples/sec: 1595.63 - lr: 0.100000 - momentum: 0.000000
2026-01-03 00:17:59,658 epoch 2 - iter 18/29 - loss 1.51476086 - time (sec): 19.58 - samples/sec: 1611.44 - lr: 0.100000 - momentum: 0.000000
2026-01-03 00:18:02,216 epoch 2 - iter 20/29 - loss 1.51566510 - time (sec): 22.14 - samples/sec: 1587.29 - lr: 0.100000 - momentum: 0.000000
2026-01-03 00:18:03,653 epoch 2 - iter 22/29 - loss 1.51198093 - time (sec): 23.58 - samples/sec: 1607.89 - lr: 0.100000 - momentum: 0.000000
2026-01-03 00:18:06,551 epoch 2 - iter 24/29 - loss 1.50903098 - time (sec): 26.48 - samples/sec: 1574.63 - lr: 0.100000 - momentum: 0.000000
2026-01-03 00:18:08,614 epoch 2 - iter 26/29 - loss 1.50842592 - time (sec): 28.54 - samples/sec: 1581.38 - lr: 0.100000 - momentum: 0.000000
2026-01-03 00:18:11,127 epoch 2 - iter 28/29 - loss 1.50572233 - time (sec): 31.05 - samples/sec: 1579.93 - lr: 0.100000 - momentum: 0.000000
2026-01-03 00:18:12,545 ----------------------------------------------------------------------------------------------------
2026-01-03 00:18:12,545 EPOCH 2 done: loss 1.5030 - lr: 0.100000
2026-01-03 00:18:17,184 DEV : loss 1.394763469696045 - f1-score (micro avg)  0.6393
2026-01-03 00:18:17,189  - 0 epochs without improvement
2026-01-03 00:18:17,190 saving best model
2026-01-03 00:18:17,203 ----------------------------------------------------------------------------------------------------
2026-01-03 00:18:19,621 epoch 3 - iter 2/29 - loss 1.47329989 - time (sec): 2.42 - samples/sec: 1328.83 - lr: 0.100000 - momentum: 0.000000
2026-01-03 00:18:22,357 epoch 3 - iter 4/29 - loss 1.45503835 - time (sec): 5.15 - samples/sec: 1343.45 - lr: 0.100000 - momentum: 0.000000
2026-01-03 00:18:24,080 epoch 3 - iter 6/29 - loss 1.45713874 - time (sec): 6.88 - samples/sec: 1485.05 - lr: 0.100000 - momentum: 0.000000
2026-01-03 00:18:26,440 epoch 3 - iter 8/29 - loss 1.45198267 - time (sec): 9.24 - samples/sec: 1505.50 - lr: 0.100000 - momentum: 0.000000
2026-01-03 00:18:29,085 epoch 3 - iter 10/29 - loss 1.44963503 - time (sec): 11.88 - samples/sec: 1484.51 - lr: 0.100000 - momentum: 0.000000
2026-01-03 00:18:32,982 epoch 3 - iter 12/29 - loss 1.44845304 - time (sec): 15.78 - samples/sec: 1334.84 - lr: 0.100000 - momentum: 0.000000
2026-01-03 00:18:35,079 epoch 3 - iter 14/29 - loss 1.44281770 - time (sec): 17.88 - samples/sec: 1366.47 - lr: 0.100000 - momentum: 0.000000
2026-01-03 00:18:37,940 epoch 3 - iter 16/29 - loss 1.44200492 - time (sec): 20.74 - samples/sec: 1374.13 - lr: 0.100000 - momentum: 0.000000
2026-01-03 00:18:40,030 epoch 3 - iter 18/29 - loss 1.44004825 - time (sec): 22.83 - samples/sec: 1382.78 - lr: 0.100000 - momentum: 0.000000
2026-01-03 00:18:42,007 epoch 3 - iter 20/29 - loss 1.43753068 - time (sec): 24.80 - samples/sec: 1415.27 - lr: 0.100000 - momentum: 0.000000
2026-01-03 00:18:44,149 epoch 3 - iter 22/29 - loss 1.43475289 - time (sec): 26.95 - samples/sec: 1435.02 - lr: 0.100000 - momentum: 0.000000
2026-01-03 00:18:46,717 epoch 3 - iter 24/29 - loss 1.43024026 - time (sec): 29.51 - samples/sec: 1423.93 - lr: 0.100000 - momentum: 0.000000
2026-01-03 00:18:48,710 epoch 3 - iter 26/29 - loss 1.42850547 - time (sec): 31.51 - samples/sec: 1438.29 - lr: 0.100000 - momentum: 0.000000
2026-01-03 00:18:51,016 epoch 3 - iter 28/29 - loss 1.42756378 - time (sec): 33.81 - samples/sec: 1452.07 - lr: 0.100000 - momentum: 0.000000
2026-01-03 00:18:51,727 ----------------------------------------------------------------------------------------------------
2026-01-03 00:18:51,727 EPOCH 3 done: loss 1.4271 - lr: 0.100000
2026-01-03 00:18:56,455 DEV : loss 1.3164938688278198 - f1-score (micro avg)  0.6394
2026-01-03 00:18:56,460  - 0 epochs without improvement
2026-01-03 00:18:56,461 saving best model
2026-01-03 00:18:56,472 ----------------------------------------------------------------------------------------------------
2026-01-03 00:18:58,704 epoch 4 - iter 2/29 - loss 1.41520588 - time (sec): 2.23 - samples/sec: 1562.15 - lr: 0.100000 - momentum: 0.000000
2026-01-03 00:19:00,753 epoch 4 - iter 4/29 - loss 1.39246502 - time (sec): 4.28 - samples/sec: 1702.49 - lr: 0.100000 - momentum: 0.000000
2026-01-03 00:19:03,016 epoch 4 - iter 6/29 - loss 1.40200050 - time (sec): 6.54 - samples/sec: 1649.98 - lr: 0.100000 - momentum: 0.000000
2026-01-03 00:19:04,891 epoch 4 - iter 8/29 - loss 1.38752346 - time (sec): 8.42 - samples/sec: 1691.94 - lr: 0.100000 - momentum: 0.000000
2026-01-03 00:19:06,330 epoch 4 - iter 10/29 - loss 1.38814680 - time (sec): 9.86 - samples/sec: 1750.14 - lr: 0.100000 - momentum: 0.000000
2026-01-03 00:19:08,709 epoch 4 - iter 12/29 - loss 1.38325641 - time (sec): 12.24 - samples/sec: 1700.53 - lr: 0.100000 - momentum: 0.000000
2026-01-03 00:19:10,375 epoch 4 - iter 14/29 - loss 1.38357520 - time (sec): 13.90 - samples/sec: 1729.09 - lr: 0.100000 - momentum: 0.000000
2026-01-03 00:19:12,506 epoch 4 - iter 16/29 - loss 1.38004104 - time (sec): 16.03 - samples/sec: 1731.10 - lr: 0.100000 - momentum: 0.000000
2026-01-03 00:19:14,382 epoch 4 - iter 18/29 - loss 1.37376188 - time (sec): 17.91 - samples/sec: 1756.03 - lr: 0.100000 - momentum: 0.000000
2026-01-03 00:19:16,783 epoch 4 - iter 20/29 - loss 1.37564365 - time (sec): 20.31 - samples/sec: 1735.73 - lr: 0.100000 - momentum: 0.000000
2026-01-03 00:19:19,118 epoch 4 - iter 22/29 - loss 1.37662906 - time (sec): 22.65 - samples/sec: 1718.39 - lr: 0.100000 - momentum: 0.000000
2026-01-03 00:19:21,545 epoch 4 - iter 24/29 - loss 1.37404117 - time (sec): 25.07 - samples/sec: 1677.19 - lr: 0.100000 - momentum: 0.000000
2026-01-03 00:19:23,889 epoch 4 - iter 26/29 - loss 1.37085371 - time (sec): 27.42 - samples/sec: 1661.18 - lr: 0.100000 - momentum: 0.000000
2026-01-03 00:19:25,502 epoch 4 - iter 28/29 - loss 1.36564312 - time (sec): 29.03 - samples/sec: 1677.60 - lr: 0.100000 - momentum: 0.000000
2026-01-03 00:19:26,381 ----------------------------------------------------------------------------------------------------
2026-01-03 00:19:26,381 EPOCH 4 done: loss 1.3625 - lr: 0.100000
2026-01-03 00:19:30,041 DEV : loss 1.2261838912963867 - f1-score (micro avg)  0.702
2026-01-03 00:19:30,047  - 0 epochs without improvement
2026-01-03 00:19:30,048 saving best model
2026-01-03 00:19:30,060 ----------------------------------------------------------------------------------------------------
2026-01-03 00:19:31,988 epoch 5 - iter 2/29 - loss 1.26697291 - time (sec): 1.93 - samples/sec: 1921.64 - lr: 0.100000 - momentum: 0.000000
2026-01-03 00:19:33,798 epoch 5 - iter 4/29 - loss 1.25119187 - time (sec): 3.74 - samples/sec: 1963.77 - lr: 0.100000 - momentum: 0.000000
2026-01-03 00:19:35,328 epoch 5 - iter 6/29 - loss 1.24396950 - time (sec): 5.27 - samples/sec: 2046.93 - lr: 0.100000 - momentum: 0.000000
2026-01-03 00:19:37,769 epoch 5 - iter 8/29 - loss 1.22509615 - time (sec): 7.71 - samples/sec: 1854.45 - lr: 0.100000 - momentum: 0.000000
2026-01-03 00:19:39,429 epoch 5 - iter 10/29 - loss 1.22620289 - time (sec): 9.37 - samples/sec: 1883.61 - lr: 0.100000 - momentum: 0.000000
2026-01-03 00:19:41,228 epoch 5 - iter 12/29 - loss 1.21967464 - time (sec): 11.17 - samples/sec: 1846.45 - lr: 0.100000 - momentum: 0.000000
2026-01-03 00:19:43,530 epoch 5 - iter 14/29 - loss 1.21790656 - time (sec): 13.47 - samples/sec: 1812.24 - lr: 0.100000 - momentum: 0.000000
2026-01-03 00:19:45,629 epoch 5 - iter 16/29 - loss 1.21680124 - time (sec): 15.57 - samples/sec: 1812.61 - lr: 0.100000 - momentum: 0.000000
2026-01-03 00:19:47,243 epoch 5 - iter 18/29 - loss 1.20855123 - time (sec): 17.18 - samples/sec: 1836.46 - lr: 0.100000 - momentum: 0.000000
2026-01-03 00:19:48,841 epoch 5 - iter 20/29 - loss 1.20021572 - time (sec): 18.78 - samples/sec: 1845.63 - lr: 0.100000 - momentum: 0.000000
2026-01-03 00:19:50,641 epoch 5 - iter 22/29 - loss 1.19122518 - time (sec): 20.58 - samples/sec: 1856.28 - lr: 0.100000 - momentum: 0.000000
2026-01-03 00:19:52,350 epoch 5 - iter 24/29 - loss 1.18304559 - time (sec): 22.29 - samples/sec: 1858.50 - lr: 0.100000 - momentum: 0.000000
2026-01-03 00:19:54,213 epoch 5 - iter 26/29 - loss 1.17649060 - time (sec): 24.15 - samples/sec: 1858.96 - lr: 0.100000 - momentum: 0.000000
2026-01-03 00:19:56,076 epoch 5 - iter 28/29 - loss 1.17074072 - time (sec): 26.02 - samples/sec: 1883.51 - lr: 0.100000 - momentum: 0.000000
2026-01-03 00:19:56,702 ----------------------------------------------------------------------------------------------------
2026-01-03 00:19:56,702 EPOCH 5 done: loss 1.1678 - lr: 0.100000
2026-01-03 00:20:00,538 DEV : loss 0.9821170568466187 - f1-score (micro avg)  0.7264
2026-01-03 00:20:00,544  - 0 epochs without improvement
2026-01-03 00:20:00,544 saving best model
2026-01-03 00:20:00,555 ----------------------------------------------------------------------------------------------------
2026-01-03 00:20:01,757 epoch 6 - iter 2/29 - loss 1.05669026 - time (sec): 1.20 - samples/sec: 2604.58 - lr: 0.100000 - momentum: 0.000000
2026-01-03 00:20:03,554 epoch 6 - iter 4/29 - loss 1.06196833 - time (sec): 3.00 - samples/sec: 2214.46 - lr: 0.100000 - momentum: 0.000000
2026-01-03 00:20:05,159 epoch 6 - iter 6/29 - loss 1.06191271 - time (sec): 4.60 - samples/sec: 2136.44 - lr: 0.100000 - momentum: 0.000000
2026-01-03 00:20:07,183 epoch 6 - iter 8/29 - loss 1.04963631 - time (sec): 6.63 - samples/sec: 2015.36 - lr: 0.100000 - momentum: 0.000000
2026-01-03 00:20:09,182 epoch 6 - iter 10/29 - loss 1.04861733 - time (sec): 8.63 - samples/sec: 1990.21 - lr: 0.100000 - momentum: 0.000000
2026-01-03 00:20:11,143 epoch 6 - iter 12/29 - loss 1.04063100 - time (sec): 10.59 - samples/sec: 1944.81 - lr: 0.100000 - momentum: 0.000000
2026-01-03 00:20:13,489 epoch 6 - iter 14/29 - loss 1.03485154 - time (sec): 12.93 - samples/sec: 1895.89 - lr: 0.100000 - momentum: 0.000000
2026-01-03 00:20:15,521 epoch 6 - iter 16/29 - loss 1.02581323 - time (sec): 14.97 - samples/sec: 1871.36 - lr: 0.100000 - momentum: 0.000000
2026-01-03 00:20:17,488 epoch 6 - iter 18/29 - loss 1.02262470 - time (sec): 16.93 - samples/sec: 1878.39 - lr: 0.100000 - momentum: 0.000000
2026-01-03 00:20:19,180 epoch 6 - iter 20/29 - loss 1.02091740 - time (sec): 18.62 - samples/sec: 1885.99 - lr: 0.100000 - momentum: 0.000000
2026-01-03 00:20:21,000 epoch 6 - iter 22/29 - loss 1.02033646 - time (sec): 20.44 - samples/sec: 1892.61 - lr: 0.100000 - momentum: 0.000000
2026-01-03 00:20:22,785 epoch 6 - iter 24/29 - loss 1.01658324 - time (sec): 22.23 - samples/sec: 1895.34 - lr: 0.100000 - momentum: 0.000000
2026-01-03 00:20:24,393 epoch 6 - iter 26/29 - loss 1.01537044 - time (sec): 23.84 - samples/sec: 1911.32 - lr: 0.100000 - momentum: 0.000000
2026-01-03 00:20:25,805 epoch 6 - iter 28/29 - loss 1.01073959 - time (sec): 25.25 - samples/sec: 1937.85 - lr: 0.100000 - momentum: 0.000000
2026-01-03 00:20:26,563 ----------------------------------------------------------------------------------------------------
2026-01-03 00:20:26,563 EPOCH 6 done: loss 1.0109 - lr: 0.100000
2026-01-03 00:20:30,362 DEV : loss 0.8926572799682617 - f1-score (micro avg)  0.7321
2026-01-03 00:20:30,368  - 0 epochs without improvement
2026-01-03 00:20:30,369 saving best model
2026-01-03 00:20:30,395 ----------------------------------------------------------------------------------------------------
2026-01-03 00:20:32,275 epoch 7 - iter 2/29 - loss 0.94843210 - time (sec): 1.88 - samples/sec: 1770.02 - lr: 0.100000 - momentum: 0.000000
2026-01-03 00:20:33,719 epoch 7 - iter 4/29 - loss 0.94891519 - time (sec): 3.32 - samples/sec: 2000.20 - lr: 0.100000 - momentum: 0.000000
2026-01-03 00:20:35,542 epoch 7 - iter 6/29 - loss 0.93699791 - time (sec): 5.15 - samples/sec: 1964.99 - lr: 0.100000 - momentum: 0.000000
2026-01-03 00:20:38,427 epoch 7 - iter 8/29 - loss 0.93306756 - time (sec): 8.03 - samples/sec: 1735.13 - lr: 0.100000 - momentum: 0.000000
2026-01-03 00:20:40,489 epoch 7 - iter 10/29 - loss 0.93170342 - time (sec): 10.09 - samples/sec: 1711.78 - lr: 0.100000 - momentum: 0.000000
2026-01-03 00:20:42,202 epoch 7 - iter 12/29 - loss 0.93046089 - time (sec): 11.81 - samples/sec: 1751.73 - lr: 0.100000 - momentum: 0.000000
2026-01-03 00:20:44,412 epoch 7 - iter 14/29 - loss 0.92835704 - time (sec): 14.02 - samples/sec: 1766.67 - lr: 0.100000 - momentum: 0.000000
2026-01-03 00:20:46,536 epoch 7 - iter 16/29 - loss 0.93077626 - time (sec): 16.14 - samples/sec: 1760.13 - lr: 0.100000 - momentum: 0.000000
2026-01-03 00:20:48,510 epoch 7 - iter 18/29 - loss 0.92672314 - time (sec): 18.11 - samples/sec: 1780.87 - lr: 0.100000 - momentum: 0.000000
2026-01-03 00:20:50,085 epoch 7 - iter 20/29 - loss 0.92220014 - time (sec): 19.69 - samples/sec: 1808.66 - lr: 0.100000 - momentum: 0.000000
2026-01-03 00:20:51,724 epoch 7 - iter 22/29 - loss 0.91994785 - time (sec): 21.33 - samples/sec: 1825.09 - lr: 0.100000 - momentum: 0.000000
2026-01-03 00:20:53,558 epoch 7 - iter 24/29 - loss 0.91866431 - time (sec): 23.16 - samples/sec: 1829.33 - lr: 0.100000 - momentum: 0.000000
2026-01-03 00:20:55,182 epoch 7 - iter 26/29 - loss 0.91906426 - time (sec): 24.79 - samples/sec: 1834.76 - lr: 0.100000 - momentum: 0.000000
2026-01-03 00:20:56,803 epoch 7 - iter 28/29 - loss 0.91900286 - time (sec): 26.41 - samples/sec: 1853.54 - lr: 0.100000 - momentum: 0.000000
2026-01-03 00:20:57,369 ----------------------------------------------------------------------------------------------------
2026-01-03 00:20:57,369 EPOCH 7 done: loss 0.9189 - lr: 0.100000
2026-01-03 00:21:01,134 DEV : loss 0.7914244532585144 - f1-score (micro avg)  0.7439
2026-01-03 00:21:01,140  - 0 epochs without improvement
2026-01-03 00:21:01,141 saving best model
2026-01-03 00:21:01,152 ----------------------------------------------------------------------------------------------------
2026-01-03 00:21:02,889 epoch 8 - iter 2/29 - loss 0.84819570 - time (sec): 1.74 - samples/sec: 2045.12 - lr: 0.100000 - momentum: 0.000000
2026-01-03 00:21:04,135 epoch 8 - iter 4/29 - loss 0.85215880 - time (sec): 2.98 - samples/sec: 2281.14 - lr: 0.100000 - momentum: 0.000000
2026-01-03 00:21:06,014 epoch 8 - iter 6/29 - loss 0.85620087 - time (sec): 4.86 - samples/sec: 2177.92 - lr: 0.100000 - momentum: 0.000000
2026-01-03 00:21:08,826 epoch 8 - iter 8/29 - loss 0.86788865 - time (sec): 7.67 - samples/sec: 1823.31 - lr: 0.100000 - momentum: 0.000000
2026-01-03 00:21:10,520 epoch 8 - iter 10/29 - loss 0.86550923 - time (sec): 9.37 - samples/sec: 1906.87 - lr: 0.100000 - momentum: 0.000000
2026-01-03 00:21:11,999 epoch 8 - iter 12/29 - loss 0.86124854 - time (sec): 10.85 - samples/sec: 1985.99 - lr: 0.100000 - momentum: 0.000000
2026-01-03 00:21:13,822 epoch 8 - iter 14/29 - loss 0.86016738 - time (sec): 12.67 - samples/sec: 1970.15 - lr: 0.100000 - momentum: 0.000000
2026-01-03 00:21:16,084 epoch 8 - iter 16/29 - loss 0.86268618 - time (sec): 14.93 - samples/sec: 1924.95 - lr: 0.100000 - momentum: 0.000000
2026-01-03 00:21:17,835 epoch 8 - iter 18/29 - loss 0.86338093 - time (sec): 16.68 - samples/sec: 1938.90 - lr: 0.100000 - momentum: 0.000000
2026-01-03 00:21:19,364 epoch 8 - iter 20/29 - loss 0.86280139 - time (sec): 18.21 - samples/sec: 1970.70 - lr: 0.100000 - momentum: 0.000000
2026-01-03 00:21:21,109 epoch 8 - iter 22/29 - loss 0.86020335 - time (sec): 19.96 - samples/sec: 1961.69 - lr: 0.100000 - momentum: 0.000000
2026-01-03 00:21:22,744 epoch 8 - iter 24/29 - loss 0.86306733 - time (sec): 21.59 - samples/sec: 1970.21 - lr: 0.100000 - momentum: 0.000000
2026-01-03 00:21:24,189 epoch 8 - iter 26/29 - loss 0.86355422 - time (sec): 23.04 - samples/sec: 1988.54 - lr: 0.100000 - momentum: 0.000000
2026-01-03 00:21:25,535 epoch 8 - iter 28/29 - loss 0.86211519 - time (sec): 24.38 - samples/sec: 2007.11 - lr: 0.100000 - momentum: 0.000000
2026-01-03 00:21:26,346 ----------------------------------------------------------------------------------------------------
2026-01-03 00:21:26,346 EPOCH 8 done: loss 0.8620 - lr: 0.100000
2026-01-03 00:21:29,542 DEV : loss 0.7527519464492798 - f1-score (micro avg)  0.7612
2026-01-03 00:21:29,548  - 0 epochs without improvement
2026-01-03 00:21:29,549 saving best model
2026-01-03 00:21:29,561 ----------------------------------------------------------------------------------------------------
2026-01-03 00:21:31,247 epoch 9 - iter 2/29 - loss 0.82621672 - time (sec): 1.69 - samples/sec: 2299.95 - lr: 0.100000 - momentum: 0.000000
2026-01-03 00:21:32,773 epoch 9 - iter 4/29 - loss 0.81715072 - time (sec): 3.21 - samples/sec: 2303.35 - lr: 0.100000 - momentum: 0.000000
2026-01-03 00:21:34,681 epoch 9 - iter 6/29 - loss 0.81594782 - time (sec): 5.12 - samples/sec: 2172.51 - lr: 0.100000 - momentum: 0.000000
2026-01-03 00:21:36,411 epoch 9 - iter 8/29 - loss 0.81828738 - time (sec): 6.85 - samples/sec: 2122.87 - lr: 0.100000 - momentum: 0.000000
2026-01-03 00:21:38,383 epoch 9 - iter 10/29 - loss 0.81724663 - time (sec): 8.82 - samples/sec: 1983.93 - lr: 0.100000 - momentum: 0.000000
2026-01-03 00:21:40,071 epoch 9 - iter 12/29 - loss 0.80843314 - time (sec): 10.51 - samples/sec: 2033.50 - lr: 0.100000 - momentum: 0.000000
2026-01-03 00:21:41,435 epoch 9 - iter 14/29 - loss 0.80228641 - time (sec): 11.87 - samples/sec: 2085.79 - lr: 0.100000 - momentum: 0.000000
2026-01-03 00:21:43,034 epoch 9 - iter 16/29 - loss 0.80226626 - time (sec): 13.47 - samples/sec: 2083.43 - lr: 0.100000 - momentum: 0.000000
2026-01-03 00:21:44,595 epoch 9 - iter 18/29 - loss 0.80014791 - time (sec): 15.03 - samples/sec: 2086.13 - lr: 0.100000 - momentum: 0.000000
2026-01-03 00:21:46,311 epoch 9 - iter 20/29 - loss 0.80037606 - time (sec): 16.75 - samples/sec: 2105.11 - lr: 0.100000 - momentum: 0.000000
2026-01-03 00:21:47,849 epoch 9 - iter 22/29 - loss 0.79909236 - time (sec): 18.29 - samples/sec: 2126.59 - lr: 0.100000 - momentum: 0.000000
2026-01-03 00:21:49,666 epoch 9 - iter 24/29 - loss 0.79641717 - time (sec): 20.10 - samples/sec: 2108.34 - lr: 0.100000 - momentum: 0.000000
2026-01-03 00:21:51,514 epoch 9 - iter 26/29 - loss 0.79515650 - time (sec): 21.95 - samples/sec: 2084.91 - lr: 0.100000 - momentum: 0.000000
2026-01-03 00:21:52,838 epoch 9 - iter 28/29 - loss 0.79153647 - time (sec): 23.28 - samples/sec: 2116.13 - lr: 0.100000 - momentum: 0.000000
2026-01-03 00:21:53,186 ----------------------------------------------------------------------------------------------------
2026-01-03 00:21:53,186 EPOCH 9 done: loss 0.7909 - lr: 0.100000
2026-01-03 00:21:56,735 DEV : loss 0.664930522441864 - f1-score (micro avg)  0.7983
2026-01-03 00:21:56,741  - 0 epochs without improvement
2026-01-03 00:21:56,741 saving best model
2026-01-03 00:21:56,752 ----------------------------------------------------------------------------------------------------
2026-01-03 00:21:58,601 epoch 10 - iter 2/29 - loss 0.76829034 - time (sec): 1.85 - samples/sec: 1810.32 - lr: 0.100000 - momentum: 0.000000
2026-01-03 00:22:00,659 epoch 10 - iter 4/29 - loss 0.74720640 - time (sec): 3.91 - samples/sec: 1763.11 - lr: 0.100000 - momentum: 0.000000
2026-01-03 00:22:02,600 epoch 10 - iter 6/29 - loss 0.74304036 - time (sec): 5.84 - samples/sec: 1805.69 - lr: 0.100000 - momentum: 0.000000
2026-01-03 00:22:04,303 epoch 10 - iter 8/29 - loss 0.73283648 - time (sec): 7.55 - samples/sec: 1823.05 - lr: 0.100000 - momentum: 0.000000
2026-01-03 00:22:05,905 epoch 10 - iter 10/29 - loss 0.72173842 - time (sec): 9.15 - samples/sec: 1867.59 - lr: 0.100000 - momentum: 0.000000
2026-01-03 00:22:07,829 epoch 10 - iter 12/29 - loss 0.71793197 - time (sec): 11.08 - samples/sec: 1868.00 - lr: 0.100000 - momentum: 0.000000
2026-01-03 00:22:09,802 epoch 10 - iter 14/29 - loss 0.71212980 - time (sec): 13.05 - samples/sec: 1878.92 - lr: 0.100000 - momentum: 0.000000
2026-01-03 00:22:11,143 epoch 10 - iter 16/29 - loss 0.70977470 - time (sec): 14.39 - samples/sec: 1916.58 - lr: 0.100000 - momentum: 0.000000
2026-01-03 00:22:12,834 epoch 10 - iter 18/29 - loss 0.70678836 - time (sec): 16.08 - samples/sec: 1920.99 - lr: 0.100000 - momentum: 0.000000
2026-01-03 00:22:14,463 epoch 10 - iter 20/29 - loss 0.70573837 - time (sec): 17.71 - samples/sec: 1943.41 - lr: 0.100000 - momentum: 0.000000
2026-01-03 00:22:15,907 epoch 10 - iter 22/29 - loss 0.70486118 - time (sec): 19.16 - samples/sec: 1971.38 - lr: 0.100000 - momentum: 0.000000
2026-01-03 00:22:17,293 epoch 10 - iter 24/29 - loss 0.70148056 - time (sec): 20.54 - samples/sec: 2017.46 - lr: 0.100000 - momentum: 0.000000
2026-01-03 00:22:19,206 epoch 10 - iter 26/29 - loss 0.69894400 - time (sec): 22.45 - samples/sec: 2005.64 - lr: 0.100000 - momentum: 0.000000
2026-01-03 00:22:20,847 epoch 10 - iter 28/29 - loss 0.69683852 - time (sec): 24.10 - samples/sec: 2020.50 - lr: 0.100000 - momentum: 0.000000
2026-01-03 00:22:21,474 ----------------------------------------------------------------------------------------------------
2026-01-03 00:22:21,474 EPOCH 10 done: loss 0.6963 - lr: 0.100000
2026-01-03 00:22:24,924 DEV : loss 0.5477843880653381 - f1-score (micro avg)  0.8261
2026-01-03 00:22:24,930  - 0 epochs without improvement
2026-01-03 00:22:24,931 saving best model
2026-01-03 00:22:24,944 ----------------------------------------------------------------------------------------------------
2026-01-03 00:22:26,274 epoch 11 - iter 2/29 - loss 0.64843879 - time (sec): 1.33 - samples/sec: 2272.48 - lr: 0.100000 - momentum: 0.000000
2026-01-03 00:22:27,917 epoch 11 - iter 4/29 - loss 0.62964671 - time (sec): 2.97 - samples/sec: 2154.92 - lr: 0.100000 - momentum: 0.000000
2026-01-03 00:22:29,777 epoch 11 - iter 6/29 - loss 0.63154263 - time (sec): 4.83 - samples/sec: 2030.29 - lr: 0.100000 - momentum: 0.000000
2026-01-03 00:22:31,403 epoch 11 - iter 8/29 - loss 0.62657811 - time (sec): 6.46 - samples/sec: 2045.69 - lr: 0.100000 - momentum: 0.000000
2026-01-03 00:22:33,101 epoch 11 - iter 10/29 - loss 0.62218841 - time (sec): 8.16 - samples/sec: 2047.75 - lr: 0.100000 - momentum: 0.000000
2026-01-03 00:22:34,747 epoch 11 - iter 12/29 - loss 0.61960314 - time (sec): 9.80 - samples/sec: 2076.14 - lr: 0.100000 - momentum: 0.000000
2026-01-03 00:22:37,051 epoch 11 - iter 14/29 - loss 0.62092867 - time (sec): 12.11 - samples/sec: 1994.12 - lr: 0.100000 - momentum: 0.000000
2026-01-03 00:22:39,728 epoch 11 - iter 16/29 - loss 0.62043183 - time (sec): 14.78 - samples/sec: 1869.62 - lr: 0.100000 - momentum: 0.000000
2026-01-03 00:22:41,182 epoch 11 - iter 18/29 - loss 0.61961518 - time (sec): 16.24 - samples/sec: 1923.30 - lr: 0.100000 - momentum: 0.000000
2026-01-03 00:22:42,715 epoch 11 - iter 20/29 - loss 0.61667084 - time (sec): 17.77 - samples/sec: 1948.21 - lr: 0.100000 - momentum: 0.000000
2026-01-03 00:22:44,323 epoch 11 - iter 22/29 - loss 0.61578071 - time (sec): 19.38 - samples/sec: 1961.21 - lr: 0.100000 - momentum: 0.000000
2026-01-03 00:22:45,948 epoch 11 - iter 24/29 - loss 0.61214223 - time (sec): 21.00 - samples/sec: 1969.87 - lr: 0.100000 - momentum: 0.000000
2026-01-03 00:22:47,525 epoch 11 - iter 26/29 - loss 0.61128490 - time (sec): 22.58 - samples/sec: 1997.96 - lr: 0.100000 - momentum: 0.000000
2026-01-03 00:22:49,142 epoch 11 - iter 28/29 - loss 0.61129283 - time (sec): 24.20 - samples/sec: 2016.87 - lr: 0.100000 - momentum: 0.000000
2026-01-03 00:22:49,743 ----------------------------------------------------------------------------------------------------
2026-01-03 00:22:49,743 EPOCH 11 done: loss 0.6120 - lr: 0.100000
2026-01-03 00:22:53,186 DEV : loss 0.4847661256790161 - f1-score (micro avg)  0.8496
2026-01-03 00:22:53,192  - 0 epochs without improvement
2026-01-03 00:22:53,193 saving best model
2026-01-03 00:22:53,205 ----------------------------------------------------------------------------------------------------
2026-01-03 00:22:55,066 epoch 12 - iter 2/29 - loss 0.57698770 - time (sec): 1.86 - samples/sec: 2028.21 - lr: 0.100000 - momentum: 0.000000
2026-01-03 00:22:56,921 epoch 12 - iter 4/29 - loss 0.56058269 - time (sec): 3.71 - samples/sec: 1930.56 - lr: 0.100000 - momentum: 0.000000
2026-01-03 00:22:58,428 epoch 12 - iter 6/29 - loss 0.55391788 - time (sec): 5.22 - samples/sec: 2026.09 - lr: 0.100000 - momentum: 0.000000
2026-01-03 00:22:59,920 epoch 12 - iter 8/29 - loss 0.55434835 - time (sec): 6.71 - samples/sec: 2106.45 - lr: 0.100000 - momentum: 0.000000
2026-01-03 00:23:01,448 epoch 12 - iter 10/29 - loss 0.55098893 - time (sec): 8.24 - samples/sec: 2147.41 - lr: 0.100000 - momentum: 0.000000
2026-01-03 00:23:03,025 epoch 12 - iter 12/29 - loss 0.55006497 - time (sec): 9.82 - samples/sec: 2173.81 - lr: 0.100000 - momentum: 0.000000
2026-01-03 00:23:04,331 epoch 12 - iter 14/29 - loss 0.54881198 - time (sec): 11.13 - samples/sec: 2206.80 - lr: 0.100000 - momentum: 0.000000
2026-01-03 00:23:06,167 epoch 12 - iter 16/29 - loss 0.54866575 - time (sec): 12.96 - samples/sec: 2145.19 - lr: 0.100000 - momentum: 0.000000
2026-01-03 00:23:07,498 epoch 12 - iter 18/29 - loss 0.54767065 - time (sec): 14.29 - samples/sec: 2161.14 - lr: 0.100000 - momentum: 0.000000
2026-01-03 00:23:09,537 epoch 12 - iter 20/29 - loss 0.54654418 - time (sec): 16.33 - samples/sec: 2122.22 - lr: 0.100000 - momentum: 0.000000
2026-01-03 00:23:11,567 epoch 12 - iter 22/29 - loss 0.54432327 - time (sec): 18.36 - samples/sec: 2094.16 - lr: 0.100000 - momentum: 0.000000
2026-01-03 00:23:13,191 epoch 12 - iter 24/29 - loss 0.54696757 - time (sec): 19.99 - samples/sec: 2102.55 - lr: 0.100000 - momentum: 0.000000
2026-01-03 00:23:15,213 epoch 12 - iter 26/29 - loss 0.54694949 - time (sec): 22.01 - samples/sec: 2081.97 - lr: 0.100000 - momentum: 0.000000
2026-01-03 00:23:16,758 epoch 12 - iter 28/29 - loss 0.54837633 - time (sec): 23.55 - samples/sec: 2076.16 - lr: 0.100000 - momentum: 0.000000
2026-01-03 00:23:17,353 ----------------------------------------------------------------------------------------------------
2026-01-03 00:23:17,353 EPOCH 12 done: loss 0.5479 - lr: 0.100000
2026-01-03 00:23:20,661 DEV : loss 0.4225086271762848 - f1-score (micro avg)  0.8636
2026-01-03 00:23:20,667  - 0 epochs without improvement
2026-01-03 00:23:20,668 saving best model
2026-01-03 00:23:20,681 ----------------------------------------------------------------------------------------------------
2026-01-03 00:23:22,208 epoch 13 - iter 2/29 - loss 0.49786643 - time (sec): 1.53 - samples/sec: 2211.79 - lr: 0.100000 - momentum: 0.000000
2026-01-03 00:23:24,228 epoch 13 - iter 4/29 - loss 0.51457455 - time (sec): 3.55 - samples/sec: 2020.25 - lr: 0.100000 - momentum: 0.000000
2026-01-03 00:23:25,977 epoch 13 - iter 6/29 - loss 0.52101106 - time (sec): 5.30 - samples/sec: 2021.30 - lr: 0.100000 - momentum: 0.000000
2026-01-03 00:23:28,140 epoch 13 - iter 8/29 - loss 0.52177218 - time (sec): 7.46 - samples/sec: 1946.37 - lr: 0.100000 - momentum: 0.000000
2026-01-03 00:23:29,639 epoch 13 - iter 10/29 - loss 0.52371549 - time (sec): 8.96 - samples/sec: 1981.00 - lr: 0.100000 - momentum: 0.000000
2026-01-03 00:23:31,509 epoch 13 - iter 12/29 - loss 0.52552725 - time (sec): 10.83 - samples/sec: 1981.84 - lr: 0.100000 - momentum: 0.000000
2026-01-03 00:23:33,268 epoch 13 - iter 14/29 - loss 0.52277628 - time (sec): 12.59 - samples/sec: 1982.12 - lr: 0.100000 - momentum: 0.000000
2026-01-03 00:23:34,953 epoch 13 - iter 16/29 - loss 0.52128128 - time (sec): 14.27 - samples/sec: 1989.61 - lr: 0.100000 - momentum: 0.000000
2026-01-03 00:23:36,976 epoch 13 - iter 18/29 - loss 0.51990601 - time (sec): 16.29 - samples/sec: 1944.42 - lr: 0.100000 - momentum: 0.000000
2026-01-03 00:23:39,887 epoch 13 - iter 20/29 - loss 0.51792689 - time (sec): 19.20 - samples/sec: 1846.26 - lr: 0.100000 - momentum: 0.000000
2026-01-03 00:23:41,722 epoch 13 - iter 22/29 - loss 0.51688195 - time (sec): 21.04 - samples/sec: 1844.23 - lr: 0.100000 - momentum: 0.000000
2026-01-03 00:23:43,313 epoch 13 - iter 24/29 - loss 0.51485690 - time (sec): 22.63 - samples/sec: 1847.83 - lr: 0.100000 - momentum: 0.000000
2026-01-03 00:23:44,940 epoch 13 - iter 26/29 - loss 0.51324729 - time (sec): 24.26 - samples/sec: 1884.02 - lr: 0.100000 - momentum: 0.000000
2026-01-03 00:23:46,288 epoch 13 - iter 28/29 - loss 0.51233221 - time (sec): 25.61 - samples/sec: 1910.25 - lr: 0.100000 - momentum: 0.000000
2026-01-03 00:23:47,003 ----------------------------------------------------------------------------------------------------
2026-01-03 00:23:47,003 EPOCH 13 done: loss 0.5119 - lr: 0.100000
2026-01-03 00:23:50,619 DEV : loss 0.3948064148426056 - f1-score (micro avg)  0.864
2026-01-03 00:23:50,625  - 0 epochs without improvement
2026-01-03 00:23:50,625 saving best model
2026-01-03 00:23:50,637 ----------------------------------------------------------------------------------------------------
2026-01-03 00:23:52,796 epoch 14 - iter 2/29 - loss 0.47939622 - time (sec): 2.16 - samples/sec: 1663.96 - lr: 0.100000 - momentum: 0.000000
2026-01-03 00:23:54,508 epoch 14 - iter 4/29 - loss 0.47249846 - time (sec): 3.87 - samples/sec: 1868.91 - lr: 0.100000 - momentum: 0.000000
2026-01-03 00:23:57,136 epoch 14 - iter 6/29 - loss 0.47858704 - time (sec): 6.50 - samples/sec: 1683.19 - lr: 0.100000 - momentum: 0.000000
2026-01-03 00:23:59,043 epoch 14 - iter 8/29 - loss 0.48392100 - time (sec): 8.41 - samples/sec: 1719.58 - lr: 0.100000 - momentum: 0.000000
2026-01-03 00:24:00,629 epoch 14 - iter 10/29 - loss 0.48463729 - time (sec): 9.99 - samples/sec: 1774.82 - lr: 0.100000 - momentum: 0.000000
2026-01-03 00:24:02,689 epoch 14 - iter 12/29 - loss 0.48884276 - time (sec): 12.05 - samples/sec: 1732.32 - lr: 0.100000 - momentum: 0.000000
2026-01-03 00:24:04,319 epoch 14 - iter 14/29 - loss 0.48633555 - time (sec): 13.68 - samples/sec: 1778.58 - lr: 0.100000 - momentum: 0.000000
2026-01-03 00:24:06,465 epoch 14 - iter 16/29 - loss 0.48014243 - time (sec): 15.83 - samples/sec: 1759.01 - lr: 0.100000 - momentum: 0.000000
2026-01-03 00:24:08,403 epoch 14 - iter 18/29 - loss 0.48122417 - time (sec): 17.77 - samples/sec: 1766.04 - lr: 0.100000 - momentum: 0.000000
2026-01-03 00:24:11,524 epoch 14 - iter 20/29 - loss 0.47953520 - time (sec): 20.88 - samples/sec: 1679.51 - lr: 0.100000 - momentum: 0.000000
2026-01-03 00:24:14,284 epoch 14 - iter 22/29 - loss 0.47912363 - time (sec): 23.65 - samples/sec: 1641.02 - lr: 0.100000 - momentum: 0.000000
2026-01-03 00:24:16,689 epoch 14 - iter 24/29 - loss 0.47782427 - time (sec): 26.05 - samples/sec: 1608.04 - lr: 0.100000 - momentum: 0.000000
2026-01-03 00:24:18,659 epoch 14 - iter 26/29 - loss 0.47946579 - time (sec): 28.02 - samples/sec: 1609.09 - lr: 0.100000 - momentum: 0.000000
2026-01-03 00:24:21,081 epoch 14 - iter 28/29 - loss 0.48029729 - time (sec): 30.44 - samples/sec: 1611.14 - lr: 0.100000 - momentum: 0.000000
2026-01-03 00:24:21,823 ----------------------------------------------------------------------------------------------------
2026-01-03 00:24:21,824 EPOCH 14 done: loss 0.4804 - lr: 0.100000
2026-01-03 00:24:26,359 DEV : loss 0.37558069825172424 - f1-score (micro avg)  0.8782
2026-01-03 00:24:26,365  - 0 epochs without improvement
2026-01-03 00:24:26,366 saving best model
2026-01-03 00:24:26,379 ----------------------------------------------------------------------------------------------------
2026-01-03 00:24:28,202 epoch 15 - iter 2/29 - loss 0.48344874 - time (sec): 1.82 - samples/sec: 1725.46 - lr: 0.100000 - momentum: 0.000000
2026-01-03 00:24:30,490 epoch 15 - iter 4/29 - loss 0.46711898 - time (sec): 4.11 - samples/sec: 1599.15 - lr: 0.100000 - momentum: 0.000000
2026-01-03 00:24:33,499 epoch 15 - iter 6/29 - loss 0.45694312 - time (sec): 7.12 - samples/sec: 1459.86 - lr: 0.100000 - momentum: 0.000000
2026-01-03 00:24:35,738 epoch 15 - iter 8/29 - loss 0.44870738 - time (sec): 9.36 - samples/sec: 1473.56 - lr: 0.100000 - momentum: 0.000000
2026-01-03 00:24:37,884 epoch 15 - iter 10/29 - loss 0.44731590 - time (sec): 11.50 - samples/sec: 1489.13 - lr: 0.100000 - momentum: 0.000000
2026-01-03 00:24:41,082 epoch 15 - iter 12/29 - loss 0.44936997 - time (sec): 14.70 - samples/sec: 1409.56 - lr: 0.100000 - momentum: 0.000000
2026-01-03 00:24:43,858 epoch 15 - iter 14/29 - loss 0.45181954 - time (sec): 17.48 - samples/sec: 1393.61 - lr: 0.100000 - momentum: 0.000000
2026-01-03 00:24:46,196 epoch 15 - iter 16/29 - loss 0.45446488 - time (sec): 19.82 - samples/sec: 1403.46 - lr: 0.100000 - momentum: 0.000000
2026-01-03 00:24:49,401 epoch 15 - iter 18/29 - loss 0.45302795 - time (sec): 23.02 - samples/sec: 1355.92 - lr: 0.100000 - momentum: 0.000000
2026-01-03 00:24:52,388 epoch 15 - iter 20/29 - loss 0.45530289 - time (sec): 26.01 - samples/sec: 1349.57 - lr: 0.100000 - momentum: 0.000000
2026-01-03 00:24:54,643 epoch 15 - iter 22/29 - loss 0.45590002 - time (sec): 28.26 - samples/sec: 1349.13 - lr: 0.100000 - momentum: 0.000000
2026-01-03 00:24:56,375 epoch 15 - iter 24/29 - loss 0.45402949 - time (sec): 30.00 - samples/sec: 1381.35 - lr: 0.100000 - momentum: 0.000000
2026-01-03 00:24:58,512 epoch 15 - iter 26/29 - loss 0.45353366 - time (sec): 32.13 - samples/sec: 1398.29 - lr: 0.100000 - momentum: 0.000000
2026-01-03 00:25:01,012 epoch 15 - iter 28/29 - loss 0.45175209 - time (sec): 34.63 - samples/sec: 1404.23 - lr: 0.100000 - momentum: 0.000000
2026-01-03 00:25:02,064 ----------------------------------------------------------------------------------------------------
2026-01-03 00:25:02,064 EPOCH 15 done: loss 0.4525 - lr: 0.100000
2026-01-03 00:25:06,791 DEV : loss 0.351325660943985 - f1-score (micro avg)  0.8812
2026-01-03 00:25:06,797  - 0 epochs without improvement
2026-01-03 00:25:06,798 saving best model
2026-01-03 00:25:06,810 ----------------------------------------------------------------------------------------------------
2026-01-03 00:25:09,821 epoch 16 - iter 2/29 - loss 0.40693934 - time (sec): 3.01 - samples/sec: 1332.77 - lr: 0.100000 - momentum: 0.000000
2026-01-03 00:25:12,375 epoch 16 - iter 4/29 - loss 0.41398671 - time (sec): 5.56 - samples/sec: 1384.58 - lr: 0.100000 - momentum: 0.000000
2026-01-03 00:25:14,094 epoch 16 - iter 6/29 - loss 0.42549579 - time (sec): 7.28 - samples/sec: 1503.94 - lr: 0.100000 - momentum: 0.000000
2026-01-03 00:25:16,935 epoch 16 - iter 8/29 - loss 0.43153166 - time (sec): 10.12 - samples/sec: 1428.75 - lr: 0.100000 - momentum: 0.000000
2026-01-03 00:25:19,956 epoch 16 - iter 10/29 - loss 0.43322530 - time (sec): 13.15 - samples/sec: 1378.49 - lr: 0.100000 - momentum: 0.000000
2026-01-03 00:25:23,002 epoch 16 - iter 12/29 - loss 0.43601501 - time (sec): 16.19 - samples/sec: 1332.27 - lr: 0.100000 - momentum: 0.000000
2026-01-03 00:25:25,260 epoch 16 - iter 14/29 - loss 0.43843692 - time (sec): 18.45 - samples/sec: 1362.12 - lr: 0.100000 - momentum: 0.000000
2026-01-03 00:25:27,469 epoch 16 - iter 16/29 - loss 0.43827399 - time (sec): 20.66 - samples/sec: 1376.84 - lr: 0.100000 - momentum: 0.000000
2026-01-03 00:25:30,169 epoch 16 - iter 18/29 - loss 0.43891136 - time (sec): 23.36 - samples/sec: 1373.53 - lr: 0.100000 - momentum: 0.000000
2026-01-03 00:25:32,179 epoch 16 - iter 20/29 - loss 0.43626157 - time (sec): 25.37 - samples/sec: 1399.76 - lr: 0.100000 - momentum: 0.000000
2026-01-03 00:25:34,466 epoch 16 - iter 22/29 - loss 0.43679586 - time (sec): 27.66 - samples/sec: 1415.20 - lr: 0.100000 - momentum: 0.000000
2026-01-03 00:25:36,459 epoch 16 - iter 24/29 - loss 0.43505077 - time (sec): 29.65 - samples/sec: 1422.35 - lr: 0.100000 - momentum: 0.000000
2026-01-03 00:25:38,803 epoch 16 - iter 26/29 - loss 0.43365350 - time (sec): 31.99 - samples/sec: 1419.14 - lr: 0.100000 - momentum: 0.000000
2026-01-03 00:25:41,710 epoch 16 - iter 28/29 - loss 0.43404043 - time (sec): 34.90 - samples/sec: 1400.11 - lr: 0.100000 - momentum: 0.000000
2026-01-03 00:25:42,843 ----------------------------------------------------------------------------------------------------
2026-01-03 00:25:42,843 EPOCH 16 done: loss 0.4349 - lr: 0.100000
2026-01-03 00:25:47,410 DEV : loss 0.3301919102668762 - f1-score (micro avg)  0.8896
2026-01-03 00:25:47,415  - 0 epochs without improvement
2026-01-03 00:25:47,416 saving best model
2026-01-03 00:25:47,431 ----------------------------------------------------------------------------------------------------
2026-01-03 00:25:50,223 epoch 17 - iter 2/29 - loss 0.40567786 - time (sec): 2.79 - samples/sec: 1303.42 - lr: 0.100000 - momentum: 0.000000
2026-01-03 00:25:52,858 epoch 17 - iter 4/29 - loss 0.39284011 - time (sec): 5.43 - samples/sec: 1298.04 - lr: 0.100000 - momentum: 0.000000
2026-01-03 00:25:55,511 epoch 17 - iter 6/29 - loss 0.40191157 - time (sec): 8.08 - samples/sec: 1276.43 - lr: 0.100000 - momentum: 0.000000
2026-01-03 00:25:58,565 epoch 17 - iter 8/29 - loss 0.41430239 - time (sec): 11.13 - samples/sec: 1247.58 - lr: 0.100000 - momentum: 0.000000
2026-01-03 00:26:00,646 epoch 17 - iter 10/29 - loss 0.41063219 - time (sec): 13.22 - samples/sec: 1305.75 - lr: 0.100000 - momentum: 0.000000
2026-01-03 00:26:02,995 epoch 17 - iter 12/29 - loss 0.41037566 - time (sec): 15.56 - samples/sec: 1334.32 - lr: 0.100000 - momentum: 0.000000
2026-01-03 00:26:05,460 epoch 17 - iter 14/29 - loss 0.41067393 - time (sec): 18.03 - samples/sec: 1351.46 - lr: 0.100000 - momentum: 0.000000
2026-01-03 00:26:07,674 epoch 17 - iter 16/29 - loss 0.40799019 - time (sec): 20.24 - samples/sec: 1380.40 - lr: 0.100000 - momentum: 0.000000
2026-01-03 00:26:10,512 epoch 17 - iter 18/29 - loss 0.40784600 - time (sec): 23.08 - samples/sec: 1356.34 - lr: 0.100000 - momentum: 0.000000
2026-01-03 00:26:13,070 epoch 17 - iter 20/29 - loss 0.41029379 - time (sec): 25.64 - samples/sec: 1371.68 - lr: 0.100000 - momentum: 0.000000
2026-01-03 00:26:15,243 epoch 17 - iter 22/29 - loss 0.41078892 - time (sec): 27.81 - samples/sec: 1379.14 - lr: 0.100000 - momentum: 0.000000
2026-01-03 00:26:17,447 epoch 17 - iter 24/29 - loss 0.41009439 - time (sec): 30.02 - samples/sec: 1404.77 - lr: 0.100000 - momentum: 0.000000
2026-01-03 00:26:19,813 epoch 17 - iter 26/29 - loss 0.41092862 - time (sec): 32.38 - samples/sec: 1407.47 - lr: 0.100000 - momentum: 0.000000
2026-01-03 00:26:22,028 epoch 17 - iter 28/29 - loss 0.41036023 - time (sec): 34.60 - samples/sec: 1414.07 - lr: 0.100000 - momentum: 0.000000
2026-01-03 00:26:23,095 ----------------------------------------------------------------------------------------------------
2026-01-03 00:26:23,095 EPOCH 17 done: loss 0.4090 - lr: 0.100000
2026-01-03 00:26:27,145 DEV : loss 0.31133025884628296 - f1-score (micro avg)  0.9002
2026-01-03 00:26:27,151  - 0 epochs without improvement
2026-01-03 00:26:27,152 saving best model
2026-01-03 00:26:27,166 ----------------------------------------------------------------------------------------------------
2026-01-03 00:26:30,198 epoch 18 - iter 2/29 - loss 0.39714656 - time (sec): 3.03 - samples/sec: 1233.92 - lr: 0.100000 - momentum: 0.000000
2026-01-03 00:26:31,925 epoch 18 - iter 4/29 - loss 0.39452973 - time (sec): 4.76 - samples/sec: 1480.77 - lr: 0.100000 - momentum: 0.000000
2026-01-03 00:26:34,456 epoch 18 - iter 6/29 - loss 0.39299105 - time (sec): 7.29 - samples/sec: 1410.74 - lr: 0.100000 - momentum: 0.000000
2026-01-03 00:26:36,999 epoch 18 - iter 8/29 - loss 0.39511117 - time (sec): 9.83 - samples/sec: 1413.53 - lr: 0.100000 - momentum: 0.000000
2026-01-03 00:26:39,605 epoch 18 - iter 10/29 - loss 0.39422099 - time (sec): 12.44 - samples/sec: 1355.13 - lr: 0.100000 - momentum: 0.000000
2026-01-03 00:26:41,793 epoch 18 - iter 12/29 - loss 0.39228615 - time (sec): 14.63 - samples/sec: 1374.84 - lr: 0.100000 - momentum: 0.000000
2026-01-03 00:26:44,067 epoch 18 - iter 14/29 - loss 0.39486631 - time (sec): 16.90 - samples/sec: 1405.59 - lr: 0.100000 - momentum: 0.000000
2026-01-03 00:26:46,797 epoch 18 - iter 16/29 - loss 0.39523678 - time (sec): 19.63 - samples/sec: 1397.61 - lr: 0.100000 - momentum: 0.000000
2026-01-03 00:26:48,856 epoch 18 - iter 18/29 - loss 0.39361532 - time (sec): 21.69 - samples/sec: 1430.95 - lr: 0.100000 - momentum: 0.000000
2026-01-03 00:26:50,973 epoch 18 - iter 20/29 - loss 0.39325077 - time (sec): 23.81 - samples/sec: 1445.76 - lr: 0.100000 - momentum: 0.000000
2026-01-03 00:26:53,221 epoch 18 - iter 22/29 - loss 0.39483337 - time (sec): 26.05 - samples/sec: 1444.86 - lr: 0.100000 - momentum: 0.000000
2026-01-03 00:26:55,656 epoch 18 - iter 24/29 - loss 0.39399908 - time (sec): 28.49 - samples/sec: 1444.94 - lr: 0.100000 - momentum: 0.000000
2026-01-03 00:26:58,300 epoch 18 - iter 26/29 - loss 0.39508976 - time (sec): 31.13 - samples/sec: 1442.81 - lr: 0.100000 - momentum: 0.000000
2026-01-03 00:27:01,860 epoch 18 - iter 28/29 - loss 0.39450597 - time (sec): 34.69 - samples/sec: 1405.47 - lr: 0.100000 - momentum: 0.000000
2026-01-03 00:27:03,247 ----------------------------------------------------------------------------------------------------
2026-01-03 00:27:03,248 EPOCH 18 done: loss 0.3938 - lr: 0.100000
2026-01-03 00:27:08,478 DEV : loss 0.2944314181804657 - f1-score (micro avg)  0.9025
2026-01-03 00:27:08,488  - 0 epochs without improvement
2026-01-03 00:27:08,489 saving best model
2026-01-03 00:27:08,500 ----------------------------------------------------------------------------------------------------
2026-01-03 00:27:11,703 epoch 19 - iter 2/29 - loss 0.37282265 - time (sec): 3.19 - samples/sec: 1060.64 - lr: 0.100000 - momentum: 0.000000
2026-01-03 00:27:15,175 epoch 19 - iter 4/29 - loss 0.37729474 - time (sec): 6.67 - samples/sec: 1112.40 - lr: 0.100000 - momentum: 0.000000
2026-01-03 00:27:18,761 epoch 19 - iter 6/29 - loss 0.37555704 - time (sec): 10.26 - samples/sec: 1077.05 - lr: 0.100000 - momentum: 0.000000
2026-01-03 00:27:21,373 epoch 19 - iter 8/29 - loss 0.37752554 - time (sec): 12.87 - samples/sec: 1111.84 - lr: 0.100000 - momentum: 0.000000
2026-01-03 00:27:24,641 epoch 19 - iter 10/29 - loss 0.37156949 - time (sec): 16.14 - samples/sec: 1111.99 - lr: 0.100000 - momentum: 0.000000
2026-01-03 00:27:28,285 epoch 19 - iter 12/29 - loss 0.37208698 - time (sec): 19.78 - samples/sec: 1095.61 - lr: 0.100000 - momentum: 0.000000
2026-01-03 00:27:31,731 epoch 19 - iter 14/29 - loss 0.37059393 - time (sec): 23.23 - samples/sec: 1093.18 - lr: 0.100000 - momentum: 0.000000
2026-01-03 00:27:34,318 epoch 19 - iter 16/29 - loss 0.36845316 - time (sec): 25.82 - samples/sec: 1117.42 - lr: 0.100000 - momentum: 0.000000
2026-01-03 00:27:37,444 epoch 19 - iter 18/29 - loss 0.36818425 - time (sec): 28.94 - samples/sec: 1128.44 - lr: 0.100000 - momentum: 0.000000
2026-01-03 00:27:41,483 epoch 19 - iter 20/29 - loss 0.36871935 - time (sec): 32.98 - samples/sec: 1087.67 - lr: 0.100000 - momentum: 0.000000
2026-01-03 00:27:44,990 epoch 19 - iter 22/29 - loss 0.37052349 - time (sec): 36.49 - samples/sec: 1083.90 - lr: 0.100000 - momentum: 0.000000
2026-01-03 00:27:48,855 epoch 19 - iter 24/29 - loss 0.36933008 - time (sec): 40.35 - samples/sec: 1064.12 - lr: 0.100000 - momentum: 0.000000
2026-01-03 00:27:51,817 epoch 19 - iter 26/29 - loss 0.36946144 - time (sec): 43.32 - samples/sec: 1065.94 - lr: 0.100000 - momentum: 0.000000
2026-01-03 00:27:54,708 epoch 19 - iter 28/29 - loss 0.36839699 - time (sec): 46.21 - samples/sec: 1063.93 - lr: 0.100000 - momentum: 0.000000
2026-01-03 00:27:55,629 ----------------------------------------------------------------------------------------------------
2026-01-03 00:27:55,630 EPOCH 19 done: loss 0.3683 - lr: 0.100000
2026-01-03 00:28:02,630 DEV : loss 0.2745545208454132 - f1-score (micro avg)  0.9149
2026-01-03 00:28:02,648  - 0 epochs without improvement
2026-01-03 00:28:02,649 saving best model
2026-01-03 00:28:02,662 ----------------------------------------------------------------------------------------------------
2026-01-03 00:28:08,379 epoch 20 - iter 2/29 - loss 0.35239977 - time (sec): 5.72 - samples/sec: 670.93 - lr: 0.100000 - momentum: 0.000000
2026-01-03 00:28:12,757 epoch 20 - iter 4/29 - loss 0.34573891 - time (sec): 10.09 - samples/sec: 735.34 - lr: 0.100000 - momentum: 0.000000
2026-01-03 00:28:15,835 epoch 20 - iter 6/29 - loss 0.35333776 - time (sec): 13.17 - samples/sec: 796.12 - lr: 0.100000 - momentum: 0.000000
2026-01-03 00:28:18,315 epoch 20 - iter 8/29 - loss 0.35589147 - time (sec): 15.65 - samples/sec: 866.52 - lr: 0.100000 - momentum: 0.000000
2026-01-03 00:28:21,196 epoch 20 - iter 10/29 - loss 0.35623847 - time (sec): 18.53 - samples/sec: 910.32 - lr: 0.100000 - momentum: 0.000000
2026-01-03 00:28:24,110 epoch 20 - iter 12/29 - loss 0.35087786 - time (sec): 21.45 - samples/sec: 950.39 - lr: 0.100000 - momentum: 0.000000
2026-01-03 00:28:26,920 epoch 20 - iter 14/29 - loss 0.34807778 - time (sec): 24.26 - samples/sec: 980.02 - lr: 0.100000 - momentum: 0.000000
2026-01-03 00:28:29,459 epoch 20 - iter 16/29 - loss 0.34998908 - time (sec): 26.80 - samples/sec: 1006.26 - lr: 0.100000 - momentum: 0.000000
2026-01-03 00:28:32,879 epoch 20 - iter 18/29 - loss 0.35131618 - time (sec): 30.22 - samples/sec: 1016.88 - lr: 0.100000 - momentum: 0.000000
2026-01-03 00:28:36,029 epoch 20 - iter 20/29 - loss 0.35297008 - time (sec): 33.37 - samples/sec: 1019.22 - lr: 0.100000 - momentum: 0.000000
2026-01-03 00:28:40,714 epoch 20 - iter 22/29 - loss 0.35196196 - time (sec): 38.05 - samples/sec: 993.79 - lr: 0.100000 - momentum: 0.000000
2026-01-03 00:28:43,709 epoch 20 - iter 24/29 - loss 0.35431535 - time (sec): 41.05 - samples/sec: 1016.97 - lr: 0.100000 - momentum: 0.000000
2026-01-03 00:28:46,350 epoch 20 - iter 26/29 - loss 0.35063701 - time (sec): 43.69 - samples/sec: 1042.99 - lr: 0.100000 - momentum: 0.000000
2026-01-03 00:28:49,195 epoch 20 - iter 28/29 - loss 0.35155907 - time (sec): 46.53 - samples/sec: 1053.42 - lr: 0.100000 - momentum: 0.000000
2026-01-03 00:28:50,116 ----------------------------------------------------------------------------------------------------
2026-01-03 00:28:50,117 EPOCH 20 done: loss 0.3519 - lr: 0.100000
2026-01-03 00:28:55,689 DEV : loss 0.26072344183921814 - f1-score (micro avg)  0.9198
2026-01-03 00:28:55,695  - 0 epochs without improvement
2026-01-03 00:28:55,696 saving best model
2026-01-03 00:28:55,711 ----------------------------------------------------------------------------------------------------
2026-01-03 00:28:57,637 epoch 21 - iter 2/29 - loss 0.32061343 - time (sec): 1.93 - samples/sec: 1649.93 - lr: 0.100000 - momentum: 0.000000
2026-01-03 00:29:00,674 epoch 21 - iter 4/29 - loss 0.35434323 - time (sec): 4.96 - samples/sec: 1378.22 - lr: 0.100000 - momentum: 0.000000
2026-01-03 00:29:03,437 epoch 21 - iter 6/29 - loss 0.35480623 - time (sec): 7.73 - samples/sec: 1351.22 - lr: 0.100000 - momentum: 0.000000
2026-01-03 00:29:05,993 epoch 21 - iter 8/29 - loss 0.34778138 - time (sec): 10.28 - samples/sec: 1358.65 - lr: 0.100000 - momentum: 0.000000
2026-01-03 00:29:08,092 epoch 21 - iter 10/29 - loss 0.34507928 - time (sec): 12.38 - samples/sec: 1380.65 - lr: 0.100000 - momentum: 0.000000
2026-01-03 00:29:10,111 epoch 21 - iter 12/29 - loss 0.34119861 - time (sec): 14.40 - samples/sec: 1404.90 - lr: 0.100000 - momentum: 0.000000
2026-01-03 00:29:13,171 epoch 21 - iter 14/29 - loss 0.33573690 - time (sec): 17.46 - samples/sec: 1379.05 - lr: 0.100000 - momentum: 0.000000
2026-01-03 00:29:15,509 epoch 21 - iter 16/29 - loss 0.33617895 - time (sec): 19.80 - samples/sec: 1388.76 - lr: 0.100000 - momentum: 0.000000
2026-01-03 00:29:18,206 epoch 21 - iter 18/29 - loss 0.33777887 - time (sec): 22.49 - samples/sec: 1393.08 - lr: 0.100000 - momentum: 0.000000
2026-01-03 00:29:20,324 epoch 21 - iter 20/29 - loss 0.33711745 - time (sec): 24.61 - samples/sec: 1416.88 - lr: 0.100000 - momentum: 0.000000
2026-01-03 00:29:22,659 epoch 21 - iter 22/29 - loss 0.33531059 - time (sec): 26.95 - samples/sec: 1419.52 - lr: 0.100000 - momentum: 0.000000
2026-01-03 00:29:26,154 epoch 21 - iter 24/29 - loss 0.33219064 - time (sec): 30.44 - samples/sec: 1383.89 - lr: 0.100000 - momentum: 0.000000
2026-01-03 00:29:28,931 epoch 21 - iter 26/29 - loss 0.33383309 - time (sec): 33.22 - samples/sec: 1372.67 - lr: 0.100000 - momentum: 0.000000
2026-01-03 00:29:30,932 epoch 21 - iter 28/29 - loss 0.33595108 - time (sec): 35.22 - samples/sec: 1384.18 - lr: 0.100000 - momentum: 0.000000
2026-01-03 00:29:31,976 ----------------------------------------------------------------------------------------------------
2026-01-03 00:29:31,979 EPOCH 21 done: loss 0.3355 - lr: 0.100000
2026-01-03 00:29:36,308 DEV : loss 0.24642911553382874 - f1-score (micro avg)  0.9235
2026-01-03 00:29:36,313  - 0 epochs without improvement
2026-01-03 00:29:36,314 saving best model
2026-01-03 00:29:36,335 ----------------------------------------------------------------------------------------------------
2026-01-03 00:29:39,283 epoch 22 - iter 2/29 - loss 0.33829414 - time (sec): 2.94 - samples/sec: 1076.13 - lr: 0.100000 - momentum: 0.000000
2026-01-03 00:29:42,165 epoch 22 - iter 4/29 - loss 0.33232304 - time (sec): 5.83 - samples/sec: 1090.79 - lr: 0.100000 - momentum: 0.000000
2026-01-03 00:29:45,170 epoch 22 - iter 6/29 - loss 0.32239815 - time (sec): 8.83 - samples/sec: 1119.33 - lr: 0.100000 - momentum: 0.000000
2026-01-03 00:29:48,055 epoch 22 - iter 8/29 - loss 0.32086184 - time (sec): 11.72 - samples/sec: 1163.51 - lr: 0.100000 - momentum: 0.000000
2026-01-03 00:29:50,804 epoch 22 - iter 10/29 - loss 0.32027261 - time (sec): 14.47 - samples/sec: 1191.28 - lr: 0.100000 - momentum: 0.000000
2026-01-03 00:29:53,048 epoch 22 - iter 12/29 - loss 0.32651463 - time (sec): 16.71 - samples/sec: 1239.70 - lr: 0.100000 - momentum: 0.000000
2026-01-03 00:29:55,539 epoch 22 - iter 14/29 - loss 0.32479283 - time (sec): 19.20 - samples/sec: 1252.99 - lr: 0.100000 - momentum: 0.000000
2026-01-03 00:29:58,387 epoch 22 - iter 16/29 - loss 0.32465971 - time (sec): 22.05 - samples/sec: 1257.85 - lr: 0.100000 - momentum: 0.000000
2026-01-03 00:30:00,722 epoch 22 - iter 18/29 - loss 0.32683843 - time (sec): 24.39 - samples/sec: 1288.48 - lr: 0.100000 - momentum: 0.000000
2026-01-03 00:30:04,604 epoch 22 - iter 20/29 - loss 0.32753978 - time (sec): 28.27 - samples/sec: 1244.08 - lr: 0.100000 - momentum: 0.000000
2026-01-03 00:30:06,799 epoch 22 - iter 22/29 - loss 0.32863755 - time (sec): 30.46 - samples/sec: 1260.57 - lr: 0.100000 - momentum: 0.000000
2026-01-03 00:30:09,384 epoch 22 - iter 24/29 - loss 0.32851751 - time (sec): 33.05 - samples/sec: 1283.06 - lr: 0.100000 - momentum: 0.000000
2026-01-03 00:30:13,162 epoch 22 - iter 26/29 - loss 0.32755805 - time (sec): 36.83 - samples/sec: 1248.89 - lr: 0.100000 - momentum: 0.000000
2026-01-03 00:30:15,034 epoch 22 - iter 28/29 - loss 0.32717331 - time (sec): 38.70 - samples/sec: 1267.07 - lr: 0.100000 - momentum: 0.000000
2026-01-03 00:30:15,934 ----------------------------------------------------------------------------------------------------
2026-01-03 00:30:15,935 EPOCH 22 done: loss 0.3278 - lr: 0.100000
2026-01-03 00:30:20,571 DEV : loss 0.24314241111278534 - f1-score (micro avg)  0.9247
2026-01-03 00:30:20,577  - 0 epochs without improvement
2026-01-03 00:30:20,578 saving best model
2026-01-03 00:30:20,589 ----------------------------------------------------------------------------------------------------
2026-01-03 00:30:23,240 epoch 23 - iter 2/29 - loss 0.30898699 - time (sec): 2.65 - samples/sec: 1296.76 - lr: 0.100000 - momentum: 0.000000
2026-01-03 00:30:25,880 epoch 23 - iter 4/29 - loss 0.30445523 - time (sec): 5.29 - samples/sec: 1345.85 - lr: 0.100000 - momentum: 0.000000
2026-01-03 00:30:28,626 epoch 23 - iter 6/29 - loss 0.31058148 - time (sec): 8.04 - samples/sec: 1341.49 - lr: 0.100000 - momentum: 0.000000
2026-01-03 00:30:30,759 epoch 23 - iter 8/29 - loss 0.30702967 - time (sec): 10.17 - samples/sec: 1364.61 - lr: 0.100000 - momentum: 0.000000
2026-01-03 00:30:32,748 epoch 23 - iter 10/29 - loss 0.30709285 - time (sec): 12.16 - samples/sec: 1398.92 - lr: 0.100000 - momentum: 0.000000
2026-01-03 00:30:35,902 epoch 23 - iter 12/29 - loss 0.30646720 - time (sec): 15.31 - samples/sec: 1333.08 - lr: 0.100000 - momentum: 0.000000
2026-01-03 00:30:39,360 epoch 23 - iter 14/29 - loss 0.30865139 - time (sec): 18.77 - samples/sec: 1275.39 - lr: 0.100000 - momentum: 0.000000
2026-01-03 00:30:42,443 epoch 23 - iter 16/29 - loss 0.30912588 - time (sec): 21.85 - samples/sec: 1268.36 - lr: 0.100000 - momentum: 0.000000
2026-01-03 00:30:45,388 epoch 23 - iter 18/29 - loss 0.31091336 - time (sec): 24.80 - samples/sec: 1261.15 - lr: 0.100000 - momentum: 0.000000
2026-01-03 00:30:48,187 epoch 23 - iter 20/29 - loss 0.31090889 - time (sec): 27.60 - samples/sec: 1264.36 - lr: 0.100000 - momentum: 0.000000
2026-01-03 00:30:50,558 epoch 23 - iter 22/29 - loss 0.31124729 - time (sec): 29.97 - samples/sec: 1277.50 - lr: 0.100000 - momentum: 0.000000
2026-01-03 00:30:53,221 epoch 23 - iter 24/29 - loss 0.31118801 - time (sec): 32.63 - samples/sec: 1277.88 - lr: 0.100000 - momentum: 0.000000
2026-01-03 00:30:55,915 epoch 23 - iter 26/29 - loss 0.31040077 - time (sec): 35.32 - samples/sec: 1277.01 - lr: 0.100000 - momentum: 0.000000
2026-01-03 00:30:58,978 epoch 23 - iter 28/29 - loss 0.30995283 - time (sec): 38.39 - samples/sec: 1273.17 - lr: 0.100000 - momentum: 0.000000
2026-01-03 00:30:59,804 ----------------------------------------------------------------------------------------------------
2026-01-03 00:30:59,804 EPOCH 23 done: loss 0.3094 - lr: 0.100000
2026-01-03 00:31:05,548 DEV : loss 0.22665101289749146 - f1-score (micro avg)  0.9304
2026-01-03 00:31:05,555  - 0 epochs without improvement
2026-01-03 00:31:05,556 saving best model
2026-01-03 00:31:05,567 ----------------------------------------------------------------------------------------------------
2026-01-03 00:31:08,004 epoch 24 - iter 2/29 - loss 0.29985028 - time (sec): 2.44 - samples/sec: 1450.42 - lr: 0.100000 - momentum: 0.000000
2026-01-03 00:31:10,713 epoch 24 - iter 4/29 - loss 0.29280845 - time (sec): 5.15 - samples/sec: 1351.02 - lr: 0.100000 - momentum: 0.000000
2026-01-03 00:31:14,432 epoch 24 - iter 6/29 - loss 0.29667886 - time (sec): 8.86 - samples/sec: 1194.75 - lr: 0.100000 - momentum: 0.000000
2026-01-03 00:31:17,448 epoch 24 - iter 8/29 - loss 0.29283098 - time (sec): 11.88 - samples/sec: 1201.03 - lr: 0.100000 - momentum: 0.000000
2026-01-03 00:31:20,497 epoch 24 - iter 10/29 - loss 0.29342939 - time (sec): 14.93 - samples/sec: 1183.38 - lr: 0.100000 - momentum: 0.000000
2026-01-03 00:31:23,214 epoch 24 - iter 12/29 - loss 0.29061820 - time (sec): 17.65 - samples/sec: 1228.62 - lr: 0.100000 - momentum: 0.000000
2026-01-03 00:31:25,250 epoch 24 - iter 14/29 - loss 0.29367967 - time (sec): 19.68 - samples/sec: 1257.02 - lr: 0.100000 - momentum: 0.000000
2026-01-03 00:31:27,821 epoch 24 - iter 16/29 - loss 0.29685365 - time (sec): 22.25 - samples/sec: 1284.83 - lr: 0.100000 - momentum: 0.000000
2026-01-03 00:31:30,483 epoch 24 - iter 18/29 - loss 0.29761015 - time (sec): 24.92 - samples/sec: 1297.55 - lr: 0.100000 - momentum: 0.000000
2026-01-03 00:31:32,721 epoch 24 - iter 20/29 - loss 0.29620413 - time (sec): 27.15 - samples/sec: 1322.48 - lr: 0.100000 - momentum: 0.000000
2026-01-03 00:31:35,083 epoch 24 - iter 22/29 - loss 0.29917232 - time (sec): 29.52 - samples/sec: 1330.91 - lr: 0.100000 - momentum: 0.000000
2026-01-03 00:31:37,097 epoch 24 - iter 24/29 - loss 0.30086349 - time (sec): 31.53 - samples/sec: 1341.96 - lr: 0.100000 - momentum: 0.000000
2026-01-03 00:31:38,993 epoch 24 - iter 26/29 - loss 0.30165852 - time (sec): 33.42 - samples/sec: 1362.37 - lr: 0.100000 - momentum: 0.000000
2026-01-03 00:31:41,913 epoch 24 - iter 28/29 - loss 0.30114442 - time (sec): 36.34 - samples/sec: 1347.24 - lr: 0.100000 - momentum: 0.000000
2026-01-03 00:31:42,871 ----------------------------------------------------------------------------------------------------
2026-01-03 00:31:42,872 EPOCH 24 done: loss 0.3012 - lr: 0.100000
2026-01-03 00:31:47,175 DEV : loss 0.2216797173023224 - f1-score (micro avg)  0.9306
2026-01-03 00:31:47,180  - 0 epochs without improvement
2026-01-03 00:31:47,181 saving best model
2026-01-03 00:31:47,195 ----------------------------------------------------------------------------------------------------
2026-01-03 00:31:49,494 epoch 25 - iter 2/29 - loss 0.25802184 - time (sec): 2.30 - samples/sec: 1599.79 - lr: 0.100000 - momentum: 0.000000
2026-01-03 00:31:51,923 epoch 25 - iter 4/29 - loss 0.27425834 - time (sec): 4.73 - samples/sec: 1565.45 - lr: 0.100000 - momentum: 0.000000
2026-01-03 00:31:54,056 epoch 25 - iter 6/29 - loss 0.28436104 - time (sec): 6.86 - samples/sec: 1627.27 - lr: 0.100000 - momentum: 0.000000
2026-01-03 00:31:56,434 epoch 25 - iter 8/29 - loss 0.29079707 - time (sec): 9.24 - samples/sec: 1612.62 - lr: 0.100000 - momentum: 0.000000
2026-01-03 00:31:58,691 epoch 25 - iter 10/29 - loss 0.29050535 - time (sec): 11.50 - samples/sec: 1659.18 - lr: 0.100000 - momentum: 0.000000
2026-01-03 00:32:00,661 epoch 25 - iter 12/29 - loss 0.29242252 - time (sec): 13.47 - samples/sec: 1679.53 - lr: 0.100000 - momentum: 0.000000
2026-01-03 00:32:02,512 epoch 25 - iter 14/29 - loss 0.29176440 - time (sec): 15.32 - samples/sec: 1702.41 - lr: 0.100000 - momentum: 0.000000
2026-01-03 00:32:05,189 epoch 25 - iter 16/29 - loss 0.29081739 - time (sec): 17.99 - samples/sec: 1631.78 - lr: 0.100000 - momentum: 0.000000
2026-01-03 00:32:06,876 epoch 25 - iter 18/29 - loss 0.28681053 - time (sec): 19.68 - samples/sec: 1661.46 - lr: 0.100000 - momentum: 0.000000
2026-01-03 00:32:08,695 epoch 25 - iter 20/29 - loss 0.28628530 - time (sec): 21.50 - samples/sec: 1661.25 - lr: 0.100000 - momentum: 0.000000
2026-01-03 00:32:10,558 epoch 25 - iter 22/29 - loss 0.28678830 - time (sec): 23.36 - samples/sec: 1671.52 - lr: 0.100000 - momentum: 0.000000
2026-01-03 00:32:13,084 epoch 25 - iter 24/29 - loss 0.28693932 - time (sec): 25.89 - samples/sec: 1646.60 - lr: 0.100000 - momentum: 0.000000
2026-01-03 00:32:15,007 epoch 25 - iter 26/29 - loss 0.28694325 - time (sec): 27.81 - samples/sec: 1656.09 - lr: 0.100000 - momentum: 0.000000
2026-01-03 00:32:16,646 epoch 25 - iter 28/29 - loss 0.28744654 - time (sec): 29.45 - samples/sec: 1659.26 - lr: 0.100000 - momentum: 0.000000
2026-01-03 00:32:17,557 ----------------------------------------------------------------------------------------------------
2026-01-03 00:32:17,557 EPOCH 25 done: loss 0.2878 - lr: 0.100000
2026-01-03 00:32:21,265 DEV : loss 0.21173958480358124 - f1-score (micro avg)  0.9362
2026-01-03 00:32:21,272  - 0 epochs without improvement
2026-01-03 00:32:21,272 saving best model
2026-01-03 00:32:21,283 ----------------------------------------------------------------------------------------------------
2026-01-03 00:32:23,680 epoch 26 - iter 2/29 - loss 0.27397240 - time (sec): 2.40 - samples/sec: 1625.38 - lr: 0.100000 - momentum: 0.000000
2026-01-03 00:32:25,313 epoch 26 - iter 4/29 - loss 0.28221104 - time (sec): 4.03 - samples/sec: 1733.06 - lr: 0.100000 - momentum: 0.000000
2026-01-03 00:32:27,165 epoch 26 - iter 6/29 - loss 0.28360285 - time (sec): 5.88 - samples/sec: 1777.34 - lr: 0.100000 - momentum: 0.000000
2026-01-03 00:32:28,866 epoch 26 - iter 8/29 - loss 0.27495408 - time (sec): 7.58 - samples/sec: 1827.37 - lr: 0.100000 - momentum: 0.000000
2026-01-03 00:32:31,195 epoch 26 - iter 10/29 - loss 0.27583953 - time (sec): 9.91 - samples/sec: 1721.74 - lr: 0.100000 - momentum: 0.000000
2026-01-03 00:32:33,591 epoch 26 - iter 12/29 - loss 0.27938544 - time (sec): 12.31 - samples/sec: 1669.90 - lr: 0.100000 - momentum: 0.000000
2026-01-03 00:32:35,759 epoch 26 - iter 14/29 - loss 0.27836831 - time (sec): 14.48 - samples/sec: 1683.96 - lr: 0.100000 - momentum: 0.000000
2026-01-03 00:32:38,026 epoch 26 - iter 16/29 - loss 0.27622721 - time (sec): 16.74 - samples/sec: 1665.54 - lr: 0.100000 - momentum: 0.000000
2026-01-03 00:32:40,482 epoch 26 - iter 18/29 - loss 0.27666049 - time (sec): 19.20 - samples/sec: 1632.31 - lr: 0.100000 - momentum: 0.000000
2026-01-03 00:32:43,174 epoch 26 - iter 20/29 - loss 0.27931669 - time (sec): 21.89 - samples/sec: 1589.29 - lr: 0.100000 - momentum: 0.000000
2026-01-03 00:32:45,101 epoch 26 - iter 22/29 - loss 0.27866261 - time (sec): 23.82 - samples/sec: 1597.92 - lr: 0.100000 - momentum: 0.000000
2026-01-03 00:32:47,252 epoch 26 - iter 24/29 - loss 0.27964560 - time (sec): 25.97 - samples/sec: 1586.27 - lr: 0.100000 - momentum: 0.000000
2026-01-03 00:32:49,934 epoch 26 - iter 26/29 - loss 0.28121476 - time (sec): 28.65 - samples/sec: 1572.77 - lr: 0.100000 - momentum: 0.000000
2026-01-03 00:32:52,245 epoch 26 - iter 28/29 - loss 0.27949187 - time (sec): 30.96 - samples/sec: 1580.71 - lr: 0.100000 - momentum: 0.000000
2026-01-03 00:32:53,510 ----------------------------------------------------------------------------------------------------
2026-01-03 00:32:53,514 EPOCH 26 done: loss 0.2801 - lr: 0.100000
2026-01-03 00:32:58,132 DEV : loss 0.2104150801897049 - f1-score (micro avg)  0.9341
2026-01-03 00:32:58,137  - 1 epochs without improvement
2026-01-03 00:32:58,138 ----------------------------------------------------------------------------------------------------
2026-01-03 00:32:59,987 epoch 27 - iter 2/29 - loss 0.27260163 - time (sec): 1.85 - samples/sec: 1906.97 - lr: 0.100000 - momentum: 0.000000
2026-01-03 00:33:01,935 epoch 27 - iter 4/29 - loss 0.27404572 - time (sec): 3.80 - samples/sec: 1765.87 - lr: 0.100000 - momentum: 0.000000
2026-01-03 00:33:04,827 epoch 27 - iter 6/29 - loss 0.27916959 - time (sec): 6.69 - samples/sec: 1539.22 - lr: 0.100000 - momentum: 0.000000
2026-01-03 00:33:06,943 epoch 27 - iter 8/29 - loss 0.27652868 - time (sec): 8.80 - samples/sec: 1629.13 - lr: 0.100000 - momentum: 0.000000
2026-01-03 00:33:08,744 epoch 27 - iter 10/29 - loss 0.27564094 - time (sec): 10.61 - samples/sec: 1659.80 - lr: 0.100000 - momentum: 0.000000
2026-01-03 00:33:10,768 epoch 27 - iter 12/29 - loss 0.27317021 - time (sec): 12.63 - samples/sec: 1676.61 - lr: 0.100000 - momentum: 0.000000
2026-01-03 00:33:13,345 epoch 27 - iter 14/29 - loss 0.27308933 - time (sec): 15.21 - samples/sec: 1627.12 - lr: 0.100000 - momentum: 0.000000
2026-01-03 00:33:15,437 epoch 27 - iter 16/29 - loss 0.27306264 - time (sec): 17.30 - samples/sec: 1624.81 - lr: 0.100000 - momentum: 0.000000
2026-01-03 00:33:17,340 epoch 27 - iter 18/29 - loss 0.27187527 - time (sec): 19.20 - samples/sec: 1646.47 - lr: 0.100000 - momentum: 0.000000
2026-01-03 00:33:18,989 epoch 27 - iter 20/29 - loss 0.27289302 - time (sec): 20.85 - samples/sec: 1658.77 - lr: 0.100000 - momentum: 0.000000
2026-01-03 00:33:21,435 epoch 27 - iter 22/29 - loss 0.27219982 - time (sec): 23.30 - samples/sec: 1653.68 - lr: 0.100000 - momentum: 0.000000
2026-01-03 00:33:23,605 epoch 27 - iter 24/29 - loss 0.27261002 - time (sec): 25.47 - samples/sec: 1654.96 - lr: 0.100000 - momentum: 0.000000
2026-01-03 00:33:25,717 epoch 27 - iter 26/29 - loss 0.27133459 - time (sec): 27.58 - samples/sec: 1664.29 - lr: 0.100000 - momentum: 0.000000
2026-01-03 00:33:28,195 epoch 27 - iter 28/29 - loss 0.27270550 - time (sec): 30.06 - samples/sec: 1631.48 - lr: 0.100000 - momentum: 0.000000
2026-01-03 00:33:28,781 ----------------------------------------------------------------------------------------------------
2026-01-03 00:33:28,781 EPOCH 27 done: loss 0.2740 - lr: 0.100000
2026-01-03 00:33:34,120 DEV : loss 0.20122763514518738 - f1-score (micro avg)  0.9399
2026-01-03 00:33:34,138  - 0 epochs without improvement
2026-01-03 00:33:34,139 saving best model
2026-01-03 00:33:34,152 ----------------------------------------------------------------------------------------------------
2026-01-03 00:33:37,861 epoch 28 - iter 2/29 - loss 0.27566863 - time (sec): 3.71 - samples/sec: 929.59 - lr: 0.100000 - momentum: 0.000000
2026-01-03 00:33:41,961 epoch 28 - iter 4/29 - loss 0.26044825 - time (sec): 7.81 - samples/sec: 928.05 - lr: 0.100000 - momentum: 0.000000
2026-01-03 00:33:44,912 epoch 28 - iter 6/29 - loss 0.25850395 - time (sec): 10.76 - samples/sec: 1007.00 - lr: 0.100000 - momentum: 0.000000
2026-01-03 00:33:47,458 epoch 28 - iter 8/29 - loss 0.26171743 - time (sec): 13.30 - samples/sec: 1053.37 - lr: 0.100000 - momentum: 0.000000
2026-01-03 00:33:50,116 epoch 28 - iter 10/29 - loss 0.25921609 - time (sec): 15.96 - samples/sec: 1094.66 - lr: 0.100000 - momentum: 0.000000
2026-01-03 00:33:52,499 epoch 28 - iter 12/29 - loss 0.26073970 - time (sec): 18.35 - samples/sec: 1114.21 - lr: 0.100000 - momentum: 0.000000
2026-01-03 00:33:54,868 epoch 28 - iter 14/29 - loss 0.26510935 - time (sec): 20.71 - samples/sec: 1145.65 - lr: 0.100000 - momentum: 0.000000
2026-01-03 00:33:57,024 epoch 28 - iter 16/29 - loss 0.26748326 - time (sec): 22.87 - samples/sec: 1194.16 - lr: 0.100000 - momentum: 0.000000
2026-01-03 00:33:59,013 epoch 28 - iter 18/29 - loss 0.26811898 - time (sec): 24.86 - samples/sec: 1241.91 - lr: 0.100000 - momentum: 0.000000
2026-01-03 00:34:01,307 epoch 28 - iter 20/29 - loss 0.26676330 - time (sec): 27.15 - samples/sec: 1272.34 - lr: 0.100000 - momentum: 0.000000
2026-01-03 00:34:03,735 epoch 28 - iter 22/29 - loss 0.26827673 - time (sec): 29.58 - samples/sec: 1281.42 - lr: 0.100000 - momentum: 0.000000
2026-01-03 00:34:05,642 epoch 28 - iter 24/29 - loss 0.26878551 - time (sec): 31.49 - samples/sec: 1319.42 - lr: 0.100000 - momentum: 0.000000
2026-01-03 00:34:08,369 epoch 28 - iter 26/29 - loss 0.26842245 - time (sec): 34.22 - samples/sec: 1318.09 - lr: 0.100000 - momentum: 0.000000
2026-01-03 00:34:10,944 epoch 28 - iter 28/29 - loss 0.26887085 - time (sec): 36.79 - samples/sec: 1321.35 - lr: 0.100000 - momentum: 0.000000
2026-01-03 00:34:12,024 ----------------------------------------------------------------------------------------------------
2026-01-03 00:34:12,024 EPOCH 28 done: loss 0.2681 - lr: 0.100000
2026-01-03 00:34:17,064 DEV : loss 0.2057112455368042 - f1-score (micro avg)  0.9353
2026-01-03 00:34:17,073  - 1 epochs without improvement
2026-01-03 00:34:17,074 ----------------------------------------------------------------------------------------------------
2026-01-03 00:34:18,999 epoch 29 - iter 2/29 - loss 0.23809634 - time (sec): 1.93 - samples/sec: 1706.29 - lr: 0.100000 - momentum: 0.000000
2026-01-03 00:34:21,665 epoch 29 - iter 4/29 - loss 0.24786094 - time (sec): 4.59 - samples/sec: 1606.23 - lr: 0.100000 - momentum: 0.000000
2026-01-03 00:34:23,449 epoch 29 - iter 6/29 - loss 0.25907732 - time (sec): 6.37 - samples/sec: 1671.86 - lr: 0.100000 - momentum: 0.000000
2026-01-03 00:34:25,852 epoch 29 - iter 8/29 - loss 0.25495316 - time (sec): 8.78 - samples/sec: 1617.85 - lr: 0.100000 - momentum: 0.000000
2026-01-03 00:34:29,868 epoch 29 - iter 10/29 - loss 0.25583552 - time (sec): 12.79 - samples/sec: 1401.60 - lr: 0.100000 - momentum: 0.000000
2026-01-03 00:34:32,099 epoch 29 - iter 12/29 - loss 0.25679703 - time (sec): 15.02 - samples/sec: 1420.06 - lr: 0.100000 - momentum: 0.000000
2026-01-03 00:34:34,764 epoch 29 - iter 14/29 - loss 0.25771105 - time (sec): 17.69 - samples/sec: 1411.48 - lr: 0.100000 - momentum: 0.000000
2026-01-03 00:34:36,796 epoch 29 - iter 16/29 - loss 0.25553048 - time (sec): 19.72 - samples/sec: 1439.37 - lr: 0.100000 - momentum: 0.000000
2026-01-03 00:34:40,072 epoch 29 - iter 18/29 - loss 0.25655809 - time (sec): 22.99 - samples/sec: 1402.27 - lr: 0.100000 - momentum: 0.000000
2026-01-03 00:34:42,417 epoch 29 - iter 20/29 - loss 0.25668298 - time (sec): 25.34 - samples/sec: 1407.28 - lr: 0.100000 - momentum: 0.000000
2026-01-03 00:34:45,622 epoch 29 - iter 22/29 - loss 0.25647353 - time (sec): 28.55 - samples/sec: 1370.77 - lr: 0.100000 - momentum: 0.000000
2026-01-03 00:34:47,641 epoch 29 - iter 24/29 - loss 0.25637389 - time (sec): 30.57 - samples/sec: 1396.60 - lr: 0.100000 - momentum: 0.000000
2026-01-03 00:34:49,756 epoch 29 - iter 26/29 - loss 0.25691638 - time (sec): 32.68 - samples/sec: 1412.99 - lr: 0.100000 - momentum: 0.000000
2026-01-03 00:34:51,574 epoch 29 - iter 28/29 - loss 0.25788332 - time (sec): 34.50 - samples/sec: 1421.73 - lr: 0.100000 - momentum: 0.000000
2026-01-03 00:34:52,613 ----------------------------------------------------------------------------------------------------
2026-01-03 00:34:52,614 EPOCH 29 done: loss 0.2576 - lr: 0.100000
2026-01-03 00:34:57,526 DEV : loss 0.19797194004058838 - f1-score (micro avg)  0.9383
2026-01-03 00:34:57,534  - 2 epochs without improvement
2026-01-03 00:34:57,534 ----------------------------------------------------------------------------------------------------
2026-01-03 00:34:59,528 epoch 30 - iter 2/29 - loss 0.27173305 - time (sec): 1.99 - samples/sec: 1647.30 - lr: 0.100000 - momentum: 0.000000
2026-01-03 00:35:01,995 epoch 30 - iter 4/29 - loss 0.25520443 - time (sec): 4.46 - samples/sec: 1532.49 - lr: 0.100000 - momentum: 0.000000
2026-01-03 00:35:04,407 epoch 30 - iter 6/29 - loss 0.25258143 - time (sec): 6.87 - samples/sec: 1487.70 - lr: 0.100000 - momentum: 0.000000
2026-01-03 00:35:06,763 epoch 30 - iter 8/29 - loss 0.26169022 - time (sec): 9.23 - samples/sec: 1498.38 - lr: 0.100000 - momentum: 0.000000
2026-01-03 00:35:09,786 epoch 30 - iter 10/29 - loss 0.26275601 - time (sec): 12.25 - samples/sec: 1434.05 - lr: 0.100000 - momentum: 0.000000
2026-01-03 00:35:11,824 epoch 30 - iter 12/29 - loss 0.25729010 - time (sec): 14.29 - samples/sec: 1463.21 - lr: 0.100000 - momentum: 0.000000
2026-01-03 00:35:14,794 epoch 30 - iter 14/29 - loss 0.25743548 - time (sec): 17.26 - samples/sec: 1404.46 - lr: 0.100000 - momentum: 0.000000
2026-01-03 00:35:17,277 epoch 30 - iter 16/29 - loss 0.25478716 - time (sec): 19.74 - samples/sec: 1424.29 - lr: 0.100000 - momentum: 0.000000
2026-01-03 00:35:19,157 epoch 30 - iter 18/29 - loss 0.25530608 - time (sec): 21.62 - samples/sec: 1450.97 - lr: 0.100000 - momentum: 0.000000
2026-01-03 00:35:21,574 epoch 30 - iter 20/29 - loss 0.25602009 - time (sec): 24.04 - samples/sec: 1456.75 - lr: 0.100000 - momentum: 0.000000
2026-01-03 00:35:25,062 epoch 30 - iter 22/29 - loss 0.25567786 - time (sec): 27.53 - samples/sec: 1403.91 - lr: 0.100000 - momentum: 0.000000
2026-01-03 00:35:26,980 epoch 30 - iter 24/29 - loss 0.25463348 - time (sec): 29.44 - samples/sec: 1421.95 - lr: 0.100000 - momentum: 0.000000
2026-01-03 00:35:30,037 epoch 30 - iter 26/29 - loss 0.25565637 - time (sec): 32.50 - samples/sec: 1395.99 - lr: 0.100000 - momentum: 0.000000
2026-01-03 00:35:32,168 epoch 30 - iter 28/29 - loss 0.25571714 - time (sec): 34.63 - samples/sec: 1413.73 - lr: 0.100000 - momentum: 0.000000
2026-01-03 00:35:33,024 ----------------------------------------------------------------------------------------------------
2026-01-03 00:35:33,025 EPOCH 30 done: loss 0.2554 - lr: 0.100000
2026-01-03 00:35:37,956 DEV : loss 0.19378602504730225 - f1-score (micro avg)  0.939
2026-01-03 00:35:37,965  - 3 epochs without improvement
2026-01-03 00:35:37,966 ----------------------------------------------------------------------------------------------------
2026-01-03 00:35:40,651 epoch 31 - iter 2/29 - loss 0.22041125 - time (sec): 2.68 - samples/sec: 1301.40 - lr: 0.100000 - momentum: 0.000000
2026-01-03 00:35:43,630 epoch 31 - iter 4/29 - loss 0.23853777 - time (sec): 5.66 - samples/sec: 1285.14 - lr: 0.100000 - momentum: 0.000000
2026-01-03 00:35:45,267 epoch 31 - iter 6/29 - loss 0.24052974 - time (sec): 7.30 - samples/sec: 1437.35 - lr: 0.100000 - momentum: 0.000000
2026-01-03 00:35:48,036 epoch 31 - iter 8/29 - loss 0.24650386 - time (sec): 10.07 - samples/sec: 1391.40 - lr: 0.100000 - momentum: 0.000000
2026-01-03 00:35:50,428 epoch 31 - iter 10/29 - loss 0.24777018 - time (sec): 12.46 - samples/sec: 1405.37 - lr: 0.100000 - momentum: 0.000000
2026-01-03 00:35:52,244 epoch 31 - iter 12/29 - loss 0.24714535 - time (sec): 14.28 - samples/sec: 1449.26 - lr: 0.100000 - momentum: 0.000000
2026-01-03 00:35:54,578 epoch 31 - iter 14/29 - loss 0.24622350 - time (sec): 16.61 - samples/sec: 1444.48 - lr: 0.100000 - momentum: 0.000000
2026-01-03 00:35:56,737 epoch 31 - iter 16/29 - loss 0.24378857 - time (sec): 18.77 - samples/sec: 1443.09 - lr: 0.100000 - momentum: 0.000000
2026-01-03 00:35:58,691 epoch 31 - iter 18/29 - loss 0.24379625 - time (sec): 20.72 - samples/sec: 1465.05 - lr: 0.100000 - momentum: 0.000000
2026-01-03 00:36:01,031 epoch 31 - iter 20/29 - loss 0.24837253 - time (sec): 23.06 - samples/sec: 1479.19 - lr: 0.100000 - momentum: 0.000000
2026-01-03 00:36:03,617 epoch 31 - iter 22/29 - loss 0.24948692 - time (sec): 25.65 - samples/sec: 1470.21 - lr: 0.100000 - momentum: 0.000000
2026-01-03 00:36:05,927 epoch 31 - iter 24/29 - loss 0.24877905 - time (sec): 27.96 - samples/sec: 1473.77 - lr: 0.100000 - momentum: 0.000000
2026-01-03 00:36:08,174 epoch 31 - iter 26/29 - loss 0.24925918 - time (sec): 30.21 - samples/sec: 1492.12 - lr: 0.100000 - momentum: 0.000000
2026-01-03 00:36:10,445 epoch 31 - iter 28/29 - loss 0.24699821 - time (sec): 32.48 - samples/sec: 1501.66 - lr: 0.100000 - momentum: 0.000000
2026-01-03 00:36:11,914 ----------------------------------------------------------------------------------------------------
2026-01-03 00:36:11,915 EPOCH 31 done: loss 0.2463 - lr: 0.100000
2026-01-03 00:36:16,515 DEV : loss 0.18427865207195282 - f1-score (micro avg)  0.944
2026-01-03 00:36:16,520  - 0 epochs without improvement
2026-01-03 00:36:16,521 saving best model
2026-01-03 00:36:16,531 ----------------------------------------------------------------------------------------------------
2026-01-03 00:36:18,799 epoch 32 - iter 2/29 - loss 0.25289465 - time (sec): 2.27 - samples/sec: 1720.93 - lr: 0.100000 - momentum: 0.000000
2026-01-03 00:36:21,514 epoch 32 - iter 4/29 - loss 0.25058233 - time (sec): 4.98 - samples/sec: 1465.98 - lr: 0.100000 - momentum: 0.000000
2026-01-03 00:36:23,482 epoch 32 - iter 6/29 - loss 0.24921522 - time (sec): 6.95 - samples/sec: 1561.02 - lr: 0.100000 - momentum: 0.000000
2026-01-03 00:36:25,865 epoch 32 - iter 8/29 - loss 0.24174600 - time (sec): 9.33 - samples/sec: 1553.11 - lr: 0.100000 - momentum: 0.000000
2026-01-03 00:36:28,889 epoch 32 - iter 10/29 - loss 0.24289505 - time (sec): 12.36 - samples/sec: 1468.55 - lr: 0.100000 - momentum: 0.000000
2026-01-03 00:36:31,171 epoch 32 - iter 12/29 - loss 0.23685695 - time (sec): 14.64 - samples/sec: 1460.99 - lr: 0.100000 - momentum: 0.000000
2026-01-03 00:36:33,125 epoch 32 - iter 14/29 - loss 0.23820064 - time (sec): 16.59 - samples/sec: 1489.38 - lr: 0.100000 - momentum: 0.000000
2026-01-03 00:36:35,220 epoch 32 - iter 16/29 - loss 0.23796628 - time (sec): 18.69 - samples/sec: 1512.06 - lr: 0.100000 - momentum: 0.000000
2026-01-03 00:36:37,699 epoch 32 - iter 18/29 - loss 0.23709849 - time (sec): 21.17 - samples/sec: 1508.66 - lr: 0.100000 - momentum: 0.000000
2026-01-03 00:36:40,514 epoch 32 - iter 20/29 - loss 0.23497571 - time (sec): 23.98 - samples/sec: 1470.80 - lr: 0.100000 - momentum: 0.000000
2026-01-03 00:36:43,724 epoch 32 - iter 22/29 - loss 0.23490552 - time (sec): 27.19 - samples/sec: 1428.33 - lr: 0.100000 - momentum: 0.000000
2026-01-03 00:36:46,893 epoch 32 - iter 24/29 - loss 0.23434201 - time (sec): 30.36 - samples/sec: 1388.55 - lr: 0.100000 - momentum: 0.000000
2026-01-03 00:36:49,473 epoch 32 - iter 26/29 - loss 0.23277970 - time (sec): 32.94 - samples/sec: 1385.90 - lr: 0.100000 - momentum: 0.000000
2026-01-03 00:36:51,653 epoch 32 - iter 28/29 - loss 0.23580903 - time (sec): 35.12 - samples/sec: 1392.47 - lr: 0.100000 - momentum: 0.000000
2026-01-03 00:36:52,454 ----------------------------------------------------------------------------------------------------
2026-01-03 00:36:52,454 EPOCH 32 done: loss 0.2362 - lr: 0.100000
2026-01-03 00:36:57,115 DEV : loss 0.17846256494522095 - f1-score (micro avg)  0.9452
2026-01-03 00:36:57,120  - 0 epochs without improvement
2026-01-03 00:36:57,121 saving best model
2026-01-03 00:36:57,135 ----------------------------------------------------------------------------------------------------
2026-01-03 00:37:00,126 epoch 33 - iter 2/29 - loss 0.23676636 - time (sec): 2.99 - samples/sec: 1122.12 - lr: 0.100000 - momentum: 0.000000
2026-01-03 00:37:02,524 epoch 33 - iter 4/29 - loss 0.22491267 - time (sec): 5.39 - samples/sec: 1326.54 - lr: 0.100000 - momentum: 0.000000
2026-01-03 00:37:04,546 epoch 33 - iter 6/29 - loss 0.22429133 - time (sec): 7.41 - samples/sec: 1410.45 - lr: 0.100000 - momentum: 0.000000
2026-01-03 00:37:07,292 epoch 33 - iter 8/29 - loss 0.22804885 - time (sec): 10.16 - samples/sec: 1392.78 - lr: 0.100000 - momentum: 0.000000
2026-01-03 00:37:09,578 epoch 33 - iter 10/29 - loss 0.22990140 - time (sec): 12.44 - samples/sec: 1406.01 - lr: 0.100000 - momentum: 0.000000
2026-01-03 00:37:11,289 epoch 33 - iter 12/29 - loss 0.22758647 - time (sec): 14.15 - samples/sec: 1454.01 - lr: 0.100000 - momentum: 0.000000
2026-01-03 00:37:13,938 epoch 33 - iter 14/29 - loss 0.23331999 - time (sec): 16.80 - samples/sec: 1449.20 - lr: 0.100000 - momentum: 0.000000
2026-01-03 00:37:17,089 epoch 33 - iter 16/29 - loss 0.23528993 - time (sec): 19.95 - samples/sec: 1408.61 - lr: 0.100000 - momentum: 0.000000
2026-01-03 00:37:19,754 epoch 33 - iter 18/29 - loss 0.23338732 - time (sec): 22.62 - samples/sec: 1389.84 - lr: 0.100000 - momentum: 0.000000
2026-01-03 00:37:22,497 epoch 33 - iter 20/29 - loss 0.23366214 - time (sec): 25.36 - samples/sec: 1386.31 - lr: 0.100000 - momentum: 0.000000
2026-01-03 00:37:24,874 epoch 33 - iter 22/29 - loss 0.23347438 - time (sec): 27.74 - samples/sec: 1396.37 - lr: 0.100000 - momentum: 0.000000
2026-01-03 00:37:26,713 epoch 33 - iter 24/29 - loss 0.23270619 - time (sec): 29.58 - samples/sec: 1411.27 - lr: 0.100000 - momentum: 0.000000
2026-01-03 00:37:28,855 epoch 33 - iter 26/29 - loss 0.23195454 - time (sec): 31.72 - samples/sec: 1425.15 - lr: 0.100000 - momentum: 0.000000
2026-01-03 00:37:31,397 epoch 33 - iter 28/29 - loss 0.23218504 - time (sec): 34.26 - samples/sec: 1423.86 - lr: 0.100000 - momentum: 0.000000
2026-01-03 00:37:32,561 ----------------------------------------------------------------------------------------------------
2026-01-03 00:37:32,562 EPOCH 33 done: loss 0.2327 - lr: 0.100000
2026-01-03 00:37:38,912 DEV : loss 0.1767745018005371 - f1-score (micro avg)  0.9442
2026-01-03 00:37:39,005  - 1 epochs without improvement
2026-01-03 00:37:39,006 ----------------------------------------------------------------------------------------------------
2026-01-03 00:37:42,932 epoch 34 - iter 2/29 - loss 0.20551232 - time (sec): 3.92 - samples/sec: 999.44 - lr: 0.100000 - momentum: 0.000000
2026-01-03 00:37:46,830 epoch 34 - iter 4/29 - loss 0.22190064 - time (sec): 7.82 - samples/sec: 944.74 - lr: 0.100000 - momentum: 0.000000
2026-01-03 00:37:49,735 epoch 34 - iter 6/29 - loss 0.21845076 - time (sec): 10.73 - samples/sec: 1025.15 - lr: 0.100000 - momentum: 0.000000
2026-01-03 00:37:51,720 epoch 34 - iter 8/29 - loss 0.22095181 - time (sec): 12.71 - samples/sec: 1115.14 - lr: 0.100000 - momentum: 0.000000
2026-01-03 00:37:54,838 epoch 34 - iter 10/29 - loss 0.22133166 - time (sec): 15.83 - samples/sec: 1116.71 - lr: 0.100000 - momentum: 0.000000
2026-01-03 00:37:57,634 epoch 34 - iter 12/29 - loss 0.22214013 - time (sec): 18.63 - samples/sec: 1136.71 - lr: 0.100000 - momentum: 0.000000
2026-01-03 00:38:00,085 epoch 34 - iter 14/29 - loss 0.22423596 - time (sec): 21.08 - samples/sec: 1179.94 - lr: 0.100000 - momentum: 0.000000
2026-01-03 00:38:03,570 epoch 34 - iter 16/29 - loss 0.22494559 - time (sec): 24.56 - samples/sec: 1163.37 - lr: 0.100000 - momentum: 0.000000
2026-01-03 00:38:05,448 epoch 34 - iter 18/29 - loss 0.22544918 - time (sec): 26.44 - samples/sec: 1204.78 - lr: 0.100000 - momentum: 0.000000
2026-01-03 00:38:08,224 epoch 34 - iter 20/29 - loss 0.22385695 - time (sec): 29.22 - samples/sec: 1214.16 - lr: 0.100000 - momentum: 0.000000
2026-01-03 00:38:10,917 epoch 34 - iter 22/29 - loss 0.22751165 - time (sec): 31.91 - samples/sec: 1207.01 - lr: 0.100000 - momentum: 0.000000
2026-01-03 00:38:14,071 epoch 34 - iter 24/29 - loss 0.22744404 - time (sec): 35.06 - samples/sec: 1196.22 - lr: 0.100000 - momentum: 0.000000
2026-01-03 00:38:16,420 epoch 34 - iter 26/29 - loss 0.22767533 - time (sec): 37.41 - samples/sec: 1211.42 - lr: 0.100000 - momentum: 0.000000
2026-01-03 00:38:18,919 epoch 34 - iter 28/29 - loss 0.22777458 - time (sec): 39.91 - samples/sec: 1223.73 - lr: 0.100000 - momentum: 0.000000
2026-01-03 00:38:19,836 ----------------------------------------------------------------------------------------------------
2026-01-03 00:38:19,836 EPOCH 34 done: loss 0.2280 - lr: 0.100000
2026-01-03 00:38:25,179 DEV : loss 0.1708504855632782 - f1-score (micro avg)  0.9476
2026-01-03 00:38:25,197  - 0 epochs without improvement
2026-01-03 00:38:25,198 saving best model
2026-01-03 00:38:25,212 ----------------------------------------------------------------------------------------------------
2026-01-03 00:38:28,100 epoch 35 - iter 2/29 - loss 0.21212996 - time (sec): 2.89 - samples/sec: 1215.71 - lr: 0.100000 - momentum: 0.000000
2026-01-03 00:38:30,495 epoch 35 - iter 4/29 - loss 0.21799615 - time (sec): 5.28 - samples/sec: 1287.50 - lr: 0.100000 - momentum: 0.000000
2026-01-03 00:38:33,271 epoch 35 - iter 6/29 - loss 0.22466129 - time (sec): 8.06 - samples/sec: 1283.79 - lr: 0.100000 - momentum: 0.000000
2026-01-03 00:38:36,425 epoch 35 - iter 8/29 - loss 0.22201713 - time (sec): 11.21 - samples/sec: 1261.20 - lr: 0.100000 - momentum: 0.000000
2026-01-03 00:38:39,893 epoch 35 - iter 10/29 - loss 0.22262920 - time (sec): 14.68 - samples/sec: 1220.12 - lr: 0.100000 - momentum: 0.000000
2026-01-03 00:38:43,537 epoch 35 - iter 12/29 - loss 0.22681089 - time (sec): 18.32 - samples/sec: 1153.53 - lr: 0.100000 - momentum: 0.000000
2026-01-03 00:38:50,552 epoch 35 - iter 14/29 - loss 0.22430438 - time (sec): 25.34 - samples/sec: 998.36 - lr: 0.100000 - momentum: 0.000000
2026-01-03 00:38:53,997 epoch 35 - iter 16/29 - loss 0.22392795 - time (sec): 28.78 - samples/sec: 1016.88 - lr: 0.100000 - momentum: 0.000000
2026-01-03 00:38:56,444 epoch 35 - iter 18/29 - loss 0.22583293 - time (sec): 31.23 - samples/sec: 1041.00 - lr: 0.100000 - momentum: 0.000000
2026-01-03 00:38:58,675 epoch 35 - iter 20/29 - loss 0.22662198 - time (sec): 33.46 - samples/sec: 1064.19 - lr: 0.100000 - momentum: 0.000000
2026-01-03 00:39:01,364 epoch 35 - iter 22/29 - loss 0.22630854 - time (sec): 36.15 - samples/sec: 1086.95 - lr: 0.100000 - momentum: 0.000000
2026-01-03 00:39:03,751 epoch 35 - iter 24/29 - loss 0.22453489 - time (sec): 38.54 - samples/sec: 1103.98 - lr: 0.100000 - momentum: 0.000000
2026-01-03 00:39:06,194 epoch 35 - iter 26/29 - loss 0.22642223 - time (sec): 40.98 - samples/sec: 1120.37 - lr: 0.100000 - momentum: 0.000000
2026-01-03 00:39:08,369 epoch 35 - iter 28/29 - loss 0.22535559 - time (sec): 43.16 - samples/sec: 1136.29 - lr: 0.100000 - momentum: 0.000000
2026-01-03 00:39:09,156 ----------------------------------------------------------------------------------------------------
2026-01-03 00:39:09,156 EPOCH 35 done: loss 0.2253 - lr: 0.100000
2026-01-03 00:39:14,455 DEV : loss 0.166720911860466 - f1-score (micro avg)  0.949
2026-01-03 00:39:14,460  - 0 epochs without improvement
2026-01-03 00:39:14,461 saving best model
2026-01-03 00:39:14,473 ----------------------------------------------------------------------------------------------------
2026-01-03 00:39:17,426 epoch 36 - iter 2/29 - loss 0.22527159 - time (sec): 2.95 - samples/sec: 1302.93 - lr: 0.100000 - momentum: 0.000000
2026-01-03 00:39:20,031 epoch 36 - iter 4/29 - loss 0.21767365 - time (sec): 5.56 - samples/sec: 1271.44 - lr: 0.100000 - momentum: 0.000000
2026-01-03 00:39:22,229 epoch 36 - iter 6/29 - loss 0.21225083 - time (sec): 7.76 - samples/sec: 1328.16 - lr: 0.100000 - momentum: 0.000000
2026-01-03 00:39:24,488 epoch 36 - iter 8/29 - loss 0.21461395 - time (sec): 10.01 - samples/sec: 1380.85 - lr: 0.100000 - momentum: 0.000000
2026-01-03 00:39:27,545 epoch 36 - iter 10/29 - loss 0.21500990 - time (sec): 13.07 - samples/sec: 1339.08 - lr: 0.100000 - momentum: 0.000000
2026-01-03 00:39:30,354 epoch 36 - iter 12/29 - loss 0.21730277 - time (sec): 15.88 - samples/sec: 1319.42 - lr: 0.100000 - momentum: 0.000000
2026-01-03 00:39:32,829 epoch 36 - iter 14/29 - loss 0.21844986 - time (sec): 18.36 - samples/sec: 1320.59 - lr: 0.100000 - momentum: 0.000000
2026-01-03 00:39:36,117 epoch 36 - iter 16/29 - loss 0.21843104 - time (sec): 21.64 - samples/sec: 1272.35 - lr: 0.100000 - momentum: 0.000000
2026-01-03 00:39:38,323 epoch 36 - iter 18/29 - loss 0.21958359 - time (sec): 23.85 - samples/sec: 1296.79 - lr: 0.100000 - momentum: 0.000000
2026-01-03 00:39:41,553 epoch 36 - iter 20/29 - loss 0.21871474 - time (sec): 27.08 - samples/sec: 1280.48 - lr: 0.100000 - momentum: 0.000000
2026-01-03 00:39:44,886 epoch 36 - iter 22/29 - loss 0.21812708 - time (sec): 30.41 - samples/sec: 1250.05 - lr: 0.100000 - momentum: 0.000000
2026-01-03 00:39:47,128 epoch 36 - iter 24/29 - loss 0.22127073 - time (sec): 32.65 - samples/sec: 1267.91 - lr: 0.100000 - momentum: 0.000000
2026-01-03 00:39:49,896 epoch 36 - iter 26/29 - loss 0.22015210 - time (sec): 35.42 - samples/sec: 1273.64 - lr: 0.100000 - momentum: 0.000000
2026-01-03 00:39:52,135 epoch 36 - iter 28/29 - loss 0.21909148 - time (sec): 37.66 - samples/sec: 1299.25 - lr: 0.100000 - momentum: 0.000000
2026-01-03 00:39:53,245 ----------------------------------------------------------------------------------------------------
2026-01-03 00:39:53,245 EPOCH 36 done: loss 0.2194 - lr: 0.100000
2026-01-03 00:39:58,267 DEV : loss 0.17140236496925354 - f1-score (micro avg)  0.9474
2026-01-03 00:39:58,273  - 1 epochs without improvement
2026-01-03 00:39:58,273 ----------------------------------------------------------------------------------------------------
2026-01-03 00:40:01,366 epoch 37 - iter 2/29 - loss 0.22409304 - time (sec): 3.09 - samples/sec: 1142.70 - lr: 0.100000 - momentum: 0.000000
2026-01-03 00:40:04,115 epoch 37 - iter 4/29 - loss 0.21374388 - time (sec): 5.84 - samples/sec: 1202.64 - lr: 0.100000 - momentum: 0.000000
2026-01-03 00:40:06,932 epoch 37 - iter 6/29 - loss 0.21846918 - time (sec): 8.66 - samples/sec: 1230.61 - lr: 0.100000 - momentum: 0.000000
2026-01-03 00:40:10,395 epoch 37 - iter 8/29 - loss 0.21603545 - time (sec): 12.12 - samples/sec: 1167.38 - lr: 0.100000 - momentum: 0.000000
2026-01-03 00:40:12,785 epoch 37 - iter 10/29 - loss 0.21206634 - time (sec): 14.51 - samples/sec: 1206.05 - lr: 0.100000 - momentum: 0.000000
2026-01-03 00:40:14,943 epoch 37 - iter 12/29 - loss 0.21441315 - time (sec): 16.67 - samples/sec: 1265.05 - lr: 0.100000 - momentum: 0.000000
2026-01-03 00:40:17,517 epoch 37 - iter 14/29 - loss 0.21137409 - time (sec): 19.24 - samples/sec: 1270.01 - lr: 0.100000 - momentum: 0.000000
2026-01-03 00:40:19,779 epoch 37 - iter 16/29 - loss 0.21231692 - time (sec): 21.51 - samples/sec: 1293.65 - lr: 0.100000 - momentum: 0.000000
2026-01-03 00:40:22,977 epoch 37 - iter 18/29 - loss 0.21731559 - time (sec): 24.70 - samples/sec: 1280.05 - lr: 0.100000 - momentum: 0.000000
2026-01-03 00:40:24,945 epoch 37 - iter 20/29 - loss 0.21557248 - time (sec): 26.67 - samples/sec: 1312.68 - lr: 0.100000 - momentum: 0.000000
2026-01-03 00:40:27,435 epoch 37 - iter 22/29 - loss 0.21267148 - time (sec): 29.16 - samples/sec: 1320.30 - lr: 0.100000 - momentum: 0.000000
2026-01-03 00:40:30,605 epoch 37 - iter 24/29 - loss 0.21212854 - time (sec): 32.33 - samples/sec: 1298.94 - lr: 0.100000 - momentum: 0.000000
2026-01-03 00:40:32,907 epoch 37 - iter 26/29 - loss 0.21207964 - time (sec): 34.63 - samples/sec: 1303.76 - lr: 0.100000 - momentum: 0.000000
2026-01-03 00:40:35,263 epoch 37 - iter 28/29 - loss 0.21313407 - time (sec): 36.99 - samples/sec: 1324.34 - lr: 0.100000 - momentum: 0.000000
2026-01-03 00:40:36,204 ----------------------------------------------------------------------------------------------------
2026-01-03 00:40:36,204 EPOCH 37 done: loss 0.2132 - lr: 0.100000
2026-01-03 00:40:40,097 DEV : loss 0.16011393070220947 - f1-score (micro avg)  0.951
2026-01-03 00:40:40,102  - 0 epochs without improvement
2026-01-03 00:40:40,103 saving best model
2026-01-03 00:40:40,118 ----------------------------------------------------------------------------------------------------
2026-01-03 00:40:42,484 epoch 38 - iter 2/29 - loss 0.18218156 - time (sec): 2.37 - samples/sec: 1517.26 - lr: 0.100000 - momentum: 0.000000
2026-01-03 00:40:44,741 epoch 38 - iter 4/29 - loss 0.19662965 - time (sec): 4.62 - samples/sec: 1551.50 - lr: 0.100000 - momentum: 0.000000
2026-01-03 00:40:47,415 epoch 38 - iter 6/29 - loss 0.19891378 - time (sec): 7.30 - samples/sec: 1519.46 - lr: 0.100000 - momentum: 0.000000
2026-01-03 00:40:49,830 epoch 38 - iter 8/29 - loss 0.20172452 - time (sec): 9.71 - samples/sec: 1557.60 - lr: 0.100000 - momentum: 0.000000
2026-01-03 00:40:51,828 epoch 38 - iter 10/29 - loss 0.19932102 - time (sec): 11.71 - samples/sec: 1555.97 - lr: 0.100000 - momentum: 0.000000
2026-01-03 00:40:54,162 epoch 38 - iter 12/29 - loss 0.20126246 - time (sec): 14.04 - samples/sec: 1543.08 - lr: 0.100000 - momentum: 0.000000
2026-01-03 00:40:56,396 epoch 38 - iter 14/29 - loss 0.20342047 - time (sec): 16.28 - samples/sec: 1532.62 - lr: 0.100000 - momentum: 0.000000
2026-01-03 00:40:58,744 epoch 38 - iter 16/29 - loss 0.20212151 - time (sec): 18.63 - samples/sec: 1507.08 - lr: 0.100000 - momentum: 0.000000
2026-01-03 00:41:01,763 epoch 38 - iter 18/29 - loss 0.20118344 - time (sec): 21.64 - samples/sec: 1467.14 - lr: 0.100000 - momentum: 0.000000
2026-01-03 00:41:04,109 epoch 38 - iter 20/29 - loss 0.20054901 - time (sec): 23.99 - samples/sec: 1457.38 - lr: 0.100000 - momentum: 0.000000
2026-01-03 00:41:05,900 epoch 38 - iter 22/29 - loss 0.20231086 - time (sec): 25.78 - samples/sec: 1469.46 - lr: 0.100000 - momentum: 0.000000
2026-01-03 00:41:08,158 epoch 38 - iter 24/29 - loss 0.20265344 - time (sec): 28.04 - samples/sec: 1474.65 - lr: 0.100000 - momentum: 0.000000
2026-01-03 00:41:10,469 epoch 38 - iter 26/29 - loss 0.20281213 - time (sec): 30.35 - samples/sec: 1479.10 - lr: 0.100000 - momentum: 0.000000
2026-01-03 00:41:13,435 epoch 38 - iter 28/29 - loss 0.20400264 - time (sec): 33.32 - samples/sec: 1469.08 - lr: 0.100000 - momentum: 0.000000
2026-01-03 00:41:14,363 ----------------------------------------------------------------------------------------------------
2026-01-03 00:41:14,364 EPOCH 38 done: loss 0.2036 - lr: 0.100000
2026-01-03 00:41:19,976 DEV : loss 0.16132445633411407 - f1-score (micro avg)  0.9498
2026-01-03 00:41:19,983  - 1 epochs without improvement
2026-01-03 00:41:19,984 ----------------------------------------------------------------------------------------------------
2026-01-03 00:41:22,316 epoch 39 - iter 2/29 - loss 0.18274708 - time (sec): 2.33 - samples/sec: 1431.50 - lr: 0.100000 - momentum: 0.000000
2026-01-03 00:41:25,036 epoch 39 - iter 4/29 - loss 0.18620286 - time (sec): 5.05 - samples/sec: 1382.67 - lr: 0.100000 - momentum: 0.000000
2026-01-03 00:41:27,025 epoch 39 - iter 6/29 - loss 0.18743326 - time (sec): 7.04 - samples/sec: 1421.30 - lr: 0.100000 - momentum: 0.000000
2026-01-03 00:41:29,658 epoch 39 - iter 8/29 - loss 0.19729242 - time (sec): 9.67 - samples/sec: 1386.65 - lr: 0.100000 - momentum: 0.000000
2026-01-03 00:41:32,282 epoch 39 - iter 10/29 - loss 0.19764233 - time (sec): 12.30 - samples/sec: 1383.26 - lr: 0.100000 - momentum: 0.000000
2026-01-03 00:41:34,613 epoch 39 - iter 12/29 - loss 0.19758856 - time (sec): 14.63 - samples/sec: 1418.92 - lr: 0.100000 - momentum: 0.000000
2026-01-03 00:41:36,699 epoch 39 - iter 14/29 - loss 0.19840927 - time (sec): 16.71 - samples/sec: 1435.44 - lr: 0.100000 - momentum: 0.000000
2026-01-03 00:41:39,176 epoch 39 - iter 16/29 - loss 0.19716090 - time (sec): 19.19 - samples/sec: 1423.60 - lr: 0.100000 - momentum: 0.000000
2026-01-03 00:41:41,736 epoch 39 - iter 18/29 - loss 0.19987530 - time (sec): 21.75 - samples/sec: 1419.16 - lr: 0.100000 - momentum: 0.000000
2026-01-03 00:41:44,279 epoch 39 - iter 20/29 - loss 0.19853169 - time (sec): 24.30 - samples/sec: 1418.85 - lr: 0.100000 - momentum: 0.000000
2026-01-03 00:41:46,743 epoch 39 - iter 22/29 - loss 0.19906106 - time (sec): 26.76 - samples/sec: 1420.98 - lr: 0.100000 - momentum: 0.000000
2026-01-03 00:41:49,675 epoch 39 - iter 24/29 - loss 0.19875168 - time (sec): 29.69 - samples/sec: 1412.03 - lr: 0.100000 - momentum: 0.000000
2026-01-03 00:41:52,136 epoch 39 - iter 26/29 - loss 0.19796078 - time (sec): 32.15 - samples/sec: 1416.46 - lr: 0.100000 - momentum: 0.000000
2026-01-03 00:41:54,472 epoch 39 - iter 28/29 - loss 0.19820020 - time (sec): 34.49 - samples/sec: 1420.22 - lr: 0.100000 - momentum: 0.000000
2026-01-03 00:41:55,485 ----------------------------------------------------------------------------------------------------
2026-01-03 00:41:55,486 EPOCH 39 done: loss 0.1993 - lr: 0.100000
2026-01-03 00:42:00,416 DEV : loss 0.15661418437957764 - f1-score (micro avg)  0.9508
2026-01-03 00:42:00,426  - 2 epochs without improvement
2026-01-03 00:42:00,427 ----------------------------------------------------------------------------------------------------
2026-01-03 00:42:03,437 epoch 40 - iter 2/29 - loss 0.17673255 - time (sec): 3.01 - samples/sec: 1220.69 - lr: 0.100000 - momentum: 0.000000
2026-01-03 00:42:05,424 epoch 40 - iter 4/29 - loss 0.18366515 - time (sec): 5.00 - samples/sec: 1379.81 - lr: 0.100000 - momentum: 0.000000
2026-01-03 00:42:07,514 epoch 40 - iter 6/29 - loss 0.19000263 - time (sec): 7.09 - samples/sec: 1417.13 - lr: 0.100000 - momentum: 0.000000
2026-01-03 00:42:10,017 epoch 40 - iter 8/29 - loss 0.19292740 - time (sec): 9.59 - samples/sec: 1414.61 - lr: 0.100000 - momentum: 0.000000
2026-01-03 00:42:12,198 epoch 40 - iter 10/29 - loss 0.19066745 - time (sec): 11.77 - samples/sec: 1434.57 - lr: 0.100000 - momentum: 0.000000
2026-01-03 00:42:14,744 epoch 40 - iter 12/29 - loss 0.19046500 - time (sec): 14.32 - samples/sec: 1415.88 - lr: 0.100000 - momentum: 0.000000
2026-01-03 00:42:17,221 epoch 40 - iter 14/29 - loss 0.19362723 - time (sec): 16.79 - samples/sec: 1438.12 - lr: 0.100000 - momentum: 0.000000
2026-01-03 00:42:19,686 epoch 40 - iter 16/29 - loss 0.19522580 - time (sec): 19.26 - samples/sec: 1423.67 - lr: 0.100000 - momentum: 0.000000
2026-01-03 00:42:21,656 epoch 40 - iter 18/29 - loss 0.19717418 - time (sec): 21.23 - samples/sec: 1447.83 - lr: 0.100000 - momentum: 0.000000
2026-01-03 00:42:23,370 epoch 40 - iter 20/29 - loss 0.19646578 - time (sec): 22.94 - samples/sec: 1487.17 - lr: 0.100000 - momentum: 0.000000
2026-01-03 00:42:26,053 epoch 40 - iter 22/29 - loss 0.19812650 - time (sec): 25.62 - samples/sec: 1481.72 - lr: 0.100000 - momentum: 0.000000
2026-01-03 00:42:27,939 epoch 40 - iter 24/29 - loss 0.19846509 - time (sec): 27.51 - samples/sec: 1508.13 - lr: 0.100000 - momentum: 0.000000
2026-01-03 00:42:30,240 epoch 40 - iter 26/29 - loss 0.19926742 - time (sec): 29.81 - samples/sec: 1507.47 - lr: 0.100000 - momentum: 0.000000
2026-01-03 00:42:32,384 epoch 40 - iter 28/29 - loss 0.19784488 - time (sec): 31.96 - samples/sec: 1527.09 - lr: 0.100000 - momentum: 0.000000
2026-01-03 00:42:34,065 ----------------------------------------------------------------------------------------------------
2026-01-03 00:42:34,067 EPOCH 40 done: loss 0.1984 - lr: 0.100000
2026-01-03 00:42:38,819 DEV : loss 0.15368472039699554 - f1-score (micro avg)  0.9522
2026-01-03 00:42:38,827  - 0 epochs without improvement
2026-01-03 00:42:38,829 saving best model
2026-01-03 00:42:38,845 ----------------------------------------------------------------------------------------------------
2026-01-03 00:42:40,952 epoch 41 - iter 2/29 - loss 0.21257887 - time (sec): 2.11 - samples/sec: 1549.59 - lr: 0.100000 - momentum: 0.000000
2026-01-03 00:42:43,828 epoch 41 - iter 4/29 - loss 0.19804508 - time (sec): 4.98 - samples/sec: 1312.92 - lr: 0.100000 - momentum: 0.000000
2026-01-03 00:42:45,862 epoch 41 - iter 6/29 - loss 0.19425236 - time (sec): 7.02 - samples/sec: 1402.09 - lr: 0.100000 - momentum: 0.000000
2026-01-03 00:42:48,770 epoch 41 - iter 8/29 - loss 0.19760465 - time (sec): 9.92 - samples/sec: 1377.62 - lr: 0.100000 - momentum: 0.000000
2026-01-03 00:42:51,700 epoch 41 - iter 10/29 - loss 0.20038452 - time (sec): 12.85 - samples/sec: 1359.20 - lr: 0.100000 - momentum: 0.000000
2026-01-03 00:42:53,891 epoch 41 - iter 12/29 - loss 0.20199569 - time (sec): 15.05 - samples/sec: 1411.62 - lr: 0.100000 - momentum: 0.000000
2026-01-03 00:42:56,167 epoch 41 - iter 14/29 - loss 0.19581800 - time (sec): 17.32 - samples/sec: 1431.21 - lr: 0.100000 - momentum: 0.000000
2026-01-03 00:42:58,394 epoch 41 - iter 16/29 - loss 0.19526851 - time (sec): 19.55 - samples/sec: 1467.22 - lr: 0.100000 - momentum: 0.000000
2026-01-03 00:43:01,196 epoch 41 - iter 18/29 - loss 0.19490168 - time (sec): 22.35 - samples/sec: 1469.44 - lr: 0.100000 - momentum: 0.000000
2026-01-03 00:43:03,182 epoch 41 - iter 20/29 - loss 0.19486324 - time (sec): 24.34 - samples/sec: 1470.56 - lr: 0.100000 - momentum: 0.000000
2026-01-03 00:43:05,042 epoch 41 - iter 22/29 - loss 0.19273468 - time (sec): 26.20 - samples/sec: 1492.03 - lr: 0.100000 - momentum: 0.000000
2026-01-03 00:43:07,352 epoch 41 - iter 24/29 - loss 0.19073025 - time (sec): 28.51 - samples/sec: 1496.00 - lr: 0.100000 - momentum: 0.000000
2026-01-03 00:43:09,792 epoch 41 - iter 26/29 - loss 0.19090925 - time (sec): 30.95 - samples/sec: 1485.38 - lr: 0.100000 - momentum: 0.000000
2026-01-03 00:43:11,169 epoch 41 - iter 28/29 - loss 0.19139734 - time (sec): 32.32 - samples/sec: 1512.79 - lr: 0.100000 - momentum: 0.000000
2026-01-03 00:43:11,977 ----------------------------------------------------------------------------------------------------
2026-01-03 00:43:11,977 EPOCH 41 done: loss 0.1912 - lr: 0.100000
2026-01-03 00:43:16,459 DEV : loss 0.14856047928333282 - f1-score (micro avg)  0.953
2026-01-03 00:43:16,466  - 0 epochs without improvement
2026-01-03 00:43:16,467 saving best model
2026-01-03 00:43:16,481 ----------------------------------------------------------------------------------------------------
2026-01-03 00:43:19,017 epoch 42 - iter 2/29 - loss 0.19120667 - time (sec): 2.54 - samples/sec: 1281.60 - lr: 0.100000 - momentum: 0.000000
2026-01-03 00:43:21,828 epoch 42 - iter 4/29 - loss 0.20074163 - time (sec): 5.35 - samples/sec: 1298.16 - lr: 0.100000 - momentum: 0.000000
2026-01-03 00:43:23,814 epoch 42 - iter 6/29 - loss 0.19950957 - time (sec): 7.33 - samples/sec: 1348.23 - lr: 0.100000 - momentum: 0.000000
2026-01-03 00:43:26,139 epoch 42 - iter 8/29 - loss 0.19035677 - time (sec): 9.66 - samples/sec: 1372.81 - lr: 0.100000 - momentum: 0.000000
2026-01-03 00:43:28,299 epoch 42 - iter 10/29 - loss 0.18836199 - time (sec): 11.82 - samples/sec: 1429.61 - lr: 0.100000 - momentum: 0.000000
2026-01-03 00:43:30,610 epoch 42 - iter 12/29 - loss 0.18379588 - time (sec): 14.13 - samples/sec: 1451.97 - lr: 0.100000 - momentum: 0.000000
2026-01-03 00:43:33,428 epoch 42 - iter 14/29 - loss 0.18377042 - time (sec): 16.95 - samples/sec: 1422.77 - lr: 0.100000 - momentum: 0.000000
2026-01-03 00:43:35,959 epoch 42 - iter 16/29 - loss 0.18267881 - time (sec): 19.48 - samples/sec: 1421.36 - lr: 0.100000 - momentum: 0.000000
2026-01-03 00:43:38,407 epoch 42 - iter 18/29 - loss 0.18115408 - time (sec): 21.93 - samples/sec: 1412.88 - lr: 0.100000 - momentum: 0.000000
2026-01-03 00:43:41,332 epoch 42 - iter 20/29 - loss 0.18236417 - time (sec): 24.85 - samples/sec: 1386.40 - lr: 0.100000 - momentum: 0.000000
2026-01-03 00:43:43,837 epoch 42 - iter 22/29 - loss 0.18391275 - time (sec): 27.36 - samples/sec: 1406.50 - lr: 0.100000 - momentum: 0.000000
2026-01-03 00:43:45,987 epoch 42 - iter 24/29 - loss 0.18437913 - time (sec): 29.51 - samples/sec: 1420.10 - lr: 0.100000 - momentum: 0.000000
2026-01-03 00:43:48,391 epoch 42 - iter 26/29 - loss 0.18662040 - time (sec): 31.91 - samples/sec: 1427.97 - lr: 0.100000 - momentum: 0.000000
2026-01-03 00:43:50,356 epoch 42 - iter 28/29 - loss 0.18667914 - time (sec): 33.87 - samples/sec: 1442.13 - lr: 0.100000 - momentum: 0.000000
2026-01-03 00:43:51,398 ----------------------------------------------------------------------------------------------------
2026-01-03 00:43:51,398 EPOCH 42 done: loss 0.1861 - lr: 0.100000
2026-01-03 00:43:55,641 DEV : loss 0.14552797377109528 - f1-score (micro avg)  0.9547
2026-01-03 00:43:55,648  - 0 epochs without improvement
2026-01-03 00:43:55,648 saving best model
2026-01-03 00:43:55,665 ----------------------------------------------------------------------------------------------------
2026-01-03 00:43:57,613 epoch 43 - iter 2/29 - loss 0.16616513 - time (sec): 1.95 - samples/sec: 1576.05 - lr: 0.100000 - momentum: 0.000000
2026-01-03 00:43:59,773 epoch 43 - iter 4/29 - loss 0.17201073 - time (sec): 4.11 - samples/sec: 1706.23 - lr: 0.100000 - momentum: 0.000000
2026-01-03 00:44:01,885 epoch 43 - iter 6/29 - loss 0.17070387 - time (sec): 6.22 - samples/sec: 1685.01 - lr: 0.100000 - momentum: 0.000000
2026-01-03 00:44:03,675 epoch 43 - iter 8/29 - loss 0.17174807 - time (sec): 8.01 - samples/sec: 1725.13 - lr: 0.100000 - momentum: 0.000000
2026-01-03 00:44:06,085 epoch 43 - iter 10/29 - loss 0.17687813 - time (sec): 10.42 - samples/sec: 1701.17 - lr: 0.100000 - momentum: 0.000000
2026-01-03 00:44:08,165 epoch 43 - iter 12/29 - loss 0.17922981 - time (sec): 12.50 - samples/sec: 1689.21 - lr: 0.100000 - momentum: 0.000000
2026-01-03 00:44:10,211 epoch 43 - iter 14/29 - loss 0.18523597 - time (sec): 14.55 - samples/sec: 1698.16 - lr: 0.100000 - momentum: 0.000000
2026-01-03 00:44:12,603 epoch 43 - iter 16/29 - loss 0.18883177 - time (sec): 16.94 - samples/sec: 1676.56 - lr: 0.100000 - momentum: 0.000000
2026-01-03 00:44:14,346 epoch 43 - iter 18/29 - loss 0.18769849 - time (sec): 18.68 - samples/sec: 1696.63 - lr: 0.100000 - momentum: 0.000000
2026-01-03 00:44:15,866 epoch 43 - iter 20/29 - loss 0.18500198 - time (sec): 20.20 - samples/sec: 1726.36 - lr: 0.100000 - momentum: 0.000000
2026-01-03 00:44:18,140 epoch 43 - iter 22/29 - loss 0.18455819 - time (sec): 22.47 - samples/sec: 1702.22 - lr: 0.100000 - momentum: 0.000000
2026-01-03 00:44:20,191 epoch 43 - iter 24/29 - loss 0.18387939 - time (sec): 24.53 - samples/sec: 1716.03 - lr: 0.100000 - momentum: 0.000000
2026-01-03 00:44:22,149 epoch 43 - iter 26/29 - loss 0.18352459 - time (sec): 26.48 - samples/sec: 1721.00 - lr: 0.100000 - momentum: 0.000000
2026-01-03 00:44:23,536 epoch 43 - iter 28/29 - loss 0.18492922 - time (sec): 27.87 - samples/sec: 1749.68 - lr: 0.100000 - momentum: 0.000000
2026-01-03 00:44:24,341 ----------------------------------------------------------------------------------------------------
2026-01-03 00:44:24,341 EPOCH 43 done: loss 0.1855 - lr: 0.100000
2026-01-03 00:44:28,239 DEV : loss 0.1429554969072342 - f1-score (micro avg)  0.956
2026-01-03 00:44:28,244  - 0 epochs without improvement
2026-01-03 00:44:28,245 saving best model
2026-01-03 00:44:28,258 ----------------------------------------------------------------------------------------------------
2026-01-03 00:44:29,946 epoch 44 - iter 2/29 - loss 0.16726231 - time (sec): 1.69 - samples/sec: 1775.50 - lr: 0.100000 - momentum: 0.000000
2026-01-03 00:44:31,412 epoch 44 - iter 4/29 - loss 0.15960489 - time (sec): 3.15 - samples/sec: 1961.27 - lr: 0.100000 - momentum: 0.000000
2026-01-03 00:44:33,602 epoch 44 - iter 6/29 - loss 0.16516553 - time (sec): 5.34 - samples/sec: 1869.87 - lr: 0.100000 - momentum: 0.000000
2026-01-03 00:44:35,564 epoch 44 - iter 8/29 - loss 0.17255442 - time (sec): 7.31 - samples/sec: 1852.73 - lr: 0.100000 - momentum: 0.000000
2026-01-03 00:44:37,546 epoch 44 - iter 10/29 - loss 0.17416576 - time (sec): 9.29 - samples/sec: 1851.55 - lr: 0.100000 - momentum: 0.000000
2026-01-03 00:44:39,746 epoch 44 - iter 12/29 - loss 0.17552449 - time (sec): 11.49 - samples/sec: 1817.70 - lr: 0.100000 - momentum: 0.000000
2026-01-03 00:44:42,268 epoch 44 - iter 14/29 - loss 0.17754062 - time (sec): 14.01 - samples/sec: 1763.51 - lr: 0.100000 - momentum: 0.000000
2026-01-03 00:44:44,019 epoch 44 - iter 16/29 - loss 0.18108922 - time (sec): 15.76 - samples/sec: 1791.78 - lr: 0.100000 - momentum: 0.000000
2026-01-03 00:44:46,130 epoch 44 - iter 18/29 - loss 0.18245578 - time (sec): 17.87 - samples/sec: 1772.58 - lr: 0.100000 - momentum: 0.000000
2026-01-03 00:44:48,077 epoch 44 - iter 20/29 - loss 0.18198158 - time (sec): 19.82 - samples/sec: 1764.28 - lr: 0.100000 - momentum: 0.000000
2026-01-03 00:44:49,865 epoch 44 - iter 22/29 - loss 0.18281757 - time (sec): 21.61 - samples/sec: 1767.13 - lr: 0.100000 - momentum: 0.000000
2026-01-03 00:44:51,920 epoch 44 - iter 24/29 - loss 0.18253424 - time (sec): 23.66 - samples/sec: 1766.25 - lr: 0.100000 - momentum: 0.000000
2026-01-03 00:44:54,380 epoch 44 - iter 26/29 - loss 0.18363106 - time (sec): 26.12 - samples/sec: 1739.52 - lr: 0.100000 - momentum: 0.000000
2026-01-03 00:44:56,112 epoch 44 - iter 28/29 - loss 0.18382460 - time (sec): 27.85 - samples/sec: 1752.91 - lr: 0.100000 - momentum: 0.000000
2026-01-03 00:44:57,025 ----------------------------------------------------------------------------------------------------
2026-01-03 00:44:57,025 EPOCH 44 done: loss 0.1836 - lr: 0.100000
2026-01-03 00:45:01,124 DEV : loss 0.1466548889875412 - f1-score (micro avg)  0.9552
2026-01-03 00:45:01,129  - 1 epochs without improvement
2026-01-03 00:45:01,130 ----------------------------------------------------------------------------------------------------
2026-01-03 00:45:02,893 epoch 45 - iter 2/29 - loss 0.17898312 - time (sec): 1.76 - samples/sec: 2049.55 - lr: 0.100000 - momentum: 0.000000
2026-01-03 00:45:04,857 epoch 45 - iter 4/29 - loss 0.17347363 - time (sec): 3.73 - samples/sec: 1999.05 - lr: 0.100000 - momentum: 0.000000
2026-01-03 00:45:06,742 epoch 45 - iter 6/29 - loss 0.18073470 - time (sec): 5.61 - samples/sec: 1978.23 - lr: 0.100000 - momentum: 0.000000
2026-01-03 00:45:08,945 epoch 45 - iter 8/29 - loss 0.17447594 - time (sec): 7.81 - samples/sec: 1935.60 - lr: 0.100000 - momentum: 0.000000
2026-01-03 00:45:10,834 epoch 45 - iter 10/29 - loss 0.17436753 - time (sec): 9.70 - samples/sec: 1873.26 - lr: 0.100000 - momentum: 0.000000
2026-01-03 00:45:13,095 epoch 45 - iter 12/29 - loss 0.17578187 - time (sec): 11.96 - samples/sec: 1833.24 - lr: 0.100000 - momentum: 0.000000
2026-01-03 00:45:15,084 epoch 45 - iter 14/29 - loss 0.17734747 - time (sec): 13.95 - samples/sec: 1834.19 - lr: 0.100000 - momentum: 0.000000
2026-01-03 00:45:16,726 epoch 45 - iter 16/29 - loss 0.17772039 - time (sec): 15.60 - samples/sec: 1844.15 - lr: 0.100000 - momentum: 0.000000
2026-01-03 00:45:18,519 epoch 45 - iter 18/29 - loss 0.17784753 - time (sec): 17.39 - samples/sec: 1824.43 - lr: 0.100000 - momentum: 0.000000
2026-01-03 00:45:20,474 epoch 45 - iter 20/29 - loss 0.17804556 - time (sec): 19.34 - samples/sec: 1824.18 - lr: 0.100000 - momentum: 0.000000
2026-01-03 00:45:22,178 epoch 45 - iter 22/29 - loss 0.17896431 - time (sec): 21.05 - samples/sec: 1840.14 - lr: 0.100000 - momentum: 0.000000
2026-01-03 00:45:24,331 epoch 45 - iter 24/29 - loss 0.17889140 - time (sec): 23.20 - samples/sec: 1825.85 - lr: 0.100000 - momentum: 0.000000
2026-01-03 00:45:25,817 epoch 45 - iter 26/29 - loss 0.17990660 - time (sec): 24.69 - samples/sec: 1853.57 - lr: 0.100000 - momentum: 0.000000
2026-01-03 00:45:27,956 epoch 45 - iter 28/29 - loss 0.18021296 - time (sec): 26.83 - samples/sec: 1828.32 - lr: 0.100000 - momentum: 0.000000
2026-01-03 00:45:28,645 ----------------------------------------------------------------------------------------------------
2026-01-03 00:45:28,645 EPOCH 45 done: loss 0.1805 - lr: 0.100000
2026-01-03 00:45:32,259 DEV : loss 0.14474324882030487 - f1-score (micro avg)  0.9539
2026-01-03 00:45:32,264  - 2 epochs without improvement
2026-01-03 00:45:32,266 ----------------------------------------------------------------------------------------------------
2026-01-03 00:45:34,375 epoch 46 - iter 2/29 - loss 0.17452737 - time (sec): 2.11 - samples/sec: 1786.93 - lr: 0.100000 - momentum: 0.000000
2026-01-03 00:45:36,174 epoch 46 - iter 4/29 - loss 0.17315328 - time (sec): 3.91 - samples/sec: 1890.23 - lr: 0.100000 - momentum: 0.000000
2026-01-03 00:45:38,433 epoch 46 - iter 6/29 - loss 0.17170292 - time (sec): 6.17 - samples/sec: 1789.00 - lr: 0.100000 - momentum: 0.000000
2026-01-03 00:45:40,227 epoch 46 - iter 8/29 - loss 0.17371500 - time (sec): 7.96 - samples/sec: 1811.17 - lr: 0.100000 - momentum: 0.000000
2026-01-03 00:45:42,005 epoch 46 - iter 10/29 - loss 0.17538329 - time (sec): 9.74 - samples/sec: 1820.21 - lr: 0.100000 - momentum: 0.000000
2026-01-03 00:45:44,209 epoch 46 - iter 12/29 - loss 0.17765393 - time (sec): 11.94 - samples/sec: 1782.83 - lr: 0.100000 - momentum: 0.000000
2026-01-03 00:45:46,865 epoch 46 - iter 14/29 - loss 0.17483208 - time (sec): 14.60 - samples/sec: 1712.03 - lr: 0.100000 - momentum: 0.000000
2026-01-03 00:45:48,788 epoch 46 - iter 16/29 - loss 0.17517215 - time (sec): 16.52 - samples/sec: 1718.57 - lr: 0.100000 - momentum: 0.000000
2026-01-03 00:45:50,817 epoch 46 - iter 18/29 - loss 0.17635156 - time (sec): 18.55 - samples/sec: 1703.64 - lr: 0.100000 - momentum: 0.000000
2026-01-03 00:45:53,034 epoch 46 - iter 20/29 - loss 0.17506027 - time (sec): 20.77 - samples/sec: 1696.01 - lr: 0.100000 - momentum: 0.000000
2026-01-03 00:45:55,328 epoch 46 - iter 22/29 - loss 0.17663344 - time (sec): 23.06 - samples/sec: 1677.27 - lr: 0.100000 - momentum: 0.000000
2026-01-03 00:45:57,373 epoch 46 - iter 24/29 - loss 0.17598676 - time (sec): 25.11 - samples/sec: 1683.01 - lr: 0.100000 - momentum: 0.000000
2026-01-03 00:45:59,420 epoch 46 - iter 26/29 - loss 0.17799640 - time (sec): 27.15 - samples/sec: 1676.45 - lr: 0.100000 - momentum: 0.000000
2026-01-03 00:46:01,346 epoch 46 - iter 28/29 - loss 0.17674135 - time (sec): 29.08 - samples/sec: 1679.35 - lr: 0.100000 - momentum: 0.000000
2026-01-03 00:46:02,438 ----------------------------------------------------------------------------------------------------
2026-01-03 00:46:02,438 EPOCH 46 done: loss 0.1771 - lr: 0.100000
2026-01-03 00:46:06,245 DEV : loss 0.13432714343070984 - f1-score (micro avg)  0.9582
2026-01-03 00:46:06,250  - 0 epochs without improvement
2026-01-03 00:46:06,251 saving best model
2026-01-03 00:46:06,264 ----------------------------------------------------------------------------------------------------
2026-01-03 00:46:08,385 epoch 47 - iter 2/29 - loss 0.16616445 - time (sec): 2.12 - samples/sec: 1651.97 - lr: 0.100000 - momentum: 0.000000
2026-01-03 00:46:10,205 epoch 47 - iter 4/29 - loss 0.18354059 - time (sec): 3.94 - samples/sec: 1752.61 - lr: 0.100000 - momentum: 0.000000
2026-01-03 00:46:12,290 epoch 47 - iter 6/29 - loss 0.18198863 - time (sec): 6.03 - samples/sec: 1732.44 - lr: 0.100000 - momentum: 0.000000
2026-01-03 00:46:14,215 epoch 47 - iter 8/29 - loss 0.17377381 - time (sec): 7.95 - samples/sec: 1795.42 - lr: 0.100000 - momentum: 0.000000
2026-01-03 00:46:16,508 epoch 47 - iter 10/29 - loss 0.16927179 - time (sec): 10.24 - samples/sec: 1719.85 - lr: 0.100000 - momentum: 0.000000
2026-01-03 00:46:18,831 epoch 47 - iter 12/29 - loss 0.16937867 - time (sec): 12.57 - samples/sec: 1707.83 - lr: 0.100000 - momentum: 0.000000
2026-01-03 00:46:20,927 epoch 47 - iter 14/29 - loss 0.16881824 - time (sec): 14.66 - samples/sec: 1719.63 - lr: 0.100000 - momentum: 0.000000
2026-01-03 00:46:23,041 epoch 47 - iter 16/29 - loss 0.16857547 - time (sec): 16.78 - samples/sec: 1706.62 - lr: 0.100000 - momentum: 0.000000
2026-01-03 00:46:24,970 epoch 47 - iter 18/29 - loss 0.17108554 - time (sec): 18.71 - samples/sec: 1706.05 - lr: 0.100000 - momentum: 0.000000
2026-01-03 00:46:26,710 epoch 47 - iter 20/29 - loss 0.17116904 - time (sec): 20.45 - samples/sec: 1730.85 - lr: 0.100000 - momentum: 0.000000
2026-01-03 00:46:28,969 epoch 47 - iter 22/29 - loss 0.17056848 - time (sec): 22.70 - samples/sec: 1719.94 - lr: 0.100000 - momentum: 0.000000
2026-01-03 00:46:30,993 epoch 47 - iter 24/29 - loss 0.16960734 - time (sec): 24.73 - samples/sec: 1716.06 - lr: 0.100000 - momentum: 0.000000
2026-01-03 00:46:32,955 epoch 47 - iter 26/29 - loss 0.16985118 - time (sec): 26.69 - samples/sec: 1721.33 - lr: 0.100000 - momentum: 0.000000
2026-01-03 00:46:34,945 epoch 47 - iter 28/29 - loss 0.17200613 - time (sec): 28.68 - samples/sec: 1710.13 - lr: 0.100000 - momentum: 0.000000
2026-01-03 00:46:35,605 ----------------------------------------------------------------------------------------------------
2026-01-03 00:46:35,605 EPOCH 47 done: loss 0.1726 - lr: 0.100000
2026-01-03 00:46:39,821 DEV : loss 0.13348941504955292 - f1-score (micro avg)  0.959
2026-01-03 00:46:39,826  - 0 epochs without improvement
2026-01-03 00:46:39,827 saving best model
2026-01-03 00:46:39,838 ----------------------------------------------------------------------------------------------------
2026-01-03 00:46:41,835 epoch 48 - iter 2/29 - loss 0.16724067 - time (sec): 2.00 - samples/sec: 1634.45 - lr: 0.100000 - momentum: 0.000000
2026-01-03 00:46:44,365 epoch 48 - iter 4/29 - loss 0.16462141 - time (sec): 4.53 - samples/sec: 1544.13 - lr: 0.100000 - momentum: 0.000000
2026-01-03 00:46:46,265 epoch 48 - iter 6/29 - loss 0.17127227 - time (sec): 6.43 - samples/sec: 1560.25 - lr: 0.100000 - momentum: 0.000000
2026-01-03 00:46:48,308 epoch 48 - iter 8/29 - loss 0.17395318 - time (sec): 8.47 - samples/sec: 1635.62 - lr: 0.100000 - momentum: 0.000000
2026-01-03 00:46:50,433 epoch 48 - iter 10/29 - loss 0.16904803 - time (sec): 10.59 - samples/sec: 1634.27 - lr: 0.100000 - momentum: 0.000000
2026-01-03 00:46:52,251 epoch 48 - iter 12/29 - loss 0.17116615 - time (sec): 12.41 - samples/sec: 1687.84 - lr: 0.100000 - momentum: 0.000000
2026-01-03 00:46:54,575 epoch 48 - iter 14/29 - loss 0.16849105 - time (sec): 14.74 - samples/sec: 1682.30 - lr: 0.100000 - momentum: 0.000000
2026-01-03 00:46:58,266 epoch 48 - iter 16/29 - loss 0.16806907 - time (sec): 18.43 - samples/sec: 1541.53 - lr: 0.100000 - momentum: 0.000000
2026-01-03 00:47:00,658 epoch 48 - iter 18/29 - loss 0.16706358 - time (sec): 20.82 - samples/sec: 1538.08 - lr: 0.100000 - momentum: 0.000000
2026-01-03 00:47:02,498 epoch 48 - iter 20/29 - loss 0.16838482 - time (sec): 22.66 - samples/sec: 1566.64 - lr: 0.100000 - momentum: 0.000000
2026-01-03 00:47:04,326 epoch 48 - iter 22/29 - loss 0.16839288 - time (sec): 24.49 - samples/sec: 1585.87 - lr: 0.100000 - momentum: 0.000000
2026-01-03 00:47:05,931 epoch 48 - iter 24/29 - loss 0.16885049 - time (sec): 26.09 - samples/sec: 1607.32 - lr: 0.100000 - momentum: 0.000000
2026-01-03 00:47:08,047 epoch 48 - iter 26/29 - loss 0.16922164 - time (sec): 28.21 - samples/sec: 1603.27 - lr: 0.100000 - momentum: 0.000000
2026-01-03 00:47:09,845 epoch 48 - iter 28/29 - loss 0.16925349 - time (sec): 30.01 - samples/sec: 1623.91 - lr: 0.100000 - momentum: 0.000000
2026-01-03 00:47:10,606 ----------------------------------------------------------------------------------------------------
2026-01-03 00:47:10,606 EPOCH 48 done: loss 0.1692 - lr: 0.100000
2026-01-03 00:47:14,677 DEV : loss 0.13163143396377563 - f1-score (micro avg)  0.959
2026-01-03 00:47:14,684  - 0 epochs without improvement
2026-01-03 00:47:14,684 saving best model
2026-01-03 00:47:14,697 ----------------------------------------------------------------------------------------------------
2026-01-03 00:47:16,836 epoch 49 - iter 2/29 - loss 0.17001055 - time (sec): 2.14 - samples/sec: 1545.37 - lr: 0.100000 - momentum: 0.000000
2026-01-03 00:47:18,688 epoch 49 - iter 4/29 - loss 0.16015357 - time (sec): 3.99 - samples/sec: 1645.78 - lr: 0.100000 - momentum: 0.000000
2026-01-03 00:47:20,493 epoch 49 - iter 6/29 - loss 0.16671003 - time (sec): 5.80 - samples/sec: 1704.49 - lr: 0.100000 - momentum: 0.000000
2026-01-03 00:47:22,318 epoch 49 - iter 8/29 - loss 0.16616717 - time (sec): 7.62 - samples/sec: 1704.87 - lr: 0.100000 - momentum: 0.000000
2026-01-03 00:47:24,605 epoch 49 - iter 10/29 - loss 0.16571134 - time (sec): 9.91 - samples/sec: 1696.18 - lr: 0.100000 - momentum: 0.000000
2026-01-03 00:47:26,618 epoch 49 - iter 12/29 - loss 0.16425752 - time (sec): 11.92 - samples/sec: 1719.00 - lr: 0.100000 - momentum: 0.000000
2026-01-03 00:47:28,683 epoch 49 - iter 14/29 - loss 0.16245645 - time (sec): 13.99 - samples/sec: 1739.92 - lr: 0.100000 - momentum: 0.000000
2026-01-03 00:47:30,604 epoch 49 - iter 16/29 - loss 0.16424696 - time (sec): 15.91 - samples/sec: 1759.36 - lr: 0.100000 - momentum: 0.000000
2026-01-03 00:47:32,573 epoch 49 - iter 18/29 - loss 0.16385905 - time (sec): 17.88 - samples/sec: 1764.72 - lr: 0.100000 - momentum: 0.000000
2026-01-03 00:47:34,510 epoch 49 - iter 20/29 - loss 0.16505266 - time (sec): 19.81 - samples/sec: 1750.46 - lr: 0.100000 - momentum: 0.000000
2026-01-03 00:47:36,363 epoch 49 - iter 22/29 - loss 0.16440976 - time (sec): 21.67 - samples/sec: 1754.66 - lr: 0.100000 - momentum: 0.000000
2026-01-03 00:47:38,561 epoch 49 - iter 24/29 - loss 0.16386532 - time (sec): 23.86 - samples/sec: 1762.48 - lr: 0.100000 - momentum: 0.000000
2026-01-03 00:47:41,028 epoch 49 - iter 26/29 - loss 0.16378507 - time (sec): 26.33 - samples/sec: 1741.15 - lr: 0.100000 - momentum: 0.000000
2026-01-03 00:47:42,627 epoch 49 - iter 28/29 - loss 0.16427836 - time (sec): 27.93 - samples/sec: 1755.92 - lr: 0.100000 - momentum: 0.000000
2026-01-03 00:47:43,498 ----------------------------------------------------------------------------------------------------
2026-01-03 00:47:43,498 EPOCH 49 done: loss 0.1656 - lr: 0.100000
2026-01-03 00:47:48,370 DEV : loss 0.1320810317993164 - f1-score (micro avg)  0.9592
2026-01-03 00:47:48,378  - 0 epochs without improvement
2026-01-03 00:47:48,379 saving best model
2026-01-03 00:47:48,400 ----------------------------------------------------------------------------------------------------
2026-01-03 00:47:50,699 epoch 50 - iter 2/29 - loss 0.16227767 - time (sec): 2.30 - samples/sec: 1625.74 - lr: 0.100000 - momentum: 0.000000
2026-01-03 00:47:53,269 epoch 50 - iter 4/29 - loss 0.16653491 - time (sec): 4.87 - samples/sec: 1520.46 - lr: 0.100000 - momentum: 0.000000
2026-01-03 00:47:55,064 epoch 50 - iter 6/29 - loss 0.16215305 - time (sec): 6.66 - samples/sec: 1664.44 - lr: 0.100000 - momentum: 0.000000
2026-01-03 00:47:56,986 epoch 50 - iter 8/29 - loss 0.16220901 - time (sec): 8.59 - samples/sec: 1643.93 - lr: 0.100000 - momentum: 0.000000
2026-01-03 00:47:58,976 epoch 50 - iter 10/29 - loss 0.16419944 - time (sec): 10.58 - samples/sec: 1658.76 - lr: 0.100000 - momentum: 0.000000
2026-01-03 00:48:00,977 epoch 50 - iter 12/29 - loss 0.16144940 - time (sec): 12.58 - samples/sec: 1714.72 - lr: 0.100000 - momentum: 0.000000
2026-01-03 00:48:02,976 epoch 50 - iter 14/29 - loss 0.16108625 - time (sec): 14.58 - samples/sec: 1729.70 - lr: 0.100000 - momentum: 0.000000
2026-01-03 00:48:04,732 epoch 50 - iter 16/29 - loss 0.16142733 - time (sec): 16.33 - samples/sec: 1739.89 - lr: 0.100000 - momentum: 0.000000
2026-01-03 00:48:06,386 epoch 50 - iter 18/29 - loss 0.16313671 - time (sec): 17.99 - samples/sec: 1762.35 - lr: 0.100000 - momentum: 0.000000
2026-01-03 00:48:08,525 epoch 50 - iter 20/29 - loss 0.16194467 - time (sec): 20.12 - samples/sec: 1751.21 - lr: 0.100000 - momentum: 0.000000
2026-01-03 00:48:10,653 epoch 50 - iter 22/29 - loss 0.16166656 - time (sec): 22.25 - samples/sec: 1732.11 - lr: 0.100000 - momentum: 0.000000
2026-01-03 00:48:12,480 epoch 50 - iter 24/29 - loss 0.16241478 - time (sec): 24.08 - samples/sec: 1738.49 - lr: 0.100000 - momentum: 0.000000
2026-01-03 00:48:14,691 epoch 50 - iter 26/29 - loss 0.16384899 - time (sec): 26.29 - samples/sec: 1735.83 - lr: 0.100000 - momentum: 0.000000
2026-01-03 00:48:16,813 epoch 50 - iter 28/29 - loss 0.16503087 - time (sec): 28.41 - samples/sec: 1723.47 - lr: 0.100000 - momentum: 0.000000
2026-01-03 00:48:17,632 ----------------------------------------------------------------------------------------------------
2026-01-03 00:48:17,632 EPOCH 50 done: loss 0.1656 - lr: 0.100000
2026-01-03 00:48:21,379 DEV : loss 0.13484905660152435 - f1-score (micro avg)  0.958
2026-01-03 00:48:21,384  - 1 epochs without improvement
2026-01-03 00:48:21,385 ----------------------------------------------------------------------------------------------------
2026-01-03 00:48:23,586 epoch 51 - iter 2/29 - loss 0.16529850 - time (sec): 2.20 - samples/sec: 1719.29 - lr: 0.100000 - momentum: 0.000000
2026-01-03 00:48:25,877 epoch 51 - iter 4/29 - loss 0.15904318 - time (sec): 4.49 - samples/sec: 1718.66 - lr: 0.100000 - momentum: 0.000000
2026-01-03 00:48:27,725 epoch 51 - iter 6/29 - loss 0.16332596 - time (sec): 6.34 - samples/sec: 1740.56 - lr: 0.100000 - momentum: 0.000000
2026-01-03 00:48:29,687 epoch 51 - iter 8/29 - loss 0.16334905 - time (sec): 8.30 - samples/sec: 1725.47 - lr: 0.100000 - momentum: 0.000000
2026-01-03 00:48:31,666 epoch 51 - iter 10/29 - loss 0.16173558 - time (sec): 10.28 - samples/sec: 1729.65 - lr: 0.100000 - momentum: 0.000000
2026-01-03 00:48:33,791 epoch 51 - iter 12/29 - loss 0.16015085 - time (sec): 12.40 - samples/sec: 1720.20 - lr: 0.100000 - momentum: 0.000000
2026-01-03 00:48:35,760 epoch 51 - iter 14/29 - loss 0.16092486 - time (sec): 14.37 - samples/sec: 1712.88 - lr: 0.100000 - momentum: 0.000000
2026-01-03 00:48:37,818 epoch 51 - iter 16/29 - loss 0.15917895 - time (sec): 16.43 - samples/sec: 1685.91 - lr: 0.100000 - momentum: 0.000000
2026-01-03 00:48:39,794 epoch 51 - iter 18/29 - loss 0.16013586 - time (sec): 18.41 - samples/sec: 1685.71 - lr: 0.100000 - momentum: 0.000000
2026-01-03 00:48:41,723 epoch 51 - iter 20/29 - loss 0.15977380 - time (sec): 20.34 - samples/sec: 1694.51 - lr: 0.100000 - momentum: 0.000000
2026-01-03 00:48:43,771 epoch 51 - iter 22/29 - loss 0.16123053 - time (sec): 22.39 - samples/sec: 1689.84 - lr: 0.100000 - momentum: 0.000000
2026-01-03 00:48:46,258 epoch 51 - iter 24/29 - loss 0.16107735 - time (sec): 24.87 - samples/sec: 1664.88 - lr: 0.100000 - momentum: 0.000000
2026-01-03 00:48:48,250 epoch 51 - iter 26/29 - loss 0.16223112 - time (sec): 26.86 - samples/sec: 1682.80 - lr: 0.100000 - momentum: 0.000000
2026-01-03 00:48:50,128 epoch 51 - iter 28/29 - loss 0.16102209 - time (sec): 28.74 - samples/sec: 1699.75 - lr: 0.100000 - momentum: 0.000000
2026-01-03 00:48:50,965 ----------------------------------------------------------------------------------------------------
2026-01-03 00:48:50,965 EPOCH 51 done: loss 0.1605 - lr: 0.100000
2026-01-03 00:48:55,205 DEV : loss 0.12683986127376556 - f1-score (micro avg)  0.9605
2026-01-03 00:48:55,210  - 0 epochs without improvement
2026-01-03 00:48:55,211 saving best model
2026-01-03 00:48:55,228 ----------------------------------------------------------------------------------------------------
2026-01-03 00:48:57,081 epoch 52 - iter 2/29 - loss 0.13767143 - time (sec): 1.85 - samples/sec: 1964.94 - lr: 0.100000 - momentum: 0.000000
2026-01-03 00:48:59,273 epoch 52 - iter 4/29 - loss 0.14524739 - time (sec): 4.04 - samples/sec: 1805.45 - lr: 0.100000 - momentum: 0.000000
2026-01-03 00:49:01,192 epoch 52 - iter 6/29 - loss 0.14767314 - time (sec): 5.96 - samples/sec: 1803.55 - lr: 0.100000 - momentum: 0.000000
2026-01-03 00:49:03,044 epoch 52 - iter 8/29 - loss 0.15152279 - time (sec): 7.81 - samples/sec: 1825.43 - lr: 0.100000 - momentum: 0.000000
2026-01-03 00:49:04,845 epoch 52 - iter 10/29 - loss 0.15335240 - time (sec): 9.62 - samples/sec: 1842.16 - lr: 0.100000 - momentum: 0.000000
2026-01-03 00:49:06,635 epoch 52 - iter 12/29 - loss 0.15295200 - time (sec): 11.41 - samples/sec: 1851.34 - lr: 0.100000 - momentum: 0.000000
2026-01-03 00:49:08,645 epoch 52 - iter 14/29 - loss 0.15389014 - time (sec): 13.42 - samples/sec: 1859.80 - lr: 0.100000 - momentum: 0.000000
2026-01-03 00:49:10,643 epoch 52 - iter 16/29 - loss 0.15207879 - time (sec): 15.41 - samples/sec: 1858.88 - lr: 0.100000 - momentum: 0.000000
2026-01-03 00:49:12,632 epoch 52 - iter 18/29 - loss 0.15296218 - time (sec): 17.40 - samples/sec: 1838.70 - lr: 0.100000 - momentum: 0.000000
2026-01-03 00:49:14,245 epoch 52 - iter 20/29 - loss 0.15307168 - time (sec): 19.02 - samples/sec: 1871.89 - lr: 0.100000 - momentum: 0.000000
2026-01-03 00:49:16,207 epoch 52 - iter 22/29 - loss 0.15374345 - time (sec): 20.98 - samples/sec: 1849.33 - lr: 0.100000 - momentum: 0.000000
2026-01-03 00:49:18,630 epoch 52 - iter 24/29 - loss 0.15618476 - time (sec): 23.40 - samples/sec: 1810.25 - lr: 0.100000 - momentum: 0.000000
2026-01-03 00:49:20,063 epoch 52 - iter 26/29 - loss 0.15694350 - time (sec): 24.83 - samples/sec: 1821.64 - lr: 0.100000 - momentum: 0.000000
2026-01-03 00:49:22,338 epoch 52 - iter 28/29 - loss 0.15596398 - time (sec): 27.11 - samples/sec: 1809.86 - lr: 0.100000 - momentum: 0.000000
2026-01-03 00:49:22,908 ----------------------------------------------------------------------------------------------------
2026-01-03 00:49:22,908 EPOCH 52 done: loss 0.1562 - lr: 0.100000
2026-01-03 00:49:26,998 DEV : loss 0.12391901016235352 - f1-score (micro avg)  0.961
2026-01-03 00:49:27,004  - 0 epochs without improvement
2026-01-03 00:49:27,005 saving best model
2026-01-03 00:49:27,017 ----------------------------------------------------------------------------------------------------
2026-01-03 00:49:28,602 epoch 53 - iter 2/29 - loss 0.14403672 - time (sec): 1.58 - samples/sec: 1923.76 - lr: 0.100000 - momentum: 0.000000
2026-01-03 00:49:30,337 epoch 53 - iter 4/29 - loss 0.15275944 - time (sec): 3.32 - samples/sec: 1840.04 - lr: 0.100000 - momentum: 0.000000
2026-01-03 00:49:32,263 epoch 53 - iter 6/29 - loss 0.15312028 - time (sec): 5.25 - samples/sec: 1847.44 - lr: 0.100000 - momentum: 0.000000
2026-01-03 00:49:34,262 epoch 53 - iter 8/29 - loss 0.14841796 - time (sec): 7.24 - samples/sec: 1862.39 - lr: 0.100000 - momentum: 0.000000
2026-01-03 00:49:36,353 epoch 53 - iter 10/29 - loss 0.15120531 - time (sec): 9.34 - samples/sec: 1829.49 - lr: 0.100000 - momentum: 0.000000
2026-01-03 00:49:38,358 epoch 53 - iter 12/29 - loss 0.15516965 - time (sec): 11.34 - samples/sec: 1862.66 - lr: 0.100000 - momentum: 0.000000
2026-01-03 00:49:40,251 epoch 53 - iter 14/29 - loss 0.15591494 - time (sec): 13.23 - samples/sec: 1867.67 - lr: 0.100000 - momentum: 0.000000
2026-01-03 00:49:42,284 epoch 53 - iter 16/29 - loss 0.15547133 - time (sec): 15.27 - samples/sec: 1852.52 - lr: 0.100000 - momentum: 0.000000
2026-01-03 00:49:44,004 epoch 53 - iter 18/29 - loss 0.15521182 - time (sec): 16.99 - samples/sec: 1844.75 - lr: 0.100000 - momentum: 0.000000
2026-01-03 00:49:46,075 epoch 53 - iter 20/29 - loss 0.15453990 - time (sec): 19.06 - samples/sec: 1826.39 - lr: 0.100000 - momentum: 0.000000
2026-01-03 00:49:49,523 epoch 53 - iter 22/29 - loss 0.15575181 - time (sec): 22.51 - samples/sec: 1692.55 - lr: 0.100000 - momentum: 0.000000
2026-01-03 00:49:52,276 epoch 53 - iter 24/29 - loss 0.15521761 - time (sec): 25.26 - samples/sec: 1664.95 - lr: 0.100000 - momentum: 0.000000
2026-01-03 00:49:54,719 epoch 53 - iter 26/29 - loss 0.15482719 - time (sec): 27.70 - samples/sec: 1646.58 - lr: 0.100000 - momentum: 0.000000
2026-01-03 00:49:56,471 epoch 53 - iter 28/29 - loss 0.15521880 - time (sec): 29.45 - samples/sec: 1657.18 - lr: 0.100000 - momentum: 0.000000
2026-01-03 00:49:56,995 ----------------------------------------------------------------------------------------------------
2026-01-03 00:49:56,995 EPOCH 53 done: loss 0.1542 - lr: 0.100000
2026-01-03 00:50:01,100 DEV : loss 0.12113838642835617 - f1-score (micro avg)  0.9624
2026-01-03 00:50:01,105  - 0 epochs without improvement
2026-01-03 00:50:01,106 saving best model
2026-01-03 00:50:01,118 ----------------------------------------------------------------------------------------------------
2026-01-03 00:50:02,806 epoch 54 - iter 2/29 - loss 0.13130246 - time (sec): 1.69 - samples/sec: 1901.59 - lr: 0.100000 - momentum: 0.000000
2026-01-03 00:50:05,192 epoch 54 - iter 4/29 - loss 0.14261271 - time (sec): 4.07 - samples/sec: 1760.99 - lr: 0.100000 - momentum: 0.000000
2026-01-03 00:50:06,776 epoch 54 - iter 6/29 - loss 0.14404487 - time (sec): 5.66 - samples/sec: 1857.03 - lr: 0.100000 - momentum: 0.000000
2026-01-03 00:50:08,486 epoch 54 - iter 8/29 - loss 0.14334460 - time (sec): 7.37 - samples/sec: 1865.76 - lr: 0.100000 - momentum: 0.000000
2026-01-03 00:50:10,540 epoch 54 - iter 10/29 - loss 0.14568951 - time (sec): 9.42 - samples/sec: 1802.80 - lr: 0.100000 - momentum: 0.000000
2026-01-03 00:50:12,376 epoch 54 - iter 12/29 - loss 0.14547339 - time (sec): 11.26 - samples/sec: 1831.96 - lr: 0.100000 - momentum: 0.000000
2026-01-03 00:50:14,258 epoch 54 - iter 14/29 - loss 0.14372298 - time (sec): 13.14 - samples/sec: 1840.81 - lr: 0.100000 - momentum: 0.000000
2026-01-03 00:50:15,956 epoch 54 - iter 16/29 - loss 0.14729577 - time (sec): 14.84 - samples/sec: 1847.34 - lr: 0.100000 - momentum: 0.000000
2026-01-03 00:50:17,571 epoch 54 - iter 18/29 - loss 0.14950451 - time (sec): 16.45 - samples/sec: 1857.95 - lr: 0.100000 - momentum: 0.000000
2026-01-03 00:50:19,760 epoch 54 - iter 20/29 - loss 0.14817574 - time (sec): 18.64 - samples/sec: 1846.83 - lr: 0.100000 - momentum: 0.000000
2026-01-03 00:50:21,704 epoch 54 - iter 22/29 - loss 0.14763022 - time (sec): 20.59 - samples/sec: 1860.72 - lr: 0.100000 - momentum: 0.000000
2026-01-03 00:50:23,596 epoch 54 - iter 24/29 - loss 0.14862501 - time (sec): 22.48 - samples/sec: 1852.26 - lr: 0.100000 - momentum: 0.000000
2026-01-03 00:50:25,469 epoch 54 - iter 26/29 - loss 0.15123007 - time (sec): 24.35 - samples/sec: 1870.82 - lr: 0.100000 - momentum: 0.000000
2026-01-03 00:50:27,187 epoch 54 - iter 28/29 - loss 0.15189474 - time (sec): 26.07 - samples/sec: 1876.36 - lr: 0.100000 - momentum: 0.000000
2026-01-03 00:50:27,831 ----------------------------------------------------------------------------------------------------
2026-01-03 00:50:27,831 EPOCH 54 done: loss 0.1530 - lr: 0.100000
2026-01-03 00:50:31,094 DEV : loss 0.12646962702274323 - f1-score (micro avg)  0.9608
2026-01-03 00:50:31,099  - 1 epochs without improvement
2026-01-03 00:50:31,100 ----------------------------------------------------------------------------------------------------
2026-01-03 00:50:33,148 epoch 55 - iter 2/29 - loss 0.14975322 - time (sec): 2.05 - samples/sec: 1725.50 - lr: 0.100000 - momentum: 0.000000
2026-01-03 00:50:35,074 epoch 55 - iter 4/29 - loss 0.14107175 - time (sec): 3.97 - samples/sec: 1867.04 - lr: 0.100000 - momentum: 0.000000
2026-01-03 00:50:36,769 epoch 55 - iter 6/29 - loss 0.14444295 - time (sec): 5.67 - samples/sec: 1978.53 - lr: 0.100000 - momentum: 0.000000
2026-01-03 00:50:39,155 epoch 55 - iter 8/29 - loss 0.14741532 - time (sec): 8.05 - samples/sec: 1865.70 - lr: 0.100000 - momentum: 0.000000
2026-01-03 00:50:40,871 epoch 55 - iter 10/29 - loss 0.14629325 - time (sec): 9.77 - samples/sec: 1897.15 - lr: 0.100000 - momentum: 0.000000
2026-01-03 00:50:42,319 epoch 55 - iter 12/29 - loss 0.14386695 - time (sec): 11.22 - samples/sec: 1939.04 - lr: 0.100000 - momentum: 0.000000
2026-01-03 00:50:44,334 epoch 55 - iter 14/29 - loss 0.14888095 - time (sec): 13.23 - samples/sec: 1915.03 - lr: 0.100000 - momentum: 0.000000
2026-01-03 00:50:46,024 epoch 55 - iter 16/29 - loss 0.14817339 - time (sec): 14.92 - samples/sec: 1932.05 - lr: 0.100000 - momentum: 0.000000
2026-01-03 00:50:48,295 epoch 55 - iter 18/29 - loss 0.15100078 - time (sec): 17.19 - samples/sec: 1857.54 - lr: 0.100000 - momentum: 0.000000
2026-01-03 00:50:50,075 epoch 55 - iter 20/29 - loss 0.14990423 - time (sec): 18.97 - samples/sec: 1855.76 - lr: 0.100000 - momentum: 0.000000
2026-01-03 00:50:51,791 epoch 55 - iter 22/29 - loss 0.15030288 - time (sec): 20.69 - samples/sec: 1857.86 - lr: 0.100000 - momentum: 0.000000
2026-01-03 00:50:53,827 epoch 55 - iter 24/29 - loss 0.14906136 - time (sec): 22.73 - samples/sec: 1845.33 - lr: 0.100000 - momentum: 0.000000
2026-01-03 00:50:55,754 epoch 55 - iter 26/29 - loss 0.14773902 - time (sec): 24.65 - samples/sec: 1863.08 - lr: 0.100000 - momentum: 0.000000
2026-01-03 00:50:57,393 epoch 55 - iter 28/29 - loss 0.14795158 - time (sec): 26.29 - samples/sec: 1871.66 - lr: 0.100000 - momentum: 0.000000
2026-01-03 00:50:57,866 ----------------------------------------------------------------------------------------------------
2026-01-03 00:50:57,866 EPOCH 55 done: loss 0.1479 - lr: 0.100000
2026-01-03 00:51:01,510 DEV : loss 0.11892186850309372 - f1-score (micro avg)  0.963
2026-01-03 00:51:01,515  - 0 epochs without improvement
2026-01-03 00:51:01,517 saving best model
2026-01-03 00:51:01,532 ----------------------------------------------------------------------------------------------------
2026-01-03 00:51:03,464 epoch 56 - iter 2/29 - loss 0.13998430 - time (sec): 1.93 - samples/sec: 1793.18 - lr: 0.100000 - momentum: 0.000000
2026-01-03 00:51:05,203 epoch 56 - iter 4/29 - loss 0.14114212 - time (sec): 3.67 - samples/sec: 1872.78 - lr: 0.100000 - momentum: 0.000000
2026-01-03 00:51:06,835 epoch 56 - iter 6/29 - loss 0.14501516 - time (sec): 5.30 - samples/sec: 1918.03 - lr: 0.100000 - momentum: 0.000000
2026-01-03 00:51:08,585 epoch 56 - iter 8/29 - loss 0.14249683 - time (sec): 7.05 - samples/sec: 1992.77 - lr: 0.100000 - momentum: 0.000000
2026-01-03 00:51:10,169 epoch 56 - iter 10/29 - loss 0.14518114 - time (sec): 8.64 - samples/sec: 2037.33 - lr: 0.100000 - momentum: 0.000000
2026-01-03 00:51:11,798 epoch 56 - iter 12/29 - loss 0.14504937 - time (sec): 10.27 - samples/sec: 2032.21 - lr: 0.100000 - momentum: 0.000000
2026-01-03 00:51:14,014 epoch 56 - iter 14/29 - loss 0.14275535 - time (sec): 12.48 - samples/sec: 1984.04 - lr: 0.100000 - momentum: 0.000000
2026-01-03 00:51:15,709 epoch 56 - iter 16/29 - loss 0.14273513 - time (sec): 14.18 - samples/sec: 1997.30 - lr: 0.100000 - momentum: 0.000000
2026-01-03 00:51:17,883 epoch 56 - iter 18/29 - loss 0.14620105 - time (sec): 16.35 - samples/sec: 1936.92 - lr: 0.100000 - momentum: 0.000000
2026-01-03 00:51:19,731 epoch 56 - iter 20/29 - loss 0.14446309 - time (sec): 18.20 - samples/sec: 1921.00 - lr: 0.100000 - momentum: 0.000000
2026-01-03 00:51:20,998 epoch 56 - iter 22/29 - loss 0.14573169 - time (sec): 19.47 - samples/sec: 1950.05 - lr: 0.100000 - momentum: 0.000000
2026-01-03 00:51:22,961 epoch 56 - iter 24/29 - loss 0.14374813 - time (sec): 21.43 - samples/sec: 1961.74 - lr: 0.100000 - momentum: 0.000000
2026-01-03 00:51:25,120 epoch 56 - iter 26/29 - loss 0.14395702 - time (sec): 23.59 - samples/sec: 1942.95 - lr: 0.100000 - momentum: 0.000000
2026-01-03 00:51:26,777 epoch 56 - iter 28/29 - loss 0.14378018 - time (sec): 25.24 - samples/sec: 1938.23 - lr: 0.100000 - momentum: 0.000000
2026-01-03 00:51:27,618 ----------------------------------------------------------------------------------------------------
2026-01-03 00:51:27,618 EPOCH 56 done: loss 0.1440 - lr: 0.100000
2026-01-03 00:51:31,278 DEV : loss 0.11747154593467712 - f1-score (micro avg)  0.9641
2026-01-03 00:51:31,285  - 0 epochs without improvement
2026-01-03 00:51:31,285 saving best model
2026-01-03 00:51:31,296 ----------------------------------------------------------------------------------------------------
2026-01-03 00:51:32,931 epoch 57 - iter 2/29 - loss 0.11835224 - time (sec): 1.63 - samples/sec: 2009.22 - lr: 0.100000 - momentum: 0.000000
2026-01-03 00:51:34,704 epoch 57 - iter 4/29 - loss 0.12455615 - time (sec): 3.41 - samples/sec: 1963.98 - lr: 0.100000 - momentum: 0.000000
2026-01-03 00:51:36,728 epoch 57 - iter 6/29 - loss 0.12574668 - time (sec): 5.43 - samples/sec: 1945.07 - lr: 0.100000 - momentum: 0.000000
2026-01-03 00:51:38,832 epoch 57 - iter 8/29 - loss 0.12694131 - time (sec): 7.54 - samples/sec: 1887.16 - lr: 0.100000 - momentum: 0.000000
2026-01-03 00:51:40,690 epoch 57 - iter 10/29 - loss 0.13229104 - time (sec): 9.39 - samples/sec: 1872.53 - lr: 0.100000 - momentum: 0.000000
2026-01-03 00:51:42,488 epoch 57 - iter 12/29 - loss 0.13700024 - time (sec): 11.19 - samples/sec: 1892.17 - lr: 0.100000 - momentum: 0.000000
2026-01-03 00:51:44,376 epoch 57 - iter 14/29 - loss 0.14010801 - time (sec): 13.08 - samples/sec: 1884.40 - lr: 0.100000 - momentum: 0.000000
2026-01-03 00:51:46,179 epoch 57 - iter 16/29 - loss 0.14088103 - time (sec): 14.88 - samples/sec: 1882.66 - lr: 0.100000 - momentum: 0.000000
2026-01-03 00:51:49,141 epoch 57 - iter 18/29 - loss 0.14267383 - time (sec): 17.84 - samples/sec: 1756.63 - lr: 0.100000 - momentum: 0.000000
2026-01-03 00:51:51,172 epoch 57 - iter 20/29 - loss 0.14134634 - time (sec): 19.88 - samples/sec: 1760.88 - lr: 0.100000 - momentum: 0.000000
2026-01-03 00:51:52,841 epoch 57 - iter 22/29 - loss 0.14016106 - time (sec): 21.54 - samples/sec: 1785.77 - lr: 0.100000 - momentum: 0.000000
2026-01-03 00:51:54,924 epoch 57 - iter 24/29 - loss 0.14221934 - time (sec): 23.63 - samples/sec: 1775.88 - lr: 0.100000 - momentum: 0.000000
2026-01-03 00:51:56,879 epoch 57 - iter 26/29 - loss 0.14318476 - time (sec): 25.58 - samples/sec: 1783.80 - lr: 0.100000 - momentum: 0.000000
2026-01-03 00:51:58,844 epoch 57 - iter 28/29 - loss 0.14319213 - time (sec): 27.55 - samples/sec: 1782.66 - lr: 0.100000 - momentum: 0.000000
2026-01-03 00:51:59,352 ----------------------------------------------------------------------------------------------------
2026-01-03 00:51:59,352 EPOCH 57 done: loss 0.1431 - lr: 0.100000
2026-01-03 00:52:03,095 DEV : loss 0.11702695488929749 - f1-score (micro avg)  0.9644
2026-01-03 00:52:03,101  - 0 epochs without improvement
2026-01-03 00:52:03,101 saving best model
2026-01-03 00:52:03,113 ----------------------------------------------------------------------------------------------------
2026-01-03 00:52:05,098 epoch 58 - iter 2/29 - loss 0.16178443 - time (sec): 1.98 - samples/sec: 1707.98 - lr: 0.100000 - momentum: 0.000000
2026-01-03 00:52:06,980 epoch 58 - iter 4/29 - loss 0.14577716 - time (sec): 3.87 - samples/sec: 1843.56 - lr: 0.100000 - momentum: 0.000000
2026-01-03 00:52:08,367 epoch 58 - iter 6/29 - loss 0.14049178 - time (sec): 5.25 - samples/sec: 1975.93 - lr: 0.100000 - momentum: 0.000000
2026-01-03 00:52:09,834 epoch 58 - iter 8/29 - loss 0.13692560 - time (sec): 6.72 - samples/sec: 2014.66 - lr: 0.100000 - momentum: 0.000000
2026-01-03 00:52:12,292 epoch 58 - iter 10/29 - loss 0.13411368 - time (sec): 9.18 - samples/sec: 1891.42 - lr: 0.100000 - momentum: 0.000000
2026-01-03 00:52:14,347 epoch 58 - iter 12/29 - loss 0.13462212 - time (sec): 11.23 - samples/sec: 1881.68 - lr: 0.100000 - momentum: 0.000000
2026-01-03 00:52:16,471 epoch 58 - iter 14/29 - loss 0.13451251 - time (sec): 13.36 - samples/sec: 1862.97 - lr: 0.100000 - momentum: 0.000000
2026-01-03 00:52:18,230 epoch 58 - iter 16/29 - loss 0.13490562 - time (sec): 15.12 - samples/sec: 1849.56 - lr: 0.100000 - momentum: 0.000000
2026-01-03 00:52:20,532 epoch 58 - iter 18/29 - loss 0.13562747 - time (sec): 17.42 - samples/sec: 1819.45 - lr: 0.100000 - momentum: 0.000000
2026-01-03 00:52:22,536 epoch 58 - iter 20/29 - loss 0.13628196 - time (sec): 19.42 - samples/sec: 1813.96 - lr: 0.100000 - momentum: 0.000000
2026-01-03 00:52:24,693 epoch 58 - iter 22/29 - loss 0.13786973 - time (sec): 21.58 - samples/sec: 1776.75 - lr: 0.100000 - momentum: 0.000000
2026-01-03 00:52:26,677 epoch 58 - iter 24/29 - loss 0.13760749 - time (sec): 23.56 - samples/sec: 1782.74 - lr: 0.100000 - momentum: 0.000000
2026-01-03 00:52:28,970 epoch 58 - iter 26/29 - loss 0.13879475 - time (sec): 25.86 - samples/sec: 1785.27 - lr: 0.100000 - momentum: 0.000000
2026-01-03 00:52:30,475 epoch 58 - iter 28/29 - loss 0.13968431 - time (sec): 27.36 - samples/sec: 1795.70 - lr: 0.100000 - momentum: 0.000000
2026-01-03 00:52:30,989 ----------------------------------------------------------------------------------------------------
2026-01-03 00:52:30,989 EPOCH 58 done: loss 0.1398 - lr: 0.100000
2026-01-03 00:52:34,365 DEV : loss 0.1180366724729538 - f1-score (micro avg)  0.9637
2026-01-03 00:52:34,371  - 1 epochs without improvement
2026-01-03 00:52:34,372 ----------------------------------------------------------------------------------------------------
2026-01-03 00:52:36,010 epoch 59 - iter 2/29 - loss 0.15409810 - time (sec): 1.64 - samples/sec: 1998.72 - lr: 0.100000 - momentum: 0.000000
2026-01-03 00:52:38,041 epoch 59 - iter 4/29 - loss 0.14549023 - time (sec): 3.67 - samples/sec: 1831.55 - lr: 0.100000 - momentum: 0.000000
2026-01-03 00:52:39,642 epoch 59 - iter 6/29 - loss 0.14831928 - time (sec): 5.27 - samples/sec: 1871.81 - lr: 0.100000 - momentum: 0.000000
2026-01-03 00:52:41,201 epoch 59 - iter 8/29 - loss 0.14268629 - time (sec): 6.83 - samples/sec: 1932.93 - lr: 0.100000 - momentum: 0.000000
2026-01-03 00:52:43,278 epoch 59 - iter 10/29 - loss 0.14250037 - time (sec): 8.91 - samples/sec: 1923.76 - lr: 0.100000 - momentum: 0.000000
2026-01-03 00:52:45,039 epoch 59 - iter 12/29 - loss 0.14073869 - time (sec): 10.67 - samples/sec: 1934.35 - lr: 0.100000 - momentum: 0.000000
2026-01-03 00:52:47,072 epoch 59 - iter 14/29 - loss 0.14154580 - time (sec): 12.70 - samples/sec: 1904.40 - lr: 0.100000 - momentum: 0.000000
2026-01-03 00:52:49,126 epoch 59 - iter 16/29 - loss 0.14104489 - time (sec): 14.75 - samples/sec: 1855.44 - lr: 0.100000 - momentum: 0.000000
2026-01-03 00:52:50,971 epoch 59 - iter 18/29 - loss 0.13902144 - time (sec): 16.60 - samples/sec: 1859.77 - lr: 0.100000 - momentum: 0.000000
2026-01-03 00:52:52,186 epoch 59 - iter 20/29 - loss 0.14043067 - time (sec): 17.81 - samples/sec: 1905.90 - lr: 0.100000 - momentum: 0.000000
2026-01-03 00:52:54,069 epoch 59 - iter 22/29 - loss 0.14236633 - time (sec): 19.70 - samples/sec: 1914.41 - lr: 0.100000 - momentum: 0.000000
2026-01-03 00:52:56,150 epoch 59 - iter 24/29 - loss 0.14193797 - time (sec): 21.78 - samples/sec: 1918.70 - lr: 0.100000 - momentum: 0.000000
2026-01-03 00:52:58,228 epoch 59 - iter 26/29 - loss 0.14072064 - time (sec): 23.86 - samples/sec: 1902.12 - lr: 0.100000 - momentum: 0.000000
2026-01-03 00:52:59,819 epoch 59 - iter 28/29 - loss 0.14133557 - time (sec): 25.45 - samples/sec: 1919.03 - lr: 0.100000 - momentum: 0.000000
2026-01-03 00:53:00,578 ----------------------------------------------------------------------------------------------------
2026-01-03 00:53:00,579 EPOCH 59 done: loss 0.1414 - lr: 0.100000
2026-01-03 00:53:04,424 DEV : loss 0.11617378890514374 - f1-score (micro avg)  0.9642
2026-01-03 00:53:04,429  - 2 epochs without improvement
2026-01-03 00:53:04,430 ----------------------------------------------------------------------------------------------------
2026-01-03 00:53:06,162 epoch 60 - iter 2/29 - loss 0.13589736 - time (sec): 1.73 - samples/sec: 2314.50 - lr: 0.100000 - momentum: 0.000000
2026-01-03 00:53:07,761 epoch 60 - iter 4/29 - loss 0.13368504 - time (sec): 3.33 - samples/sec: 2209.69 - lr: 0.100000 - momentum: 0.000000
2026-01-03 00:53:09,326 epoch 60 - iter 6/29 - loss 0.13411597 - time (sec): 4.90 - samples/sec: 2201.35 - lr: 0.100000 - momentum: 0.000000
2026-01-03 00:53:11,019 epoch 60 - iter 8/29 - loss 0.13148315 - time (sec): 6.59 - samples/sec: 2159.30 - lr: 0.100000 - momentum: 0.000000
2026-01-03 00:53:12,883 epoch 60 - iter 10/29 - loss 0.13542683 - time (sec): 8.45 - samples/sec: 2098.53 - lr: 0.100000 - momentum: 0.000000
2026-01-03 00:53:14,359 epoch 60 - iter 12/29 - loss 0.13539197 - time (sec): 9.93 - samples/sec: 2147.77 - lr: 0.100000 - momentum: 0.000000
2026-01-03 00:53:16,154 epoch 60 - iter 14/29 - loss 0.13344414 - time (sec): 11.72 - samples/sec: 2123.45 - lr: 0.100000 - momentum: 0.000000
2026-01-03 00:53:17,862 epoch 60 - iter 16/29 - loss 0.13374284 - time (sec): 13.43 - samples/sec: 2099.76 - lr: 0.100000 - momentum: 0.000000
2026-01-03 00:53:19,408 epoch 60 - iter 18/29 - loss 0.13401473 - time (sec): 14.98 - samples/sec: 2089.74 - lr: 0.100000 - momentum: 0.000000
2026-01-03 00:53:21,259 epoch 60 - iter 20/29 - loss 0.13503294 - time (sec): 16.83 - samples/sec: 2063.59 - lr: 0.100000 - momentum: 0.000000
2026-01-03 00:53:23,355 epoch 60 - iter 22/29 - loss 0.13580699 - time (sec): 18.93 - samples/sec: 2025.63 - lr: 0.100000 - momentum: 0.000000
2026-01-03 00:53:24,949 epoch 60 - iter 24/29 - loss 0.13564505 - time (sec): 20.52 - samples/sec: 2028.99 - lr: 0.100000 - momentum: 0.000000
2026-01-03 00:53:26,786 epoch 60 - iter 26/29 - loss 0.13410131 - time (sec): 22.36 - samples/sec: 2015.97 - lr: 0.100000 - momentum: 0.000000
2026-01-03 00:53:29,011 epoch 60 - iter 28/29 - loss 0.13336133 - time (sec): 24.58 - samples/sec: 1988.34 - lr: 0.100000 - momentum: 0.000000
2026-01-03 00:53:29,746 ----------------------------------------------------------------------------------------------------
2026-01-03 00:53:29,746 EPOCH 60 done: loss 0.1348 - lr: 0.100000
2026-01-03 00:53:33,449 DEV : loss 0.11870330572128296 - f1-score (micro avg)  0.9638
2026-01-03 00:53:33,454  - 3 epochs without improvement
2026-01-03 00:53:33,455 ----------------------------------------------------------------------------------------------------
2026-01-03 00:53:35,261 epoch 61 - iter 2/29 - loss 0.14537150 - time (sec): 1.81 - samples/sec: 2031.88 - lr: 0.100000 - momentum: 0.000000
2026-01-03 00:53:37,221 epoch 61 - iter 4/29 - loss 0.14597683 - time (sec): 3.76 - samples/sec: 1925.69 - lr: 0.100000 - momentum: 0.000000
2026-01-03 00:53:39,494 epoch 61 - iter 6/29 - loss 0.13859461 - time (sec): 6.04 - samples/sec: 1795.88 - lr: 0.100000 - momentum: 0.000000
2026-01-03 00:53:41,290 epoch 61 - iter 8/29 - loss 0.13470312 - time (sec): 7.83 - samples/sec: 1834.60 - lr: 0.100000 - momentum: 0.000000
2026-01-03 00:53:42,983 epoch 61 - iter 10/29 - loss 0.13331359 - time (sec): 9.53 - samples/sec: 1857.01 - lr: 0.100000 - momentum: 0.000000
2026-01-03 00:53:45,185 epoch 61 - iter 12/29 - loss 0.13293071 - time (sec): 11.73 - samples/sec: 1805.99 - lr: 0.100000 - momentum: 0.000000
2026-01-03 00:53:46,865 epoch 61 - iter 14/29 - loss 0.13368503 - time (sec): 13.41 - samples/sec: 1824.99 - lr: 0.100000 - momentum: 0.000000
2026-01-03 00:53:49,786 epoch 61 - iter 16/29 - loss 0.13210375 - time (sec): 16.33 - samples/sec: 1704.33 - lr: 0.100000 - momentum: 0.000000
2026-01-03 00:53:51,751 epoch 61 - iter 18/29 - loss 0.13407080 - time (sec): 18.30 - samples/sec: 1687.33 - lr: 0.100000 - momentum: 0.000000
2026-01-03 00:53:53,518 epoch 61 - iter 20/29 - loss 0.13617579 - time (sec): 20.06 - samples/sec: 1707.79 - lr: 0.100000 - momentum: 0.000000
2026-01-03 00:53:54,955 epoch 61 - iter 22/29 - loss 0.13497254 - time (sec): 21.50 - samples/sec: 1753.07 - lr: 0.100000 - momentum: 0.000000
2026-01-03 00:53:56,369 epoch 61 - iter 24/29 - loss 0.13470107 - time (sec): 22.91 - samples/sec: 1801.05 - lr: 0.100000 - momentum: 0.000000
2026-01-03 00:53:58,346 epoch 61 - iter 26/29 - loss 0.13506057 - time (sec): 24.89 - samples/sec: 1805.61 - lr: 0.100000 - momentum: 0.000000
2026-01-03 00:54:00,182 epoch 61 - iter 28/29 - loss 0.13381883 - time (sec): 26.73 - samples/sec: 1829.04 - lr: 0.100000 - momentum: 0.000000
2026-01-03 00:54:01,058 ----------------------------------------------------------------------------------------------------
2026-01-03 00:54:01,058 EPOCH 61 done: loss 0.1344 - lr: 0.100000
2026-01-03 00:54:04,820 DEV : loss 0.11689174920320511 - f1-score (micro avg)  0.9641
2026-01-03 00:54:04,825  - 4 epochs without improvement (above 'patience')-> annealing learning_rate to [0.05]
2026-01-03 00:54:04,826 ----------------------------------------------------------------------------------------------------
2026-01-03 00:54:06,824 epoch 62 - iter 2/29 - loss 0.12110073 - time (sec): 2.00 - samples/sec: 1820.73 - lr: 0.050000 - momentum: 0.000000
2026-01-03 00:54:08,278 epoch 62 - iter 4/29 - loss 0.12961701 - time (sec): 3.45 - samples/sec: 1926.60 - lr: 0.050000 - momentum: 0.000000
2026-01-03 00:54:10,362 epoch 62 - iter 6/29 - loss 0.12972065 - time (sec): 5.53 - samples/sec: 2011.75 - lr: 0.050000 - momentum: 0.000000
2026-01-03 00:54:12,427 epoch 62 - iter 8/29 - loss 0.12880068 - time (sec): 7.60 - samples/sec: 1930.19 - lr: 0.050000 - momentum: 0.000000
2026-01-03 00:54:14,398 epoch 62 - iter 10/29 - loss 0.12885886 - time (sec): 9.57 - samples/sec: 1903.08 - lr: 0.050000 - momentum: 0.000000
2026-01-03 00:54:16,034 epoch 62 - iter 12/29 - loss 0.12678972 - time (sec): 11.21 - samples/sec: 1922.84 - lr: 0.050000 - momentum: 0.000000
2026-01-03 00:54:17,720 epoch 62 - iter 14/29 - loss 0.12715443 - time (sec): 12.89 - samples/sec: 1948.15 - lr: 0.050000 - momentum: 0.000000
2026-01-03 00:54:19,240 epoch 62 - iter 16/29 - loss 0.12798862 - time (sec): 14.41 - samples/sec: 1954.47 - lr: 0.050000 - momentum: 0.000000
2026-01-03 00:54:21,095 epoch 62 - iter 18/29 - loss 0.12705653 - time (sec): 16.27 - samples/sec: 1956.45 - lr: 0.050000 - momentum: 0.000000
2026-01-03 00:54:22,567 epoch 62 - iter 20/29 - loss 0.12724021 - time (sec): 17.74 - samples/sec: 1973.51 - lr: 0.050000 - momentum: 0.000000
2026-01-03 00:54:24,618 epoch 62 - iter 22/29 - loss 0.12673176 - time (sec): 19.79 - samples/sec: 1968.70 - lr: 0.050000 - momentum: 0.000000
2026-01-03 00:54:26,090 epoch 62 - iter 24/29 - loss 0.12628795 - time (sec): 21.26 - samples/sec: 1986.95 - lr: 0.050000 - momentum: 0.000000
2026-01-03 00:54:27,786 epoch 62 - iter 26/29 - loss 0.12636778 - time (sec): 22.96 - samples/sec: 1989.72 - lr: 0.050000 - momentum: 0.000000
2026-01-03 00:54:29,158 epoch 62 - iter 28/29 - loss 0.12673560 - time (sec): 24.33 - samples/sec: 2008.54 - lr: 0.050000 - momentum: 0.000000
2026-01-03 00:54:29,941 ----------------------------------------------------------------------------------------------------
2026-01-03 00:54:29,941 EPOCH 62 done: loss 0.1274 - lr: 0.050000
2026-01-03 00:54:33,213 DEV : loss 0.11003983020782471 - f1-score (micro avg)  0.9663
2026-01-03 00:54:33,219  - 0 epochs without improvement
2026-01-03 00:54:33,219 saving best model
2026-01-03 00:54:33,233 ----------------------------------------------------------------------------------------------------
2026-01-03 00:54:35,061 epoch 63 - iter 2/29 - loss 0.11336072 - time (sec): 1.83 - samples/sec: 1910.00 - lr: 0.050000 - momentum: 0.000000
2026-01-03 00:54:37,142 epoch 63 - iter 4/29 - loss 0.12128915 - time (sec): 3.91 - samples/sec: 1769.82 - lr: 0.050000 - momentum: 0.000000
2026-01-03 00:54:39,181 epoch 63 - iter 6/29 - loss 0.11985849 - time (sec): 5.95 - samples/sec: 1734.61 - lr: 0.050000 - momentum: 0.000000
2026-01-03 00:54:40,907 epoch 63 - iter 8/29 - loss 0.11592251 - time (sec): 7.67 - samples/sec: 1786.40 - lr: 0.050000 - momentum: 0.000000
2026-01-03 00:54:42,482 epoch 63 - iter 10/29 - loss 0.11862852 - time (sec): 9.25 - samples/sec: 1843.78 - lr: 0.050000 - momentum: 0.000000
2026-01-03 00:54:44,431 epoch 63 - iter 12/29 - loss 0.11932262 - time (sec): 11.20 - samples/sec: 1852.58 - lr: 0.050000 - momentum: 0.000000
2026-01-03 00:54:45,792 epoch 63 - iter 14/29 - loss 0.11871673 - time (sec): 12.56 - samples/sec: 1898.96 - lr: 0.050000 - momentum: 0.000000
2026-01-03 00:54:47,660 epoch 63 - iter 16/29 - loss 0.11732901 - time (sec): 14.43 - samples/sec: 1914.30 - lr: 0.050000 - momentum: 0.000000
2026-01-03 00:54:49,666 epoch 63 - iter 18/29 - loss 0.11645727 - time (sec): 16.43 - samples/sec: 1915.80 - lr: 0.050000 - momentum: 0.000000
2026-01-03 00:54:51,750 epoch 63 - iter 20/29 - loss 0.11732183 - time (sec): 18.52 - samples/sec: 1870.36 - lr: 0.050000 - momentum: 0.000000
2026-01-03 00:54:53,574 epoch 63 - iter 22/29 - loss 0.11752587 - time (sec): 20.34 - samples/sec: 1913.55 - lr: 0.050000 - momentum: 0.000000
2026-01-03 00:54:55,480 epoch 63 - iter 24/29 - loss 0.11826836 - time (sec): 22.25 - samples/sec: 1918.35 - lr: 0.050000 - momentum: 0.000000
2026-01-03 00:54:57,301 epoch 63 - iter 26/29 - loss 0.11843432 - time (sec): 24.07 - samples/sec: 1890.53 - lr: 0.050000 - momentum: 0.000000
2026-01-03 00:54:59,510 epoch 63 - iter 28/29 - loss 0.11859214 - time (sec): 26.28 - samples/sec: 1868.36 - lr: 0.050000 - momentum: 0.000000
2026-01-03 00:55:00,039 ----------------------------------------------------------------------------------------------------
2026-01-03 00:55:00,039 EPOCH 63 done: loss 0.1190 - lr: 0.050000
2026-01-03 00:55:04,051 DEV : loss 0.11054372042417526 - f1-score (micro avg)  0.9668
2026-01-03 00:55:04,057  - 0 epochs without improvement
2026-01-03 00:55:04,058 saving best model
2026-01-03 00:55:04,071 ----------------------------------------------------------------------------------------------------
2026-01-03 00:55:06,072 epoch 64 - iter 2/29 - loss 0.12498801 - time (sec): 2.00 - samples/sec: 1792.43 - lr: 0.050000 - momentum: 0.000000
2026-01-03 00:55:08,189 epoch 64 - iter 4/29 - loss 0.12229659 - time (sec): 4.12 - samples/sec: 1758.98 - lr: 0.050000 - momentum: 0.000000
2026-01-03 00:55:09,911 epoch 64 - iter 6/29 - loss 0.12545744 - time (sec): 5.84 - samples/sec: 1816.40 - lr: 0.050000 - momentum: 0.000000
2026-01-03 00:55:11,474 epoch 64 - iter 8/29 - loss 0.12449279 - time (sec): 7.40 - samples/sec: 1842.92 - lr: 0.050000 - momentum: 0.000000
2026-01-03 00:55:12,916 epoch 64 - iter 10/29 - loss 0.12100728 - time (sec): 8.84 - samples/sec: 1986.84 - lr: 0.050000 - momentum: 0.000000
2026-01-03 00:55:14,863 epoch 64 - iter 12/29 - loss 0.12231753 - time (sec): 10.79 - samples/sec: 1940.86 - lr: 0.050000 - momentum: 0.000000
2026-01-03 00:55:16,536 epoch 64 - iter 14/29 - loss 0.12198778 - time (sec): 12.46 - samples/sec: 1943.23 - lr: 0.050000 - momentum: 0.000000
2026-01-03 00:55:18,183 epoch 64 - iter 16/29 - loss 0.12280232 - time (sec): 14.11 - samples/sec: 1978.55 - lr: 0.050000 - momentum: 0.000000
2026-01-03 00:55:20,073 epoch 64 - iter 18/29 - loss 0.12113008 - time (sec): 16.00 - samples/sec: 1942.09 - lr: 0.050000 - momentum: 0.000000
2026-01-03 00:55:22,514 epoch 64 - iter 20/29 - loss 0.12042819 - time (sec): 18.44 - samples/sec: 1879.42 - lr: 0.050000 - momentum: 0.000000
2026-01-03 00:55:24,292 epoch 64 - iter 22/29 - loss 0.12008565 - time (sec): 20.22 - samples/sec: 1888.03 - lr: 0.050000 - momentum: 0.000000
2026-01-03 00:55:26,646 epoch 64 - iter 24/29 - loss 0.11964079 - time (sec): 22.57 - samples/sec: 1852.82 - lr: 0.050000 - momentum: 0.000000
2026-01-03 00:55:28,453 epoch 64 - iter 26/29 - loss 0.12093141 - time (sec): 24.38 - samples/sec: 1858.31 - lr: 0.050000 - momentum: 0.000000
2026-01-03 00:55:30,330 epoch 64 - iter 28/29 - loss 0.11955799 - time (sec): 26.26 - samples/sec: 1863.81 - lr: 0.050000 - momentum: 0.000000
2026-01-03 00:55:31,280 ----------------------------------------------------------------------------------------------------
2026-01-03 00:55:31,280 EPOCH 64 done: loss 0.1195 - lr: 0.050000
2026-01-03 00:55:35,405 DEV : loss 0.11091061681509018 - f1-score (micro avg)  0.9667
2026-01-03 00:55:35,410  - 1 epochs without improvement
2026-01-03 00:55:35,411 ----------------------------------------------------------------------------------------------------
2026-01-03 00:55:37,250 epoch 65 - iter 2/29 - loss 0.12306805 - time (sec): 1.84 - samples/sec: 1957.69 - lr: 0.050000 - momentum: 0.000000
2026-01-03 00:55:39,763 epoch 65 - iter 4/29 - loss 0.12089507 - time (sec): 4.35 - samples/sec: 1613.29 - lr: 0.050000 - momentum: 0.000000
2026-01-03 00:55:41,465 epoch 65 - iter 6/29 - loss 0.12539940 - time (sec): 6.05 - samples/sec: 1661.89 - lr: 0.050000 - momentum: 0.000000
2026-01-03 00:55:45,241 epoch 65 - iter 8/29 - loss 0.12652367 - time (sec): 9.82 - samples/sec: 1395.26 - lr: 0.050000 - momentum: 0.000000
2026-01-03 00:55:49,453 epoch 65 - iter 10/29 - loss 0.12457100 - time (sec): 14.03 - samples/sec: 1212.73 - lr: 0.050000 - momentum: 0.000000
2026-01-03 00:55:54,495 epoch 65 - iter 12/29 - loss 0.12468772 - time (sec): 19.08 - samples/sec: 1084.85 - lr: 0.050000 - momentum: 0.000000
2026-01-03 00:55:57,149 epoch 65 - iter 14/29 - loss 0.12277504 - time (sec): 21.74 - samples/sec: 1130.78 - lr: 0.050000 - momentum: 0.000000
2026-01-03 00:55:58,940 epoch 65 - iter 16/29 - loss 0.12199496 - time (sec): 23.53 - samples/sec: 1186.97 - lr: 0.050000 - momentum: 0.000000
2026-01-03 00:56:00,753 epoch 65 - iter 18/29 - loss 0.12135227 - time (sec): 25.34 - samples/sec: 1237.88 - lr: 0.050000 - momentum: 0.000000
2026-01-03 00:56:02,752 epoch 65 - iter 20/29 - loss 0.11949835 - time (sec): 27.34 - samples/sec: 1266.10 - lr: 0.050000 - momentum: 0.000000
2026-01-03 00:56:04,886 epoch 65 - iter 22/29 - loss 0.12017171 - time (sec): 29.47 - samples/sec: 1293.72 - lr: 0.050000 - momentum: 0.000000
2026-01-03 00:56:07,101 epoch 65 - iter 24/29 - loss 0.12135399 - time (sec): 31.69 - samples/sec: 1321.78 - lr: 0.050000 - momentum: 0.000000
2026-01-03 00:56:09,521 epoch 65 - iter 26/29 - loss 0.12105395 - time (sec): 34.11 - samples/sec: 1327.86 - lr: 0.050000 - momentum: 0.000000
2026-01-03 00:56:11,969 epoch 65 - iter 28/29 - loss 0.12150627 - time (sec): 36.56 - samples/sec: 1339.41 - lr: 0.050000 - momentum: 0.000000
2026-01-03 00:56:12,639 ----------------------------------------------------------------------------------------------------
2026-01-03 00:56:12,639 EPOCH 65 done: loss 0.1215 - lr: 0.050000
2026-01-03 00:56:16,760 DEV : loss 0.10958301275968552 - f1-score (micro avg)  0.9666
2026-01-03 00:56:16,765  - 2 epochs without improvement
2026-01-03 00:56:16,766 ----------------------------------------------------------------------------------------------------
2026-01-03 00:56:18,472 epoch 66 - iter 2/29 - loss 0.13226254 - time (sec): 1.71 - samples/sec: 1781.94 - lr: 0.050000 - momentum: 0.000000
2026-01-03 00:56:20,672 epoch 66 - iter 4/29 - loss 0.12793673 - time (sec): 3.91 - samples/sec: 1740.76 - lr: 0.050000 - momentum: 0.000000
2026-01-03 00:56:22,990 epoch 66 - iter 6/29 - loss 0.11921269 - time (sec): 6.22 - samples/sec: 1689.49 - lr: 0.050000 - momentum: 0.000000
2026-01-03 00:56:25,063 epoch 66 - iter 8/29 - loss 0.11806742 - time (sec): 8.30 - samples/sec: 1682.05 - lr: 0.050000 - momentum: 0.000000
2026-01-03 00:56:27,285 epoch 66 - iter 10/29 - loss 0.11580688 - time (sec): 10.52 - samples/sec: 1658.90 - lr: 0.050000 - momentum: 0.000000
2026-01-03 00:56:30,080 epoch 66 - iter 12/29 - loss 0.11487936 - time (sec): 13.31 - samples/sec: 1579.36 - lr: 0.050000 - momentum: 0.000000
2026-01-03 00:56:32,441 epoch 66 - iter 14/29 - loss 0.11694789 - time (sec): 15.67 - samples/sec: 1566.84 - lr: 0.050000 - momentum: 0.000000
2026-01-03 00:56:35,068 epoch 66 - iter 16/29 - loss 0.11705046 - time (sec): 18.30 - samples/sec: 1557.42 - lr: 0.050000 - momentum: 0.000000
2026-01-03 00:56:37,337 epoch 66 - iter 18/29 - loss 0.11693037 - time (sec): 20.57 - samples/sec: 1539.40 - lr: 0.050000 - momentum: 0.000000
2026-01-03 00:56:39,625 epoch 66 - iter 20/29 - loss 0.11659813 - time (sec): 22.86 - samples/sec: 1525.87 - lr: 0.050000 - momentum: 0.000000
2026-01-03 00:56:41,772 epoch 66 - iter 22/29 - loss 0.11625160 - time (sec): 25.01 - samples/sec: 1530.95 - lr: 0.050000 - momentum: 0.000000
2026-01-03 00:56:43,893 epoch 66 - iter 24/29 - loss 0.11688150 - time (sec): 27.13 - samples/sec: 1536.01 - lr: 0.050000 - momentum: 0.000000
2026-01-03 00:56:45,967 epoch 66 - iter 26/29 - loss 0.11732379 - time (sec): 29.20 - samples/sec: 1542.99 - lr: 0.050000 - momentum: 0.000000
2026-01-03 00:56:48,276 epoch 66 - iter 28/29 - loss 0.11936631 - time (sec): 31.51 - samples/sec: 1548.79 - lr: 0.050000 - momentum: 0.000000
2026-01-03 00:56:49,377 ----------------------------------------------------------------------------------------------------
2026-01-03 00:56:49,378 EPOCH 66 done: loss 0.1194 - lr: 0.050000
2026-01-03 00:56:54,401 DEV : loss 0.1094285175204277 - f1-score (micro avg)  0.9671
2026-01-03 00:56:54,408  - 0 epochs without improvement
2026-01-03 00:56:54,408 saving best model
2026-01-03 00:56:54,420 ----------------------------------------------------------------------------------------------------
2026-01-03 00:56:56,803 epoch 67 - iter 2/29 - loss 0.11375697 - time (sec): 2.38 - samples/sec: 1388.56 - lr: 0.050000 - momentum: 0.000000
2026-01-03 00:56:59,343 epoch 67 - iter 4/29 - loss 0.11807081 - time (sec): 4.92 - samples/sec: 1330.12 - lr: 0.050000 - momentum: 0.000000
2026-01-03 00:57:06,334 epoch 67 - iter 6/29 - loss 0.11349780 - time (sec): 11.90 - samples/sec: 859.91 - lr: 0.050000 - momentum: 0.000000
2026-01-03 00:57:09,306 epoch 67 - iter 8/29 - loss 0.11405887 - time (sec): 14.89 - samples/sec: 910.80 - lr: 0.050000 - momentum: 0.000000
2026-01-03 00:57:12,072 epoch 67 - iter 10/29 - loss 0.11491573 - time (sec): 17.65 - samples/sec: 970.54 - lr: 0.050000 - momentum: 0.000000
2026-01-03 00:57:14,118 epoch 67 - iter 12/29 - loss 0.11554718 - time (sec): 19.70 - samples/sec: 1052.74 - lr: 0.050000 - momentum: 0.000000
2026-01-03 00:57:16,601 epoch 67 - iter 14/29 - loss 0.11304098 - time (sec): 22.18 - samples/sec: 1120.72 - lr: 0.050000 - momentum: 0.000000
2026-01-03 00:57:18,708 epoch 67 - iter 16/29 - loss 0.11444104 - time (sec): 24.29 - samples/sec: 1172.28 - lr: 0.050000 - momentum: 0.000000
2026-01-03 00:57:20,327 epoch 67 - iter 18/29 - loss 0.11620971 - time (sec): 25.91 - samples/sec: 1228.73 - lr: 0.050000 - momentum: 0.000000
2026-01-03 00:57:22,117 epoch 67 - iter 20/29 - loss 0.11662159 - time (sec): 27.70 - samples/sec: 1262.93 - lr: 0.050000 - momentum: 0.000000
2026-01-03 00:57:24,124 epoch 67 - iter 22/29 - loss 0.11598058 - time (sec): 29.70 - samples/sec: 1288.89 - lr: 0.050000 - momentum: 0.000000
2026-01-03 00:57:25,875 epoch 67 - iter 24/29 - loss 0.11649783 - time (sec): 31.45 - samples/sec: 1321.25 - lr: 0.050000 - momentum: 0.000000
2026-01-03 00:57:28,072 epoch 67 - iter 26/29 - loss 0.11554580 - time (sec): 33.65 - samples/sec: 1343.88 - lr: 0.050000 - momentum: 0.000000
2026-01-03 00:57:30,525 epoch 67 - iter 28/29 - loss 0.11518688 - time (sec): 36.10 - samples/sec: 1359.87 - lr: 0.050000 - momentum: 0.000000
2026-01-03 00:57:31,196 ----------------------------------------------------------------------------------------------------
2026-01-03 00:57:31,196 EPOCH 67 done: loss 0.1156 - lr: 0.050000
2026-01-03 00:57:36,304 DEV : loss 0.11017760634422302 - f1-score (micro avg)  0.9666
2026-01-03 00:57:36,310  - 1 epochs without improvement
2026-01-03 00:57:36,311 ----------------------------------------------------------------------------------------------------
2026-01-03 00:57:38,159 epoch 68 - iter 2/29 - loss 0.10179200 - time (sec): 1.85 - samples/sec: 1787.04 - lr: 0.050000 - momentum: 0.000000
2026-01-03 00:57:40,858 epoch 68 - iter 4/29 - loss 0.09852295 - time (sec): 4.55 - samples/sec: 1552.14 - lr: 0.050000 - momentum: 0.000000
2026-01-03 00:57:43,159 epoch 68 - iter 6/29 - loss 0.10777931 - time (sec): 6.85 - samples/sec: 1543.24 - lr: 0.050000 - momentum: 0.000000
2026-01-03 00:57:45,532 epoch 68 - iter 8/29 - loss 0.11115816 - time (sec): 9.22 - samples/sec: 1575.20 - lr: 0.050000 - momentum: 0.000000
2026-01-03 00:57:47,353 epoch 68 - iter 10/29 - loss 0.11005574 - time (sec): 11.04 - samples/sec: 1615.90 - lr: 0.050000 - momentum: 0.000000
2026-01-03 00:57:49,188 epoch 68 - iter 12/29 - loss 0.11133343 - time (sec): 12.88 - samples/sec: 1630.33 - lr: 0.050000 - momentum: 0.000000
2026-01-03 00:57:51,396 epoch 68 - iter 14/29 - loss 0.11465917 - time (sec): 15.08 - samples/sec: 1632.82 - lr: 0.050000 - momentum: 0.000000
2026-01-03 00:57:53,884 epoch 68 - iter 16/29 - loss 0.11425934 - time (sec): 17.57 - samples/sec: 1566.53 - lr: 0.050000 - momentum: 0.000000
2026-01-03 00:57:56,371 epoch 68 - iter 18/29 - loss 0.11558322 - time (sec): 20.06 - samples/sec: 1570.58 - lr: 0.050000 - momentum: 0.000000
2026-01-03 00:57:58,505 epoch 68 - iter 20/29 - loss 0.11560721 - time (sec): 22.19 - samples/sec: 1584.05 - lr: 0.050000 - momentum: 0.000000
2026-01-03 00:58:00,474 epoch 68 - iter 22/29 - loss 0.11577034 - time (sec): 24.16 - samples/sec: 1599.06 - lr: 0.050000 - momentum: 0.000000
2026-01-03 00:58:02,824 epoch 68 - iter 24/29 - loss 0.11592243 - time (sec): 26.51 - samples/sec: 1596.73 - lr: 0.050000 - momentum: 0.000000
2026-01-03 00:58:05,248 epoch 68 - iter 26/29 - loss 0.11564619 - time (sec): 28.94 - samples/sec: 1581.32 - lr: 0.050000 - momentum: 0.000000
2026-01-03 00:58:07,159 epoch 68 - iter 28/29 - loss 0.11748413 - time (sec): 30.85 - samples/sec: 1593.38 - lr: 0.050000 - momentum: 0.000000
2026-01-03 00:58:07,719 ----------------------------------------------------------------------------------------------------
2026-01-03 00:58:07,719 EPOCH 68 done: loss 0.1173 - lr: 0.050000
2026-01-03 00:58:12,306 DEV : loss 0.10825451463460922 - f1-score (micro avg)  0.9673
2026-01-03 00:58:12,314  - 0 epochs without improvement
2026-01-03 00:58:12,315 saving best model
2026-01-03 00:58:12,328 ----------------------------------------------------------------------------------------------------
2026-01-03 00:58:14,397 epoch 69 - iter 2/29 - loss 0.10772795 - time (sec): 2.07 - samples/sec: 1675.13 - lr: 0.050000 - momentum: 0.000000
2026-01-03 00:58:16,472 epoch 69 - iter 4/29 - loss 0.10929494 - time (sec): 4.14 - samples/sec: 1601.64 - lr: 0.050000 - momentum: 0.000000
2026-01-03 00:58:18,904 epoch 69 - iter 6/29 - loss 0.11106456 - time (sec): 6.58 - samples/sec: 1518.16 - lr: 0.050000 - momentum: 0.000000
2026-01-03 00:58:20,555 epoch 69 - iter 8/29 - loss 0.11070019 - time (sec): 8.23 - samples/sec: 1626.52 - lr: 0.050000 - momentum: 0.000000
2026-01-03 00:58:22,409 epoch 69 - iter 10/29 - loss 0.10847288 - time (sec): 10.08 - samples/sec: 1670.95 - lr: 0.050000 - momentum: 0.000000
2026-01-03 00:58:24,543 epoch 69 - iter 12/29 - loss 0.10895462 - time (sec): 12.21 - samples/sec: 1672.53 - lr: 0.050000 - momentum: 0.000000
2026-01-03 00:58:26,569 epoch 69 - iter 14/29 - loss 0.10835415 - time (sec): 14.24 - samples/sec: 1677.17 - lr: 0.050000 - momentum: 0.000000
2026-01-03 00:58:28,635 epoch 69 - iter 16/29 - loss 0.11092643 - time (sec): 16.31 - samples/sec: 1667.99 - lr: 0.050000 - momentum: 0.000000
2026-01-03 00:58:30,485 epoch 69 - iter 18/29 - loss 0.11072791 - time (sec): 18.16 - samples/sec: 1673.93 - lr: 0.050000 - momentum: 0.000000
2026-01-03 00:58:33,447 epoch 69 - iter 20/29 - loss 0.11259365 - time (sec): 21.12 - samples/sec: 1607.23 - lr: 0.050000 - momentum: 0.000000
2026-01-03 00:58:35,341 epoch 69 - iter 22/29 - loss 0.11310462 - time (sec): 23.01 - samples/sec: 1635.66 - lr: 0.050000 - momentum: 0.000000
2026-01-03 00:58:37,674 epoch 69 - iter 24/29 - loss 0.11381223 - time (sec): 25.35 - samples/sec: 1629.64 - lr: 0.050000 - momentum: 0.000000
2026-01-03 00:58:41,414 epoch 69 - iter 26/29 - loss 0.11207371 - time (sec): 29.09 - samples/sec: 1556.26 - lr: 0.050000 - momentum: 0.000000
2026-01-03 00:58:43,677 epoch 69 - iter 28/29 - loss 0.11232051 - time (sec): 31.35 - samples/sec: 1560.81 - lr: 0.050000 - momentum: 0.000000
2026-01-03 00:58:44,546 ----------------------------------------------------------------------------------------------------
2026-01-03 00:58:44,546 EPOCH 69 done: loss 0.1121 - lr: 0.050000
2026-01-03 00:58:48,983 DEV : loss 0.10716015100479126 - f1-score (micro avg)  0.9677
2026-01-03 00:58:48,990  - 0 epochs without improvement
2026-01-03 00:58:48,991 saving best model
2026-01-03 00:58:49,003 ----------------------------------------------------------------------------------------------------
2026-01-03 00:58:50,968 epoch 70 - iter 2/29 - loss 0.11966045 - time (sec): 1.96 - samples/sec: 1710.44 - lr: 0.050000 - momentum: 0.000000
2026-01-03 00:58:52,680 epoch 70 - iter 4/29 - loss 0.12180803 - time (sec): 3.68 - samples/sec: 1845.70 - lr: 0.050000 - momentum: 0.000000
2026-01-03 00:58:55,034 epoch 70 - iter 6/29 - loss 0.11758750 - time (sec): 6.03 - samples/sec: 1671.32 - lr: 0.050000 - momentum: 0.000000
2026-01-03 00:58:57,199 epoch 70 - iter 8/29 - loss 0.11999979 - time (sec): 8.19 - samples/sec: 1671.87 - lr: 0.050000 - momentum: 0.000000
2026-01-03 00:58:58,929 epoch 70 - iter 10/29 - loss 0.11742877 - time (sec): 9.93 - samples/sec: 1713.61 - lr: 0.050000 - momentum: 0.000000
2026-01-03 00:59:01,093 epoch 70 - iter 12/29 - loss 0.11840558 - time (sec): 12.09 - samples/sec: 1721.90 - lr: 0.050000 - momentum: 0.000000
2026-01-03 00:59:02,885 epoch 70 - iter 14/29 - loss 0.11854157 - time (sec): 13.88 - samples/sec: 1751.19 - lr: 0.050000 - momentum: 0.000000
2026-01-03 00:59:05,234 epoch 70 - iter 16/29 - loss 0.11677765 - time (sec): 16.23 - samples/sec: 1719.97 - lr: 0.050000 - momentum: 0.000000
2026-01-03 00:59:07,211 epoch 70 - iter 18/29 - loss 0.11745856 - time (sec): 18.21 - samples/sec: 1710.42 - lr: 0.050000 - momentum: 0.000000
2026-01-03 00:59:09,492 epoch 70 - iter 20/29 - loss 0.11669015 - time (sec): 20.49 - samples/sec: 1703.02 - lr: 0.050000 - momentum: 0.000000
2026-01-03 00:59:11,803 epoch 70 - iter 22/29 - loss 0.11859528 - time (sec): 22.80 - samples/sec: 1696.69 - lr: 0.050000 - momentum: 0.000000
2026-01-03 00:59:14,002 epoch 70 - iter 24/29 - loss 0.11781256 - time (sec): 25.00 - samples/sec: 1698.34 - lr: 0.050000 - momentum: 0.000000
2026-01-03 00:59:15,676 epoch 70 - iter 26/29 - loss 0.11736088 - time (sec): 26.67 - samples/sec: 1710.56 - lr: 0.050000 - momentum: 0.000000
2026-01-03 00:59:17,490 epoch 70 - iter 28/29 - loss 0.11671938 - time (sec): 28.49 - samples/sec: 1710.61 - lr: 0.050000 - momentum: 0.000000
2026-01-03 00:59:18,160 ----------------------------------------------------------------------------------------------------
2026-01-03 00:59:18,160 EPOCH 70 done: loss 0.1171 - lr: 0.050000
2026-01-03 00:59:22,040 DEV : loss 0.10917534679174423 - f1-score (micro avg)  0.9667
2026-01-03 00:59:22,046  - 1 epochs without improvement
2026-01-03 00:59:22,047 ----------------------------------------------------------------------------------------------------
2026-01-03 00:59:24,164 epoch 71 - iter 2/29 - loss 0.11206459 - time (sec): 2.12 - samples/sec: 1825.61 - lr: 0.050000 - momentum: 0.000000
2026-01-03 00:59:26,505 epoch 71 - iter 4/29 - loss 0.11009313 - time (sec): 4.46 - samples/sec: 1678.48 - lr: 0.050000 - momentum: 0.000000
2026-01-03 00:59:28,446 epoch 71 - iter 6/29 - loss 0.10771412 - time (sec): 6.40 - samples/sec: 1717.13 - lr: 0.050000 - momentum: 0.000000
2026-01-03 00:59:30,420 epoch 71 - iter 8/29 - loss 0.10480415 - time (sec): 8.37 - samples/sec: 1737.45 - lr: 0.050000 - momentum: 0.000000
2026-01-03 00:59:32,610 epoch 71 - iter 10/29 - loss 0.10519120 - time (sec): 10.56 - samples/sec: 1704.85 - lr: 0.050000 - momentum: 0.000000
2026-01-03 00:59:34,395 epoch 71 - iter 12/29 - loss 0.10545951 - time (sec): 12.35 - samples/sec: 1711.31 - lr: 0.050000 - momentum: 0.000000
2026-01-03 00:59:36,197 epoch 71 - iter 14/29 - loss 0.10668004 - time (sec): 14.15 - samples/sec: 1738.25 - lr: 0.050000 - momentum: 0.000000
2026-01-03 00:59:38,058 epoch 71 - iter 16/29 - loss 0.10774963 - time (sec): 16.01 - samples/sec: 1737.04 - lr: 0.050000 - momentum: 0.000000
2026-01-03 00:59:39,853 epoch 71 - iter 18/29 - loss 0.10866995 - time (sec): 17.81 - samples/sec: 1755.36 - lr: 0.050000 - momentum: 0.000000
2026-01-03 00:59:41,731 epoch 71 - iter 20/29 - loss 0.10732144 - time (sec): 19.68 - samples/sec: 1778.28 - lr: 0.050000 - momentum: 0.000000
2026-01-03 00:59:43,707 epoch 71 - iter 22/29 - loss 0.10676842 - time (sec): 21.66 - samples/sec: 1779.20 - lr: 0.050000 - momentum: 0.000000
2026-01-03 00:59:46,175 epoch 71 - iter 24/29 - loss 0.10887783 - time (sec): 24.13 - samples/sec: 1746.91 - lr: 0.050000 - momentum: 0.000000
2026-01-03 00:59:48,615 epoch 71 - iter 26/29 - loss 0.10926718 - time (sec): 26.57 - samples/sec: 1721.03 - lr: 0.050000 - momentum: 0.000000
2026-01-03 00:59:50,455 epoch 71 - iter 28/29 - loss 0.11005572 - time (sec): 28.41 - samples/sec: 1721.89 - lr: 0.050000 - momentum: 0.000000
2026-01-03 00:59:51,334 ----------------------------------------------------------------------------------------------------
2026-01-03 00:59:51,334 EPOCH 71 done: loss 0.1098 - lr: 0.050000
2026-01-03 00:59:56,505 DEV : loss 0.10940638929605484 - f1-score (micro avg)  0.9673
2026-01-03 00:59:56,513  - 2 epochs without improvement
2026-01-03 00:59:56,514 ----------------------------------------------------------------------------------------------------
2026-01-03 00:59:58,485 epoch 72 - iter 2/29 - loss 0.09318913 - time (sec): 1.97 - samples/sec: 1798.88 - lr: 0.050000 - momentum: 0.000000
2026-01-03 01:00:00,585 epoch 72 - iter 4/29 - loss 0.09800758 - time (sec): 4.07 - samples/sec: 1719.39 - lr: 0.050000 - momentum: 0.000000
2026-01-03 01:00:03,242 epoch 72 - iter 6/29 - loss 0.10830094 - time (sec): 6.73 - samples/sec: 1631.74 - lr: 0.050000 - momentum: 0.000000
2026-01-03 01:00:05,311 epoch 72 - iter 8/29 - loss 0.10825801 - time (sec): 8.80 - samples/sec: 1623.81 - lr: 0.050000 - momentum: 0.000000
2026-01-03 01:00:06,928 epoch 72 - iter 10/29 - loss 0.10699955 - time (sec): 10.41 - samples/sec: 1708.95 - lr: 0.050000 - momentum: 0.000000
2026-01-03 01:00:08,445 epoch 72 - iter 12/29 - loss 0.11112050 - time (sec): 11.93 - samples/sec: 1768.58 - lr: 0.050000 - momentum: 0.000000
2026-01-03 01:00:10,396 epoch 72 - iter 14/29 - loss 0.11159782 - time (sec): 13.88 - samples/sec: 1774.31 - lr: 0.050000 - momentum: 0.000000
2026-01-03 01:00:12,254 epoch 72 - iter 16/29 - loss 0.11237624 - time (sec): 15.74 - samples/sec: 1795.85 - lr: 0.050000 - momentum: 0.000000
2026-01-03 01:00:14,471 epoch 72 - iter 18/29 - loss 0.11241027 - time (sec): 17.96 - samples/sec: 1782.81 - lr: 0.050000 - momentum: 0.000000
2026-01-03 01:00:16,217 epoch 72 - iter 20/29 - loss 0.11239446 - time (sec): 19.70 - samples/sec: 1795.38 - lr: 0.050000 - momentum: 0.000000
2026-01-03 01:00:18,165 epoch 72 - iter 22/29 - loss 0.11202332 - time (sec): 21.65 - samples/sec: 1792.44 - lr: 0.050000 - momentum: 0.000000
2026-01-03 01:00:19,854 epoch 72 - iter 24/29 - loss 0.11261736 - time (sec): 23.34 - samples/sec: 1797.56 - lr: 0.050000 - momentum: 0.000000
2026-01-03 01:00:21,554 epoch 72 - iter 26/29 - loss 0.11200858 - time (sec): 25.04 - samples/sec: 1811.49 - lr: 0.050000 - momentum: 0.000000
2026-01-03 01:00:23,881 epoch 72 - iter 28/29 - loss 0.11268394 - time (sec): 27.37 - samples/sec: 1782.93 - lr: 0.050000 - momentum: 0.000000
2026-01-03 01:00:24,715 ----------------------------------------------------------------------------------------------------
2026-01-03 01:00:24,715 EPOCH 72 done: loss 0.1125 - lr: 0.050000
2026-01-03 01:00:28,921 DEV : loss 0.1091560497879982 - f1-score (micro avg)  0.9668
2026-01-03 01:00:28,927  - 3 epochs without improvement
2026-01-03 01:00:28,928 ----------------------------------------------------------------------------------------------------
2026-01-03 01:00:30,924 epoch 73 - iter 2/29 - loss 0.10084160 - time (sec): 2.00 - samples/sec: 1751.56 - lr: 0.050000 - momentum: 0.000000
2026-01-03 01:00:32,876 epoch 73 - iter 4/29 - loss 0.10591653 - time (sec): 3.95 - samples/sec: 1810.97 - lr: 0.050000 - momentum: 0.000000
2026-01-03 01:00:34,984 epoch 73 - iter 6/29 - loss 0.10806830 - time (sec): 6.06 - samples/sec: 1816.21 - lr: 0.050000 - momentum: 0.000000
2026-01-03 01:00:36,886 epoch 73 - iter 8/29 - loss 0.11077709 - time (sec): 7.96 - samples/sec: 1797.31 - lr: 0.050000 - momentum: 0.000000
2026-01-03 01:00:39,184 epoch 73 - iter 10/29 - loss 0.10743278 - time (sec): 10.26 - samples/sec: 1816.24 - lr: 0.050000 - momentum: 0.000000
2026-01-03 01:00:40,966 epoch 73 - iter 12/29 - loss 0.10720466 - time (sec): 12.04 - samples/sec: 1838.91 - lr: 0.050000 - momentum: 0.000000
2026-01-03 01:00:43,039 epoch 73 - iter 14/29 - loss 0.10791563 - time (sec): 14.11 - samples/sec: 1821.55 - lr: 0.050000 - momentum: 0.000000
2026-01-03 01:00:44,809 epoch 73 - iter 16/29 - loss 0.10621697 - time (sec): 15.88 - samples/sec: 1826.64 - lr: 0.050000 - momentum: 0.000000
2026-01-03 01:00:47,097 epoch 73 - iter 18/29 - loss 0.10704160 - time (sec): 18.17 - samples/sec: 1788.85 - lr: 0.050000 - momentum: 0.000000
2026-01-03 01:00:49,217 epoch 73 - iter 20/29 - loss 0.10892337 - time (sec): 20.29 - samples/sec: 1784.93 - lr: 0.050000 - momentum: 0.000000
2026-01-03 01:00:50,579 epoch 73 - iter 22/29 - loss 0.10840049 - time (sec): 21.65 - samples/sec: 1821.13 - lr: 0.050000 - momentum: 0.000000
2026-01-03 01:00:52,282 epoch 73 - iter 24/29 - loss 0.10774043 - time (sec): 23.35 - samples/sec: 1820.72 - lr: 0.050000 - momentum: 0.000000
2026-01-03 01:00:54,107 epoch 73 - iter 26/29 - loss 0.10792014 - time (sec): 25.18 - samples/sec: 1817.45 - lr: 0.050000 - momentum: 0.000000
2026-01-03 01:00:56,301 epoch 73 - iter 28/29 - loss 0.10784111 - time (sec): 27.37 - samples/sec: 1789.62 - lr: 0.050000 - momentum: 0.000000
2026-01-03 01:00:56,894 ----------------------------------------------------------------------------------------------------
2026-01-03 01:00:56,894 EPOCH 73 done: loss 0.1080 - lr: 0.050000
2026-01-03 01:01:00,574 DEV : loss 0.10866103321313858 - f1-score (micro avg)  0.9675
2026-01-03 01:01:00,579  - 4 epochs without improvement (above 'patience')-> annealing learning_rate to [0.025]
2026-01-03 01:01:00,580 ----------------------------------------------------------------------------------------------------
2026-01-03 01:01:02,352 epoch 74 - iter 2/29 - loss 0.11269930 - time (sec): 1.77 - samples/sec: 1851.62 - lr: 0.025000 - momentum: 0.000000
2026-01-03 01:01:04,443 epoch 74 - iter 4/29 - loss 0.10765047 - time (sec): 3.86 - samples/sec: 1834.23 - lr: 0.025000 - momentum: 0.000000
2026-01-03 01:01:06,225 epoch 74 - iter 6/29 - loss 0.10347516 - time (sec): 5.64 - samples/sec: 1872.88 - lr: 0.025000 - momentum: 0.000000
2026-01-03 01:01:08,296 epoch 74 - iter 8/29 - loss 0.10678191 - time (sec): 7.72 - samples/sec: 1874.54 - lr: 0.025000 - momentum: 0.000000
2026-01-03 01:01:10,148 epoch 74 - iter 10/29 - loss 0.10874069 - time (sec): 9.57 - samples/sec: 1870.86 - lr: 0.025000 - momentum: 0.000000
2026-01-03 01:01:12,297 epoch 74 - iter 12/29 - loss 0.11261778 - time (sec): 11.72 - samples/sec: 1850.48 - lr: 0.025000 - momentum: 0.000000
2026-01-03 01:01:14,517 epoch 74 - iter 14/29 - loss 0.11106182 - time (sec): 13.94 - samples/sec: 1812.00 - lr: 0.025000 - momentum: 0.000000
2026-01-03 01:01:16,789 epoch 74 - iter 16/29 - loss 0.11147053 - time (sec): 16.21 - samples/sec: 1788.00 - lr: 0.025000 - momentum: 0.000000
2026-01-03 01:01:18,476 epoch 74 - iter 18/29 - loss 0.10953201 - time (sec): 17.89 - samples/sec: 1796.28 - lr: 0.025000 - momentum: 0.000000
2026-01-03 01:01:20,220 epoch 74 - iter 20/29 - loss 0.11082036 - time (sec): 19.64 - samples/sec: 1808.02 - lr: 0.025000 - momentum: 0.000000
2026-01-03 01:01:22,207 epoch 74 - iter 22/29 - loss 0.11087683 - time (sec): 21.63 - samples/sec: 1811.72 - lr: 0.025000 - momentum: 0.000000
2026-01-03 01:01:24,068 epoch 74 - iter 24/29 - loss 0.11007116 - time (sec): 23.49 - samples/sec: 1813.77 - lr: 0.025000 - momentum: 0.000000
2026-01-03 01:01:25,754 epoch 74 - iter 26/29 - loss 0.10917084 - time (sec): 25.17 - samples/sec: 1824.18 - lr: 0.025000 - momentum: 0.000000
2026-01-03 01:01:27,316 epoch 74 - iter 28/29 - loss 0.10894078 - time (sec): 26.74 - samples/sec: 1829.66 - lr: 0.025000 - momentum: 0.000000
2026-01-03 01:01:27,986 ----------------------------------------------------------------------------------------------------
2026-01-03 01:01:27,986 EPOCH 74 done: loss 0.1085 - lr: 0.025000
2026-01-03 01:01:31,839 DEV : loss 0.10582470893859863 - f1-score (micro avg)  0.9689
2026-01-03 01:01:31,845  - 0 epochs without improvement
2026-01-03 01:01:31,845 saving best model
2026-01-03 01:01:31,856 ----------------------------------------------------------------------------------------------------
2026-01-03 01:01:33,637 epoch 75 - iter 2/29 - loss 0.11136848 - time (sec): 1.78 - samples/sec: 1929.14 - lr: 0.025000 - momentum: 0.000000
2026-01-03 01:01:35,237 epoch 75 - iter 4/29 - loss 0.10684068 - time (sec): 3.38 - samples/sec: 1985.13 - lr: 0.025000 - momentum: 0.000000
2026-01-03 01:01:36,756 epoch 75 - iter 6/29 - loss 0.10713702 - time (sec): 4.90 - samples/sec: 2058.32 - lr: 0.025000 - momentum: 0.000000
2026-01-03 01:01:38,919 epoch 75 - iter 8/29 - loss 0.10414416 - time (sec): 7.06 - samples/sec: 1949.91 - lr: 0.025000 - momentum: 0.000000
2026-01-03 01:01:41,284 epoch 75 - iter 10/29 - loss 0.10252341 - time (sec): 9.43 - samples/sec: 1839.82 - lr: 0.025000 - momentum: 0.000000
2026-01-03 01:01:43,578 epoch 75 - iter 12/29 - loss 0.10501404 - time (sec): 11.72 - samples/sec: 1790.49 - lr: 0.025000 - momentum: 0.000000
2026-01-03 01:01:46,084 epoch 75 - iter 14/29 - loss 0.10668165 - time (sec): 14.21 - samples/sec: 1729.04 - lr: 0.025000 - momentum: 0.000000
2026-01-03 01:01:47,895 epoch 75 - iter 16/29 - loss 0.10747752 - time (sec): 16.04 - samples/sec: 1739.70 - lr: 0.025000 - momentum: 0.000000
2026-01-03 01:01:50,036 epoch 75 - iter 18/29 - loss 0.10716126 - time (sec): 18.18 - samples/sec: 1719.46 - lr: 0.025000 - momentum: 0.000000
2026-01-03 01:01:52,411 epoch 75 - iter 20/29 - loss 0.10674796 - time (sec): 20.55 - samples/sec: 1693.53 - lr: 0.025000 - momentum: 0.000000
2026-01-03 01:01:54,941 epoch 75 - iter 22/29 - loss 0.10700423 - time (sec): 23.08 - samples/sec: 1663.44 - lr: 0.025000 - momentum: 0.000000
2026-01-03 01:01:57,598 epoch 75 - iter 24/29 - loss 0.10617427 - time (sec): 25.74 - samples/sec: 1631.85 - lr: 0.025000 - momentum: 0.000000
2026-01-03 01:02:00,187 epoch 75 - iter 26/29 - loss 0.10721982 - time (sec): 28.33 - samples/sec: 1598.16 - lr: 0.025000 - momentum: 0.000000
2026-01-03 01:02:02,268 epoch 75 - iter 28/29 - loss 0.10782107 - time (sec): 30.41 - samples/sec: 1600.32 - lr: 0.025000 - momentum: 0.000000
2026-01-03 01:02:03,494 ----------------------------------------------------------------------------------------------------
2026-01-03 01:02:03,494 EPOCH 75 done: loss 0.1083 - lr: 0.025000
2026-01-03 01:02:07,637 DEV : loss 0.10590870678424835 - f1-score (micro avg)  0.9688
2026-01-03 01:02:07,644  - 1 epochs without improvement
2026-01-03 01:02:07,645 ----------------------------------------------------------------------------------------------------
2026-01-03 01:02:09,675 epoch 76 - iter 2/29 - loss 0.10466620 - time (sec): 2.03 - samples/sec: 1653.68 - lr: 0.025000 - momentum: 0.000000
2026-01-03 01:02:11,488 epoch 76 - iter 4/29 - loss 0.11017532 - time (sec): 3.84 - samples/sec: 1706.04 - lr: 0.025000 - momentum: 0.000000
2026-01-03 01:02:14,446 epoch 76 - iter 6/29 - loss 0.10569513 - time (sec): 6.80 - samples/sec: 1489.56 - lr: 0.025000 - momentum: 0.000000
2026-01-03 01:02:16,842 epoch 76 - iter 8/29 - loss 0.10723951 - time (sec): 9.20 - samples/sec: 1473.31 - lr: 0.025000 - momentum: 0.000000
2026-01-03 01:02:18,902 epoch 76 - iter 10/29 - loss 0.10721903 - time (sec): 11.26 - samples/sec: 1517.46 - lr: 0.025000 - momentum: 0.000000
2026-01-03 01:02:21,415 epoch 76 - iter 12/29 - loss 0.10558843 - time (sec): 13.77 - samples/sec: 1518.37 - lr: 0.025000 - momentum: 0.000000
2026-01-03 01:02:23,437 epoch 76 - iter 14/29 - loss 0.10529022 - time (sec): 15.79 - samples/sec: 1531.74 - lr: 0.025000 - momentum: 0.000000
2026-01-03 01:02:25,710 epoch 76 - iter 16/29 - loss 0.10469743 - time (sec): 18.06 - samples/sec: 1537.74 - lr: 0.025000 - momentum: 0.000000
2026-01-03 01:02:28,754 epoch 76 - iter 18/29 - loss 0.10427714 - time (sec): 21.11 - samples/sec: 1491.14 - lr: 0.025000 - momentum: 0.000000
2026-01-03 01:02:30,598 epoch 76 - iter 20/29 - loss 0.10407353 - time (sec): 22.95 - samples/sec: 1527.71 - lr: 0.025000 - momentum: 0.000000
2026-01-03 01:02:32,370 epoch 76 - iter 22/29 - loss 0.10442535 - time (sec): 24.72 - samples/sec: 1542.39 - lr: 0.025000 - momentum: 0.000000
2026-01-03 01:02:34,758 epoch 76 - iter 24/29 - loss 0.10527401 - time (sec): 27.11 - samples/sec: 1550.39 - lr: 0.025000 - momentum: 0.000000
2026-01-03 01:02:36,818 epoch 76 - iter 26/29 - loss 0.10610130 - time (sec): 29.17 - samples/sec: 1550.55 - lr: 0.025000 - momentum: 0.000000
2026-01-03 01:02:39,377 epoch 76 - iter 28/29 - loss 0.10632996 - time (sec): 31.73 - samples/sec: 1533.06 - lr: 0.025000 - momentum: 0.000000
2026-01-03 01:02:40,320 ----------------------------------------------------------------------------------------------------
2026-01-03 01:02:40,320 EPOCH 76 done: loss 0.1066 - lr: 0.025000
2026-01-03 01:02:44,914 DEV : loss 0.10574134439229965 - f1-score (micro avg)  0.9687
2026-01-03 01:02:44,952  - 2 epochs without improvement
2026-01-03 01:02:44,953 ----------------------------------------------------------------------------------------------------
2026-01-03 01:02:47,577 epoch 77 - iter 2/29 - loss 0.11124434 - time (sec): 2.62 - samples/sec: 1316.38 - lr: 0.025000 - momentum: 0.000000
2026-01-03 01:02:49,605 epoch 77 - iter 4/29 - loss 0.11740072 - time (sec): 4.65 - samples/sec: 1402.56 - lr: 0.025000 - momentum: 0.000000
2026-01-03 01:02:51,623 epoch 77 - iter 6/29 - loss 0.11050065 - time (sec): 6.67 - samples/sec: 1568.98 - lr: 0.025000 - momentum: 0.000000
2026-01-03 01:02:53,846 epoch 77 - iter 8/29 - loss 0.10940205 - time (sec): 8.89 - samples/sec: 1591.59 - lr: 0.025000 - momentum: 0.000000
2026-01-03 01:02:55,635 epoch 77 - iter 10/29 - loss 0.10701588 - time (sec): 10.68 - samples/sec: 1608.59 - lr: 0.025000 - momentum: 0.000000
2026-01-03 01:03:01,177 epoch 77 - iter 12/29 - loss 0.10809172 - time (sec): 16.22 - samples/sec: 1272.24 - lr: 0.025000 - momentum: 0.000000
2026-01-03 01:03:03,071 epoch 77 - iter 14/29 - loss 0.10755012 - time (sec): 18.12 - samples/sec: 1347.59 - lr: 0.025000 - momentum: 0.000000
2026-01-03 01:03:05,260 epoch 77 - iter 16/29 - loss 0.10736607 - time (sec): 20.30 - samples/sec: 1379.00 - lr: 0.025000 - momentum: 0.000000
2026-01-03 01:03:07,341 epoch 77 - iter 18/29 - loss 0.10680378 - time (sec): 22.39 - samples/sec: 1431.90 - lr: 0.025000 - momentum: 0.000000
2026-01-03 01:03:09,341 epoch 77 - iter 20/29 - loss 0.10692402 - time (sec): 24.39 - samples/sec: 1466.39 - lr: 0.025000 - momentum: 0.000000
2026-01-03 01:03:11,802 epoch 77 - iter 22/29 - loss 0.10662126 - time (sec): 26.85 - samples/sec: 1465.00 - lr: 0.025000 - momentum: 0.000000
2026-01-03 01:03:13,617 epoch 77 - iter 24/29 - loss 0.10614531 - time (sec): 28.66 - samples/sec: 1489.04 - lr: 0.025000 - momentum: 0.000000
2026-01-03 01:03:15,991 epoch 77 - iter 26/29 - loss 0.10673190 - time (sec): 31.04 - samples/sec: 1488.71 - lr: 0.025000 - momentum: 0.000000
2026-01-03 01:03:17,547 epoch 77 - iter 28/29 - loss 0.10654679 - time (sec): 32.59 - samples/sec: 1506.77 - lr: 0.025000 - momentum: 0.000000
2026-01-03 01:03:18,226 ----------------------------------------------------------------------------------------------------
2026-01-03 01:03:18,227 EPOCH 77 done: loss 0.1071 - lr: 0.025000
2026-01-03 01:03:22,390 DEV : loss 0.10521969944238663 - f1-score (micro avg)  0.9684
2026-01-03 01:03:22,396  - 3 epochs without improvement
2026-01-03 01:03:22,397 ----------------------------------------------------------------------------------------------------
2026-01-03 01:03:24,336 epoch 78 - iter 2/29 - loss 0.09950355 - time (sec): 1.94 - samples/sec: 1856.93 - lr: 0.025000 - momentum: 0.000000
2026-01-03 01:03:26,078 epoch 78 - iter 4/29 - loss 0.10174764 - time (sec): 3.68 - samples/sec: 1820.11 - lr: 0.025000 - momentum: 0.000000
2026-01-03 01:03:28,257 epoch 78 - iter 6/29 - loss 0.10398765 - time (sec): 5.86 - samples/sec: 1748.36 - lr: 0.025000 - momentum: 0.000000
2026-01-03 01:03:30,302 epoch 78 - iter 8/29 - loss 0.10399848 - time (sec): 7.90 - samples/sec: 1696.87 - lr: 0.025000 - momentum: 0.000000
2026-01-03 01:03:32,103 epoch 78 - iter 10/29 - loss 0.10196186 - time (sec): 9.71 - samples/sec: 1718.82 - lr: 0.025000 - momentum: 0.000000
2026-01-03 01:03:34,264 epoch 78 - iter 12/29 - loss 0.10227625 - time (sec): 11.87 - samples/sec: 1739.13 - lr: 0.025000 - momentum: 0.000000
2026-01-03 01:03:36,182 epoch 78 - iter 14/29 - loss 0.10208714 - time (sec): 13.78 - samples/sec: 1770.06 - lr: 0.025000 - momentum: 0.000000
2026-01-03 01:03:38,174 epoch 78 - iter 16/29 - loss 0.10334175 - time (sec): 15.78 - samples/sec: 1762.19 - lr: 0.025000 - momentum: 0.000000
2026-01-03 01:03:40,349 epoch 78 - iter 18/29 - loss 0.10368606 - time (sec): 17.95 - samples/sec: 1767.62 - lr: 0.025000 - momentum: 0.000000
2026-01-03 01:03:42,601 epoch 78 - iter 20/29 - loss 0.10309233 - time (sec): 20.20 - samples/sec: 1738.19 - lr: 0.025000 - momentum: 0.000000
2026-01-03 01:03:44,788 epoch 78 - iter 22/29 - loss 0.10385989 - time (sec): 22.39 - samples/sec: 1722.24 - lr: 0.025000 - momentum: 0.000000
2026-01-03 01:03:46,789 epoch 78 - iter 24/29 - loss 0.10373500 - time (sec): 24.39 - samples/sec: 1721.03 - lr: 0.025000 - momentum: 0.000000
2026-01-03 01:03:49,447 epoch 78 - iter 26/29 - loss 0.10437920 - time (sec): 27.05 - samples/sec: 1679.12 - lr: 0.025000 - momentum: 0.000000
2026-01-03 01:03:51,900 epoch 78 - iter 28/29 - loss 0.10324754 - time (sec): 29.50 - samples/sec: 1651.11 - lr: 0.025000 - momentum: 0.000000
2026-01-03 01:03:52,781 ----------------------------------------------------------------------------------------------------
2026-01-03 01:03:52,781 EPOCH 78 done: loss 0.1031 - lr: 0.025000
2026-01-03 01:03:57,297 DEV : loss 0.10650947690010071 - f1-score (micro avg)  0.9687
2026-01-03 01:03:57,304  - 4 epochs without improvement (above 'patience')-> annealing learning_rate to [0.0125]
2026-01-03 01:03:57,305 ----------------------------------------------------------------------------------------------------
2026-01-03 01:03:59,492 epoch 79 - iter 2/29 - loss 0.08895960 - time (sec): 2.19 - samples/sec: 1585.16 - lr: 0.012500 - momentum: 0.000000
2026-01-03 01:04:01,538 epoch 79 - iter 4/29 - loss 0.10081079 - time (sec): 4.23 - samples/sec: 1618.23 - lr: 0.012500 - momentum: 0.000000
2026-01-03 01:04:03,745 epoch 79 - iter 6/29 - loss 0.10326586 - time (sec): 6.44 - samples/sec: 1571.27 - lr: 0.012500 - momentum: 0.000000
2026-01-03 01:04:05,996 epoch 79 - iter 8/29 - loss 0.09959627 - time (sec): 8.69 - samples/sec: 1595.16 - lr: 0.012500 - momentum: 0.000000
2026-01-03 01:04:08,192 epoch 79 - iter 10/29 - loss 0.10237244 - time (sec): 10.89 - samples/sec: 1613.41 - lr: 0.012500 - momentum: 0.000000
2026-01-03 01:04:10,139 epoch 79 - iter 12/29 - loss 0.10336055 - time (sec): 12.83 - samples/sec: 1604.60 - lr: 0.012500 - momentum: 0.000000
2026-01-03 01:04:12,591 epoch 79 - iter 14/29 - loss 0.10386341 - time (sec): 15.29 - samples/sec: 1560.74 - lr: 0.012500 - momentum: 0.000000
2026-01-03 01:04:15,573 epoch 79 - iter 16/29 - loss 0.10273959 - time (sec): 18.27 - samples/sec: 1514.24 - lr: 0.012500 - momentum: 0.000000
2026-01-03 01:04:17,182 epoch 79 - iter 18/29 - loss 0.10460469 - time (sec): 19.88 - samples/sec: 1541.13 - lr: 0.012500 - momentum: 0.000000
2026-01-03 01:04:19,186 epoch 79 - iter 20/29 - loss 0.10515338 - time (sec): 21.88 - samples/sec: 1543.72 - lr: 0.012500 - momentum: 0.000000
2026-01-03 01:04:21,410 epoch 79 - iter 22/29 - loss 0.10639253 - time (sec): 24.10 - samples/sec: 1567.33 - lr: 0.012500 - momentum: 0.000000
2026-01-03 01:04:23,743 epoch 79 - iter 24/29 - loss 0.10546040 - time (sec): 26.44 - samples/sec: 1574.17 - lr: 0.012500 - momentum: 0.000000
2026-01-03 01:04:25,735 epoch 79 - iter 26/29 - loss 0.10510296 - time (sec): 28.43 - samples/sec: 1595.86 - lr: 0.012500 - momentum: 0.000000
2026-01-03 01:04:27,730 epoch 79 - iter 28/29 - loss 0.10521682 - time (sec): 30.43 - samples/sec: 1606.57 - lr: 0.012500 - momentum: 0.000000
2026-01-03 01:04:28,573 ----------------------------------------------------------------------------------------------------
2026-01-03 01:04:28,573 EPOCH 79 done: loss 0.1053 - lr: 0.012500
2026-01-03 01:04:32,879 DEV : loss 0.10549100488424301 - f1-score (micro avg)  0.9685
2026-01-03 01:04:32,886  - 1 epochs without improvement
2026-01-03 01:04:32,887 ----------------------------------------------------------------------------------------------------
2026-01-03 01:04:35,052 epoch 80 - iter 2/29 - loss 0.11505984 - time (sec): 2.16 - samples/sec: 1577.23 - lr: 0.012500 - momentum: 0.000000
2026-01-03 01:04:37,295 epoch 80 - iter 4/29 - loss 0.10593547 - time (sec): 4.41 - samples/sec: 1510.56 - lr: 0.012500 - momentum: 0.000000
2026-01-03 01:04:39,616 epoch 80 - iter 6/29 - loss 0.10480340 - time (sec): 6.73 - samples/sec: 1508.01 - lr: 0.012500 - momentum: 0.000000
2026-01-03 01:04:41,895 epoch 80 - iter 8/29 - loss 0.10467137 - time (sec): 9.01 - samples/sec: 1519.30 - lr: 0.012500 - momentum: 0.000000
2026-01-03 01:04:43,901 epoch 80 - iter 10/29 - loss 0.10552172 - time (sec): 11.01 - samples/sec: 1530.22 - lr: 0.012500 - momentum: 0.000000
2026-01-03 01:04:47,398 epoch 80 - iter 12/29 - loss 0.10560796 - time (sec): 14.50 - samples/sec: 1398.75 - lr: 0.012500 - momentum: 0.000000
2026-01-03 01:04:49,775 epoch 80 - iter 14/29 - loss 0.10567314 - time (sec): 16.89 - samples/sec: 1402.21 - lr: 0.012500 - momentum: 0.000000
2026-01-03 01:04:51,879 epoch 80 - iter 16/29 - loss 0.10575183 - time (sec): 18.99 - samples/sec: 1415.86 - lr: 0.012500 - momentum: 0.000000
2026-01-03 01:04:54,372 epoch 80 - iter 18/29 - loss 0.10519498 - time (sec): 21.48 - samples/sec: 1418.58 - lr: 0.012500 - momentum: 0.000000
2026-01-03 01:04:56,626 epoch 80 - iter 20/29 - loss 0.10602603 - time (sec): 23.74 - samples/sec: 1440.84 - lr: 0.012500 - momentum: 0.000000
2026-01-03 01:05:01,189 epoch 80 - iter 22/29 - loss 0.10468336 - time (sec): 28.30 - samples/sec: 1337.82 - lr: 0.012500 - momentum: 0.000000
2026-01-03 01:05:03,044 epoch 80 - iter 24/29 - loss 0.10429563 - time (sec): 30.16 - samples/sec: 1380.61 - lr: 0.012500 - momentum: 0.000000
2026-01-03 01:05:05,039 epoch 80 - iter 26/29 - loss 0.10588783 - time (sec): 32.15 - samples/sec: 1400.59 - lr: 0.012500 - momentum: 0.000000
2026-01-03 01:05:07,767 epoch 80 - iter 28/29 - loss 0.10480795 - time (sec): 34.88 - samples/sec: 1400.02 - lr: 0.012500 - momentum: 0.000000
2026-01-03 01:05:09,217 ----------------------------------------------------------------------------------------------------
2026-01-03 01:05:09,217 EPOCH 80 done: loss 0.1045 - lr: 0.012500
2026-01-03 01:05:14,226 DEV : loss 0.10516747087240219 - f1-score (micro avg)  0.9688
2026-01-03 01:05:14,238  - 2 epochs without improvement
2026-01-03 01:05:14,239 ----------------------------------------------------------------------------------------------------
2026-01-03 01:05:16,376 epoch 81 - iter 2/29 - loss 0.10145698 - time (sec): 2.14 - samples/sec: 1767.83 - lr: 0.012500 - momentum: 0.000000
2026-01-03 01:05:18,879 epoch 81 - iter 4/29 - loss 0.10173632 - time (sec): 4.64 - samples/sec: 1525.97 - lr: 0.012500 - momentum: 0.000000
2026-01-03 01:05:22,973 epoch 81 - iter 6/29 - loss 0.10143375 - time (sec): 8.73 - samples/sec: 1217.64 - lr: 0.012500 - momentum: 0.000000
2026-01-03 01:05:25,281 epoch 81 - iter 8/29 - loss 0.10195789 - time (sec): 11.04 - samples/sec: 1298.78 - lr: 0.012500 - momentum: 0.000000
2026-01-03 01:05:27,479 epoch 81 - iter 10/29 - loss 0.10580716 - time (sec): 13.24 - samples/sec: 1326.06 - lr: 0.012500 - momentum: 0.000000
2026-01-03 01:05:30,975 epoch 81 - iter 12/29 - loss 0.10347997 - time (sec): 16.73 - samples/sec: 1260.24 - lr: 0.012500 - momentum: 0.000000
2026-01-03 01:05:33,392 epoch 81 - iter 14/29 - loss 0.10401135 - time (sec): 19.15 - samples/sec: 1280.39 - lr: 0.012500 - momentum: 0.000000
2026-01-03 01:05:35,559 epoch 81 - iter 16/29 - loss 0.10409207 - time (sec): 21.32 - samples/sec: 1325.44 - lr: 0.012500 - momentum: 0.000000
2026-01-03 01:05:37,251 epoch 81 - iter 18/29 - loss 0.10415357 - time (sec): 23.01 - samples/sec: 1369.68 - lr: 0.012500 - momentum: 0.000000
2026-01-03 01:05:39,050 epoch 81 - iter 20/29 - loss 0.10305229 - time (sec): 24.81 - samples/sec: 1410.51 - lr: 0.012500 - momentum: 0.000000
2026-01-03 01:05:40,934 epoch 81 - iter 22/29 - loss 0.10257409 - time (sec): 26.69 - samples/sec: 1448.71 - lr: 0.012500 - momentum: 0.000000
2026-01-03 01:05:42,666 epoch 81 - iter 24/29 - loss 0.10344203 - time (sec): 28.43 - samples/sec: 1470.44 - lr: 0.012500 - momentum: 0.000000
2026-01-03 01:05:44,764 epoch 81 - iter 26/29 - loss 0.10344712 - time (sec): 30.52 - samples/sec: 1487.81 - lr: 0.012500 - momentum: 0.000000
2026-01-03 01:05:46,899 epoch 81 - iter 28/29 - loss 0.10267272 - time (sec): 32.66 - samples/sec: 1497.29 - lr: 0.012500 - momentum: 0.000000
2026-01-03 01:05:47,775 ----------------------------------------------------------------------------------------------------
2026-01-03 01:05:47,775 EPOCH 81 done: loss 0.1028 - lr: 0.012500
2026-01-03 01:05:51,808 DEV : loss 0.10468865931034088 - f1-score (micro avg)  0.9686
2026-01-03 01:05:51,813  - 3 epochs without improvement
2026-01-03 01:05:51,814 ----------------------------------------------------------------------------------------------------
2026-01-03 01:05:54,067 epoch 82 - iter 2/29 - loss 0.12833652 - time (sec): 2.25 - samples/sec: 1588.56 - lr: 0.012500 - momentum: 0.000000
2026-01-03 01:05:55,690 epoch 82 - iter 4/29 - loss 0.10901238 - time (sec): 3.88 - samples/sec: 1752.66 - lr: 0.012500 - momentum: 0.000000
2026-01-03 01:05:57,608 epoch 82 - iter 6/29 - loss 0.11019736 - time (sec): 5.79 - samples/sec: 1815.60 - lr: 0.012500 - momentum: 0.000000
2026-01-03 01:06:00,721 epoch 82 - iter 8/29 - loss 0.10620307 - time (sec): 8.91 - samples/sec: 1589.63 - lr: 0.012500 - momentum: 0.000000
2026-01-03 01:06:02,117 epoch 82 - iter 10/29 - loss 0.10874367 - time (sec): 10.30 - samples/sec: 1667.08 - lr: 0.012500 - momentum: 0.000000
2026-01-03 01:06:04,270 epoch 82 - iter 12/29 - loss 0.10689687 - time (sec): 12.46 - samples/sec: 1675.04 - lr: 0.012500 - momentum: 0.000000
2026-01-03 01:06:06,400 epoch 82 - iter 14/29 - loss 0.10684031 - time (sec): 14.59 - samples/sec: 1667.74 - lr: 0.012500 - momentum: 0.000000
2026-01-03 01:06:08,348 epoch 82 - iter 16/29 - loss 0.10557589 - time (sec): 16.53 - samples/sec: 1667.11 - lr: 0.012500 - momentum: 0.000000
2026-01-03 01:06:10,739 epoch 82 - iter 18/29 - loss 0.10618569 - time (sec): 18.92 - samples/sec: 1637.79 - lr: 0.012500 - momentum: 0.000000
2026-01-03 01:06:13,122 epoch 82 - iter 20/29 - loss 0.10524020 - time (sec): 21.31 - samples/sec: 1621.08 - lr: 0.012500 - momentum: 0.000000
2026-01-03 01:06:15,229 epoch 82 - iter 22/29 - loss 0.10619895 - time (sec): 23.41 - samples/sec: 1612.20 - lr: 0.012500 - momentum: 0.000000
2026-01-03 01:06:19,385 epoch 82 - iter 24/29 - loss 0.10488809 - time (sec): 27.57 - samples/sec: 1509.52 - lr: 0.012500 - momentum: 0.000000
2026-01-03 01:06:21,892 epoch 82 - iter 26/29 - loss 0.10467533 - time (sec): 30.08 - samples/sec: 1497.76 - lr: 0.012500 - momentum: 0.000000
2026-01-03 01:06:27,424 epoch 82 - iter 28/29 - loss 0.10554974 - time (sec): 35.59 - samples/sec: 1375.42 - lr: 0.012500 - momentum: 0.000000
2026-01-03 01:06:29,150 ----------------------------------------------------------------------------------------------------
2026-01-03 01:06:29,152 EPOCH 82 done: loss 0.1054 - lr: 0.012500
2026-01-03 01:06:34,640 DEV : loss 0.1050412654876709 - f1-score (micro avg)  0.9688
2026-01-03 01:06:34,645  - 4 epochs without improvement (above 'patience')-> annealing learning_rate to [0.00625]
2026-01-03 01:06:34,646 ----------------------------------------------------------------------------------------------------
2026-01-03 01:06:36,551 epoch 83 - iter 2/29 - loss 0.09995568 - time (sec): 1.91 - samples/sec: 1619.33 - lr: 0.006250 - momentum: 0.000000
2026-01-03 01:06:38,465 epoch 83 - iter 4/29 - loss 0.10207137 - time (sec): 3.82 - samples/sec: 1701.48 - lr: 0.006250 - momentum: 0.000000
2026-01-03 01:06:40,054 epoch 83 - iter 6/29 - loss 0.10493816 - time (sec): 5.41 - samples/sec: 1811.84 - lr: 0.006250 - momentum: 0.000000
2026-01-03 01:06:42,563 epoch 83 - iter 8/29 - loss 0.10585429 - time (sec): 7.92 - samples/sec: 1738.55 - lr: 0.006250 - momentum: 0.000000
2026-01-03 01:06:44,011 epoch 83 - iter 10/29 - loss 0.10351027 - time (sec): 9.37 - samples/sec: 1830.83 - lr: 0.006250 - momentum: 0.000000
2026-01-03 01:06:46,052 epoch 83 - iter 12/29 - loss 0.10219752 - time (sec): 11.41 - samples/sec: 1809.44 - lr: 0.006250 - momentum: 0.000000
2026-01-03 01:06:48,197 epoch 83 - iter 14/29 - loss 0.10163407 - time (sec): 13.55 - samples/sec: 1792.34 - lr: 0.006250 - momentum: 0.000000
2026-01-03 01:06:50,367 epoch 83 - iter 16/29 - loss 0.10333194 - time (sec): 15.72 - samples/sec: 1781.53 - lr: 0.006250 - momentum: 0.000000
2026-01-03 01:06:52,172 epoch 83 - iter 18/29 - loss 0.10371201 - time (sec): 17.53 - samples/sec: 1791.41 - lr: 0.006250 - momentum: 0.000000
2026-01-03 01:06:54,669 epoch 83 - iter 20/29 - loss 0.10241258 - time (sec): 20.02 - samples/sec: 1749.59 - lr: 0.006250 - momentum: 0.000000
2026-01-03 01:06:56,149 epoch 83 - iter 22/29 - loss 0.10245500 - time (sec): 21.50 - samples/sec: 1768.22 - lr: 0.006250 - momentum: 0.000000
2026-01-03 01:06:58,524 epoch 83 - iter 24/29 - loss 0.10173945 - time (sec): 23.88 - samples/sec: 1741.36 - lr: 0.006250 - momentum: 0.000000
2026-01-03 01:07:00,357 epoch 83 - iter 26/29 - loss 0.10185678 - time (sec): 25.71 - samples/sec: 1746.07 - lr: 0.006250 - momentum: 0.000000
2026-01-03 01:07:02,158 epoch 83 - iter 28/29 - loss 0.10201442 - time (sec): 27.51 - samples/sec: 1776.18 - lr: 0.006250 - momentum: 0.000000
2026-01-03 01:07:02,933 ----------------------------------------------------------------------------------------------------
2026-01-03 01:07:02,933 EPOCH 83 done: loss 0.1018 - lr: 0.006250
2026-01-03 01:07:06,650 DEV : loss 0.10559558868408203 - f1-score (micro avg)  0.9685
2026-01-03 01:07:06,655  - 1 epochs without improvement
2026-01-03 01:07:06,658 ----------------------------------------------------------------------------------------------------
2026-01-03 01:07:09,107 epoch 84 - iter 2/29 - loss 0.08887828 - time (sec): 2.45 - samples/sec: 1582.64 - lr: 0.006250 - momentum: 0.000000
2026-01-03 01:07:11,063 epoch 84 - iter 4/29 - loss 0.09319781 - time (sec): 4.40 - samples/sec: 1679.25 - lr: 0.006250 - momentum: 0.000000
2026-01-03 01:07:13,171 epoch 84 - iter 6/29 - loss 0.09655467 - time (sec): 6.51 - samples/sec: 1750.11 - lr: 0.006250 - momentum: 0.000000
2026-01-03 01:07:14,985 epoch 84 - iter 8/29 - loss 0.10001522 - time (sec): 8.33 - samples/sec: 1806.31 - lr: 0.006250 - momentum: 0.000000
2026-01-03 01:07:16,708 epoch 84 - iter 10/29 - loss 0.10126666 - time (sec): 10.05 - samples/sec: 1841.43 - lr: 0.006250 - momentum: 0.000000
2026-01-03 01:07:18,098 epoch 84 - iter 12/29 - loss 0.10265375 - time (sec): 11.44 - samples/sec: 1866.11 - lr: 0.006250 - momentum: 0.000000
2026-01-03 01:07:20,023 epoch 84 - iter 14/29 - loss 0.10159499 - time (sec): 13.36 - samples/sec: 1830.93 - lr: 0.006250 - momentum: 0.000000
2026-01-03 01:07:21,700 epoch 84 - iter 16/29 - loss 0.10137956 - time (sec): 15.04 - samples/sec: 1854.05 - lr: 0.006250 - momentum: 0.000000
2026-01-03 01:07:24,025 epoch 84 - iter 18/29 - loss 0.10169688 - time (sec): 17.37 - samples/sec: 1815.36 - lr: 0.006250 - momentum: 0.000000
2026-01-03 01:07:25,914 epoch 84 - iter 20/29 - loss 0.10333012 - time (sec): 19.25 - samples/sec: 1807.69 - lr: 0.006250 - momentum: 0.000000
2026-01-03 01:07:27,843 epoch 84 - iter 22/29 - loss 0.10335326 - time (sec): 21.18 - samples/sec: 1819.37 - lr: 0.006250 - momentum: 0.000000
2026-01-03 01:07:29,733 epoch 84 - iter 24/29 - loss 0.10260038 - time (sec): 23.07 - samples/sec: 1851.90 - lr: 0.006250 - momentum: 0.000000
2026-01-03 01:07:31,216 epoch 84 - iter 26/29 - loss 0.10263946 - time (sec): 24.56 - samples/sec: 1866.81 - lr: 0.006250 - momentum: 0.000000
2026-01-03 01:07:32,524 epoch 84 - iter 28/29 - loss 0.10245124 - time (sec): 25.87 - samples/sec: 1889.92 - lr: 0.006250 - momentum: 0.000000
2026-01-03 01:07:33,313 ----------------------------------------------------------------------------------------------------
2026-01-03 01:07:33,313 EPOCH 84 done: loss 0.1017 - lr: 0.006250
2026-01-03 01:07:37,149 DEV : loss 0.10507702827453613 - f1-score (micro avg)  0.9686
2026-01-03 01:07:37,155  - 2 epochs without improvement
2026-01-03 01:07:37,156 ----------------------------------------------------------------------------------------------------
2026-01-03 01:07:40,333 epoch 85 - iter 2/29 - loss 0.10552103 - time (sec): 3.17 - samples/sec: 1142.60 - lr: 0.006250 - momentum: 0.000000
2026-01-03 01:07:45,234 epoch 85 - iter 4/29 - loss 0.10301901 - time (sec): 8.08 - samples/sec: 848.72 - lr: 0.006250 - momentum: 0.000000
2026-01-03 01:07:49,232 epoch 85 - iter 6/29 - loss 0.10414884 - time (sec): 12.07 - samples/sec: 852.88 - lr: 0.006250 - momentum: 0.000000
2026-01-03 01:07:51,626 epoch 85 - iter 8/29 - loss 0.10404627 - time (sec): 14.47 - samples/sec: 955.21 - lr: 0.006250 - momentum: 0.000000
2026-01-03 01:07:53,810 epoch 85 - iter 10/29 - loss 0.10487814 - time (sec): 16.65 - samples/sec: 1058.97 - lr: 0.006250 - momentum: 0.000000
2026-01-03 01:07:55,263 epoch 85 - iter 12/29 - loss 0.10263388 - time (sec): 18.11 - samples/sec: 1142.27 - lr: 0.006250 - momentum: 0.000000
2026-01-03 01:07:57,431 epoch 85 - iter 14/29 - loss 0.10167395 - time (sec): 20.27 - samples/sec: 1203.21 - lr: 0.006250 - momentum: 0.000000
2026-01-03 01:07:59,749 epoch 85 - iter 16/29 - loss 0.10119515 - time (sec): 22.59 - samples/sec: 1234.06 - lr: 0.006250 - momentum: 0.000000
2026-01-03 01:08:01,520 epoch 85 - iter 18/29 - loss 0.10172193 - time (sec): 24.36 - samples/sec: 1284.69 - lr: 0.006250 - momentum: 0.000000
2026-01-03 01:08:03,445 epoch 85 - iter 20/29 - loss 0.10369012 - time (sec): 26.29 - samples/sec: 1335.20 - lr: 0.006250 - momentum: 0.000000
2026-01-03 01:08:05,463 epoch 85 - iter 22/29 - loss 0.10327676 - time (sec): 28.31 - samples/sec: 1372.06 - lr: 0.006250 - momentum: 0.000000
2026-01-03 01:08:07,466 epoch 85 - iter 24/29 - loss 0.10233553 - time (sec): 30.31 - samples/sec: 1397.50 - lr: 0.006250 - momentum: 0.000000
2026-01-03 01:08:09,807 epoch 85 - iter 26/29 - loss 0.10129727 - time (sec): 32.65 - samples/sec: 1398.73 - lr: 0.006250 - momentum: 0.000000
2026-01-03 01:08:11,763 epoch 85 - iter 28/29 - loss 0.10220124 - time (sec): 34.61 - samples/sec: 1413.09 - lr: 0.006250 - momentum: 0.000000
2026-01-03 01:08:12,526 ----------------------------------------------------------------------------------------------------
2026-01-03 01:08:12,526 EPOCH 85 done: loss 0.1024 - lr: 0.006250
2026-01-03 01:08:16,953 DEV : loss 0.1054832860827446 - f1-score (micro avg)  0.9685
2026-01-03 01:08:16,958  - 3 epochs without improvement
2026-01-03 01:08:16,958 ----------------------------------------------------------------------------------------------------
2026-01-03 01:08:18,949 epoch 86 - iter 2/29 - loss 0.10274970 - time (sec): 1.99 - samples/sec: 1702.70 - lr: 0.006250 - momentum: 0.000000
2026-01-03 01:08:21,223 epoch 86 - iter 4/29 - loss 0.09212840 - time (sec): 4.26 - samples/sec: 1639.81 - lr: 0.006250 - momentum: 0.000000
2026-01-03 01:08:23,108 epoch 86 - iter 6/29 - loss 0.09870974 - time (sec): 6.15 - samples/sec: 1725.69 - lr: 0.006250 - momentum: 0.000000
2026-01-03 01:08:24,909 epoch 86 - iter 8/29 - loss 0.09977608 - time (sec): 7.95 - samples/sec: 1760.99 - lr: 0.006250 - momentum: 0.000000
2026-01-03 01:08:26,497 epoch 86 - iter 10/29 - loss 0.10109947 - time (sec): 9.54 - samples/sec: 1794.23 - lr: 0.006250 - momentum: 0.000000
2026-01-03 01:08:28,779 epoch 86 - iter 12/29 - loss 0.10076907 - time (sec): 11.82 - samples/sec: 1752.66 - lr: 0.006250 - momentum: 0.000000
2026-01-03 01:08:30,850 epoch 86 - iter 14/29 - loss 0.09981142 - time (sec): 13.89 - samples/sec: 1733.48 - lr: 0.006250 - momentum: 0.000000
2026-01-03 01:08:33,016 epoch 86 - iter 16/29 - loss 0.10182608 - time (sec): 16.06 - samples/sec: 1741.15 - lr: 0.006250 - momentum: 0.000000
2026-01-03 01:08:34,624 epoch 86 - iter 18/29 - loss 0.10344062 - time (sec): 17.67 - samples/sec: 1773.37 - lr: 0.006250 - momentum: 0.000000
2026-01-03 01:08:36,360 epoch 86 - iter 20/29 - loss 0.10397462 - time (sec): 19.40 - samples/sec: 1795.45 - lr: 0.006250 - momentum: 0.000000
2026-01-03 01:08:38,008 epoch 86 - iter 22/29 - loss 0.10393970 - time (sec): 21.05 - samples/sec: 1812.54 - lr: 0.006250 - momentum: 0.000000
2026-01-03 01:08:39,961 epoch 86 - iter 24/29 - loss 0.10453621 - time (sec): 23.00 - samples/sec: 1821.64 - lr: 0.006250 - momentum: 0.000000
2026-01-03 01:08:41,745 epoch 86 - iter 26/29 - loss 0.10359263 - time (sec): 24.79 - samples/sec: 1841.83 - lr: 0.006250 - momentum: 0.000000
2026-01-03 01:08:44,226 epoch 86 - iter 28/29 - loss 0.10374608 - time (sec): 27.27 - samples/sec: 1802.99 - lr: 0.006250 - momentum: 0.000000
2026-01-03 01:08:44,820 ----------------------------------------------------------------------------------------------------
2026-01-03 01:08:44,820 EPOCH 86 done: loss 0.1040 - lr: 0.006250
2026-01-03 01:08:48,955 DEV : loss 0.10547620803117752 - f1-score (micro avg)  0.9685
2026-01-03 01:08:48,960  - 4 epochs without improvement (above 'patience')-> annealing learning_rate to [0.003125]
2026-01-03 01:08:48,961 ----------------------------------------------------------------------------------------------------
2026-01-03 01:08:50,586 epoch 87 - iter 2/29 - loss 0.09494242 - time (sec): 1.62 - samples/sec: 1966.21 - lr: 0.003125 - momentum: 0.000000
2026-01-03 01:08:52,540 epoch 87 - iter 4/29 - loss 0.09944206 - time (sec): 3.58 - samples/sec: 1787.55 - lr: 0.003125 - momentum: 0.000000
2026-01-03 01:08:54,760 epoch 87 - iter 6/29 - loss 0.10214882 - time (sec): 5.80 - samples/sec: 1769.29 - lr: 0.003125 - momentum: 0.000000
2026-01-03 01:08:56,954 epoch 87 - iter 8/29 - loss 0.10399254 - time (sec): 7.99 - samples/sec: 1703.73 - lr: 0.003125 - momentum: 0.000000
2026-01-03 01:08:59,024 epoch 87 - iter 10/29 - loss 0.10368011 - time (sec): 10.06 - samples/sec: 1712.13 - lr: 0.003125 - momentum: 0.000000
2026-01-03 01:09:01,331 epoch 87 - iter 12/29 - loss 0.10163551 - time (sec): 12.37 - samples/sec: 1686.88 - lr: 0.003125 - momentum: 0.000000
2026-01-03 01:09:03,129 epoch 87 - iter 14/29 - loss 0.10065907 - time (sec): 14.17 - samples/sec: 1717.30 - lr: 0.003125 - momentum: 0.000000
2026-01-03 01:09:04,783 epoch 87 - iter 16/29 - loss 0.10292929 - time (sec): 15.82 - samples/sec: 1767.84 - lr: 0.003125 - momentum: 0.000000
2026-01-03 01:09:07,087 epoch 87 - iter 18/29 - loss 0.10084237 - time (sec): 18.13 - samples/sec: 1732.29 - lr: 0.003125 - momentum: 0.000000
2026-01-03 01:09:08,534 epoch 87 - iter 20/29 - loss 0.10101576 - time (sec): 19.57 - samples/sec: 1761.30 - lr: 0.003125 - momentum: 0.000000
2026-01-03 01:09:10,447 epoch 87 - iter 22/29 - loss 0.10117668 - time (sec): 21.49 - samples/sec: 1749.83 - lr: 0.003125 - momentum: 0.000000
2026-01-03 01:09:12,468 epoch 87 - iter 24/29 - loss 0.10072502 - time (sec): 23.51 - samples/sec: 1748.30 - lr: 0.003125 - momentum: 0.000000
2026-01-03 01:09:14,447 epoch 87 - iter 26/29 - loss 0.10199856 - time (sec): 25.49 - samples/sec: 1765.88 - lr: 0.003125 - momentum: 0.000000
2026-01-03 01:09:16,078 epoch 87 - iter 28/29 - loss 0.10216542 - time (sec): 27.12 - samples/sec: 1800.79 - lr: 0.003125 - momentum: 0.000000
2026-01-03 01:09:16,815 ----------------------------------------------------------------------------------------------------
2026-01-03 01:09:16,815 EPOCH 87 done: loss 0.1019 - lr: 0.003125
2026-01-03 01:09:20,386 DEV : loss 0.10547106713056564 - f1-score (micro avg)  0.9685
2026-01-03 01:09:20,392  - 1 epochs without improvement
2026-01-03 01:09:20,393 ----------------------------------------------------------------------------------------------------
2026-01-03 01:09:22,298 epoch 88 - iter 2/29 - loss 0.10231232 - time (sec): 1.90 - samples/sec: 1885.67 - lr: 0.003125 - momentum: 0.000000
2026-01-03 01:09:24,372 epoch 88 - iter 4/29 - loss 0.09649293 - time (sec): 3.98 - samples/sec: 1871.56 - lr: 0.003125 - momentum: 0.000000
2026-01-03 01:09:25,877 epoch 88 - iter 6/29 - loss 0.09931900 - time (sec): 5.48 - samples/sec: 1957.58 - lr: 0.003125 - momentum: 0.000000
2026-01-03 01:09:27,921 epoch 88 - iter 8/29 - loss 0.09923996 - time (sec): 7.53 - samples/sec: 1857.10 - lr: 0.003125 - momentum: 0.000000
2026-01-03 01:09:29,844 epoch 88 - iter 10/29 - loss 0.09869319 - time (sec): 9.45 - samples/sec: 1851.94 - lr: 0.003125 - momentum: 0.000000
2026-01-03 01:09:32,006 epoch 88 - iter 12/29 - loss 0.09913809 - time (sec): 11.61 - samples/sec: 1823.54 - lr: 0.003125 - momentum: 0.000000
2026-01-03 01:09:33,920 epoch 88 - iter 14/29 - loss 0.09913882 - time (sec): 13.53 - samples/sec: 1844.44 - lr: 0.003125 - momentum: 0.000000
2026-01-03 01:09:36,122 epoch 88 - iter 16/29 - loss 0.09973687 - time (sec): 15.73 - samples/sec: 1829.03 - lr: 0.003125 - momentum: 0.000000
2026-01-03 01:09:37,989 epoch 88 - iter 18/29 - loss 0.10096161 - time (sec): 17.60 - samples/sec: 1815.61 - lr: 0.003125 - momentum: 0.000000
2026-01-03 01:09:39,747 epoch 88 - iter 20/29 - loss 0.10126505 - time (sec): 19.35 - samples/sec: 1802.50 - lr: 0.003125 - momentum: 0.000000
2026-01-03 01:09:41,593 epoch 88 - iter 22/29 - loss 0.10197012 - time (sec): 21.20 - samples/sec: 1798.46 - lr: 0.003125 - momentum: 0.000000
2026-01-03 01:09:43,972 epoch 88 - iter 24/29 - loss 0.10218551 - time (sec): 23.58 - samples/sec: 1767.13 - lr: 0.003125 - momentum: 0.000000
2026-01-03 01:09:45,835 epoch 88 - iter 26/29 - loss 0.10279641 - time (sec): 25.44 - samples/sec: 1786.37 - lr: 0.003125 - momentum: 0.000000
2026-01-03 01:09:48,120 epoch 88 - iter 28/29 - loss 0.10183495 - time (sec): 27.73 - samples/sec: 1772.88 - lr: 0.003125 - momentum: 0.000000
2026-01-03 01:09:48,561 ----------------------------------------------------------------------------------------------------
2026-01-03 01:09:48,561 EPOCH 88 done: loss 0.1021 - lr: 0.003125
2026-01-03 01:09:52,835 DEV : loss 0.10531245172023773 - f1-score (micro avg)  0.9685
2026-01-03 01:09:52,841  - 2 epochs without improvement
2026-01-03 01:09:52,841 ----------------------------------------------------------------------------------------------------
2026-01-03 01:09:54,537 epoch 89 - iter 2/29 - loss 0.10107967 - time (sec): 1.70 - samples/sec: 1901.74 - lr: 0.003125 - momentum: 0.000000
2026-01-03 01:09:56,857 epoch 89 - iter 4/29 - loss 0.09921427 - time (sec): 4.02 - samples/sec: 1823.15 - lr: 0.003125 - momentum: 0.000000
2026-01-03 01:09:59,875 epoch 89 - iter 6/29 - loss 0.09990465 - time (sec): 7.03 - samples/sec: 1539.52 - lr: 0.003125 - momentum: 0.000000
2026-01-03 01:10:01,901 epoch 89 - iter 8/29 - loss 0.09941553 - time (sec): 9.06 - samples/sec: 1604.80 - lr: 0.003125 - momentum: 0.000000
2026-01-03 01:10:04,053 epoch 89 - iter 10/29 - loss 0.09997937 - time (sec): 11.21 - samples/sec: 1597.53 - lr: 0.003125 - momentum: 0.000000
2026-01-03 01:10:06,155 epoch 89 - iter 12/29 - loss 0.09988996 - time (sec): 13.31 - samples/sec: 1586.78 - lr: 0.003125 - momentum: 0.000000
2026-01-03 01:10:07,955 epoch 89 - iter 14/29 - loss 0.10049706 - time (sec): 15.11 - samples/sec: 1614.05 - lr: 0.003125 - momentum: 0.000000
2026-01-03 01:10:09,710 epoch 89 - iter 16/29 - loss 0.10015354 - time (sec): 16.87 - samples/sec: 1644.17 - lr: 0.003125 - momentum: 0.000000
2026-01-03 01:10:11,558 epoch 89 - iter 18/29 - loss 0.10060102 - time (sec): 18.72 - samples/sec: 1681.22 - lr: 0.003125 - momentum: 0.000000
2026-01-03 01:10:13,674 epoch 89 - iter 20/29 - loss 0.09990453 - time (sec): 20.83 - samples/sec: 1688.58 - lr: 0.003125 - momentum: 0.000000
2026-01-03 01:10:15,814 epoch 89 - iter 22/29 - loss 0.10174906 - time (sec): 22.97 - samples/sec: 1700.74 - lr: 0.003125 - momentum: 0.000000
2026-01-03 01:10:17,602 epoch 89 - iter 24/29 - loss 0.10112170 - time (sec): 24.76 - samples/sec: 1710.01 - lr: 0.003125 - momentum: 0.000000
2026-01-03 01:10:20,317 epoch 89 - iter 26/29 - loss 0.10204388 - time (sec): 27.47 - samples/sec: 1662.97 - lr: 0.003125 - momentum: 0.000000
2026-01-03 01:10:22,020 epoch 89 - iter 28/29 - loss 0.10277413 - time (sec): 29.18 - samples/sec: 1673.42 - lr: 0.003125 - momentum: 0.000000
2026-01-03 01:10:22,852 ----------------------------------------------------------------------------------------------------
2026-01-03 01:10:22,852 EPOCH 89 done: loss 0.1022 - lr: 0.003125
2026-01-03 01:10:26,912 DEV : loss 0.1052393764257431 - f1-score (micro avg)  0.9686
2026-01-03 01:10:26,917  - 3 epochs without improvement
2026-01-03 01:10:26,918 ----------------------------------------------------------------------------------------------------
2026-01-03 01:10:28,539 epoch 90 - iter 2/29 - loss 0.11148819 - time (sec): 1.62 - samples/sec: 2047.46 - lr: 0.003125 - momentum: 0.000000
2026-01-03 01:10:30,714 epoch 90 - iter 4/29 - loss 0.10719613 - time (sec): 3.80 - samples/sec: 1734.75 - lr: 0.003125 - momentum: 0.000000
2026-01-03 01:10:32,529 epoch 90 - iter 6/29 - loss 0.10513093 - time (sec): 5.61 - samples/sec: 1830.10 - lr: 0.003125 - momentum: 0.000000
2026-01-03 01:10:34,217 epoch 90 - iter 8/29 - loss 0.10391449 - time (sec): 7.30 - samples/sec: 1916.73 - lr: 0.003125 - momentum: 0.000000
2026-01-03 01:10:36,299 epoch 90 - iter 10/29 - loss 0.10411970 - time (sec): 9.38 - samples/sec: 1869.57 - lr: 0.003125 - momentum: 0.000000
2026-01-03 01:10:38,384 epoch 90 - iter 12/29 - loss 0.10389661 - time (sec): 11.47 - samples/sec: 1834.60 - lr: 0.003125 - momentum: 0.000000
2026-01-03 01:10:40,026 epoch 90 - iter 14/29 - loss 0.10094298 - time (sec): 13.11 - samples/sec: 1864.02 - lr: 0.003125 - momentum: 0.000000
2026-01-03 01:10:42,215 epoch 90 - iter 16/29 - loss 0.10165470 - time (sec): 15.30 - samples/sec: 1823.88 - lr: 0.003125 - momentum: 0.000000
2026-01-03 01:10:44,287 epoch 90 - iter 18/29 - loss 0.10185000 - time (sec): 17.37 - samples/sec: 1807.44 - lr: 0.003125 - momentum: 0.000000
2026-01-03 01:10:45,848 epoch 90 - iter 20/29 - loss 0.10093408 - time (sec): 18.93 - samples/sec: 1841.38 - lr: 0.003125 - momentum: 0.000000
2026-01-03 01:10:48,049 epoch 90 - iter 22/29 - loss 0.10190728 - time (sec): 21.13 - samples/sec: 1810.08 - lr: 0.003125 - momentum: 0.000000
2026-01-03 01:10:49,671 epoch 90 - iter 24/29 - loss 0.10230997 - time (sec): 22.75 - samples/sec: 1822.53 - lr: 0.003125 - momentum: 0.000000
2026-01-03 01:10:51,448 epoch 90 - iter 26/29 - loss 0.10188840 - time (sec): 24.53 - samples/sec: 1842.61 - lr: 0.003125 - momentum: 0.000000
2026-01-03 01:10:53,296 epoch 90 - iter 28/29 - loss 0.10293439 - time (sec): 26.38 - samples/sec: 1855.97 - lr: 0.003125 - momentum: 0.000000
2026-01-03 01:10:53,991 ----------------------------------------------------------------------------------------------------
2026-01-03 01:10:53,992 EPOCH 90 done: loss 0.1029 - lr: 0.003125
2026-01-03 01:10:57,710 DEV : loss 0.10522253066301346 - f1-score (micro avg)  0.9686
2026-01-03 01:10:57,715  - 4 epochs without improvement (above 'patience')-> annealing learning_rate to [0.0015625]
2026-01-03 01:10:57,717 ----------------------------------------------------------------------------------------------------
2026-01-03 01:11:00,295 epoch 91 - iter 2/29 - loss 0.11813253 - time (sec): 2.58 - samples/sec: 1429.14 - lr: 0.001563 - momentum: 0.000000
2026-01-03 01:11:02,215 epoch 91 - iter 4/29 - loss 0.11272264 - time (sec): 4.50 - samples/sec: 1619.29 - lr: 0.001563 - momentum: 0.000000
2026-01-03 01:11:03,994 epoch 91 - iter 6/29 - loss 0.11068455 - time (sec): 6.28 - samples/sec: 1709.66 - lr: 0.001563 - momentum: 0.000000
2026-01-03 01:11:05,447 epoch 91 - iter 8/29 - loss 0.10388031 - time (sec): 7.73 - samples/sec: 1846.45 - lr: 0.001563 - momentum: 0.000000
2026-01-03 01:11:06,810 epoch 91 - iter 10/29 - loss 0.10475578 - time (sec): 9.09 - samples/sec: 1934.10 - lr: 0.001563 - momentum: 0.000000
2026-01-03 01:11:08,345 epoch 91 - iter 12/29 - loss 0.10434083 - time (sec): 10.63 - samples/sec: 1994.91 - lr: 0.001563 - momentum: 0.000000
2026-01-03 01:11:09,976 epoch 91 - iter 14/29 - loss 0.10271950 - time (sec): 12.26 - samples/sec: 2004.88 - lr: 0.001563 - momentum: 0.000000
2026-01-03 01:11:11,461 epoch 91 - iter 16/29 - loss 0.10252616 - time (sec): 13.74 - samples/sec: 2031.63 - lr: 0.001563 - momentum: 0.000000
2026-01-03 01:11:13,521 epoch 91 - iter 18/29 - loss 0.10249401 - time (sec): 15.80 - samples/sec: 1990.12 - lr: 0.001563 - momentum: 0.000000
2026-01-03 01:11:15,105 epoch 91 - iter 20/29 - loss 0.10197224 - time (sec): 17.39 - samples/sec: 1994.11 - lr: 0.001563 - momentum: 0.000000
2026-01-03 01:11:16,949 epoch 91 - iter 22/29 - loss 0.10233377 - time (sec): 19.23 - samples/sec: 1972.83 - lr: 0.001563 - momentum: 0.000000
2026-01-03 01:11:18,301 epoch 91 - iter 24/29 - loss 0.10255129 - time (sec): 20.58 - samples/sec: 2006.73 - lr: 0.001563 - momentum: 0.000000
2026-01-03 01:11:19,733 epoch 91 - iter 26/29 - loss 0.10212344 - time (sec): 22.02 - samples/sec: 2046.02 - lr: 0.001563 - momentum: 0.000000
2026-01-03 01:11:21,670 epoch 91 - iter 28/29 - loss 0.10383460 - time (sec): 23.95 - samples/sec: 2046.12 - lr: 0.001563 - momentum: 0.000000
2026-01-03 01:11:22,288 ----------------------------------------------------------------------------------------------------
2026-01-03 01:11:22,288 EPOCH 91 done: loss 0.1037 - lr: 0.001563
2026-01-03 01:11:25,302 DEV : loss 0.10516347736120224 - f1-score (micro avg)  0.9684
2026-01-03 01:11:25,307  - 1 epochs without improvement
2026-01-03 01:11:25,308 ----------------------------------------------------------------------------------------------------
2026-01-03 01:11:26,831 epoch 92 - iter 2/29 - loss 0.09485059 - time (sec): 1.52 - samples/sec: 2212.94 - lr: 0.001563 - momentum: 0.000000
2026-01-03 01:11:28,283 epoch 92 - iter 4/29 - loss 0.09092924 - time (sec): 2.98 - samples/sec: 2257.01 - lr: 0.001563 - momentum: 0.000000
2026-01-03 01:11:30,313 epoch 92 - iter 6/29 - loss 0.10357414 - time (sec): 5.01 - samples/sec: 2060.53 - lr: 0.001563 - momentum: 0.000000
2026-01-03 01:11:31,730 epoch 92 - iter 8/29 - loss 0.10092016 - time (sec): 6.42 - samples/sec: 2131.32 - lr: 0.001563 - momentum: 0.000000
2026-01-03 01:11:33,363 epoch 92 - iter 10/29 - loss 0.09931808 - time (sec): 8.05 - samples/sec: 2156.01 - lr: 0.001563 - momentum: 0.000000
2026-01-03 01:11:34,987 epoch 92 - iter 12/29 - loss 0.10009423 - time (sec): 9.68 - samples/sec: 2166.26 - lr: 0.001563 - momentum: 0.000000
2026-01-03 01:11:36,670 epoch 92 - iter 14/29 - loss 0.10013129 - time (sec): 11.36 - samples/sec: 2163.01 - lr: 0.001563 - momentum: 0.000000
2026-01-03 01:11:37,861 epoch 92 - iter 16/29 - loss 0.10190681 - time (sec): 12.55 - samples/sec: 2192.20 - lr: 0.001563 - momentum: 0.000000
2026-01-03 01:11:39,385 epoch 92 - iter 18/29 - loss 0.10365690 - time (sec): 14.08 - samples/sec: 2194.03 - lr: 0.001563 - momentum: 0.000000
2026-01-03 01:11:41,017 epoch 92 - iter 20/29 - loss 0.10363482 - time (sec): 15.71 - samples/sec: 2191.56 - lr: 0.001563 - momentum: 0.000000
2026-01-03 01:11:42,557 epoch 92 - iter 22/29 - loss 0.10404644 - time (sec): 17.25 - samples/sec: 2202.32 - lr: 0.001563 - momentum: 0.000000
2026-01-03 01:11:44,079 epoch 92 - iter 24/29 - loss 0.10446344 - time (sec): 18.77 - samples/sec: 2209.83 - lr: 0.001563 - momentum: 0.000000
2026-01-03 01:11:45,742 epoch 92 - iter 26/29 - loss 0.10320961 - time (sec): 20.43 - samples/sec: 2209.21 - lr: 0.001563 - momentum: 0.000000
2026-01-03 01:11:47,772 epoch 92 - iter 28/29 - loss 0.10408916 - time (sec): 22.46 - samples/sec: 2188.63 - lr: 0.001563 - momentum: 0.000000
2026-01-03 01:11:48,297 ----------------------------------------------------------------------------------------------------
2026-01-03 01:11:48,297 EPOCH 92 done: loss 0.1041 - lr: 0.001563
2026-01-03 01:11:51,672 DEV : loss 0.10521159321069717 - f1-score (micro avg)  0.9685
2026-01-03 01:11:51,677  - 2 epochs without improvement
2026-01-03 01:11:51,678 ----------------------------------------------------------------------------------------------------
2026-01-03 01:11:52,875 epoch 93 - iter 2/29 - loss 0.11114001 - time (sec): 1.20 - samples/sec: 2471.20 - lr: 0.001563 - momentum: 0.000000
2026-01-03 01:11:54,329 epoch 93 - iter 4/29 - loss 0.10502469 - time (sec): 2.65 - samples/sec: 2431.93 - lr: 0.001563 - momentum: 0.000000
2026-01-03 01:11:55,849 epoch 93 - iter 6/29 - loss 0.09918234 - time (sec): 4.17 - samples/sec: 2397.36 - lr: 0.001563 - momentum: 0.000000
2026-01-03 01:11:57,209 epoch 93 - iter 8/29 - loss 0.09913536 - time (sec): 5.53 - samples/sec: 2413.56 - lr: 0.001563 - momentum: 0.000000
2026-01-03 01:11:58,627 epoch 93 - iter 10/29 - loss 0.10015601 - time (sec): 6.95 - samples/sec: 2386.71 - lr: 0.001563 - momentum: 0.000000
2026-01-03 01:12:02,098 epoch 93 - iter 12/29 - loss 0.09940640 - time (sec): 10.42 - samples/sec: 1935.75 - lr: 0.001563 - momentum: 0.000000
2026-01-03 01:12:03,597 epoch 93 - iter 14/29 - loss 0.10228062 - time (sec): 11.92 - samples/sec: 1963.41 - lr: 0.001563 - momentum: 0.000000
2026-01-03 01:12:05,455 epoch 93 - iter 16/29 - loss 0.10185620 - time (sec): 13.78 - samples/sec: 1995.48 - lr: 0.001563 - momentum: 0.000000
2026-01-03 01:12:07,017 epoch 93 - iter 18/29 - loss 0.10194587 - time (sec): 15.34 - samples/sec: 2036.04 - lr: 0.001563 - momentum: 0.000000
2026-01-03 01:12:08,574 epoch 93 - iter 20/29 - loss 0.10129950 - time (sec): 16.90 - samples/sec: 2046.97 - lr: 0.001563 - momentum: 0.000000
2026-01-03 01:12:10,325 epoch 93 - iter 22/29 - loss 0.10033465 - time (sec): 18.65 - samples/sec: 2059.50 - lr: 0.001563 - momentum: 0.000000
2026-01-03 01:12:12,554 epoch 93 - iter 24/29 - loss 0.09970598 - time (sec): 20.88 - samples/sec: 1999.96 - lr: 0.001563 - momentum: 0.000000
2026-01-03 01:12:14,173 epoch 93 - iter 26/29 - loss 0.09932987 - time (sec): 22.49 - samples/sec: 2013.92 - lr: 0.001563 - momentum: 0.000000
2026-01-03 01:12:15,723 epoch 93 - iter 28/29 - loss 0.10032119 - time (sec): 24.05 - samples/sec: 2026.52 - lr: 0.001563 - momentum: 0.000000
2026-01-03 01:12:16,500 ----------------------------------------------------------------------------------------------------
2026-01-03 01:12:16,500 EPOCH 93 done: loss 0.1004 - lr: 0.001563
2026-01-03 01:12:19,869 DEV : loss 0.1051485538482666 - f1-score (micro avg)  0.9685
2026-01-03 01:12:19,874  - 3 epochs without improvement
2026-01-03 01:12:19,875 ----------------------------------------------------------------------------------------------------
2026-01-03 01:12:21,710 epoch 94 - iter 2/29 - loss 0.10265163 - time (sec): 1.83 - samples/sec: 2156.07 - lr: 0.001563 - momentum: 0.000000
2026-01-03 01:12:23,219 epoch 94 - iter 4/29 - loss 0.10576374 - time (sec): 3.34 - samples/sec: 2215.64 - lr: 0.001563 - momentum: 0.000000
2026-01-03 01:12:24,946 epoch 94 - iter 6/29 - loss 0.10306691 - time (sec): 5.07 - samples/sec: 2161.53 - lr: 0.001563 - momentum: 0.000000
2026-01-03 01:12:26,524 epoch 94 - iter 8/29 - loss 0.10050253 - time (sec): 6.65 - samples/sec: 2166.20 - lr: 0.001563 - momentum: 0.000000
2026-01-03 01:12:27,780 epoch 94 - iter 10/29 - loss 0.09865238 - time (sec): 7.91 - samples/sec: 2222.11 - lr: 0.001563 - momentum: 0.000000
2026-01-03 01:12:29,568 epoch 94 - iter 12/29 - loss 0.09828727 - time (sec): 9.69 - samples/sec: 2180.56 - lr: 0.001563 - momentum: 0.000000
2026-01-03 01:12:31,146 epoch 94 - iter 14/29 - loss 0.09735913 - time (sec): 11.27 - samples/sec: 2189.51 - lr: 0.001563 - momentum: 0.000000
2026-01-03 01:12:32,843 epoch 94 - iter 16/29 - loss 0.09646966 - time (sec): 12.97 - samples/sec: 2180.73 - lr: 0.001563 - momentum: 0.000000
2026-01-03 01:12:34,944 epoch 94 - iter 18/29 - loss 0.09778337 - time (sec): 15.07 - samples/sec: 2102.40 - lr: 0.001563 - momentum: 0.000000
2026-01-03 01:12:36,253 epoch 94 - iter 20/29 - loss 0.09749717 - time (sec): 16.38 - samples/sec: 2133.52 - lr: 0.001563 - momentum: 0.000000
2026-01-03 01:12:37,811 epoch 94 - iter 22/29 - loss 0.09836640 - time (sec): 17.94 - samples/sec: 2144.29 - lr: 0.001563 - momentum: 0.000000
2026-01-03 01:12:39,233 epoch 94 - iter 24/29 - loss 0.09931774 - time (sec): 19.36 - samples/sec: 2151.85 - lr: 0.001563 - momentum: 0.000000
2026-01-03 01:12:40,827 epoch 94 - iter 26/29 - loss 0.10089429 - time (sec): 20.95 - samples/sec: 2170.57 - lr: 0.001563 - momentum: 0.000000
2026-01-03 01:12:42,639 epoch 94 - iter 28/29 - loss 0.10059647 - time (sec): 22.76 - samples/sec: 2161.95 - lr: 0.001563 - momentum: 0.000000
2026-01-03 01:12:43,042 ----------------------------------------------------------------------------------------------------
2026-01-03 01:12:43,042 EPOCH 94 done: loss 0.1006 - lr: 0.001563
2026-01-03 01:12:46,188 DEV : loss 0.10522226989269257 - f1-score (micro avg)  0.9686
2026-01-03 01:12:46,193  - 4 epochs without improvement (above 'patience')-> annealing learning_rate to [0.00078125]
2026-01-03 01:12:46,194 ----------------------------------------------------------------------------------------------------
2026-01-03 01:12:47,651 epoch 95 - iter 2/29 - loss 0.09655765 - time (sec): 1.46 - samples/sec: 2576.71 - lr: 0.000781 - momentum: 0.000000
2026-01-03 01:12:49,197 epoch 95 - iter 4/29 - loss 0.09675758 - time (sec): 3.00 - samples/sec: 2309.26 - lr: 0.000781 - momentum: 0.000000
2026-01-03 01:12:51,363 epoch 95 - iter 6/29 - loss 0.09824475 - time (sec): 5.17 - samples/sec: 2052.03 - lr: 0.000781 - momentum: 0.000000
2026-01-03 01:12:52,908 epoch 95 - iter 8/29 - loss 0.09994960 - time (sec): 6.71 - samples/sec: 2149.51 - lr: 0.000781 - momentum: 0.000000
2026-01-03 01:12:54,505 epoch 95 - iter 10/29 - loss 0.10094433 - time (sec): 8.31 - samples/sec: 2144.63 - lr: 0.000781 - momentum: 0.000000
2026-01-03 01:12:55,947 epoch 95 - iter 12/29 - loss 0.10138015 - time (sec): 9.75 - samples/sec: 2147.08 - lr: 0.000781 - momentum: 0.000000
2026-01-03 01:12:57,695 epoch 95 - iter 14/29 - loss 0.10213829 - time (sec): 11.50 - samples/sec: 2135.63 - lr: 0.000781 - momentum: 0.000000
2026-01-03 01:12:59,514 epoch 95 - iter 16/29 - loss 0.10218297 - time (sec): 13.32 - samples/sec: 2122.96 - lr: 0.000781 - momentum: 0.000000
2026-01-03 01:13:01,765 epoch 95 - iter 18/29 - loss 0.10311167 - time (sec): 15.57 - samples/sec: 2030.81 - lr: 0.000781 - momentum: 0.000000
2026-01-03 01:13:03,696 epoch 95 - iter 20/29 - loss 0.10176782 - time (sec): 17.50 - samples/sec: 2008.36 - lr: 0.000781 - momentum: 0.000000
2026-01-03 01:13:05,392 epoch 95 - iter 22/29 - loss 0.09993932 - time (sec): 19.20 - samples/sec: 2002.11 - lr: 0.000781 - momentum: 0.000000
2026-01-03 01:13:06,950 epoch 95 - iter 24/29 - loss 0.09919228 - time (sec): 20.76 - samples/sec: 2019.42 - lr: 0.000781 - momentum: 0.000000
2026-01-03 01:13:08,343 epoch 95 - iter 26/29 - loss 0.09818149 - time (sec): 22.15 - samples/sec: 2033.32 - lr: 0.000781 - momentum: 0.000000
2026-01-03 01:13:10,227 epoch 95 - iter 28/29 - loss 0.09815087 - time (sec): 24.03 - samples/sec: 2033.47 - lr: 0.000781 - momentum: 0.000000
2026-01-03 01:13:10,796 ----------------------------------------------------------------------------------------------------
2026-01-03 01:13:10,796 EPOCH 95 done: loss 0.0980 - lr: 0.000781
2026-01-03 01:13:13,978 DEV : loss 0.10526665300130844 - f1-score (micro avg)  0.9685
2026-01-03 01:13:13,984  - 1 epochs without improvement
2026-01-03 01:13:13,984 ----------------------------------------------------------------------------------------------------
2026-01-03 01:13:15,539 epoch 96 - iter 2/29 - loss 0.10319000 - time (sec): 1.55 - samples/sec: 2068.25 - lr: 0.000781 - momentum: 0.000000
2026-01-03 01:13:17,052 epoch 96 - iter 4/29 - loss 0.10380902 - time (sec): 3.07 - samples/sec: 2100.61 - lr: 0.000781 - momentum: 0.000000
2026-01-03 01:13:18,838 epoch 96 - iter 6/29 - loss 0.09903502 - time (sec): 4.85 - samples/sec: 2095.91 - lr: 0.000781 - momentum: 0.000000
2026-01-03 01:13:20,694 epoch 96 - iter 8/29 - loss 0.09600015 - time (sec): 6.71 - samples/sec: 2172.81 - lr: 0.000781 - momentum: 0.000000
2026-01-03 01:13:22,400 epoch 96 - iter 10/29 - loss 0.09388899 - time (sec): 8.42 - samples/sec: 2125.68 - lr: 0.000781 - momentum: 0.000000
2026-01-03 01:13:24,087 epoch 96 - iter 12/29 - loss 0.09623947 - time (sec): 10.10 - samples/sec: 2110.95 - lr: 0.000781 - momentum: 0.000000
2026-01-03 01:13:25,289 epoch 96 - iter 14/29 - loss 0.09782173 - time (sec): 11.30 - samples/sec: 2167.53 - lr: 0.000781 - momentum: 0.000000
2026-01-03 01:13:26,533 epoch 96 - iter 16/29 - loss 0.09730647 - time (sec): 12.55 - samples/sec: 2210.27 - lr: 0.000781 - momentum: 0.000000
2026-01-03 01:13:28,048 epoch 96 - iter 18/29 - loss 0.09881309 - time (sec): 14.06 - samples/sec: 2231.04 - lr: 0.000781 - momentum: 0.000000
2026-01-03 01:13:29,474 epoch 96 - iter 20/29 - loss 0.10031359 - time (sec): 15.49 - samples/sec: 2251.35 - lr: 0.000781 - momentum: 0.000000
2026-01-03 01:13:31,530 epoch 96 - iter 22/29 - loss 0.10166729 - time (sec): 17.55 - samples/sec: 2181.98 - lr: 0.000781 - momentum: 0.000000
2026-01-03 01:13:33,519 epoch 96 - iter 24/29 - loss 0.10182528 - time (sec): 19.53 - samples/sec: 2145.16 - lr: 0.000781 - momentum: 0.000000
2026-01-03 01:13:34,836 epoch 96 - iter 26/29 - loss 0.10200290 - time (sec): 20.85 - samples/sec: 2167.71 - lr: 0.000781 - momentum: 0.000000
2026-01-03 01:13:36,578 epoch 96 - iter 28/29 - loss 0.10252536 - time (sec): 22.59 - samples/sec: 2157.33 - lr: 0.000781 - momentum: 0.000000
2026-01-03 01:13:37,557 ----------------------------------------------------------------------------------------------------
2026-01-03 01:13:37,557 EPOCH 96 done: loss 0.1022 - lr: 0.000781
2026-01-03 01:13:40,745 DEV : loss 0.10522407293319702 - f1-score (micro avg)  0.9686
2026-01-03 01:13:40,752  - 2 epochs without improvement
2026-01-03 01:13:40,753 ----------------------------------------------------------------------------------------------------
2026-01-03 01:13:42,371 epoch 97 - iter 2/29 - loss 0.10648435 - time (sec): 1.62 - samples/sec: 1964.52 - lr: 0.000781 - momentum: 0.000000
2026-01-03 01:13:44,141 epoch 97 - iter 4/29 - loss 0.10478547 - time (sec): 3.39 - samples/sec: 1955.45 - lr: 0.000781 - momentum: 0.000000
2026-01-03 01:13:45,798 epoch 97 - iter 6/29 - loss 0.11135586 - time (sec): 5.04 - samples/sec: 1968.57 - lr: 0.000781 - momentum: 0.000000
2026-01-03 01:13:47,244 epoch 97 - iter 8/29 - loss 0.10895293 - time (sec): 6.49 - samples/sec: 2038.60 - lr: 0.000781 - momentum: 0.000000
2026-01-03 01:13:49,052 epoch 97 - iter 10/29 - loss 0.10657100 - time (sec): 8.30 - samples/sec: 2043.15 - lr: 0.000781 - momentum: 0.000000
2026-01-03 01:13:50,734 epoch 97 - iter 12/29 - loss 0.10272473 - time (sec): 9.98 - samples/sec: 2106.42 - lr: 0.000781 - momentum: 0.000000
2026-01-03 01:13:52,667 epoch 97 - iter 14/29 - loss 0.10107289 - time (sec): 11.91 - samples/sec: 2069.37 - lr: 0.000781 - momentum: 0.000000
2026-01-03 01:13:54,347 epoch 97 - iter 16/29 - loss 0.09974292 - time (sec): 13.59 - samples/sec: 2075.37 - lr: 0.000781 - momentum: 0.000000
2026-01-03 01:13:55,644 epoch 97 - iter 18/29 - loss 0.09861310 - time (sec): 14.89 - samples/sec: 2109.38 - lr: 0.000781 - momentum: 0.000000
2026-01-03 01:13:56,896 epoch 97 - iter 20/29 - loss 0.09930189 - time (sec): 16.14 - samples/sec: 2146.19 - lr: 0.000781 - momentum: 0.000000
2026-01-03 01:13:58,365 epoch 97 - iter 22/29 - loss 0.10042956 - time (sec): 17.61 - samples/sec: 2158.71 - lr: 0.000781 - momentum: 0.000000
2026-01-03 01:14:01,307 epoch 97 - iter 24/29 - loss 0.09997310 - time (sec): 20.55 - samples/sec: 2026.92 - lr: 0.000781 - momentum: 0.000000
2026-01-03 01:14:03,168 epoch 97 - iter 26/29 - loss 0.10129255 - time (sec): 22.41 - samples/sec: 2019.73 - lr: 0.000781 - momentum: 0.000000
2026-01-03 01:14:04,985 epoch 97 - iter 28/29 - loss 0.10124217 - time (sec): 24.23 - samples/sec: 2020.27 - lr: 0.000781 - momentum: 0.000000
2026-01-03 01:14:05,547 ----------------------------------------------------------------------------------------------------
2026-01-03 01:14:05,547 EPOCH 97 done: loss 0.1015 - lr: 0.000781
2026-01-03 01:14:09,377 DEV : loss 0.10526613891124725 - f1-score (micro avg)  0.9686
2026-01-03 01:14:09,383  - 3 epochs without improvement
2026-01-03 01:14:09,384 ----------------------------------------------------------------------------------------------------
2026-01-03 01:14:10,912 epoch 98 - iter 2/29 - loss 0.10568455 - time (sec): 1.53 - samples/sec: 2227.20 - lr: 0.000781 - momentum: 0.000000
2026-01-03 01:14:12,330 epoch 98 - iter 4/29 - loss 0.10526119 - time (sec): 2.95 - samples/sec: 2328.37 - lr: 0.000781 - momentum: 0.000000
2026-01-03 01:14:13,992 epoch 98 - iter 6/29 - loss 0.10339550 - time (sec): 4.61 - samples/sec: 2180.49 - lr: 0.000781 - momentum: 0.000000
2026-01-03 01:14:15,610 epoch 98 - iter 8/29 - loss 0.10152214 - time (sec): 6.23 - samples/sec: 2222.83 - lr: 0.000781 - momentum: 0.000000
2026-01-03 01:14:17,264 epoch 98 - iter 10/29 - loss 0.09959187 - time (sec): 7.88 - samples/sec: 2222.31 - lr: 0.000781 - momentum: 0.000000
2026-01-03 01:14:18,759 epoch 98 - iter 12/29 - loss 0.09888985 - time (sec): 9.37 - samples/sec: 2201.41 - lr: 0.000781 - momentum: 0.000000
2026-01-03 01:14:20,544 epoch 98 - iter 14/29 - loss 0.09912040 - time (sec): 11.16 - samples/sec: 2155.69 - lr: 0.000781 - momentum: 0.000000
2026-01-03 01:14:22,521 epoch 98 - iter 16/29 - loss 0.09930714 - time (sec): 13.14 - samples/sec: 2100.85 - lr: 0.000781 - momentum: 0.000000
2026-01-03 01:14:24,406 epoch 98 - iter 18/29 - loss 0.09891984 - time (sec): 15.02 - samples/sec: 2083.03 - lr: 0.000781 - momentum: 0.000000
2026-01-03 01:14:26,032 epoch 98 - iter 20/29 - loss 0.09932690 - time (sec): 16.65 - samples/sec: 2092.46 - lr: 0.000781 - momentum: 0.000000
2026-01-03 01:14:27,669 epoch 98 - iter 22/29 - loss 0.09987137 - time (sec): 18.29 - samples/sec: 2099.21 - lr: 0.000781 - momentum: 0.000000
2026-01-03 01:14:29,311 epoch 98 - iter 24/29 - loss 0.10170685 - time (sec): 19.93 - samples/sec: 2098.84 - lr: 0.000781 - momentum: 0.000000
2026-01-03 01:14:30,689 epoch 98 - iter 26/29 - loss 0.10141697 - time (sec): 21.30 - samples/sec: 2133.56 - lr: 0.000781 - momentum: 0.000000
2026-01-03 01:14:32,096 epoch 98 - iter 28/29 - loss 0.10206402 - time (sec): 22.71 - samples/sec: 2146.83 - lr: 0.000781 - momentum: 0.000000
2026-01-03 01:14:32,888 ----------------------------------------------------------------------------------------------------
2026-01-03 01:14:32,888 EPOCH 98 done: loss 0.1019 - lr: 0.000781
2026-01-03 01:14:36,290 DEV : loss 0.10528826713562012 - f1-score (micro avg)  0.9686
2026-01-03 01:14:36,297  - 4 epochs without improvement (above 'patience')-> annealing learning_rate to [0.000390625]
2026-01-03 01:14:36,299 ----------------------------------------------------------------------------------------------------
2026-01-03 01:14:37,649 epoch 99 - iter 2/29 - loss 0.10321785 - time (sec): 1.35 - samples/sec: 2546.04 - lr: 0.000391 - momentum: 0.000000
2026-01-03 01:14:38,979 epoch 99 - iter 4/29 - loss 0.09808494 - time (sec): 2.68 - samples/sec: 2534.45 - lr: 0.000391 - momentum: 0.000000
2026-01-03 01:14:40,832 epoch 99 - iter 6/29 - loss 0.09796245 - time (sec): 4.53 - samples/sec: 2289.29 - lr: 0.000391 - momentum: 0.000000
2026-01-03 01:14:42,645 epoch 99 - iter 8/29 - loss 0.09909241 - time (sec): 6.35 - samples/sec: 2175.56 - lr: 0.000391 - momentum: 0.000000
2026-01-03 01:14:44,050 epoch 99 - iter 10/29 - loss 0.09912160 - time (sec): 7.75 - samples/sec: 2223.91 - lr: 0.000391 - momentum: 0.000000
2026-01-03 01:14:45,821 epoch 99 - iter 12/29 - loss 0.09901326 - time (sec): 9.52 - samples/sec: 2189.49 - lr: 0.000391 - momentum: 0.000000
2026-01-03 01:14:47,624 epoch 99 - iter 14/29 - loss 0.10095518 - time (sec): 11.32 - samples/sec: 2173.60 - lr: 0.000391 - momentum: 0.000000
2026-01-03 01:14:49,241 epoch 99 - iter 16/29 - loss 0.10021205 - time (sec): 12.94 - samples/sec: 2175.71 - lr: 0.000391 - momentum: 0.000000
2026-01-03 01:14:50,953 epoch 99 - iter 18/29 - loss 0.10039367 - time (sec): 14.65 - samples/sec: 2189.91 - lr: 0.000391 - momentum: 0.000000
2026-01-03 01:14:52,564 epoch 99 - iter 20/29 - loss 0.10064357 - time (sec): 16.26 - samples/sec: 2193.00 - lr: 0.000391 - momentum: 0.000000
2026-01-03 01:14:54,369 epoch 99 - iter 22/29 - loss 0.10081793 - time (sec): 18.07 - samples/sec: 2168.08 - lr: 0.000391 - momentum: 0.000000
2026-01-03 01:14:56,005 epoch 99 - iter 24/29 - loss 0.10145937 - time (sec): 19.71 - samples/sec: 2163.40 - lr: 0.000391 - momentum: 0.000000
2026-01-03 01:14:57,412 epoch 99 - iter 26/29 - loss 0.10161392 - time (sec): 21.11 - samples/sec: 2178.62 - lr: 0.000391 - momentum: 0.000000
2026-01-03 01:14:59,309 epoch 99 - iter 28/29 - loss 0.10089351 - time (sec): 23.01 - samples/sec: 2132.63 - lr: 0.000391 - momentum: 0.000000
2026-01-03 01:14:59,828 ----------------------------------------------------------------------------------------------------
2026-01-03 01:14:59,828 EPOCH 99 done: loss 0.1014 - lr: 0.000391
2026-01-03 01:15:04,077 DEV : loss 0.10529688000679016 - f1-score (micro avg)  0.9686
2026-01-03 01:15:04,082  - 1 epochs without improvement
2026-01-03 01:15:04,087 ----------------------------------------------------------------------------------------------------
2026-01-03 01:15:05,560 epoch 100 - iter 2/29 - loss 0.10402360 - time (sec): 1.47 - samples/sec: 2358.35 - lr: 0.000391 - momentum: 0.000000
2026-01-03 01:15:07,430 epoch 100 - iter 4/29 - loss 0.10818427 - time (sec): 3.34 - samples/sec: 2063.98 - lr: 0.000391 - momentum: 0.000000
2026-01-03 01:15:09,044 epoch 100 - iter 6/29 - loss 0.10722896 - time (sec): 4.96 - samples/sec: 2050.71 - lr: 0.000391 - momentum: 0.000000
2026-01-03 01:15:10,781 epoch 100 - iter 8/29 - loss 0.10746783 - time (sec): 6.69 - samples/sec: 2069.96 - lr: 0.000391 - momentum: 0.000000
2026-01-03 01:15:12,255 epoch 100 - iter 10/29 - loss 0.10650993 - time (sec): 8.17 - samples/sec: 2131.45 - lr: 0.000391 - momentum: 0.000000
2026-01-03 01:15:13,858 epoch 100 - iter 12/29 - loss 0.10428997 - time (sec): 9.77 - samples/sec: 2125.23 - lr: 0.000391 - momentum: 0.000000
2026-01-03 01:15:15,374 epoch 100 - iter 14/29 - loss 0.10397973 - time (sec): 11.29 - samples/sec: 2136.15 - lr: 0.000391 - momentum: 0.000000
2026-01-03 01:15:17,067 epoch 100 - iter 16/29 - loss 0.10491256 - time (sec): 12.98 - samples/sec: 2136.95 - lr: 0.000391 - momentum: 0.000000
2026-01-03 01:15:18,549 epoch 100 - iter 18/29 - loss 0.10524739 - time (sec): 14.46 - samples/sec: 2153.63 - lr: 0.000391 - momentum: 0.000000
2026-01-03 01:15:20,268 epoch 100 - iter 20/29 - loss 0.10395983 - time (sec): 16.18 - samples/sec: 2162.01 - lr: 0.000391 - momentum: 0.000000
2026-01-03 01:15:22,153 epoch 100 - iter 22/29 - loss 0.10354395 - time (sec): 18.07 - samples/sec: 2145.31 - lr: 0.000391 - momentum: 0.000000
2026-01-03 01:15:23,375 epoch 100 - iter 24/29 - loss 0.10285791 - time (sec): 19.29 - samples/sec: 2175.46 - lr: 0.000391 - momentum: 0.000000
2026-01-03 01:15:25,144 epoch 100 - iter 26/29 - loss 0.10228291 - time (sec): 21.06 - samples/sec: 2155.46 - lr: 0.000391 - momentum: 0.000000
2026-01-03 01:15:26,678 epoch 100 - iter 28/29 - loss 0.10302617 - time (sec): 22.59 - samples/sec: 2163.53 - lr: 0.000391 - momentum: 0.000000
2026-01-03 01:15:27,223 ----------------------------------------------------------------------------------------------------
2026-01-03 01:15:27,223 EPOCH 100 done: loss 0.1026 - lr: 0.000391
2026-01-03 01:15:30,290 DEV : loss 0.10528414696455002 - f1-score (micro avg)  0.9686
2026-01-03 01:15:30,296  - 2 epochs without improvement
2026-01-03 01:15:30,297 ----------------------------------------------------------------------------------------------------
2026-01-03 01:15:31,646 epoch 101 - iter 2/29 - loss 0.08831492 - time (sec): 1.35 - samples/sec: 2563.49 - lr: 0.000391 - momentum: 0.000000
2026-01-03 01:15:33,027 epoch 101 - iter 4/29 - loss 0.09781241 - time (sec): 2.73 - samples/sec: 2483.13 - lr: 0.000391 - momentum: 0.000000
2026-01-03 01:15:34,416 epoch 101 - iter 6/29 - loss 0.09740790 - time (sec): 4.12 - samples/sec: 2462.90 - lr: 0.000391 - momentum: 0.000000
2026-01-03 01:15:36,049 epoch 101 - iter 8/29 - loss 0.09991320 - time (sec): 5.75 - samples/sec: 2394.98 - lr: 0.000391 - momentum: 0.000000
2026-01-03 01:15:37,349 epoch 101 - iter 10/29 - loss 0.10068983 - time (sec): 7.05 - samples/sec: 2401.82 - lr: 0.000391 - momentum: 0.000000
2026-01-03 01:15:38,845 epoch 101 - iter 12/29 - loss 0.10035928 - time (sec): 8.55 - samples/sec: 2411.48 - lr: 0.000391 - momentum: 0.000000
2026-01-03 01:15:40,939 epoch 101 - iter 14/29 - loss 0.10114042 - time (sec): 10.64 - samples/sec: 2302.34 - lr: 0.000391 - momentum: 0.000000
2026-01-03 01:15:42,456 epoch 101 - iter 16/29 - loss 0.10113253 - time (sec): 12.16 - samples/sec: 2320.34 - lr: 0.000391 - momentum: 0.000000
2026-01-03 01:15:43,943 epoch 101 - iter 18/29 - loss 0.10159771 - time (sec): 13.65 - samples/sec: 2329.30 - lr: 0.000391 - momentum: 0.000000
2026-01-03 01:15:45,694 epoch 101 - iter 20/29 - loss 0.10192307 - time (sec): 15.40 - samples/sec: 2293.18 - lr: 0.000391 - momentum: 0.000000
2026-01-03 01:15:47,106 epoch 101 - iter 22/29 - loss 0.10132205 - time (sec): 16.81 - samples/sec: 2292.55 - lr: 0.000391 - momentum: 0.000000
2026-01-03 01:15:48,489 epoch 101 - iter 24/29 - loss 0.10039490 - time (sec): 18.19 - samples/sec: 2295.43 - lr: 0.000391 - momentum: 0.000000
2026-01-03 01:15:50,148 epoch 101 - iter 26/29 - loss 0.10008083 - time (sec): 19.85 - samples/sec: 2286.60 - lr: 0.000391 - momentum: 0.000000
2026-01-03 01:15:51,949 epoch 101 - iter 28/29 - loss 0.09962965 - time (sec): 21.65 - samples/sec: 2255.57 - lr: 0.000391 - momentum: 0.000000
2026-01-03 01:15:52,650 ----------------------------------------------------------------------------------------------------
2026-01-03 01:15:52,651 EPOCH 101 done: loss 0.1001 - lr: 0.000391
2026-01-03 01:15:56,024 DEV : loss 0.1052827313542366 - f1-score (micro avg)  0.9687
2026-01-03 01:15:56,030  - 3 epochs without improvement
2026-01-03 01:15:56,030 ----------------------------------------------------------------------------------------------------
2026-01-03 01:15:57,321 epoch 102 - iter 2/29 - loss 0.11056238 - time (sec): 1.29 - samples/sec: 2674.68 - lr: 0.000391 - momentum: 0.000000
2026-01-03 01:15:58,845 epoch 102 - iter 4/29 - loss 0.09725813 - time (sec): 2.81 - samples/sec: 2557.79 - lr: 0.000391 - momentum: 0.000000
2026-01-03 01:16:00,627 epoch 102 - iter 6/29 - loss 0.10079581 - time (sec): 4.60 - samples/sec: 2387.06 - lr: 0.000391 - momentum: 0.000000
2026-01-03 01:16:02,061 epoch 102 - iter 8/29 - loss 0.09960705 - time (sec): 6.03 - samples/sec: 2370.79 - lr: 0.000391 - momentum: 0.000000
2026-01-03 01:16:05,107 epoch 102 - iter 10/29 - loss 0.09865557 - time (sec): 9.08 - samples/sec: 1924.38 - lr: 0.000391 - momentum: 0.000000
2026-01-03 01:16:06,942 epoch 102 - iter 12/29 - loss 0.09897253 - time (sec): 10.91 - samples/sec: 1925.06 - lr: 0.000391 - momentum: 0.000000
2026-01-03 01:16:08,542 epoch 102 - iter 14/29 - loss 0.09995903 - time (sec): 12.51 - samples/sec: 1943.96 - lr: 0.000391 - momentum: 0.000000
2026-01-03 01:16:10,022 epoch 102 - iter 16/29 - loss 0.10018049 - time (sec): 13.99 - samples/sec: 1951.96 - lr: 0.000391 - momentum: 0.000000
2026-01-03 01:16:11,219 epoch 102 - iter 18/29 - loss 0.10196460 - time (sec): 15.19 - samples/sec: 1993.03 - lr: 0.000391 - momentum: 0.000000
2026-01-03 01:16:12,969 epoch 102 - iter 20/29 - loss 0.10080878 - time (sec): 16.94 - samples/sec: 2001.17 - lr: 0.000391 - momentum: 0.000000
2026-01-03 01:16:15,382 epoch 102 - iter 22/29 - loss 0.10099519 - time (sec): 19.35 - samples/sec: 1942.21 - lr: 0.000391 - momentum: 0.000000
2026-01-03 01:16:16,966 epoch 102 - iter 24/29 - loss 0.10141944 - time (sec): 20.94 - samples/sec: 1973.27 - lr: 0.000391 - momentum: 0.000000
2026-01-03 01:16:18,744 epoch 102 - iter 26/29 - loss 0.10279839 - time (sec): 22.71 - samples/sec: 1982.88 - lr: 0.000391 - momentum: 0.000000
2026-01-03 01:16:20,313 epoch 102 - iter 28/29 - loss 0.10184351 - time (sec): 24.28 - samples/sec: 2015.00 - lr: 0.000391 - momentum: 0.000000
2026-01-03 01:16:20,803 ----------------------------------------------------------------------------------------------------
2026-01-03 01:16:20,803 EPOCH 102 done: loss 0.1013 - lr: 0.000391
2026-01-03 01:16:24,486 DEV : loss 0.10528826713562012 - f1-score (micro avg)  0.9687
2026-01-03 01:16:24,491  - 4 epochs without improvement (above 'patience')-> annealing learning_rate to [0.0001953125]
2026-01-03 01:16:24,492 ----------------------------------------------------------------------------------------------------
2026-01-03 01:16:25,903 epoch 103 - iter 2/29 - loss 0.09808621 - time (sec): 1.41 - samples/sec: 2532.77 - lr: 0.000195 - momentum: 0.000000
2026-01-03 01:16:27,735 epoch 103 - iter 4/29 - loss 0.09572872 - time (sec): 3.24 - samples/sec: 2235.63 - lr: 0.000195 - momentum: 0.000000
2026-01-03 01:16:29,389 epoch 103 - iter 6/29 - loss 0.10074116 - time (sec): 4.90 - samples/sec: 2095.22 - lr: 0.000195 - momentum: 0.000000
2026-01-03 01:16:30,978 epoch 103 - iter 8/29 - loss 0.10091553 - time (sec): 6.49 - samples/sec: 2119.01 - lr: 0.000195 - momentum: 0.000000
2026-01-03 01:16:32,770 epoch 103 - iter 10/29 - loss 0.10330808 - time (sec): 8.28 - samples/sec: 2104.24 - lr: 0.000195 - momentum: 0.000000
2026-01-03 01:16:34,767 epoch 103 - iter 12/29 - loss 0.10233523 - time (sec): 10.27 - samples/sec: 2057.30 - lr: 0.000195 - momentum: 0.000000
2026-01-03 01:16:36,071 epoch 103 - iter 14/29 - loss 0.10296139 - time (sec): 11.58 - samples/sec: 2111.84 - lr: 0.000195 - momentum: 0.000000
2026-01-03 01:16:37,639 epoch 103 - iter 16/29 - loss 0.10062143 - time (sec): 13.15 - samples/sec: 2145.21 - lr: 0.000195 - momentum: 0.000000
2026-01-03 01:16:39,722 epoch 103 - iter 18/29 - loss 0.10018075 - time (sec): 15.23 - samples/sec: 2088.50 - lr: 0.000195 - momentum: 0.000000
2026-01-03 01:16:41,116 epoch 103 - iter 20/29 - loss 0.10065186 - time (sec): 16.62 - samples/sec: 2115.41 - lr: 0.000195 - momentum: 0.000000
2026-01-03 01:16:42,600 epoch 103 - iter 22/29 - loss 0.10122971 - time (sec): 18.11 - samples/sec: 2134.30 - lr: 0.000195 - momentum: 0.000000
2026-01-03 01:16:44,164 epoch 103 - iter 24/29 - loss 0.10207527 - time (sec): 19.67 - samples/sec: 2136.19 - lr: 0.000195 - momentum: 0.000000
2026-01-03 01:16:45,768 epoch 103 - iter 26/29 - loss 0.10227478 - time (sec): 21.28 - samples/sec: 2156.57 - lr: 0.000195 - momentum: 0.000000
2026-01-03 01:16:47,023 epoch 103 - iter 28/29 - loss 0.10212948 - time (sec): 22.53 - samples/sec: 2169.24 - lr: 0.000195 - momentum: 0.000000
2026-01-03 01:16:47,714 ----------------------------------------------------------------------------------------------------
2026-01-03 01:16:47,714 EPOCH 103 done: loss 0.1025 - lr: 0.000195
2026-01-03 01:16:51,217 DEV : loss 0.10527334362268448 - f1-score (micro avg)  0.9686
2026-01-03 01:16:51,222  - 1 epochs without improvement
2026-01-03 01:16:51,223 ----------------------------------------------------------------------------------------------------
2026-01-03 01:16:53,050 epoch 104 - iter 2/29 - loss 0.08806976 - time (sec): 1.83 - samples/sec: 1851.13 - lr: 0.000195 - momentum: 0.000000
2026-01-03 01:16:54,587 epoch 104 - iter 4/29 - loss 0.09571431 - time (sec): 3.36 - samples/sec: 2127.98 - lr: 0.000195 - momentum: 0.000000
2026-01-03 01:16:55,936 epoch 104 - iter 6/29 - loss 0.09651194 - time (sec): 4.71 - samples/sec: 2222.54 - lr: 0.000195 - momentum: 0.000000
2026-01-03 01:16:57,791 epoch 104 - iter 8/29 - loss 0.09963119 - time (sec): 6.57 - samples/sec: 2113.17 - lr: 0.000195 - momentum: 0.000000
2026-01-03 01:16:59,449 epoch 104 - iter 10/29 - loss 0.10120689 - time (sec): 8.23 - samples/sec: 2113.33 - lr: 0.000195 - momentum: 0.000000
2026-01-03 01:17:01,053 epoch 104 - iter 12/29 - loss 0.09948591 - time (sec): 9.83 - samples/sec: 2143.87 - lr: 0.000195 - momentum: 0.000000
2026-01-03 01:17:02,246 epoch 104 - iter 14/29 - loss 0.09896177 - time (sec): 11.02 - samples/sec: 2184.33 - lr: 0.000195 - momentum: 0.000000
2026-01-03 01:17:04,867 epoch 104 - iter 16/29 - loss 0.10040283 - time (sec): 13.64 - samples/sec: 2033.87 - lr: 0.000195 - momentum: 0.000000
2026-01-03 01:17:06,748 epoch 104 - iter 18/29 - loss 0.09968643 - time (sec): 15.52 - samples/sec: 2009.89 - lr: 0.000195 - momentum: 0.000000
2026-01-03 01:17:08,438 epoch 104 - iter 20/29 - loss 0.09888172 - time (sec): 17.21 - samples/sec: 2019.03 - lr: 0.000195 - momentum: 0.000000
2026-01-03 01:17:10,115 epoch 104 - iter 22/29 - loss 0.09927176 - time (sec): 18.89 - samples/sec: 2037.01 - lr: 0.000195 - momentum: 0.000000
2026-01-03 01:17:11,899 epoch 104 - iter 24/29 - loss 0.09946103 - time (sec): 20.68 - samples/sec: 2015.47 - lr: 0.000195 - momentum: 0.000000
2026-01-03 01:17:13,677 epoch 104 - iter 26/29 - loss 0.10130427 - time (sec): 22.45 - samples/sec: 2020.19 - lr: 0.000195 - momentum: 0.000000
2026-01-03 01:17:15,152 epoch 104 - iter 28/29 - loss 0.10121837 - time (sec): 23.93 - samples/sec: 2049.52 - lr: 0.000195 - momentum: 0.000000
2026-01-03 01:17:15,874 ----------------------------------------------------------------------------------------------------
2026-01-03 01:17:15,874 EPOCH 104 done: loss 0.1011 - lr: 0.000195
2026-01-03 01:17:18,749 DEV : loss 0.10527179390192032 - f1-score (micro avg)  0.9686
2026-01-03 01:17:18,755  - 2 epochs without improvement
2026-01-03 01:17:18,756 ----------------------------------------------------------------------------------------------------
2026-01-03 01:17:20,362 epoch 105 - iter 2/29 - loss 0.09251611 - time (sec): 1.61 - samples/sec: 2490.10 - lr: 0.000195 - momentum: 0.000000
2026-01-03 01:17:21,946 epoch 105 - iter 4/29 - loss 0.09161583 - time (sec): 3.19 - samples/sec: 2330.39 - lr: 0.000195 - momentum: 0.000000
2026-01-03 01:17:23,333 epoch 105 - iter 6/29 - loss 0.09657839 - time (sec): 4.58 - samples/sec: 2400.94 - lr: 0.000195 - momentum: 0.000000
2026-01-03 01:17:25,190 epoch 105 - iter 8/29 - loss 0.09828477 - time (sec): 6.43 - samples/sec: 2286.93 - lr: 0.000195 - momentum: 0.000000
2026-01-03 01:17:27,178 epoch 105 - iter 10/29 - loss 0.09852358 - time (sec): 8.42 - samples/sec: 2197.33 - lr: 0.000195 - momentum: 0.000000
2026-01-03 01:17:28,784 epoch 105 - iter 12/29 - loss 0.09771664 - time (sec): 10.03 - samples/sec: 2193.07 - lr: 0.000195 - momentum: 0.000000
2026-01-03 01:17:30,424 epoch 105 - iter 14/29 - loss 0.09811590 - time (sec): 11.67 - samples/sec: 2205.76 - lr: 0.000195 - momentum: 0.000000
2026-01-03 01:17:31,807 epoch 105 - iter 16/29 - loss 0.09822177 - time (sec): 13.05 - samples/sec: 2228.16 - lr: 0.000195 - momentum: 0.000000
2026-01-03 01:17:33,182 epoch 105 - iter 18/29 - loss 0.09960151 - time (sec): 14.43 - samples/sec: 2238.58 - lr: 0.000195 - momentum: 0.000000
2026-01-03 01:17:35,010 epoch 105 - iter 20/29 - loss 0.09896638 - time (sec): 16.25 - samples/sec: 2190.55 - lr: 0.000195 - momentum: 0.000000
2026-01-03 01:17:36,462 epoch 105 - iter 22/29 - loss 0.09905955 - time (sec): 17.71 - samples/sec: 2190.81 - lr: 0.000195 - momentum: 0.000000
2026-01-03 01:17:37,933 epoch 105 - iter 24/29 - loss 0.09929901 - time (sec): 19.18 - samples/sec: 2217.94 - lr: 0.000195 - momentum: 0.000000
2026-01-03 01:17:39,402 epoch 105 - iter 26/29 - loss 0.09914850 - time (sec): 20.65 - samples/sec: 2223.22 - lr: 0.000195 - momentum: 0.000000
2026-01-03 01:17:40,782 epoch 105 - iter 28/29 - loss 0.09851664 - time (sec): 22.03 - samples/sec: 2232.65 - lr: 0.000195 - momentum: 0.000000
2026-01-03 01:17:41,185 ----------------------------------------------------------------------------------------------------
2026-01-03 01:17:41,185 EPOCH 105 done: loss 0.0984 - lr: 0.000195
2026-01-03 01:17:44,386 DEV : loss 0.10527244210243225 - f1-score (micro avg)  0.9686
2026-01-03 01:17:44,392  - 3 epochs without improvement
2026-01-03 01:17:44,393 ----------------------------------------------------------------------------------------------------
2026-01-03 01:17:45,941 epoch 106 - iter 2/29 - loss 0.09695461 - time (sec): 1.55 - samples/sec: 2352.08 - lr: 0.000195 - momentum: 0.000000
2026-01-03 01:17:47,572 epoch 106 - iter 4/29 - loss 0.10999747 - time (sec): 3.18 - samples/sec: 2179.22 - lr: 0.000195 - momentum: 0.000000
2026-01-03 01:17:49,168 epoch 106 - iter 6/29 - loss 0.10760111 - time (sec): 4.77 - samples/sec: 2174.91 - lr: 0.000195 - momentum: 0.000000
2026-01-03 01:17:50,660 epoch 106 - iter 8/29 - loss 0.10799070 - time (sec): 6.27 - samples/sec: 2183.34 - lr: 0.000195 - momentum: 0.000000
2026-01-03 01:17:52,658 epoch 106 - iter 10/29 - loss 0.10623730 - time (sec): 8.26 - samples/sec: 2110.91 - lr: 0.000195 - momentum: 0.000000
2026-01-03 01:17:54,137 epoch 106 - iter 12/29 - loss 0.10478564 - time (sec): 9.74 - samples/sec: 2172.83 - lr: 0.000195 - momentum: 0.000000
2026-01-03 01:17:55,518 epoch 106 - iter 14/29 - loss 0.10419479 - time (sec): 11.12 - samples/sec: 2204.02 - lr: 0.000195 - momentum: 0.000000
2026-01-03 01:17:57,003 epoch 106 - iter 16/29 - loss 0.10263775 - time (sec): 12.61 - samples/sec: 2227.81 - lr: 0.000195 - momentum: 0.000000
2026-01-03 01:17:58,647 epoch 106 - iter 18/29 - loss 0.10232588 - time (sec): 14.25 - samples/sec: 2220.01 - lr: 0.000195 - momentum: 0.000000
2026-01-03 01:18:00,437 epoch 106 - iter 20/29 - loss 0.10220496 - time (sec): 16.04 - samples/sec: 2202.55 - lr: 0.000195 - momentum: 0.000000
2026-01-03 01:18:02,463 epoch 106 - iter 22/29 - loss 0.10374304 - time (sec): 18.07 - samples/sec: 2175.35 - lr: 0.000195 - momentum: 0.000000
2026-01-03 01:18:03,829 epoch 106 - iter 24/29 - loss 0.10271672 - time (sec): 19.44 - samples/sec: 2189.30 - lr: 0.000195 - momentum: 0.000000
2026-01-03 01:18:05,131 epoch 106 - iter 26/29 - loss 0.10214918 - time (sec): 20.74 - samples/sec: 2208.94 - lr: 0.000195 - momentum: 0.000000
2026-01-03 01:18:06,381 epoch 106 - iter 28/29 - loss 0.10310185 - time (sec): 21.99 - samples/sec: 2216.98 - lr: 0.000195 - momentum: 0.000000
2026-01-03 01:18:07,217 ----------------------------------------------------------------------------------------------------
2026-01-03 01:18:07,218 EPOCH 106 done: loss 0.1029 - lr: 0.000195
2026-01-03 01:18:10,857 DEV : loss 0.10528697818517685 - f1-score (micro avg)  0.9686
2026-01-03 01:18:10,862  - 4 epochs without improvement (above 'patience')-> annealing learning_rate to [9.765625e-05]
2026-01-03 01:18:10,863 ----------------------------------------------------------------------------------------------------
2026-01-03 01:18:10,863 learning rate too small - quitting training!
2026-01-03 01:18:10,863 ----------------------------------------------------------------------------------------------------
2026-01-03 01:18:10,863 Saving model ...
2026-01-03 01:18:10,882 Done.
2026-01-03 01:18:10,883 ----------------------------------------------------------------------------------------------------
2026-01-03 01:18:10,883 Loading model from best epoch ...
2026-01-03 01:18:10,913 [b'<unk>', b',</w>', b'a</w>', b't</w>', b'.</w>', b'k</w>', b'az</w>', b'tt</w>', b'\xc3\xa9s</w>', b'z', b'gy</w>', b'A</w>', b'is</w>', b'l</w>', b'sz', b'\xc3\xb3', b'ne', b'-', b'\xc3\xa1', b'\xc3\xa9', b'ho', b's</w>', b't', b't\xc3\xa1', b'\xe2\x80\x94</w>', b'en</w>', b'ban</w>', b'ben</w>', b'meg', b'n</w>', b'szer', b'g</w>', b'el', b'nak</w>', b'c', b'f', b'\xc3\xb3</w>', b'i</w>', b'z</w>', b'nem</w>', b'k', b'A', b'ta</w>', b'j\xc3\xa1', b'\xc5\x91', b're</w>', b'egy', b'ra</w>', b'd', b'an</w>', b'ni</w>', b'b', b'\xc3\xa1l', b'\xc3\xa9r', b'le', b'ja</w>', b'te', b'g', b'"</w>', b'te</w>', b'ki', b'k\xc3\xa9', b'to', b'gy', b'ti</w>', b'n', b'so', b'ik</w>', b't\xc3\xa9', b'l', b'ny', b'di', b'be', b'\xc3\xad', b'ta', b'ol', b'k\xc3\xb6z', b's', b'\xc5\x91</w>', b'bb</w>', b'az', b'ze', b'st</w>', b'ez', b'm\xc3\xa9', b'o', b'E', b'u', b't\xc3\xb3', b'h', b'j', b've', b'in', b'v\xc3\xa9', b'la', b'si</w>', b'csa', b'gi</w>', b's\xc3\xa9', b'B', b'ro', b'l\xc3\xa9', b'v', b'kat</w>', b's\xc3\xa1', b'fel', b'er', b'min', b'ti', b'el</w>', b'm', b'egy</w>', b'a', b'ha', b':</w>', b'el\xc5\x91', b'ke', b'vol', b'p', b'\xc3\xba', b'he', b'os</w>', b'\xc3\xbcl', b'ko', b'K', b'm\xc3\xa1', b'd</w>', b'M', b'n\xc3\xa9', b'\xc3\xa1t</w>', b'zo', b'e', b'S', b'm\xc3\xa1r</w>', b'me', b'en', b'ek</w>', b'v\xc3\xa1', b'ki</w>', b'de', b'al', b'z\xc3\xa1', b'i', b'\xc3\xa1r', b'k\xc3\xb6z\xc3\xb6', b'ra', b'\xc3\xb6', b'tet', b'y', b'ar', b'ka', b'se', b's\xc3\xa9g', b'tak</w>', b'mi', b'al</w>', b'k\xc3\xa1', b'pe', b're', b'ge', b'\xc3\xbc', b'de</w>', b'mo', b'ba</w>', b'meg</w>', b'hely', b'sz</w>', b't\xc5\x91', b'ket</w>', b'ni', b'ter', b'sen</w>', b'tt', b'\xc3\xbcl</w>', b'sa</w>', b'ak', b'sz\xc3\xa1', b'mi</w>', b'1', b'or', b'k\xc3\xb6', b'kb', b'ma', b'kez', b'tek</w>', b'on</w>', b'l\xc3\xa1', b'int</w>', b'\xc3\xa9l', b'eg', b'do', b'bb', b'va', b'f\xc5\x91', b'jelen', b'leg', b'kor</w>', b'r', b'\xc3\xa1s</w>', b'es', b'V', b'on', b'ked', b'm</w>', b'k\xc3\xa9n', b'\xc5\xb1</w>', b'an', b'tel', b'G', b'cs', b'sa', b'P', b'm\xc3\xa9ny', b'be</w>', b'na', b'kel', b'ci', b'da', b'ja', b's\xc3\xa9g</w>', b'r\xc3\xa1', b'for', b'D', b'H', b'ri', b'T', b'ed', b'et', b'e</w>', b'R', b'koz', b'magy', b'ar</w>', b'\xc3\xa1n</w>', b'd\xc3\xa1', b'\xc3\xbaj', b'ha</w>', b'cs</w>', b'len', b'(</w>', b')</w>', b'z\xc3\xa9', b'0</w>', b'ju', b'\xc3\xa9b', b'sze', b'\xc3\xadt', b'3', b'ad', b'j\xc3\xa9', b'199', b'vel</w>', b'isz', b'vi', b'sem</w>', b'eln\xc3\xb6', b'je', b'kor', b'h\xc3\xa1', b'ala', b'ok</w>', b'v\xc3\xa1l', b'k\xc3\xbcl', b'amely', b'se</w>', b'it</w>', b's\xc3\xa1g', b'\xc3\xa1s', b'N', b'b</w>', b't\xc3\xa1s</w>', b'tal</w>', b'ma</w>', b'va</w>', b'es</w>', b'is', b'szo', b'tot', b'hat', b'Z', b'\xc3\xadr', b'\xc3\xa1r</w>', b'F', b'het</w>', b'k\xc3\xb6r', b'hoz</w>', b'\xc3\xba</w>', b'I', b'er</w>', b'ak</w>', b'\xc5\xb1', b'oro', b'5', b'tar', b'J', b'cse', b'mag', b'len</w>', b'\xc3\xa1b', b'\xc3\xa9v', b'je</w>', b'l\xc3\xa1t', b't\xc3\xb3</w>', b'foly', b'ci\xc3\xb3', b'san</w>', b'asz', b'val</w>', b'z\xc5\x91', b'van</w>', b'4', b'sza', b'em', b'\xc3\xa1n', b'C', b'no', b'milli', b'd\xc3\xa9', b't\xc3\xb6bb</w>', b'os', b'h\xc3\xb3', b'osz', b'ellen', b'tat', b'ne</w>', b'ul', b'mond', b'ot</w>', b'milli\xc3\xa1r', b'L', b'\xc3\xbcgy', b'tu', b't\xc3\xb6', b'm\xc5\xb1', b'sek</w>', b'el\xc3\xa9', b'k\xc3\xa9r', b's\xc3\xa9ge', b'ri</w>', b't\xc5\x91</w>', b's\xc3\xa1g</w>', b'y</w>', b'id', b'b\xc5\x91', b'v</w>', b'ka</w>', b'tett</w>', b'aki</w>', b'r\xc3\xa9', b'nagy', b'hat\xc3\xb3', b'\xc3\xb6n', b'ul</w>', b'leg</w>', b'kai</w>', b'politi', b'\xc3\xadt\xc3\xa9', b'h\xc3\xa1z', b'\xc3\xb6r', b'bu', b'men', b'gat', b'ide', b'8', b'sz\xc3\xb3', b'r\xc3\xb3', b'ver', b'\xc3\xa9ve', b'ga', b'et</w>', b'sz\xc3\xa9', b'hi', b'korm\xc3\xa1ny', b'\xc3\xa9rde', b'bi</w>', b'si', b'\xc3\xa1ll', b'r\xc3\xa9sz', b'elle', b'vez', b'alap', b'b\xc3\xb3', b'aj', b't\xc3\xb6r', b'O', b'sz\xc3\xadn', b'let</w>', b'sz\xc3\xa1m', b'zs', b'szere', b'li', b'ek', b'po', b'2', b'har', b'tok</w>', b'szem', b'za', b'val', b'sz\xc3\xad', b't\xc3\xa1r', b'at', b'di</w>', b'orsz\xc3\xa1', b'\xc3\xa1t', b'let', b'ez</w>', b'azon', b'mer', b'tal', b'\xc3\xa1lla', b'ember', b'\xc3\xbat', b'ber', b'j\xc3\xa1r', b'vezet\xc5\x91', b'6', b'fe', b've</w>', b'ker', b'n\xc3\xb6', b'\xc3\xa9ne', b'\xc3\xa9ny', b'\xc3\xa9l</w>', b'maj', b'\xc3\xa9p', b'jo', b'rend', b'tud', b'v\xc5\x91</w>', b'k\xc3\xa9sz', b'per', b'cso', b'\xc3\xa1ll\xc3\xad', b'Ko', b'fi', b'5</w>', b'ik', b'7', b'gazdas\xc3\xa1', b'\xc3\xa1g</w>', b'\xc3\xa9rt\xc3\xa9', b'lo', b'kus</w>', b'er\xc5\x91', b'\xc3\xa9v</w>', b'\xc3\xa9s', b't\xc3\xb6rt\xc3\xa9', b'\xc3\xa9n</w>', b'els\xc5\x91</w>', b'ele', b'g\xc3\xa9', b'k\xc3\xb6ve', b'z\xc3\xa1r', b'st', b'tag', b'Sz', b'\xc3\xa9g</w>', b'tisz', b'tam</w>', b'szak', b'ter</w>', b'kk', b's\xc3\xad', b'ami', b'fog', b'oly', b'\xc3\xa9k</w>', b'c</w>', b'd\xc3\xad', b'om', b'19', b'm\xc5\xb1</w>', b'c\xc3\xad', b',', b'vil\xc3\xa1g', b'kon', b'gazdas', b'pp', b'ai</w>', b'hal', b'v\xc3\xa1r', b'sz\xc3\xa1zal\xc3\xa9', b'\xc3\x81', b'alb', b'met</w>', b'tes', b'tr', b'anna', b'ch', b'v\xc3\xa1ll', b'tet</w>', b'nagyo', b'\xc3\xa1llam', b'ami</w>', b'amely</w>', b'ismer', b'\xc5\x91t</w>', b'\xc3\x89', b'me</w>', b'fel</w>', b'na</w>', b'szab', b'm\xc3\xa1ny', b'vala', b'at</w>', b'pes', b'bel', b'\xc3\xb3d', b'ker\xc3\xbcl', b'\xc5\x91d', b'v\xc3\xa9g', b'igaz', b'vet', b'r\xc5\x91', b'het', b'ig</w>', b'kar', b'\xc3\xbck</w>', b'h</w>', b'\xc3\xbaj</w>', b'W', b'p\xc3\xa1r', b'aki', b't\xc3\xa1rgy', b't\xc3\xad', b'ci\xc3\xb3</w>', b'vo', b'tik</w>', b't\xc3\xa9s\xc3\xa9', b'm\xc3\xa1r', b't\xc3\xa1s\xc3\xa1', b'fonto', b'U', b'esz', b'gu', b'lel', b'vas', b'\xc3\xbcle', b'h\xc3\xad', b'00</w>', b'du', b'pro', b'\xc3\xadt\xc3\xa1', b'ke</w>', b'un', b'nyi</w>', b'zet</w>', b'ol</w>', b'ugyan', b'bi', b'l\xc3\xa1to', b'nyi', b'9', b'vezet', b't\xc3\xb6r\xc3\xb6', b'le</w>', b'parlamen', b'sem', b'minden</w>', b'\xc3\xa1l</w>', b'\xc3\xa1g', b'tem</w>', b'nap', b'ked\xc3\xa9', b'fo', b'ig', b'p\xc3\xa9ld\xc3\xa1', b'ku', b'tat\xc3\xa1', b'go', b'm\xc3\xbal', b'nem', b'am', b'tal\xc3\xa1', b'and', b'tele', b'mu', b'seg', b'por', b'tor', b's\xc3\xa1go', b'as', b'ga</w>', b'ab', b'j\xc3\xb3', b'hang', b'tal\xc3\xa1l', b'mia', b'as</w>', b'zen', b'f\xc5\x91</w>', b'm\xc5\xb1v\xc3\xa9', b'szlov\xc3\xa1', b'ban', b'szov\xc3\xb3', b'zi</w>', b'ten</w>', b'ag', b'szerep', b't\xc3\xb6bb', b'k\xc3\xad', b'hat</w>', b'nap</w>', b'rom</w>', b'lem', b'om</w>', b's\xc3\xa9ge</w>', b'haj', b'kul', b'tot</w>', b'nt</w>', b'tov\xc3\xa1', b'korm\xc3\xa1ny</w>', b'kos</w>', b'pon', b'v\xc3\xa9ny', b'sor', b'tes</w>', b'aut\xc3\xb3', b'vesz', b't\xc5\xb1', b'ba', b'gal', b'minte', b'us</w>', b'dal', b'tulajdon', b'ene', b't\xc3\xba', b'\xc3\xa9let', b'nagy</w>', b'?</w>', b'z\xc5\x91</w>', b'ah', b'hat\xc3\xb3</w>', b'h\xc3\xa9', b'ot', b'\xc3\xa1ll\xc3\xa1', b'v\xc3\xa1lasz', b'ind', b'\xc3\xb3b', b'pa', b'\xc3\xa1ly', b'lat</w>', b'.', b'il', b'hat\xc3\xa1', b'kon</w>', b'ny</w>', b'term\xc3\xa9', b'mun', b'nin', b'lehet\xc5\x91', b'n\xc3\xb6ve', b'nne', b'\xc3\xa9g', b'kr', b'biz', b'lan</w>', b'taval', b'tol', b'ges</w>', b'v\xc3\xa1ros', b'uta', b'\xc3\xadto', b'2</w>', b'pr', b'ton</w>', b'da</w>', b'Min', b'dolgo', b'egy\xc3\xbc', b'eze', b't\xc3\xa1rsas', b'\xc3\xa9</w>', b'\xc3\xa9r\xc5\x91', b'm\xc5\xb1k\xc3\xb6', b'nk</w>', b't\xc3\xa1s', b'b\xc3\xadr', b'id\xc5\x91', b'roz', b'tek', b'\xc3\xbal', b'r\xc3\xb6', b'k\xc3\xbcl\xc3\xb6n', b'lem</w>', b'alkal', b'rendszer', b'k\xc3\xb6zle', b'nemzetk\xc3\xb6z', b'nd', b'm\xc3\xa9r', b'\xc3\xbcl\xc3\xa9', b'lat', b'szer</w>', b'1</w>', b'\xc3\xa9sz', b'mutat', b'su', b'hivatal', b'v\xc3\xa1ro', b'K\xc3\xb6z', b'mit</w>', b'siker', b'\xc3\xadte', b'sik</w>', b'\xc3\xb3r', b'kel</w>', b'\xc3\xa9le', b'za</w>', b'par', b'ember</w>', b'kelle', b'-</w>', b'\xc3\xa1m</w>', b'jegy', b'forint</w>', b'im', b'ily', b'ir', b'tarto', b'ad\xc3\xa1', b'oz', b'gi', b'kan', b'jelent\xc5\x91', b'k\xc3\xb6vetkez', b'hel', b'ye', b'Egy', b'lik</w>', b'em</w>', b'kci\xc3\xb3', b'marad', b'ran', b'lesz</w>', b'0', b'\xc3\xa1ny', b'ad\xc3\xb3', b'egye', b'gat\xc3\xb3', b'kra</w>', b'koc', b'k\xc3\xa9rd\xc3\xa9', b'szi</w>', b'munk\xc3\xa1', b'sze</w>', b'minden', b'El', b'mon', b'\xc3\xa1l\xc3\xa1', b't\xc3\xa9s', b'lt</w>', b'ber</w>', b'illet', b'gondol', b'ven</w>', b'Ti', b'ton', b'\xc3\xa1ll\xc3\xadt', b'fej', b'keres', b'cs\xc3\xb6kk', b'moz', b'pu', b'ut\xc3\xb3b', b'elm', b'kezd', b'Magyarorsz\xc3\xa1', b'von', b'eg</w>', b'kom', b'kes</w>', b'kod', b'\xc3\xb6ssz', b'ugyan</w>', b'mis', b'll', b'all', b'm\xc3\xa1s</w>', b'm\xc3\xb3d', b'kapcs', b'v\xc3\xa1ny', b'nu', b'Budape', b'k\xc3\xbc', b'fenn', b'sin', b'd\xc3\xb6n', b'bizony', b's\xc3\xbc', b'li</w>', b'ir\xc3\xa1ny', b'darab', b'ron</w>', b'tan\xc3\xa1', b'S</w>', b'in</w>', b'sz\xc3\xb6', b'kol', b'alak', b'p\xc3\xa1ly', b'oper', b'ly', b'6</w>', b'\xc5\x91r', b'kap', b'end', b'has', b'onl', b'h\xc3\xa1bor', b'SP', b'mad', b'7</w>', b'f\xc3\xb6ldreng', b'hos', b't\xc5\x91ke', b'gyakor', b'gye', b'um</w>', b'b\xc3\xad', b'hasz', b'jel', b'szi', b'maz', b'j\xc3\xb6v\xc5\x91', b'teg', b'\xc3\xb3pa', b'ru', b'k\xc3\xa9p', b's\xc3\xbal', b'ven', b'hi\xc3\xa1ny', b'ros', b'emel', b'8</w>', b'mind', b'hagy', b'gy\xc5\xb1', b'szem\xc3\xa9ly', b'ei</w>', b'vis', b'\xc3\xb6r\xc3\xb6', b'ss', b'nyu', b'zt</w>', b'legy', b'csal\xc3\xa1', b'or</w>', b'ony', b'k\xc3\xa9pvisel', b'til', b'miniszter', b'alko', b'\xc3\xadr\xc3\xb3', b'zz', b'Gy', b'raj', b'besz\xc3\xa9l', b'viszon', b'ug', b'fordul', b'us', b'tel</w>', b'EN', b'szoci\xc3\xa1ldemokra', b'doll\xc3\xa1r', b'p\xc3\xa9nz', b'oli', b'aran', b'el\xc5\x91</w>', b'form\xc3\xa1', b'id\xc5\x91</w>', b't\xc3\xbal', b'fela', b'zet', b'res', b'kl', b'\xc3\xa9sz</w>', b'telj', b'm\xc3\xa9ny</w>', b'jut', b'visel', b'au', b'\xc3\xb6ssze', b'Tud', b'bor', b't\xc3\xa9s</w>', b't\xc3\xbc', b'keny', b'n\xc3\xa9l', b'napi', b'lek', b'j\xc3\xb3</w>', b'Feren', b'sol', b'van', b'szk', b'ism\xc3\xa9', b'ere', b'fogad', b'megy', b'szen', b'szob', b'don</w>', b'Or', b'k\xc3\xadv', b'\xc3\xbcli</w>', b'9</w>', b'kos', b'tartom\xc3\xa1ny', b'sek', b'\xc3\xa9rtel', b'mely', b'ese', b'f\xc3\xb6', b'mene', b'\xc3\xa9p\xc3\xadt\xc3\xa9', b't\xc3\xa1mo', b'al\xc3\xa1', b'alkot', b'Z</w>', b'j\xc3\xba', b'forint', b'\xc3\xa9ve</w>', b'olt</w>', b'v\xc3\xa9</w>', b'vel', b'terem', b'egyes', b'teh', b'mel', b'oldal', b'g\xc3\xa1', b'lehete', b'v\xc3\xa1lto', b'\xc3\xbcn', b'\xc3\x8d', b'n\xc3\xa9</w>', b'\xc3\xa9n', b'inf', b'foglal', b'keresked', b'\xc3\xa9rt\xc5\x91', b'k\xc3\xa9pe', b'\xc3\xadt</w>', b'tan', b'sz\xc3\xa1z</w>', b'n\xc3\xa9h\xc3\xa1', b'tett', b'lesz', b'dt</w>', b'kin', b'k\xc3\xb6ny', b'tun', b'lan', b'ten', b'\xc3\x9a', b'\xc3\xa9r</w>', b'Magy', b'HV', b'k\xc3\xb6l', b'\xc3\xb3z', b'legal\xc3\xa1', b'test', b'szolg\xc3\xa1l', b'x', b'aka', b'hatalo', b'szava', b'sz\xc3\xa1z', b'ad</w>', b'nyil', b'v\xc3\xa1n', b'f\xc3\xa9r', b'Ha</w>', b'v\xc3\xa1n</w>', b'\xc3\xa1ll\xc3\xadt\xc3\xa1', b'ut', b'the', b'ron', b'ur', b'gy\xc5\x91', b'\xc3\xa9ly', b'\xc3\xb6r</w>', b'mind</w>', b'bizton', b'ol\xc3\xa1', b'\xc3\xb6k</w>', b'j\xc3\xb6v\xc5\x91</w>', b's\xc3\xa1r', b'Mar', b'man</w>', b'v\xc3\xa1laszt\xc3\xa1', b'csec', b'Dubc', b'korsz\xc3\xa1', b'nk', b'mat</w>', b'mag\xc3\xa1n', b'kovi', b't\xc3\xa9ny', b'szin', b'fizet', b'lt', b'ya', b'm\xc3\xa1s', b'n\xc3\xa1', b'tap', b'muta', b'Fel', b'\xc3\xbcks', b'eur', b'gat\xc3\xa1', b'gon</w>', b'szervez', b'vatkoz', b'vi</w>', b'200', b'las', b'pi', b'rendez', b'h\xc3\xa9t</w>', b'v\xc3\xa9ny</w>', b'ben', b'telep\xc3\xbcl\xc3\xa9', b'lak', b'hozz\xc3\xa1', b'kis', b'fek', b'\xc3\xb6t', b'\xc3\xa9p</w>', b'dol', b'it', b'\xc3\xa1r\xc3\xb3', b'j</w>', b'akad\xc3\xa1ly', b'ell', b'p</w>', b'elt</w>', b'fen', b'pont', b'h\xc3\xa9t', b'igle', b'rend\xc5\x91r', b'Szer', b'Eur', b'mas</w>', b'c\xc3\xa9l', b'v\xc3\xa1ros</w>', b'bale', b'\xc3\xa1llam</w>', b'tekin', b'elv', b'vai</w>', b'tart', b'kar</w>', b'mil', b'lek</w>', b'goszl\xc3\xa1', b'In', b'to</w>', b'hor', b't\xc3\xb6l', b'megfele', b'meg\xc3\xa1llapo', b'f\xc5\xb1', b'ptem', b'els\xc5\x91', b'ari', b'hu', b'vet</w>', b'zi', b'p\xc3\xa1', b't\xc5\x91k\xc3\xa9', b'ama', b'ali', b'miniszter</w>', b'm\xc3\xa1ny</w>', b'aho', b'ci</w>', b'sen', b'c\xc3\xa9', b'pari</w>', b'j\xc3\xb6', b'del', b'v\xc3\xa9le', b'reg', b'int\xc3\xa9z', b'ker\xc3\xbcl</w>', b'yi</w>', b'rom', b'viszony', b'\xc3\xa1</w>', b'Na', b'sb', b'kil', b'mar', b'sza</w>', b'\xc3\xbat</w>', b'h\xc3\xb3</w>', b'pan', b'nul', b'r</w>', b'hi\xc3\xa1', b'10', b'20</w>', b'ing', b'bo', b'iga', b'mes', b'ola', b'Ki', b'p\xc3\xa9n', b'ar\xc3\xa1', b'Ka', b'ks', b'egyes</w>', b'\xc3\xbcg', b'\xc3\xb6t</w>', b'10</w>', b'den</w>', b'szabad', b'pad', b'fon', b'ok', b'ani</w>', b'Mi', b'pri', b'kat', b'hoz', b'ado', b'194', b'miu', b'bal', b'ste', b'int\xc3\xa9', b'ilm', b'rende', b'Ja', b'ros</w>', b'sp', b't\xc3\xb6b', b'id\xc3\xa9', b';</w>', b'tere', b'\xc3\xa9k', b'eri', b'k\xc3\xb6vet', b'gya', b'der', b'Mik', b'gra</w>', b'pet</w>', b'Ta', b'g\xc3\xa9p', b'kis</w>', b'eli</w>', b'napo', b'nyo', b'Pe', b'res</w>', b'magu', b'Pil', b'\xc3\x96', b'k\xc3\xbcl</w>', b'd\xc3\xb6', b'mez', b'mes</w>', b'nat', b'h\xc3\xa1z</w>', b'polg\xc3\xa1r', b'kes', b'gaz', b'vak</w>', b'tem', b'\xc3\xa1llapo', b'rep', b'ent</w>', b'ista</w>', b'ad\xc3\xb3</w>', b'uk</w>', b'ge</w>', b'mas', b'sz\xc3\xa9d', b'm\xc3\xad', b'v\xc3\xa9n</w>', b'munk', b'nove', b'Si', b'Mer', b'leb', b'la</w>', b'z\xc3\xb6', b'um', b'oll', b'rel</w>', b't\xc3\xb6rt\xc3\xa9ne', b'mb', b'bor</w>', b'fot', b'terve', b'3</w>', b'lap</w>', b'p\xc3\xbc', b'G</w>', b't\xc3\xa1vo', b'F</w>', b'pes</w>', b'4</w>', b'polg', b'nik</w>', b'kata', b'vil\xc3\xa1g</w>', b'sup', b'\xc3\xb6s</w>', b'bru', b'sta', b'tiku', b'Buda', b'osa', b'tas', b'kok</w>', b'n\xc3\xa9l</w>', b't\xc3\xbck</w>', b'ellen</w>', b'eri</w>', b'asz</w>', b'sz\xc3\xbc', b'sz\xc3\xb3</w>', b'ent', b'szaba', b'al\xc3\xa1</w>', b'rak', b'f</w>', b'mat', b'Egy</w>', b'sel</w>', b'kas', b'\xc5\x91t', b'lla', b'man', b'ng', b'tor</w>', b'mely</w>', b't\xc3\xbal</w>', b'szt', b'\xc3\xadr</w>', b'kal', b'ang', b'ond', b'set</w>', b'Po', b'elej', b'ia', b'vezet</w>', b'tat</w>', b'szov', b'rit', b'nal</w>', b'Pi', b'terv</w>', b'\xc3\xb6n</w>', b'fil', b'D</w>', b'elte', b'ves</w>', b'200</w>', b'osa</w>', b'Tu', b'ny\xc3\xa9', b'ist', b'szov\xc3\xb3</w>', b'hiva', b'K</w>', b'AI', b'progra', b'IM', b'des', b'Kar', b'mia</w>', b'energi', b'rd', b'pia', b't\xc5\xb1</w>', b'gal</w>', b'rez', b'piac', b'fog</w>', b'id</w>', b'Ma</w>', b'sai</w>', b'iku', b'ina', b'sul', b'f\xc3\xb6ld', b'\xc3\xb6ssze</w>', b'mai</w>', b'yo', b'pra</w>', b'pil', b'\xc3\xb6s', b'tan</w>', b'vezet\xc5\x91</w>', b'ela', b'hozz\xc3\xa1</w>', b'mp', b'\xc3\xa1ll</w>', b'les', b'gye</w>', b'Mit', b'kezel', b'ser', b'And', b'fu', b'olg', b'\xc3\xbcgyminisz', b'tom', b'nye', b'eni</w>', b'w', b'nyel', b'Magyarorsz\xc3\xa1g</w>', b't\xc3\xa9n</w>', b'demokra', b'mal</w>', b'var', b't\xc3\xa1r</w>', b't\xc3\xb3b', b'v\xc3\xa1ny</w>', b'arorsz\xc3\xa1', b'set', b'ap', b'tra', b'sid', b'tse', b'Ju', b'\xc3\xbct', b'konf', b'lik', b'ud', b'b\xc3\xa1', b'old', b't\xc3\xa1rs</w>', b'nn', b'\xc3\xb6z', b'Ho', b'U</w>', b'AT', b'aj</w>', b'Mo', b'tam', b'eren', b'ce</w>', b'ki\xc3\xa1ll\xc3\xadt\xc3\xa1', b'oso', b'mm', b'ken</w>', b'rendszer</w>', b'nel', b'ic', b'pal</w>', b'Mil', b'\xc3\xbcgy</w>', b'paran', b'lend', b'og', b'tai</w>', b'fa</w>', b'tur', b'stabi', b'ex', b'tn', b'kri', b'x</w>', b'kot</w>', b'ike', b'ze</w>', b'kan</w>', b'lu', b'\xc3\xbcld', b'r\xc3\xa1</w>', b'den', b'aut\xc3\xb3</w>', b'Te', b'eld', b'ei', b'Hi', b'\xc3\xa9le</w>', b'zen</w>', b'Q', b'megy</w>', b'v\xc3\xa1</w>', b'\xc5\x90</w>', b'tak', b'sak</w>', b'pun', b'ca</w>', b'telep', b'v\xc5\x91', b'sei', b'kra', b'ony</w>', b'teg</w>', b'esi', b'br', b'akad', b'tle', b'\xc3\xa9ly</w>', b'elv</w>', b'mit', b'\xc3\xa9let</w>', b'hir', b'szt</w>', b'lev', b'nev', b'fele', b'Va', b'Ha', b'net</w>', b'seb', b'!</w>', b'han', b'sul</w>', b'\xc3\xa1c', b'Li', b'det', b'mos', b'O</w>', b'viszony</w>', b'elg', b'szem</w>', b'olo', b'Y', b'von</w>', b'ts', b'\xc3\xa9ny</w>', b'saj', b'ann', b'vil\xc3\xa1', b'ker</w>', b'Ne', b'im</w>', b'anu', b'lis', b'An', b'ia</w>', b'Tar', b't\xc3\xa1rs', b'as\xc3\xa1', b'tt\xc3\xa9', b'rati', b'ette', b'cs\xc3\xb6', b'tb', b'szolg', b'pa</w>', b'ste</w>', b'der</w>', b'tartom\xc3\xa1ny</w>', b'vita', b'vir', b'ise', b'hul', b'nak', b'yi', b'ast', b'er\xc5\x91</w>', b'szabad</w>', b'm\xc3\xa1n', b'j\xc3\xba</w>', b'kok', b'les</w>', b'don', b'pon</w>', b'dul', b'm\xc3\xa1n</w>', b'isi</w>', b'p\xc3\xa1r</w>', b'vez</w>', b'tud</w>', b'\xc3\xbch', b'rad', b'Au', b'oda</w>', b'el\xc3\xa9</w>', b'jut</w>', b'gad', b'sit</w>', b'Le', b'ing</w>', b'Teg', b'tege', b'ht', b'ya</w>', b'\xc3\xb6z</w>', b'rt', b'ren', b'rek', b'met', b'gon', b'f\xc3\xa9', b'sz\xc3\xa9d</w>', b'k\xc3\xa9p</w>', b'Ki</w>', b'demo', b'mon</w>', b'mond</w>', b'p\xc3\xa9l', b'tran', b'tok', b'vise', b'kci\xc3\xb3</w>', b'bol', b'hi\xc3\xa1ny</w>', b'hek</w>', b'ette</w>', b'szl\xc3\xa1', b'enn', b'sel', b'gen</w>', b'rig', b'ch</w>', b'keres</w>', b'oly</w>', b'kak</w>', b'fa', b'fele</w>', b'tai', b'p\xc3\xa9nz</w>', b'elte</w>', b'K\xc3\xbcl', b'mus', b'g\xc3\xa1</w>', b'fogl', b'kad', b'ass', b'\xc3\xa1ny</w>', b'\xc3\xbck', b'dal</w>', b'est', b'E</w>', b'ina</w>', b'jelen</w>', b'ly</w>', b'and</w>', b'ag</w>', b'II', b'els', b'rd</w>', b'Man', b'olt', b'l\xc3\xa1tha', b'napi</w>', b'Re', b's\xc3\xa9</w>', b'mus</w>', b'Se', b'ond</w>', b'mel</w>', b'Ro', b'tus</w>', b'ce', b'sor</w>', b'jo</w>', b'vat', b'lov\xc3\xa1', b'Koszov', b'tre', b'Ma', b'tra</w>', b'vic', b'terna', b'sti</w>', b'szem\xc3\xa9ly</w>', b'abi', b'pi</w>', b'so</w>', b'doll\xc3\xa1r</w>', b'k\xc3\xa9n</w>', b'rk</w>', b'Sa', b'alu', b'co', b'gen', b'tre</w>', b'\xc3\xa9b</w>', b'ran</w>', b'\xc3\xa1m', b'sz\xc3\xa9l', b't\xc3\xa9ny</w>', b'vaj', b'ges', b'j\xc3\xa1r</w>', b'mak', b'P</w>', b'rak</w>', b'pril', b'vil', b'lam', b'mul', b'men</w>', b'nik', b'als', b'est</w>', b'tuk</w>', b'net', b'bri', b'sai', b'vasta', b'ro</w>', b'oma', b'stru', b'lap', b'kut', b'\xc3\xa1ll\xc3\xadt</w>', b'hi</w>', b'kun</w>', b'des</w>', b'vit', b'naka', b'pal', b'ota</w>', b'alo', b'M</w>', b'V</w>', b'v\xc3\xa1r</w>', b'ab</w>', b'osz</w>', b'Me', b'tag</w>', b'm\xc3\xbc', b'mate', b'egu', b'pla', b'yr', b'sei</w>', b'gat\xc3\xb3</w>', b'\xc3\xa1ly</w>', b'k\xc3\xb6vet</w>', b'niver', b'ai', b'ain', b'csa</w>', b'To', b'vic</w>', b'vall', b'Tit', b'eh', b'r\xc3\xb3</w>', b'int', b'do</w>', b'azon</w>', b'k\xc3\xa9sz</w>', b'pont</w>', b'Co', b'ani', b'Im', b'rend</w>', b'szerep</w>', b'ca', b'inc', b'En', b'dr', b'oln', b'nyel</w>', b'Mu', b'af', b'm\xc3\xb3d</w>', b'og</w>', b'ene</w>', b'pul', b'iss</w>', b'He', b'hely</w>', b'fes', b'kand', b'ld</w>', b'alle', b'mos</w>', b'X', b'VI', b'Bu', b'u</w>', b'sz\xc3\xa1m</w>', b'v\xc3\xa1lasz</w>', b'idu', b'marad</w>', b'tele</w>', b'pp</w>', b'riu', b'Lu', b'20', b'ilm</w>', b'00', b'oo', b'iste', b'ves', b'pra', b'pol', b'tj', b'tum', b'ist</w>', b'Dub', b'rend\xc5\x91r</w>', b'gia</w>', b'k\xc3\xb6r</w>', b'alaku', b'nor', b'n\xc3\xa1</w>', b'eksa</w>', b'laus', b'pe</w>', b'Kor', b'nad</w>', b'z\xc3\xa9</w>', b'nul</w>', b'roh', b'B</w>', b'mai', b'tk', b'szoci', b'erg', b'idi', b'sz\xc3\xa1zal', b'hivatal</w>', b'ming</w>', b'darab</w>', b'ved', b'tb</w>', b'\xc3\xb3pa</w>', b'sed', b'mut</w>', b'ini</w>', b'hel</w>', b'terv', b'"', b'ine</w>', b'ken', b'rit</w>', b'ren</w>', b'nemzet', b'mut', b'jelent\xc5\x91</w>', b'mb</w>', b'kka', b'SA</w>', b'szere</w>', b't\xc5\x91ke</w>', b'miku', b'kag', b'leta', b'sz\xc3\xa9l</w>', b'K\xc3\xbc', b'gaz</w>', b'koz</w>', b'lehe', b'jel</w>', b'b\xc3\xa1</w>', b'gad</w>', b'kad</w>', b'g\xc3\xa9p</w>', b'vat</w>', b'eng', b'kasu', b'ee', b'her', b'oke', b'vad</w>', b'Vas</w>', b'g\xc3\xa9</w>', b'kop', b'szak</w>', b'ala</w>', b'pih', b'tegel', b'ord', b'har</w>', b'bol</w>', b'ars', b'ida', b'jal</w>', b'ord</w>', b'pet', b'szk</w>', b'iv', b'alu</w>', b'per</w>', b'\xc3\xbcri', b'vas</w>', b'igaz</w>', b'ars</w>', b'poe', b'ell</w>', b'd\xc3\xa1</w>', b'das</w>', b'ii', b'mutat</w>', b'sik', b'vil</w>', b'ant', b'm\xc3\xba', b'auto', b'tom</w>', b'usu', b'dus', b'ob', b'jas</w>', b'SA', b'ir\xc3\xa1ny</w>', b'vag', b'oda', b's\xc3\xbcn', b'lamel', b'elt', b'iu', b'fir</w>', b'ud</w>', b'must</w>', b'sip</w>', b'ub', b'koh', b'all</w>', b'vol</w>', b'min</w>', b'vari</w>', b'sat</w>', b'\xc5\x91j', b'ht</w>', b'no</w>', b'mar</w>', b'taga', b'ras', b'dj', b'vali', b'rv', b'amel', b'sum', b'enda</w>', b'tut', b'\xc3\xa1r\xc3\xb3</w>', b'art</w>', b'mo</w>', b'ann</w>', b'tse</w>', b'kai', b'uri</w>', b'am</w>', b'h\xc3\xa4', b'ser</w>', b'he</w>', b'io', b'lin', b'fot</w>', b'tad', b'm\xc3\xa9n', b'sun', b'nar', b'vesz</w>', b'kir', b'\xc3\xbar</w>', b'Mit</w>', b'kus', b'medi', b'sise</w>', b'Do', b'l\xc3\xa1t</w>', b'\xc3\xb3j', b'isa', b'sab', b'ur</w>', b'vad', b'kk</w>', b'isk', b's\xc3\xa1</w>', b'tee', b'siku', b'ull</w>', b'sell', b'tt\xc3\xa9</w>', b's\xc3\xa1r</w>', b'fak', b'vall</w>', b'its</w>', b'punk', b'ses</w>', b'eru', b'nn</w>', b'akad</w>', b'ib', b'tri', b'sc', b'hil', b'hin', b'sk', b'gra', b'r\xc3\xa9</w>', b'Ni', b'ola</w>', b'her</w>', b'mil</w>', b'du</w>', b'tart</w>', b'sti', b'lam</w>', b't\xc3\xa1rgy</w>', b'zt', b'emi', b'fordul</w>', b'sar', b'rt</w>', b'kao', b'ost</w>', b'visz</w>', b'kura', b'nii', b'sir', b'are</w>', b'ilus</w>', b'alj', b't\xc3\xba</w>', b'tul', b'rg', b'idej', b'Bur', b'see', b'profes', b'hil</w>', b'dala', b'kli</w>', b'lus', b'nan</w>', b"'</w>", b'nye</w>', b'szen</w>', b'ket', b'au</w>', b'ise</w>', b'ku</w>', b'lak</w>', b'tuss', b'kii', b'kap</w>', b'ss</w>', b'\xc3\xadr\xc3\xb3</w>', b'remi', b'v\xc3\xa9n', b'ks</w>', b'bus</w>', b'\xc3\xb6k', b'Ve', b'mei', b'vu', b'\xc3\xa9r\xc5\x91</w>', b'aja', b'ev', b'ant</w>', b'kt', b'det</w>', b'v\xc3\xa9g</w>', b'kau', b'pad</w>', b'ost', b'k\xc3\xa9</w>', b'\xc3\xa1ldemokra', b'ye</w>', b'av', b'nemzet</w>', b'hom', b'l\xc3\xa9</w>', b'v\xc3\xa1b', b'W</w>', b'erin', b'enn</w>', b'niu', b'p\xc3\xa9n</w>', b'lep', b'ere</w>', b'era</w>', b'o</w>', b'fu</w>', b'das', b'asi</w>', b'ini', b'rendez</w>', b'tum</w>', b'sal</w>', b'fi</w>', b'vita</w>', b'\xc3\xbcs', b'oz</w>', b'ono', b'TA</w>', b'gat</w>', b'ida</w>', b'ld', b'm\xc3\xa1</w>', b'sig', b'kud', b'hir</w>', b'I</w>', b'eli', b'piac</w>', b'kur', b'tulaj', b't\xc3\xa9</w>', b'w</w>', b'co</w>', b'toe', b'tingi', b'kul</w>', b'ret', b'rek</w>', b'SE</w>', b'tv', b'nad', b'telefon', b'vit</w>', b'f\xc3\xb6ldren', b'tulajdon</w>', b'maz</w>', b'ava</w>', b'ari</w>', b'Tele', b'kom</w>', b'olu', b'mene</w>', b'd\xc3\xa9</w>', b'par</w>', b'elek', b'\xc3\xa9rt\xc5\x91</w>', b'minisz', b'ine', b'terve</w>', b'old</w>', b'rk', b'lu</w>', b'andu', b'jas', b'lah', b'Kul', b'klas', b'ir</w>', b'visz', b'ill', b'ln', b'bus', b'err', b'ener', b'\xc3\xbcm', b'MI', b'for</w>', b'tus', b'sim</w>', b'lo</w>', b'kommen', b'alak</w>', b'mei</w>']
2026-01-03 01:18:10,915 vocabulary size of 2060
2026-01-03 01:18:10,925 SequenceTagger predicts: Dictionary with 19 tags: <PAD>, NOUN, PUNCT, ADJ, DET, VERB, ADV, PROPN, CCONJ, PRON, NUM, ADP, SCONJ, AUX, PART, X, INTJ, <START>, <STOP>
2026-01-03 01:18:13,437 
Results:
- F-score (micro) 0.9614
- F-score (macro) 0.7902
- Accuracy 0.9614

By class:
              precision    recall  f1-score   support

       <PAD>     0.9979    0.9997    0.9988     17233
        NOUN     0.8918    0.8721    0.8818      2362
       PUNCT     0.9973    0.9953    0.9963      1479
         ADJ     0.8406    0.8284    0.8344      1311
         DET     0.9507    0.9763    0.9633      1264
        VERB     0.8727    0.8727    0.8727       927
         ADV     0.8448    0.8558    0.8503       846
       PROPN     0.8841    0.9253    0.9042       750
       CCONJ     0.9360    0.9184    0.9271       478
         NUM     0.8814    0.8387    0.8595       310
        PRON     0.7895    0.7627    0.7759       295
         ADP     0.9124    0.8985    0.9054       197
       SCONJ     0.9136    0.9308    0.9221       159
         AUX     0.7925    0.8235    0.8077        51
        PART     1.0000    0.8750    0.9333        16
           X     0.0000    0.0000    0.0000         2
        INTJ     0.0000    0.0000    0.0000         1

    accuracy                         0.9614     27681
   macro avg     0.7944    0.7867    0.7902     27681
weighted avg     0.9611    0.9614    0.9612     27681

2026-01-03 01:18:13,438 ----------------------------------------------------------------------------------------------------
